
c:/Users/ppita/Documents/Particle/Open-Water-Level-and-Rainfall-Sensor/Firmware/readRainfall/target/6.3.3/boron/readRainfall.elf:     file format elf32-littlearm

Sections:
Idx Name          Size      VMA       LMA       File off  Algn
  0 .module_info  00000018  000b4000  000b4000  00004000  2**0
                  CONTENTS, ALLOC, LOAD, READONLY, DATA
  1 .dynalib      00000004  000b4018  000b4018  00004018  2**2
                  CONTENTS, ALLOC, LOAD, READONLY, DATA
  2 .text         00003d24  000b4020  000b4020  00004020  2**3
                  CONTENTS, ALLOC, LOAD, READONLY, CODE
  3 .note.gnu.build-id 00000024  000b7d44  000b7d44  00007d44  2**2
                  CONTENTS, ALLOC, LOAD, READONLY, DATA
  4 .data         00000070  2003de24  000b7d68  0000de24  2**2
                  CONTENTS, ALLOC, LOAD, DATA
  5 .bss          00000168  2003de94  2003de94  0001de94  2**2
                  ALLOC
  6 .backup       00000004  2003f400  000b7dd8  0000f400  2**2
                  CONTENTS, ALLOC, LOAD, DATA
  7 .module_info_product 00000006  000b7ddc  000b7ddc  00017ddc  2**0
                  ALLOC
  8 .module_info_suffix 00000024  000b7de2  000b7de2  00017de2  2**0
                  CONTENTS, ALLOC, LOAD, READONLY, DATA
  9 .module_info_crc 00000004  000b7e06  000b7e06  00017e06  2**0
                  CONTENTS, ALLOC, LOAD, READONLY, DATA
 10 .debug_info   001d6e5f  00000000  00000000  00017e0a  2**0
                  CONTENTS, READONLY, DEBUGGING, OCTETS
 11 .debug_abbrev 000168ef  00000000  00000000  001eec69  2**0
                  CONTENTS, READONLY, DEBUGGING, OCTETS
 12 .debug_loc    00079688  00000000  00000000  00205558  2**0
                  CONTENTS, READONLY, DEBUGGING, OCTETS
 13 .debug_aranges 000038b8  00000000  00000000  0027ebe0  2**0
                  CONTENTS, READONLY, DEBUGGING, OCTETS
 14 .debug_ranges 00013128  00000000  00000000  00282498  2**0
                  CONTENTS, READONLY, DEBUGGING, OCTETS
 15 .debug_macro  0005cad6  00000000  00000000  002955c0  2**0
                  CONTENTS, READONLY, DEBUGGING, OCTETS
 16 .debug_line   00058187  00000000  00000000  002f2096  2**0
                  CONTENTS, READONLY, DEBUGGING, OCTETS
 17 .debug_str    001f69eb  00000000  00000000  0034a21d  2**0
                  CONTENTS, READONLY, DEBUGGING, OCTETS
 18 .debug_frame  0000a754  00000000  00000000  00540c08  2**2
                  CONTENTS, READONLY, DEBUGGING, OCTETS

Disassembly of section .text:

000b4020 <__aeabi_drsub>:
   b4020:	f081 4100 	eor.w	r1, r1, #2147483648	; 0x80000000
   b4024:	e002      	b.n	b402c <__adddf3>
   b4026:	bf00      	nop

000b4028 <__aeabi_dsub>:
   b4028:	f083 4300 	eor.w	r3, r3, #2147483648	; 0x80000000

000b402c <__adddf3>:
   b402c:	b530      	push	{r4, r5, lr}
   b402e:	ea4f 0441 	mov.w	r4, r1, lsl #1
   b4032:	ea4f 0543 	mov.w	r5, r3, lsl #1
   b4036:	ea94 0f05 	teq	r4, r5
   b403a:	bf08      	it	eq
   b403c:	ea90 0f02 	teqeq	r0, r2
   b4040:	bf1f      	itttt	ne
   b4042:	ea54 0c00 	orrsne.w	ip, r4, r0
   b4046:	ea55 0c02 	orrsne.w	ip, r5, r2
   b404a:	ea7f 5c64 	mvnsne.w	ip, r4, asr #21
   b404e:	ea7f 5c65 	mvnsne.w	ip, r5, asr #21
   b4052:	f000 80e2 	beq.w	b421a <__adddf3+0x1ee>
   b4056:	ea4f 5454 	mov.w	r4, r4, lsr #21
   b405a:	ebd4 5555 	rsbs	r5, r4, r5, lsr #21
   b405e:	bfb8      	it	lt
   b4060:	426d      	neglt	r5, r5
   b4062:	dd0c      	ble.n	b407e <__adddf3+0x52>
   b4064:	442c      	add	r4, r5
   b4066:	ea80 0202 	eor.w	r2, r0, r2
   b406a:	ea81 0303 	eor.w	r3, r1, r3
   b406e:	ea82 0000 	eor.w	r0, r2, r0
   b4072:	ea83 0101 	eor.w	r1, r3, r1
   b4076:	ea80 0202 	eor.w	r2, r0, r2
   b407a:	ea81 0303 	eor.w	r3, r1, r3
   b407e:	2d36      	cmp	r5, #54	; 0x36
   b4080:	bf88      	it	hi
   b4082:	bd30      	pophi	{r4, r5, pc}
   b4084:	f011 4f00 	tst.w	r1, #2147483648	; 0x80000000
   b4088:	ea4f 3101 	mov.w	r1, r1, lsl #12
   b408c:	f44f 1c80 	mov.w	ip, #1048576	; 0x100000
   b4090:	ea4c 3111 	orr.w	r1, ip, r1, lsr #12
   b4094:	d002      	beq.n	b409c <__adddf3+0x70>
   b4096:	4240      	negs	r0, r0
   b4098:	eb61 0141 	sbc.w	r1, r1, r1, lsl #1
   b409c:	f013 4f00 	tst.w	r3, #2147483648	; 0x80000000
   b40a0:	ea4f 3303 	mov.w	r3, r3, lsl #12
   b40a4:	ea4c 3313 	orr.w	r3, ip, r3, lsr #12
   b40a8:	d002      	beq.n	b40b0 <__adddf3+0x84>
   b40aa:	4252      	negs	r2, r2
   b40ac:	eb63 0343 	sbc.w	r3, r3, r3, lsl #1
   b40b0:	ea94 0f05 	teq	r4, r5
   b40b4:	f000 80a7 	beq.w	b4206 <__adddf3+0x1da>
   b40b8:	f1a4 0401 	sub.w	r4, r4, #1
   b40bc:	f1d5 0e20 	rsbs	lr, r5, #32
   b40c0:	db0d      	blt.n	b40de <__adddf3+0xb2>
   b40c2:	fa02 fc0e 	lsl.w	ip, r2, lr
   b40c6:	fa22 f205 	lsr.w	r2, r2, r5
   b40ca:	1880      	adds	r0, r0, r2
   b40cc:	f141 0100 	adc.w	r1, r1, #0
   b40d0:	fa03 f20e 	lsl.w	r2, r3, lr
   b40d4:	1880      	adds	r0, r0, r2
   b40d6:	fa43 f305 	asr.w	r3, r3, r5
   b40da:	4159      	adcs	r1, r3
   b40dc:	e00e      	b.n	b40fc <__adddf3+0xd0>
   b40de:	f1a5 0520 	sub.w	r5, r5, #32
   b40e2:	f10e 0e20 	add.w	lr, lr, #32
   b40e6:	2a01      	cmp	r2, #1
   b40e8:	fa03 fc0e 	lsl.w	ip, r3, lr
   b40ec:	bf28      	it	cs
   b40ee:	f04c 0c02 	orrcs.w	ip, ip, #2
   b40f2:	fa43 f305 	asr.w	r3, r3, r5
   b40f6:	18c0      	adds	r0, r0, r3
   b40f8:	eb51 71e3 	adcs.w	r1, r1, r3, asr #31
   b40fc:	f001 4500 	and.w	r5, r1, #2147483648	; 0x80000000
   b4100:	d507      	bpl.n	b4112 <__adddf3+0xe6>
   b4102:	f04f 0e00 	mov.w	lr, #0
   b4106:	f1dc 0c00 	rsbs	ip, ip, #0
   b410a:	eb7e 0000 	sbcs.w	r0, lr, r0
   b410e:	eb6e 0101 	sbc.w	r1, lr, r1
   b4112:	f5b1 1f80 	cmp.w	r1, #1048576	; 0x100000
   b4116:	d31b      	bcc.n	b4150 <__adddf3+0x124>
   b4118:	f5b1 1f00 	cmp.w	r1, #2097152	; 0x200000
   b411c:	d30c      	bcc.n	b4138 <__adddf3+0x10c>
   b411e:	0849      	lsrs	r1, r1, #1
   b4120:	ea5f 0030 	movs.w	r0, r0, rrx
   b4124:	ea4f 0c3c 	mov.w	ip, ip, rrx
   b4128:	f104 0401 	add.w	r4, r4, #1
   b412c:	ea4f 5244 	mov.w	r2, r4, lsl #21
   b4130:	f512 0f80 	cmn.w	r2, #4194304	; 0x400000
   b4134:	f080 809a 	bcs.w	b426c <__adddf3+0x240>
   b4138:	f1bc 4f00 	cmp.w	ip, #2147483648	; 0x80000000
   b413c:	bf08      	it	eq
   b413e:	ea5f 0c50 	movseq.w	ip, r0, lsr #1
   b4142:	f150 0000 	adcs.w	r0, r0, #0
   b4146:	eb41 5104 	adc.w	r1, r1, r4, lsl #20
   b414a:	ea41 0105 	orr.w	r1, r1, r5
   b414e:	bd30      	pop	{r4, r5, pc}
   b4150:	ea5f 0c4c 	movs.w	ip, ip, lsl #1
   b4154:	4140      	adcs	r0, r0
   b4156:	eb41 0101 	adc.w	r1, r1, r1
   b415a:	3c01      	subs	r4, #1
   b415c:	bf28      	it	cs
   b415e:	f5b1 1f80 	cmpcs.w	r1, #1048576	; 0x100000
   b4162:	d2e9      	bcs.n	b4138 <__adddf3+0x10c>
   b4164:	f091 0f00 	teq	r1, #0
   b4168:	bf04      	itt	eq
   b416a:	4601      	moveq	r1, r0
   b416c:	2000      	moveq	r0, #0
   b416e:	fab1 f381 	clz	r3, r1
   b4172:	bf08      	it	eq
   b4174:	3320      	addeq	r3, #32
   b4176:	f1a3 030b 	sub.w	r3, r3, #11
   b417a:	f1b3 0220 	subs.w	r2, r3, #32
   b417e:	da0c      	bge.n	b419a <__adddf3+0x16e>
   b4180:	320c      	adds	r2, #12
   b4182:	dd08      	ble.n	b4196 <__adddf3+0x16a>
   b4184:	f102 0c14 	add.w	ip, r2, #20
   b4188:	f1c2 020c 	rsb	r2, r2, #12
   b418c:	fa01 f00c 	lsl.w	r0, r1, ip
   b4190:	fa21 f102 	lsr.w	r1, r1, r2
   b4194:	e00c      	b.n	b41b0 <__adddf3+0x184>
   b4196:	f102 0214 	add.w	r2, r2, #20
   b419a:	bfd8      	it	le
   b419c:	f1c2 0c20 	rsble	ip, r2, #32
   b41a0:	fa01 f102 	lsl.w	r1, r1, r2
   b41a4:	fa20 fc0c 	lsr.w	ip, r0, ip
   b41a8:	bfdc      	itt	le
   b41aa:	ea41 010c 	orrle.w	r1, r1, ip
   b41ae:	4090      	lslle	r0, r2
   b41b0:	1ae4      	subs	r4, r4, r3
   b41b2:	bfa2      	ittt	ge
   b41b4:	eb01 5104 	addge.w	r1, r1, r4, lsl #20
   b41b8:	4329      	orrge	r1, r5
   b41ba:	bd30      	popge	{r4, r5, pc}
   b41bc:	ea6f 0404 	mvn.w	r4, r4
   b41c0:	3c1f      	subs	r4, #31
   b41c2:	da1c      	bge.n	b41fe <__adddf3+0x1d2>
   b41c4:	340c      	adds	r4, #12
   b41c6:	dc0e      	bgt.n	b41e6 <__adddf3+0x1ba>
   b41c8:	f104 0414 	add.w	r4, r4, #20
   b41cc:	f1c4 0220 	rsb	r2, r4, #32
   b41d0:	fa20 f004 	lsr.w	r0, r0, r4
   b41d4:	fa01 f302 	lsl.w	r3, r1, r2
   b41d8:	ea40 0003 	orr.w	r0, r0, r3
   b41dc:	fa21 f304 	lsr.w	r3, r1, r4
   b41e0:	ea45 0103 	orr.w	r1, r5, r3
   b41e4:	bd30      	pop	{r4, r5, pc}
   b41e6:	f1c4 040c 	rsb	r4, r4, #12
   b41ea:	f1c4 0220 	rsb	r2, r4, #32
   b41ee:	fa20 f002 	lsr.w	r0, r0, r2
   b41f2:	fa01 f304 	lsl.w	r3, r1, r4
   b41f6:	ea40 0003 	orr.w	r0, r0, r3
   b41fa:	4629      	mov	r1, r5
   b41fc:	bd30      	pop	{r4, r5, pc}
   b41fe:	fa21 f004 	lsr.w	r0, r1, r4
   b4202:	4629      	mov	r1, r5
   b4204:	bd30      	pop	{r4, r5, pc}
   b4206:	f094 0f00 	teq	r4, #0
   b420a:	f483 1380 	eor.w	r3, r3, #1048576	; 0x100000
   b420e:	bf06      	itte	eq
   b4210:	f481 1180 	eoreq.w	r1, r1, #1048576	; 0x100000
   b4214:	3401      	addeq	r4, #1
   b4216:	3d01      	subne	r5, #1
   b4218:	e74e      	b.n	b40b8 <__adddf3+0x8c>
   b421a:	ea7f 5c64 	mvns.w	ip, r4, asr #21
   b421e:	bf18      	it	ne
   b4220:	ea7f 5c65 	mvnsne.w	ip, r5, asr #21
   b4224:	d029      	beq.n	b427a <__adddf3+0x24e>
   b4226:	ea94 0f05 	teq	r4, r5
   b422a:	bf08      	it	eq
   b422c:	ea90 0f02 	teqeq	r0, r2
   b4230:	d005      	beq.n	b423e <__adddf3+0x212>
   b4232:	ea54 0c00 	orrs.w	ip, r4, r0
   b4236:	bf04      	itt	eq
   b4238:	4619      	moveq	r1, r3
   b423a:	4610      	moveq	r0, r2
   b423c:	bd30      	pop	{r4, r5, pc}
   b423e:	ea91 0f03 	teq	r1, r3
   b4242:	bf1e      	ittt	ne
   b4244:	2100      	movne	r1, #0
   b4246:	2000      	movne	r0, #0
   b4248:	bd30      	popne	{r4, r5, pc}
   b424a:	ea5f 5c54 	movs.w	ip, r4, lsr #21
   b424e:	d105      	bne.n	b425c <__adddf3+0x230>
   b4250:	0040      	lsls	r0, r0, #1
   b4252:	4149      	adcs	r1, r1
   b4254:	bf28      	it	cs
   b4256:	f041 4100 	orrcs.w	r1, r1, #2147483648	; 0x80000000
   b425a:	bd30      	pop	{r4, r5, pc}
   b425c:	f514 0480 	adds.w	r4, r4, #4194304	; 0x400000
   b4260:	bf3c      	itt	cc
   b4262:	f501 1180 	addcc.w	r1, r1, #1048576	; 0x100000
   b4266:	bd30      	popcc	{r4, r5, pc}
   b4268:	f001 4500 	and.w	r5, r1, #2147483648	; 0x80000000
   b426c:	f045 41fe 	orr.w	r1, r5, #2130706432	; 0x7f000000
   b4270:	f441 0170 	orr.w	r1, r1, #15728640	; 0xf00000
   b4274:	f04f 0000 	mov.w	r0, #0
   b4278:	bd30      	pop	{r4, r5, pc}
   b427a:	ea7f 5c64 	mvns.w	ip, r4, asr #21
   b427e:	bf1a      	itte	ne
   b4280:	4619      	movne	r1, r3
   b4282:	4610      	movne	r0, r2
   b4284:	ea7f 5c65 	mvnseq.w	ip, r5, asr #21
   b4288:	bf1c      	itt	ne
   b428a:	460b      	movne	r3, r1
   b428c:	4602      	movne	r2, r0
   b428e:	ea50 3401 	orrs.w	r4, r0, r1, lsl #12
   b4292:	bf06      	itte	eq
   b4294:	ea52 3503 	orrseq.w	r5, r2, r3, lsl #12
   b4298:	ea91 0f03 	teqeq	r1, r3
   b429c:	f441 2100 	orrne.w	r1, r1, #524288	; 0x80000
   b42a0:	bd30      	pop	{r4, r5, pc}
   b42a2:	bf00      	nop

000b42a4 <__aeabi_ui2d>:
   b42a4:	f090 0f00 	teq	r0, #0
   b42a8:	bf04      	itt	eq
   b42aa:	2100      	moveq	r1, #0
   b42ac:	4770      	bxeq	lr
   b42ae:	b530      	push	{r4, r5, lr}
   b42b0:	f44f 6480 	mov.w	r4, #1024	; 0x400
   b42b4:	f104 0432 	add.w	r4, r4, #50	; 0x32
   b42b8:	f04f 0500 	mov.w	r5, #0
   b42bc:	f04f 0100 	mov.w	r1, #0
   b42c0:	e750      	b.n	b4164 <__adddf3+0x138>
   b42c2:	bf00      	nop

000b42c4 <__aeabi_i2d>:
   b42c4:	f090 0f00 	teq	r0, #0
   b42c8:	bf04      	itt	eq
   b42ca:	2100      	moveq	r1, #0
   b42cc:	4770      	bxeq	lr
   b42ce:	b530      	push	{r4, r5, lr}
   b42d0:	f44f 6480 	mov.w	r4, #1024	; 0x400
   b42d4:	f104 0432 	add.w	r4, r4, #50	; 0x32
   b42d8:	f010 4500 	ands.w	r5, r0, #2147483648	; 0x80000000
   b42dc:	bf48      	it	mi
   b42de:	4240      	negmi	r0, r0
   b42e0:	f04f 0100 	mov.w	r1, #0
   b42e4:	e73e      	b.n	b4164 <__adddf3+0x138>
   b42e6:	bf00      	nop

000b42e8 <__aeabi_f2d>:
   b42e8:	0042      	lsls	r2, r0, #1
   b42ea:	ea4f 01e2 	mov.w	r1, r2, asr #3
   b42ee:	ea4f 0131 	mov.w	r1, r1, rrx
   b42f2:	ea4f 7002 	mov.w	r0, r2, lsl #28
   b42f6:	bf1f      	itttt	ne
   b42f8:	f012 437f 	andsne.w	r3, r2, #4278190080	; 0xff000000
   b42fc:	f093 4f7f 	teqne	r3, #4278190080	; 0xff000000
   b4300:	f081 5160 	eorne.w	r1, r1, #939524096	; 0x38000000
   b4304:	4770      	bxne	lr
   b4306:	f032 427f 	bics.w	r2, r2, #4278190080	; 0xff000000
   b430a:	bf08      	it	eq
   b430c:	4770      	bxeq	lr
   b430e:	f093 4f7f 	teq	r3, #4278190080	; 0xff000000
   b4312:	bf04      	itt	eq
   b4314:	f441 2100 	orreq.w	r1, r1, #524288	; 0x80000
   b4318:	4770      	bxeq	lr
   b431a:	b530      	push	{r4, r5, lr}
   b431c:	f44f 7460 	mov.w	r4, #896	; 0x380
   b4320:	f001 4500 	and.w	r5, r1, #2147483648	; 0x80000000
   b4324:	f021 4100 	bic.w	r1, r1, #2147483648	; 0x80000000
   b4328:	e71c      	b.n	b4164 <__adddf3+0x138>
   b432a:	bf00      	nop

000b432c <__aeabi_ul2d>:
   b432c:	ea50 0201 	orrs.w	r2, r0, r1
   b4330:	bf08      	it	eq
   b4332:	4770      	bxeq	lr
   b4334:	b530      	push	{r4, r5, lr}
   b4336:	f04f 0500 	mov.w	r5, #0
   b433a:	e00a      	b.n	b4352 <__aeabi_l2d+0x16>

000b433c <__aeabi_l2d>:
   b433c:	ea50 0201 	orrs.w	r2, r0, r1
   b4340:	bf08      	it	eq
   b4342:	4770      	bxeq	lr
   b4344:	b530      	push	{r4, r5, lr}
   b4346:	f011 4500 	ands.w	r5, r1, #2147483648	; 0x80000000
   b434a:	d502      	bpl.n	b4352 <__aeabi_l2d+0x16>
   b434c:	4240      	negs	r0, r0
   b434e:	eb61 0141 	sbc.w	r1, r1, r1, lsl #1
   b4352:	f44f 6480 	mov.w	r4, #1024	; 0x400
   b4356:	f104 0432 	add.w	r4, r4, #50	; 0x32
   b435a:	ea5f 5c91 	movs.w	ip, r1, lsr #22
   b435e:	f43f aed8 	beq.w	b4112 <__adddf3+0xe6>
   b4362:	f04f 0203 	mov.w	r2, #3
   b4366:	ea5f 0cdc 	movs.w	ip, ip, lsr #3
   b436a:	bf18      	it	ne
   b436c:	3203      	addne	r2, #3
   b436e:	ea5f 0cdc 	movs.w	ip, ip, lsr #3
   b4372:	bf18      	it	ne
   b4374:	3203      	addne	r2, #3
   b4376:	eb02 02dc 	add.w	r2, r2, ip, lsr #3
   b437a:	f1c2 0320 	rsb	r3, r2, #32
   b437e:	fa00 fc03 	lsl.w	ip, r0, r3
   b4382:	fa20 f002 	lsr.w	r0, r0, r2
   b4386:	fa01 fe03 	lsl.w	lr, r1, r3
   b438a:	ea40 000e 	orr.w	r0, r0, lr
   b438e:	fa21 f102 	lsr.w	r1, r1, r2
   b4392:	4414      	add	r4, r2
   b4394:	e6bd      	b.n	b4112 <__adddf3+0xe6>
   b4396:	bf00      	nop

000b4398 <__aeabi_dmul>:
   b4398:	b570      	push	{r4, r5, r6, lr}
   b439a:	f04f 0cff 	mov.w	ip, #255	; 0xff
   b439e:	f44c 6ce0 	orr.w	ip, ip, #1792	; 0x700
   b43a2:	ea1c 5411 	ands.w	r4, ip, r1, lsr #20
   b43a6:	bf1d      	ittte	ne
   b43a8:	ea1c 5513 	andsne.w	r5, ip, r3, lsr #20
   b43ac:	ea94 0f0c 	teqne	r4, ip
   b43b0:	ea95 0f0c 	teqne	r5, ip
   b43b4:	f000 f8de 	bleq	b4574 <__aeabi_dmul+0x1dc>
   b43b8:	442c      	add	r4, r5
   b43ba:	ea81 0603 	eor.w	r6, r1, r3
   b43be:	ea21 514c 	bic.w	r1, r1, ip, lsl #21
   b43c2:	ea23 534c 	bic.w	r3, r3, ip, lsl #21
   b43c6:	ea50 3501 	orrs.w	r5, r0, r1, lsl #12
   b43ca:	bf18      	it	ne
   b43cc:	ea52 3503 	orrsne.w	r5, r2, r3, lsl #12
   b43d0:	f441 1180 	orr.w	r1, r1, #1048576	; 0x100000
   b43d4:	f443 1380 	orr.w	r3, r3, #1048576	; 0x100000
   b43d8:	d038      	beq.n	b444c <__aeabi_dmul+0xb4>
   b43da:	fba0 ce02 	umull	ip, lr, r0, r2
   b43de:	f04f 0500 	mov.w	r5, #0
   b43e2:	fbe1 e502 	umlal	lr, r5, r1, r2
   b43e6:	f006 4200 	and.w	r2, r6, #2147483648	; 0x80000000
   b43ea:	fbe0 e503 	umlal	lr, r5, r0, r3
   b43ee:	f04f 0600 	mov.w	r6, #0
   b43f2:	fbe1 5603 	umlal	r5, r6, r1, r3
   b43f6:	f09c 0f00 	teq	ip, #0
   b43fa:	bf18      	it	ne
   b43fc:	f04e 0e01 	orrne.w	lr, lr, #1
   b4400:	f1a4 04ff 	sub.w	r4, r4, #255	; 0xff
   b4404:	f5b6 7f00 	cmp.w	r6, #512	; 0x200
   b4408:	f564 7440 	sbc.w	r4, r4, #768	; 0x300
   b440c:	d204      	bcs.n	b4418 <__aeabi_dmul+0x80>
   b440e:	ea5f 0e4e 	movs.w	lr, lr, lsl #1
   b4412:	416d      	adcs	r5, r5
   b4414:	eb46 0606 	adc.w	r6, r6, r6
   b4418:	ea42 21c6 	orr.w	r1, r2, r6, lsl #11
   b441c:	ea41 5155 	orr.w	r1, r1, r5, lsr #21
   b4420:	ea4f 20c5 	mov.w	r0, r5, lsl #11
   b4424:	ea40 505e 	orr.w	r0, r0, lr, lsr #21
   b4428:	ea4f 2ece 	mov.w	lr, lr, lsl #11
   b442c:	f1b4 0cfd 	subs.w	ip, r4, #253	; 0xfd
   b4430:	bf88      	it	hi
   b4432:	f5bc 6fe0 	cmphi.w	ip, #1792	; 0x700
   b4436:	d81e      	bhi.n	b4476 <__aeabi_dmul+0xde>
   b4438:	f1be 4f00 	cmp.w	lr, #2147483648	; 0x80000000
   b443c:	bf08      	it	eq
   b443e:	ea5f 0e50 	movseq.w	lr, r0, lsr #1
   b4442:	f150 0000 	adcs.w	r0, r0, #0
   b4446:	eb41 5104 	adc.w	r1, r1, r4, lsl #20
   b444a:	bd70      	pop	{r4, r5, r6, pc}
   b444c:	f006 4600 	and.w	r6, r6, #2147483648	; 0x80000000
   b4450:	ea46 0101 	orr.w	r1, r6, r1
   b4454:	ea40 0002 	orr.w	r0, r0, r2
   b4458:	ea81 0103 	eor.w	r1, r1, r3
   b445c:	ebb4 045c 	subs.w	r4, r4, ip, lsr #1
   b4460:	bfc2      	ittt	gt
   b4462:	ebd4 050c 	rsbsgt	r5, r4, ip
   b4466:	ea41 5104 	orrgt.w	r1, r1, r4, lsl #20
   b446a:	bd70      	popgt	{r4, r5, r6, pc}
   b446c:	f441 1180 	orr.w	r1, r1, #1048576	; 0x100000
   b4470:	f04f 0e00 	mov.w	lr, #0
   b4474:	3c01      	subs	r4, #1
   b4476:	f300 80ab 	bgt.w	b45d0 <__aeabi_dmul+0x238>
   b447a:	f114 0f36 	cmn.w	r4, #54	; 0x36
   b447e:	bfde      	ittt	le
   b4480:	2000      	movle	r0, #0
   b4482:	f001 4100 	andle.w	r1, r1, #2147483648	; 0x80000000
   b4486:	bd70      	pople	{r4, r5, r6, pc}
   b4488:	f1c4 0400 	rsb	r4, r4, #0
   b448c:	3c20      	subs	r4, #32
   b448e:	da35      	bge.n	b44fc <__aeabi_dmul+0x164>
   b4490:	340c      	adds	r4, #12
   b4492:	dc1b      	bgt.n	b44cc <__aeabi_dmul+0x134>
   b4494:	f104 0414 	add.w	r4, r4, #20
   b4498:	f1c4 0520 	rsb	r5, r4, #32
   b449c:	fa00 f305 	lsl.w	r3, r0, r5
   b44a0:	fa20 f004 	lsr.w	r0, r0, r4
   b44a4:	fa01 f205 	lsl.w	r2, r1, r5
   b44a8:	ea40 0002 	orr.w	r0, r0, r2
   b44ac:	f001 4200 	and.w	r2, r1, #2147483648	; 0x80000000
   b44b0:	f021 4100 	bic.w	r1, r1, #2147483648	; 0x80000000
   b44b4:	eb10 70d3 	adds.w	r0, r0, r3, lsr #31
   b44b8:	fa21 f604 	lsr.w	r6, r1, r4
   b44bc:	eb42 0106 	adc.w	r1, r2, r6
   b44c0:	ea5e 0e43 	orrs.w	lr, lr, r3, lsl #1
   b44c4:	bf08      	it	eq
   b44c6:	ea20 70d3 	biceq.w	r0, r0, r3, lsr #31
   b44ca:	bd70      	pop	{r4, r5, r6, pc}
   b44cc:	f1c4 040c 	rsb	r4, r4, #12
   b44d0:	f1c4 0520 	rsb	r5, r4, #32
   b44d4:	fa00 f304 	lsl.w	r3, r0, r4
   b44d8:	fa20 f005 	lsr.w	r0, r0, r5
   b44dc:	fa01 f204 	lsl.w	r2, r1, r4
   b44e0:	ea40 0002 	orr.w	r0, r0, r2
   b44e4:	f001 4100 	and.w	r1, r1, #2147483648	; 0x80000000
   b44e8:	eb10 70d3 	adds.w	r0, r0, r3, lsr #31
   b44ec:	f141 0100 	adc.w	r1, r1, #0
   b44f0:	ea5e 0e43 	orrs.w	lr, lr, r3, lsl #1
   b44f4:	bf08      	it	eq
   b44f6:	ea20 70d3 	biceq.w	r0, r0, r3, lsr #31
   b44fa:	bd70      	pop	{r4, r5, r6, pc}
   b44fc:	f1c4 0520 	rsb	r5, r4, #32
   b4500:	fa00 f205 	lsl.w	r2, r0, r5
   b4504:	ea4e 0e02 	orr.w	lr, lr, r2
   b4508:	fa20 f304 	lsr.w	r3, r0, r4
   b450c:	fa01 f205 	lsl.w	r2, r1, r5
   b4510:	ea43 0302 	orr.w	r3, r3, r2
   b4514:	fa21 f004 	lsr.w	r0, r1, r4
   b4518:	f001 4100 	and.w	r1, r1, #2147483648	; 0x80000000
   b451c:	fa21 f204 	lsr.w	r2, r1, r4
   b4520:	ea20 0002 	bic.w	r0, r0, r2
   b4524:	eb00 70d3 	add.w	r0, r0, r3, lsr #31
   b4528:	ea5e 0e43 	orrs.w	lr, lr, r3, lsl #1
   b452c:	bf08      	it	eq
   b452e:	ea20 70d3 	biceq.w	r0, r0, r3, lsr #31
   b4532:	bd70      	pop	{r4, r5, r6, pc}
   b4534:	f094 0f00 	teq	r4, #0
   b4538:	d10f      	bne.n	b455a <__aeabi_dmul+0x1c2>
   b453a:	f001 4600 	and.w	r6, r1, #2147483648	; 0x80000000
   b453e:	0040      	lsls	r0, r0, #1
   b4540:	eb41 0101 	adc.w	r1, r1, r1
   b4544:	f411 1f80 	tst.w	r1, #1048576	; 0x100000
   b4548:	bf08      	it	eq
   b454a:	3c01      	subeq	r4, #1
   b454c:	d0f7      	beq.n	b453e <__aeabi_dmul+0x1a6>
   b454e:	ea41 0106 	orr.w	r1, r1, r6
   b4552:	f095 0f00 	teq	r5, #0
   b4556:	bf18      	it	ne
   b4558:	4770      	bxne	lr
   b455a:	f003 4600 	and.w	r6, r3, #2147483648	; 0x80000000
   b455e:	0052      	lsls	r2, r2, #1
   b4560:	eb43 0303 	adc.w	r3, r3, r3
   b4564:	f413 1f80 	tst.w	r3, #1048576	; 0x100000
   b4568:	bf08      	it	eq
   b456a:	3d01      	subeq	r5, #1
   b456c:	d0f7      	beq.n	b455e <__aeabi_dmul+0x1c6>
   b456e:	ea43 0306 	orr.w	r3, r3, r6
   b4572:	4770      	bx	lr
   b4574:	ea94 0f0c 	teq	r4, ip
   b4578:	ea0c 5513 	and.w	r5, ip, r3, lsr #20
   b457c:	bf18      	it	ne
   b457e:	ea95 0f0c 	teqne	r5, ip
   b4582:	d00c      	beq.n	b459e <__aeabi_dmul+0x206>
   b4584:	ea50 0641 	orrs.w	r6, r0, r1, lsl #1
   b4588:	bf18      	it	ne
   b458a:	ea52 0643 	orrsne.w	r6, r2, r3, lsl #1
   b458e:	d1d1      	bne.n	b4534 <__aeabi_dmul+0x19c>
   b4590:	ea81 0103 	eor.w	r1, r1, r3
   b4594:	f001 4100 	and.w	r1, r1, #2147483648	; 0x80000000
   b4598:	f04f 0000 	mov.w	r0, #0
   b459c:	bd70      	pop	{r4, r5, r6, pc}
   b459e:	ea50 0641 	orrs.w	r6, r0, r1, lsl #1
   b45a2:	bf06      	itte	eq
   b45a4:	4610      	moveq	r0, r2
   b45a6:	4619      	moveq	r1, r3
   b45a8:	ea52 0643 	orrsne.w	r6, r2, r3, lsl #1
   b45ac:	d019      	beq.n	b45e2 <__aeabi_dmul+0x24a>
   b45ae:	ea94 0f0c 	teq	r4, ip
   b45b2:	d102      	bne.n	b45ba <__aeabi_dmul+0x222>
   b45b4:	ea50 3601 	orrs.w	r6, r0, r1, lsl #12
   b45b8:	d113      	bne.n	b45e2 <__aeabi_dmul+0x24a>
   b45ba:	ea95 0f0c 	teq	r5, ip
   b45be:	d105      	bne.n	b45cc <__aeabi_dmul+0x234>
   b45c0:	ea52 3603 	orrs.w	r6, r2, r3, lsl #12
   b45c4:	bf1c      	itt	ne
   b45c6:	4610      	movne	r0, r2
   b45c8:	4619      	movne	r1, r3
   b45ca:	d10a      	bne.n	b45e2 <__aeabi_dmul+0x24a>
   b45cc:	ea81 0103 	eor.w	r1, r1, r3
   b45d0:	f001 4100 	and.w	r1, r1, #2147483648	; 0x80000000
   b45d4:	f041 41fe 	orr.w	r1, r1, #2130706432	; 0x7f000000
   b45d8:	f441 0170 	orr.w	r1, r1, #15728640	; 0xf00000
   b45dc:	f04f 0000 	mov.w	r0, #0
   b45e0:	bd70      	pop	{r4, r5, r6, pc}
   b45e2:	f041 41fe 	orr.w	r1, r1, #2130706432	; 0x7f000000
   b45e6:	f441 0178 	orr.w	r1, r1, #16252928	; 0xf80000
   b45ea:	bd70      	pop	{r4, r5, r6, pc}

000b45ec <__aeabi_ddiv>:
   b45ec:	b570      	push	{r4, r5, r6, lr}
   b45ee:	f04f 0cff 	mov.w	ip, #255	; 0xff
   b45f2:	f44c 6ce0 	orr.w	ip, ip, #1792	; 0x700
   b45f6:	ea1c 5411 	ands.w	r4, ip, r1, lsr #20
   b45fa:	bf1d      	ittte	ne
   b45fc:	ea1c 5513 	andsne.w	r5, ip, r3, lsr #20
   b4600:	ea94 0f0c 	teqne	r4, ip
   b4604:	ea95 0f0c 	teqne	r5, ip
   b4608:	f000 f8a7 	bleq	b475a <__aeabi_ddiv+0x16e>
   b460c:	eba4 0405 	sub.w	r4, r4, r5
   b4610:	ea81 0e03 	eor.w	lr, r1, r3
   b4614:	ea52 3503 	orrs.w	r5, r2, r3, lsl #12
   b4618:	ea4f 3101 	mov.w	r1, r1, lsl #12
   b461c:	f000 8088 	beq.w	b4730 <__aeabi_ddiv+0x144>
   b4620:	ea4f 3303 	mov.w	r3, r3, lsl #12
   b4624:	f04f 5580 	mov.w	r5, #268435456	; 0x10000000
   b4628:	ea45 1313 	orr.w	r3, r5, r3, lsr #4
   b462c:	ea43 6312 	orr.w	r3, r3, r2, lsr #24
   b4630:	ea4f 2202 	mov.w	r2, r2, lsl #8
   b4634:	ea45 1511 	orr.w	r5, r5, r1, lsr #4
   b4638:	ea45 6510 	orr.w	r5, r5, r0, lsr #24
   b463c:	ea4f 2600 	mov.w	r6, r0, lsl #8
   b4640:	f00e 4100 	and.w	r1, lr, #2147483648	; 0x80000000
   b4644:	429d      	cmp	r5, r3
   b4646:	bf08      	it	eq
   b4648:	4296      	cmpeq	r6, r2
   b464a:	f144 04fd 	adc.w	r4, r4, #253	; 0xfd
   b464e:	f504 7440 	add.w	r4, r4, #768	; 0x300
   b4652:	d202      	bcs.n	b465a <__aeabi_ddiv+0x6e>
   b4654:	085b      	lsrs	r3, r3, #1
   b4656:	ea4f 0232 	mov.w	r2, r2, rrx
   b465a:	1ab6      	subs	r6, r6, r2
   b465c:	eb65 0503 	sbc.w	r5, r5, r3
   b4660:	085b      	lsrs	r3, r3, #1
   b4662:	ea4f 0232 	mov.w	r2, r2, rrx
   b4666:	f44f 1080 	mov.w	r0, #1048576	; 0x100000
   b466a:	f44f 2c00 	mov.w	ip, #524288	; 0x80000
   b466e:	ebb6 0e02 	subs.w	lr, r6, r2
   b4672:	eb75 0e03 	sbcs.w	lr, r5, r3
   b4676:	bf22      	ittt	cs
   b4678:	1ab6      	subcs	r6, r6, r2
   b467a:	4675      	movcs	r5, lr
   b467c:	ea40 000c 	orrcs.w	r0, r0, ip
   b4680:	085b      	lsrs	r3, r3, #1
   b4682:	ea4f 0232 	mov.w	r2, r2, rrx
   b4686:	ebb6 0e02 	subs.w	lr, r6, r2
   b468a:	eb75 0e03 	sbcs.w	lr, r5, r3
   b468e:	bf22      	ittt	cs
   b4690:	1ab6      	subcs	r6, r6, r2
   b4692:	4675      	movcs	r5, lr
   b4694:	ea40 005c 	orrcs.w	r0, r0, ip, lsr #1
   b4698:	085b      	lsrs	r3, r3, #1
   b469a:	ea4f 0232 	mov.w	r2, r2, rrx
   b469e:	ebb6 0e02 	subs.w	lr, r6, r2
   b46a2:	eb75 0e03 	sbcs.w	lr, r5, r3
   b46a6:	bf22      	ittt	cs
   b46a8:	1ab6      	subcs	r6, r6, r2
   b46aa:	4675      	movcs	r5, lr
   b46ac:	ea40 009c 	orrcs.w	r0, r0, ip, lsr #2
   b46b0:	085b      	lsrs	r3, r3, #1
   b46b2:	ea4f 0232 	mov.w	r2, r2, rrx
   b46b6:	ebb6 0e02 	subs.w	lr, r6, r2
   b46ba:	eb75 0e03 	sbcs.w	lr, r5, r3
   b46be:	bf22      	ittt	cs
   b46c0:	1ab6      	subcs	r6, r6, r2
   b46c2:	4675      	movcs	r5, lr
   b46c4:	ea40 00dc 	orrcs.w	r0, r0, ip, lsr #3
   b46c8:	ea55 0e06 	orrs.w	lr, r5, r6
   b46cc:	d018      	beq.n	b4700 <__aeabi_ddiv+0x114>
   b46ce:	ea4f 1505 	mov.w	r5, r5, lsl #4
   b46d2:	ea45 7516 	orr.w	r5, r5, r6, lsr #28
   b46d6:	ea4f 1606 	mov.w	r6, r6, lsl #4
   b46da:	ea4f 03c3 	mov.w	r3, r3, lsl #3
   b46de:	ea43 7352 	orr.w	r3, r3, r2, lsr #29
   b46e2:	ea4f 02c2 	mov.w	r2, r2, lsl #3
   b46e6:	ea5f 1c1c 	movs.w	ip, ip, lsr #4
   b46ea:	d1c0      	bne.n	b466e <__aeabi_ddiv+0x82>
   b46ec:	f411 1f80 	tst.w	r1, #1048576	; 0x100000
   b46f0:	d10b      	bne.n	b470a <__aeabi_ddiv+0x11e>
   b46f2:	ea41 0100 	orr.w	r1, r1, r0
   b46f6:	f04f 0000 	mov.w	r0, #0
   b46fa:	f04f 4c00 	mov.w	ip, #2147483648	; 0x80000000
   b46fe:	e7b6      	b.n	b466e <__aeabi_ddiv+0x82>
   b4700:	f411 1f80 	tst.w	r1, #1048576	; 0x100000
   b4704:	bf04      	itt	eq
   b4706:	4301      	orreq	r1, r0
   b4708:	2000      	moveq	r0, #0
   b470a:	f1b4 0cfd 	subs.w	ip, r4, #253	; 0xfd
   b470e:	bf88      	it	hi
   b4710:	f5bc 6fe0 	cmphi.w	ip, #1792	; 0x700
   b4714:	f63f aeaf 	bhi.w	b4476 <__aeabi_dmul+0xde>
   b4718:	ebb5 0c03 	subs.w	ip, r5, r3
   b471c:	bf04      	itt	eq
   b471e:	ebb6 0c02 	subseq.w	ip, r6, r2
   b4722:	ea5f 0c50 	movseq.w	ip, r0, lsr #1
   b4726:	f150 0000 	adcs.w	r0, r0, #0
   b472a:	eb41 5104 	adc.w	r1, r1, r4, lsl #20
   b472e:	bd70      	pop	{r4, r5, r6, pc}
   b4730:	f00e 4e00 	and.w	lr, lr, #2147483648	; 0x80000000
   b4734:	ea4e 3111 	orr.w	r1, lr, r1, lsr #12
   b4738:	eb14 045c 	adds.w	r4, r4, ip, lsr #1
   b473c:	bfc2      	ittt	gt
   b473e:	ebd4 050c 	rsbsgt	r5, r4, ip
   b4742:	ea41 5104 	orrgt.w	r1, r1, r4, lsl #20
   b4746:	bd70      	popgt	{r4, r5, r6, pc}
   b4748:	f441 1180 	orr.w	r1, r1, #1048576	; 0x100000
   b474c:	f04f 0e00 	mov.w	lr, #0
   b4750:	3c01      	subs	r4, #1
   b4752:	e690      	b.n	b4476 <__aeabi_dmul+0xde>
   b4754:	ea45 0e06 	orr.w	lr, r5, r6
   b4758:	e68d      	b.n	b4476 <__aeabi_dmul+0xde>
   b475a:	ea0c 5513 	and.w	r5, ip, r3, lsr #20
   b475e:	ea94 0f0c 	teq	r4, ip
   b4762:	bf08      	it	eq
   b4764:	ea95 0f0c 	teqeq	r5, ip
   b4768:	f43f af3b 	beq.w	b45e2 <__aeabi_dmul+0x24a>
   b476c:	ea94 0f0c 	teq	r4, ip
   b4770:	d10a      	bne.n	b4788 <__aeabi_ddiv+0x19c>
   b4772:	ea50 3401 	orrs.w	r4, r0, r1, lsl #12
   b4776:	f47f af34 	bne.w	b45e2 <__aeabi_dmul+0x24a>
   b477a:	ea95 0f0c 	teq	r5, ip
   b477e:	f47f af25 	bne.w	b45cc <__aeabi_dmul+0x234>
   b4782:	4610      	mov	r0, r2
   b4784:	4619      	mov	r1, r3
   b4786:	e72c      	b.n	b45e2 <__aeabi_dmul+0x24a>
   b4788:	ea95 0f0c 	teq	r5, ip
   b478c:	d106      	bne.n	b479c <__aeabi_ddiv+0x1b0>
   b478e:	ea52 3503 	orrs.w	r5, r2, r3, lsl #12
   b4792:	f43f aefd 	beq.w	b4590 <__aeabi_dmul+0x1f8>
   b4796:	4610      	mov	r0, r2
   b4798:	4619      	mov	r1, r3
   b479a:	e722      	b.n	b45e2 <__aeabi_dmul+0x24a>
   b479c:	ea50 0641 	orrs.w	r6, r0, r1, lsl #1
   b47a0:	bf18      	it	ne
   b47a2:	ea52 0643 	orrsne.w	r6, r2, r3, lsl #1
   b47a6:	f47f aec5 	bne.w	b4534 <__aeabi_dmul+0x19c>
   b47aa:	ea50 0441 	orrs.w	r4, r0, r1, lsl #1
   b47ae:	f47f af0d 	bne.w	b45cc <__aeabi_dmul+0x234>
   b47b2:	ea52 0543 	orrs.w	r5, r2, r3, lsl #1
   b47b6:	f47f aeeb 	bne.w	b4590 <__aeabi_dmul+0x1f8>
   b47ba:	e712      	b.n	b45e2 <__aeabi_dmul+0x24a>

000b47bc <__aeabi_d2f>:
   b47bc:	ea4f 0241 	mov.w	r2, r1, lsl #1
   b47c0:	f1b2 43e0 	subs.w	r3, r2, #1879048192	; 0x70000000
   b47c4:	bf24      	itt	cs
   b47c6:	f5b3 1c00 	subscs.w	ip, r3, #2097152	; 0x200000
   b47ca:	f1dc 5cfe 	rsbscs	ip, ip, #532676608	; 0x1fc00000
   b47ce:	d90d      	bls.n	b47ec <__aeabi_d2f+0x30>
   b47d0:	f001 4c00 	and.w	ip, r1, #2147483648	; 0x80000000
   b47d4:	ea4f 02c0 	mov.w	r2, r0, lsl #3
   b47d8:	ea4c 7050 	orr.w	r0, ip, r0, lsr #29
   b47dc:	f1b2 4f00 	cmp.w	r2, #2147483648	; 0x80000000
   b47e0:	eb40 0083 	adc.w	r0, r0, r3, lsl #2
   b47e4:	bf08      	it	eq
   b47e6:	f020 0001 	biceq.w	r0, r0, #1
   b47ea:	4770      	bx	lr
   b47ec:	f011 4f80 	tst.w	r1, #1073741824	; 0x40000000
   b47f0:	d121      	bne.n	b4836 <__aeabi_d2f+0x7a>
   b47f2:	f113 7238 	adds.w	r2, r3, #48234496	; 0x2e00000
   b47f6:	bfbc      	itt	lt
   b47f8:	f001 4000 	andlt.w	r0, r1, #2147483648	; 0x80000000
   b47fc:	4770      	bxlt	lr
   b47fe:	f441 1180 	orr.w	r1, r1, #1048576	; 0x100000
   b4802:	ea4f 5252 	mov.w	r2, r2, lsr #21
   b4806:	f1c2 0218 	rsb	r2, r2, #24
   b480a:	f1c2 0c20 	rsb	ip, r2, #32
   b480e:	fa10 f30c 	lsls.w	r3, r0, ip
   b4812:	fa20 f002 	lsr.w	r0, r0, r2
   b4816:	bf18      	it	ne
   b4818:	f040 0001 	orrne.w	r0, r0, #1
   b481c:	ea4f 23c1 	mov.w	r3, r1, lsl #11
   b4820:	ea4f 23d3 	mov.w	r3, r3, lsr #11
   b4824:	fa03 fc0c 	lsl.w	ip, r3, ip
   b4828:	ea40 000c 	orr.w	r0, r0, ip
   b482c:	fa23 f302 	lsr.w	r3, r3, r2
   b4830:	ea4f 0343 	mov.w	r3, r3, lsl #1
   b4834:	e7cc      	b.n	b47d0 <__aeabi_d2f+0x14>
   b4836:	ea7f 5362 	mvns.w	r3, r2, asr #21
   b483a:	d107      	bne.n	b484c <__aeabi_d2f+0x90>
   b483c:	ea50 3301 	orrs.w	r3, r0, r1, lsl #12
   b4840:	bf1e      	ittt	ne
   b4842:	f04f 40fe 	movne.w	r0, #2130706432	; 0x7f000000
   b4846:	f440 0040 	orrne.w	r0, r0, #12582912	; 0xc00000
   b484a:	4770      	bxne	lr
   b484c:	f001 4000 	and.w	r0, r1, #2147483648	; 0x80000000
   b4850:	f040 40fe 	orr.w	r0, r0, #2130706432	; 0x7f000000
   b4854:	f440 0000 	orr.w	r0, r0, #8388608	; 0x800000
   b4858:	4770      	bx	lr
   b485a:	bf00      	nop

000b485c <strcmp>:
   b485c:	f810 2b01 	ldrb.w	r2, [r0], #1
   b4860:	f811 3b01 	ldrb.w	r3, [r1], #1
   b4864:	2a01      	cmp	r2, #1
   b4866:	bf28      	it	cs
   b4868:	429a      	cmpcs	r2, r3
   b486a:	d0f7      	beq.n	b485c <strcmp>
   b486c:	1ad0      	subs	r0, r2, r3
   b486e:	4770      	bx	lr

000b4870 <strlen>:
   b4870:	4603      	mov	r3, r0
   b4872:	f813 2b01 	ldrb.w	r2, [r3], #1
   b4876:	2a00      	cmp	r2, #0
   b4878:	d1fb      	bne.n	b4872 <strlen+0x2>
   b487a:	1a18      	subs	r0, r3, r0
   b487c:	3801      	subs	r0, #1
   b487e:	4770      	bx	lr

000b4880 <module_user_pre_init>:
   b4880:	4809      	ldr	r0, [pc, #36]	; (b48a8 <module_user_pre_init+0x28>)
   b4882:	490a      	ldr	r1, [pc, #40]	; (b48ac <module_user_pre_init+0x2c>)
   b4884:	4288      	cmp	r0, r1
   b4886:	b508      	push	{r3, lr}
   b4888:	d005      	beq.n	b4896 <module_user_pre_init+0x16>
   b488a:	4a09      	ldr	r2, [pc, #36]	; (b48b0 <module_user_pre_init+0x30>)
   b488c:	4282      	cmp	r2, r0
   b488e:	d002      	beq.n	b4896 <module_user_pre_init+0x16>
   b4890:	1a12      	subs	r2, r2, r0
   b4892:	f002 fe57 	bl	b7544 <memcpy>
   b4896:	4807      	ldr	r0, [pc, #28]	; (b48b4 <module_user_pre_init+0x34>)
   b4898:	4a07      	ldr	r2, [pc, #28]	; (b48b8 <module_user_pre_init+0x38>)
   b489a:	2100      	movs	r1, #0
   b489c:	1a12      	subs	r2, r2, r0
   b489e:	f002 fe79 	bl	b7594 <memset>
   b48a2:	4801      	ldr	r0, [pc, #4]	; (b48a8 <module_user_pre_init+0x28>)
   b48a4:	bd08      	pop	{r3, pc}
   b48a6:	bf00      	nop
   b48a8:	2003de24 	.word	0x2003de24
   b48ac:	000b7d68 	.word	0x000b7d68
   b48b0:	2003de94 	.word	0x2003de94
   b48b4:	2003de94 	.word	0x2003de94
   b48b8:	2003dffc 	.word	0x2003dffc

000b48bc <module_user_init>:
   b48bc:	b570      	push	{r4, r5, r6, lr}
   b48be:	4e07      	ldr	r6, [pc, #28]	; (b48dc <module_user_init+0x20>)
   b48c0:	4c07      	ldr	r4, [pc, #28]	; (b48e0 <module_user_init+0x24>)
   b48c2:	f002 f883 	bl	b69cc <module_user_init_hook>
   b48c6:	1ba4      	subs	r4, r4, r6
   b48c8:	08a4      	lsrs	r4, r4, #2
   b48ca:	2500      	movs	r5, #0
   b48cc:	42ac      	cmp	r4, r5
   b48ce:	d100      	bne.n	b48d2 <module_user_init+0x16>
   b48d0:	bd70      	pop	{r4, r5, r6, pc}
   b48d2:	f856 3b04 	ldr.w	r3, [r6], #4
   b48d6:	4798      	blx	r3
   b48d8:	3501      	adds	r5, #1
   b48da:	e7f7      	b.n	b48cc <module_user_init+0x10>
   b48dc:	000b7d14 	.word	0x000b7d14
   b48e0:	000b7d44 	.word	0x000b7d44

000b48e4 <module_user_setup>:
   b48e4:	f000 b864 	b.w	b49b0 <setup>

000b48e8 <module_user_loop>:
   b48e8:	b508      	push	{r3, lr}
   b48ea:	f000 f8a5 	bl	b4a38 <loop>
   b48ee:	e8bd 4008 	ldmia.w	sp!, {r3, lr}
   b48f2:	f002 b823 	b.w	b693c <_post_loop>

000b48f6 <_Znwj>:
   b48f6:	f000 bd51 	b.w	b539c <malloc>

000b48fa <_Znaj>:
   b48fa:	f000 bd4f 	b.w	b539c <malloc>

000b48fe <_ZdlPvj>:
   b48fe:	f000 bd55 	b.w	b53ac <free>
	...

000b4904 <__cxa_pure_virtual>:
   b4904:	b500      	push	{lr}
   b4906:	b08d      	sub	sp, #52	; 0x34
   b4908:	222c      	movs	r2, #44	; 0x2c
   b490a:	2100      	movs	r1, #0
   b490c:	a801      	add	r0, sp, #4
   b490e:	4674      	mov	r4, lr
   b4910:	f002 fe40 	bl	b7594 <memset>
   b4914:	4b05      	ldr	r3, [pc, #20]	; (b492c <__cxa_pure_virtual+0x28>)
   b4916:	9301      	str	r3, [sp, #4]
   b4918:	4b05      	ldr	r3, [pc, #20]	; (b4930 <__cxa_pure_virtual+0x2c>)
   b491a:	9302      	str	r3, [sp, #8]
   b491c:	9404      	str	r4, [sp, #16]
   b491e:	467b      	mov	r3, pc
   b4920:	2100      	movs	r1, #0
   b4922:	a801      	add	r0, sp, #4
   b4924:	9303      	str	r3, [sp, #12]
   b4926:	f000 fc93 	bl	b5250 <panic_ext>
   b492a:	e7fe      	b.n	b492a <__cxa_pure_virtual+0x26>
   b492c:	000c002c 	.word	0x000c002c
   b4930:	000b77bc 	.word	0x000b77bc

000b4934 <__register_exitproc>:
   b4934:	4770      	bx	lr

000b4936 <_ZN5spark10LogHandler5writeEPKcj>:
    }
}

inline void spark::LogHandler::write(const char *data, size_t size) {
    // Default implementation does nothing
}
   b4936:	4770      	bx	lr

000b4938 <_ZN5spark16SerialLogHandlerD1Ev>:
            StreamLogHandler(Serial, level, filters) {
        Serial.begin(baud);
        LogManager::instance()->addHandler(this);
    }

    virtual ~SerialLogHandler() {
   b4938:	4b0a      	ldr	r3, [pc, #40]	; (b4964 <_ZN5spark16SerialLogHandlerD1Ev+0x2c>)
   b493a:	b510      	push	{r4, lr}
   b493c:	4604      	mov	r4, r0
   b493e:	6003      	str	r3, [r0, #0]
        LogManager::instance()->removeHandler(this);
   b4940:	f001 f980 	bl	b5c44 <_ZN5spark10LogManager8instanceEv>
   b4944:	4621      	mov	r1, r4
   b4946:	f001 fbca 	bl	b60de <_ZN5spark10LogManager13removeHandlerEPNS_10LogHandlerE>
        Serial.end();
   b494a:	f002 f94b 	bl	b6be4 <_Z16_fetch_usbserialv>
   b494e:	f002 f93d 	bl	b6bcc <_ZN9USBSerial3endEv>
    virtual ~LogHandler() = default;
   b4952:	4620      	mov	r0, r4
   b4954:	4b04      	ldr	r3, [pc, #16]	; (b4968 <_ZN5spark16SerialLogHandlerD1Ev+0x30>)
   b4956:	f840 3b04 	str.w	r3, [r0], #4
   b495a:	f001 fa49 	bl	b5df0 <_ZN5spark6detail9LogFilterD1Ev>
    }
   b495e:	4620      	mov	r0, r4
   b4960:	bd10      	pop	{r4, pc}
   b4962:	bf00      	nop
   b4964:	000b7878 	.word	0x000b7878
   b4968:	000b7860 	.word	0x000b7860

000b496c <_ZN5spark16SerialLogHandlerD0Ev>:
    virtual ~SerialLogHandler() {
   b496c:	b510      	push	{r4, lr}
   b496e:	4604      	mov	r4, r0
    }
   b4970:	f7ff ffe2 	bl	b4938 <_ZN5spark16SerialLogHandlerD1Ev>
   b4974:	4620      	mov	r0, r4
   b4976:	2124      	movs	r1, #36	; 0x24
   b4978:	f7ff ffc1 	bl	b48fe <_ZdlPvj>
   b497c:	4620      	mov	r0, r4
   b497e:	bd10      	pop	{r4, pc}

000b4980 <_ZNK5spark6Logger4infoEPKcz>:
    va_start(args, fmt);
    log(LOG_LEVEL_TRACE, fmt, args);
    va_end(args);
}

inline void spark::Logger::info(const char *fmt, ...) const {
   b4980:	b40e      	push	{r1, r2, r3}
   b4982:	b500      	push	{lr}
   b4984:	b08c      	sub	sp, #48	; 0x30
   b4986:	aa0d      	add	r2, sp, #52	; 0x34
}

inline void spark::Logger::log(LogLevel level, const char *fmt, va_list args) const {
    LogAttributes attr;
    attr.size = sizeof(LogAttributes);
    attr.flags = 0;
   b4988:	f04f 0c20 	mov.w	ip, #32
inline void spark::Logger::info(const char *fmt, ...) const {
   b498c:	f852 1b04 	ldr.w	r1, [r2], #4
    va_start(args, fmt);
   b4990:	9203      	str	r2, [sp, #12]
    log_message_v(level, name_, &attr, nullptr, fmt, args);
   b4992:	e9cd 1200 	strd	r1, r2, [sp]
    attr.flags = 0;
   b4996:	2300      	movs	r3, #0
    log_message_v(level, name_, &attr, nullptr, fmt, args);
   b4998:	6801      	ldr	r1, [r0, #0]
   b499a:	aa04      	add	r2, sp, #16
   b499c:	201e      	movs	r0, #30
    attr.flags = 0;
   b499e:	e9cd c304 	strd	ip, r3, [sp, #16]
    log_message_v(level, name_, &attr, nullptr, fmt, args);
   b49a2:	f000 fc3d 	bl	b5220 <log_message_v>
}
   b49a6:	b00c      	add	sp, #48	; 0x30
   b49a8:	f85d eb04 	ldr.w	lr, [sp], #4
   b49ac:	b003      	add	sp, #12
   b49ae:	4770      	bx	lr

000b49b0 <setup>:

DFRobot_RainfallSensor_I2C Sensor(&Wire);

SerialLogHandler logHandler(LOG_LEVEL_INFO);

void setup() {
   b49b0:	b530      	push	{r4, r5, lr}
    }
    void on() {
        network_on(*this, 0, 0, NULL);
    }
    void off() {
        network_off(*this, 0, 0, NULL);
   b49b2:	481b      	ldr	r0, [pc, #108]	; (b4a20 <setup+0x70>)

    Log.info("anything?");

    // Initialize sensor
    while (!Sensor.begin()) {
        Log.info("Sensor init err!!!");
   b49b4:	4d1b      	ldr	r5, [pc, #108]	; (b4a24 <setup+0x74>)
   b49b6:	6840      	ldr	r0, [r0, #4]
   b49b8:	4c1b      	ldr	r4, [pc, #108]	; (b4a28 <setup+0x78>)
   b49ba:	2300      	movs	r3, #0
   b49bc:	4619      	mov	r1, r3
void setup() {
   b49be:	b085      	sub	sp, #20
   b49c0:	461a      	mov	r2, r3
   b49c2:	f000 fc9b 	bl	b52fc <network_off>
    Serial1.begin(9600);  // UART to sensor
   b49c6:	f002 fd47 	bl	b7458 <_Z22__fetch_global_Serial1v>
   b49ca:	f44f 5116 	mov.w	r1, #9600	; 0x2580
   b49ce:	f002 fba9 	bl	b7124 <_ZN11USARTSerial5beginEm>
    delay(3000);
   b49d2:	f640 30b8 	movw	r0, #3000	; 0xbb8
   b49d6:	f001 ff85 	bl	b68e4 <delay>
    Log.info("anything?");
   b49da:	4914      	ldr	r1, [pc, #80]	; (b4a2c <setup+0x7c>)
   b49dc:	4812      	ldr	r0, [pc, #72]	; (b4a28 <setup+0x78>)
   b49de:	f7ff ffcf 	bl	b4980 <_ZNK5spark6Logger4infoEPKcz>
    while (!Sensor.begin()) {
   b49e2:	4813      	ldr	r0, [pc, #76]	; (b4a30 <setup+0x80>)
   b49e4:	f000 faea 	bl	b4fbc <_ZN26DFRobot_RainfallSensor_I2C5beginEv>
   b49e8:	b940      	cbnz	r0, b49fc <setup+0x4c>
        Log.info("Sensor init err!!!");
   b49ea:	4620      	mov	r0, r4
   b49ec:	4629      	mov	r1, r5
   b49ee:	f7ff ffc7 	bl	b4980 <_ZNK5spark6Logger4infoEPKcz>
        delay(1000);
   b49f2:	f44f 707a 	mov.w	r0, #1000	; 0x3e8
   b49f6:	f001 ff75 	bl	b68e4 <delay>
    while (!Sensor.begin()) {
   b49fa:	e7f2      	b.n	b49e2 <setup+0x32>
    }

    Log.info("Firmware Version:\t");
   b49fc:	490d      	ldr	r1, [pc, #52]	; (b4a34 <setup+0x84>)
   b49fe:	480a      	ldr	r0, [pc, #40]	; (b4a28 <setup+0x78>)
   b4a00:	f7ff ffbe 	bl	b4980 <_ZNK5spark6Logger4infoEPKcz>
    Log.info(Sensor.getFirmwareVersion());
   b4a04:	4668      	mov	r0, sp
   b4a06:	490a      	ldr	r1, [pc, #40]	; (b4a30 <setup+0x80>)
   b4a08:	f000 f986 	bl	b4d18 <_ZN22DFRobot_RainfallSensor18getFirmwareVersionEv>
   b4a0c:	9900      	ldr	r1, [sp, #0]
   b4a0e:	4806      	ldr	r0, [pc, #24]	; (b4a28 <setup+0x78>)
   b4a10:	f7ff ffb6 	bl	b4980 <_ZNK5spark6Logger4infoEPKcz>
   b4a14:	4668      	mov	r0, sp
   b4a16:	f000 fe0b 	bl	b5630 <_ZN6StringD1Ev>
}
   b4a1a:	b005      	add	sp, #20
   b4a1c:	bd30      	pop	{r4, r5, pc}
   b4a1e:	bf00      	nop
   b4a20:	2003df7c 	.word	0x2003df7c
   b4a24:	000b77db 	.word	0x000b77db
   b4a28:	2003df1c 	.word	0x2003df1c
   b4a2c:	000b77d1 	.word	0x000b77d1
   b4a30:	2003de94 	.word	0x2003de94
   b4a34:	000b77ee 	.word	0x000b77ee

000b4a38 <loop>:

void loop() {
   b4a38:	b538      	push	{r3, r4, r5, lr}
    // Log via Particle console
    Log.info("Sensor WorkingTime: %.2f H", Sensor.getSensorWorkingTime());
   b4a3a:	4d1e      	ldr	r5, [pc, #120]	; (b4ab4 <loop+0x7c>)
   b4a3c:	4c1e      	ldr	r4, [pc, #120]	; (b4ab8 <loop+0x80>)
   b4a3e:	4628      	mov	r0, r5
   b4a40:	f000 fa90 	bl	b4f64 <_ZN22DFRobot_RainfallSensor20getSensorWorkingTimeEv>
   b4a44:	ee10 0a10 	vmov	r0, s0
   b4a48:	f7ff fc4e 	bl	b42e8 <__aeabi_f2d>
   b4a4c:	4602      	mov	r2, r0
   b4a4e:	460b      	mov	r3, r1
   b4a50:	4620      	mov	r0, r4
   b4a52:	491a      	ldr	r1, [pc, #104]	; (b4abc <loop+0x84>)
   b4a54:	f7ff ff94 	bl	b4980 <_ZNK5spark6Logger4infoEPKcz>
    Log.info("Rainfall: %.2f mm", Sensor.getRainfall());
   b4a58:	4628      	mov	r0, r5
   b4a5a:	f000 f9fd 	bl	b4e58 <_ZN22DFRobot_RainfallSensor11getRainfallEv>
   b4a5e:	ee10 0a10 	vmov	r0, s0
   b4a62:	f7ff fc41 	bl	b42e8 <__aeabi_f2d>
   b4a66:	4602      	mov	r2, r0
   b4a68:	460b      	mov	r3, r1
   b4a6a:	4620      	mov	r0, r4
   b4a6c:	4914      	ldr	r1, [pc, #80]	; (b4ac0 <loop+0x88>)
   b4a6e:	f7ff ff87 	bl	b4980 <_ZNK5spark6Logger4infoEPKcz>
    Log.info("1 Hour Rainfall: %.2f mm", Sensor.getRainfall(1));
   b4a72:	4628      	mov	r0, r5
   b4a74:	2101      	movs	r1, #1
   b4a76:	f000 fa1b 	bl	b4eb0 <_ZN22DFRobot_RainfallSensor11getRainfallEh>
   b4a7a:	ee10 0a10 	vmov	r0, s0
   b4a7e:	f7ff fc33 	bl	b42e8 <__aeabi_f2d>
   b4a82:	460b      	mov	r3, r1
   b4a84:	4602      	mov	r2, r0
   b4a86:	490f      	ldr	r1, [pc, #60]	; (b4ac4 <loop+0x8c>)
   b4a88:	4620      	mov	r0, r4
   b4a8a:	f7ff ff79 	bl	b4980 <_ZNK5spark6Logger4infoEPKcz>
    Log.info("Raw Tipping Counts: %lu", Sensor.getRawData());
   b4a8e:	4628      	mov	r0, r5
   b4a90:	f000 fa4e 	bl	b4f30 <_ZN22DFRobot_RainfallSensor10getRawDataEv>
   b4a94:	490c      	ldr	r1, [pc, #48]	; (b4ac8 <loop+0x90>)
   b4a96:	4602      	mov	r2, r0
   b4a98:	4620      	mov	r0, r4
   b4a9a:	f7ff ff71 	bl	b4980 <_ZNK5spark6Logger4infoEPKcz>

    Log.info("looping");
   b4a9e:	4620      	mov	r0, r4
   b4aa0:	490a      	ldr	r1, [pc, #40]	; (b4acc <loop+0x94>)
   b4aa2:	f7ff ff6d 	bl	b4980 <_ZNK5spark6Logger4infoEPKcz>
    delay(1000);
   b4aa6:	e8bd 4038 	ldmia.w	sp!, {r3, r4, r5, lr}
    delay(1000);
   b4aaa:	f44f 707a 	mov.w	r0, #1000	; 0x3e8
   b4aae:	f001 bf19 	b.w	b68e4 <delay>
   b4ab2:	bf00      	nop
   b4ab4:	2003de94 	.word	0x2003de94
   b4ab8:	2003df1c 	.word	0x2003df1c
   b4abc:	000b7801 	.word	0x000b7801
   b4ac0:	000b7823 	.word	0x000b7823
   b4ac4:	000b781c 	.word	0x000b781c
   b4ac8:	000b7835 	.word	0x000b7835
   b4acc:	000b784d 	.word	0x000b784d

000b4ad0 <_ZN5spark6VectorINS_17LogCategoryFilterENS_16DefaultAllocatorEED1Ev>:
inline spark::Vector<T, AllocatorT>::Vector(Vector<T, AllocatorT>&& vector) : Vector() {
    swap(*this, vector);
}

template<typename T, typename AllocatorT>
inline spark::Vector<T, AllocatorT>::~Vector() {
   b4ad0:	b570      	push	{r4, r5, r6, lr}
    destruct(data_, data_ + size_);
   b4ad2:	e9d0 5300 	ldrd	r5, r3, [r0]
   b4ad6:	2614      	movs	r6, #20
inline spark::Vector<T, AllocatorT>::~Vector() {
   b4ad8:	4604      	mov	r4, r0
    destruct(data_, data_ + size_);
   b4ada:	fb06 5603 	mla	r6, r6, r3, r5
        for (; p != end; ++p) {
   b4ade:	42ae      	cmp	r6, r5
   b4ae0:	d004      	beq.n	b4aec <_ZN5spark6VectorINS_17LogCategoryFilterENS_16DefaultAllocatorEED1Ev+0x1c>
class LogCategoryFilter {
   b4ae2:	4628      	mov	r0, r5
   b4ae4:	f000 fda4 	bl	b5630 <_ZN6StringD1Ev>
   b4ae8:	3514      	adds	r5, #20
   b4aea:	e7f8      	b.n	b4ade <_ZN5spark6VectorINS_17LogCategoryFilterENS_16DefaultAllocatorEED1Ev+0xe>
    ::free(ptr);
   b4aec:	6820      	ldr	r0, [r4, #0]
   b4aee:	f000 fc5d 	bl	b53ac <free>
    AllocatorT::free(data_);
}
   b4af2:	4620      	mov	r0, r4
   b4af4:	bd70      	pop	{r4, r5, r6, pc}

000b4af6 <_ZN5spark6VectorINS_17LogCategoryFilterENS_16DefaultAllocatorEE4moveIS1_Li0EEEvPS1_S5_S5_>:
        if (dest > p && dest < end) {
   b4af6:	4288      	cmp	r0, r1
    static void move(T* dest, T* p, T* end) {
   b4af8:	b5f8      	push	{r3, r4, r5, r6, r7, lr}
   b4afa:	4604      	mov	r4, r0
   b4afc:	460d      	mov	r5, r1
   b4afe:	4616      	mov	r6, r2
        if (dest > p && dest < end) {
   b4b00:	d916      	bls.n	b4b30 <_ZN5spark6VectorINS_17LogCategoryFilterENS_16DefaultAllocatorEE4moveIS1_Li0EEEvPS1_S5_S5_+0x3a>
   b4b02:	4290      	cmp	r0, r2
   b4b04:	d215      	bcs.n	b4b32 <_ZN5spark6VectorINS_17LogCategoryFilterENS_16DefaultAllocatorEE4moveIS1_Li0EEEvPS1_S5_S5_+0x3c>
            --end;
   b4b06:	f1a2 0614 	sub.w	r6, r2, #20
            dest += end - p - 1;
   b4b0a:	1a75      	subs	r5, r6, r1
   b4b0c:	f1a1 0714 	sub.w	r7, r1, #20
   b4b10:	442c      	add	r4, r5
            for (; end != p; --end, --dest) {
   b4b12:	42b7      	cmp	r7, r6
   b4b14:	d01c      	beq.n	b4b50 <_ZN5spark6VectorINS_17LogCategoryFilterENS_16DefaultAllocatorEE4moveIS1_Li0EEEvPS1_S5_S5_+0x5a>
                new(dest) T(std::move(*end));
   b4b16:	b12c      	cbz	r4, b4b24 <_ZN5spark6VectorINS_17LogCategoryFilterENS_16DefaultAllocatorEE4moveIS1_Li0EEEvPS1_S5_S5_+0x2e>
   b4b18:	4631      	mov	r1, r6
   b4b1a:	4620      	mov	r0, r4
   b4b1c:	f000 fdf1 	bl	b5702 <_ZN6StringC1EOS_>
   b4b20:	7c33      	ldrb	r3, [r6, #16]
   b4b22:	7423      	strb	r3, [r4, #16]
   b4b24:	4630      	mov	r0, r6
   b4b26:	f000 fd83 	bl	b5630 <_ZN6StringD1Ev>
            for (; end != p; --end, --dest) {
   b4b2a:	3e14      	subs	r6, #20
   b4b2c:	3c14      	subs	r4, #20
   b4b2e:	e7f0      	b.n	b4b12 <_ZN5spark6VectorINS_17LogCategoryFilterENS_16DefaultAllocatorEE4moveIS1_Li0EEEvPS1_S5_S5_+0x1c>
        } else if (dest != p) {
   b4b30:	d00e      	beq.n	b4b50 <_ZN5spark6VectorINS_17LogCategoryFilterENS_16DefaultAllocatorEE4moveIS1_Li0EEEvPS1_S5_S5_+0x5a>
            for (; p != end; ++p, ++dest) {
   b4b32:	42b5      	cmp	r5, r6
   b4b34:	d00c      	beq.n	b4b50 <_ZN5spark6VectorINS_17LogCategoryFilterENS_16DefaultAllocatorEE4moveIS1_Li0EEEvPS1_S5_S5_+0x5a>
                new(dest) T(std::move(*p));
   b4b36:	b12c      	cbz	r4, b4b44 <_ZN5spark6VectorINS_17LogCategoryFilterENS_16DefaultAllocatorEE4moveIS1_Li0EEEvPS1_S5_S5_+0x4e>
   b4b38:	4629      	mov	r1, r5
   b4b3a:	4620      	mov	r0, r4
   b4b3c:	f000 fde1 	bl	b5702 <_ZN6StringC1EOS_>
   b4b40:	7c2b      	ldrb	r3, [r5, #16]
   b4b42:	7423      	strb	r3, [r4, #16]
   b4b44:	4628      	mov	r0, r5
   b4b46:	f000 fd73 	bl	b5630 <_ZN6StringD1Ev>
            for (; p != end; ++p, ++dest) {
   b4b4a:	3514      	adds	r5, #20
   b4b4c:	3414      	adds	r4, #20
   b4b4e:	e7f0      	b.n	b4b32 <_ZN5spark6VectorINS_17LogCategoryFilterENS_16DefaultAllocatorEE4moveIS1_Li0EEEvPS1_S5_S5_+0x3c>
    }
   b4b50:	bdf8      	pop	{r3, r4, r5, r6, r7, pc}

000b4b52 <_ZN5spark6VectorINS_17LogCategoryFilterENS_16DefaultAllocatorEEC1ERKS3_>:
inline spark::Vector<T, AllocatorT>::Vector(const Vector<T, AllocatorT>& vector) : Vector() {
   b4b52:	e92d 41f0 	stmdb	sp!, {r4, r5, r6, r7, r8, lr}
        capacity_(0) {
   b4b56:	2300      	movs	r3, #0
   b4b58:	e9c0 3300 	strd	r3, r3, [r0]
   b4b5c:	6083      	str	r3, [r0, #8]
    if (vector.size_ > 0 && realloc(vector.size_)) {
   b4b5e:	684f      	ldr	r7, [r1, #4]
   b4b60:	429f      	cmp	r7, r3
inline spark::Vector<T, AllocatorT>::Vector(const Vector<T, AllocatorT>& vector) : Vector() {
   b4b62:	4604      	mov	r4, r0
   b4b64:	460e      	mov	r6, r1
    if (vector.size_ > 0 && realloc(vector.size_)) {
   b4b66:	dd23      	ble.n	b4bb0 <_ZN5spark6VectorINS_17LogCategoryFilterENS_16DefaultAllocatorEEC1ERKS3_+0x5e>
            d = (T*)AllocatorT::malloc(n * sizeof(T));
   b4b68:	f04f 0814 	mov.w	r8, #20
    return ::malloc(size);
   b4b6c:	fb08 f007 	mul.w	r0, r8, r7
   b4b70:	f000 fc14 	bl	b539c <malloc>
            if (!d) {
   b4b74:	4605      	mov	r5, r0
   b4b76:	b1d8      	cbz	r0, b4bb0 <_ZN5spark6VectorINS_17LogCategoryFilterENS_16DefaultAllocatorEEC1ERKS3_+0x5e>
            move(d, data_, data_ + size_);
   b4b78:	e9d4 1200 	ldrd	r1, r2, [r4]
   b4b7c:	fb08 1202 	mla	r2, r8, r2, r1
   b4b80:	f7ff ffb9 	bl	b4af6 <_ZN5spark6VectorINS_17LogCategoryFilterENS_16DefaultAllocatorEE4moveIS1_Li0EEEvPS1_S5_S5_>
    ::free(ptr);
   b4b84:	6820      	ldr	r0, [r4, #0]
   b4b86:	f000 fc11 	bl	b53ac <free>
        data_ = d;
   b4b8a:	6025      	str	r5, [r4, #0]
        capacity_ = n;
   b4b8c:	60a7      	str	r7, [r4, #8]
        copy(data_, vector.data_, vector.data_ + vector.size_);
   b4b8e:	e9d6 7300 	ldrd	r7, r3, [r6]
   b4b92:	fb08 7803 	mla	r8, r8, r3, r7
        for (; it != end; ++it, ++dest) {
   b4b96:	45b8      	cmp	r8, r7
   b4b98:	d008      	beq.n	b4bac <_ZN5spark6VectorINS_17LogCategoryFilterENS_16DefaultAllocatorEEC1ERKS3_+0x5a>
   b4b9a:	4639      	mov	r1, r7
   b4b9c:	4628      	mov	r0, r5
   b4b9e:	f000 fdca 	bl	b5736 <_ZN6StringC1ERKS_>
   b4ba2:	7c3b      	ldrb	r3, [r7, #16]
   b4ba4:	742b      	strb	r3, [r5, #16]
   b4ba6:	3714      	adds	r7, #20
   b4ba8:	3514      	adds	r5, #20
   b4baa:	e7f4      	b.n	b4b96 <_ZN5spark6VectorINS_17LogCategoryFilterENS_16DefaultAllocatorEEC1ERKS3_+0x44>
        size_ = vector.size_;
   b4bac:	6873      	ldr	r3, [r6, #4]
   b4bae:	6063      	str	r3, [r4, #4]
}
   b4bb0:	4620      	mov	r0, r4
   b4bb2:	e8bd 81f0 	ldmia.w	sp!, {r4, r5, r6, r7, r8, pc}
	...

000b4bb8 <_GLOBAL__sub_I_SystemMode>:
   b4bb8:	b570      	push	{r4, r5, r6, lr}

class SystemSleepResult {
public:
    SystemSleepResult()
            : wakeupSource_(nullptr),
              error_(SYSTEM_ERROR_NONE) {
   b4bba:	4b25      	ldr	r3, [pc, #148]	; (b4c50 <_GLOBAL__sub_I_SystemMode+0x98>)
    SleepResult() {}
   b4bbc:	4a25      	ldr	r2, [pc, #148]	; (b4c54 <_GLOBAL__sub_I_SystemMode+0x9c>)
   b4bbe:	609a      	str	r2, [r3, #8]
              error_(SYSTEM_ERROR_NONE) {
   b4bc0:	2400      	movs	r4, #0
   b4bc2:	b08c      	sub	sp, #48	; 0x30
   b4bc4:	e9c3 4400 	strd	r4, r4, [r3]

class SystemClass {
public:

    SystemClass(System_Mode_TypeDef mode = DEFAULT) {
        set_system_mode(mode);
   b4bc8:	2002      	movs	r0, #2
   b4bca:	f000 fb4b 	bl	b5264 <set_system_mode>
DFRobot_RainfallSensor_I2C Sensor(&Wire);
   b4bce:	f002 fc83 	bl	b74d8 <_Z19__fetch_global_Wirev>
   b4bd2:	4601      	mov	r1, r0
   b4bd4:	4820      	ldr	r0, [pc, #128]	; (b4c58 <_GLOBAL__sub_I_SystemMode+0xa0>)
   b4bd6:	f000 f9e5 	bl	b4fa4 <_ZN26DFRobot_RainfallSensor_I2CC1EP7TwoWire>
        capacity_(0) {
   b4bda:	e9cd 4400 	strd	r4, r4, [sp]
   b4bde:	9402      	str	r4, [sp, #8]
            StreamLogHandler(Serial, level, filters) {
   b4be0:	f002 f800 	bl	b6be4 <_Z16_fetch_usbserialv>
        filter_(level, filters) {
   b4be4:	4c1d      	ldr	r4, [pc, #116]	; (b4c5c <_GLOBAL__sub_I_SystemMode+0xa4>)
   b4be6:	4605      	mov	r5, r0
   b4be8:	4669      	mov	r1, sp
   b4bea:	a803      	add	r0, sp, #12
   b4bec:	f7ff ffb1 	bl	b4b52 <_ZN5spark6VectorINS_17LogCategoryFilterENS_16DefaultAllocatorEEC1ERKS3_>
   b4bf0:	4626      	mov	r6, r4
        stream_(&stream) {
   b4bf2:	a903      	add	r1, sp, #12
   b4bf4:	a806      	add	r0, sp, #24
   b4bf6:	f7ff ffac 	bl	b4b52 <_ZN5spark6VectorINS_17LogCategoryFilterENS_16DefaultAllocatorEEC1ERKS3_>
        filter_(level, filters) {
   b4bfa:	4b19      	ldr	r3, [pc, #100]	; (b4c60 <_GLOBAL__sub_I_SystemMode+0xa8>)
   b4bfc:	f846 3b04 	str.w	r3, [r6], #4
   b4c00:	a906      	add	r1, sp, #24
   b4c02:	a809      	add	r0, sp, #36	; 0x24
   b4c04:	f7ff ffa5 	bl	b4b52 <_ZN5spark6VectorINS_17LogCategoryFilterENS_16DefaultAllocatorEEC1ERKS3_>
   b4c08:	aa09      	add	r2, sp, #36	; 0x24
   b4c0a:	211e      	movs	r1, #30
   b4c0c:	4630      	mov	r0, r6
   b4c0e:	f001 fb49 	bl	b62a4 <_ZN5spark6detail9LogFilterC1E8LogLevelNS_6VectorINS_17LogCategoryFilterENS_16DefaultAllocatorEEE>
   b4c12:	a809      	add	r0, sp, #36	; 0x24
   b4c14:	f7ff ff5c 	bl	b4ad0 <_ZN5spark6VectorINS_17LogCategoryFilterENS_16DefaultAllocatorEED1Ev>
        stream_(&stream) {
   b4c18:	a806      	add	r0, sp, #24
   b4c1a:	f7ff ff59 	bl	b4ad0 <_ZN5spark6VectorINS_17LogCategoryFilterENS_16DefaultAllocatorEED1Ev>
   b4c1e:	4b11      	ldr	r3, [pc, #68]	; (b4c64 <_GLOBAL__sub_I_SystemMode+0xac>)
   b4c20:	6023      	str	r3, [r4, #0]
   b4c22:	6225      	str	r5, [r4, #32]
   b4c24:	a803      	add	r0, sp, #12
   b4c26:	f7ff ff53 	bl	b4ad0 <_ZN5spark6VectorINS_17LogCategoryFilterENS_16DefaultAllocatorEED1Ev>
   b4c2a:	4b0f      	ldr	r3, [pc, #60]	; (b4c68 <_GLOBAL__sub_I_SystemMode+0xb0>)
   b4c2c:	6023      	str	r3, [r4, #0]
        Serial.begin();
   b4c2e:	f001 ffd9 	bl	b6be4 <_Z16_fetch_usbserialv>
   b4c32:	f44f 5116 	mov.w	r1, #9600	; 0x2580
   b4c36:	f001 ffc5 	bl	b6bc4 <_ZN9USBSerial5beginEl>
        LogManager::instance()->addHandler(this);
   b4c3a:	f001 f803 	bl	b5c44 <_ZN5spark10LogManager8instanceEv>
   b4c3e:	4621      	mov	r1, r4
   b4c40:	f001 fa06 	bl	b6050 <_ZN5spark10LogManager10addHandlerEPNS_10LogHandlerE>
SerialLogHandler logHandler(LOG_LEVEL_INFO);
   b4c44:	4668      	mov	r0, sp
   b4c46:	f7ff ff43 	bl	b4ad0 <_ZN5spark6VectorINS_17LogCategoryFilterENS_16DefaultAllocatorEED1Ev>
   b4c4a:	b00c      	add	sp, #48	; 0x30
   b4c4c:	bd70      	pop	{r4, r5, r6, pc}
   b4c4e:	bf00      	nop
   b4c50:	2003deb0 	.word	0x2003deb0
   b4c54:	ffff0000 	.word	0xffff0000
   b4c58:	2003de94 	.word	0x2003de94
   b4c5c:	2003debc 	.word	0x2003debc
   b4c60:	000b7860 	.word	0x000b7860
   b4c64:	000b79bc 	.word	0x000b79bc
   b4c68:	000b7878 	.word	0x000b7878

000b4c6c <_ZN22DFRobot_RainfallSensor12readRegisterEt>:
     * @retval true:succeeded in getting the VID and PID
     * @retval false:failed to get the data or the data obtained is incorrect
     */
    bool getPidVid(void);
    virtual uint8_t readRegister(uint8_t reg,void* pBuf, size_t size){return 0;};
    virtual uint16_t readRegister(uint16_t reg){return 0;};
   b4c6c:	2000      	movs	r0, #0
   b4c6e:	4770      	bx	lr

000b4c70 <_ZN22DFRobot_RainfallSensor13writeRegisterEtt>:
    virtual uint8_t writeRegister(uint8_t reg,void* pBuf,size_t size){return 0;};
    virtual uint16_t writeRegister(uint16_t reg,uint16_t data){return 0;};
   b4c70:	2000      	movs	r0, #0
   b4c72:	4770      	bx	lr

000b4c74 <_ZN26DFRobot_RainfallSensor_I2C13writeRegisterEhPvj>:
  _pWire->begin();
  return DFRobot_RainfallSensor::begin();
}

uint8_t DFRobot_RainfallSensor_I2C::writeRegister(uint8_t reg, void* pBuf, size_t size)
{
   b4c74:	b5f8      	push	{r3, r4, r5, r6, r7, lr}
   b4c76:	4604      	mov	r4, r0
   b4c78:	460e      	mov	r6, r1
   b4c7a:	461f      	mov	r7, r3
  if(pBuf == NULL){
   b4c7c:	4615      	mov	r5, r2
   b4c7e:	b1da      	cbz	r2, b4cb8 <_ZN26DFRobot_RainfallSensor_I2C13writeRegisterEhPvj+0x44>
	  return 1;
  }
  uint8_t * _pBuf = (uint8_t *)pBuf;
  _pWire->beginTransmission(_deviceAddr);
   b4c80:	7e01      	ldrb	r1, [r0, #24]
   b4c82:	6940      	ldr	r0, [r0, #20]
   b4c84:	f002 fad4 	bl	b7230 <_ZN7TwoWire17beginTransmissionEh>
  _pWire->write(reg);
   b4c88:	6960      	ldr	r0, [r4, #20]
   b4c8a:	6803      	ldr	r3, [r0, #0]
   b4c8c:	4631      	mov	r1, r6
   b4c8e:	689b      	ldr	r3, [r3, #8]
   b4c90:	4798      	blx	r3
   b4c92:	2600      	movs	r6, #0
  for( uint16_t i = 0; i < size; i++ ){
   b4c94:	b2b3      	uxth	r3, r6
   b4c96:	429f      	cmp	r7, r3
    _pWire->write(_pBuf[i]);
   b4c98:	6960      	ldr	r0, [r4, #20]
  for( uint16_t i = 0; i < size; i++ ){
   b4c9a:	f106 0601 	add.w	r6, r6, #1
   b4c9e:	d904      	bls.n	b4caa <_ZN26DFRobot_RainfallSensor_I2C13writeRegisterEhPvj+0x36>
    _pWire->write(_pBuf[i]);
   b4ca0:	6802      	ldr	r2, [r0, #0]
   b4ca2:	5ce9      	ldrb	r1, [r5, r3]
   b4ca4:	6892      	ldr	r2, [r2, #8]
   b4ca6:	4790      	blx	r2
  for( uint16_t i = 0; i < size; i++ ){
   b4ca8:	e7f4      	b.n	b4c94 <_ZN26DFRobot_RainfallSensor_I2C13writeRegisterEhPvj+0x20>
  }
  _pWire->endTransmission();
   b4caa:	f002 fac9 	bl	b7240 <_ZN7TwoWire15endTransmissionEv>
  delay(100);
   b4cae:	2064      	movs	r0, #100	; 0x64
   b4cb0:	f001 fe18 	bl	b68e4 <delay>
   b4cb4:	2000      	movs	r0, #0
  return 0;
}
   b4cb6:	bdf8      	pop	{r3, r4, r5, r6, r7, pc}
	  return 1;
   b4cb8:	2001      	movs	r0, #1
   b4cba:	e7fc      	b.n	b4cb6 <_ZN26DFRobot_RainfallSensor_I2C13writeRegisterEhPvj+0x42>

000b4cbc <_ZN26DFRobot_RainfallSensor_I2C12readRegisterEhPvj>:

uint8_t DFRobot_RainfallSensor_I2C::readRegister(uint8_t reg, void* pBuf, size_t size)
{
   b4cbc:	e92d 43f8 	stmdb	sp!, {r3, r4, r5, r6, r7, r8, r9, lr}
   b4cc0:	4604      	mov	r4, r0
   b4cc2:	460d      	mov	r5, r1
   b4cc4:	461f      	mov	r7, r3
  if(pBuf == NULL){
   b4cc6:	4616      	mov	r6, r2
   b4cc8:	b30a      	cbz	r2, b4d0e <_ZN26DFRobot_RainfallSensor_I2C12readRegisterEhPvj+0x52>
    return 0;
  }
  uint8_t * _pBuf = (uint8_t *)pBuf;
  _pWire->beginTransmission(_deviceAddr);
   b4cca:	7e01      	ldrb	r1, [r0, #24]
   b4ccc:	6940      	ldr	r0, [r0, #20]
   b4cce:	f002 faaf 	bl	b7230 <_ZN7TwoWire17beginTransmissionEh>
  _pWire->write(reg);
   b4cd2:	6960      	ldr	r0, [r4, #20]
   b4cd4:	6803      	ldr	r3, [r0, #0]
   b4cd6:	4629      	mov	r1, r5
   b4cd8:	689b      	ldr	r3, [r3, #8]
   b4cda:	4798      	blx	r3
  if(_pWire->endTransmission() != 0 ){
   b4cdc:	6960      	ldr	r0, [r4, #20]
   b4cde:	f002 faaf 	bl	b7240 <_ZN7TwoWire15endTransmissionEv>
   b4ce2:	4605      	mov	r5, r0
   b4ce4:	b998      	cbnz	r0, b4d0e <_ZN26DFRobot_RainfallSensor_I2C12readRegisterEhPvj+0x52>
    return 0;
  }
  _pWire->requestFrom(_deviceAddr, (uint8_t)size );
   b4ce6:	fa5f f887 	uxtb.w	r8, r7
   b4cea:	7e21      	ldrb	r1, [r4, #24]
   b4cec:	6960      	ldr	r0, [r4, #20]
   b4cee:	4642      	mov	r2, r8
   b4cf0:	f002 fa9b 	bl	b722a <_ZN7TwoWire11requestFromEhj>
  for( uint8_t i=0; i<size; i++ ){
   b4cf4:	fa5f f985 	uxtb.w	r9, r5
   b4cf8:	454f      	cmp	r7, r9
   b4cfa:	f105 0501 	add.w	r5, r5, #1
   b4cfe:	d908      	bls.n	b4d12 <_ZN26DFRobot_RainfallSensor_I2C12readRegisterEhPvj+0x56>
    _pBuf[i] = _pWire->read();
   b4d00:	6960      	ldr	r0, [r4, #20]
   b4d02:	6803      	ldr	r3, [r0, #0]
   b4d04:	695b      	ldr	r3, [r3, #20]
   b4d06:	4798      	blx	r3
   b4d08:	f806 0009 	strb.w	r0, [r6, r9]
  for( uint8_t i=0; i<size; i++ ){
   b4d0c:	e7f2      	b.n	b4cf4 <_ZN26DFRobot_RainfallSensor_I2C12readRegisterEhPvj+0x38>
    return 0;
   b4d0e:	f04f 0800 	mov.w	r8, #0
  }
  return size;
   b4d12:	4640      	mov	r0, r8
   b4d14:	e8bd 83f8 	ldmia.w	sp!, {r3, r4, r5, r6, r7, r8, r9, pc}

000b4d18 <_ZN22DFRobot_RainfallSensor18getFirmwareVersionEv>:
{
   b4d18:	b570      	push	{r4, r5, r6, lr}
  if(_mode == IIC_MODE){
   b4d1a:	7c0a      	ldrb	r2, [r1, #16]
    readRegister(I2C_REG_VERSION, (void*)buff, 2);
   b4d1c:	680b      	ldr	r3, [r1, #0]
{
   b4d1e:	4605      	mov	r5, r0
   b4d20:	b094      	sub	sp, #80	; 0x50
   b4d22:	4608      	mov	r0, r1
  if(_mode == IIC_MODE){
   b4d24:	2a00      	cmp	r2, #0
   b4d26:	d153      	bne.n	b4dd0 <_ZN22DFRobot_RainfallSensor18getFirmwareVersionEv+0xb8>
    uint8_t buff[2] = {0};
   b4d28:	f8ad 2040 	strh.w	r2, [sp, #64]	; 0x40
    readRegister(I2C_REG_VERSION, (void*)buff, 2);
   b4d2c:	681c      	ldr	r4, [r3, #0]
   b4d2e:	aa10      	add	r2, sp, #64	; 0x40
   b4d30:	2302      	movs	r3, #2
   b4d32:	210a      	movs	r1, #10
   b4d34:	47a0      	blx	r4
    version = buff[0] | ( ((uint16_t)buff[1]) << 8 );
   b4d36:	f8bd 4040 	ldrh.w	r4, [sp, #64]	; 0x40
  return String( version >> 12 ) + '.' + String( ( ( version >> 8 ) & 0x0F ) ) + '.' + String( ( ( version >> 4 ) & 0x0F ) ) + '.' + String( ( version & 0x0F ) );
   b4d3a:	220a      	movs	r2, #10
   b4d3c:	f3c4 310f 	ubfx	r1, r4, #12, #16
   b4d40:	4668      	mov	r0, sp
   b4d42:	f000 fd15 	bl	b5770 <_ZN6StringC1Eih>
};

class StringSumHelper : public String
{
public:
    StringSumHelper(const String &s) : String(s) {}
   b4d46:	4669      	mov	r1, sp
   b4d48:	a804      	add	r0, sp, #16
   b4d4a:	f000 fcf4 	bl	b5736 <_ZN6StringC1ERKS_>
   b4d4e:	212e      	movs	r1, #46	; 0x2e
   b4d50:	a804      	add	r0, sp, #16
   b4d52:	f000 fd5d 	bl	b5810 <_ZplRK15StringSumHelperc>
   b4d56:	220a      	movs	r2, #10
   b4d58:	4606      	mov	r6, r0
   b4d5a:	f3c4 2103 	ubfx	r1, r4, #8, #4
   b4d5e:	a808      	add	r0, sp, #32
   b4d60:	f000 fd06 	bl	b5770 <_ZN6StringC1Eih>
   b4d64:	a908      	add	r1, sp, #32
   b4d66:	4630      	mov	r0, r6
   b4d68:	f000 fd46 	bl	b57f8 <_ZplRK15StringSumHelperRK6String>
   b4d6c:	212e      	movs	r1, #46	; 0x2e
   b4d6e:	f000 fd4f 	bl	b5810 <_ZplRK15StringSumHelperc>
   b4d72:	220a      	movs	r2, #10
   b4d74:	4606      	mov	r6, r0
   b4d76:	f3c4 1103 	ubfx	r1, r4, #4, #4
   b4d7a:	a80c      	add	r0, sp, #48	; 0x30
   b4d7c:	f000 fcf8 	bl	b5770 <_ZN6StringC1Eih>
   b4d80:	a90c      	add	r1, sp, #48	; 0x30
   b4d82:	4630      	mov	r0, r6
   b4d84:	f000 fd38 	bl	b57f8 <_ZplRK15StringSumHelperRK6String>
   b4d88:	212e      	movs	r1, #46	; 0x2e
   b4d8a:	f000 fd41 	bl	b5810 <_ZplRK15StringSumHelperc>
   b4d8e:	220a      	movs	r2, #10
   b4d90:	4606      	mov	r6, r0
   b4d92:	f004 010f 	and.w	r1, r4, #15
   b4d96:	a810      	add	r0, sp, #64	; 0x40
   b4d98:	f000 fcea 	bl	b5770 <_ZN6StringC1Eih>
   b4d9c:	a910      	add	r1, sp, #64	; 0x40
   b4d9e:	4630      	mov	r0, r6
   b4da0:	f000 fd2a 	bl	b57f8 <_ZplRK15StringSumHelperRK6String>
   b4da4:	4601      	mov	r1, r0
   b4da6:	4628      	mov	r0, r5
   b4da8:	f000 fcc5 	bl	b5736 <_ZN6StringC1ERKS_>
   b4dac:	a810      	add	r0, sp, #64	; 0x40
   b4dae:	f000 fc3f 	bl	b5630 <_ZN6StringD1Ev>
   b4db2:	a80c      	add	r0, sp, #48	; 0x30
   b4db4:	f000 fc3c 	bl	b5630 <_ZN6StringD1Ev>
   b4db8:	a808      	add	r0, sp, #32
   b4dba:	f000 fc39 	bl	b5630 <_ZN6StringD1Ev>
class StringSumHelper : public String
   b4dbe:	a804      	add	r0, sp, #16
   b4dc0:	f000 fc36 	bl	b5630 <_ZN6StringD1Ev>
   b4dc4:	4668      	mov	r0, sp
   b4dc6:	f000 fc33 	bl	b5630 <_ZN6StringD1Ev>
}
   b4dca:	4628      	mov	r0, r5
   b4dcc:	b014      	add	sp, #80	; 0x50
   b4dce:	bd70      	pop	{r4, r5, r6, pc}
    version = readRegister(eInputRegVersionSEN0575);
   b4dd0:	685b      	ldr	r3, [r3, #4]
   b4dd2:	2105      	movs	r1, #5
   b4dd4:	4798      	blx	r3
   b4dd6:	4604      	mov	r4, r0
   b4dd8:	e7af      	b.n	b4d3a <_ZN22DFRobot_RainfallSensor18getFirmwareVersionEv+0x22>
	...

000b4ddc <_ZN22DFRobot_RainfallSensor9getPidVidEv>:
{
   b4ddc:	b537      	push	{r0, r1, r2, r4, r5, lr}
  if( _mode == IIC_MODE ){
   b4dde:	7c01      	ldrb	r1, [r0, #16]
    readRegister( I2C_REG_PID, (void*)buff, 4 );
   b4de0:	6803      	ldr	r3, [r0, #0]
{
   b4de2:	4604      	mov	r4, r0
  if( _mode == IIC_MODE ){
   b4de4:	bb09      	cbnz	r1, b4e2a <_ZN22DFRobot_RainfallSensor9getPidVidEv+0x4e>
    uint8_t buff[4] = {0};
   b4de6:	9101      	str	r1, [sp, #4]
    readRegister( I2C_REG_PID, (void*)buff, 4 );
   b4de8:	681d      	ldr	r5, [r3, #0]
   b4dea:	2304      	movs	r3, #4
   b4dec:	eb0d 0203 	add.w	r2, sp, r3
   b4df0:	47a8      	blx	r5
    pid = buff[0] | ( ( (uint16_t)buff[1] ) << 8 ) | ( ( (uint32_t)( buff[3] & 0xC0 ) ) << 10 );
   b4df2:	f89d 3007 	ldrb.w	r3, [sp, #7]
   b4df6:	f8bd 1004 	ldrh.w	r1, [sp, #4]
   b4dfa:	029a      	lsls	r2, r3, #10
   b4dfc:	f402 3240 	and.w	r2, r2, #196608	; 0x30000
   b4e00:	430a      	orrs	r2, r1
   b4e02:	60a2      	str	r2, [r4, #8]
    vid = buff[2] | (uint16_t)( ( buff[3] & 0x3F ) << 8 );
   b4e04:	021b      	lsls	r3, r3, #8
   b4e06:	f89d 2006 	ldrb.w	r2, [sp, #6]
   b4e0a:	f403 537c 	and.w	r3, r3, #16128	; 0x3f00
   b4e0e:	4313      	orrs	r3, r2
   b4e10:	6063      	str	r3, [r4, #4]
  if( ( vid == 0x3343 ) && ( pid == 0x100C0 ) ){
   b4e12:	6862      	ldr	r2, [r4, #4]
   b4e14:	f243 3343 	movw	r3, #13123	; 0x3343
   b4e18:	429a      	cmp	r2, r3
   b4e1a:	d119      	bne.n	b4e50 <_ZN22DFRobot_RainfallSensor9getPidVidEv+0x74>
   b4e1c:	68a0      	ldr	r0, [r4, #8]
   b4e1e:	4b0d      	ldr	r3, [pc, #52]	; (b4e54 <_ZN22DFRobot_RainfallSensor9getPidVidEv+0x78>)
   b4e20:	1ac3      	subs	r3, r0, r3
   b4e22:	4258      	negs	r0, r3
   b4e24:	4158      	adcs	r0, r3
}
   b4e26:	b003      	add	sp, #12
   b4e28:	bd30      	pop	{r4, r5, pc}
    pid = readRegister( eInputRegPidSEN0575 );
   b4e2a:	685b      	ldr	r3, [r3, #4]
   b4e2c:	2100      	movs	r1, #0
   b4e2e:	4798      	blx	r3
    vid = readRegister( eInputRegVidSEN0575 );
   b4e30:	6823      	ldr	r3, [r4, #0]
    pid = readRegister( eInputRegPidSEN0575 );
   b4e32:	60a0      	str	r0, [r4, #8]
    vid = readRegister( eInputRegVidSEN0575 );
   b4e34:	685b      	ldr	r3, [r3, #4]
   b4e36:	2101      	movs	r1, #1
   b4e38:	4620      	mov	r0, r4
   b4e3a:	4798      	blx	r3
    pid = ( vid & 0xC000 ) << 2 | pid;
   b4e3c:	0083      	lsls	r3, r0, #2
   b4e3e:	f403 3240 	and.w	r2, r3, #196608	; 0x30000
   b4e42:	68a3      	ldr	r3, [r4, #8]
    vid = vid & 0x3FFF;
   b4e44:	f3c0 000d 	ubfx	r0, r0, #0, #14
    pid = ( vid & 0xC000 ) << 2 | pid;
   b4e48:	4313      	orrs	r3, r2
   b4e4a:	60a3      	str	r3, [r4, #8]
    vid = vid & 0x3FFF;
   b4e4c:	6060      	str	r0, [r4, #4]
   b4e4e:	e7e0      	b.n	b4e12 <_ZN22DFRobot_RainfallSensor9getPidVidEv+0x36>
  bool ret = false;
   b4e50:	2000      	movs	r0, #0
   b4e52:	e7e8      	b.n	b4e26 <_ZN22DFRobot_RainfallSensor9getPidVidEv+0x4a>
   b4e54:	000100c0 	.word	0x000100c0

000b4e58 <_ZN22DFRobot_RainfallSensor11getRainfallEv>:
{
   b4e58:	b537      	push	{r0, r1, r2, r4, r5, lr}
  if(_mode == IIC_MODE){
   b4e5a:	7c02      	ldrb	r2, [r0, #16]
    readRegister( I2C_REG_CUMULATIVE_RAINFALL, (void*)buff, 4 );
   b4e5c:	6803      	ldr	r3, [r0, #0]
{
   b4e5e:	4604      	mov	r4, r0
  if(_mode == IIC_MODE){
   b4e60:	b9a2      	cbnz	r2, b4e8c <_ZN22DFRobot_RainfallSensor11getRainfallEv+0x34>
    uint8_t buff[4]={0};
   b4e62:	9201      	str	r2, [sp, #4]
    readRegister( I2C_REG_CUMULATIVE_RAINFALL, (void*)buff, 4 );
   b4e64:	681c      	ldr	r4, [r3, #0]
   b4e66:	2304      	movs	r3, #4
   b4e68:	eb0d 0203 	add.w	r2, sp, r3
   b4e6c:	2110      	movs	r1, #16
   b4e6e:	47a0      	blx	r4
    rainfall = buff[0] | ( ( (uint32_t)buff[1] ) << 8 ) | ( ( (uint32_t)buff[2] ) << 16 ) | ( ( (uint32_t)buff[3]) << 24 );
   b4e70:	9801      	ldr	r0, [sp, #4]
  return rainfall / 10000.0;
   b4e72:	f7ff fa17 	bl	b42a4 <__aeabi_ui2d>
   b4e76:	a30c      	add	r3, pc, #48	; (adr r3, b4ea8 <_ZN22DFRobot_RainfallSensor11getRainfallEv+0x50>)
   b4e78:	e9d3 2300 	ldrd	r2, r3, [r3]
   b4e7c:	f7ff fbb6 	bl	b45ec <__aeabi_ddiv>
   b4e80:	f7ff fc9c 	bl	b47bc <__aeabi_d2f>
}
   b4e84:	ee00 0a10 	vmov	s0, r0
   b4e88:	b003      	add	sp, #12
   b4e8a:	bd30      	pop	{r4, r5, pc}
    rainfall = readRegister( eInputRegCumulativeRainFallHSEN0575 );
   b4e8c:	685b      	ldr	r3, [r3, #4]
   b4e8e:	2109      	movs	r1, #9
   b4e90:	4798      	blx	r3
    rainfall = rainfall << 16 | readRegister( eInputRegCumulativeRainFallLSEN0575 );
   b4e92:	6823      	ldr	r3, [r4, #0]
   b4e94:	0405      	lsls	r5, r0, #16
   b4e96:	685b      	ldr	r3, [r3, #4]
   b4e98:	2108      	movs	r1, #8
   b4e9a:	4620      	mov	r0, r4
   b4e9c:	4798      	blx	r3
   b4e9e:	4328      	orrs	r0, r5
   b4ea0:	e7e7      	b.n	b4e72 <_ZN22DFRobot_RainfallSensor11getRainfallEv+0x1a>
   b4ea2:	bf00      	nop
   b4ea4:	f3af 8000 	nop.w
   b4ea8:	00000000 	.word	0x00000000
   b4eac:	40c38800 	.word	0x40c38800

000b4eb0 <_ZN22DFRobot_RainfallSensor11getRainfallEh>:
{
   b4eb0:	b57f      	push	{r0, r1, r2, r3, r4, r5, r6, lr}
  if(_mode == IIC_MODE){
   b4eb2:	7c05      	ldrb	r5, [r0, #16]
    writeRegister(I2C_REG_RAIN_HOUR, (void*)&hour, 1);
   b4eb4:	6803      	ldr	r3, [r0, #0]
{
   b4eb6:	f88d 1007 	strb.w	r1, [sp, #7]
   b4eba:	4604      	mov	r4, r0
  if(_mode == IIC_MODE){
   b4ebc:	b9fd      	cbnz	r5, b4efe <_ZN22DFRobot_RainfallSensor11getRainfallEh+0x4e>
    writeRegister(I2C_REG_RAIN_HOUR, (void*)&hour, 1);
   b4ebe:	689e      	ldr	r6, [r3, #8]
   b4ec0:	f10d 0207 	add.w	r2, sp, #7
   b4ec4:	2301      	movs	r3, #1
   b4ec6:	2126      	movs	r1, #38	; 0x26
   b4ec8:	47b0      	blx	r6
    if( readRegister(I2C_REG_TIME_RAINFALL, (void*)buff, 4 ) == 0 ){
   b4eca:	6823      	ldr	r3, [r4, #0]
    uint8_t buff[4] = {0};
   b4ecc:	9503      	str	r5, [sp, #12]
    if( readRegister(I2C_REG_TIME_RAINFALL, (void*)buff, 4 ) == 0 ){
   b4ece:	681d      	ldr	r5, [r3, #0]
   b4ed0:	aa03      	add	r2, sp, #12
   b4ed2:	2304      	movs	r3, #4
   b4ed4:	210c      	movs	r1, #12
   b4ed6:	4620      	mov	r0, r4
   b4ed8:	47a8      	blx	r5
   b4eda:	b918      	cbnz	r0, b4ee4 <_ZN22DFRobot_RainfallSensor11getRainfallEh+0x34>
      return -1;
   b4edc:	eebf 0a00 	vmov.f32	s0, #240	; 0xbf800000 -1.0
}
   b4ee0:	b004      	add	sp, #16
   b4ee2:	bd70      	pop	{r4, r5, r6, pc}
    rainfall = buff[0] | ( ( (uint32_t)buff[1] ) << 8 ) | ( ( (uint32_t)buff[2]) << 16 ) | ( ( (uint32_t)buff[3] ) << 24 );
   b4ee4:	9803      	ldr	r0, [sp, #12]
  return rainfall / 10000.0;
   b4ee6:	f7ff f9dd 	bl	b42a4 <__aeabi_ui2d>
   b4eea:	a30f      	add	r3, pc, #60	; (adr r3, b4f28 <_ZN22DFRobot_RainfallSensor11getRainfallEh+0x78>)
   b4eec:	e9d3 2300 	ldrd	r2, r3, [r3]
   b4ef0:	f7ff fb7c 	bl	b45ec <__aeabi_ddiv>
   b4ef4:	f7ff fc62 	bl	b47bc <__aeabi_d2f>
   b4ef8:	ee00 0a10 	vmov	s0, r0
   b4efc:	e7f0      	b.n	b4ee0 <_ZN22DFRobot_RainfallSensor11getRainfallEh+0x30>
    writeRegister( eHoldingRegRainHourSEN0575, hour );
   b4efe:	f89d 2007 	ldrb.w	r2, [sp, #7]
   b4f02:	68db      	ldr	r3, [r3, #12]
   b4f04:	2106      	movs	r1, #6
   b4f06:	4798      	blx	r3
    rainfall = readRegister( eInputRegTimeRainFallHSEN0575 );
   b4f08:	6823      	ldr	r3, [r4, #0]
   b4f0a:	2107      	movs	r1, #7
   b4f0c:	685b      	ldr	r3, [r3, #4]
   b4f0e:	4620      	mov	r0, r4
   b4f10:	4798      	blx	r3
    rainfall = rainfall << 16 | readRegister( eInputRegTimeRainFallLSEN0575 );
   b4f12:	6823      	ldr	r3, [r4, #0]
   b4f14:	0405      	lsls	r5, r0, #16
   b4f16:	685b      	ldr	r3, [r3, #4]
   b4f18:	2106      	movs	r1, #6
   b4f1a:	4620      	mov	r0, r4
   b4f1c:	4798      	blx	r3
   b4f1e:	4328      	orrs	r0, r5
   b4f20:	e7e1      	b.n	b4ee6 <_ZN22DFRobot_RainfallSensor11getRainfallEh+0x36>
   b4f22:	bf00      	nop
   b4f24:	f3af 8000 	nop.w
   b4f28:	00000000 	.word	0x00000000
   b4f2c:	40c38800 	.word	0x40c38800

000b4f30 <_ZN22DFRobot_RainfallSensor10getRawDataEv>:
{
   b4f30:	b537      	push	{r0, r1, r2, r4, r5, lr}
  if(_mode == IIC_MODE){
   b4f32:	7c02      	ldrb	r2, [r0, #16]
    readRegister( I2C_REG_RAW_DATA, (void*)buff, 4 );
   b4f34:	6803      	ldr	r3, [r0, #0]
{
   b4f36:	4604      	mov	r4, r0
  if(_mode == IIC_MODE){
   b4f38:	b94a      	cbnz	r2, b4f4e <_ZN22DFRobot_RainfallSensor10getRawDataEv+0x1e>
    uint8_t buff[4] = { 0 };
   b4f3a:	9201      	str	r2, [sp, #4]
    readRegister( I2C_REG_RAW_DATA, (void*)buff, 4 );
   b4f3c:	681c      	ldr	r4, [r3, #0]
   b4f3e:	2304      	movs	r3, #4
   b4f40:	eb0d 0203 	add.w	r2, sp, r3
   b4f44:	2114      	movs	r1, #20
   b4f46:	47a0      	blx	r4
    rawdata = buff[0] | ( ( (uint32_t)buff[1] ) << 8 ) | ( ( (uint32_t)buff[2] ) << 16 ) | ( ( (uint32_t)buff[3]) << 24 );
   b4f48:	9801      	ldr	r0, [sp, #4]
}
   b4f4a:	b003      	add	sp, #12
   b4f4c:	bd30      	pop	{r4, r5, pc}
    rawdata = readRegister( eInputRegRawDataHSEN0575 );
   b4f4e:	685b      	ldr	r3, [r3, #4]
   b4f50:	210b      	movs	r1, #11
   b4f52:	4798      	blx	r3
    rawdata = rawdata << 16 | readRegister( eInputRegRawDataLSEN0575 );
   b4f54:	6823      	ldr	r3, [r4, #0]
   b4f56:	0405      	lsls	r5, r0, #16
   b4f58:	685b      	ldr	r3, [r3, #4]
   b4f5a:	210a      	movs	r1, #10
   b4f5c:	4620      	mov	r0, r4
   b4f5e:	4798      	blx	r3
   b4f60:	4328      	orrs	r0, r5
  return rawdata;
   b4f62:	e7f2      	b.n	b4f4a <_ZN22DFRobot_RainfallSensor10getRawDataEv+0x1a>

000b4f64 <_ZN22DFRobot_RainfallSensor20getSensorWorkingTimeEv>:
{
   b4f64:	b513      	push	{r0, r1, r4, lr}
  if(_mode == IIC_MODE){
   b4f66:	7c03      	ldrb	r3, [r0, #16]
    readRegister( I2C_REG_SYS_TIME, (void*)buff, 2 );
   b4f68:	6802      	ldr	r2, [r0, #0]
  if(_mode == IIC_MODE){
   b4f6a:	b9a3      	cbnz	r3, b4f96 <_ZN22DFRobot_RainfallSensor20getSensorWorkingTimeEv+0x32>
    uint8_t buff[2] = { 0 };
   b4f6c:	f8ad 3004 	strh.w	r3, [sp, #4]
    readRegister( I2C_REG_SYS_TIME, (void*)buff, 2 );
   b4f70:	6814      	ldr	r4, [r2, #0]
   b4f72:	2302      	movs	r3, #2
   b4f74:	aa01      	add	r2, sp, #4
   b4f76:	2118      	movs	r1, #24
   b4f78:	47a0      	blx	r4
    WorkingTime = buff[0] | ( ( (uint32_t)buff[1] ) << 8 );
   b4f7a:	f8bd 0004 	ldrh.w	r0, [sp, #4]
  return WorkingTime / 60.0;
   b4f7e:	f7ff f9a1 	bl	b42c4 <__aeabi_i2d>
   b4f82:	4b07      	ldr	r3, [pc, #28]	; (b4fa0 <_ZN22DFRobot_RainfallSensor20getSensorWorkingTimeEv+0x3c>)
   b4f84:	2200      	movs	r2, #0
   b4f86:	f7ff fb31 	bl	b45ec <__aeabi_ddiv>
   b4f8a:	f7ff fc17 	bl	b47bc <__aeabi_d2f>
}
   b4f8e:	ee00 0a10 	vmov	s0, r0
   b4f92:	b002      	add	sp, #8
   b4f94:	bd10      	pop	{r4, pc}
    WorkingTime = readRegister( eInputRegSysWorkingTimeSEN0575 );
   b4f96:	6853      	ldr	r3, [r2, #4]
   b4f98:	210c      	movs	r1, #12
   b4f9a:	4798      	blx	r3
   b4f9c:	e7ef      	b.n	b4f7e <_ZN22DFRobot_RainfallSensor20getSensorWorkingTimeEv+0x1a>
   b4f9e:	bf00      	nop
   b4fa0:	404e0000 	.word	0x404e0000

000b4fa4 <_ZN26DFRobot_RainfallSensor_I2CC1EP7TwoWire>:
  _mode = mode;
   b4fa4:	2200      	movs	r2, #0
  vid = 0;
   b4fa6:	e9c0 2201 	strd	r2, r2, [r0, #4]
  _mode = mode;
   b4faa:	7402      	strb	r2, [r0, #16]
:DFRobot_RainfallSensor(IIC_MODE),_pWire(pWire)
   b4fac:	4a02      	ldr	r2, [pc, #8]	; (b4fb8 <_ZN26DFRobot_RainfallSensor_I2CC1EP7TwoWire+0x14>)
   b4fae:	6002      	str	r2, [r0, #0]
  _deviceAddr = 0x1D;
   b4fb0:	221d      	movs	r2, #29
:DFRobot_RainfallSensor(IIC_MODE),_pWire(pWire)
   b4fb2:	6141      	str	r1, [r0, #20]
  _deviceAddr = 0x1D;
   b4fb4:	7602      	strb	r2, [r0, #24]
}
   b4fb6:	4770      	bx	lr
   b4fb8:	000b7890 	.word	0x000b7890

000b4fbc <_ZN26DFRobot_RainfallSensor_I2C5beginEv>:
{
   b4fbc:	b510      	push	{r4, lr}
   b4fbe:	4604      	mov	r4, r0
  _pWire->begin();
   b4fc0:	6940      	ldr	r0, [r0, #20]
   b4fc2:	f002 f8ff 	bl	b71c4 <_ZN7TwoWire5beginEv>
  return getPidVid();
   b4fc6:	4620      	mov	r0, r4
}
   b4fc8:	e8bd 4010 	ldmia.w	sp!, {r4, lr}
  return getPidVid();
   b4fcc:	f7ff bf06 	b.w	b4ddc <_ZN22DFRobot_RainfallSensor9getPidVidEv>

000b4fd0 <netdb_freeaddrinfo>:

DYNALIB_BEGIN(hal_netdb)

DYNALIB_FN(0, hal_netdb, netdb_gethostbyname, struct hostent*(const char*))
DYNALIB_FN(1, hal_netdb, netdb_gethostbyname_r, int(const char*, struct hostent*, char*, size_t, struct hostent**, int*))
DYNALIB_FN(2, hal_netdb, netdb_freeaddrinfo, void(struct addrinfo*))
   b4fd0:	b508      	push	{r3, lr}
   b4fd2:	4b02      	ldr	r3, [pc, #8]	; (b4fdc <netdb_freeaddrinfo+0xc>)
   b4fd4:	681b      	ldr	r3, [r3, #0]
   b4fd6:	689b      	ldr	r3, [r3, #8]
   b4fd8:	9301      	str	r3, [sp, #4]
   b4fda:	bd08      	pop	{r3, pc}
   b4fdc:	00030268 	.word	0x00030268

000b4fe0 <netdb_getaddrinfo_ex>:
DYNALIB_FN(3, hal_netdb, netdb_getaddrinfo, int(const char*, const char*, const struct addrinfo*, struct addrinfo**))
DYNALIB_FN(4, hal_netdb, netdb_getnameinfo, int(const struct sockaddr*, socklen_t, char*, socklen_t, char*, socklen_t, int))
DYNALIB_FN(5, hal_netdb, netdb_getaddrinfo_ex, int(const char*, const char*, const struct addrinfo*, struct addrinfo**, if_t))
   b4fe0:	b508      	push	{r3, lr}
   b4fe2:	4b02      	ldr	r3, [pc, #8]	; (b4fec <netdb_getaddrinfo_ex+0xc>)
   b4fe4:	681b      	ldr	r3, [r3, #0]
   b4fe6:	695b      	ldr	r3, [r3, #20]
   b4fe8:	9301      	str	r3, [sp, #4]
   b4fea:	bd08      	pop	{r3, pc}
   b4fec:	00030268 	.word	0x00030268

000b4ff0 <if_get_by_index>:
DYNALIB_FN(1, hal_ifapi, if_free_list, int(struct if_list*))
DYNALIB_FN(2, hal_ifapi, if_get_name_index, int(struct if_nameindex**))
DYNALIB_FN(3, hal_ifapi, if_free_name_index, int(struct if_nameindex*))
DYNALIB_FN(4, hal_ifapi, if_name_to_index, int(const char*, uint8_t*))
DYNALIB_FN(5, hal_ifapi, if_index_to_name, int(uint8_t, char*))
DYNALIB_FN(6, hal_ifapi, if_get_by_index, int(uint8_t, if_t*))
   b4ff0:	b508      	push	{r3, lr}
   b4ff2:	4b02      	ldr	r3, [pc, #8]	; (b4ffc <if_get_by_index+0xc>)
   b4ff4:	681b      	ldr	r3, [r3, #0]
   b4ff6:	699b      	ldr	r3, [r3, #24]
   b4ff8:	9301      	str	r3, [sp, #4]
   b4ffa:	bd08      	pop	{r3, pc}
   b4ffc:	0003026c 	.word	0x0003026c

000b5000 <HAL_RNG_GetRandomNumber>:

DYNALIB_BEGIN(hal)

#if PLATFORM_ID > PLATFORM_GCC
DYNALIB_FN(0, hal, HAL_RNG_Configuration, void(void))
DYNALIB_FN(1, hal, HAL_RNG_GetRandomNumber, uint32_t(void))
   b5000:	b508      	push	{r3, lr}
   b5002:	4b02      	ldr	r3, [pc, #8]	; (b500c <HAL_RNG_GetRandomNumber+0xc>)
   b5004:	681b      	ldr	r3, [r3, #0]
   b5006:	685b      	ldr	r3, [r3, #4]
   b5008:	9301      	str	r3, [sp, #4]
   b500a:	bd08      	pop	{r3, pc}
   b500c:	00030218 	.word	0x00030218

000b5010 <HAL_Timer_Get_Milli_Seconds>:
#endif // PLATFORM_ID > PLATFORM_GCC

DYNALIB_FN(BASE_IDX + 0, hal, HAL_Delay_Milliseconds, void(uint32_t))
DYNALIB_FN(BASE_IDX + 1, hal, HAL_Delay_Microseconds, void(uint32_t))
DYNALIB_FN(BASE_IDX + 2, hal, HAL_Timer_Get_Micro_Seconds, system_tick_t(void))
DYNALIB_FN(BASE_IDX + 3, hal, HAL_Timer_Get_Milli_Seconds, system_tick_t(void))
   b5010:	b508      	push	{r3, lr}
   b5012:	4b02      	ldr	r3, [pc, #8]	; (b501c <HAL_Timer_Get_Milli_Seconds+0xc>)
   b5014:	681b      	ldr	r3, [r3, #0]
   b5016:	695b      	ldr	r3, [r3, #20]
   b5018:	9301      	str	r3, [sp, #4]
   b501a:	bd08      	pop	{r3, pc}
   b501c:	00030218 	.word	0x00030218

000b5020 <os_mutex_recursive_create>:
DYNALIB_FN(13, hal_concurrent, os_mutex_destroy, int(os_mutex_t))
DYNALIB_FN(14, hal_concurrent, os_mutex_lock, int(os_mutex_t))
DYNALIB_FN(15, hal_concurrent, os_mutex_trylock, int(os_mutex_t))
DYNALIB_FN(16, hal_concurrent, os_mutex_unlock, int(os_mutex_t))

DYNALIB_FN(17, hal_concurrent, os_mutex_recursive_create, int(os_mutex_recursive_t*))
   b5020:	b508      	push	{r3, lr}
   b5022:	4b02      	ldr	r3, [pc, #8]	; (b502c <os_mutex_recursive_create+0xc>)
   b5024:	681b      	ldr	r3, [r3, #0]
   b5026:	6c5b      	ldr	r3, [r3, #68]	; 0x44
   b5028:	9301      	str	r3, [sp, #4]
   b502a:	bd08      	pop	{r3, pc}
   b502c:	00030248 	.word	0x00030248

000b5030 <os_mutex_recursive_destroy>:
DYNALIB_FN(18, hal_concurrent, os_mutex_recursive_destroy, int(os_mutex_recursive_t))
   b5030:	b508      	push	{r3, lr}
   b5032:	4b02      	ldr	r3, [pc, #8]	; (b503c <os_mutex_recursive_destroy+0xc>)
   b5034:	681b      	ldr	r3, [r3, #0]
   b5036:	6c9b      	ldr	r3, [r3, #72]	; 0x48
   b5038:	9301      	str	r3, [sp, #4]
   b503a:	bd08      	pop	{r3, pc}
   b503c:	00030248 	.word	0x00030248

000b5040 <os_mutex_recursive_lock>:
DYNALIB_FN(19, hal_concurrent, os_mutex_recursive_lock, int(os_mutex_recursive_t))
   b5040:	b508      	push	{r3, lr}
   b5042:	4b02      	ldr	r3, [pc, #8]	; (b504c <os_mutex_recursive_lock+0xc>)
   b5044:	681b      	ldr	r3, [r3, #0]
   b5046:	6cdb      	ldr	r3, [r3, #76]	; 0x4c
   b5048:	9301      	str	r3, [sp, #4]
   b504a:	bd08      	pop	{r3, pc}
   b504c:	00030248 	.word	0x00030248

000b5050 <os_mutex_recursive_unlock>:
DYNALIB_FN(20, hal_concurrent, os_mutex_recursive_trylock, int(os_mutex_recursive_t))
DYNALIB_FN(21, hal_concurrent, os_mutex_recursive_unlock, int(os_mutex_recursive_t))
   b5050:	b508      	push	{r3, lr}
   b5052:	4b02      	ldr	r3, [pc, #8]	; (b505c <os_mutex_recursive_unlock+0xc>)
   b5054:	681b      	ldr	r3, [r3, #0]
   b5056:	6d5b      	ldr	r3, [r3, #84]	; 0x54
   b5058:	9301      	str	r3, [sp, #4]
   b505a:	bd08      	pop	{r3, pc}
   b505c:	00030248 	.word	0x00030248

000b5060 <inet_inet_ntop>:
DYNALIB_FN(0, hal_inet, inet_inet_addr, in_addr_t(const char*))
DYNALIB_FN(1, hal_inet, inet_inet_aton, int(const char*, struct in_addr*))
DYNALIB_FN(2, hal_inet, inet_inet_network, in_addr_t(const char*))
DYNALIB_FN(3, hal_inet, inet_inet_ntoa, char*(struct in_addr))
DYNALIB_FN(4, hal_inet, inet_inet_ntoa_r, char*(struct in_addr, char*, socklen_t))
DYNALIB_FN(5, hal_inet, inet_inet_ntop, const char*(int, const void*, char*, socklen_t))
   b5060:	b508      	push	{r3, lr}
   b5062:	4b02      	ldr	r3, [pc, #8]	; (b506c <inet_inet_ntop+0xc>)
   b5064:	681b      	ldr	r3, [r3, #0]
   b5066:	695b      	ldr	r3, [r3, #20]
   b5068:	9301      	str	r3, [sp, #4]
   b506a:	bd08      	pop	{r3, pc}
   b506c:	00030264 	.word	0x00030264

000b5070 <hal_usart_end>:
#define BASE_IDX 0
#endif

DYNALIB_FN(BASE_IDX + 0, hal_usart, hal_usart_init, void(hal_usart_interface_t, hal_usart_ring_buffer_t*, hal_usart_ring_buffer_t*))
DYNALIB_FN(BASE_IDX + 1, hal_usart, hal_usart_begin, void(hal_usart_interface_t, uint32_t))
DYNALIB_FN(BASE_IDX + 2, hal_usart, hal_usart_end, void(hal_usart_interface_t))
   b5070:	b508      	push	{r3, lr}
   b5072:	4b02      	ldr	r3, [pc, #8]	; (b507c <hal_usart_end+0xc>)
   b5074:	681b      	ldr	r3, [r3, #0]
   b5076:	689b      	ldr	r3, [r3, #8]
   b5078:	9301      	str	r3, [sp, #4]
   b507a:	bd08      	pop	{r3, pc}
   b507c:	0003023c 	.word	0x0003023c

000b5080 <hal_usart_write>:
DYNALIB_FN(BASE_IDX + 3, hal_usart, hal_usart_write, uint32_t(hal_usart_interface_t, uint8_t))
   b5080:	b508      	push	{r3, lr}
   b5082:	4b02      	ldr	r3, [pc, #8]	; (b508c <hal_usart_write+0xc>)
   b5084:	681b      	ldr	r3, [r3, #0]
   b5086:	68db      	ldr	r3, [r3, #12]
   b5088:	9301      	str	r3, [sp, #4]
   b508a:	bd08      	pop	{r3, pc}
   b508c:	0003023c 	.word	0x0003023c

000b5090 <hal_usart_available>:
DYNALIB_FN(BASE_IDX + 4, hal_usart, hal_usart_available, int32_t(hal_usart_interface_t))
   b5090:	b508      	push	{r3, lr}
   b5092:	4b02      	ldr	r3, [pc, #8]	; (b509c <hal_usart_available+0xc>)
   b5094:	681b      	ldr	r3, [r3, #0]
   b5096:	691b      	ldr	r3, [r3, #16]
   b5098:	9301      	str	r3, [sp, #4]
   b509a:	bd08      	pop	{r3, pc}
   b509c:	0003023c 	.word	0x0003023c

000b50a0 <hal_usart_read>:
DYNALIB_FN(BASE_IDX + 5, hal_usart, hal_usart_read, int32_t(hal_usart_interface_t))
   b50a0:	b508      	push	{r3, lr}
   b50a2:	4b02      	ldr	r3, [pc, #8]	; (b50ac <hal_usart_read+0xc>)
   b50a4:	681b      	ldr	r3, [r3, #0]
   b50a6:	695b      	ldr	r3, [r3, #20]
   b50a8:	9301      	str	r3, [sp, #4]
   b50aa:	bd08      	pop	{r3, pc}
   b50ac:	0003023c 	.word	0x0003023c

000b50b0 <hal_usart_peek>:
DYNALIB_FN(BASE_IDX + 6, hal_usart, hal_usart_peek, int32_t(hal_usart_interface_t))
   b50b0:	b508      	push	{r3, lr}
   b50b2:	4b02      	ldr	r3, [pc, #8]	; (b50bc <hal_usart_peek+0xc>)
   b50b4:	681b      	ldr	r3, [r3, #0]
   b50b6:	699b      	ldr	r3, [r3, #24]
   b50b8:	9301      	str	r3, [sp, #4]
   b50ba:	bd08      	pop	{r3, pc}
   b50bc:	0003023c 	.word	0x0003023c

000b50c0 <hal_usart_flush>:
DYNALIB_FN(BASE_IDX + 7, hal_usart, hal_usart_flush, void(hal_usart_interface_t))
   b50c0:	b508      	push	{r3, lr}
   b50c2:	4b02      	ldr	r3, [pc, #8]	; (b50cc <hal_usart_flush+0xc>)
   b50c4:	681b      	ldr	r3, [r3, #0]
   b50c6:	69db      	ldr	r3, [r3, #28]
   b50c8:	9301      	str	r3, [sp, #4]
   b50ca:	bd08      	pop	{r3, pc}
   b50cc:	0003023c 	.word	0x0003023c

000b50d0 <hal_usart_available_data_for_write>:
DYNALIB_FN(BASE_IDX + 8, hal_usart, hal_usart_is_enabled, bool(hal_usart_interface_t))
DYNALIB_FN(BASE_IDX + 9, hal_usart, hal_usart_half_duplex, void(hal_usart_interface_t, bool))
DYNALIB_FN(BASE_IDX + 10, hal_usart, hal_usart_available_data_for_write, int32_t(hal_usart_interface_t))
   b50d0:	b508      	push	{r3, lr}
   b50d2:	4b02      	ldr	r3, [pc, #8]	; (b50dc <hal_usart_available_data_for_write+0xc>)
   b50d4:	681b      	ldr	r3, [r3, #0]
   b50d6:	6a9b      	ldr	r3, [r3, #40]	; 0x28
   b50d8:	9301      	str	r3, [sp, #4]
   b50da:	bd08      	pop	{r3, pc}
   b50dc:	0003023c 	.word	0x0003023c

000b50e0 <hal_usart_begin_config>:
#define BASE_IDX2 (BASE_IDX+13)
#else
#define BASE_IDX2 (BASE_IDX+11)
#endif

DYNALIB_FN(BASE_IDX2 + 0, hal_usart, hal_usart_begin_config, void(hal_usart_interface_t serial, uint32_t baud, uint32_t config, void *ptr))
   b50e0:	b508      	push	{r3, lr}
   b50e2:	4b02      	ldr	r3, [pc, #8]	; (b50ec <hal_usart_begin_config+0xc>)
   b50e4:	681b      	ldr	r3, [r3, #0]
   b50e6:	6adb      	ldr	r3, [r3, #44]	; 0x2c
   b50e8:	9301      	str	r3, [sp, #4]
   b50ea:	bd08      	pop	{r3, pc}
   b50ec:	0003023c 	.word	0x0003023c

000b50f0 <hal_usart_init_ex>:
DYNALIB_FN(BASE_IDX2 + 1, hal_usart, hal_usart_write_nine_bits, uint32_t(hal_usart_interface_t serial, uint16_t data))
DYNALIB_FN(BASE_IDX2 + 2, hal_usart, hal_usart_send_break, void(hal_usart_interface_t, void*))
DYNALIB_FN(BASE_IDX2 + 3, hal_usart, hal_usart_break_detected, uint8_t(hal_usart_interface_t))
DYNALIB_FN(BASE_IDX2 + 4, hal_usart, hal_usart_sleep, int(hal_usart_interface_t serial, bool, void*))
DYNALIB_FN(BASE_IDX2 + 5, hal_usart, hal_usart_init_ex, int(hal_usart_interface_t, const hal_usart_buffer_config_t*, void*))
   b50f0:	b508      	push	{r3, lr}
   b50f2:	4b02      	ldr	r3, [pc, #8]	; (b50fc <hal_usart_init_ex+0xc>)
   b50f4:	681b      	ldr	r3, [r3, #0]
   b50f6:	6c1b      	ldr	r3, [r3, #64]	; 0x40
   b50f8:	9301      	str	r3, [sp, #4]
   b50fa:	bd08      	pop	{r3, pc}
   b50fc:	0003023c 	.word	0x0003023c

000b5100 <hal_i2c_begin>:
DYNALIB_BEGIN(hal_i2c)

DYNALIB_FN(0, hal_i2c, hal_i2c_set_speed, void(hal_i2c_interface_t, uint32_t, void*))
DYNALIB_FN(1, hal_i2c, hal_i2c_enable_dma_mode, void(hal_i2c_interface_t, bool, void*))
DYNALIB_FN(2, hal_i2c, hal_i2c_stretch_clock, void(hal_i2c_interface_t, bool, void*))
DYNALIB_FN(3, hal_i2c, hal_i2c_begin, void(hal_i2c_interface_t, hal_i2c_mode_t, uint8_t, void*))
   b5100:	b508      	push	{r3, lr}
   b5102:	4b02      	ldr	r3, [pc, #8]	; (b510c <hal_i2c_begin+0xc>)
   b5104:	681b      	ldr	r3, [r3, #0]
   b5106:	68db      	ldr	r3, [r3, #12]
   b5108:	9301      	str	r3, [sp, #4]
   b510a:	bd08      	pop	{r3, pc}
   b510c:	00030228 	.word	0x00030228

000b5110 <hal_i2c_begin_transmission>:
DYNALIB_FN(4, hal_i2c, hal_i2c_end, void(hal_i2c_interface_t, void*))
DYNALIB_FN(5, hal_i2c, hal_i2c_request, uint32_t(hal_i2c_interface_t, uint8_t, uint8_t, uint8_t, void*))
DYNALIB_FN(6, hal_i2c, hal_i2c_begin_transmission, void(hal_i2c_interface_t, uint8_t, const hal_i2c_transmission_config_t*))
   b5110:	b508      	push	{r3, lr}
   b5112:	4b02      	ldr	r3, [pc, #8]	; (b511c <hal_i2c_begin_transmission+0xc>)
   b5114:	681b      	ldr	r3, [r3, #0]
   b5116:	699b      	ldr	r3, [r3, #24]
   b5118:	9301      	str	r3, [sp, #4]
   b511a:	bd08      	pop	{r3, pc}
   b511c:	00030228 	.word	0x00030228

000b5120 <hal_i2c_end_transmission>:
DYNALIB_FN(7, hal_i2c, hal_i2c_end_transmission, uint8_t(hal_i2c_interface_t, uint8_t, void*))
   b5120:	b508      	push	{r3, lr}
   b5122:	4b02      	ldr	r3, [pc, #8]	; (b512c <hal_i2c_end_transmission+0xc>)
   b5124:	681b      	ldr	r3, [r3, #0]
   b5126:	69db      	ldr	r3, [r3, #28]
   b5128:	9301      	str	r3, [sp, #4]
   b512a:	bd08      	pop	{r3, pc}
   b512c:	00030228 	.word	0x00030228

000b5130 <hal_i2c_write>:
DYNALIB_FN(8, hal_i2c, hal_i2c_write, uint32_t(hal_i2c_interface_t, uint8_t, void*))
   b5130:	b508      	push	{r3, lr}
   b5132:	4b02      	ldr	r3, [pc, #8]	; (b513c <hal_i2c_write+0xc>)
   b5134:	681b      	ldr	r3, [r3, #0]
   b5136:	6a1b      	ldr	r3, [r3, #32]
   b5138:	9301      	str	r3, [sp, #4]
   b513a:	bd08      	pop	{r3, pc}
   b513c:	00030228 	.word	0x00030228

000b5140 <hal_i2c_available>:
DYNALIB_FN(9, hal_i2c, hal_i2c_available, int32_t(hal_i2c_interface_t, void*))
   b5140:	b508      	push	{r3, lr}
   b5142:	4b02      	ldr	r3, [pc, #8]	; (b514c <hal_i2c_available+0xc>)
   b5144:	681b      	ldr	r3, [r3, #0]
   b5146:	6a5b      	ldr	r3, [r3, #36]	; 0x24
   b5148:	9301      	str	r3, [sp, #4]
   b514a:	bd08      	pop	{r3, pc}
   b514c:	00030228 	.word	0x00030228

000b5150 <hal_i2c_read>:
DYNALIB_FN(10, hal_i2c, hal_i2c_read, int32_t(hal_i2c_interface_t, void*))
   b5150:	b508      	push	{r3, lr}
   b5152:	4b02      	ldr	r3, [pc, #8]	; (b515c <hal_i2c_read+0xc>)
   b5154:	681b      	ldr	r3, [r3, #0]
   b5156:	6a9b      	ldr	r3, [r3, #40]	; 0x28
   b5158:	9301      	str	r3, [sp, #4]
   b515a:	bd08      	pop	{r3, pc}
   b515c:	00030228 	.word	0x00030228

000b5160 <hal_i2c_peek>:
DYNALIB_FN(11, hal_i2c, hal_i2c_peek, int32_t(hal_i2c_interface_t, void*))
   b5160:	b508      	push	{r3, lr}
   b5162:	4b02      	ldr	r3, [pc, #8]	; (b516c <hal_i2c_peek+0xc>)
   b5164:	681b      	ldr	r3, [r3, #0]
   b5166:	6adb      	ldr	r3, [r3, #44]	; 0x2c
   b5168:	9301      	str	r3, [sp, #4]
   b516a:	bd08      	pop	{r3, pc}
   b516c:	00030228 	.word	0x00030228

000b5170 <hal_i2c_flush>:
DYNALIB_FN(12, hal_i2c, hal_i2c_flush, void(hal_i2c_interface_t, void*))
   b5170:	b508      	push	{r3, lr}
   b5172:	4b02      	ldr	r3, [pc, #8]	; (b517c <hal_i2c_flush+0xc>)
   b5174:	681b      	ldr	r3, [r3, #0]
   b5176:	6b1b      	ldr	r3, [r3, #48]	; 0x30
   b5178:	9301      	str	r3, [sp, #4]
   b517a:	bd08      	pop	{r3, pc}
   b517c:	00030228 	.word	0x00030228

000b5180 <hal_i2c_init>:
DYNALIB_FN(13, hal_i2c, hal_i2c_is_enabled, bool(hal_i2c_interface_t, void*))
DYNALIB_FN(14, hal_i2c, hal_i2c_set_callback_on_received, void(hal_i2c_interface_t, void(*)(int), void*))
DYNALIB_FN(15, hal_i2c, hal_i2c_set_callback_on_requested, void(hal_i2c_interface_t, void(*)(void), void*))
DYNALIB_FN(16, hal_i2c, hal_i2c_init, int(hal_i2c_interface_t, const hal_i2c_config_t*))
   b5180:	b508      	push	{r3, lr}
   b5182:	4b02      	ldr	r3, [pc, #8]	; (b518c <hal_i2c_init+0xc>)
   b5184:	681b      	ldr	r3, [r3, #0]
   b5186:	6c1b      	ldr	r3, [r3, #64]	; 0x40
   b5188:	9301      	str	r3, [sp, #4]
   b518a:	bd08      	pop	{r3, pc}
   b518c:	00030228 	.word	0x00030228

000b5190 <hal_i2c_request_ex>:
DYNALIB_FN(17, hal_i2c, hal_i2c_reset, int(hal_i2c_interface_t, uint32_t, void*))
DYNALIB_FN(18, hal_i2c, hal_i2c_lock, int32_t(hal_i2c_interface_t, void*))
DYNALIB_FN(19, hal_i2c, hal_i2c_unlock, int32_t(hal_i2c_interface_t, void*))
DYNALIB_FN(20, hal_i2c, hal_i2c_request_ex, int32_t(hal_i2c_interface_t, const hal_i2c_transmission_config_t*, void*))
   b5190:	b508      	push	{r3, lr}
   b5192:	4b02      	ldr	r3, [pc, #8]	; (b519c <hal_i2c_request_ex+0xc>)
   b5194:	681b      	ldr	r3, [r3, #0]
   b5196:	6d1b      	ldr	r3, [r3, #80]	; 0x50
   b5198:	9301      	str	r3, [sp, #4]
   b519a:	bd08      	pop	{r3, pc}
   b519c:	00030228 	.word	0x00030228

000b51a0 <HAL_USB_USART_Init>:
// GNINRAW

DYNALIB_BEGIN(hal_usb)

#ifdef USB_CDC_ENABLE
DYNALIB_FN(0, hal_usb, HAL_USB_USART_Init, void(HAL_USB_USART_Serial, const HAL_USB_USART_Config*))
   b51a0:	b508      	push	{r3, lr}
   b51a2:	4b02      	ldr	r3, [pc, #8]	; (b51ac <HAL_USB_USART_Init+0xc>)
   b51a4:	681b      	ldr	r3, [r3, #0]
   b51a6:	681b      	ldr	r3, [r3, #0]
   b51a8:	9301      	str	r3, [sp, #4]
   b51aa:	bd08      	pop	{r3, pc}
   b51ac:	0003024c 	.word	0x0003024c

000b51b0 <HAL_USB_USART_Begin>:
DYNALIB_FN(1, hal_usb, HAL_USB_USART_Begin, void(HAL_USB_USART_Serial, uint32_t, void *))
   b51b0:	b508      	push	{r3, lr}
   b51b2:	4b02      	ldr	r3, [pc, #8]	; (b51bc <HAL_USB_USART_Begin+0xc>)
   b51b4:	681b      	ldr	r3, [r3, #0]
   b51b6:	685b      	ldr	r3, [r3, #4]
   b51b8:	9301      	str	r3, [sp, #4]
   b51ba:	bd08      	pop	{r3, pc}
   b51bc:	0003024c 	.word	0x0003024c

000b51c0 <HAL_USB_USART_End>:
DYNALIB_FN(2, hal_usb, HAL_USB_USART_End, void(HAL_USB_USART_Serial))
   b51c0:	b508      	push	{r3, lr}
   b51c2:	4b02      	ldr	r3, [pc, #8]	; (b51cc <HAL_USB_USART_End+0xc>)
   b51c4:	681b      	ldr	r3, [r3, #0]
   b51c6:	689b      	ldr	r3, [r3, #8]
   b51c8:	9301      	str	r3, [sp, #4]
   b51ca:	bd08      	pop	{r3, pc}
   b51cc:	0003024c 	.word	0x0003024c

000b51d0 <HAL_USB_USART_Available_Data>:
DYNALIB_FN(3, hal_usb, HAL_USB_USART_Baud_Rate, unsigned int(HAL_USB_USART_Serial))
DYNALIB_FN_WRAP(4, hal_usb, HAL_USB_USART_Available_Data, protected, int32_t(HAL_USB_USART_Serial))
   b51d0:	b508      	push	{r3, lr}
   b51d2:	4b02      	ldr	r3, [pc, #8]	; (b51dc <HAL_USB_USART_Available_Data+0xc>)
   b51d4:	681b      	ldr	r3, [r3, #0]
   b51d6:	691b      	ldr	r3, [r3, #16]
   b51d8:	9301      	str	r3, [sp, #4]
   b51da:	bd08      	pop	{r3, pc}
   b51dc:	0003024c 	.word	0x0003024c

000b51e0 <HAL_USB_USART_Available_Data_For_Write>:
DYNALIB_FN_WRAP(5, hal_usb, HAL_USB_USART_Available_Data_For_Write, protected, int32_t(HAL_USB_USART_Serial))
   b51e0:	b508      	push	{r3, lr}
   b51e2:	4b02      	ldr	r3, [pc, #8]	; (b51ec <HAL_USB_USART_Available_Data_For_Write+0xc>)
   b51e4:	681b      	ldr	r3, [r3, #0]
   b51e6:	695b      	ldr	r3, [r3, #20]
   b51e8:	9301      	str	r3, [sp, #4]
   b51ea:	bd08      	pop	{r3, pc}
   b51ec:	0003024c 	.word	0x0003024c

000b51f0 <HAL_USB_USART_Receive_Data>:
DYNALIB_FN_WRAP(6, hal_usb, HAL_USB_USART_Receive_Data, protected, int32_t(HAL_USB_USART_Serial, uint8_t))
   b51f0:	b508      	push	{r3, lr}
   b51f2:	4b02      	ldr	r3, [pc, #8]	; (b51fc <HAL_USB_USART_Receive_Data+0xc>)
   b51f4:	681b      	ldr	r3, [r3, #0]
   b51f6:	699b      	ldr	r3, [r3, #24]
   b51f8:	9301      	str	r3, [sp, #4]
   b51fa:	bd08      	pop	{r3, pc}
   b51fc:	0003024c 	.word	0x0003024c

000b5200 <HAL_USB_USART_Send_Data>:
DYNALIB_FN_WRAP(7, hal_usb, HAL_USB_USART_Send_Data, protected, int32_t(HAL_USB_USART_Serial, uint8_t))
   b5200:	b508      	push	{r3, lr}
   b5202:	4b02      	ldr	r3, [pc, #8]	; (b520c <HAL_USB_USART_Send_Data+0xc>)
   b5204:	681b      	ldr	r3, [r3, #0]
   b5206:	69db      	ldr	r3, [r3, #28]
   b5208:	9301      	str	r3, [sp, #4]
   b520a:	bd08      	pop	{r3, pc}
   b520c:	0003024c 	.word	0x0003024c

000b5210 <HAL_USB_USART_Flush_Data>:
DYNALIB_FN_WRAP(8, hal_usb, HAL_USB_USART_Flush_Data, protected, void(HAL_USB_USART_Serial))
   b5210:	b508      	push	{r3, lr}
   b5212:	4b02      	ldr	r3, [pc, #8]	; (b521c <HAL_USB_USART_Flush_Data+0xc>)
   b5214:	681b      	ldr	r3, [r3, #0]
   b5216:	6a1b      	ldr	r3, [r3, #32]
   b5218:	9301      	str	r3, [sp, #4]
   b521a:	bd08      	pop	{r3, pc}
   b521c:	0003024c 	.word	0x0003024c

000b5220 <log_message_v>:
DYNALIB_FN(17, services, LED_RGB_SetChangeHandler, void(led_update_handler_fn, void*))
DYNALIB_FN(18, services, log_print_direct_, void(int, void*, const char*, ...)) // Deprecated
DYNALIB_FN(19, services, LED_GetColor, uint32_t(uint32_t, void*))

DYNALIB_FN(20, services, log_message, void(int, const char*, LogAttributes*, void*, const char*, ...))
DYNALIB_FN(21, services, log_message_v, void(int, const char*, LogAttributes*, void*, const char*, va_list))
   b5220:	b508      	push	{r3, lr}
   b5222:	4b02      	ldr	r3, [pc, #8]	; (b522c <log_message_v+0xc>)
   b5224:	681b      	ldr	r3, [r3, #0]
   b5226:	6d5b      	ldr	r3, [r3, #84]	; 0x54
   b5228:	9301      	str	r3, [sp, #4]
   b522a:	bd08      	pop	{r3, pc}
   b522c:	00030260 	.word	0x00030260

000b5230 <log_level_name>:
DYNALIB_FN(22, services, log_write, void(int, const char*, const char*, size_t, void*))
DYNALIB_FN(23, services, log_printf, void(int, const char*, void*, const char*, ...))
DYNALIB_FN(24, services, log_printf_v, void(int, const char*, void*, const char*, va_list))
DYNALIB_FN(25, services, log_dump, void(int, const char*, const void*, size_t, int, void*))
DYNALIB_FN(26, services, log_enabled, int(int, const char*, void*))
DYNALIB_FN(27, services, log_level_name, const char*(int, void*))
   b5230:	b508      	push	{r3, lr}
   b5232:	4b02      	ldr	r3, [pc, #8]	; (b523c <log_level_name+0xc>)
   b5234:	681b      	ldr	r3, [r3, #0]
   b5236:	6edb      	ldr	r3, [r3, #108]	; 0x6c
   b5238:	9301      	str	r3, [sp, #4]
   b523a:	bd08      	pop	{r3, pc}
   b523c:	00030260 	.word	0x00030260

000b5240 <log_set_callbacks>:
DYNALIB_FN(28, services, log_set_callbacks, void(log_message_callback_type, log_write_callback_type, log_enabled_callback_type, void*))
   b5240:	b508      	push	{r3, lr}
   b5242:	4b02      	ldr	r3, [pc, #8]	; (b524c <log_set_callbacks+0xc>)
   b5244:	681b      	ldr	r3, [r3, #0]
   b5246:	6f1b      	ldr	r3, [r3, #112]	; 0x70
   b5248:	9301      	str	r3, [sp, #4]
   b524a:	bd08      	pop	{r3, pc}
   b524c:	00030260 	.word	0x00030260

000b5250 <panic_ext>:
DYNALIB_FN(48, services, devicetree_tree_lock, int(void*))
DYNALIB_FN(49, services, devicetree_tree_get, int(void*, uint32_t, void*))
DYNALIB_FN(50, services, devicetree_string_dictionary_lookup, const char*(uint32_t, void*))
DYNALIB_FN(51, services, devicetree_hash_string, uint32_t(const char*, size_t))
DYNALIB_FN(52, services, security_mode_get, int(void*))
DYNALIB_FN(53, services, panic_ext, void(const PanicData*, void*))
   b5250:	b508      	push	{r3, lr}
   b5252:	4b03      	ldr	r3, [pc, #12]	; (b5260 <panic_ext+0x10>)
   b5254:	681b      	ldr	r3, [r3, #0]
   b5256:	f8d3 30d4 	ldr.w	r3, [r3, #212]	; 0xd4
   b525a:	9301      	str	r3, [sp, #4]
   b525c:	bd08      	pop	{r3, pc}
   b525e:	0000      	.short	0x0000
   b5260:	00030260 	.word	0x00030260

000b5264 <set_system_mode>:
#endif

DYNALIB_BEGIN(system)

DYNALIB_FN(0, system, system_mode, System_Mode_TypeDef(void))
DYNALIB_FN(1, system, set_system_mode, void(System_Mode_TypeDef))
   b5264:	b508      	push	{r3, lr}
   b5266:	4b02      	ldr	r3, [pc, #8]	; (b5270 <set_system_mode+0xc>)
   b5268:	681b      	ldr	r3, [r3, #0]
   b526a:	685b      	ldr	r3, [r3, #4]
   b526c:	9301      	str	r3, [sp, #4]
   b526e:	bd08      	pop	{r3, pc}
   b5270:	00030220 	.word	0x00030220

000b5274 <system_delay_ms>:

DYNALIB_FN(2, system, set_ymodem_serial_flash_update_handler_deprecated, void(void*))
DYNALIB_FN(3, system, system_firmwareUpdate_deprecated, bool(Stream*, void*))
DYNALIB_FN(4, system, system_fileTransfer_deprecated, bool(system_file_transfer_t*, void*))

DYNALIB_FN(5, system, system_delay_ms, void(unsigned long, bool))
   b5274:	b508      	push	{r3, lr}
   b5276:	4b02      	ldr	r3, [pc, #8]	; (b5280 <system_delay_ms+0xc>)
   b5278:	681b      	ldr	r3, [r3, #0]
   b527a:	695b      	ldr	r3, [r3, #20]
   b527c:	9301      	str	r3, [sp, #4]
   b527e:	bd08      	pop	{r3, pc}
   b5280:	00030220 	.word	0x00030220

000b5284 <system_ctrl_set_app_request_handler>:
DYNALIB_FN(BASE_IDX + 6, system, led_pattern_period, uint16_t(int, int, void*))
DYNALIB_FN(BASE_IDX + 7, system, system_set_tester_handlers, int(system_tester_handlers_t*, void*))
DYNALIB_FN(BASE_IDX + 8, system, system_format_diag_data, int(const uint16_t*, size_t, unsigned, appender_fn, void*, void*))

// Control requests
DYNALIB_FN(BASE_IDX + 9, system, system_ctrl_set_app_request_handler, int(ctrl_request_handler_fn, void*))
   b5284:	b508      	push	{r3, lr}
   b5286:	4b03      	ldr	r3, [pc, #12]	; (b5294 <system_ctrl_set_app_request_handler+0x10>)
   b5288:	681b      	ldr	r3, [r3, #0]
   b528a:	f8d3 3088 	ldr.w	r3, [r3, #136]	; 0x88
   b528e:	9301      	str	r3, [sp, #4]
   b5290:	bd08      	pop	{r3, pc}
   b5292:	0000      	.short	0x0000
   b5294:	00030220 	.word	0x00030220

000b5298 <system_ctrl_set_result>:
DYNALIB_FN(BASE_IDX + 10, system, system_ctrl_alloc_reply_data, int(ctrl_request*, size_t, void*))
DYNALIB_FN(BASE_IDX + 11, system, system_ctrl_free_request_data, void(ctrl_request*, void*))
DYNALIB_FN(BASE_IDX + 12, system, system_ctrl_set_result, void(ctrl_request*, int, ctrl_completion_handler_fn, void*, void*))
   b5298:	b508      	push	{r3, lr}
   b529a:	4b03      	ldr	r3, [pc, #12]	; (b52a8 <system_ctrl_set_result+0x10>)
   b529c:	681b      	ldr	r3, [r3, #0]
   b529e:	f8d3 3094 	ldr.w	r3, [r3, #148]	; 0x94
   b52a2:	9301      	str	r3, [sp, #4]
   b52a4:	bd08      	pop	{r3, pc}
   b52a6:	0000      	.short	0x0000
   b52a8:	00030220 	.word	0x00030220

000b52ac <network_connect>:
#endif

DYNALIB_BEGIN(system_net)

DYNALIB_FN(0, system_net, network_config, const void*(network_handle_t, uint32_t, void*))
DYNALIB_FN(1, system_net, network_connect, void(network_handle_t, uint32_t, uint32_t, void*))
   b52ac:	b508      	push	{r3, lr}
   b52ae:	4b02      	ldr	r3, [pc, #8]	; (b52b8 <network_connect+0xc>)
   b52b0:	681b      	ldr	r3, [r3, #0]
   b52b2:	685b      	ldr	r3, [r3, #4]
   b52b4:	9301      	str	r3, [sp, #4]
   b52b6:	bd08      	pop	{r3, pc}
   b52b8:	00030240 	.word	0x00030240

000b52bc <network_connecting>:
DYNALIB_FN(2, system_net, network_connecting, bool(network_handle_t, uint32_t, void*))
   b52bc:	b508      	push	{r3, lr}
   b52be:	4b02      	ldr	r3, [pc, #8]	; (b52c8 <network_connecting+0xc>)
   b52c0:	681b      	ldr	r3, [r3, #0]
   b52c2:	689b      	ldr	r3, [r3, #8]
   b52c4:	9301      	str	r3, [sp, #4]
   b52c6:	bd08      	pop	{r3, pc}
   b52c8:	00030240 	.word	0x00030240

000b52cc <network_disconnect>:
DYNALIB_FN(3, system_net, network_disconnect, void(network_handle_t, uint32_t, void*))
   b52cc:	b508      	push	{r3, lr}
   b52ce:	4b02      	ldr	r3, [pc, #8]	; (b52d8 <network_disconnect+0xc>)
   b52d0:	681b      	ldr	r3, [r3, #0]
   b52d2:	68db      	ldr	r3, [r3, #12]
   b52d4:	9301      	str	r3, [sp, #4]
   b52d6:	bd08      	pop	{r3, pc}
   b52d8:	00030240 	.word	0x00030240

000b52dc <network_ready>:
DYNALIB_FN(4, system_net, network_ready, bool(network_handle_t, uint32_t, void*))
   b52dc:	b508      	push	{r3, lr}
   b52de:	4b02      	ldr	r3, [pc, #8]	; (b52e8 <network_ready+0xc>)
   b52e0:	681b      	ldr	r3, [r3, #0]
   b52e2:	691b      	ldr	r3, [r3, #16]
   b52e4:	9301      	str	r3, [sp, #4]
   b52e6:	bd08      	pop	{r3, pc}
   b52e8:	00030240 	.word	0x00030240

000b52ec <network_on>:
DYNALIB_FN(5, system_net, network_on, void(network_handle_t, uint32_t, uint32_t, void*))
   b52ec:	b508      	push	{r3, lr}
   b52ee:	4b02      	ldr	r3, [pc, #8]	; (b52f8 <network_on+0xc>)
   b52f0:	681b      	ldr	r3, [r3, #0]
   b52f2:	695b      	ldr	r3, [r3, #20]
   b52f4:	9301      	str	r3, [sp, #4]
   b52f6:	bd08      	pop	{r3, pc}
   b52f8:	00030240 	.word	0x00030240

000b52fc <network_off>:
DYNALIB_FN(6, system_net, network_off, void(network_handle_t, uint32_t, uint32_t, void*))
   b52fc:	b508      	push	{r3, lr}
   b52fe:	4b02      	ldr	r3, [pc, #8]	; (b5308 <network_off+0xc>)
   b5300:	681b      	ldr	r3, [r3, #0]
   b5302:	699b      	ldr	r3, [r3, #24]
   b5304:	9301      	str	r3, [sp, #4]
   b5306:	bd08      	pop	{r3, pc}
   b5308:	00030240 	.word	0x00030240

000b530c <network_listen>:
DYNALIB_FN(7, system_net, network_listen, void(network_handle_t, uint32_t, void*))
   b530c:	b508      	push	{r3, lr}
   b530e:	4b02      	ldr	r3, [pc, #8]	; (b5318 <network_listen+0xc>)
   b5310:	681b      	ldr	r3, [r3, #0]
   b5312:	69db      	ldr	r3, [r3, #28]
   b5314:	9301      	str	r3, [sp, #4]
   b5316:	bd08      	pop	{r3, pc}
   b5318:	00030240 	.word	0x00030240

000b531c <network_listening>:
DYNALIB_FN(8, system_net, network_listening, bool(network_handle_t, uint32_t, void*))
   b531c:	b508      	push	{r3, lr}
   b531e:	4b02      	ldr	r3, [pc, #8]	; (b5328 <network_listening+0xc>)
   b5320:	681b      	ldr	r3, [r3, #0]
   b5322:	6a1b      	ldr	r3, [r3, #32]
   b5324:	9301      	str	r3, [sp, #4]
   b5326:	bd08      	pop	{r3, pc}
   b5328:	00030240 	.word	0x00030240

000b532c <network_set_listen_timeout>:
DYNALIB_FN(9, system_net, network_has_credentials, bool(network_handle_t, uint32_t, void*))
DYNALIB_FN(10, system_net, network_set_credentials, int(network_handle_t, uint32_t, NetworkCredentials*, void*))
DYNALIB_FN(11, system_net, network_clear_credentials, bool(network_handle_t, uint32_t, NetworkCredentials*, void*))
DYNALIB_FN(12, system_net, network_set_listen_timeout, void(network_handle_t, uint16_t, void*))
   b532c:	b508      	push	{r3, lr}
   b532e:	4b02      	ldr	r3, [pc, #8]	; (b5338 <network_set_listen_timeout+0xc>)
   b5330:	681b      	ldr	r3, [r3, #0]
   b5332:	6b1b      	ldr	r3, [r3, #48]	; 0x30
   b5334:	9301      	str	r3, [sp, #4]
   b5336:	bd08      	pop	{r3, pc}
   b5338:	00030240 	.word	0x00030240

000b533c <network_get_listen_timeout>:
DYNALIB_FN(13, system_net, network_get_listen_timeout, uint16_t(network_handle_t, uint32_t, void*))
   b533c:	b508      	push	{r3, lr}
   b533e:	4b02      	ldr	r3, [pc, #8]	; (b5348 <network_get_listen_timeout+0xc>)
   b5340:	681b      	ldr	r3, [r3, #0]
   b5342:	6b5b      	ldr	r3, [r3, #52]	; 0x34
   b5344:	9301      	str	r3, [sp, #4]
   b5346:	bd08      	pop	{r3, pc}
   b5348:	00030240 	.word	0x00030240

000b534c <network_is_on>:
DYNALIB_FN(14, system_net, network_set_hostname, int(network_handle_t, uint32_t, const char*, void*))
DYNALIB_FN(15, system_net, network_get_hostname, int(network_handle_t, uint32_t, char*, size_t, void*))
DYNALIB_FN(16, system_net, network_is_on, bool(network_handle_t, void*))
   b534c:	b508      	push	{r3, lr}
   b534e:	4b02      	ldr	r3, [pc, #8]	; (b5358 <network_is_on+0xc>)
   b5350:	681b      	ldr	r3, [r3, #0]
   b5352:	6c1b      	ldr	r3, [r3, #64]	; 0x40
   b5354:	9301      	str	r3, [sp, #4]
   b5356:	bd08      	pop	{r3, pc}
   b5358:	00030240 	.word	0x00030240

000b535c <network_is_off>:
DYNALIB_FN(17, system_net, network_is_off, bool(network_handle_t, void*))
   b535c:	b508      	push	{r3, lr}
   b535e:	4b02      	ldr	r3, [pc, #8]	; (b5368 <network_is_off+0xc>)
   b5360:	681b      	ldr	r3, [r3, #0]
   b5362:	6c5b      	ldr	r3, [r3, #68]	; 0x44
   b5364:	9301      	str	r3, [sp, #4]
   b5366:	bd08      	pop	{r3, pc}
   b5368:	00030240 	.word	0x00030240

000b536c <network_prefer>:
DYNALIB_FN(18, system_net, network_set_configuration, int(network_handle_t, const network_configuration_t*, void*))
DYNALIB_FN(19, system_net, network_get_configuration, int(network_handle_t, network_configuration_t**, size_t*, const char*, size_t, void*))
DYNALIB_FN(20, system_net, network_free_configuration, int(network_configuration_t*, size_t, void*))
DYNALIB_FN(21, system_net, network_prefer, network_handle_t(network_handle_t, bool, void*))
   b536c:	b508      	push	{r3, lr}
   b536e:	4b02      	ldr	r3, [pc, #8]	; (b5378 <network_prefer+0xc>)
   b5370:	681b      	ldr	r3, [r3, #0]
   b5372:	6d5b      	ldr	r3, [r3, #84]	; 0x54
   b5374:	9301      	str	r3, [sp, #4]
   b5376:	bd08      	pop	{r3, pc}
   b5378:	00030240 	.word	0x00030240

000b537c <network_is_preferred>:
DYNALIB_FN(22, system_net, network_is_preferred, bool(network_handle_t, void*))
   b537c:	b508      	push	{r3, lr}
   b537e:	4b02      	ldr	r3, [pc, #8]	; (b5388 <network_is_preferred+0xc>)
   b5380:	681b      	ldr	r3, [r3, #0]
   b5382:	6d9b      	ldr	r3, [r3, #88]	; 0x58
   b5384:	9301      	str	r3, [sp, #4]
   b5386:	bd08      	pop	{r3, pc}
   b5388:	00030240 	.word	0x00030240

000b538c <spark_set_random_seed_from_cloud_handler>:
DYNALIB_FN(10, system_cloud, spark_unsubscribe, void(void*))
DYNALIB_FN(11, system_cloud, spark_sync_time, bool(void*))
DYNALIB_FN(12, system_cloud, spark_sync_time_pending, bool(void*))
DYNALIB_FN(13, system_cloud, spark_sync_time_last, system_tick_t(time32_t*, time_t*))
DYNALIB_FN(14, system_cloud, spark_set_connection_property, int(unsigned, unsigned, const void*, void*))
DYNALIB_FN(15, system_cloud, spark_set_random_seed_from_cloud_handler, int(void (*handler)(unsigned int), void*))
   b538c:	b508      	push	{r3, lr}
   b538e:	4b02      	ldr	r3, [pc, #8]	; (b5398 <spark_set_random_seed_from_cloud_handler+0xc>)
   b5390:	681b      	ldr	r3, [r3, #0]
   b5392:	6bdb      	ldr	r3, [r3, #60]	; 0x3c
   b5394:	9301      	str	r3, [sp, #4]
   b5396:	bd08      	pop	{r3, pc}
   b5398:	00030244 	.word	0x00030244

000b539c <malloc>:
#include "hal_platform.h"
#endif // defined(DYNALIB_EXPORT) || defined(DYNALIB_IMPORT)

DYNALIB_BEGIN(rt)

DYNALIB_FN(0, rt, malloc, void*(size_t))
   b539c:	b508      	push	{r3, lr}
   b539e:	4b02      	ldr	r3, [pc, #8]	; (b53a8 <malloc+0xc>)
   b53a0:	681b      	ldr	r3, [r3, #0]
   b53a2:	681b      	ldr	r3, [r3, #0]
   b53a4:	9301      	str	r3, [sp, #4]
   b53a6:	bd08      	pop	{r3, pc}
   b53a8:	0003021c 	.word	0x0003021c

000b53ac <free>:
DYNALIB_FN(1, rt, free, void(void*))
   b53ac:	b508      	push	{r3, lr}
   b53ae:	4b02      	ldr	r3, [pc, #8]	; (b53b8 <free+0xc>)
   b53b0:	681b      	ldr	r3, [r3, #0]
   b53b2:	685b      	ldr	r3, [r3, #4]
   b53b4:	9301      	str	r3, [sp, #4]
   b53b6:	bd08      	pop	{r3, pc}
   b53b8:	0003021c 	.word	0x0003021c

000b53bc <realloc>:
DYNALIB_FN(2, rt, realloc, void*(void*, size_t))
   b53bc:	b508      	push	{r3, lr}
   b53be:	4b02      	ldr	r3, [pc, #8]	; (b53c8 <realloc+0xc>)
   b53c0:	681b      	ldr	r3, [r3, #0]
   b53c2:	689b      	ldr	r3, [r3, #8]
   b53c4:	9301      	str	r3, [sp, #4]
   b53c6:	bd08      	pop	{r3, pc}
   b53c8:	0003021c 	.word	0x0003021c

000b53cc <vsnprintf>:
DYNALIB_FN(4, rt, siprintf, int(char*, const char*, ...))
DYNALIB_FN(5, rt, sscanf, int(const char*, const char*, ...))
DYNALIB_FN(6, rt, siscanf, int(const char*, const char*, ...))
DYNALIB_FN(7, rt, snprintf, int(char*, size_t, const char*, ...))
DYNALIB_FN(8, rt, sniprintf, int(char*, size_t, const char*, ...))
DYNALIB_FN(9, rt, vsnprintf, int(char*, size_t, const char*, va_list))
   b53cc:	b508      	push	{r3, lr}
   b53ce:	4b02      	ldr	r3, [pc, #8]	; (b53d8 <vsnprintf+0xc>)
   b53d0:	681b      	ldr	r3, [r3, #0]
   b53d2:	6a5b      	ldr	r3, [r3, #36]	; 0x24
   b53d4:	9301      	str	r3, [sp, #4]
   b53d6:	bd08      	pop	{r3, pc}
   b53d8:	0003021c 	.word	0x0003021c

000b53dc <__errno>:
DYNALIB_FN(10, rt, vsniprintf, int(char*, size_t, const char*, va_list))
DYNALIB_FN(11, rt, abort, void(void))
DYNALIB_FN(12, rt, _malloc_r, void*(struct _reent*, size_t))
DYNALIB_FN(13, rt, _free_r, void(struct _reent*, void*))
DYNALIB_FN(14, rt, _realloc_r, void*(struct _reent*, void*, size_t))
DYNALIB_FN(15, rt, __errno, int*())
   b53dc:	b508      	push	{r3, lr}
   b53de:	4b02      	ldr	r3, [pc, #8]	; (b53e8 <__errno+0xc>)
   b53e0:	681b      	ldr	r3, [r3, #0]
   b53e2:	6bdb      	ldr	r3, [r3, #60]	; 0x3c
   b53e4:	9301      	str	r3, [sp, #4]
   b53e6:	bd08      	pop	{r3, pc}
   b53e8:	0003021c 	.word	0x0003021c

000b53ec <__assert_func>:

#if defined(DYNALIB_EXPORT) || defined(DYNALIB_IMPORT)
DYNALIB_FN(16, rt, __assert_func, void(const char*, int, const char*, const char*))
   b53ec:	b508      	push	{r3, lr}
   b53ee:	4b02      	ldr	r3, [pc, #8]	; (b53f8 <__assert_func+0xc>)
   b53f0:	681b      	ldr	r3, [r3, #0]
   b53f2:	6c1b      	ldr	r3, [r3, #64]	; 0x40
   b53f4:	9301      	str	r3, [sp, #4]
   b53f6:	bd08      	pop	{r3, pc}
   b53f8:	0003021c 	.word	0x0003021c

000b53fc <newlib_impure_ptr_callback>:
DYNALIB_FN(17, rt, newlib_impure_ptr_callback, void(void (*)(struct _reent*, size_t, uint32_t, void*), void*))
   b53fc:	b508      	push	{r3, lr}
   b53fe:	4b02      	ldr	r3, [pc, #8]	; (b5408 <newlib_impure_ptr_callback+0xc>)
   b5400:	681b      	ldr	r3, [r3, #0]
   b5402:	6c5b      	ldr	r3, [r3, #68]	; 0x44
   b5404:	9301      	str	r3, [sp, #4]
   b5406:	bd08      	pop	{r3, pc}
   b5408:	0003021c 	.word	0x0003021c

000b540c <__cxa_guard_acquire>:

DYNALIB_FN(18, rt, strftime, size_t(char* __restrict, size_t, const char* __restrict, const struct tm* __restrict))
DYNALIB_FN(19, rt, localtime_r, struct tm*(const time_t* __restrict, struct tm* __restrict))
DYNALIB_FN(20, rt, gmtime_r, struct tm*(const time_t* __restrict, struct tm* __restrict))
DYNALIB_FN(21, rt, mktime, time_t(struct tm*))
DYNALIB_FN(22, rt, __cxa_guard_acquire, int(__guard*))
   b540c:	b508      	push	{r3, lr}
   b540e:	4b02      	ldr	r3, [pc, #8]	; (b5418 <__cxa_guard_acquire+0xc>)
   b5410:	681b      	ldr	r3, [r3, #0]
   b5412:	6d9b      	ldr	r3, [r3, #88]	; 0x58
   b5414:	9301      	str	r3, [sp, #4]
   b5416:	bd08      	pop	{r3, pc}
   b5418:	0003021c 	.word	0x0003021c

000b541c <__cxa_guard_release>:
DYNALIB_FN(23, rt, __cxa_guard_release, void(__guard*))
   b541c:	b508      	push	{r3, lr}
   b541e:	4b02      	ldr	r3, [pc, #8]	; (b5428 <__cxa_guard_release+0xc>)
   b5420:	681b      	ldr	r3, [r3, #0]
   b5422:	6ddb      	ldr	r3, [r3, #92]	; 0x5c
   b5424:	9301      	str	r3, [sp, #4]
   b5426:	bd08      	pop	{r3, pc}
   b5428:	0003021c 	.word	0x0003021c

000b542c <_ZN5spark13EthernetClass9listeningEv>:
    uint16_t getListenTimeout(void) {
        return network_get_listen_timeout(*this, 0, NULL);
    }

    bool listening(void) {
        return network_listening(*this, 0, NULL);
   b542c:	2200      	movs	r2, #0
   b542e:	6840      	ldr	r0, [r0, #4]
   b5430:	4611      	mov	r1, r2
   b5432:	f7ff bf73 	b.w	b531c <network_listening>

000b5436 <_ZN5spark13EthernetClass16getListenTimeoutEv>:
        return network_get_listen_timeout(*this, 0, NULL);
   b5436:	2200      	movs	r2, #0
   b5438:	6840      	ldr	r0, [r0, #4]
   b543a:	4611      	mov	r1, r2
   b543c:	f7ff bf7e 	b.w	b533c <network_get_listen_timeout>

000b5440 <_ZN5spark13EthernetClass16setListenTimeoutEt>:
        network_set_listen_timeout(*this, timeout, NULL);
   b5440:	6840      	ldr	r0, [r0, #4]
   b5442:	2200      	movs	r2, #0
   b5444:	f7ff bf72 	b.w	b532c <network_set_listen_timeout>

000b5448 <_ZN5spark13EthernetClass6listenEb>:
        network_listen(*this, begin ? 0 : 1, NULL);
   b5448:	6840      	ldr	r0, [r0, #4]
   b544a:	2200      	movs	r2, #0
   b544c:	f081 0101 	eor.w	r1, r1, #1
   b5450:	f7ff bf5c 	b.w	b530c <network_listen>

000b5454 <_ZN5spark13EthernetClass3offEv>:
        network_off(*this, 0, 0, NULL);
   b5454:	2300      	movs	r3, #0
   b5456:	6840      	ldr	r0, [r0, #4]
   b5458:	461a      	mov	r2, r3
   b545a:	4619      	mov	r1, r3
   b545c:	f7ff bf4e 	b.w	b52fc <network_off>

000b5460 <_ZN5spark13EthernetClass2onEv>:
        network_on(*this, 0, 0, NULL);
   b5460:	2300      	movs	r3, #0
   b5462:	6840      	ldr	r0, [r0, #4]
   b5464:	461a      	mov	r2, r3
   b5466:	4619      	mov	r1, r3
   b5468:	f7ff bf40 	b.w	b52ec <network_on>

000b546c <_ZN5spark13EthernetClass5readyEv>:
    }

    bool ready() {
        return network_ready(*this, 0,  NULL);
   b546c:	2200      	movs	r2, #0
   b546e:	6840      	ldr	r0, [r0, #4]
   b5470:	4611      	mov	r1, r2
   b5472:	f7ff bf33 	b.w	b52dc <network_ready>

000b5476 <_ZN5spark13EthernetClass10connectingEv>:
        return network_connecting(*this, 0, NULL);
   b5476:	2200      	movs	r2, #0
   b5478:	6840      	ldr	r0, [r0, #4]
   b547a:	4611      	mov	r1, r2
   b547c:	f7ff bf1e 	b.w	b52bc <network_connecting>

000b5480 <_ZN5spark13EthernetClass10disconnectEv>:
        network_disconnect(*this, NETWORK_DISCONNECT_REASON_USER, NULL);
   b5480:	6840      	ldr	r0, [r0, #4]
   b5482:	2200      	movs	r2, #0
   b5484:	2102      	movs	r1, #2
   b5486:	f7ff bf21 	b.w	b52cc <network_disconnect>

000b548a <_ZN5spark13EthernetClass7connectEj>:
        network_connect(*this, flags, 0, NULL);
   b548a:	2300      	movs	r3, #0
   b548c:	6840      	ldr	r0, [r0, #4]
   b548e:	461a      	mov	r2, r3
   b5490:	f7ff bf0c 	b.w	b52ac <network_connect>

000b5494 <_GLOBAL__sub_I__ZN5spark8EthernetE>:
    static NetworkClass& from(network_interface_t nif);

    virtual IPAddress resolve(const char* name, bool flushCache = false);

    explicit NetworkClass(network_interface_t iface)
            : iface_(iface) {
   b5494:	4b02      	ldr	r3, [pc, #8]	; (b54a0 <_GLOBAL__sub_I__ZN5spark8EthernetE+0xc>)
   b5496:	2203      	movs	r2, #3
   b5498:	605a      	str	r2, [r3, #4]
            NetworkClass(NETWORK_INTERFACE_ETHERNET) {
   b549a:	4a02      	ldr	r2, [pc, #8]	; (b54a4 <_GLOBAL__sub_I__ZN5spark8EthernetE+0x10>)
   b549c:	601a      	str	r2, [r3, #0]

namespace spark {

EthernetClass Ethernet;

} // spark
   b549e:	4770      	bx	lr
   b54a0:	2003dee0 	.word	0x2003dee0
   b54a4:	000b78a8 	.word	0x000b78a8

000b54a8 <_ZNSt12__shared_ptrIN5spark6detail8JSONDataELN9__gnu_cxx12_Lock_policyE0EEC1ERKS5_>:
	{
	  _M_refcount._M_swap(__r._M_refcount);
	  __r._M_ptr = 0;
	}

      __shared_ptr(const __shared_ptr&) noexcept = default;
   b54a8:	680b      	ldr	r3, [r1, #0]
   b54aa:	6003      	str	r3, [r0, #0]
      : _M_pi(__r._M_pi)
   b54ac:	684b      	ldr	r3, [r1, #4]
   b54ae:	6043      	str	r3, [r0, #4]
	if (_M_pi != 0)
   b54b0:	b113      	cbz	r3, b54b8 <_ZNSt12__shared_ptrIN5spark6detail8JSONDataELN9__gnu_cxx12_Lock_policyE0EEC1ERKS5_+0x10>
    { ++_M_use_count; }
   b54b2:	685a      	ldr	r2, [r3, #4]
   b54b4:	3201      	adds	r2, #1
   b54b6:	605a      	str	r2, [r3, #4]
      __shared_ptr(const __shared_ptr&) noexcept = default;
   b54b8:	4770      	bx	lr

000b54ba <_ZNSt14__shared_countILN9__gnu_cxx12_Lock_policyE0EED1Ev>:
      ~__shared_count() noexcept
   b54ba:	b538      	push	{r3, r4, r5, lr}
	if (_M_pi != nullptr)
   b54bc:	6804      	ldr	r4, [r0, #0]
      ~__shared_count() noexcept
   b54be:	4605      	mov	r5, r0
	if (_M_pi != nullptr)
   b54c0:	b17c      	cbz	r4, b54e2 <_ZNSt14__shared_countILN9__gnu_cxx12_Lock_policyE0EED1Ev+0x28>
      if (--_M_use_count == 0)
   b54c2:	6863      	ldr	r3, [r4, #4]
   b54c4:	3b01      	subs	r3, #1
   b54c6:	6063      	str	r3, [r4, #4]
   b54c8:	b95b      	cbnz	r3, b54e2 <_ZNSt14__shared_countILN9__gnu_cxx12_Lock_policyE0EED1Ev+0x28>
          _M_dispose();
   b54ca:	6823      	ldr	r3, [r4, #0]
   b54cc:	4620      	mov	r0, r4
   b54ce:	689b      	ldr	r3, [r3, #8]
   b54d0:	4798      	blx	r3
          if (--_M_weak_count == 0)
   b54d2:	68a3      	ldr	r3, [r4, #8]
   b54d4:	3b01      	subs	r3, #1
   b54d6:	60a3      	str	r3, [r4, #8]
   b54d8:	b91b      	cbnz	r3, b54e2 <_ZNSt14__shared_countILN9__gnu_cxx12_Lock_policyE0EED1Ev+0x28>
            _M_destroy();
   b54da:	6823      	ldr	r3, [r4, #0]
   b54dc:	4620      	mov	r0, r4
   b54de:	68db      	ldr	r3, [r3, #12]
   b54e0:	4798      	blx	r3
      }
   b54e2:	4628      	mov	r0, r5
   b54e4:	bd38      	pop	{r3, r4, r5, pc}
	...

000b54e8 <_GLOBAL__sub_I__ZN8particle10CloudEvent15s_subscriptionsE>:
// spark::Vector
template<typename T, typename AllocatorT>
inline spark::Vector<T, AllocatorT>::Vector() :
        data_(nullptr),
        size_(0),
        capacity_(0) {
   b54e8:	4b02      	ldr	r3, [pc, #8]	; (b54f4 <_GLOBAL__sub_I__ZN8particle10CloudEvent15s_subscriptionsE+0xc>)
   b54ea:	2200      	movs	r2, #0
   b54ec:	e9c3 2200 	strd	r2, r2, [r3]
   b54f0:	609a      	str	r2, [r3, #8]
        // Keep the reference around until the application callback is called
        d.unwrap();
    }
}

} // namespace particle
   b54f2:	4770      	bx	lr
   b54f4:	2003dee8 	.word	0x2003dee8

000b54f8 <_ZN8particle11TetherClass9listeningEv>:
    uint16_t getListenTimeout(void) {
        return network_get_listen_timeout(*this, 0, NULL);
    }

    bool listening(void) {
        return network_listening(*this, 0, NULL);
   b54f8:	2200      	movs	r2, #0
   b54fa:	6840      	ldr	r0, [r0, #4]
   b54fc:	4611      	mov	r1, r2
   b54fe:	f7ff bf0d 	b.w	b531c <network_listening>

000b5502 <_ZN8particle11TetherClass16getListenTimeoutEv>:
        return network_get_listen_timeout(*this, 0, NULL);
   b5502:	2200      	movs	r2, #0
   b5504:	6840      	ldr	r0, [r0, #4]
   b5506:	4611      	mov	r1, r2
   b5508:	f7ff bf18 	b.w	b533c <network_get_listen_timeout>

000b550c <_ZN8particle11TetherClass16setListenTimeoutEt>:
        network_set_listen_timeout(*this, timeout, NULL);
   b550c:	6840      	ldr	r0, [r0, #4]
   b550e:	2200      	movs	r2, #0
   b5510:	f7ff bf0c 	b.w	b532c <network_set_listen_timeout>

000b5514 <_ZN8particle11TetherClass6listenEb>:
        network_listen(*this, begin ? 0 : 1, NULL);
   b5514:	6840      	ldr	r0, [r0, #4]
   b5516:	2200      	movs	r2, #0
   b5518:	f081 0101 	eor.w	r1, r1, #1
   b551c:	f7ff bef6 	b.w	b530c <network_listen>

000b5520 <_ZN8particle11TetherClass3offEv>:
        network_off(*this, 0, 0, NULL);
   b5520:	2300      	movs	r3, #0
   b5522:	6840      	ldr	r0, [r0, #4]
   b5524:	461a      	mov	r2, r3
   b5526:	4619      	mov	r1, r3
   b5528:	f7ff bee8 	b.w	b52fc <network_off>

000b552c <_ZN8particle11TetherClass2onEv>:
        network_on(*this, 0, 0, NULL);
   b552c:	2300      	movs	r3, #0
   b552e:	6840      	ldr	r0, [r0, #4]
   b5530:	461a      	mov	r2, r3
   b5532:	4619      	mov	r1, r3
   b5534:	f7ff beda 	b.w	b52ec <network_on>

000b5538 <_ZN8particle11TetherClass5readyEv>:
    }

    bool ready() {
        return network_ready(*this, 0,  NULL);
   b5538:	2200      	movs	r2, #0
   b553a:	6840      	ldr	r0, [r0, #4]
   b553c:	4611      	mov	r1, r2
   b553e:	f7ff becd 	b.w	b52dc <network_ready>

000b5542 <_ZN8particle11TetherClass10connectingEv>:
        return network_connecting(*this, 0, NULL);
   b5542:	2200      	movs	r2, #0
   b5544:	6840      	ldr	r0, [r0, #4]
   b5546:	4611      	mov	r1, r2
   b5548:	f7ff beb8 	b.w	b52bc <network_connecting>

000b554c <_ZN8particle11TetherClass10disconnectEv>:
        network_disconnect(*this, NETWORK_DISCONNECT_REASON_USER, NULL);
   b554c:	6840      	ldr	r0, [r0, #4]
   b554e:	2200      	movs	r2, #0
   b5550:	2102      	movs	r1, #2
   b5552:	f7ff bebb 	b.w	b52cc <network_disconnect>

000b5556 <_ZN8particle11TetherClass7connectEj>:
        network_connect(*this, flags, 0, NULL);
   b5556:	2300      	movs	r3, #0
   b5558:	6840      	ldr	r0, [r0, #4]
   b555a:	461a      	mov	r2, r3
   b555c:	f7ff bea6 	b.w	b52ac <network_connect>

000b5560 <_GLOBAL__sub_I__ZN8particle6TetherE>:
   b5560:	4b02      	ldr	r3, [pc, #8]	; (b556c <_GLOBAL__sub_I__ZN8particle6TetherE+0xc>)
   b5562:	2206      	movs	r2, #6
   b5564:	605a      	str	r2, [r3, #4]
            NetworkClass(NETWORK_INTERFACE_PPP_SERVER) {
   b5566:	4a02      	ldr	r2, [pc, #8]	; (b5570 <_GLOBAL__sub_I__ZN8particle6TetherE+0x10>)
   b5568:	601a      	str	r2, [r3, #0]
        return if_request(iface, IF_REQ_DRIVER_SPECIFIC, &settings, sizeof(settings), nullptr);
    }
    return SYSTEM_ERROR_NOT_FOUND;
}

} // spark
   b556a:	4770      	bx	lr
   b556c:	2003def4 	.word	0x2003def4
   b5570:	000b78ec 	.word	0x000b78ec

000b5574 <_GLOBAL__sub_I_System>:
} // namespace particle

// particle::Flag<TagT, ValueT>
template<typename TagT, typename ValueT>
inline particle::Flag<TagT, ValueT>::Flag(ValueT val) :
        val_(val) {
   b5574:	4b05      	ldr	r3, [pc, #20]	; (b558c <_GLOBAL__sub_I_System+0x18>)
   b5576:	2202      	movs	r2, #2
   b5578:	601a      	str	r2, [r3, #0]

class SystemSleepResult {
public:
    SystemSleepResult()
            : wakeupSource_(nullptr),
              error_(SYSTEM_ERROR_NONE) {
   b557a:	4b05      	ldr	r3, [pc, #20]	; (b5590 <_GLOBAL__sub_I_System+0x1c>)
    SleepResult() {}
   b557c:	4a05      	ldr	r2, [pc, #20]	; (b5594 <_GLOBAL__sub_I_System+0x20>)
   b557e:	609a      	str	r2, [r3, #8]
              error_(SYSTEM_ERROR_NONE) {
   b5580:	2000      	movs	r0, #0
   b5582:	e9c3 0000 	strd	r0, r0, [r3]

class SystemClass {
public:

    SystemClass(System_Mode_TypeDef mode = DEFAULT) {
        set_system_mode(mode);
   b5586:	f7ff be6d 	b.w	b5264 <set_system_mode>
   b558a:	bf00      	nop
   b558c:	2003df08 	.word	0x2003df08
   b5590:	2003defc 	.word	0x2003defc
   b5594:	ffff0000 	.word	0xffff0000

000b5598 <_Z11str_reversePc>:

//------------------------------------------------------------------------------------------
#define BUFSIZE (sizeof(long) * 8 + 1)

//utility function used by ultoa()
__attribute__((weak)) void str_reverse(char* buffer){
   b5598:	b510      	push	{r4, lr}
   b559a:	4604      	mov	r4, r0
	char *i, *j;
	char c;
	i=buffer;
	j=buffer + strlen(buffer)-1;
   b559c:	f7ff f968 	bl	b4870 <strlen>
   b55a0:	3801      	subs	r0, #1
   b55a2:	1823      	adds	r3, r4, r0
   b55a4:	4620      	mov	r0, r4
	while(i<j){
   b55a6:	4283      	cmp	r3, r0
   b55a8:	d906      	bls.n	b55b8 <_Z11str_reversePc+0x20>
		c = *i;
   b55aa:	7802      	ldrb	r2, [r0, #0]
		*i = *j;
   b55ac:	7819      	ldrb	r1, [r3, #0]
   b55ae:	f800 1b01 	strb.w	r1, [r0], #1
		*j = c;
   b55b2:	f803 2901 	strb.w	r2, [r3], #-1
	while(i<j){
   b55b6:	e7f6      	b.n	b55a6 <_Z11str_reversePc+0xe>
		++i;
		--j;
	}
}
   b55b8:	bd10      	pop	{r4, pc}

000b55ba <ultoa>:
      memcpy(head, ++tail, i);
      return str;
}

//convert unsigned long to string
__attribute__((weak)) char* ultoa(unsigned long a, char* buffer, int radix, char pad){
   b55ba:	b570      	push	{r4, r5, r6, lr}
   b55bc:	460c      	mov	r4, r1
	if(radix<2 || radix>36){
   b55be:	1e91      	subs	r1, r2, #2
   b55c0:	2922      	cmp	r1, #34	; 0x22
   b55c2:	d81d      	bhi.n	b5600 <ultoa+0x46>
		return NULL;
	}
	char* ptr=buffer;
   b55c4:	4625      	mov	r5, r4

	div_t result;
	while(a){
   b55c6:	b930      	cbnz	r0, b55d6 <ultoa+0x1c>
                *ptr += 'a'-10;
            }
            ++ptr;
            a = result.quot;
	}
        while (ptr < buffer+pad)
   b55c8:	4423      	add	r3, r4
            *ptr++ = '0';
   b55ca:	2230      	movs	r2, #48	; 0x30
        while (ptr < buffer+pad)
   b55cc:	429d      	cmp	r5, r3
   b55ce:	d210      	bcs.n	b55f2 <ultoa+0x38>
            *ptr++ = '0';
   b55d0:	f805 2b01 	strb.w	r2, [r5], #1
        while (ptr < buffer+pad)
   b55d4:	e7fa      	b.n	b55cc <ultoa+0x12>
            result.quot = a/radix;
   b55d6:	fbb0 f6f2 	udiv	r6, r0, r2
            result.rem = a%radix;
   b55da:	fb02 0016 	mls	r0, r2, r6, r0
            *ptr = result.rem;
   b55de:	b2c1      	uxtb	r1, r0
            if(result.rem<10){
   b55e0:	2809      	cmp	r0, #9
                *ptr += '0';
   b55e2:	bf94      	ite	ls
   b55e4:	3130      	addls	r1, #48	; 0x30
                *ptr += 'a'-10;
   b55e6:	3157      	addhi	r1, #87	; 0x57
   b55e8:	b2c9      	uxtb	r1, r1
   b55ea:	f805 1b01 	strb.w	r1, [r5], #1
            a = result.quot;
   b55ee:	4630      	mov	r0, r6
	while(a){
   b55f0:	e7e9      	b.n	b55c6 <ultoa+0xc>

	*ptr = '\0';
   b55f2:	2300      	movs	r3, #0
	str_reverse(buffer);
   b55f4:	4620      	mov	r0, r4
	*ptr = '\0';
   b55f6:	702b      	strb	r3, [r5, #0]
	str_reverse(buffer);
   b55f8:	f7ff ffce 	bl	b5598 <_Z11str_reversePc>
	return buffer;
   b55fc:	4620      	mov	r0, r4
}
   b55fe:	bd70      	pop	{r4, r5, r6, pc}
		return NULL;
   b5600:	2000      	movs	r0, #0
   b5602:	e7fc      	b.n	b55fe <ultoa+0x44>

000b5604 <itoa>:

__attribute__((weak)) char* itoa(int a, char* buffer, int radix){
   b5604:	b538      	push	{r3, r4, r5, lr}
	if(a<0){
   b5606:	1e03      	subs	r3, r0, #0
__attribute__((weak)) char* itoa(int a, char* buffer, int radix){
   b5608:	460c      	mov	r4, r1
   b560a:	4615      	mov	r5, r2
	if(a<0){
   b560c:	da0e      	bge.n	b562c <itoa+0x28>
		*buffer = '-';
		unsigned v = a==INT_MIN ? ((unsigned)INT_MAX+1) : -a;
   b560e:	f1b3 4f00 	cmp.w	r3, #2147483648	; 0x80000000
		*buffer = '-';
   b5612:	f04f 022d 	mov.w	r2, #45	; 0x2d
		unsigned v = a==INT_MIN ? ((unsigned)INT_MAX+1) : -a;
   b5616:	bf14      	ite	ne
   b5618:	4258      	negne	r0, r3
   b561a:	4618      	moveq	r0, r3
		ultoa((unsigned)v, buffer + 1, radix);
   b561c:	2301      	movs	r3, #1
		*buffer = '-';
   b561e:	700a      	strb	r2, [r1, #0]
		ultoa((unsigned)v, buffer + 1, radix);
   b5620:	462a      	mov	r2, r5
   b5622:	4419      	add	r1, r3
	}else{
		ultoa(a, buffer, radix);
   b5624:	f7ff ffc9 	bl	b55ba <ultoa>
	}
	return buffer;
}
   b5628:	4620      	mov	r0, r4
   b562a:	bd38      	pop	{r3, r4, r5, pc}
		ultoa(a, buffer, radix);
   b562c:	2301      	movs	r3, #1
   b562e:	e7f9      	b.n	b5624 <itoa+0x20>

000b5630 <_ZN6StringD1Ev>:
    init();
    char buf[33] = {};
    dtoa(value, decimalPlaces, buf);
  *this = buf;
}
String::~String()
   b5630:	b510      	push	{r4, lr}
   b5632:	4604      	mov	r4, r0
{
    free(buffer);
   b5634:	6800      	ldr	r0, [r0, #0]
   b5636:	f7ff feb9 	bl	b53ac <free>
}
   b563a:	4620      	mov	r0, r4
   b563c:	bd10      	pop	{r4, pc}

000b563e <_ZN6String10invalidateEv>:
    len = 0;
    flags = 0;
}

void String::invalidate(void)
{
   b563e:	b510      	push	{r4, lr}
   b5640:	4604      	mov	r4, r0
    if (buffer) {
   b5642:	6800      	ldr	r0, [r0, #0]
   b5644:	b108      	cbz	r0, b564a <_ZN6String10invalidateEv+0xc>
        free(buffer);
   b5646:	f7ff feb1 	bl	b53ac <free>
    }
    buffer = nullptr;
   b564a:	2300      	movs	r3, #0
    capacity_ = len = 0;
   b564c:	e9c4 3301 	strd	r3, r3, [r4, #4]
    buffer = nullptr;
   b5650:	6023      	str	r3, [r4, #0]
}
   b5652:	bd10      	pop	{r4, pc}

000b5654 <_ZN6String12changeBufferEj>:
    len = size;
    return true;
}

unsigned char String::changeBuffer(unsigned int maxStrLen)
{
   b5654:	b538      	push	{r3, r4, r5, lr}
   b5656:	4604      	mov	r4, r0
   b5658:	460d      	mov	r5, r1
    char *newbuffer = (char *)realloc(buffer, maxStrLen + 1);
   b565a:	6800      	ldr	r0, [r0, #0]
   b565c:	3101      	adds	r1, #1
   b565e:	f7ff fead 	bl	b53bc <realloc>
    if (newbuffer) {
   b5662:	b110      	cbz	r0, b566a <_ZN6String12changeBufferEj+0x16>
        buffer = newbuffer;
        capacity_ = maxStrLen;
   b5664:	e9c4 0500 	strd	r0, r5, [r4]
        return 1;
   b5668:	2001      	movs	r0, #1
    }
    return 0;
}
   b566a:	bd38      	pop	{r3, r4, r5, pc}

000b566c <_ZN6String7reserveEj>:
{
   b566c:	b510      	push	{r4, lr}
    if (buffer && capacity_ >= size) {
   b566e:	6803      	ldr	r3, [r0, #0]
{
   b5670:	4604      	mov	r4, r0
    if (buffer && capacity_ >= size) {
   b5672:	b123      	cbz	r3, b567e <_ZN6String7reserveEj+0x12>
   b5674:	6843      	ldr	r3, [r0, #4]
   b5676:	428b      	cmp	r3, r1
   b5678:	d301      	bcc.n	b567e <_ZN6String7reserveEj+0x12>
   b567a:	2001      	movs	r0, #1
}
   b567c:	bd10      	pop	{r4, pc}
    if (changeBuffer(size)) {
   b567e:	4620      	mov	r0, r4
   b5680:	f7ff ffe8 	bl	b5654 <_ZN6String12changeBufferEj>
   b5684:	2800      	cmp	r0, #0
   b5686:	d0f9      	beq.n	b567c <_ZN6String7reserveEj+0x10>
        if (len == 0) {
   b5688:	68a3      	ldr	r3, [r4, #8]
   b568a:	2b00      	cmp	r3, #0
   b568c:	d1f5      	bne.n	b567a <_ZN6String7reserveEj+0xe>
            buffer[0] = 0;
   b568e:	6822      	ldr	r2, [r4, #0]
   b5690:	7013      	strb	r3, [r2, #0]
   b5692:	e7f2      	b.n	b567a <_ZN6String7reserveEj+0xe>

000b5694 <_ZN6String4copyEPKcj>:
/*********************************************/
/*  Copy and Move                            */
/*********************************************/

String & String::copy(const char *cstr, unsigned int length)
{
   b5694:	b537      	push	{r0, r1, r2, r4, r5, lr}
   b5696:	460d      	mov	r5, r1
    if (!reserve(length)) {
   b5698:	4611      	mov	r1, r2
   b569a:	9201      	str	r2, [sp, #4]
{
   b569c:	4604      	mov	r4, r0
    if (!reserve(length)) {
   b569e:	f7ff ffe5 	bl	b566c <_ZN6String7reserveEj>
   b56a2:	9a01      	ldr	r2, [sp, #4]
   b56a4:	b928      	cbnz	r0, b56b2 <_ZN6String4copyEPKcj+0x1e>
        invalidate();
   b56a6:	4620      	mov	r0, r4
   b56a8:	f7ff ffc9 	bl	b563e <_ZN6String10invalidateEv>
    }
    len = length;
    memcpy(buffer, cstr, length);
    buffer[len] = 0;
    return *this;
}
   b56ac:	4620      	mov	r0, r4
   b56ae:	b003      	add	sp, #12
   b56b0:	bd30      	pop	{r4, r5, pc}
    len = length;
   b56b2:	60a2      	str	r2, [r4, #8]
    memcpy(buffer, cstr, length);
   b56b4:	4629      	mov	r1, r5
   b56b6:	6820      	ldr	r0, [r4, #0]
   b56b8:	f001 ff44 	bl	b7544 <memcpy>
    buffer[len] = 0;
   b56bc:	6822      	ldr	r2, [r4, #0]
   b56be:	68a3      	ldr	r3, [r4, #8]
   b56c0:	2100      	movs	r1, #0
   b56c2:	54d1      	strb	r1, [r2, r3]
    return *this;
   b56c4:	e7f2      	b.n	b56ac <_ZN6String4copyEPKcj+0x18>

000b56c6 <_ZN6String4moveERS_>:
    return copy(reinterpret_cast<const char*>(pstr), length);
}

#ifdef __GXX_EXPERIMENTAL_CXX0X__
void String::move(String &rhs)
{
   b56c6:	b538      	push	{r3, r4, r5, lr}
   b56c8:	4605      	mov	r5, r0
    if (buffer) {
   b56ca:	6800      	ldr	r0, [r0, #0]
{
   b56cc:	460c      	mov	r4, r1
    if (buffer) {
   b56ce:	b170      	cbz	r0, b56ee <_ZN6String4moveERS_+0x28>
        if (capacity_ >= rhs.len && rhs.buffer) {
   b56d0:	686a      	ldr	r2, [r5, #4]
   b56d2:	688b      	ldr	r3, [r1, #8]
   b56d4:	429a      	cmp	r2, r3
   b56d6:	d308      	bcc.n	b56ea <_ZN6String4moveERS_+0x24>
   b56d8:	6809      	ldr	r1, [r1, #0]
   b56da:	b131      	cbz	r1, b56ea <_ZN6String4moveERS_+0x24>
            strcpy(buffer, rhs.buffer);
   b56dc:	f001 ffa7 	bl	b762e <strcpy>
            len = rhs.len;
   b56e0:	68a3      	ldr	r3, [r4, #8]
   b56e2:	60ab      	str	r3, [r5, #8]
            rhs.len = 0;
   b56e4:	2300      	movs	r3, #0
    buffer = rhs.buffer;
    capacity_ = rhs.capacity_;
    len = rhs.len;
    rhs.buffer = nullptr;
    rhs.capacity_ = 0;
    rhs.len = 0;
   b56e6:	60a3      	str	r3, [r4, #8]
}
   b56e8:	bd38      	pop	{r3, r4, r5, pc}
            free(buffer);
   b56ea:	f7ff fe5f 	bl	b53ac <free>
    buffer = rhs.buffer;
   b56ee:	6823      	ldr	r3, [r4, #0]
   b56f0:	602b      	str	r3, [r5, #0]
    capacity_ = rhs.capacity_;
   b56f2:	6863      	ldr	r3, [r4, #4]
   b56f4:	606b      	str	r3, [r5, #4]
    len = rhs.len;
   b56f6:	68a3      	ldr	r3, [r4, #8]
   b56f8:	60ab      	str	r3, [r5, #8]
    rhs.buffer = nullptr;
   b56fa:	2300      	movs	r3, #0
    rhs.capacity_ = 0;
   b56fc:	e9c4 3300 	strd	r3, r3, [r4]
   b5700:	e7f1      	b.n	b56e6 <_ZN6String4moveERS_+0x20>

000b5702 <_ZN6StringC1EOS_>:
String::String(String &&rval)
   b5702:	b510      	push	{r4, lr}
    buffer = nullptr;
   b5704:	2300      	movs	r3, #0
    capacity_ = 0;
   b5706:	e9c0 3300 	strd	r3, r3, [r0]
String::String(String &&rval)
   b570a:	4604      	mov	r4, r0
    len = 0;
   b570c:	6083      	str	r3, [r0, #8]
    flags = 0;
   b570e:	7303      	strb	r3, [r0, #12]
    move(rval);
   b5710:	f7ff ffd9 	bl	b56c6 <_ZN6String4moveERS_>
}
   b5714:	4620      	mov	r0, r4
   b5716:	bd10      	pop	{r4, pc}

000b5718 <_ZN6StringaSERKS_>:
#endif

String & String::operator = (const String &rhs)
{
    if (this == &rhs) {
   b5718:	4288      	cmp	r0, r1
{
   b571a:	b510      	push	{r4, lr}
   b571c:	4604      	mov	r4, r0
    if (this == &rhs) {
   b571e:	d005      	beq.n	b572c <_ZN6StringaSERKS_+0x14>
        return *this;
    }

    if (rhs.buffer) {
   b5720:	680b      	ldr	r3, [r1, #0]
   b5722:	b12b      	cbz	r3, b5730 <_ZN6StringaSERKS_+0x18>
        copy(rhs.buffer, rhs.len);
   b5724:	688a      	ldr	r2, [r1, #8]
   b5726:	4619      	mov	r1, r3
   b5728:	f7ff ffb4 	bl	b5694 <_ZN6String4copyEPKcj>
    else {
        invalidate();
    }

    return *this;
}
   b572c:	4620      	mov	r0, r4
   b572e:	bd10      	pop	{r4, pc}
        invalidate();
   b5730:	f7ff ff85 	bl	b563e <_ZN6String10invalidateEv>
   b5734:	e7fa      	b.n	b572c <_ZN6StringaSERKS_+0x14>

000b5736 <_ZN6StringC1ERKS_>:
String::String(const String &value)
   b5736:	b510      	push	{r4, lr}
    buffer = nullptr;
   b5738:	2300      	movs	r3, #0
String::String(const String &value)
   b573a:	4604      	mov	r4, r0
    capacity_ = 0;
   b573c:	e9c0 3300 	strd	r3, r3, [r0]
    len = 0;
   b5740:	6083      	str	r3, [r0, #8]
    flags = 0;
   b5742:	7303      	strb	r3, [r0, #12]
    *this = value;
   b5744:	f7ff ffe8 	bl	b5718 <_ZN6StringaSERKS_>
}
   b5748:	4620      	mov	r0, r4
   b574a:	bd10      	pop	{r4, pc}

000b574c <_ZN6StringaSEPKc>:
    return *this;
}
#endif

String & String::operator = (const char *cstr)
{
   b574c:	b513      	push	{r0, r1, r4, lr}
   b574e:	4604      	mov	r4, r0
    if (cstr) {
   b5750:	b159      	cbz	r1, b576a <_ZN6StringaSEPKc+0x1e>
        copy(cstr, strlen(cstr));
   b5752:	4608      	mov	r0, r1
   b5754:	9101      	str	r1, [sp, #4]
   b5756:	f7ff f88b 	bl	b4870 <strlen>
   b575a:	9901      	ldr	r1, [sp, #4]
   b575c:	4602      	mov	r2, r0
   b575e:	4620      	mov	r0, r4
   b5760:	f7ff ff98 	bl	b5694 <_ZN6String4copyEPKcj>
    else {
        invalidate();
    }

    return *this;
}
   b5764:	4620      	mov	r0, r4
   b5766:	b002      	add	sp, #8
   b5768:	bd10      	pop	{r4, pc}
        invalidate();
   b576a:	f7ff ff68 	bl	b563e <_ZN6String10invalidateEv>
   b576e:	e7f9      	b.n	b5764 <_ZN6StringaSEPKc+0x18>

000b5770 <_ZN6StringC1Eih>:
String::String(int value, unsigned char base)
   b5770:	b570      	push	{r4, r5, r6, lr}
   b5772:	460d      	mov	r5, r1
   b5774:	b08a      	sub	sp, #40	; 0x28
    buffer = nullptr;
   b5776:	2100      	movs	r1, #0
String::String(int value, unsigned char base)
   b5778:	4604      	mov	r4, r0
    capacity_ = 0;
   b577a:	e9c0 1100 	strd	r1, r1, [r0]
String::String(int value, unsigned char base)
   b577e:	4616      	mov	r6, r2
    len = 0;
   b5780:	6081      	str	r1, [r0, #8]
    flags = 0;
   b5782:	7301      	strb	r1, [r0, #12]
    char buf[34] = {};
   b5784:	221e      	movs	r2, #30
   b5786:	a802      	add	r0, sp, #8
   b5788:	9101      	str	r1, [sp, #4]
   b578a:	f001 ff03 	bl	b7594 <memset>
    itoa(value, buf, base);
   b578e:	4632      	mov	r2, r6
   b5790:	a901      	add	r1, sp, #4
   b5792:	4628      	mov	r0, r5
   b5794:	f7ff ff36 	bl	b5604 <itoa>
    *this = buf;
   b5798:	a901      	add	r1, sp, #4
   b579a:	4620      	mov	r0, r4
   b579c:	f7ff ffd6 	bl	b574c <_ZN6StringaSEPKc>
}
   b57a0:	4620      	mov	r0, r4
   b57a2:	b00a      	add	sp, #40	; 0x28
   b57a4:	bd70      	pop	{r4, r5, r6, pc}

000b57a6 <_ZN6String6concatEPKcj>:
{
    return concat(s.buffer, s.len);
}

unsigned char String::concat(const char *cstr, unsigned int length)
{
   b57a6:	b5f8      	push	{r3, r4, r5, r6, r7, lr}
   b57a8:	4604      	mov	r4, r0
   b57aa:	4616      	mov	r6, r2
    unsigned int newlen = len + length;
    if (!cstr) {
   b57ac:	460f      	mov	r7, r1
   b57ae:	b909      	cbnz	r1, b57b4 <_ZN6String6concatEPKcj+0xe>
        return 0;
   b57b0:	2000      	movs	r0, #0
    }
    memcpy(buffer + len, cstr, length);
    buffer[newlen] = 0;
    len = newlen;
    return 1;
}
   b57b2:	bdf8      	pop	{r3, r4, r5, r6, r7, pc}
    if (length == 0) {
   b57b4:	b18a      	cbz	r2, b57da <_ZN6String6concatEPKcj+0x34>
    unsigned int newlen = len + length;
   b57b6:	6885      	ldr	r5, [r0, #8]
   b57b8:	4415      	add	r5, r2
    if (!reserve(newlen)) {
   b57ba:	4629      	mov	r1, r5
   b57bc:	f7ff ff56 	bl	b566c <_ZN6String7reserveEj>
   b57c0:	2800      	cmp	r0, #0
   b57c2:	d0f5      	beq.n	b57b0 <_ZN6String6concatEPKcj+0xa>
    memcpy(buffer + len, cstr, length);
   b57c4:	68a3      	ldr	r3, [r4, #8]
   b57c6:	6820      	ldr	r0, [r4, #0]
   b57c8:	4632      	mov	r2, r6
   b57ca:	4418      	add	r0, r3
   b57cc:	4639      	mov	r1, r7
   b57ce:	f001 feb9 	bl	b7544 <memcpy>
    buffer[newlen] = 0;
   b57d2:	6823      	ldr	r3, [r4, #0]
   b57d4:	2200      	movs	r2, #0
   b57d6:	555a      	strb	r2, [r3, r5]
    len = newlen;
   b57d8:	60a5      	str	r5, [r4, #8]
        return 1;
   b57da:	2001      	movs	r0, #1
   b57dc:	e7e9      	b.n	b57b2 <_ZN6String6concatEPKcj+0xc>

000b57de <_ZN6String6concatEc>:
unsigned char String::concat(const __FlashStringHelper * str) {
    return concat(reinterpret_cast<const char*>(str));
}

unsigned char String::concat(char c)
{
   b57de:	b507      	push	{r0, r1, r2, lr}
    char buf[2] = {};
   b57e0:	2300      	movs	r3, #0
   b57e2:	f8ad 3004 	strh.w	r3, [sp, #4]
    buf[0] = c;
    buf[1] = 0;
    return concat(buf, 1);
   b57e6:	2201      	movs	r2, #1
    buf[0] = c;
   b57e8:	f88d 1004 	strb.w	r1, [sp, #4]
    return concat(buf, 1);
   b57ec:	a901      	add	r1, sp, #4
   b57ee:	f7ff ffda 	bl	b57a6 <_ZN6String6concatEPKcj>
}
   b57f2:	b003      	add	sp, #12
   b57f4:	f85d fb04 	ldr.w	pc, [sp], #4

000b57f8 <_ZplRK15StringSumHelperRK6String>:
/*********************************************/
/*  Concatenate                              */
/*********************************************/

StringSumHelper & operator + (const StringSumHelper &lhs, const String &rhs)
{
   b57f8:	b510      	push	{r4, lr}
    StringSumHelper &a = const_cast<StringSumHelper&>(lhs);
    if (!a.concat(rhs.buffer, rhs.len)) {
   b57fa:	688a      	ldr	r2, [r1, #8]
   b57fc:	6809      	ldr	r1, [r1, #0]
{
   b57fe:	4604      	mov	r4, r0
    if (!a.concat(rhs.buffer, rhs.len)) {
   b5800:	f7ff ffd1 	bl	b57a6 <_ZN6String6concatEPKcj>
   b5804:	b910      	cbnz	r0, b580c <_ZplRK15StringSumHelperRK6String+0x14>
        a.invalidate();
   b5806:	4620      	mov	r0, r4
   b5808:	f7ff ff19 	bl	b563e <_ZN6String10invalidateEv>
    }
    return a;
}
   b580c:	4620      	mov	r0, r4
   b580e:	bd10      	pop	{r4, pc}

000b5810 <_ZplRK15StringSumHelperc>:
    }
    return a;
}

StringSumHelper & operator + (const StringSumHelper &lhs, char c)
{
   b5810:	b510      	push	{r4, lr}
   b5812:	4604      	mov	r4, r0
    StringSumHelper &a = const_cast<StringSumHelper&>(lhs);
    if (!a.concat(c)) {
   b5814:	f7ff ffe3 	bl	b57de <_ZN6String6concatEc>
   b5818:	b910      	cbnz	r0, b5820 <_ZplRK15StringSumHelperc+0x10>
        a.invalidate();
   b581a:	4620      	mov	r0, r4
   b581c:	f7ff ff0f 	bl	b563e <_ZN6String10invalidateEv>
    }
    return a;
}
   b5820:	4620      	mov	r0, r4
   b5822:	bd10      	pop	{r4, pc}

000b5824 <_ZNSt16_Sp_counted_baseILN9__gnu_cxx12_Lock_policyE0EE10_M_releaseEv>:
    {
   b5824:	b510      	push	{r4, lr}
      if (--_M_use_count == 0)
   b5826:	6843      	ldr	r3, [r0, #4]
   b5828:	3b01      	subs	r3, #1
    {
   b582a:	4604      	mov	r4, r0
      if (--_M_use_count == 0)
   b582c:	6043      	str	r3, [r0, #4]
   b582e:	b963      	cbnz	r3, b584a <_ZNSt16_Sp_counted_baseILN9__gnu_cxx12_Lock_policyE0EE10_M_releaseEv+0x26>
          _M_dispose();
   b5830:	6803      	ldr	r3, [r0, #0]
   b5832:	689b      	ldr	r3, [r3, #8]
   b5834:	4798      	blx	r3
          if (--_M_weak_count == 0)
   b5836:	68a3      	ldr	r3, [r4, #8]
   b5838:	3b01      	subs	r3, #1
   b583a:	60a3      	str	r3, [r4, #8]
   b583c:	b92b      	cbnz	r3, b584a <_ZNSt16_Sp_counted_baseILN9__gnu_cxx12_Lock_policyE0EE10_M_releaseEv+0x26>
            _M_destroy();
   b583e:	6823      	ldr	r3, [r4, #0]
   b5840:	4620      	mov	r0, r4
   b5842:	68db      	ldr	r3, [r3, #12]
    }
   b5844:	e8bd 4010 	ldmia.w	sp!, {r4, lr}
            _M_destroy();
   b5848:	4718      	bx	r3
    }
   b584a:	bd10      	pop	{r4, pc}

000b584c <_ZN5spark6VectorI6StringNS_16DefaultAllocatorEED1Ev>:
inline spark::Vector<T, AllocatorT>::Vector(Vector<T, AllocatorT>&& vector) : Vector() {
    swap(*this, vector);
}

template<typename T, typename AllocatorT>
inline spark::Vector<T, AllocatorT>::~Vector() {
   b584c:	b570      	push	{r4, r5, r6, lr}
    destruct(data_, data_ + size_);
   b584e:	e9d0 5300 	ldrd	r5, r3, [r0]
inline spark::Vector<T, AllocatorT>::~Vector() {
   b5852:	4604      	mov	r4, r0
    destruct(data_, data_ + size_);
   b5854:	eb05 1603 	add.w	r6, r5, r3, lsl #4
        for (; p != end; ++p) {
   b5858:	42ae      	cmp	r6, r5
   b585a:	d004      	beq.n	b5866 <_ZN5spark6VectorI6StringNS_16DefaultAllocatorEED1Ev+0x1a>
            p->~T();
   b585c:	4628      	mov	r0, r5
   b585e:	f7ff fee7 	bl	b5630 <_ZN6StringD1Ev>
        for (; p != end; ++p) {
   b5862:	3510      	adds	r5, #16
   b5864:	e7f8      	b.n	b5858 <_ZN5spark6VectorI6StringNS_16DefaultAllocatorEED1Ev+0xc>
    ::free(ptr);
   b5866:	6820      	ldr	r0, [r4, #0]
   b5868:	f7ff fda0 	bl	b53ac <free>
    AllocatorT::free(data_);
}
   b586c:	4620      	mov	r0, r4
   b586e:	bd70      	pop	{r4, r5, r6, pc}

000b5870 <_GLOBAL__sub_I__ZN8particle3ble13WiringBleLock6mutex_E>:
    /**
     * Creates a shared mutex.
     */
    RecursiveMutex(os_mutex_recursive_t handle) : handle_(handle) {}

    RecursiveMutex() : handle_(nullptr)
   b5870:	4802      	ldr	r0, [pc, #8]	; (b587c <_GLOBAL__sub_I__ZN8particle3ble13WiringBleLock6mutex_E+0xc>)
   b5872:	2300      	movs	r3, #0
   b5874:	6003      	str	r3, [r0, #0]
    {
        os_mutex_recursive_create(&handle_);
   b5876:	f7ff bbd3 	b.w	b5020 <os_mutex_recursive_create>
   b587a:	bf00      	nop
   b587c:	2003df0c 	.word	0x2003df0c

000b5880 <_ZN5spark16JSONStreamWriter5writeEPKcj>:

inline Print* spark::JSONStreamWriter::stream() const {
    return &strm_;
}

inline void spark::JSONStreamWriter::write(const char *data, size_t size) {
   b5880:	b510      	push	{r4, lr}
   b5882:	4604      	mov	r4, r0
    bytesWritten_ += strm_.write((const uint8_t*)data, size);
   b5884:	6880      	ldr	r0, [r0, #8]
   b5886:	6803      	ldr	r3, [r0, #0]
   b5888:	68db      	ldr	r3, [r3, #12]
   b588a:	4798      	blx	r3
   b588c:	68e3      	ldr	r3, [r4, #12]
   b588e:	4418      	add	r0, r3
   b5890:	60e0      	str	r0, [r4, #12]
}
   b5892:	bd10      	pop	{r4, pc}

000b5894 <_ZN5Print5writeEPKhj>:

// Public Methods //////////////////////////////////////////////////////////////

/* default implementation: may be overridden */
size_t Print::write(const uint8_t *buffer, size_t size)
{
   b5894:	b5f8      	push	{r3, r4, r5, r6, r7, lr}
   b5896:	4606      	mov	r6, r0
   b5898:	460d      	mov	r5, r1
  size_t n = 0;
   b589a:	188f      	adds	r7, r1, r2
   b589c:	2400      	movs	r4, #0
  while (size--) {
   b589e:	42bd      	cmp	r5, r7
   b58a0:	d00c      	beq.n	b58bc <_ZN5Print5writeEPKhj+0x28>
     int chunk = write(*buffer++);
   b58a2:	6833      	ldr	r3, [r6, #0]
   b58a4:	f815 1b01 	ldrb.w	r1, [r5], #1
   b58a8:	689b      	ldr	r3, [r3, #8]
   b58aa:	4630      	mov	r0, r6
   b58ac:	4798      	blx	r3
     if (chunk>=0)
   b58ae:	1e03      	subs	r3, r0, #0
   b58b0:	db01      	blt.n	b58b6 <_ZN5Print5writeEPKhj+0x22>
         n += chunk;
   b58b2:	441c      	add	r4, r3
  while (size--) {
   b58b4:	e7f3      	b.n	b589e <_ZN5Print5writeEPKhj+0xa>
     int chunk = write(*buffer++);
   b58b6:	2c00      	cmp	r4, #0
   b58b8:	bf08      	it	eq
   b58ba:	461c      	moveq	r4, r3
             n = chunk;
         break;
     }
  }
  return n;
}
   b58bc:	4620      	mov	r0, r4
   b58be:	bdf8      	pop	{r3, r4, r5, r6, r7, pc}

000b58c0 <_ZN5spark16JSONStreamWriterD1Ev>:
class JSONStreamWriter: public JSONWriter {
   b58c0:	4770      	bx	lr

000b58c2 <_ZN5spark16JSONStreamWriterD0Ev>:
   b58c2:	b510      	push	{r4, lr}
   b58c4:	2110      	movs	r1, #16
   b58c6:	4604      	mov	r4, r0
   b58c8:	f7ff f819 	bl	b48fe <_ZdlPvj>
   b58cc:	4620      	mov	r0, r4
   b58ce:	bd10      	pop	{r4, pc}

000b58d0 <_ZN5Print5writeEPKc>:

    int getWriteError() const { return write_error; }
    void clearWriteError() { setWriteError(0); }

    virtual size_t write(uint8_t) = 0;
    size_t write(const char *str) {
   b58d0:	b513      	push	{r0, r1, r4, lr}
   b58d2:	4604      	mov	r4, r0
      if (str == NULL) return 0;
      return write((const uint8_t *)str, strlen(str));
    }
   b58d4:	4608      	mov	r0, r1
      if (str == NULL) return 0;
   b58d6:	b159      	cbz	r1, b58f0 <_ZN5Print5writeEPKc+0x20>
      return write((const uint8_t *)str, strlen(str));
   b58d8:	9101      	str	r1, [sp, #4]
   b58da:	f7fe ffc9 	bl	b4870 <strlen>
   b58de:	6823      	ldr	r3, [r4, #0]
   b58e0:	9901      	ldr	r1, [sp, #4]
   b58e2:	68db      	ldr	r3, [r3, #12]
   b58e4:	4602      	mov	r2, r0
   b58e6:	4620      	mov	r0, r4
    }
   b58e8:	b002      	add	sp, #8
   b58ea:	e8bd 4010 	ldmia.w	sp!, {r4, lr}
      return write((const uint8_t *)str, strlen(str));
   b58ee:	4718      	bx	r3
    }
   b58f0:	b002      	add	sp, #8
   b58f2:	bd10      	pop	{r4, pc}

000b58f4 <_ZN5Print5printEc>:
  return write(str);
}

size_t Print::print(char c)
{
  return write(c);
   b58f4:	6803      	ldr	r3, [r0, #0]
   b58f6:	689b      	ldr	r3, [r3, #8]
   b58f8:	4718      	bx	r3

000b58fa <_ZN5Print11printNumberEmh>:
  return println(reinterpret_cast<const char*>(str));
}

// Private Methods /////////////////////////////////////////////////////////////

size_t Print::printNumber(unsigned long n, uint8_t base) {
   b58fa:	b530      	push	{r4, r5, lr}
   b58fc:	b08b      	sub	sp, #44	; 0x2c
  char buf[8 * sizeof(n) + 1]; // Assumes 8-bit chars plus zero byte.
  char *str = &buf[sizeof(buf) - 1];

  *str = '\0';
   b58fe:	2300      	movs	r3, #0

  // prevent crash if called with base == 1
  if (base < 2) base = 10;
   b5900:	2a01      	cmp	r2, #1
  *str = '\0';
   b5902:	f88d 3024 	strb.w	r3, [sp, #36]	; 0x24
  if (base < 2) base = 10;
   b5906:	bf98      	it	ls
   b5908:	220a      	movls	r2, #10
   b590a:	ac09      	add	r4, sp, #36	; 0x24

  do {
   decltype(n) m = n;
   n /= base;
   b590c:	460d      	mov	r5, r1
   b590e:	fbb1 f1f2 	udiv	r1, r1, r2
   char c = m - base * n;
   b5912:	fb01 5312 	mls	r3, r1, r2, r5
   b5916:	f003 03ff 	and.w	r3, r3, #255	; 0xff
   *--str = c < 10 ? c + '0' : c + 'A' - 10;
   b591a:	2b09      	cmp	r3, #9
   b591c:	bf94      	ite	ls
   b591e:	3330      	addls	r3, #48	; 0x30
   b5920:	3337      	addhi	r3, #55	; 0x37
   b5922:	b2db      	uxtb	r3, r3
  } while(n);
   b5924:	42aa      	cmp	r2, r5
   *--str = c < 10 ? c + '0' : c + 'A' - 10;
   b5926:	f804 3d01 	strb.w	r3, [r4, #-1]!
  } while(n);
   b592a:	d9ef      	bls.n	b590c <_ZN5Print11printNumberEmh+0x12>

  return write(str);
   b592c:	4621      	mov	r1, r4
   b592e:	f7ff ffcf 	bl	b58d0 <_ZN5Print5writeEPKc>
}
   b5932:	b00b      	add	sp, #44	; 0x2c
   b5934:	bd30      	pop	{r4, r5, pc}

000b5936 <_ZN6Stream9timedReadEv>:
#define PARSE_TIMEOUT 1000  // default number of milli-seconds to wait
#define NO_SKIP_CHAR  1  // a magic char not found in a valid ASCII numeric field

// private method to read stream with timeout
int Stream::timedRead()
{
   b5936:	b510      	push	{r4, lr}
   b5938:	4604      	mov	r4, r0

#ifdef __cplusplus
extern "C" {
#endif

inline system_tick_t millis(void) { return HAL_Timer_Get_Milli_Seconds(); }
   b593a:	f7ff fb69 	bl	b5010 <HAL_Timer_Get_Milli_Seconds>
  int c;
  _startMillis = millis();
   b593e:	60e0      	str	r0, [r4, #12]
  do {
    c = read();
   b5940:	6823      	ldr	r3, [r4, #0]
   b5942:	4620      	mov	r0, r4
   b5944:	695b      	ldr	r3, [r3, #20]
   b5946:	4798      	blx	r3
    if (c >= 0) return c;
   b5948:	2800      	cmp	r0, #0
   b594a:	da08      	bge.n	b595e <_ZN6Stream9timedReadEv+0x28>
   b594c:	f7ff fb60 	bl	b5010 <HAL_Timer_Get_Milli_Seconds>
  } while(millis() - _startMillis < _timeout);
   b5950:	68e3      	ldr	r3, [r4, #12]
   b5952:	1ac0      	subs	r0, r0, r3
   b5954:	68a3      	ldr	r3, [r4, #8]
   b5956:	4298      	cmp	r0, r3
   b5958:	d3f2      	bcc.n	b5940 <_ZN6Stream9timedReadEv+0xa>
  return -1;     // -1 indicates timeout
   b595a:	f04f 30ff 	mov.w	r0, #4294967295
}
   b595e:	bd10      	pop	{r4, pc}

000b5960 <_ZN6Stream9readBytesEPcj>:
// terminates if length characters have been read, or timeout (see setTimeout)
// returns the number of characters placed in the buffer
// the buffer is NOT null terminated.
//
size_t Stream::readBytes(char *buffer, size_t length)
{
   b5960:	e92d 41f0 	stmdb	sp!, {r4, r5, r6, r7, r8, lr}
   b5964:	4607      	mov	r7, r0
   b5966:	460c      	mov	r4, r1
   b5968:	188e      	adds	r6, r1, r2
   b596a:	460d      	mov	r5, r1
  size_t count = 0;
  while (count < length) {
   b596c:	42b5      	cmp	r5, r6
   b596e:	eba5 0804 	sub.w	r8, r5, r4
   b5972:	d007      	beq.n	b5984 <_ZN6Stream9readBytesEPcj+0x24>
    int c = timedRead();
   b5974:	4638      	mov	r0, r7
   b5976:	f7ff ffde 	bl	b5936 <_ZN6Stream9timedReadEv>
    if (c < 0) break;
   b597a:	1e03      	subs	r3, r0, #0
   b597c:	db02      	blt.n	b5984 <_ZN6Stream9readBytesEPcj+0x24>
    *buffer++ = (char)c;
   b597e:	f805 3b01 	strb.w	r3, [r5], #1
  while (count < length) {
   b5982:	e7f3      	b.n	b596c <_ZN6Stream9readBytesEPcj+0xc>
    count++;
  }
  return count;
}
   b5984:	4640      	mov	r0, r8
   b5986:	e8bd 81f0 	ldmia.w	sp!, {r4, r5, r6, r7, r8, pc}

000b598a <_ZN5spark20JSONStreamLogHandler5writeEPKcj>:
}

// spark::JSONStreamLogHandler
inline void spark::JSONStreamLogHandler::write(const char *data, size_t size) {
    // This handler doesn't support direct logging
}
   b598a:	4770      	bx	lr

000b598c <_ZN5spark17LogHandlerFactory14destroyHandlerEPNS_10LogHandlerE>:

#if Wiring_LogConfig

// spark::LogHandlerFactory
inline void spark::LogHandlerFactory::destroyHandler(LogHandler *handler) {
    delete handler;
   b598c:	4608      	mov	r0, r1
   b598e:	b111      	cbz	r1, b5996 <_ZN5spark17LogHandlerFactory14destroyHandlerEPNS_10LogHandlerE+0xa>
   b5990:	680b      	ldr	r3, [r1, #0]
   b5992:	685b      	ldr	r3, [r3, #4]
   b5994:	4718      	bx	r3
}
   b5996:	4770      	bx	lr

000b5998 <__tcf_0>:
    }
    return nullptr; // Unknown handler type
}

spark::DefaultLogHandlerFactory* spark::DefaultLogHandlerFactory::instance() {
    static DefaultLogHandlerFactory factory;
   b5998:	4770      	bx	lr

000b599a <_ZN5spark26DefaultOutputStreamFactoryD1Ev>:
class DefaultOutputStreamFactory: public OutputStreamFactory {
   b599a:	4770      	bx	lr

000b599c <_ZN5spark24DefaultLogHandlerFactoryD1Ev>:
class DefaultLogHandlerFactory: public LogHandlerFactory {
   b599c:	4770      	bx	lr

000b599e <_ZN12_GLOBAL__N_119nextSubcategoryNameERPKcRj>:
const char* nextSubcategoryName(const char* &category, size_t &size) {
   b599e:	b538      	push	{r3, r4, r5, lr}
   b59a0:	4604      	mov	r4, r0
   b59a2:	460d      	mov	r5, r1
    const char *s = strchrnul(category, '.');
   b59a4:	6800      	ldr	r0, [r0, #0]
   b59a6:	212e      	movs	r1, #46	; 0x2e
   b59a8:	f001 fe37 	bl	b761a <strchrnul>
    size = s - category;
   b59ac:	6823      	ldr	r3, [r4, #0]
   b59ae:	1ac3      	subs	r3, r0, r3
   b59b0:	602b      	str	r3, [r5, #0]
    if (size) {
   b59b2:	b123      	cbz	r3, b59be <_ZN12_GLOBAL__N_119nextSubcategoryNameERPKcRj+0x20>
        if (*s) {
   b59b4:	7803      	ldrb	r3, [r0, #0]
   b59b6:	b103      	cbz	r3, b59ba <_ZN12_GLOBAL__N_119nextSubcategoryNameERPKcRj+0x1c>
            ++s;
   b59b8:	3001      	adds	r0, #1
#if __cplusplus < 201103L
      // concept requirements
      __glibcxx_function_requires(_SGIAssignableConcept<_Tp>)
#endif
      _Tp __tmp = _GLIBCXX_MOVE(__a);
      __a = _GLIBCXX_MOVE(__b);
   b59ba:	6823      	ldr	r3, [r4, #0]
      __b = _GLIBCXX_MOVE(__tmp);
   b59bc:	6020      	str	r0, [r4, #0]
}
   b59be:	4618      	mov	r0, r3
   b59c0:	bd38      	pop	{r3, r4, r5, pc}

000b59c2 <_ZN5spark24DefaultLogHandlerFactoryD0Ev>:
   b59c2:	b510      	push	{r4, lr}
   b59c4:	2104      	movs	r1, #4
   b59c6:	4604      	mov	r4, r0
   b59c8:	f7fe ff99 	bl	b48fe <_ZdlPvj>
   b59cc:	4620      	mov	r0, r4
   b59ce:	bd10      	pop	{r4, pc}

000b59d0 <_ZN5spark26DefaultOutputStreamFactoryD0Ev>:
class DefaultOutputStreamFactory: public OutputStreamFactory {
   b59d0:	b510      	push	{r4, lr}
   b59d2:	2104      	movs	r1, #4
   b59d4:	4604      	mov	r4, r0
   b59d6:	f7fe ff92 	bl	b48fe <_ZdlPvj>
   b59da:	4620      	mov	r0, r4
   b59dc:	bd10      	pop	{r4, pc}

000b59de <_ZN14RecursiveMutex4lockEv.isra.0>:
            os_mutex_recursive_destroy(handle_);
            handle_ = nullptr;
        }
    }

    void lock() { os_mutex_recursive_lock(handle_); }
   b59de:	f7ff bb2f 	b.w	b5040 <os_mutex_recursive_lock>

000b59e2 <_ZNK5spark10JSONStringeqEPKc.isra.0>:
inline bool spark::JSONString::operator==(const char *str) const {
   b59e2:	b508      	push	{r3, lr}
    return strcmp(s_, str) == 0;
   b59e4:	f7fe ff3a 	bl	b485c <strcmp>
}
   b59e8:	fab0 f080 	clz	r0, r0
   b59ec:	0940      	lsrs	r0, r0, #5
   b59ee:	bd08      	pop	{r3, pc}

000b59f0 <__tcf_1>:
   b59f0:	4770      	bx	lr

000b59f2 <_ZN5spark26DefaultOutputStreamFactory13destroyStreamEP5Print>:
    }
#endif // PLATFORM_ID != PLATFORM_GCC
    return nullptr;
}

void spark::DefaultOutputStreamFactory::destroyStream(Print *stream) {
   b59f2:	b510      	push	{r4, lr}
   b59f4:	460c      	mov	r4, r1
#if PLATFORM_ID != PLATFORM_GCC
    if (stream == &Serial) {
   b59f6:	f001 f8f5 	bl	b6be4 <_Z16_fetch_usbserialv>
   b59fa:	4284      	cmp	r4, r0
   b59fc:	d010      	beq.n	b5a20 <_ZN5spark26DefaultOutputStreamFactory13destroyStreamEP5Print+0x2e>
    if (stream == &USBSerial1) {
        USBSerial1.end();
        return;
    }
#endif
    if (stream == &Serial1) {
   b59fe:	f001 fd2b 	bl	b7458 <_Z22__fetch_global_Serial1v>
   b5a02:	4284      	cmp	r4, r0
   b5a04:	d105      	bne.n	b5a12 <_ZN5spark26DefaultOutputStreamFactory13destroyStreamEP5Print+0x20>
        Serial1.end();
   b5a06:	f001 fd27 	bl	b7458 <_Z22__fetch_global_Serial1v>
        return;
    }
#endif // PLATFORM_ID != PLATFORM_GCC
    OutputStreamFactory::destroyStream(stream);
}
   b5a0a:	e8bd 4010 	ldmia.w	sp!, {r4, lr}
        Serial1.end();
   b5a0e:	f001 bb8c 	b.w	b712a <_ZN11USARTSerial3endEv>

// spark::OutputStreamFactory
inline void spark::OutputStreamFactory::destroyStream(Print *stream) {
    delete stream;
   b5a12:	b12c      	cbz	r4, b5a20 <_ZN5spark26DefaultOutputStreamFactory13destroyStreamEP5Print+0x2e>
   b5a14:	6823      	ldr	r3, [r4, #0]
   b5a16:	4620      	mov	r0, r4
   b5a18:	685b      	ldr	r3, [r3, #4]
}
   b5a1a:	e8bd 4010 	ldmia.w	sp!, {r4, lr}
   b5a1e:	4718      	bx	r3
   b5a20:	bd10      	pop	{r4, pc}

000b5a22 <_ZN5spark10JSONWriter5valueEPKc>:
inline spark::JSONWriter& spark::JSONWriter::value(const char *val) {
   b5a22:	b513      	push	{r0, r1, r4, lr}
   b5a24:	4604      	mov	r4, r0
    return value(val, strlen(val));
   b5a26:	4608      	mov	r0, r1
   b5a28:	9101      	str	r1, [sp, #4]
   b5a2a:	f7fe ff21 	bl	b4870 <strlen>
   b5a2e:	9901      	ldr	r1, [sp, #4]
   b5a30:	4602      	mov	r2, r0
   b5a32:	4620      	mov	r0, r4
}
   b5a34:	b002      	add	sp, #8
   b5a36:	e8bd 4010 	ldmia.w	sp!, {r4, lr}
    return value(val, strlen(val));
   b5a3a:	f001 bac1 	b.w	b6fc0 <_ZN5spark10JSONWriter5valueEPKcj>

000b5a3e <_ZN5spark16StreamLogHandler5writeEPKc>:
inline void spark::StreamLogHandler::write(const char *str) {
   b5a3e:	b513      	push	{r0, r1, r4, lr}
   b5a40:	4604      	mov	r4, r0
    write(str, strlen(str));
   b5a42:	4608      	mov	r0, r1
   b5a44:	9101      	str	r1, [sp, #4]
   b5a46:	f7fe ff13 	bl	b4870 <strlen>
   b5a4a:	6823      	ldr	r3, [r4, #0]
   b5a4c:	9901      	ldr	r1, [sp, #4]
   b5a4e:	68db      	ldr	r3, [r3, #12]
   b5a50:	4602      	mov	r2, r0
   b5a52:	4620      	mov	r0, r4
}
   b5a54:	b002      	add	sp, #8
   b5a56:	e8bd 4010 	ldmia.w	sp!, {r4, lr}
    write(str, strlen(str));
   b5a5a:	4718      	bx	r3

000b5a5c <_ZN5spark16StreamLogHandler5writeEc>:
inline void spark::StreamLogHandler::write(char c) {
   b5a5c:	b507      	push	{r0, r1, r2, lr}
    write(&c, 1);
   b5a5e:	6803      	ldr	r3, [r0, #0]
inline void spark::StreamLogHandler::write(char c) {
   b5a60:	f88d 1007 	strb.w	r1, [sp, #7]
    write(&c, 1);
   b5a64:	68db      	ldr	r3, [r3, #12]
   b5a66:	2201      	movs	r2, #1
   b5a68:	f10d 0107 	add.w	r1, sp, #7
   b5a6c:	4798      	blx	r3
}
   b5a6e:	b003      	add	sp, #12
   b5a70:	f85d fb04 	ldr.w	pc, [sp], #4

000b5a74 <_ZN5spark6detail9LogFilter9nodeIndexERKNS_6VectorINS1_4NodeENS_16DefaultAllocatorEEEPKcjRb>:
int spark::detail::LogFilter::nodeIndex(const Vector<Node> &nodes, const char *name, size_t size, bool &found) {
   b5a74:	e92d 4ff7 	stmdb	sp!, {r0, r1, r2, r4, r5, r6, r7, r8, r9, sl, fp, lr}
    return data_ + size_;
}

template<typename T, typename AllocatorT>
inline typename spark::Vector<T, AllocatorT>::ConstIterator spark::Vector<T, AllocatorT>::end() const {
    return data_ + size_;
   b5a78:	e9d0 8400 	ldrd	r8, r4, [r0]
   b5a7c:	f04f 0a14 	mov.w	sl, #20
   b5a80:	9300      	str	r3, [sp, #0]
   b5a82:	fb0a f404 	mul.w	r4, sl, r4
               random_access_iterator_tag)
    {
      // concept requirements
      __glibcxx_function_requires(_RandomAccessIteratorConcept<
				  _RandomAccessIterator>)
      return __last - __first;
   b5a86:	4b18      	ldr	r3, [pc, #96]	; (b5ae8 <_ZN5spark6detail9LogFilter9nodeIndexERKNS_6VectorINS1_4NodeENS_16DefaultAllocatorEEEPKcjRb+0x74>)
   b5a88:	10a4      	asrs	r4, r4, #2
   b5a8a:	4617      	mov	r7, r2
   b5a8c:	435c      	muls	r4, r3
   b5a8e:	4645      	mov	r5, r8
      typedef typename iterator_traits<_ForwardIterator>::difference_type
	_DistanceType;

      _DistanceType __len = std::distance(__first, __last);

      while (__len > 0)
   b5a90:	2c00      	cmp	r4, #0
   b5a92:	dd21      	ble.n	b5ad8 <_ZN5spark6detail9LogFilter9nodeIndexERKNS_6VectorINS1_4NodeENS_16DefaultAllocatorEEEPKcjRb+0x64>
	{
	  _DistanceType __half = __len >> 1;
   b5a94:	1066      	asrs	r6, r4, #1
      if (__builtin_constant_p(__n) && __n == 1)
	++__i;
      else if (__builtin_constant_p(__n) && __n == -1)
	--__i;
      else
	__i += __n;
   b5a96:	fb0a f006 	mul.w	r0, sl, r6
   b5a9a:	eb05 0900 	add.w	r9, r5, r0
                const int cmp = strncmp(node.name, value.first, std::min<size_t>(node.size, value.second));
   b5a9e:	463a      	mov	r2, r7
   b5aa0:	f8b9 b004 	ldrh.w	fp, [r9, #4]
   b5aa4:	5828      	ldr	r0, [r5, r0]
   b5aa6:	9101      	str	r1, [sp, #4]
   b5aa8:	455f      	cmp	r7, fp
   b5aaa:	bf28      	it	cs
   b5aac:	465a      	movcs	r2, fp
   b5aae:	f001 fdc6 	bl	b763e <strncmp>
                if (cmp == 0) {
   b5ab2:	2800      	cmp	r0, #0
   b5ab4:	9901      	ldr	r1, [sp, #4]
   b5ab6:	f04f 0301 	mov.w	r3, #1
   b5aba:	d10b      	bne.n	b5ad4 <_ZN5spark6detail9LogFilter9nodeIndexERKNS_6VectorINS1_4NodeENS_16DefaultAllocatorEEEPKcjRb+0x60>
                    if (node.size == value.second) { // Lengths are equal
   b5abc:	455f      	cmp	r7, fp
   b5abe:	d103      	bne.n	b5ac8 <_ZN5spark6detail9LogFilter9nodeIndexERKNS_6VectorINS1_4NodeENS_16DefaultAllocatorEEEPKcjRb+0x54>
                        found = true; // Allows caller code to avoid extra call to strncmp()
   b5ac0:	9a00      	ldr	r2, [sp, #0]
   b5ac2:	7013      	strb	r3, [r2, #0]
int spark::detail::LogFilter::nodeIndex(const Vector<Node> &nodes, const char *name, size_t size, bool &found) {
   b5ac4:	4634      	mov	r4, r6
   b5ac6:	e7e3      	b.n	b5a90 <_ZN5spark6detail9LogFilter9nodeIndexERKNS_6VectorINS1_4NodeENS_16DefaultAllocatorEEEPKcjRb+0x1c>
	  _ForwardIterator __middle = __first;
	  std::advance(__middle, __half);
	  if (__comp(__middle, __val))
   b5ac8:	d9fc      	bls.n	b5ac4 <_ZN5spark6detail9LogFilter9nodeIndexERKNS_6VectorINS1_4NodeENS_16DefaultAllocatorEEEPKcjRb+0x50>
	    {
	      __first = __middle;
	      ++__first;
	      __len = __len - __half - 1;
   b5aca:	1ba6      	subs	r6, r4, r6
	      ++__first;
   b5acc:	f109 0514 	add.w	r5, r9, #20
	      __len = __len - __half - 1;
   b5ad0:	3e01      	subs	r6, #1
   b5ad2:	e7f7      	b.n	b5ac4 <_ZN5spark6detail9LogFilter9nodeIndexERKNS_6VectorINS1_4NodeENS_16DefaultAllocatorEEEPKcjRb+0x50>
	  if (__comp(__middle, __val))
   b5ad4:	dbf9      	blt.n	b5aca <_ZN5spark6detail9LogFilter9nodeIndexERKNS_6VectorINS1_4NodeENS_16DefaultAllocatorEEEPKcjRb+0x56>
   b5ad6:	e7f5      	b.n	b5ac4 <_ZN5spark6detail9LogFilter9nodeIndexERKNS_6VectorINS1_4NodeENS_16DefaultAllocatorEEEPKcjRb+0x50>
      return __last - __first;
   b5ad8:	eba5 0508 	sub.w	r5, r5, r8
}
   b5adc:	4802      	ldr	r0, [pc, #8]	; (b5ae8 <_ZN5spark6detail9LogFilter9nodeIndexERKNS_6VectorINS1_4NodeENS_16DefaultAllocatorEEEPKcjRb+0x74>)
   b5ade:	10ad      	asrs	r5, r5, #2
   b5ae0:	4368      	muls	r0, r5
   b5ae2:	b003      	add	sp, #12
   b5ae4:	e8bd 8ff0 	ldmia.w	sp!, {r4, r5, r6, r7, r8, r9, sl, fp, pc}
   b5ae8:	cccccccd 	.word	0xcccccccd

000b5aec <_ZNK5spark6detail9LogFilter5levelEPKc>:
LogLevel spark::detail::LogFilter::level(const char *category) const {
   b5aec:	b57f      	push	{r0, r1, r2, r3, r4, r5, r6, lr}
    if (!nodes_.isEmpty() && category) {
   b5aee:	6903      	ldr	r3, [r0, #16]
    LogLevel level = level_; // Default level
   b5af0:	7e05      	ldrb	r5, [r0, #24]
LogLevel spark::detail::LogFilter::level(const char *category) const {
   b5af2:	9101      	str	r1, [sp, #4]
    if (!nodes_.isEmpty() && category) {
   b5af4:	b303      	cbz	r3, b5b38 <_ZNK5spark6detail9LogFilter5levelEPKc+0x4c>
   b5af6:	b1f9      	cbz	r1, b5b38 <_ZNK5spark6detail9LogFilter5levelEPKc+0x4c>
        size_t size = 0; // Name length
   b5af8:	2600      	movs	r6, #0
        const Vector<Node> *pNodes = &nodes_; // Root nodes
   b5afa:	f100 040c 	add.w	r4, r0, #12
        size_t size = 0; // Name length
   b5afe:	9603      	str	r6, [sp, #12]
        while ((name = nextSubcategoryName(category, size))) {
   b5b00:	a903      	add	r1, sp, #12
   b5b02:	a801      	add	r0, sp, #4
   b5b04:	f7ff ff4b 	bl	b599e <_ZN12_GLOBAL__N_119nextSubcategoryNameERPKcRj>
   b5b08:	4601      	mov	r1, r0
   b5b0a:	b1a8      	cbz	r0, b5b38 <_ZNK5spark6detail9LogFilter5levelEPKc+0x4c>
            const int index = nodeIndex(*pNodes, name, size, found);
   b5b0c:	f10d 030b 	add.w	r3, sp, #11
   b5b10:	9a03      	ldr	r2, [sp, #12]
            bool found = false;
   b5b12:	f88d 600b 	strb.w	r6, [sp, #11]
            const int index = nodeIndex(*pNodes, name, size, found);
   b5b16:	4620      	mov	r0, r4
   b5b18:	f7ff ffac 	bl	b5a74 <_ZN5spark6detail9LogFilter9nodeIndexERKNS_6VectorINS1_4NodeENS_16DefaultAllocatorEEEPKcjRb>
            if (!found) {
   b5b1c:	f89d 300b 	ldrb.w	r3, [sp, #11]
   b5b20:	b153      	cbz	r3, b5b38 <_ZNK5spark6detail9LogFilter5levelEPKc+0x4c>
    return data_[i];
   b5b22:	6823      	ldr	r3, [r4, #0]
   b5b24:	2414      	movs	r4, #20
   b5b26:	fb04 3400 	mla	r4, r4, r0, r3
            pNodes = &node.nodes;
   b5b2a:	3408      	adds	r4, #8
            if (node.level >= 0) {
   b5b2c:	f934 3c02 	ldrsh.w	r3, [r4, #-2]
   b5b30:	2b00      	cmp	r3, #0
                level = (LogLevel)node.level;
   b5b32:	bfa8      	it	ge
   b5b34:	b2dd      	uxtbge	r5, r3
        while ((name = nextSubcategoryName(category, size))) {
   b5b36:	e7e3      	b.n	b5b00 <_ZNK5spark6detail9LogFilter5levelEPKc+0x14>
}
   b5b38:	4628      	mov	r0, r5
   b5b3a:	b004      	add	sp, #16
   b5b3c:	bd70      	pop	{r4, r5, r6, pc}

000b5b3e <_ZN5spark16StreamLogHandler6printfEPKcz>:
void spark::StreamLogHandler::printf(const char *fmt, ...) {
   b5b3e:	b40e      	push	{r1, r2, r3}
   b5b40:	b5f0      	push	{r4, r5, r6, r7, lr}
   b5b42:	b08c      	sub	sp, #48	; 0x30
   b5b44:	af00      	add	r7, sp, #0
   b5b46:	f107 0544 	add.w	r5, r7, #68	; 0x44
   b5b4a:	4604      	mov	r4, r0
   b5b4c:	f855 2b04 	ldr.w	r2, [r5], #4
    int n = vsnprintf(buf, sizeof(buf), fmt, args);
   b5b50:	607a      	str	r2, [r7, #4]
   b5b52:	462b      	mov	r3, r5
   b5b54:	2120      	movs	r1, #32
   b5b56:	f107 0010 	add.w	r0, r7, #16
    va_start(args, fmt);
   b5b5a:	60fd      	str	r5, [r7, #12]
    int n = vsnprintf(buf, sizeof(buf), fmt, args);
   b5b5c:	f7ff fc36 	bl	b53cc <vsnprintf>
    if ((size_t)n >= sizeof(buf)) {
   b5b60:	281f      	cmp	r0, #31
   b5b62:	687a      	ldr	r2, [r7, #4]
   b5b64:	d91a      	bls.n	b5b9c <_ZN5spark16StreamLogHandler6printfEPKcz+0x5e>
        char buf[n + 1]; // Use a larger buffer
   b5b66:	f100 0308 	add.w	r3, r0, #8
   b5b6a:	f023 0307 	bic.w	r3, r3, #7
        }
   b5b6e:	466e      	mov	r6, sp
        char buf[n + 1]; // Use a larger buffer
   b5b70:	ebad 0d03 	sub.w	sp, sp, r3
        n = vsnprintf(buf, sizeof(buf), fmt, args);
   b5b74:	1c41      	adds	r1, r0, #1
   b5b76:	462b      	mov	r3, r5
   b5b78:	4668      	mov	r0, sp
        va_start(args, fmt);
   b5b7a:	60fd      	str	r5, [r7, #12]
        n = vsnprintf(buf, sizeof(buf), fmt, args);
   b5b7c:	f7ff fc26 	bl	b53cc <vsnprintf>
        if (n > 0) {
   b5b80:	1e02      	subs	r2, r0, #0
   b5b82:	dd04      	ble.n	b5b8e <_ZN5spark16StreamLogHandler6printfEPKcz+0x50>
            write(buf, n);
   b5b84:	6823      	ldr	r3, [r4, #0]
   b5b86:	4669      	mov	r1, sp
   b5b88:	68db      	ldr	r3, [r3, #12]
   b5b8a:	4620      	mov	r0, r4
   b5b8c:	4798      	blx	r3
   b5b8e:	46b5      	mov	sp, r6
}
   b5b90:	3730      	adds	r7, #48	; 0x30
   b5b92:	46bd      	mov	sp, r7
   b5b94:	e8bd 40f0 	ldmia.w	sp!, {r4, r5, r6, r7, lr}
   b5b98:	b003      	add	sp, #12
   b5b9a:	4770      	bx	lr
    } else if (n > 0) {
   b5b9c:	2800      	cmp	r0, #0
   b5b9e:	d0f7      	beq.n	b5b90 <_ZN5spark16StreamLogHandler6printfEPKcz+0x52>
        write(buf, n);
   b5ba0:	6823      	ldr	r3, [r4, #0]
   b5ba2:	4602      	mov	r2, r0
   b5ba4:	68db      	ldr	r3, [r3, #12]
   b5ba6:	f107 0110 	add.w	r1, r7, #16
   b5baa:	4620      	mov	r0, r4
   b5bac:	4798      	blx	r3
}
   b5bae:	e7ef      	b.n	b5b90 <_ZN5spark16StreamLogHandler6printfEPKcz+0x52>

000b5bb0 <_ZN5spark24DefaultLogHandlerFactory8instanceEv>:
spark::DefaultLogHandlerFactory* spark::DefaultLogHandlerFactory::instance() {
   b5bb0:	b510      	push	{r4, lr}
    static DefaultLogHandlerFactory factory;
   b5bb2:	4c09      	ldr	r4, [pc, #36]	; (b5bd8 <_ZN5spark24DefaultLogHandlerFactory8instanceEv+0x28>)
   b5bb4:	7823      	ldrb	r3, [r4, #0]
   b5bb6:	f3bf 8f5b 	dmb	ish
   b5bba:	07db      	lsls	r3, r3, #31
   b5bbc:	d409      	bmi.n	b5bd2 <_ZN5spark24DefaultLogHandlerFactory8instanceEv+0x22>
   b5bbe:	4620      	mov	r0, r4
   b5bc0:	f7ff fc24 	bl	b540c <__cxa_guard_acquire>
   b5bc4:	b128      	cbz	r0, b5bd2 <_ZN5spark24DefaultLogHandlerFactory8instanceEv+0x22>
   b5bc6:	4620      	mov	r0, r4
   b5bc8:	f7ff fc28 	bl	b541c <__cxa_guard_release>
   b5bcc:	4803      	ldr	r0, [pc, #12]	; (b5bdc <_ZN5spark24DefaultLogHandlerFactory8instanceEv+0x2c>)
   b5bce:	f001 fcab 	bl	b7528 <atexit>
}
   b5bd2:	4803      	ldr	r0, [pc, #12]	; (b5be0 <_ZN5spark24DefaultLogHandlerFactory8instanceEv+0x30>)
   b5bd4:	bd10      	pop	{r4, pc}
   b5bd6:	bf00      	nop
   b5bd8:	2003df14 	.word	0x2003df14
   b5bdc:	000b5999 	.word	0x000b5999
   b5be0:	2003de24 	.word	0x2003de24

000b5be4 <_ZN5spark26DefaultOutputStreamFactory8instanceEv>:

spark::DefaultOutputStreamFactory* spark::DefaultOutputStreamFactory::instance() {
   b5be4:	b510      	push	{r4, lr}
    static DefaultOutputStreamFactory factory;
   b5be6:	4c09      	ldr	r4, [pc, #36]	; (b5c0c <_ZN5spark26DefaultOutputStreamFactory8instanceEv+0x28>)
   b5be8:	7823      	ldrb	r3, [r4, #0]
   b5bea:	f3bf 8f5b 	dmb	ish
   b5bee:	07db      	lsls	r3, r3, #31
   b5bf0:	d409      	bmi.n	b5c06 <_ZN5spark26DefaultOutputStreamFactory8instanceEv+0x22>
   b5bf2:	4620      	mov	r0, r4
   b5bf4:	f7ff fc0a 	bl	b540c <__cxa_guard_acquire>
   b5bf8:	b128      	cbz	r0, b5c06 <_ZN5spark26DefaultOutputStreamFactory8instanceEv+0x22>
   b5bfa:	4620      	mov	r0, r4
   b5bfc:	f7ff fc0e 	bl	b541c <__cxa_guard_release>
   b5c00:	4803      	ldr	r0, [pc, #12]	; (b5c10 <_ZN5spark26DefaultOutputStreamFactory8instanceEv+0x2c>)
   b5c02:	f001 fc91 	bl	b7528 <atexit>
    return &factory;
}
   b5c06:	4803      	ldr	r0, [pc, #12]	; (b5c14 <_ZN5spark26DefaultOutputStreamFactory8instanceEv+0x30>)
   b5c08:	bd10      	pop	{r4, pc}
   b5c0a:	bf00      	nop
   b5c0c:	2003df18 	.word	0x2003df18
   b5c10:	000b59f1 	.word	0x000b59f1
   b5c14:	2003de28 	.word	0x2003de28

000b5c18 <_ZN5spark10LogManagerC1Ev>:
    Print *stream;
};

#endif // Wiring_LogConfig

spark::LogManager::LogManager() {
   b5c18:	b538      	push	{r3, r4, r5, lr}
        capacity_(0) {
   b5c1a:	2500      	movs	r5, #0
   b5c1c:	4604      	mov	r4, r0
   b5c1e:	e9c0 5500 	strd	r5, r5, [r0]
   b5c22:	e9c0 5504 	strd	r5, r5, [r0, #16]
   b5c26:	6085      	str	r5, [r0, #8]
   b5c28:	6185      	str	r5, [r0, #24]
    RecursiveMutex() : handle_(nullptr)
   b5c2a:	f840 5f24 	str.w	r5, [r0, #36]!
        os_mutex_recursive_create(&handle_);
   b5c2e:	f7ff f9f7 	bl	b5020 <os_mutex_recursive_create>
#if Wiring_LogConfig
    handlerFactory_ = DefaultLogHandlerFactory::instance();
   b5c32:	f7ff ffbd 	bl	b5bb0 <_ZN5spark24DefaultLogHandlerFactory8instanceEv>
   b5c36:	61e0      	str	r0, [r4, #28]
    streamFactory_ = DefaultOutputStreamFactory::instance();
   b5c38:	f7ff ffd4 	bl	b5be4 <_ZN5spark26DefaultOutputStreamFactory8instanceEv>
#endif
    outputActive_ = false;
   b5c3c:	7325      	strb	r5, [r4, #12]
    streamFactory_ = DefaultOutputStreamFactory::instance();
   b5c3e:	6220      	str	r0, [r4, #32]
}
   b5c40:	4620      	mov	r0, r4
   b5c42:	bd38      	pop	{r3, r4, r5, pc}

000b5c44 <_ZN5spark10LogManager8instanceEv>:
            resetSystemCallbacks();
        }
    }
}

spark::LogManager* spark::LogManager::instance() {
   b5c44:	b510      	push	{r4, lr}
    static LogManager mgr;
   b5c46:	4c0a      	ldr	r4, [pc, #40]	; (b5c70 <_ZN5spark10LogManager8instanceEv+0x2c>)
   b5c48:	7823      	ldrb	r3, [r4, #0]
   b5c4a:	f3bf 8f5b 	dmb	ish
   b5c4e:	07db      	lsls	r3, r3, #31
   b5c50:	d40c      	bmi.n	b5c6c <_ZN5spark10LogManager8instanceEv+0x28>
   b5c52:	4620      	mov	r0, r4
   b5c54:	f7ff fbda 	bl	b540c <__cxa_guard_acquire>
   b5c58:	b140      	cbz	r0, b5c6c <_ZN5spark10LogManager8instanceEv+0x28>
   b5c5a:	4806      	ldr	r0, [pc, #24]	; (b5c74 <_ZN5spark10LogManager8instanceEv+0x30>)
   b5c5c:	f7ff ffdc 	bl	b5c18 <_ZN5spark10LogManagerC1Ev>
   b5c60:	4620      	mov	r0, r4
   b5c62:	f7ff fbdb 	bl	b541c <__cxa_guard_release>
   b5c66:	4804      	ldr	r0, [pc, #16]	; (b5c78 <_ZN5spark10LogManager8instanceEv+0x34>)
   b5c68:	f001 fc5e 	bl	b7528 <atexit>
    return &mgr;
}
   b5c6c:	4801      	ldr	r0, [pc, #4]	; (b5c74 <_ZN5spark10LogManager8instanceEv+0x30>)
   b5c6e:	bd10      	pop	{r4, pc}
   b5c70:	2003df10 	.word	0x2003df10
   b5c74:	2003df20 	.word	0x2003df20
   b5c78:	000b61bd 	.word	0x000b61bd

000b5c7c <_ZN5spark10LogManager18setSystemCallbacksEv>:
}

#endif // Wiring_LogConfig

void spark::LogManager::setSystemCallbacks() {
    log_set_callbacks(logMessage, logWrite, logEnabled, nullptr);
   b5c7c:	4a02      	ldr	r2, [pc, #8]	; (b5c88 <_ZN5spark10LogManager18setSystemCallbacksEv+0xc>)
   b5c7e:	4903      	ldr	r1, [pc, #12]	; (b5c8c <_ZN5spark10LogManager18setSystemCallbacksEv+0x10>)
   b5c80:	4803      	ldr	r0, [pc, #12]	; (b5c90 <_ZN5spark10LogManager18setSystemCallbacksEv+0x14>)
   b5c82:	2300      	movs	r3, #0
   b5c84:	f7ff badc 	b.w	b5240 <log_set_callbacks>
   b5c88:	000b5fa1 	.word	0x000b5fa1
   b5c8c:	000b5f2d 	.word	0x000b5f2d
   b5c90:	000b5ead 	.word	0x000b5ead

000b5c94 <_ZN5spark10LogManager20resetSystemCallbacksEv>:
}

void spark::LogManager::resetSystemCallbacks() {
    log_set_callbacks(nullptr, nullptr, nullptr, nullptr);
   b5c94:	2300      	movs	r3, #0
   b5c96:	461a      	mov	r2, r3
   b5c98:	4619      	mov	r1, r3
   b5c9a:	4618      	mov	r0, r3
   b5c9c:	f7ff bad0 	b.w	b5240 <log_set_callbacks>

000b5ca0 <_ZN5spark18JSONObjectIteratorC1ERKNS_9JSONValueE>:
inline spark::JSONObjectIterator::JSONObjectIterator(const JSONValue &value) :
   b5ca0:	b537      	push	{r0, r1, r2, r4, r5, lr}
        JSONObjectIterator(value.t_, value.d_) {
   b5ca2:	688d      	ldr	r5, [r1, #8]
inline spark::JSONObjectIterator::JSONObjectIterator(const JSONValue &value) :
   b5ca4:	4604      	mov	r4, r0
       *  @brief  Construct an empty %shared_ptr.
       *  @post   use_count()==0 && get()==0
       */
      constexpr shared_ptr() noexcept : __shared_ptr<_Tp>() { }

      shared_ptr(const shared_ptr&) noexcept = default; ///< Copy constructor
   b5ca6:	4668      	mov	r0, sp
   b5ca8:	f7ff fbfe 	bl	b54a8 <_ZNSt12__shared_ptrIN5spark6detail8JSONDataELN9__gnu_cxx12_Lock_policyE0EEC1ERKS5_>
        JSONObjectIterator(value.t_, value.d_) {
   b5cac:	466a      	mov	r2, sp
   b5cae:	4629      	mov	r1, r5
   b5cb0:	4620      	mov	r0, r4
   b5cb2:	f001 f8a5 	bl	b6e00 <_ZN5spark18JSONObjectIteratorC1EPK9jsmntok_tSt10shared_ptrINS_6detail8JSONDataEE>
      __shared_ptr& operator=(const __shared_ptr&) noexcept = default;
      ~__shared_ptr() = default;
   b5cb6:	a801      	add	r0, sp, #4
   b5cb8:	f7ff fbff 	bl	b54ba <_ZNSt14__shared_countILN9__gnu_cxx12_Lock_policyE0EED1Ev>
}
   b5cbc:	4620      	mov	r0, r4
   b5cbe:	b003      	add	sp, #12
   b5cc0:	bd30      	pop	{r4, r5, pc}

000b5cc2 <_ZNK5spark18JSONObjectIterator4nameEv>:
inline spark::JSONString spark::JSONObjectIterator::name() const {
   b5cc2:	b537      	push	{r0, r1, r2, r4, r5, lr}
    return JSONString(k_, d_);
   b5cc4:	68cd      	ldr	r5, [r1, #12]
inline spark::JSONString spark::JSONObjectIterator::name() const {
   b5cc6:	4604      	mov	r4, r0
   b5cc8:	4668      	mov	r0, sp
   b5cca:	f7ff fbed 	bl	b54a8 <_ZNSt12__shared_ptrIN5spark6detail8JSONDataELN9__gnu_cxx12_Lock_policyE0EEC1ERKS5_>
    return JSONString(k_, d_);
   b5cce:	466a      	mov	r2, sp
   b5cd0:	4629      	mov	r1, r5
   b5cd2:	4620      	mov	r0, r4
   b5cd4:	f001 f870 	bl	b6db8 <_ZN5spark10JSONStringC1EPK9jsmntok_tSt10shared_ptrINS_6detail8JSONDataEE>
   b5cd8:	a801      	add	r0, sp, #4
   b5cda:	f7ff fbee 	bl	b54ba <_ZNSt14__shared_countILN9__gnu_cxx12_Lock_policyE0EED1Ev>
}
   b5cde:	4620      	mov	r0, r4
   b5ce0:	b003      	add	sp, #12
   b5ce2:	bd30      	pop	{r4, r5, pc}

000b5ce4 <_ZNK5spark18JSONObjectIterator5valueEv>:
inline spark::JSONValue spark::JSONObjectIterator::value() const {
   b5ce4:	b537      	push	{r0, r1, r2, r4, r5, lr}
    return JSONValue(v_, d_);
   b5ce6:	690d      	ldr	r5, [r1, #16]
inline spark::JSONValue spark::JSONObjectIterator::value() const {
   b5ce8:	4604      	mov	r4, r0
   b5cea:	4668      	mov	r0, sp
   b5cec:	f7ff fbdc 	bl	b54a8 <_ZNSt12__shared_ptrIN5spark6detail8JSONDataELN9__gnu_cxx12_Lock_policyE0EEC1ERKS5_>
    return JSONValue(v_, d_);
   b5cf0:	466a      	mov	r2, sp
   b5cf2:	4629      	mov	r1, r5
   b5cf4:	4620      	mov	r0, r4
   b5cf6:	f001 f808 	bl	b6d0a <_ZN5spark9JSONValueC1EPK9jsmntok_tSt10shared_ptrINS_6detail8JSONDataEE>
   b5cfa:	a801      	add	r0, sp, #4
   b5cfc:	f7ff fbdd 	bl	b54ba <_ZNSt14__shared_countILN9__gnu_cxx12_Lock_policyE0EED1Ev>
}
   b5d00:	4620      	mov	r0, r4
   b5d02:	b003      	add	sp, #12
   b5d04:	bd30      	pop	{r4, r5, pc}
	...

000b5d08 <_ZN5spark26DefaultOutputStreamFactory9getParamsERKNS_9JSONValueEPi>:
void spark::DefaultOutputStreamFactory::getParams(const JSONValue &params, int *baudRate) {
   b5d08:	b570      	push	{r4, r5, r6, lr}
   b5d0a:	b08a      	sub	sp, #40	; 0x28
   b5d0c:	460d      	mov	r5, r1
    JSONObjectIterator it(params);
   b5d0e:	4601      	mov	r1, r0
   b5d10:	a804      	add	r0, sp, #16
   b5d12:	f7ff ffc5 	bl	b5ca0 <_ZN5spark18JSONObjectIteratorC1ERKNS_9JSONValueE>
        if (it.name() == "baud" && baudRate) {
   b5d16:	4e14      	ldr	r6, [pc, #80]	; (b5d68 <_ZN5spark26DefaultOutputStreamFactory9getParamsERKNS_9JSONValueEPi+0x60>)
    while (it.next()) {
   b5d18:	a804      	add	r0, sp, #16
   b5d1a:	f001 f889 	bl	b6e30 <_ZN5spark18JSONObjectIterator4nextEv>
   b5d1e:	b1e8      	cbz	r0, b5d5c <_ZN5spark26DefaultOutputStreamFactory9getParamsERKNS_9JSONValueEPi+0x54>
        if (it.name() == "baud" && baudRate) {
   b5d20:	a904      	add	r1, sp, #16
   b5d22:	4668      	mov	r0, sp
   b5d24:	f7ff ffcd 	bl	b5cc2 <_ZNK5spark18JSONObjectIterator4nameEv>
   b5d28:	9802      	ldr	r0, [sp, #8]
   b5d2a:	4631      	mov	r1, r6
   b5d2c:	f7ff fe59 	bl	b59e2 <_ZNK5spark10JSONStringeqEPKc.isra.0>
   b5d30:	4604      	mov	r4, r0
   b5d32:	b110      	cbz	r0, b5d3a <_ZN5spark26DefaultOutputStreamFactory9getParamsERKNS_9JSONValueEPi+0x32>
   b5d34:	1e2c      	subs	r4, r5, #0
   b5d36:	bf18      	it	ne
   b5d38:	2401      	movne	r4, #1
   b5d3a:	a801      	add	r0, sp, #4
   b5d3c:	f7ff fbbd 	bl	b54ba <_ZNSt14__shared_countILN9__gnu_cxx12_Lock_policyE0EED1Ev>
   b5d40:	2c00      	cmp	r4, #0
   b5d42:	d0e9      	beq.n	b5d18 <_ZN5spark26DefaultOutputStreamFactory9getParamsERKNS_9JSONValueEPi+0x10>
            *baudRate = it.value().toInt();
   b5d44:	a904      	add	r1, sp, #16
   b5d46:	4668      	mov	r0, sp
   b5d48:	f7ff ffcc 	bl	b5ce4 <_ZNK5spark18JSONObjectIterator5valueEv>
   b5d4c:	4668      	mov	r0, sp
   b5d4e:	f001 f812 	bl	b6d76 <_ZNK5spark9JSONValue5toIntEv>
   b5d52:	6028      	str	r0, [r5, #0]
   b5d54:	a801      	add	r0, sp, #4
   b5d56:	f7ff fbb0 	bl	b54ba <_ZNSt14__shared_countILN9__gnu_cxx12_Lock_policyE0EED1Ev>
   b5d5a:	e7dd      	b.n	b5d18 <_ZN5spark26DefaultOutputStreamFactory9getParamsERKNS_9JSONValueEPi+0x10>
   b5d5c:	a805      	add	r0, sp, #20
   b5d5e:	f7ff fbac 	bl	b54ba <_ZNSt14__shared_countILN9__gnu_cxx12_Lock_policyE0EED1Ev>
}
   b5d62:	b00a      	add	sp, #40	; 0x28
   b5d64:	bd70      	pop	{r4, r5, r6, pc}
   b5d66:	bf00      	nop
   b5d68:	000b7940 	.word	0x000b7940

000b5d6c <_ZN5spark26DefaultOutputStreamFactory12createStreamEPKcRKNS_9JSONValueE>:
Print* spark::DefaultOutputStreamFactory::createStream(const char *type, const JSONValue &params) {
   b5d6c:	b537      	push	{r0, r1, r2, r4, r5, lr}
   b5d6e:	460c      	mov	r4, r1
    if (strcmp(type, "Serial") == 0) {
   b5d70:	4620      	mov	r0, r4
   b5d72:	4913      	ldr	r1, [pc, #76]	; (b5dc0 <_ZN5spark26DefaultOutputStreamFactory12createStreamEPKcRKNS_9JSONValueE+0x54>)
Print* spark::DefaultOutputStreamFactory::createStream(const char *type, const JSONValue &params) {
   b5d74:	4615      	mov	r5, r2
    if (strcmp(type, "Serial") == 0) {
   b5d76:	f7fe fd71 	bl	b485c <strcmp>
   b5d7a:	b950      	cbnz	r0, b5d92 <_ZN5spark26DefaultOutputStreamFactory12createStreamEPKcRKNS_9JSONValueE+0x26>
        Serial.begin();
   b5d7c:	f000 ff32 	bl	b6be4 <_Z16_fetch_usbserialv>
   b5d80:	f44f 5116 	mov.w	r1, #9600	; 0x2580
   b5d84:	f000 ff1e 	bl	b6bc4 <_ZN9USBSerial5beginEl>
}
   b5d88:	b003      	add	sp, #12
   b5d8a:	e8bd 4030 	ldmia.w	sp!, {r4, r5, lr}
        return &Serial;
   b5d8e:	f000 bf29 	b.w	b6be4 <_Z16_fetch_usbserialv>
    if (strcmp(type, "Serial1") == 0) {
   b5d92:	490c      	ldr	r1, [pc, #48]	; (b5dc4 <_ZN5spark26DefaultOutputStreamFactory12createStreamEPKcRKNS_9JSONValueE+0x58>)
   b5d94:	4620      	mov	r0, r4
   b5d96:	f7fe fd61 	bl	b485c <strcmp>
   b5d9a:	b978      	cbnz	r0, b5dbc <_ZN5spark26DefaultOutputStreamFactory12createStreamEPKcRKNS_9JSONValueE+0x50>
        int baud = 9600;
   b5d9c:	f44f 5316 	mov.w	r3, #9600	; 0x2580
        getParams(params, &baud);
   b5da0:	a901      	add	r1, sp, #4
   b5da2:	4628      	mov	r0, r5
        int baud = 9600;
   b5da4:	9301      	str	r3, [sp, #4]
        getParams(params, &baud);
   b5da6:	f7ff ffaf 	bl	b5d08 <_ZN5spark26DefaultOutputStreamFactory9getParamsERKNS_9JSONValueEPi>
        Serial1.begin(baud);
   b5daa:	f001 fb55 	bl	b7458 <_Z22__fetch_global_Serial1v>
   b5dae:	9901      	ldr	r1, [sp, #4]
   b5db0:	f001 f9b8 	bl	b7124 <_ZN11USARTSerial5beginEm>
        return &Serial1;
   b5db4:	f001 fb50 	bl	b7458 <_Z22__fetch_global_Serial1v>
}
   b5db8:	b003      	add	sp, #12
   b5dba:	bd30      	pop	{r4, r5, pc}
    return nullptr;
   b5dbc:	2000      	movs	r0, #0
   b5dbe:	e7fb      	b.n	b5db8 <_ZN5spark26DefaultOutputStreamFactory12createStreamEPKcRKNS_9JSONValueE+0x4c>
   b5dc0:	000b7945 	.word	0x000b7945
   b5dc4:	000b794c 	.word	0x000b794c

000b5dc8 <_ZN5spark6VectorINS_6detail9LogFilter4NodeENS_16DefaultAllocatorEED1Ev>:
inline spark::Vector<T, AllocatorT>::~Vector() {
   b5dc8:	b570      	push	{r4, r5, r6, lr}
    destruct(data_, data_ + size_);
   b5dca:	e9d0 5300 	ldrd	r5, r3, [r0]
   b5dce:	2614      	movs	r6, #20
inline spark::Vector<T, AllocatorT>::~Vector() {
   b5dd0:	4604      	mov	r4, r0
    destruct(data_, data_ + size_);
   b5dd2:	fb06 5603 	mla	r6, r6, r3, r5
        for (; p != end; ++p) {
   b5dd6:	42ae      	cmp	r6, r5
   b5dd8:	d005      	beq.n	b5de6 <_ZN5spark6VectorINS_6detail9LogFilter4NodeENS_16DefaultAllocatorEED1Ev+0x1e>
struct spark::detail::LogFilter::Node {
   b5dda:	f105 0008 	add.w	r0, r5, #8
   b5dde:	f7ff fff3 	bl	b5dc8 <_ZN5spark6VectorINS_6detail9LogFilter4NodeENS_16DefaultAllocatorEED1Ev>
   b5de2:	3514      	adds	r5, #20
   b5de4:	e7f7      	b.n	b5dd6 <_ZN5spark6VectorINS_6detail9LogFilter4NodeENS_16DefaultAllocatorEED1Ev+0xe>
    ::free(ptr);
   b5de6:	6820      	ldr	r0, [r4, #0]
   b5de8:	f7ff fae0 	bl	b53ac <free>
}
   b5dec:	4620      	mov	r0, r4
   b5dee:	bd70      	pop	{r4, r5, r6, pc}

000b5df0 <_ZN5spark6detail9LogFilterD1Ev>:
spark::detail::LogFilter::~LogFilter() {
   b5df0:	b510      	push	{r4, lr}
   b5df2:	4604      	mov	r4, r0
   b5df4:	300c      	adds	r0, #12
   b5df6:	f7ff ffe7 	bl	b5dc8 <_ZN5spark6VectorINS_6detail9LogFilter4NodeENS_16DefaultAllocatorEED1Ev>
   b5dfa:	4620      	mov	r0, r4
   b5dfc:	f7ff fd26 	bl	b584c <_ZN5spark6VectorI6StringNS_16DefaultAllocatorEED1Ev>
}
   b5e00:	4620      	mov	r0, r4
   b5e02:	bd10      	pop	{r4, pc}

000b5e04 <_ZN5spark16StreamLogHandlerD1Ev>:
class StreamLogHandler: public LogHandler {
   b5e04:	b510      	push	{r4, lr}
    virtual ~LogHandler() = default;
   b5e06:	4b04      	ldr	r3, [pc, #16]	; (b5e18 <_ZN5spark16StreamLogHandlerD1Ev+0x14>)
class StreamLogHandler: public LogHandler {
   b5e08:	4604      	mov	r4, r0
    virtual ~LogHandler() = default;
   b5e0a:	f840 3b04 	str.w	r3, [r0], #4
   b5e0e:	f7ff ffef 	bl	b5df0 <_ZN5spark6detail9LogFilterD1Ev>
class StreamLogHandler: public LogHandler {
   b5e12:	4620      	mov	r0, r4
   b5e14:	bd10      	pop	{r4, pc}
   b5e16:	bf00      	nop
   b5e18:	000b7860 	.word	0x000b7860

000b5e1c <_ZN5spark16StreamLogHandlerD0Ev>:
   b5e1c:	b510      	push	{r4, lr}
   b5e1e:	4604      	mov	r4, r0
   b5e20:	f7ff fff0 	bl	b5e04 <_ZN5spark16StreamLogHandlerD1Ev>
   b5e24:	4620      	mov	r0, r4
   b5e26:	2124      	movs	r1, #36	; 0x24
   b5e28:	f7fe fd69 	bl	b48fe <_ZdlPvj>
   b5e2c:	4620      	mov	r0, r4
   b5e2e:	bd10      	pop	{r4, pc}

000b5e30 <_ZN5spark20JSONStreamLogHandlerD1Ev>:
class JSONStreamLogHandler: public StreamLogHandler {
   b5e30:	b510      	push	{r4, lr}
   b5e32:	4b03      	ldr	r3, [pc, #12]	; (b5e40 <_ZN5spark20JSONStreamLogHandlerD1Ev+0x10>)
   b5e34:	6003      	str	r3, [r0, #0]
   b5e36:	4604      	mov	r4, r0
   b5e38:	f7ff ffe4 	bl	b5e04 <_ZN5spark16StreamLogHandlerD1Ev>
   b5e3c:	4620      	mov	r0, r4
   b5e3e:	bd10      	pop	{r4, pc}
   b5e40:	000b79d4 	.word	0x000b79d4

000b5e44 <_ZN5spark20JSONStreamLogHandlerD0Ev>:
   b5e44:	b510      	push	{r4, lr}
   b5e46:	4604      	mov	r4, r0
   b5e48:	f7ff fff2 	bl	b5e30 <_ZN5spark20JSONStreamLogHandlerD1Ev>
   b5e4c:	4620      	mov	r0, r4
   b5e4e:	2124      	movs	r1, #36	; 0x24
   b5e50:	f7fe fd55 	bl	b48fe <_ZdlPvj>
   b5e54:	4620      	mov	r0, r4
   b5e56:	bd10      	pop	{r4, pc}

000b5e58 <_ZN5spark6detail9LogFilter4NodeC1EOS2_>:
struct spark::detail::LogFilter::Node {
   b5e58:	680a      	ldr	r2, [r1, #0]
   b5e5a:	6002      	str	r2, [r0, #0]
   b5e5c:	684a      	ldr	r2, [r1, #4]
   b5e5e:	6042      	str	r2, [r0, #4]
        capacity_(0) {
   b5e60:	2200      	movs	r2, #0
   b5e62:	e9c0 2202 	strd	r2, r2, [r0, #8]
   b5e66:	b510      	push	{r4, lr}
   b5e68:	6102      	str	r2, [r0, #16]
      __a = _GLIBCXX_MOVE(__b);
   b5e6a:	688c      	ldr	r4, [r1, #8]
   b5e6c:	6084      	str	r4, [r0, #8]
   b5e6e:	68cc      	ldr	r4, [r1, #12]
   b5e70:	60c4      	str	r4, [r0, #12]
   b5e72:	690c      	ldr	r4, [r1, #16]
      __b = _GLIBCXX_MOVE(__tmp);
   b5e74:	608a      	str	r2, [r1, #8]
   b5e76:	60ca      	str	r2, [r1, #12]
      __a = _GLIBCXX_MOVE(__b);
   b5e78:	6104      	str	r4, [r0, #16]
      __b = _GLIBCXX_MOVE(__tmp);
   b5e7a:	610a      	str	r2, [r1, #16]
   b5e7c:	bd10      	pop	{r4, pc}

000b5e7e <_ZN5spark6VectorINS_17LogCategoryFilterENS_16DefaultAllocatorEEC1EOS3_>:
   b5e7e:	2200      	movs	r2, #0
   b5e80:	e9c0 2200 	strd	r2, r2, [r0]
inline spark::Vector<T, AllocatorT>::Vector(Vector<T, AllocatorT>&& vector) : Vector() {
   b5e84:	b510      	push	{r4, lr}
        capacity_(0) {
   b5e86:	6082      	str	r2, [r0, #8]
      __a = _GLIBCXX_MOVE(__b);
   b5e88:	680c      	ldr	r4, [r1, #0]
   b5e8a:	6004      	str	r4, [r0, #0]
   b5e8c:	684c      	ldr	r4, [r1, #4]
   b5e8e:	6044      	str	r4, [r0, #4]
   b5e90:	688c      	ldr	r4, [r1, #8]
      __b = _GLIBCXX_MOVE(__tmp);
   b5e92:	600a      	str	r2, [r1, #0]
   b5e94:	604a      	str	r2, [r1, #4]
      __a = _GLIBCXX_MOVE(__b);
   b5e96:	6084      	str	r4, [r0, #8]
      __b = _GLIBCXX_MOVE(__tmp);
   b5e98:	608a      	str	r2, [r1, #8]
}
   b5e9a:	bd10      	pop	{r4, pc}

000b5e9c <_ZNSt10lock_guardI14RecursiveMutexED1Ev>:
      { _M_device.lock(); }

      lock_guard(mutex_type& __m, adopt_lock_t) noexcept : _M_device(__m)
      { } // calling thread owns mutex

      ~lock_guard()
   b5e9c:	b510      	push	{r4, lr}
    bool trylock() { return os_mutex_recursive_trylock(handle_)==0; }
    bool try_lock() { return trylock(); }
    void unlock() { os_mutex_recursive_unlock(handle_); }
   b5e9e:	6803      	ldr	r3, [r0, #0]
   b5ea0:	4604      	mov	r4, r0
   b5ea2:	6818      	ldr	r0, [r3, #0]
   b5ea4:	f7ff f8d4 	bl	b5050 <os_mutex_recursive_unlock>
      { _M_device.unlock(); }
   b5ea8:	4620      	mov	r0, r4
   b5eaa:	bd10      	pop	{r4, pc}

000b5eac <_ZN5spark10LogManager10logMessageEPKciS2_PK13LogAttributesPv>:
}

void spark::LogManager::logMessage(const char *msg, int level, const char *category, const LogAttributes *attr, void *reserved) {
   b5eac:	e92d 4ff0 	stmdb	sp!, {r4, r5, r6, r7, r8, r9, sl, fp, lr}
   b5eb0:	b087      	sub	sp, #28
   b5eb2:	4680      	mov	r8, r0
   b5eb4:	9303      	str	r3, [sp, #12]
    #endif /* nRF52840 */

#if defined(STM32F10X_MD) || defined(STM32F10X_HD) || defined(STM32F2XX) || defined(nRF52840)

static inline bool hal_interrupt_is_isr() {
	return (SCB->ICSR & SCB_ICSR_VECTACTIVE_Msk) != 0;
   b5eb6:	4b1c      	ldr	r3, [pc, #112]	; (b5f28 <_ZN5spark10LogManager10logMessageEPKciS2_PK13LogAttributesPv+0x7c>)
   b5eb8:	685b      	ldr	r3, [r3, #4]
   b5eba:	f3c3 0308 	ubfx	r3, r3, #0, #9
   b5ebe:	4689      	mov	r9, r1
   b5ec0:	4616      	mov	r6, r2
#ifndef LOG_FROM_ISR
    if (hal_interrupt_is_isr()) {
   b5ec2:	b96b      	cbnz	r3, b5ee0 <_ZN5spark10LogManager10logMessageEPKciS2_PK13LogAttributesPv+0x34>
        return;
    }
#endif
    LogManager *that = instance();
   b5ec4:	f7ff febe 	bl	b5c44 <_ZN5spark10LogManager8instanceEv>
   b5ec8:	4604      	mov	r4, r0
    LOG_WITH_LOCK(that->mutex_) {
   b5eca:	f100 0324 	add.w	r3, r0, #36	; 0x24
      { _M_device.lock(); }
   b5ece:	6a40      	ldr	r0, [r0, #36]	; 0x24
      explicit lock_guard(mutex_type& __m) : _M_device(__m)
   b5ed0:	9305      	str	r3, [sp, #20]
      { _M_device.lock(); }
   b5ed2:	f7ff fd84 	bl	b59de <_ZN14RecursiveMutex4lockEv.isra.0>
        // prevent re-entry
        if (that->isActive()) {
   b5ed6:	7b23      	ldrb	r3, [r4, #12]
   b5ed8:	b12b      	cbz	r3, b5ee6 <_ZN5spark10LogManager10logMessageEPKciS2_PK13LogAttributesPv+0x3a>
    LOG_WITH_LOCK(that->mutex_) {
   b5eda:	a805      	add	r0, sp, #20
   b5edc:	f7ff ffde 	bl	b5e9c <_ZNSt10lock_guardI14RecursiveMutexED1Ev>
        for (LogHandler *handler: that->activeHandlers_) {
            handler->message(msg, (LogLevel)level, category, *attr);
        }
        that->setActive(false);
    }
}
   b5ee0:	b007      	add	sp, #28
   b5ee2:	e8bd 8ff0 	ldmia.w	sp!, {r4, r5, r6, r7, r8, r9, sl, fp, pc}
inline bool spark::LogManager::isActive() const {
    return outputActive_;
}

inline void spark::LogManager::setActive(bool outputActive) {
    outputActive_ = outputActive;
   b5ee6:	2301      	movs	r3, #1
   b5ee8:	7323      	strb	r3, [r4, #12]
    return data_ + size_;
   b5eea:	e9d4 5300 	ldrd	r5, r3, [r4]
            handler->message(msg, (LogLevel)level, category, *attr);
   b5eee:	fa5f f989 	uxtb.w	r9, r9
   b5ef2:	eb05 0a83 	add.w	sl, r5, r3, lsl #2
        for (LogHandler *handler: that->activeHandlers_) {
   b5ef6:	45aa      	cmp	sl, r5
   b5ef8:	d012      	beq.n	b5f20 <_ZN5spark10LogManager10logMessageEPKciS2_PK13LogAttributesPv+0x74>
   b5efa:	f855 7b04 	ldr.w	r7, [r5], #4
    if (level >= filter_.level(category)) {
   b5efe:	4631      	mov	r1, r6
   b5f00:	1d38      	adds	r0, r7, #4
   b5f02:	f7ff fdf3 	bl	b5aec <_ZNK5spark6detail9LogFilter5levelEPKc>
   b5f06:	4581      	cmp	r9, r0
   b5f08:	d3f5      	bcc.n	b5ef6 <_ZN5spark10LogManager10logMessageEPKciS2_PK13LogAttributesPv+0x4a>
        logMessage(msg, level, category, attr);
   b5f0a:	683b      	ldr	r3, [r7, #0]
   b5f0c:	9a03      	ldr	r2, [sp, #12]
   b5f0e:	9200      	str	r2, [sp, #0]
   b5f10:	f8d3 b008 	ldr.w	fp, [r3, #8]
   b5f14:	464a      	mov	r2, r9
   b5f16:	4633      	mov	r3, r6
   b5f18:	4641      	mov	r1, r8
   b5f1a:	4638      	mov	r0, r7
   b5f1c:	47d8      	blx	fp
   b5f1e:	e7ea      	b.n	b5ef6 <_ZN5spark10LogManager10logMessageEPKciS2_PK13LogAttributesPv+0x4a>
    outputActive_ = outputActive;
   b5f20:	2300      	movs	r3, #0
   b5f22:	7323      	strb	r3, [r4, #12]
   b5f24:	e7d9      	b.n	b5eda <_ZN5spark10LogManager10logMessageEPKciS2_PK13LogAttributesPv+0x2e>
   b5f26:	bf00      	nop
   b5f28:	e000ed00 	.word	0xe000ed00

000b5f2c <_ZN5spark10LogManager8logWriteEPKcjiS2_Pv>:
void spark::LogManager::logWrite(const char *data, size_t size, int level, const char *category, void *reserved) {
   b5f2c:	e92d 4ff7 	stmdb	sp!, {r0, r1, r2, r4, r5, r6, r7, r8, r9, sl, fp, lr}
   b5f30:	469b      	mov	fp, r3
   b5f32:	4b1a      	ldr	r3, [pc, #104]	; (b5f9c <_ZN5spark10LogManager8logWriteEPKcjiS2_Pv+0x70>)
   b5f34:	685b      	ldr	r3, [r3, #4]
   b5f36:	f3c3 0308 	ubfx	r3, r3, #0, #9
   b5f3a:	4680      	mov	r8, r0
   b5f3c:	4689      	mov	r9, r1
   b5f3e:	4616      	mov	r6, r2
    if (hal_interrupt_is_isr()) {
   b5f40:	b96b      	cbnz	r3, b5f5e <_ZN5spark10LogManager8logWriteEPKcjiS2_Pv+0x32>
    LogManager *that = instance();
   b5f42:	f7ff fe7f 	bl	b5c44 <_ZN5spark10LogManager8instanceEv>
   b5f46:	4604      	mov	r4, r0
    LOG_WITH_LOCK(that->mutex_) {
   b5f48:	f100 0324 	add.w	r3, r0, #36	; 0x24
   b5f4c:	6a40      	ldr	r0, [r0, #36]	; 0x24
      explicit lock_guard(mutex_type& __m) : _M_device(__m)
   b5f4e:	9301      	str	r3, [sp, #4]
      { _M_device.lock(); }
   b5f50:	f7ff fd45 	bl	b59de <_ZN14RecursiveMutex4lockEv.isra.0>
        if (that->isActive()) {
   b5f54:	7b23      	ldrb	r3, [r4, #12]
   b5f56:	b12b      	cbz	r3, b5f64 <_ZN5spark10LogManager8logWriteEPKcjiS2_Pv+0x38>
    LOG_WITH_LOCK(that->mutex_) {
   b5f58:	a801      	add	r0, sp, #4
   b5f5a:	f7ff ff9f 	bl	b5e9c <_ZNSt10lock_guardI14RecursiveMutexED1Ev>
}
   b5f5e:	b003      	add	sp, #12
   b5f60:	e8bd 8ff0 	ldmia.w	sp!, {r4, r5, r6, r7, r8, r9, sl, fp, pc}
    outputActive_ = outputActive;
   b5f64:	2301      	movs	r3, #1
   b5f66:	7323      	strb	r3, [r4, #12]
   b5f68:	e9d4 5300 	ldrd	r5, r3, [r4]
    if (level >= filter_.level(category)) {
   b5f6c:	b2f6      	uxtb	r6, r6
   b5f6e:	eb05 0a83 	add.w	sl, r5, r3, lsl #2
        for (LogHandler *handler: that->activeHandlers_) {
   b5f72:	4555      	cmp	r5, sl
   b5f74:	d00e      	beq.n	b5f94 <_ZN5spark10LogManager8logWriteEPKcjiS2_Pv+0x68>
   b5f76:	f855 7b04 	ldr.w	r7, [r5], #4
   b5f7a:	4659      	mov	r1, fp
   b5f7c:	1d38      	adds	r0, r7, #4
   b5f7e:	f7ff fdb5 	bl	b5aec <_ZNK5spark6detail9LogFilter5levelEPKc>
   b5f82:	4286      	cmp	r6, r0
   b5f84:	d3f5      	bcc.n	b5f72 <_ZN5spark10LogManager8logWriteEPKcjiS2_Pv+0x46>
        write(data, size);
   b5f86:	683b      	ldr	r3, [r7, #0]
   b5f88:	464a      	mov	r2, r9
   b5f8a:	68db      	ldr	r3, [r3, #12]
   b5f8c:	4641      	mov	r1, r8
   b5f8e:	4638      	mov	r0, r7
   b5f90:	4798      	blx	r3
   b5f92:	e7ee      	b.n	b5f72 <_ZN5spark10LogManager8logWriteEPKcjiS2_Pv+0x46>
    outputActive_ = outputActive;
   b5f94:	2300      	movs	r3, #0
   b5f96:	7323      	strb	r3, [r4, #12]
   b5f98:	e7de      	b.n	b5f58 <_ZN5spark10LogManager8logWriteEPKcjiS2_Pv+0x2c>
   b5f9a:	bf00      	nop
   b5f9c:	e000ed00 	.word	0xe000ed00

000b5fa0 <_ZN5spark10LogManager10logEnabledEiPKcPv>:
int spark::LogManager::logEnabled(int level, const char *category, void *reserved) {
   b5fa0:	e92d 41f3 	stmdb	sp!, {r0, r1, r4, r5, r6, r7, r8, lr}
   b5fa4:	4b16      	ldr	r3, [pc, #88]	; (b6000 <_ZN5spark10LogManager10logEnabledEiPKcPv+0x60>)
   b5fa6:	685b      	ldr	r3, [r3, #4]
   b5fa8:	f3c3 0308 	ubfx	r3, r3, #0, #9
   b5fac:	4605      	mov	r5, r0
   b5fae:	460f      	mov	r7, r1
    if (hal_interrupt_is_isr()) {
   b5fb0:	bb1b      	cbnz	r3, b5ffa <_ZN5spark10LogManager10logEnabledEiPKcPv+0x5a>
    LogManager *that = instance();
   b5fb2:	f7ff fe47 	bl	b5c44 <_ZN5spark10LogManager8instanceEv>
    LOG_WITH_LOCK(that->mutex_) {
   b5fb6:	f100 0324 	add.w	r3, r0, #36	; 0x24
    LogManager *that = instance();
   b5fba:	4604      	mov	r4, r0
   b5fbc:	6a40      	ldr	r0, [r0, #36]	; 0x24
      explicit lock_guard(mutex_type& __m) : _M_device(__m)
   b5fbe:	9301      	str	r3, [sp, #4]
      { _M_device.lock(); }
   b5fc0:	f7ff fd0d 	bl	b59de <_ZN14RecursiveMutex4lockEv.isra.0>
   b5fc4:	e9d4 6300 	ldrd	r6, r3, [r4]
    int minLevel = LOG_LEVEL_NONE;
   b5fc8:	2446      	movs	r4, #70	; 0x46
   b5fca:	eb06 0883 	add.w	r8, r6, r3, lsl #2
        for (LogHandler *handler: that->activeHandlers_) {
   b5fce:	45b0      	cmp	r8, r6
   b5fd0:	d109      	bne.n	b5fe6 <_ZN5spark10LogManager10logEnabledEiPKcPv+0x46>
    LOG_WITH_LOCK(that->mutex_) {
   b5fd2:	a801      	add	r0, sp, #4
   b5fd4:	f7ff ff62 	bl	b5e9c <_ZNSt10lock_guardI14RecursiveMutexED1Ev>
    return (level >= minLevel);
   b5fd8:	42a5      	cmp	r5, r4
   b5fda:	bfb4      	ite	lt
   b5fdc:	2000      	movlt	r0, #0
   b5fde:	2001      	movge	r0, #1
}
   b5fe0:	b002      	add	sp, #8
   b5fe2:	e8bd 81f0 	ldmia.w	sp!, {r4, r5, r6, r7, r8, pc}
    return filter_.level(category);
   b5fe6:	f856 0b04 	ldr.w	r0, [r6], #4
   b5fea:	4639      	mov	r1, r7
   b5fec:	3004      	adds	r0, #4
   b5fee:	f7ff fd7d 	bl	b5aec <_ZNK5spark6detail9LogFilter5levelEPKc>
            if (level < minLevel) {
   b5ff2:	4284      	cmp	r4, r0
   b5ff4:	bfa8      	it	ge
   b5ff6:	4604      	movge	r4, r0
        for (LogHandler *handler: that->activeHandlers_) {
   b5ff8:	e7e9      	b.n	b5fce <_ZN5spark10LogManager10logEnabledEiPKcPv+0x2e>
        return 0;
   b5ffa:	2000      	movs	r0, #0
   b5ffc:	e7f0      	b.n	b5fe0 <_ZN5spark10LogManager10logEnabledEiPKcPv+0x40>
   b5ffe:	bf00      	nop
   b6000:	e000ed00 	.word	0xe000ed00

000b6004 <_ZN5spark6VectorIPNS_10LogHandlerENS_16DefaultAllocatorEE6appendES2_>:
inline bool spark::Vector<T, AllocatorT>::append(T value) {
   b6004:	b5f8      	push	{r3, r4, r5, r6, r7, lr}
    if (size_ + 1 > capacity_ && !realloc(size_ + 1)) {
   b6006:	e9d0 5301 	ldrd	r5, r3, [r0, #4]
   b600a:	429d      	cmp	r5, r3
inline bool spark::Vector<T, AllocatorT>::append(T value) {
   b600c:	4604      	mov	r4, r0
   b600e:	460e      	mov	r6, r1
    if (size_ + 1 > capacity_ && !realloc(size_ + 1)) {
   b6010:	db0d      	blt.n	b602e <_ZN5spark6VectorIPNS_10LogHandlerENS_16DefaultAllocatorEE6appendES2_+0x2a>
   b6012:	1c6f      	adds	r7, r5, #1
        if (n > 0) {
   b6014:	2f00      	cmp	r7, #0
            d = (T*)AllocatorT::realloc(data_, n * sizeof(T));
   b6016:	6800      	ldr	r0, [r0, #0]
        if (n > 0) {
   b6018:	dd04      	ble.n	b6024 <_ZN5spark6VectorIPNS_10LogHandlerENS_16DefaultAllocatorEE6appendES2_+0x20>
    return ::realloc(ptr, size);
   b601a:	00b9      	lsls	r1, r7, #2
   b601c:	f7ff f9ce 	bl	b53bc <realloc>
            if (!d) {
   b6020:	b918      	cbnz	r0, b602a <_ZN5spark6VectorIPNS_10LogHandlerENS_16DefaultAllocatorEE6appendES2_+0x26>
}
   b6022:	bdf8      	pop	{r3, r4, r5, r6, r7, pc}
    ::free(ptr);
   b6024:	f7ff f9c2 	bl	b53ac <free>
        T* d = nullptr;
   b6028:	2000      	movs	r0, #0
        data_ = d;
   b602a:	6020      	str	r0, [r4, #0]
        capacity_ = n;
   b602c:	60a7      	str	r7, [r4, #8]
    T* const p = data_ + i;
   b602e:	6827      	ldr	r7, [r4, #0]
    move(p + 1, p, data_ + size_);
   b6030:	6862      	ldr	r2, [r4, #4]
    T* const p = data_ + i;
   b6032:	eb07 0185 	add.w	r1, r7, r5, lsl #2
    move(p + 1, p, data_ + size_);
   b6036:	0092      	lsls	r2, r2, #2
        ::memmove(dest, p, (end - p) * sizeof(T));
   b6038:	eba2 0285 	sub.w	r2, r2, r5, lsl #2
   b603c:	1d08      	adds	r0, r1, #4
   b603e:	f001 fa8f 	bl	b7560 <memmove>
    new(p) T(std::move(value));
   b6042:	f847 6025 	str.w	r6, [r7, r5, lsl #2]
    ++size_;
   b6046:	6863      	ldr	r3, [r4, #4]
   b6048:	3301      	adds	r3, #1
   b604a:	6063      	str	r3, [r4, #4]
    return true;
   b604c:	2001      	movs	r0, #1
   b604e:	e7e8      	b.n	b6022 <_ZN5spark6VectorIPNS_10LogHandlerENS_16DefaultAllocatorEE6appendES2_+0x1e>

000b6050 <_ZN5spark10LogManager10addHandlerEPNS_10LogHandlerE>:
bool spark::LogManager::addHandler(LogHandler *handler) {
   b6050:	b537      	push	{r0, r1, r2, r4, r5, lr}
    LOG_WITH_LOCK(mutex_) {
   b6052:	f100 0324 	add.w	r3, r0, #36	; 0x24
bool spark::LogManager::addHandler(LogHandler *handler) {
   b6056:	4604      	mov	r4, r0
   b6058:	6a40      	ldr	r0, [r0, #36]	; 0x24
      explicit lock_guard(mutex_type& __m) : _M_device(__m)
   b605a:	9301      	str	r3, [sp, #4]
   b605c:	460d      	mov	r5, r1
      { _M_device.lock(); }
   b605e:	f7ff fcbe 	bl	b59de <_ZN14RecursiveMutex4lockEv.isra.0>
    return find(data_, data_ + size_, value);
   b6062:	e9d4 3200 	ldrd	r3, r2, [r4]
   b6066:	eb03 0282 	add.w	r2, r3, r2, lsl #2
        for (; p != end; ++p) {
   b606a:	4293      	cmp	r3, r2
   b606c:	4619      	mov	r1, r3
   b606e:	d00b      	beq.n	b6088 <_ZN5spark10LogManager10addHandlerEPNS_10LogHandlerE+0x38>
            if (*p == value) {
   b6070:	6809      	ldr	r1, [r1, #0]
   b6072:	42a9      	cmp	r1, r5
   b6074:	f103 0304 	add.w	r3, r3, #4
   b6078:	d1f7      	bne.n	b606a <_ZN5spark10LogManager10addHandlerEPNS_10LogHandlerE+0x1a>
            return false;
   b607a:	a801      	add	r0, sp, #4
   b607c:	f7ff ff0e 	bl	b5e9c <_ZNSt10lock_guardI14RecursiveMutexED1Ev>
   b6080:	2500      	movs	r5, #0
}
   b6082:	4628      	mov	r0, r5
   b6084:	b003      	add	sp, #12
   b6086:	bd30      	pop	{r4, r5, pc}
        if (activeHandlers_.contains(handler) || !activeHandlers_.append(handler)) {
   b6088:	4629      	mov	r1, r5
   b608a:	4620      	mov	r0, r4
   b608c:	f7ff ffba 	bl	b6004 <_ZN5spark6VectorIPNS_10LogHandlerENS_16DefaultAllocatorEE6appendES2_>
   b6090:	4605      	mov	r5, r0
   b6092:	2800      	cmp	r0, #0
   b6094:	d0f1      	beq.n	b607a <_ZN5spark10LogManager10addHandlerEPNS_10LogHandlerE+0x2a>
        if (activeHandlers_.size() == 1) {
   b6096:	6863      	ldr	r3, [r4, #4]
   b6098:	2b01      	cmp	r3, #1
   b609a:	d101      	bne.n	b60a0 <_ZN5spark10LogManager10addHandlerEPNS_10LogHandlerE+0x50>
            setSystemCallbacks();
   b609c:	f7ff fdee 	bl	b5c7c <_ZN5spark10LogManager18setSystemCallbacksEv>
    LOG_WITH_LOCK(mutex_) {
   b60a0:	a801      	add	r0, sp, #4
   b60a2:	f7ff fefb 	bl	b5e9c <_ZNSt10lock_guardI14RecursiveMutexED1Ev>
   b60a6:	e7ec      	b.n	b6082 <_ZN5spark10LogManager10addHandlerEPNS_10LogHandlerE+0x32>

000b60a8 <_ZN5spark6VectorIPNS_10LogHandlerENS_16DefaultAllocatorEE9removeOneERKS2_>:
inline bool spark::Vector<T, AllocatorT>::removeOne(const T &value) {
   b60a8:	b570      	push	{r4, r5, r6, lr}
   b60aa:	4604      	mov	r4, r0
    T* const p = find(data_, data_ + size_, value);
   b60ac:	e9d0 0200 	ldrd	r0, r2, [r0]
inline bool spark::Vector<T, AllocatorT>::removeOne(const T &value) {
   b60b0:	460b      	mov	r3, r1
    T* const p = find(data_, data_ + size_, value);
   b60b2:	eb00 0282 	add.w	r2, r0, r2, lsl #2
        for (; p != end; ++p) {
   b60b6:	4282      	cmp	r2, r0
   b60b8:	d00f      	beq.n	b60da <_ZN5spark6VectorIPNS_10LogHandlerENS_16DefaultAllocatorEE9removeOneERKS2_+0x32>
    move(p, p + 1, data_ + size_);
   b60ba:	4601      	mov	r1, r0
            if (*p == value) {
   b60bc:	681d      	ldr	r5, [r3, #0]
   b60be:	f851 6b04 	ldr.w	r6, [r1], #4
   b60c2:	42ae      	cmp	r6, r5
   b60c4:	d107      	bne.n	b60d6 <_ZN5spark6VectorIPNS_10LogHandlerENS_16DefaultAllocatorEE9removeOneERKS2_+0x2e>
        ::memmove(dest, p, (end - p) * sizeof(T));
   b60c6:	1a52      	subs	r2, r2, r1
   b60c8:	f001 fa4a 	bl	b7560 <memmove>
    --size_;
   b60cc:	6863      	ldr	r3, [r4, #4]
   b60ce:	3b01      	subs	r3, #1
   b60d0:	6063      	str	r3, [r4, #4]
    return true;
   b60d2:	2001      	movs	r0, #1
}
   b60d4:	bd70      	pop	{r4, r5, r6, pc}
    move(p, p + 1, data_ + size_);
   b60d6:	4608      	mov	r0, r1
   b60d8:	e7ed      	b.n	b60b6 <_ZN5spark6VectorIPNS_10LogHandlerENS_16DefaultAllocatorEE9removeOneERKS2_+0xe>
        return false;
   b60da:	2000      	movs	r0, #0
   b60dc:	e7fa      	b.n	b60d4 <_ZN5spark6VectorIPNS_10LogHandlerENS_16DefaultAllocatorEE9removeOneERKS2_+0x2c>

000b60de <_ZN5spark10LogManager13removeHandlerEPNS_10LogHandlerE>:
void spark::LogManager::removeHandler(LogHandler *handler) {
   b60de:	b51f      	push	{r0, r1, r2, r3, r4, lr}
    LOG_WITH_LOCK(mutex_) {
   b60e0:	f100 0324 	add.w	r3, r0, #36	; 0x24
void spark::LogManager::removeHandler(LogHandler *handler) {
   b60e4:	4604      	mov	r4, r0
   b60e6:	6a40      	ldr	r0, [r0, #36]	; 0x24
   b60e8:	9101      	str	r1, [sp, #4]
      explicit lock_guard(mutex_type& __m) : _M_device(__m)
   b60ea:	9303      	str	r3, [sp, #12]
      { _M_device.lock(); }
   b60ec:	f7ff fc77 	bl	b59de <_ZN14RecursiveMutex4lockEv.isra.0>
        if (activeHandlers_.removeOne(handler) && activeHandlers_.isEmpty()) {
   b60f0:	a901      	add	r1, sp, #4
   b60f2:	4620      	mov	r0, r4
   b60f4:	f7ff ffd8 	bl	b60a8 <_ZN5spark6VectorIPNS_10LogHandlerENS_16DefaultAllocatorEE9removeOneERKS2_>
   b60f8:	b118      	cbz	r0, b6102 <_ZN5spark10LogManager13removeHandlerEPNS_10LogHandlerE+0x24>
   b60fa:	6863      	ldr	r3, [r4, #4]
   b60fc:	b90b      	cbnz	r3, b6102 <_ZN5spark10LogManager13removeHandlerEPNS_10LogHandlerE+0x24>
            resetSystemCallbacks();
   b60fe:	f7ff fdc9 	bl	b5c94 <_ZN5spark10LogManager20resetSystemCallbacksEv>
    LOG_WITH_LOCK(mutex_) {
   b6102:	a803      	add	r0, sp, #12
   b6104:	f7ff feca 	bl	b5e9c <_ZNSt10lock_guardI14RecursiveMutexED1Ev>
}
   b6108:	b004      	add	sp, #16
   b610a:	bd10      	pop	{r4, pc}

000b610c <_ZN5spark10LogManager22destroyFactoryHandlersEv>:
void spark::LogManager::destroyFactoryHandlers() {
   b610c:	b570      	push	{r4, r5, r6, lr}
    return data_ + size_;
   b610e:	e9d0 5604 	ldrd	r5, r6, [r0, #16]
   b6112:	2318      	movs	r3, #24
   b6114:	4604      	mov	r4, r0
   b6116:	fb03 5606 	mla	r6, r3, r6, r5
    for (const FactoryHandler &h: factoryHandlers_) {
   b611a:	42ae      	cmp	r6, r5
   b611c:	d015      	beq.n	b614a <_ZN5spark10LogManager22destroyFactoryHandlersEv+0x3e>
        activeHandlers_.removeOne(h.handler);
   b611e:	f105 0110 	add.w	r1, r5, #16
   b6122:	4620      	mov	r0, r4
   b6124:	f7ff ffc0 	bl	b60a8 <_ZN5spark6VectorIPNS_10LogHandlerENS_16DefaultAllocatorEE9removeOneERKS2_>
        if (activeHandlers_.isEmpty()) {
   b6128:	6863      	ldr	r3, [r4, #4]
   b612a:	b90b      	cbnz	r3, b6130 <_ZN5spark10LogManager22destroyFactoryHandlersEv+0x24>
            resetSystemCallbacks();
   b612c:	f7ff fdb2 	bl	b5c94 <_ZN5spark10LogManager20resetSystemCallbacksEv>
        handlerFactory_->destroyHandler(h.handler);
   b6130:	69e0      	ldr	r0, [r4, #28]
   b6132:	6929      	ldr	r1, [r5, #16]
   b6134:	6803      	ldr	r3, [r0, #0]
   b6136:	68db      	ldr	r3, [r3, #12]
   b6138:	4798      	blx	r3
        if (h.stream) {
   b613a:	6969      	ldr	r1, [r5, #20]
   b613c:	b119      	cbz	r1, b6146 <_ZN5spark10LogManager22destroyFactoryHandlersEv+0x3a>
            streamFactory_->destroyStream(h.stream);
   b613e:	6a20      	ldr	r0, [r4, #32]
   b6140:	6803      	ldr	r3, [r0, #0]
   b6142:	68db      	ldr	r3, [r3, #12]
   b6144:	4798      	blx	r3
    for (const FactoryHandler &h: factoryHandlers_) {
   b6146:	3518      	adds	r5, #24
   b6148:	e7e7      	b.n	b611a <_ZN5spark10LogManager22destroyFactoryHandlersEv+0xe>
    destruct(data_, data_ + size_);
   b614a:	e9d4 5304 	ldrd	r5, r3, [r4, #16]
   b614e:	2618      	movs	r6, #24
   b6150:	fb06 5603 	mla	r6, r6, r3, r5
        for (; p != end; ++p) {
   b6154:	42ae      	cmp	r6, r5
   b6156:	d004      	beq.n	b6162 <_ZN5spark10LogManager22destroyFactoryHandlersEv+0x56>
struct spark::LogManager::FactoryHandler {
   b6158:	4628      	mov	r0, r5
   b615a:	f7ff fa69 	bl	b5630 <_ZN6StringD1Ev>
   b615e:	3518      	adds	r5, #24
   b6160:	e7f8      	b.n	b6154 <_ZN5spark10LogManager22destroyFactoryHandlersEv+0x48>
    size_ = 0;
   b6162:	2300      	movs	r3, #0
   b6164:	6163      	str	r3, [r4, #20]
}
   b6166:	bd70      	pop	{r4, r5, r6, pc}

000b6168 <_ZN5spark10LogManagerD1Ev>:
spark::LogManager::~LogManager() {
   b6168:	b573      	push	{r0, r1, r4, r5, r6, lr}
   b616a:	4604      	mov	r4, r0
    resetSystemCallbacks();
   b616c:	f7ff fd92 	bl	b5c94 <_ZN5spark10LogManager20resetSystemCallbacksEv>
    LOG_WITH_LOCK(mutex_) {
   b6170:	f104 0324 	add.w	r3, r4, #36	; 0x24
   b6174:	6a60      	ldr	r0, [r4, #36]	; 0x24
      explicit lock_guard(mutex_type& __m) : _M_device(__m)
   b6176:	9301      	str	r3, [sp, #4]
      { _M_device.lock(); }
   b6178:	f7ff fc31 	bl	b59de <_ZN14RecursiveMutex4lockEv.isra.0>
         destroyFactoryHandlers();
   b617c:	4620      	mov	r0, r4
   b617e:	f7ff ffc5 	bl	b610c <_ZN5spark10LogManager22destroyFactoryHandlersEv>
    LOG_WITH_LOCK(mutex_) {
   b6182:	a801      	add	r0, sp, #4
   b6184:	f7ff fe8a 	bl	b5e9c <_ZNSt10lock_guardI14RecursiveMutexED1Ev>
        if (handle_) {
   b6188:	6a60      	ldr	r0, [r4, #36]	; 0x24
   b618a:	b108      	cbz	r0, b6190 <_ZN5spark10LogManagerD1Ev+0x28>
            os_mutex_recursive_destroy(handle_);
   b618c:	f7fe ff50 	bl	b5030 <os_mutex_recursive_destroy>
    destruct(data_, data_ + size_);
   b6190:	e9d4 5304 	ldrd	r5, r3, [r4, #16]
   b6194:	2618      	movs	r6, #24
   b6196:	fb06 5603 	mla	r6, r6, r3, r5
        for (; p != end; ++p) {
   b619a:	42ae      	cmp	r6, r5
   b619c:	d004      	beq.n	b61a8 <_ZN5spark10LogManagerD1Ev+0x40>
struct spark::LogManager::FactoryHandler {
   b619e:	4628      	mov	r0, r5
   b61a0:	f7ff fa46 	bl	b5630 <_ZN6StringD1Ev>
   b61a4:	3518      	adds	r5, #24
   b61a6:	e7f8      	b.n	b619a <_ZN5spark10LogManagerD1Ev+0x32>
    ::free(ptr);
   b61a8:	6920      	ldr	r0, [r4, #16]
   b61aa:	f7ff f8ff 	bl	b53ac <free>
   b61ae:	6820      	ldr	r0, [r4, #0]
   b61b0:	f7ff f8fc 	bl	b53ac <free>
}
   b61b4:	4620      	mov	r0, r4
   b61b6:	b002      	add	sp, #8
   b61b8:	bd70      	pop	{r4, r5, r6, pc}
	...

000b61bc <__tcf_2>:
    static LogManager mgr;
   b61bc:	4801      	ldr	r0, [pc, #4]	; (b61c4 <__tcf_2+0x8>)
   b61be:	f7ff bfd3 	b.w	b6168 <_ZN5spark10LogManagerD1Ev>
   b61c2:	bf00      	nop
   b61c4:	2003df20 	.word	0x2003df20

000b61c8 <_ZN5spark6VectorINS_6detail9LogFilter4NodeENS_16DefaultAllocatorEE4moveIS3_Li0EEEvPS3_S7_S7_>:
        if (dest > p && dest < end) {
   b61c8:	4288      	cmp	r0, r1
    static void move(T* dest, T* p, T* end) {
   b61ca:	b5f8      	push	{r3, r4, r5, r6, r7, lr}
   b61cc:	4604      	mov	r4, r0
   b61ce:	460d      	mov	r5, r1
   b61d0:	4616      	mov	r6, r2
        if (dest > p && dest < end) {
   b61d2:	d915      	bls.n	b6200 <_ZN5spark6VectorINS_6detail9LogFilter4NodeENS_16DefaultAllocatorEE4moveIS3_Li0EEEvPS3_S7_S7_+0x38>
   b61d4:	4290      	cmp	r0, r2
   b61d6:	d214      	bcs.n	b6202 <_ZN5spark6VectorINS_6detail9LogFilter4NodeENS_16DefaultAllocatorEE4moveIS3_Li0EEEvPS3_S7_S7_+0x3a>
            --end;
   b61d8:	f1a2 0614 	sub.w	r6, r2, #20
            dest += end - p - 1;
   b61dc:	1a75      	subs	r5, r6, r1
   b61de:	f1a1 0714 	sub.w	r7, r1, #20
   b61e2:	442c      	add	r4, r5
            for (; end != p; --end, --dest) {
   b61e4:	42b7      	cmp	r7, r6
   b61e6:	d01a      	beq.n	b621e <_ZN5spark6VectorINS_6detail9LogFilter4NodeENS_16DefaultAllocatorEE4moveIS3_Li0EEEvPS3_S7_S7_+0x56>
                new(dest) T(std::move(*end));
   b61e8:	b11c      	cbz	r4, b61f2 <_ZN5spark6VectorINS_6detail9LogFilter4NodeENS_16DefaultAllocatorEE4moveIS3_Li0EEEvPS3_S7_S7_+0x2a>
   b61ea:	4631      	mov	r1, r6
   b61ec:	4620      	mov	r0, r4
   b61ee:	f7ff fe33 	bl	b5e58 <_ZN5spark6detail9LogFilter4NodeC1EOS2_>
struct spark::detail::LogFilter::Node {
   b61f2:	f106 0008 	add.w	r0, r6, #8
   b61f6:	f7ff fde7 	bl	b5dc8 <_ZN5spark6VectorINS_6detail9LogFilter4NodeENS_16DefaultAllocatorEED1Ev>
            for (; end != p; --end, --dest) {
   b61fa:	3e14      	subs	r6, #20
   b61fc:	3c14      	subs	r4, #20
   b61fe:	e7f1      	b.n	b61e4 <_ZN5spark6VectorINS_6detail9LogFilter4NodeENS_16DefaultAllocatorEE4moveIS3_Li0EEEvPS3_S7_S7_+0x1c>
        } else if (dest != p) {
   b6200:	d00d      	beq.n	b621e <_ZN5spark6VectorINS_6detail9LogFilter4NodeENS_16DefaultAllocatorEE4moveIS3_Li0EEEvPS3_S7_S7_+0x56>
            for (; p != end; ++p, ++dest) {
   b6202:	42b5      	cmp	r5, r6
   b6204:	d00b      	beq.n	b621e <_ZN5spark6VectorINS_6detail9LogFilter4NodeENS_16DefaultAllocatorEE4moveIS3_Li0EEEvPS3_S7_S7_+0x56>
                new(dest) T(std::move(*p));
   b6206:	b11c      	cbz	r4, b6210 <_ZN5spark6VectorINS_6detail9LogFilter4NodeENS_16DefaultAllocatorEE4moveIS3_Li0EEEvPS3_S7_S7_+0x48>
   b6208:	4629      	mov	r1, r5
   b620a:	4620      	mov	r0, r4
   b620c:	f7ff fe24 	bl	b5e58 <_ZN5spark6detail9LogFilter4NodeC1EOS2_>
   b6210:	f105 0008 	add.w	r0, r5, #8
   b6214:	f7ff fdd8 	bl	b5dc8 <_ZN5spark6VectorINS_6detail9LogFilter4NodeENS_16DefaultAllocatorEED1Ev>
            for (; p != end; ++p, ++dest) {
   b6218:	3514      	adds	r5, #20
   b621a:	3414      	adds	r4, #20
   b621c:	e7f1      	b.n	b6202 <_ZN5spark6VectorINS_6detail9LogFilter4NodeENS_16DefaultAllocatorEE4moveIS3_Li0EEEvPS3_S7_S7_+0x3a>
    }
   b621e:	bdf8      	pop	{r3, r4, r5, r6, r7, pc}

000b6220 <_ZN5spark6VectorI6StringNS_16DefaultAllocatorEE4moveIS1_Li0EEEvPS1_S5_S5_>:
        if (dest > p && dest < end) {
   b6220:	4288      	cmp	r0, r1
    static void move(T* dest, T* p, T* end) {
   b6222:	b5f8      	push	{r3, r4, r5, r6, r7, lr}
   b6224:	4604      	mov	r4, r0
   b6226:	460d      	mov	r5, r1
   b6228:	4616      	mov	r6, r2
        if (dest > p && dest < end) {
   b622a:	d914      	bls.n	b6256 <_ZN5spark6VectorI6StringNS_16DefaultAllocatorEE4moveIS1_Li0EEEvPS1_S5_S5_+0x36>
   b622c:	4290      	cmp	r0, r2
   b622e:	d213      	bcs.n	b6258 <_ZN5spark6VectorI6StringNS_16DefaultAllocatorEE4moveIS1_Li0EEEvPS1_S5_S5_+0x38>
            --end;
   b6230:	f1a2 0610 	sub.w	r6, r2, #16
            dest += end - p - 1;
   b6234:	1a75      	subs	r5, r6, r1
   b6236:	f1a1 0710 	sub.w	r7, r1, #16
   b623a:	442c      	add	r4, r5
            for (; end != p; --end, --dest) {
   b623c:	42b7      	cmp	r7, r6
   b623e:	d018      	beq.n	b6272 <_ZN5spark6VectorI6StringNS_16DefaultAllocatorEE4moveIS1_Li0EEEvPS1_S5_S5_+0x52>
                new(dest) T(std::move(*end));
   b6240:	b11c      	cbz	r4, b624a <_ZN5spark6VectorI6StringNS_16DefaultAllocatorEE4moveIS1_Li0EEEvPS1_S5_S5_+0x2a>
   b6242:	4631      	mov	r1, r6
   b6244:	4620      	mov	r0, r4
   b6246:	f7ff fa5c 	bl	b5702 <_ZN6StringC1EOS_>
                end->~T();
   b624a:	4630      	mov	r0, r6
   b624c:	f7ff f9f0 	bl	b5630 <_ZN6StringD1Ev>
            for (; end != p; --end, --dest) {
   b6250:	3e10      	subs	r6, #16
   b6252:	3c10      	subs	r4, #16
   b6254:	e7f2      	b.n	b623c <_ZN5spark6VectorI6StringNS_16DefaultAllocatorEE4moveIS1_Li0EEEvPS1_S5_S5_+0x1c>
        } else if (dest != p) {
   b6256:	d00c      	beq.n	b6272 <_ZN5spark6VectorI6StringNS_16DefaultAllocatorEE4moveIS1_Li0EEEvPS1_S5_S5_+0x52>
            for (; p != end; ++p, ++dest) {
   b6258:	42b5      	cmp	r5, r6
   b625a:	d00a      	beq.n	b6272 <_ZN5spark6VectorI6StringNS_16DefaultAllocatorEE4moveIS1_Li0EEEvPS1_S5_S5_+0x52>
                new(dest) T(std::move(*p));
   b625c:	b11c      	cbz	r4, b6266 <_ZN5spark6VectorI6StringNS_16DefaultAllocatorEE4moveIS1_Li0EEEvPS1_S5_S5_+0x46>
   b625e:	4629      	mov	r1, r5
   b6260:	4620      	mov	r0, r4
   b6262:	f7ff fa4e 	bl	b5702 <_ZN6StringC1EOS_>
                p->~T();
   b6266:	4628      	mov	r0, r5
   b6268:	f7ff f9e2 	bl	b5630 <_ZN6StringD1Ev>
            for (; p != end; ++p, ++dest) {
   b626c:	3510      	adds	r5, #16
   b626e:	3410      	adds	r4, #16
   b6270:	e7f2      	b.n	b6258 <_ZN5spark6VectorI6StringNS_16DefaultAllocatorEE4moveIS1_Li0EEEvPS1_S5_S5_+0x38>
    }
   b6272:	bdf8      	pop	{r3, r4, r5, r6, r7, pc}

000b6274 <_ZN5spark6VectorI6StringNS_16DefaultAllocatorEE7reallocIS1_Li0EEEbi>:
    bool realloc(int n) {
   b6274:	b570      	push	{r4, r5, r6, lr}
        if (n > 0) {
   b6276:	1e0e      	subs	r6, r1, #0
    bool realloc(int n) {
   b6278:	4605      	mov	r5, r0
        if (n > 0) {
   b627a:	dd11      	ble.n	b62a0 <_ZN5spark6VectorI6StringNS_16DefaultAllocatorEE7reallocIS1_Li0EEEbi+0x2c>
    return ::malloc(size);
   b627c:	0130      	lsls	r0, r6, #4
   b627e:	f7ff f88d 	bl	b539c <malloc>
            if (!d) {
   b6282:	4604      	mov	r4, r0
   b6284:	b158      	cbz	r0, b629e <_ZN5spark6VectorI6StringNS_16DefaultAllocatorEE7reallocIS1_Li0EEEbi+0x2a>
            move(d, data_, data_ + size_);
   b6286:	e9d5 1200 	ldrd	r1, r2, [r5]
   b628a:	eb01 1202 	add.w	r2, r1, r2, lsl #4
   b628e:	f7ff ffc7 	bl	b6220 <_ZN5spark6VectorI6StringNS_16DefaultAllocatorEE4moveIS1_Li0EEEvPS1_S5_S5_>
    ::free(ptr);
   b6292:	6828      	ldr	r0, [r5, #0]
   b6294:	f7ff f88a 	bl	b53ac <free>
        data_ = d;
   b6298:	602c      	str	r4, [r5, #0]
        capacity_ = n;
   b629a:	60ae      	str	r6, [r5, #8]
        return true;
   b629c:	2001      	movs	r0, #1
    }
   b629e:	bd70      	pop	{r4, r5, r6, pc}
        T* d = nullptr;
   b62a0:	2400      	movs	r4, #0
   b62a2:	e7f6      	b.n	b6292 <_ZN5spark6VectorI6StringNS_16DefaultAllocatorEE7reallocIS1_Li0EEEbi+0x1e>

000b62a4 <_ZN5spark6detail9LogFilterC1E8LogLevelNS_6VectorINS_17LogCategoryFilterENS_16DefaultAllocatorEEE>:
spark::detail::LogFilter::LogFilter(LogLevel level, LogCategoryFilters filters) :
   b62a4:	e92d 4ff0 	stmdb	sp!, {r4, r5, r6, r7, r8, r9, sl, fp, lr}
   b62a8:	4690      	mov	r8, r2
   b62aa:	b095      	sub	sp, #84	; 0x54
        capacity_(0) {
   b62ac:	2300      	movs	r3, #0
   b62ae:	9103      	str	r1, [sp, #12]
    return size_;
   b62b0:	f8d8 1004 	ldr.w	r1, [r8, #4]
        capacity_(0) {
   b62b4:	930a      	str	r3, [sp, #40]	; 0x28
        level_(LOG_LEVEL_NONE) { // Fallback level that will be used in case of construction errors
   b62b6:	2246      	movs	r2, #70	; 0x46
    if (n > capacity_ && !realloc(n)) {
   b62b8:	4299      	cmp	r1, r3
        capacity_(0) {
   b62ba:	e9c0 3300 	strd	r3, r3, [r0]
   b62be:	e9c0 3302 	strd	r3, r3, [r0, #8]
   b62c2:	e9c0 3304 	strd	r3, r3, [r0, #16]
   b62c6:	e9cd 3308 	strd	r3, r3, [sp, #32]
spark::detail::LogFilter::LogFilter(LogLevel level, LogCategoryFilters filters) :
   b62ca:	4604      	mov	r4, r0
        level_(LOG_LEVEL_NONE) { // Fallback level that will be used in case of construction errors
   b62cc:	7602      	strb	r2, [r0, #24]
    if (n > capacity_ && !realloc(n)) {
   b62ce:	dc23      	bgt.n	b6318 <_ZN5spark6detail9LogFilterC1E8LogLevelNS_6VectorINS_17LogCategoryFilterENS_16DefaultAllocatorEEE+0x74>
    return data_ + size_;
   b62d0:	e9d8 5700 	ldrd	r5, r7, [r8]
   b62d4:	2314      	movs	r3, #20
   b62d6:	fb03 5707 	mla	r7, r3, r7, r5
    for (LogCategoryFilter &filter: filters) {
   b62da:	42af      	cmp	r7, r5
   b62dc:	d03b      	beq.n	b6356 <_ZN5spark6detail9LogFilterC1E8LogLevelNS_6VectorINS_17LogCategoryFilterENS_16DefaultAllocatorEEE+0xb2>
        cats.append(std::move(filter.cat_));
   b62de:	4629      	mov	r1, r5
   b62e0:	a80b      	add	r0, sp, #44	; 0x2c
   b62e2:	f7ff fa0e 	bl	b5702 <_ZN6StringC1EOS_>
    return insert(size_, std::move(value));
   b62e6:	a90b      	add	r1, sp, #44	; 0x2c
   b62e8:	a80f      	add	r0, sp, #60	; 0x3c
   b62ea:	9e09      	ldr	r6, [sp, #36]	; 0x24
   b62ec:	f7ff fa09 	bl	b5702 <_ZN6StringC1EOS_>
    if (size_ + 1 > capacity_ && !realloc(size_ + 1)) {
   b62f0:	e9dd 1309 	ldrd	r1, r3, [sp, #36]	; 0x24
   b62f4:	4299      	cmp	r1, r3
   b62f6:	da1b      	bge.n	b6330 <_ZN5spark6detail9LogFilterC1E8LogLevelNS_6VectorINS_17LogCategoryFilterENS_16DefaultAllocatorEEE+0x8c>
    T* const p = data_ + i;
   b62f8:	9b08      	ldr	r3, [sp, #32]
    move(p + 1, p, data_ + size_);
   b62fa:	9a09      	ldr	r2, [sp, #36]	; 0x24
    T* const p = data_ + i;
   b62fc:	eb03 1606 	add.w	r6, r3, r6, lsl #4
    move(p + 1, p, data_ + size_);
   b6300:	eb03 1202 	add.w	r2, r3, r2, lsl #4
   b6304:	4631      	mov	r1, r6
   b6306:	f106 0010 	add.w	r0, r6, #16
   b630a:	f7ff ff89 	bl	b6220 <_ZN5spark6VectorI6StringNS_16DefaultAllocatorEE4moveIS1_Li0EEEvPS1_S5_S5_>
    new(p) T(std::move(value));
   b630e:	b9ee      	cbnz	r6, b634c <_ZN5spark6detail9LogFilterC1E8LogLevelNS_6VectorINS_17LogCategoryFilterENS_16DefaultAllocatorEEE+0xa8>
    ++size_;
   b6310:	9b09      	ldr	r3, [sp, #36]	; 0x24
   b6312:	3301      	adds	r3, #1
   b6314:	9309      	str	r3, [sp, #36]	; 0x24
    return true;
   b6316:	e011      	b.n	b633c <_ZN5spark6detail9LogFilterC1E8LogLevelNS_6VectorINS_17LogCategoryFilterENS_16DefaultAllocatorEEE+0x98>
    if (n > capacity_ && !realloc(n)) {
   b6318:	a808      	add	r0, sp, #32
   b631a:	f7ff ffab 	bl	b6274 <_ZN5spark6VectorI6StringNS_16DefaultAllocatorEE7reallocIS1_Li0EEEbi>
   b631e:	2800      	cmp	r0, #0
   b6320:	d1d6      	bne.n	b62d0 <_ZN5spark6detail9LogFilterC1E8LogLevelNS_6VectorINS_17LogCategoryFilterENS_16DefaultAllocatorEEE+0x2c>
        return;
   b6322:	a808      	add	r0, sp, #32
   b6324:	f7ff fa92 	bl	b584c <_ZN5spark6VectorI6StringNS_16DefaultAllocatorEED1Ev>
}
   b6328:	4620      	mov	r0, r4
   b632a:	b015      	add	sp, #84	; 0x54
   b632c:	e8bd 8ff0 	ldmia.w	sp!, {r4, r5, r6, r7, r8, r9, sl, fp, pc}
    if (size_ + 1 > capacity_ && !realloc(size_ + 1)) {
   b6330:	3101      	adds	r1, #1
   b6332:	a808      	add	r0, sp, #32
   b6334:	f7ff ff9e 	bl	b6274 <_ZN5spark6VectorI6StringNS_16DefaultAllocatorEE7reallocIS1_Li0EEEbi>
   b6338:	2800      	cmp	r0, #0
   b633a:	d1dd      	bne.n	b62f8 <_ZN5spark6detail9LogFilterC1E8LogLevelNS_6VectorINS_17LogCategoryFilterENS_16DefaultAllocatorEEE+0x54>
    return insert(size_, std::move(value));
   b633c:	a80f      	add	r0, sp, #60	; 0x3c
   b633e:	f7ff f977 	bl	b5630 <_ZN6StringD1Ev>
        cats.append(std::move(filter.cat_));
   b6342:	a80b      	add	r0, sp, #44	; 0x2c
   b6344:	f7ff f974 	bl	b5630 <_ZN6StringD1Ev>
    for (LogCategoryFilter &filter: filters) {
   b6348:	3514      	adds	r5, #20
   b634a:	e7c6      	b.n	b62da <_ZN5spark6detail9LogFilterC1E8LogLevelNS_6VectorINS_17LogCategoryFilterENS_16DefaultAllocatorEEE+0x36>
    new(p) T(std::move(value));
   b634c:	a90f      	add	r1, sp, #60	; 0x3c
   b634e:	4630      	mov	r0, r6
   b6350:	f7ff f9d7 	bl	b5702 <_ZN6StringC1EOS_>
   b6354:	e7dc      	b.n	b6310 <_ZN5spark6detail9LogFilterC1E8LogLevelNS_6VectorINS_17LogCategoryFilterENS_16DefaultAllocatorEEE+0x6c>
        capacity_(0) {
   b6356:	2600      	movs	r6, #0
   b6358:	e9cd 660b 	strd	r6, r6, [sp, #44]	; 0x2c
   b635c:	960d      	str	r6, [sp, #52]	; 0x34
    for (int i = 0; i < cats.size(); ++i) {
   b635e:	f04f 0914 	mov.w	r9, #20
    return data_[i];
   b6362:	e9dd 2308 	ldrd	r2, r3, [sp, #32]
   b6366:	429e      	cmp	r6, r3
   b6368:	da7c      	bge.n	b6464 <_ZN5spark6detail9LogFilterC1E8LogLevelNS_6VectorINS_17LogCategoryFilterENS_16DefaultAllocatorEEE+0x1c0>
    char operator [] (unsigned int index) const;
    char& operator [] (unsigned int index);
    void getBytes(unsigned char *buf, unsigned int bufsize, unsigned int index=0) const;
    void toCharArray(char *buf, unsigned int bufsize, unsigned int index=0) const
        {getBytes((unsigned char *)buf, bufsize, index);}
    const char * c_str() const { return buffer; }
   b636a:	0133      	lsls	r3, r6, #4
   b636c:	58d3      	ldr	r3, [r2, r3]
        const char *category = cats.at(i).c_str();
   b636e:	9306      	str	r3, [sp, #24]
        if (!category) {
   b6370:	b90b      	cbnz	r3, b6376 <_ZN5spark6detail9LogFilterC1E8LogLevelNS_6VectorINS_17LogCategoryFilterENS_16DefaultAllocatorEEE+0xd2>
    for (int i = 0; i < cats.size(); ++i) {
   b6372:	3601      	adds	r6, #1
   b6374:	e7f5      	b.n	b6362 <_ZN5spark6detail9LogFilterC1E8LogLevelNS_6VectorINS_17LogCategoryFilterENS_16DefaultAllocatorEEE+0xbe>
        size_t size = 0; // Name length
   b6376:	2300      	movs	r3, #0
   b6378:	9307      	str	r3, [sp, #28]
   b637a:	fb09 f306 	mul.w	r3, r9, r6
   b637e:	9302      	str	r3, [sp, #8]
        Vector<Node> *pNodes = &nodes; // Root nodes
   b6380:	ad0b      	add	r5, sp, #44	; 0x2c
        while ((name = nextSubcategoryName(category, size))) {
   b6382:	a907      	add	r1, sp, #28
   b6384:	a806      	add	r0, sp, #24
   b6386:	f7ff fb0a 	bl	b599e <_ZN12_GLOBAL__N_119nextSubcategoryNameERPKcRj>
   b638a:	4682      	mov	sl, r0
   b638c:	2800      	cmp	r0, #0
   b638e:	d0f0      	beq.n	b6372 <_ZN5spark6detail9LogFilterC1E8LogLevelNS_6VectorINS_17LogCategoryFilterENS_16DefaultAllocatorEEE+0xce>
            bool found = false;
   b6390:	f04f 0300 	mov.w	r3, #0
   b6394:	f88d 3017 	strb.w	r3, [sp, #23]
            const int index = nodeIndex(*pNodes, name, size, found);
   b6398:	4601      	mov	r1, r0
   b639a:	9a07      	ldr	r2, [sp, #28]
   b639c:	f10d 0317 	add.w	r3, sp, #23
   b63a0:	4628      	mov	r0, r5
   b63a2:	f7ff fb67 	bl	b5a74 <_ZN5spark6detail9LogFilter9nodeIndexERKNS_6VectorINS1_4NodeENS_16DefaultAllocatorEEEPKcjRb>
            if (!found && !pNodes->insert(index, Node(name, size))) { // Add node
   b63a6:	f89d 7017 	ldrb.w	r7, [sp, #23]
            const int index = nodeIndex(*pNodes, name, size, found);
   b63aa:	9001      	str	r0, [sp, #4]
            if (!found && !pNodes->insert(index, Node(name, size))) { // Add node
   b63ac:	2f00      	cmp	r7, #0
   b63ae:	d14a      	bne.n	b6446 <_ZN5spark6detail9LogFilterC1E8LogLevelNS_6VectorINS_17LogCategoryFilterENS_16DefaultAllocatorEEE+0x1a2>
   b63b0:	f8bd 301c 	ldrh.w	r3, [sp, #28]
            level(-1) {
   b63b4:	f8ad 3040 	strh.w	r3, [sp, #64]	; 0x40
        capacity_(0) {
   b63b8:	e9cd 7711 	strd	r7, r7, [sp, #68]	; 0x44
   b63bc:	f64f 73ff 	movw	r3, #65535	; 0xffff
   b63c0:	f8cd a03c 	str.w	sl, [sp, #60]	; 0x3c
   b63c4:	f8ad 3042 	strh.w	r3, [sp, #66]	; 0x42
   b63c8:	9713      	str	r7, [sp, #76]	; 0x4c
    if (size_ + 1 > capacity_ && !realloc(size_ + 1)) {
   b63ca:	e9d5 3201 	ldrd	r3, r2, [r5, #4]
   b63ce:	4293      	cmp	r3, r2
   b63d0:	db17      	blt.n	b6402 <_ZN5spark6detail9LogFilterC1E8LogLevelNS_6VectorINS_17LogCategoryFilterENS_16DefaultAllocatorEEE+0x15e>
   b63d2:	f103 0a01 	add.w	sl, r3, #1
        if (n > 0) {
   b63d6:	f1ba 0f00 	cmp.w	sl, #0
   b63da:	dd30      	ble.n	b643e <_ZN5spark6detail9LogFilterC1E8LogLevelNS_6VectorINS_17LogCategoryFilterENS_16DefaultAllocatorEEE+0x19a>
    return ::malloc(size);
   b63dc:	fb09 f00a 	mul.w	r0, r9, sl
   b63e0:	f7fe ffdc 	bl	b539c <malloc>
            if (!d) {
   b63e4:	4683      	mov	fp, r0
   b63e6:	b360      	cbz	r0, b6442 <_ZN5spark6detail9LogFilterC1E8LogLevelNS_6VectorINS_17LogCategoryFilterENS_16DefaultAllocatorEEE+0x19e>
            move(d, data_, data_ + size_);
   b63e8:	e9d5 1200 	ldrd	r1, r2, [r5]
   b63ec:	fb09 1202 	mla	r2, r9, r2, r1
   b63f0:	f7ff feea 	bl	b61c8 <_ZN5spark6VectorINS_6detail9LogFilter4NodeENS_16DefaultAllocatorEE4moveIS3_Li0EEEvPS3_S7_S7_>
    ::free(ptr);
   b63f4:	6828      	ldr	r0, [r5, #0]
   b63f6:	f7fe ffd9 	bl	b53ac <free>
        data_ = d;
   b63fa:	f8c5 b000 	str.w	fp, [r5]
        capacity_ = n;
   b63fe:	f8c5 a008 	str.w	sl, [r5, #8]
    T* const p = data_ + i;
   b6402:	682b      	ldr	r3, [r5, #0]
   b6404:	9a01      	ldr	r2, [sp, #4]
   b6406:	fb09 3a02 	mla	sl, r9, r2, r3
    move(p + 1, p, data_ + size_);
   b640a:	686a      	ldr	r2, [r5, #4]
   b640c:	4651      	mov	r1, sl
   b640e:	fb09 3202 	mla	r2, r9, r2, r3
   b6412:	f10a 0014 	add.w	r0, sl, #20
   b6416:	f7ff fed7 	bl	b61c8 <_ZN5spark6VectorINS_6detail9LogFilter4NodeENS_16DefaultAllocatorEE4moveIS3_Li0EEEvPS3_S7_S7_>
    new(p) T(std::move(value));
   b641a:	f1ba 0f00 	cmp.w	sl, #0
   b641e:	d003      	beq.n	b6428 <_ZN5spark6detail9LogFilterC1E8LogLevelNS_6VectorINS_17LogCategoryFilterENS_16DefaultAllocatorEEE+0x184>
   b6420:	a90f      	add	r1, sp, #60	; 0x3c
   b6422:	4650      	mov	r0, sl
   b6424:	f7ff fd18 	bl	b5e58 <_ZN5spark6detail9LogFilter4NodeC1EOS2_>
    ++size_;
   b6428:	686b      	ldr	r3, [r5, #4]
   b642a:	3301      	adds	r3, #1
   b642c:	606b      	str	r3, [r5, #4]
struct spark::detail::LogFilter::Node {
   b642e:	a811      	add	r0, sp, #68	; 0x44
   b6430:	f7ff fcca 	bl	b5dc8 <_ZN5spark6VectorINS_6detail9LogFilter4NodeENS_16DefaultAllocatorEED1Ev>
            if (!found && !pNodes->insert(index, Node(name, size))) { // Add node
   b6434:	b13f      	cbz	r7, b6446 <_ZN5spark6detail9LogFilterC1E8LogLevelNS_6VectorINS_17LogCategoryFilterENS_16DefaultAllocatorEEE+0x1a2>
    Vector<Node> nodes;
   b6436:	a80b      	add	r0, sp, #44	; 0x2c
   b6438:	f7ff fcc6 	bl	b5dc8 <_ZN5spark6VectorINS_6detail9LogFilter4NodeENS_16DefaultAllocatorEED1Ev>
   b643c:	e771      	b.n	b6322 <_ZN5spark6detail9LogFilterC1E8LogLevelNS_6VectorINS_17LogCategoryFilterENS_16DefaultAllocatorEEE+0x7e>
        T* d = nullptr;
   b643e:	46bb      	mov	fp, r7
   b6440:	e7d8      	b.n	b63f4 <_ZN5spark6detail9LogFilterC1E8LogLevelNS_6VectorINS_17LogCategoryFilterENS_16DefaultAllocatorEEE+0x150>
            if (!found && !pNodes->insert(index, Node(name, size))) { // Add node
   b6442:	2701      	movs	r7, #1
   b6444:	e7f3      	b.n	b642e <_ZN5spark6detail9LogFilterC1E8LogLevelNS_6VectorINS_17LogCategoryFilterENS_16DefaultAllocatorEEE+0x18a>
    return data_[i];
   b6446:	9b01      	ldr	r3, [sp, #4]
   b6448:	682d      	ldr	r5, [r5, #0]
   b644a:	fb09 5503 	mla	r5, r9, r3, r5
            if (!*category) { // Check if it's last subcategory
   b644e:	9b06      	ldr	r3, [sp, #24]
   b6450:	781b      	ldrb	r3, [r3, #0]
   b6452:	b92b      	cbnz	r3, b6460 <_ZN5spark6detail9LogFilterC1E8LogLevelNS_6VectorINS_17LogCategoryFilterENS_16DefaultAllocatorEEE+0x1bc>
                node.level = filters.at(i).level_;
   b6454:	f8d8 3000 	ldr.w	r3, [r8]
   b6458:	9a02      	ldr	r2, [sp, #8]
   b645a:	4413      	add	r3, r2
   b645c:	7c1b      	ldrb	r3, [r3, #16]
   b645e:	80eb      	strh	r3, [r5, #6]
            pNodes = &node.nodes;
   b6460:	3508      	adds	r5, #8
        while ((name = nextSubcategoryName(category, size))) {
   b6462:	e78e      	b.n	b6382 <_ZN5spark6detail9LogFilterC1E8LogLevelNS_6VectorINS_17LogCategoryFilterENS_16DefaultAllocatorEEE+0xde>
      _Tp __tmp = _GLIBCXX_MOVE(__a);
   b6464:	6821      	ldr	r1, [r4, #0]
      __a = _GLIBCXX_MOVE(__b);
   b6466:	6022      	str	r2, [r4, #0]
      _Tp __tmp = _GLIBCXX_MOVE(__a);
   b6468:	6862      	ldr	r2, [r4, #4]
      __a = _GLIBCXX_MOVE(__b);
   b646a:	6063      	str	r3, [r4, #4]
      _Tp __tmp = _GLIBCXX_MOVE(__a);
   b646c:	68a3      	ldr	r3, [r4, #8]
      __b = _GLIBCXX_MOVE(__tmp);
   b646e:	9209      	str	r2, [sp, #36]	; 0x24
      __a = _GLIBCXX_MOVE(__b);
   b6470:	9a0a      	ldr	r2, [sp, #40]	; 0x28
      __b = _GLIBCXX_MOVE(__tmp);
   b6472:	930a      	str	r3, [sp, #40]	; 0x28
      _Tp __tmp = _GLIBCXX_MOVE(__a);
   b6474:	68e3      	ldr	r3, [r4, #12]
      __a = _GLIBCXX_MOVE(__b);
   b6476:	60a2      	str	r2, [r4, #8]
   b6478:	9a0b      	ldr	r2, [sp, #44]	; 0x2c
      __b = _GLIBCXX_MOVE(__tmp);
   b647a:	930b      	str	r3, [sp, #44]	; 0x2c
      _Tp __tmp = _GLIBCXX_MOVE(__a);
   b647c:	6923      	ldr	r3, [r4, #16]
      __a = _GLIBCXX_MOVE(__b);
   b647e:	60e2      	str	r2, [r4, #12]
   b6480:	9a0c      	ldr	r2, [sp, #48]	; 0x30
      __b = _GLIBCXX_MOVE(__tmp);
   b6482:	930c      	str	r3, [sp, #48]	; 0x30
      _Tp __tmp = _GLIBCXX_MOVE(__a);
   b6484:	6963      	ldr	r3, [r4, #20]
      __a = _GLIBCXX_MOVE(__b);
   b6486:	6122      	str	r2, [r4, #16]
   b6488:	9a0d      	ldr	r2, [sp, #52]	; 0x34
      __b = _GLIBCXX_MOVE(__tmp);
   b648a:	930d      	str	r3, [sp, #52]	; 0x34
    level_ = level;
   b648c:	9b03      	ldr	r3, [sp, #12]
   b648e:	9108      	str	r1, [sp, #32]
      __a = _GLIBCXX_MOVE(__b);
   b6490:	6162      	str	r2, [r4, #20]
   b6492:	7623      	strb	r3, [r4, #24]
   b6494:	e7cf      	b.n	b6436 <_ZN5spark6detail9LogFilterC1E8LogLevelNS_6VectorINS_17LogCategoryFilterENS_16DefaultAllocatorEEE+0x192>
	...

000b6498 <_ZN5spark16StreamLogHandlerC1ER5Print8LogLevelNS_6VectorINS_17LogCategoryFilterENS_16DefaultAllocatorEEE>:
inline spark::StreamLogHandler::StreamLogHandler(Print &stream, LogLevel level, LogCategoryFilters filters) :
   b6498:	b5f0      	push	{r4, r5, r6, r7, lr}
   b649a:	4604      	mov	r4, r0
   b649c:	b087      	sub	sp, #28
   b649e:	460d      	mov	r5, r1
        filter_(level, filters) {
   b64a0:	4626      	mov	r6, r4
        stream_(&stream) {
   b64a2:	4619      	mov	r1, r3
   b64a4:	4668      	mov	r0, sp
inline spark::StreamLogHandler::StreamLogHandler(Print &stream, LogLevel level, LogCategoryFilters filters) :
   b64a6:	4617      	mov	r7, r2
        stream_(&stream) {
   b64a8:	f7fe fb53 	bl	b4b52 <_ZN5spark6VectorINS_17LogCategoryFilterENS_16DefaultAllocatorEEC1ERKS3_>
        filter_(level, filters) {
   b64ac:	4b0b      	ldr	r3, [pc, #44]	; (b64dc <_ZN5spark16StreamLogHandlerC1ER5Print8LogLevelNS_6VectorINS_17LogCategoryFilterENS_16DefaultAllocatorEEE+0x44>)
   b64ae:	f846 3b04 	str.w	r3, [r6], #4
   b64b2:	4669      	mov	r1, sp
   b64b4:	a803      	add	r0, sp, #12
   b64b6:	f7fe fb4c 	bl	b4b52 <_ZN5spark6VectorINS_17LogCategoryFilterENS_16DefaultAllocatorEEC1ERKS3_>
   b64ba:	aa03      	add	r2, sp, #12
   b64bc:	4639      	mov	r1, r7
   b64be:	4630      	mov	r0, r6
   b64c0:	f7ff fef0 	bl	b62a4 <_ZN5spark6detail9LogFilterC1E8LogLevelNS_6VectorINS_17LogCategoryFilterENS_16DefaultAllocatorEEE>
   b64c4:	a803      	add	r0, sp, #12
   b64c6:	f7fe fb03 	bl	b4ad0 <_ZN5spark6VectorINS_17LogCategoryFilterENS_16DefaultAllocatorEED1Ev>
        stream_(&stream) {
   b64ca:	4668      	mov	r0, sp
   b64cc:	f7fe fb00 	bl	b4ad0 <_ZN5spark6VectorINS_17LogCategoryFilterENS_16DefaultAllocatorEED1Ev>
   b64d0:	4b03      	ldr	r3, [pc, #12]	; (b64e0 <_ZN5spark16StreamLogHandlerC1ER5Print8LogLevelNS_6VectorINS_17LogCategoryFilterENS_16DefaultAllocatorEEE+0x48>)
   b64d2:	6023      	str	r3, [r4, #0]
}
   b64d4:	4620      	mov	r0, r4
        stream_(&stream) {
   b64d6:	6225      	str	r5, [r4, #32]
}
   b64d8:	b007      	add	sp, #28
   b64da:	bdf0      	pop	{r4, r5, r6, r7, pc}
   b64dc:	000b7860 	.word	0x000b7860
   b64e0:	000b79bc 	.word	0x000b79bc

000b64e4 <_ZN5spark24DefaultLogHandlerFactory13createHandlerEPKc8LogLevelNS_6VectorINS_17LogCategoryFilterENS_16DefaultAllocatorEEEP5PrintRKNS_9JSONValueE>:
            Print *stream, const JSONValue &params) {
   b64e4:	b5f0      	push	{r4, r5, r6, r7, lr}
   b64e6:	460f      	mov	r7, r1
   b64e8:	b085      	sub	sp, #20
    if (strcmp(type, "JSONStreamLogHandler") == 0) {
   b64ea:	491d      	ldr	r1, [pc, #116]	; (b6560 <_ZN5spark24DefaultLogHandlerFactory13createHandlerEPKc8LogLevelNS_6VectorINS_17LogCategoryFilterENS_16DefaultAllocatorEEEP5PrintRKNS_9JSONValueE+0x7c>)
            Print *stream, const JSONValue &params) {
   b64ec:	9c0a      	ldr	r4, [sp, #40]	; 0x28
    if (strcmp(type, "JSONStreamLogHandler") == 0) {
   b64ee:	4638      	mov	r0, r7
            Print *stream, const JSONValue &params) {
   b64f0:	4616      	mov	r6, r2
   b64f2:	461d      	mov	r5, r3
    if (strcmp(type, "JSONStreamLogHandler") == 0) {
   b64f4:	f7fe f9b2 	bl	b485c <strcmp>
   b64f8:	b9c0      	cbnz	r0, b652c <_ZN5spark24DefaultLogHandlerFactory13createHandlerEPKc8LogLevelNS_6VectorINS_17LogCategoryFilterENS_16DefaultAllocatorEEEP5PrintRKNS_9JSONValueE+0x48>
        if (!stream) {
   b64fa:	b1a4      	cbz	r4, b6526 <_ZN5spark24DefaultLogHandlerFactory13createHandlerEPKc8LogLevelNS_6VectorINS_17LogCategoryFilterENS_16DefaultAllocatorEEEP5PrintRKNS_9JSONValueE+0x42>
        return new(std::nothrow) JSONStreamLogHandler(*stream, level, std::move(filters));
   b64fc:	4629      	mov	r1, r5
   b64fe:	a801      	add	r0, sp, #4
   b6500:	f7ff fcbd 	bl	b5e7e <_ZN5spark6VectorINS_17LogCategoryFilterENS_16DefaultAllocatorEEC1EOS3_>
   b6504:	4917      	ldr	r1, [pc, #92]	; (b6564 <_ZN5spark24DefaultLogHandlerFactory13createHandlerEPKc8LogLevelNS_6VectorINS_17LogCategoryFilterENS_16DefaultAllocatorEEEP5PrintRKNS_9JSONValueE+0x80>)
   b6506:	2024      	movs	r0, #36	; 0x24
   b6508:	f001 f80a 	bl	b7520 <_ZnwjRKSt9nothrow_t>
   b650c:	4605      	mov	r5, r0
   b650e:	b130      	cbz	r0, b651e <_ZN5spark24DefaultLogHandlerFactory13createHandlerEPKc8LogLevelNS_6VectorINS_17LogCategoryFilterENS_16DefaultAllocatorEEEP5PrintRKNS_9JSONValueE+0x3a>
    using StreamLogHandler::StreamLogHandler;
   b6510:	ab01      	add	r3, sp, #4
   b6512:	4632      	mov	r2, r6
   b6514:	4621      	mov	r1, r4
   b6516:	f7ff ffbf 	bl	b6498 <_ZN5spark16StreamLogHandlerC1ER5Print8LogLevelNS_6VectorINS_17LogCategoryFilterENS_16DefaultAllocatorEEE>
   b651a:	4b13      	ldr	r3, [pc, #76]	; (b6568 <_ZN5spark24DefaultLogHandlerFactory13createHandlerEPKc8LogLevelNS_6VectorINS_17LogCategoryFilterENS_16DefaultAllocatorEEEP5PrintRKNS_9JSONValueE+0x84>)
   b651c:	602b      	str	r3, [r5, #0]
        return new(std::nothrow) StreamLogHandler(*stream, level, std::move(filters));
   b651e:	a801      	add	r0, sp, #4
   b6520:	f7fe fad6 	bl	b4ad0 <_ZN5spark6VectorINS_17LogCategoryFilterENS_16DefaultAllocatorEED1Ev>
   b6524:	462c      	mov	r4, r5
}
   b6526:	4620      	mov	r0, r4
   b6528:	b005      	add	sp, #20
   b652a:	bdf0      	pop	{r4, r5, r6, r7, pc}
    } else if (strcmp(type, "StreamLogHandler") == 0) {
   b652c:	490f      	ldr	r1, [pc, #60]	; (b656c <_ZN5spark24DefaultLogHandlerFactory13createHandlerEPKc8LogLevelNS_6VectorINS_17LogCategoryFilterENS_16DefaultAllocatorEEEP5PrintRKNS_9JSONValueE+0x88>)
   b652e:	4638      	mov	r0, r7
   b6530:	f7fe f994 	bl	b485c <strcmp>
   b6534:	b990      	cbnz	r0, b655c <_ZN5spark24DefaultLogHandlerFactory13createHandlerEPKc8LogLevelNS_6VectorINS_17LogCategoryFilterENS_16DefaultAllocatorEEEP5PrintRKNS_9JSONValueE+0x78>
        if (!stream) {
   b6536:	2c00      	cmp	r4, #0
   b6538:	d0f5      	beq.n	b6526 <_ZN5spark24DefaultLogHandlerFactory13createHandlerEPKc8LogLevelNS_6VectorINS_17LogCategoryFilterENS_16DefaultAllocatorEEEP5PrintRKNS_9JSONValueE+0x42>
        return new(std::nothrow) StreamLogHandler(*stream, level, std::move(filters));
   b653a:	4629      	mov	r1, r5
   b653c:	a801      	add	r0, sp, #4
   b653e:	f7ff fc9e 	bl	b5e7e <_ZN5spark6VectorINS_17LogCategoryFilterENS_16DefaultAllocatorEEC1EOS3_>
   b6542:	4908      	ldr	r1, [pc, #32]	; (b6564 <_ZN5spark24DefaultLogHandlerFactory13createHandlerEPKc8LogLevelNS_6VectorINS_17LogCategoryFilterENS_16DefaultAllocatorEEEP5PrintRKNS_9JSONValueE+0x80>)
   b6544:	2024      	movs	r0, #36	; 0x24
   b6546:	f000 ffeb 	bl	b7520 <_ZnwjRKSt9nothrow_t>
   b654a:	4605      	mov	r5, r0
   b654c:	2800      	cmp	r0, #0
   b654e:	d0e6      	beq.n	b651e <_ZN5spark24DefaultLogHandlerFactory13createHandlerEPKc8LogLevelNS_6VectorINS_17LogCategoryFilterENS_16DefaultAllocatorEEEP5PrintRKNS_9JSONValueE+0x3a>
   b6550:	ab01      	add	r3, sp, #4
   b6552:	4632      	mov	r2, r6
   b6554:	4621      	mov	r1, r4
   b6556:	f7ff ff9f 	bl	b6498 <_ZN5spark16StreamLogHandlerC1ER5Print8LogLevelNS_6VectorINS_17LogCategoryFilterENS_16DefaultAllocatorEEE>
   b655a:	e7e0      	b.n	b651e <_ZN5spark24DefaultLogHandlerFactory13createHandlerEPKc8LogLevelNS_6VectorINS_17LogCategoryFilterENS_16DefaultAllocatorEEEP5PrintRKNS_9JSONValueE+0x3a>
            return nullptr; // Output stream is not specified
   b655c:	2400      	movs	r4, #0
   b655e:	e7e2      	b.n	b6526 <_ZN5spark24DefaultLogHandlerFactory13createHandlerEPKc8LogLevelNS_6VectorINS_17LogCategoryFilterENS_16DefaultAllocatorEEEP5PrintRKNS_9JSONValueE+0x42>
   b6560:	000b7954 	.word	0x000b7954
   b6564:	000b7b7c 	.word	0x000b7b7c
   b6568:	000b79d4 	.word	0x000b79d4
   b656c:	000b7958 	.word	0x000b7958

000b6570 <_GLOBAL__sub_I__ZN5spark3LogE>:
        name_(name) {
   b6570:	4b01      	ldr	r3, [pc, #4]	; (b6578 <_GLOBAL__sub_I__ZN5spark3LogE+0x8>)
   b6572:	4a02      	ldr	r2, [pc, #8]	; (b657c <_GLOBAL__sub_I__ZN5spark3LogE+0xc>)
   b6574:	601a      	str	r2, [r3, #0]
#if Wiring_LogConfig

// spark::
void spark::logProcessControlRequest(ctrl_request* req) {
    JSONRequestHandler::process(req);
}
   b6576:	4770      	bx	lr
   b6578:	2003df1c 	.word	0x2003df1c
   b657c:	000b7969 	.word	0x000b7969

000b6580 <_ZN5spark16StreamLogHandler10logMessageEPKc8LogLevelS2_RK13LogAttributes>:
void spark::StreamLogHandler::logMessage(const char *msg, LogLevel level, const char *category, const LogAttributes &attr) {
   b6580:	e92d 47f0 	stmdb	sp!, {r4, r5, r6, r7, r8, r9, sl, lr}
   b6584:	9d08      	ldr	r5, [sp, #32]
    if (stream_ == &Serial && Network.listening()) {
   b6586:	f8d0 9020 	ldr.w	r9, [r0, #32]
void spark::StreamLogHandler::logMessage(const char *msg, LogLevel level, const char *category, const LogAttributes &attr) {
   b658a:	4604      	mov	r4, r0
   b658c:	460e      	mov	r6, r1
   b658e:	4617      	mov	r7, r2
   b6590:	4698      	mov	r8, r3
    if (stream_ == &Serial && Network.listening()) {
   b6592:	f000 fb27 	bl	b6be4 <_Z16_fetch_usbserialv>
   b6596:	4581      	cmp	r9, r0
   b6598:	d04c      	beq.n	b6634 <_ZN5spark16StreamLogHandler10logMessageEPKc8LogLevelS2_RK13LogAttributes+0xb4>
    if (attr.has_time) {
   b659a:	792b      	ldrb	r3, [r5, #4]
   b659c:	0719      	lsls	r1, r3, #28
   b659e:	d504      	bpl.n	b65aa <_ZN5spark16StreamLogHandler10logMessageEPKc8LogLevelS2_RK13LogAttributes+0x2a>
        printf("%010u ", (unsigned)attr.time);
   b65a0:	696a      	ldr	r2, [r5, #20]
   b65a2:	4954      	ldr	r1, [pc, #336]	; (b66f4 <_ZN5spark16StreamLogHandler10logMessageEPKc8LogLevelS2_RK13LogAttributes+0x174>)
   b65a4:	4620      	mov	r0, r4
   b65a6:	f7ff faca 	bl	b5b3e <_ZN5spark16StreamLogHandler6printfEPKcz>
    if (category) {
   b65aa:	f1b8 0f00 	cmp.w	r8, #0
   b65ae:	d00d      	beq.n	b65cc <_ZN5spark16StreamLogHandler10logMessageEPKc8LogLevelS2_RK13LogAttributes+0x4c>
        write('[');
   b65b0:	215b      	movs	r1, #91	; 0x5b
   b65b2:	4620      	mov	r0, r4
   b65b4:	f7ff fa52 	bl	b5a5c <_ZN5spark16StreamLogHandler5writeEc>
        write(category);
   b65b8:	4641      	mov	r1, r8
   b65ba:	4620      	mov	r0, r4
   b65bc:	f7ff fa3f 	bl	b5a3e <_ZN5spark16StreamLogHandler5writeEPKc>
        write("] ", 2);
   b65c0:	6823      	ldr	r3, [r4, #0]
   b65c2:	494d      	ldr	r1, [pc, #308]	; (b66f8 <_ZN5spark16StreamLogHandler10logMessageEPKc8LogLevelS2_RK13LogAttributes+0x178>)
   b65c4:	68db      	ldr	r3, [r3, #12]
   b65c6:	2202      	movs	r2, #2
   b65c8:	4620      	mov	r0, r4
   b65ca:	4798      	blx	r3
    if (attr.has_file) {
   b65cc:	792b      	ldrb	r3, [r5, #4]
   b65ce:	07da      	lsls	r2, r3, #31
   b65d0:	d523      	bpl.n	b661a <_ZN5spark16StreamLogHandler10logMessageEPKc8LogLevelS2_RK13LogAttributes+0x9a>
        s = extractFileName(attr.file); // Strip directory path
   b65d2:	f8d5 8008 	ldr.w	r8, [r5, #8]
    const char *s1 = strrchr(s, '/');
   b65d6:	212f      	movs	r1, #47	; 0x2f
   b65d8:	4640      	mov	r0, r8
   b65da:	f001 f844 	bl	b7666 <strrchr>
    if (s1) {
   b65de:	b108      	cbz	r0, b65e4 <_ZN5spark16StreamLogHandler10logMessageEPKc8LogLevelS2_RK13LogAttributes+0x64>
        return s1 + 1;
   b65e0:	f100 0801 	add.w	r8, r0, #1
        write(s); // File name
   b65e4:	4641      	mov	r1, r8
   b65e6:	4620      	mov	r0, r4
   b65e8:	f7ff fa29 	bl	b5a3e <_ZN5spark16StreamLogHandler5writeEPKc>
        if (attr.has_line) {
   b65ec:	792b      	ldrb	r3, [r5, #4]
   b65ee:	079b      	lsls	r3, r3, #30
   b65f0:	d508      	bpl.n	b6604 <_ZN5spark16StreamLogHandler10logMessageEPKc8LogLevelS2_RK13LogAttributes+0x84>
            write(':');
   b65f2:	213a      	movs	r1, #58	; 0x3a
   b65f4:	4620      	mov	r0, r4
   b65f6:	f7ff fa31 	bl	b5a5c <_ZN5spark16StreamLogHandler5writeEc>
            printf("%d", (int)attr.line); // Line number
   b65fa:	68ea      	ldr	r2, [r5, #12]
   b65fc:	493f      	ldr	r1, [pc, #252]	; (b66fc <_ZN5spark16StreamLogHandler10logMessageEPKc8LogLevelS2_RK13LogAttributes+0x17c>)
   b65fe:	4620      	mov	r0, r4
   b6600:	f7ff fa9d 	bl	b5b3e <_ZN5spark16StreamLogHandler6printfEPKcz>
        if (attr.has_function) {
   b6604:	792a      	ldrb	r2, [r5, #4]
            write(", ", 2);
   b6606:	6823      	ldr	r3, [r4, #0]
        if (attr.has_function) {
   b6608:	f012 0f04 	tst.w	r2, #4
            write(", ", 2);
   b660c:	68db      	ldr	r3, [r3, #12]
   b660e:	bf14      	ite	ne
   b6610:	493b      	ldrne	r1, [pc, #236]	; (b6700 <_ZN5spark16StreamLogHandler10logMessageEPKc8LogLevelS2_RK13LogAttributes+0x180>)
            write(": ", 2);
   b6612:	493c      	ldreq	r1, [pc, #240]	; (b6704 <_ZN5spark16StreamLogHandler10logMessageEPKc8LogLevelS2_RK13LogAttributes+0x184>)
            write(", ", 2);
   b6614:	2202      	movs	r2, #2
            write(": ", 2);
   b6616:	4620      	mov	r0, r4
   b6618:	4798      	blx	r3
    if (attr.has_function) {
   b661a:	792b      	ldrb	r3, [r5, #4]
   b661c:	0758      	lsls	r0, r3, #29
   b661e:	d51d      	bpl.n	b665c <_ZN5spark16StreamLogHandler10logMessageEPKc8LogLevelS2_RK13LogAttributes+0xdc>
        s = extractFuncName(attr.function, &n); // Strip argument and return types
   b6620:	6929      	ldr	r1, [r5, #16]
const char* extractFuncName(const char *s, size_t *size) {
   b6622:	460b      	mov	r3, r1
   b6624:	461a      	mov	r2, r3
    for (; *s; ++s) {
   b6626:	f813 0b01 	ldrb.w	r0, [r3], #1
   b662a:	b160      	cbz	r0, b6646 <_ZN5spark16StreamLogHandler10logMessageEPKc8LogLevelS2_RK13LogAttributes+0xc6>
        if (*s == ' ') {
   b662c:	2820      	cmp	r0, #32
   b662e:	d108      	bne.n	b6642 <_ZN5spark16StreamLogHandler10logMessageEPKc8LogLevelS2_RK13LogAttributes+0xc2>
            s1 = s + 1; // Skip return type
   b6630:	4619      	mov	r1, r3
   b6632:	e7f7      	b.n	b6624 <_ZN5spark16StreamLogHandler10logMessageEPKc8LogLevelS2_RK13LogAttributes+0xa4>
    if (stream_ == &Serial && Network.listening()) {
   b6634:	4834      	ldr	r0, [pc, #208]	; (b6708 <_ZN5spark16StreamLogHandler10logMessageEPKc8LogLevelS2_RK13LogAttributes+0x188>)
   b6636:	f000 fe4c 	bl	b72d2 <_ZN5spark12NetworkClass9listeningEv>
   b663a:	2800      	cmp	r0, #0
   b663c:	d0ad      	beq.n	b659a <_ZN5spark16StreamLogHandler10logMessageEPKc8LogLevelS2_RK13LogAttributes+0x1a>
}
   b663e:	e8bd 87f0 	ldmia.w	sp!, {r4, r5, r6, r7, r8, r9, sl, pc}
        } else if (*s == '(') {
   b6642:	2828      	cmp	r0, #40	; 0x28
   b6644:	d1ee      	bne.n	b6624 <_ZN5spark16StreamLogHandler10logMessageEPKc8LogLevelS2_RK13LogAttributes+0xa4>
        write(s, n);
   b6646:	6823      	ldr	r3, [r4, #0]
   b6648:	1a52      	subs	r2, r2, r1
   b664a:	68db      	ldr	r3, [r3, #12]
   b664c:	4620      	mov	r0, r4
   b664e:	4798      	blx	r3
        write("(): ", 4);
   b6650:	6823      	ldr	r3, [r4, #0]
   b6652:	492e      	ldr	r1, [pc, #184]	; (b670c <_ZN5spark16StreamLogHandler10logMessageEPKc8LogLevelS2_RK13LogAttributes+0x18c>)
   b6654:	68db      	ldr	r3, [r3, #12]
   b6656:	2204      	movs	r2, #4
   b6658:	4620      	mov	r0, r4
   b665a:	4798      	blx	r3
    return log_level_name(level, nullptr);
   b665c:	2100      	movs	r1, #0
   b665e:	4638      	mov	r0, r7
   b6660:	f7fe fde6 	bl	b5230 <log_level_name>
   b6664:	4601      	mov	r1, r0
    write(s);
   b6666:	4620      	mov	r0, r4
   b6668:	f7ff f9e9 	bl	b5a3e <_ZN5spark16StreamLogHandler5writeEPKc>
    write(": ", 2);
   b666c:	6823      	ldr	r3, [r4, #0]
   b666e:	4925      	ldr	r1, [pc, #148]	; (b6704 <_ZN5spark16StreamLogHandler10logMessageEPKc8LogLevelS2_RK13LogAttributes+0x184>)
   b6670:	68db      	ldr	r3, [r3, #12]
   b6672:	2202      	movs	r2, #2
   b6674:	4620      	mov	r0, r4
   b6676:	4798      	blx	r3
    if (msg) {
   b6678:	b11e      	cbz	r6, b6682 <_ZN5spark16StreamLogHandler10logMessageEPKc8LogLevelS2_RK13LogAttributes+0x102>
        write(msg);
   b667a:	4631      	mov	r1, r6
   b667c:	4620      	mov	r0, r4
   b667e:	f7ff f9de 	bl	b5a3e <_ZN5spark16StreamLogHandler5writeEPKc>
    if (attr.has_code || attr.has_details) {
   b6682:	792b      	ldrb	r3, [r5, #4]
   b6684:	f013 0f30 	tst.w	r3, #48	; 0x30
   b6688:	d02c      	beq.n	b66e4 <_ZN5spark16StreamLogHandler10logMessageEPKc8LogLevelS2_RK13LogAttributes+0x164>
        write(" [", 2);
   b668a:	6823      	ldr	r3, [r4, #0]
   b668c:	4920      	ldr	r1, [pc, #128]	; (b6710 <_ZN5spark16StreamLogHandler10logMessageEPKc8LogLevelS2_RK13LogAttributes+0x190>)
   b668e:	68db      	ldr	r3, [r3, #12]
   b6690:	2202      	movs	r2, #2
   b6692:	4620      	mov	r0, r4
   b6694:	4798      	blx	r3
        if (attr.has_code) {
   b6696:	792b      	ldrb	r3, [r5, #4]
   b6698:	06d9      	lsls	r1, r3, #27
   b669a:	d50a      	bpl.n	b66b2 <_ZN5spark16StreamLogHandler10logMessageEPKc8LogLevelS2_RK13LogAttributes+0x132>
            write("code = ", 7);
   b669c:	6823      	ldr	r3, [r4, #0]
   b669e:	491d      	ldr	r1, [pc, #116]	; (b6714 <_ZN5spark16StreamLogHandler10logMessageEPKc8LogLevelS2_RK13LogAttributes+0x194>)
   b66a0:	68db      	ldr	r3, [r3, #12]
   b66a2:	2207      	movs	r2, #7
   b66a4:	4620      	mov	r0, r4
   b66a6:	4798      	blx	r3
            printf("%" PRIiPTR, (intptr_t)attr.code);
   b66a8:	69aa      	ldr	r2, [r5, #24]
   b66aa:	491b      	ldr	r1, [pc, #108]	; (b6718 <_ZN5spark16StreamLogHandler10logMessageEPKc8LogLevelS2_RK13LogAttributes+0x198>)
   b66ac:	4620      	mov	r0, r4
   b66ae:	f7ff fa46 	bl	b5b3e <_ZN5spark16StreamLogHandler6printfEPKcz>
        if (attr.has_details) {
   b66b2:	792b      	ldrb	r3, [r5, #4]
   b66b4:	069a      	lsls	r2, r3, #26
   b66b6:	d511      	bpl.n	b66dc <_ZN5spark16StreamLogHandler10logMessageEPKc8LogLevelS2_RK13LogAttributes+0x15c>
            if (attr.has_code) {
   b66b8:	06db      	lsls	r3, r3, #27
   b66ba:	d505      	bpl.n	b66c8 <_ZN5spark16StreamLogHandler10logMessageEPKc8LogLevelS2_RK13LogAttributes+0x148>
                write(", ", 2);
   b66bc:	6823      	ldr	r3, [r4, #0]
   b66be:	4910      	ldr	r1, [pc, #64]	; (b6700 <_ZN5spark16StreamLogHandler10logMessageEPKc8LogLevelS2_RK13LogAttributes+0x180>)
   b66c0:	68db      	ldr	r3, [r3, #12]
   b66c2:	2202      	movs	r2, #2
   b66c4:	4620      	mov	r0, r4
   b66c6:	4798      	blx	r3
            write("details = ", 10);
   b66c8:	6823      	ldr	r3, [r4, #0]
   b66ca:	4914      	ldr	r1, [pc, #80]	; (b671c <_ZN5spark16StreamLogHandler10logMessageEPKc8LogLevelS2_RK13LogAttributes+0x19c>)
   b66cc:	68db      	ldr	r3, [r3, #12]
   b66ce:	4620      	mov	r0, r4
   b66d0:	220a      	movs	r2, #10
   b66d2:	4798      	blx	r3
            write(attr.details);
   b66d4:	69e9      	ldr	r1, [r5, #28]
   b66d6:	4620      	mov	r0, r4
   b66d8:	f7ff f9b1 	bl	b5a3e <_ZN5spark16StreamLogHandler5writeEPKc>
        write(']');
   b66dc:	215d      	movs	r1, #93	; 0x5d
   b66de:	4620      	mov	r0, r4
   b66e0:	f7ff f9bc 	bl	b5a5c <_ZN5spark16StreamLogHandler5writeEc>
    write("\r\n", 2);
   b66e4:	6823      	ldr	r3, [r4, #0]
   b66e6:	490e      	ldr	r1, [pc, #56]	; (b6720 <_ZN5spark16StreamLogHandler10logMessageEPKc8LogLevelS2_RK13LogAttributes+0x1a0>)
   b66e8:	68db      	ldr	r3, [r3, #12]
   b66ea:	4620      	mov	r0, r4
   b66ec:	2202      	movs	r2, #2
}
   b66ee:	e8bd 47f0 	ldmia.w	sp!, {r4, r5, r6, r7, r8, r9, sl, lr}
    write("\r\n", 2);
   b66f2:	4718      	bx	r3
   b66f4:	000b796d 	.word	0x000b796d
   b66f8:	000b7974 	.word	0x000b7974
   b66fc:	000b7977 	.word	0x000b7977
   b6700:	000b797a 	.word	0x000b797a
   b6704:	000b797f 	.word	0x000b797f
   b6708:	2003dfc0 	.word	0x2003dfc0
   b670c:	000b797d 	.word	0x000b797d
   b6710:	000b7982 	.word	0x000b7982
   b6714:	000b7985 	.word	0x000b7985
   b6718:	000b798d 	.word	0x000b798d
   b671c:	000b7990 	.word	0x000b7990
   b6720:	000b799b 	.word	0x000b799b

000b6724 <_ZN5spark16StreamLogHandler5writeEPKcj>:
void spark::StreamLogHandler::write(const char *data, size_t size) {
   b6724:	e92d 41f0 	stmdb	sp!, {r4, r5, r6, r7, r8, lr}
   b6728:	4604      	mov	r4, r0
    if (stream_ == &Serial && Network.listening()) {
   b672a:	6a07      	ldr	r7, [r0, #32]
void spark::StreamLogHandler::write(const char *data, size_t size) {
   b672c:	460d      	mov	r5, r1
   b672e:	4616      	mov	r6, r2
    if (stream_ == &Serial && Network.listening()) {
   b6730:	f000 fa58 	bl	b6be4 <_Z16_fetch_usbserialv>
   b6734:	4287      	cmp	r7, r0
   b6736:	d007      	beq.n	b6748 <_ZN5spark16StreamLogHandler5writeEPKcj+0x24>
    stream_->write((const uint8_t*)data, size);
   b6738:	6a20      	ldr	r0, [r4, #32]
   b673a:	6803      	ldr	r3, [r0, #0]
   b673c:	4632      	mov	r2, r6
   b673e:	4629      	mov	r1, r5
   b6740:	68db      	ldr	r3, [r3, #12]
}
   b6742:	e8bd 41f0 	ldmia.w	sp!, {r4, r5, r6, r7, r8, lr}
    stream_->write((const uint8_t*)data, size);
   b6746:	4718      	bx	r3
    if (stream_ == &Serial && Network.listening()) {
   b6748:	4803      	ldr	r0, [pc, #12]	; (b6758 <_ZN5spark16StreamLogHandler5writeEPKcj+0x34>)
   b674a:	f000 fdc2 	bl	b72d2 <_ZN5spark12NetworkClass9listeningEv>
   b674e:	2800      	cmp	r0, #0
   b6750:	d0f2      	beq.n	b6738 <_ZN5spark16StreamLogHandler5writeEPKcj+0x14>
}
   b6752:	e8bd 81f0 	ldmia.w	sp!, {r4, r5, r6, r7, r8, pc}
   b6756:	bf00      	nop
   b6758:	2003dfc0 	.word	0x2003dfc0

000b675c <_ZN5spark20JSONStreamLogHandler10logMessageEPKc8LogLevelS2_RK13LogAttributes>:
void spark::JSONStreamLogHandler::logMessage(const char *msg, LogLevel level, const char *category, const LogAttributes &attr) {
   b675c:	e92d 43f0 	stmdb	sp!, {r4, r5, r6, r7, r8, r9, lr}
   b6760:	b085      	sub	sp, #20
    return stream_;
   b6762:	f8d0 9020 	ldr.w	r9, [r0, #32]
   b6766:	9c0c      	ldr	r4, [sp, #48]	; 0x30
   b6768:	4605      	mov	r5, r0
   b676a:	460f      	mov	r7, r1
   b676c:	4690      	mov	r8, r2
   b676e:	461e      	mov	r6, r3
    if (this->stream() == &Serial && Network.listening()) {
   b6770:	f000 fa38 	bl	b6be4 <_Z16_fetch_usbserialv>
   b6774:	4581      	cmp	r9, r0
   b6776:	d105      	bne.n	b6784 <_ZN5spark20JSONStreamLogHandler10logMessageEPKc8LogLevelS2_RK13LogAttributes+0x28>
   b6778:	4849      	ldr	r0, [pc, #292]	; (b68a0 <_ZN5spark20JSONStreamLogHandler10logMessageEPKc8LogLevelS2_RK13LogAttributes+0x144>)
   b677a:	f000 fdaa 	bl	b72d2 <_ZN5spark12NetworkClass9listeningEv>
   b677e:	2800      	cmp	r0, #0
   b6780:	f040 808a 	bne.w	b6898 <_ZN5spark20JSONStreamLogHandler10logMessageEPKc8LogLevelS2_RK13LogAttributes+0x13c>
   b6784:	6a2b      	ldr	r3, [r5, #32]
        bytesWritten_(0) {
   b6786:	4a47      	ldr	r2, [pc, #284]	; (b68a4 <_ZN5spark20JSONStreamLogHandler10logMessageEPKc8LogLevelS2_RK13LogAttributes+0x148>)
   b6788:	9200      	str	r2, [sp, #0]
        state_(BEGIN) {
   b678a:	f04f 0900 	mov.w	r9, #0
    json.beginObject();
   b678e:	4668      	mov	r0, sp
        bytesWritten_(0) {
   b6790:	e9cd 3902 	strd	r3, r9, [sp, #8]
        state_(BEGIN) {
   b6794:	f88d 9004 	strb.w	r9, [sp, #4]
   b6798:	f000 fb73 	bl	b6e82 <_ZN5spark10JSONWriter11beginObjectEv>
    return log_level_name(level, nullptr);
   b679c:	4649      	mov	r1, r9
   b679e:	4640      	mov	r0, r8
   b67a0:	f7fe fd46 	bl	b5230 <log_level_name>
    json.name("l", 1).value(s);
   b67a4:	4940      	ldr	r1, [pc, #256]	; (b68a8 <_ZN5spark20JSONStreamLogHandler10logMessageEPKc8LogLevelS2_RK13LogAttributes+0x14c>)
   b67a6:	4680      	mov	r8, r0
   b67a8:	2201      	movs	r2, #1
   b67aa:	4668      	mov	r0, sp
   b67ac:	f000 fbf8 	bl	b6fa0 <_ZN5spark10JSONWriter4nameEPKcj>
   b67b0:	4641      	mov	r1, r8
   b67b2:	f7ff f936 	bl	b5a22 <_ZN5spark10JSONWriter5valueEPKc>
    if (msg) {
   b67b6:	b13f      	cbz	r7, b67c8 <_ZN5spark20JSONStreamLogHandler10logMessageEPKc8LogLevelS2_RK13LogAttributes+0x6c>
        json.name("m", 1).value(msg);
   b67b8:	493c      	ldr	r1, [pc, #240]	; (b68ac <_ZN5spark20JSONStreamLogHandler10logMessageEPKc8LogLevelS2_RK13LogAttributes+0x150>)
   b67ba:	2201      	movs	r2, #1
   b67bc:	4668      	mov	r0, sp
   b67be:	f000 fbef 	bl	b6fa0 <_ZN5spark10JSONWriter4nameEPKcj>
   b67c2:	4639      	mov	r1, r7
   b67c4:	f7ff f92d 	bl	b5a22 <_ZN5spark10JSONWriter5valueEPKc>
    if (category) {
   b67c8:	b13e      	cbz	r6, b67da <_ZN5spark20JSONStreamLogHandler10logMessageEPKc8LogLevelS2_RK13LogAttributes+0x7e>
        json.name("c", 1).value(category);
   b67ca:	4939      	ldr	r1, [pc, #228]	; (b68b0 <_ZN5spark20JSONStreamLogHandler10logMessageEPKc8LogLevelS2_RK13LogAttributes+0x154>)
   b67cc:	2201      	movs	r2, #1
   b67ce:	4668      	mov	r0, sp
   b67d0:	f000 fbe6 	bl	b6fa0 <_ZN5spark10JSONWriter4nameEPKcj>
   b67d4:	4631      	mov	r1, r6
   b67d6:	f7ff f924 	bl	b5a22 <_ZN5spark10JSONWriter5valueEPKc>
    if (attr.has_file) {
   b67da:	7923      	ldrb	r3, [r4, #4]
   b67dc:	07df      	lsls	r7, r3, #31
   b67de:	d50e      	bpl.n	b67fe <_ZN5spark20JSONStreamLogHandler10logMessageEPKc8LogLevelS2_RK13LogAttributes+0xa2>
        s = extractFileName(attr.file); // Strip directory path
   b67e0:	68a6      	ldr	r6, [r4, #8]
    const char *s1 = strrchr(s, '/');
   b67e2:	212f      	movs	r1, #47	; 0x2f
   b67e4:	4630      	mov	r0, r6
   b67e6:	f000 ff3e 	bl	b7666 <strrchr>
    if (s1) {
   b67ea:	b100      	cbz	r0, b67ee <_ZN5spark20JSONStreamLogHandler10logMessageEPKc8LogLevelS2_RK13LogAttributes+0x92>
        return s1 + 1;
   b67ec:	1c46      	adds	r6, r0, #1
        json.name("f", 1).value(s);
   b67ee:	4931      	ldr	r1, [pc, #196]	; (b68b4 <_ZN5spark20JSONStreamLogHandler10logMessageEPKc8LogLevelS2_RK13LogAttributes+0x158>)
   b67f0:	2201      	movs	r2, #1
   b67f2:	4668      	mov	r0, sp
   b67f4:	f000 fbd4 	bl	b6fa0 <_ZN5spark10JSONWriter4nameEPKcj>
   b67f8:	4631      	mov	r1, r6
   b67fa:	f7ff f912 	bl	b5a22 <_ZN5spark10JSONWriter5valueEPKc>
    if (attr.has_line) {
   b67fe:	7923      	ldrb	r3, [r4, #4]
   b6800:	079e      	lsls	r6, r3, #30
   b6802:	d507      	bpl.n	b6814 <_ZN5spark20JSONStreamLogHandler10logMessageEPKc8LogLevelS2_RK13LogAttributes+0xb8>
        json.name("ln", 2).value(attr.line);
   b6804:	492c      	ldr	r1, [pc, #176]	; (b68b8 <_ZN5spark20JSONStreamLogHandler10logMessageEPKc8LogLevelS2_RK13LogAttributes+0x15c>)
   b6806:	2202      	movs	r2, #2
   b6808:	4668      	mov	r0, sp
   b680a:	f000 fbc9 	bl	b6fa0 <_ZN5spark10JSONWriter4nameEPKcj>
   b680e:	68e1      	ldr	r1, [r4, #12]
   b6810:	f000 fb44 	bl	b6e9c <_ZN5spark10JSONWriter5valueEi>
    if (attr.has_function) {
   b6814:	7923      	ldrb	r3, [r4, #4]
   b6816:	0758      	lsls	r0, r3, #29
   b6818:	d514      	bpl.n	b6844 <_ZN5spark20JSONStreamLogHandler10logMessageEPKc8LogLevelS2_RK13LogAttributes+0xe8>
        s = extractFuncName(attr.function, &n); // Strip argument and return types
   b681a:	6926      	ldr	r6, [r4, #16]
const char* extractFuncName(const char *s, size_t *size) {
   b681c:	4633      	mov	r3, r6
   b681e:	461f      	mov	r7, r3
    for (; *s; ++s) {
   b6820:	f813 2b01 	ldrb.w	r2, [r3], #1
   b6824:	b12a      	cbz	r2, b6832 <_ZN5spark20JSONStreamLogHandler10logMessageEPKc8LogLevelS2_RK13LogAttributes+0xd6>
        if (*s == ' ') {
   b6826:	2a20      	cmp	r2, #32
   b6828:	d101      	bne.n	b682e <_ZN5spark20JSONStreamLogHandler10logMessageEPKc8LogLevelS2_RK13LogAttributes+0xd2>
            s1 = s + 1; // Skip return type
   b682a:	461e      	mov	r6, r3
   b682c:	e7f7      	b.n	b681e <_ZN5spark20JSONStreamLogHandler10logMessageEPKc8LogLevelS2_RK13LogAttributes+0xc2>
        } else if (*s == '(') {
   b682e:	2a28      	cmp	r2, #40	; 0x28
   b6830:	d1f5      	bne.n	b681e <_ZN5spark20JSONStreamLogHandler10logMessageEPKc8LogLevelS2_RK13LogAttributes+0xc2>
        json.name("fn", 2).value(s, n);
   b6832:	4922      	ldr	r1, [pc, #136]	; (b68bc <_ZN5spark20JSONStreamLogHandler10logMessageEPKc8LogLevelS2_RK13LogAttributes+0x160>)
   b6834:	2202      	movs	r2, #2
   b6836:	4668      	mov	r0, sp
   b6838:	f000 fbb2 	bl	b6fa0 <_ZN5spark10JSONWriter4nameEPKcj>
   b683c:	1bba      	subs	r2, r7, r6
   b683e:	4631      	mov	r1, r6
   b6840:	f000 fbbe 	bl	b6fc0 <_ZN5spark10JSONWriter5valueEPKcj>
    if (attr.has_time) {
   b6844:	7923      	ldrb	r3, [r4, #4]
   b6846:	0719      	lsls	r1, r3, #28
   b6848:	d507      	bpl.n	b685a <_ZN5spark20JSONStreamLogHandler10logMessageEPKc8LogLevelS2_RK13LogAttributes+0xfe>
        json.name("t", 1).value((unsigned)attr.time);
   b684a:	491d      	ldr	r1, [pc, #116]	; (b68c0 <_ZN5spark20JSONStreamLogHandler10logMessageEPKc8LogLevelS2_RK13LogAttributes+0x164>)
   b684c:	2201      	movs	r2, #1
   b684e:	4668      	mov	r0, sp
   b6850:	f000 fba6 	bl	b6fa0 <_ZN5spark10JSONWriter4nameEPKcj>
   b6854:	6961      	ldr	r1, [r4, #20]
   b6856:	f000 fb33 	bl	b6ec0 <_ZN5spark10JSONWriter5valueEj>
    if (attr.has_code) {
   b685a:	7923      	ldrb	r3, [r4, #4]
   b685c:	06da      	lsls	r2, r3, #27
   b685e:	d507      	bpl.n	b6870 <_ZN5spark20JSONStreamLogHandler10logMessageEPKc8LogLevelS2_RK13LogAttributes+0x114>
        json.name("code", 4).value((int)attr.code);
   b6860:	4918      	ldr	r1, [pc, #96]	; (b68c4 <_ZN5spark20JSONStreamLogHandler10logMessageEPKc8LogLevelS2_RK13LogAttributes+0x168>)
   b6862:	2204      	movs	r2, #4
   b6864:	4668      	mov	r0, sp
   b6866:	f000 fb9b 	bl	b6fa0 <_ZN5spark10JSONWriter4nameEPKcj>
   b686a:	69a1      	ldr	r1, [r4, #24]
   b686c:	f000 fb16 	bl	b6e9c <_ZN5spark10JSONWriter5valueEi>
    if (attr.has_details) {
   b6870:	7923      	ldrb	r3, [r4, #4]
   b6872:	069b      	lsls	r3, r3, #26
   b6874:	d507      	bpl.n	b6886 <_ZN5spark20JSONStreamLogHandler10logMessageEPKc8LogLevelS2_RK13LogAttributes+0x12a>
        json.name("detail", 6).value(attr.details);
   b6876:	4914      	ldr	r1, [pc, #80]	; (b68c8 <_ZN5spark20JSONStreamLogHandler10logMessageEPKc8LogLevelS2_RK13LogAttributes+0x16c>)
   b6878:	2206      	movs	r2, #6
   b687a:	4668      	mov	r0, sp
   b687c:	f000 fb90 	bl	b6fa0 <_ZN5spark10JSONWriter4nameEPKcj>
   b6880:	69e1      	ldr	r1, [r4, #28]
   b6882:	f7ff f8ce 	bl	b5a22 <_ZN5spark10JSONWriter5valueEPKc>
    json.endObject();
   b6886:	4668      	mov	r0, sp
   b6888:	f000 fae5 	bl	b6e56 <_ZN5spark10JSONWriter9endObjectEv>
    return stream_;
   b688c:	6a28      	ldr	r0, [r5, #32]
    this->stream()->write((const uint8_t*)"\r\n", 2);
   b688e:	490f      	ldr	r1, [pc, #60]	; (b68cc <_ZN5spark20JSONStreamLogHandler10logMessageEPKc8LogLevelS2_RK13LogAttributes+0x170>)
   b6890:	6803      	ldr	r3, [r0, #0]
   b6892:	2202      	movs	r2, #2
   b6894:	68db      	ldr	r3, [r3, #12]
   b6896:	4798      	blx	r3
}
   b6898:	b005      	add	sp, #20
   b689a:	e8bd 83f0 	ldmia.w	sp!, {r4, r5, r6, r7, r8, r9, pc}
   b689e:	bf00      	nop
   b68a0:	2003dfc0 	.word	0x2003dfc0
   b68a4:	000b7930 	.word	0x000b7930
   b68a8:	000b794a 	.word	0x000b794a
   b68ac:	000b7833 	.word	0x000b7833
   b68b0:	000b7c0f 	.word	0x000b7c0f
   b68b4:	000b799e 	.word	0x000b799e
   b68b8:	000b79a0 	.word	0x000b79a0
   b68bc:	000b79a3 	.word	0x000b79a3
   b68c0:	000b79a6 	.word	0x000b79a6
   b68c4:	000b79a8 	.word	0x000b79a8
   b68c8:	000b79ad 	.word	0x000b79ad
   b68cc:	000b799b 	.word	0x000b799b

000b68d0 <_GLOBAL__sub_I_TIME_FORMAT_DEFAULT>:
            calendar_time_cache = Convert_UnixTime_To_CalendarTime(unix_time);
            unix_time_cache = unix_time;
    }
}

const char* TimeClass::format_spec = TIME_FORMAT_DEFAULT;
   b68d0:	4b02      	ldr	r3, [pc, #8]	; (b68dc <_GLOBAL__sub_I_TIME_FORMAT_DEFAULT+0xc>)
   b68d2:	681a      	ldr	r2, [r3, #0]
   b68d4:	4b02      	ldr	r3, [pc, #8]	; (b68e0 <_GLOBAL__sub_I_TIME_FORMAT_DEFAULT+0x10>)
   b68d6:	601a      	str	r2, [r3, #0]
{
  return isValid();
}


TimeClass Time;
   b68d8:	4770      	bx	lr
   b68da:	bf00      	nop
   b68dc:	2003de2c 	.word	0x2003de2c
   b68e0:	2003df48 	.word	0x2003df48

000b68e4 <delay>:
    return (value - fromStart) * (toEnd - toStart) / (fromEnd - fromStart) + toStart;
}

void delay(unsigned long ms)
{
    system_delay_ms(ms, false);
   b68e4:	2100      	movs	r1, #0
   b68e6:	f7fe bcc5 	b.w	b5274 <system_delay_ms>
	...

000b68ec <_GLOBAL__sub_I_RGB>:
	static void
	_M_init_functor(_Any_data& __functor, _Functor&& __f, false_type)
	{ __functor._M_access<_Functor*>() = new _Functor(std::move(__f)); }
      };

    _Function_base() : _M_manager(nullptr) { }
   b68ec:	4b01      	ldr	r3, [pc, #4]	; (b68f4 <_GLOBAL__sub_I_RGB+0x8>)
   b68ee:	2200      	movs	r2, #0
   b68f0:	609a      	str	r2, [r3, #8]
{
    RGBClass* const d = static_cast<RGBClass*>(data);
    if (d->changeHandler_) {
        d->changeHandler_(r, g, b);
    }
}
   b68f2:	4770      	bx	lr
   b68f4:	2003df4c 	.word	0x2003df4c

000b68f8 <_ZZ21module_user_init_hookENUlP6_reentjmPvE_4_FUNES0_jmS1_>:

void module_user_init_hook()
{
#if HAL_PLATFORM_NEWLIB
    newlib_impure_ptr_callback([](struct _reent* r, size_t size, uint32_t version, void* ctx) -> void {
        _impure_ptr = r;
   b68f8:	4b01      	ldr	r3, [pc, #4]	; (b6900 <_ZZ21module_user_init_hookENUlP6_reentjmPvE_4_FUNES0_jmS1_+0x8>)
   b68fa:	6018      	str	r0, [r3, #0]
    }, nullptr);
   b68fc:	4770      	bx	lr
   b68fe:	bf00      	nop
   b6900:	2003de30 	.word	0x2003de30

000b6904 <serialEventRun>:
{
   b6904:	b508      	push	{r3, lr}
    if (serialEvent && Serial.available()>0)
   b6906:	4b0b      	ldr	r3, [pc, #44]	; (b6934 <serialEventRun+0x30>)
   b6908:	b143      	cbz	r3, b691c <serialEventRun+0x18>
   b690a:	f000 f96b 	bl	b6be4 <_Z16_fetch_usbserialv>
   b690e:	6803      	ldr	r3, [r0, #0]
   b6910:	691b      	ldr	r3, [r3, #16]
   b6912:	4798      	blx	r3
   b6914:	2800      	cmp	r0, #0
   b6916:	dd01      	ble.n	b691c <serialEventRun+0x18>
        serialEvent();
   b6918:	f3af 8000 	nop.w
    if (serialEvent1 && Serial1.available()>0)
   b691c:	4b06      	ldr	r3, [pc, #24]	; (b6938 <serialEventRun+0x34>)
   b691e:	b143      	cbz	r3, b6932 <serialEventRun+0x2e>
   b6920:	f000 fd9a 	bl	b7458 <_Z22__fetch_global_Serial1v>
   b6924:	6803      	ldr	r3, [r0, #0]
   b6926:	691b      	ldr	r3, [r3, #16]
   b6928:	4798      	blx	r3
   b692a:	2800      	cmp	r0, #0
   b692c:	dd01      	ble.n	b6932 <serialEventRun+0x2e>
        serialEvent1();
   b692e:	f3af 8000 	nop.w
}
   b6932:	bd08      	pop	{r3, pc}
	...

000b693c <_post_loop>:
{
   b693c:	b508      	push	{r3, lr}
	serialEventRun();
   b693e:	f7ff ffe1 	bl	b6904 <serialEventRun>
		return !thread || !thread->isRunning();
	}

	static inline system_tick_t current_time()
	{
		return HAL_Timer_Get_Milli_Seconds();
   b6942:	f7fe fb65 	bl	b5010 <HAL_Timer_Get_Milli_Seconds>
	/**
	 * Lifesign that the application is still working normally.
	 */
	static void checkin()
	{
		last_checkin = current_time();
   b6946:	4b01      	ldr	r3, [pc, #4]	; (b694c <_post_loop+0x10>)
   b6948:	6018      	str	r0, [r3, #0]
}
   b694a:	bd08      	pop	{r3, pc}
   b694c:	2003dfe0 	.word	0x2003dfe0

000b6950 <_Z33system_initialize_user_backup_ramv>:
    memcpy(&link_global_retained_start, &link_global_retained_initial_values, len);
   b6950:	4805      	ldr	r0, [pc, #20]	; (b6968 <_Z33system_initialize_user_backup_ramv+0x18>)
   b6952:	4a06      	ldr	r2, [pc, #24]	; (b696c <_Z33system_initialize_user_backup_ramv+0x1c>)
   b6954:	4906      	ldr	r1, [pc, #24]	; (b6970 <_Z33system_initialize_user_backup_ramv+0x20>)
{
   b6956:	b508      	push	{r3, lr}
    memcpy(&link_global_retained_start, &link_global_retained_initial_values, len);
   b6958:	1a12      	subs	r2, r2, r0
   b695a:	f000 fdf3 	bl	b7544 <memcpy>
    __backup_sram_signature = signature;
   b695e:	4b05      	ldr	r3, [pc, #20]	; (b6974 <_Z33system_initialize_user_backup_ramv+0x24>)
   b6960:	4a05      	ldr	r2, [pc, #20]	; (b6978 <_Z33system_initialize_user_backup_ramv+0x28>)
   b6962:	601a      	str	r2, [r3, #0]
}
   b6964:	bd08      	pop	{r3, pc}
   b6966:	bf00      	nop
   b6968:	2003f400 	.word	0x2003f400
   b696c:	2003f404 	.word	0x2003f404
   b6970:	000b7dd8 	.word	0x000b7dd8
   b6974:	2003f400 	.word	0x2003f400
   b6978:	9a271c1e 	.word	0x9a271c1e

000b697c <_Z27ctrl_request_custom_handlerP12ctrl_request>:
void __attribute((weak)) ctrl_request_custom_handler(ctrl_request* req) {
   b697c:	b507      	push	{r0, r1, r2, lr}
    system_ctrl_set_result(req, SYSTEM_ERROR_NOT_SUPPORTED, nullptr, nullptr, nullptr);
   b697e:	2300      	movs	r3, #0
   b6980:	9300      	str	r3, [sp, #0]
   b6982:	461a      	mov	r2, r3
   b6984:	f06f 0177 	mvn.w	r1, #119	; 0x77
   b6988:	f7fe fc86 	bl	b5298 <system_ctrl_set_result>
}
   b698c:	b003      	add	sp, #12
   b698e:	f85d fb04 	ldr.w	pc, [sp], #4
	...

000b6994 <_ZL20ctrl_request_handlerP12ctrl_request>:
static void ctrl_request_handler(ctrl_request* req) {
   b6994:	b507      	push	{r0, r1, r2, lr}
    switch (req->type) {
   b6996:	8843      	ldrh	r3, [r0, #2]
   b6998:	2b0a      	cmp	r3, #10
   b699a:	d008      	beq.n	b69ae <_ZL20ctrl_request_handlerP12ctrl_request+0x1a>
   b699c:	2b50      	cmp	r3, #80	; 0x50
   b699e:	d10b      	bne.n	b69b8 <_ZL20ctrl_request_handlerP12ctrl_request+0x24>
        if (log_process_ctrl_request_callback) {
   b69a0:	4b09      	ldr	r3, [pc, #36]	; (b69c8 <_ZL20ctrl_request_handlerP12ctrl_request+0x34>)
   b69a2:	681b      	ldr	r3, [r3, #0]
   b69a4:	b14b      	cbz	r3, b69ba <_ZL20ctrl_request_handlerP12ctrl_request+0x26>
}
   b69a6:	b003      	add	sp, #12
   b69a8:	f85d eb04 	ldr.w	lr, [sp], #4
            log_process_ctrl_request_callback(req);
   b69ac:	4718      	bx	r3
        ctrl_request_custom_handler(req);
   b69ae:	f7ff ffe5 	bl	b697c <_Z27ctrl_request_custom_handlerP12ctrl_request>
}
   b69b2:	b003      	add	sp, #12
   b69b4:	f85d fb04 	ldr.w	pc, [sp], #4
        system_ctrl_set_result(req, SYSTEM_ERROR_NOT_SUPPORTED, nullptr, nullptr, nullptr);
   b69b8:	2300      	movs	r3, #0
   b69ba:	9300      	str	r3, [sp, #0]
   b69bc:	461a      	mov	r2, r3
   b69be:	f06f 0177 	mvn.w	r1, #119	; 0x77
   b69c2:	f7fe fc69 	bl	b5298 <system_ctrl_set_result>
}
   b69c6:	e7f4      	b.n	b69b2 <_ZL20ctrl_request_handlerP12ctrl_request+0x1e>
   b69c8:	2003df60 	.word	0x2003df60

000b69cc <module_user_init_hook>:
{
   b69cc:	b510      	push	{r4, lr}
    newlib_impure_ptr_callback([](struct _reent* r, size_t size, uint32_t version, void* ctx) -> void {
   b69ce:	4812      	ldr	r0, [pc, #72]	; (b6a18 <module_user_init_hook+0x4c>)
   b69d0:	2100      	movs	r1, #0
   b69d2:	f7fe fd13 	bl	b53fc <newlib_impure_ptr_callback>
#endif // HAL_PLATFORM_NEWLIB

#if HAL_PLATFORM_BACKUP_RAM
    backup_ram_was_valid_ = __backup_sram_signature == signature;
   b69d6:	4b11      	ldr	r3, [pc, #68]	; (b6a1c <module_user_init_hook+0x50>)
   b69d8:	681a      	ldr	r2, [r3, #0]
   b69da:	4b11      	ldr	r3, [pc, #68]	; (b6a20 <module_user_init_hook+0x54>)
   b69dc:	429a      	cmp	r2, r3
   b69de:	4b11      	ldr	r3, [pc, #68]	; (b6a24 <module_user_init_hook+0x58>)
   b69e0:	bf0c      	ite	eq
   b69e2:	2201      	moveq	r2, #1
   b69e4:	2200      	movne	r2, #0
   b69e6:	701a      	strb	r2, [r3, #0]
    if (!backup_ram_was_valid_) {
   b69e8:	d001      	beq.n	b69ee <module_user_init_hook+0x22>
        system_initialize_user_backup_ram();
   b69ea:	f7ff ffb1 	bl	b6950 <_Z33system_initialize_user_backup_ramv>
    }
#endif

#if HAL_PLATFORM_RNG
    // Initialize the default stdlib PRNG using hardware RNG as a seed
    const uint32_t seed = HAL_RNG_GetRandomNumber();
   b69ee:	f7fe fb07 	bl	b5000 <HAL_RNG_GetRandomNumber>
   b69f2:	4604      	mov	r4, r0
    srand(seed);
   b69f4:	f000 fdd6 	bl	b75a4 <srand>

    // If the user defines random_seed_from_cloud, call it with a seed value
    // generated by a hardware RNG as well.
    if (random_seed_from_cloud) {
   b69f8:	4b0b      	ldr	r3, [pc, #44]	; (b6a28 <module_user_init_hook+0x5c>)
   b69fa:	b113      	cbz	r3, b6a02 <module_user_init_hook+0x36>
        random_seed_from_cloud(seed);
   b69fc:	4620      	mov	r0, r4
   b69fe:	f3af 8000 	nop.w
    }
#endif
    // Register the random_seed_from_cloud handler
    spark_set_random_seed_from_cloud_handler(&random_seed_from_cloud, nullptr);
   b6a02:	2100      	movs	r1, #0
   b6a04:	4808      	ldr	r0, [pc, #32]	; (b6a28 <module_user_init_hook+0x5c>)
   b6a06:	f7fe fcc1 	bl	b538c <spark_set_random_seed_from_cloud_handler>

    // Register application handler for the control requests
    system_ctrl_set_app_request_handler(ctrl_request_handler, nullptr);
}
   b6a0a:	e8bd 4010 	ldmia.w	sp!, {r4, lr}
    system_ctrl_set_app_request_handler(ctrl_request_handler, nullptr);
   b6a0e:	4807      	ldr	r0, [pc, #28]	; (b6a2c <module_user_init_hook+0x60>)
   b6a10:	2100      	movs	r1, #0
   b6a12:	f7fe bc37 	b.w	b5284 <system_ctrl_set_app_request_handler>
   b6a16:	bf00      	nop
   b6a18:	000b68f9 	.word	0x000b68f9
   b6a1c:	2003f400 	.word	0x2003f400
   b6a20:	9a271c1e 	.word	0x9a271c1e
   b6a24:	2003df5c 	.word	0x2003df5c
   b6a28:	00000000 	.word	0x00000000
   b6a2c:	000b6995 	.word	0x000b6995

000b6a30 <_ZN9IPAddressD1Ev>:
    IPAddress(uint32_t address);
    // 4 bytes defining the IP address in network order
    IPAddress(const uint8_t* address);
    IPAddress(const HAL_IPAddress& address);

    virtual ~IPAddress() {}
   b6a30:	4770      	bx	lr

000b6a32 <_ZN9IPAddressD0Ev>:
   b6a32:	b510      	push	{r4, lr}
   b6a34:	2118      	movs	r1, #24
   b6a36:	4604      	mov	r4, r0
   b6a38:	f7fd ff61 	bl	b48fe <_ZdlPvj>
   b6a3c:	4620      	mov	r0, r4
   b6a3e:	bd10      	pop	{r4, pc}

000b6a40 <_ZNK9IPAddress7printToER5Print>:
#endif // Wiring_IPv6
	return address.ipv4==that.address.ipv4;
}

size_t IPAddress::printTo(Print& p) const
{
   b6a40:	b5f0      	push	{r4, r5, r6, r7, lr}
#if Wiring_IPv6
#if HAL_USE_INET_HAL_POSIX
	if (address.v==6) {
   b6a42:	7d03      	ldrb	r3, [r0, #20]
   b6a44:	2b06      	cmp	r3, #6
{
   b6a46:	b08d      	sub	sp, #52	; 0x34
   b6a48:	460e      	mov	r6, r1
		char buf[INET6_ADDRSTRLEN+1];
		buf[0] = 0;
		inet_inet_ntop(AF_INET6, address.ipv6, buf, sizeof(buf));
   b6a4a:	f100 0704 	add.w	r7, r0, #4
   b6a4e:	f04f 0400 	mov.w	r4, #0
	if (address.v==6) {
   b6a52:	d012      	beq.n	b6a7a <_ZNK9IPAddress7printToER5Print+0x3a>
   b6a54:	f100 0508 	add.w	r5, r0, #8
            val = n;
        }
#if __GNUC__ >= 9
#pragma GCC diagnostic pop
#endif // __GNUC__ >= 9
        return printNumber(val, base) + t;
   b6a58:	f815 1d01 	ldrb.w	r1, [r5, #-1]!
   b6a5c:	220a      	movs	r2, #10
   b6a5e:	4630      	mov	r0, r6
   b6a60:	f7fe ff4b 	bl	b58fa <_ZN5Print11printNumberEmh>
#else
#pragma message "HAL_USE_INET_HAL_POSIX is required for IPv6 support in IPAddress::printTo()"
#endif // HAL_USE_INET_HAL_POSIX
#endif // Wiring_IPv6
    size_t n = 0;
    for (int i = 0; i < 4; i++)
   b6a64:	42af      	cmp	r7, r5
    {
        if (n)
            n += p.print('.');
        n += p.print((*this)[i], DEC);
   b6a66:	4404      	add	r4, r0
    for (int i = 0; i < 4; i++)
   b6a68:	d019      	beq.n	b6a9e <_ZNK9IPAddress7printToER5Print+0x5e>
        if (n)
   b6a6a:	2c00      	cmp	r4, #0
   b6a6c:	d0f4      	beq.n	b6a58 <_ZNK9IPAddress7printToER5Print+0x18>
            n += p.print('.');
   b6a6e:	212e      	movs	r1, #46	; 0x2e
   b6a70:	4630      	mov	r0, r6
   b6a72:	f7fe ff3f 	bl	b58f4 <_ZN5Print5printEc>
   b6a76:	4404      	add	r4, r0
   b6a78:	e7ee      	b.n	b6a58 <_ZNK9IPAddress7printToER5Print+0x18>
		inet_inet_ntop(AF_INET6, address.ipv6, buf, sizeof(buf));
   b6a7a:	232f      	movs	r3, #47	; 0x2f
   b6a7c:	466a      	mov	r2, sp
   b6a7e:	4639      	mov	r1, r7
   b6a80:	200a      	movs	r0, #10
		buf[0] = 0;
   b6a82:	f88d 4000 	strb.w	r4, [sp]
		inet_inet_ntop(AF_INET6, address.ipv6, buf, sizeof(buf));
   b6a86:	f7fe faeb 	bl	b5060 <inet_inet_ntop>
      return write((const uint8_t *)str, strlen(str));
   b6a8a:	4668      	mov	r0, sp
   b6a8c:	f7fd fef0 	bl	b4870 <strlen>
   b6a90:	6833      	ldr	r3, [r6, #0]
   b6a92:	4602      	mov	r2, r0
   b6a94:	68db      	ldr	r3, [r3, #12]
   b6a96:	4669      	mov	r1, sp
   b6a98:	4630      	mov	r0, r6
   b6a9a:	4798      	blx	r3
   b6a9c:	4604      	mov	r4, r0
    }
    return n;
}
   b6a9e:	4620      	mov	r0, r4
   b6aa0:	b00d      	add	sp, #52	; 0x34
   b6aa2:	bdf0      	pop	{r4, r5, r6, r7, pc}

000b6aa4 <_ZN9IPAddressC1Ev>:
IPAddress::IPAddress()
   b6aa4:	b510      	push	{r4, lr}
   b6aa6:	4b05      	ldr	r3, [pc, #20]	; (b6abc <_ZN9IPAddressC1Ev+0x18>)
   b6aa8:	4604      	mov	r4, r0
        return address;
    }

    virtual size_t printTo(Print& p) const;

    void clear() { memset(&address, 0, sizeof (address)); }
   b6aaa:	2211      	movs	r2, #17
   b6aac:	f840 3b04 	str.w	r3, [r0], #4
   b6ab0:	2100      	movs	r1, #0
   b6ab2:	f000 fd6f 	bl	b7594 <memset>
}
   b6ab6:	4620      	mov	r0, r4
   b6ab8:	bd10      	pop	{r4, pc}
   b6aba:	bf00      	nop
   b6abc:	000b7a38 	.word	0x000b7a38

000b6ac0 <_ZN9IPAddressC1ERK16_HAL_IPAddress_t>:
IPAddress::IPAddress(const HAL_IPAddress& address)
   b6ac0:	4603      	mov	r3, r0
   b6ac2:	4a07      	ldr	r2, [pc, #28]	; (b6ae0 <_ZN9IPAddressC1ERK16_HAL_IPAddress_t+0x20>)
   b6ac4:	b510      	push	{r4, lr}
   b6ac6:	f843 2b04 	str.w	r2, [r3], #4
    memcpy(&this->address, &address, sizeof(address));
   b6aca:	f101 0210 	add.w	r2, r1, #16
   b6ace:	f851 4b04 	ldr.w	r4, [r1], #4
   b6ad2:	f843 4b04 	str.w	r4, [r3], #4
   b6ad6:	4291      	cmp	r1, r2
   b6ad8:	d1f9      	bne.n	b6ace <_ZN9IPAddressC1ERK16_HAL_IPAddress_t+0xe>
   b6ada:	780a      	ldrb	r2, [r1, #0]
   b6adc:	701a      	strb	r2, [r3, #0]
}
   b6ade:	bd10      	pop	{r4, pc}
   b6ae0:	000b7a38 	.word	0x000b7a38

000b6ae4 <_ZN9IPAddress8set_ipv4Ehhhh>:
{
   b6ae4:	b510      	push	{r4, lr}
    address.ipv4 = b0<<24 | b1 << 16 | b2 << 8 | b3;
   b6ae6:	f89d 4008 	ldrb.w	r4, [sp, #8]
   b6aea:	ea44 2303 	orr.w	r3, r4, r3, lsl #8
   b6aee:	ea43 4202 	orr.w	r2, r3, r2, lsl #16
   b6af2:	ea42 6101 	orr.w	r1, r2, r1, lsl #24
        address.v = version;
   b6af6:	2304      	movs	r3, #4
   b6af8:	6041      	str	r1, [r0, #4]
   b6afa:	7503      	strb	r3, [r0, #20]
}
   b6afc:	bd10      	pop	{r4, pc}
	...

000b6b00 <_ZN9IPAddressC1EPKh>:
IPAddress::IPAddress(const uint8_t* addr)
   b6b00:	b507      	push	{r0, r1, r2, lr}
   b6b02:	4b06      	ldr	r3, [pc, #24]	; (b6b1c <_ZN9IPAddressC1EPKh+0x1c>)
   b6b04:	6003      	str	r3, [r0, #0]
    set_ipv4(addr[0], addr[1], addr[2], addr[3]);
   b6b06:	78cb      	ldrb	r3, [r1, #3]
   b6b08:	9300      	str	r3, [sp, #0]
   b6b0a:	788b      	ldrb	r3, [r1, #2]
   b6b0c:	784a      	ldrb	r2, [r1, #1]
   b6b0e:	7809      	ldrb	r1, [r1, #0]
   b6b10:	f7ff ffe8 	bl	b6ae4 <_ZN9IPAddress8set_ipv4Ehhhh>
}
   b6b14:	b003      	add	sp, #12
   b6b16:	f85d fb04 	ldr.w	pc, [sp], #4
   b6b1a:	bf00      	nop
   b6b1c:	000b7a38 	.word	0x000b7a38

000b6b20 <_ZN9USBSerial14blockOnOverrunEb>:
  HAL_USB_USART_Flush_Data(_serial);
}

void USBSerial::blockOnOverrun(bool block)
{
  _blocking = block;
   b6b20:	7441      	strb	r1, [r0, #17]
}
   b6b22:	4770      	bx	lr

000b6b24 <__tcf_0>:
}

USBSerial& _fetch_usbserial()
{
  HAL_USB_USART_Config conf = acquireSerialBuffer();
	static USBSerial _usbserial(HAL_USB_USART_SERIAL, conf);
   b6b24:	4770      	bx	lr

000b6b26 <_ZN9USBSerialD1Ev>:
#include "usb_hal.h"
#include "system_task.h"
#include "spark_wiring_startup.h"
#include "concurrent_hal.h"

class USBSerial : public Stream
   b6b26:	4770      	bx	lr

000b6b28 <_ZN9USBSerial4readEv>:
{
   b6b28:	b508      	push	{r3, lr}
	return std::max(-1, (int)HAL_USB_USART_Receive_Data(_serial, false));
   b6b2a:	2100      	movs	r1, #0
   b6b2c:	7c00      	ldrb	r0, [r0, #16]
   b6b2e:	f7fe fb5f 	bl	b51f0 <HAL_USB_USART_Receive_Data>
}
   b6b32:	ea40 70e0 	orr.w	r0, r0, r0, asr #31
   b6b36:	bd08      	pop	{r3, pc}

000b6b38 <_ZN9USBSerial4peekEv>:
{
   b6b38:	b508      	push	{r3, lr}
	return std::max(-1, (int)HAL_USB_USART_Receive_Data(_serial, true));
   b6b3a:	2101      	movs	r1, #1
   b6b3c:	7c00      	ldrb	r0, [r0, #16]
   b6b3e:	f7fe fb57 	bl	b51f0 <HAL_USB_USART_Receive_Data>
}
   b6b42:	ea40 70e0 	orr.w	r0, r0, r0, asr #31
   b6b46:	bd08      	pop	{r3, pc}

000b6b48 <_ZN9USBSerial17availableForWriteEv>:
{
   b6b48:	b508      	push	{r3, lr}
  return std::max(0, (int)HAL_USB_USART_Available_Data_For_Write(_serial));
   b6b4a:	7c00      	ldrb	r0, [r0, #16]
   b6b4c:	f7fe fb48 	bl	b51e0 <HAL_USB_USART_Available_Data_For_Write>
}
   b6b50:	ea20 70e0 	bic.w	r0, r0, r0, asr #31
   b6b54:	bd08      	pop	{r3, pc}

000b6b56 <_ZN9USBSerial9availableEv>:
{
   b6b56:	b508      	push	{r3, lr}
	return std::max(0, (int)HAL_USB_USART_Available_Data(_serial));
   b6b58:	7c00      	ldrb	r0, [r0, #16]
   b6b5a:	f7fe fb39 	bl	b51d0 <HAL_USB_USART_Available_Data>
}
   b6b5e:	ea20 70e0 	bic.w	r0, r0, r0, asr #31
   b6b62:	bd08      	pop	{r3, pc}

000b6b64 <_ZN9USBSerial5writeEh>:
{
   b6b64:	b513      	push	{r0, r1, r4, lr}
   b6b66:	4604      	mov	r4, r0
  if (HAL_USB_USART_Available_Data_For_Write(_serial) > 0 || _blocking) {
   b6b68:	7c00      	ldrb	r0, [r0, #16]
{
   b6b6a:	9101      	str	r1, [sp, #4]
  if (HAL_USB_USART_Available_Data_For_Write(_serial) > 0 || _blocking) {
   b6b6c:	f7fe fb38 	bl	b51e0 <HAL_USB_USART_Available_Data_For_Write>
   b6b70:	2800      	cmp	r0, #0
   b6b72:	9901      	ldr	r1, [sp, #4]
   b6b74:	dc01      	bgt.n	b6b7a <_ZN9USBSerial5writeEh+0x16>
   b6b76:	7c60      	ldrb	r0, [r4, #17]
   b6b78:	b120      	cbz	r0, b6b84 <_ZN9USBSerial5writeEh+0x20>
    return std::max(0, (int)HAL_USB_USART_Send_Data(_serial, byte));
   b6b7a:	7c20      	ldrb	r0, [r4, #16]
   b6b7c:	f7fe fb40 	bl	b5200 <HAL_USB_USART_Send_Data>
   b6b80:	ea20 70e0 	bic.w	r0, r0, r0, asr #31
}
   b6b84:	b002      	add	sp, #8
   b6b86:	bd10      	pop	{r4, pc}

000b6b88 <_ZN9USBSerial5flushEv>:
  HAL_USB_USART_Flush_Data(_serial);
   b6b88:	7c00      	ldrb	r0, [r0, #16]
   b6b8a:	f7fe bb41 	b.w	b5210 <HAL_USB_USART_Flush_Data>

000b6b8e <_ZN9USBSerialD0Ev>:
   b6b8e:	b510      	push	{r4, lr}
   b6b90:	2114      	movs	r1, #20
   b6b92:	4604      	mov	r4, r0
   b6b94:	f7fd feb3 	bl	b48fe <_ZdlPvj>
   b6b98:	4620      	mov	r0, r4
   b6b9a:	bd10      	pop	{r4, pc}

000b6b9c <_ZN9USBSerialC1E20HAL_USB_USART_SerialRK20HAL_USB_USART_Config>:
USBSerial::USBSerial(HAL_USB_USART_Serial serial, const HAL_USB_USART_Config& conf)
   b6b9c:	b510      	push	{r4, lr}
    virtual int available() = 0;
    virtual int read() = 0;
    virtual int peek() = 0;
    virtual void flush() = 0;

    Stream() {_timeout=1000;}
   b6b9e:	f44f 737a 	mov.w	r3, #1000	; 0x3e8
   b6ba2:	4604      	mov	r4, r0
   b6ba4:	4608      	mov	r0, r1
   b6ba6:	2100      	movs	r1, #0
   b6ba8:	e9c4 1301 	strd	r1, r3, [r4, #4]
   b6bac:	4b04      	ldr	r3, [pc, #16]	; (b6bc0 <_ZN9USBSerialC1E20HAL_USB_USART_SerialRK20HAL_USB_USART_Config+0x24>)
   b6bae:	6023      	str	r3, [r4, #0]
  _blocking = true;
   b6bb0:	2301      	movs	r3, #1
  _serial = serial;
   b6bb2:	7420      	strb	r0, [r4, #16]
  _blocking = true;
   b6bb4:	7463      	strb	r3, [r4, #17]
  HAL_USB_USART_Init(_serial, &conf);
   b6bb6:	4611      	mov	r1, r2
   b6bb8:	f7fe faf2 	bl	b51a0 <HAL_USB_USART_Init>
}
   b6bbc:	4620      	mov	r0, r4
   b6bbe:	bd10      	pop	{r4, pc}
   b6bc0:	000b7a4c 	.word	0x000b7a4c

000b6bc4 <_ZN9USBSerial5beginEl>:
    HAL_USB_USART_Begin(_serial, speed, NULL);
   b6bc4:	7c00      	ldrb	r0, [r0, #16]
   b6bc6:	2200      	movs	r2, #0
   b6bc8:	f7fe baf2 	b.w	b51b0 <HAL_USB_USART_Begin>

000b6bcc <_ZN9USBSerial3endEv>:
    HAL_USB_USART_End(_serial);
   b6bcc:	7c00      	ldrb	r0, [r0, #16]
   b6bce:	f7fe baf7 	b.w	b51c0 <HAL_USB_USART_End>

000b6bd2 <_Z19acquireSerialBufferv>:
{
   b6bd2:	b510      	push	{r4, lr}
  HAL_USB_USART_Config conf = {};
   b6bd4:	2214      	movs	r2, #20
{
   b6bd6:	4604      	mov	r4, r0
  HAL_USB_USART_Config conf = {};
   b6bd8:	2100      	movs	r1, #0
   b6bda:	f000 fcdb 	bl	b7594 <memset>
}
   b6bde:	4620      	mov	r0, r4
   b6be0:	bd10      	pop	{r4, pc}
	...

000b6be4 <_Z16_fetch_usbserialv>:
{
   b6be4:	b510      	push	{r4, lr}
	static USBSerial _usbserial(HAL_USB_USART_SERIAL, conf);
   b6be6:	4c0f      	ldr	r4, [pc, #60]	; (b6c24 <_Z16_fetch_usbserialv+0x40>)
{
   b6be8:	b088      	sub	sp, #32
  HAL_USB_USART_Config conf = acquireSerialBuffer();
   b6bea:	a803      	add	r0, sp, #12
   b6bec:	f7ff fff1 	bl	b6bd2 <_Z19acquireSerialBufferv>
	static USBSerial _usbserial(HAL_USB_USART_SERIAL, conf);
   b6bf0:	7821      	ldrb	r1, [r4, #0]
   b6bf2:	f3bf 8f5b 	dmb	ish
   b6bf6:	f011 0101 	ands.w	r1, r1, #1
   b6bfa:	d10f      	bne.n	b6c1c <_Z16_fetch_usbserialv+0x38>
   b6bfc:	4620      	mov	r0, r4
   b6bfe:	9101      	str	r1, [sp, #4]
   b6c00:	f7fe fc04 	bl	b540c <__cxa_guard_acquire>
   b6c04:	9901      	ldr	r1, [sp, #4]
   b6c06:	b148      	cbz	r0, b6c1c <_Z16_fetch_usbserialv+0x38>
   b6c08:	aa03      	add	r2, sp, #12
   b6c0a:	4807      	ldr	r0, [pc, #28]	; (b6c28 <_Z16_fetch_usbserialv+0x44>)
   b6c0c:	f7ff ffc6 	bl	b6b9c <_ZN9USBSerialC1E20HAL_USB_USART_SerialRK20HAL_USB_USART_Config>
   b6c10:	4620      	mov	r0, r4
   b6c12:	f7fe fc03 	bl	b541c <__cxa_guard_release>
   b6c16:	4805      	ldr	r0, [pc, #20]	; (b6c2c <_Z16_fetch_usbserialv+0x48>)
   b6c18:	f000 fc86 	bl	b7528 <atexit>
	return _usbserial;
}
   b6c1c:	4802      	ldr	r0, [pc, #8]	; (b6c28 <_Z16_fetch_usbserialv+0x44>)
   b6c1e:	b008      	add	sp, #32
   b6c20:	bd10      	pop	{r4, pc}
   b6c22:	bf00      	nop
   b6c24:	2003df64 	.word	0x2003df64
   b6c28:	2003df68 	.word	0x2003df68
   b6c2c:	000b6b25 	.word	0x000b6b25

000b6c30 <_ZN12_GLOBAL__N_19skipTokenEPK9jsmntok_t>:

namespace {

// Skips token and all its children tokens if any
const jsmntok_t* skipToken(const jsmntok_t *t) {
    size_t n = 1;
   b6c30:	f100 0310 	add.w	r3, r0, #16
   b6c34:	2201      	movs	r2, #1
    do {
        if (t->type == JSMN_OBJECT) {
   b6c36:	f813 1c10 	ldrb.w	r1, [r3, #-16]
   b6c3a:	2901      	cmp	r1, #1
   b6c3c:	4618      	mov	r0, r3
   b6c3e:	d108      	bne.n	b6c52 <_ZN12_GLOBAL__N_19skipTokenEPK9jsmntok_t+0x22>
            n += t->size * 2; // Number of name and value tokens
   b6c40:	f853 1c04 	ldr.w	r1, [r3, #-4]
   b6c44:	eb02 0241 	add.w	r2, r2, r1, lsl #1
        } else if (t->type == JSMN_ARRAY) {
            n += t->size; // Number of value tokens
        }
        ++t;
        --n;
    } while (n);
   b6c48:	3a01      	subs	r2, #1
   b6c4a:	f103 0310 	add.w	r3, r3, #16
   b6c4e:	d1f2      	bne.n	b6c36 <_ZN12_GLOBAL__N_19skipTokenEPK9jsmntok_t+0x6>
    return t;
}
   b6c50:	4770      	bx	lr
        } else if (t->type == JSMN_ARRAY) {
   b6c52:	2902      	cmp	r1, #2
            n += t->size; // Number of value tokens
   b6c54:	bf04      	itt	eq
   b6c56:	f853 1c04 	ldreq.w	r1, [r3, #-4]
   b6c5a:	1852      	addeq	r2, r2, r1
   b6c5c:	e7f4      	b.n	b6c48 <_ZN12_GLOBAL__N_19skipTokenEPK9jsmntok_t+0x18>

000b6c5e <_ZN5spark10JSONWriter6printfEPKcz>:
    write("null", 4);
    state_ = NEXT;
    return *this;
}

void spark::JSONWriter::printf(const char *fmt, ...) {
   b6c5e:	b40e      	push	{r1, r2, r3}
   b6c60:	b5f0      	push	{r4, r5, r6, r7, lr}
   b6c62:	b088      	sub	sp, #32
   b6c64:	af00      	add	r7, sp, #0
   b6c66:	f107 0534 	add.w	r5, r7, #52	; 0x34
    char buf[16];
    va_list args;
    va_start(args, fmt);
    int n = vsnprintf(buf, sizeof(buf), fmt, args);
   b6c6a:	2110      	movs	r1, #16
void spark::JSONWriter::printf(const char *fmt, ...) {
   b6c6c:	f855 2b04 	ldr.w	r2, [r5], #4
    int n = vsnprintf(buf, sizeof(buf), fmt, args);
   b6c70:	607a      	str	r2, [r7, #4]
void spark::JSONWriter::printf(const char *fmt, ...) {
   b6c72:	4604      	mov	r4, r0
    int n = vsnprintf(buf, sizeof(buf), fmt, args);
   b6c74:	462b      	mov	r3, r5
   b6c76:	1878      	adds	r0, r7, r1
    va_start(args, fmt);
   b6c78:	60fd      	str	r5, [r7, #12]
    int n = vsnprintf(buf, sizeof(buf), fmt, args);
   b6c7a:	f7fe fba7 	bl	b53cc <vsnprintf>
    va_end(args);
    if ((size_t)n >= sizeof(buf)) {
   b6c7e:	280f      	cmp	r0, #15
   b6c80:	687a      	ldr	r2, [r7, #4]
   b6c82:	d91a      	bls.n	b6cba <_ZN5spark10JSONWriter6printfEPKcz+0x5c>
        char buf[n + 1]; // Use larger buffer
   b6c84:	f100 0308 	add.w	r3, r0, #8
   b6c88:	f023 0307 	bic.w	r3, r3, #7
        va_start(args, fmt);
        n = vsnprintf(buf, sizeof(buf), fmt, args);
        va_end(args);
        if (n > 0) {
            write(buf, n);
        }
   b6c8c:	466e      	mov	r6, sp
        char buf[n + 1]; // Use larger buffer
   b6c8e:	ebad 0d03 	sub.w	sp, sp, r3
        n = vsnprintf(buf, sizeof(buf), fmt, args);
   b6c92:	1c41      	adds	r1, r0, #1
   b6c94:	462b      	mov	r3, r5
   b6c96:	4668      	mov	r0, sp
        va_start(args, fmt);
   b6c98:	60fd      	str	r5, [r7, #12]
        n = vsnprintf(buf, sizeof(buf), fmt, args);
   b6c9a:	f7fe fb97 	bl	b53cc <vsnprintf>
        if (n > 0) {
   b6c9e:	1e02      	subs	r2, r0, #0
   b6ca0:	dd04      	ble.n	b6cac <_ZN5spark10JSONWriter6printfEPKcz+0x4e>
            write(buf, n);
   b6ca2:	6823      	ldr	r3, [r4, #0]
   b6ca4:	4669      	mov	r1, sp
   b6ca6:	689b      	ldr	r3, [r3, #8]
   b6ca8:	4620      	mov	r0, r4
   b6caa:	4798      	blx	r3
   b6cac:	46b5      	mov	sp, r6
    } else if (n > 0) {
        write(buf, n);
    }
}
   b6cae:	3720      	adds	r7, #32
   b6cb0:	46bd      	mov	sp, r7
   b6cb2:	e8bd 40f0 	ldmia.w	sp!, {r4, r5, r6, r7, lr}
   b6cb6:	b003      	add	sp, #12
   b6cb8:	4770      	bx	lr
    } else if (n > 0) {
   b6cba:	2800      	cmp	r0, #0
   b6cbc:	d0f7      	beq.n	b6cae <_ZN5spark10JSONWriter6printfEPKcz+0x50>
        write(buf, n);
   b6cbe:	6823      	ldr	r3, [r4, #0]
   b6cc0:	4602      	mov	r2, r0
   b6cc2:	689b      	ldr	r3, [r3, #8]
   b6cc4:	f107 0110 	add.w	r1, r7, #16
   b6cc8:	4620      	mov	r0, r4
   b6cca:	4798      	blx	r3
}
   b6ccc:	e7ef      	b.n	b6cae <_ZN5spark10JSONWriter6printfEPKcz+0x50>

000b6cce <_ZNSt12__shared_ptrIN5spark6detail8JSONDataELN9__gnu_cxx12_Lock_policyE0EEaSERKS5_.isra.0>:
      __shared_ptr& operator=(const __shared_ptr&) noexcept = default;
   b6cce:	b538      	push	{r3, r4, r5, lr}
   b6cd0:	680b      	ldr	r3, [r1, #0]
   b6cd2:	6003      	str	r3, [r0, #0]
   b6cd4:	684d      	ldr	r5, [r1, #4]
	if (__tmp != _M_pi)
   b6cd6:	6843      	ldr	r3, [r0, #4]
   b6cd8:	429d      	cmp	r5, r3
      __shared_ptr& operator=(const __shared_ptr&) noexcept = default;
   b6cda:	4604      	mov	r4, r0
	if (__tmp != _M_pi)
   b6cdc:	d008      	beq.n	b6cf0 <_ZNSt12__shared_ptrIN5spark6detail8JSONDataELN9__gnu_cxx12_Lock_policyE0EEaSERKS5_.isra.0+0x22>
	    if (__tmp != 0)
   b6cde:	b115      	cbz	r5, b6ce6 <_ZNSt12__shared_ptrIN5spark6detail8JSONDataELN9__gnu_cxx12_Lock_policyE0EEaSERKS5_.isra.0+0x18>
    { ++_M_use_count; }
   b6ce0:	686b      	ldr	r3, [r5, #4]
   b6ce2:	3301      	adds	r3, #1
   b6ce4:	606b      	str	r3, [r5, #4]
	    if (_M_pi != 0)
   b6ce6:	6860      	ldr	r0, [r4, #4]
   b6ce8:	b108      	cbz	r0, b6cee <_ZNSt12__shared_ptrIN5spark6detail8JSONDataELN9__gnu_cxx12_Lock_policyE0EEaSERKS5_.isra.0+0x20>
	      _M_pi->_M_release();
   b6cea:	f7fe fd9b 	bl	b5824 <_ZNSt16_Sp_counted_baseILN9__gnu_cxx12_Lock_policyE0EE10_M_releaseEv>
	    _M_pi = __tmp;
   b6cee:	6065      	str	r5, [r4, #4]
      __shared_ptr& operator=(const __shared_ptr&) noexcept = default;
   b6cf0:	bd38      	pop	{r3, r4, r5, pc}

000b6cf2 <_ZN5spark10JSONWriter5writeEc>:
inline void spark::JSONWriter::write(char c) {
   b6cf2:	b507      	push	{r0, r1, r2, lr}
    write(&c, 1);
   b6cf4:	6803      	ldr	r3, [r0, #0]
inline void spark::JSONWriter::write(char c) {
   b6cf6:	f88d 1007 	strb.w	r1, [sp, #7]
    write(&c, 1);
   b6cfa:	689b      	ldr	r3, [r3, #8]
   b6cfc:	2201      	movs	r2, #1
   b6cfe:	f10d 0107 	add.w	r1, sp, #7
   b6d02:	4798      	blx	r3
}
   b6d04:	b003      	add	sp, #12
   b6d06:	f85d fb04 	ldr.w	pc, [sp], #4

000b6d0a <_ZN5spark9JSONValueC1EPK9jsmntok_tSt10shared_ptrINS_6detail8JSONDataEE>:
spark::JSONValue::JSONValue(const jsmntok_t *t, detail::JSONDataPtr d) :
   b6d0a:	460b      	mov	r3, r1
   b6d0c:	4611      	mov	r1, r2
      : _M_ptr(0), _M_refcount()
   b6d0e:	2200      	movs	r2, #0
   b6d10:	b510      	push	{r4, lr}
      constexpr __shared_count() noexcept : _M_pi(0)
   b6d12:	e9c0 2200 	strd	r2, r2, [r0]
   b6d16:	4604      	mov	r4, r0
        t_ = t;
   b6d18:	6083      	str	r3, [r0, #8]
    if (t) {
   b6d1a:	b90b      	cbnz	r3, b6d20 <_ZN5spark9JSONValueC1EPK9jsmntok_tSt10shared_ptrINS_6detail8JSONDataEE+0x16>
}
   b6d1c:	4620      	mov	r0, r4
   b6d1e:	bd10      	pop	{r4, pc}
       *  @brief  Construct an empty %shared_ptr.
       *  @post   use_count() == 0 && get() == nullptr
       */
      constexpr shared_ptr(nullptr_t) noexcept : shared_ptr() { }

      shared_ptr& operator=(const shared_ptr&) noexcept = default;
   b6d20:	f7ff ffd5 	bl	b6cce <_ZNSt12__shared_ptrIN5spark6detail8JSONDataELN9__gnu_cxx12_Lock_policyE0EEaSERKS5_.isra.0>
   b6d24:	e7fa      	b.n	b6d1c <_ZN5spark9JSONValueC1EPK9jsmntok_tSt10shared_ptrINS_6detail8JSONDataEE+0x12>

000b6d26 <_ZNK5spark9JSONValue4typeEv>:
    if (!t_) {
   b6d26:	6883      	ldr	r3, [r0, #8]
   b6d28:	b1eb      	cbz	r3, b6d66 <_ZNK5spark9JSONValue4typeEv+0x40>
    switch (t_->type) {
   b6d2a:	781a      	ldrb	r2, [r3, #0]
   b6d2c:	2a03      	cmp	r2, #3
   b6d2e:	d81a      	bhi.n	b6d66 <_ZNK5spark9JSONValue4typeEv+0x40>
   b6d30:	e8df f002 	tbb	[pc, r2]
   b6d34:	1b021704 	.word	0x1b021704
   b6d38:	2005      	movs	r0, #5
   b6d3a:	4770      	bx	lr
        const char c = d_->json[t_->start];
   b6d3c:	6802      	ldr	r2, [r0, #0]
   b6d3e:	685b      	ldr	r3, [r3, #4]
   b6d40:	6852      	ldr	r2, [r2, #4]
   b6d42:	5cd0      	ldrb	r0, [r2, r3]
        if (c == '-' || (c >= '0' && c <= '9')) {
   b6d44:	282d      	cmp	r0, #45	; 0x2d
   b6d46:	d012      	beq.n	b6d6e <_ZNK5spark9JSONValue4typeEv+0x48>
   b6d48:	f1a0 0330 	sub.w	r3, r0, #48	; 0x30
   b6d4c:	2b09      	cmp	r3, #9
   b6d4e:	d90e      	bls.n	b6d6e <_ZNK5spark9JSONValue4typeEv+0x48>
        } else if (c == 't' || c == 'f') { // Literal names are always in lower case
   b6d50:	2874      	cmp	r0, #116	; 0x74
   b6d52:	d00e      	beq.n	b6d72 <_ZNK5spark9JSONValue4typeEv+0x4c>
   b6d54:	2866      	cmp	r0, #102	; 0x66
   b6d56:	d00c      	beq.n	b6d72 <_ZNK5spark9JSONValue4typeEv+0x4c>
        return JSON_TYPE_INVALID;
   b6d58:	f1a0 036e 	sub.w	r3, r0, #110	; 0x6e
   b6d5c:	4258      	negs	r0, r3
   b6d5e:	4158      	adcs	r0, r3
   b6d60:	4770      	bx	lr
        return JSON_TYPE_OBJECT;
   b6d62:	2006      	movs	r0, #6
   b6d64:	4770      	bx	lr
        return JSON_TYPE_INVALID;
   b6d66:	2000      	movs	r0, #0
   b6d68:	4770      	bx	lr
        return JSON_TYPE_STRING;
   b6d6a:	2004      	movs	r0, #4
   b6d6c:	4770      	bx	lr
            return JSON_TYPE_NUMBER;
   b6d6e:	2003      	movs	r0, #3
   b6d70:	4770      	bx	lr
            return JSON_TYPE_BOOL;
   b6d72:	2002      	movs	r0, #2
}
   b6d74:	4770      	bx	lr

000b6d76 <_ZNK5spark9JSONValue5toIntEv>:
int spark::JSONValue::toInt() const {
   b6d76:	b510      	push	{r4, lr}
   b6d78:	4604      	mov	r4, r0
    switch (type()) {
   b6d7a:	f7ff ffd4 	bl	b6d26 <_ZNK5spark9JSONValue4typeEv>
   b6d7e:	2802      	cmp	r0, #2
   b6d80:	d00e      	beq.n	b6da0 <_ZNK5spark9JSONValue5toIntEv+0x2a>
   b6d82:	1ec3      	subs	r3, r0, #3
   b6d84:	b2db      	uxtb	r3, r3
   b6d86:	2b01      	cmp	r3, #1
   b6d88:	d814      	bhi.n	b6db4 <_ZNK5spark9JSONValue5toIntEv+0x3e>
        const char* const s = d_->json + t_->start;
   b6d8a:	6822      	ldr	r2, [r4, #0]
   b6d8c:	68a3      	ldr	r3, [r4, #8]
   b6d8e:	6850      	ldr	r0, [r2, #4]
   b6d90:	685b      	ldr	r3, [r3, #4]
}
   b6d92:	e8bd 4010 	ldmia.w	sp!, {r4, lr}
        return strtol(s, nullptr, 10);
   b6d96:	220a      	movs	r2, #10
   b6d98:	2100      	movs	r1, #0
   b6d9a:	4418      	add	r0, r3
   b6d9c:	f000 bcfa 	b.w	b7794 <strtol>
        const char* const s = d_->json + t_->start;
   b6da0:	6822      	ldr	r2, [r4, #0]
   b6da2:	68a3      	ldr	r3, [r4, #8]
        return *s == 't';
   b6da4:	6852      	ldr	r2, [r2, #4]
   b6da6:	685b      	ldr	r3, [r3, #4]
   b6da8:	5cd0      	ldrb	r0, [r2, r3]
   b6daa:	f1a0 0374 	sub.w	r3, r0, #116	; 0x74
   b6dae:	4258      	negs	r0, r3
   b6db0:	4158      	adcs	r0, r3
}
   b6db2:	bd10      	pop	{r4, pc}
    switch (type()) {
   b6db4:	2000      	movs	r0, #0
   b6db6:	e7fc      	b.n	b6db2 <_ZNK5spark9JSONValue5toIntEv+0x3c>

000b6db8 <_ZN5spark10JSONStringC1EPK9jsmntok_tSt10shared_ptrINS_6detail8JSONDataEE>:
spark::JSONString::JSONString(const jsmntok_t *t, detail::JSONDataPtr d) :
   b6db8:	b538      	push	{r3, r4, r5, lr}
      : _M_ptr(0), _M_refcount()
   b6dba:	2300      	movs	r3, #0
      constexpr __shared_count() noexcept : _M_pi(0)
   b6dbc:	e9c0 3300 	strd	r3, r3, [r0]
   b6dc0:	4604      	mov	r4, r0
        n_(0) {
   b6dc2:	480e      	ldr	r0, [pc, #56]	; (b6dfc <_ZN5spark10JSONStringC1EPK9jsmntok_tSt10shared_ptrINS_6detail8JSONDataEE+0x44>)
   b6dc4:	e9c4 0302 	strd	r0, r3, [r4, #8]
    if (t && (t->type == JSMN_STRING || t->type == JSMN_PRIMITIVE)) {
   b6dc8:	b1a9      	cbz	r1, b6df6 <_ZN5spark10JSONStringC1EPK9jsmntok_tSt10shared_ptrINS_6detail8JSONDataEE+0x3e>
   b6dca:	780b      	ldrb	r3, [r1, #0]
   b6dcc:	2b03      	cmp	r3, #3
   b6dce:	d006      	beq.n	b6dde <_ZN5spark10JSONStringC1EPK9jsmntok_tSt10shared_ptrINS_6detail8JSONDataEE+0x26>
   b6dd0:	b98b      	cbnz	r3, b6df6 <_ZN5spark10JSONStringC1EPK9jsmntok_tSt10shared_ptrINS_6detail8JSONDataEE+0x3e>
        if (t->type != JSMN_PRIMITIVE || d->json[t->start] != 'n') { // Nulls are treated as empty strings
   b6dd2:	6813      	ldr	r3, [r2, #0]
   b6dd4:	6858      	ldr	r0, [r3, #4]
   b6dd6:	684b      	ldr	r3, [r1, #4]
   b6dd8:	5cc3      	ldrb	r3, [r0, r3]
   b6dda:	2b6e      	cmp	r3, #110	; 0x6e
   b6ddc:	d007      	beq.n	b6dee <_ZN5spark10JSONStringC1EPK9jsmntok_tSt10shared_ptrINS_6detail8JSONDataEE+0x36>
            s_ = d->json + t->start;
   b6dde:	6813      	ldr	r3, [r2, #0]
   b6de0:	684d      	ldr	r5, [r1, #4]
   b6de2:	6858      	ldr	r0, [r3, #4]
            n_ = t->end - t->start;
   b6de4:	688b      	ldr	r3, [r1, #8]
            s_ = d->json + t->start;
   b6de6:	4428      	add	r0, r5
            n_ = t->end - t->start;
   b6de8:	1b5b      	subs	r3, r3, r5
            s_ = d->json + t->start;
   b6dea:	60a0      	str	r0, [r4, #8]
            n_ = t->end - t->start;
   b6dec:	60e3      	str	r3, [r4, #12]
   b6dee:	4611      	mov	r1, r2
   b6df0:	4620      	mov	r0, r4
   b6df2:	f7ff ff6c 	bl	b6cce <_ZNSt12__shared_ptrIN5spark6detail8JSONDataELN9__gnu_cxx12_Lock_policyE0EEaSERKS5_.isra.0>
}
   b6df6:	4620      	mov	r0, r4
   b6df8:	bd38      	pop	{r3, r4, r5, pc}
   b6dfa:	bf00      	nop
   b6dfc:	000b7800 	.word	0x000b7800

000b6e00 <_ZN5spark18JSONObjectIteratorC1EPK9jsmntok_tSt10shared_ptrINS_6detail8JSONDataEE>:
spark::JSONObjectIterator::JSONObjectIterator(const jsmntok_t *t, detail::JSONDataPtr d) :
   b6e00:	b538      	push	{r3, r4, r5, lr}
      : _M_ptr(0), _M_refcount()
   b6e02:	2500      	movs	r5, #0
   b6e04:	460b      	mov	r3, r1
      constexpr __shared_count() noexcept : _M_pi(0)
   b6e06:	e9c0 5500 	strd	r5, r5, [r0]
        n_(0) {
   b6e0a:	e9c0 5502 	strd	r5, r5, [r0, #8]
   b6e0e:	e9c0 5504 	strd	r5, r5, [r0, #16]
   b6e12:	4604      	mov	r4, r0
   b6e14:	4611      	mov	r1, r2
    if (t && t->type == JSMN_OBJECT) {
   b6e16:	b14b      	cbz	r3, b6e2c <_ZN5spark18JSONObjectIteratorC1EPK9jsmntok_tSt10shared_ptrINS_6detail8JSONDataEE+0x2c>
   b6e18:	781a      	ldrb	r2, [r3, #0]
   b6e1a:	2a01      	cmp	r2, #1
   b6e1c:	d106      	bne.n	b6e2c <_ZN5spark18JSONObjectIteratorC1EPK9jsmntok_tSt10shared_ptrINS_6detail8JSONDataEE+0x2c>
        t_ = t + 1; // First property's name
   b6e1e:	f103 0210 	add.w	r2, r3, #16
        n_ = t->size; // Number of properties
   b6e22:	68db      	ldr	r3, [r3, #12]
        t_ = t + 1; // First property's name
   b6e24:	6082      	str	r2, [r0, #8]
        n_ = t->size; // Number of properties
   b6e26:	6143      	str	r3, [r0, #20]
   b6e28:	f7ff ff51 	bl	b6cce <_ZNSt12__shared_ptrIN5spark6detail8JSONDataELN9__gnu_cxx12_Lock_policyE0EEaSERKS5_.isra.0>
}
   b6e2c:	4620      	mov	r0, r4
   b6e2e:	bd38      	pop	{r3, r4, r5, pc}

000b6e30 <_ZN5spark18JSONObjectIterator4nextEv>:
bool spark::JSONObjectIterator::next() {
   b6e30:	b510      	push	{r4, lr}
    if (!n_) {
   b6e32:	6943      	ldr	r3, [r0, #20]
bool spark::JSONObjectIterator::next() {
   b6e34:	4604      	mov	r4, r0
    if (!n_) {
   b6e36:	b163      	cbz	r3, b6e52 <_ZN5spark18JSONObjectIterator4nextEv+0x22>
    k_ = t_; // Name
   b6e38:	6880      	ldr	r0, [r0, #8]
   b6e3a:	60e0      	str	r0, [r4, #12]
    --n_;
   b6e3c:	3b01      	subs	r3, #1
    ++t_;
   b6e3e:	3010      	adds	r0, #16
   b6e40:	60a0      	str	r0, [r4, #8]
    v_ = t_; // Value
   b6e42:	6120      	str	r0, [r4, #16]
    --n_;
   b6e44:	6163      	str	r3, [r4, #20]
    if (n_) {
   b6e46:	b113      	cbz	r3, b6e4e <_ZN5spark18JSONObjectIterator4nextEv+0x1e>
        t_ = skipToken(t_);
   b6e48:	f7ff fef2 	bl	b6c30 <_ZN12_GLOBAL__N_19skipTokenEPK9jsmntok_t>
   b6e4c:	60a0      	str	r0, [r4, #8]
    return true;
   b6e4e:	2001      	movs	r0, #1
   b6e50:	e000      	b.n	b6e54 <_ZN5spark18JSONObjectIterator4nextEv+0x24>
        return false;
   b6e52:	4618      	mov	r0, r3
}
   b6e54:	bd10      	pop	{r4, pc}

000b6e56 <_ZN5spark10JSONWriter9endObjectEv>:
spark::JSONWriter& spark::JSONWriter::endObject() {
   b6e56:	b510      	push	{r4, lr}
    write('}');
   b6e58:	217d      	movs	r1, #125	; 0x7d
spark::JSONWriter& spark::JSONWriter::endObject() {
   b6e5a:	4604      	mov	r4, r0
    write('}');
   b6e5c:	f7ff ff49 	bl	b6cf2 <_ZN5spark10JSONWriter5writeEc>
    state_ = NEXT;
   b6e60:	2301      	movs	r3, #1
   b6e62:	7123      	strb	r3, [r4, #4]
}
   b6e64:	4620      	mov	r0, r4
   b6e66:	bd10      	pop	{r4, pc}

000b6e68 <_ZN5spark10JSONWriter14writeSeparatorEv>:

void spark::JSONWriter::writeSeparator() {
   b6e68:	b508      	push	{r3, lr}
    switch (state_) {
   b6e6a:	7903      	ldrb	r3, [r0, #4]
   b6e6c:	2b01      	cmp	r3, #1
   b6e6e:	d002      	beq.n	b6e76 <_ZN5spark10JSONWriter14writeSeparatorEv+0xe>
   b6e70:	2b02      	cmp	r3, #2
   b6e72:	d004      	beq.n	b6e7e <_ZN5spark10JSONWriter14writeSeparatorEv+0x16>
        write(':');
        break;
    default:
        break;
    }
}
   b6e74:	bd08      	pop	{r3, pc}
        write(',');
   b6e76:	212c      	movs	r1, #44	; 0x2c
        write(':');
   b6e78:	f7ff ff3b 	bl	b6cf2 <_ZN5spark10JSONWriter5writeEc>
}
   b6e7c:	e7fa      	b.n	b6e74 <_ZN5spark10JSONWriter14writeSeparatorEv+0xc>
        write(':');
   b6e7e:	213a      	movs	r1, #58	; 0x3a
   b6e80:	e7fa      	b.n	b6e78 <_ZN5spark10JSONWriter14writeSeparatorEv+0x10>

000b6e82 <_ZN5spark10JSONWriter11beginObjectEv>:
spark::JSONWriter& spark::JSONWriter::beginObject() {
   b6e82:	b510      	push	{r4, lr}
   b6e84:	4604      	mov	r4, r0
    writeSeparator();
   b6e86:	f7ff ffef 	bl	b6e68 <_ZN5spark10JSONWriter14writeSeparatorEv>
    write('{');
   b6e8a:	4620      	mov	r0, r4
   b6e8c:	217b      	movs	r1, #123	; 0x7b
   b6e8e:	f7ff ff30 	bl	b6cf2 <_ZN5spark10JSONWriter5writeEc>
    state_ = BEGIN;
   b6e92:	2300      	movs	r3, #0
   b6e94:	7123      	strb	r3, [r4, #4]
}
   b6e96:	4620      	mov	r0, r4
   b6e98:	bd10      	pop	{r4, pc}
	...

000b6e9c <_ZN5spark10JSONWriter5valueEi>:
spark::JSONWriter& spark::JSONWriter::value(int val) {
   b6e9c:	b513      	push	{r0, r1, r4, lr}
   b6e9e:	4604      	mov	r4, r0
   b6ea0:	9101      	str	r1, [sp, #4]
    writeSeparator();
   b6ea2:	f7ff ffe1 	bl	b6e68 <_ZN5spark10JSONWriter14writeSeparatorEv>
    printf("%d", val);
   b6ea6:	6823      	ldr	r3, [r4, #0]
   b6ea8:	9a01      	ldr	r2, [sp, #4]
   b6eaa:	68db      	ldr	r3, [r3, #12]
   b6eac:	4903      	ldr	r1, [pc, #12]	; (b6ebc <_ZN5spark10JSONWriter5valueEi+0x20>)
   b6eae:	4620      	mov	r0, r4
   b6eb0:	4798      	blx	r3
    state_ = NEXT;
   b6eb2:	2301      	movs	r3, #1
}
   b6eb4:	4620      	mov	r0, r4
    state_ = NEXT;
   b6eb6:	7123      	strb	r3, [r4, #4]
}
   b6eb8:	b002      	add	sp, #8
   b6eba:	bd10      	pop	{r4, pc}
   b6ebc:	000b7977 	.word	0x000b7977

000b6ec0 <_ZN5spark10JSONWriter5valueEj>:
spark::JSONWriter& spark::JSONWriter::value(unsigned val) {
   b6ec0:	b513      	push	{r0, r1, r4, lr}
   b6ec2:	4604      	mov	r4, r0
   b6ec4:	9101      	str	r1, [sp, #4]
    writeSeparator();
   b6ec6:	f7ff ffcf 	bl	b6e68 <_ZN5spark10JSONWriter14writeSeparatorEv>
    printf("%u", val);
   b6eca:	6823      	ldr	r3, [r4, #0]
   b6ecc:	9a01      	ldr	r2, [sp, #4]
   b6ece:	68db      	ldr	r3, [r3, #12]
   b6ed0:	4903      	ldr	r1, [pc, #12]	; (b6ee0 <_ZN5spark10JSONWriter5valueEj+0x20>)
   b6ed2:	4620      	mov	r0, r4
   b6ed4:	4798      	blx	r3
    state_ = NEXT;
   b6ed6:	2301      	movs	r3, #1
}
   b6ed8:	4620      	mov	r0, r4
    state_ = NEXT;
   b6eda:	7123      	strb	r3, [r4, #4]
}
   b6edc:	b002      	add	sp, #8
   b6ede:	bd10      	pop	{r4, pc}
   b6ee0:	000b7a78 	.word	0x000b7a78

000b6ee4 <_ZN5spark10JSONWriter12writeEscapedEPKcj>:

void spark::JSONWriter::writeEscaped(const char *str, size_t size) {
   b6ee4:	e92d 47f0 	stmdb	sp!, {r4, r5, r6, r7, r8, r9, sl, lr}
   b6ee8:	460d      	mov	r5, r1
    write('"');
   b6eea:	2122      	movs	r1, #34	; 0x22
void spark::JSONWriter::writeEscaped(const char *str, size_t size) {
   b6eec:	4690      	mov	r8, r2
   b6eee:	4604      	mov	r4, r0
    write('"');
   b6ef0:	f7ff feff 	bl	b6cf2 <_ZN5spark10JSONWriter5writeEc>
            case 0x0d: // Carriage return
                write('r');
                break;
            default:
                // All other control characters are written in hex, e.g. "\u001f"
                printf("u%04x", (unsigned)c);
   b6ef4:	f8df 90a4 	ldr.w	r9, [pc, #164]	; b6f9c <_ZN5spark10JSONWriter12writeEscapedEPKcj+0xb8>
    const char* const end = str + size;
   b6ef8:	44a8      	add	r8, r5
    const char *s = str;
   b6efa:	462f      	mov	r7, r5
    while (s != end) {
   b6efc:	4547      	cmp	r7, r8
   b6efe:	46ba      	mov	sl, r7
   b6f00:	d03d      	beq.n	b6f7e <_ZN5spark10JSONWriter12writeEscapedEPKcj+0x9a>
        const char c = *s;
   b6f02:	f817 6b01 	ldrb.w	r6, [r7], #1
        if (c == '"' || c == '\\' || !std::isprint((unsigned char)c)) {
   b6f06:	2e22      	cmp	r6, #34	; 0x22
   b6f08:	d006      	beq.n	b6f18 <_ZN5spark10JSONWriter12writeEscapedEPKcj+0x34>
   b6f0a:	2e5c      	cmp	r6, #92	; 0x5c
   b6f0c:	d004      	beq.n	b6f18 <_ZN5spark10JSONWriter12writeEscapedEPKcj+0x34>
   b6f0e:	4630      	mov	r0, r6
   b6f10:	f000 fb10 	bl	b7534 <isprint>
   b6f14:	2800      	cmp	r0, #0
   b6f16:	d1f1      	bne.n	b6efc <_ZN5spark10JSONWriter12writeEscapedEPKcj+0x18>
            write(str, s - str); // Write preceeding characters
   b6f18:	6823      	ldr	r3, [r4, #0]
   b6f1a:	ebaa 0205 	sub.w	r2, sl, r5
   b6f1e:	689b      	ldr	r3, [r3, #8]
   b6f20:	4629      	mov	r1, r5
   b6f22:	4620      	mov	r0, r4
   b6f24:	4798      	blx	r3
            write('\\');
   b6f26:	215c      	movs	r1, #92	; 0x5c
   b6f28:	4620      	mov	r0, r4
   b6f2a:	f7ff fee2 	bl	b6cf2 <_ZN5spark10JSONWriter5writeEc>
            switch (c) {
   b6f2e:	2e0d      	cmp	r6, #13
   b6f30:	d80a      	bhi.n	b6f48 <_ZN5spark10JSONWriter12writeEscapedEPKcj+0x64>
   b6f32:	2e07      	cmp	r6, #7
   b6f34:	d91c      	bls.n	b6f70 <_ZN5spark10JSONWriter12writeEscapedEPKcj+0x8c>
   b6f36:	f1a6 0308 	sub.w	r3, r6, #8
   b6f3a:	2b05      	cmp	r3, #5
   b6f3c:	d818      	bhi.n	b6f70 <_ZN5spark10JSONWriter12writeEscapedEPKcj+0x8c>
   b6f3e:	e8df f003 	tbb	[pc, r3]
   b6f42:	0f0d      	.short	0x0f0d
   b6f44:	15131711 	.word	0x15131711
   b6f48:	2e22      	cmp	r6, #34	; 0x22
   b6f4a:	d001      	beq.n	b6f50 <_ZN5spark10JSONWriter12writeEscapedEPKcj+0x6c>
   b6f4c:	2e5c      	cmp	r6, #92	; 0x5c
   b6f4e:	d10f      	bne.n	b6f70 <_ZN5spark10JSONWriter12writeEscapedEPKcj+0x8c>
                write(c);
   b6f50:	4631      	mov	r1, r6
                write('b');
   b6f52:	4620      	mov	r0, r4
   b6f54:	f7ff fecd 	bl	b6cf2 <_ZN5spark10JSONWriter5writeEc>
                break;
            }
            str = s + 1;
   b6f58:	463d      	mov	r5, r7
    while (s != end) {
   b6f5a:	e7cf      	b.n	b6efc <_ZN5spark10JSONWriter12writeEscapedEPKcj+0x18>
                write('b');
   b6f5c:	2162      	movs	r1, #98	; 0x62
   b6f5e:	e7f8      	b.n	b6f52 <_ZN5spark10JSONWriter12writeEscapedEPKcj+0x6e>
                write('t');
   b6f60:	2174      	movs	r1, #116	; 0x74
   b6f62:	e7f6      	b.n	b6f52 <_ZN5spark10JSONWriter12writeEscapedEPKcj+0x6e>
                write('n');
   b6f64:	216e      	movs	r1, #110	; 0x6e
   b6f66:	e7f4      	b.n	b6f52 <_ZN5spark10JSONWriter12writeEscapedEPKcj+0x6e>
                write('f');
   b6f68:	2166      	movs	r1, #102	; 0x66
   b6f6a:	e7f2      	b.n	b6f52 <_ZN5spark10JSONWriter12writeEscapedEPKcj+0x6e>
                write('r');
   b6f6c:	2172      	movs	r1, #114	; 0x72
   b6f6e:	e7f0      	b.n	b6f52 <_ZN5spark10JSONWriter12writeEscapedEPKcj+0x6e>
                printf("u%04x", (unsigned)c);
   b6f70:	6823      	ldr	r3, [r4, #0]
   b6f72:	4632      	mov	r2, r6
   b6f74:	68db      	ldr	r3, [r3, #12]
   b6f76:	4649      	mov	r1, r9
   b6f78:	4620      	mov	r0, r4
   b6f7a:	4798      	blx	r3
                break;
   b6f7c:	e7ec      	b.n	b6f58 <_ZN5spark10JSONWriter12writeEscapedEPKcj+0x74>
        }
        ++s;
    }
    if (s != str) {
   b6f7e:	42bd      	cmp	r5, r7
   b6f80:	d005      	beq.n	b6f8e <_ZN5spark10JSONWriter12writeEscapedEPKcj+0xaa>
        write(str, s - str); // Write remaining characters
   b6f82:	6823      	ldr	r3, [r4, #0]
   b6f84:	1b7a      	subs	r2, r7, r5
   b6f86:	689b      	ldr	r3, [r3, #8]
   b6f88:	4629      	mov	r1, r5
   b6f8a:	4620      	mov	r0, r4
   b6f8c:	4798      	blx	r3
    }
    write('"');
   b6f8e:	2122      	movs	r1, #34	; 0x22
   b6f90:	4620      	mov	r0, r4
   b6f92:	f7ff feae 	bl	b6cf2 <_ZN5spark10JSONWriter5writeEc>
}
   b6f96:	e8bd 87f0 	ldmia.w	sp!, {r4, r5, r6, r7, r8, r9, sl, pc}
   b6f9a:	bf00      	nop
   b6f9c:	000b7a7b 	.word	0x000b7a7b

000b6fa0 <_ZN5spark10JSONWriter4nameEPKcj>:
spark::JSONWriter& spark::JSONWriter::name(const char *name, size_t size) {
   b6fa0:	b513      	push	{r0, r1, r4, lr}
   b6fa2:	4604      	mov	r4, r0
   b6fa4:	e9cd 2100 	strd	r2, r1, [sp]
    writeSeparator();
   b6fa8:	f7ff ff5e 	bl	b6e68 <_ZN5spark10JSONWriter14writeSeparatorEv>
    writeEscaped(name, size);
   b6fac:	4620      	mov	r0, r4
   b6fae:	e9dd 2100 	ldrd	r2, r1, [sp]
   b6fb2:	f7ff ff97 	bl	b6ee4 <_ZN5spark10JSONWriter12writeEscapedEPKcj>
    state_ = VALUE;
   b6fb6:	2302      	movs	r3, #2
}
   b6fb8:	4620      	mov	r0, r4
    state_ = VALUE;
   b6fba:	7123      	strb	r3, [r4, #4]
}
   b6fbc:	b002      	add	sp, #8
   b6fbe:	bd10      	pop	{r4, pc}

000b6fc0 <_ZN5spark10JSONWriter5valueEPKcj>:
spark::JSONWriter& spark::JSONWriter::value(const char *val, size_t size) {
   b6fc0:	b513      	push	{r0, r1, r4, lr}
   b6fc2:	4604      	mov	r4, r0
   b6fc4:	e9cd 2100 	strd	r2, r1, [sp]
    writeSeparator();
   b6fc8:	f7ff ff4e 	bl	b6e68 <_ZN5spark10JSONWriter14writeSeparatorEv>
    writeEscaped(val, size);
   b6fcc:	4620      	mov	r0, r4
   b6fce:	e9dd 2100 	ldrd	r2, r1, [sp]
   b6fd2:	f7ff ff87 	bl	b6ee4 <_ZN5spark10JSONWriter12writeEscapedEPKcj>
    state_ = NEXT;
   b6fd6:	2301      	movs	r3, #1
}
   b6fd8:	4620      	mov	r0, r4
    state_ = NEXT;
   b6fda:	7123      	strb	r3, [r4, #4]
}
   b6fdc:	b002      	add	sp, #8
   b6fde:	bd10      	pop	{r4, pc}

000b6fe0 <_ZN5spark13CellularClass5readyEv>:
        return network_listening(*this, 0, NULL);
    }

    bool ready()
    {
        return network_ready(*this, 0,  NULL);
   b6fe0:	2200      	movs	r2, #0
   b6fe2:	6840      	ldr	r0, [r0, #4]
   b6fe4:	4611      	mov	r1, r2
   b6fe6:	f7fe b979 	b.w	b52dc <network_ready>

000b6fea <_ZN5spark13CellularClass9listeningEv>:
        return network_listening(*this, 0, NULL);
   b6fea:	2200      	movs	r2, #0
   b6fec:	6840      	ldr	r0, [r0, #4]
   b6fee:	4611      	mov	r1, r2
   b6ff0:	f7fe b994 	b.w	b531c <network_listening>

000b6ff4 <_ZN5spark13CellularClass16getListenTimeoutEv>:
        return network_get_listen_timeout(*this, 0, NULL);
   b6ff4:	2200      	movs	r2, #0
   b6ff6:	6840      	ldr	r0, [r0, #4]
   b6ff8:	4611      	mov	r1, r2
   b6ffa:	f7fe b99f 	b.w	b533c <network_get_listen_timeout>

000b6ffe <_ZN5spark13CellularClass16setListenTimeoutEt>:
        network_set_listen_timeout(*this, timeout, NULL);
   b6ffe:	6840      	ldr	r0, [r0, #4]
   b7000:	2200      	movs	r2, #0
   b7002:	f7fe b993 	b.w	b532c <network_set_listen_timeout>

000b7006 <_ZN5spark13CellularClass6listenEb>:
        network_listen(*this, begin ? 0 : 1, NULL);
   b7006:	6840      	ldr	r0, [r0, #4]
   b7008:	2200      	movs	r2, #0
   b700a:	f081 0101 	eor.w	r1, r1, #1
   b700e:	f7fe b97d 	b.w	b530c <network_listen>

000b7012 <_ZN5spark13CellularClass3offEv>:
        network_off(*this, 0, 0, NULL);
   b7012:	2300      	movs	r3, #0
   b7014:	6840      	ldr	r0, [r0, #4]
   b7016:	461a      	mov	r2, r3
   b7018:	4619      	mov	r1, r3
   b701a:	f7fe b96f 	b.w	b52fc <network_off>

000b701e <_ZN5spark13CellularClass2onEv>:
        network_on(*this, 0, 0, NULL);
   b701e:	2300      	movs	r3, #0
   b7020:	6840      	ldr	r0, [r0, #4]
   b7022:	461a      	mov	r2, r3
   b7024:	4619      	mov	r1, r3
   b7026:	f7fe b961 	b.w	b52ec <network_on>

000b702a <_ZN5spark13CellularClass10connectingEv>:
        return network_connecting(*this, 0, NULL);
   b702a:	2200      	movs	r2, #0
   b702c:	6840      	ldr	r0, [r0, #4]
   b702e:	4611      	mov	r1, r2
   b7030:	f7fe b944 	b.w	b52bc <network_connecting>

000b7034 <_ZN5spark13CellularClass10disconnectEv>:
        network_disconnect(*this, NETWORK_DISCONNECT_REASON_USER, NULL);
   b7034:	6840      	ldr	r0, [r0, #4]
   b7036:	2200      	movs	r2, #0
   b7038:	2102      	movs	r1, #2
   b703a:	f7fe b947 	b.w	b52cc <network_disconnect>

000b703e <_ZN5spark13CellularClass7connectEj>:
        network_connect(*this, flags, 0, NULL);
   b703e:	2300      	movs	r3, #0
   b7040:	6840      	ldr	r0, [r0, #4]
   b7042:	461a      	mov	r2, r3
   b7044:	f7fe b932 	b.w	b52ac <network_connect>

000b7048 <_GLOBAL__sub_I__ZN5spark13CellularClass4RSSIEv>:
    int tx_total;
    int rx_total;

    CellularDataHal()
    {
        memset(this, 0, sizeof(*this));
   b7048:	4b08      	ldr	r3, [pc, #32]	; (b706c <_GLOBAL__sub_I__ZN5spark13CellularClass4RSSIEv+0x24>)
        return (band_get.ok = true);
    }

    CellularClass Cellular;
    // NetworkClass& Network = Cellular;
}
   b704a:	b510      	push	{r4, lr}
   b704c:	2428      	movs	r4, #40	; 0x28
   b704e:	4622      	mov	r2, r4
   b7050:	4618      	mov	r0, r3
   b7052:	2100      	movs	r1, #0
   b7054:	f000 fa9e 	bl	b7594 <memset>
   b7058:	4b05      	ldr	r3, [pc, #20]	; (b7070 <_GLOBAL__sub_I__ZN5spark13CellularClass4RSSIEv+0x28>)
        cid = -1;
        size = sizeof(*this);
   b705a:	8004      	strh	r4, [r0, #0]
        cid = -1;
   b705c:	f04f 32ff 	mov.w	r2, #4294967295
   b7060:	6042      	str	r2, [r0, #4]
   b7062:	2204      	movs	r2, #4
   b7064:	605a      	str	r2, [r3, #4]
            NetworkClass(NETWORK_INTERFACE_CELLULAR) {
   b7066:	4a03      	ldr	r2, [pc, #12]	; (b7074 <_GLOBAL__sub_I__ZN5spark13CellularClass4RSSIEv+0x2c>)
   b7068:	601a      	str	r2, [r3, #0]
   b706a:	bd10      	pop	{r4, pc}
   b706c:	2003df84 	.word	0x2003df84
   b7070:	2003df7c 	.word	0x2003df7c
   b7074:	000b7a8c 	.word	0x000b7a8c

000b7078 <_ZN11USARTSerialD1Ev>:
private:
  hal_usart_interface_t _serial;
  bool _blocking;
public:
  USARTSerial(hal_usart_interface_t serial, const hal_usart_buffer_config_t& config);
  virtual ~USARTSerial() {};
   b7078:	4770      	bx	lr

000b707a <_ZN11USARTSerial14blockOnOverrunEb>:
    hal_usart_half_duplex(_serial, Enable);
}

void USARTSerial::blockOnOverrun(bool block)
{
  _blocking = block;
   b707a:	7441      	strb	r1, [r0, #17]
}
   b707c:	4770      	bx	lr

000b707e <_ZN11USARTSerial17availableForWriteEv>:


int USARTSerial::availableForWrite(void)
{
   b707e:	b508      	push	{r3, lr}
  return std::max(0, (int)hal_usart_available_data_for_write(_serial));
   b7080:	7c00      	ldrb	r0, [r0, #16]
   b7082:	f7fe f825 	bl	b50d0 <hal_usart_available_data_for_write>
}
   b7086:	ea20 70e0 	bic.w	r0, r0, r0, asr #31
   b708a:	bd08      	pop	{r3, pc}

000b708c <_ZN11USARTSerial9availableEv>:

int USARTSerial::available(void)
{
   b708c:	b508      	push	{r3, lr}
  return std::max(0, (int)hal_usart_available(_serial));
   b708e:	7c00      	ldrb	r0, [r0, #16]
   b7090:	f7fd fffe 	bl	b5090 <hal_usart_available>
}
   b7094:	ea20 70e0 	bic.w	r0, r0, r0, asr #31
   b7098:	bd08      	pop	{r3, pc}

000b709a <_ZN11USARTSerial4peekEv>:

int USARTSerial::peek(void)
{
   b709a:	b508      	push	{r3, lr}
  return std::max(-1, (int)hal_usart_peek(_serial));
   b709c:	7c00      	ldrb	r0, [r0, #16]
   b709e:	f7fe f807 	bl	b50b0 <hal_usart_peek>
}
   b70a2:	ea40 70e0 	orr.w	r0, r0, r0, asr #31
   b70a6:	bd08      	pop	{r3, pc}

000b70a8 <_ZN11USARTSerial4readEv>:

int USARTSerial::read(void)
{
   b70a8:	b508      	push	{r3, lr}
  return std::max(-1, (int)hal_usart_read(_serial));
   b70aa:	7c00      	ldrb	r0, [r0, #16]
   b70ac:	f7fd fff8 	bl	b50a0 <hal_usart_read>
}
   b70b0:	ea40 70e0 	orr.w	r0, r0, r0, asr #31
   b70b4:	bd08      	pop	{r3, pc}

000b70b6 <_ZN11USARTSerial5flushEv>:

void USARTSerial::flush()
{
  hal_usart_flush(_serial);
   b70b6:	7c00      	ldrb	r0, [r0, #16]
   b70b8:	f7fe b802 	b.w	b50c0 <hal_usart_flush>

000b70bc <_ZN11USARTSerial5writeEh>:
}

size_t USARTSerial::write(uint8_t c)
{
   b70bc:	b537      	push	{r0, r1, r2, r4, r5, lr}
  // attempt a write if blocking, or for non-blocking if there is room.
  if (_blocking || hal_usart_available_data_for_write(_serial) > 0) {
   b70be:	7c45      	ldrb	r5, [r0, #17]
{
   b70c0:	4604      	mov	r4, r0
  if (_blocking || hal_usart_available_data_for_write(_serial) > 0) {
   b70c2:	b12d      	cbz	r5, b70d0 <_ZN11USARTSerial5writeEh+0x14>
    // the HAL always blocks.
	  return hal_usart_write(_serial, c);
   b70c4:	7c20      	ldrb	r0, [r4, #16]
  }
  return 0;
}
   b70c6:	b003      	add	sp, #12
   b70c8:	e8bd 4030 	ldmia.w	sp!, {r4, r5, lr}
	  return hal_usart_write(_serial, c);
   b70cc:	f7fd bfd8 	b.w	b5080 <hal_usart_write>
  if (_blocking || hal_usart_available_data_for_write(_serial) > 0) {
   b70d0:	7c00      	ldrb	r0, [r0, #16]
   b70d2:	9101      	str	r1, [sp, #4]
   b70d4:	f7fd fffc 	bl	b50d0 <hal_usart_available_data_for_write>
   b70d8:	2800      	cmp	r0, #0
   b70da:	9901      	ldr	r1, [sp, #4]
   b70dc:	dcf2      	bgt.n	b70c4 <_ZN11USARTSerial5writeEh+0x8>
}
   b70de:	4628      	mov	r0, r5
   b70e0:	b003      	add	sp, #12
   b70e2:	bd30      	pop	{r4, r5, pc}

000b70e4 <_ZN11USARTSerialD0Ev>:
   b70e4:	b510      	push	{r4, lr}
   b70e6:	2114      	movs	r1, #20
   b70e8:	4604      	mov	r4, r0
   b70ea:	f7fd fc08 	bl	b48fe <_ZdlPvj>
   b70ee:	4620      	mov	r0, r4
   b70f0:	bd10      	pop	{r4, pc}
	...

000b70f4 <_ZN11USARTSerialC1E21hal_usart_interface_tRK25hal_usart_buffer_config_t>:
USARTSerial::USARTSerial(hal_usart_interface_t serial, const hal_usart_buffer_config_t& config)
   b70f4:	b510      	push	{r4, lr}
   b70f6:	f44f 737a 	mov.w	r3, #1000	; 0x3e8
   b70fa:	4604      	mov	r4, r0
   b70fc:	4608      	mov	r0, r1
   b70fe:	4611      	mov	r1, r2
   b7100:	2200      	movs	r2, #0
   b7102:	e9c4 2301 	strd	r2, r3, [r4, #4]
   b7106:	4b04      	ldr	r3, [pc, #16]	; (b7118 <_ZN11USARTSerialC1E21hal_usart_interface_tRK25hal_usart_buffer_config_t+0x24>)
   b7108:	6023      	str	r3, [r4, #0]
  _blocking = true;
   b710a:	2301      	movs	r3, #1
  _serial = serial;
   b710c:	7420      	strb	r0, [r4, #16]
  _blocking = true;
   b710e:	7463      	strb	r3, [r4, #17]
  hal_usart_init_ex(serial, &config, nullptr);
   b7110:	f7fd ffee 	bl	b50f0 <hal_usart_init_ex>
}
   b7114:	4620      	mov	r0, r4
   b7116:	bd10      	pop	{r4, pc}
   b7118:	000b7ad0 	.word	0x000b7ad0

000b711c <_ZN11USARTSerial5beginEmm>:
  hal_usart_begin_config(_serial, baud, config, nullptr);
   b711c:	7c00      	ldrb	r0, [r0, #16]
   b711e:	2300      	movs	r3, #0
   b7120:	f7fd bfde 	b.w	b50e0 <hal_usart_begin_config>

000b7124 <_ZN11USARTSerial5beginEm>:
  begin(baud, SERIAL_8N1);
   b7124:	2200      	movs	r2, #0
   b7126:	f7ff bff9 	b.w	b711c <_ZN11USARTSerial5beginEmm>

000b712a <_ZN11USARTSerial3endEv>:
  hal_usart_end(_serial);
   b712a:	7c00      	ldrb	r0, [r0, #16]
   b712c:	f7fd bfa0 	b.w	b5070 <hal_usart_end>

000b7130 <_ZN7TwoWireD1Ev>:
private:
  hal_i2c_interface_t _i2c;

public:
  TwoWire(hal_i2c_interface_t i2c, const hal_i2c_config_t& config);
  virtual ~TwoWire() {};
   b7130:	4770      	bx	lr

000b7132 <_ZN7TwoWire5writeEPKhj>:

// must be called in:
// slave tx event callback
// or after beginTransmission(address)
size_t TwoWire::write(const uint8_t *data, size_t quantity)
{
   b7132:	b5f8      	push	{r3, r4, r5, r6, r7, lr}
   b7134:	4606      	mov	r6, r0
   b7136:	4615      	mov	r5, r2
   b7138:	460c      	mov	r4, r1
   b713a:	188f      	adds	r7, r1, r2
  // in master/slave transmitter mode
  for(size_t i = 0; i < quantity; ++i)
   b713c:	42bc      	cmp	r4, r7
   b713e:	d006      	beq.n	b714e <_ZN7TwoWire5writeEPKhj+0x1c>
  {
    write(data[i]);
   b7140:	6833      	ldr	r3, [r6, #0]
   b7142:	f814 1b01 	ldrb.w	r1, [r4], #1
   b7146:	689b      	ldr	r3, [r3, #8]
   b7148:	4630      	mov	r0, r6
   b714a:	4798      	blx	r3
  for(size_t i = 0; i < quantity; ++i)
   b714c:	e7f6      	b.n	b713c <_ZN7TwoWire5writeEPKhj+0xa>
  }

  return quantity;
}
   b714e:	4628      	mov	r0, r5
   b7150:	bdf8      	pop	{r3, r4, r5, r6, r7, pc}

000b7152 <_ZN7TwoWire5writeEh>:
  return hal_i2c_write(_i2c, data, NULL);
   b7152:	7c00      	ldrb	r0, [r0, #16]
   b7154:	2200      	movs	r2, #0
   b7156:	f7fd bfeb 	b.w	b5130 <hal_i2c_write>

000b715a <_ZN7TwoWire9availableEv>:
// must be called in:
// slave rx event callback
// or after requestFrom(address, numBytes)
int TwoWire::available(void)
{
  return hal_i2c_available(_i2c, NULL);
   b715a:	7c00      	ldrb	r0, [r0, #16]
   b715c:	2100      	movs	r1, #0
   b715e:	f7fd bfef 	b.w	b5140 <hal_i2c_available>

000b7162 <_ZN7TwoWire4readEv>:
// must be called in:
// slave rx event callback
// or after requestFrom(address, numBytes)
int TwoWire::read(void)
{
  return hal_i2c_read(_i2c, NULL);
   b7162:	7c00      	ldrb	r0, [r0, #16]
   b7164:	2100      	movs	r1, #0
   b7166:	f7fd bff3 	b.w	b5150 <hal_i2c_read>

000b716a <_ZN7TwoWire4peekEv>:
// must be called in:
// slave rx event callback
// or after requestFrom(address, numBytes)
int TwoWire::peek(void)
{
  return hal_i2c_peek(_i2c, NULL);
   b716a:	7c00      	ldrb	r0, [r0, #16]
   b716c:	2100      	movs	r1, #0
   b716e:	f7fd bff7 	b.w	b5160 <hal_i2c_peek>

000b7172 <_ZN7TwoWire5flushEv>:
}

void TwoWire::flush(void)
{
  hal_i2c_flush(_i2c, NULL);
   b7172:	7c00      	ldrb	r0, [r0, #16]
   b7174:	2100      	movs	r1, #0
   b7176:	f7fd bffb 	b.w	b5170 <hal_i2c_flush>

000b717a <_ZN7TwoWireD0Ev>:
   b717a:	b510      	push	{r4, lr}
   b717c:	2114      	movs	r1, #20
   b717e:	4604      	mov	r4, r0
   b7180:	f7fd fbbd 	bl	b48fe <_ZdlPvj>
   b7184:	4620      	mov	r0, r4
   b7186:	bd10      	pop	{r4, pc}

000b7188 <_ZN7TwoWireC1E19hal_i2c_interface_tRK16hal_i2c_config_t>:
TwoWire::TwoWire(hal_i2c_interface_t i2c, const hal_i2c_config_t& conf)
   b7188:	b538      	push	{r3, r4, r5, lr}
   b718a:	4604      	mov	r4, r0
   b718c:	4615      	mov	r5, r2
   b718e:	f44f 737a 	mov.w	r3, #1000	; 0x3e8
   b7192:	2200      	movs	r2, #0
   b7194:	e9c4 2301 	strd	r2, r3, [r4, #4]
   b7198:	4b09      	ldr	r3, [pc, #36]	; (b71c0 <_ZN7TwoWireC1E19hal_i2c_interface_tRK16hal_i2c_config_t+0x38>)
  _i2c = i2c;
   b719a:	7421      	strb	r1, [r4, #16]
TwoWire::TwoWire(hal_i2c_interface_t i2c, const hal_i2c_config_t& conf)
   b719c:	4608      	mov	r0, r1
   b719e:	6023      	str	r3, [r4, #0]
  int result = hal_i2c_init(_i2c, &conf);
   b71a0:	4629      	mov	r1, r5
   b71a2:	f7fd ffed 	bl	b5180 <hal_i2c_init>
  if (result == SYSTEM_ERROR_NOT_ENOUGH_DATA && 
   b71a6:	30bf      	adds	r0, #191	; 0xbf
   b71a8:	d108      	bne.n	b71bc <_ZN7TwoWireC1E19hal_i2c_interface_tRK16hal_i2c_config_t+0x34>
      (conf.flags & HAL_I2C_CONFIG_FLAG_FREEABLE)) {
   b71aa:	696b      	ldr	r3, [r5, #20]
  if (result == SYSTEM_ERROR_NOT_ENOUGH_DATA && 
   b71ac:	07db      	lsls	r3, r3, #31
   b71ae:	d505      	bpl.n	b71bc <_ZN7TwoWireC1E19hal_i2c_interface_tRK16hal_i2c_config_t+0x34>
    free(conf.rx_buffer);
   b71b0:	6868      	ldr	r0, [r5, #4]
   b71b2:	f7fe f8fb 	bl	b53ac <free>
    free(conf.tx_buffer);
   b71b6:	68e8      	ldr	r0, [r5, #12]
   b71b8:	f7fe f8f8 	bl	b53ac <free>
}
   b71bc:	4620      	mov	r0, r4
   b71be:	bd38      	pop	{r3, r4, r5, pc}
   b71c0:	000b7b04 	.word	0x000b7b04

000b71c4 <_ZN7TwoWire5beginEv>:
	hal_i2c_begin(_i2c, I2C_MODE_MASTER, 0x00, NULL);
   b71c4:	2300      	movs	r3, #0
   b71c6:	7c00      	ldrb	r0, [r0, #16]
   b71c8:	461a      	mov	r2, r3
   b71ca:	4619      	mov	r1, r3
   b71cc:	f7fd bf98 	b.w	b5100 <hal_i2c_begin>

000b71d0 <_ZN7TwoWire11requestFromERK16WireTransmission>:
size_t TwoWire::requestFrom(const WireTransmission& transfer) {
   b71d0:	b57f      	push	{r0, r1, r2, r3, r4, r5, r6, lr}
    hal_i2c_transmission_config_t conf = {
   b71d2:	2200      	movs	r2, #0
   b71d4:	2318      	movs	r3, #24
   b71d6:	e9cd 2200 	strd	r2, r2, [sp]
   b71da:	f8ad 3000 	strh.w	r3, [sp]
    };
   b71de:	780b      	ldrb	r3, [r1, #0]
   b71e0:	f88d 3004 	strb.w	r3, [sp, #4]
   b71e4:	684b      	ldr	r3, [r1, #4]
   b71e6:	9302      	str	r3, [sp, #8]
   b71e8:	68cb      	ldr	r3, [r1, #12]
   b71ea:	9303      	str	r3, [sp, #12]
      .flags = (uint32_t)(stop_ ? HAL_I2C_TRANSMISSION_FLAG_STOP : 0),
   b71ec:	7a0b      	ldrb	r3, [r1, #8]
   b71ee:	9304      	str	r3, [sp, #16]
  return hal_i2c_request_ex(_i2c, &conf, nullptr);
   b71f0:	7c00      	ldrb	r0, [r0, #16]
    };
   b71f2:	690b      	ldr	r3, [r1, #16]
   b71f4:	9305      	str	r3, [sp, #20]
   b71f6:	4669      	mov	r1, sp
   b71f8:	f7fd ffca 	bl	b5190 <hal_i2c_request_ex>
}
   b71fc:	b007      	add	sp, #28
   b71fe:	f85d fb04 	ldr.w	pc, [sp], #4

000b7202 <_ZN7TwoWire11requestFromEhjh>:
{
   b7202:	b57f      	push	{r0, r1, r2, r3, r4, r5, r6, lr}
        buffer_(nullptr) {
   b7204:	f88d 1004 	strb.w	r1, [sp, #4]
   b7208:	2100      	movs	r1, #0
  return requestFrom(WireTransmission(address).quantity(quantity).stop(sendStop));
   b720a:	1a5b      	subs	r3, r3, r1
   b720c:	f04f 0c64 	mov.w	ip, #100	; 0x64
   b7210:	e9cd c104 	strd	ip, r1, [sp, #16]
   b7214:	bf18      	it	ne
   b7216:	2301      	movne	r3, #1
   b7218:	a901      	add	r1, sp, #4
    size_ = size;
   b721a:	9202      	str	r2, [sp, #8]
   b721c:	f88d 300c 	strb.w	r3, [sp, #12]
   b7220:	f7ff ffd6 	bl	b71d0 <_ZN7TwoWire11requestFromERK16WireTransmission>
}
   b7224:	b007      	add	sp, #28
   b7226:	f85d fb04 	ldr.w	pc, [sp], #4

000b722a <_ZN7TwoWire11requestFromEhj>:
  return requestFrom(address, quantity, (uint8_t)true);
   b722a:	2301      	movs	r3, #1
   b722c:	f7ff bfe9 	b.w	b7202 <_ZN7TwoWire11requestFromEhjh>

000b7230 <_ZN7TwoWire17beginTransmissionEh>:
	hal_i2c_begin_transmission(_i2c, address, NULL);
   b7230:	7c00      	ldrb	r0, [r0, #16]
   b7232:	2200      	movs	r2, #0
   b7234:	f7fd bf6c 	b.w	b5110 <hal_i2c_begin_transmission>

000b7238 <_ZN7TwoWire15endTransmissionEh>:
	return hal_i2c_end_transmission(_i2c, sendStop, NULL);
   b7238:	7c00      	ldrb	r0, [r0, #16]
   b723a:	2200      	movs	r2, #0
   b723c:	f7fd bf70 	b.w	b5120 <hal_i2c_end_transmission>

000b7240 <_ZN7TwoWire15endTransmissionEv>:
  return endTransmission(true);
   b7240:	2101      	movs	r1, #1
   b7242:	f7ff bff9 	b.w	b7238 <_ZN7TwoWire15endTransmissionEh>
	...

000b7248 <_GLOBAL__sub_I__ZN7TwoWireC2E19hal_i2c_interface_tRK16hal_i2c_config_t>:
      : address_{address},
   b7248:	4b05      	ldr	r3, [pc, #20]	; (b7260 <_GLOBAL__sub_I__ZN7TwoWireC2E19hal_i2c_interface_tRK16hal_i2c_config_t+0x18>)
        buffer_(nullptr) {
   b724a:	21ff      	movs	r1, #255	; 0xff
   b724c:	2200      	movs	r2, #0
   b724e:	e9c3 1200 	strd	r1, r2, [r3]
   b7252:	2001      	movs	r0, #1
   b7254:	2164      	movs	r1, #100	; 0x64
   b7256:	e9c3 0102 	strd	r0, r1, [r3, #8]
   b725a:	611a      	str	r2, [r3, #16]

namespace particle {
namespace detail {
const WireTransmission WIRE_INVALID_TRANSMISSION(0xff);
} // detail
} // particle
   b725c:	4770      	bx	lr
   b725e:	bf00      	nop
   b7260:	2003dfac 	.word	0x2003dfac

000b7264 <_ZN5spark12NetworkClass7connectEj>:
        return Network;
    }
}

void NetworkClass::connect(unsigned flags) {
    network_connect(*this, flags, 0, nullptr);
   b7264:	2300      	movs	r3, #0
   b7266:	6840      	ldr	r0, [r0, #4]
   b7268:	461a      	mov	r2, r3
   b726a:	f7fe b81f 	b.w	b52ac <network_connect>

000b726e <_ZN5spark12NetworkClass10disconnectEv>:
}

void NetworkClass::disconnect() {
    network_disconnect(*this, NETWORK_DISCONNECT_REASON_USER, nullptr);
   b726e:	6840      	ldr	r0, [r0, #4]
   b7270:	2200      	movs	r2, #0
   b7272:	2102      	movs	r1, #2
   b7274:	f7fe b82a 	b.w	b52cc <network_disconnect>

000b7278 <_ZN5spark12NetworkClass10connectingEv>:
}

bool NetworkClass::connecting() {
    return network_connecting(*this, 0, nullptr);
   b7278:	2200      	movs	r2, #0
   b727a:	6840      	ldr	r0, [r0, #4]
   b727c:	4611      	mov	r1, r2
   b727e:	f7fe b81d 	b.w	b52bc <network_connecting>

000b7282 <_ZN5spark12NetworkClass5readyEv>:
}

bool NetworkClass::ready() {
    return network_ready(*this, 0, nullptr);
   b7282:	2200      	movs	r2, #0
   b7284:	6840      	ldr	r0, [r0, #4]
   b7286:	4611      	mov	r1, r2
   b7288:	f7fe b828 	b.w	b52dc <network_ready>

000b728c <_ZN5spark12NetworkClass2onEv>:
}

void NetworkClass::on() {
    network_on(*this, 0, 0, nullptr);
   b728c:	2300      	movs	r3, #0
   b728e:	6840      	ldr	r0, [r0, #4]
   b7290:	461a      	mov	r2, r3
   b7292:	4619      	mov	r1, r3
   b7294:	f7fe b82a 	b.w	b52ec <network_on>

000b7298 <_ZN5spark12NetworkClass3offEv>:
}

void NetworkClass::off() {
    network_off(*this, 0, 0, nullptr);
   b7298:	2300      	movs	r3, #0
   b729a:	6840      	ldr	r0, [r0, #4]
   b729c:	461a      	mov	r2, r3
   b729e:	4619      	mov	r1, r3
   b72a0:	f7fe b82c 	b.w	b52fc <network_off>

000b72a4 <_ZN5spark12NetworkClass4isOnEv>:
}

bool NetworkClass::isOn() {
    return network_is_on(*this, nullptr);
   b72a4:	6840      	ldr	r0, [r0, #4]
   b72a6:	2100      	movs	r1, #0
   b72a8:	f7fe b850 	b.w	b534c <network_is_on>

000b72ac <_ZN5spark12NetworkClass5isOffEv>:
}

bool NetworkClass::isOff() {
    return network_is_off(*this, nullptr);
   b72ac:	6840      	ldr	r0, [r0, #4]
   b72ae:	2100      	movs	r1, #0
   b72b0:	f7fe b854 	b.w	b535c <network_is_off>

000b72b4 <_ZN5spark12NetworkClass6listenEb>:
}

void NetworkClass::listen(bool begin) {
    network_listen(*this, begin ? 0 : 1, nullptr);
   b72b4:	6840      	ldr	r0, [r0, #4]
   b72b6:	2200      	movs	r2, #0
   b72b8:	f081 0101 	eor.w	r1, r1, #1
   b72bc:	f7fe b826 	b.w	b530c <network_listen>

000b72c0 <_ZN5spark12NetworkClass16setListenTimeoutEt>:
}

void NetworkClass::setListenTimeout(uint16_t timeout) {
    network_set_listen_timeout(*this, timeout, nullptr);
   b72c0:	6840      	ldr	r0, [r0, #4]
   b72c2:	2200      	movs	r2, #0
   b72c4:	f7fe b832 	b.w	b532c <network_set_listen_timeout>

000b72c8 <_ZN5spark12NetworkClass16getListenTimeoutEv>:
}

uint16_t NetworkClass::getListenTimeout() {
    return network_get_listen_timeout(*this, 0, nullptr);
   b72c8:	2200      	movs	r2, #0
   b72ca:	6840      	ldr	r0, [r0, #4]
   b72cc:	4611      	mov	r1, r2
   b72ce:	f7fe b835 	b.w	b533c <network_get_listen_timeout>

000b72d2 <_ZN5spark12NetworkClass9listeningEv>:
}

bool NetworkClass::listening() {
    return network_listening(*this, 0, nullptr);
   b72d2:	2200      	movs	r2, #0
   b72d4:	6840      	ldr	r0, [r0, #4]
   b72d6:	4611      	mov	r1, r2
   b72d8:	f7fe b820 	b.w	b531c <network_listening>

000b72dc <_ZN5spark12NetworkClass11isPreferredEv>:
    network_handle_t network = network_prefer(*this, prefer, nullptr);
    return Network.from(network);
}

bool NetworkClass::isPreferred() {
    return network_is_preferred(*this, nullptr);
   b72dc:	6840      	ldr	r0, [r0, #4]
   b72de:	2100      	movs	r1, #0
   b72e0:	f7fe b84c 	b.w	b537c <network_is_preferred>

000b72e4 <_ZN5spark12NetworkClass7resolveEPKcb>:
}

IPAddress NetworkClass::resolve(const char* name, bool flushCache) {
   b72e4:	e92d 43f0 	stmdb	sp!, {r4, r5, r6, r7, r8, r9, lr}
    IPAddress addr;
#if HAL_USE_INET_HAL_POSIX
    struct addrinfo *ai = nullptr;
   b72e8:	2600      	movs	r6, #0
IPAddress NetworkClass::resolve(const char* name, bool flushCache) {
   b72ea:	b099      	sub	sp, #100	; 0x64
   b72ec:	460d      	mov	r5, r1
   b72ee:	4614      	mov	r4, r2
   b72f0:	4698      	mov	r8, r3
   b72f2:	4607      	mov	r7, r0
    IPAddress addr;
   b72f4:	f7ff fbd6 	bl	b6aa4 <_ZN9IPAddressC1Ev>
    struct addrinfo hints = {};
   b72f8:	221c      	movs	r2, #28
   b72fa:	4631      	mov	r1, r6
   b72fc:	a811      	add	r0, sp, #68	; 0x44
    struct addrinfo *ai = nullptr;
   b72fe:	9603      	str	r6, [sp, #12]
    struct addrinfo hints = {};
   b7300:	f000 f948 	bl	b7594 <memset>
    hints.ai_flags = AI_ADDRCONFIG;
    if (flushCache) {
   b7304:	f1b8 0f00 	cmp.w	r8, #0
   b7308:	d12c      	bne.n	b7364 <_ZN5spark12NetworkClass7resolveEPKcb+0x80>
    hints.ai_flags = AI_ADDRCONFIG;
   b730a:	2340      	movs	r3, #64	; 0x40
        return iface_;
   b730c:	6868      	ldr	r0, [r5, #4]
        hints.ai_flags |= AI_FLUSHCACHE;
   b730e:	9310      	str	r3, [sp, #64]	; 0x40
    }
    hints.ai_family = AF_UNSPEC;
    if_t iface = nullptr;
   b7310:	9604      	str	r6, [sp, #16]
    if ((network_interface_t)*this != NETWORK_INTERFACE_ALL) {
   b7312:	b118      	cbz	r0, b731c <_ZN5spark12NetworkClass7resolveEPKcb+0x38>
        if_get_by_index((network_interface_t)*this, &iface);
   b7314:	a904      	add	r1, sp, #16
   b7316:	b2c0      	uxtb	r0, r0
   b7318:	f7fd fe6a 	bl	b4ff0 <if_get_by_index>
    }
    const int r = netdb_getaddrinfo_ex(name, nullptr, &hints, &ai, iface);
   b731c:	9b04      	ldr	r3, [sp, #16]
   b731e:	9300      	str	r3, [sp, #0]
   b7320:	4620      	mov	r0, r4
   b7322:	ab03      	add	r3, sp, #12
   b7324:	aa10      	add	r2, sp, #64	; 0x40
   b7326:	2100      	movs	r1, #0
   b7328:	f7fd fe5a 	bl	b4fe0 <netdb_getaddrinfo_ex>
    if (!r) {
   b732c:	4604      	mov	r4, r0
   b732e:	2800      	cmp	r0, #0
   b7330:	d14d      	bne.n	b73ce <_ZN5spark12NetworkClass7resolveEPKcb+0xea>
        bool ok = false;
        // This is not really needed if AI_ADDRCONFIG is properly supported
        bool ipv4 = network_ready(*this, NETWORK_READY_TYPE_IPV4, nullptr);
   b7332:	4602      	mov	r2, r0
   b7334:	2101      	movs	r1, #1
   b7336:	6868      	ldr	r0, [r5, #4]
   b7338:	f7fd ffd0 	bl	b52dc <network_ready>
        bool ipv6 = network_ready(*this, NETWORK_READY_TYPE_IPV6, nullptr);
   b733c:	2102      	movs	r1, #2
        bool ipv4 = network_ready(*this, NETWORK_READY_TYPE_IPV4, nullptr);
   b733e:	4680      	mov	r8, r0
        bool ipv6 = network_ready(*this, NETWORK_READY_TYPE_IPV6, nullptr);
   b7340:	4622      	mov	r2, r4
   b7342:	6868      	ldr	r0, [r5, #4]
   b7344:	f7fd ffca 	bl	b52dc <network_ready>
        for (auto cur = ai; cur != nullptr && !ok; cur = cur->ai_next) {
   b7348:	9e03      	ldr	r6, [sp, #12]
        bool ipv6 = network_ready(*this, NETWORK_READY_TYPE_IPV6, nullptr);
   b734a:	4681      	mov	r9, r0
        bool ok = false;
   b734c:	4621      	mov	r1, r4
        for (auto cur = ai; cur != nullptr && !ok; cur = cur->ai_next) {
   b734e:	2e00      	cmp	r6, #0
   b7350:	d03d      	beq.n	b73ce <_ZN5spark12NetworkClass7resolveEPKcb+0xea>
   b7352:	2900      	cmp	r1, #0
   b7354:	d13b      	bne.n	b73ce <_ZN5spark12NetworkClass7resolveEPKcb+0xea>
            // NOTE: using only the first entry that matches the current state of IPv4/IPv6 connectivity
            switch (cur->ai_family) {
   b7356:	6873      	ldr	r3, [r6, #4]
   b7358:	2b02      	cmp	r3, #2
   b735a:	d005      	beq.n	b7368 <_ZN5spark12NetworkClass7resolveEPKcb+0x84>
   b735c:	2b0a      	cmp	r3, #10
   b735e:	d013      	beq.n	b7388 <_ZN5spark12NetworkClass7resolveEPKcb+0xa4>
        for (auto cur = ai; cur != nullptr && !ok; cur = cur->ai_next) {
   b7360:	69f6      	ldr	r6, [r6, #28]
   b7362:	e7f4      	b.n	b734e <_ZN5spark12NetworkClass7resolveEPKcb+0x6a>
        hints.ai_flags |= AI_FLUSHCACHE;
   b7364:	4b1d      	ldr	r3, [pc, #116]	; (b73dc <_ZN5spark12NetworkClass7resolveEPKcb+0xf8>)
   b7366:	e7d1      	b.n	b730c <_ZN5spark12NetworkClass7resolveEPKcb+0x28>
                case AF_INET: {
                    if (!ipv4) {
   b7368:	f1b8 0f00 	cmp.w	r8, #0
   b736c:	d0f8      	beq.n	b7360 <_ZN5spark12NetworkClass7resolveEPKcb+0x7c>
                        continue;
                    }
                    // NOTE: HAL_IPAddress is little-endian
                    auto in = (struct sockaddr_in*)cur->ai_addr;
                    addr = (const uint8_t*)(&in->sin_addr.s_addr);
   b736e:	6971      	ldr	r1, [r6, #20]
        return *this = IPAddress(address);
   b7370:	a80a      	add	r0, sp, #40	; 0x28
   b7372:	3104      	adds	r1, #4
class IPAddress : public Printable {
   b7374:	ad0b      	add	r5, sp, #44	; 0x2c
        return *this = IPAddress(address);
   b7376:	f7ff fbc3 	bl	b6b00 <_ZN9IPAddressC1EPKh>
class IPAddress : public Printable {
   b737a:	cd0f      	ldmia	r5!, {r0, r1, r2, r3}
   b737c:	1d3c      	adds	r4, r7, #4
   b737e:	c40f      	stmia	r4!, {r0, r1, r2, r3}
   b7380:	682b      	ldr	r3, [r5, #0]
   b7382:	7023      	strb	r3, [r4, #0]
                    ok = true;
   b7384:	4641      	mov	r1, r8
        return *this = IPAddress(address);
   b7386:	e7eb      	b.n	b7360 <_ZN5spark12NetworkClass7resolveEPKcb+0x7c>
                    break;
                }
                case AF_INET6: {
                    if (!ipv6) {
   b7388:	f1b9 0f00 	cmp.w	r9, #0
   b738c:	d0e8      	beq.n	b7360 <_ZN5spark12NetworkClass7resolveEPKcb+0x7c>
                        continue;
                    }
                    auto in6 = (struct sockaddr_in6*)cur->ai_addr;
   b738e:	6974      	ldr	r4, [r6, #20]
                    HAL_IPAddress a = {};
   b7390:	2210      	movs	r2, #16
   b7392:	a805      	add	r0, sp, #20
   b7394:	f000 f8fe 	bl	b7594 <memset>
                    a.v = 6;
   b7398:	2306      	movs	r3, #6
   b739a:	f88d 3024 	strb.w	r3, [sp, #36]	; 0x24
                    memcpy(a.ipv6, in6->sin6_addr.s6_addr, sizeof(a.ipv6));
   b739e:	ad05      	add	r5, sp, #20
   b73a0:	f104 0308 	add.w	r3, r4, #8
   b73a4:	3418      	adds	r4, #24
   b73a6:	6818      	ldr	r0, [r3, #0]
   b73a8:	6859      	ldr	r1, [r3, #4]
   b73aa:	462a      	mov	r2, r5
   b73ac:	c203      	stmia	r2!, {r0, r1}
   b73ae:	3308      	adds	r3, #8
   b73b0:	42a3      	cmp	r3, r4
   b73b2:	4615      	mov	r5, r2
   b73b4:	d1f7      	bne.n	b73a6 <_ZN5spark12NetworkClass7resolveEPKcb+0xc2>
                    addr = IPAddress(a);
   b73b6:	a905      	add	r1, sp, #20
   b73b8:	a80a      	add	r0, sp, #40	; 0x28
class IPAddress : public Printable {
   b73ba:	ad0b      	add	r5, sp, #44	; 0x2c
   b73bc:	f7ff fb80 	bl	b6ac0 <_ZN9IPAddressC1ERK16_HAL_IPAddress_t>
   b73c0:	cd0f      	ldmia	r5!, {r0, r1, r2, r3}
   b73c2:	1d3c      	adds	r4, r7, #4
   b73c4:	c40f      	stmia	r4!, {r0, r1, r2, r3}
   b73c6:	682b      	ldr	r3, [r5, #0]
   b73c8:	7023      	strb	r3, [r4, #0]
                    ok = true;
   b73ca:	4649      	mov	r1, r9
   b73cc:	e7c8      	b.n	b7360 <_ZN5spark12NetworkClass7resolveEPKcb+0x7c>
                    break;
                }
            }
        }
    }
    freeaddrinfo(ai);
   b73ce:	9803      	ldr	r0, [sp, #12]
   b73d0:	f7fd fdfe 	bl	b4fd0 <netdb_freeaddrinfo>
    return Cellular.resolve(name);
#endif // Wiring_Cellular

#endif // HAL_USE_INET_HAL_POSIX
    return addr;
}
   b73d4:	4638      	mov	r0, r7
   b73d6:	b019      	add	sp, #100	; 0x64
   b73d8:	e8bd 83f0 	ldmia.w	sp!, {r4, r5, r6, r7, r8, r9, pc}
   b73dc:	40000040 	.word	0x40000040

000b73e0 <_ZN5spark12NetworkClass4fromEm>:
    switch (nif) {
   b73e0:	3803      	subs	r0, #3
   b73e2:	2803      	cmp	r0, #3
   b73e4:	bf9a      	itte	ls
   b73e6:	4b02      	ldrls	r3, [pc, #8]	; (b73f0 <_ZN5spark12NetworkClass4fromEm+0x10>)
   b73e8:	f853 0020 	ldrls.w	r0, [r3, r0, lsl #2]
NetworkClass& NetworkClass::from(network_interface_t nif) {
   b73ec:	4801      	ldrhi	r0, [pc, #4]	; (b73f4 <_ZN5spark12NetworkClass4fromEm+0x14>)
}
   b73ee:	4770      	bx	lr
   b73f0:	000b7b28 	.word	0x000b7b28
   b73f4:	2003dfc0 	.word	0x2003dfc0

000b73f8 <_ZN5spark12NetworkClass6preferEb>:
NetworkClass& NetworkClass::prefer(bool prefer) {
   b73f8:	b508      	push	{r3, lr}
    network_handle_t network = network_prefer(*this, prefer, nullptr);
   b73fa:	2200      	movs	r2, #0
   b73fc:	6840      	ldr	r0, [r0, #4]
   b73fe:	f7fd ffb5 	bl	b536c <network_prefer>
}
   b7402:	e8bd 4008 	ldmia.w	sp!, {r3, lr}
    return Network.from(network);
   b7406:	f7ff bfeb 	b.w	b73e0 <_ZN5spark12NetworkClass4fromEm>
	...

000b740c <_GLOBAL__sub_I__ZN5spark7NetworkE>:
            : iface_(iface) {
   b740c:	4b02      	ldr	r3, [pc, #8]	; (b7418 <_GLOBAL__sub_I__ZN5spark7NetworkE+0xc>)
   b740e:	4a03      	ldr	r2, [pc, #12]	; (b741c <_GLOBAL__sub_I__ZN5spark7NetworkE+0x10>)
   b7410:	601a      	str	r2, [r3, #0]
   b7412:	2200      	movs	r2, #0
   b7414:	605a      	str	r2, [r3, #4]
    network_free_configuration(c, count, nullptr);
    return res;
}
#endif // HAL_USE_SOCKET_HAL_POSIX

} // spark
   b7416:	4770      	bx	lr
   b7418:	2003dfc0 	.word	0x2003dfc0
   b741c:	000b7b40 	.word	0x000b7b40

000b7420 <__tcf_0>:
}
#endif

USARTSerial& __fetch_global_Serial1()
{
    static USARTSerial serial1(HAL_USART_SERIAL1, acquireSerial1Buffer());
   b7420:	4770      	bx	lr
	...

000b7424 <_Z20acquireSerial1Bufferv>:
{
   b7424:	b538      	push	{r3, r4, r5, lr}
   b7426:	4604      	mov	r4, r0
    hal_usart_buffer_config_t config = {
   b7428:	2514      	movs	r5, #20
   b742a:	462a      	mov	r2, r5
   b742c:	2100      	movs	r1, #0
   b742e:	f000 f8b1 	bl	b7594 <memset>
   b7432:	8025      	strh	r5, [r4, #0]
   b7434:	2540      	movs	r5, #64	; 0x40
        .rx_buffer = new (std::nothrow) uint8_t[bufferSize],
   b7436:	4907      	ldr	r1, [pc, #28]	; (b7454 <_Z20acquireSerial1Bufferv+0x30>)
    hal_usart_buffer_config_t config = {
   b7438:	8125      	strh	r5, [r4, #8]
        .rx_buffer = new (std::nothrow) uint8_t[bufferSize],
   b743a:	4628      	mov	r0, r5
    hal_usart_buffer_config_t config = {
   b743c:	8225      	strh	r5, [r4, #16]
        .rx_buffer = new (std::nothrow) uint8_t[bufferSize],
   b743e:	f000 f871 	bl	b7524 <_ZnajRKSt9nothrow_t>
        .tx_buffer = new (std::nothrow) uint8_t[bufferSize],
   b7442:	4904      	ldr	r1, [pc, #16]	; (b7454 <_Z20acquireSerial1Bufferv+0x30>)
    };
   b7444:	6060      	str	r0, [r4, #4]
        .tx_buffer = new (std::nothrow) uint8_t[bufferSize],
   b7446:	4628      	mov	r0, r5
   b7448:	f000 f86c 	bl	b7524 <_ZnajRKSt9nothrow_t>
    };
   b744c:	60e0      	str	r0, [r4, #12]
}
   b744e:	4620      	mov	r0, r4
   b7450:	bd38      	pop	{r3, r4, r5, pc}
   b7452:	bf00      	nop
   b7454:	000b7b7c 	.word	0x000b7b7c

000b7458 <_Z22__fetch_global_Serial1v>:
{
   b7458:	b530      	push	{r4, r5, lr}
    static USARTSerial serial1(HAL_USART_SERIAL1, acquireSerial1Buffer());
   b745a:	4d0e      	ldr	r5, [pc, #56]	; (b7494 <_Z22__fetch_global_Serial1v+0x3c>)
   b745c:	7829      	ldrb	r1, [r5, #0]
   b745e:	f3bf 8f5b 	dmb	ish
   b7462:	f011 0401 	ands.w	r4, r1, #1
{
   b7466:	b087      	sub	sp, #28
    static USARTSerial serial1(HAL_USART_SERIAL1, acquireSerial1Buffer());
   b7468:	d111      	bne.n	b748e <_Z22__fetch_global_Serial1v+0x36>
   b746a:	4628      	mov	r0, r5
   b746c:	f7fd ffce 	bl	b540c <__cxa_guard_acquire>
   b7470:	b168      	cbz	r0, b748e <_Z22__fetch_global_Serial1v+0x36>
   b7472:	a801      	add	r0, sp, #4
   b7474:	f7ff ffd6 	bl	b7424 <_Z20acquireSerial1Bufferv>
   b7478:	aa01      	add	r2, sp, #4
   b747a:	4621      	mov	r1, r4
   b747c:	4806      	ldr	r0, [pc, #24]	; (b7498 <_Z22__fetch_global_Serial1v+0x40>)
   b747e:	f7ff fe39 	bl	b70f4 <_ZN11USARTSerialC1E21hal_usart_interface_tRK25hal_usart_buffer_config_t>
   b7482:	4628      	mov	r0, r5
   b7484:	f7fd ffca 	bl	b541c <__cxa_guard_release>
   b7488:	4804      	ldr	r0, [pc, #16]	; (b749c <_Z22__fetch_global_Serial1v+0x44>)
   b748a:	f000 f84d 	bl	b7528 <atexit>
    return serial1;
}
   b748e:	4802      	ldr	r0, [pc, #8]	; (b7498 <_Z22__fetch_global_Serial1v+0x40>)
   b7490:	b007      	add	sp, #28
   b7492:	bd30      	pop	{r4, r5, pc}
   b7494:	2003dfc8 	.word	0x2003dfc8
   b7498:	2003dfcc 	.word	0x2003dfcc
   b749c:	000b7421 	.word	0x000b7421

000b74a0 <__tcf_0>:
}
#endif

TwoWire& __fetch_global_Wire()
{
	static TwoWire wire(HAL_I2C_INTERFACE1, acquireWireBuffer());
   b74a0:	4770      	bx	lr
	...

000b74a4 <_Z17acquireWireBufferv>:
{
   b74a4:	b538      	push	{r3, r4, r5, lr}
	hal_i2c_config_t config = {
   b74a6:	4b0a      	ldr	r3, [pc, #40]	; (b74d0 <_Z17acquireWireBufferv+0x2c>)
   b74a8:	6003      	str	r3, [r0, #0]
   b74aa:	2301      	movs	r3, #1
{
   b74ac:	4604      	mov	r4, r0
	hal_i2c_config_t config = {
   b74ae:	6143      	str	r3, [r0, #20]
		.rx_buffer = new (std::nothrow) uint8_t[i2c_buffer_size],
   b74b0:	4908      	ldr	r1, [pc, #32]	; (b74d4 <_Z17acquireWireBufferv+0x30>)
   b74b2:	2020      	movs	r0, #32
   b74b4:	f000 f836 	bl	b7524 <_ZnajRKSt9nothrow_t>
	};
   b74b8:	2520      	movs	r5, #32
   b74ba:	6060      	str	r0, [r4, #4]
		.tx_buffer = new (std::nothrow) uint8_t[i2c_buffer_size],
   b74bc:	4905      	ldr	r1, [pc, #20]	; (b74d4 <_Z17acquireWireBufferv+0x30>)
	};
   b74be:	60a5      	str	r5, [r4, #8]
		.tx_buffer = new (std::nothrow) uint8_t[i2c_buffer_size],
   b74c0:	4628      	mov	r0, r5
   b74c2:	f000 f82f 	bl	b7524 <_ZnajRKSt9nothrow_t>
	};
   b74c6:	e9c4 0503 	strd	r0, r5, [r4, #12]
}
   b74ca:	4620      	mov	r0, r4
   b74cc:	bd38      	pop	{r3, r4, r5, pc}
   b74ce:	bf00      	nop
   b74d0:	00010018 	.word	0x00010018
   b74d4:	000b7b7c 	.word	0x000b7b7c

000b74d8 <_Z19__fetch_global_Wirev>:
{
   b74d8:	b530      	push	{r4, r5, lr}
	static TwoWire wire(HAL_I2C_INTERFACE1, acquireWireBuffer());
   b74da:	4d0e      	ldr	r5, [pc, #56]	; (b7514 <_Z19__fetch_global_Wirev+0x3c>)
   b74dc:	7829      	ldrb	r1, [r5, #0]
   b74de:	f3bf 8f5b 	dmb	ish
   b74e2:	f011 0401 	ands.w	r4, r1, #1
{
   b74e6:	b087      	sub	sp, #28
	static TwoWire wire(HAL_I2C_INTERFACE1, acquireWireBuffer());
   b74e8:	d111      	bne.n	b750e <_Z19__fetch_global_Wirev+0x36>
   b74ea:	4628      	mov	r0, r5
   b74ec:	f7fd ff8e 	bl	b540c <__cxa_guard_acquire>
   b74f0:	b168      	cbz	r0, b750e <_Z19__fetch_global_Wirev+0x36>
   b74f2:	4668      	mov	r0, sp
   b74f4:	f7ff ffd6 	bl	b74a4 <_Z17acquireWireBufferv>
   b74f8:	466a      	mov	r2, sp
   b74fa:	4621      	mov	r1, r4
   b74fc:	4806      	ldr	r0, [pc, #24]	; (b7518 <_Z19__fetch_global_Wirev+0x40>)
   b74fe:	f7ff fe43 	bl	b7188 <_ZN7TwoWireC1E19hal_i2c_interface_tRK16hal_i2c_config_t>
   b7502:	4628      	mov	r0, r5
   b7504:	f7fd ff8a 	bl	b541c <__cxa_guard_release>
   b7508:	4804      	ldr	r0, [pc, #16]	; (b751c <_Z19__fetch_global_Wirev+0x44>)
   b750a:	f000 f80d 	bl	b7528 <atexit>
	return wire;
}
   b750e:	4802      	ldr	r0, [pc, #8]	; (b7518 <_Z19__fetch_global_Wirev+0x40>)
   b7510:	b007      	add	sp, #28
   b7512:	bd30      	pop	{r4, r5, pc}
   b7514:	2003dfe4 	.word	0x2003dfe4
   b7518:	2003dfe8 	.word	0x2003dfe8
   b751c:	000b74a1 	.word	0x000b74a1

000b7520 <_ZnwjRKSt9nothrow_t>:
   b7520:	f7fd b9e9 	b.w	b48f6 <_Znwj>

000b7524 <_ZnajRKSt9nothrow_t>:
   b7524:	f7fd b9e9 	b.w	b48fa <_Znaj>

000b7528 <atexit>:
   b7528:	2300      	movs	r3, #0
   b752a:	4601      	mov	r1, r0
   b752c:	461a      	mov	r2, r3
   b752e:	4618      	mov	r0, r3
   b7530:	f7fd ba00 	b.w	b4934 <__register_exitproc>

000b7534 <isprint>:
   b7534:	4b02      	ldr	r3, [pc, #8]	; (b7540 <isprint+0xc>)
   b7536:	4418      	add	r0, r3
   b7538:	7840      	ldrb	r0, [r0, #1]
   b753a:	f000 0097 	and.w	r0, r0, #151	; 0x97
   b753e:	4770      	bx	lr
   b7540:	000b7c11 	.word	0x000b7c11

000b7544 <memcpy>:
   b7544:	440a      	add	r2, r1
   b7546:	4291      	cmp	r1, r2
   b7548:	f100 33ff 	add.w	r3, r0, #4294967295
   b754c:	d100      	bne.n	b7550 <memcpy+0xc>
   b754e:	4770      	bx	lr
   b7550:	b510      	push	{r4, lr}
   b7552:	f811 4b01 	ldrb.w	r4, [r1], #1
   b7556:	f803 4f01 	strb.w	r4, [r3, #1]!
   b755a:	4291      	cmp	r1, r2
   b755c:	d1f9      	bne.n	b7552 <memcpy+0xe>
   b755e:	bd10      	pop	{r4, pc}

000b7560 <memmove>:
   b7560:	4288      	cmp	r0, r1
   b7562:	b510      	push	{r4, lr}
   b7564:	eb01 0402 	add.w	r4, r1, r2
   b7568:	d902      	bls.n	b7570 <memmove+0x10>
   b756a:	4284      	cmp	r4, r0
   b756c:	4623      	mov	r3, r4
   b756e:	d807      	bhi.n	b7580 <memmove+0x20>
   b7570:	1e43      	subs	r3, r0, #1
   b7572:	42a1      	cmp	r1, r4
   b7574:	d008      	beq.n	b7588 <memmove+0x28>
   b7576:	f811 2b01 	ldrb.w	r2, [r1], #1
   b757a:	f803 2f01 	strb.w	r2, [r3, #1]!
   b757e:	e7f8      	b.n	b7572 <memmove+0x12>
   b7580:	4402      	add	r2, r0
   b7582:	4601      	mov	r1, r0
   b7584:	428a      	cmp	r2, r1
   b7586:	d100      	bne.n	b758a <memmove+0x2a>
   b7588:	bd10      	pop	{r4, pc}
   b758a:	f813 4d01 	ldrb.w	r4, [r3, #-1]!
   b758e:	f802 4d01 	strb.w	r4, [r2, #-1]!
   b7592:	e7f7      	b.n	b7584 <memmove+0x24>

000b7594 <memset>:
   b7594:	4402      	add	r2, r0
   b7596:	4603      	mov	r3, r0
   b7598:	4293      	cmp	r3, r2
   b759a:	d100      	bne.n	b759e <memset+0xa>
   b759c:	4770      	bx	lr
   b759e:	f803 1b01 	strb.w	r1, [r3], #1
   b75a2:	e7f9      	b.n	b7598 <memset+0x4>

000b75a4 <srand>:
   b75a4:	b538      	push	{r3, r4, r5, lr}
   b75a6:	4b10      	ldr	r3, [pc, #64]	; (b75e8 <srand+0x44>)
   b75a8:	681d      	ldr	r5, [r3, #0]
   b75aa:	6bab      	ldr	r3, [r5, #56]	; 0x38
   b75ac:	4604      	mov	r4, r0
   b75ae:	b9b3      	cbnz	r3, b75de <srand+0x3a>
   b75b0:	2018      	movs	r0, #24
   b75b2:	f7fd fef3 	bl	b539c <malloc>
   b75b6:	4602      	mov	r2, r0
   b75b8:	63a8      	str	r0, [r5, #56]	; 0x38
   b75ba:	b920      	cbnz	r0, b75c6 <srand+0x22>
   b75bc:	4b0b      	ldr	r3, [pc, #44]	; (b75ec <srand+0x48>)
   b75be:	480c      	ldr	r0, [pc, #48]	; (b75f0 <srand+0x4c>)
   b75c0:	2142      	movs	r1, #66	; 0x42
   b75c2:	f7fd ff13 	bl	b53ec <__assert_func>
   b75c6:	490b      	ldr	r1, [pc, #44]	; (b75f4 <srand+0x50>)
   b75c8:	4b0b      	ldr	r3, [pc, #44]	; (b75f8 <srand+0x54>)
   b75ca:	e9c0 1300 	strd	r1, r3, [r0]
   b75ce:	4b0b      	ldr	r3, [pc, #44]	; (b75fc <srand+0x58>)
   b75d0:	6083      	str	r3, [r0, #8]
   b75d2:	230b      	movs	r3, #11
   b75d4:	8183      	strh	r3, [r0, #12]
   b75d6:	2100      	movs	r1, #0
   b75d8:	2001      	movs	r0, #1
   b75da:	e9c2 0104 	strd	r0, r1, [r2, #16]
   b75de:	6bab      	ldr	r3, [r5, #56]	; 0x38
   b75e0:	2200      	movs	r2, #0
   b75e2:	611c      	str	r4, [r3, #16]
   b75e4:	615a      	str	r2, [r3, #20]
   b75e6:	bd38      	pop	{r3, r4, r5, pc}
   b75e8:	2003de30 	.word	0x2003de30
   b75ec:	000b7b7d 	.word	0x000b7b7d
   b75f0:	000b7b94 	.word	0x000b7b94
   b75f4:	abcd330e 	.word	0xabcd330e
   b75f8:	e66d1234 	.word	0xe66d1234
   b75fc:	0005deec 	.word	0x0005deec

000b7600 <strchr>:
   b7600:	b2c9      	uxtb	r1, r1
   b7602:	4603      	mov	r3, r0
   b7604:	f810 2b01 	ldrb.w	r2, [r0], #1
   b7608:	b11a      	cbz	r2, b7612 <strchr+0x12>
   b760a:	428a      	cmp	r2, r1
   b760c:	d1f9      	bne.n	b7602 <strchr+0x2>
   b760e:	4618      	mov	r0, r3
   b7610:	4770      	bx	lr
   b7612:	2900      	cmp	r1, #0
   b7614:	bf18      	it	ne
   b7616:	2300      	movne	r3, #0
   b7618:	e7f9      	b.n	b760e <strchr+0xe>

000b761a <strchrnul>:
   b761a:	b510      	push	{r4, lr}
   b761c:	4604      	mov	r4, r0
   b761e:	f7ff ffef 	bl	b7600 <strchr>
   b7622:	b918      	cbnz	r0, b762c <strchrnul+0x12>
   b7624:	4620      	mov	r0, r4
   b7626:	f7fd f923 	bl	b4870 <strlen>
   b762a:	4420      	add	r0, r4
   b762c:	bd10      	pop	{r4, pc}

000b762e <strcpy>:
   b762e:	4603      	mov	r3, r0
   b7630:	f811 2b01 	ldrb.w	r2, [r1], #1
   b7634:	f803 2b01 	strb.w	r2, [r3], #1
   b7638:	2a00      	cmp	r2, #0
   b763a:	d1f9      	bne.n	b7630 <strcpy+0x2>
   b763c:	4770      	bx	lr

000b763e <strncmp>:
   b763e:	b510      	push	{r4, lr}
   b7640:	b17a      	cbz	r2, b7662 <strncmp+0x24>
   b7642:	4603      	mov	r3, r0
   b7644:	3901      	subs	r1, #1
   b7646:	1884      	adds	r4, r0, r2
   b7648:	f813 0b01 	ldrb.w	r0, [r3], #1
   b764c:	f811 2f01 	ldrb.w	r2, [r1, #1]!
   b7650:	4290      	cmp	r0, r2
   b7652:	d101      	bne.n	b7658 <strncmp+0x1a>
   b7654:	42a3      	cmp	r3, r4
   b7656:	d101      	bne.n	b765c <strncmp+0x1e>
   b7658:	1a80      	subs	r0, r0, r2
   b765a:	bd10      	pop	{r4, pc}
   b765c:	2800      	cmp	r0, #0
   b765e:	d1f3      	bne.n	b7648 <strncmp+0xa>
   b7660:	e7fa      	b.n	b7658 <strncmp+0x1a>
   b7662:	4610      	mov	r0, r2
   b7664:	e7f9      	b.n	b765a <strncmp+0x1c>

000b7666 <strrchr>:
   b7666:	b538      	push	{r3, r4, r5, lr}
   b7668:	4603      	mov	r3, r0
   b766a:	460c      	mov	r4, r1
   b766c:	b969      	cbnz	r1, b768a <strrchr+0x24>
   b766e:	e8bd 4038 	ldmia.w	sp!, {r3, r4, r5, lr}
   b7672:	f7ff bfc5 	b.w	b7600 <strchr>
   b7676:	1c43      	adds	r3, r0, #1
   b7678:	4605      	mov	r5, r0
   b767a:	4621      	mov	r1, r4
   b767c:	4618      	mov	r0, r3
   b767e:	f7ff ffbf 	bl	b7600 <strchr>
   b7682:	2800      	cmp	r0, #0
   b7684:	d1f7      	bne.n	b7676 <strrchr+0x10>
   b7686:	4628      	mov	r0, r5
   b7688:	bd38      	pop	{r3, r4, r5, pc}
   b768a:	2500      	movs	r5, #0
   b768c:	e7f5      	b.n	b767a <strrchr+0x14>
	...

000b7690 <_strtol_l.constprop.0>:
   b7690:	2b01      	cmp	r3, #1
   b7692:	e92d 47f0 	stmdb	sp!, {r4, r5, r6, r7, r8, r9, sl, lr}
   b7696:	d001      	beq.n	b769c <_strtol_l.constprop.0+0xc>
   b7698:	2b24      	cmp	r3, #36	; 0x24
   b769a:	d906      	bls.n	b76aa <_strtol_l.constprop.0+0x1a>
   b769c:	f7fd fe9e 	bl	b53dc <__errno>
   b76a0:	2316      	movs	r3, #22
   b76a2:	6003      	str	r3, [r0, #0]
   b76a4:	2000      	movs	r0, #0
   b76a6:	e8bd 87f0 	ldmia.w	sp!, {r4, r5, r6, r7, r8, r9, sl, pc}
   b76aa:	f8df c0e4 	ldr.w	ip, [pc, #228]	; b7790 <_strtol_l.constprop.0+0x100>
   b76ae:	460d      	mov	r5, r1
   b76b0:	462e      	mov	r6, r5
   b76b2:	f815 4b01 	ldrb.w	r4, [r5], #1
   b76b6:	f814 700c 	ldrb.w	r7, [r4, ip]
   b76ba:	f017 0708 	ands.w	r7, r7, #8
   b76be:	d1f7      	bne.n	b76b0 <_strtol_l.constprop.0+0x20>
   b76c0:	2c2d      	cmp	r4, #45	; 0x2d
   b76c2:	d132      	bne.n	b772a <_strtol_l.constprop.0+0x9a>
   b76c4:	782c      	ldrb	r4, [r5, #0]
   b76c6:	2701      	movs	r7, #1
   b76c8:	1cb5      	adds	r5, r6, #2
   b76ca:	2b00      	cmp	r3, #0
   b76cc:	d05b      	beq.n	b7786 <_strtol_l.constprop.0+0xf6>
   b76ce:	2b10      	cmp	r3, #16
   b76d0:	d109      	bne.n	b76e6 <_strtol_l.constprop.0+0x56>
   b76d2:	2c30      	cmp	r4, #48	; 0x30
   b76d4:	d107      	bne.n	b76e6 <_strtol_l.constprop.0+0x56>
   b76d6:	782c      	ldrb	r4, [r5, #0]
   b76d8:	f004 04df 	and.w	r4, r4, #223	; 0xdf
   b76dc:	2c58      	cmp	r4, #88	; 0x58
   b76de:	d14d      	bne.n	b777c <_strtol_l.constprop.0+0xec>
   b76e0:	786c      	ldrb	r4, [r5, #1]
   b76e2:	2310      	movs	r3, #16
   b76e4:	3502      	adds	r5, #2
   b76e6:	f107 4800 	add.w	r8, r7, #2147483648	; 0x80000000
   b76ea:	f108 38ff 	add.w	r8, r8, #4294967295
   b76ee:	f04f 0c00 	mov.w	ip, #0
   b76f2:	fbb8 f9f3 	udiv	r9, r8, r3
   b76f6:	4666      	mov	r6, ip
   b76f8:	fb03 8a19 	mls	sl, r3, r9, r8
   b76fc:	f1a4 0e30 	sub.w	lr, r4, #48	; 0x30
   b7700:	f1be 0f09 	cmp.w	lr, #9
   b7704:	d816      	bhi.n	b7734 <_strtol_l.constprop.0+0xa4>
   b7706:	4674      	mov	r4, lr
   b7708:	42a3      	cmp	r3, r4
   b770a:	dd24      	ble.n	b7756 <_strtol_l.constprop.0+0xc6>
   b770c:	f1bc 0f00 	cmp.w	ip, #0
   b7710:	db1e      	blt.n	b7750 <_strtol_l.constprop.0+0xc0>
   b7712:	45b1      	cmp	r9, r6
   b7714:	d31c      	bcc.n	b7750 <_strtol_l.constprop.0+0xc0>
   b7716:	d101      	bne.n	b771c <_strtol_l.constprop.0+0x8c>
   b7718:	45a2      	cmp	sl, r4
   b771a:	db19      	blt.n	b7750 <_strtol_l.constprop.0+0xc0>
   b771c:	fb06 4603 	mla	r6, r6, r3, r4
   b7720:	f04f 0c01 	mov.w	ip, #1
   b7724:	f815 4b01 	ldrb.w	r4, [r5], #1
   b7728:	e7e8      	b.n	b76fc <_strtol_l.constprop.0+0x6c>
   b772a:	2c2b      	cmp	r4, #43	; 0x2b
   b772c:	bf04      	itt	eq
   b772e:	782c      	ldrbeq	r4, [r5, #0]
   b7730:	1cb5      	addeq	r5, r6, #2
   b7732:	e7ca      	b.n	b76ca <_strtol_l.constprop.0+0x3a>
   b7734:	f1a4 0e41 	sub.w	lr, r4, #65	; 0x41
   b7738:	f1be 0f19 	cmp.w	lr, #25
   b773c:	d801      	bhi.n	b7742 <_strtol_l.constprop.0+0xb2>
   b773e:	3c37      	subs	r4, #55	; 0x37
   b7740:	e7e2      	b.n	b7708 <_strtol_l.constprop.0+0x78>
   b7742:	f1a4 0e61 	sub.w	lr, r4, #97	; 0x61
   b7746:	f1be 0f19 	cmp.w	lr, #25
   b774a:	d804      	bhi.n	b7756 <_strtol_l.constprop.0+0xc6>
   b774c:	3c57      	subs	r4, #87	; 0x57
   b774e:	e7db      	b.n	b7708 <_strtol_l.constprop.0+0x78>
   b7750:	f04f 3cff 	mov.w	ip, #4294967295
   b7754:	e7e6      	b.n	b7724 <_strtol_l.constprop.0+0x94>
   b7756:	f1bc 0f00 	cmp.w	ip, #0
   b775a:	da05      	bge.n	b7768 <_strtol_l.constprop.0+0xd8>
   b775c:	2322      	movs	r3, #34	; 0x22
   b775e:	6003      	str	r3, [r0, #0]
   b7760:	4646      	mov	r6, r8
   b7762:	b942      	cbnz	r2, b7776 <_strtol_l.constprop.0+0xe6>
   b7764:	4630      	mov	r0, r6
   b7766:	e79e      	b.n	b76a6 <_strtol_l.constprop.0+0x16>
   b7768:	b107      	cbz	r7, b776c <_strtol_l.constprop.0+0xdc>
   b776a:	4276      	negs	r6, r6
   b776c:	2a00      	cmp	r2, #0
   b776e:	d0f9      	beq.n	b7764 <_strtol_l.constprop.0+0xd4>
   b7770:	f1bc 0f00 	cmp.w	ip, #0
   b7774:	d000      	beq.n	b7778 <_strtol_l.constprop.0+0xe8>
   b7776:	1e69      	subs	r1, r5, #1
   b7778:	6011      	str	r1, [r2, #0]
   b777a:	e7f3      	b.n	b7764 <_strtol_l.constprop.0+0xd4>
   b777c:	2430      	movs	r4, #48	; 0x30
   b777e:	2b00      	cmp	r3, #0
   b7780:	d1b1      	bne.n	b76e6 <_strtol_l.constprop.0+0x56>
   b7782:	2308      	movs	r3, #8
   b7784:	e7af      	b.n	b76e6 <_strtol_l.constprop.0+0x56>
   b7786:	2c30      	cmp	r4, #48	; 0x30
   b7788:	d0a5      	beq.n	b76d6 <_strtol_l.constprop.0+0x46>
   b778a:	230a      	movs	r3, #10
   b778c:	e7ab      	b.n	b76e6 <_strtol_l.constprop.0+0x56>
   b778e:	bf00      	nop
   b7790:	000b7c12 	.word	0x000b7c12

000b7794 <strtol>:
   b7794:	4613      	mov	r3, r2
   b7796:	460a      	mov	r2, r1
   b7798:	4601      	mov	r1, r0
   b779a:	4802      	ldr	r0, [pc, #8]	; (b77a4 <strtol+0x10>)
   b779c:	6800      	ldr	r0, [r0, #0]
   b779e:	f7ff bf77 	b.w	b7690 <_strtol_l.constprop.0>
   b77a2:	bf00      	nop
   b77a4:	2003de30 	.word	0x2003de30

000b77a8 <dynalib_user>:
   b77a8:	000b4881 000b48bd 000b48e5 000b48e9     .H...H...H...H..
   b77b8:	00000000 6c6c6143 206e6f20 65727570     ....Call on pure
   b77c8:	72697620 6c617574 796e6100 6e696874      virtual.anythin
   b77d8:	53003f67 6f736e65 6e692072 65207469     g?.Sensor init e
   b77e8:	21217272 69460021 61776d72 56206572     rr!!!.Firmware V
   b77f8:	69737265 093a6e6f 6e655300 20726f73     ersion:..Sensor 
   b7808:	6b726f57 54676e69 3a656d69 322e2520     WorkingTime: %.2
   b7818:	00482066 6f482031 52207275 666e6961     f H.1 Hour Rainf
   b7828:	3a6c6c61 322e2520 6d6d2066 77615200     all: %.2f mm.Raw
   b7838:	70695420 676e6970 756f4320 3a73746e      Tipping Counts:
   b7848:	756c2520 6f6f6c00 676e6970 00000000      %lu.looping....

000b7858 <_ZTVN5spark10LogHandlerE>:
	...
   b7868:	000b4905 000b4937                       .I..7I..

000b7870 <_ZTVN5spark16SerialLogHandlerE>:
	...
   b7878:	000b4939 000b496d 000b6581 000b6725     9I..mI...e..%g..

000b7888 <_ZTV26DFRobot_RainfallSensor_I2C>:
	...
   b7890:	000b4cbd 000b4c6d 000b4c75 000b4c71     .L..mL..uL..qL..

000b78a0 <_ZTVN5spark13EthernetClassE>:
	...
   b78a8:	000b548b 000b5481 000b5477 000b546d     .T...T..wT..mT..
   b78b8:	000b5461 000b5455 000b72a5 000b72ad     aT..UT...r...r..
   b78c8:	000b5449 000b5441 000b5437 000b542d     IT..AT..7T..-T..
   b78d8:	000b73f9 000b72dd 000b72e5              .s...r...r..

000b78e4 <_ZTVN8particle11TetherClassE>:
	...
   b78ec:	000b5557 000b554d 000b5543 000b5539     WU..MU..CU..9U..
   b78fc:	000b552d 000b5521 000b72a5 000b72ad     -U..!U...r...r..
   b790c:	000b5515 000b550d 000b5503 000b54f9     .U...U...U...T..
   b791c:	000b73f9 000b72dd 000b72e5              .s...r...r..

000b7928 <_ZTVN5spark16JSONStreamWriterE>:
	...
   b7930:	000b58c1 000b58c3 000b5881 000b6c5f     .X...X...X.._l..
   b7940:	64756162 72655300 006c6169 69726553     baud.Serial.Seri
   b7950:	00316c61 4e4f534a 65727453 6f4c6d61     al1.JSONStreamLo
   b7960:	6e614867 72656c64 70706100 31302500     gHandler.app.%01
   b7970:	00207530 2500205d 202c0064 3a292800     0u .] .%d., .():
   b7980:	5b200020 646f6300 203d2065 00692500      . [.code = .%i.
   b7990:	61746564 20736c69 0d00203d 0066000a     details = ....f.
   b79a0:	66006e6c 0074006e 65646f63 74656400     ln.fn.t.code.det
   b79b0:	006c6961                                ail.

000b79b4 <_ZTVN5spark16StreamLogHandlerE>:
	...
   b79bc:	000b5e05 000b5e1d 000b6581 000b6725     .^...^...e..%g..

000b79cc <_ZTVN5spark20JSONStreamLogHandlerE>:
	...
   b79d4:	000b5e31 000b5e45 000b675d 000b598b     1^..E^..]g...Y..

000b79e4 <_ZTVN5spark24DefaultLogHandlerFactoryE>:
	...
   b79ec:	000b599d 000b59c3 000b64e5 000b598d     .Y...Y...d...Y..

000b79fc <_ZTVN5spark26DefaultOutputStreamFactoryE>:
	...
   b7a04:	000b599b 000b59d1 000b5d6d 000b59f3     .Y...Y..m]...Y..
   b7a14:	252d5925 64252d6d 3a482554 253a4d25     %Y-%m-%dT%H:%M:%
   b7a24:	007a2553 74637361 00656d69              S%z.asctime.

000b7a30 <_ZTV9IPAddress>:
	...
   b7a38:	000b6a41 000b6a31 000b6a33              Aj..1j..3j..

000b7a44 <_ZTV9USBSerial>:
	...
   b7a4c:	000b6b27 000b6b8f 000b6b65 000b5895     'k...k..ek...X..
   b7a5c:	000b6b57 000b6b29 000b6b39 000b6b89     Wk..)k..9k...k..
   b7a6c:	000b5961 000b6b49 000b6b21 75007525     aY..Ik..!k..%u.u
   b7a7c:	78343025 00000000                       %04x....

000b7a84 <_ZTVN5spark13CellularClassE>:
	...
   b7a8c:	000b703f 000b7035 000b702b 000b6fe1     ?p..5p..+p...o..
   b7a9c:	000b701f 000b7013 000b72a5 000b72ad     .p...p...r...r..
   b7aac:	000b7007 000b6fff 000b6ff5 000b6feb     .p...o...o...o..
   b7abc:	000b73f9 000b72dd 000b72e5              .s...r...r..

000b7ac8 <_ZTV11USARTSerial>:
	...
   b7ad0:	000b7079 000b70e5 000b70bd 000b5895     yp...p...p...X..
   b7ae0:	000b708d 000b70a9 000b709b 000b70b7     .p...p...p...p..
   b7af0:	000b5961 000b707b 000b707f              aY..{p...p..

000b7afc <_ZTV7TwoWire>:
	...
   b7b04:	000b7131 000b717b 000b7153 000b7133     1q..{q..Sq..3q..
   b7b14:	000b715b 000b7163 000b716b 000b7173     [q..cq..kq..sq..
   b7b24:	000b5961                                aY..

000b7b28 <CSWTCH.155>:
   b7b28:	2003dee0 2003df7c 2003dfc0 2003def4     ... |.. ... ... 

000b7b38 <_ZTVN5spark12NetworkClassE>:
	...
   b7b40:	000b7265 000b726f 000b7279 000b7283     er..or..yr...r..
   b7b50:	000b728d 000b7299 000b72a5 000b72ad     .r...r...r...r..
   b7b60:	000b72b5 000b72c1 000b72c9 000b72d3     .r...r...r...r..
   b7b70:	000b73f9 000b72dd 000b72e5              .s...r...r..

000b7b7c <_ZSt7nothrow>:
   b7b7c:	45455200 6d20544e 6f6c6c61 75732063     .REENT malloc su
   b7b8c:	65656363 00646564 746e6d2f 726f772f     cceeded./mnt/wor
   b7b9c:	6170736b 772f6563 736b726f 65636170     kspace/workspace
   b7bac:	4343472f 2d30312d 65706970 656e696c     /GCC-10-pipeline
   b7bbc:	6e656a2f 736e696b 4343472d 2d30312d     /jenkins-GCC-10-
   b7bcc:	65706970 656e696c 5f38342d 30323032     pipeline-48_2020
   b7bdc:	34323131 3036315f 30383136 2f313436     1124_1606180641/
   b7bec:	2f637273 6c77656e 6e2f6269 696c7765     src/newlib/newli
   b7bfc:	696c2f62 732f6362 696c6474 61722f62     b/libc/stdlib/ra
   b7c0c:	632e646e                                 nd.c.

000b7c11 <_ctype_>:
   b7c11:	20202000 20202020 28282020 20282828     .         ((((( 
   b7c21:	20202020 20202020 20202020 20202020                     
   b7c31:	10108820 10101010 10101010 10101010      ...............
   b7c41:	04040410 04040404 10040404 10101010     ................
   b7c51:	41411010 41414141 01010101 01010101     ..AAAAAA........
   b7c61:	01010101 01010101 01010101 10101010     ................
   b7c71:	42421010 42424242 02020202 02020202     ..BBBBBB........
   b7c81:	02020202 02020202 02020202 10101010     ................
   b7c91:	00000020 00000000 00000000 00000000      ...............
	...

000b7d12 <link_const_data_end>:
	...

000b7d14 <link_constructors_location>:
   b7d14:	000b4bb9 	.word	0x000b4bb9
   b7d18:	000b5495 	.word	0x000b5495
   b7d1c:	000b54e9 	.word	0x000b54e9
   b7d20:	000b5561 	.word	0x000b5561
   b7d24:	000b5575 	.word	0x000b5575
   b7d28:	000b5871 	.word	0x000b5871
   b7d2c:	000b6571 	.word	0x000b6571
   b7d30:	000b68d1 	.word	0x000b68d1
   b7d34:	000b68ed 	.word	0x000b68ed
   b7d38:	000b7049 	.word	0x000b7049
   b7d3c:	000b7249 	.word	0x000b7249
   b7d40:	000b740d 	.word	0x000b740d
