
c:/Users/ppita/Documents/Particle/Open-Water-Level-and-Rainfall-Sensor/Firmware/readRainfall_stripped/target/6.2.1/argon/readRainfall_stripped.elf:     file format elf32-littlearm

Sections:
Idx Name          Size      VMA       LMA       File off  Algn
  0 .module_info  00000018  000b4000  000b4000  00004000  2**0
                  CONTENTS, ALLOC, LOAD, READONLY, DATA
  1 .dynalib      00000004  000b4018  000b4018  00004018  2**2
                  CONTENTS, ALLOC, LOAD, READONLY, DATA
  2 .text         00002dc4  000b401c  000b401c  0000401c  2**2
                  CONTENTS, ALLOC, LOAD, READONLY, CODE
  3 .note.gnu.build-id 00000024  000b6de0  000b6de0  00006de0  2**2
                  CONTENTS, ALLOC, LOAD, READONLY, DATA
  4 .data         00000074  2003e5e4  000b6e04  0000e5e4  2**2
                  CONTENTS, ALLOC, LOAD, DATA
  5 .bss          000001a4  2003e658  2003e658  0001e658  2**2
                  ALLOC
  6 .backup       00000004  2003f400  000b6e78  0000f400  2**2
                  CONTENTS, ALLOC, LOAD, DATA
  7 .module_info_product 00000006  000b6e7c  000b6e7c  00016e7c  2**0
                  ALLOC
  8 .module_info_suffix 00000024  000b6e82  000b6e82  00016e82  2**0
                  CONTENTS, ALLOC, LOAD, READONLY, DATA
  9 .module_info_crc 00000004  000b6ea6  000b6ea6  00016ea6  2**0
                  CONTENTS, ALLOC, LOAD, READONLY, DATA
 10 .debug_info   001832b7  00000000  00000000  00016eaa  2**0
                  CONTENTS, READONLY, DEBUGGING, OCTETS
 11 .debug_abbrev 000130de  00000000  00000000  0019a161  2**0
                  CONTENTS, READONLY, DEBUGGING, OCTETS
 12 .debug_loc    00066ea3  00000000  00000000  001ad23f  2**0
                  CONTENTS, READONLY, DEBUGGING, OCTETS
 13 .debug_aranges 00003150  00000000  00000000  002140e2  2**0
                  CONTENTS, READONLY, DEBUGGING, OCTETS
 14 .debug_ranges 00010240  00000000  00000000  00217232  2**0
                  CONTENTS, READONLY, DEBUGGING, OCTETS
 15 .debug_macro  00039b3b  00000000  00000000  00227472  2**0
                  CONTENTS, READONLY, DEBUGGING, OCTETS
 16 .debug_line   0004a145  00000000  00000000  00260fad  2**0
                  CONTENTS, READONLY, DEBUGGING, OCTETS
 17 .debug_str    001d641e  00000000  00000000  002ab0f2  2**0
                  CONTENTS, READONLY, DEBUGGING, OCTETS
 18 .debug_frame  000090b4  00000000  00000000  00481510  2**2
                  CONTENTS, READONLY, DEBUGGING, OCTETS

Disassembly of section .text:

000b401c <strcmp>:
   b401c:	f810 2b01 	ldrb.w	r2, [r0], #1
   b4020:	f811 3b01 	ldrb.w	r3, [r1], #1
   b4024:	2a01      	cmp	r2, #1
   b4026:	bf28      	it	cs
   b4028:	429a      	cmpcs	r2, r3
   b402a:	d0f7      	beq.n	b401c <strcmp>
   b402c:	1ad0      	subs	r0, r2, r3
   b402e:	4770      	bx	lr

000b4030 <strlen>:
   b4030:	4603      	mov	r3, r0
   b4032:	f813 2b01 	ldrb.w	r2, [r3], #1
   b4036:	2a00      	cmp	r2, #0
   b4038:	d1fb      	bne.n	b4032 <strlen+0x2>
   b403a:	1a18      	subs	r0, r3, r0
   b403c:	3801      	subs	r0, #1
   b403e:	4770      	bx	lr

000b4040 <module_user_pre_init>:
/**
 * Initializes this user module. Returns the start of the heap.
 */
void* module_user_pre_init() {

    if ( (&link_global_data_start!=&link_global_data_initial_values) && (link_global_data_size != 0))
   b4040:	4809      	ldr	r0, [pc, #36]	; (b4068 <module_user_pre_init+0x28>)
   b4042:	490a      	ldr	r1, [pc, #40]	; (b406c <module_user_pre_init+0x2c>)
   b4044:	4288      	cmp	r0, r1
void* module_user_pre_init() {
   b4046:	b508      	push	{r3, lr}
    if ( (&link_global_data_start!=&link_global_data_initial_values) && (link_global_data_size != 0))
   b4048:	d005      	beq.n	b4056 <module_user_pre_init+0x16>
   b404a:	4a09      	ldr	r2, [pc, #36]	; (b4070 <module_user_pre_init+0x30>)
   b404c:	4282      	cmp	r2, r0
   b404e:	d002      	beq.n	b4056 <module_user_pre_init+0x16>
    {
        memcpy(&link_global_data_start, &link_global_data_initial_values, link_global_data_size);
   b4050:	1a12      	subs	r2, r2, r0
   b4052:	f002 fad3 	bl	b65fc <memcpy>
    }

    memset(&link_bss_location, 0, link_bss_size );
   b4056:	4807      	ldr	r0, [pc, #28]	; (b4074 <module_user_pre_init+0x34>)
   b4058:	4a07      	ldr	r2, [pc, #28]	; (b4078 <module_user_pre_init+0x38>)
   b405a:	2100      	movs	r1, #0
   b405c:	1a12      	subs	r2, r2, r0
   b405e:	f002 faf5 	bl	b664c <memset>
    return &link_global_data_start;
}
   b4062:	4801      	ldr	r0, [pc, #4]	; (b4068 <module_user_pre_init+0x28>)
   b4064:	bd08      	pop	{r3, pc}
   b4066:	bf00      	nop
   b4068:	2003e5e4 	.word	0x2003e5e4
   b406c:	000b6e04 	.word	0x000b6e04
   b4070:	2003e658 	.word	0x2003e658
   b4074:	2003e658 	.word	0x2003e658
   b4078:	2003e7fc 	.word	0x2003e7fc

000b407c <module_user_init>:
extern constructor_ptr_t link_constructors_location[];
extern constructor_ptr_t link_constructors_end;
#define link_constructors_size   ((unsigned long)&link_constructors_end  -  (unsigned long)&link_constructors_location )

void module_user_init()
{
   b407c:	b570      	push	{r4, r5, r6, lr}
    module_user_init_hook();

    // invoke constructors
    for (size_t ctor_num=0; ctor_num < link_constructors_size/sizeof(constructor_ptr_t); ctor_num++ )
   b407e:	4e07      	ldr	r6, [pc, #28]	; (b409c <module_user_init+0x20>)
   b4080:	4c07      	ldr	r4, [pc, #28]	; (b40a0 <module_user_init+0x24>)
    module_user_init_hook();
   b4082:	f001 fd2d 	bl	b5ae0 <module_user_init_hook>
    for (size_t ctor_num=0; ctor_num < link_constructors_size/sizeof(constructor_ptr_t); ctor_num++ )
   b4086:	1ba4      	subs	r4, r4, r6
   b4088:	08a4      	lsrs	r4, r4, #2
   b408a:	2500      	movs	r5, #0
   b408c:	42ac      	cmp	r4, r5
   b408e:	d100      	bne.n	b4092 <module_user_init+0x16>
    {
        link_constructors_location[ctor_num]();
    }
}
   b4090:	bd70      	pop	{r4, r5, r6, pc}
        link_constructors_location[ctor_num]();
   b4092:	f856 3b04 	ldr.w	r3, [r6], #4
   b4096:	4798      	blx	r3
    for (size_t ctor_num=0; ctor_num < link_constructors_size/sizeof(constructor_ptr_t); ctor_num++ )
   b4098:	3501      	adds	r5, #1
   b409a:	e7f7      	b.n	b408c <module_user_init+0x10>
   b409c:	000b6db8 	.word	0x000b6db8
   b40a0:	000b6de0 	.word	0x000b6de0

000b40a4 <module_user_setup>:

/**
 * Export these functions with a fuller name so they don't clash with the setup/loop wrappers in the system module.
 */
void module_user_setup() {
    setup();
   b40a4:	f000 b848 	b.w	b4138 <setup>

000b40a8 <module_user_loop>:
}

void module_user_loop() {
   b40a8:	b508      	push	{r3, lr}
    loop();
   b40aa:	f000 f852 	bl	b4152 <loop>
    _post_loop();
}
   b40ae:	e8bd 4008 	ldmia.w	sp!, {r3, lr}
    _post_loop();
   b40b2:	f001 bccd 	b.w	b5a50 <_post_loop>

000b40b6 <_Znwj>:
 * Implement C++ new/delete operators using the heap
 */

void *operator new(size_t size)
{
	return malloc(size);
   b40b6:	f000 bb09 	b.w	b46cc <malloc>

000b40ba <_Znaj>:
   b40ba:	f000 bb07 	b.w	b46cc <malloc>

000b40be <_ZdlPvj>:
	free(p);
}

void operator delete(void *p, size_t size)
{
	free(p);
   b40be:	f000 bb0d 	b.w	b46dc <free>
	...

000b40c4 <__cxa_pure_virtual>:
int __wrap_printf(const char* fmt, ...) {
    return -1;
}

/* Default implementation for call made to pure virtual function. */
void __cxa_pure_virtual() {
   b40c4:	b508      	push	{r3, lr}
  PANIC(PureVirtualCall,"Call on pure virtual");
   b40c6:	4a03      	ldr	r2, [pc, #12]	; (b40d4 <__cxa_pure_virtual+0x10>)
   b40c8:	4903      	ldr	r1, [pc, #12]	; (b40d8 <__cxa_pure_virtual+0x14>)
   b40ca:	200c      	movs	r0, #12
   b40cc:	f000 fa42 	bl	b4554 <panic_>
  while (1);
   b40d0:	e7fe      	b.n	b40d0 <__cxa_pure_virtual+0xc>
   b40d2:	bf00      	nop
   b40d4:	000b4355 	.word	0x000b4355
   b40d8:	000b6940 	.word	0x000b6940

000b40dc <__cxa_guard_acquire>:

/* Provide default implemenation for __cxa_guard_acquire() and
 * __cxa_guard_release(). Note: these must be revisited if a multitasking
 * OS is ported to this platform. */
__extension__ typedef int __guard __attribute__((mode (__DI__)));
int __cxa_guard_acquire(__guard *g) {return !*(char *)(g);};
   b40dc:	7800      	ldrb	r0, [r0, #0]
   b40de:	fab0 f080 	clz	r0, r0
   b40e2:	0940      	lsrs	r0, r0, #5
   b40e4:	4770      	bx	lr

000b40e6 <__cxa_guard_release>:
void __cxa_guard_release (__guard *g) {*(char *)g = 1;};
   b40e6:	2301      	movs	r3, #1
   b40e8:	7003      	strb	r3, [r0, #0]
   b40ea:	4770      	bx	lr

000b40ec <_ZN5spark10LogHandler5writeEPKcj>:
    }
}

inline void spark::LogHandler::write(const char *data, size_t size) {
    // Default implementation does nothing
}
   b40ec:	4770      	bx	lr
	...

000b40f0 <_ZN5spark16SerialLogHandlerD1Ev>:
            StreamLogHandler(Serial, level, filters) {
        Serial.begin(baud);
        LogManager::instance()->addHandler(this);
    }

    virtual ~SerialLogHandler() {
   b40f0:	4b0a      	ldr	r3, [pc, #40]	; (b411c <_ZN5spark16SerialLogHandlerD1Ev+0x2c>)
   b40f2:	b510      	push	{r4, lr}
   b40f4:	4604      	mov	r4, r0
   b40f6:	6003      	str	r3, [r0, #0]
        LogManager::instance()->removeHandler(this);
   b40f8:	f000 fe2e 	bl	b4d58 <_ZN5spark10LogManager8instanceEv>
   b40fc:	4621      	mov	r1, r4
   b40fe:	f001 f878 	bl	b51f2 <_ZN5spark10LogManager13removeHandlerEPNS_10LogHandlerE>
        Serial.end();
   b4102:	f001 fdf9 	bl	b5cf8 <_Z16_fetch_usbserialv>
   b4106:	f001 fdeb 	bl	b5ce0 <_ZN9USBSerial3endEv>
    virtual ~LogHandler() = default;
   b410a:	4620      	mov	r0, r4
   b410c:	4b04      	ldr	r3, [pc, #16]	; (b4120 <_ZN5spark16SerialLogHandlerD1Ev+0x30>)
   b410e:	f840 3b04 	str.w	r3, [r0], #4
   b4112:	f000 fef7 	bl	b4f04 <_ZN5spark6detail9LogFilterD1Ev>
    }
   b4116:	4620      	mov	r0, r4
   b4118:	bd10      	pop	{r4, pc}
   b411a:	bf00      	nop
   b411c:	000b6978 	.word	0x000b6978
   b4120:	000b6960 	.word	0x000b6960

000b4124 <_ZN5spark16SerialLogHandlerD0Ev>:
    virtual ~SerialLogHandler() {
   b4124:	b510      	push	{r4, lr}
   b4126:	4604      	mov	r4, r0
    }
   b4128:	f7ff ffe2 	bl	b40f0 <_ZN5spark16SerialLogHandlerD1Ev>
   b412c:	4620      	mov	r0, r4
   b412e:	2124      	movs	r1, #36	; 0x24
   b4130:	f7ff ffc5 	bl	b40be <_ZdlPvj>
   b4134:	4620      	mov	r0, r4
   b4136:	bd10      	pop	{r4, pc}

000b4138 <setup>:
// Show system, cloud connectivity, and application logs over USB
// View logs with CLI using 'particle serial monitor --follow'
SerialLogHandler logHandler(LOG_LEVEL_INFO);


void setup() {
   b4138:	b508      	push	{r3, lr}
  Wire.begin();              // join i2c bus as master
   b413a:	f002 fa29 	bl	b6590 <_Z19__fetch_global_Wirev>
   b413e:	f002 f87f 	bl	b6240 <_ZN7TwoWire5beginEv>
  Serial.begin(9600);        // start serial for output
   b4142:	f001 fdd9 	bl	b5cf8 <_Z16_fetch_usbserialv>
}
   b4146:	e8bd 4008 	ldmia.w	sp!, {r3, lr}
  Serial.begin(9600);        // start serial for output
   b414a:	f44f 5116 	mov.w	r1, #9600	; 0x2580
   b414e:	f001 bdc3 	b.w	b5cd8 <_ZN9USBSerial5beginEl>

000b4152 <loop>:

void loop() {
   b4152:	b510      	push	{r4, lr}
  Wire.requestFrom(0x1D, 2, 6);    // request 6 bytes from slave device #2
   b4154:	f002 fa1c 	bl	b6590 <_Z19__fetch_global_Wirev>
   b4158:	2306      	movs	r3, #6
   b415a:	2202      	movs	r2, #2
   b415c:	211d      	movs	r1, #29
   b415e:	f002 f88e 	bl	b627e <_ZN7TwoWire11requestFromEhjh>

  while(Wire.available()){   // slave may send less than requested
   b4162:	f002 fa15 	bl	b6590 <_Z19__fetch_global_Wirev>
   b4166:	6803      	ldr	r3, [r0, #0]
   b4168:	691b      	ldr	r3, [r3, #16]
   b416a:	4798      	blx	r3
   b416c:	b158      	cbz	r0, b4186 <loop+0x34>
    char c = Wire.read();    // receive a byte as character
   b416e:	f002 fa0f 	bl	b6590 <_Z19__fetch_global_Wirev>
   b4172:	6803      	ldr	r3, [r0, #0]
   b4174:	695b      	ldr	r3, [r3, #20]
   b4176:	4798      	blx	r3
   b4178:	4604      	mov	r4, r0
    Serial.print(c);         // print the character
   b417a:	f001 fdbd 	bl	b5cf8 <_Z16_fetch_usbserialv>
   b417e:	b2e1      	uxtb	r1, r4
   b4180:	f000 fc42 	bl	b4a08 <_ZN5Print5printEc>
  while(Wire.available()){   // slave may send less than requested
   b4184:	e7ed      	b.n	b4162 <loop+0x10>
  }

  delay(500);
}
   b4186:	e8bd 4010 	ldmia.w	sp!, {r4, lr}
  delay(500);
   b418a:	f44f 70fa 	mov.w	r0, #500	; 0x1f4
   b418e:	f001 bc33 	b.w	b59f8 <delay>

000b4192 <_ZN5spark6VectorINS_17LogCategoryFilterENS_16DefaultAllocatorEED1Ev>:
inline spark::Vector<T, AllocatorT>::Vector(Vector<T, AllocatorT>&& vector) : Vector() {
    swap(*this, vector);
}

template<typename T, typename AllocatorT>
inline spark::Vector<T, AllocatorT>::~Vector() {
   b4192:	b570      	push	{r4, r5, r6, lr}
    destruct(data_, data_ + size_);
   b4194:	e9d0 5300 	ldrd	r5, r3, [r0]
   b4198:	2614      	movs	r6, #20
inline spark::Vector<T, AllocatorT>::~Vector() {
   b419a:	4604      	mov	r4, r0
    destruct(data_, data_ + size_);
   b419c:	fb06 5603 	mla	r6, r6, r3, r5
        for (; p != end; ++p) {
   b41a0:	42ae      	cmp	r6, r5
   b41a2:	d004      	beq.n	b41ae <_ZN5spark6VectorINS_17LogCategoryFilterENS_16DefaultAllocatorEED1Ev+0x1c>
class LogCategoryFilter {
   b41a4:	4628      	mov	r0, r5
   b41a6:	f000 fb39 	bl	b481c <_ZN6StringD1Ev>
   b41aa:	3514      	adds	r5, #20
   b41ac:	e7f8      	b.n	b41a0 <_ZN5spark6VectorINS_17LogCategoryFilterENS_16DefaultAllocatorEED1Ev+0xe>
    ::free(ptr);
   b41ae:	6820      	ldr	r0, [r4, #0]
   b41b0:	f000 fa94 	bl	b46dc <free>
    AllocatorT::free(data_);
}
   b41b4:	4620      	mov	r0, r4
   b41b6:	bd70      	pop	{r4, r5, r6, pc}

000b41b8 <_ZN5spark6VectorINS_17LogCategoryFilterENS_16DefaultAllocatorEE4moveIS1_Li0EEEvPS1_S5_S5_>:
        if (dest > p && dest < end) {
   b41b8:	4288      	cmp	r0, r1
    static void move(T* dest, T* p, T* end) {
   b41ba:	b5f8      	push	{r3, r4, r5, r6, r7, lr}
   b41bc:	4604      	mov	r4, r0
   b41be:	460d      	mov	r5, r1
   b41c0:	4616      	mov	r6, r2
        if (dest > p && dest < end) {
   b41c2:	d916      	bls.n	b41f2 <_ZN5spark6VectorINS_17LogCategoryFilterENS_16DefaultAllocatorEE4moveIS1_Li0EEEvPS1_S5_S5_+0x3a>
   b41c4:	4290      	cmp	r0, r2
   b41c6:	d215      	bcs.n	b41f4 <_ZN5spark6VectorINS_17LogCategoryFilterENS_16DefaultAllocatorEE4moveIS1_Li0EEEvPS1_S5_S5_+0x3c>
            --end;
   b41c8:	f1a2 0614 	sub.w	r6, r2, #20
            dest += end - p - 1;
   b41cc:	1a75      	subs	r5, r6, r1
   b41ce:	f1a1 0714 	sub.w	r7, r1, #20
   b41d2:	442c      	add	r4, r5
            for (; end != p; --end, --dest) {
   b41d4:	42b7      	cmp	r7, r6
   b41d6:	d01c      	beq.n	b4212 <_ZN5spark6VectorINS_17LogCategoryFilterENS_16DefaultAllocatorEE4moveIS1_Li0EEEvPS1_S5_S5_+0x5a>
                new(dest) T(std::move(*end));
   b41d8:	b12c      	cbz	r4, b41e6 <_ZN5spark6VectorINS_17LogCategoryFilterENS_16DefaultAllocatorEE4moveIS1_Li0EEEvPS1_S5_S5_+0x2e>
   b41da:	4631      	mov	r1, r6
   b41dc:	4620      	mov	r0, r4
   b41de:	f000 fb86 	bl	b48ee <_ZN6StringC1EOS_>
   b41e2:	7c33      	ldrb	r3, [r6, #16]
   b41e4:	7423      	strb	r3, [r4, #16]
   b41e6:	4630      	mov	r0, r6
   b41e8:	f000 fb18 	bl	b481c <_ZN6StringD1Ev>
            for (; end != p; --end, --dest) {
   b41ec:	3e14      	subs	r6, #20
   b41ee:	3c14      	subs	r4, #20
   b41f0:	e7f0      	b.n	b41d4 <_ZN5spark6VectorINS_17LogCategoryFilterENS_16DefaultAllocatorEE4moveIS1_Li0EEEvPS1_S5_S5_+0x1c>
        } else if (dest != p) {
   b41f2:	d00e      	beq.n	b4212 <_ZN5spark6VectorINS_17LogCategoryFilterENS_16DefaultAllocatorEE4moveIS1_Li0EEEvPS1_S5_S5_+0x5a>
            for (; p != end; ++p, ++dest) {
   b41f4:	42b5      	cmp	r5, r6
   b41f6:	d00c      	beq.n	b4212 <_ZN5spark6VectorINS_17LogCategoryFilterENS_16DefaultAllocatorEE4moveIS1_Li0EEEvPS1_S5_S5_+0x5a>
                new(dest) T(std::move(*p));
   b41f8:	b12c      	cbz	r4, b4206 <_ZN5spark6VectorINS_17LogCategoryFilterENS_16DefaultAllocatorEE4moveIS1_Li0EEEvPS1_S5_S5_+0x4e>
   b41fa:	4629      	mov	r1, r5
   b41fc:	4620      	mov	r0, r4
   b41fe:	f000 fb76 	bl	b48ee <_ZN6StringC1EOS_>
   b4202:	7c2b      	ldrb	r3, [r5, #16]
   b4204:	7423      	strb	r3, [r4, #16]
   b4206:	4628      	mov	r0, r5
   b4208:	f000 fb08 	bl	b481c <_ZN6StringD1Ev>
            for (; p != end; ++p, ++dest) {
   b420c:	3514      	adds	r5, #20
   b420e:	3414      	adds	r4, #20
   b4210:	e7f0      	b.n	b41f4 <_ZN5spark6VectorINS_17LogCategoryFilterENS_16DefaultAllocatorEE4moveIS1_Li0EEEvPS1_S5_S5_+0x3c>
    }
   b4212:	bdf8      	pop	{r3, r4, r5, r6, r7, pc}

000b4214 <_ZN5spark6VectorINS_17LogCategoryFilterENS_16DefaultAllocatorEEC1ERKS3_>:
inline spark::Vector<T, AllocatorT>::Vector(const Vector<T, AllocatorT>& vector) : Vector() {
   b4214:	e92d 41f0 	stmdb	sp!, {r4, r5, r6, r7, r8, lr}
        capacity_(0) {
   b4218:	2300      	movs	r3, #0
   b421a:	e9c0 3300 	strd	r3, r3, [r0]
   b421e:	6083      	str	r3, [r0, #8]
    if (vector.size_ > 0 && realloc(vector.size_)) {
   b4220:	684f      	ldr	r7, [r1, #4]
   b4222:	429f      	cmp	r7, r3
inline spark::Vector<T, AllocatorT>::Vector(const Vector<T, AllocatorT>& vector) : Vector() {
   b4224:	4604      	mov	r4, r0
   b4226:	460e      	mov	r6, r1
    if (vector.size_ > 0 && realloc(vector.size_)) {
   b4228:	dd23      	ble.n	b4272 <_ZN5spark6VectorINS_17LogCategoryFilterENS_16DefaultAllocatorEEC1ERKS3_+0x5e>
            d = (T*)AllocatorT::malloc(n * sizeof(T));
   b422a:	f04f 0814 	mov.w	r8, #20
    return ::malloc(size);
   b422e:	fb08 f007 	mul.w	r0, r8, r7
   b4232:	f000 fa4b 	bl	b46cc <malloc>
            if (!d) {
   b4236:	4605      	mov	r5, r0
   b4238:	b1d8      	cbz	r0, b4272 <_ZN5spark6VectorINS_17LogCategoryFilterENS_16DefaultAllocatorEEC1ERKS3_+0x5e>
            move(d, data_, data_ + size_);
   b423a:	e9d4 1200 	ldrd	r1, r2, [r4]
   b423e:	fb08 1202 	mla	r2, r8, r2, r1
   b4242:	f7ff ffb9 	bl	b41b8 <_ZN5spark6VectorINS_17LogCategoryFilterENS_16DefaultAllocatorEE4moveIS1_Li0EEEvPS1_S5_S5_>
    ::free(ptr);
   b4246:	6820      	ldr	r0, [r4, #0]
   b4248:	f000 fa48 	bl	b46dc <free>
        data_ = d;
   b424c:	6025      	str	r5, [r4, #0]
        capacity_ = n;
   b424e:	60a7      	str	r7, [r4, #8]
        copy(data_, vector.data_, vector.data_ + vector.size_);
   b4250:	e9d6 7300 	ldrd	r7, r3, [r6]
   b4254:	fb08 7803 	mla	r8, r8, r3, r7
        for (; it != end; ++it, ++dest) {
   b4258:	45b8      	cmp	r8, r7
   b425a:	d008      	beq.n	b426e <_ZN5spark6VectorINS_17LogCategoryFilterENS_16DefaultAllocatorEEC1ERKS3_+0x5a>
   b425c:	4639      	mov	r1, r7
   b425e:	4628      	mov	r0, r5
   b4260:	f000 fb5f 	bl	b4922 <_ZN6StringC1ERKS_>
   b4264:	7c3b      	ldrb	r3, [r7, #16]
   b4266:	742b      	strb	r3, [r5, #16]
   b4268:	3714      	adds	r7, #20
   b426a:	3514      	adds	r5, #20
   b426c:	e7f4      	b.n	b4258 <_ZN5spark6VectorINS_17LogCategoryFilterENS_16DefaultAllocatorEEC1ERKS3_+0x44>
        size_ = vector.size_;
   b426e:	6873      	ldr	r3, [r6, #4]
   b4270:	6063      	str	r3, [r4, #4]
}
   b4272:	4620      	mov	r0, r4
   b4274:	e8bd 81f0 	ldmia.w	sp!, {r4, r5, r6, r7, r8, pc}

000b4278 <_GLOBAL__sub_I_SystemMode>:
}
   b4278:	b570      	push	{r4, r5, r6, lr}

class SystemSleepResult {
public:
    SystemSleepResult()
            : wakeupSource_(nullptr),
              error_(SYSTEM_ERROR_NONE) {
   b427a:	4b24      	ldr	r3, [pc, #144]	; (b430c <_GLOBAL__sub_I_SystemMode+0x94>)
    SleepResult() {}
   b427c:	4a24      	ldr	r2, [pc, #144]	; (b4310 <_GLOBAL__sub_I_SystemMode+0x98>)
   b427e:	609a      	str	r2, [r3, #8]
              error_(SYSTEM_ERROR_NONE) {
   b4280:	2400      	movs	r4, #0
   b4282:	b08c      	sub	sp, #48	; 0x30
   b4284:	e9c3 4400 	strd	r4, r4, [r3]

class SystemClass {
public:

    SystemClass(System_Mode_TypeDef mode = DEFAULT) {
        set_system_mode(mode);
   b4288:	2001      	movs	r0, #1
   b428a:	f000 f97b 	bl	b4584 <set_system_mode>
SYSTEM_THREAD(ENABLED);
   b428e:	4621      	mov	r1, r4
   b4290:	2001      	movs	r0, #1
   b4292:	f000 f987 	bl	b45a4 <system_thread_set_state>
        capacity_(0) {
   b4296:	e9cd 4400 	strd	r4, r4, [sp]
   b429a:	9402      	str	r4, [sp, #8]
            StreamLogHandler(Serial, level, filters) {
   b429c:	f001 fd2c 	bl	b5cf8 <_Z16_fetch_usbserialv>
        filter_(level, filters) {
   b42a0:	4c1c      	ldr	r4, [pc, #112]	; (b4314 <_GLOBAL__sub_I_SystemMode+0x9c>)
   b42a2:	4605      	mov	r5, r0
   b42a4:	4669      	mov	r1, sp
   b42a6:	a803      	add	r0, sp, #12
   b42a8:	f7ff ffb4 	bl	b4214 <_ZN5spark6VectorINS_17LogCategoryFilterENS_16DefaultAllocatorEEC1ERKS3_>
   b42ac:	4626      	mov	r6, r4

// spark::StreamLogHandler
inline spark::StreamLogHandler::StreamLogHandler(Print &stream, LogLevel level, LogCategoryFilters filters) :
        LogHandler(level, filters),
        stream_(&stream) {
   b42ae:	a903      	add	r1, sp, #12
   b42b0:	a806      	add	r0, sp, #24
   b42b2:	f7ff ffaf 	bl	b4214 <_ZN5spark6VectorINS_17LogCategoryFilterENS_16DefaultAllocatorEEC1ERKS3_>
        filter_(level, filters) {
   b42b6:	4b18      	ldr	r3, [pc, #96]	; (b4318 <_GLOBAL__sub_I_SystemMode+0xa0>)
   b42b8:	f846 3b04 	str.w	r3, [r6], #4
   b42bc:	a906      	add	r1, sp, #24
   b42be:	a809      	add	r0, sp, #36	; 0x24
   b42c0:	f7ff ffa8 	bl	b4214 <_ZN5spark6VectorINS_17LogCategoryFilterENS_16DefaultAllocatorEEC1ERKS3_>
   b42c4:	aa09      	add	r2, sp, #36	; 0x24
   b42c6:	211e      	movs	r1, #30
   b42c8:	4630      	mov	r0, r6
   b42ca:	f001 f875 	bl	b53b8 <_ZN5spark6detail9LogFilterC1E8LogLevelNS_6VectorINS_17LogCategoryFilterENS_16DefaultAllocatorEEE>
   b42ce:	a809      	add	r0, sp, #36	; 0x24
   b42d0:	f7ff ff5f 	bl	b4192 <_ZN5spark6VectorINS_17LogCategoryFilterENS_16DefaultAllocatorEED1Ev>
        stream_(&stream) {
   b42d4:	a806      	add	r0, sp, #24
   b42d6:	f7ff ff5c 	bl	b4192 <_ZN5spark6VectorINS_17LogCategoryFilterENS_16DefaultAllocatorEED1Ev>
   b42da:	4b10      	ldr	r3, [pc, #64]	; (b431c <_GLOBAL__sub_I_SystemMode+0xa4>)
   b42dc:	6023      	str	r3, [r4, #0]
   b42de:	6225      	str	r5, [r4, #32]
   b42e0:	a803      	add	r0, sp, #12
   b42e2:	f7ff ff56 	bl	b4192 <_ZN5spark6VectorINS_17LogCategoryFilterENS_16DefaultAllocatorEED1Ev>
   b42e6:	4b0e      	ldr	r3, [pc, #56]	; (b4320 <_GLOBAL__sub_I_SystemMode+0xa8>)
   b42e8:	6023      	str	r3, [r4, #0]
        Serial.begin();
   b42ea:	f001 fd05 	bl	b5cf8 <_Z16_fetch_usbserialv>
   b42ee:	f44f 5116 	mov.w	r1, #9600	; 0x2580
   b42f2:	f001 fcf1 	bl	b5cd8 <_ZN9USBSerial5beginEl>
        LogManager::instance()->addHandler(this);
   b42f6:	f000 fd2f 	bl	b4d58 <_ZN5spark10LogManager8instanceEv>
   b42fa:	4621      	mov	r1, r4
   b42fc:	f000 ff32 	bl	b5164 <_ZN5spark10LogManager10addHandlerEPNS_10LogHandlerE>
SerialLogHandler logHandler(LOG_LEVEL_INFO);
   b4300:	4668      	mov	r0, sp
   b4302:	f7ff ff46 	bl	b4192 <_ZN5spark6VectorINS_17LogCategoryFilterENS_16DefaultAllocatorEED1Ev>
}
   b4306:	b00c      	add	sp, #48	; 0x30
   b4308:	bd70      	pop	{r4, r5, r6, pc}
   b430a:	bf00      	nop
   b430c:	2003e658 	.word	0x2003e658
   b4310:	ffff0000 	.word	0xffff0000
   b4314:	2003e664 	.word	0x2003e664
   b4318:	000b6960 	.word	0x000b6960
   b431c:	000b6a64 	.word	0x000b6a64
   b4320:	000b6978 	.word	0x000b6978

000b4324 <netdb_freeaddrinfo>:

DYNALIB_BEGIN(hal_netdb)

DYNALIB_FN(0, hal_netdb, netdb_gethostbyname, struct hostent*(const char*))
DYNALIB_FN(1, hal_netdb, netdb_gethostbyname_r, int(const char*, struct hostent*, char*, size_t, struct hostent**, int*))
DYNALIB_FN(2, hal_netdb, netdb_freeaddrinfo, void(struct addrinfo*))
   b4324:	b508      	push	{r3, lr}
   b4326:	4b02      	ldr	r3, [pc, #8]	; (b4330 <netdb_freeaddrinfo+0xc>)
   b4328:	681b      	ldr	r3, [r3, #0]
   b432a:	689b      	ldr	r3, [r3, #8]
   b432c:	9301      	str	r3, [sp, #4]
   b432e:	bd08      	pop	{r3, pc}
   b4330:	00030268 	.word	0x00030268

000b4334 <netdb_getaddrinfo>:
DYNALIB_FN(3, hal_netdb, netdb_getaddrinfo, int(const char*, const char*, const struct addrinfo*, struct addrinfo**))
   b4334:	b508      	push	{r3, lr}
   b4336:	4b02      	ldr	r3, [pc, #8]	; (b4340 <netdb_getaddrinfo+0xc>)
   b4338:	681b      	ldr	r3, [r3, #0]
   b433a:	68db      	ldr	r3, [r3, #12]
   b433c:	9301      	str	r3, [sp, #4]
   b433e:	bd08      	pop	{r3, pc}
   b4340:	00030268 	.word	0x00030268

000b4344 <HAL_RNG_GetRandomNumber>:

DYNALIB_BEGIN(hal)

#if PLATFORM_ID > PLATFORM_GCC
DYNALIB_FN(0, hal, HAL_RNG_Configuration, void(void))
DYNALIB_FN(1, hal, HAL_RNG_GetRandomNumber, uint32_t(void))
   b4344:	b508      	push	{r3, lr}
   b4346:	4b02      	ldr	r3, [pc, #8]	; (b4350 <HAL_RNG_GetRandomNumber+0xc>)
   b4348:	681b      	ldr	r3, [r3, #0]
   b434a:	685b      	ldr	r3, [r3, #4]
   b434c:	9301      	str	r3, [sp, #4]
   b434e:	bd08      	pop	{r3, pc}
   b4350:	00030218 	.word	0x00030218

000b4354 <HAL_Delay_Microseconds>:
#else
#define BASE_IDX 0
#endif // PLATFORM_ID > PLATFORM_GCC

DYNALIB_FN(BASE_IDX + 0, hal, HAL_Delay_Milliseconds, void(uint32_t))
DYNALIB_FN(BASE_IDX + 1, hal, HAL_Delay_Microseconds, void(uint32_t))
   b4354:	b508      	push	{r3, lr}
   b4356:	4b02      	ldr	r3, [pc, #8]	; (b4360 <HAL_Delay_Microseconds+0xc>)
   b4358:	681b      	ldr	r3, [r3, #0]
   b435a:	68db      	ldr	r3, [r3, #12]
   b435c:	9301      	str	r3, [sp, #4]
   b435e:	bd08      	pop	{r3, pc}
   b4360:	00030218 	.word	0x00030218

000b4364 <HAL_Timer_Get_Milli_Seconds>:
DYNALIB_FN(BASE_IDX + 2, hal, HAL_Timer_Get_Micro_Seconds, system_tick_t(void))
DYNALIB_FN(BASE_IDX + 3, hal, HAL_Timer_Get_Milli_Seconds, system_tick_t(void))
   b4364:	b508      	push	{r3, lr}
   b4366:	4b02      	ldr	r3, [pc, #8]	; (b4370 <HAL_Timer_Get_Milli_Seconds+0xc>)
   b4368:	681b      	ldr	r3, [r3, #0]
   b436a:	695b      	ldr	r3, [r3, #20]
   b436c:	9301      	str	r3, [sp, #4]
   b436e:	bd08      	pop	{r3, pc}
   b4370:	00030218 	.word	0x00030218

000b4374 <os_mutex_recursive_create>:
DYNALIB_FN(13, hal_concurrent, os_mutex_destroy, int(os_mutex_t))
DYNALIB_FN(14, hal_concurrent, os_mutex_lock, int(os_mutex_t))
DYNALIB_FN(15, hal_concurrent, os_mutex_trylock, int(os_mutex_t))
DYNALIB_FN(16, hal_concurrent, os_mutex_unlock, int(os_mutex_t))

DYNALIB_FN(17, hal_concurrent, os_mutex_recursive_create, int(os_mutex_recursive_t*))
   b4374:	b508      	push	{r3, lr}
   b4376:	4b02      	ldr	r3, [pc, #8]	; (b4380 <os_mutex_recursive_create+0xc>)
   b4378:	681b      	ldr	r3, [r3, #0]
   b437a:	6c5b      	ldr	r3, [r3, #68]	; 0x44
   b437c:	9301      	str	r3, [sp, #4]
   b437e:	bd08      	pop	{r3, pc}
   b4380:	00030248 	.word	0x00030248

000b4384 <os_mutex_recursive_destroy>:
DYNALIB_FN(18, hal_concurrent, os_mutex_recursive_destroy, int(os_mutex_recursive_t))
   b4384:	b508      	push	{r3, lr}
   b4386:	4b02      	ldr	r3, [pc, #8]	; (b4390 <os_mutex_recursive_destroy+0xc>)
   b4388:	681b      	ldr	r3, [r3, #0]
   b438a:	6c9b      	ldr	r3, [r3, #72]	; 0x48
   b438c:	9301      	str	r3, [sp, #4]
   b438e:	bd08      	pop	{r3, pc}
   b4390:	00030248 	.word	0x00030248

000b4394 <os_mutex_recursive_lock>:
DYNALIB_FN(19, hal_concurrent, os_mutex_recursive_lock, int(os_mutex_recursive_t))
   b4394:	b508      	push	{r3, lr}
   b4396:	4b02      	ldr	r3, [pc, #8]	; (b43a0 <os_mutex_recursive_lock+0xc>)
   b4398:	681b      	ldr	r3, [r3, #0]
   b439a:	6cdb      	ldr	r3, [r3, #76]	; 0x4c
   b439c:	9301      	str	r3, [sp, #4]
   b439e:	bd08      	pop	{r3, pc}
   b43a0:	00030248 	.word	0x00030248

000b43a4 <os_mutex_recursive_unlock>:
DYNALIB_FN(20, hal_concurrent, os_mutex_recursive_trylock, int(os_mutex_recursive_t))
DYNALIB_FN(21, hal_concurrent, os_mutex_recursive_unlock, int(os_mutex_recursive_t))
   b43a4:	b508      	push	{r3, lr}
   b43a6:	4b02      	ldr	r3, [pc, #8]	; (b43b0 <os_mutex_recursive_unlock+0xc>)
   b43a8:	681b      	ldr	r3, [r3, #0]
   b43aa:	6d5b      	ldr	r3, [r3, #84]	; 0x54
   b43ac:	9301      	str	r3, [sp, #4]
   b43ae:	bd08      	pop	{r3, pc}
   b43b0:	00030248 	.word	0x00030248

000b43b4 <inet_inet_ntop>:
DYNALIB_FN(0, hal_inet, inet_inet_addr, in_addr_t(const char*))
DYNALIB_FN(1, hal_inet, inet_inet_aton, int(const char*, struct in_addr*))
DYNALIB_FN(2, hal_inet, inet_inet_network, in_addr_t(const char*))
DYNALIB_FN(3, hal_inet, inet_inet_ntoa, char*(struct in_addr))
DYNALIB_FN(4, hal_inet, inet_inet_ntoa_r, char*(struct in_addr, char*, socklen_t))
DYNALIB_FN(5, hal_inet, inet_inet_ntop, const char*(int, const void*, char*, socklen_t))
   b43b4:	b508      	push	{r3, lr}
   b43b6:	4b02      	ldr	r3, [pc, #8]	; (b43c0 <inet_inet_ntop+0xc>)
   b43b8:	681b      	ldr	r3, [r3, #0]
   b43ba:	695b      	ldr	r3, [r3, #20]
   b43bc:	9301      	str	r3, [sp, #4]
   b43be:	bd08      	pop	{r3, pc}
   b43c0:	00030264 	.word	0x00030264

000b43c4 <hal_usart_end>:
#define BASE_IDX 0
#endif

DYNALIB_FN(BASE_IDX + 0, hal_usart, hal_usart_init, void(hal_usart_interface_t, hal_usart_ring_buffer_t*, hal_usart_ring_buffer_t*))
DYNALIB_FN(BASE_IDX + 1, hal_usart, hal_usart_begin, void(hal_usart_interface_t, uint32_t))
DYNALIB_FN(BASE_IDX + 2, hal_usart, hal_usart_end, void(hal_usart_interface_t))
   b43c4:	b508      	push	{r3, lr}
   b43c6:	4b02      	ldr	r3, [pc, #8]	; (b43d0 <hal_usart_end+0xc>)
   b43c8:	681b      	ldr	r3, [r3, #0]
   b43ca:	689b      	ldr	r3, [r3, #8]
   b43cc:	9301      	str	r3, [sp, #4]
   b43ce:	bd08      	pop	{r3, pc}
   b43d0:	0003023c 	.word	0x0003023c

000b43d4 <hal_usart_write>:
DYNALIB_FN(BASE_IDX + 3, hal_usart, hal_usart_write, uint32_t(hal_usart_interface_t, uint8_t))
   b43d4:	b508      	push	{r3, lr}
   b43d6:	4b02      	ldr	r3, [pc, #8]	; (b43e0 <hal_usart_write+0xc>)
   b43d8:	681b      	ldr	r3, [r3, #0]
   b43da:	68db      	ldr	r3, [r3, #12]
   b43dc:	9301      	str	r3, [sp, #4]
   b43de:	bd08      	pop	{r3, pc}
   b43e0:	0003023c 	.word	0x0003023c

000b43e4 <hal_usart_available>:
DYNALIB_FN(BASE_IDX + 4, hal_usart, hal_usart_available, int32_t(hal_usart_interface_t))
   b43e4:	b508      	push	{r3, lr}
   b43e6:	4b02      	ldr	r3, [pc, #8]	; (b43f0 <hal_usart_available+0xc>)
   b43e8:	681b      	ldr	r3, [r3, #0]
   b43ea:	691b      	ldr	r3, [r3, #16]
   b43ec:	9301      	str	r3, [sp, #4]
   b43ee:	bd08      	pop	{r3, pc}
   b43f0:	0003023c 	.word	0x0003023c

000b43f4 <hal_usart_read>:
DYNALIB_FN(BASE_IDX + 5, hal_usart, hal_usart_read, int32_t(hal_usart_interface_t))
   b43f4:	b508      	push	{r3, lr}
   b43f6:	4b02      	ldr	r3, [pc, #8]	; (b4400 <hal_usart_read+0xc>)
   b43f8:	681b      	ldr	r3, [r3, #0]
   b43fa:	695b      	ldr	r3, [r3, #20]
   b43fc:	9301      	str	r3, [sp, #4]
   b43fe:	bd08      	pop	{r3, pc}
   b4400:	0003023c 	.word	0x0003023c

000b4404 <hal_usart_peek>:
DYNALIB_FN(BASE_IDX + 6, hal_usart, hal_usart_peek, int32_t(hal_usart_interface_t))
   b4404:	b508      	push	{r3, lr}
   b4406:	4b02      	ldr	r3, [pc, #8]	; (b4410 <hal_usart_peek+0xc>)
   b4408:	681b      	ldr	r3, [r3, #0]
   b440a:	699b      	ldr	r3, [r3, #24]
   b440c:	9301      	str	r3, [sp, #4]
   b440e:	bd08      	pop	{r3, pc}
   b4410:	0003023c 	.word	0x0003023c

000b4414 <hal_usart_flush>:
DYNALIB_FN(BASE_IDX + 7, hal_usart, hal_usart_flush, void(hal_usart_interface_t))
   b4414:	b508      	push	{r3, lr}
   b4416:	4b02      	ldr	r3, [pc, #8]	; (b4420 <hal_usart_flush+0xc>)
   b4418:	681b      	ldr	r3, [r3, #0]
   b441a:	69db      	ldr	r3, [r3, #28]
   b441c:	9301      	str	r3, [sp, #4]
   b441e:	bd08      	pop	{r3, pc}
   b4420:	0003023c 	.word	0x0003023c

000b4424 <hal_usart_available_data_for_write>:
DYNALIB_FN(BASE_IDX + 8, hal_usart, hal_usart_is_enabled, bool(hal_usart_interface_t))
DYNALIB_FN(BASE_IDX + 9, hal_usart, hal_usart_half_duplex, void(hal_usart_interface_t, bool))
DYNALIB_FN(BASE_IDX + 10, hal_usart, hal_usart_available_data_for_write, int32_t(hal_usart_interface_t))
   b4424:	b508      	push	{r3, lr}
   b4426:	4b02      	ldr	r3, [pc, #8]	; (b4430 <hal_usart_available_data_for_write+0xc>)
   b4428:	681b      	ldr	r3, [r3, #0]
   b442a:	6a9b      	ldr	r3, [r3, #40]	; 0x28
   b442c:	9301      	str	r3, [sp, #4]
   b442e:	bd08      	pop	{r3, pc}
   b4430:	0003023c 	.word	0x0003023c

000b4434 <hal_usart_begin_config>:
#define BASE_IDX2 (BASE_IDX+13)
#else
#define BASE_IDX2 (BASE_IDX+11)
#endif

DYNALIB_FN(BASE_IDX2 + 0, hal_usart, hal_usart_begin_config, void(hal_usart_interface_t serial, uint32_t baud, uint32_t config, void *ptr))
   b4434:	b508      	push	{r3, lr}
   b4436:	4b02      	ldr	r3, [pc, #8]	; (b4440 <hal_usart_begin_config+0xc>)
   b4438:	681b      	ldr	r3, [r3, #0]
   b443a:	6adb      	ldr	r3, [r3, #44]	; 0x2c
   b443c:	9301      	str	r3, [sp, #4]
   b443e:	bd08      	pop	{r3, pc}
   b4440:	0003023c 	.word	0x0003023c

000b4444 <hal_usart_init_ex>:
DYNALIB_FN(BASE_IDX2 + 1, hal_usart, hal_usart_write_nine_bits, uint32_t(hal_usart_interface_t serial, uint16_t data))
DYNALIB_FN(BASE_IDX2 + 2, hal_usart, hal_usart_send_break, void(hal_usart_interface_t, void*))
DYNALIB_FN(BASE_IDX2 + 3, hal_usart, hal_usart_break_detected, uint8_t(hal_usart_interface_t))
DYNALIB_FN(BASE_IDX2 + 4, hal_usart, hal_usart_sleep, int(hal_usart_interface_t serial, bool, void*))
DYNALIB_FN(BASE_IDX2 + 5, hal_usart, hal_usart_init_ex, int(hal_usart_interface_t, const hal_usart_buffer_config_t*, void*))
   b4444:	b508      	push	{r3, lr}
   b4446:	4b02      	ldr	r3, [pc, #8]	; (b4450 <hal_usart_init_ex+0xc>)
   b4448:	681b      	ldr	r3, [r3, #0]
   b444a:	6c1b      	ldr	r3, [r3, #64]	; 0x40
   b444c:	9301      	str	r3, [sp, #4]
   b444e:	bd08      	pop	{r3, pc}
   b4450:	0003023c 	.word	0x0003023c

000b4454 <hal_i2c_begin>:
DYNALIB_BEGIN(hal_i2c)

DYNALIB_FN(0, hal_i2c, hal_i2c_set_speed, void(hal_i2c_interface_t, uint32_t, void*))
DYNALIB_FN(1, hal_i2c, hal_i2c_enable_dma_mode, void(hal_i2c_interface_t, bool, void*))
DYNALIB_FN(2, hal_i2c, hal_i2c_stretch_clock, void(hal_i2c_interface_t, bool, void*))
DYNALIB_FN(3, hal_i2c, hal_i2c_begin, void(hal_i2c_interface_t, hal_i2c_mode_t, uint8_t, void*))
   b4454:	b508      	push	{r3, lr}
   b4456:	4b02      	ldr	r3, [pc, #8]	; (b4460 <hal_i2c_begin+0xc>)
   b4458:	681b      	ldr	r3, [r3, #0]
   b445a:	68db      	ldr	r3, [r3, #12]
   b445c:	9301      	str	r3, [sp, #4]
   b445e:	bd08      	pop	{r3, pc}
   b4460:	00030228 	.word	0x00030228

000b4464 <hal_i2c_write>:
DYNALIB_FN(4, hal_i2c, hal_i2c_end, void(hal_i2c_interface_t, void*))
DYNALIB_FN(5, hal_i2c, hal_i2c_request, uint32_t(hal_i2c_interface_t, uint8_t, uint8_t, uint8_t, void*))
DYNALIB_FN(6, hal_i2c, hal_i2c_begin_transmission, void(hal_i2c_interface_t, uint8_t, const hal_i2c_transmission_config_t*))
DYNALIB_FN(7, hal_i2c, hal_i2c_end_transmission, uint8_t(hal_i2c_interface_t, uint8_t, void*))
DYNALIB_FN(8, hal_i2c, hal_i2c_write, uint32_t(hal_i2c_interface_t, uint8_t, void*))
   b4464:	b508      	push	{r3, lr}
   b4466:	4b02      	ldr	r3, [pc, #8]	; (b4470 <hal_i2c_write+0xc>)
   b4468:	681b      	ldr	r3, [r3, #0]
   b446a:	6a1b      	ldr	r3, [r3, #32]
   b446c:	9301      	str	r3, [sp, #4]
   b446e:	bd08      	pop	{r3, pc}
   b4470:	00030228 	.word	0x00030228

000b4474 <hal_i2c_available>:
DYNALIB_FN(9, hal_i2c, hal_i2c_available, int32_t(hal_i2c_interface_t, void*))
   b4474:	b508      	push	{r3, lr}
   b4476:	4b02      	ldr	r3, [pc, #8]	; (b4480 <hal_i2c_available+0xc>)
   b4478:	681b      	ldr	r3, [r3, #0]
   b447a:	6a5b      	ldr	r3, [r3, #36]	; 0x24
   b447c:	9301      	str	r3, [sp, #4]
   b447e:	bd08      	pop	{r3, pc}
   b4480:	00030228 	.word	0x00030228

000b4484 <hal_i2c_read>:
DYNALIB_FN(10, hal_i2c, hal_i2c_read, int32_t(hal_i2c_interface_t, void*))
   b4484:	b508      	push	{r3, lr}
   b4486:	4b02      	ldr	r3, [pc, #8]	; (b4490 <hal_i2c_read+0xc>)
   b4488:	681b      	ldr	r3, [r3, #0]
   b448a:	6a9b      	ldr	r3, [r3, #40]	; 0x28
   b448c:	9301      	str	r3, [sp, #4]
   b448e:	bd08      	pop	{r3, pc}
   b4490:	00030228 	.word	0x00030228

000b4494 <hal_i2c_peek>:
DYNALIB_FN(11, hal_i2c, hal_i2c_peek, int32_t(hal_i2c_interface_t, void*))
   b4494:	b508      	push	{r3, lr}
   b4496:	4b02      	ldr	r3, [pc, #8]	; (b44a0 <hal_i2c_peek+0xc>)
   b4498:	681b      	ldr	r3, [r3, #0]
   b449a:	6adb      	ldr	r3, [r3, #44]	; 0x2c
   b449c:	9301      	str	r3, [sp, #4]
   b449e:	bd08      	pop	{r3, pc}
   b44a0:	00030228 	.word	0x00030228

000b44a4 <hal_i2c_flush>:
DYNALIB_FN(12, hal_i2c, hal_i2c_flush, void(hal_i2c_interface_t, void*))
   b44a4:	b508      	push	{r3, lr}
   b44a6:	4b02      	ldr	r3, [pc, #8]	; (b44b0 <hal_i2c_flush+0xc>)
   b44a8:	681b      	ldr	r3, [r3, #0]
   b44aa:	6b1b      	ldr	r3, [r3, #48]	; 0x30
   b44ac:	9301      	str	r3, [sp, #4]
   b44ae:	bd08      	pop	{r3, pc}
   b44b0:	00030228 	.word	0x00030228

000b44b4 <hal_i2c_init>:
DYNALIB_FN(13, hal_i2c, hal_i2c_is_enabled, bool(hal_i2c_interface_t, void*))
DYNALIB_FN(14, hal_i2c, hal_i2c_set_callback_on_received, void(hal_i2c_interface_t, void(*)(int), void*))
DYNALIB_FN(15, hal_i2c, hal_i2c_set_callback_on_requested, void(hal_i2c_interface_t, void(*)(void), void*))
DYNALIB_FN(16, hal_i2c, hal_i2c_init, int(hal_i2c_interface_t, const hal_i2c_config_t*))
   b44b4:	b508      	push	{r3, lr}
   b44b6:	4b02      	ldr	r3, [pc, #8]	; (b44c0 <hal_i2c_init+0xc>)
   b44b8:	681b      	ldr	r3, [r3, #0]
   b44ba:	6c1b      	ldr	r3, [r3, #64]	; 0x40
   b44bc:	9301      	str	r3, [sp, #4]
   b44be:	bd08      	pop	{r3, pc}
   b44c0:	00030228 	.word	0x00030228

000b44c4 <hal_i2c_request_ex>:
DYNALIB_FN(17, hal_i2c, hal_i2c_reset, int(hal_i2c_interface_t, uint32_t, void*))
DYNALIB_FN(18, hal_i2c, hal_i2c_lock, int32_t(hal_i2c_interface_t, void*))
DYNALIB_FN(19, hal_i2c, hal_i2c_unlock, int32_t(hal_i2c_interface_t, void*))
DYNALIB_FN(20, hal_i2c, hal_i2c_request_ex, int32_t(hal_i2c_interface_t, const hal_i2c_transmission_config_t*, void*))
   b44c4:	b508      	push	{r3, lr}
   b44c6:	4b02      	ldr	r3, [pc, #8]	; (b44d0 <hal_i2c_request_ex+0xc>)
   b44c8:	681b      	ldr	r3, [r3, #0]
   b44ca:	6d1b      	ldr	r3, [r3, #80]	; 0x50
   b44cc:	9301      	str	r3, [sp, #4]
   b44ce:	bd08      	pop	{r3, pc}
   b44d0:	00030228 	.word	0x00030228

000b44d4 <HAL_USB_USART_Init>:
// GNINRAW

DYNALIB_BEGIN(hal_usb)

#ifdef USB_CDC_ENABLE
DYNALIB_FN(0, hal_usb, HAL_USB_USART_Init, void(HAL_USB_USART_Serial, const HAL_USB_USART_Config*))
   b44d4:	b508      	push	{r3, lr}
   b44d6:	4b02      	ldr	r3, [pc, #8]	; (b44e0 <HAL_USB_USART_Init+0xc>)
   b44d8:	681b      	ldr	r3, [r3, #0]
   b44da:	681b      	ldr	r3, [r3, #0]
   b44dc:	9301      	str	r3, [sp, #4]
   b44de:	bd08      	pop	{r3, pc}
   b44e0:	0003024c 	.word	0x0003024c

000b44e4 <HAL_USB_USART_Begin>:
DYNALIB_FN(1, hal_usb, HAL_USB_USART_Begin, void(HAL_USB_USART_Serial, uint32_t, void *))
   b44e4:	b508      	push	{r3, lr}
   b44e6:	4b02      	ldr	r3, [pc, #8]	; (b44f0 <HAL_USB_USART_Begin+0xc>)
   b44e8:	681b      	ldr	r3, [r3, #0]
   b44ea:	685b      	ldr	r3, [r3, #4]
   b44ec:	9301      	str	r3, [sp, #4]
   b44ee:	bd08      	pop	{r3, pc}
   b44f0:	0003024c 	.word	0x0003024c

000b44f4 <HAL_USB_USART_End>:
DYNALIB_FN(2, hal_usb, HAL_USB_USART_End, void(HAL_USB_USART_Serial))
   b44f4:	b508      	push	{r3, lr}
   b44f6:	4b02      	ldr	r3, [pc, #8]	; (b4500 <HAL_USB_USART_End+0xc>)
   b44f8:	681b      	ldr	r3, [r3, #0]
   b44fa:	689b      	ldr	r3, [r3, #8]
   b44fc:	9301      	str	r3, [sp, #4]
   b44fe:	bd08      	pop	{r3, pc}
   b4500:	0003024c 	.word	0x0003024c

000b4504 <HAL_USB_USART_Available_Data>:
DYNALIB_FN(3, hal_usb, HAL_USB_USART_Baud_Rate, unsigned int(HAL_USB_USART_Serial))
DYNALIB_FN_WRAP(4, hal_usb, HAL_USB_USART_Available_Data, protected, int32_t(HAL_USB_USART_Serial))
   b4504:	b508      	push	{r3, lr}
   b4506:	4b02      	ldr	r3, [pc, #8]	; (b4510 <HAL_USB_USART_Available_Data+0xc>)
   b4508:	681b      	ldr	r3, [r3, #0]
   b450a:	691b      	ldr	r3, [r3, #16]
   b450c:	9301      	str	r3, [sp, #4]
   b450e:	bd08      	pop	{r3, pc}
   b4510:	0003024c 	.word	0x0003024c

000b4514 <HAL_USB_USART_Available_Data_For_Write>:
DYNALIB_FN_WRAP(5, hal_usb, HAL_USB_USART_Available_Data_For_Write, protected, int32_t(HAL_USB_USART_Serial))
   b4514:	b508      	push	{r3, lr}
   b4516:	4b02      	ldr	r3, [pc, #8]	; (b4520 <HAL_USB_USART_Available_Data_For_Write+0xc>)
   b4518:	681b      	ldr	r3, [r3, #0]
   b451a:	695b      	ldr	r3, [r3, #20]
   b451c:	9301      	str	r3, [sp, #4]
   b451e:	bd08      	pop	{r3, pc}
   b4520:	0003024c 	.word	0x0003024c

000b4524 <HAL_USB_USART_Receive_Data>:
DYNALIB_FN_WRAP(6, hal_usb, HAL_USB_USART_Receive_Data, protected, int32_t(HAL_USB_USART_Serial, uint8_t))
   b4524:	b508      	push	{r3, lr}
   b4526:	4b02      	ldr	r3, [pc, #8]	; (b4530 <HAL_USB_USART_Receive_Data+0xc>)
   b4528:	681b      	ldr	r3, [r3, #0]
   b452a:	699b      	ldr	r3, [r3, #24]
   b452c:	9301      	str	r3, [sp, #4]
   b452e:	bd08      	pop	{r3, pc}
   b4530:	0003024c 	.word	0x0003024c

000b4534 <HAL_USB_USART_Send_Data>:
DYNALIB_FN_WRAP(7, hal_usb, HAL_USB_USART_Send_Data, protected, int32_t(HAL_USB_USART_Serial, uint8_t))
   b4534:	b508      	push	{r3, lr}
   b4536:	4b02      	ldr	r3, [pc, #8]	; (b4540 <HAL_USB_USART_Send_Data+0xc>)
   b4538:	681b      	ldr	r3, [r3, #0]
   b453a:	69db      	ldr	r3, [r3, #28]
   b453c:	9301      	str	r3, [sp, #4]
   b453e:	bd08      	pop	{r3, pc}
   b4540:	0003024c 	.word	0x0003024c

000b4544 <HAL_USB_USART_Flush_Data>:
DYNALIB_FN_WRAP(8, hal_usb, HAL_USB_USART_Flush_Data, protected, void(HAL_USB_USART_Serial))
   b4544:	b508      	push	{r3, lr}
   b4546:	4b02      	ldr	r3, [pc, #8]	; (b4550 <HAL_USB_USART_Flush_Data+0xc>)
   b4548:	681b      	ldr	r3, [r3, #0]
   b454a:	6a1b      	ldr	r3, [r3, #32]
   b454c:	9301      	str	r3, [sp, #4]
   b454e:	bd08      	pop	{r3, pc}
   b4550:	0003024c 	.word	0x0003024c

000b4554 <panic_>:
DYNALIB_FN(9, services, LED_Toggle, void(Led_TypeDef))
DYNALIB_FN(10, services, LED_Fade, void(Led_TypeDef))
DYNALIB_FN(11, services, Get_LED_Brightness, uint8_t(void))

DYNALIB_FN(12, services, set_logger_output, void(debug_output_fn, LoggerOutputLevel)) // Deprecated
DYNALIB_FN(13, services, panic_, void(ePanicCode, void*, void(*)(uint32_t)))
   b4554:	b508      	push	{r3, lr}
   b4556:	4b02      	ldr	r3, [pc, #8]	; (b4560 <panic_+0xc>)
   b4558:	681b      	ldr	r3, [r3, #0]
   b455a:	6b5b      	ldr	r3, [r3, #52]	; 0x34
   b455c:	9301      	str	r3, [sp, #4]
   b455e:	bd08      	pop	{r3, pc}
   b4560:	00030260 	.word	0x00030260

000b4564 <log_level_name>:
DYNALIB_FN(22, services, log_write, void(int, const char*, const char*, size_t, void*))
DYNALIB_FN(23, services, log_printf, void(int, const char*, void*, const char*, ...))
DYNALIB_FN(24, services, log_printf_v, void(int, const char*, void*, const char*, va_list))
DYNALIB_FN(25, services, log_dump, void(int, const char*, const void*, size_t, int, void*))
DYNALIB_FN(26, services, log_enabled, int(int, const char*, void*))
DYNALIB_FN(27, services, log_level_name, const char*(int, void*))
   b4564:	b508      	push	{r3, lr}
   b4566:	4b02      	ldr	r3, [pc, #8]	; (b4570 <log_level_name+0xc>)
   b4568:	681b      	ldr	r3, [r3, #0]
   b456a:	6edb      	ldr	r3, [r3, #108]	; 0x6c
   b456c:	9301      	str	r3, [sp, #4]
   b456e:	bd08      	pop	{r3, pc}
   b4570:	00030260 	.word	0x00030260

000b4574 <log_set_callbacks>:
DYNALIB_FN(28, services, log_set_callbacks, void(log_message_callback_type, log_write_callback_type, log_enabled_callback_type, void*))
   b4574:	b508      	push	{r3, lr}
   b4576:	4b02      	ldr	r3, [pc, #8]	; (b4580 <log_set_callbacks+0xc>)
   b4578:	681b      	ldr	r3, [r3, #0]
   b457a:	6f1b      	ldr	r3, [r3, #112]	; 0x70
   b457c:	9301      	str	r3, [sp, #4]
   b457e:	bd08      	pop	{r3, pc}
   b4580:	00030260 	.word	0x00030260

000b4584 <set_system_mode>:
#endif

DYNALIB_BEGIN(system)

DYNALIB_FN(0, system, system_mode, System_Mode_TypeDef(void))
DYNALIB_FN(1, system, set_system_mode, void(System_Mode_TypeDef))
   b4584:	b508      	push	{r3, lr}
   b4586:	4b02      	ldr	r3, [pc, #8]	; (b4590 <set_system_mode+0xc>)
   b4588:	681b      	ldr	r3, [r3, #0]
   b458a:	685b      	ldr	r3, [r3, #4]
   b458c:	9301      	str	r3, [sp, #4]
   b458e:	bd08      	pop	{r3, pc}
   b4590:	00030220 	.word	0x00030220

000b4594 <system_delay_ms>:

DYNALIB_FN(2, system, set_ymodem_serial_flash_update_handler_deprecated, void(void*))
DYNALIB_FN(3, system, system_firmwareUpdate_deprecated, bool(Stream*, void*))
DYNALIB_FN(4, system, system_fileTransfer_deprecated, bool(system_file_transfer_t*, void*))

DYNALIB_FN(5, system, system_delay_ms, void(unsigned long, bool))
   b4594:	b508      	push	{r3, lr}
   b4596:	4b02      	ldr	r3, [pc, #8]	; (b45a0 <system_delay_ms+0xc>)
   b4598:	681b      	ldr	r3, [r3, #0]
   b459a:	695b      	ldr	r3, [r3, #20]
   b459c:	9301      	str	r3, [sp, #4]
   b459e:	bd08      	pop	{r3, pc}
   b45a0:	00030220 	.word	0x00030220

000b45a4 <system_thread_set_state>:
DYNALIB_FN(6, system, system_sleep, int(Spark_Sleep_TypeDef, long, uint32_t, void*))
DYNALIB_FN(7, system, system_sleep_pin, int(uint16_t, uint16_t, long, uint32_t, void*))
DYNALIB_FN(8, system, system_subscribe_event, int(system_event_t, system_event_handler_t*, SystemEventContext*))
DYNALIB_FN(9, system, system_unsubscribe_event, void(system_event_t, system_event_handler_t*, const SystemEventContext*))
DYNALIB_FN(10, system, system_button_pushed_duration, uint16_t(uint8_t, void*))
DYNALIB_FN(11, system, system_thread_set_state, void(spark::feature::State, void*))
   b45a4:	b508      	push	{r3, lr}
   b45a6:	4b02      	ldr	r3, [pc, #8]	; (b45b0 <system_thread_set_state+0xc>)
   b45a8:	681b      	ldr	r3, [r3, #0]
   b45aa:	6adb      	ldr	r3, [r3, #44]	; 0x2c
   b45ac:	9301      	str	r3, [sp, #4]
   b45ae:	bd08      	pop	{r3, pc}
   b45b0:	00030220 	.word	0x00030220

000b45b4 <system_ctrl_set_app_request_handler>:
DYNALIB_FN(BASE_IDX + 6, system, led_pattern_period, uint16_t(int, int, void*))
DYNALIB_FN(BASE_IDX + 7, system, system_set_tester_handlers, int(system_tester_handlers_t*, void*))
DYNALIB_FN(BASE_IDX + 8, system, system_format_diag_data, int(const uint16_t*, size_t, unsigned, appender_fn, void*, void*))

// Control requests
DYNALIB_FN(BASE_IDX + 9, system, system_ctrl_set_app_request_handler, int(ctrl_request_handler_fn, void*))
   b45b4:	b508      	push	{r3, lr}
   b45b6:	4b03      	ldr	r3, [pc, #12]	; (b45c4 <system_ctrl_set_app_request_handler+0x10>)
   b45b8:	681b      	ldr	r3, [r3, #0]
   b45ba:	f8d3 3088 	ldr.w	r3, [r3, #136]	; 0x88
   b45be:	9301      	str	r3, [sp, #4]
   b45c0:	bd08      	pop	{r3, pc}
   b45c2:	0000      	.short	0x0000
   b45c4:	00030220 	.word	0x00030220

000b45c8 <system_ctrl_set_result>:
DYNALIB_FN(BASE_IDX + 10, system, system_ctrl_alloc_reply_data, int(ctrl_request*, size_t, void*))
DYNALIB_FN(BASE_IDX + 11, system, system_ctrl_free_request_data, void(ctrl_request*, void*))
DYNALIB_FN(BASE_IDX + 12, system, system_ctrl_set_result, void(ctrl_request*, int, ctrl_completion_handler_fn, void*, void*))
   b45c8:	b508      	push	{r3, lr}
   b45ca:	4b03      	ldr	r3, [pc, #12]	; (b45d8 <system_ctrl_set_result+0x10>)
   b45cc:	681b      	ldr	r3, [r3, #0]
   b45ce:	f8d3 3094 	ldr.w	r3, [r3, #148]	; 0x94
   b45d2:	9301      	str	r3, [sp, #4]
   b45d4:	bd08      	pop	{r3, pc}
   b45d6:	0000      	.short	0x0000
   b45d8:	00030220 	.word	0x00030220

000b45dc <network_connect>:
#endif

DYNALIB_BEGIN(system_net)

DYNALIB_FN(0, system_net, network_config, const void*(network_handle_t, uint32_t, void*))
DYNALIB_FN(1, system_net, network_connect, void(network_handle_t, uint32_t, uint32_t, void*))
   b45dc:	b508      	push	{r3, lr}
   b45de:	4b02      	ldr	r3, [pc, #8]	; (b45e8 <network_connect+0xc>)
   b45e0:	681b      	ldr	r3, [r3, #0]
   b45e2:	685b      	ldr	r3, [r3, #4]
   b45e4:	9301      	str	r3, [sp, #4]
   b45e6:	bd08      	pop	{r3, pc}
   b45e8:	00030240 	.word	0x00030240

000b45ec <network_connecting>:
DYNALIB_FN(2, system_net, network_connecting, bool(network_handle_t, uint32_t, void*))
   b45ec:	b508      	push	{r3, lr}
   b45ee:	4b02      	ldr	r3, [pc, #8]	; (b45f8 <network_connecting+0xc>)
   b45f0:	681b      	ldr	r3, [r3, #0]
   b45f2:	689b      	ldr	r3, [r3, #8]
   b45f4:	9301      	str	r3, [sp, #4]
   b45f6:	bd08      	pop	{r3, pc}
   b45f8:	00030240 	.word	0x00030240

000b45fc <network_disconnect>:
DYNALIB_FN(3, system_net, network_disconnect, void(network_handle_t, uint32_t, void*))
   b45fc:	b508      	push	{r3, lr}
   b45fe:	4b02      	ldr	r3, [pc, #8]	; (b4608 <network_disconnect+0xc>)
   b4600:	681b      	ldr	r3, [r3, #0]
   b4602:	68db      	ldr	r3, [r3, #12]
   b4604:	9301      	str	r3, [sp, #4]
   b4606:	bd08      	pop	{r3, pc}
   b4608:	00030240 	.word	0x00030240

000b460c <network_ready>:
DYNALIB_FN(4, system_net, network_ready, bool(network_handle_t, uint32_t, void*))
   b460c:	b508      	push	{r3, lr}
   b460e:	4b02      	ldr	r3, [pc, #8]	; (b4618 <network_ready+0xc>)
   b4610:	681b      	ldr	r3, [r3, #0]
   b4612:	691b      	ldr	r3, [r3, #16]
   b4614:	9301      	str	r3, [sp, #4]
   b4616:	bd08      	pop	{r3, pc}
   b4618:	00030240 	.word	0x00030240

000b461c <network_on>:
DYNALIB_FN(5, system_net, network_on, void(network_handle_t, uint32_t, uint32_t, void*))
   b461c:	b508      	push	{r3, lr}
   b461e:	4b02      	ldr	r3, [pc, #8]	; (b4628 <network_on+0xc>)
   b4620:	681b      	ldr	r3, [r3, #0]
   b4622:	695b      	ldr	r3, [r3, #20]
   b4624:	9301      	str	r3, [sp, #4]
   b4626:	bd08      	pop	{r3, pc}
   b4628:	00030240 	.word	0x00030240

000b462c <network_off>:
DYNALIB_FN(6, system_net, network_off, void(network_handle_t, uint32_t, uint32_t, void*))
   b462c:	b508      	push	{r3, lr}
   b462e:	4b02      	ldr	r3, [pc, #8]	; (b4638 <network_off+0xc>)
   b4630:	681b      	ldr	r3, [r3, #0]
   b4632:	699b      	ldr	r3, [r3, #24]
   b4634:	9301      	str	r3, [sp, #4]
   b4636:	bd08      	pop	{r3, pc}
   b4638:	00030240 	.word	0x00030240

000b463c <network_listen>:
DYNALIB_FN(7, system_net, network_listen, void(network_handle_t, uint32_t, void*))
   b463c:	b508      	push	{r3, lr}
   b463e:	4b02      	ldr	r3, [pc, #8]	; (b4648 <network_listen+0xc>)
   b4640:	681b      	ldr	r3, [r3, #0]
   b4642:	69db      	ldr	r3, [r3, #28]
   b4644:	9301      	str	r3, [sp, #4]
   b4646:	bd08      	pop	{r3, pc}
   b4648:	00030240 	.word	0x00030240

000b464c <network_listening>:
DYNALIB_FN(8, system_net, network_listening, bool(network_handle_t, uint32_t, void*))
   b464c:	b508      	push	{r3, lr}
   b464e:	4b02      	ldr	r3, [pc, #8]	; (b4658 <network_listening+0xc>)
   b4650:	681b      	ldr	r3, [r3, #0]
   b4652:	6a1b      	ldr	r3, [r3, #32]
   b4654:	9301      	str	r3, [sp, #4]
   b4656:	bd08      	pop	{r3, pc}
   b4658:	00030240 	.word	0x00030240

000b465c <network_set_listen_timeout>:
DYNALIB_FN(9, system_net, network_has_credentials, bool(network_handle_t, uint32_t, void*))
DYNALIB_FN(10, system_net, network_set_credentials, int(network_handle_t, uint32_t, NetworkCredentials*, void*))
DYNALIB_FN(11, system_net, network_clear_credentials, bool(network_handle_t, uint32_t, NetworkCredentials*, void*))
DYNALIB_FN(12, system_net, network_set_listen_timeout, void(network_handle_t, uint16_t, void*))
   b465c:	b508      	push	{r3, lr}
   b465e:	4b02      	ldr	r3, [pc, #8]	; (b4668 <network_set_listen_timeout+0xc>)
   b4660:	681b      	ldr	r3, [r3, #0]
   b4662:	6b1b      	ldr	r3, [r3, #48]	; 0x30
   b4664:	9301      	str	r3, [sp, #4]
   b4666:	bd08      	pop	{r3, pc}
   b4668:	00030240 	.word	0x00030240

000b466c <network_get_listen_timeout>:
DYNALIB_FN(13, system_net, network_get_listen_timeout, uint16_t(network_handle_t, uint32_t, void*))
   b466c:	b508      	push	{r3, lr}
   b466e:	4b02      	ldr	r3, [pc, #8]	; (b4678 <network_get_listen_timeout+0xc>)
   b4670:	681b      	ldr	r3, [r3, #0]
   b4672:	6b5b      	ldr	r3, [r3, #52]	; 0x34
   b4674:	9301      	str	r3, [sp, #4]
   b4676:	bd08      	pop	{r3, pc}
   b4678:	00030240 	.word	0x00030240

000b467c <network_is_on>:
DYNALIB_FN(14, system_net, network_set_hostname, int(network_handle_t, uint32_t, const char*, void*))
DYNALIB_FN(15, system_net, network_get_hostname, int(network_handle_t, uint32_t, char*, size_t, void*))
DYNALIB_FN(16, system_net, network_is_on, bool(network_handle_t, void*))
   b467c:	b508      	push	{r3, lr}
   b467e:	4b02      	ldr	r3, [pc, #8]	; (b4688 <network_is_on+0xc>)
   b4680:	681b      	ldr	r3, [r3, #0]
   b4682:	6c1b      	ldr	r3, [r3, #64]	; 0x40
   b4684:	9301      	str	r3, [sp, #4]
   b4686:	bd08      	pop	{r3, pc}
   b4688:	00030240 	.word	0x00030240

000b468c <network_is_off>:
DYNALIB_FN(17, system_net, network_is_off, bool(network_handle_t, void*))
   b468c:	b508      	push	{r3, lr}
   b468e:	4b02      	ldr	r3, [pc, #8]	; (b4698 <network_is_off+0xc>)
   b4690:	681b      	ldr	r3, [r3, #0]
   b4692:	6c5b      	ldr	r3, [r3, #68]	; 0x44
   b4694:	9301      	str	r3, [sp, #4]
   b4696:	bd08      	pop	{r3, pc}
   b4698:	00030240 	.word	0x00030240

000b469c <network_prefer>:
DYNALIB_FN(18, system_net, network_set_configuration, int(network_handle_t, const network_configuration_t*, void*))
DYNALIB_FN(19, system_net, network_get_configuration, int(network_handle_t, network_configuration_t**, size_t*, const char*, size_t, void*))
DYNALIB_FN(20, system_net, network_free_configuration, int(network_configuration_t*, size_t, void*))
DYNALIB_FN(21, system_net, network_prefer, network_handle_t(network_handle_t, bool, void*))
   b469c:	b508      	push	{r3, lr}
   b469e:	4b02      	ldr	r3, [pc, #8]	; (b46a8 <network_prefer+0xc>)
   b46a0:	681b      	ldr	r3, [r3, #0]
   b46a2:	6d5b      	ldr	r3, [r3, #84]	; 0x54
   b46a4:	9301      	str	r3, [sp, #4]
   b46a6:	bd08      	pop	{r3, pc}
   b46a8:	00030240 	.word	0x00030240

000b46ac <network_is_preferred>:
DYNALIB_FN(22, system_net, network_is_preferred, bool(network_handle_t, void*))
   b46ac:	b508      	push	{r3, lr}
   b46ae:	4b02      	ldr	r3, [pc, #8]	; (b46b8 <network_is_preferred+0xc>)
   b46b0:	681b      	ldr	r3, [r3, #0]
   b46b2:	6d9b      	ldr	r3, [r3, #88]	; 0x58
   b46b4:	9301      	str	r3, [sp, #4]
   b46b6:	bd08      	pop	{r3, pc}
   b46b8:	00030240 	.word	0x00030240

000b46bc <spark_set_random_seed_from_cloud_handler>:
DYNALIB_FN(10, system_cloud, spark_unsubscribe, void(void*))
DYNALIB_FN(11, system_cloud, spark_sync_time, bool(void*))
DYNALIB_FN(12, system_cloud, spark_sync_time_pending, bool(void*))
DYNALIB_FN(13, system_cloud, spark_sync_time_last, system_tick_t(time32_t*, time_t*))
DYNALIB_FN(14, system_cloud, spark_set_connection_property, int(unsigned, unsigned, const void*, void*))
DYNALIB_FN(15, system_cloud, spark_set_random_seed_from_cloud_handler, int(void (*handler)(unsigned int), void*))
   b46bc:	b508      	push	{r3, lr}
   b46be:	4b02      	ldr	r3, [pc, #8]	; (b46c8 <spark_set_random_seed_from_cloud_handler+0xc>)
   b46c0:	681b      	ldr	r3, [r3, #0]
   b46c2:	6bdb      	ldr	r3, [r3, #60]	; 0x3c
   b46c4:	9301      	str	r3, [sp, #4]
   b46c6:	bd08      	pop	{r3, pc}
   b46c8:	00030244 	.word	0x00030244

000b46cc <malloc>:
#include "hal_platform.h"
#endif // defined(DYNALIB_EXPORT) || (defined(DYNALIB_IMPORT) && !defined(RT_DYNALIB_NO_DEPENDENCY_BREAKING_IMPORTS))

DYNALIB_BEGIN(rt)

DYNALIB_FN(0, rt, malloc, void*(size_t))
   b46cc:	b508      	push	{r3, lr}
   b46ce:	4b02      	ldr	r3, [pc, #8]	; (b46d8 <malloc+0xc>)
   b46d0:	681b      	ldr	r3, [r3, #0]
   b46d2:	681b      	ldr	r3, [r3, #0]
   b46d4:	9301      	str	r3, [sp, #4]
   b46d6:	bd08      	pop	{r3, pc}
   b46d8:	0003021c 	.word	0x0003021c

000b46dc <free>:
DYNALIB_FN(1, rt, free, void(void*))
   b46dc:	b508      	push	{r3, lr}
   b46de:	4b02      	ldr	r3, [pc, #8]	; (b46e8 <free+0xc>)
   b46e0:	681b      	ldr	r3, [r3, #0]
   b46e2:	685b      	ldr	r3, [r3, #4]
   b46e4:	9301      	str	r3, [sp, #4]
   b46e6:	bd08      	pop	{r3, pc}
   b46e8:	0003021c 	.word	0x0003021c

000b46ec <realloc>:
DYNALIB_FN(2, rt, realloc, void*(void*, size_t))
   b46ec:	b508      	push	{r3, lr}
   b46ee:	4b02      	ldr	r3, [pc, #8]	; (b46f8 <realloc+0xc>)
   b46f0:	681b      	ldr	r3, [r3, #0]
   b46f2:	689b      	ldr	r3, [r3, #8]
   b46f4:	9301      	str	r3, [sp, #4]
   b46f6:	bd08      	pop	{r3, pc}
   b46f8:	0003021c 	.word	0x0003021c

000b46fc <vsnprintf>:
DYNALIB_FN(4, rt, siprintf, int(char*, const char*, ...))
DYNALIB_FN(5, rt, sscanf, int(const char*, const char*, ...))
DYNALIB_FN(6, rt, siscanf, int(const char*, const char*, ...))
DYNALIB_FN(7, rt, snprintf, int(char*, size_t, const char*, ...))
DYNALIB_FN(8, rt, sniprintf, int(char*, size_t, const char*, ...))
DYNALIB_FN(9, rt, vsnprintf, int(char*, size_t, const char*, va_list))
   b46fc:	b508      	push	{r3, lr}
   b46fe:	4b02      	ldr	r3, [pc, #8]	; (b4708 <vsnprintf+0xc>)
   b4700:	681b      	ldr	r3, [r3, #0]
   b4702:	6a5b      	ldr	r3, [r3, #36]	; 0x24
   b4704:	9301      	str	r3, [sp, #4]
   b4706:	bd08      	pop	{r3, pc}
   b4708:	0003021c 	.word	0x0003021c

000b470c <__errno>:
DYNALIB_FN(10, rt, vsniprintf, int(char*, size_t, const char*, va_list))
DYNALIB_FN(11, rt, abort, void(void))
DYNALIB_FN(12, rt, _malloc_r, void*(struct _reent*, size_t))
DYNALIB_FN(13, rt, _free_r, void(struct _reent*, void*))
DYNALIB_FN(14, rt, _realloc_r, void*(struct _reent*, void*, size_t))
DYNALIB_FN(15, rt, __errno, int*())
   b470c:	b508      	push	{r3, lr}
   b470e:	4b02      	ldr	r3, [pc, #8]	; (b4718 <__errno+0xc>)
   b4710:	681b      	ldr	r3, [r3, #0]
   b4712:	6bdb      	ldr	r3, [r3, #60]	; 0x3c
   b4714:	9301      	str	r3, [sp, #4]
   b4716:	bd08      	pop	{r3, pc}
   b4718:	0003021c 	.word	0x0003021c

000b471c <__assert_func>:

#if defined(DYNALIB_EXPORT) || (defined(DYNALIB_IMPORT) && !defined(RT_DYNALIB_NO_DEPENDENCY_BREAKING_IMPORTS))
DYNALIB_FN(16, rt, __assert_func, void(const char*, int, const char*, const char*))
   b471c:	b508      	push	{r3, lr}
   b471e:	4b02      	ldr	r3, [pc, #8]	; (b4728 <__assert_func+0xc>)
   b4720:	681b      	ldr	r3, [r3, #0]
   b4722:	6c1b      	ldr	r3, [r3, #64]	; 0x40
   b4724:	9301      	str	r3, [sp, #4]
   b4726:	bd08      	pop	{r3, pc}
   b4728:	0003021c 	.word	0x0003021c

000b472c <newlib_impure_ptr_callback>:
DYNALIB_FN(17, rt, newlib_impure_ptr_callback, void(void (*)(struct _reent*, size_t, uint32_t, void*), void*))
   b472c:	b508      	push	{r3, lr}
   b472e:	4b02      	ldr	r3, [pc, #8]	; (b4738 <newlib_impure_ptr_callback+0xc>)
   b4730:	681b      	ldr	r3, [r3, #0]
   b4732:	6c5b      	ldr	r3, [r3, #68]	; 0x44
   b4734:	9301      	str	r3, [sp, #4]
   b4736:	bd08      	pop	{r3, pc}
   b4738:	0003021c 	.word	0x0003021c

000b473c <_ZN5spark13EthernetClass9listeningEv>:
    uint16_t getListenTimeout(void) {
        return network_get_listen_timeout(*this, 0, NULL);
    }

    bool listening(void) {
        return network_listening(*this, 0, NULL);
   b473c:	2200      	movs	r2, #0
   b473e:	6840      	ldr	r0, [r0, #4]
   b4740:	4611      	mov	r1, r2
   b4742:	f7ff bf83 	b.w	b464c <network_listening>

000b4746 <_ZN5spark13EthernetClass16getListenTimeoutEv>:
        return network_get_listen_timeout(*this, 0, NULL);
   b4746:	2200      	movs	r2, #0
   b4748:	6840      	ldr	r0, [r0, #4]
   b474a:	4611      	mov	r1, r2
   b474c:	f7ff bf8e 	b.w	b466c <network_get_listen_timeout>

000b4750 <_ZN5spark13EthernetClass16setListenTimeoutEt>:
        network_set_listen_timeout(*this, timeout, NULL);
   b4750:	6840      	ldr	r0, [r0, #4]
   b4752:	2200      	movs	r2, #0
   b4754:	f7ff bf82 	b.w	b465c <network_set_listen_timeout>

000b4758 <_ZN5spark13EthernetClass6listenEb>:
        network_listen(*this, begin ? 0 : 1, NULL);
   b4758:	6840      	ldr	r0, [r0, #4]
   b475a:	2200      	movs	r2, #0
   b475c:	f081 0101 	eor.w	r1, r1, #1
   b4760:	f7ff bf6c 	b.w	b463c <network_listen>

000b4764 <_ZN5spark13EthernetClass3offEv>:
        network_off(*this, 0, 0, NULL);
   b4764:	2300      	movs	r3, #0
   b4766:	6840      	ldr	r0, [r0, #4]
   b4768:	461a      	mov	r2, r3
   b476a:	4619      	mov	r1, r3
   b476c:	f7ff bf5e 	b.w	b462c <network_off>

000b4770 <_ZN5spark13EthernetClass2onEv>:
        network_on(*this, 0, 0, NULL);
   b4770:	2300      	movs	r3, #0
   b4772:	6840      	ldr	r0, [r0, #4]
   b4774:	461a      	mov	r2, r3
   b4776:	4619      	mov	r1, r3
   b4778:	f7ff bf50 	b.w	b461c <network_on>

000b477c <_ZN5spark13EthernetClass5readyEv>:
    }

    bool ready() {
        return network_ready(*this, 0,  NULL);
   b477c:	2200      	movs	r2, #0
   b477e:	6840      	ldr	r0, [r0, #4]
   b4780:	4611      	mov	r1, r2
   b4782:	f7ff bf43 	b.w	b460c <network_ready>

000b4786 <_ZN5spark13EthernetClass10connectingEv>:
        return network_connecting(*this, 0, NULL);
   b4786:	2200      	movs	r2, #0
   b4788:	6840      	ldr	r0, [r0, #4]
   b478a:	4611      	mov	r1, r2
   b478c:	f7ff bf2e 	b.w	b45ec <network_connecting>

000b4790 <_ZN5spark13EthernetClass10disconnectEv>:
        network_disconnect(*this, NETWORK_DISCONNECT_REASON_USER, NULL);
   b4790:	6840      	ldr	r0, [r0, #4]
   b4792:	2200      	movs	r2, #0
   b4794:	2102      	movs	r1, #2
   b4796:	f7ff bf31 	b.w	b45fc <network_disconnect>

000b479a <_ZN5spark13EthernetClass7connectEj>:
        network_connect(*this, flags, 0, NULL);
   b479a:	2300      	movs	r3, #0
   b479c:	6840      	ldr	r0, [r0, #4]
   b479e:	461a      	mov	r2, r3
   b47a0:	f7ff bf1c 	b.w	b45dc <network_connect>

000b47a4 <_GLOBAL__sub_I__ZN5spark8EthernetE>:
    static NetworkClass& from(network_interface_t nif);

    virtual IPAddress resolve(const char* name);

    explicit NetworkClass(network_interface_t iface)
            : iface_(iface) {
   b47a4:	4b02      	ldr	r3, [pc, #8]	; (b47b0 <_GLOBAL__sub_I__ZN5spark8EthernetE+0xc>)
   b47a6:	2203      	movs	r2, #3
   b47a8:	605a      	str	r2, [r3, #4]
            NetworkClass(NETWORK_INTERFACE_ETHERNET) {
   b47aa:	4a02      	ldr	r2, [pc, #8]	; (b47b4 <_GLOBAL__sub_I__ZN5spark8EthernetE+0x10>)
   b47ac:	601a      	str	r2, [r3, #0]

namespace spark {

EthernetClass Ethernet;

} // spark
   b47ae:	4770      	bx	lr
   b47b0:	2003e688 	.word	0x2003e688
   b47b4:	000b6990 	.word	0x000b6990

000b47b8 <_ZNSt12__shared_ptrIN5spark6detail8JSONDataELN9__gnu_cxx12_Lock_policyE0EEC1ERKS5_>:
	{
	  _M_refcount._M_swap(__r._M_refcount);
	  __r._M_ptr = 0;
	}

      __shared_ptr(const __shared_ptr&) noexcept = default;
   b47b8:	680b      	ldr	r3, [r1, #0]
   b47ba:	6003      	str	r3, [r0, #0]
      : _M_pi(__r._M_pi)
   b47bc:	684b      	ldr	r3, [r1, #4]
   b47be:	6043      	str	r3, [r0, #4]
	if (_M_pi != 0)
   b47c0:	b113      	cbz	r3, b47c8 <_ZNSt12__shared_ptrIN5spark6detail8JSONDataELN9__gnu_cxx12_Lock_policyE0EEC1ERKS5_+0x10>
    { ++_M_use_count; }
   b47c2:	685a      	ldr	r2, [r3, #4]
   b47c4:	3201      	adds	r2, #1
   b47c6:	605a      	str	r2, [r3, #4]
      __shared_ptr(const __shared_ptr&) noexcept = default;
   b47c8:	4770      	bx	lr

000b47ca <_ZNSt14__shared_countILN9__gnu_cxx12_Lock_policyE0EED1Ev>:
      ~__shared_count() noexcept
   b47ca:	b538      	push	{r3, r4, r5, lr}
	if (_M_pi != nullptr)
   b47cc:	6804      	ldr	r4, [r0, #0]
      ~__shared_count() noexcept
   b47ce:	4605      	mov	r5, r0
	if (_M_pi != nullptr)
   b47d0:	b17c      	cbz	r4, b47f2 <_ZNSt14__shared_countILN9__gnu_cxx12_Lock_policyE0EED1Ev+0x28>
      if (--_M_use_count == 0)
   b47d2:	6863      	ldr	r3, [r4, #4]
   b47d4:	3b01      	subs	r3, #1
   b47d6:	6063      	str	r3, [r4, #4]
   b47d8:	b95b      	cbnz	r3, b47f2 <_ZNSt14__shared_countILN9__gnu_cxx12_Lock_policyE0EED1Ev+0x28>
          _M_dispose();
   b47da:	6823      	ldr	r3, [r4, #0]
   b47dc:	4620      	mov	r0, r4
   b47de:	689b      	ldr	r3, [r3, #8]
   b47e0:	4798      	blx	r3
          if (--_M_weak_count == 0)
   b47e2:	68a3      	ldr	r3, [r4, #8]
   b47e4:	3b01      	subs	r3, #1
   b47e6:	60a3      	str	r3, [r4, #8]
   b47e8:	b91b      	cbnz	r3, b47f2 <_ZNSt14__shared_countILN9__gnu_cxx12_Lock_policyE0EED1Ev+0x28>
            _M_destroy();
   b47ea:	6823      	ldr	r3, [r4, #0]
   b47ec:	4620      	mov	r0, r4
   b47ee:	68db      	ldr	r3, [r3, #12]
   b47f0:	4798      	blx	r3
      }
   b47f2:	4628      	mov	r0, r5
   b47f4:	bd38      	pop	{r3, r4, r5, pc}
	...

000b47f8 <_GLOBAL__sub_I_System>:
} // namespace particle

// particle::Flag<TagT, ValueT>
template<typename TagT, typename ValueT>
inline particle::Flag<TagT, ValueT>::Flag(ValueT val) :
        val_(val) {
   b47f8:	4b05      	ldr	r3, [pc, #20]	; (b4810 <_GLOBAL__sub_I_System+0x18>)
   b47fa:	2202      	movs	r2, #2
   b47fc:	601a      	str	r2, [r3, #0]

class SystemSleepResult {
public:
    SystemSleepResult()
            : wakeupSource_(nullptr),
              error_(SYSTEM_ERROR_NONE) {
   b47fe:	4b05      	ldr	r3, [pc, #20]	; (b4814 <_GLOBAL__sub_I_System+0x1c>)
    SleepResult() {}
   b4800:	4a05      	ldr	r2, [pc, #20]	; (b4818 <_GLOBAL__sub_I_System+0x20>)
   b4802:	609a      	str	r2, [r3, #8]
              error_(SYSTEM_ERROR_NONE) {
   b4804:	2000      	movs	r0, #0
   b4806:	e9c3 0000 	strd	r0, r0, [r3]

class SystemClass {
public:

    SystemClass(System_Mode_TypeDef mode = DEFAULT) {
        set_system_mode(mode);
   b480a:	f7ff bebb 	b.w	b4584 <set_system_mode>
   b480e:	bf00      	nop
   b4810:	2003e69c 	.word	0x2003e69c
   b4814:	2003e690 	.word	0x2003e690
   b4818:	ffff0000 	.word	0xffff0000

000b481c <_ZN6StringD1Ev>:
    init();
    char buf[33] = {};
    dtoa(value, decimalPlaces, buf);
  *this = buf;
}
String::~String()
   b481c:	b510      	push	{r4, lr}
   b481e:	4604      	mov	r4, r0
{
    free(buffer);
   b4820:	6800      	ldr	r0, [r0, #0]
   b4822:	f7ff ff5b 	bl	b46dc <free>
}
   b4826:	4620      	mov	r0, r4
   b4828:	bd10      	pop	{r4, pc}

000b482a <_ZN6String10invalidateEv>:
    len = 0;
    flags = 0;
}

void String::invalidate(void)
{
   b482a:	b510      	push	{r4, lr}
   b482c:	4604      	mov	r4, r0
    if (buffer) {
   b482e:	6800      	ldr	r0, [r0, #0]
   b4830:	b108      	cbz	r0, b4836 <_ZN6String10invalidateEv+0xc>
        free(buffer);
   b4832:	f7ff ff53 	bl	b46dc <free>
    }
    buffer = nullptr;
   b4836:	2300      	movs	r3, #0
    capacity_ = len = 0;
   b4838:	e9c4 3301 	strd	r3, r3, [r4, #4]
    buffer = nullptr;
   b483c:	6023      	str	r3, [r4, #0]
}
   b483e:	bd10      	pop	{r4, pc}

000b4840 <_ZN6String12changeBufferEj>:
    len = size;
    return true;
}

unsigned char String::changeBuffer(unsigned int maxStrLen)
{
   b4840:	b538      	push	{r3, r4, r5, lr}
   b4842:	4604      	mov	r4, r0
   b4844:	460d      	mov	r5, r1
    char *newbuffer = (char *)realloc(buffer, maxStrLen + 1);
   b4846:	6800      	ldr	r0, [r0, #0]
   b4848:	3101      	adds	r1, #1
   b484a:	f7ff ff4f 	bl	b46ec <realloc>
    if (newbuffer) {
   b484e:	b110      	cbz	r0, b4856 <_ZN6String12changeBufferEj+0x16>
        buffer = newbuffer;
        capacity_ = maxStrLen;
   b4850:	e9c4 0500 	strd	r0, r5, [r4]
        return 1;
   b4854:	2001      	movs	r0, #1
    }
    return 0;
}
   b4856:	bd38      	pop	{r3, r4, r5, pc}

000b4858 <_ZN6String7reserveEj>:
{
   b4858:	b510      	push	{r4, lr}
    if (buffer && capacity_ >= size) {
   b485a:	6803      	ldr	r3, [r0, #0]
{
   b485c:	4604      	mov	r4, r0
    if (buffer && capacity_ >= size) {
   b485e:	b123      	cbz	r3, b486a <_ZN6String7reserveEj+0x12>
   b4860:	6843      	ldr	r3, [r0, #4]
   b4862:	428b      	cmp	r3, r1
   b4864:	d301      	bcc.n	b486a <_ZN6String7reserveEj+0x12>
   b4866:	2001      	movs	r0, #1
}
   b4868:	bd10      	pop	{r4, pc}
    if (changeBuffer(size)) {
   b486a:	4620      	mov	r0, r4
   b486c:	f7ff ffe8 	bl	b4840 <_ZN6String12changeBufferEj>
   b4870:	2800      	cmp	r0, #0
   b4872:	d0f9      	beq.n	b4868 <_ZN6String7reserveEj+0x10>
        if (len == 0) {
   b4874:	68a3      	ldr	r3, [r4, #8]
   b4876:	2b00      	cmp	r3, #0
   b4878:	d1f5      	bne.n	b4866 <_ZN6String7reserveEj+0xe>
            buffer[0] = 0;
   b487a:	6822      	ldr	r2, [r4, #0]
   b487c:	7013      	strb	r3, [r2, #0]
   b487e:	e7f2      	b.n	b4866 <_ZN6String7reserveEj+0xe>

000b4880 <_ZN6String4copyEPKcj>:
/*********************************************/
/*  Copy and Move                            */
/*********************************************/

String & String::copy(const char *cstr, unsigned int length)
{
   b4880:	b537      	push	{r0, r1, r2, r4, r5, lr}
   b4882:	460d      	mov	r5, r1
    if (!reserve(length)) {
   b4884:	4611      	mov	r1, r2
   b4886:	9201      	str	r2, [sp, #4]
{
   b4888:	4604      	mov	r4, r0
    if (!reserve(length)) {
   b488a:	f7ff ffe5 	bl	b4858 <_ZN6String7reserveEj>
   b488e:	9a01      	ldr	r2, [sp, #4]
   b4890:	b928      	cbnz	r0, b489e <_ZN6String4copyEPKcj+0x1e>
        invalidate();
   b4892:	4620      	mov	r0, r4
   b4894:	f7ff ffc9 	bl	b482a <_ZN6String10invalidateEv>
    }
    len = length;
    memcpy(buffer, cstr, length);
    buffer[len] = 0;
    return *this;
}
   b4898:	4620      	mov	r0, r4
   b489a:	b003      	add	sp, #12
   b489c:	bd30      	pop	{r4, r5, pc}
    len = length;
   b489e:	60a2      	str	r2, [r4, #8]
    memcpy(buffer, cstr, length);
   b48a0:	4629      	mov	r1, r5
   b48a2:	6820      	ldr	r0, [r4, #0]
   b48a4:	f001 feaa 	bl	b65fc <memcpy>
    buffer[len] = 0;
   b48a8:	6822      	ldr	r2, [r4, #0]
   b48aa:	68a3      	ldr	r3, [r4, #8]
   b48ac:	2100      	movs	r1, #0
   b48ae:	54d1      	strb	r1, [r2, r3]
    return *this;
   b48b0:	e7f2      	b.n	b4898 <_ZN6String4copyEPKcj+0x18>

000b48b2 <_ZN6String4moveERS_>:
    return copy(reinterpret_cast<const char*>(pstr), length);
}

#ifdef __GXX_EXPERIMENTAL_CXX0X__
void String::move(String &rhs)
{
   b48b2:	b538      	push	{r3, r4, r5, lr}
   b48b4:	4605      	mov	r5, r0
    if (buffer) {
   b48b6:	6800      	ldr	r0, [r0, #0]
{
   b48b8:	460c      	mov	r4, r1
    if (buffer) {
   b48ba:	b170      	cbz	r0, b48da <_ZN6String4moveERS_+0x28>
        if (capacity_ >= rhs.len && rhs.buffer) {
   b48bc:	686a      	ldr	r2, [r5, #4]
   b48be:	688b      	ldr	r3, [r1, #8]
   b48c0:	429a      	cmp	r2, r3
   b48c2:	d308      	bcc.n	b48d6 <_ZN6String4moveERS_+0x24>
   b48c4:	6809      	ldr	r1, [r1, #0]
   b48c6:	b131      	cbz	r1, b48d6 <_ZN6String4moveERS_+0x24>
            strcpy(buffer, rhs.buffer);
   b48c8:	f001 ff0d 	bl	b66e6 <strcpy>
            len = rhs.len;
   b48cc:	68a3      	ldr	r3, [r4, #8]
   b48ce:	60ab      	str	r3, [r5, #8]
            rhs.len = 0;
   b48d0:	2300      	movs	r3, #0
    buffer = rhs.buffer;
    capacity_ = rhs.capacity_;
    len = rhs.len;
    rhs.buffer = nullptr;
    rhs.capacity_ = 0;
    rhs.len = 0;
   b48d2:	60a3      	str	r3, [r4, #8]
}
   b48d4:	bd38      	pop	{r3, r4, r5, pc}
            free(buffer);
   b48d6:	f7ff ff01 	bl	b46dc <free>
    buffer = rhs.buffer;
   b48da:	6823      	ldr	r3, [r4, #0]
   b48dc:	602b      	str	r3, [r5, #0]
    capacity_ = rhs.capacity_;
   b48de:	6863      	ldr	r3, [r4, #4]
   b48e0:	606b      	str	r3, [r5, #4]
    len = rhs.len;
   b48e2:	68a3      	ldr	r3, [r4, #8]
   b48e4:	60ab      	str	r3, [r5, #8]
    rhs.buffer = nullptr;
   b48e6:	2300      	movs	r3, #0
    rhs.capacity_ = 0;
   b48e8:	e9c4 3300 	strd	r3, r3, [r4]
   b48ec:	e7f1      	b.n	b48d2 <_ZN6String4moveERS_+0x20>

000b48ee <_ZN6StringC1EOS_>:
String::String(String &&rval)
   b48ee:	b510      	push	{r4, lr}
    buffer = nullptr;
   b48f0:	2300      	movs	r3, #0
    capacity_ = 0;
   b48f2:	e9c0 3300 	strd	r3, r3, [r0]
String::String(String &&rval)
   b48f6:	4604      	mov	r4, r0
    len = 0;
   b48f8:	6083      	str	r3, [r0, #8]
    flags = 0;
   b48fa:	7303      	strb	r3, [r0, #12]
    move(rval);
   b48fc:	f7ff ffd9 	bl	b48b2 <_ZN6String4moveERS_>
}
   b4900:	4620      	mov	r0, r4
   b4902:	bd10      	pop	{r4, pc}

000b4904 <_ZN6StringaSERKS_>:
#endif

String & String::operator = (const String &rhs)
{
    if (this == &rhs) {
   b4904:	4288      	cmp	r0, r1
{
   b4906:	b510      	push	{r4, lr}
   b4908:	4604      	mov	r4, r0
    if (this == &rhs) {
   b490a:	d005      	beq.n	b4918 <_ZN6StringaSERKS_+0x14>
        return *this;
    }

    if (rhs.buffer) {
   b490c:	680b      	ldr	r3, [r1, #0]
   b490e:	b12b      	cbz	r3, b491c <_ZN6StringaSERKS_+0x18>
        copy(rhs.buffer, rhs.len);
   b4910:	688a      	ldr	r2, [r1, #8]
   b4912:	4619      	mov	r1, r3
   b4914:	f7ff ffb4 	bl	b4880 <_ZN6String4copyEPKcj>
    else {
        invalidate();
    }

    return *this;
}
   b4918:	4620      	mov	r0, r4
   b491a:	bd10      	pop	{r4, pc}
        invalidate();
   b491c:	f7ff ff85 	bl	b482a <_ZN6String10invalidateEv>
   b4920:	e7fa      	b.n	b4918 <_ZN6StringaSERKS_+0x14>

000b4922 <_ZN6StringC1ERKS_>:
String::String(const String &value)
   b4922:	b510      	push	{r4, lr}
    buffer = nullptr;
   b4924:	2300      	movs	r3, #0
String::String(const String &value)
   b4926:	4604      	mov	r4, r0
    capacity_ = 0;
   b4928:	e9c0 3300 	strd	r3, r3, [r0]
    len = 0;
   b492c:	6083      	str	r3, [r0, #8]
    flags = 0;
   b492e:	7303      	strb	r3, [r0, #12]
    *this = value;
   b4930:	f7ff ffe8 	bl	b4904 <_ZN6StringaSERKS_>
}
   b4934:	4620      	mov	r0, r4
   b4936:	bd10      	pop	{r4, pc}

000b4938 <_ZNSt16_Sp_counted_baseILN9__gnu_cxx12_Lock_policyE0EE10_M_releaseEv>:
    {
   b4938:	b510      	push	{r4, lr}
      if (--_M_use_count == 0)
   b493a:	6843      	ldr	r3, [r0, #4]
   b493c:	3b01      	subs	r3, #1
    {
   b493e:	4604      	mov	r4, r0
      if (--_M_use_count == 0)
   b4940:	6043      	str	r3, [r0, #4]
   b4942:	b963      	cbnz	r3, b495e <_ZNSt16_Sp_counted_baseILN9__gnu_cxx12_Lock_policyE0EE10_M_releaseEv+0x26>
          _M_dispose();
   b4944:	6803      	ldr	r3, [r0, #0]
   b4946:	689b      	ldr	r3, [r3, #8]
   b4948:	4798      	blx	r3
          if (--_M_weak_count == 0)
   b494a:	68a3      	ldr	r3, [r4, #8]
   b494c:	3b01      	subs	r3, #1
   b494e:	60a3      	str	r3, [r4, #8]
   b4950:	b92b      	cbnz	r3, b495e <_ZNSt16_Sp_counted_baseILN9__gnu_cxx12_Lock_policyE0EE10_M_releaseEv+0x26>
            _M_destroy();
   b4952:	6823      	ldr	r3, [r4, #0]
   b4954:	4620      	mov	r0, r4
   b4956:	68db      	ldr	r3, [r3, #12]
    }
   b4958:	e8bd 4010 	ldmia.w	sp!, {r4, lr}
            _M_destroy();
   b495c:	4718      	bx	r3
    }
   b495e:	bd10      	pop	{r4, pc}

000b4960 <_ZN5spark6VectorI6StringNS_16DefaultAllocatorEED1Ev>:
inline spark::Vector<T, AllocatorT>::Vector(Vector<T, AllocatorT>&& vector) : Vector() {
    swap(*this, vector);
}

template<typename T, typename AllocatorT>
inline spark::Vector<T, AllocatorT>::~Vector() {
   b4960:	b570      	push	{r4, r5, r6, lr}
    destruct(data_, data_ + size_);
   b4962:	e9d0 5300 	ldrd	r5, r3, [r0]
inline spark::Vector<T, AllocatorT>::~Vector() {
   b4966:	4604      	mov	r4, r0
    destruct(data_, data_ + size_);
   b4968:	eb05 1603 	add.w	r6, r5, r3, lsl #4
        for (; p != end; ++p) {
   b496c:	42ae      	cmp	r6, r5
   b496e:	d004      	beq.n	b497a <_ZN5spark6VectorI6StringNS_16DefaultAllocatorEED1Ev+0x1a>
            p->~T();
   b4970:	4628      	mov	r0, r5
   b4972:	f7ff ff53 	bl	b481c <_ZN6StringD1Ev>
        for (; p != end; ++p) {
   b4976:	3510      	adds	r5, #16
   b4978:	e7f8      	b.n	b496c <_ZN5spark6VectorI6StringNS_16DefaultAllocatorEED1Ev+0xc>
    ::free(ptr);
   b497a:	6820      	ldr	r0, [r4, #0]
   b497c:	f7ff feae 	bl	b46dc <free>
    AllocatorT::free(data_);
}
   b4980:	4620      	mov	r0, r4
   b4982:	bd70      	pop	{r4, r5, r6, pc}

000b4984 <_GLOBAL__sub_I__ZN8particle3ble13WiringBleLock6mutex_E>:
    /**
     * Creates a shared mutex.
     */
    RecursiveMutex(os_mutex_recursive_t handle) : handle_(handle) {}

    RecursiveMutex() : handle_(nullptr)
   b4984:	4802      	ldr	r0, [pc, #8]	; (b4990 <_GLOBAL__sub_I__ZN8particle3ble13WiringBleLock6mutex_E+0xc>)
   b4986:	2300      	movs	r3, #0
   b4988:	6003      	str	r3, [r0, #0]
    {
        os_mutex_recursive_create(&handle_);
   b498a:	f7ff bcf3 	b.w	b4374 <os_mutex_recursive_create>
   b498e:	bf00      	nop
   b4990:	2003e6a0 	.word	0x2003e6a0

000b4994 <_ZN5spark16JSONStreamWriter5writeEPKcj>:

inline Print* spark::JSONStreamWriter::stream() const {
    return &strm_;
}

inline void spark::JSONStreamWriter::write(const char *data, size_t size) {
   b4994:	b510      	push	{r4, lr}
   b4996:	4604      	mov	r4, r0
    bytesWritten_ += strm_.write((const uint8_t*)data, size);
   b4998:	6880      	ldr	r0, [r0, #8]
   b499a:	6803      	ldr	r3, [r0, #0]
   b499c:	68db      	ldr	r3, [r3, #12]
   b499e:	4798      	blx	r3
   b49a0:	68e3      	ldr	r3, [r4, #12]
   b49a2:	4418      	add	r0, r3
   b49a4:	60e0      	str	r0, [r4, #12]
}
   b49a6:	bd10      	pop	{r4, pc}

000b49a8 <_ZN5Print5writeEPKhj>:

// Public Methods //////////////////////////////////////////////////////////////

/* default implementation: may be overridden */
size_t Print::write(const uint8_t *buffer, size_t size)
{
   b49a8:	b5f8      	push	{r3, r4, r5, r6, r7, lr}
   b49aa:	4606      	mov	r6, r0
   b49ac:	460d      	mov	r5, r1
  size_t n = 0;
   b49ae:	188f      	adds	r7, r1, r2
   b49b0:	2400      	movs	r4, #0
  while (size--) {
   b49b2:	42bd      	cmp	r5, r7
   b49b4:	d00c      	beq.n	b49d0 <_ZN5Print5writeEPKhj+0x28>
     int chunk = write(*buffer++);
   b49b6:	6833      	ldr	r3, [r6, #0]
   b49b8:	f815 1b01 	ldrb.w	r1, [r5], #1
   b49bc:	689b      	ldr	r3, [r3, #8]
   b49be:	4630      	mov	r0, r6
   b49c0:	4798      	blx	r3
     if (chunk>=0)
   b49c2:	1e03      	subs	r3, r0, #0
   b49c4:	db01      	blt.n	b49ca <_ZN5Print5writeEPKhj+0x22>
         n += chunk;
   b49c6:	441c      	add	r4, r3
  while (size--) {
   b49c8:	e7f3      	b.n	b49b2 <_ZN5Print5writeEPKhj+0xa>
     int chunk = write(*buffer++);
   b49ca:	2c00      	cmp	r4, #0
   b49cc:	bf08      	it	eq
   b49ce:	461c      	moveq	r4, r3
             n = chunk;
         break;
     }
  }
  return n;
}
   b49d0:	4620      	mov	r0, r4
   b49d2:	bdf8      	pop	{r3, r4, r5, r6, r7, pc}

000b49d4 <_ZN5spark16JSONStreamWriterD1Ev>:
class JSONStreamWriter: public JSONWriter {
   b49d4:	4770      	bx	lr

000b49d6 <_ZN5spark16JSONStreamWriterD0Ev>:
   b49d6:	b510      	push	{r4, lr}
   b49d8:	2110      	movs	r1, #16
   b49da:	4604      	mov	r4, r0
   b49dc:	f7ff fb6f 	bl	b40be <_ZdlPvj>
   b49e0:	4620      	mov	r0, r4
   b49e2:	bd10      	pop	{r4, pc}

000b49e4 <_ZN5Print5writeEPKc>:

    int getWriteError() const { return write_error; }
    void clearWriteError() { setWriteError(0); }

    virtual size_t write(uint8_t) = 0;
    size_t write(const char *str) {
   b49e4:	b513      	push	{r0, r1, r4, lr}
   b49e6:	4604      	mov	r4, r0
      if (str == NULL) return 0;
      return write((const uint8_t *)str, strlen(str));
    }
   b49e8:	4608      	mov	r0, r1
      if (str == NULL) return 0;
   b49ea:	b159      	cbz	r1, b4a04 <_ZN5Print5writeEPKc+0x20>
      return write((const uint8_t *)str, strlen(str));
   b49ec:	9101      	str	r1, [sp, #4]
   b49ee:	f7ff fb1f 	bl	b4030 <strlen>
   b49f2:	6823      	ldr	r3, [r4, #0]
   b49f4:	9901      	ldr	r1, [sp, #4]
   b49f6:	68db      	ldr	r3, [r3, #12]
   b49f8:	4602      	mov	r2, r0
   b49fa:	4620      	mov	r0, r4
    }
   b49fc:	b002      	add	sp, #8
   b49fe:	e8bd 4010 	ldmia.w	sp!, {r4, lr}
      return write((const uint8_t *)str, strlen(str));
   b4a02:	4718      	bx	r3
    }
   b4a04:	b002      	add	sp, #8
   b4a06:	bd10      	pop	{r4, pc}

000b4a08 <_ZN5Print5printEc>:
  return write(str);
}

size_t Print::print(char c)
{
  return write(c);
   b4a08:	6803      	ldr	r3, [r0, #0]
   b4a0a:	689b      	ldr	r3, [r3, #8]
   b4a0c:	4718      	bx	r3

000b4a0e <_ZN5Print11printNumberEmh>:
  return println(reinterpret_cast<const char*>(str));
}

// Private Methods /////////////////////////////////////////////////////////////

size_t Print::printNumber(unsigned long n, uint8_t base) {
   b4a0e:	b530      	push	{r4, r5, lr}
   b4a10:	b08b      	sub	sp, #44	; 0x2c
  char buf[8 * sizeof(n) + 1]; // Assumes 8-bit chars plus zero byte.
  char *str = &buf[sizeof(buf) - 1];

  *str = '\0';
   b4a12:	2300      	movs	r3, #0

  // prevent crash if called with base == 1
  if (base < 2) base = 10;
   b4a14:	2a01      	cmp	r2, #1
  *str = '\0';
   b4a16:	f88d 3024 	strb.w	r3, [sp, #36]	; 0x24
  if (base < 2) base = 10;
   b4a1a:	bf98      	it	ls
   b4a1c:	220a      	movls	r2, #10
   b4a1e:	ac09      	add	r4, sp, #36	; 0x24

  do {
   decltype(n) m = n;
   n /= base;
   b4a20:	460d      	mov	r5, r1
   b4a22:	fbb1 f1f2 	udiv	r1, r1, r2
   char c = m - base * n;
   b4a26:	fb01 5312 	mls	r3, r1, r2, r5
   b4a2a:	f003 03ff 	and.w	r3, r3, #255	; 0xff
   *--str = c < 10 ? c + '0' : c + 'A' - 10;
   b4a2e:	2b09      	cmp	r3, #9
   b4a30:	bf94      	ite	ls
   b4a32:	3330      	addls	r3, #48	; 0x30
   b4a34:	3337      	addhi	r3, #55	; 0x37
   b4a36:	b2db      	uxtb	r3, r3
  } while(n);
   b4a38:	42aa      	cmp	r2, r5
   *--str = c < 10 ? c + '0' : c + 'A' - 10;
   b4a3a:	f804 3d01 	strb.w	r3, [r4, #-1]!
  } while(n);
   b4a3e:	d9ef      	bls.n	b4a20 <_ZN5Print11printNumberEmh+0x12>

  return write(str);
   b4a40:	4621      	mov	r1, r4
   b4a42:	f7ff ffcf 	bl	b49e4 <_ZN5Print5writeEPKc>
}
   b4a46:	b00b      	add	sp, #44	; 0x2c
   b4a48:	bd30      	pop	{r4, r5, pc}

000b4a4a <_ZN6Stream9timedReadEv>:
#define PARSE_TIMEOUT 1000  // default number of milli-seconds to wait
#define NO_SKIP_CHAR  1  // a magic char not found in a valid ASCII numeric field

// private method to read stream with timeout
int Stream::timedRead()
{
   b4a4a:	b510      	push	{r4, lr}
   b4a4c:	4604      	mov	r4, r0

#ifdef __cplusplus
extern "C" {
#endif

inline system_tick_t millis(void) { return HAL_Timer_Get_Milli_Seconds(); }
   b4a4e:	f7ff fc89 	bl	b4364 <HAL_Timer_Get_Milli_Seconds>
  int c;
  _startMillis = millis();
   b4a52:	60e0      	str	r0, [r4, #12]
  do {
    c = read();
   b4a54:	6823      	ldr	r3, [r4, #0]
   b4a56:	4620      	mov	r0, r4
   b4a58:	695b      	ldr	r3, [r3, #20]
   b4a5a:	4798      	blx	r3
    if (c >= 0) return c;
   b4a5c:	2800      	cmp	r0, #0
   b4a5e:	da08      	bge.n	b4a72 <_ZN6Stream9timedReadEv+0x28>
   b4a60:	f7ff fc80 	bl	b4364 <HAL_Timer_Get_Milli_Seconds>
  } while(millis() - _startMillis < _timeout);
   b4a64:	68e3      	ldr	r3, [r4, #12]
   b4a66:	1ac0      	subs	r0, r0, r3
   b4a68:	68a3      	ldr	r3, [r4, #8]
   b4a6a:	4298      	cmp	r0, r3
   b4a6c:	d3f2      	bcc.n	b4a54 <_ZN6Stream9timedReadEv+0xa>
  return -1;     // -1 indicates timeout
   b4a6e:	f04f 30ff 	mov.w	r0, #4294967295
}
   b4a72:	bd10      	pop	{r4, pc}

000b4a74 <_ZN6Stream9readBytesEPcj>:
// terminates if length characters have been read, or timeout (see setTimeout)
// returns the number of characters placed in the buffer
// the buffer is NOT null terminated.
//
size_t Stream::readBytes(char *buffer, size_t length)
{
   b4a74:	e92d 41f0 	stmdb	sp!, {r4, r5, r6, r7, r8, lr}
   b4a78:	4607      	mov	r7, r0
   b4a7a:	460c      	mov	r4, r1
   b4a7c:	188e      	adds	r6, r1, r2
   b4a7e:	460d      	mov	r5, r1
  size_t count = 0;
  while (count < length) {
   b4a80:	42b5      	cmp	r5, r6
   b4a82:	eba5 0804 	sub.w	r8, r5, r4
   b4a86:	d007      	beq.n	b4a98 <_ZN6Stream9readBytesEPcj+0x24>
    int c = timedRead();
   b4a88:	4638      	mov	r0, r7
   b4a8a:	f7ff ffde 	bl	b4a4a <_ZN6Stream9timedReadEv>
    if (c < 0) break;
   b4a8e:	1e03      	subs	r3, r0, #0
   b4a90:	db02      	blt.n	b4a98 <_ZN6Stream9readBytesEPcj+0x24>
    *buffer++ = (char)c;
   b4a92:	f805 3b01 	strb.w	r3, [r5], #1
  while (count < length) {
   b4a96:	e7f3      	b.n	b4a80 <_ZN6Stream9readBytesEPcj+0xc>
    count++;
  }
  return count;
}
   b4a98:	4640      	mov	r0, r8
   b4a9a:	e8bd 81f0 	ldmia.w	sp!, {r4, r5, r6, r7, r8, pc}

000b4a9e <_ZN5spark20JSONStreamLogHandler5writeEPKcj>:
}

// spark::JSONStreamLogHandler
inline void spark::JSONStreamLogHandler::write(const char *data, size_t size) {
    // This handler doesn't support direct logging
}
   b4a9e:	4770      	bx	lr

000b4aa0 <_ZN5spark17LogHandlerFactory14destroyHandlerEPNS_10LogHandlerE>:

#if Wiring_LogConfig

// spark::LogHandlerFactory
inline void spark::LogHandlerFactory::destroyHandler(LogHandler *handler) {
    delete handler;
   b4aa0:	4608      	mov	r0, r1
   b4aa2:	b111      	cbz	r1, b4aaa <_ZN5spark17LogHandlerFactory14destroyHandlerEPNS_10LogHandlerE+0xa>
   b4aa4:	680b      	ldr	r3, [r1, #0]
   b4aa6:	685b      	ldr	r3, [r3, #4]
   b4aa8:	4718      	bx	r3
}
   b4aaa:	4770      	bx	lr

000b4aac <__tcf_0>:
    }
    return nullptr; // Unknown handler type
}

spark::DefaultLogHandlerFactory* spark::DefaultLogHandlerFactory::instance() {
    static DefaultLogHandlerFactory factory;
   b4aac:	4770      	bx	lr

000b4aae <_ZN5spark26DefaultOutputStreamFactoryD1Ev>:
class DefaultOutputStreamFactory: public OutputStreamFactory {
   b4aae:	4770      	bx	lr

000b4ab0 <_ZN5spark24DefaultLogHandlerFactoryD1Ev>:
class DefaultLogHandlerFactory: public LogHandlerFactory {
   b4ab0:	4770      	bx	lr

000b4ab2 <_ZN12_GLOBAL__N_119nextSubcategoryNameERPKcRj>:
const char* nextSubcategoryName(const char* &category, size_t &size) {
   b4ab2:	b538      	push	{r3, r4, r5, lr}
   b4ab4:	4604      	mov	r4, r0
   b4ab6:	460d      	mov	r5, r1
    const char *s = strchrnul(category, '.');
   b4ab8:	6800      	ldr	r0, [r0, #0]
   b4aba:	212e      	movs	r1, #46	; 0x2e
   b4abc:	f001 fe09 	bl	b66d2 <strchrnul>
    size = s - category;
   b4ac0:	6823      	ldr	r3, [r4, #0]
   b4ac2:	1ac3      	subs	r3, r0, r3
   b4ac4:	602b      	str	r3, [r5, #0]
    if (size) {
   b4ac6:	b123      	cbz	r3, b4ad2 <_ZN12_GLOBAL__N_119nextSubcategoryNameERPKcRj+0x20>
        if (*s) {
   b4ac8:	7803      	ldrb	r3, [r0, #0]
   b4aca:	b103      	cbz	r3, b4ace <_ZN12_GLOBAL__N_119nextSubcategoryNameERPKcRj+0x1c>
            ++s;
   b4acc:	3001      	adds	r0, #1
#if __cplusplus < 201103L
      // concept requirements
      __glibcxx_function_requires(_SGIAssignableConcept<_Tp>)
#endif
      _Tp __tmp = _GLIBCXX_MOVE(__a);
      __a = _GLIBCXX_MOVE(__b);
   b4ace:	6823      	ldr	r3, [r4, #0]
      __b = _GLIBCXX_MOVE(__tmp);
   b4ad0:	6020      	str	r0, [r4, #0]
}
   b4ad2:	4618      	mov	r0, r3
   b4ad4:	bd38      	pop	{r3, r4, r5, pc}

000b4ad6 <_ZN5spark24DefaultLogHandlerFactoryD0Ev>:
   b4ad6:	b510      	push	{r4, lr}
   b4ad8:	2104      	movs	r1, #4
   b4ada:	4604      	mov	r4, r0
   b4adc:	f7ff faef 	bl	b40be <_ZdlPvj>
   b4ae0:	4620      	mov	r0, r4
   b4ae2:	bd10      	pop	{r4, pc}

000b4ae4 <_ZN5spark26DefaultOutputStreamFactoryD0Ev>:
class DefaultOutputStreamFactory: public OutputStreamFactory {
   b4ae4:	b510      	push	{r4, lr}
   b4ae6:	2104      	movs	r1, #4
   b4ae8:	4604      	mov	r4, r0
   b4aea:	f7ff fae8 	bl	b40be <_ZdlPvj>
   b4aee:	4620      	mov	r0, r4
   b4af0:	bd10      	pop	{r4, pc}

000b4af2 <_ZN14RecursiveMutex4lockEv.isra.0>:
            os_mutex_recursive_destroy(handle_);
            handle_ = nullptr;
        }
    }

    void lock() { os_mutex_recursive_lock(handle_); }
   b4af2:	f7ff bc4f 	b.w	b4394 <os_mutex_recursive_lock>

000b4af6 <_ZNK5spark10JSONStringeqEPKc.isra.0>:
inline bool spark::JSONString::operator==(const char *str) const {
   b4af6:	b508      	push	{r3, lr}
    return strcmp(s_, str) == 0;
   b4af8:	f7ff fa90 	bl	b401c <strcmp>
}
   b4afc:	fab0 f080 	clz	r0, r0
   b4b00:	0940      	lsrs	r0, r0, #5
   b4b02:	bd08      	pop	{r3, pc}

000b4b04 <__tcf_1>:
   b4b04:	4770      	bx	lr

000b4b06 <_ZN5spark26DefaultOutputStreamFactory13destroyStreamEP5Print>:
    }
#endif // PLATFORM_ID != PLATFORM_GCC
    return nullptr;
}

void spark::DefaultOutputStreamFactory::destroyStream(Print *stream) {
   b4b06:	b510      	push	{r4, lr}
   b4b08:	460c      	mov	r4, r1
#if PLATFORM_ID != PLATFORM_GCC
    if (stream == &Serial) {
   b4b0a:	f001 f8f5 	bl	b5cf8 <_Z16_fetch_usbserialv>
   b4b0e:	4284      	cmp	r4, r0
   b4b10:	d010      	beq.n	b4b34 <_ZN5spark26DefaultOutputStreamFactory13destroyStreamEP5Print+0x2e>
    if (stream == &USBSerial1) {
        USBSerial1.end();
        return;
    }
#endif
    if (stream == &Serial1) {
   b4b12:	f001 fcfd 	bl	b6510 <_Z22__fetch_global_Serial1v>
   b4b16:	4284      	cmp	r4, r0
   b4b18:	d105      	bne.n	b4b26 <_ZN5spark26DefaultOutputStreamFactory13destroyStreamEP5Print+0x20>
        Serial1.end();
   b4b1a:	f001 fcf9 	bl	b6510 <_Z22__fetch_global_Serial1v>
        return;
    }
#endif // PLATFORM_ID != PLATFORM_GCC
    OutputStreamFactory::destroyStream(stream);
}
   b4b1e:	e8bd 4010 	ldmia.w	sp!, {r4, lr}
        Serial1.end();
   b4b22:	f001 bb40 	b.w	b61a6 <_ZN11USARTSerial3endEv>

// spark::OutputStreamFactory
inline void spark::OutputStreamFactory::destroyStream(Print *stream) {
    delete stream;
   b4b26:	b12c      	cbz	r4, b4b34 <_ZN5spark26DefaultOutputStreamFactory13destroyStreamEP5Print+0x2e>
   b4b28:	6823      	ldr	r3, [r4, #0]
   b4b2a:	4620      	mov	r0, r4
   b4b2c:	685b      	ldr	r3, [r3, #4]
}
   b4b2e:	e8bd 4010 	ldmia.w	sp!, {r4, lr}
   b4b32:	4718      	bx	r3
   b4b34:	bd10      	pop	{r4, pc}

000b4b36 <_ZN5spark10JSONWriter5valueEPKc>:
inline spark::JSONWriter& spark::JSONWriter::value(const char *val) {
   b4b36:	b513      	push	{r0, r1, r4, lr}
   b4b38:	4604      	mov	r4, r0
    return value(val, strlen(val));
   b4b3a:	4608      	mov	r0, r1
   b4b3c:	9101      	str	r1, [sp, #4]
   b4b3e:	f7ff fa77 	bl	b4030 <strlen>
   b4b42:	9901      	ldr	r1, [sp, #4]
   b4b44:	4602      	mov	r2, r0
   b4b46:	4620      	mov	r0, r4
}
   b4b48:	b002      	add	sp, #8
   b4b4a:	e8bd 4010 	ldmia.w	sp!, {r4, lr}
    return value(val, strlen(val));
   b4b4e:	f001 bac1 	b.w	b60d4 <_ZN5spark10JSONWriter5valueEPKcj>

000b4b52 <_ZN5spark16StreamLogHandler5writeEPKc>:
inline void spark::StreamLogHandler::write(const char *str) {
   b4b52:	b513      	push	{r0, r1, r4, lr}
   b4b54:	4604      	mov	r4, r0
    write(str, strlen(str));
   b4b56:	4608      	mov	r0, r1
   b4b58:	9101      	str	r1, [sp, #4]
   b4b5a:	f7ff fa69 	bl	b4030 <strlen>
   b4b5e:	6823      	ldr	r3, [r4, #0]
   b4b60:	9901      	ldr	r1, [sp, #4]
   b4b62:	68db      	ldr	r3, [r3, #12]
   b4b64:	4602      	mov	r2, r0
   b4b66:	4620      	mov	r0, r4
}
   b4b68:	b002      	add	sp, #8
   b4b6a:	e8bd 4010 	ldmia.w	sp!, {r4, lr}
    write(str, strlen(str));
   b4b6e:	4718      	bx	r3

000b4b70 <_ZN5spark16StreamLogHandler5writeEc>:
inline void spark::StreamLogHandler::write(char c) {
   b4b70:	b507      	push	{r0, r1, r2, lr}
    write(&c, 1);
   b4b72:	6803      	ldr	r3, [r0, #0]
inline void spark::StreamLogHandler::write(char c) {
   b4b74:	f88d 1007 	strb.w	r1, [sp, #7]
    write(&c, 1);
   b4b78:	68db      	ldr	r3, [r3, #12]
   b4b7a:	2201      	movs	r2, #1
   b4b7c:	f10d 0107 	add.w	r1, sp, #7
   b4b80:	4798      	blx	r3
}
   b4b82:	b003      	add	sp, #12
   b4b84:	f85d fb04 	ldr.w	pc, [sp], #4

000b4b88 <_ZN5spark6detail9LogFilter9nodeIndexERKNS_6VectorINS1_4NodeENS_16DefaultAllocatorEEEPKcjRb>:
int spark::detail::LogFilter::nodeIndex(const Vector<Node> &nodes, const char *name, size_t size, bool &found) {
   b4b88:	e92d 4ff7 	stmdb	sp!, {r0, r1, r2, r4, r5, r6, r7, r8, r9, sl, fp, lr}
    return data_ + size_;
}

template<typename T, typename AllocatorT>
inline typename spark::Vector<T, AllocatorT>::ConstIterator spark::Vector<T, AllocatorT>::end() const {
    return data_ + size_;
   b4b8c:	e9d0 8400 	ldrd	r8, r4, [r0]
   b4b90:	f04f 0a14 	mov.w	sl, #20
   b4b94:	9300      	str	r3, [sp, #0]
   b4b96:	fb0a f404 	mul.w	r4, sl, r4
               random_access_iterator_tag)
    {
      // concept requirements
      __glibcxx_function_requires(_RandomAccessIteratorConcept<
				  _RandomAccessIterator>)
      return __last - __first;
   b4b9a:	4b18      	ldr	r3, [pc, #96]	; (b4bfc <_ZN5spark6detail9LogFilter9nodeIndexERKNS_6VectorINS1_4NodeENS_16DefaultAllocatorEEEPKcjRb+0x74>)
   b4b9c:	10a4      	asrs	r4, r4, #2
   b4b9e:	4617      	mov	r7, r2
   b4ba0:	435c      	muls	r4, r3
   b4ba2:	4645      	mov	r5, r8
      typedef typename iterator_traits<_ForwardIterator>::difference_type
	_DistanceType;

      _DistanceType __len = std::distance(__first, __last);

      while (__len > 0)
   b4ba4:	2c00      	cmp	r4, #0
   b4ba6:	dd21      	ble.n	b4bec <_ZN5spark6detail9LogFilter9nodeIndexERKNS_6VectorINS1_4NodeENS_16DefaultAllocatorEEEPKcjRb+0x64>
	{
	  _DistanceType __half = __len >> 1;
   b4ba8:	1066      	asrs	r6, r4, #1
      if (__builtin_constant_p(__n) && __n == 1)
	++__i;
      else if (__builtin_constant_p(__n) && __n == -1)
	--__i;
      else
	__i += __n;
   b4baa:	fb0a f006 	mul.w	r0, sl, r6
   b4bae:	eb05 0900 	add.w	r9, r5, r0
                const int cmp = strncmp(node.name, value.first, std::min<size_t>(node.size, value.second));
   b4bb2:	463a      	mov	r2, r7
   b4bb4:	f8b9 b004 	ldrh.w	fp, [r9, #4]
   b4bb8:	5828      	ldr	r0, [r5, r0]
   b4bba:	9101      	str	r1, [sp, #4]
   b4bbc:	455f      	cmp	r7, fp
   b4bbe:	bf28      	it	cs
   b4bc0:	465a      	movcs	r2, fp
   b4bc2:	f001 fd98 	bl	b66f6 <strncmp>
                if (cmp == 0) {
   b4bc6:	2800      	cmp	r0, #0
   b4bc8:	9901      	ldr	r1, [sp, #4]
   b4bca:	f04f 0301 	mov.w	r3, #1
   b4bce:	d10b      	bne.n	b4be8 <_ZN5spark6detail9LogFilter9nodeIndexERKNS_6VectorINS1_4NodeENS_16DefaultAllocatorEEEPKcjRb+0x60>
                    if (node.size == value.second) { // Lengths are equal
   b4bd0:	455f      	cmp	r7, fp
   b4bd2:	d103      	bne.n	b4bdc <_ZN5spark6detail9LogFilter9nodeIndexERKNS_6VectorINS1_4NodeENS_16DefaultAllocatorEEEPKcjRb+0x54>
                        found = true; // Allows caller code to avoid extra call to strncmp()
   b4bd4:	9a00      	ldr	r2, [sp, #0]
   b4bd6:	7013      	strb	r3, [r2, #0]
int spark::detail::LogFilter::nodeIndex(const Vector<Node> &nodes, const char *name, size_t size, bool &found) {
   b4bd8:	4634      	mov	r4, r6
   b4bda:	e7e3      	b.n	b4ba4 <_ZN5spark6detail9LogFilter9nodeIndexERKNS_6VectorINS1_4NodeENS_16DefaultAllocatorEEEPKcjRb+0x1c>
	  _ForwardIterator __middle = __first;
	  std::advance(__middle, __half);
	  if (__comp(__middle, __val))
   b4bdc:	d9fc      	bls.n	b4bd8 <_ZN5spark6detail9LogFilter9nodeIndexERKNS_6VectorINS1_4NodeENS_16DefaultAllocatorEEEPKcjRb+0x50>
	    {
	      __first = __middle;
	      ++__first;
	      __len = __len - __half - 1;
   b4bde:	1ba6      	subs	r6, r4, r6
	      ++__first;
   b4be0:	f109 0514 	add.w	r5, r9, #20
	      __len = __len - __half - 1;
   b4be4:	3e01      	subs	r6, #1
   b4be6:	e7f7      	b.n	b4bd8 <_ZN5spark6detail9LogFilter9nodeIndexERKNS_6VectorINS1_4NodeENS_16DefaultAllocatorEEEPKcjRb+0x50>
	  if (__comp(__middle, __val))
   b4be8:	dbf9      	blt.n	b4bde <_ZN5spark6detail9LogFilter9nodeIndexERKNS_6VectorINS1_4NodeENS_16DefaultAllocatorEEEPKcjRb+0x56>
   b4bea:	e7f5      	b.n	b4bd8 <_ZN5spark6detail9LogFilter9nodeIndexERKNS_6VectorINS1_4NodeENS_16DefaultAllocatorEEEPKcjRb+0x50>
      return __last - __first;
   b4bec:	eba5 0508 	sub.w	r5, r5, r8
}
   b4bf0:	4802      	ldr	r0, [pc, #8]	; (b4bfc <_ZN5spark6detail9LogFilter9nodeIndexERKNS_6VectorINS1_4NodeENS_16DefaultAllocatorEEEPKcjRb+0x74>)
   b4bf2:	10ad      	asrs	r5, r5, #2
   b4bf4:	4368      	muls	r0, r5
   b4bf6:	b003      	add	sp, #12
   b4bf8:	e8bd 8ff0 	ldmia.w	sp!, {r4, r5, r6, r7, r8, r9, sl, fp, pc}
   b4bfc:	cccccccd 	.word	0xcccccccd

000b4c00 <_ZNK5spark6detail9LogFilter5levelEPKc>:
LogLevel spark::detail::LogFilter::level(const char *category) const {
   b4c00:	b57f      	push	{r0, r1, r2, r3, r4, r5, r6, lr}
    if (!nodes_.isEmpty() && category) {
   b4c02:	6903      	ldr	r3, [r0, #16]
    LogLevel level = level_; // Default level
   b4c04:	7e05      	ldrb	r5, [r0, #24]
LogLevel spark::detail::LogFilter::level(const char *category) const {
   b4c06:	9101      	str	r1, [sp, #4]
    if (!nodes_.isEmpty() && category) {
   b4c08:	b303      	cbz	r3, b4c4c <_ZNK5spark6detail9LogFilter5levelEPKc+0x4c>
   b4c0a:	b1f9      	cbz	r1, b4c4c <_ZNK5spark6detail9LogFilter5levelEPKc+0x4c>
        size_t size = 0; // Name length
   b4c0c:	2600      	movs	r6, #0
        const Vector<Node> *pNodes = &nodes_; // Root nodes
   b4c0e:	f100 040c 	add.w	r4, r0, #12
        size_t size = 0; // Name length
   b4c12:	9603      	str	r6, [sp, #12]
        while ((name = nextSubcategoryName(category, size))) {
   b4c14:	a903      	add	r1, sp, #12
   b4c16:	a801      	add	r0, sp, #4
   b4c18:	f7ff ff4b 	bl	b4ab2 <_ZN12_GLOBAL__N_119nextSubcategoryNameERPKcRj>
   b4c1c:	4601      	mov	r1, r0
   b4c1e:	b1a8      	cbz	r0, b4c4c <_ZNK5spark6detail9LogFilter5levelEPKc+0x4c>
            const int index = nodeIndex(*pNodes, name, size, found);
   b4c20:	f10d 030b 	add.w	r3, sp, #11
   b4c24:	9a03      	ldr	r2, [sp, #12]
            bool found = false;
   b4c26:	f88d 600b 	strb.w	r6, [sp, #11]
            const int index = nodeIndex(*pNodes, name, size, found);
   b4c2a:	4620      	mov	r0, r4
   b4c2c:	f7ff ffac 	bl	b4b88 <_ZN5spark6detail9LogFilter9nodeIndexERKNS_6VectorINS1_4NodeENS_16DefaultAllocatorEEEPKcjRb>
            if (!found) {
   b4c30:	f89d 300b 	ldrb.w	r3, [sp, #11]
   b4c34:	b153      	cbz	r3, b4c4c <_ZNK5spark6detail9LogFilter5levelEPKc+0x4c>
    return data_[i];
   b4c36:	6823      	ldr	r3, [r4, #0]
   b4c38:	2414      	movs	r4, #20
   b4c3a:	fb04 3400 	mla	r4, r4, r0, r3
            pNodes = &node.nodes;
   b4c3e:	3408      	adds	r4, #8
            if (node.level >= 0) {
   b4c40:	f934 3c02 	ldrsh.w	r3, [r4, #-2]
   b4c44:	2b00      	cmp	r3, #0
                level = (LogLevel)node.level;
   b4c46:	bfa8      	it	ge
   b4c48:	b2dd      	uxtbge	r5, r3
        while ((name = nextSubcategoryName(category, size))) {
   b4c4a:	e7e3      	b.n	b4c14 <_ZNK5spark6detail9LogFilter5levelEPKc+0x14>
}
   b4c4c:	4628      	mov	r0, r5
   b4c4e:	b004      	add	sp, #16
   b4c50:	bd70      	pop	{r4, r5, r6, pc}

000b4c52 <_ZN5spark16StreamLogHandler6printfEPKcz>:
void spark::StreamLogHandler::printf(const char *fmt, ...) {
   b4c52:	b40e      	push	{r1, r2, r3}
   b4c54:	b5f0      	push	{r4, r5, r6, r7, lr}
   b4c56:	b08c      	sub	sp, #48	; 0x30
   b4c58:	af00      	add	r7, sp, #0
   b4c5a:	f107 0544 	add.w	r5, r7, #68	; 0x44
   b4c5e:	4604      	mov	r4, r0
   b4c60:	f855 2b04 	ldr.w	r2, [r5], #4
    int n = vsnprintf(buf, sizeof(buf), fmt, args);
   b4c64:	607a      	str	r2, [r7, #4]
   b4c66:	462b      	mov	r3, r5
   b4c68:	2120      	movs	r1, #32
   b4c6a:	f107 0010 	add.w	r0, r7, #16
    va_start(args, fmt);
   b4c6e:	60fd      	str	r5, [r7, #12]
    int n = vsnprintf(buf, sizeof(buf), fmt, args);
   b4c70:	f7ff fd44 	bl	b46fc <vsnprintf>
    if ((size_t)n >= sizeof(buf)) {
   b4c74:	281f      	cmp	r0, #31
   b4c76:	687a      	ldr	r2, [r7, #4]
   b4c78:	d91a      	bls.n	b4cb0 <_ZN5spark16StreamLogHandler6printfEPKcz+0x5e>
        char buf[n + 1]; // Use a larger buffer
   b4c7a:	f100 0308 	add.w	r3, r0, #8
   b4c7e:	f023 0307 	bic.w	r3, r3, #7
        }
   b4c82:	466e      	mov	r6, sp
        char buf[n + 1]; // Use a larger buffer
   b4c84:	ebad 0d03 	sub.w	sp, sp, r3
        n = vsnprintf(buf, sizeof(buf), fmt, args);
   b4c88:	1c41      	adds	r1, r0, #1
   b4c8a:	462b      	mov	r3, r5
   b4c8c:	4668      	mov	r0, sp
        va_start(args, fmt);
   b4c8e:	60fd      	str	r5, [r7, #12]
        n = vsnprintf(buf, sizeof(buf), fmt, args);
   b4c90:	f7ff fd34 	bl	b46fc <vsnprintf>
        if (n > 0) {
   b4c94:	1e02      	subs	r2, r0, #0
   b4c96:	dd04      	ble.n	b4ca2 <_ZN5spark16StreamLogHandler6printfEPKcz+0x50>
            write(buf, n);
   b4c98:	6823      	ldr	r3, [r4, #0]
   b4c9a:	4669      	mov	r1, sp
   b4c9c:	68db      	ldr	r3, [r3, #12]
   b4c9e:	4620      	mov	r0, r4
   b4ca0:	4798      	blx	r3
   b4ca2:	46b5      	mov	sp, r6
}
   b4ca4:	3730      	adds	r7, #48	; 0x30
   b4ca6:	46bd      	mov	sp, r7
   b4ca8:	e8bd 40f0 	ldmia.w	sp!, {r4, r5, r6, r7, lr}
   b4cac:	b003      	add	sp, #12
   b4cae:	4770      	bx	lr
    } else if (n > 0) {
   b4cb0:	2800      	cmp	r0, #0
   b4cb2:	d0f7      	beq.n	b4ca4 <_ZN5spark16StreamLogHandler6printfEPKcz+0x52>
        write(buf, n);
   b4cb4:	6823      	ldr	r3, [r4, #0]
   b4cb6:	4602      	mov	r2, r0
   b4cb8:	68db      	ldr	r3, [r3, #12]
   b4cba:	f107 0110 	add.w	r1, r7, #16
   b4cbe:	4620      	mov	r0, r4
   b4cc0:	4798      	blx	r3
}
   b4cc2:	e7ef      	b.n	b4ca4 <_ZN5spark16StreamLogHandler6printfEPKcz+0x52>

000b4cc4 <_ZN5spark24DefaultLogHandlerFactory8instanceEv>:
spark::DefaultLogHandlerFactory* spark::DefaultLogHandlerFactory::instance() {
   b4cc4:	b510      	push	{r4, lr}
    static DefaultLogHandlerFactory factory;
   b4cc6:	4c09      	ldr	r4, [pc, #36]	; (b4cec <_ZN5spark24DefaultLogHandlerFactory8instanceEv+0x28>)
   b4cc8:	7823      	ldrb	r3, [r4, #0]
   b4cca:	f3bf 8f5b 	dmb	ish
   b4cce:	07db      	lsls	r3, r3, #31
   b4cd0:	d409      	bmi.n	b4ce6 <_ZN5spark24DefaultLogHandlerFactory8instanceEv+0x22>
   b4cd2:	4620      	mov	r0, r4
   b4cd4:	f7ff fa02 	bl	b40dc <__cxa_guard_acquire>
   b4cd8:	b128      	cbz	r0, b4ce6 <_ZN5spark24DefaultLogHandlerFactory8instanceEv+0x22>
   b4cda:	4620      	mov	r0, r4
   b4cdc:	f7ff fa03 	bl	b40e6 <__cxa_guard_release>
   b4ce0:	4803      	ldr	r0, [pc, #12]	; (b4cf0 <_ZN5spark24DefaultLogHandlerFactory8instanceEv+0x2c>)
   b4ce2:	f001 fc7d 	bl	b65e0 <atexit>
}
   b4ce6:	4803      	ldr	r0, [pc, #12]	; (b4cf4 <_ZN5spark24DefaultLogHandlerFactory8instanceEv+0x30>)
   b4ce8:	bd10      	pop	{r4, pc}
   b4cea:	bf00      	nop
   b4cec:	2003e6a8 	.word	0x2003e6a8
   b4cf0:	000b4aad 	.word	0x000b4aad
   b4cf4:	2003e5e4 	.word	0x2003e5e4

000b4cf8 <_ZN5spark26DefaultOutputStreamFactory8instanceEv>:

spark::DefaultOutputStreamFactory* spark::DefaultOutputStreamFactory::instance() {
   b4cf8:	b510      	push	{r4, lr}
    static DefaultOutputStreamFactory factory;
   b4cfa:	4c09      	ldr	r4, [pc, #36]	; (b4d20 <_ZN5spark26DefaultOutputStreamFactory8instanceEv+0x28>)
   b4cfc:	7823      	ldrb	r3, [r4, #0]
   b4cfe:	f3bf 8f5b 	dmb	ish
   b4d02:	07db      	lsls	r3, r3, #31
   b4d04:	d409      	bmi.n	b4d1a <_ZN5spark26DefaultOutputStreamFactory8instanceEv+0x22>
   b4d06:	4620      	mov	r0, r4
   b4d08:	f7ff f9e8 	bl	b40dc <__cxa_guard_acquire>
   b4d0c:	b128      	cbz	r0, b4d1a <_ZN5spark26DefaultOutputStreamFactory8instanceEv+0x22>
   b4d0e:	4620      	mov	r0, r4
   b4d10:	f7ff f9e9 	bl	b40e6 <__cxa_guard_release>
   b4d14:	4803      	ldr	r0, [pc, #12]	; (b4d24 <_ZN5spark26DefaultOutputStreamFactory8instanceEv+0x2c>)
   b4d16:	f001 fc63 	bl	b65e0 <atexit>
    return &factory;
}
   b4d1a:	4803      	ldr	r0, [pc, #12]	; (b4d28 <_ZN5spark26DefaultOutputStreamFactory8instanceEv+0x30>)
   b4d1c:	bd10      	pop	{r4, pc}
   b4d1e:	bf00      	nop
   b4d20:	2003e6ac 	.word	0x2003e6ac
   b4d24:	000b4b05 	.word	0x000b4b05
   b4d28:	2003e5e8 	.word	0x2003e5e8

000b4d2c <_ZN5spark10LogManagerC1Ev>:
    Print *stream;
};

#endif // Wiring_LogConfig

spark::LogManager::LogManager() {
   b4d2c:	b538      	push	{r3, r4, r5, lr}
        capacity_(0) {
   b4d2e:	2500      	movs	r5, #0
   b4d30:	4604      	mov	r4, r0
   b4d32:	e9c0 5500 	strd	r5, r5, [r0]
   b4d36:	e9c0 5504 	strd	r5, r5, [r0, #16]
   b4d3a:	6085      	str	r5, [r0, #8]
   b4d3c:	6185      	str	r5, [r0, #24]
    RecursiveMutex() : handle_(nullptr)
   b4d3e:	f840 5f24 	str.w	r5, [r0, #36]!
        os_mutex_recursive_create(&handle_);
   b4d42:	f7ff fb17 	bl	b4374 <os_mutex_recursive_create>
#if Wiring_LogConfig
    handlerFactory_ = DefaultLogHandlerFactory::instance();
   b4d46:	f7ff ffbd 	bl	b4cc4 <_ZN5spark24DefaultLogHandlerFactory8instanceEv>
   b4d4a:	61e0      	str	r0, [r4, #28]
    streamFactory_ = DefaultOutputStreamFactory::instance();
   b4d4c:	f7ff ffd4 	bl	b4cf8 <_ZN5spark26DefaultOutputStreamFactory8instanceEv>
#endif
    outputActive_ = false;
   b4d50:	7325      	strb	r5, [r4, #12]
    streamFactory_ = DefaultOutputStreamFactory::instance();
   b4d52:	6220      	str	r0, [r4, #32]
}
   b4d54:	4620      	mov	r0, r4
   b4d56:	bd38      	pop	{r3, r4, r5, pc}

000b4d58 <_ZN5spark10LogManager8instanceEv>:
            resetSystemCallbacks();
        }
    }
}

spark::LogManager* spark::LogManager::instance() {
   b4d58:	b510      	push	{r4, lr}
    static LogManager mgr;
   b4d5a:	4c0a      	ldr	r4, [pc, #40]	; (b4d84 <_ZN5spark10LogManager8instanceEv+0x2c>)
   b4d5c:	7823      	ldrb	r3, [r4, #0]
   b4d5e:	f3bf 8f5b 	dmb	ish
   b4d62:	07db      	lsls	r3, r3, #31
   b4d64:	d40c      	bmi.n	b4d80 <_ZN5spark10LogManager8instanceEv+0x28>
   b4d66:	4620      	mov	r0, r4
   b4d68:	f7ff f9b8 	bl	b40dc <__cxa_guard_acquire>
   b4d6c:	b140      	cbz	r0, b4d80 <_ZN5spark10LogManager8instanceEv+0x28>
   b4d6e:	4806      	ldr	r0, [pc, #24]	; (b4d88 <_ZN5spark10LogManager8instanceEv+0x30>)
   b4d70:	f7ff ffdc 	bl	b4d2c <_ZN5spark10LogManagerC1Ev>
   b4d74:	4620      	mov	r0, r4
   b4d76:	f7ff f9b6 	bl	b40e6 <__cxa_guard_release>
   b4d7a:	4804      	ldr	r0, [pc, #16]	; (b4d8c <_ZN5spark10LogManager8instanceEv+0x34>)
   b4d7c:	f001 fc30 	bl	b65e0 <atexit>
    return &mgr;
}
   b4d80:	4801      	ldr	r0, [pc, #4]	; (b4d88 <_ZN5spark10LogManager8instanceEv+0x30>)
   b4d82:	bd10      	pop	{r4, pc}
   b4d84:	2003e6a4 	.word	0x2003e6a4
   b4d88:	2003e6b4 	.word	0x2003e6b4
   b4d8c:	000b52d1 	.word	0x000b52d1

000b4d90 <_ZN5spark10LogManager18setSystemCallbacksEv>:
}

#endif // Wiring_LogConfig

void spark::LogManager::setSystemCallbacks() {
    log_set_callbacks(logMessage, logWrite, logEnabled, nullptr);
   b4d90:	4a02      	ldr	r2, [pc, #8]	; (b4d9c <_ZN5spark10LogManager18setSystemCallbacksEv+0xc>)
   b4d92:	4903      	ldr	r1, [pc, #12]	; (b4da0 <_ZN5spark10LogManager18setSystemCallbacksEv+0x10>)
   b4d94:	4803      	ldr	r0, [pc, #12]	; (b4da4 <_ZN5spark10LogManager18setSystemCallbacksEv+0x14>)
   b4d96:	2300      	movs	r3, #0
   b4d98:	f7ff bbec 	b.w	b4574 <log_set_callbacks>
   b4d9c:	000b50b5 	.word	0x000b50b5
   b4da0:	000b5041 	.word	0x000b5041
   b4da4:	000b4fc1 	.word	0x000b4fc1

000b4da8 <_ZN5spark10LogManager20resetSystemCallbacksEv>:
}

void spark::LogManager::resetSystemCallbacks() {
    log_set_callbacks(nullptr, nullptr, nullptr, nullptr);
   b4da8:	2300      	movs	r3, #0
   b4daa:	461a      	mov	r2, r3
   b4dac:	4619      	mov	r1, r3
   b4dae:	4618      	mov	r0, r3
   b4db0:	f7ff bbe0 	b.w	b4574 <log_set_callbacks>

000b4db4 <_ZN5spark18JSONObjectIteratorC1ERKNS_9JSONValueE>:
inline spark::JSONObjectIterator::JSONObjectIterator(const JSONValue &value) :
   b4db4:	b537      	push	{r0, r1, r2, r4, r5, lr}
        JSONObjectIterator(value.t_, value.d_) {
   b4db6:	688d      	ldr	r5, [r1, #8]
inline spark::JSONObjectIterator::JSONObjectIterator(const JSONValue &value) :
   b4db8:	4604      	mov	r4, r0
       *  @brief  Construct an empty %shared_ptr.
       *  @post   use_count()==0 && get()==0
       */
      constexpr shared_ptr() noexcept : __shared_ptr<_Tp>() { }

      shared_ptr(const shared_ptr&) noexcept = default; ///< Copy constructor
   b4dba:	4668      	mov	r0, sp
   b4dbc:	f7ff fcfc 	bl	b47b8 <_ZNSt12__shared_ptrIN5spark6detail8JSONDataELN9__gnu_cxx12_Lock_policyE0EEC1ERKS5_>
        JSONObjectIterator(value.t_, value.d_) {
   b4dc0:	466a      	mov	r2, sp
   b4dc2:	4629      	mov	r1, r5
   b4dc4:	4620      	mov	r0, r4
   b4dc6:	f001 f8a5 	bl	b5f14 <_ZN5spark18JSONObjectIteratorC1EPK9jsmntok_tSt10shared_ptrINS_6detail8JSONDataEE>
      __shared_ptr& operator=(const __shared_ptr&) noexcept = default;
      ~__shared_ptr() = default;
   b4dca:	a801      	add	r0, sp, #4
   b4dcc:	f7ff fcfd 	bl	b47ca <_ZNSt14__shared_countILN9__gnu_cxx12_Lock_policyE0EED1Ev>
}
   b4dd0:	4620      	mov	r0, r4
   b4dd2:	b003      	add	sp, #12
   b4dd4:	bd30      	pop	{r4, r5, pc}

000b4dd6 <_ZNK5spark18JSONObjectIterator4nameEv>:
inline spark::JSONString spark::JSONObjectIterator::name() const {
   b4dd6:	b537      	push	{r0, r1, r2, r4, r5, lr}
    return JSONString(k_, d_);
   b4dd8:	68cd      	ldr	r5, [r1, #12]
inline spark::JSONString spark::JSONObjectIterator::name() const {
   b4dda:	4604      	mov	r4, r0
   b4ddc:	4668      	mov	r0, sp
   b4dde:	f7ff fceb 	bl	b47b8 <_ZNSt12__shared_ptrIN5spark6detail8JSONDataELN9__gnu_cxx12_Lock_policyE0EEC1ERKS5_>
    return JSONString(k_, d_);
   b4de2:	466a      	mov	r2, sp
   b4de4:	4629      	mov	r1, r5
   b4de6:	4620      	mov	r0, r4
   b4de8:	f001 f870 	bl	b5ecc <_ZN5spark10JSONStringC1EPK9jsmntok_tSt10shared_ptrINS_6detail8JSONDataEE>
   b4dec:	a801      	add	r0, sp, #4
   b4dee:	f7ff fcec 	bl	b47ca <_ZNSt14__shared_countILN9__gnu_cxx12_Lock_policyE0EED1Ev>
}
   b4df2:	4620      	mov	r0, r4
   b4df4:	b003      	add	sp, #12
   b4df6:	bd30      	pop	{r4, r5, pc}

000b4df8 <_ZNK5spark18JSONObjectIterator5valueEv>:
inline spark::JSONValue spark::JSONObjectIterator::value() const {
   b4df8:	b537      	push	{r0, r1, r2, r4, r5, lr}
    return JSONValue(v_, d_);
   b4dfa:	690d      	ldr	r5, [r1, #16]
inline spark::JSONValue spark::JSONObjectIterator::value() const {
   b4dfc:	4604      	mov	r4, r0
   b4dfe:	4668      	mov	r0, sp
   b4e00:	f7ff fcda 	bl	b47b8 <_ZNSt12__shared_ptrIN5spark6detail8JSONDataELN9__gnu_cxx12_Lock_policyE0EEC1ERKS5_>
    return JSONValue(v_, d_);
   b4e04:	466a      	mov	r2, sp
   b4e06:	4629      	mov	r1, r5
   b4e08:	4620      	mov	r0, r4
   b4e0a:	f001 f808 	bl	b5e1e <_ZN5spark9JSONValueC1EPK9jsmntok_tSt10shared_ptrINS_6detail8JSONDataEE>
   b4e0e:	a801      	add	r0, sp, #4
   b4e10:	f7ff fcdb 	bl	b47ca <_ZNSt14__shared_countILN9__gnu_cxx12_Lock_policyE0EED1Ev>
}
   b4e14:	4620      	mov	r0, r4
   b4e16:	b003      	add	sp, #12
   b4e18:	bd30      	pop	{r4, r5, pc}
	...

000b4e1c <_ZN5spark26DefaultOutputStreamFactory9getParamsERKNS_9JSONValueEPi>:
void spark::DefaultOutputStreamFactory::getParams(const JSONValue &params, int *baudRate) {
   b4e1c:	b570      	push	{r4, r5, r6, lr}
   b4e1e:	b08a      	sub	sp, #40	; 0x28
   b4e20:	460d      	mov	r5, r1
    JSONObjectIterator it(params);
   b4e22:	4601      	mov	r1, r0
   b4e24:	a804      	add	r0, sp, #16
   b4e26:	f7ff ffc5 	bl	b4db4 <_ZN5spark18JSONObjectIteratorC1ERKNS_9JSONValueE>
        if (it.name() == "baud" && baudRate) {
   b4e2a:	4e14      	ldr	r6, [pc, #80]	; (b4e7c <_ZN5spark26DefaultOutputStreamFactory9getParamsERKNS_9JSONValueEPi+0x60>)
    while (it.next()) {
   b4e2c:	a804      	add	r0, sp, #16
   b4e2e:	f001 f889 	bl	b5f44 <_ZN5spark18JSONObjectIterator4nextEv>
   b4e32:	b1e8      	cbz	r0, b4e70 <_ZN5spark26DefaultOutputStreamFactory9getParamsERKNS_9JSONValueEPi+0x54>
        if (it.name() == "baud" && baudRate) {
   b4e34:	a904      	add	r1, sp, #16
   b4e36:	4668      	mov	r0, sp
   b4e38:	f7ff ffcd 	bl	b4dd6 <_ZNK5spark18JSONObjectIterator4nameEv>
   b4e3c:	9802      	ldr	r0, [sp, #8]
   b4e3e:	4631      	mov	r1, r6
   b4e40:	f7ff fe59 	bl	b4af6 <_ZNK5spark10JSONStringeqEPKc.isra.0>
   b4e44:	4604      	mov	r4, r0
   b4e46:	b110      	cbz	r0, b4e4e <_ZN5spark26DefaultOutputStreamFactory9getParamsERKNS_9JSONValueEPi+0x32>
   b4e48:	1e2c      	subs	r4, r5, #0
   b4e4a:	bf18      	it	ne
   b4e4c:	2401      	movne	r4, #1
   b4e4e:	a801      	add	r0, sp, #4
   b4e50:	f7ff fcbb 	bl	b47ca <_ZNSt14__shared_countILN9__gnu_cxx12_Lock_policyE0EED1Ev>
   b4e54:	2c00      	cmp	r4, #0
   b4e56:	d0e9      	beq.n	b4e2c <_ZN5spark26DefaultOutputStreamFactory9getParamsERKNS_9JSONValueEPi+0x10>
            *baudRate = it.value().toInt();
   b4e58:	a904      	add	r1, sp, #16
   b4e5a:	4668      	mov	r0, sp
   b4e5c:	f7ff ffcc 	bl	b4df8 <_ZNK5spark18JSONObjectIterator5valueEv>
   b4e60:	4668      	mov	r0, sp
   b4e62:	f001 f812 	bl	b5e8a <_ZNK5spark9JSONValue5toIntEv>
   b4e66:	6028      	str	r0, [r5, #0]
   b4e68:	a801      	add	r0, sp, #4
   b4e6a:	f7ff fcae 	bl	b47ca <_ZNSt14__shared_countILN9__gnu_cxx12_Lock_policyE0EED1Ev>
   b4e6e:	e7dd      	b.n	b4e2c <_ZN5spark26DefaultOutputStreamFactory9getParamsERKNS_9JSONValueEPi+0x10>
   b4e70:	a805      	add	r0, sp, #20
   b4e72:	f7ff fcaa 	bl	b47ca <_ZNSt14__shared_countILN9__gnu_cxx12_Lock_policyE0EED1Ev>
}
   b4e76:	b00a      	add	sp, #40	; 0x28
   b4e78:	bd70      	pop	{r4, r5, r6, pc}
   b4e7a:	bf00      	nop
   b4e7c:	000b69e4 	.word	0x000b69e4

000b4e80 <_ZN5spark26DefaultOutputStreamFactory12createStreamEPKcRKNS_9JSONValueE>:
Print* spark::DefaultOutputStreamFactory::createStream(const char *type, const JSONValue &params) {
   b4e80:	b537      	push	{r0, r1, r2, r4, r5, lr}
   b4e82:	460c      	mov	r4, r1
    if (strcmp(type, "Serial") == 0) {
   b4e84:	4620      	mov	r0, r4
   b4e86:	4913      	ldr	r1, [pc, #76]	; (b4ed4 <_ZN5spark26DefaultOutputStreamFactory12createStreamEPKcRKNS_9JSONValueE+0x54>)
Print* spark::DefaultOutputStreamFactory::createStream(const char *type, const JSONValue &params) {
   b4e88:	4615      	mov	r5, r2
    if (strcmp(type, "Serial") == 0) {
   b4e8a:	f7ff f8c7 	bl	b401c <strcmp>
   b4e8e:	b950      	cbnz	r0, b4ea6 <_ZN5spark26DefaultOutputStreamFactory12createStreamEPKcRKNS_9JSONValueE+0x26>
        Serial.begin();
   b4e90:	f000 ff32 	bl	b5cf8 <_Z16_fetch_usbserialv>
   b4e94:	f44f 5116 	mov.w	r1, #9600	; 0x2580
   b4e98:	f000 ff1e 	bl	b5cd8 <_ZN9USBSerial5beginEl>
}
   b4e9c:	b003      	add	sp, #12
   b4e9e:	e8bd 4030 	ldmia.w	sp!, {r4, r5, lr}
        return &Serial;
   b4ea2:	f000 bf29 	b.w	b5cf8 <_Z16_fetch_usbserialv>
    if (strcmp(type, "Serial1") == 0) {
   b4ea6:	490c      	ldr	r1, [pc, #48]	; (b4ed8 <_ZN5spark26DefaultOutputStreamFactory12createStreamEPKcRKNS_9JSONValueE+0x58>)
   b4ea8:	4620      	mov	r0, r4
   b4eaa:	f7ff f8b7 	bl	b401c <strcmp>
   b4eae:	b978      	cbnz	r0, b4ed0 <_ZN5spark26DefaultOutputStreamFactory12createStreamEPKcRKNS_9JSONValueE+0x50>
        int baud = 9600;
   b4eb0:	f44f 5316 	mov.w	r3, #9600	; 0x2580
        getParams(params, &baud);
   b4eb4:	a901      	add	r1, sp, #4
   b4eb6:	4628      	mov	r0, r5
        int baud = 9600;
   b4eb8:	9301      	str	r3, [sp, #4]
        getParams(params, &baud);
   b4eba:	f7ff ffaf 	bl	b4e1c <_ZN5spark26DefaultOutputStreamFactory9getParamsERKNS_9JSONValueEPi>
        Serial1.begin(baud);
   b4ebe:	f001 fb27 	bl	b6510 <_Z22__fetch_global_Serial1v>
   b4ec2:	9901      	ldr	r1, [sp, #4]
   b4ec4:	f001 f96c 	bl	b61a0 <_ZN11USARTSerial5beginEm>
        return &Serial1;
   b4ec8:	f001 fb22 	bl	b6510 <_Z22__fetch_global_Serial1v>
}
   b4ecc:	b003      	add	sp, #12
   b4ece:	bd30      	pop	{r4, r5, pc}
    return nullptr;
   b4ed0:	2000      	movs	r0, #0
   b4ed2:	e7fb      	b.n	b4ecc <_ZN5spark26DefaultOutputStreamFactory12createStreamEPKcRKNS_9JSONValueE+0x4c>
   b4ed4:	000b69e9 	.word	0x000b69e9
   b4ed8:	000b69f0 	.word	0x000b69f0

000b4edc <_ZN5spark6VectorINS_6detail9LogFilter4NodeENS_16DefaultAllocatorEED1Ev>:
inline spark::Vector<T, AllocatorT>::~Vector() {
   b4edc:	b570      	push	{r4, r5, r6, lr}
    destruct(data_, data_ + size_);
   b4ede:	e9d0 5300 	ldrd	r5, r3, [r0]
   b4ee2:	2614      	movs	r6, #20
inline spark::Vector<T, AllocatorT>::~Vector() {
   b4ee4:	4604      	mov	r4, r0
    destruct(data_, data_ + size_);
   b4ee6:	fb06 5603 	mla	r6, r6, r3, r5
        for (; p != end; ++p) {
   b4eea:	42ae      	cmp	r6, r5
   b4eec:	d005      	beq.n	b4efa <_ZN5spark6VectorINS_6detail9LogFilter4NodeENS_16DefaultAllocatorEED1Ev+0x1e>
struct spark::detail::LogFilter::Node {
   b4eee:	f105 0008 	add.w	r0, r5, #8
   b4ef2:	f7ff fff3 	bl	b4edc <_ZN5spark6VectorINS_6detail9LogFilter4NodeENS_16DefaultAllocatorEED1Ev>
   b4ef6:	3514      	adds	r5, #20
   b4ef8:	e7f7      	b.n	b4eea <_ZN5spark6VectorINS_6detail9LogFilter4NodeENS_16DefaultAllocatorEED1Ev+0xe>
    ::free(ptr);
   b4efa:	6820      	ldr	r0, [r4, #0]
   b4efc:	f7ff fbee 	bl	b46dc <free>
}
   b4f00:	4620      	mov	r0, r4
   b4f02:	bd70      	pop	{r4, r5, r6, pc}

000b4f04 <_ZN5spark6detail9LogFilterD1Ev>:
spark::detail::LogFilter::~LogFilter() {
   b4f04:	b510      	push	{r4, lr}
   b4f06:	4604      	mov	r4, r0
   b4f08:	300c      	adds	r0, #12
   b4f0a:	f7ff ffe7 	bl	b4edc <_ZN5spark6VectorINS_6detail9LogFilter4NodeENS_16DefaultAllocatorEED1Ev>
   b4f0e:	4620      	mov	r0, r4
   b4f10:	f7ff fd26 	bl	b4960 <_ZN5spark6VectorI6StringNS_16DefaultAllocatorEED1Ev>
}
   b4f14:	4620      	mov	r0, r4
   b4f16:	bd10      	pop	{r4, pc}

000b4f18 <_ZN5spark16StreamLogHandlerD1Ev>:
class StreamLogHandler: public LogHandler {
   b4f18:	b510      	push	{r4, lr}
    virtual ~LogHandler() = default;
   b4f1a:	4b04      	ldr	r3, [pc, #16]	; (b4f2c <_ZN5spark16StreamLogHandlerD1Ev+0x14>)
class StreamLogHandler: public LogHandler {
   b4f1c:	4604      	mov	r4, r0
    virtual ~LogHandler() = default;
   b4f1e:	f840 3b04 	str.w	r3, [r0], #4
   b4f22:	f7ff ffef 	bl	b4f04 <_ZN5spark6detail9LogFilterD1Ev>
class StreamLogHandler: public LogHandler {
   b4f26:	4620      	mov	r0, r4
   b4f28:	bd10      	pop	{r4, pc}
   b4f2a:	bf00      	nop
   b4f2c:	000b6960 	.word	0x000b6960

000b4f30 <_ZN5spark16StreamLogHandlerD0Ev>:
   b4f30:	b510      	push	{r4, lr}
   b4f32:	4604      	mov	r4, r0
   b4f34:	f7ff fff0 	bl	b4f18 <_ZN5spark16StreamLogHandlerD1Ev>
   b4f38:	4620      	mov	r0, r4
   b4f3a:	2124      	movs	r1, #36	; 0x24
   b4f3c:	f7ff f8bf 	bl	b40be <_ZdlPvj>
   b4f40:	4620      	mov	r0, r4
   b4f42:	bd10      	pop	{r4, pc}

000b4f44 <_ZN5spark20JSONStreamLogHandlerD1Ev>:
class JSONStreamLogHandler: public StreamLogHandler {
   b4f44:	b510      	push	{r4, lr}
   b4f46:	4b03      	ldr	r3, [pc, #12]	; (b4f54 <_ZN5spark20JSONStreamLogHandlerD1Ev+0x10>)
   b4f48:	6003      	str	r3, [r0, #0]
   b4f4a:	4604      	mov	r4, r0
   b4f4c:	f7ff ffe4 	bl	b4f18 <_ZN5spark16StreamLogHandlerD1Ev>
   b4f50:	4620      	mov	r0, r4
   b4f52:	bd10      	pop	{r4, pc}
   b4f54:	000b6a7c 	.word	0x000b6a7c

000b4f58 <_ZN5spark20JSONStreamLogHandlerD0Ev>:
   b4f58:	b510      	push	{r4, lr}
   b4f5a:	4604      	mov	r4, r0
   b4f5c:	f7ff fff2 	bl	b4f44 <_ZN5spark20JSONStreamLogHandlerD1Ev>
   b4f60:	4620      	mov	r0, r4
   b4f62:	2124      	movs	r1, #36	; 0x24
   b4f64:	f7ff f8ab 	bl	b40be <_ZdlPvj>
   b4f68:	4620      	mov	r0, r4
   b4f6a:	bd10      	pop	{r4, pc}

000b4f6c <_ZN5spark6detail9LogFilter4NodeC1EOS2_>:
struct spark::detail::LogFilter::Node {
   b4f6c:	680a      	ldr	r2, [r1, #0]
   b4f6e:	6002      	str	r2, [r0, #0]
   b4f70:	684a      	ldr	r2, [r1, #4]
   b4f72:	6042      	str	r2, [r0, #4]
        capacity_(0) {
   b4f74:	2200      	movs	r2, #0
   b4f76:	e9c0 2202 	strd	r2, r2, [r0, #8]
   b4f7a:	b510      	push	{r4, lr}
   b4f7c:	6102      	str	r2, [r0, #16]
      __a = _GLIBCXX_MOVE(__b);
   b4f7e:	688c      	ldr	r4, [r1, #8]
   b4f80:	6084      	str	r4, [r0, #8]
   b4f82:	68cc      	ldr	r4, [r1, #12]
   b4f84:	60c4      	str	r4, [r0, #12]
   b4f86:	690c      	ldr	r4, [r1, #16]
      __b = _GLIBCXX_MOVE(__tmp);
   b4f88:	608a      	str	r2, [r1, #8]
   b4f8a:	60ca      	str	r2, [r1, #12]
      __a = _GLIBCXX_MOVE(__b);
   b4f8c:	6104      	str	r4, [r0, #16]
      __b = _GLIBCXX_MOVE(__tmp);
   b4f8e:	610a      	str	r2, [r1, #16]
   b4f90:	bd10      	pop	{r4, pc}

000b4f92 <_ZN5spark6VectorINS_17LogCategoryFilterENS_16DefaultAllocatorEEC1EOS3_>:
   b4f92:	2200      	movs	r2, #0
   b4f94:	e9c0 2200 	strd	r2, r2, [r0]
inline spark::Vector<T, AllocatorT>::Vector(Vector<T, AllocatorT>&& vector) : Vector() {
   b4f98:	b510      	push	{r4, lr}
        capacity_(0) {
   b4f9a:	6082      	str	r2, [r0, #8]
      __a = _GLIBCXX_MOVE(__b);
   b4f9c:	680c      	ldr	r4, [r1, #0]
   b4f9e:	6004      	str	r4, [r0, #0]
   b4fa0:	684c      	ldr	r4, [r1, #4]
   b4fa2:	6044      	str	r4, [r0, #4]
   b4fa4:	688c      	ldr	r4, [r1, #8]
      __b = _GLIBCXX_MOVE(__tmp);
   b4fa6:	600a      	str	r2, [r1, #0]
   b4fa8:	604a      	str	r2, [r1, #4]
      __a = _GLIBCXX_MOVE(__b);
   b4faa:	6084      	str	r4, [r0, #8]
      __b = _GLIBCXX_MOVE(__tmp);
   b4fac:	608a      	str	r2, [r1, #8]
}
   b4fae:	bd10      	pop	{r4, pc}

000b4fb0 <_ZNSt10lock_guardI14RecursiveMutexED1Ev>:
      { _M_device.lock(); }

      lock_guard(mutex_type& __m, adopt_lock_t) noexcept : _M_device(__m)
      { } // calling thread owns mutex

      ~lock_guard()
   b4fb0:	b510      	push	{r4, lr}
    bool trylock() { return os_mutex_recursive_trylock(handle_)==0; }
    bool try_lock() { return trylock(); }
    void unlock() { os_mutex_recursive_unlock(handle_); }
   b4fb2:	6803      	ldr	r3, [r0, #0]
   b4fb4:	4604      	mov	r4, r0
   b4fb6:	6818      	ldr	r0, [r3, #0]
   b4fb8:	f7ff f9f4 	bl	b43a4 <os_mutex_recursive_unlock>
      { _M_device.unlock(); }
   b4fbc:	4620      	mov	r0, r4
   b4fbe:	bd10      	pop	{r4, pc}

000b4fc0 <_ZN5spark10LogManager10logMessageEPKciS2_PK13LogAttributesPv>:
}

void spark::LogManager::logMessage(const char *msg, int level, const char *category, const LogAttributes *attr, void *reserved) {
   b4fc0:	e92d 4ff0 	stmdb	sp!, {r4, r5, r6, r7, r8, r9, sl, fp, lr}
   b4fc4:	b087      	sub	sp, #28
   b4fc6:	4680      	mov	r8, r0
   b4fc8:	9303      	str	r3, [sp, #12]
    #endif /* nRF52840 */

#if defined(STM32F10X_MD) || defined(STM32F10X_HD) || defined(STM32F2XX) || defined(nRF52840)

static inline bool hal_interrupt_is_isr() {
	return (SCB->ICSR & SCB_ICSR_VECTACTIVE_Msk) != 0;
   b4fca:	4b1c      	ldr	r3, [pc, #112]	; (b503c <_ZN5spark10LogManager10logMessageEPKciS2_PK13LogAttributesPv+0x7c>)
   b4fcc:	685b      	ldr	r3, [r3, #4]
   b4fce:	f3c3 0308 	ubfx	r3, r3, #0, #9
   b4fd2:	4689      	mov	r9, r1
   b4fd4:	4616      	mov	r6, r2
#ifndef LOG_FROM_ISR
    if (hal_interrupt_is_isr()) {
   b4fd6:	b96b      	cbnz	r3, b4ff4 <_ZN5spark10LogManager10logMessageEPKciS2_PK13LogAttributesPv+0x34>
        return;
    }
#endif
    LogManager *that = instance();
   b4fd8:	f7ff febe 	bl	b4d58 <_ZN5spark10LogManager8instanceEv>
   b4fdc:	4604      	mov	r4, r0
    LOG_WITH_LOCK(that->mutex_) {
   b4fde:	f100 0324 	add.w	r3, r0, #36	; 0x24
      { _M_device.lock(); }
   b4fe2:	6a40      	ldr	r0, [r0, #36]	; 0x24
      explicit lock_guard(mutex_type& __m) : _M_device(__m)
   b4fe4:	9305      	str	r3, [sp, #20]
      { _M_device.lock(); }
   b4fe6:	f7ff fd84 	bl	b4af2 <_ZN14RecursiveMutex4lockEv.isra.0>
        // prevent re-entry
        if (that->isActive()) {
   b4fea:	7b23      	ldrb	r3, [r4, #12]
   b4fec:	b12b      	cbz	r3, b4ffa <_ZN5spark10LogManager10logMessageEPKciS2_PK13LogAttributesPv+0x3a>
    LOG_WITH_LOCK(that->mutex_) {
   b4fee:	a805      	add	r0, sp, #20
   b4ff0:	f7ff ffde 	bl	b4fb0 <_ZNSt10lock_guardI14RecursiveMutexED1Ev>
        for (LogHandler *handler: that->activeHandlers_) {
            handler->message(msg, (LogLevel)level, category, *attr);
        }
        that->setActive(false);
    }
}
   b4ff4:	b007      	add	sp, #28
   b4ff6:	e8bd 8ff0 	ldmia.w	sp!, {r4, r5, r6, r7, r8, r9, sl, fp, pc}
inline bool spark::LogManager::isActive() const {
    return outputActive_;
}

inline void spark::LogManager::setActive(bool outputActive) {
    outputActive_ = outputActive;
   b4ffa:	2301      	movs	r3, #1
   b4ffc:	7323      	strb	r3, [r4, #12]
    return data_ + size_;
   b4ffe:	e9d4 5300 	ldrd	r5, r3, [r4]
            handler->message(msg, (LogLevel)level, category, *attr);
   b5002:	fa5f f989 	uxtb.w	r9, r9
   b5006:	eb05 0a83 	add.w	sl, r5, r3, lsl #2
        for (LogHandler *handler: that->activeHandlers_) {
   b500a:	45aa      	cmp	sl, r5
   b500c:	d012      	beq.n	b5034 <_ZN5spark10LogManager10logMessageEPKciS2_PK13LogAttributesPv+0x74>
   b500e:	f855 7b04 	ldr.w	r7, [r5], #4
    if (level >= filter_.level(category)) {
   b5012:	4631      	mov	r1, r6
   b5014:	1d38      	adds	r0, r7, #4
   b5016:	f7ff fdf3 	bl	b4c00 <_ZNK5spark6detail9LogFilter5levelEPKc>
   b501a:	4581      	cmp	r9, r0
   b501c:	d3f5      	bcc.n	b500a <_ZN5spark10LogManager10logMessageEPKciS2_PK13LogAttributesPv+0x4a>
        logMessage(msg, level, category, attr);
   b501e:	683b      	ldr	r3, [r7, #0]
   b5020:	9a03      	ldr	r2, [sp, #12]
   b5022:	9200      	str	r2, [sp, #0]
   b5024:	f8d3 b008 	ldr.w	fp, [r3, #8]
   b5028:	464a      	mov	r2, r9
   b502a:	4633      	mov	r3, r6
   b502c:	4641      	mov	r1, r8
   b502e:	4638      	mov	r0, r7
   b5030:	47d8      	blx	fp
   b5032:	e7ea      	b.n	b500a <_ZN5spark10LogManager10logMessageEPKciS2_PK13LogAttributesPv+0x4a>
    outputActive_ = outputActive;
   b5034:	2300      	movs	r3, #0
   b5036:	7323      	strb	r3, [r4, #12]
   b5038:	e7d9      	b.n	b4fee <_ZN5spark10LogManager10logMessageEPKciS2_PK13LogAttributesPv+0x2e>
   b503a:	bf00      	nop
   b503c:	e000ed00 	.word	0xe000ed00

000b5040 <_ZN5spark10LogManager8logWriteEPKcjiS2_Pv>:
void spark::LogManager::logWrite(const char *data, size_t size, int level, const char *category, void *reserved) {
   b5040:	e92d 4ff7 	stmdb	sp!, {r0, r1, r2, r4, r5, r6, r7, r8, r9, sl, fp, lr}
   b5044:	469b      	mov	fp, r3
   b5046:	4b1a      	ldr	r3, [pc, #104]	; (b50b0 <_ZN5spark10LogManager8logWriteEPKcjiS2_Pv+0x70>)
   b5048:	685b      	ldr	r3, [r3, #4]
   b504a:	f3c3 0308 	ubfx	r3, r3, #0, #9
   b504e:	4680      	mov	r8, r0
   b5050:	4689      	mov	r9, r1
   b5052:	4616      	mov	r6, r2
    if (hal_interrupt_is_isr()) {
   b5054:	b96b      	cbnz	r3, b5072 <_ZN5spark10LogManager8logWriteEPKcjiS2_Pv+0x32>
    LogManager *that = instance();
   b5056:	f7ff fe7f 	bl	b4d58 <_ZN5spark10LogManager8instanceEv>
   b505a:	4604      	mov	r4, r0
    LOG_WITH_LOCK(that->mutex_) {
   b505c:	f100 0324 	add.w	r3, r0, #36	; 0x24
   b5060:	6a40      	ldr	r0, [r0, #36]	; 0x24
      explicit lock_guard(mutex_type& __m) : _M_device(__m)
   b5062:	9301      	str	r3, [sp, #4]
      { _M_device.lock(); }
   b5064:	f7ff fd45 	bl	b4af2 <_ZN14RecursiveMutex4lockEv.isra.0>
        if (that->isActive()) {
   b5068:	7b23      	ldrb	r3, [r4, #12]
   b506a:	b12b      	cbz	r3, b5078 <_ZN5spark10LogManager8logWriteEPKcjiS2_Pv+0x38>
    LOG_WITH_LOCK(that->mutex_) {
   b506c:	a801      	add	r0, sp, #4
   b506e:	f7ff ff9f 	bl	b4fb0 <_ZNSt10lock_guardI14RecursiveMutexED1Ev>
}
   b5072:	b003      	add	sp, #12
   b5074:	e8bd 8ff0 	ldmia.w	sp!, {r4, r5, r6, r7, r8, r9, sl, fp, pc}
    outputActive_ = outputActive;
   b5078:	2301      	movs	r3, #1
   b507a:	7323      	strb	r3, [r4, #12]
   b507c:	e9d4 5300 	ldrd	r5, r3, [r4]
    if (level >= filter_.level(category)) {
   b5080:	b2f6      	uxtb	r6, r6
   b5082:	eb05 0a83 	add.w	sl, r5, r3, lsl #2
        for (LogHandler *handler: that->activeHandlers_) {
   b5086:	4555      	cmp	r5, sl
   b5088:	d00e      	beq.n	b50a8 <_ZN5spark10LogManager8logWriteEPKcjiS2_Pv+0x68>
   b508a:	f855 7b04 	ldr.w	r7, [r5], #4
   b508e:	4659      	mov	r1, fp
   b5090:	1d38      	adds	r0, r7, #4
   b5092:	f7ff fdb5 	bl	b4c00 <_ZNK5spark6detail9LogFilter5levelEPKc>
   b5096:	4286      	cmp	r6, r0
   b5098:	d3f5      	bcc.n	b5086 <_ZN5spark10LogManager8logWriteEPKcjiS2_Pv+0x46>
        write(data, size);
   b509a:	683b      	ldr	r3, [r7, #0]
   b509c:	464a      	mov	r2, r9
   b509e:	68db      	ldr	r3, [r3, #12]
   b50a0:	4641      	mov	r1, r8
   b50a2:	4638      	mov	r0, r7
   b50a4:	4798      	blx	r3
   b50a6:	e7ee      	b.n	b5086 <_ZN5spark10LogManager8logWriteEPKcjiS2_Pv+0x46>
    outputActive_ = outputActive;
   b50a8:	2300      	movs	r3, #0
   b50aa:	7323      	strb	r3, [r4, #12]
   b50ac:	e7de      	b.n	b506c <_ZN5spark10LogManager8logWriteEPKcjiS2_Pv+0x2c>
   b50ae:	bf00      	nop
   b50b0:	e000ed00 	.word	0xe000ed00

000b50b4 <_ZN5spark10LogManager10logEnabledEiPKcPv>:
int spark::LogManager::logEnabled(int level, const char *category, void *reserved) {
   b50b4:	e92d 41f3 	stmdb	sp!, {r0, r1, r4, r5, r6, r7, r8, lr}
   b50b8:	4b16      	ldr	r3, [pc, #88]	; (b5114 <_ZN5spark10LogManager10logEnabledEiPKcPv+0x60>)
   b50ba:	685b      	ldr	r3, [r3, #4]
   b50bc:	f3c3 0308 	ubfx	r3, r3, #0, #9
   b50c0:	4605      	mov	r5, r0
   b50c2:	460f      	mov	r7, r1
    if (hal_interrupt_is_isr()) {
   b50c4:	bb1b      	cbnz	r3, b510e <_ZN5spark10LogManager10logEnabledEiPKcPv+0x5a>
    LogManager *that = instance();
   b50c6:	f7ff fe47 	bl	b4d58 <_ZN5spark10LogManager8instanceEv>
    LOG_WITH_LOCK(that->mutex_) {
   b50ca:	f100 0324 	add.w	r3, r0, #36	; 0x24
    LogManager *that = instance();
   b50ce:	4604      	mov	r4, r0
   b50d0:	6a40      	ldr	r0, [r0, #36]	; 0x24
      explicit lock_guard(mutex_type& __m) : _M_device(__m)
   b50d2:	9301      	str	r3, [sp, #4]
      { _M_device.lock(); }
   b50d4:	f7ff fd0d 	bl	b4af2 <_ZN14RecursiveMutex4lockEv.isra.0>
   b50d8:	e9d4 6300 	ldrd	r6, r3, [r4]
    int minLevel = LOG_LEVEL_NONE;
   b50dc:	2446      	movs	r4, #70	; 0x46
   b50de:	eb06 0883 	add.w	r8, r6, r3, lsl #2
        for (LogHandler *handler: that->activeHandlers_) {
   b50e2:	45b0      	cmp	r8, r6
   b50e4:	d109      	bne.n	b50fa <_ZN5spark10LogManager10logEnabledEiPKcPv+0x46>
    LOG_WITH_LOCK(that->mutex_) {
   b50e6:	a801      	add	r0, sp, #4
   b50e8:	f7ff ff62 	bl	b4fb0 <_ZNSt10lock_guardI14RecursiveMutexED1Ev>
    return (level >= minLevel);
   b50ec:	42a5      	cmp	r5, r4
   b50ee:	bfb4      	ite	lt
   b50f0:	2000      	movlt	r0, #0
   b50f2:	2001      	movge	r0, #1
}
   b50f4:	b002      	add	sp, #8
   b50f6:	e8bd 81f0 	ldmia.w	sp!, {r4, r5, r6, r7, r8, pc}
    return filter_.level(category);
   b50fa:	f856 0b04 	ldr.w	r0, [r6], #4
   b50fe:	4639      	mov	r1, r7
   b5100:	3004      	adds	r0, #4
   b5102:	f7ff fd7d 	bl	b4c00 <_ZNK5spark6detail9LogFilter5levelEPKc>
            if (level < minLevel) {
   b5106:	4284      	cmp	r4, r0
   b5108:	bfa8      	it	ge
   b510a:	4604      	movge	r4, r0
        for (LogHandler *handler: that->activeHandlers_) {
   b510c:	e7e9      	b.n	b50e2 <_ZN5spark10LogManager10logEnabledEiPKcPv+0x2e>
        return 0;
   b510e:	2000      	movs	r0, #0
   b5110:	e7f0      	b.n	b50f4 <_ZN5spark10LogManager10logEnabledEiPKcPv+0x40>
   b5112:	bf00      	nop
   b5114:	e000ed00 	.word	0xe000ed00

000b5118 <_ZN5spark6VectorIPNS_10LogHandlerENS_16DefaultAllocatorEE6appendES2_>:
inline bool spark::Vector<T, AllocatorT>::append(T value) {
   b5118:	b5f8      	push	{r3, r4, r5, r6, r7, lr}
    if (size_ + 1 > capacity_ && !realloc(size_ + 1)) {
   b511a:	e9d0 5301 	ldrd	r5, r3, [r0, #4]
   b511e:	429d      	cmp	r5, r3
inline bool spark::Vector<T, AllocatorT>::append(T value) {
   b5120:	4604      	mov	r4, r0
   b5122:	460e      	mov	r6, r1
    if (size_ + 1 > capacity_ && !realloc(size_ + 1)) {
   b5124:	db0d      	blt.n	b5142 <_ZN5spark6VectorIPNS_10LogHandlerENS_16DefaultAllocatorEE6appendES2_+0x2a>
   b5126:	1c6f      	adds	r7, r5, #1
        if (n > 0) {
   b5128:	2f00      	cmp	r7, #0
            d = (T*)AllocatorT::realloc(data_, n * sizeof(T));
   b512a:	6800      	ldr	r0, [r0, #0]
        if (n > 0) {
   b512c:	dd04      	ble.n	b5138 <_ZN5spark6VectorIPNS_10LogHandlerENS_16DefaultAllocatorEE6appendES2_+0x20>
    return ::realloc(ptr, size);
   b512e:	00b9      	lsls	r1, r7, #2
   b5130:	f7ff fadc 	bl	b46ec <realloc>
            if (!d) {
   b5134:	b918      	cbnz	r0, b513e <_ZN5spark6VectorIPNS_10LogHandlerENS_16DefaultAllocatorEE6appendES2_+0x26>
}
   b5136:	bdf8      	pop	{r3, r4, r5, r6, r7, pc}
    ::free(ptr);
   b5138:	f7ff fad0 	bl	b46dc <free>
        T* d = nullptr;
   b513c:	2000      	movs	r0, #0
        data_ = d;
   b513e:	6020      	str	r0, [r4, #0]
        capacity_ = n;
   b5140:	60a7      	str	r7, [r4, #8]
    T* const p = data_ + i;
   b5142:	6827      	ldr	r7, [r4, #0]
    move(p + 1, p, data_ + size_);
   b5144:	6862      	ldr	r2, [r4, #4]
    T* const p = data_ + i;
   b5146:	eb07 0185 	add.w	r1, r7, r5, lsl #2
    move(p + 1, p, data_ + size_);
   b514a:	0092      	lsls	r2, r2, #2
        ::memmove(dest, p, (end - p) * sizeof(T));
   b514c:	eba2 0285 	sub.w	r2, r2, r5, lsl #2
   b5150:	1d08      	adds	r0, r1, #4
   b5152:	f001 fa61 	bl	b6618 <memmove>
    new(p) T(std::move(value));
   b5156:	f847 6025 	str.w	r6, [r7, r5, lsl #2]
    ++size_;
   b515a:	6863      	ldr	r3, [r4, #4]
   b515c:	3301      	adds	r3, #1
   b515e:	6063      	str	r3, [r4, #4]
    return true;
   b5160:	2001      	movs	r0, #1
   b5162:	e7e8      	b.n	b5136 <_ZN5spark6VectorIPNS_10LogHandlerENS_16DefaultAllocatorEE6appendES2_+0x1e>

000b5164 <_ZN5spark10LogManager10addHandlerEPNS_10LogHandlerE>:
bool spark::LogManager::addHandler(LogHandler *handler) {
   b5164:	b537      	push	{r0, r1, r2, r4, r5, lr}
    LOG_WITH_LOCK(mutex_) {
   b5166:	f100 0324 	add.w	r3, r0, #36	; 0x24
bool spark::LogManager::addHandler(LogHandler *handler) {
   b516a:	4604      	mov	r4, r0
   b516c:	6a40      	ldr	r0, [r0, #36]	; 0x24
      explicit lock_guard(mutex_type& __m) : _M_device(__m)
   b516e:	9301      	str	r3, [sp, #4]
   b5170:	460d      	mov	r5, r1
      { _M_device.lock(); }
   b5172:	f7ff fcbe 	bl	b4af2 <_ZN14RecursiveMutex4lockEv.isra.0>
    return find(data_, data_ + size_, value);
   b5176:	e9d4 3200 	ldrd	r3, r2, [r4]
   b517a:	eb03 0282 	add.w	r2, r3, r2, lsl #2
        for (; p != end; ++p) {
   b517e:	4293      	cmp	r3, r2
   b5180:	4619      	mov	r1, r3
   b5182:	d00b      	beq.n	b519c <_ZN5spark10LogManager10addHandlerEPNS_10LogHandlerE+0x38>
            if (*p == value) {
   b5184:	6809      	ldr	r1, [r1, #0]
   b5186:	42a9      	cmp	r1, r5
   b5188:	f103 0304 	add.w	r3, r3, #4
   b518c:	d1f7      	bne.n	b517e <_ZN5spark10LogManager10addHandlerEPNS_10LogHandlerE+0x1a>
            return false;
   b518e:	a801      	add	r0, sp, #4
   b5190:	f7ff ff0e 	bl	b4fb0 <_ZNSt10lock_guardI14RecursiveMutexED1Ev>
   b5194:	2500      	movs	r5, #0
}
   b5196:	4628      	mov	r0, r5
   b5198:	b003      	add	sp, #12
   b519a:	bd30      	pop	{r4, r5, pc}
        if (activeHandlers_.contains(handler) || !activeHandlers_.append(handler)) {
   b519c:	4629      	mov	r1, r5
   b519e:	4620      	mov	r0, r4
   b51a0:	f7ff ffba 	bl	b5118 <_ZN5spark6VectorIPNS_10LogHandlerENS_16DefaultAllocatorEE6appendES2_>
   b51a4:	4605      	mov	r5, r0
   b51a6:	2800      	cmp	r0, #0
   b51a8:	d0f1      	beq.n	b518e <_ZN5spark10LogManager10addHandlerEPNS_10LogHandlerE+0x2a>
        if (activeHandlers_.size() == 1) {
   b51aa:	6863      	ldr	r3, [r4, #4]
   b51ac:	2b01      	cmp	r3, #1
   b51ae:	d101      	bne.n	b51b4 <_ZN5spark10LogManager10addHandlerEPNS_10LogHandlerE+0x50>
            setSystemCallbacks();
   b51b0:	f7ff fdee 	bl	b4d90 <_ZN5spark10LogManager18setSystemCallbacksEv>
    LOG_WITH_LOCK(mutex_) {
   b51b4:	a801      	add	r0, sp, #4
   b51b6:	f7ff fefb 	bl	b4fb0 <_ZNSt10lock_guardI14RecursiveMutexED1Ev>
   b51ba:	e7ec      	b.n	b5196 <_ZN5spark10LogManager10addHandlerEPNS_10LogHandlerE+0x32>

000b51bc <_ZN5spark6VectorIPNS_10LogHandlerENS_16DefaultAllocatorEE9removeOneERKS2_>:
inline bool spark::Vector<T, AllocatorT>::removeOne(const T &value) {
   b51bc:	b570      	push	{r4, r5, r6, lr}
   b51be:	4604      	mov	r4, r0
    T* const p = find(data_, data_ + size_, value);
   b51c0:	e9d0 0200 	ldrd	r0, r2, [r0]
inline bool spark::Vector<T, AllocatorT>::removeOne(const T &value) {
   b51c4:	460b      	mov	r3, r1
    T* const p = find(data_, data_ + size_, value);
   b51c6:	eb00 0282 	add.w	r2, r0, r2, lsl #2
        for (; p != end; ++p) {
   b51ca:	4282      	cmp	r2, r0
   b51cc:	d00f      	beq.n	b51ee <_ZN5spark6VectorIPNS_10LogHandlerENS_16DefaultAllocatorEE9removeOneERKS2_+0x32>
    move(p, p + 1, data_ + size_);
   b51ce:	4601      	mov	r1, r0
            if (*p == value) {
   b51d0:	681d      	ldr	r5, [r3, #0]
   b51d2:	f851 6b04 	ldr.w	r6, [r1], #4
   b51d6:	42ae      	cmp	r6, r5
   b51d8:	d107      	bne.n	b51ea <_ZN5spark6VectorIPNS_10LogHandlerENS_16DefaultAllocatorEE9removeOneERKS2_+0x2e>
        ::memmove(dest, p, (end - p) * sizeof(T));
   b51da:	1a52      	subs	r2, r2, r1
   b51dc:	f001 fa1c 	bl	b6618 <memmove>
    --size_;
   b51e0:	6863      	ldr	r3, [r4, #4]
   b51e2:	3b01      	subs	r3, #1
   b51e4:	6063      	str	r3, [r4, #4]
    return true;
   b51e6:	2001      	movs	r0, #1
}
   b51e8:	bd70      	pop	{r4, r5, r6, pc}
    move(p, p + 1, data_ + size_);
   b51ea:	4608      	mov	r0, r1
   b51ec:	e7ed      	b.n	b51ca <_ZN5spark6VectorIPNS_10LogHandlerENS_16DefaultAllocatorEE9removeOneERKS2_+0xe>
        return false;
   b51ee:	2000      	movs	r0, #0
   b51f0:	e7fa      	b.n	b51e8 <_ZN5spark6VectorIPNS_10LogHandlerENS_16DefaultAllocatorEE9removeOneERKS2_+0x2c>

000b51f2 <_ZN5spark10LogManager13removeHandlerEPNS_10LogHandlerE>:
void spark::LogManager::removeHandler(LogHandler *handler) {
   b51f2:	b51f      	push	{r0, r1, r2, r3, r4, lr}
    LOG_WITH_LOCK(mutex_) {
   b51f4:	f100 0324 	add.w	r3, r0, #36	; 0x24
void spark::LogManager::removeHandler(LogHandler *handler) {
   b51f8:	4604      	mov	r4, r0
   b51fa:	6a40      	ldr	r0, [r0, #36]	; 0x24
   b51fc:	9101      	str	r1, [sp, #4]
      explicit lock_guard(mutex_type& __m) : _M_device(__m)
   b51fe:	9303      	str	r3, [sp, #12]
      { _M_device.lock(); }
   b5200:	f7ff fc77 	bl	b4af2 <_ZN14RecursiveMutex4lockEv.isra.0>
        if (activeHandlers_.removeOne(handler) && activeHandlers_.isEmpty()) {
   b5204:	a901      	add	r1, sp, #4
   b5206:	4620      	mov	r0, r4
   b5208:	f7ff ffd8 	bl	b51bc <_ZN5spark6VectorIPNS_10LogHandlerENS_16DefaultAllocatorEE9removeOneERKS2_>
   b520c:	b118      	cbz	r0, b5216 <_ZN5spark10LogManager13removeHandlerEPNS_10LogHandlerE+0x24>
   b520e:	6863      	ldr	r3, [r4, #4]
   b5210:	b90b      	cbnz	r3, b5216 <_ZN5spark10LogManager13removeHandlerEPNS_10LogHandlerE+0x24>
            resetSystemCallbacks();
   b5212:	f7ff fdc9 	bl	b4da8 <_ZN5spark10LogManager20resetSystemCallbacksEv>
    LOG_WITH_LOCK(mutex_) {
   b5216:	a803      	add	r0, sp, #12
   b5218:	f7ff feca 	bl	b4fb0 <_ZNSt10lock_guardI14RecursiveMutexED1Ev>
}
   b521c:	b004      	add	sp, #16
   b521e:	bd10      	pop	{r4, pc}

000b5220 <_ZN5spark10LogManager22destroyFactoryHandlersEv>:
void spark::LogManager::destroyFactoryHandlers() {
   b5220:	b570      	push	{r4, r5, r6, lr}
    return data_ + size_;
   b5222:	e9d0 5604 	ldrd	r5, r6, [r0, #16]
   b5226:	2318      	movs	r3, #24
   b5228:	4604      	mov	r4, r0
   b522a:	fb03 5606 	mla	r6, r3, r6, r5
    for (const FactoryHandler &h: factoryHandlers_) {
   b522e:	42ae      	cmp	r6, r5
   b5230:	d015      	beq.n	b525e <_ZN5spark10LogManager22destroyFactoryHandlersEv+0x3e>
        activeHandlers_.removeOne(h.handler);
   b5232:	f105 0110 	add.w	r1, r5, #16
   b5236:	4620      	mov	r0, r4
   b5238:	f7ff ffc0 	bl	b51bc <_ZN5spark6VectorIPNS_10LogHandlerENS_16DefaultAllocatorEE9removeOneERKS2_>
        if (activeHandlers_.isEmpty()) {
   b523c:	6863      	ldr	r3, [r4, #4]
   b523e:	b90b      	cbnz	r3, b5244 <_ZN5spark10LogManager22destroyFactoryHandlersEv+0x24>
            resetSystemCallbacks();
   b5240:	f7ff fdb2 	bl	b4da8 <_ZN5spark10LogManager20resetSystemCallbacksEv>
        handlerFactory_->destroyHandler(h.handler);
   b5244:	69e0      	ldr	r0, [r4, #28]
   b5246:	6929      	ldr	r1, [r5, #16]
   b5248:	6803      	ldr	r3, [r0, #0]
   b524a:	68db      	ldr	r3, [r3, #12]
   b524c:	4798      	blx	r3
        if (h.stream) {
   b524e:	6969      	ldr	r1, [r5, #20]
   b5250:	b119      	cbz	r1, b525a <_ZN5spark10LogManager22destroyFactoryHandlersEv+0x3a>
            streamFactory_->destroyStream(h.stream);
   b5252:	6a20      	ldr	r0, [r4, #32]
   b5254:	6803      	ldr	r3, [r0, #0]
   b5256:	68db      	ldr	r3, [r3, #12]
   b5258:	4798      	blx	r3
    for (const FactoryHandler &h: factoryHandlers_) {
   b525a:	3518      	adds	r5, #24
   b525c:	e7e7      	b.n	b522e <_ZN5spark10LogManager22destroyFactoryHandlersEv+0xe>
    destruct(data_, data_ + size_);
   b525e:	e9d4 5304 	ldrd	r5, r3, [r4, #16]
   b5262:	2618      	movs	r6, #24
   b5264:	fb06 5603 	mla	r6, r6, r3, r5
        for (; p != end; ++p) {
   b5268:	42ae      	cmp	r6, r5
   b526a:	d004      	beq.n	b5276 <_ZN5spark10LogManager22destroyFactoryHandlersEv+0x56>
struct spark::LogManager::FactoryHandler {
   b526c:	4628      	mov	r0, r5
   b526e:	f7ff fad5 	bl	b481c <_ZN6StringD1Ev>
   b5272:	3518      	adds	r5, #24
   b5274:	e7f8      	b.n	b5268 <_ZN5spark10LogManager22destroyFactoryHandlersEv+0x48>
    size_ = 0;
   b5276:	2300      	movs	r3, #0
   b5278:	6163      	str	r3, [r4, #20]
}
   b527a:	bd70      	pop	{r4, r5, r6, pc}

000b527c <_ZN5spark10LogManagerD1Ev>:
spark::LogManager::~LogManager() {
   b527c:	b573      	push	{r0, r1, r4, r5, r6, lr}
   b527e:	4604      	mov	r4, r0
    resetSystemCallbacks();
   b5280:	f7ff fd92 	bl	b4da8 <_ZN5spark10LogManager20resetSystemCallbacksEv>
    LOG_WITH_LOCK(mutex_) {
   b5284:	f104 0324 	add.w	r3, r4, #36	; 0x24
   b5288:	6a60      	ldr	r0, [r4, #36]	; 0x24
      explicit lock_guard(mutex_type& __m) : _M_device(__m)
   b528a:	9301      	str	r3, [sp, #4]
      { _M_device.lock(); }
   b528c:	f7ff fc31 	bl	b4af2 <_ZN14RecursiveMutex4lockEv.isra.0>
         destroyFactoryHandlers();
   b5290:	4620      	mov	r0, r4
   b5292:	f7ff ffc5 	bl	b5220 <_ZN5spark10LogManager22destroyFactoryHandlersEv>
    LOG_WITH_LOCK(mutex_) {
   b5296:	a801      	add	r0, sp, #4
   b5298:	f7ff fe8a 	bl	b4fb0 <_ZNSt10lock_guardI14RecursiveMutexED1Ev>
        if (handle_) {
   b529c:	6a60      	ldr	r0, [r4, #36]	; 0x24
   b529e:	b108      	cbz	r0, b52a4 <_ZN5spark10LogManagerD1Ev+0x28>
            os_mutex_recursive_destroy(handle_);
   b52a0:	f7ff f870 	bl	b4384 <os_mutex_recursive_destroy>
    destruct(data_, data_ + size_);
   b52a4:	e9d4 5304 	ldrd	r5, r3, [r4, #16]
   b52a8:	2618      	movs	r6, #24
   b52aa:	fb06 5603 	mla	r6, r6, r3, r5
        for (; p != end; ++p) {
   b52ae:	42ae      	cmp	r6, r5
   b52b0:	d004      	beq.n	b52bc <_ZN5spark10LogManagerD1Ev+0x40>
struct spark::LogManager::FactoryHandler {
   b52b2:	4628      	mov	r0, r5
   b52b4:	f7ff fab2 	bl	b481c <_ZN6StringD1Ev>
   b52b8:	3518      	adds	r5, #24
   b52ba:	e7f8      	b.n	b52ae <_ZN5spark10LogManagerD1Ev+0x32>
    ::free(ptr);
   b52bc:	6920      	ldr	r0, [r4, #16]
   b52be:	f7ff fa0d 	bl	b46dc <free>
   b52c2:	6820      	ldr	r0, [r4, #0]
   b52c4:	f7ff fa0a 	bl	b46dc <free>
}
   b52c8:	4620      	mov	r0, r4
   b52ca:	b002      	add	sp, #8
   b52cc:	bd70      	pop	{r4, r5, r6, pc}
	...

000b52d0 <__tcf_2>:
    static LogManager mgr;
   b52d0:	4801      	ldr	r0, [pc, #4]	; (b52d8 <__tcf_2+0x8>)
   b52d2:	f7ff bfd3 	b.w	b527c <_ZN5spark10LogManagerD1Ev>
   b52d6:	bf00      	nop
   b52d8:	2003e6b4 	.word	0x2003e6b4

000b52dc <_ZN5spark6VectorINS_6detail9LogFilter4NodeENS_16DefaultAllocatorEE4moveIS3_Li0EEEvPS3_S7_S7_>:
        if (dest > p && dest < end) {
   b52dc:	4288      	cmp	r0, r1
    static void move(T* dest, T* p, T* end) {
   b52de:	b5f8      	push	{r3, r4, r5, r6, r7, lr}
   b52e0:	4604      	mov	r4, r0
   b52e2:	460d      	mov	r5, r1
   b52e4:	4616      	mov	r6, r2
        if (dest > p && dest < end) {
   b52e6:	d915      	bls.n	b5314 <_ZN5spark6VectorINS_6detail9LogFilter4NodeENS_16DefaultAllocatorEE4moveIS3_Li0EEEvPS3_S7_S7_+0x38>
   b52e8:	4290      	cmp	r0, r2
   b52ea:	d214      	bcs.n	b5316 <_ZN5spark6VectorINS_6detail9LogFilter4NodeENS_16DefaultAllocatorEE4moveIS3_Li0EEEvPS3_S7_S7_+0x3a>
            --end;
   b52ec:	f1a2 0614 	sub.w	r6, r2, #20
            dest += end - p - 1;
   b52f0:	1a75      	subs	r5, r6, r1
   b52f2:	f1a1 0714 	sub.w	r7, r1, #20
   b52f6:	442c      	add	r4, r5
            for (; end != p; --end, --dest) {
   b52f8:	42b7      	cmp	r7, r6
   b52fa:	d01a      	beq.n	b5332 <_ZN5spark6VectorINS_6detail9LogFilter4NodeENS_16DefaultAllocatorEE4moveIS3_Li0EEEvPS3_S7_S7_+0x56>
                new(dest) T(std::move(*end));
   b52fc:	b11c      	cbz	r4, b5306 <_ZN5spark6VectorINS_6detail9LogFilter4NodeENS_16DefaultAllocatorEE4moveIS3_Li0EEEvPS3_S7_S7_+0x2a>
   b52fe:	4631      	mov	r1, r6
   b5300:	4620      	mov	r0, r4
   b5302:	f7ff fe33 	bl	b4f6c <_ZN5spark6detail9LogFilter4NodeC1EOS2_>
struct spark::detail::LogFilter::Node {
   b5306:	f106 0008 	add.w	r0, r6, #8
   b530a:	f7ff fde7 	bl	b4edc <_ZN5spark6VectorINS_6detail9LogFilter4NodeENS_16DefaultAllocatorEED1Ev>
            for (; end != p; --end, --dest) {
   b530e:	3e14      	subs	r6, #20
   b5310:	3c14      	subs	r4, #20
   b5312:	e7f1      	b.n	b52f8 <_ZN5spark6VectorINS_6detail9LogFilter4NodeENS_16DefaultAllocatorEE4moveIS3_Li0EEEvPS3_S7_S7_+0x1c>
        } else if (dest != p) {
   b5314:	d00d      	beq.n	b5332 <_ZN5spark6VectorINS_6detail9LogFilter4NodeENS_16DefaultAllocatorEE4moveIS3_Li0EEEvPS3_S7_S7_+0x56>
            for (; p != end; ++p, ++dest) {
   b5316:	42b5      	cmp	r5, r6
   b5318:	d00b      	beq.n	b5332 <_ZN5spark6VectorINS_6detail9LogFilter4NodeENS_16DefaultAllocatorEE4moveIS3_Li0EEEvPS3_S7_S7_+0x56>
                new(dest) T(std::move(*p));
   b531a:	b11c      	cbz	r4, b5324 <_ZN5spark6VectorINS_6detail9LogFilter4NodeENS_16DefaultAllocatorEE4moveIS3_Li0EEEvPS3_S7_S7_+0x48>
   b531c:	4629      	mov	r1, r5
   b531e:	4620      	mov	r0, r4
   b5320:	f7ff fe24 	bl	b4f6c <_ZN5spark6detail9LogFilter4NodeC1EOS2_>
   b5324:	f105 0008 	add.w	r0, r5, #8
   b5328:	f7ff fdd8 	bl	b4edc <_ZN5spark6VectorINS_6detail9LogFilter4NodeENS_16DefaultAllocatorEED1Ev>
            for (; p != end; ++p, ++dest) {
   b532c:	3514      	adds	r5, #20
   b532e:	3414      	adds	r4, #20
   b5330:	e7f1      	b.n	b5316 <_ZN5spark6VectorINS_6detail9LogFilter4NodeENS_16DefaultAllocatorEE4moveIS3_Li0EEEvPS3_S7_S7_+0x3a>
    }
   b5332:	bdf8      	pop	{r3, r4, r5, r6, r7, pc}

000b5334 <_ZN5spark6VectorI6StringNS_16DefaultAllocatorEE4moveIS1_Li0EEEvPS1_S5_S5_>:
        if (dest > p && dest < end) {
   b5334:	4288      	cmp	r0, r1
    static void move(T* dest, T* p, T* end) {
   b5336:	b5f8      	push	{r3, r4, r5, r6, r7, lr}
   b5338:	4604      	mov	r4, r0
   b533a:	460d      	mov	r5, r1
   b533c:	4616      	mov	r6, r2
        if (dest > p && dest < end) {
   b533e:	d914      	bls.n	b536a <_ZN5spark6VectorI6StringNS_16DefaultAllocatorEE4moveIS1_Li0EEEvPS1_S5_S5_+0x36>
   b5340:	4290      	cmp	r0, r2
   b5342:	d213      	bcs.n	b536c <_ZN5spark6VectorI6StringNS_16DefaultAllocatorEE4moveIS1_Li0EEEvPS1_S5_S5_+0x38>
            --end;
   b5344:	f1a2 0610 	sub.w	r6, r2, #16
            dest += end - p - 1;
   b5348:	1a75      	subs	r5, r6, r1
   b534a:	f1a1 0710 	sub.w	r7, r1, #16
   b534e:	442c      	add	r4, r5
            for (; end != p; --end, --dest) {
   b5350:	42b7      	cmp	r7, r6
   b5352:	d018      	beq.n	b5386 <_ZN5spark6VectorI6StringNS_16DefaultAllocatorEE4moveIS1_Li0EEEvPS1_S5_S5_+0x52>
                new(dest) T(std::move(*end));
   b5354:	b11c      	cbz	r4, b535e <_ZN5spark6VectorI6StringNS_16DefaultAllocatorEE4moveIS1_Li0EEEvPS1_S5_S5_+0x2a>
   b5356:	4631      	mov	r1, r6
   b5358:	4620      	mov	r0, r4
   b535a:	f7ff fac8 	bl	b48ee <_ZN6StringC1EOS_>
                end->~T();
   b535e:	4630      	mov	r0, r6
   b5360:	f7ff fa5c 	bl	b481c <_ZN6StringD1Ev>
            for (; end != p; --end, --dest) {
   b5364:	3e10      	subs	r6, #16
   b5366:	3c10      	subs	r4, #16
   b5368:	e7f2      	b.n	b5350 <_ZN5spark6VectorI6StringNS_16DefaultAllocatorEE4moveIS1_Li0EEEvPS1_S5_S5_+0x1c>
        } else if (dest != p) {
   b536a:	d00c      	beq.n	b5386 <_ZN5spark6VectorI6StringNS_16DefaultAllocatorEE4moveIS1_Li0EEEvPS1_S5_S5_+0x52>
            for (; p != end; ++p, ++dest) {
   b536c:	42b5      	cmp	r5, r6
   b536e:	d00a      	beq.n	b5386 <_ZN5spark6VectorI6StringNS_16DefaultAllocatorEE4moveIS1_Li0EEEvPS1_S5_S5_+0x52>
                new(dest) T(std::move(*p));
   b5370:	b11c      	cbz	r4, b537a <_ZN5spark6VectorI6StringNS_16DefaultAllocatorEE4moveIS1_Li0EEEvPS1_S5_S5_+0x46>
   b5372:	4629      	mov	r1, r5
   b5374:	4620      	mov	r0, r4
   b5376:	f7ff faba 	bl	b48ee <_ZN6StringC1EOS_>
                p->~T();
   b537a:	4628      	mov	r0, r5
   b537c:	f7ff fa4e 	bl	b481c <_ZN6StringD1Ev>
            for (; p != end; ++p, ++dest) {
   b5380:	3510      	adds	r5, #16
   b5382:	3410      	adds	r4, #16
   b5384:	e7f2      	b.n	b536c <_ZN5spark6VectorI6StringNS_16DefaultAllocatorEE4moveIS1_Li0EEEvPS1_S5_S5_+0x38>
    }
   b5386:	bdf8      	pop	{r3, r4, r5, r6, r7, pc}

000b5388 <_ZN5spark6VectorI6StringNS_16DefaultAllocatorEE7reallocIS1_Li0EEEbi>:
    bool realloc(int n) {
   b5388:	b570      	push	{r4, r5, r6, lr}
        if (n > 0) {
   b538a:	1e0e      	subs	r6, r1, #0
    bool realloc(int n) {
   b538c:	4605      	mov	r5, r0
        if (n > 0) {
   b538e:	dd11      	ble.n	b53b4 <_ZN5spark6VectorI6StringNS_16DefaultAllocatorEE7reallocIS1_Li0EEEbi+0x2c>
    return ::malloc(size);
   b5390:	0130      	lsls	r0, r6, #4
   b5392:	f7ff f99b 	bl	b46cc <malloc>
            if (!d) {
   b5396:	4604      	mov	r4, r0
   b5398:	b158      	cbz	r0, b53b2 <_ZN5spark6VectorI6StringNS_16DefaultAllocatorEE7reallocIS1_Li0EEEbi+0x2a>
            move(d, data_, data_ + size_);
   b539a:	e9d5 1200 	ldrd	r1, r2, [r5]
   b539e:	eb01 1202 	add.w	r2, r1, r2, lsl #4
   b53a2:	f7ff ffc7 	bl	b5334 <_ZN5spark6VectorI6StringNS_16DefaultAllocatorEE4moveIS1_Li0EEEvPS1_S5_S5_>
    ::free(ptr);
   b53a6:	6828      	ldr	r0, [r5, #0]
   b53a8:	f7ff f998 	bl	b46dc <free>
        data_ = d;
   b53ac:	602c      	str	r4, [r5, #0]
        capacity_ = n;
   b53ae:	60ae      	str	r6, [r5, #8]
        return true;
   b53b0:	2001      	movs	r0, #1
    }
   b53b2:	bd70      	pop	{r4, r5, r6, pc}
        T* d = nullptr;
   b53b4:	2400      	movs	r4, #0
   b53b6:	e7f6      	b.n	b53a6 <_ZN5spark6VectorI6StringNS_16DefaultAllocatorEE7reallocIS1_Li0EEEbi+0x1e>

000b53b8 <_ZN5spark6detail9LogFilterC1E8LogLevelNS_6VectorINS_17LogCategoryFilterENS_16DefaultAllocatorEEE>:
spark::detail::LogFilter::LogFilter(LogLevel level, LogCategoryFilters filters) :
   b53b8:	e92d 4ff0 	stmdb	sp!, {r4, r5, r6, r7, r8, r9, sl, fp, lr}
   b53bc:	4690      	mov	r8, r2
   b53be:	b095      	sub	sp, #84	; 0x54
        capacity_(0) {
   b53c0:	2300      	movs	r3, #0
   b53c2:	9103      	str	r1, [sp, #12]
    return size_;
   b53c4:	f8d8 1004 	ldr.w	r1, [r8, #4]
        capacity_(0) {
   b53c8:	930a      	str	r3, [sp, #40]	; 0x28
        level_(LOG_LEVEL_NONE) { // Fallback level that will be used in case of construction errors
   b53ca:	2246      	movs	r2, #70	; 0x46
    if (n > capacity_ && !realloc(n)) {
   b53cc:	4299      	cmp	r1, r3
        capacity_(0) {
   b53ce:	e9c0 3300 	strd	r3, r3, [r0]
   b53d2:	e9c0 3302 	strd	r3, r3, [r0, #8]
   b53d6:	e9c0 3304 	strd	r3, r3, [r0, #16]
   b53da:	e9cd 3308 	strd	r3, r3, [sp, #32]
spark::detail::LogFilter::LogFilter(LogLevel level, LogCategoryFilters filters) :
   b53de:	4604      	mov	r4, r0
        level_(LOG_LEVEL_NONE) { // Fallback level that will be used in case of construction errors
   b53e0:	7602      	strb	r2, [r0, #24]
    if (n > capacity_ && !realloc(n)) {
   b53e2:	dc23      	bgt.n	b542c <_ZN5spark6detail9LogFilterC1E8LogLevelNS_6VectorINS_17LogCategoryFilterENS_16DefaultAllocatorEEE+0x74>
    return data_ + size_;
   b53e4:	e9d8 5700 	ldrd	r5, r7, [r8]
   b53e8:	2314      	movs	r3, #20
   b53ea:	fb03 5707 	mla	r7, r3, r7, r5
    for (LogCategoryFilter &filter: filters) {
   b53ee:	42af      	cmp	r7, r5
   b53f0:	d03b      	beq.n	b546a <_ZN5spark6detail9LogFilterC1E8LogLevelNS_6VectorINS_17LogCategoryFilterENS_16DefaultAllocatorEEE+0xb2>
        cats.append(std::move(filter.cat_));
   b53f2:	4629      	mov	r1, r5
   b53f4:	a80b      	add	r0, sp, #44	; 0x2c
   b53f6:	f7ff fa7a 	bl	b48ee <_ZN6StringC1EOS_>
    return insert(size_, std::move(value));
   b53fa:	a90b      	add	r1, sp, #44	; 0x2c
   b53fc:	a80f      	add	r0, sp, #60	; 0x3c
   b53fe:	9e09      	ldr	r6, [sp, #36]	; 0x24
   b5400:	f7ff fa75 	bl	b48ee <_ZN6StringC1EOS_>
    if (size_ + 1 > capacity_ && !realloc(size_ + 1)) {
   b5404:	e9dd 1309 	ldrd	r1, r3, [sp, #36]	; 0x24
   b5408:	4299      	cmp	r1, r3
   b540a:	da1b      	bge.n	b5444 <_ZN5spark6detail9LogFilterC1E8LogLevelNS_6VectorINS_17LogCategoryFilterENS_16DefaultAllocatorEEE+0x8c>
    T* const p = data_ + i;
   b540c:	9b08      	ldr	r3, [sp, #32]
    move(p + 1, p, data_ + size_);
   b540e:	9a09      	ldr	r2, [sp, #36]	; 0x24
    T* const p = data_ + i;
   b5410:	eb03 1606 	add.w	r6, r3, r6, lsl #4
    move(p + 1, p, data_ + size_);
   b5414:	eb03 1202 	add.w	r2, r3, r2, lsl #4
   b5418:	4631      	mov	r1, r6
   b541a:	f106 0010 	add.w	r0, r6, #16
   b541e:	f7ff ff89 	bl	b5334 <_ZN5spark6VectorI6StringNS_16DefaultAllocatorEE4moveIS1_Li0EEEvPS1_S5_S5_>
    new(p) T(std::move(value));
   b5422:	b9ee      	cbnz	r6, b5460 <_ZN5spark6detail9LogFilterC1E8LogLevelNS_6VectorINS_17LogCategoryFilterENS_16DefaultAllocatorEEE+0xa8>
    ++size_;
   b5424:	9b09      	ldr	r3, [sp, #36]	; 0x24
   b5426:	3301      	adds	r3, #1
   b5428:	9309      	str	r3, [sp, #36]	; 0x24
    return true;
   b542a:	e011      	b.n	b5450 <_ZN5spark6detail9LogFilterC1E8LogLevelNS_6VectorINS_17LogCategoryFilterENS_16DefaultAllocatorEEE+0x98>
    if (n > capacity_ && !realloc(n)) {
   b542c:	a808      	add	r0, sp, #32
   b542e:	f7ff ffab 	bl	b5388 <_ZN5spark6VectorI6StringNS_16DefaultAllocatorEE7reallocIS1_Li0EEEbi>
   b5432:	2800      	cmp	r0, #0
   b5434:	d1d6      	bne.n	b53e4 <_ZN5spark6detail9LogFilterC1E8LogLevelNS_6VectorINS_17LogCategoryFilterENS_16DefaultAllocatorEEE+0x2c>
        return;
   b5436:	a808      	add	r0, sp, #32
   b5438:	f7ff fa92 	bl	b4960 <_ZN5spark6VectorI6StringNS_16DefaultAllocatorEED1Ev>
}
   b543c:	4620      	mov	r0, r4
   b543e:	b015      	add	sp, #84	; 0x54
   b5440:	e8bd 8ff0 	ldmia.w	sp!, {r4, r5, r6, r7, r8, r9, sl, fp, pc}
    if (size_ + 1 > capacity_ && !realloc(size_ + 1)) {
   b5444:	3101      	adds	r1, #1
   b5446:	a808      	add	r0, sp, #32
   b5448:	f7ff ff9e 	bl	b5388 <_ZN5spark6VectorI6StringNS_16DefaultAllocatorEE7reallocIS1_Li0EEEbi>
   b544c:	2800      	cmp	r0, #0
   b544e:	d1dd      	bne.n	b540c <_ZN5spark6detail9LogFilterC1E8LogLevelNS_6VectorINS_17LogCategoryFilterENS_16DefaultAllocatorEEE+0x54>
    return insert(size_, std::move(value));
   b5450:	a80f      	add	r0, sp, #60	; 0x3c
   b5452:	f7ff f9e3 	bl	b481c <_ZN6StringD1Ev>
        cats.append(std::move(filter.cat_));
   b5456:	a80b      	add	r0, sp, #44	; 0x2c
   b5458:	f7ff f9e0 	bl	b481c <_ZN6StringD1Ev>
    for (LogCategoryFilter &filter: filters) {
   b545c:	3514      	adds	r5, #20
   b545e:	e7c6      	b.n	b53ee <_ZN5spark6detail9LogFilterC1E8LogLevelNS_6VectorINS_17LogCategoryFilterENS_16DefaultAllocatorEEE+0x36>
    new(p) T(std::move(value));
   b5460:	a90f      	add	r1, sp, #60	; 0x3c
   b5462:	4630      	mov	r0, r6
   b5464:	f7ff fa43 	bl	b48ee <_ZN6StringC1EOS_>
   b5468:	e7dc      	b.n	b5424 <_ZN5spark6detail9LogFilterC1E8LogLevelNS_6VectorINS_17LogCategoryFilterENS_16DefaultAllocatorEEE+0x6c>
        capacity_(0) {
   b546a:	2600      	movs	r6, #0
   b546c:	e9cd 660b 	strd	r6, r6, [sp, #44]	; 0x2c
   b5470:	960d      	str	r6, [sp, #52]	; 0x34
    for (int i = 0; i < cats.size(); ++i) {
   b5472:	f04f 0914 	mov.w	r9, #20
    return data_[i];
   b5476:	e9dd 2308 	ldrd	r2, r3, [sp, #32]
   b547a:	429e      	cmp	r6, r3
   b547c:	da7c      	bge.n	b5578 <_ZN5spark6detail9LogFilterC1E8LogLevelNS_6VectorINS_17LogCategoryFilterENS_16DefaultAllocatorEEE+0x1c0>
    char operator [] (unsigned int index) const;
    char& operator [] (unsigned int index);
    void getBytes(unsigned char *buf, unsigned int bufsize, unsigned int index=0) const;
    void toCharArray(char *buf, unsigned int bufsize, unsigned int index=0) const
        {getBytes((unsigned char *)buf, bufsize, index);}
    const char * c_str() const { return buffer; }
   b547e:	0133      	lsls	r3, r6, #4
   b5480:	58d3      	ldr	r3, [r2, r3]
        const char *category = cats.at(i).c_str();
   b5482:	9306      	str	r3, [sp, #24]
        if (!category) {
   b5484:	b90b      	cbnz	r3, b548a <_ZN5spark6detail9LogFilterC1E8LogLevelNS_6VectorINS_17LogCategoryFilterENS_16DefaultAllocatorEEE+0xd2>
    for (int i = 0; i < cats.size(); ++i) {
   b5486:	3601      	adds	r6, #1
   b5488:	e7f5      	b.n	b5476 <_ZN5spark6detail9LogFilterC1E8LogLevelNS_6VectorINS_17LogCategoryFilterENS_16DefaultAllocatorEEE+0xbe>
        size_t size = 0; // Name length
   b548a:	2300      	movs	r3, #0
   b548c:	9307      	str	r3, [sp, #28]
   b548e:	fb09 f306 	mul.w	r3, r9, r6
   b5492:	9302      	str	r3, [sp, #8]
        Vector<Node> *pNodes = &nodes; // Root nodes
   b5494:	ad0b      	add	r5, sp, #44	; 0x2c
        while ((name = nextSubcategoryName(category, size))) {
   b5496:	a907      	add	r1, sp, #28
   b5498:	a806      	add	r0, sp, #24
   b549a:	f7ff fb0a 	bl	b4ab2 <_ZN12_GLOBAL__N_119nextSubcategoryNameERPKcRj>
   b549e:	4682      	mov	sl, r0
   b54a0:	2800      	cmp	r0, #0
   b54a2:	d0f0      	beq.n	b5486 <_ZN5spark6detail9LogFilterC1E8LogLevelNS_6VectorINS_17LogCategoryFilterENS_16DefaultAllocatorEEE+0xce>
            bool found = false;
   b54a4:	f04f 0300 	mov.w	r3, #0
   b54a8:	f88d 3017 	strb.w	r3, [sp, #23]
            const int index = nodeIndex(*pNodes, name, size, found);
   b54ac:	4601      	mov	r1, r0
   b54ae:	9a07      	ldr	r2, [sp, #28]
   b54b0:	f10d 0317 	add.w	r3, sp, #23
   b54b4:	4628      	mov	r0, r5
   b54b6:	f7ff fb67 	bl	b4b88 <_ZN5spark6detail9LogFilter9nodeIndexERKNS_6VectorINS1_4NodeENS_16DefaultAllocatorEEEPKcjRb>
            if (!found && !pNodes->insert(index, Node(name, size))) { // Add node
   b54ba:	f89d 7017 	ldrb.w	r7, [sp, #23]
            const int index = nodeIndex(*pNodes, name, size, found);
   b54be:	9001      	str	r0, [sp, #4]
            if (!found && !pNodes->insert(index, Node(name, size))) { // Add node
   b54c0:	2f00      	cmp	r7, #0
   b54c2:	d14a      	bne.n	b555a <_ZN5spark6detail9LogFilterC1E8LogLevelNS_6VectorINS_17LogCategoryFilterENS_16DefaultAllocatorEEE+0x1a2>
   b54c4:	f8bd 301c 	ldrh.w	r3, [sp, #28]
            level(-1) {
   b54c8:	f8ad 3040 	strh.w	r3, [sp, #64]	; 0x40
        capacity_(0) {
   b54cc:	e9cd 7711 	strd	r7, r7, [sp, #68]	; 0x44
   b54d0:	f64f 73ff 	movw	r3, #65535	; 0xffff
   b54d4:	f8cd a03c 	str.w	sl, [sp, #60]	; 0x3c
   b54d8:	f8ad 3042 	strh.w	r3, [sp, #66]	; 0x42
   b54dc:	9713      	str	r7, [sp, #76]	; 0x4c
    if (size_ + 1 > capacity_ && !realloc(size_ + 1)) {
   b54de:	e9d5 3201 	ldrd	r3, r2, [r5, #4]
   b54e2:	4293      	cmp	r3, r2
   b54e4:	db17      	blt.n	b5516 <_ZN5spark6detail9LogFilterC1E8LogLevelNS_6VectorINS_17LogCategoryFilterENS_16DefaultAllocatorEEE+0x15e>
   b54e6:	f103 0a01 	add.w	sl, r3, #1
        if (n > 0) {
   b54ea:	f1ba 0f00 	cmp.w	sl, #0
   b54ee:	dd30      	ble.n	b5552 <_ZN5spark6detail9LogFilterC1E8LogLevelNS_6VectorINS_17LogCategoryFilterENS_16DefaultAllocatorEEE+0x19a>
    return ::malloc(size);
   b54f0:	fb09 f00a 	mul.w	r0, r9, sl
   b54f4:	f7ff f8ea 	bl	b46cc <malloc>
            if (!d) {
   b54f8:	4683      	mov	fp, r0
   b54fa:	b360      	cbz	r0, b5556 <_ZN5spark6detail9LogFilterC1E8LogLevelNS_6VectorINS_17LogCategoryFilterENS_16DefaultAllocatorEEE+0x19e>
            move(d, data_, data_ + size_);
   b54fc:	e9d5 1200 	ldrd	r1, r2, [r5]
   b5500:	fb09 1202 	mla	r2, r9, r2, r1
   b5504:	f7ff feea 	bl	b52dc <_ZN5spark6VectorINS_6detail9LogFilter4NodeENS_16DefaultAllocatorEE4moveIS3_Li0EEEvPS3_S7_S7_>
    ::free(ptr);
   b5508:	6828      	ldr	r0, [r5, #0]
   b550a:	f7ff f8e7 	bl	b46dc <free>
        data_ = d;
   b550e:	f8c5 b000 	str.w	fp, [r5]
        capacity_ = n;
   b5512:	f8c5 a008 	str.w	sl, [r5, #8]
    T* const p = data_ + i;
   b5516:	682b      	ldr	r3, [r5, #0]
   b5518:	9a01      	ldr	r2, [sp, #4]
   b551a:	fb09 3a02 	mla	sl, r9, r2, r3
    move(p + 1, p, data_ + size_);
   b551e:	686a      	ldr	r2, [r5, #4]
   b5520:	4651      	mov	r1, sl
   b5522:	fb09 3202 	mla	r2, r9, r2, r3
   b5526:	f10a 0014 	add.w	r0, sl, #20
   b552a:	f7ff fed7 	bl	b52dc <_ZN5spark6VectorINS_6detail9LogFilter4NodeENS_16DefaultAllocatorEE4moveIS3_Li0EEEvPS3_S7_S7_>
    new(p) T(std::move(value));
   b552e:	f1ba 0f00 	cmp.w	sl, #0
   b5532:	d003      	beq.n	b553c <_ZN5spark6detail9LogFilterC1E8LogLevelNS_6VectorINS_17LogCategoryFilterENS_16DefaultAllocatorEEE+0x184>
   b5534:	a90f      	add	r1, sp, #60	; 0x3c
   b5536:	4650      	mov	r0, sl
   b5538:	f7ff fd18 	bl	b4f6c <_ZN5spark6detail9LogFilter4NodeC1EOS2_>
    ++size_;
   b553c:	686b      	ldr	r3, [r5, #4]
   b553e:	3301      	adds	r3, #1
   b5540:	606b      	str	r3, [r5, #4]
struct spark::detail::LogFilter::Node {
   b5542:	a811      	add	r0, sp, #68	; 0x44
   b5544:	f7ff fcca 	bl	b4edc <_ZN5spark6VectorINS_6detail9LogFilter4NodeENS_16DefaultAllocatorEED1Ev>
            if (!found && !pNodes->insert(index, Node(name, size))) { // Add node
   b5548:	b13f      	cbz	r7, b555a <_ZN5spark6detail9LogFilterC1E8LogLevelNS_6VectorINS_17LogCategoryFilterENS_16DefaultAllocatorEEE+0x1a2>
    Vector<Node> nodes;
   b554a:	a80b      	add	r0, sp, #44	; 0x2c
   b554c:	f7ff fcc6 	bl	b4edc <_ZN5spark6VectorINS_6detail9LogFilter4NodeENS_16DefaultAllocatorEED1Ev>
   b5550:	e771      	b.n	b5436 <_ZN5spark6detail9LogFilterC1E8LogLevelNS_6VectorINS_17LogCategoryFilterENS_16DefaultAllocatorEEE+0x7e>
        T* d = nullptr;
   b5552:	46bb      	mov	fp, r7
   b5554:	e7d8      	b.n	b5508 <_ZN5spark6detail9LogFilterC1E8LogLevelNS_6VectorINS_17LogCategoryFilterENS_16DefaultAllocatorEEE+0x150>
            if (!found && !pNodes->insert(index, Node(name, size))) { // Add node
   b5556:	2701      	movs	r7, #1
   b5558:	e7f3      	b.n	b5542 <_ZN5spark6detail9LogFilterC1E8LogLevelNS_6VectorINS_17LogCategoryFilterENS_16DefaultAllocatorEEE+0x18a>
    return data_[i];
   b555a:	9b01      	ldr	r3, [sp, #4]
   b555c:	682d      	ldr	r5, [r5, #0]
   b555e:	fb09 5503 	mla	r5, r9, r3, r5
            if (!*category) { // Check if it's last subcategory
   b5562:	9b06      	ldr	r3, [sp, #24]
   b5564:	781b      	ldrb	r3, [r3, #0]
   b5566:	b92b      	cbnz	r3, b5574 <_ZN5spark6detail9LogFilterC1E8LogLevelNS_6VectorINS_17LogCategoryFilterENS_16DefaultAllocatorEEE+0x1bc>
                node.level = filters.at(i).level_;
   b5568:	f8d8 3000 	ldr.w	r3, [r8]
   b556c:	9a02      	ldr	r2, [sp, #8]
   b556e:	4413      	add	r3, r2
   b5570:	7c1b      	ldrb	r3, [r3, #16]
   b5572:	80eb      	strh	r3, [r5, #6]
            pNodes = &node.nodes;
   b5574:	3508      	adds	r5, #8
        while ((name = nextSubcategoryName(category, size))) {
   b5576:	e78e      	b.n	b5496 <_ZN5spark6detail9LogFilterC1E8LogLevelNS_6VectorINS_17LogCategoryFilterENS_16DefaultAllocatorEEE+0xde>
      _Tp __tmp = _GLIBCXX_MOVE(__a);
   b5578:	6821      	ldr	r1, [r4, #0]
      __a = _GLIBCXX_MOVE(__b);
   b557a:	6022      	str	r2, [r4, #0]
      _Tp __tmp = _GLIBCXX_MOVE(__a);
   b557c:	6862      	ldr	r2, [r4, #4]
      __a = _GLIBCXX_MOVE(__b);
   b557e:	6063      	str	r3, [r4, #4]
      _Tp __tmp = _GLIBCXX_MOVE(__a);
   b5580:	68a3      	ldr	r3, [r4, #8]
      __b = _GLIBCXX_MOVE(__tmp);
   b5582:	9209      	str	r2, [sp, #36]	; 0x24
      __a = _GLIBCXX_MOVE(__b);
   b5584:	9a0a      	ldr	r2, [sp, #40]	; 0x28
      __b = _GLIBCXX_MOVE(__tmp);
   b5586:	930a      	str	r3, [sp, #40]	; 0x28
      _Tp __tmp = _GLIBCXX_MOVE(__a);
   b5588:	68e3      	ldr	r3, [r4, #12]
      __a = _GLIBCXX_MOVE(__b);
   b558a:	60a2      	str	r2, [r4, #8]
   b558c:	9a0b      	ldr	r2, [sp, #44]	; 0x2c
      __b = _GLIBCXX_MOVE(__tmp);
   b558e:	930b      	str	r3, [sp, #44]	; 0x2c
      _Tp __tmp = _GLIBCXX_MOVE(__a);
   b5590:	6923      	ldr	r3, [r4, #16]
      __a = _GLIBCXX_MOVE(__b);
   b5592:	60e2      	str	r2, [r4, #12]
   b5594:	9a0c      	ldr	r2, [sp, #48]	; 0x30
      __b = _GLIBCXX_MOVE(__tmp);
   b5596:	930c      	str	r3, [sp, #48]	; 0x30
      _Tp __tmp = _GLIBCXX_MOVE(__a);
   b5598:	6963      	ldr	r3, [r4, #20]
      __a = _GLIBCXX_MOVE(__b);
   b559a:	6122      	str	r2, [r4, #16]
   b559c:	9a0d      	ldr	r2, [sp, #52]	; 0x34
      __b = _GLIBCXX_MOVE(__tmp);
   b559e:	930d      	str	r3, [sp, #52]	; 0x34
    level_ = level;
   b55a0:	9b03      	ldr	r3, [sp, #12]
   b55a2:	9108      	str	r1, [sp, #32]
      __a = _GLIBCXX_MOVE(__b);
   b55a4:	6162      	str	r2, [r4, #20]
   b55a6:	7623      	strb	r3, [r4, #24]
   b55a8:	e7cf      	b.n	b554a <_ZN5spark6detail9LogFilterC1E8LogLevelNS_6VectorINS_17LogCategoryFilterENS_16DefaultAllocatorEEE+0x192>
	...

000b55ac <_ZN5spark16StreamLogHandlerC1ER5Print8LogLevelNS_6VectorINS_17LogCategoryFilterENS_16DefaultAllocatorEEE>:
inline spark::StreamLogHandler::StreamLogHandler(Print &stream, LogLevel level, LogCategoryFilters filters) :
   b55ac:	b5f0      	push	{r4, r5, r6, r7, lr}
   b55ae:	4604      	mov	r4, r0
   b55b0:	b087      	sub	sp, #28
   b55b2:	460d      	mov	r5, r1
        filter_(level, filters) {
   b55b4:	4626      	mov	r6, r4
        stream_(&stream) {
   b55b6:	4619      	mov	r1, r3
   b55b8:	4668      	mov	r0, sp
inline spark::StreamLogHandler::StreamLogHandler(Print &stream, LogLevel level, LogCategoryFilters filters) :
   b55ba:	4617      	mov	r7, r2
        stream_(&stream) {
   b55bc:	f7fe fe2a 	bl	b4214 <_ZN5spark6VectorINS_17LogCategoryFilterENS_16DefaultAllocatorEEC1ERKS3_>
        filter_(level, filters) {
   b55c0:	4b0b      	ldr	r3, [pc, #44]	; (b55f0 <_ZN5spark16StreamLogHandlerC1ER5Print8LogLevelNS_6VectorINS_17LogCategoryFilterENS_16DefaultAllocatorEEE+0x44>)
   b55c2:	f846 3b04 	str.w	r3, [r6], #4
   b55c6:	4669      	mov	r1, sp
   b55c8:	a803      	add	r0, sp, #12
   b55ca:	f7fe fe23 	bl	b4214 <_ZN5spark6VectorINS_17LogCategoryFilterENS_16DefaultAllocatorEEC1ERKS3_>
   b55ce:	aa03      	add	r2, sp, #12
   b55d0:	4639      	mov	r1, r7
   b55d2:	4630      	mov	r0, r6
   b55d4:	f7ff fef0 	bl	b53b8 <_ZN5spark6detail9LogFilterC1E8LogLevelNS_6VectorINS_17LogCategoryFilterENS_16DefaultAllocatorEEE>
   b55d8:	a803      	add	r0, sp, #12
   b55da:	f7fe fdda 	bl	b4192 <_ZN5spark6VectorINS_17LogCategoryFilterENS_16DefaultAllocatorEED1Ev>
        stream_(&stream) {
   b55de:	4668      	mov	r0, sp
   b55e0:	f7fe fdd7 	bl	b4192 <_ZN5spark6VectorINS_17LogCategoryFilterENS_16DefaultAllocatorEED1Ev>
   b55e4:	4b03      	ldr	r3, [pc, #12]	; (b55f4 <_ZN5spark16StreamLogHandlerC1ER5Print8LogLevelNS_6VectorINS_17LogCategoryFilterENS_16DefaultAllocatorEEE+0x48>)
   b55e6:	6023      	str	r3, [r4, #0]
}
   b55e8:	4620      	mov	r0, r4
        stream_(&stream) {
   b55ea:	6225      	str	r5, [r4, #32]
}
   b55ec:	b007      	add	sp, #28
   b55ee:	bdf0      	pop	{r4, r5, r6, r7, pc}
   b55f0:	000b6960 	.word	0x000b6960
   b55f4:	000b6a64 	.word	0x000b6a64

000b55f8 <_ZN5spark24DefaultLogHandlerFactory13createHandlerEPKc8LogLevelNS_6VectorINS_17LogCategoryFilterENS_16DefaultAllocatorEEEP5PrintRKNS_9JSONValueE>:
            Print *stream, const JSONValue &params) {
   b55f8:	b5f0      	push	{r4, r5, r6, r7, lr}
   b55fa:	460f      	mov	r7, r1
   b55fc:	b085      	sub	sp, #20
    if (strcmp(type, "JSONStreamLogHandler") == 0) {
   b55fe:	491d      	ldr	r1, [pc, #116]	; (b5674 <_ZN5spark24DefaultLogHandlerFactory13createHandlerEPKc8LogLevelNS_6VectorINS_17LogCategoryFilterENS_16DefaultAllocatorEEEP5PrintRKNS_9JSONValueE+0x7c>)
            Print *stream, const JSONValue &params) {
   b5600:	9c0a      	ldr	r4, [sp, #40]	; 0x28
    if (strcmp(type, "JSONStreamLogHandler") == 0) {
   b5602:	4638      	mov	r0, r7
            Print *stream, const JSONValue &params) {
   b5604:	4616      	mov	r6, r2
   b5606:	461d      	mov	r5, r3
    if (strcmp(type, "JSONStreamLogHandler") == 0) {
   b5608:	f7fe fd08 	bl	b401c <strcmp>
   b560c:	b9c0      	cbnz	r0, b5640 <_ZN5spark24DefaultLogHandlerFactory13createHandlerEPKc8LogLevelNS_6VectorINS_17LogCategoryFilterENS_16DefaultAllocatorEEEP5PrintRKNS_9JSONValueE+0x48>
        if (!stream) {
   b560e:	b1a4      	cbz	r4, b563a <_ZN5spark24DefaultLogHandlerFactory13createHandlerEPKc8LogLevelNS_6VectorINS_17LogCategoryFilterENS_16DefaultAllocatorEEEP5PrintRKNS_9JSONValueE+0x42>
        return new(std::nothrow) JSONStreamLogHandler(*stream, level, std::move(filters));
   b5610:	4629      	mov	r1, r5
   b5612:	a801      	add	r0, sp, #4
   b5614:	f7ff fcbd 	bl	b4f92 <_ZN5spark6VectorINS_17LogCategoryFilterENS_16DefaultAllocatorEEC1EOS3_>
   b5618:	4917      	ldr	r1, [pc, #92]	; (b5678 <_ZN5spark24DefaultLogHandlerFactory13createHandlerEPKc8LogLevelNS_6VectorINS_17LogCategoryFilterENS_16DefaultAllocatorEEEP5PrintRKNS_9JSONValueE+0x80>)
   b561a:	2024      	movs	r0, #36	; 0x24
   b561c:	f000 ffdc 	bl	b65d8 <_ZnwjRKSt9nothrow_t>
   b5620:	4605      	mov	r5, r0
   b5622:	b130      	cbz	r0, b5632 <_ZN5spark24DefaultLogHandlerFactory13createHandlerEPKc8LogLevelNS_6VectorINS_17LogCategoryFilterENS_16DefaultAllocatorEEEP5PrintRKNS_9JSONValueE+0x3a>
    using StreamLogHandler::StreamLogHandler;
   b5624:	ab01      	add	r3, sp, #4
   b5626:	4632      	mov	r2, r6
   b5628:	4621      	mov	r1, r4
   b562a:	f7ff ffbf 	bl	b55ac <_ZN5spark16StreamLogHandlerC1ER5Print8LogLevelNS_6VectorINS_17LogCategoryFilterENS_16DefaultAllocatorEEE>
   b562e:	4b13      	ldr	r3, [pc, #76]	; (b567c <_ZN5spark24DefaultLogHandlerFactory13createHandlerEPKc8LogLevelNS_6VectorINS_17LogCategoryFilterENS_16DefaultAllocatorEEEP5PrintRKNS_9JSONValueE+0x84>)
   b5630:	602b      	str	r3, [r5, #0]
        return new(std::nothrow) StreamLogHandler(*stream, level, std::move(filters));
   b5632:	a801      	add	r0, sp, #4
   b5634:	f7fe fdad 	bl	b4192 <_ZN5spark6VectorINS_17LogCategoryFilterENS_16DefaultAllocatorEED1Ev>
   b5638:	462c      	mov	r4, r5
}
   b563a:	4620      	mov	r0, r4
   b563c:	b005      	add	sp, #20
   b563e:	bdf0      	pop	{r4, r5, r6, r7, pc}
    } else if (strcmp(type, "StreamLogHandler") == 0) {
   b5640:	490f      	ldr	r1, [pc, #60]	; (b5680 <_ZN5spark24DefaultLogHandlerFactory13createHandlerEPKc8LogLevelNS_6VectorINS_17LogCategoryFilterENS_16DefaultAllocatorEEEP5PrintRKNS_9JSONValueE+0x88>)
   b5642:	4638      	mov	r0, r7
   b5644:	f7fe fcea 	bl	b401c <strcmp>
   b5648:	b990      	cbnz	r0, b5670 <_ZN5spark24DefaultLogHandlerFactory13createHandlerEPKc8LogLevelNS_6VectorINS_17LogCategoryFilterENS_16DefaultAllocatorEEEP5PrintRKNS_9JSONValueE+0x78>
        if (!stream) {
   b564a:	2c00      	cmp	r4, #0
   b564c:	d0f5      	beq.n	b563a <_ZN5spark24DefaultLogHandlerFactory13createHandlerEPKc8LogLevelNS_6VectorINS_17LogCategoryFilterENS_16DefaultAllocatorEEEP5PrintRKNS_9JSONValueE+0x42>
        return new(std::nothrow) StreamLogHandler(*stream, level, std::move(filters));
   b564e:	4629      	mov	r1, r5
   b5650:	a801      	add	r0, sp, #4
   b5652:	f7ff fc9e 	bl	b4f92 <_ZN5spark6VectorINS_17LogCategoryFilterENS_16DefaultAllocatorEEC1EOS3_>
   b5656:	4908      	ldr	r1, [pc, #32]	; (b5678 <_ZN5spark24DefaultLogHandlerFactory13createHandlerEPKc8LogLevelNS_6VectorINS_17LogCategoryFilterENS_16DefaultAllocatorEEEP5PrintRKNS_9JSONValueE+0x80>)
   b5658:	2024      	movs	r0, #36	; 0x24
   b565a:	f000 ffbd 	bl	b65d8 <_ZnwjRKSt9nothrow_t>
   b565e:	4605      	mov	r5, r0
   b5660:	2800      	cmp	r0, #0
   b5662:	d0e6      	beq.n	b5632 <_ZN5spark24DefaultLogHandlerFactory13createHandlerEPKc8LogLevelNS_6VectorINS_17LogCategoryFilterENS_16DefaultAllocatorEEEP5PrintRKNS_9JSONValueE+0x3a>
   b5664:	ab01      	add	r3, sp, #4
   b5666:	4632      	mov	r2, r6
   b5668:	4621      	mov	r1, r4
   b566a:	f7ff ff9f 	bl	b55ac <_ZN5spark16StreamLogHandlerC1ER5Print8LogLevelNS_6VectorINS_17LogCategoryFilterENS_16DefaultAllocatorEEE>
   b566e:	e7e0      	b.n	b5632 <_ZN5spark24DefaultLogHandlerFactory13createHandlerEPKc8LogLevelNS_6VectorINS_17LogCategoryFilterENS_16DefaultAllocatorEEEP5PrintRKNS_9JSONValueE+0x3a>
            return nullptr; // Output stream is not specified
   b5670:	2400      	movs	r4, #0
   b5672:	e7e2      	b.n	b563a <_ZN5spark24DefaultLogHandlerFactory13createHandlerEPKc8LogLevelNS_6VectorINS_17LogCategoryFilterENS_16DefaultAllocatorEEEP5PrintRKNS_9JSONValueE+0x42>
   b5674:	000b69f8 	.word	0x000b69f8
   b5678:	000b6c20 	.word	0x000b6c20
   b567c:	000b6a7c 	.word	0x000b6a7c
   b5680:	000b69fc 	.word	0x000b69fc

000b5684 <_GLOBAL__sub_I__ZN5spark3LogE>:
        name_(name) {
   b5684:	4b01      	ldr	r3, [pc, #4]	; (b568c <_GLOBAL__sub_I__ZN5spark3LogE+0x8>)
   b5686:	4a02      	ldr	r2, [pc, #8]	; (b5690 <_GLOBAL__sub_I__ZN5spark3LogE+0xc>)
   b5688:	601a      	str	r2, [r3, #0]
#if Wiring_LogConfig

// spark::
void spark::logProcessControlRequest(ctrl_request* req) {
    JSONRequestHandler::process(req);
}
   b568a:	4770      	bx	lr
   b568c:	2003e6b0 	.word	0x2003e6b0
   b5690:	000b6a0d 	.word	0x000b6a0d

000b5694 <_ZN5spark16StreamLogHandler10logMessageEPKc8LogLevelS2_RK13LogAttributes>:
void spark::StreamLogHandler::logMessage(const char *msg, LogLevel level, const char *category, const LogAttributes &attr) {
   b5694:	e92d 47f0 	stmdb	sp!, {r4, r5, r6, r7, r8, r9, sl, lr}
   b5698:	9d08      	ldr	r5, [sp, #32]
    if (stream_ == &Serial && Network.listening()) {
   b569a:	f8d0 9020 	ldr.w	r9, [r0, #32]
void spark::StreamLogHandler::logMessage(const char *msg, LogLevel level, const char *category, const LogAttributes &attr) {
   b569e:	4604      	mov	r4, r0
   b56a0:	460e      	mov	r6, r1
   b56a2:	4617      	mov	r7, r2
   b56a4:	4698      	mov	r8, r3
    if (stream_ == &Serial && Network.listening()) {
   b56a6:	f000 fb27 	bl	b5cf8 <_Z16_fetch_usbserialv>
   b56aa:	4581      	cmp	r9, r0
   b56ac:	d04c      	beq.n	b5748 <_ZN5spark16StreamLogHandler10logMessageEPKc8LogLevelS2_RK13LogAttributes+0xb4>
    if (attr.has_time) {
   b56ae:	792b      	ldrb	r3, [r5, #4]
   b56b0:	0719      	lsls	r1, r3, #28
   b56b2:	d504      	bpl.n	b56be <_ZN5spark16StreamLogHandler10logMessageEPKc8LogLevelS2_RK13LogAttributes+0x2a>
        printf("%010u ", (unsigned)attr.time);
   b56b4:	696a      	ldr	r2, [r5, #20]
   b56b6:	4954      	ldr	r1, [pc, #336]	; (b5808 <_ZN5spark16StreamLogHandler10logMessageEPKc8LogLevelS2_RK13LogAttributes+0x174>)
   b56b8:	4620      	mov	r0, r4
   b56ba:	f7ff faca 	bl	b4c52 <_ZN5spark16StreamLogHandler6printfEPKcz>
    if (category) {
   b56be:	f1b8 0f00 	cmp.w	r8, #0
   b56c2:	d00d      	beq.n	b56e0 <_ZN5spark16StreamLogHandler10logMessageEPKc8LogLevelS2_RK13LogAttributes+0x4c>
        write('[');
   b56c4:	215b      	movs	r1, #91	; 0x5b
   b56c6:	4620      	mov	r0, r4
   b56c8:	f7ff fa52 	bl	b4b70 <_ZN5spark16StreamLogHandler5writeEc>
        write(category);
   b56cc:	4641      	mov	r1, r8
   b56ce:	4620      	mov	r0, r4
   b56d0:	f7ff fa3f 	bl	b4b52 <_ZN5spark16StreamLogHandler5writeEPKc>
        write("] ", 2);
   b56d4:	6823      	ldr	r3, [r4, #0]
   b56d6:	494d      	ldr	r1, [pc, #308]	; (b580c <_ZN5spark16StreamLogHandler10logMessageEPKc8LogLevelS2_RK13LogAttributes+0x178>)
   b56d8:	68db      	ldr	r3, [r3, #12]
   b56da:	2202      	movs	r2, #2
   b56dc:	4620      	mov	r0, r4
   b56de:	4798      	blx	r3
    if (attr.has_file) {
   b56e0:	792b      	ldrb	r3, [r5, #4]
   b56e2:	07da      	lsls	r2, r3, #31
   b56e4:	d523      	bpl.n	b572e <_ZN5spark16StreamLogHandler10logMessageEPKc8LogLevelS2_RK13LogAttributes+0x9a>
        s = extractFileName(attr.file); // Strip directory path
   b56e6:	f8d5 8008 	ldr.w	r8, [r5, #8]
    const char *s1 = strrchr(s, '/');
   b56ea:	212f      	movs	r1, #47	; 0x2f
   b56ec:	4640      	mov	r0, r8
   b56ee:	f001 f816 	bl	b671e <strrchr>
    if (s1) {
   b56f2:	b108      	cbz	r0, b56f8 <_ZN5spark16StreamLogHandler10logMessageEPKc8LogLevelS2_RK13LogAttributes+0x64>
        return s1 + 1;
   b56f4:	f100 0801 	add.w	r8, r0, #1
        write(s); // File name
   b56f8:	4641      	mov	r1, r8
   b56fa:	4620      	mov	r0, r4
   b56fc:	f7ff fa29 	bl	b4b52 <_ZN5spark16StreamLogHandler5writeEPKc>
        if (attr.has_line) {
   b5700:	792b      	ldrb	r3, [r5, #4]
   b5702:	079b      	lsls	r3, r3, #30
   b5704:	d508      	bpl.n	b5718 <_ZN5spark16StreamLogHandler10logMessageEPKc8LogLevelS2_RK13LogAttributes+0x84>
            write(':');
   b5706:	213a      	movs	r1, #58	; 0x3a
   b5708:	4620      	mov	r0, r4
   b570a:	f7ff fa31 	bl	b4b70 <_ZN5spark16StreamLogHandler5writeEc>
            printf("%d", (int)attr.line); // Line number
   b570e:	68ea      	ldr	r2, [r5, #12]
   b5710:	493f      	ldr	r1, [pc, #252]	; (b5810 <_ZN5spark16StreamLogHandler10logMessageEPKc8LogLevelS2_RK13LogAttributes+0x17c>)
   b5712:	4620      	mov	r0, r4
   b5714:	f7ff fa9d 	bl	b4c52 <_ZN5spark16StreamLogHandler6printfEPKcz>
        if (attr.has_function) {
   b5718:	792a      	ldrb	r2, [r5, #4]
            write(", ", 2);
   b571a:	6823      	ldr	r3, [r4, #0]
        if (attr.has_function) {
   b571c:	f012 0f04 	tst.w	r2, #4
            write(", ", 2);
   b5720:	68db      	ldr	r3, [r3, #12]
   b5722:	bf14      	ite	ne
   b5724:	493b      	ldrne	r1, [pc, #236]	; (b5814 <_ZN5spark16StreamLogHandler10logMessageEPKc8LogLevelS2_RK13LogAttributes+0x180>)
            write(": ", 2);
   b5726:	493c      	ldreq	r1, [pc, #240]	; (b5818 <_ZN5spark16StreamLogHandler10logMessageEPKc8LogLevelS2_RK13LogAttributes+0x184>)
            write(", ", 2);
   b5728:	2202      	movs	r2, #2
            write(": ", 2);
   b572a:	4620      	mov	r0, r4
   b572c:	4798      	blx	r3
    if (attr.has_function) {
   b572e:	792b      	ldrb	r3, [r5, #4]
   b5730:	0758      	lsls	r0, r3, #29
   b5732:	d51d      	bpl.n	b5770 <_ZN5spark16StreamLogHandler10logMessageEPKc8LogLevelS2_RK13LogAttributes+0xdc>
        s = extractFuncName(attr.function, &n); // Strip argument and return types
   b5734:	6929      	ldr	r1, [r5, #16]
const char* extractFuncName(const char *s, size_t *size) {
   b5736:	460b      	mov	r3, r1
   b5738:	461a      	mov	r2, r3
    for (; *s; ++s) {
   b573a:	f813 0b01 	ldrb.w	r0, [r3], #1
   b573e:	b160      	cbz	r0, b575a <_ZN5spark16StreamLogHandler10logMessageEPKc8LogLevelS2_RK13LogAttributes+0xc6>
        if (*s == ' ') {
   b5740:	2820      	cmp	r0, #32
   b5742:	d108      	bne.n	b5756 <_ZN5spark16StreamLogHandler10logMessageEPKc8LogLevelS2_RK13LogAttributes+0xc2>
            s1 = s + 1; // Skip return type
   b5744:	4619      	mov	r1, r3
   b5746:	e7f7      	b.n	b5738 <_ZN5spark16StreamLogHandler10logMessageEPKc8LogLevelS2_RK13LogAttributes+0xa4>
    if (stream_ == &Serial && Network.listening()) {
   b5748:	4834      	ldr	r0, [pc, #208]	; (b581c <_ZN5spark16StreamLogHandler10logMessageEPKc8LogLevelS2_RK13LogAttributes+0x188>)
   b574a:	f000 fe30 	bl	b63ae <_ZN5spark12NetworkClass9listeningEv>
   b574e:	2800      	cmp	r0, #0
   b5750:	d0ad      	beq.n	b56ae <_ZN5spark16StreamLogHandler10logMessageEPKc8LogLevelS2_RK13LogAttributes+0x1a>
}
   b5752:	e8bd 87f0 	ldmia.w	sp!, {r4, r5, r6, r7, r8, r9, sl, pc}
        } else if (*s == '(') {
   b5756:	2828      	cmp	r0, #40	; 0x28
   b5758:	d1ee      	bne.n	b5738 <_ZN5spark16StreamLogHandler10logMessageEPKc8LogLevelS2_RK13LogAttributes+0xa4>
        write(s, n);
   b575a:	6823      	ldr	r3, [r4, #0]
   b575c:	1a52      	subs	r2, r2, r1
   b575e:	68db      	ldr	r3, [r3, #12]
   b5760:	4620      	mov	r0, r4
   b5762:	4798      	blx	r3
        write("(): ", 4);
   b5764:	6823      	ldr	r3, [r4, #0]
   b5766:	492e      	ldr	r1, [pc, #184]	; (b5820 <_ZN5spark16StreamLogHandler10logMessageEPKc8LogLevelS2_RK13LogAttributes+0x18c>)
   b5768:	68db      	ldr	r3, [r3, #12]
   b576a:	2204      	movs	r2, #4
   b576c:	4620      	mov	r0, r4
   b576e:	4798      	blx	r3
    return log_level_name(level, nullptr);
   b5770:	2100      	movs	r1, #0
   b5772:	4638      	mov	r0, r7
   b5774:	f7fe fef6 	bl	b4564 <log_level_name>
   b5778:	4601      	mov	r1, r0
    write(s);
   b577a:	4620      	mov	r0, r4
   b577c:	f7ff f9e9 	bl	b4b52 <_ZN5spark16StreamLogHandler5writeEPKc>
    write(": ", 2);
   b5780:	6823      	ldr	r3, [r4, #0]
   b5782:	4925      	ldr	r1, [pc, #148]	; (b5818 <_ZN5spark16StreamLogHandler10logMessageEPKc8LogLevelS2_RK13LogAttributes+0x184>)
   b5784:	68db      	ldr	r3, [r3, #12]
   b5786:	2202      	movs	r2, #2
   b5788:	4620      	mov	r0, r4
   b578a:	4798      	blx	r3
    if (msg) {
   b578c:	b11e      	cbz	r6, b5796 <_ZN5spark16StreamLogHandler10logMessageEPKc8LogLevelS2_RK13LogAttributes+0x102>
        write(msg);
   b578e:	4631      	mov	r1, r6
   b5790:	4620      	mov	r0, r4
   b5792:	f7ff f9de 	bl	b4b52 <_ZN5spark16StreamLogHandler5writeEPKc>
    if (attr.has_code || attr.has_details) {
   b5796:	792b      	ldrb	r3, [r5, #4]
   b5798:	f013 0f30 	tst.w	r3, #48	; 0x30
   b579c:	d02c      	beq.n	b57f8 <_ZN5spark16StreamLogHandler10logMessageEPKc8LogLevelS2_RK13LogAttributes+0x164>
        write(" [", 2);
   b579e:	6823      	ldr	r3, [r4, #0]
   b57a0:	4920      	ldr	r1, [pc, #128]	; (b5824 <_ZN5spark16StreamLogHandler10logMessageEPKc8LogLevelS2_RK13LogAttributes+0x190>)
   b57a2:	68db      	ldr	r3, [r3, #12]
   b57a4:	2202      	movs	r2, #2
   b57a6:	4620      	mov	r0, r4
   b57a8:	4798      	blx	r3
        if (attr.has_code) {
   b57aa:	792b      	ldrb	r3, [r5, #4]
   b57ac:	06d9      	lsls	r1, r3, #27
   b57ae:	d50a      	bpl.n	b57c6 <_ZN5spark16StreamLogHandler10logMessageEPKc8LogLevelS2_RK13LogAttributes+0x132>
            write("code = ", 7);
   b57b0:	6823      	ldr	r3, [r4, #0]
   b57b2:	491d      	ldr	r1, [pc, #116]	; (b5828 <_ZN5spark16StreamLogHandler10logMessageEPKc8LogLevelS2_RK13LogAttributes+0x194>)
   b57b4:	68db      	ldr	r3, [r3, #12]
   b57b6:	2207      	movs	r2, #7
   b57b8:	4620      	mov	r0, r4
   b57ba:	4798      	blx	r3
            printf("%" PRIiPTR, (intptr_t)attr.code);
   b57bc:	69aa      	ldr	r2, [r5, #24]
   b57be:	491b      	ldr	r1, [pc, #108]	; (b582c <_ZN5spark16StreamLogHandler10logMessageEPKc8LogLevelS2_RK13LogAttributes+0x198>)
   b57c0:	4620      	mov	r0, r4
   b57c2:	f7ff fa46 	bl	b4c52 <_ZN5spark16StreamLogHandler6printfEPKcz>
        if (attr.has_details) {
   b57c6:	792b      	ldrb	r3, [r5, #4]
   b57c8:	069a      	lsls	r2, r3, #26
   b57ca:	d511      	bpl.n	b57f0 <_ZN5spark16StreamLogHandler10logMessageEPKc8LogLevelS2_RK13LogAttributes+0x15c>
            if (attr.has_code) {
   b57cc:	06db      	lsls	r3, r3, #27
   b57ce:	d505      	bpl.n	b57dc <_ZN5spark16StreamLogHandler10logMessageEPKc8LogLevelS2_RK13LogAttributes+0x148>
                write(", ", 2);
   b57d0:	6823      	ldr	r3, [r4, #0]
   b57d2:	4910      	ldr	r1, [pc, #64]	; (b5814 <_ZN5spark16StreamLogHandler10logMessageEPKc8LogLevelS2_RK13LogAttributes+0x180>)
   b57d4:	68db      	ldr	r3, [r3, #12]
   b57d6:	2202      	movs	r2, #2
   b57d8:	4620      	mov	r0, r4
   b57da:	4798      	blx	r3
            write("details = ", 10);
   b57dc:	6823      	ldr	r3, [r4, #0]
   b57de:	4914      	ldr	r1, [pc, #80]	; (b5830 <_ZN5spark16StreamLogHandler10logMessageEPKc8LogLevelS2_RK13LogAttributes+0x19c>)
   b57e0:	68db      	ldr	r3, [r3, #12]
   b57e2:	4620      	mov	r0, r4
   b57e4:	220a      	movs	r2, #10
   b57e6:	4798      	blx	r3
            write(attr.details);
   b57e8:	69e9      	ldr	r1, [r5, #28]
   b57ea:	4620      	mov	r0, r4
   b57ec:	f7ff f9b1 	bl	b4b52 <_ZN5spark16StreamLogHandler5writeEPKc>
        write(']');
   b57f0:	215d      	movs	r1, #93	; 0x5d
   b57f2:	4620      	mov	r0, r4
   b57f4:	f7ff f9bc 	bl	b4b70 <_ZN5spark16StreamLogHandler5writeEc>
    write("\r\n", 2);
   b57f8:	6823      	ldr	r3, [r4, #0]
   b57fa:	490e      	ldr	r1, [pc, #56]	; (b5834 <_ZN5spark16StreamLogHandler10logMessageEPKc8LogLevelS2_RK13LogAttributes+0x1a0>)
   b57fc:	68db      	ldr	r3, [r3, #12]
   b57fe:	4620      	mov	r0, r4
   b5800:	2202      	movs	r2, #2
}
   b5802:	e8bd 47f0 	ldmia.w	sp!, {r4, r5, r6, r7, r8, r9, sl, lr}
    write("\r\n", 2);
   b5806:	4718      	bx	r3
   b5808:	000b6a11 	.word	0x000b6a11
   b580c:	000b6a18 	.word	0x000b6a18
   b5810:	000b6a1b 	.word	0x000b6a1b
   b5814:	000b6a1e 	.word	0x000b6a1e
   b5818:	000b6a23 	.word	0x000b6a23
   b581c:	2003e72c 	.word	0x2003e72c
   b5820:	000b6a21 	.word	0x000b6a21
   b5824:	000b6a26 	.word	0x000b6a26
   b5828:	000b6a29 	.word	0x000b6a29
   b582c:	000b6a31 	.word	0x000b6a31
   b5830:	000b6a34 	.word	0x000b6a34
   b5834:	000b6a3f 	.word	0x000b6a3f

000b5838 <_ZN5spark16StreamLogHandler5writeEPKcj>:
void spark::StreamLogHandler::write(const char *data, size_t size) {
   b5838:	e92d 41f0 	stmdb	sp!, {r4, r5, r6, r7, r8, lr}
   b583c:	4604      	mov	r4, r0
    if (stream_ == &Serial && Network.listening()) {
   b583e:	6a07      	ldr	r7, [r0, #32]
void spark::StreamLogHandler::write(const char *data, size_t size) {
   b5840:	460d      	mov	r5, r1
   b5842:	4616      	mov	r6, r2
    if (stream_ == &Serial && Network.listening()) {
   b5844:	f000 fa58 	bl	b5cf8 <_Z16_fetch_usbserialv>
   b5848:	4287      	cmp	r7, r0
   b584a:	d007      	beq.n	b585c <_ZN5spark16StreamLogHandler5writeEPKcj+0x24>
    stream_->write((const uint8_t*)data, size);
   b584c:	6a20      	ldr	r0, [r4, #32]
   b584e:	6803      	ldr	r3, [r0, #0]
   b5850:	4632      	mov	r2, r6
   b5852:	4629      	mov	r1, r5
   b5854:	68db      	ldr	r3, [r3, #12]
}
   b5856:	e8bd 41f0 	ldmia.w	sp!, {r4, r5, r6, r7, r8, lr}
    stream_->write((const uint8_t*)data, size);
   b585a:	4718      	bx	r3
    if (stream_ == &Serial && Network.listening()) {
   b585c:	4803      	ldr	r0, [pc, #12]	; (b586c <_ZN5spark16StreamLogHandler5writeEPKcj+0x34>)
   b585e:	f000 fda6 	bl	b63ae <_ZN5spark12NetworkClass9listeningEv>
   b5862:	2800      	cmp	r0, #0
   b5864:	d0f2      	beq.n	b584c <_ZN5spark16StreamLogHandler5writeEPKcj+0x14>
}
   b5866:	e8bd 81f0 	ldmia.w	sp!, {r4, r5, r6, r7, r8, pc}
   b586a:	bf00      	nop
   b586c:	2003e72c 	.word	0x2003e72c

000b5870 <_ZN5spark20JSONStreamLogHandler10logMessageEPKc8LogLevelS2_RK13LogAttributes>:
void spark::JSONStreamLogHandler::logMessage(const char *msg, LogLevel level, const char *category, const LogAttributes &attr) {
   b5870:	e92d 43f0 	stmdb	sp!, {r4, r5, r6, r7, r8, r9, lr}
   b5874:	b085      	sub	sp, #20
    return stream_;
   b5876:	f8d0 9020 	ldr.w	r9, [r0, #32]
   b587a:	9c0c      	ldr	r4, [sp, #48]	; 0x30
   b587c:	4605      	mov	r5, r0
   b587e:	460f      	mov	r7, r1
   b5880:	4690      	mov	r8, r2
   b5882:	461e      	mov	r6, r3
    if (this->stream() == &Serial && Network.listening()) {
   b5884:	f000 fa38 	bl	b5cf8 <_Z16_fetch_usbserialv>
   b5888:	4581      	cmp	r9, r0
   b588a:	d105      	bne.n	b5898 <_ZN5spark20JSONStreamLogHandler10logMessageEPKc8LogLevelS2_RK13LogAttributes+0x28>
   b588c:	4849      	ldr	r0, [pc, #292]	; (b59b4 <_ZN5spark20JSONStreamLogHandler10logMessageEPKc8LogLevelS2_RK13LogAttributes+0x144>)
   b588e:	f000 fd8e 	bl	b63ae <_ZN5spark12NetworkClass9listeningEv>
   b5892:	2800      	cmp	r0, #0
   b5894:	f040 808a 	bne.w	b59ac <_ZN5spark20JSONStreamLogHandler10logMessageEPKc8LogLevelS2_RK13LogAttributes+0x13c>
   b5898:	6a2b      	ldr	r3, [r5, #32]
        bytesWritten_(0) {
   b589a:	4a47      	ldr	r2, [pc, #284]	; (b59b8 <_ZN5spark20JSONStreamLogHandler10logMessageEPKc8LogLevelS2_RK13LogAttributes+0x148>)
   b589c:	9200      	str	r2, [sp, #0]
        state_(BEGIN) {
   b589e:	f04f 0900 	mov.w	r9, #0
    json.beginObject();
   b58a2:	4668      	mov	r0, sp
        bytesWritten_(0) {
   b58a4:	e9cd 3902 	strd	r3, r9, [sp, #8]
        state_(BEGIN) {
   b58a8:	f88d 9004 	strb.w	r9, [sp, #4]
   b58ac:	f000 fb73 	bl	b5f96 <_ZN5spark10JSONWriter11beginObjectEv>
    return log_level_name(level, nullptr);
   b58b0:	4649      	mov	r1, r9
   b58b2:	4640      	mov	r0, r8
   b58b4:	f7fe fe56 	bl	b4564 <log_level_name>
    json.name("l", 1).value(s);
   b58b8:	4940      	ldr	r1, [pc, #256]	; (b59bc <_ZN5spark20JSONStreamLogHandler10logMessageEPKc8LogLevelS2_RK13LogAttributes+0x14c>)
   b58ba:	4680      	mov	r8, r0
   b58bc:	2201      	movs	r2, #1
   b58be:	4668      	mov	r0, sp
   b58c0:	f000 fbf8 	bl	b60b4 <_ZN5spark10JSONWriter4nameEPKcj>
   b58c4:	4641      	mov	r1, r8
   b58c6:	f7ff f936 	bl	b4b36 <_ZN5spark10JSONWriter5valueEPKc>
    if (msg) {
   b58ca:	b13f      	cbz	r7, b58dc <_ZN5spark20JSONStreamLogHandler10logMessageEPKc8LogLevelS2_RK13LogAttributes+0x6c>
        json.name("m", 1).value(msg);
   b58cc:	493c      	ldr	r1, [pc, #240]	; (b59c0 <_ZN5spark20JSONStreamLogHandler10logMessageEPKc8LogLevelS2_RK13LogAttributes+0x150>)
   b58ce:	2201      	movs	r2, #1
   b58d0:	4668      	mov	r0, sp
   b58d2:	f000 fbef 	bl	b60b4 <_ZN5spark10JSONWriter4nameEPKcj>
   b58d6:	4639      	mov	r1, r7
   b58d8:	f7ff f92d 	bl	b4b36 <_ZN5spark10JSONWriter5valueEPKc>
    if (category) {
   b58dc:	b13e      	cbz	r6, b58ee <_ZN5spark20JSONStreamLogHandler10logMessageEPKc8LogLevelS2_RK13LogAttributes+0x7e>
        json.name("c", 1).value(category);
   b58de:	4939      	ldr	r1, [pc, #228]	; (b59c4 <_ZN5spark20JSONStreamLogHandler10logMessageEPKc8LogLevelS2_RK13LogAttributes+0x154>)
   b58e0:	2201      	movs	r2, #1
   b58e2:	4668      	mov	r0, sp
   b58e4:	f000 fbe6 	bl	b60b4 <_ZN5spark10JSONWriter4nameEPKcj>
   b58e8:	4631      	mov	r1, r6
   b58ea:	f7ff f924 	bl	b4b36 <_ZN5spark10JSONWriter5valueEPKc>
    if (attr.has_file) {
   b58ee:	7923      	ldrb	r3, [r4, #4]
   b58f0:	07df      	lsls	r7, r3, #31
   b58f2:	d50e      	bpl.n	b5912 <_ZN5spark20JSONStreamLogHandler10logMessageEPKc8LogLevelS2_RK13LogAttributes+0xa2>
        s = extractFileName(attr.file); // Strip directory path
   b58f4:	68a6      	ldr	r6, [r4, #8]
    const char *s1 = strrchr(s, '/');
   b58f6:	212f      	movs	r1, #47	; 0x2f
   b58f8:	4630      	mov	r0, r6
   b58fa:	f000 ff10 	bl	b671e <strrchr>
    if (s1) {
   b58fe:	b100      	cbz	r0, b5902 <_ZN5spark20JSONStreamLogHandler10logMessageEPKc8LogLevelS2_RK13LogAttributes+0x92>
        return s1 + 1;
   b5900:	1c46      	adds	r6, r0, #1
        json.name("f", 1).value(s);
   b5902:	4931      	ldr	r1, [pc, #196]	; (b59c8 <_ZN5spark20JSONStreamLogHandler10logMessageEPKc8LogLevelS2_RK13LogAttributes+0x158>)
   b5904:	2201      	movs	r2, #1
   b5906:	4668      	mov	r0, sp
   b5908:	f000 fbd4 	bl	b60b4 <_ZN5spark10JSONWriter4nameEPKcj>
   b590c:	4631      	mov	r1, r6
   b590e:	f7ff f912 	bl	b4b36 <_ZN5spark10JSONWriter5valueEPKc>
    if (attr.has_line) {
   b5912:	7923      	ldrb	r3, [r4, #4]
   b5914:	079e      	lsls	r6, r3, #30
   b5916:	d507      	bpl.n	b5928 <_ZN5spark20JSONStreamLogHandler10logMessageEPKc8LogLevelS2_RK13LogAttributes+0xb8>
        json.name("ln", 2).value(attr.line);
   b5918:	492c      	ldr	r1, [pc, #176]	; (b59cc <_ZN5spark20JSONStreamLogHandler10logMessageEPKc8LogLevelS2_RK13LogAttributes+0x15c>)
   b591a:	2202      	movs	r2, #2
   b591c:	4668      	mov	r0, sp
   b591e:	f000 fbc9 	bl	b60b4 <_ZN5spark10JSONWriter4nameEPKcj>
   b5922:	68e1      	ldr	r1, [r4, #12]
   b5924:	f000 fb44 	bl	b5fb0 <_ZN5spark10JSONWriter5valueEi>
    if (attr.has_function) {
   b5928:	7923      	ldrb	r3, [r4, #4]
   b592a:	0758      	lsls	r0, r3, #29
   b592c:	d514      	bpl.n	b5958 <_ZN5spark20JSONStreamLogHandler10logMessageEPKc8LogLevelS2_RK13LogAttributes+0xe8>
        s = extractFuncName(attr.function, &n); // Strip argument and return types
   b592e:	6926      	ldr	r6, [r4, #16]
const char* extractFuncName(const char *s, size_t *size) {
   b5930:	4633      	mov	r3, r6
   b5932:	461f      	mov	r7, r3
    for (; *s; ++s) {
   b5934:	f813 2b01 	ldrb.w	r2, [r3], #1
   b5938:	b12a      	cbz	r2, b5946 <_ZN5spark20JSONStreamLogHandler10logMessageEPKc8LogLevelS2_RK13LogAttributes+0xd6>
        if (*s == ' ') {
   b593a:	2a20      	cmp	r2, #32
   b593c:	d101      	bne.n	b5942 <_ZN5spark20JSONStreamLogHandler10logMessageEPKc8LogLevelS2_RK13LogAttributes+0xd2>
            s1 = s + 1; // Skip return type
   b593e:	461e      	mov	r6, r3
   b5940:	e7f7      	b.n	b5932 <_ZN5spark20JSONStreamLogHandler10logMessageEPKc8LogLevelS2_RK13LogAttributes+0xc2>
        } else if (*s == '(') {
   b5942:	2a28      	cmp	r2, #40	; 0x28
   b5944:	d1f5      	bne.n	b5932 <_ZN5spark20JSONStreamLogHandler10logMessageEPKc8LogLevelS2_RK13LogAttributes+0xc2>
        json.name("fn", 2).value(s, n);
   b5946:	4922      	ldr	r1, [pc, #136]	; (b59d0 <_ZN5spark20JSONStreamLogHandler10logMessageEPKc8LogLevelS2_RK13LogAttributes+0x160>)
   b5948:	2202      	movs	r2, #2
   b594a:	4668      	mov	r0, sp
   b594c:	f000 fbb2 	bl	b60b4 <_ZN5spark10JSONWriter4nameEPKcj>
   b5950:	1bba      	subs	r2, r7, r6
   b5952:	4631      	mov	r1, r6
   b5954:	f000 fbbe 	bl	b60d4 <_ZN5spark10JSONWriter5valueEPKcj>
    if (attr.has_time) {
   b5958:	7923      	ldrb	r3, [r4, #4]
   b595a:	0719      	lsls	r1, r3, #28
   b595c:	d507      	bpl.n	b596e <_ZN5spark20JSONStreamLogHandler10logMessageEPKc8LogLevelS2_RK13LogAttributes+0xfe>
        json.name("t", 1).value((unsigned)attr.time);
   b595e:	491d      	ldr	r1, [pc, #116]	; (b59d4 <_ZN5spark20JSONStreamLogHandler10logMessageEPKc8LogLevelS2_RK13LogAttributes+0x164>)
   b5960:	2201      	movs	r2, #1
   b5962:	4668      	mov	r0, sp
   b5964:	f000 fba6 	bl	b60b4 <_ZN5spark10JSONWriter4nameEPKcj>
   b5968:	6961      	ldr	r1, [r4, #20]
   b596a:	f000 fb33 	bl	b5fd4 <_ZN5spark10JSONWriter5valueEj>
    if (attr.has_code) {
   b596e:	7923      	ldrb	r3, [r4, #4]
   b5970:	06da      	lsls	r2, r3, #27
   b5972:	d507      	bpl.n	b5984 <_ZN5spark20JSONStreamLogHandler10logMessageEPKc8LogLevelS2_RK13LogAttributes+0x114>
        json.name("code", 4).value((int)attr.code);
   b5974:	4918      	ldr	r1, [pc, #96]	; (b59d8 <_ZN5spark20JSONStreamLogHandler10logMessageEPKc8LogLevelS2_RK13LogAttributes+0x168>)
   b5976:	2204      	movs	r2, #4
   b5978:	4668      	mov	r0, sp
   b597a:	f000 fb9b 	bl	b60b4 <_ZN5spark10JSONWriter4nameEPKcj>
   b597e:	69a1      	ldr	r1, [r4, #24]
   b5980:	f000 fb16 	bl	b5fb0 <_ZN5spark10JSONWriter5valueEi>
    if (attr.has_details) {
   b5984:	7923      	ldrb	r3, [r4, #4]
   b5986:	069b      	lsls	r3, r3, #26
   b5988:	d507      	bpl.n	b599a <_ZN5spark20JSONStreamLogHandler10logMessageEPKc8LogLevelS2_RK13LogAttributes+0x12a>
        json.name("detail", 6).value(attr.details);
   b598a:	4914      	ldr	r1, [pc, #80]	; (b59dc <_ZN5spark20JSONStreamLogHandler10logMessageEPKc8LogLevelS2_RK13LogAttributes+0x16c>)
   b598c:	2206      	movs	r2, #6
   b598e:	4668      	mov	r0, sp
   b5990:	f000 fb90 	bl	b60b4 <_ZN5spark10JSONWriter4nameEPKcj>
   b5994:	69e1      	ldr	r1, [r4, #28]
   b5996:	f7ff f8ce 	bl	b4b36 <_ZN5spark10JSONWriter5valueEPKc>
    json.endObject();
   b599a:	4668      	mov	r0, sp
   b599c:	f000 fae5 	bl	b5f6a <_ZN5spark10JSONWriter9endObjectEv>
    return stream_;
   b59a0:	6a28      	ldr	r0, [r5, #32]
    this->stream()->write((const uint8_t*)"\r\n", 2);
   b59a2:	490f      	ldr	r1, [pc, #60]	; (b59e0 <_ZN5spark20JSONStreamLogHandler10logMessageEPKc8LogLevelS2_RK13LogAttributes+0x170>)
   b59a4:	6803      	ldr	r3, [r0, #0]
   b59a6:	2202      	movs	r2, #2
   b59a8:	68db      	ldr	r3, [r3, #12]
   b59aa:	4798      	blx	r3
}
   b59ac:	b005      	add	sp, #20
   b59ae:	e8bd 83f0 	ldmia.w	sp!, {r4, r5, r6, r7, r8, r9, pc}
   b59b2:	bf00      	nop
   b59b4:	2003e72c 	.word	0x2003e72c
   b59b8:	000b69d4 	.word	0x000b69d4
   b59bc:	000b69ee 	.word	0x000b69ee
   b59c0:	000b6a42 	.word	0x000b6a42
   b59c4:	000b6cb3 	.word	0x000b6cb3
   b59c8:	000b6a44 	.word	0x000b6a44
   b59cc:	000b6a46 	.word	0x000b6a46
   b59d0:	000b6a49 	.word	0x000b6a49
   b59d4:	000b6a4c 	.word	0x000b6a4c
   b59d8:	000b6a4e 	.word	0x000b6a4e
   b59dc:	000b6a53 	.word	0x000b6a53
   b59e0:	000b6a3f 	.word	0x000b6a3f

000b59e4 <_GLOBAL__sub_I_TIME_FORMAT_DEFAULT>:
            calendar_time_cache = Convert_UnixTime_To_CalendarTime(unix_time);
            unix_time_cache = unix_time;
    }
}

const char* TimeClass::format_spec = TIME_FORMAT_DEFAULT;
   b59e4:	4b02      	ldr	r3, [pc, #8]	; (b59f0 <_GLOBAL__sub_I_TIME_FORMAT_DEFAULT+0xc>)
   b59e6:	681a      	ldr	r2, [r3, #0]
   b59e8:	4b02      	ldr	r3, [pc, #8]	; (b59f4 <_GLOBAL__sub_I_TIME_FORMAT_DEFAULT+0x10>)
   b59ea:	601a      	str	r2, [r3, #0]
{
  return isValid();
}


TimeClass Time;
   b59ec:	4770      	bx	lr
   b59ee:	bf00      	nop
   b59f0:	2003e5ec 	.word	0x2003e5ec
   b59f4:	2003e6dc 	.word	0x2003e6dc

000b59f8 <delay>:
    return (value - fromStart) * (toEnd - toStart) / (fromEnd - fromStart) + toStart;
}

void delay(unsigned long ms)
{
    system_delay_ms(ms, false);
   b59f8:	2100      	movs	r1, #0
   b59fa:	f7fe bdcb 	b.w	b4594 <system_delay_ms>
	...

000b5a00 <_GLOBAL__sub_I_RGB>:
	static void
	_M_init_functor(_Any_data& __functor, _Functor&& __f, false_type)
	{ __functor._M_access<_Functor*>() = new _Functor(std::move(__f)); }
      };

    _Function_base() : _M_manager(nullptr) { }
   b5a00:	4b01      	ldr	r3, [pc, #4]	; (b5a08 <_GLOBAL__sub_I_RGB+0x8>)
   b5a02:	2200      	movs	r2, #0
   b5a04:	609a      	str	r2, [r3, #8]
{
    RGBClass* const d = static_cast<RGBClass*>(data);
    if (d->changeHandler_) {
        d->changeHandler_(r, g, b);
    }
}
   b5a06:	4770      	bx	lr
   b5a08:	2003e6e0 	.word	0x2003e6e0

000b5a0c <_ZZ21module_user_init_hookENUlP6_reentjmPvE_4_FUNES0_jmS1_>:

void module_user_init_hook()
{
#if HAL_PLATFORM_NEWLIB
    newlib_impure_ptr_callback([](struct _reent* r, size_t size, uint32_t version, void* ctx) -> void {
        _impure_ptr = r;
   b5a0c:	4b01      	ldr	r3, [pc, #4]	; (b5a14 <_ZZ21module_user_init_hookENUlP6_reentjmPvE_4_FUNES0_jmS1_+0x8>)
   b5a0e:	6018      	str	r0, [r3, #0]
    }, nullptr);
   b5a10:	4770      	bx	lr
   b5a12:	bf00      	nop
   b5a14:	2003e5f0 	.word	0x2003e5f0

000b5a18 <serialEventRun>:
{
   b5a18:	b508      	push	{r3, lr}
    if (serialEvent && Serial.available()>0)
   b5a1a:	4b0b      	ldr	r3, [pc, #44]	; (b5a48 <serialEventRun+0x30>)
   b5a1c:	b143      	cbz	r3, b5a30 <serialEventRun+0x18>
   b5a1e:	f000 f96b 	bl	b5cf8 <_Z16_fetch_usbserialv>
   b5a22:	6803      	ldr	r3, [r0, #0]
   b5a24:	691b      	ldr	r3, [r3, #16]
   b5a26:	4798      	blx	r3
   b5a28:	2800      	cmp	r0, #0
   b5a2a:	dd01      	ble.n	b5a30 <serialEventRun+0x18>
        serialEvent();
   b5a2c:	f3af 8000 	nop.w
    if (serialEvent1 && Serial1.available()>0)
   b5a30:	4b06      	ldr	r3, [pc, #24]	; (b5a4c <serialEventRun+0x34>)
   b5a32:	b143      	cbz	r3, b5a46 <serialEventRun+0x2e>
   b5a34:	f000 fd6c 	bl	b6510 <_Z22__fetch_global_Serial1v>
   b5a38:	6803      	ldr	r3, [r0, #0]
   b5a3a:	691b      	ldr	r3, [r3, #16]
   b5a3c:	4798      	blx	r3
   b5a3e:	2800      	cmp	r0, #0
   b5a40:	dd01      	ble.n	b5a46 <serialEventRun+0x2e>
        serialEvent1();
   b5a42:	f3af 8000 	nop.w
}
   b5a46:	bd08      	pop	{r3, pc}
	...

000b5a50 <_post_loop>:
{
   b5a50:	b508      	push	{r3, lr}
	serialEventRun();
   b5a52:	f7ff ffe1 	bl	b5a18 <serialEventRun>
		return !thread || !thread->isRunning();
	}

	static inline system_tick_t current_time()
	{
		return HAL_Timer_Get_Milli_Seconds();
   b5a56:	f7fe fc85 	bl	b4364 <HAL_Timer_Get_Milli_Seconds>
	/**
	 * Lifesign that the application is still working normally.
	 */
	static void checkin()
	{
		last_checkin = current_time();
   b5a5a:	4b01      	ldr	r3, [pc, #4]	; (b5a60 <_post_loop+0x10>)
   b5a5c:	6018      	str	r0, [r3, #0]
}
   b5a5e:	bd08      	pop	{r3, pc}
   b5a60:	2003e74c 	.word	0x2003e74c

000b5a64 <_Z33system_initialize_user_backup_ramv>:
    memcpy(&link_global_retained_start, &link_global_retained_initial_values, len);
   b5a64:	4805      	ldr	r0, [pc, #20]	; (b5a7c <_Z33system_initialize_user_backup_ramv+0x18>)
   b5a66:	4a06      	ldr	r2, [pc, #24]	; (b5a80 <_Z33system_initialize_user_backup_ramv+0x1c>)
   b5a68:	4906      	ldr	r1, [pc, #24]	; (b5a84 <_Z33system_initialize_user_backup_ramv+0x20>)
{
   b5a6a:	b508      	push	{r3, lr}
    memcpy(&link_global_retained_start, &link_global_retained_initial_values, len);
   b5a6c:	1a12      	subs	r2, r2, r0
   b5a6e:	f000 fdc5 	bl	b65fc <memcpy>
    __backup_sram_signature = signature;
   b5a72:	4b05      	ldr	r3, [pc, #20]	; (b5a88 <_Z33system_initialize_user_backup_ramv+0x24>)
   b5a74:	4a05      	ldr	r2, [pc, #20]	; (b5a8c <_Z33system_initialize_user_backup_ramv+0x28>)
   b5a76:	601a      	str	r2, [r3, #0]
}
   b5a78:	bd08      	pop	{r3, pc}
   b5a7a:	bf00      	nop
   b5a7c:	2003f400 	.word	0x2003f400
   b5a80:	2003f404 	.word	0x2003f404
   b5a84:	000b6e78 	.word	0x000b6e78
   b5a88:	2003f400 	.word	0x2003f400
   b5a8c:	9a271c1e 	.word	0x9a271c1e

000b5a90 <_Z27ctrl_request_custom_handlerP12ctrl_request>:
void __attribute((weak)) ctrl_request_custom_handler(ctrl_request* req) {
   b5a90:	b507      	push	{r0, r1, r2, lr}
    system_ctrl_set_result(req, SYSTEM_ERROR_NOT_SUPPORTED, nullptr, nullptr, nullptr);
   b5a92:	2300      	movs	r3, #0
   b5a94:	9300      	str	r3, [sp, #0]
   b5a96:	461a      	mov	r2, r3
   b5a98:	f06f 0177 	mvn.w	r1, #119	; 0x77
   b5a9c:	f7fe fd94 	bl	b45c8 <system_ctrl_set_result>
}
   b5aa0:	b003      	add	sp, #12
   b5aa2:	f85d fb04 	ldr.w	pc, [sp], #4
	...

000b5aa8 <_ZL20ctrl_request_handlerP12ctrl_request>:
static void ctrl_request_handler(ctrl_request* req) {
   b5aa8:	b507      	push	{r0, r1, r2, lr}
    switch (req->type) {
   b5aaa:	8843      	ldrh	r3, [r0, #2]
   b5aac:	2b0a      	cmp	r3, #10
   b5aae:	d008      	beq.n	b5ac2 <_ZL20ctrl_request_handlerP12ctrl_request+0x1a>
   b5ab0:	2b50      	cmp	r3, #80	; 0x50
   b5ab2:	d10b      	bne.n	b5acc <_ZL20ctrl_request_handlerP12ctrl_request+0x24>
        if (log_process_ctrl_request_callback) {
   b5ab4:	4b09      	ldr	r3, [pc, #36]	; (b5adc <_ZL20ctrl_request_handlerP12ctrl_request+0x34>)
   b5ab6:	681b      	ldr	r3, [r3, #0]
   b5ab8:	b14b      	cbz	r3, b5ace <_ZL20ctrl_request_handlerP12ctrl_request+0x26>
}
   b5aba:	b003      	add	sp, #12
   b5abc:	f85d eb04 	ldr.w	lr, [sp], #4
            log_process_ctrl_request_callback(req);
   b5ac0:	4718      	bx	r3
        ctrl_request_custom_handler(req);
   b5ac2:	f7ff ffe5 	bl	b5a90 <_Z27ctrl_request_custom_handlerP12ctrl_request>
}
   b5ac6:	b003      	add	sp, #12
   b5ac8:	f85d fb04 	ldr.w	pc, [sp], #4
        system_ctrl_set_result(req, SYSTEM_ERROR_NOT_SUPPORTED, nullptr, nullptr, nullptr);
   b5acc:	2300      	movs	r3, #0
   b5ace:	9300      	str	r3, [sp, #0]
   b5ad0:	461a      	mov	r2, r3
   b5ad2:	f06f 0177 	mvn.w	r1, #119	; 0x77
   b5ad6:	f7fe fd77 	bl	b45c8 <system_ctrl_set_result>
}
   b5ada:	e7f4      	b.n	b5ac6 <_ZL20ctrl_request_handlerP12ctrl_request+0x1e>
   b5adc:	2003e6f4 	.word	0x2003e6f4

000b5ae0 <module_user_init_hook>:
{
   b5ae0:	b510      	push	{r4, lr}
    newlib_impure_ptr_callback([](struct _reent* r, size_t size, uint32_t version, void* ctx) -> void {
   b5ae2:	4812      	ldr	r0, [pc, #72]	; (b5b2c <module_user_init_hook+0x4c>)
   b5ae4:	2100      	movs	r1, #0
   b5ae6:	f7fe fe21 	bl	b472c <newlib_impure_ptr_callback>
#endif // HAL_PLATFORM_NEWLIB

#if HAL_PLATFORM_BACKUP_RAM
    backup_ram_was_valid_ = __backup_sram_signature == signature;
   b5aea:	4b11      	ldr	r3, [pc, #68]	; (b5b30 <module_user_init_hook+0x50>)
   b5aec:	681a      	ldr	r2, [r3, #0]
   b5aee:	4b11      	ldr	r3, [pc, #68]	; (b5b34 <module_user_init_hook+0x54>)
   b5af0:	429a      	cmp	r2, r3
   b5af2:	4b11      	ldr	r3, [pc, #68]	; (b5b38 <module_user_init_hook+0x58>)
   b5af4:	bf0c      	ite	eq
   b5af6:	2201      	moveq	r2, #1
   b5af8:	2200      	movne	r2, #0
   b5afa:	701a      	strb	r2, [r3, #0]
    if (!backup_ram_was_valid_) {
   b5afc:	d001      	beq.n	b5b02 <module_user_init_hook+0x22>
        system_initialize_user_backup_ram();
   b5afe:	f7ff ffb1 	bl	b5a64 <_Z33system_initialize_user_backup_ramv>
    }
#endif

#if HAL_PLATFORM_RNG
    // Initialize the default stdlib PRNG using hardware RNG as a seed
    const uint32_t seed = HAL_RNG_GetRandomNumber();
   b5b02:	f7fe fc1f 	bl	b4344 <HAL_RNG_GetRandomNumber>
   b5b06:	4604      	mov	r4, r0
    srand(seed);
   b5b08:	f000 fda8 	bl	b665c <srand>

    // If the user defines random_seed_from_cloud, call it with a seed value
    // generated by a hardware RNG as well.
    if (random_seed_from_cloud) {
   b5b0c:	4b0b      	ldr	r3, [pc, #44]	; (b5b3c <module_user_init_hook+0x5c>)
   b5b0e:	b113      	cbz	r3, b5b16 <module_user_init_hook+0x36>
        random_seed_from_cloud(seed);
   b5b10:	4620      	mov	r0, r4
   b5b12:	f3af 8000 	nop.w
    }
#endif
    // Register the random_seed_from_cloud handler
    spark_set_random_seed_from_cloud_handler(&random_seed_from_cloud, nullptr);
   b5b16:	2100      	movs	r1, #0
   b5b18:	4808      	ldr	r0, [pc, #32]	; (b5b3c <module_user_init_hook+0x5c>)
   b5b1a:	f7fe fdcf 	bl	b46bc <spark_set_random_seed_from_cloud_handler>

    // Register application handler for the control requests
    system_ctrl_set_app_request_handler(ctrl_request_handler, nullptr);
}
   b5b1e:	e8bd 4010 	ldmia.w	sp!, {r4, lr}
    system_ctrl_set_app_request_handler(ctrl_request_handler, nullptr);
   b5b22:	4807      	ldr	r0, [pc, #28]	; (b5b40 <module_user_init_hook+0x60>)
   b5b24:	2100      	movs	r1, #0
   b5b26:	f7fe bd45 	b.w	b45b4 <system_ctrl_set_app_request_handler>
   b5b2a:	bf00      	nop
   b5b2c:	000b5a0d 	.word	0x000b5a0d
   b5b30:	2003f400 	.word	0x2003f400
   b5b34:	9a271c1e 	.word	0x9a271c1e
   b5b38:	2003e6f0 	.word	0x2003e6f0
   b5b3c:	00000000 	.word	0x00000000
   b5b40:	000b5aa9 	.word	0x000b5aa9

000b5b44 <_ZN9IPAddressD1Ev>:
    IPAddress(uint32_t address);
    // 4 bytes defining the IP address in network order
    IPAddress(const uint8_t* address);
    IPAddress(const HAL_IPAddress& address);

    virtual ~IPAddress() {}
   b5b44:	4770      	bx	lr

000b5b46 <_ZN9IPAddressD0Ev>:
   b5b46:	b510      	push	{r4, lr}
   b5b48:	2118      	movs	r1, #24
   b5b4a:	4604      	mov	r4, r0
   b5b4c:	f7fe fab7 	bl	b40be <_ZdlPvj>
   b5b50:	4620      	mov	r0, r4
   b5b52:	bd10      	pop	{r4, pc}

000b5b54 <_ZNK9IPAddress7printToER5Print>:
#endif // Wiring_IPv6
	return address.ipv4==that.address.ipv4;
}

size_t IPAddress::printTo(Print& p) const
{
   b5b54:	b5f0      	push	{r4, r5, r6, r7, lr}
#if Wiring_IPv6
#if HAL_USE_INET_HAL_POSIX
	if (address.v==6) {
   b5b56:	7d03      	ldrb	r3, [r0, #20]
   b5b58:	2b06      	cmp	r3, #6
{
   b5b5a:	b08d      	sub	sp, #52	; 0x34
   b5b5c:	460e      	mov	r6, r1
		char buf[INET6_ADDRSTRLEN+1];
		buf[0] = 0;
		inet_inet_ntop(AF_INET6, address.ipv6, buf, sizeof(buf));
   b5b5e:	f100 0704 	add.w	r7, r0, #4
   b5b62:	f04f 0400 	mov.w	r4, #0
	if (address.v==6) {
   b5b66:	d012      	beq.n	b5b8e <_ZNK9IPAddress7printToER5Print+0x3a>
   b5b68:	f100 0508 	add.w	r5, r0, #8
            val = n;
        }
#if __GNUC__ >= 9
#pragma GCC diagnostic pop
#endif // __GNUC__ >= 9
        return printNumber(val, base) + t;
   b5b6c:	f815 1d01 	ldrb.w	r1, [r5, #-1]!
   b5b70:	220a      	movs	r2, #10
   b5b72:	4630      	mov	r0, r6
   b5b74:	f7fe ff4b 	bl	b4a0e <_ZN5Print11printNumberEmh>
#else
#pragma message "HAL_USE_INET_HAL_POSIX is required for IPv6 support in IPAddress::printTo()"
#endif // HAL_USE_INET_HAL_POSIX
#endif // Wiring_IPv6
    size_t n = 0;
    for (int i = 0; i < 4; i++)
   b5b78:	42af      	cmp	r7, r5
    {
        if (n)
            n += p.print('.');
        n += p.print((*this)[i], DEC);
   b5b7a:	4404      	add	r4, r0
    for (int i = 0; i < 4; i++)
   b5b7c:	d019      	beq.n	b5bb2 <_ZNK9IPAddress7printToER5Print+0x5e>
        if (n)
   b5b7e:	2c00      	cmp	r4, #0
   b5b80:	d0f4      	beq.n	b5b6c <_ZNK9IPAddress7printToER5Print+0x18>
            n += p.print('.');
   b5b82:	212e      	movs	r1, #46	; 0x2e
   b5b84:	4630      	mov	r0, r6
   b5b86:	f7fe ff3f 	bl	b4a08 <_ZN5Print5printEc>
   b5b8a:	4404      	add	r4, r0
   b5b8c:	e7ee      	b.n	b5b6c <_ZNK9IPAddress7printToER5Print+0x18>
		inet_inet_ntop(AF_INET6, address.ipv6, buf, sizeof(buf));
   b5b8e:	232f      	movs	r3, #47	; 0x2f
   b5b90:	466a      	mov	r2, sp
   b5b92:	4639      	mov	r1, r7
   b5b94:	200a      	movs	r0, #10
		buf[0] = 0;
   b5b96:	f88d 4000 	strb.w	r4, [sp]
		inet_inet_ntop(AF_INET6, address.ipv6, buf, sizeof(buf));
   b5b9a:	f7fe fc0b 	bl	b43b4 <inet_inet_ntop>
      return write((const uint8_t *)str, strlen(str));
   b5b9e:	4668      	mov	r0, sp
   b5ba0:	f7fe fa46 	bl	b4030 <strlen>
   b5ba4:	6833      	ldr	r3, [r6, #0]
   b5ba6:	4602      	mov	r2, r0
   b5ba8:	68db      	ldr	r3, [r3, #12]
   b5baa:	4669      	mov	r1, sp
   b5bac:	4630      	mov	r0, r6
   b5bae:	4798      	blx	r3
   b5bb0:	4604      	mov	r4, r0
    }
    return n;
}
   b5bb2:	4620      	mov	r0, r4
   b5bb4:	b00d      	add	sp, #52	; 0x34
   b5bb6:	bdf0      	pop	{r4, r5, r6, r7, pc}

000b5bb8 <_ZN9IPAddressC1Ev>:
IPAddress::IPAddress()
   b5bb8:	b510      	push	{r4, lr}
   b5bba:	4b05      	ldr	r3, [pc, #20]	; (b5bd0 <_ZN9IPAddressC1Ev+0x18>)
   b5bbc:	4604      	mov	r4, r0
        return address;
    }

    virtual size_t printTo(Print& p) const;

    void clear() { memset(&address, 0, sizeof (address)); }
   b5bbe:	2211      	movs	r2, #17
   b5bc0:	f840 3b04 	str.w	r3, [r0], #4
   b5bc4:	2100      	movs	r1, #0
   b5bc6:	f000 fd41 	bl	b664c <memset>
}
   b5bca:	4620      	mov	r0, r4
   b5bcc:	bd10      	pop	{r4, pc}
   b5bce:	bf00      	nop
   b5bd0:	000b6ae0 	.word	0x000b6ae0

000b5bd4 <_ZN9IPAddressC1ERK16_HAL_IPAddress_t>:
IPAddress::IPAddress(const HAL_IPAddress& address)
   b5bd4:	4603      	mov	r3, r0
   b5bd6:	4a07      	ldr	r2, [pc, #28]	; (b5bf4 <_ZN9IPAddressC1ERK16_HAL_IPAddress_t+0x20>)
   b5bd8:	b510      	push	{r4, lr}
   b5bda:	f843 2b04 	str.w	r2, [r3], #4
    memcpy(&this->address, &address, sizeof(address));
   b5bde:	f101 0210 	add.w	r2, r1, #16
   b5be2:	f851 4b04 	ldr.w	r4, [r1], #4
   b5be6:	f843 4b04 	str.w	r4, [r3], #4
   b5bea:	4291      	cmp	r1, r2
   b5bec:	d1f9      	bne.n	b5be2 <_ZN9IPAddressC1ERK16_HAL_IPAddress_t+0xe>
   b5bee:	780a      	ldrb	r2, [r1, #0]
   b5bf0:	701a      	strb	r2, [r3, #0]
}
   b5bf2:	bd10      	pop	{r4, pc}
   b5bf4:	000b6ae0 	.word	0x000b6ae0

000b5bf8 <_ZN9IPAddress8set_ipv4Ehhhh>:
{
   b5bf8:	b510      	push	{r4, lr}
    address.ipv4 = b0<<24 | b1 << 16 | b2 << 8 | b3;
   b5bfa:	f89d 4008 	ldrb.w	r4, [sp, #8]
   b5bfe:	ea44 2303 	orr.w	r3, r4, r3, lsl #8
   b5c02:	ea43 4202 	orr.w	r2, r3, r2, lsl #16
   b5c06:	ea42 6101 	orr.w	r1, r2, r1, lsl #24
        address.v = version;
   b5c0a:	2304      	movs	r3, #4
   b5c0c:	6041      	str	r1, [r0, #4]
   b5c0e:	7503      	strb	r3, [r0, #20]
}
   b5c10:	bd10      	pop	{r4, pc}
	...

000b5c14 <_ZN9IPAddressC1EPKh>:
IPAddress::IPAddress(const uint8_t* addr)
   b5c14:	b507      	push	{r0, r1, r2, lr}
   b5c16:	4b06      	ldr	r3, [pc, #24]	; (b5c30 <_ZN9IPAddressC1EPKh+0x1c>)
   b5c18:	6003      	str	r3, [r0, #0]
    set_ipv4(addr[0], addr[1], addr[2], addr[3]);
   b5c1a:	78cb      	ldrb	r3, [r1, #3]
   b5c1c:	9300      	str	r3, [sp, #0]
   b5c1e:	788b      	ldrb	r3, [r1, #2]
   b5c20:	784a      	ldrb	r2, [r1, #1]
   b5c22:	7809      	ldrb	r1, [r1, #0]
   b5c24:	f7ff ffe8 	bl	b5bf8 <_ZN9IPAddress8set_ipv4Ehhhh>
}
   b5c28:	b003      	add	sp, #12
   b5c2a:	f85d fb04 	ldr.w	pc, [sp], #4
   b5c2e:	bf00      	nop
   b5c30:	000b6ae0 	.word	0x000b6ae0

000b5c34 <_ZN9USBSerial14blockOnOverrunEb>:
  HAL_USB_USART_Flush_Data(_serial);
}

void USBSerial::blockOnOverrun(bool block)
{
  _blocking = block;
   b5c34:	7441      	strb	r1, [r0, #17]
}
   b5c36:	4770      	bx	lr

000b5c38 <__tcf_0>:
}

USBSerial& _fetch_usbserial()
{
  HAL_USB_USART_Config conf = acquireSerialBuffer();
	static USBSerial _usbserial(HAL_USB_USART_SERIAL, conf);
   b5c38:	4770      	bx	lr

000b5c3a <_ZN9USBSerialD1Ev>:
#include "usb_hal.h"
#include "system_task.h"
#include "spark_wiring_startup.h"
#include "concurrent_hal.h"

class USBSerial : public Stream
   b5c3a:	4770      	bx	lr

000b5c3c <_ZN9USBSerial4readEv>:
{
   b5c3c:	b508      	push	{r3, lr}
	return std::max(-1, (int)HAL_USB_USART_Receive_Data(_serial, false));
   b5c3e:	2100      	movs	r1, #0
   b5c40:	7c00      	ldrb	r0, [r0, #16]
   b5c42:	f7fe fc6f 	bl	b4524 <HAL_USB_USART_Receive_Data>
}
   b5c46:	ea40 70e0 	orr.w	r0, r0, r0, asr #31
   b5c4a:	bd08      	pop	{r3, pc}

000b5c4c <_ZN9USBSerial4peekEv>:
{
   b5c4c:	b508      	push	{r3, lr}
	return std::max(-1, (int)HAL_USB_USART_Receive_Data(_serial, true));
   b5c4e:	2101      	movs	r1, #1
   b5c50:	7c00      	ldrb	r0, [r0, #16]
   b5c52:	f7fe fc67 	bl	b4524 <HAL_USB_USART_Receive_Data>
}
   b5c56:	ea40 70e0 	orr.w	r0, r0, r0, asr #31
   b5c5a:	bd08      	pop	{r3, pc}

000b5c5c <_ZN9USBSerial17availableForWriteEv>:
{
   b5c5c:	b508      	push	{r3, lr}
  return std::max(0, (int)HAL_USB_USART_Available_Data_For_Write(_serial));
   b5c5e:	7c00      	ldrb	r0, [r0, #16]
   b5c60:	f7fe fc58 	bl	b4514 <HAL_USB_USART_Available_Data_For_Write>
}
   b5c64:	ea20 70e0 	bic.w	r0, r0, r0, asr #31
   b5c68:	bd08      	pop	{r3, pc}

000b5c6a <_ZN9USBSerial9availableEv>:
{
   b5c6a:	b508      	push	{r3, lr}
	return std::max(0, (int)HAL_USB_USART_Available_Data(_serial));
   b5c6c:	7c00      	ldrb	r0, [r0, #16]
   b5c6e:	f7fe fc49 	bl	b4504 <HAL_USB_USART_Available_Data>
}
   b5c72:	ea20 70e0 	bic.w	r0, r0, r0, asr #31
   b5c76:	bd08      	pop	{r3, pc}

000b5c78 <_ZN9USBSerial5writeEh>:
{
   b5c78:	b513      	push	{r0, r1, r4, lr}
   b5c7a:	4604      	mov	r4, r0
  if (HAL_USB_USART_Available_Data_For_Write(_serial) > 0 || _blocking) {
   b5c7c:	7c00      	ldrb	r0, [r0, #16]
{
   b5c7e:	9101      	str	r1, [sp, #4]
  if (HAL_USB_USART_Available_Data_For_Write(_serial) > 0 || _blocking) {
   b5c80:	f7fe fc48 	bl	b4514 <HAL_USB_USART_Available_Data_For_Write>
   b5c84:	2800      	cmp	r0, #0
   b5c86:	9901      	ldr	r1, [sp, #4]
   b5c88:	dc01      	bgt.n	b5c8e <_ZN9USBSerial5writeEh+0x16>
   b5c8a:	7c60      	ldrb	r0, [r4, #17]
   b5c8c:	b120      	cbz	r0, b5c98 <_ZN9USBSerial5writeEh+0x20>
    return std::max(0, (int)HAL_USB_USART_Send_Data(_serial, byte));
   b5c8e:	7c20      	ldrb	r0, [r4, #16]
   b5c90:	f7fe fc50 	bl	b4534 <HAL_USB_USART_Send_Data>
   b5c94:	ea20 70e0 	bic.w	r0, r0, r0, asr #31
}
   b5c98:	b002      	add	sp, #8
   b5c9a:	bd10      	pop	{r4, pc}

000b5c9c <_ZN9USBSerial5flushEv>:
  HAL_USB_USART_Flush_Data(_serial);
   b5c9c:	7c00      	ldrb	r0, [r0, #16]
   b5c9e:	f7fe bc51 	b.w	b4544 <HAL_USB_USART_Flush_Data>

000b5ca2 <_ZN9USBSerialD0Ev>:
   b5ca2:	b510      	push	{r4, lr}
   b5ca4:	2114      	movs	r1, #20
   b5ca6:	4604      	mov	r4, r0
   b5ca8:	f7fe fa09 	bl	b40be <_ZdlPvj>
   b5cac:	4620      	mov	r0, r4
   b5cae:	bd10      	pop	{r4, pc}

000b5cb0 <_ZN9USBSerialC1E20HAL_USB_USART_SerialRK20HAL_USB_USART_Config>:
USBSerial::USBSerial(HAL_USB_USART_Serial serial, const HAL_USB_USART_Config& conf)
   b5cb0:	b510      	push	{r4, lr}
    virtual int available() = 0;
    virtual int read() = 0;
    virtual int peek() = 0;
    virtual void flush() = 0;

    Stream() {_timeout=1000;}
   b5cb2:	f44f 737a 	mov.w	r3, #1000	; 0x3e8
   b5cb6:	4604      	mov	r4, r0
   b5cb8:	4608      	mov	r0, r1
   b5cba:	2100      	movs	r1, #0
   b5cbc:	e9c4 1301 	strd	r1, r3, [r4, #4]
   b5cc0:	4b04      	ldr	r3, [pc, #16]	; (b5cd4 <_ZN9USBSerialC1E20HAL_USB_USART_SerialRK20HAL_USB_USART_Config+0x24>)
   b5cc2:	6023      	str	r3, [r4, #0]
  _blocking = true;
   b5cc4:	2301      	movs	r3, #1
  _serial = serial;
   b5cc6:	7420      	strb	r0, [r4, #16]
  _blocking = true;
   b5cc8:	7463      	strb	r3, [r4, #17]
  HAL_USB_USART_Init(_serial, &conf);
   b5cca:	4611      	mov	r1, r2
   b5ccc:	f7fe fc02 	bl	b44d4 <HAL_USB_USART_Init>
}
   b5cd0:	4620      	mov	r0, r4
   b5cd2:	bd10      	pop	{r4, pc}
   b5cd4:	000b6af4 	.word	0x000b6af4

000b5cd8 <_ZN9USBSerial5beginEl>:
    HAL_USB_USART_Begin(_serial, speed, NULL);
   b5cd8:	7c00      	ldrb	r0, [r0, #16]
   b5cda:	2200      	movs	r2, #0
   b5cdc:	f7fe bc02 	b.w	b44e4 <HAL_USB_USART_Begin>

000b5ce0 <_ZN9USBSerial3endEv>:
    HAL_USB_USART_End(_serial);
   b5ce0:	7c00      	ldrb	r0, [r0, #16]
   b5ce2:	f7fe bc07 	b.w	b44f4 <HAL_USB_USART_End>

000b5ce6 <_Z19acquireSerialBufferv>:
{
   b5ce6:	b510      	push	{r4, lr}
  HAL_USB_USART_Config conf = {};
   b5ce8:	2214      	movs	r2, #20
{
   b5cea:	4604      	mov	r4, r0
  HAL_USB_USART_Config conf = {};
   b5cec:	2100      	movs	r1, #0
   b5cee:	f000 fcad 	bl	b664c <memset>
}
   b5cf2:	4620      	mov	r0, r4
   b5cf4:	bd10      	pop	{r4, pc}
	...

000b5cf8 <_Z16_fetch_usbserialv>:
{
   b5cf8:	b510      	push	{r4, lr}
	static USBSerial _usbserial(HAL_USB_USART_SERIAL, conf);
   b5cfa:	4c0f      	ldr	r4, [pc, #60]	; (b5d38 <_Z16_fetch_usbserialv+0x40>)
{
   b5cfc:	b088      	sub	sp, #32
  HAL_USB_USART_Config conf = acquireSerialBuffer();
   b5cfe:	a803      	add	r0, sp, #12
   b5d00:	f7ff fff1 	bl	b5ce6 <_Z19acquireSerialBufferv>
	static USBSerial _usbserial(HAL_USB_USART_SERIAL, conf);
   b5d04:	7821      	ldrb	r1, [r4, #0]
   b5d06:	f3bf 8f5b 	dmb	ish
   b5d0a:	f011 0101 	ands.w	r1, r1, #1
   b5d0e:	d10f      	bne.n	b5d30 <_Z16_fetch_usbserialv+0x38>
   b5d10:	4620      	mov	r0, r4
   b5d12:	9101      	str	r1, [sp, #4]
   b5d14:	f7fe f9e2 	bl	b40dc <__cxa_guard_acquire>
   b5d18:	9901      	ldr	r1, [sp, #4]
   b5d1a:	b148      	cbz	r0, b5d30 <_Z16_fetch_usbserialv+0x38>
   b5d1c:	aa03      	add	r2, sp, #12
   b5d1e:	4807      	ldr	r0, [pc, #28]	; (b5d3c <_Z16_fetch_usbserialv+0x44>)
   b5d20:	f7ff ffc6 	bl	b5cb0 <_ZN9USBSerialC1E20HAL_USB_USART_SerialRK20HAL_USB_USART_Config>
   b5d24:	4620      	mov	r0, r4
   b5d26:	f7fe f9de 	bl	b40e6 <__cxa_guard_release>
   b5d2a:	4805      	ldr	r0, [pc, #20]	; (b5d40 <_Z16_fetch_usbserialv+0x48>)
   b5d2c:	f000 fc58 	bl	b65e0 <atexit>
	return _usbserial;
}
   b5d30:	4802      	ldr	r0, [pc, #8]	; (b5d3c <_Z16_fetch_usbserialv+0x44>)
   b5d32:	b008      	add	sp, #32
   b5d34:	bd10      	pop	{r4, pc}
   b5d36:	bf00      	nop
   b5d38:	2003e6f8 	.word	0x2003e6f8
   b5d3c:	2003e6fc 	.word	0x2003e6fc
   b5d40:	000b5c39 	.word	0x000b5c39

000b5d44 <_ZN12_GLOBAL__N_19skipTokenEPK9jsmntok_t>:

namespace {

// Skips token and all its children tokens if any
const jsmntok_t* skipToken(const jsmntok_t *t) {
    size_t n = 1;
   b5d44:	f100 0310 	add.w	r3, r0, #16
   b5d48:	2201      	movs	r2, #1
    do {
        if (t->type == JSMN_OBJECT) {
   b5d4a:	f813 1c10 	ldrb.w	r1, [r3, #-16]
   b5d4e:	2901      	cmp	r1, #1
   b5d50:	4618      	mov	r0, r3
   b5d52:	d108      	bne.n	b5d66 <_ZN12_GLOBAL__N_19skipTokenEPK9jsmntok_t+0x22>
            n += t->size * 2; // Number of name and value tokens
   b5d54:	f853 1c04 	ldr.w	r1, [r3, #-4]
   b5d58:	eb02 0241 	add.w	r2, r2, r1, lsl #1
        } else if (t->type == JSMN_ARRAY) {
            n += t->size; // Number of value tokens
        }
        ++t;
        --n;
    } while (n);
   b5d5c:	3a01      	subs	r2, #1
   b5d5e:	f103 0310 	add.w	r3, r3, #16
   b5d62:	d1f2      	bne.n	b5d4a <_ZN12_GLOBAL__N_19skipTokenEPK9jsmntok_t+0x6>
    return t;
}
   b5d64:	4770      	bx	lr
        } else if (t->type == JSMN_ARRAY) {
   b5d66:	2902      	cmp	r1, #2
            n += t->size; // Number of value tokens
   b5d68:	bf04      	itt	eq
   b5d6a:	f853 1c04 	ldreq.w	r1, [r3, #-4]
   b5d6e:	1852      	addeq	r2, r2, r1
   b5d70:	e7f4      	b.n	b5d5c <_ZN12_GLOBAL__N_19skipTokenEPK9jsmntok_t+0x18>

000b5d72 <_ZN5spark10JSONWriter6printfEPKcz>:
    write("null", 4);
    state_ = NEXT;
    return *this;
}

void spark::JSONWriter::printf(const char *fmt, ...) {
   b5d72:	b40e      	push	{r1, r2, r3}
   b5d74:	b5f0      	push	{r4, r5, r6, r7, lr}
   b5d76:	b088      	sub	sp, #32
   b5d78:	af00      	add	r7, sp, #0
   b5d7a:	f107 0534 	add.w	r5, r7, #52	; 0x34
    char buf[16];
    va_list args;
    va_start(args, fmt);
    int n = vsnprintf(buf, sizeof(buf), fmt, args);
   b5d7e:	2110      	movs	r1, #16
void spark::JSONWriter::printf(const char *fmt, ...) {
   b5d80:	f855 2b04 	ldr.w	r2, [r5], #4
    int n = vsnprintf(buf, sizeof(buf), fmt, args);
   b5d84:	607a      	str	r2, [r7, #4]
void spark::JSONWriter::printf(const char *fmt, ...) {
   b5d86:	4604      	mov	r4, r0
    int n = vsnprintf(buf, sizeof(buf), fmt, args);
   b5d88:	462b      	mov	r3, r5
   b5d8a:	1878      	adds	r0, r7, r1
    va_start(args, fmt);
   b5d8c:	60fd      	str	r5, [r7, #12]
    int n = vsnprintf(buf, sizeof(buf), fmt, args);
   b5d8e:	f7fe fcb5 	bl	b46fc <vsnprintf>
    va_end(args);
    if ((size_t)n >= sizeof(buf)) {
   b5d92:	280f      	cmp	r0, #15
   b5d94:	687a      	ldr	r2, [r7, #4]
   b5d96:	d91a      	bls.n	b5dce <_ZN5spark10JSONWriter6printfEPKcz+0x5c>
        char buf[n + 1]; // Use larger buffer
   b5d98:	f100 0308 	add.w	r3, r0, #8
   b5d9c:	f023 0307 	bic.w	r3, r3, #7
        va_start(args, fmt);
        n = vsnprintf(buf, sizeof(buf), fmt, args);
        va_end(args);
        if (n > 0) {
            write(buf, n);
        }
   b5da0:	466e      	mov	r6, sp
        char buf[n + 1]; // Use larger buffer
   b5da2:	ebad 0d03 	sub.w	sp, sp, r3
        n = vsnprintf(buf, sizeof(buf), fmt, args);
   b5da6:	1c41      	adds	r1, r0, #1
   b5da8:	462b      	mov	r3, r5
   b5daa:	4668      	mov	r0, sp
        va_start(args, fmt);
   b5dac:	60fd      	str	r5, [r7, #12]
        n = vsnprintf(buf, sizeof(buf), fmt, args);
   b5dae:	f7fe fca5 	bl	b46fc <vsnprintf>
        if (n > 0) {
   b5db2:	1e02      	subs	r2, r0, #0
   b5db4:	dd04      	ble.n	b5dc0 <_ZN5spark10JSONWriter6printfEPKcz+0x4e>
            write(buf, n);
   b5db6:	6823      	ldr	r3, [r4, #0]
   b5db8:	4669      	mov	r1, sp
   b5dba:	689b      	ldr	r3, [r3, #8]
   b5dbc:	4620      	mov	r0, r4
   b5dbe:	4798      	blx	r3
   b5dc0:	46b5      	mov	sp, r6
    } else if (n > 0) {
        write(buf, n);
    }
}
   b5dc2:	3720      	adds	r7, #32
   b5dc4:	46bd      	mov	sp, r7
   b5dc6:	e8bd 40f0 	ldmia.w	sp!, {r4, r5, r6, r7, lr}
   b5dca:	b003      	add	sp, #12
   b5dcc:	4770      	bx	lr
    } else if (n > 0) {
   b5dce:	2800      	cmp	r0, #0
   b5dd0:	d0f7      	beq.n	b5dc2 <_ZN5spark10JSONWriter6printfEPKcz+0x50>
        write(buf, n);
   b5dd2:	6823      	ldr	r3, [r4, #0]
   b5dd4:	4602      	mov	r2, r0
   b5dd6:	689b      	ldr	r3, [r3, #8]
   b5dd8:	f107 0110 	add.w	r1, r7, #16
   b5ddc:	4620      	mov	r0, r4
   b5dde:	4798      	blx	r3
}
   b5de0:	e7ef      	b.n	b5dc2 <_ZN5spark10JSONWriter6printfEPKcz+0x50>

000b5de2 <_ZNSt12__shared_ptrIN5spark6detail8JSONDataELN9__gnu_cxx12_Lock_policyE0EEaSERKS5_.isra.0>:
      __shared_ptr& operator=(const __shared_ptr&) noexcept = default;
   b5de2:	b538      	push	{r3, r4, r5, lr}
   b5de4:	680b      	ldr	r3, [r1, #0]
   b5de6:	6003      	str	r3, [r0, #0]
   b5de8:	684d      	ldr	r5, [r1, #4]
	if (__tmp != _M_pi)
   b5dea:	6843      	ldr	r3, [r0, #4]
   b5dec:	429d      	cmp	r5, r3
      __shared_ptr& operator=(const __shared_ptr&) noexcept = default;
   b5dee:	4604      	mov	r4, r0
	if (__tmp != _M_pi)
   b5df0:	d008      	beq.n	b5e04 <_ZNSt12__shared_ptrIN5spark6detail8JSONDataELN9__gnu_cxx12_Lock_policyE0EEaSERKS5_.isra.0+0x22>
	    if (__tmp != 0)
   b5df2:	b115      	cbz	r5, b5dfa <_ZNSt12__shared_ptrIN5spark6detail8JSONDataELN9__gnu_cxx12_Lock_policyE0EEaSERKS5_.isra.0+0x18>
    { ++_M_use_count; }
   b5df4:	686b      	ldr	r3, [r5, #4]
   b5df6:	3301      	adds	r3, #1
   b5df8:	606b      	str	r3, [r5, #4]
	    if (_M_pi != 0)
   b5dfa:	6860      	ldr	r0, [r4, #4]
   b5dfc:	b108      	cbz	r0, b5e02 <_ZNSt12__shared_ptrIN5spark6detail8JSONDataELN9__gnu_cxx12_Lock_policyE0EEaSERKS5_.isra.0+0x20>
	      _M_pi->_M_release();
   b5dfe:	f7fe fd9b 	bl	b4938 <_ZNSt16_Sp_counted_baseILN9__gnu_cxx12_Lock_policyE0EE10_M_releaseEv>
	    _M_pi = __tmp;
   b5e02:	6065      	str	r5, [r4, #4]
      __shared_ptr& operator=(const __shared_ptr&) noexcept = default;
   b5e04:	bd38      	pop	{r3, r4, r5, pc}

000b5e06 <_ZN5spark10JSONWriter5writeEc>:
inline void spark::JSONWriter::write(char c) {
   b5e06:	b507      	push	{r0, r1, r2, lr}
    write(&c, 1);
   b5e08:	6803      	ldr	r3, [r0, #0]
inline void spark::JSONWriter::write(char c) {
   b5e0a:	f88d 1007 	strb.w	r1, [sp, #7]
    write(&c, 1);
   b5e0e:	689b      	ldr	r3, [r3, #8]
   b5e10:	2201      	movs	r2, #1
   b5e12:	f10d 0107 	add.w	r1, sp, #7
   b5e16:	4798      	blx	r3
}
   b5e18:	b003      	add	sp, #12
   b5e1a:	f85d fb04 	ldr.w	pc, [sp], #4

000b5e1e <_ZN5spark9JSONValueC1EPK9jsmntok_tSt10shared_ptrINS_6detail8JSONDataEE>:
spark::JSONValue::JSONValue(const jsmntok_t *t, detail::JSONDataPtr d) :
   b5e1e:	460b      	mov	r3, r1
   b5e20:	4611      	mov	r1, r2
      : _M_ptr(0), _M_refcount()
   b5e22:	2200      	movs	r2, #0
   b5e24:	b510      	push	{r4, lr}
      constexpr __shared_count() noexcept : _M_pi(0)
   b5e26:	e9c0 2200 	strd	r2, r2, [r0]
   b5e2a:	4604      	mov	r4, r0
        t_ = t;
   b5e2c:	6083      	str	r3, [r0, #8]
    if (t) {
   b5e2e:	b90b      	cbnz	r3, b5e34 <_ZN5spark9JSONValueC1EPK9jsmntok_tSt10shared_ptrINS_6detail8JSONDataEE+0x16>
}
   b5e30:	4620      	mov	r0, r4
   b5e32:	bd10      	pop	{r4, pc}
       *  @brief  Construct an empty %shared_ptr.
       *  @post   use_count() == 0 && get() == nullptr
       */
      constexpr shared_ptr(nullptr_t) noexcept : shared_ptr() { }

      shared_ptr& operator=(const shared_ptr&) noexcept = default;
   b5e34:	f7ff ffd5 	bl	b5de2 <_ZNSt12__shared_ptrIN5spark6detail8JSONDataELN9__gnu_cxx12_Lock_policyE0EEaSERKS5_.isra.0>
   b5e38:	e7fa      	b.n	b5e30 <_ZN5spark9JSONValueC1EPK9jsmntok_tSt10shared_ptrINS_6detail8JSONDataEE+0x12>

000b5e3a <_ZNK5spark9JSONValue4typeEv>:
    if (!t_) {
   b5e3a:	6883      	ldr	r3, [r0, #8]
   b5e3c:	b1eb      	cbz	r3, b5e7a <_ZNK5spark9JSONValue4typeEv+0x40>
    switch (t_->type) {
   b5e3e:	781a      	ldrb	r2, [r3, #0]
   b5e40:	2a03      	cmp	r2, #3
   b5e42:	d81a      	bhi.n	b5e7a <_ZNK5spark9JSONValue4typeEv+0x40>
   b5e44:	e8df f002 	tbb	[pc, r2]
   b5e48:	1b021704 	.word	0x1b021704
   b5e4c:	2005      	movs	r0, #5
   b5e4e:	4770      	bx	lr
        const char c = d_->json[t_->start];
   b5e50:	6802      	ldr	r2, [r0, #0]
   b5e52:	685b      	ldr	r3, [r3, #4]
   b5e54:	6852      	ldr	r2, [r2, #4]
   b5e56:	5cd0      	ldrb	r0, [r2, r3]
        if (c == '-' || (c >= '0' && c <= '9')) {
   b5e58:	282d      	cmp	r0, #45	; 0x2d
   b5e5a:	d012      	beq.n	b5e82 <_ZNK5spark9JSONValue4typeEv+0x48>
   b5e5c:	f1a0 0330 	sub.w	r3, r0, #48	; 0x30
   b5e60:	2b09      	cmp	r3, #9
   b5e62:	d90e      	bls.n	b5e82 <_ZNK5spark9JSONValue4typeEv+0x48>
        } else if (c == 't' || c == 'f') { // Literal names are always in lower case
   b5e64:	2874      	cmp	r0, #116	; 0x74
   b5e66:	d00e      	beq.n	b5e86 <_ZNK5spark9JSONValue4typeEv+0x4c>
   b5e68:	2866      	cmp	r0, #102	; 0x66
   b5e6a:	d00c      	beq.n	b5e86 <_ZNK5spark9JSONValue4typeEv+0x4c>
        return JSON_TYPE_INVALID;
   b5e6c:	f1a0 036e 	sub.w	r3, r0, #110	; 0x6e
   b5e70:	4258      	negs	r0, r3
   b5e72:	4158      	adcs	r0, r3
   b5e74:	4770      	bx	lr
        return JSON_TYPE_OBJECT;
   b5e76:	2006      	movs	r0, #6
   b5e78:	4770      	bx	lr
        return JSON_TYPE_INVALID;
   b5e7a:	2000      	movs	r0, #0
   b5e7c:	4770      	bx	lr
        return JSON_TYPE_STRING;
   b5e7e:	2004      	movs	r0, #4
   b5e80:	4770      	bx	lr
            return JSON_TYPE_NUMBER;
   b5e82:	2003      	movs	r0, #3
   b5e84:	4770      	bx	lr
            return JSON_TYPE_BOOL;
   b5e86:	2002      	movs	r0, #2
}
   b5e88:	4770      	bx	lr

000b5e8a <_ZNK5spark9JSONValue5toIntEv>:
int spark::JSONValue::toInt() const {
   b5e8a:	b510      	push	{r4, lr}
   b5e8c:	4604      	mov	r4, r0
    switch (type()) {
   b5e8e:	f7ff ffd4 	bl	b5e3a <_ZNK5spark9JSONValue4typeEv>
   b5e92:	2802      	cmp	r0, #2
   b5e94:	d00e      	beq.n	b5eb4 <_ZNK5spark9JSONValue5toIntEv+0x2a>
   b5e96:	1ec3      	subs	r3, r0, #3
   b5e98:	b2db      	uxtb	r3, r3
   b5e9a:	2b01      	cmp	r3, #1
   b5e9c:	d814      	bhi.n	b5ec8 <_ZNK5spark9JSONValue5toIntEv+0x3e>
        const char* const s = d_->json + t_->start;
   b5e9e:	6822      	ldr	r2, [r4, #0]
   b5ea0:	68a3      	ldr	r3, [r4, #8]
   b5ea2:	6850      	ldr	r0, [r2, #4]
   b5ea4:	685b      	ldr	r3, [r3, #4]
}
   b5ea6:	e8bd 4010 	ldmia.w	sp!, {r4, lr}
        return strtol(s, nullptr, 10);
   b5eaa:	220a      	movs	r2, #10
   b5eac:	2100      	movs	r1, #0
   b5eae:	4418      	add	r0, r3
   b5eb0:	f000 bccc 	b.w	b684c <strtol>
        const char* const s = d_->json + t_->start;
   b5eb4:	6822      	ldr	r2, [r4, #0]
   b5eb6:	68a3      	ldr	r3, [r4, #8]
        return *s == 't';
   b5eb8:	6852      	ldr	r2, [r2, #4]
   b5eba:	685b      	ldr	r3, [r3, #4]
   b5ebc:	5cd0      	ldrb	r0, [r2, r3]
   b5ebe:	f1a0 0374 	sub.w	r3, r0, #116	; 0x74
   b5ec2:	4258      	negs	r0, r3
   b5ec4:	4158      	adcs	r0, r3
}
   b5ec6:	bd10      	pop	{r4, pc}
    switch (type()) {
   b5ec8:	2000      	movs	r0, #0
   b5eca:	e7fc      	b.n	b5ec6 <_ZNK5spark9JSONValue5toIntEv+0x3c>

000b5ecc <_ZN5spark10JSONStringC1EPK9jsmntok_tSt10shared_ptrINS_6detail8JSONDataEE>:
spark::JSONString::JSONString(const jsmntok_t *t, detail::JSONDataPtr d) :
   b5ecc:	b538      	push	{r3, r4, r5, lr}
      : _M_ptr(0), _M_refcount()
   b5ece:	2300      	movs	r3, #0
      constexpr __shared_count() noexcept : _M_pi(0)
   b5ed0:	e9c0 3300 	strd	r3, r3, [r0]
   b5ed4:	4604      	mov	r4, r0
        n_(0) {
   b5ed6:	480e      	ldr	r0, [pc, #56]	; (b5f10 <_ZN5spark10JSONStringC1EPK9jsmntok_tSt10shared_ptrINS_6detail8JSONDataEE+0x44>)
   b5ed8:	e9c4 0302 	strd	r0, r3, [r4, #8]
    if (t && (t->type == JSMN_STRING || t->type == JSMN_PRIMITIVE)) {
   b5edc:	b1a9      	cbz	r1, b5f0a <_ZN5spark10JSONStringC1EPK9jsmntok_tSt10shared_ptrINS_6detail8JSONDataEE+0x3e>
   b5ede:	780b      	ldrb	r3, [r1, #0]
   b5ee0:	2b03      	cmp	r3, #3
   b5ee2:	d006      	beq.n	b5ef2 <_ZN5spark10JSONStringC1EPK9jsmntok_tSt10shared_ptrINS_6detail8JSONDataEE+0x26>
   b5ee4:	b98b      	cbnz	r3, b5f0a <_ZN5spark10JSONStringC1EPK9jsmntok_tSt10shared_ptrINS_6detail8JSONDataEE+0x3e>
        if (t->type != JSMN_PRIMITIVE || d->json[t->start] != 'n') { // Nulls are treated as empty strings
   b5ee6:	6813      	ldr	r3, [r2, #0]
   b5ee8:	6858      	ldr	r0, [r3, #4]
   b5eea:	684b      	ldr	r3, [r1, #4]
   b5eec:	5cc3      	ldrb	r3, [r0, r3]
   b5eee:	2b6e      	cmp	r3, #110	; 0x6e
   b5ef0:	d007      	beq.n	b5f02 <_ZN5spark10JSONStringC1EPK9jsmntok_tSt10shared_ptrINS_6detail8JSONDataEE+0x36>
            s_ = d->json + t->start;
   b5ef2:	6813      	ldr	r3, [r2, #0]
   b5ef4:	684d      	ldr	r5, [r1, #4]
   b5ef6:	6858      	ldr	r0, [r3, #4]
            n_ = t->end - t->start;
   b5ef8:	688b      	ldr	r3, [r1, #8]
            s_ = d->json + t->start;
   b5efa:	4428      	add	r0, r5
            n_ = t->end - t->start;
   b5efc:	1b5b      	subs	r3, r3, r5
            s_ = d->json + t->start;
   b5efe:	60a0      	str	r0, [r4, #8]
            n_ = t->end - t->start;
   b5f00:	60e3      	str	r3, [r4, #12]
   b5f02:	4611      	mov	r1, r2
   b5f04:	4620      	mov	r0, r4
   b5f06:	f7ff ff6c 	bl	b5de2 <_ZNSt12__shared_ptrIN5spark6detail8JSONDataELN9__gnu_cxx12_Lock_policyE0EEaSERKS5_.isra.0>
}
   b5f0a:	4620      	mov	r0, r4
   b5f0c:	bd38      	pop	{r3, r4, r5, pc}
   b5f0e:	bf00      	nop
   b5f10:	000b6a41 	.word	0x000b6a41

000b5f14 <_ZN5spark18JSONObjectIteratorC1EPK9jsmntok_tSt10shared_ptrINS_6detail8JSONDataEE>:
spark::JSONObjectIterator::JSONObjectIterator(const jsmntok_t *t, detail::JSONDataPtr d) :
   b5f14:	b538      	push	{r3, r4, r5, lr}
      : _M_ptr(0), _M_refcount()
   b5f16:	2500      	movs	r5, #0
   b5f18:	460b      	mov	r3, r1
      constexpr __shared_count() noexcept : _M_pi(0)
   b5f1a:	e9c0 5500 	strd	r5, r5, [r0]
        n_(0) {
   b5f1e:	e9c0 5502 	strd	r5, r5, [r0, #8]
   b5f22:	e9c0 5504 	strd	r5, r5, [r0, #16]
   b5f26:	4604      	mov	r4, r0
   b5f28:	4611      	mov	r1, r2
    if (t && t->type == JSMN_OBJECT) {
   b5f2a:	b14b      	cbz	r3, b5f40 <_ZN5spark18JSONObjectIteratorC1EPK9jsmntok_tSt10shared_ptrINS_6detail8JSONDataEE+0x2c>
   b5f2c:	781a      	ldrb	r2, [r3, #0]
   b5f2e:	2a01      	cmp	r2, #1
   b5f30:	d106      	bne.n	b5f40 <_ZN5spark18JSONObjectIteratorC1EPK9jsmntok_tSt10shared_ptrINS_6detail8JSONDataEE+0x2c>
        t_ = t + 1; // First property's name
   b5f32:	f103 0210 	add.w	r2, r3, #16
        n_ = t->size; // Number of properties
   b5f36:	68db      	ldr	r3, [r3, #12]
        t_ = t + 1; // First property's name
   b5f38:	6082      	str	r2, [r0, #8]
        n_ = t->size; // Number of properties
   b5f3a:	6143      	str	r3, [r0, #20]
   b5f3c:	f7ff ff51 	bl	b5de2 <_ZNSt12__shared_ptrIN5spark6detail8JSONDataELN9__gnu_cxx12_Lock_policyE0EEaSERKS5_.isra.0>
}
   b5f40:	4620      	mov	r0, r4
   b5f42:	bd38      	pop	{r3, r4, r5, pc}

000b5f44 <_ZN5spark18JSONObjectIterator4nextEv>:
bool spark::JSONObjectIterator::next() {
   b5f44:	b510      	push	{r4, lr}
    if (!n_) {
   b5f46:	6943      	ldr	r3, [r0, #20]
bool spark::JSONObjectIterator::next() {
   b5f48:	4604      	mov	r4, r0
    if (!n_) {
   b5f4a:	b163      	cbz	r3, b5f66 <_ZN5spark18JSONObjectIterator4nextEv+0x22>
    k_ = t_; // Name
   b5f4c:	6880      	ldr	r0, [r0, #8]
   b5f4e:	60e0      	str	r0, [r4, #12]
    --n_;
   b5f50:	3b01      	subs	r3, #1
    ++t_;
   b5f52:	3010      	adds	r0, #16
   b5f54:	60a0      	str	r0, [r4, #8]
    v_ = t_; // Value
   b5f56:	6120      	str	r0, [r4, #16]
    --n_;
   b5f58:	6163      	str	r3, [r4, #20]
    if (n_) {
   b5f5a:	b113      	cbz	r3, b5f62 <_ZN5spark18JSONObjectIterator4nextEv+0x1e>
        t_ = skipToken(t_);
   b5f5c:	f7ff fef2 	bl	b5d44 <_ZN12_GLOBAL__N_19skipTokenEPK9jsmntok_t>
   b5f60:	60a0      	str	r0, [r4, #8]
    return true;
   b5f62:	2001      	movs	r0, #1
   b5f64:	e000      	b.n	b5f68 <_ZN5spark18JSONObjectIterator4nextEv+0x24>
        return false;
   b5f66:	4618      	mov	r0, r3
}
   b5f68:	bd10      	pop	{r4, pc}

000b5f6a <_ZN5spark10JSONWriter9endObjectEv>:
spark::JSONWriter& spark::JSONWriter::endObject() {
   b5f6a:	b510      	push	{r4, lr}
    write('}');
   b5f6c:	217d      	movs	r1, #125	; 0x7d
spark::JSONWriter& spark::JSONWriter::endObject() {
   b5f6e:	4604      	mov	r4, r0
    write('}');
   b5f70:	f7ff ff49 	bl	b5e06 <_ZN5spark10JSONWriter5writeEc>
    state_ = NEXT;
   b5f74:	2301      	movs	r3, #1
   b5f76:	7123      	strb	r3, [r4, #4]
}
   b5f78:	4620      	mov	r0, r4
   b5f7a:	bd10      	pop	{r4, pc}

000b5f7c <_ZN5spark10JSONWriter14writeSeparatorEv>:

void spark::JSONWriter::writeSeparator() {
   b5f7c:	b508      	push	{r3, lr}
    switch (state_) {
   b5f7e:	7903      	ldrb	r3, [r0, #4]
   b5f80:	2b01      	cmp	r3, #1
   b5f82:	d002      	beq.n	b5f8a <_ZN5spark10JSONWriter14writeSeparatorEv+0xe>
   b5f84:	2b02      	cmp	r3, #2
   b5f86:	d004      	beq.n	b5f92 <_ZN5spark10JSONWriter14writeSeparatorEv+0x16>
        write(':');
        break;
    default:
        break;
    }
}
   b5f88:	bd08      	pop	{r3, pc}
        write(',');
   b5f8a:	212c      	movs	r1, #44	; 0x2c
        write(':');
   b5f8c:	f7ff ff3b 	bl	b5e06 <_ZN5spark10JSONWriter5writeEc>
}
   b5f90:	e7fa      	b.n	b5f88 <_ZN5spark10JSONWriter14writeSeparatorEv+0xc>
        write(':');
   b5f92:	213a      	movs	r1, #58	; 0x3a
   b5f94:	e7fa      	b.n	b5f8c <_ZN5spark10JSONWriter14writeSeparatorEv+0x10>

000b5f96 <_ZN5spark10JSONWriter11beginObjectEv>:
spark::JSONWriter& spark::JSONWriter::beginObject() {
   b5f96:	b510      	push	{r4, lr}
   b5f98:	4604      	mov	r4, r0
    writeSeparator();
   b5f9a:	f7ff ffef 	bl	b5f7c <_ZN5spark10JSONWriter14writeSeparatorEv>
    write('{');
   b5f9e:	4620      	mov	r0, r4
   b5fa0:	217b      	movs	r1, #123	; 0x7b
   b5fa2:	f7ff ff30 	bl	b5e06 <_ZN5spark10JSONWriter5writeEc>
    state_ = BEGIN;
   b5fa6:	2300      	movs	r3, #0
   b5fa8:	7123      	strb	r3, [r4, #4]
}
   b5faa:	4620      	mov	r0, r4
   b5fac:	bd10      	pop	{r4, pc}
	...

000b5fb0 <_ZN5spark10JSONWriter5valueEi>:
spark::JSONWriter& spark::JSONWriter::value(int val) {
   b5fb0:	b513      	push	{r0, r1, r4, lr}
   b5fb2:	4604      	mov	r4, r0
   b5fb4:	9101      	str	r1, [sp, #4]
    writeSeparator();
   b5fb6:	f7ff ffe1 	bl	b5f7c <_ZN5spark10JSONWriter14writeSeparatorEv>
    printf("%d", val);
   b5fba:	6823      	ldr	r3, [r4, #0]
   b5fbc:	9a01      	ldr	r2, [sp, #4]
   b5fbe:	68db      	ldr	r3, [r3, #12]
   b5fc0:	4903      	ldr	r1, [pc, #12]	; (b5fd0 <_ZN5spark10JSONWriter5valueEi+0x20>)
   b5fc2:	4620      	mov	r0, r4
   b5fc4:	4798      	blx	r3
    state_ = NEXT;
   b5fc6:	2301      	movs	r3, #1
}
   b5fc8:	4620      	mov	r0, r4
    state_ = NEXT;
   b5fca:	7123      	strb	r3, [r4, #4]
}
   b5fcc:	b002      	add	sp, #8
   b5fce:	bd10      	pop	{r4, pc}
   b5fd0:	000b6a1b 	.word	0x000b6a1b

000b5fd4 <_ZN5spark10JSONWriter5valueEj>:
spark::JSONWriter& spark::JSONWriter::value(unsigned val) {
   b5fd4:	b513      	push	{r0, r1, r4, lr}
   b5fd6:	4604      	mov	r4, r0
   b5fd8:	9101      	str	r1, [sp, #4]
    writeSeparator();
   b5fda:	f7ff ffcf 	bl	b5f7c <_ZN5spark10JSONWriter14writeSeparatorEv>
    printf("%u", val);
   b5fde:	6823      	ldr	r3, [r4, #0]
   b5fe0:	9a01      	ldr	r2, [sp, #4]
   b5fe2:	68db      	ldr	r3, [r3, #12]
   b5fe4:	4903      	ldr	r1, [pc, #12]	; (b5ff4 <_ZN5spark10JSONWriter5valueEj+0x20>)
   b5fe6:	4620      	mov	r0, r4
   b5fe8:	4798      	blx	r3
    state_ = NEXT;
   b5fea:	2301      	movs	r3, #1
}
   b5fec:	4620      	mov	r0, r4
    state_ = NEXT;
   b5fee:	7123      	strb	r3, [r4, #4]
}
   b5ff0:	b002      	add	sp, #8
   b5ff2:	bd10      	pop	{r4, pc}
   b5ff4:	000b6b20 	.word	0x000b6b20

000b5ff8 <_ZN5spark10JSONWriter12writeEscapedEPKcj>:

void spark::JSONWriter::writeEscaped(const char *str, size_t size) {
   b5ff8:	e92d 47f0 	stmdb	sp!, {r4, r5, r6, r7, r8, r9, sl, lr}
   b5ffc:	460d      	mov	r5, r1
    write('"');
   b5ffe:	2122      	movs	r1, #34	; 0x22
void spark::JSONWriter::writeEscaped(const char *str, size_t size) {
   b6000:	4690      	mov	r8, r2
   b6002:	4604      	mov	r4, r0
    write('"');
   b6004:	f7ff feff 	bl	b5e06 <_ZN5spark10JSONWriter5writeEc>
            case 0x0d: // Carriage return
                write('r');
                break;
            default:
                // All other control characters are written in hex, e.g. "\u001f"
                printf("u%04x", (unsigned)c);
   b6008:	f8df 90a4 	ldr.w	r9, [pc, #164]	; b60b0 <_ZN5spark10JSONWriter12writeEscapedEPKcj+0xb8>
    const char* const end = str + size;
   b600c:	44a8      	add	r8, r5
    const char *s = str;
   b600e:	462f      	mov	r7, r5
    while (s != end) {
   b6010:	4547      	cmp	r7, r8
   b6012:	46ba      	mov	sl, r7
   b6014:	d03d      	beq.n	b6092 <_ZN5spark10JSONWriter12writeEscapedEPKcj+0x9a>
        const char c = *s;
   b6016:	f817 6b01 	ldrb.w	r6, [r7], #1
        if (c == '"' || c == '\\' || !std::isprint((unsigned char)c)) {
   b601a:	2e22      	cmp	r6, #34	; 0x22
   b601c:	d006      	beq.n	b602c <_ZN5spark10JSONWriter12writeEscapedEPKcj+0x34>
   b601e:	2e5c      	cmp	r6, #92	; 0x5c
   b6020:	d004      	beq.n	b602c <_ZN5spark10JSONWriter12writeEscapedEPKcj+0x34>
   b6022:	4630      	mov	r0, r6
   b6024:	f000 fae2 	bl	b65ec <isprint>
   b6028:	2800      	cmp	r0, #0
   b602a:	d1f1      	bne.n	b6010 <_ZN5spark10JSONWriter12writeEscapedEPKcj+0x18>
            write(str, s - str); // Write preceeding characters
   b602c:	6823      	ldr	r3, [r4, #0]
   b602e:	ebaa 0205 	sub.w	r2, sl, r5
   b6032:	689b      	ldr	r3, [r3, #8]
   b6034:	4629      	mov	r1, r5
   b6036:	4620      	mov	r0, r4
   b6038:	4798      	blx	r3
            write('\\');
   b603a:	215c      	movs	r1, #92	; 0x5c
   b603c:	4620      	mov	r0, r4
   b603e:	f7ff fee2 	bl	b5e06 <_ZN5spark10JSONWriter5writeEc>
            switch (c) {
   b6042:	2e0d      	cmp	r6, #13
   b6044:	d80a      	bhi.n	b605c <_ZN5spark10JSONWriter12writeEscapedEPKcj+0x64>
   b6046:	2e07      	cmp	r6, #7
   b6048:	d91c      	bls.n	b6084 <_ZN5spark10JSONWriter12writeEscapedEPKcj+0x8c>
   b604a:	f1a6 0308 	sub.w	r3, r6, #8
   b604e:	2b05      	cmp	r3, #5
   b6050:	d818      	bhi.n	b6084 <_ZN5spark10JSONWriter12writeEscapedEPKcj+0x8c>
   b6052:	e8df f003 	tbb	[pc, r3]
   b6056:	0f0d      	.short	0x0f0d
   b6058:	15131711 	.word	0x15131711
   b605c:	2e22      	cmp	r6, #34	; 0x22
   b605e:	d001      	beq.n	b6064 <_ZN5spark10JSONWriter12writeEscapedEPKcj+0x6c>
   b6060:	2e5c      	cmp	r6, #92	; 0x5c
   b6062:	d10f      	bne.n	b6084 <_ZN5spark10JSONWriter12writeEscapedEPKcj+0x8c>
                write(c);
   b6064:	4631      	mov	r1, r6
                write('b');
   b6066:	4620      	mov	r0, r4
   b6068:	f7ff fecd 	bl	b5e06 <_ZN5spark10JSONWriter5writeEc>
                break;
            }
            str = s + 1;
   b606c:	463d      	mov	r5, r7
    while (s != end) {
   b606e:	e7cf      	b.n	b6010 <_ZN5spark10JSONWriter12writeEscapedEPKcj+0x18>
                write('b');
   b6070:	2162      	movs	r1, #98	; 0x62
   b6072:	e7f8      	b.n	b6066 <_ZN5spark10JSONWriter12writeEscapedEPKcj+0x6e>
                write('t');
   b6074:	2174      	movs	r1, #116	; 0x74
   b6076:	e7f6      	b.n	b6066 <_ZN5spark10JSONWriter12writeEscapedEPKcj+0x6e>
                write('n');
   b6078:	216e      	movs	r1, #110	; 0x6e
   b607a:	e7f4      	b.n	b6066 <_ZN5spark10JSONWriter12writeEscapedEPKcj+0x6e>
                write('f');
   b607c:	2166      	movs	r1, #102	; 0x66
   b607e:	e7f2      	b.n	b6066 <_ZN5spark10JSONWriter12writeEscapedEPKcj+0x6e>
                write('r');
   b6080:	2172      	movs	r1, #114	; 0x72
   b6082:	e7f0      	b.n	b6066 <_ZN5spark10JSONWriter12writeEscapedEPKcj+0x6e>
                printf("u%04x", (unsigned)c);
   b6084:	6823      	ldr	r3, [r4, #0]
   b6086:	4632      	mov	r2, r6
   b6088:	68db      	ldr	r3, [r3, #12]
   b608a:	4649      	mov	r1, r9
   b608c:	4620      	mov	r0, r4
   b608e:	4798      	blx	r3
                break;
   b6090:	e7ec      	b.n	b606c <_ZN5spark10JSONWriter12writeEscapedEPKcj+0x74>
        }
        ++s;
    }
    if (s != str) {
   b6092:	42bd      	cmp	r5, r7
   b6094:	d005      	beq.n	b60a2 <_ZN5spark10JSONWriter12writeEscapedEPKcj+0xaa>
        write(str, s - str); // Write remaining characters
   b6096:	6823      	ldr	r3, [r4, #0]
   b6098:	1b7a      	subs	r2, r7, r5
   b609a:	689b      	ldr	r3, [r3, #8]
   b609c:	4629      	mov	r1, r5
   b609e:	4620      	mov	r0, r4
   b60a0:	4798      	blx	r3
    }
    write('"');
   b60a2:	2122      	movs	r1, #34	; 0x22
   b60a4:	4620      	mov	r0, r4
   b60a6:	f7ff feae 	bl	b5e06 <_ZN5spark10JSONWriter5writeEc>
}
   b60aa:	e8bd 87f0 	ldmia.w	sp!, {r4, r5, r6, r7, r8, r9, sl, pc}
   b60ae:	bf00      	nop
   b60b0:	000b6b23 	.word	0x000b6b23

000b60b4 <_ZN5spark10JSONWriter4nameEPKcj>:
spark::JSONWriter& spark::JSONWriter::name(const char *name, size_t size) {
   b60b4:	b513      	push	{r0, r1, r4, lr}
   b60b6:	4604      	mov	r4, r0
   b60b8:	e9cd 2100 	strd	r2, r1, [sp]
    writeSeparator();
   b60bc:	f7ff ff5e 	bl	b5f7c <_ZN5spark10JSONWriter14writeSeparatorEv>
    writeEscaped(name, size);
   b60c0:	4620      	mov	r0, r4
   b60c2:	e9dd 2100 	ldrd	r2, r1, [sp]
   b60c6:	f7ff ff97 	bl	b5ff8 <_ZN5spark10JSONWriter12writeEscapedEPKcj>
    state_ = VALUE;
   b60ca:	2302      	movs	r3, #2
}
   b60cc:	4620      	mov	r0, r4
    state_ = VALUE;
   b60ce:	7123      	strb	r3, [r4, #4]
}
   b60d0:	b002      	add	sp, #8
   b60d2:	bd10      	pop	{r4, pc}

000b60d4 <_ZN5spark10JSONWriter5valueEPKcj>:
spark::JSONWriter& spark::JSONWriter::value(const char *val, size_t size) {
   b60d4:	b513      	push	{r0, r1, r4, lr}
   b60d6:	4604      	mov	r4, r0
   b60d8:	e9cd 2100 	strd	r2, r1, [sp]
    writeSeparator();
   b60dc:	f7ff ff4e 	bl	b5f7c <_ZN5spark10JSONWriter14writeSeparatorEv>
    writeEscaped(val, size);
   b60e0:	4620      	mov	r0, r4
   b60e2:	e9dd 2100 	ldrd	r2, r1, [sp]
   b60e6:	f7ff ff87 	bl	b5ff8 <_ZN5spark10JSONWriter12writeEscapedEPKcj>
    state_ = NEXT;
   b60ea:	2301      	movs	r3, #1
}
   b60ec:	4620      	mov	r0, r4
    state_ = NEXT;
   b60ee:	7123      	strb	r3, [r4, #4]
}
   b60f0:	b002      	add	sp, #8
   b60f2:	bd10      	pop	{r4, pc}

000b60f4 <_ZN11USARTSerialD1Ev>:
private:
  hal_usart_interface_t _serial;
  bool _blocking;
public:
  USARTSerial(hal_usart_interface_t serial, const hal_usart_buffer_config_t& config);
  virtual ~USARTSerial() {};
   b60f4:	4770      	bx	lr

000b60f6 <_ZN11USARTSerial14blockOnOverrunEb>:
    hal_usart_half_duplex(_serial, Enable);
}

void USARTSerial::blockOnOverrun(bool block)
{
  _blocking = block;
   b60f6:	7441      	strb	r1, [r0, #17]
}
   b60f8:	4770      	bx	lr

000b60fa <_ZN11USARTSerial17availableForWriteEv>:


int USARTSerial::availableForWrite(void)
{
   b60fa:	b508      	push	{r3, lr}
  return std::max(0, (int)hal_usart_available_data_for_write(_serial));
   b60fc:	7c00      	ldrb	r0, [r0, #16]
   b60fe:	f7fe f991 	bl	b4424 <hal_usart_available_data_for_write>
}
   b6102:	ea20 70e0 	bic.w	r0, r0, r0, asr #31
   b6106:	bd08      	pop	{r3, pc}

000b6108 <_ZN11USARTSerial9availableEv>:

int USARTSerial::available(void)
{
   b6108:	b508      	push	{r3, lr}
  return std::max(0, (int)hal_usart_available(_serial));
   b610a:	7c00      	ldrb	r0, [r0, #16]
   b610c:	f7fe f96a 	bl	b43e4 <hal_usart_available>
}
   b6110:	ea20 70e0 	bic.w	r0, r0, r0, asr #31
   b6114:	bd08      	pop	{r3, pc}

000b6116 <_ZN11USARTSerial4peekEv>:

int USARTSerial::peek(void)
{
   b6116:	b508      	push	{r3, lr}
  return std::max(-1, (int)hal_usart_peek(_serial));
   b6118:	7c00      	ldrb	r0, [r0, #16]
   b611a:	f7fe f973 	bl	b4404 <hal_usart_peek>
}
   b611e:	ea40 70e0 	orr.w	r0, r0, r0, asr #31
   b6122:	bd08      	pop	{r3, pc}

000b6124 <_ZN11USARTSerial4readEv>:

int USARTSerial::read(void)
{
   b6124:	b508      	push	{r3, lr}
  return std::max(-1, (int)hal_usart_read(_serial));
   b6126:	7c00      	ldrb	r0, [r0, #16]
   b6128:	f7fe f964 	bl	b43f4 <hal_usart_read>
}
   b612c:	ea40 70e0 	orr.w	r0, r0, r0, asr #31
   b6130:	bd08      	pop	{r3, pc}

000b6132 <_ZN11USARTSerial5flushEv>:

void USARTSerial::flush()
{
  hal_usart_flush(_serial);
   b6132:	7c00      	ldrb	r0, [r0, #16]
   b6134:	f7fe b96e 	b.w	b4414 <hal_usart_flush>

000b6138 <_ZN11USARTSerial5writeEh>:
}

size_t USARTSerial::write(uint8_t c)
{
   b6138:	b537      	push	{r0, r1, r2, r4, r5, lr}
  // attempt a write if blocking, or for non-blocking if there is room.
  if (_blocking || hal_usart_available_data_for_write(_serial) > 0) {
   b613a:	7c45      	ldrb	r5, [r0, #17]
{
   b613c:	4604      	mov	r4, r0
  if (_blocking || hal_usart_available_data_for_write(_serial) > 0) {
   b613e:	b12d      	cbz	r5, b614c <_ZN11USARTSerial5writeEh+0x14>
    // the HAL always blocks.
	  return hal_usart_write(_serial, c);
   b6140:	7c20      	ldrb	r0, [r4, #16]
  }
  return 0;
}
   b6142:	b003      	add	sp, #12
   b6144:	e8bd 4030 	ldmia.w	sp!, {r4, r5, lr}
	  return hal_usart_write(_serial, c);
   b6148:	f7fe b944 	b.w	b43d4 <hal_usart_write>
  if (_blocking || hal_usart_available_data_for_write(_serial) > 0) {
   b614c:	7c00      	ldrb	r0, [r0, #16]
   b614e:	9101      	str	r1, [sp, #4]
   b6150:	f7fe f968 	bl	b4424 <hal_usart_available_data_for_write>
   b6154:	2800      	cmp	r0, #0
   b6156:	9901      	ldr	r1, [sp, #4]
   b6158:	dcf2      	bgt.n	b6140 <_ZN11USARTSerial5writeEh+0x8>
}
   b615a:	4628      	mov	r0, r5
   b615c:	b003      	add	sp, #12
   b615e:	bd30      	pop	{r4, r5, pc}

000b6160 <_ZN11USARTSerialD0Ev>:
   b6160:	b510      	push	{r4, lr}
   b6162:	2114      	movs	r1, #20
   b6164:	4604      	mov	r4, r0
   b6166:	f7fd ffaa 	bl	b40be <_ZdlPvj>
   b616a:	4620      	mov	r0, r4
   b616c:	bd10      	pop	{r4, pc}
	...

000b6170 <_ZN11USARTSerialC1E21hal_usart_interface_tRK25hal_usart_buffer_config_t>:
USARTSerial::USARTSerial(hal_usart_interface_t serial, const hal_usart_buffer_config_t& config)
   b6170:	b510      	push	{r4, lr}
   b6172:	f44f 737a 	mov.w	r3, #1000	; 0x3e8
   b6176:	4604      	mov	r4, r0
   b6178:	4608      	mov	r0, r1
   b617a:	4611      	mov	r1, r2
   b617c:	2200      	movs	r2, #0
   b617e:	e9c4 2301 	strd	r2, r3, [r4, #4]
   b6182:	4b04      	ldr	r3, [pc, #16]	; (b6194 <_ZN11USARTSerialC1E21hal_usart_interface_tRK25hal_usart_buffer_config_t+0x24>)
   b6184:	6023      	str	r3, [r4, #0]
  _blocking = true;
   b6186:	2301      	movs	r3, #1
  _serial = serial;
   b6188:	7420      	strb	r0, [r4, #16]
  _blocking = true;
   b618a:	7463      	strb	r3, [r4, #17]
  hal_usart_init_ex(serial, &config, nullptr);
   b618c:	f7fe f95a 	bl	b4444 <hal_usart_init_ex>
}
   b6190:	4620      	mov	r0, r4
   b6192:	bd10      	pop	{r4, pc}
   b6194:	000b6b34 	.word	0x000b6b34

000b6198 <_ZN11USARTSerial5beginEmm>:
  hal_usart_begin_config(_serial, baud, config, nullptr);
   b6198:	7c00      	ldrb	r0, [r0, #16]
   b619a:	2300      	movs	r3, #0
   b619c:	f7fe b94a 	b.w	b4434 <hal_usart_begin_config>

000b61a0 <_ZN11USARTSerial5beginEm>:
  begin(baud, SERIAL_8N1);
   b61a0:	2200      	movs	r2, #0
   b61a2:	f7ff bff9 	b.w	b6198 <_ZN11USARTSerial5beginEmm>

000b61a6 <_ZN11USARTSerial3endEv>:
  hal_usart_end(_serial);
   b61a6:	7c00      	ldrb	r0, [r0, #16]
   b61a8:	f7fe b90c 	b.w	b43c4 <hal_usart_end>

000b61ac <_ZN7TwoWireD1Ev>:
private:
  hal_i2c_interface_t _i2c;

public:
  TwoWire(hal_i2c_interface_t i2c, const hal_i2c_config_t& config);
  virtual ~TwoWire() {};
   b61ac:	4770      	bx	lr

000b61ae <_ZN7TwoWire5writeEPKhj>:

// must be called in:
// slave tx event callback
// or after beginTransmission(address)
size_t TwoWire::write(const uint8_t *data, size_t quantity)
{
   b61ae:	b5f8      	push	{r3, r4, r5, r6, r7, lr}
   b61b0:	4606      	mov	r6, r0
   b61b2:	4615      	mov	r5, r2
   b61b4:	460c      	mov	r4, r1
   b61b6:	188f      	adds	r7, r1, r2
  // in master/slave transmitter mode
  for(size_t i = 0; i < quantity; ++i)
   b61b8:	42bc      	cmp	r4, r7
   b61ba:	d006      	beq.n	b61ca <_ZN7TwoWire5writeEPKhj+0x1c>
  {
    write(data[i]);
   b61bc:	6833      	ldr	r3, [r6, #0]
   b61be:	f814 1b01 	ldrb.w	r1, [r4], #1
   b61c2:	689b      	ldr	r3, [r3, #8]
   b61c4:	4630      	mov	r0, r6
   b61c6:	4798      	blx	r3
  for(size_t i = 0; i < quantity; ++i)
   b61c8:	e7f6      	b.n	b61b8 <_ZN7TwoWire5writeEPKhj+0xa>
  }

  return quantity;
}
   b61ca:	4628      	mov	r0, r5
   b61cc:	bdf8      	pop	{r3, r4, r5, r6, r7, pc}

000b61ce <_ZN7TwoWire5writeEh>:
  return hal_i2c_write(_i2c, data, NULL);
   b61ce:	7c00      	ldrb	r0, [r0, #16]
   b61d0:	2200      	movs	r2, #0
   b61d2:	f7fe b947 	b.w	b4464 <hal_i2c_write>

000b61d6 <_ZN7TwoWire9availableEv>:
// must be called in:
// slave rx event callback
// or after requestFrom(address, numBytes)
int TwoWire::available(void)
{
  return hal_i2c_available(_i2c, NULL);
   b61d6:	7c00      	ldrb	r0, [r0, #16]
   b61d8:	2100      	movs	r1, #0
   b61da:	f7fe b94b 	b.w	b4474 <hal_i2c_available>

000b61de <_ZN7TwoWire4readEv>:
// must be called in:
// slave rx event callback
// or after requestFrom(address, numBytes)
int TwoWire::read(void)
{
  return hal_i2c_read(_i2c, NULL);
   b61de:	7c00      	ldrb	r0, [r0, #16]
   b61e0:	2100      	movs	r1, #0
   b61e2:	f7fe b94f 	b.w	b4484 <hal_i2c_read>

000b61e6 <_ZN7TwoWire4peekEv>:
// must be called in:
// slave rx event callback
// or after requestFrom(address, numBytes)
int TwoWire::peek(void)
{
  return hal_i2c_peek(_i2c, NULL);
   b61e6:	7c00      	ldrb	r0, [r0, #16]
   b61e8:	2100      	movs	r1, #0
   b61ea:	f7fe b953 	b.w	b4494 <hal_i2c_peek>

000b61ee <_ZN7TwoWire5flushEv>:
}

void TwoWire::flush(void)
{
  hal_i2c_flush(_i2c, NULL);
   b61ee:	7c00      	ldrb	r0, [r0, #16]
   b61f0:	2100      	movs	r1, #0
   b61f2:	f7fe b957 	b.w	b44a4 <hal_i2c_flush>

000b61f6 <_ZN7TwoWireD0Ev>:
   b61f6:	b510      	push	{r4, lr}
   b61f8:	2114      	movs	r1, #20
   b61fa:	4604      	mov	r4, r0
   b61fc:	f7fd ff5f 	bl	b40be <_ZdlPvj>
   b6200:	4620      	mov	r0, r4
   b6202:	bd10      	pop	{r4, pc}

000b6204 <_ZN7TwoWireC1E19hal_i2c_interface_tRK16hal_i2c_config_t>:
TwoWire::TwoWire(hal_i2c_interface_t i2c, const hal_i2c_config_t& conf)
   b6204:	b538      	push	{r3, r4, r5, lr}
   b6206:	4604      	mov	r4, r0
   b6208:	4615      	mov	r5, r2
   b620a:	f44f 737a 	mov.w	r3, #1000	; 0x3e8
   b620e:	2200      	movs	r2, #0
   b6210:	e9c4 2301 	strd	r2, r3, [r4, #4]
   b6214:	4b09      	ldr	r3, [pc, #36]	; (b623c <_ZN7TwoWireC1E19hal_i2c_interface_tRK16hal_i2c_config_t+0x38>)
  _i2c = i2c;
   b6216:	7421      	strb	r1, [r4, #16]
TwoWire::TwoWire(hal_i2c_interface_t i2c, const hal_i2c_config_t& conf)
   b6218:	4608      	mov	r0, r1
   b621a:	6023      	str	r3, [r4, #0]
  int result = hal_i2c_init(_i2c, &conf);
   b621c:	4629      	mov	r1, r5
   b621e:	f7fe f949 	bl	b44b4 <hal_i2c_init>
  if (result == SYSTEM_ERROR_NOT_ENOUGH_DATA && 
   b6222:	30bf      	adds	r0, #191	; 0xbf
   b6224:	d108      	bne.n	b6238 <_ZN7TwoWireC1E19hal_i2c_interface_tRK16hal_i2c_config_t+0x34>
      (conf.flags & HAL_I2C_CONFIG_FLAG_FREEABLE)) {
   b6226:	696b      	ldr	r3, [r5, #20]
  if (result == SYSTEM_ERROR_NOT_ENOUGH_DATA && 
   b6228:	07db      	lsls	r3, r3, #31
   b622a:	d505      	bpl.n	b6238 <_ZN7TwoWireC1E19hal_i2c_interface_tRK16hal_i2c_config_t+0x34>
    free(conf.rx_buffer);
   b622c:	6868      	ldr	r0, [r5, #4]
   b622e:	f7fe fa55 	bl	b46dc <free>
    free(conf.tx_buffer);
   b6232:	68e8      	ldr	r0, [r5, #12]
   b6234:	f7fe fa52 	bl	b46dc <free>
}
   b6238:	4620      	mov	r0, r4
   b623a:	bd38      	pop	{r3, r4, r5, pc}
   b623c:	000b6b68 	.word	0x000b6b68

000b6240 <_ZN7TwoWire5beginEv>:
	hal_i2c_begin(_i2c, I2C_MODE_MASTER, 0x00, NULL);
   b6240:	2300      	movs	r3, #0
   b6242:	7c00      	ldrb	r0, [r0, #16]
   b6244:	461a      	mov	r2, r3
   b6246:	4619      	mov	r1, r3
   b6248:	f7fe b904 	b.w	b4454 <hal_i2c_begin>

000b624c <_ZN7TwoWire11requestFromERK16WireTransmission>:
size_t TwoWire::requestFrom(const WireTransmission& transfer) {
   b624c:	b57f      	push	{r0, r1, r2, r3, r4, r5, r6, lr}
    hal_i2c_transmission_config_t conf = {
   b624e:	2200      	movs	r2, #0
   b6250:	2318      	movs	r3, #24
   b6252:	e9cd 2200 	strd	r2, r2, [sp]
   b6256:	f8ad 3000 	strh.w	r3, [sp]
    };
   b625a:	780b      	ldrb	r3, [r1, #0]
   b625c:	f88d 3004 	strb.w	r3, [sp, #4]
   b6260:	684b      	ldr	r3, [r1, #4]
   b6262:	9302      	str	r3, [sp, #8]
   b6264:	68cb      	ldr	r3, [r1, #12]
   b6266:	9303      	str	r3, [sp, #12]
      .flags = (uint32_t)(stop_ ? HAL_I2C_TRANSMISSION_FLAG_STOP : 0),
   b6268:	7a0b      	ldrb	r3, [r1, #8]
   b626a:	9304      	str	r3, [sp, #16]
  return hal_i2c_request_ex(_i2c, &conf, nullptr);
   b626c:	7c00      	ldrb	r0, [r0, #16]
    };
   b626e:	690b      	ldr	r3, [r1, #16]
   b6270:	9305      	str	r3, [sp, #20]
   b6272:	4669      	mov	r1, sp
   b6274:	f7fe f926 	bl	b44c4 <hal_i2c_request_ex>
}
   b6278:	b007      	add	sp, #28
   b627a:	f85d fb04 	ldr.w	pc, [sp], #4

000b627e <_ZN7TwoWire11requestFromEhjh>:
{
   b627e:	b57f      	push	{r0, r1, r2, r3, r4, r5, r6, lr}
        buffer_(nullptr) {
   b6280:	f88d 1004 	strb.w	r1, [sp, #4]
   b6284:	2100      	movs	r1, #0
  return requestFrom(WireTransmission(address).quantity(quantity).stop(sendStop));
   b6286:	1a5b      	subs	r3, r3, r1
   b6288:	f04f 0c64 	mov.w	ip, #100	; 0x64
   b628c:	e9cd c104 	strd	ip, r1, [sp, #16]
   b6290:	bf18      	it	ne
   b6292:	2301      	movne	r3, #1
   b6294:	a901      	add	r1, sp, #4
    size_ = size;
   b6296:	9202      	str	r2, [sp, #8]
   b6298:	f88d 300c 	strb.w	r3, [sp, #12]
   b629c:	f7ff ffd6 	bl	b624c <_ZN7TwoWire11requestFromERK16WireTransmission>
}
   b62a0:	b007      	add	sp, #28
   b62a2:	f85d fb04 	ldr.w	pc, [sp], #4
	...

000b62a8 <_GLOBAL__sub_I__ZN7TwoWireC2E19hal_i2c_interface_tRK16hal_i2c_config_t>:
      : address_{address},
   b62a8:	4b05      	ldr	r3, [pc, #20]	; (b62c0 <_GLOBAL__sub_I__ZN7TwoWireC2E19hal_i2c_interface_tRK16hal_i2c_config_t+0x18>)
        buffer_(nullptr) {
   b62aa:	21ff      	movs	r1, #255	; 0xff
   b62ac:	2200      	movs	r2, #0
   b62ae:	e9c3 1200 	strd	r1, r2, [r3]
   b62b2:	2001      	movs	r0, #1
   b62b4:	2164      	movs	r1, #100	; 0x64
   b62b6:	e9c3 0102 	strd	r0, r1, [r3, #8]
   b62ba:	611a      	str	r2, [r3, #16]

namespace particle {
namespace detail {
const WireTransmission WIRE_INVALID_TRANSMISSION(0xff);
} // detail
} // particle
   b62bc:	4770      	bx	lr
   b62be:	bf00      	nop
   b62c0:	2003e710 	.word	0x2003e710

000b62c4 <_ZN5spark9WiFiClass5readyEv>:
    bool connecting(void) {
        return network_connecting(*this, 0, NULL);
    }

    bool ready(void) {
        return network_ready(*this, 0, NULL);
   b62c4:	2200      	movs	r2, #0
   b62c6:	6840      	ldr	r0, [r0, #4]
   b62c8:	4611      	mov	r1, r2
   b62ca:	f7fe b99f 	b.w	b460c <network_ready>

000b62ce <_ZN5spark9WiFiClass9listeningEv>:
    uint16_t getListenTimeout(void) {
        return network_get_listen_timeout(*this, 0, NULL);
    }

    bool listening(void) {
        return network_listening(*this, 0, NULL);
   b62ce:	2200      	movs	r2, #0
   b62d0:	6840      	ldr	r0, [r0, #4]
   b62d2:	4611      	mov	r1, r2
   b62d4:	f7fe b9ba 	b.w	b464c <network_listening>

000b62d8 <_ZN5spark9WiFiClass16getListenTimeoutEv>:
        return network_get_listen_timeout(*this, 0, NULL);
   b62d8:	2200      	movs	r2, #0
   b62da:	6840      	ldr	r0, [r0, #4]
   b62dc:	4611      	mov	r1, r2
   b62de:	f7fe b9c5 	b.w	b466c <network_get_listen_timeout>

000b62e2 <_ZN5spark9WiFiClass16setListenTimeoutEt>:
        network_set_listen_timeout(*this, timeout, NULL);
   b62e2:	6840      	ldr	r0, [r0, #4]
   b62e4:	2200      	movs	r2, #0
   b62e6:	f7fe b9b9 	b.w	b465c <network_set_listen_timeout>

000b62ea <_ZN5spark9WiFiClass6listenEb>:
        network_listen(*this, begin ? 0 : 1, NULL);
   b62ea:	6840      	ldr	r0, [r0, #4]
   b62ec:	2200      	movs	r2, #0
   b62ee:	f081 0101 	eor.w	r1, r1, #1
   b62f2:	f7fe b9a3 	b.w	b463c <network_listen>

000b62f6 <_ZN5spark9WiFiClass3offEv>:
        network_off(*this, 0, 0, NULL);
   b62f6:	2300      	movs	r3, #0
   b62f8:	6840      	ldr	r0, [r0, #4]
   b62fa:	461a      	mov	r2, r3
   b62fc:	4619      	mov	r1, r3
   b62fe:	f7fe b995 	b.w	b462c <network_off>

000b6302 <_ZN5spark9WiFiClass2onEv>:
        network_on(*this, 0, 0, NULL);
   b6302:	2300      	movs	r3, #0
   b6304:	6840      	ldr	r0, [r0, #4]
   b6306:	461a      	mov	r2, r3
   b6308:	4619      	mov	r1, r3
   b630a:	f7fe b987 	b.w	b461c <network_on>

000b630e <_ZN5spark9WiFiClass10connectingEv>:
        return network_connecting(*this, 0, NULL);
   b630e:	2200      	movs	r2, #0
   b6310:	6840      	ldr	r0, [r0, #4]
   b6312:	4611      	mov	r1, r2
   b6314:	f7fe b96a 	b.w	b45ec <network_connecting>

000b6318 <_ZN5spark9WiFiClass10disconnectEv>:
        network_disconnect(*this, NETWORK_DISCONNECT_REASON_USER, NULL);
   b6318:	6840      	ldr	r0, [r0, #4]
   b631a:	2200      	movs	r2, #0
   b631c:	2102      	movs	r1, #2
   b631e:	f7fe b96d 	b.w	b45fc <network_disconnect>

000b6322 <_ZN5spark9WiFiClass7connectEj>:
        network_connect(*this, flags, 0, NULL);
   b6322:	2300      	movs	r3, #0
   b6324:	6840      	ldr	r0, [r0, #4]
   b6326:	461a      	mov	r2, r3
   b6328:	f7fe b958 	b.w	b45dc <network_connect>

000b632c <_GLOBAL__sub_I__ZN10WiFiSignalC2ERK21wlan_connected_info_t>:
   b632c:	4b02      	ldr	r3, [pc, #8]	; (b6338 <_GLOBAL__sub_I__ZN10WiFiSignalC2ERK21wlan_connected_info_t+0xc>)
   b632e:	2204      	movs	r2, #4
   b6330:	605a      	str	r2, [r3, #4]
            NetworkClass(NETWORK_INTERFACE_WIFI_STA) {
   b6332:	4a02      	ldr	r2, [pc, #8]	; (b633c <_GLOBAL__sub_I__ZN10WiFiSignalC2ERK21wlan_connected_info_t+0x10>)
   b6334:	601a      	str	r2, [r3, #0]
the same way.
*****************************************************************************/

    WiFiClass WiFi;
    // NetworkClass& Network = WiFi;
}
   b6336:	4770      	bx	lr
   b6338:	2003e724 	.word	0x2003e724
   b633c:	000b6b94 	.word	0x000b6b94

000b6340 <_ZN5spark12NetworkClass7connectEj>:
        return Network;
    }
}

void NetworkClass::connect(unsigned flags) {
    network_connect(*this, flags, 0, nullptr);
   b6340:	2300      	movs	r3, #0
   b6342:	6840      	ldr	r0, [r0, #4]
   b6344:	461a      	mov	r2, r3
   b6346:	f7fe b949 	b.w	b45dc <network_connect>

000b634a <_ZN5spark12NetworkClass10disconnectEv>:
}

void NetworkClass::disconnect() {
    network_disconnect(*this, NETWORK_DISCONNECT_REASON_USER, nullptr);
   b634a:	6840      	ldr	r0, [r0, #4]
   b634c:	2200      	movs	r2, #0
   b634e:	2102      	movs	r1, #2
   b6350:	f7fe b954 	b.w	b45fc <network_disconnect>

000b6354 <_ZN5spark12NetworkClass10connectingEv>:
}

bool NetworkClass::connecting() {
    return network_connecting(*this, 0, nullptr);
   b6354:	2200      	movs	r2, #0
   b6356:	6840      	ldr	r0, [r0, #4]
   b6358:	4611      	mov	r1, r2
   b635a:	f7fe b947 	b.w	b45ec <network_connecting>

000b635e <_ZN5spark12NetworkClass5readyEv>:
}

bool NetworkClass::ready() {
    return network_ready(*this, 0, nullptr);
   b635e:	2200      	movs	r2, #0
   b6360:	6840      	ldr	r0, [r0, #4]
   b6362:	4611      	mov	r1, r2
   b6364:	f7fe b952 	b.w	b460c <network_ready>

000b6368 <_ZN5spark12NetworkClass2onEv>:
}

void NetworkClass::on() {
    network_on(*this, 0, 0, nullptr);
   b6368:	2300      	movs	r3, #0
   b636a:	6840      	ldr	r0, [r0, #4]
   b636c:	461a      	mov	r2, r3
   b636e:	4619      	mov	r1, r3
   b6370:	f7fe b954 	b.w	b461c <network_on>

000b6374 <_ZN5spark12NetworkClass3offEv>:
}

void NetworkClass::off() {
    network_off(*this, 0, 0, nullptr);
   b6374:	2300      	movs	r3, #0
   b6376:	6840      	ldr	r0, [r0, #4]
   b6378:	461a      	mov	r2, r3
   b637a:	4619      	mov	r1, r3
   b637c:	f7fe b956 	b.w	b462c <network_off>

000b6380 <_ZN5spark12NetworkClass4isOnEv>:
}

bool NetworkClass::isOn() {
    return network_is_on(*this, nullptr);
   b6380:	6840      	ldr	r0, [r0, #4]
   b6382:	2100      	movs	r1, #0
   b6384:	f7fe b97a 	b.w	b467c <network_is_on>

000b6388 <_ZN5spark12NetworkClass5isOffEv>:
}

bool NetworkClass::isOff() {
    return network_is_off(*this, nullptr);
   b6388:	6840      	ldr	r0, [r0, #4]
   b638a:	2100      	movs	r1, #0
   b638c:	f7fe b97e 	b.w	b468c <network_is_off>

000b6390 <_ZN5spark12NetworkClass6listenEb>:
}

void NetworkClass::listen(bool begin) {
    network_listen(*this, begin ? 0 : 1, nullptr);
   b6390:	6840      	ldr	r0, [r0, #4]
   b6392:	2200      	movs	r2, #0
   b6394:	f081 0101 	eor.w	r1, r1, #1
   b6398:	f7fe b950 	b.w	b463c <network_listen>

000b639c <_ZN5spark12NetworkClass16setListenTimeoutEt>:
}

void NetworkClass::setListenTimeout(uint16_t timeout) {
    network_set_listen_timeout(*this, timeout, nullptr);
   b639c:	6840      	ldr	r0, [r0, #4]
   b639e:	2200      	movs	r2, #0
   b63a0:	f7fe b95c 	b.w	b465c <network_set_listen_timeout>

000b63a4 <_ZN5spark12NetworkClass16getListenTimeoutEv>:
}

uint16_t NetworkClass::getListenTimeout() {
    return network_get_listen_timeout(*this, 0, nullptr);
   b63a4:	2200      	movs	r2, #0
   b63a6:	6840      	ldr	r0, [r0, #4]
   b63a8:	4611      	mov	r1, r2
   b63aa:	f7fe b95f 	b.w	b466c <network_get_listen_timeout>

000b63ae <_ZN5spark12NetworkClass9listeningEv>:
}

bool NetworkClass::listening() {
    return network_listening(*this, 0, nullptr);
   b63ae:	2200      	movs	r2, #0
   b63b0:	6840      	ldr	r0, [r0, #4]
   b63b2:	4611      	mov	r1, r2
   b63b4:	f7fe b94a 	b.w	b464c <network_listening>

000b63b8 <_ZN5spark12NetworkClass11isPreferredEv>:
    network_handle_t network = network_prefer(*this, prefer, nullptr);
    return Network.from(network);
}

bool NetworkClass::isPreferred() {
    return network_is_preferred(*this, nullptr);
   b63b8:	6840      	ldr	r0, [r0, #4]
   b63ba:	2100      	movs	r1, #0
   b63bc:	f7fe b976 	b.w	b46ac <network_is_preferred>

000b63c0 <_ZN5spark12NetworkClass7resolveEPKc>:
}

IPAddress NetworkClass::resolve(const char* name) {
   b63c0:	e92d 43f0 	stmdb	sp!, {r4, r5, r6, r7, r8, r9, lr}
   b63c4:	b095      	sub	sp, #84	; 0x54
   b63c6:	4614      	mov	r4, r2
   b63c8:	460d      	mov	r5, r1
   b63ca:	4607      	mov	r7, r0
    IPAddress addr;
   b63cc:	f7ff fbf4 	bl	b5bb8 <_ZN9IPAddressC1Ev>
#if HAL_USE_INET_HAL_POSIX
    struct addrinfo *ai = nullptr;
   b63d0:	2100      	movs	r1, #0
    struct addrinfo hints = {};
   b63d2:	221c      	movs	r2, #28
   b63d4:	a80d      	add	r0, sp, #52	; 0x34
    struct addrinfo *ai = nullptr;
   b63d6:	9100      	str	r1, [sp, #0]
    struct addrinfo hints = {};
   b63d8:	f000 f938 	bl	b664c <memset>
    hints.ai_flags = AI_ADDRCONFIG;
   b63dc:	2340      	movs	r3, #64	; 0x40
   b63de:	930c      	str	r3, [sp, #48]	; 0x30
    hints.ai_family = AF_UNSPEC;
    const int r = getaddrinfo(name, nullptr, &hints, &ai);
   b63e0:	4620      	mov	r0, r4
   b63e2:	466b      	mov	r3, sp
   b63e4:	aa0c      	add	r2, sp, #48	; 0x30
   b63e6:	2100      	movs	r1, #0
   b63e8:	f7fd ffa4 	bl	b4334 <netdb_getaddrinfo>
    if (!r) {
   b63ec:	4604      	mov	r4, r0
   b63ee:	2800      	cmp	r0, #0
   b63f0:	d14b      	bne.n	b648a <_ZN5spark12NetworkClass7resolveEPKc+0xca>
        bool ok = false;
        // This is not really needed if AI_ADDRCONFIG is properly supported
        bool ipv4 = network_ready(*this, NETWORK_READY_TYPE_IPV4, nullptr);
   b63f2:	4602      	mov	r2, r0
   b63f4:	2101      	movs	r1, #1
   b63f6:	6868      	ldr	r0, [r5, #4]
   b63f8:	f7fe f908 	bl	b460c <network_ready>
        bool ipv6 = network_ready(*this, NETWORK_READY_TYPE_IPV6, nullptr);
   b63fc:	2102      	movs	r1, #2
        bool ipv4 = network_ready(*this, NETWORK_READY_TYPE_IPV4, nullptr);
   b63fe:	4680      	mov	r8, r0
        bool ipv6 = network_ready(*this, NETWORK_READY_TYPE_IPV6, nullptr);
   b6400:	4622      	mov	r2, r4
   b6402:	6868      	ldr	r0, [r5, #4]
   b6404:	f7fe f902 	bl	b460c <network_ready>
        for (auto cur = ai; cur != nullptr && !ok; cur = cur->ai_next) {
   b6408:	9e00      	ldr	r6, [sp, #0]
        bool ipv6 = network_ready(*this, NETWORK_READY_TYPE_IPV6, nullptr);
   b640a:	4681      	mov	r9, r0
        bool ok = false;
   b640c:	4621      	mov	r1, r4
        for (auto cur = ai; cur != nullptr && !ok; cur = cur->ai_next) {
   b640e:	2e00      	cmp	r6, #0
   b6410:	d03b      	beq.n	b648a <_ZN5spark12NetworkClass7resolveEPKc+0xca>
   b6412:	2900      	cmp	r1, #0
   b6414:	d139      	bne.n	b648a <_ZN5spark12NetworkClass7resolveEPKc+0xca>
            // NOTE: using only the first entry that matches the current state of IPv4/IPv6 connectivity
            switch (cur->ai_family) {
   b6416:	6873      	ldr	r3, [r6, #4]
   b6418:	2b02      	cmp	r3, #2
   b641a:	d003      	beq.n	b6424 <_ZN5spark12NetworkClass7resolveEPKc+0x64>
   b641c:	2b0a      	cmp	r3, #10
   b641e:	d011      	beq.n	b6444 <_ZN5spark12NetworkClass7resolveEPKc+0x84>
        for (auto cur = ai; cur != nullptr && !ok; cur = cur->ai_next) {
   b6420:	69f6      	ldr	r6, [r6, #28]
   b6422:	e7f4      	b.n	b640e <_ZN5spark12NetworkClass7resolveEPKc+0x4e>
                case AF_INET: {
                    if (!ipv4) {
   b6424:	f1b8 0f00 	cmp.w	r8, #0
   b6428:	d0fa      	beq.n	b6420 <_ZN5spark12NetworkClass7resolveEPKc+0x60>
                        continue;
                    }
                    // NOTE: HAL_IPAddress is little-endian
                    auto in = (struct sockaddr_in*)cur->ai_addr;
                    addr = (const uint8_t*)(&in->sin_addr.s_addr);
   b642a:	6971      	ldr	r1, [r6, #20]
        return *this = IPAddress(address);
   b642c:	a806      	add	r0, sp, #24
   b642e:	3104      	adds	r1, #4
class IPAddress : public Printable {
   b6430:	ad07      	add	r5, sp, #28
        return *this = IPAddress(address);
   b6432:	f7ff fbef 	bl	b5c14 <_ZN9IPAddressC1EPKh>
class IPAddress : public Printable {
   b6436:	cd0f      	ldmia	r5!, {r0, r1, r2, r3}
   b6438:	1d3c      	adds	r4, r7, #4
   b643a:	c40f      	stmia	r4!, {r0, r1, r2, r3}
   b643c:	682b      	ldr	r3, [r5, #0]
   b643e:	7023      	strb	r3, [r4, #0]
                    ok = true;
   b6440:	4641      	mov	r1, r8
        return *this = IPAddress(address);
   b6442:	e7ed      	b.n	b6420 <_ZN5spark12NetworkClass7resolveEPKc+0x60>
                    break;
                }
                case AF_INET6: {
                    if (!ipv6) {
   b6444:	f1b9 0f00 	cmp.w	r9, #0
   b6448:	d0ea      	beq.n	b6420 <_ZN5spark12NetworkClass7resolveEPKc+0x60>
                        continue;
                    }
                    auto in6 = (struct sockaddr_in6*)cur->ai_addr;
   b644a:	6974      	ldr	r4, [r6, #20]
                    HAL_IPAddress a = {};
   b644c:	2210      	movs	r2, #16
   b644e:	a801      	add	r0, sp, #4
   b6450:	f000 f8fc 	bl	b664c <memset>
                    a.v = 6;
   b6454:	2306      	movs	r3, #6
   b6456:	f88d 3014 	strb.w	r3, [sp, #20]
                    memcpy(a.ipv6, in6->sin6_addr.s6_addr, sizeof(a.ipv6));
   b645a:	ad01      	add	r5, sp, #4
   b645c:	f104 0308 	add.w	r3, r4, #8
   b6460:	3418      	adds	r4, #24
   b6462:	6818      	ldr	r0, [r3, #0]
   b6464:	6859      	ldr	r1, [r3, #4]
   b6466:	462a      	mov	r2, r5
   b6468:	c203      	stmia	r2!, {r0, r1}
   b646a:	3308      	adds	r3, #8
   b646c:	42a3      	cmp	r3, r4
   b646e:	4615      	mov	r5, r2
   b6470:	d1f7      	bne.n	b6462 <_ZN5spark12NetworkClass7resolveEPKc+0xa2>
                    addr = IPAddress(a);
   b6472:	a901      	add	r1, sp, #4
   b6474:	a806      	add	r0, sp, #24
class IPAddress : public Printable {
   b6476:	ad07      	add	r5, sp, #28
   b6478:	f7ff fbac 	bl	b5bd4 <_ZN9IPAddressC1ERK16_HAL_IPAddress_t>
   b647c:	cd0f      	ldmia	r5!, {r0, r1, r2, r3}
   b647e:	1d3c      	adds	r4, r7, #4
   b6480:	c40f      	stmia	r4!, {r0, r1, r2, r3}
   b6482:	682b      	ldr	r3, [r5, #0]
   b6484:	7023      	strb	r3, [r4, #0]
                    ok = true;
   b6486:	4649      	mov	r1, r9
   b6488:	e7ca      	b.n	b6420 <_ZN5spark12NetworkClass7resolveEPKc+0x60>
                    break;
                }
            }
        }
    }
    freeaddrinfo(ai);
   b648a:	9800      	ldr	r0, [sp, #0]
   b648c:	f7fd ff4a 	bl	b4324 <netdb_freeaddrinfo>
    return Cellular.resolve(name);
#endif // Wiring_Cellular

#endif // HAL_USE_INET_HAL_POSIX
    return addr;
}
   b6490:	4638      	mov	r0, r7
   b6492:	b015      	add	sp, #84	; 0x54
   b6494:	e8bd 83f0 	ldmia.w	sp!, {r4, r5, r6, r7, r8, r9, pc}

000b6498 <_ZN5spark12NetworkClass4fromEm>:
    switch (nif) {
   b6498:	3803      	subs	r0, #3
   b649a:	2802      	cmp	r0, #2
   b649c:	bf9a      	itte	ls
   b649e:	4b02      	ldrls	r3, [pc, #8]	; (b64a8 <_ZN5spark12NetworkClass4fromEm+0x10>)
   b64a0:	f853 0020 	ldrls.w	r0, [r3, r0, lsl #2]
NetworkClass& NetworkClass::from(network_interface_t nif) {
   b64a4:	4801      	ldrhi	r0, [pc, #4]	; (b64ac <_ZN5spark12NetworkClass4fromEm+0x14>)
}
   b64a6:	4770      	bx	lr
   b64a8:	000b6bd0 	.word	0x000b6bd0
   b64ac:	2003e72c 	.word	0x2003e72c

000b64b0 <_ZN5spark12NetworkClass6preferEb>:
NetworkClass& NetworkClass::prefer(bool prefer) {
   b64b0:	b508      	push	{r3, lr}
    network_handle_t network = network_prefer(*this, prefer, nullptr);
   b64b2:	2200      	movs	r2, #0
   b64b4:	6840      	ldr	r0, [r0, #4]
   b64b6:	f7fe f8f1 	bl	b469c <network_prefer>
}
   b64ba:	e8bd 4008 	ldmia.w	sp!, {r3, lr}
    return Network.from(network);
   b64be:	f7ff bfeb 	b.w	b6498 <_ZN5spark12NetworkClass4fromEm>
	...

000b64c4 <_GLOBAL__sub_I__ZN5spark7NetworkE>:
   b64c4:	4b02      	ldr	r3, [pc, #8]	; (b64d0 <_GLOBAL__sub_I__ZN5spark7NetworkE+0xc>)
   b64c6:	4a03      	ldr	r2, [pc, #12]	; (b64d4 <_GLOBAL__sub_I__ZN5spark7NetworkE+0x10>)
   b64c8:	601a      	str	r2, [r3, #0]
   b64ca:	2200      	movs	r2, #0
   b64cc:	605a      	str	r2, [r3, #4]
    network_free_configuration(c, count, nullptr);
    return res;
}
#endif // HAL_USE_SOCKET_HAL_POSIX

} // spark
   b64ce:	4770      	bx	lr
   b64d0:	2003e72c 	.word	0x2003e72c
   b64d4:	000b6be4 	.word	0x000b6be4

000b64d8 <__tcf_0>:
}
#endif

USARTSerial& __fetch_global_Serial1()
{
    static USARTSerial serial1(HAL_USART_SERIAL1, acquireSerial1Buffer());
   b64d8:	4770      	bx	lr
	...

000b64dc <_Z20acquireSerial1Bufferv>:
{
   b64dc:	b538      	push	{r3, r4, r5, lr}
   b64de:	4604      	mov	r4, r0
    hal_usart_buffer_config_t config = {
   b64e0:	2514      	movs	r5, #20
   b64e2:	462a      	mov	r2, r5
   b64e4:	2100      	movs	r1, #0
   b64e6:	f000 f8b1 	bl	b664c <memset>
   b64ea:	8025      	strh	r5, [r4, #0]
   b64ec:	2540      	movs	r5, #64	; 0x40
        .rx_buffer = new (std::nothrow) uint8_t[bufferSize],
   b64ee:	4907      	ldr	r1, [pc, #28]	; (b650c <_Z20acquireSerial1Bufferv+0x30>)
    hal_usart_buffer_config_t config = {
   b64f0:	8125      	strh	r5, [r4, #8]
        .rx_buffer = new (std::nothrow) uint8_t[bufferSize],
   b64f2:	4628      	mov	r0, r5
    hal_usart_buffer_config_t config = {
   b64f4:	8225      	strh	r5, [r4, #16]
        .rx_buffer = new (std::nothrow) uint8_t[bufferSize],
   b64f6:	f000 f871 	bl	b65dc <_ZnajRKSt9nothrow_t>
        .tx_buffer = new (std::nothrow) uint8_t[bufferSize],
   b64fa:	4904      	ldr	r1, [pc, #16]	; (b650c <_Z20acquireSerial1Bufferv+0x30>)
    };
   b64fc:	6060      	str	r0, [r4, #4]
        .tx_buffer = new (std::nothrow) uint8_t[bufferSize],
   b64fe:	4628      	mov	r0, r5
   b6500:	f000 f86c 	bl	b65dc <_ZnajRKSt9nothrow_t>
    };
   b6504:	60e0      	str	r0, [r4, #12]
}
   b6506:	4620      	mov	r0, r4
   b6508:	bd38      	pop	{r3, r4, r5, pc}
   b650a:	bf00      	nop
   b650c:	000b6c20 	.word	0x000b6c20

000b6510 <_Z22__fetch_global_Serial1v>:
{
   b6510:	b530      	push	{r4, r5, lr}
    static USARTSerial serial1(HAL_USART_SERIAL1, acquireSerial1Buffer());
   b6512:	4d0e      	ldr	r5, [pc, #56]	; (b654c <_Z22__fetch_global_Serial1v+0x3c>)
   b6514:	7829      	ldrb	r1, [r5, #0]
   b6516:	f3bf 8f5b 	dmb	ish
   b651a:	f011 0401 	ands.w	r4, r1, #1
{
   b651e:	b087      	sub	sp, #28
    static USARTSerial serial1(HAL_USART_SERIAL1, acquireSerial1Buffer());
   b6520:	d111      	bne.n	b6546 <_Z22__fetch_global_Serial1v+0x36>
   b6522:	4628      	mov	r0, r5
   b6524:	f7fd fdda 	bl	b40dc <__cxa_guard_acquire>
   b6528:	b168      	cbz	r0, b6546 <_Z22__fetch_global_Serial1v+0x36>
   b652a:	a801      	add	r0, sp, #4
   b652c:	f7ff ffd6 	bl	b64dc <_Z20acquireSerial1Bufferv>
   b6530:	aa01      	add	r2, sp, #4
   b6532:	4621      	mov	r1, r4
   b6534:	4806      	ldr	r0, [pc, #24]	; (b6550 <_Z22__fetch_global_Serial1v+0x40>)
   b6536:	f7ff fe1b 	bl	b6170 <_ZN11USARTSerialC1E21hal_usart_interface_tRK25hal_usart_buffer_config_t>
   b653a:	4628      	mov	r0, r5
   b653c:	f7fd fdd3 	bl	b40e6 <__cxa_guard_release>
   b6540:	4804      	ldr	r0, [pc, #16]	; (b6554 <_Z22__fetch_global_Serial1v+0x44>)
   b6542:	f000 f84d 	bl	b65e0 <atexit>
    return serial1;
}
   b6546:	4802      	ldr	r0, [pc, #8]	; (b6550 <_Z22__fetch_global_Serial1v+0x40>)
   b6548:	b007      	add	sp, #28
   b654a:	bd30      	pop	{r4, r5, pc}
   b654c:	2003e734 	.word	0x2003e734
   b6550:	2003e738 	.word	0x2003e738
   b6554:	000b64d9 	.word	0x000b64d9

000b6558 <__tcf_0>:
}
#endif

TwoWire& __fetch_global_Wire()
{
	static TwoWire wire(HAL_I2C_INTERFACE1, acquireWireBuffer());
   b6558:	4770      	bx	lr
	...

000b655c <_Z17acquireWireBufferv>:
{
   b655c:	b538      	push	{r3, r4, r5, lr}
	hal_i2c_config_t config = {
   b655e:	4b0a      	ldr	r3, [pc, #40]	; (b6588 <_Z17acquireWireBufferv+0x2c>)
   b6560:	6003      	str	r3, [r0, #0]
   b6562:	2301      	movs	r3, #1
{
   b6564:	4604      	mov	r4, r0
	hal_i2c_config_t config = {
   b6566:	6143      	str	r3, [r0, #20]
		.rx_buffer = new (std::nothrow) uint8_t[i2c_buffer_size],
   b6568:	4908      	ldr	r1, [pc, #32]	; (b658c <_Z17acquireWireBufferv+0x30>)
   b656a:	2020      	movs	r0, #32
   b656c:	f000 f836 	bl	b65dc <_ZnajRKSt9nothrow_t>
	};
   b6570:	2520      	movs	r5, #32
   b6572:	6060      	str	r0, [r4, #4]
		.tx_buffer = new (std::nothrow) uint8_t[i2c_buffer_size],
   b6574:	4905      	ldr	r1, [pc, #20]	; (b658c <_Z17acquireWireBufferv+0x30>)
	};
   b6576:	60a5      	str	r5, [r4, #8]
		.tx_buffer = new (std::nothrow) uint8_t[i2c_buffer_size],
   b6578:	4628      	mov	r0, r5
   b657a:	f000 f82f 	bl	b65dc <_ZnajRKSt9nothrow_t>
	};
   b657e:	e9c4 0503 	strd	r0, r5, [r4, #12]
}
   b6582:	4620      	mov	r0, r4
   b6584:	bd38      	pop	{r3, r4, r5, pc}
   b6586:	bf00      	nop
   b6588:	00010018 	.word	0x00010018
   b658c:	000b6c20 	.word	0x000b6c20

000b6590 <_Z19__fetch_global_Wirev>:
{
   b6590:	b530      	push	{r4, r5, lr}
	static TwoWire wire(HAL_I2C_INTERFACE1, acquireWireBuffer());
   b6592:	4d0e      	ldr	r5, [pc, #56]	; (b65cc <_Z19__fetch_global_Wirev+0x3c>)
   b6594:	7829      	ldrb	r1, [r5, #0]
   b6596:	f3bf 8f5b 	dmb	ish
   b659a:	f011 0401 	ands.w	r4, r1, #1
{
   b659e:	b087      	sub	sp, #28
	static TwoWire wire(HAL_I2C_INTERFACE1, acquireWireBuffer());
   b65a0:	d111      	bne.n	b65c6 <_Z19__fetch_global_Wirev+0x36>
   b65a2:	4628      	mov	r0, r5
   b65a4:	f7fd fd9a 	bl	b40dc <__cxa_guard_acquire>
   b65a8:	b168      	cbz	r0, b65c6 <_Z19__fetch_global_Wirev+0x36>
   b65aa:	4668      	mov	r0, sp
   b65ac:	f7ff ffd6 	bl	b655c <_Z17acquireWireBufferv>
   b65b0:	466a      	mov	r2, sp
   b65b2:	4621      	mov	r1, r4
   b65b4:	4806      	ldr	r0, [pc, #24]	; (b65d0 <_Z19__fetch_global_Wirev+0x40>)
   b65b6:	f7ff fe25 	bl	b6204 <_ZN7TwoWireC1E19hal_i2c_interface_tRK16hal_i2c_config_t>
   b65ba:	4628      	mov	r0, r5
   b65bc:	f7fd fd93 	bl	b40e6 <__cxa_guard_release>
   b65c0:	4804      	ldr	r0, [pc, #16]	; (b65d4 <_Z19__fetch_global_Wirev+0x44>)
   b65c2:	f000 f80d 	bl	b65e0 <atexit>
	return wire;
}
   b65c6:	4802      	ldr	r0, [pc, #8]	; (b65d0 <_Z19__fetch_global_Wirev+0x40>)
   b65c8:	b007      	add	sp, #28
   b65ca:	bd30      	pop	{r4, r5, pc}
   b65cc:	2003e750 	.word	0x2003e750
   b65d0:	2003e754 	.word	0x2003e754
   b65d4:	000b6559 	.word	0x000b6559

000b65d8 <_ZnwjRKSt9nothrow_t>:
   b65d8:	f7fd bd6d 	b.w	b40b6 <_Znwj>

000b65dc <_ZnajRKSt9nothrow_t>:
   b65dc:	f7fd bd6d 	b.w	b40ba <_Znaj>

000b65e0 <atexit>:
   b65e0:	2300      	movs	r3, #0
   b65e2:	4601      	mov	r1, r0
   b65e4:	461a      	mov	r2, r3
   b65e6:	4618      	mov	r0, r3
   b65e8:	f000 b93a 	b.w	b6860 <__register_exitproc>

000b65ec <isprint>:
   b65ec:	4b02      	ldr	r3, [pc, #8]	; (b65f8 <isprint+0xc>)
   b65ee:	4418      	add	r0, r3
   b65f0:	7840      	ldrb	r0, [r0, #1]
   b65f2:	f000 0097 	and.w	r0, r0, #151	; 0x97
   b65f6:	4770      	bx	lr
   b65f8:	000b6cb5 	.word	0x000b6cb5

000b65fc <memcpy>:
   b65fc:	440a      	add	r2, r1
   b65fe:	4291      	cmp	r1, r2
   b6600:	f100 33ff 	add.w	r3, r0, #4294967295
   b6604:	d100      	bne.n	b6608 <memcpy+0xc>
   b6606:	4770      	bx	lr
   b6608:	b510      	push	{r4, lr}
   b660a:	f811 4b01 	ldrb.w	r4, [r1], #1
   b660e:	f803 4f01 	strb.w	r4, [r3, #1]!
   b6612:	4291      	cmp	r1, r2
   b6614:	d1f9      	bne.n	b660a <memcpy+0xe>
   b6616:	bd10      	pop	{r4, pc}

000b6618 <memmove>:
   b6618:	4288      	cmp	r0, r1
   b661a:	b510      	push	{r4, lr}
   b661c:	eb01 0402 	add.w	r4, r1, r2
   b6620:	d902      	bls.n	b6628 <memmove+0x10>
   b6622:	4284      	cmp	r4, r0
   b6624:	4623      	mov	r3, r4
   b6626:	d807      	bhi.n	b6638 <memmove+0x20>
   b6628:	1e43      	subs	r3, r0, #1
   b662a:	42a1      	cmp	r1, r4
   b662c:	d008      	beq.n	b6640 <memmove+0x28>
   b662e:	f811 2b01 	ldrb.w	r2, [r1], #1
   b6632:	f803 2f01 	strb.w	r2, [r3, #1]!
   b6636:	e7f8      	b.n	b662a <memmove+0x12>
   b6638:	4402      	add	r2, r0
   b663a:	4601      	mov	r1, r0
   b663c:	428a      	cmp	r2, r1
   b663e:	d100      	bne.n	b6642 <memmove+0x2a>
   b6640:	bd10      	pop	{r4, pc}
   b6642:	f813 4d01 	ldrb.w	r4, [r3, #-1]!
   b6646:	f802 4d01 	strb.w	r4, [r2, #-1]!
   b664a:	e7f7      	b.n	b663c <memmove+0x24>

000b664c <memset>:
   b664c:	4402      	add	r2, r0
   b664e:	4603      	mov	r3, r0
   b6650:	4293      	cmp	r3, r2
   b6652:	d100      	bne.n	b6656 <memset+0xa>
   b6654:	4770      	bx	lr
   b6656:	f803 1b01 	strb.w	r1, [r3], #1
   b665a:	e7f9      	b.n	b6650 <memset+0x4>

000b665c <srand>:
   b665c:	b538      	push	{r3, r4, r5, lr}
   b665e:	4b10      	ldr	r3, [pc, #64]	; (b66a0 <srand+0x44>)
   b6660:	681d      	ldr	r5, [r3, #0]
   b6662:	6bab      	ldr	r3, [r5, #56]	; 0x38
   b6664:	4604      	mov	r4, r0
   b6666:	b9b3      	cbnz	r3, b6696 <srand+0x3a>
   b6668:	2018      	movs	r0, #24
   b666a:	f7fe f82f 	bl	b46cc <malloc>
   b666e:	4602      	mov	r2, r0
   b6670:	63a8      	str	r0, [r5, #56]	; 0x38
   b6672:	b920      	cbnz	r0, b667e <srand+0x22>
   b6674:	4b0b      	ldr	r3, [pc, #44]	; (b66a4 <srand+0x48>)
   b6676:	480c      	ldr	r0, [pc, #48]	; (b66a8 <srand+0x4c>)
   b6678:	2142      	movs	r1, #66	; 0x42
   b667a:	f7fe f84f 	bl	b471c <__assert_func>
   b667e:	490b      	ldr	r1, [pc, #44]	; (b66ac <srand+0x50>)
   b6680:	4b0b      	ldr	r3, [pc, #44]	; (b66b0 <srand+0x54>)
   b6682:	e9c0 1300 	strd	r1, r3, [r0]
   b6686:	4b0b      	ldr	r3, [pc, #44]	; (b66b4 <srand+0x58>)
   b6688:	6083      	str	r3, [r0, #8]
   b668a:	230b      	movs	r3, #11
   b668c:	8183      	strh	r3, [r0, #12]
   b668e:	2100      	movs	r1, #0
   b6690:	2001      	movs	r0, #1
   b6692:	e9c2 0104 	strd	r0, r1, [r2, #16]
   b6696:	6bab      	ldr	r3, [r5, #56]	; 0x38
   b6698:	2200      	movs	r2, #0
   b669a:	611c      	str	r4, [r3, #16]
   b669c:	615a      	str	r2, [r3, #20]
   b669e:	bd38      	pop	{r3, r4, r5, pc}
   b66a0:	2003e5f0 	.word	0x2003e5f0
   b66a4:	000b6c21 	.word	0x000b6c21
   b66a8:	000b6c38 	.word	0x000b6c38
   b66ac:	abcd330e 	.word	0xabcd330e
   b66b0:	e66d1234 	.word	0xe66d1234
   b66b4:	0005deec 	.word	0x0005deec

000b66b8 <strchr>:
   b66b8:	b2c9      	uxtb	r1, r1
   b66ba:	4603      	mov	r3, r0
   b66bc:	f810 2b01 	ldrb.w	r2, [r0], #1
   b66c0:	b11a      	cbz	r2, b66ca <strchr+0x12>
   b66c2:	428a      	cmp	r2, r1
   b66c4:	d1f9      	bne.n	b66ba <strchr+0x2>
   b66c6:	4618      	mov	r0, r3
   b66c8:	4770      	bx	lr
   b66ca:	2900      	cmp	r1, #0
   b66cc:	bf18      	it	ne
   b66ce:	2300      	movne	r3, #0
   b66d0:	e7f9      	b.n	b66c6 <strchr+0xe>

000b66d2 <strchrnul>:
   b66d2:	b510      	push	{r4, lr}
   b66d4:	4604      	mov	r4, r0
   b66d6:	f7ff ffef 	bl	b66b8 <strchr>
   b66da:	b918      	cbnz	r0, b66e4 <strchrnul+0x12>
   b66dc:	4620      	mov	r0, r4
   b66de:	f7fd fca7 	bl	b4030 <strlen>
   b66e2:	4420      	add	r0, r4
   b66e4:	bd10      	pop	{r4, pc}

000b66e6 <strcpy>:
   b66e6:	4603      	mov	r3, r0
   b66e8:	f811 2b01 	ldrb.w	r2, [r1], #1
   b66ec:	f803 2b01 	strb.w	r2, [r3], #1
   b66f0:	2a00      	cmp	r2, #0
   b66f2:	d1f9      	bne.n	b66e8 <strcpy+0x2>
   b66f4:	4770      	bx	lr

000b66f6 <strncmp>:
   b66f6:	b510      	push	{r4, lr}
   b66f8:	b17a      	cbz	r2, b671a <strncmp+0x24>
   b66fa:	4603      	mov	r3, r0
   b66fc:	3901      	subs	r1, #1
   b66fe:	1884      	adds	r4, r0, r2
   b6700:	f813 0b01 	ldrb.w	r0, [r3], #1
   b6704:	f811 2f01 	ldrb.w	r2, [r1, #1]!
   b6708:	4290      	cmp	r0, r2
   b670a:	d101      	bne.n	b6710 <strncmp+0x1a>
   b670c:	42a3      	cmp	r3, r4
   b670e:	d101      	bne.n	b6714 <strncmp+0x1e>
   b6710:	1a80      	subs	r0, r0, r2
   b6712:	bd10      	pop	{r4, pc}
   b6714:	2800      	cmp	r0, #0
   b6716:	d1f3      	bne.n	b6700 <strncmp+0xa>
   b6718:	e7fa      	b.n	b6710 <strncmp+0x1a>
   b671a:	4610      	mov	r0, r2
   b671c:	e7f9      	b.n	b6712 <strncmp+0x1c>

000b671e <strrchr>:
   b671e:	b538      	push	{r3, r4, r5, lr}
   b6720:	4603      	mov	r3, r0
   b6722:	460c      	mov	r4, r1
   b6724:	b969      	cbnz	r1, b6742 <strrchr+0x24>
   b6726:	e8bd 4038 	ldmia.w	sp!, {r3, r4, r5, lr}
   b672a:	f7ff bfc5 	b.w	b66b8 <strchr>
   b672e:	1c43      	adds	r3, r0, #1
   b6730:	4605      	mov	r5, r0
   b6732:	4621      	mov	r1, r4
   b6734:	4618      	mov	r0, r3
   b6736:	f7ff ffbf 	bl	b66b8 <strchr>
   b673a:	2800      	cmp	r0, #0
   b673c:	d1f7      	bne.n	b672e <strrchr+0x10>
   b673e:	4628      	mov	r0, r5
   b6740:	bd38      	pop	{r3, r4, r5, pc}
   b6742:	2500      	movs	r5, #0
   b6744:	e7f5      	b.n	b6732 <strrchr+0x14>
	...

000b6748 <_strtol_l.constprop.0>:
   b6748:	2b01      	cmp	r3, #1
   b674a:	e92d 47f0 	stmdb	sp!, {r4, r5, r6, r7, r8, r9, sl, lr}
   b674e:	d001      	beq.n	b6754 <_strtol_l.constprop.0+0xc>
   b6750:	2b24      	cmp	r3, #36	; 0x24
   b6752:	d906      	bls.n	b6762 <_strtol_l.constprop.0+0x1a>
   b6754:	f7fd ffda 	bl	b470c <__errno>
   b6758:	2316      	movs	r3, #22
   b675a:	6003      	str	r3, [r0, #0]
   b675c:	2000      	movs	r0, #0
   b675e:	e8bd 87f0 	ldmia.w	sp!, {r4, r5, r6, r7, r8, r9, sl, pc}
   b6762:	f8df c0e4 	ldr.w	ip, [pc, #228]	; b6848 <_strtol_l.constprop.0+0x100>
   b6766:	460d      	mov	r5, r1
   b6768:	462e      	mov	r6, r5
   b676a:	f815 4b01 	ldrb.w	r4, [r5], #1
   b676e:	f814 700c 	ldrb.w	r7, [r4, ip]
   b6772:	f017 0708 	ands.w	r7, r7, #8
   b6776:	d1f7      	bne.n	b6768 <_strtol_l.constprop.0+0x20>
   b6778:	2c2d      	cmp	r4, #45	; 0x2d
   b677a:	d132      	bne.n	b67e2 <_strtol_l.constprop.0+0x9a>
   b677c:	782c      	ldrb	r4, [r5, #0]
   b677e:	2701      	movs	r7, #1
   b6780:	1cb5      	adds	r5, r6, #2
   b6782:	2b00      	cmp	r3, #0
   b6784:	d05b      	beq.n	b683e <_strtol_l.constprop.0+0xf6>
   b6786:	2b10      	cmp	r3, #16
   b6788:	d109      	bne.n	b679e <_strtol_l.constprop.0+0x56>
   b678a:	2c30      	cmp	r4, #48	; 0x30
   b678c:	d107      	bne.n	b679e <_strtol_l.constprop.0+0x56>
   b678e:	782c      	ldrb	r4, [r5, #0]
   b6790:	f004 04df 	and.w	r4, r4, #223	; 0xdf
   b6794:	2c58      	cmp	r4, #88	; 0x58
   b6796:	d14d      	bne.n	b6834 <_strtol_l.constprop.0+0xec>
   b6798:	786c      	ldrb	r4, [r5, #1]
   b679a:	2310      	movs	r3, #16
   b679c:	3502      	adds	r5, #2
   b679e:	f107 4800 	add.w	r8, r7, #2147483648	; 0x80000000
   b67a2:	f108 38ff 	add.w	r8, r8, #4294967295
   b67a6:	f04f 0c00 	mov.w	ip, #0
   b67aa:	fbb8 f9f3 	udiv	r9, r8, r3
   b67ae:	4666      	mov	r6, ip
   b67b0:	fb03 8a19 	mls	sl, r3, r9, r8
   b67b4:	f1a4 0e30 	sub.w	lr, r4, #48	; 0x30
   b67b8:	f1be 0f09 	cmp.w	lr, #9
   b67bc:	d816      	bhi.n	b67ec <_strtol_l.constprop.0+0xa4>
   b67be:	4674      	mov	r4, lr
   b67c0:	42a3      	cmp	r3, r4
   b67c2:	dd24      	ble.n	b680e <_strtol_l.constprop.0+0xc6>
   b67c4:	f1bc 0f00 	cmp.w	ip, #0
   b67c8:	db1e      	blt.n	b6808 <_strtol_l.constprop.0+0xc0>
   b67ca:	45b1      	cmp	r9, r6
   b67cc:	d31c      	bcc.n	b6808 <_strtol_l.constprop.0+0xc0>
   b67ce:	d101      	bne.n	b67d4 <_strtol_l.constprop.0+0x8c>
   b67d0:	45a2      	cmp	sl, r4
   b67d2:	db19      	blt.n	b6808 <_strtol_l.constprop.0+0xc0>
   b67d4:	fb06 4603 	mla	r6, r6, r3, r4
   b67d8:	f04f 0c01 	mov.w	ip, #1
   b67dc:	f815 4b01 	ldrb.w	r4, [r5], #1
   b67e0:	e7e8      	b.n	b67b4 <_strtol_l.constprop.0+0x6c>
   b67e2:	2c2b      	cmp	r4, #43	; 0x2b
   b67e4:	bf04      	itt	eq
   b67e6:	782c      	ldrbeq	r4, [r5, #0]
   b67e8:	1cb5      	addeq	r5, r6, #2
   b67ea:	e7ca      	b.n	b6782 <_strtol_l.constprop.0+0x3a>
   b67ec:	f1a4 0e41 	sub.w	lr, r4, #65	; 0x41
   b67f0:	f1be 0f19 	cmp.w	lr, #25
   b67f4:	d801      	bhi.n	b67fa <_strtol_l.constprop.0+0xb2>
   b67f6:	3c37      	subs	r4, #55	; 0x37
   b67f8:	e7e2      	b.n	b67c0 <_strtol_l.constprop.0+0x78>
   b67fa:	f1a4 0e61 	sub.w	lr, r4, #97	; 0x61
   b67fe:	f1be 0f19 	cmp.w	lr, #25
   b6802:	d804      	bhi.n	b680e <_strtol_l.constprop.0+0xc6>
   b6804:	3c57      	subs	r4, #87	; 0x57
   b6806:	e7db      	b.n	b67c0 <_strtol_l.constprop.0+0x78>
   b6808:	f04f 3cff 	mov.w	ip, #4294967295
   b680c:	e7e6      	b.n	b67dc <_strtol_l.constprop.0+0x94>
   b680e:	f1bc 0f00 	cmp.w	ip, #0
   b6812:	da05      	bge.n	b6820 <_strtol_l.constprop.0+0xd8>
   b6814:	2322      	movs	r3, #34	; 0x22
   b6816:	6003      	str	r3, [r0, #0]
   b6818:	4646      	mov	r6, r8
   b681a:	b942      	cbnz	r2, b682e <_strtol_l.constprop.0+0xe6>
   b681c:	4630      	mov	r0, r6
   b681e:	e79e      	b.n	b675e <_strtol_l.constprop.0+0x16>
   b6820:	b107      	cbz	r7, b6824 <_strtol_l.constprop.0+0xdc>
   b6822:	4276      	negs	r6, r6
   b6824:	2a00      	cmp	r2, #0
   b6826:	d0f9      	beq.n	b681c <_strtol_l.constprop.0+0xd4>
   b6828:	f1bc 0f00 	cmp.w	ip, #0
   b682c:	d000      	beq.n	b6830 <_strtol_l.constprop.0+0xe8>
   b682e:	1e69      	subs	r1, r5, #1
   b6830:	6011      	str	r1, [r2, #0]
   b6832:	e7f3      	b.n	b681c <_strtol_l.constprop.0+0xd4>
   b6834:	2430      	movs	r4, #48	; 0x30
   b6836:	2b00      	cmp	r3, #0
   b6838:	d1b1      	bne.n	b679e <_strtol_l.constprop.0+0x56>
   b683a:	2308      	movs	r3, #8
   b683c:	e7af      	b.n	b679e <_strtol_l.constprop.0+0x56>
   b683e:	2c30      	cmp	r4, #48	; 0x30
   b6840:	d0a5      	beq.n	b678e <_strtol_l.constprop.0+0x46>
   b6842:	230a      	movs	r3, #10
   b6844:	e7ab      	b.n	b679e <_strtol_l.constprop.0+0x56>
   b6846:	bf00      	nop
   b6848:	000b6cb6 	.word	0x000b6cb6

000b684c <strtol>:
   b684c:	4613      	mov	r3, r2
   b684e:	460a      	mov	r2, r1
   b6850:	4601      	mov	r1, r0
   b6852:	4802      	ldr	r0, [pc, #8]	; (b685c <strtol+0x10>)
   b6854:	6800      	ldr	r0, [r0, #0]
   b6856:	f7ff bf77 	b.w	b6748 <_strtol_l.constprop.0>
   b685a:	bf00      	nop
   b685c:	2003e5f0 	.word	0x2003e5f0

000b6860 <__register_exitproc>:
   b6860:	e92d 43f8 	stmdb	sp!, {r3, r4, r5, r6, r7, r8, r9, lr}
   b6864:	f8df 80b8 	ldr.w	r8, [pc, #184]	; b6920 <__register_exitproc+0xc0>
   b6868:	4606      	mov	r6, r0
   b686a:	f8d8 0000 	ldr.w	r0, [r8]
   b686e:	461f      	mov	r7, r3
   b6870:	460d      	mov	r5, r1
   b6872:	4691      	mov	r9, r2
   b6874:	f000 f856 	bl	b6924 <__retarget_lock_acquire_recursive>
   b6878:	4b25      	ldr	r3, [pc, #148]	; (b6910 <__register_exitproc+0xb0>)
   b687a:	681c      	ldr	r4, [r3, #0]
   b687c:	b934      	cbnz	r4, b688c <__register_exitproc+0x2c>
   b687e:	4c25      	ldr	r4, [pc, #148]	; (b6914 <__register_exitproc+0xb4>)
   b6880:	601c      	str	r4, [r3, #0]
   b6882:	4b25      	ldr	r3, [pc, #148]	; (b6918 <__register_exitproc+0xb8>)
   b6884:	b113      	cbz	r3, b688c <__register_exitproc+0x2c>
   b6886:	681b      	ldr	r3, [r3, #0]
   b6888:	f8c4 3088 	str.w	r3, [r4, #136]	; 0x88
   b688c:	6863      	ldr	r3, [r4, #4]
   b688e:	2b1f      	cmp	r3, #31
   b6890:	dd07      	ble.n	b68a2 <__register_exitproc+0x42>
   b6892:	f8d8 0000 	ldr.w	r0, [r8]
   b6896:	f000 f847 	bl	b6928 <__retarget_lock_release_recursive>
   b689a:	f04f 30ff 	mov.w	r0, #4294967295
   b689e:	e8bd 83f8 	ldmia.w	sp!, {r3, r4, r5, r6, r7, r8, r9, pc}
   b68a2:	b34e      	cbz	r6, b68f8 <__register_exitproc+0x98>
   b68a4:	f8d4 0088 	ldr.w	r0, [r4, #136]	; 0x88
   b68a8:	b988      	cbnz	r0, b68ce <__register_exitproc+0x6e>
   b68aa:	4b1c      	ldr	r3, [pc, #112]	; (b691c <__register_exitproc+0xbc>)
   b68ac:	b923      	cbnz	r3, b68b8 <__register_exitproc+0x58>
   b68ae:	f8d8 0000 	ldr.w	r0, [r8]
   b68b2:	f000 f838 	bl	b6926 <__retarget_lock_release>
   b68b6:	e7f0      	b.n	b689a <__register_exitproc+0x3a>
   b68b8:	f44f 7084 	mov.w	r0, #264	; 0x108
   b68bc:	f7fd ff06 	bl	b46cc <malloc>
   b68c0:	2800      	cmp	r0, #0
   b68c2:	d0f4      	beq.n	b68ae <__register_exitproc+0x4e>
   b68c4:	2300      	movs	r3, #0
   b68c6:	e9c0 3340 	strd	r3, r3, [r0, #256]	; 0x100
   b68ca:	f8c4 0088 	str.w	r0, [r4, #136]	; 0x88
   b68ce:	6863      	ldr	r3, [r4, #4]
   b68d0:	f840 9023 	str.w	r9, [r0, r3, lsl #2]
   b68d4:	2201      	movs	r2, #1
   b68d6:	409a      	lsls	r2, r3
   b68d8:	eb00 0183 	add.w	r1, r0, r3, lsl #2
   b68dc:	f8d0 3100 	ldr.w	r3, [r0, #256]	; 0x100
   b68e0:	4313      	orrs	r3, r2
   b68e2:	f8c0 3100 	str.w	r3, [r0, #256]	; 0x100
   b68e6:	2e02      	cmp	r6, #2
   b68e8:	f8c1 7080 	str.w	r7, [r1, #128]	; 0x80
   b68ec:	bf02      	ittt	eq
   b68ee:	f8d0 3104 	ldreq.w	r3, [r0, #260]	; 0x104
   b68f2:	4313      	orreq	r3, r2
   b68f4:	f8c0 3104 	streq.w	r3, [r0, #260]	; 0x104
   b68f8:	6863      	ldr	r3, [r4, #4]
   b68fa:	f8d8 0000 	ldr.w	r0, [r8]
   b68fe:	1c5a      	adds	r2, r3, #1
   b6900:	3302      	adds	r3, #2
   b6902:	6062      	str	r2, [r4, #4]
   b6904:	f844 5023 	str.w	r5, [r4, r3, lsl #2]
   b6908:	f000 f80e 	bl	b6928 <__retarget_lock_release_recursive>
   b690c:	2000      	movs	r0, #0
   b690e:	e7c6      	b.n	b689e <__register_exitproc+0x3e>
   b6910:	2003e7f4 	.word	0x2003e7f4
   b6914:	2003e768 	.word	0x2003e768
   b6918:	00000000 	.word	0x00000000
   b691c:	000b46cd 	.word	0x000b46cd
   b6920:	2003e654 	.word	0x2003e654

000b6924 <__retarget_lock_acquire_recursive>:
   b6924:	4770      	bx	lr

000b6926 <__retarget_lock_release>:
   b6926:	4770      	bx	lr

000b6928 <__retarget_lock_release_recursive>:
   b6928:	4770      	bx	lr

000b692a <link_code_end>:
	...

000b692c <dynalib_user>:
   b692c:	4041 000b 407d 000b 40a5 000b 40a9 000b     A@..}@...@...@..
   b693c:	0000 0000 6143 6c6c 6f20 206e 7570 6572     ....Call on pure
   b694c:	7620 7269 7574 6c61 0000 0000                virtual....

000b6958 <_ZTVN5spark10LogHandlerE>:
	...
   b6968:	40c5 000b 40ed 000b                         .@...@..

000b6970 <_ZTVN5spark16SerialLogHandlerE>:
	...
   b6978:	40f1 000b 4125 000b 5695 000b 5839 000b     .@..%A...V..9X..

000b6988 <_ZTVN5spark13EthernetClassE>:
	...
   b6990:	479b 000b 4791 000b 4787 000b 477d 000b     .G...G...G..}G..
   b69a0:	4771 000b 4765 000b 6381 000b 6389 000b     qG..eG...c...c..
   b69b0:	4759 000b 4751 000b 4747 000b 473d 000b     YG..QG..GG..=G..
   b69c0:	64b1 000b 63b9 000b 63c1 000b               .d...c...c..

000b69cc <_ZTVN5spark16JSONStreamWriterE>:
	...
   b69d4:	49d5 000b 49d7 000b 4995 000b 5d73 000b     .I...I...I..s]..
   b69e4:	6162 6475 5300 7265 6169 006c 6553 6972     baud.Serial.Seri
   b69f4:	6c61 0031 534a 4e4f 7453 6572 6d61 6f4c     al1.JSONStreamLo
   b6a04:	4867 6e61 6c64 7265 6100 7070 2500 3130     gHandler.app.%01
   b6a14:	7530 0020 205d 2500 0064 202c 2800 3a29     0u .] .%d., .():
   b6a24:	0020 5b20 6300 646f 2065 203d 2500 0069      . [.code = .%i.
   b6a34:	6564 6174 6c69 2073 203d 0d00 000a 006d     details = ....m.
   b6a44:	0066 6e6c 6600 006e 0074 6f63 6564 6400     f.ln.fn.t.code.d
   b6a54:	7465 6961 006c 0000                         etail...

000b6a5c <_ZTVN5spark16StreamLogHandlerE>:
	...
   b6a64:	4f19 000b 4f31 000b 5695 000b 5839 000b     .O..1O...V..9X..

000b6a74 <_ZTVN5spark20JSONStreamLogHandlerE>:
	...
   b6a7c:	4f45 000b 4f59 000b 5871 000b 4a9f 000b     EO..YO..qX...J..

000b6a8c <_ZTVN5spark24DefaultLogHandlerFactoryE>:
	...
   b6a94:	4ab1 000b 4ad7 000b 55f9 000b 4aa1 000b     .J...J...U...J..

000b6aa4 <_ZTVN5spark26DefaultOutputStreamFactoryE>:
	...
   b6aac:	4aaf 000b 4ae5 000b 4e81 000b 4b07 000b     .J...J...N...K..
   b6abc:	5925 252d 2d6d 6425 2554 3a48 4d25 253a     %Y-%m-%dT%H:%M:%
   b6acc:	2553 007a 7361 7463 6d69 0065               S%z.asctime.

000b6ad8 <_ZTV9IPAddress>:
	...
   b6ae0:	5b55 000b 5b45 000b 5b47 000b               U[..E[..G[..

000b6aec <_ZTV9USBSerial>:
	...
   b6af4:	5c3b 000b 5ca3 000b 5c79 000b 49a9 000b     ;\...\..y\...I..
   b6b04:	5c6b 000b 5c3d 000b 5c4d 000b 5c9d 000b     k\..=\..M\...\..
   b6b14:	4a75 000b 5c5d 000b 5c35 000b 7525 7500     uJ..]\..5\..%u.u
   b6b24:	3025 7834 0000 0000                         %04x....

000b6b2c <_ZTV11USARTSerial>:
	...
   b6b34:	60f5 000b 6161 000b 6139 000b 49a9 000b     .`..aa..9a...I..
   b6b44:	6109 000b 6125 000b 6117 000b 6133 000b     .a..%a...a..3a..
   b6b54:	4a75 000b 60f7 000b 60fb 000b               uJ...`...`..

000b6b60 <_ZTV7TwoWire>:
	...
   b6b68:	61ad 000b 61f7 000b 61cf 000b 61af 000b     .a...a...a...a..
   b6b78:	61d7 000b 61df 000b 61e7 000b 61ef 000b     .a...a...a...a..
   b6b88:	4a75 000b                                   uJ..

000b6b8c <_ZTVN5spark9WiFiClassE>:
	...
   b6b94:	6323 000b 6319 000b 630f 000b 62c5 000b     #c...c...c...b..
   b6ba4:	6303 000b 62f7 000b 6381 000b 6389 000b     .c...b...c...c..
   b6bb4:	62eb 000b 62e3 000b 62d9 000b 62cf 000b     .b...b...b...b..
   b6bc4:	64b1 000b 63b9 000b 63c1 000b               .d...c...c..

000b6bd0 <CSWTCH.109>:
   b6bd0:	e688 2003 e724 2003 e72c 2003               ... $.. ,.. 

000b6bdc <_ZTVN5spark12NetworkClassE>:
	...
   b6be4:	6341 000b 634b 000b 6355 000b 635f 000b     Ac..Kc..Uc.._c..
   b6bf4:	6369 000b 6375 000b 6381 000b 6389 000b     ic..uc...c...c..
   b6c04:	6391 000b 639d 000b 63a5 000b 63af 000b     .c...c...c...c..
   b6c14:	64b1 000b 63b9 000b 63c1 000b               .d...c...c..

000b6c20 <_ZSt7nothrow>:
   b6c20:	5200 4545 544e 6d20 6c61 6f6c 2063 7573     .REENT malloc su
   b6c30:	6363 6565 6564 0064 6d2f 746e 772f 726f     cceeded./mnt/wor
   b6c40:	736b 6170 6563 772f 726f 736b 6170 6563     kspace/workspace
   b6c50:	472f 4343 312d 2d30 6970 6570 696c 656e     /GCC-10-pipeline
   b6c60:	6a2f 6e65 696b 736e 472d 4343 312d 2d30     /jenkins-GCC-10-
   b6c70:	6970 6570 696c 656e 342d 5f38 3032 3032     pipeline-48_2020
   b6c80:	3131 3432 315f 3036 3136 3038 3436 2f31     1124_1606180641/
   b6c90:	7273 2f63 656e 6c77 6269 6e2f 7765 696c     src/newlib/newli
   b6ca0:	2f62 696c 6362 732f 6474 696c 2f62 6172     b/libc/stdlib/ra
   b6cb0:	646e 632e                                    nd.c.

000b6cb5 <_ctype_>:
   b6cb5:	2000 2020 2020 2020 2020 2828 2828 2028     .         ((((( 
   b6cc5:	2020 2020 2020 2020 2020 2020 2020 2020                     
   b6cd5:	8820 1010 1010 1010 1010 1010 1010 1010      ...............
   b6ce5:	0410 0404 0404 0404 0404 1004 1010 1010     ................
   b6cf5:	1010 4141 4141 4141 0101 0101 0101 0101     ..AAAAAA........
   b6d05:	0101 0101 0101 0101 0101 0101 1010 1010     ................
   b6d15:	1010 4242 4242 4242 0202 0202 0202 0202     ..BBBBBB........
   b6d25:	0202 0202 0202 0202 0202 0202 1010 1010     ................
   b6d35:	0020 0000 0000 0000 0000 0000 0000 0000      ...............
	...

000b6db6 <link_const_data_end>:
	...

000b6db8 <link_constructors_location>:
   b6db8:	000b4279 	.word	0x000b4279
   b6dbc:	000b47a5 	.word	0x000b47a5
   b6dc0:	000b47f9 	.word	0x000b47f9
   b6dc4:	000b4985 	.word	0x000b4985
   b6dc8:	000b5685 	.word	0x000b5685
   b6dcc:	000b59e5 	.word	0x000b59e5
   b6dd0:	000b5a01 	.word	0x000b5a01
   b6dd4:	000b62a9 	.word	0x000b62a9
   b6dd8:	000b632d 	.word	0x000b632d
   b6ddc:	000b64c5 	.word	0x000b64c5
