,,,,
e00fce681282837e5d0586e0,11/25/2025 9:25:36,,rainfall,"1764080734,60.36389,0,0.17, 0"
e00fce681282837e5d0586e0,11/25/2025 9:36:14,,rainfall,"946684813, 27.6625, 0, 0.17, 91.96"
e00fce681282837e5d0586e0,11/25/2025 9:41:31,,rainfall,"946684813,39.67778,0,0.17,92.6"
e00fce681282837e5d0586e0,11/25/2025 10:00:52,,rainfall,"1764082828,164.17084,1.4,0.05,83.03"
e00fce681282837e5d0586e0,12/1/2025 11:01:44,,rainfall,"946684813,180.51805,0,0.18,91.33"
e00fce681282837e5d0586e0,12/1/2025 12:00:31,,rainfall,"1764608430,107.43611,20.68,0.05,80.42"
e00fce681282837e5d0586e0,12/1/2025 13:00:31,,rainfall,"1764612029,107.86945,0,0.05,71.27"
e00fce681282837e5d0586e0,12/1/2025 14:00:31,,rainfall,"1764615630,104.33472,0,0.04,62.39"
e00fce681282837e5d0586e0,12/1/2025 15:00:41,,rainfall,"1764619230,106.18195,0,0.04,53.46"
e00fce681282837e5d0586e0,12/1/2025 16:00:34,,rainfall,"1764622829,105.96667,0,0.03,41.19"
e00fce681282837e5d0586e0,12/1/2025 17:00:36,,rainfall,"1764626430,105.79723,0,0.03,31.26"
e00fce681282837e5d0586e0,12/1/2025 18:00:22,,rainfall,"1764630019,106.07083,0,0.03,23.96"
e00fce681282837e5d0586e0,12/1/2025 19:00:35,,rainfall,"1764633629,105.71389,0,0.03,14.91"
e00fce681282837e5d0586e0,12/1/2025 20:00:32,,rainfall,"1764637230,111.2125,0,0.03,4.89"
e00fce681282837e5d0586e0,12/1/2025 21:07:27,,rainfall,"1764640828,106.87778,0,0.03,0.04"
e00fce681282837e5d0586e0,12/1/2025 22:07:16,,rainfall,"1764644419,112.40972,0,0.03,0"
e00fce681282837e5d0586e0,12/1/2025 23:00:21,,rainfall,"1764648019,111.85694,0,0.03,0"
e00fce681282837e5d0586e0,12/2/2025 0:00:31,,rainfall,"1764651629,112.84028,0,0.03,0"
e00fce681282837e5d0586e0,12/2/2025 1:00:34,,rainfall,"1764655230,107.675,0,0.03,0"
e00fce681282837e5d0586e0,12/2/2025 2:00:31,,rainfall,"1764658829,111.94583,0,0.03,0"
e00fce681282837e5d0586e0,12/2/2025 3:00:31,,rainfall,"1764662430,112.25139,0,0.03,0"
e00fce681282837e5d0586e0,12/2/2025 4:00:35,,rainfall,"1764666028,105.39306,0,0.03,0"
e00fce681282837e5d0586e0,12/2/2025 5:00:31,,rainfall,"1764669629,103.8875,0,0.03,0"
e00fce681282837e5d0586e0,12/2/2025 6:00:34,,rainfall,"1764673229,104.8125,0.28,0.03,0"
e00fce681282837e5d0586e0,12/2/2025 7:00:32,,rainfall,"1764676829,106.21806,0.56,0.03,0"
e00fce681282837e5d0586e0,12/2/2025 8:00:32,,rainfall,"1764680430,105.82361,0,0.04,0"
e00fce681282837e5d0586e0,12/2/2025 9:00:35,,rainfall,"1764684030,105.45139,0,0.04,0"
e00fce681282837e5d0586e0,12/2/2025 10:00:32,,rainfall,"1764687630,106.46806,0,0.04,0"
e00fce681282837e5d0586e0,12/2/2025 11:00:31,,rainfall,"1764691229,105.83472,0.28,0.04,0"
e00fce681282837e5d0586e0,12/2/2025 12:00:32,,rainfall,"1764694829,103.53333,1.12,0.04,0"
e00fce681282837e5d0586e0,12/2/2025 13:00:33,,rainfall,"1764698429,102.11528,0.28,0.04,0"
e00fce681282837e5d0586e0,12/2/2025 14:00:33,,rainfall,"1764702030,102.35973,0.28,0.04,0"
e00fce681282837e5d0586e0,12/2/2025 15:00:35,,rainfall,"1764705629,105.70556,0,0.04,0"
e00fce681282837e5d0586e0,12/2/2025 16:00:33,,rainfall,"1764709229,106.26945,0,0.04,0"
e00fce681282837e5d0586e0,12/2/2025 17:00:38,,rainfall,"1764712830,105.38333,0,0.04,0"
e00fce681282837e5d0586e0,12/2/2025 18:00:35,,rainfall,"1764716429,105.00417,0,0.04,0"
e00fce681282837e5d0586e0,12/2/2025 19:00:32,,rainfall,"1764720029,104.21667,0,0.04,0"
e00fce681282837e5d0586e0,12/2/2025 20:00:35,,rainfall,"1764723629,106.05556,0,0.04,0"
e00fce681282837e5d0586e0,12/2/2025 21:07:23,,rainfall,"1764727230,104.71806,0,0.04,0"
e00fce681282837e5d0586e0,12/2/2025 22:00:21,,rainfall,"1764730819,104.9625,0,0.04,0"
e00fce681282837e5d0586e0,12/2/2025 23:00:33,,rainfall,"1764734430,108.41111,0,0.04,0"
e00fce681282837e5d0586e0,12/3/2025 0:00:34,,rainfall,"1764738029,106.13194,0,0.04,0"
e00fce681282837e5d0586e0,12/3/2025 1:00:32,,rainfall,"1764741629,109.12917,0,0.03,0"
e00fce681282837e5d0586e0,12/3/2025 2:00:34,,rainfall,"1764745229,112.12917,0,0.03,0"
e00fce681282837e5d0586e0,12/3/2025 3:00:32,,rainfall,"1764748830,117.94722,0,0.03,0"
e00fce681282837e5d0586e0,12/3/2025 4:00:31,,rainfall,"1764752429,118.78472,0,0.03,0"
e00fce681282837e5d0586e0,12/3/2025 5:00:32,,rainfall,"1764756029,116.18472,0,0.03,0"
e00fce681282837e5d0586e0,12/3/2025 6:00:33,,rainfall,"1764759631,114.92083,0,0.03,0"
e00fce681282837e5d0586e0,12/3/2025 7:00:36,,rainfall,"1764763229,115.79583,0,0.03,0"
e00fce681282837e5d0586e0,12/3/2025 8:05:29,,rainfall,"1764766829,112.95417,0,0.03,0"
e00fce681282837e5d0586e0,12/5/2025 8:40:35,,rainfall,"946684813,270.39722,0,0.17,91.96"
e00fce681282837e5d0586e0,12/16/2025 10:16:23,,rainfall,"946684813,54.83333,1.4,3.81,45.28"
e00fce681282837e5d0586e0,12/18/2025 8:58:13,,rainfall,"946684813,55.01944,0,3.81,43.64"
e00fce681282837e5d0586e0,12/18/2025 9:00:31,,rainfall,"1766066428,56.74583,0,3.81,43.64"
e00fce681282837e5d0586e0,12/18/2025 10:00:33,,rainfall,"1766070031,58.44305,0,3.81,43.64"
e00fce681282837e5d0586e0,12/19/2025 7:08:44,,rainfall,"946684813,56.58055,0,0.17,91.96"
e00fce681282837e5d0586e0,12/19/2025 8:00:37,,rainfall,"1766149230,54.52639,5.87,4.14,94.65"
e00fce681282837e5d0586e0,12/19/2025 9:00:31,,rainfall,"1766152829,56.06528,0,4.14,94.65"
e00fce681282837e5d0586e0,12/19/2025 10:00:37,,rainfall,"1766156430,56.25278,0,4.14,94.65"
e00fce681282837e5d0586e0,12/19/2025 11:00:35,,rainfall,"1766160029,54.62639,0,4.14,94.65"
e00fce681282837e5d0586e0,12/19/2025 12:00:32,,rainfall,"1766163630,54.51528,0,4.14,94.65"
e00fce681282837e5d0586e0,12/19/2025 13:00:31,,rainfall,"1766167229,54.16806,0,4.14,94.65"
e00fce681282837e5d0586e0,12/19/2025 14:00:33,,rainfall,"1766170829,54.10556,0,4.14,94.65"
e00fce681282837e5d0586e0,12/19/2025 15:00:32,,rainfall,"1766174429,54.31528,0,4.14,94.65"
e00fce681282837e5d0586e0,12/19/2025 16:00:35,,rainfall,"1766178029,58.69722,0,4.14,94.65"
e00fce681282837e5d0586e0,12/19/2025 17:00:32,,rainfall,"1766181630,62.61528,0,4.14,94.65"
e00fce681282837e5d0586e0,12/19/2025 18:00:43,,rainfall,"1766185229,66.22222,0,4.14,94.65"
e00fce681282837e5d0586e0,12/19/2025 19:00:34,,rainfall,"1766188829,69.61528,0,4.14,94.65"
e00fce681282837e5d0586e0,12/19/2025 19:00:34,,rainfall,"1766188829,69.61528,0,4.14,94.65"
e00fce681282837e5d0586e0,12/19/2025 20:00:35,,rainfall,"1766192429,71.35139,0,4.14,94.65"
e00fce681282837e5d0586e0,12/19/2025 21:00:32,,rainfall,"1766196030,72.13055,0,4.14,94.65"
e00fce681282837e5d0586e0,12/19/2025 22:00:32,,rainfall,"1766199629,72.9625,0,4.14,94.65"
e00fce681282837e5d0586e0,12/19/2025 23:00:37,,rainfall,"1766203229,73.30139,0,4.14,94.65"
e00fce681282837e5d0586e0,12/20/2025 0:00:35,,rainfall,"1766206829,74.13194,0,4.14,94.5"
e00fce681282837e5d0586e0,12/20/2025 1:00:35,,rainfall,"1766210429,74.65556,0,4.14,94.5"
e00fce681282837e5d0586e0,12/20/2025 2:00:33,,rainfall,"1766214030,75.24583,0,4.14,94.5"
e00fce681282837e5d0586e0,12/20/2025 3:00:46,,rainfall,"1766217630,75.84028,0,4.14,94.5"
e00fce681282837e5d0586e0,12/20/2025 4:00:35,,rainfall,"1766221229,76.52084,0,4.14,94.5"
e00fce681282837e5d0586e0,12/20/2025 5:00:33,,rainfall,"1766224830,77.23333,0,4.14,94.5"
e00fce681282837e5d0586e0,12/20/2025 6:00:36,,rainfall,"1766228429,78.01667,0,4.14,94.5"
e00fce681282837e5d0586e0,12/20/2025 7:00:40,,rainfall,"1766232030,77.71806,0,4.14,94.5"
e00fce681282837e5d0586e0,12/20/2025 8:00:34,,rainfall,"1766235629,75.79305,0,4.14,94.5"
e00fce681282837e5d0586e0,12/20/2025 9:00:36,,rainfall,"1766239229,70.80972,0,4.14,94.5"
e00fce681282837e5d0586e0,12/20/2025 10:00:33,,rainfall,"1766242829,67.23333,0,4.14,94.5"
e00fce681282837e5d0586e0,12/20/2025 11:00:36,,rainfall,"1766246430,67.19861,0,4.14,94.5"
e00fce681282837e5d0586e0,12/20/2025 12:00:40,,rainfall,"1766250030,65.98473,0,4.14,94.5"
e00fce681282837e5d0586e0,12/20/2025 13:00:33,,rainfall,"1766253629,64.73194,0,4.14,94.5"
e00fce681282837e5d0586e0,12/20/2025 14:00:37,,rainfall,"1766257229,64.12222,0,4.14,94.5"
e00fce681282837e5d0586e0,12/20/2025 15:00:34,,rainfall,"1766260830,61.68889,0,4.14,94.5"
e00fce681282837e5d0586e0,12/20/2025 16:00:41,,rainfall,"1766264429,65.93056,0,4.14,94.5"
e00fce681282837e5d0586e0,12/20/2025 17:00:35,,rainfall,"1766268029,70.32777,0,4.14,94.5"
e00fce681282837e5d0586e0,12/20/2025 18:00:34,,rainfall,"1766271629,73.46806,0,4.14,94.5"
e00fce681282837e5d0586e0,12/20/2025 19:00:37,,rainfall,"1766275229,73.76527,0,4.14,94.5"
e00fce681282837e5d0586e0,12/20/2025 20:00:35,,rainfall,"1766278829,73.7125,0,4.14,94.5"
e00fce681282837e5d0586e0,12/20/2025 21:00:37,,rainfall,"1766282430,74.19861,0,4.14,94.34"
e00fce681282837e5d0586e0,12/20/2025 22:00:34,,rainfall,"1766286029,74.42223,0,4.14,94.34"
e00fce681282837e5d0586e0,12/20/2025 23:00:35,,rainfall,"1766289629,74.16805,0,4.14,94.34"
e00fce681282837e5d0586e0,12/21/2025 0:00:36,,rainfall,"1766293229,75.26389,0,4.14,94.34"
e00fce681282837e5d0586e0,12/21/2025 1:00:35,,rainfall,"1766296830,76.14584,0,4.14,94.34"
e00fce681282837e5d0586e0,12/21/2025 2:00:35,,rainfall,"1766300429,76.27222,0,4.14,94.34"
e00fce681282837e5d0586e0,12/21/2025 3:00:34,,rainfall,"1766304029,76.45417,0,4.14,94.34"
e00fce681282837e5d0586e0,12/21/2025 4:00:40,,rainfall,"1766307629,76.75972,0,4.14,94.34"
e00fce681282837e5d0586e0,12/21/2025 5:00:35,,rainfall,"1766311230,80.52222,0,4.14,94.34"
e00fce681282837e5d0586e0,12/21/2025 6:00:34,,rainfall,"1766314829,83.27917,0,4.14,94.34"
e00fce681282837e5d0586e0,12/21/2025 7:00:37,,rainfall,"1766318428,85.23333,0,4.14,94.34"
e00fce681282837e5d0586e0,12/21/2025 8:00:38,,rainfall,"1766322030,87.52084,0,4.14,94.34"
e00fce681282837e5d0586e0,12/21/2025 9:00:38,,rainfall,"1766325629,93.12083,0,4.14,94.34"
e00fce681282837e5d0586e0,12/21/2025 10:00:36,,rainfall,"1766329229,75.55833,0,4.14,94.34"
e00fce681282837e5d0586e0,12/21/2025 11:00:36,,rainfall,"1766332830,67.99583,0,4.14,94.34"
e00fce681282837e5d0586e0,12/21/2025 12:00:36,,rainfall,"1766336429,62.37083,0,4.14,94.34"
e00fce681282837e5d0586e0,12/21/2025 13:00:38,,rainfall,"1766340029,58.58472,0,4.14,94.34"
e00fce681282837e5d0586e0,12/21/2025 14:00:36,,rainfall,"1766343629,55.49166,0,4.14,94.34"
e00fce681282837e5d0586e0,12/21/2025 15:00:41,,rainfall,"1766347230,54.44722,0,4.14,94.34"
e00fce681282837e5d0586e0,12/21/2025 16:00:36,,rainfall,"1766350830,57.80972,0,4.14,94.34"
e00fce681282837e5d0586e0,12/21/2025 17:00:39,,rainfall,"1766354429,62.48472,0,4.14,94.34"
e00fce681282837e5d0586e0,12/21/2025 18:00:36,,rainfall,"1766358030,65.96667,0,4.14,94.18"
e00fce681282837e5d0586e0,12/21/2025 19:00:36,,rainfall,"1766361629,65.60139,0,4.14,94.18"
e00fce681282837e5d0586e0,12/21/2025 20:00:36,,rainfall,"1766365229,67.35694,0,4.14,94.18"
e00fce681282837e5d0586e0,12/21/2025 21:00:39,,rainfall,"1766368830,69.30833,0,4.14,94.18"
e00fce681282837e5d0586e0,12/21/2025 22:00:42,,rainfall,"1766372430,70.14445,0,4.14,94.18"
e00fce681282837e5d0586e0,12/21/2025 23:00:36,,rainfall,"1766376029,70.72916,0,4.14,94.18"
e00fce681282837e5d0586e0,12/22/2025 0:00:38,,rainfall,"1766379629,71.84583,0,4.14,94.18"
e00fce681282837e5d0586e0,12/22/2025 1:00:37,,rainfall,"1766383231,72.6375,0,4.14,94.18"
e00fce681282837e5d0586e0,12/22/2025 2:00:43,,rainfall,"1766386830,73.32083,0,4.14,94.18"
e00fce681282837e5d0586e0,12/22/2025 3:00:39,,rainfall,"1766390429,73.04444,0,4.14,94.18"
e00fce681282837e5d0586e0,12/22/2025 4:00:45,,rainfall,"1766394029,73.7625,0,4.14,94.18"
e00fce681282837e5d0586e0,12/22/2025 5:00:38,,rainfall,"1766397630,74.06389,0,4.14,94.18"
e00fce681282837e5d0586e0,12/22/2025 6:00:36,,rainfall,"1766401229,74.27778,0,4.14,94.18"
e00fce681282837e5d0586e0,12/22/2025 7:00:48,,rainfall,"1766404830,74.51667,0,4.14,94.18"
e00fce681282837e5d0586e0,12/22/2025 8:00:33,,rainfall,"1766408430,74.61806,0,4.14,94.18"
e00fce681282837e5d0586e0,12/22/2025 9:00:33,,rainfall,"1766412031,69.71389,0,4.14,94.18"
e00fce681282837e5d0586e0,12/22/2025 10:00:34,,rainfall,"1766415631,67.87222,0,4.14,94.18"
e00fce681282837e5d0586e0,12/22/2025 11:00:34,,rainfall,"1766419229,67.75278,0,4.14,94.18"
e00fce681282837e5d0586e0,12/22/2025 12:00:33,,rainfall,"1766422829,66.40139,0,4.14,94.18"
e00fce681282837e5d0586e0,12/22/2025 13:00:33,,rainfall,"1766426429,65.6875,0,4.14,94.18"
e00fce681282837e5d0586e0,12/22/2025 14:00:38,,rainfall,"1766430029,64.84306,0,4.14,94.02"
e00fce681282837e5d0586e0,12/22/2025 15:00:32,,rainfall,"1766433629,63.9625,0,4.14,94.02"
e00fce681282837e5d0586e0,12/22/2025 16:00:33,,rainfall,"1766437230,66.64306,0,4.14,94.02"
e00fce681282837e5d0586e0,12/22/2025 17:00:35,,rainfall,"1766440829,71.36945,0,4.14,94.02"
e00fce681282837e5d0586e0,12/22/2025 18:00:38,,rainfall,"1766444430,71.98194,0,4.14,94.02"
e00fce681282837e5d0586e0,12/22/2025 19:00:32,,rainfall,"1766448029,71.8125,0,4.14,94.02"
e00fce681282837e5d0586e0,12/22/2025 20:00:38,,rainfall,"1766451630,71.86667,0,4.14,94.02"
e00fce681282837e5d0586e0,12/22/2025 21:00:33,,rainfall,"1766455229,72.01527,0,4.14,94.02"
e00fce681282837e5d0586e0,12/22/2025 22:00:34,,rainfall,"1766458830,72.98333,0,4.14,94.02"
e00fce681282837e5d0586e0,12/22/2025 23:00:36,,rainfall,"1766462430,73.57361,0,4.14,94.02"
e00fce681282837e5d0586e0,12/23/2025 0:00:36,,rainfall,"1766466030,74.84167,0,4.14,94.02"
e00fce681282837e5d0586e0,12/23/2025 1:00:36,,rainfall,"1766469629,75.55695,0,4.14,94.02"
e00fce681282837e5d0586e0,12/23/2025 2:00:38,,rainfall,"1766473229,76.15694,0,4.14,94.02"
e00fce681282837e5d0586e0,12/23/2025 3:00:34,,rainfall,"1766476829,76.01389,0,4.14,94.02"
e00fce681282837e5d0586e0,12/23/2025 4:00:34,,rainfall,"1766480429,76.05695,0,4.14,94.02"
e00fce681282837e5d0586e0,12/23/2025 5:00:32,,rainfall,"1766484029,76.30556,0,4.14,94.02"
e00fce681282837e5d0586e0,12/23/2025 6:00:34,,rainfall,"1766487629,75.85833,0,4.14,94.02"
e00fce681282837e5d0586e0,12/23/2025 7:00:34,,rainfall,"1766491230,74.57361,0,4.14,94.02"
e00fce681282837e5d0586e0,12/23/2025 8:00:34,,rainfall,"1766494829,72.92778,0,4.14,94.02"
e00fce681282837e5d0586e0,12/23/2025 9:00:37,,rainfall,"1766498429,70.88194,0,4.14,93.86"
e00fce681282837e5d0586e0,12/23/2025 10:00:35,,rainfall,"1766502031,69.22778,0,4.14,93.86"
e00fce681282837e5d0586e0,12/23/2025 11:00:34,,rainfall,"1766505629,64.67361,0,4.14,93.86"
e00fce681282837e5d0586e0,12/23/2025 12:00:34,,rainfall,"1766509229,60.12639,0,4.14,93.86"
e00fce681282837e5d0586e0,12/23/2025 13:00:37,,rainfall,"1766512830,57.72917,0,4.14,93.86"
e00fce681282837e5d0586e0,12/23/2025 14:00:33,,rainfall,"1766516429,58.08194,0,4.14,93.86"
e00fce681282837e5d0586e0,12/23/2025 15:00:40,,rainfall,"1766520029,56.78056,0,4.14,93.86"
e00fce681282837e5d0586e0,12/23/2025 16:00:39,,rainfall,"1766523629,58.37222,0,4.14,93.86"
e00fce681282837e5d0586e0,12/23/2025 17:00:34,,rainfall,"1766527229,61.6125,0,4.14,93.86"
e00fce681282837e5d0586e0,12/23/2025 18:00:38,,rainfall,"1766530830,66.0125,0,4.14,93.86"
e00fce681282837e5d0586e0,12/23/2025 19:00:36,,rainfall,"1766534430,66.78889,0,4.14,93.86"
e00fce681282837e5d0586e0,12/23/2025 20:00:37,,rainfall,"1766538029,65.47361,0,4.14,93.86"
e00fce681282837e5d0586e0,12/23/2025 21:09:32,,rainfall,"1766541629,65.71944,0,4.14,93.86"
e00fce681282837e5d0586e0,12/23/2025 22:02:13,,rainfall,"1766545229,66.19167,0,4.13,93.7"
e00fce681282837e5d0586e0,12/23/2025 23:00:27,,rainfall,"1766548819,64.75,0,4.13,93.7"
e00fce681282837e5d0586e0,12/24/2025 0:00:34,,rainfall,"1766552429,65.94444,0,4.13,93.7"
e00fce681282837e5d0586e0,12/24/2025 1:00:37,,rainfall,"1766556029,68.28194,0,4.13,93.7"
e00fce681282837e5d0586e0,12/24/2025 2:00:40,,rainfall,"1766559629,68.42223,0,4.13,93.7"
e00fce681282837e5d0586e0,12/24/2025 3:00:35,,rainfall,"1766563229,68.47778,0,4.13,93.7"
e00fce681282837e5d0586e0,12/24/2025 4:00:39,,rainfall,"1766566829,69.77361,0,4.13,93.7"
e00fce681282837e5d0586e0,12/24/2025 5:00:38,,rainfall,"1766570429,69.62917,0,4.13,93.7"
e00fce681282837e5d0586e0,12/24/2025 6:00:40,,rainfall,"1766574029,70.21806,0,4.13,93.7"
e00fce681282837e5d0586e0,12/24/2025 7:00:36,,rainfall,"1766577629,70.78194,0,4.13,93.7"
e00fce681282837e5d0586e0,12/24/2025 8:00:34,,rainfall,"1766581229,69.38055,0,4.13,93.7"
e00fce681282837e5d0586e0,12/24/2025 9:00:36,,rainfall,"1766584830,65.23611,0,4.13,93.7"
e00fce681282837e5d0586e0,12/24/2025 10:00:35,,rainfall,"1766588430,61.35278,0,4.13,93.55"
e00fce681282837e5d0586e0,12/24/2025 11:00:35,,rainfall,"1766592029,58.34861,0,4.13,93.55"
e00fce681282837e5d0586e0,12/24/2025 12:00:36,,rainfall,"1766595630,53.75694,0,4.13,93.55"
e00fce681282837e5d0586e0,12/24/2025 13:00:36,,rainfall,"1766599229,51.75694,0,4.13,93.55"
e00fce681282837e5d0586e0,12/24/2025 14:00:36,,rainfall,"1766602829,49.69305,0,4.13,93.55"
e00fce681282837e5d0586e0,12/24/2025 15:00:36,,rainfall,"1766606429,49.96806,0,4.13,93.55"
e00fce681282837e5d0586e0,12/24/2025 16:00:40,,rainfall,"1766610029,51.85139,0,4.13,93.55"
e00fce681282837e5d0586e0,12/24/2025 17:00:35,,rainfall,"1766613629,61.67222,0,4.13,93.55"
e00fce681282837e5d0586e0,12/24/2025 18:00:38,,rainfall,"1766617229,66.0375,0,4.13,93.55"
e00fce681282837e5d0586e0,12/24/2025 19:00:36,,rainfall,"1766620829,67.77222,0,4.13,93.55"
e00fce681282837e5d0586e0,12/24/2025 20:00:41,,rainfall,"1766624430,68.01389,0,4.13,93.55"
e00fce681282837e5d0586e0,12/24/2025 21:00:36,,rainfall,"1766628029,67.99861,0,4.13,93.55"
e00fce681282837e5d0586e0,12/24/2025 22:00:36,,rainfall,"1766631629,68.62917,0,4.13,93.55"
e00fce681282837e5d0586e0,12/24/2025 23:00:36,,rainfall,"1766635229,69.25278,0,4.13,93.55"
e00fce681282837e5d0586e0,12/25/2025 0:00:38,,rainfall,"1766638829,69.94305,0,4.13,93.55"
e00fce681282837e5d0586e0,12/25/2025 1:00:39,,rainfall,"1766642429,69.97361,0,4.13,93.55"
e00fce681282837e5d0586e0,12/25/2025 2:00:39,,rainfall,"1766646029,69.5,0,4.13,93.55"
e00fce681282837e5d0586e0,12/25/2025 3:00:36,,rainfall,"1766649629,69.69305,0,4.13,93.55"
e00fce681282837e5d0586e0,12/25/2025 4:00:44,,rainfall,"1766653229,74.14445,0,4.13,93.55"
e00fce681282837e5d0586e0,12/25/2025 5:00:41,,rainfall,"1766656829,86.46667,0,4.13,93.55"
e00fce681282837e5d0586e0,12/25/2025 6:00:39,,rainfall,"1766660430,87.99861,0,4.13,93.55"
e00fce681282837e5d0586e0,12/25/2025 7:00:46,,rainfall,"1766664029,94.54583,0,4.13,93.55"
e00fce681282837e5d0586e0,12/25/2025 8:00:32,,rainfall,"1766667629,119.36945,0,4.13,93.39"
e00fce681282837e5d0586e0,12/25/2025 9:00:31,,rainfall,"1766671230,94.79028,0,4.13,93.39"
e00fce681282837e5d0586e0,12/25/2025 10:00:30,,rainfall,"1766674829,69.83889,0,4.13,93.39"
e00fce681282837e5d0586e0,12/25/2025 11:00:35,,rainfall,"1766678430,59.60556,0,4.13,93.39"
e00fce681282837e5d0586e0,12/25/2025 12:00:39,,rainfall,"1766682029,55.87917,0,4.13,93.39"
e00fce681282837e5d0586e0,12/25/2025 13:00:31,,rainfall,"1766685629,52.07222,0,4.13,93.39"
e00fce681282837e5d0586e0,12/25/2025 14:00:36,,rainfall,"1766689229,51.16389,0,4.13,93.39"
e00fce681282837e5d0586e0,12/25/2025 15:00:32,,rainfall,"1766692829,50.35972,0,4.13,93.39"
e00fce681282837e5d0586e0,12/25/2025 16:00:35,,rainfall,"1766696430,52.20833,0,4.13,93.39"
e00fce681282837e5d0586e0,12/25/2025 17:00:32,,rainfall,"1766700029,57.43472,0,4.13,93.39"
e00fce681282837e5d0586e0,12/25/2025 18:00:35,,rainfall,"1766703629,60.03056,0,4.13,93.39"
e00fce681282837e5d0586e0,12/25/2025 19:00:32,,rainfall,"1766707230,62.32639,0,4.13,93.39"
e00fce681282837e5d0586e0,12/25/2025 20:00:36,,rainfall,"1766710829,63.73889,0,4.13,93.39"
e00fce681282837e5d0586e0,12/25/2025 21:00:32,,rainfall,"1766714429,64.35694,0,4.13,93.39"
e00fce681282837e5d0586e0,12/25/2025 22:00:32,,rainfall,"1766718029,64.95417,0,4.13,93.39"
e00fce681282837e5d0586e0,12/25/2025 23:00:34,,rainfall,"1766721629,66.95,0,4.13,93.39"
e00fce681282837e5d0586e0,12/26/2025 0:00:38,,rainfall,"1766725229,68.14306,0,4.13,93.39"
e00fce681282837e5d0586e0,12/26/2025 1:00:33,,rainfall,"1766728829,67.16389,0,4.13,93.39"
e00fce681282837e5d0586e0,12/26/2025 2:00:35,,rainfall,"1766732430,70.90833,0,4.13,93.23"
e00fce681282837e5d0586e0,12/26/2025 3:00:32,,rainfall,"1766736029,68.58611,0,4.13,93.23"
e00fce681282837e5d0586e0,12/26/2025 4:00:35,,rainfall,"1766739629,69.86806,0,4.13,93.23"
e00fce681282837e5d0586e0,12/26/2025 5:00:32,,rainfall,"1766743229,69.98194,0,4.13,93.23"
e00fce681282837e5d0586e0,12/26/2025 6:00:37,,rainfall,"1766746829,69.64027,0,4.13,93.23"
e00fce681282837e5d0586e0,12/26/2025 7:00:33,,rainfall,"1766750429,69.375,0,4.13,93.23"
e00fce681282837e5d0586e0,12/26/2025 8:00:33,,rainfall,"1766754029,68.46389,0,4.13,93.23"
e00fce681282837e5d0586e0,12/26/2025 9:00:38,,rainfall,"1766757630,66.80695,0,4.13,93.23"
e00fce681282837e5d0586e0,12/26/2025 10:00:33,,rainfall,"1766761229,64.24028,0,4.13,93.23"
e00fce681282837e5d0586e0,12/26/2025 11:00:34,,rainfall,"1766764829,62.35417,0,4.13,93.23"
e00fce681282837e5d0586e0,12/26/2025 12:00:36,,rainfall,"1766768429,62.50139,0,4.13,93.23"
e00fce681282837e5d0586e0,12/26/2025 13:00:33,,rainfall,"1766772029,60.18611,0,4.13,93.23"
e00fce681282837e5d0586e0,12/26/2025 14:00:39,,rainfall,"1766775629,61.00834,0,4.13,93.23"
e00fce681282837e5d0586e0,12/26/2025 15:00:33,,rainfall,"1766779229,60.9125,0,4.13,93.23"
e00fce681282837e5d0586e0,12/26/2025 16:00:34,,rainfall,"1766782829,63.47361,0,4.13,93.23"
e00fce681282837e5d0586e0,12/26/2025 17:00:34,,rainfall,"1766786430,64.94444,0,4.13,93.23"
e00fce681282837e5d0586e0,12/26/2025 18:00:34,,rainfall,"1766790029,65.38194,0,4.13,93.23"
e00fce681282837e5d0586e0,12/26/2025 19:00:34,,rainfall,"1766793630,66.50278,0,4.13,93.23"
e00fce681282837e5d0586e0,12/26/2025 20:00:33,,rainfall,"1766797229,66.35694,0,4.13,93.23"
e00fce681282837e5d0586e0,12/26/2025 21:00:33,,rainfall,"1766800829,68.80556,0,4.13,93.23"
e00fce681282837e5d0586e0,12/26/2025 22:00:33,,rainfall,"1766804429,68.56528,0,4.13,93.23"
e00fce681282837e5d0586e0,12/26/2025 23:00:33,,rainfall,"1766808029,67.39445,0,4.13,93.23"
e00fce681282837e5d0586e0,12/27/2025 0:00:37,,rainfall,"1766811629,66.99861,0,4.13,93.07"
e00fce681282837e5d0586e0,12/27/2025 1:00:40,,rainfall,"1766815229,68.25694,0,4.13,93.07"
e00fce681282837e5d0586e0,12/27/2025 2:00:37,,rainfall,"1766818829,69.225,0,4.13,93.07"
e00fce681282837e5d0586e0,12/27/2025 3:00:34,,rainfall,"1766822429,68.44583,0,4.13,93.07"
e00fce681282837e5d0586e0,12/27/2025 4:00:37,,rainfall,"1766826029,66.3,0,4.13,93.07"
e00fce681282837e5d0586e0,12/27/2025 5:00:37,,rainfall,"1766829629,65.84167,0,4.13,93.07"
e00fce681282837e5d0586e0,12/27/2025 6:00:36,,rainfall,"1766833229,66.30278,0,4.13,93.07"
e00fce681282837e5d0586e0,12/27/2025 7:00:35,,rainfall,"1766836829,66.23194,0,4.13,93.07"
e00fce681282837e5d0586e0,12/27/2025 8:00:35,,rainfall,"1766840430,67.49722,0,4.13,93.07"
e00fce681282837e5d0586e0,12/27/2025 9:00:35,,rainfall,"1766844030,64.6375,0,4.13,93.07"
e00fce681282837e5d0586e0,12/27/2025 10:00:34,,rainfall,"1766847629,57.71111,0,4.13,93.07"
e00fce681282837e5d0586e0,12/27/2025 11:09:23,,rainfall,"1766851229,54.69167,0,4.13,93.07"
e00fce681282837e5d0586e0,12/27/2025 12:01:32,,rainfall,"1766854829,51.5,0,4.13,92.91"
e00fce681282837e5d0586e0,12/27/2025 13:00:37,,rainfall,"1766858430,49.4,0,4.13,92.91"
e00fce681282837e5d0586e0,12/27/2025 14:00:38,,rainfall,"1766862029,55.76111,0,4.13,92.91"
e00fce681282837e5d0586e0,12/27/2025 15:00:36,,rainfall,"1766865630,56.34444,0,4.13,92.91"
e00fce681282837e5d0586e0,12/27/2025 16:00:35,,rainfall,"1766869229,59.54583,0,4.13,92.91"
e00fce681282837e5d0586e0,12/27/2025 17:00:36,,rainfall,"1766872830,63.31111,0,4.13,92.91"
e00fce681282837e5d0586e0,12/27/2025 18:00:42,,rainfall,"1766876430,65.425,0,4.13,92.91"
e00fce681282837e5d0586e0,12/27/2025 19:00:35,,rainfall,"1766880029,65.15972,0,4.13,92.91"
e00fce681282837e5d0586e0,12/27/2025 20:00:36,,rainfall,"1766883629,65.33472,0,4.13,92.91"
e00fce681282837e5d0586e0,12/27/2025 21:00:39,,rainfall,"1766887229,66.075,0,4.13,92.91"
e00fce681282837e5d0586e0,12/27/2025 22:00:39,,rainfall,"1766890830,66.5875,0,4.13,92.75"
e00fce681282837e5d0586e0,12/27/2025 23:00:36,,rainfall,"1766894429,67.82639,0,4.13,92.75"
e00fce681282837e5d0586e0,12/28/2025 0:00:38,,rainfall,"1766898030,68.30695,0,4.13,92.75"
e00fce681282837e5d0586e0,12/28/2025 1:00:37,,rainfall,"1766901630,69.5375,0,4.13,92.75"
e00fce681282837e5d0586e0,12/28/2025 2:00:35,,rainfall,"1766905229,69.60139,0,4.13,92.75"
e00fce681282837e5d0586e0,12/28/2025 3:00:37,,rainfall,"1766908829,70.81389,0,4.13,92.75"
e00fce681282837e5d0586e0,12/28/2025 4:00:36,,rainfall,"1766912430,70.70834,0,4.13,92.75"
e00fce681282837e5d0586e0,12/28/2025 5:00:41,,rainfall,"1766916029,71.15972,0,4.13,92.75"
e00fce681282837e5d0586e0,12/28/2025 6:00:37,,rainfall,"1766919629,71.46806,0,4.13,92.75"
e00fce681282837e5d0586e0,12/28/2025 7:00:44,,rainfall,"1766923230,70.65556,0,4.13,92.75"
e00fce681282837e5d0586e0,12/28/2025 8:00:31,,rainfall,"1766926829,70.375,0,4.13,92.75"
e00fce681282837e5d0586e0,12/28/2025 9:00:31,,rainfall,"1766930429,68.44028,0,4.13,92.75"
e00fce681282837e5d0586e0,12/28/2025 10:05:25,,rainfall,"1766934029,65.91528,0,4.13,92.75"
e00fce681282837e5d0586e0,12/28/2025 11:04:25,,rainfall,"1766937629,63.87222,0,4.13,92.75"
e00fce681282837e5d0586e0,12/28/2025 12:00:35,,rainfall,"1766941230,59.77917,0,4.13,92.75"
e00fce681282837e5d0586e0,12/28/2025 13:00:32,,rainfall,"1766944829,58.90833,0,4.13,92.75"
e00fce681282837e5d0586e0,12/28/2025 14:00:34,,rainfall,"1766948430,60.95694,0,4.13,92.75"
e00fce681282837e5d0586e0,12/28/2025 15:00:32,,rainfall,"1766952030,61.68472,0,4.13,92.75"
e00fce681282837e5d0586e0,12/28/2025 16:00:32,,rainfall,"1766955629,62.325,0,4.13,92.75"
e00fce681282837e5d0586e0,12/28/2025 17:00:38,,rainfall,"1766959229,63.22639,0,4.13,92.75"
e00fce681282837e5d0586e0,12/28/2025 18:00:41,,rainfall,"1766962829,63.16806,0,4.13,92.75"
e00fce681282837e5d0586e0,12/28/2025 19:00:35,,rainfall,"1766966429,62.81805,0,4.13,92.75"
e00fce681282837e5d0586e0,12/28/2025 20:00:35,,rainfall,"1766970029,62.75,0,4.13,92.6"
e00fce681282837e5d0586e0,12/28/2025 21:00:36,,rainfall,"1766973630,62.91806,0,4.13,92.6"
e00fce681282837e5d0586e0,12/28/2025 22:00:34,,rainfall,"1766977228,64.42361,0,4.13,92.6"
e00fce681282837e5d0586e0,12/28/2025 23:00:33,,rainfall,"1766980829,63.01389,0,4.13,92.6"
e00fce681282837e5d0586e0,12/29/2025 0:00:34,,rainfall,"1766984430,64.78611,0,4.13,92.6"
e00fce681282837e5d0586e0,12/29/2025 1:00:35,,rainfall,"1766988029,66.45972,0,4.13,92.6"
e00fce681282837e5d0586e0,12/29/2025 2:00:32,,rainfall,"1766991629,68.31667,0,4.13,92.6"
e00fce681282837e5d0586e0,12/29/2025 3:00:32,,rainfall,"1766995229,70.20417,0,4.13,92.6"
e00fce681282837e5d0586e0,12/29/2025 4:00:35,,rainfall,"1766998829,69.49722,0,4.13,92.6"
e00fce681282837e5d0586e0,12/29/2025 5:00:38,,rainfall,"1767002429,72.2,0,4.13,92.6"
e00fce681282837e5d0586e0,12/29/2025 6:00:34,,rainfall,"1767006029,74.61111,0,4.12,92.6"
e00fce681282837e5d0586e0,12/29/2025 7:00:37,,rainfall,"1767009629,78.85139,0,4.13,92.6"
e00fce681282837e5d0586e0,12/29/2025 8:00:33,,rainfall,"1767013229,85.61945,0,4.12,92.6"
e00fce681282837e5d0586e0,12/29/2025 9:00:33,,rainfall,"1767016829,74.05,0,4.12,92.6"
e00fce681282837e5d0586e0,12/29/2025 10:00:38,,rainfall,"1767020429,61.70139,0,4.12,92.6"
e00fce681282837e5d0586e0,12/29/2025 11:00:33,,rainfall,"1767024029,56.33333,0,4.12,92.6"
e00fce681282837e5d0586e0,12/29/2025 12:00:36,,rainfall,"1767027629,53.09444,0,4.12,92.6"
e00fce681282837e5d0586e0,12/29/2025 13:00:34,,rainfall,"1767031229,52.50278,0,4.12,92.6"
e00fce681282837e5d0586e0,12/29/2025 14:00:34,,rainfall,"1767034829,52.80416,0,4.12,92.6"
e00fce681282837e5d0586e0,12/29/2025 15:00:33,,rainfall,"1767038429,53.62083,0,4.12,92.6"
e00fce681282837e5d0586e0,12/29/2025 16:00:38,,rainfall,"1767042029,56.92778,0,4.12,92.6"
e00fce681282837e5d0586e0,12/29/2025 17:00:34,,rainfall,"1767045629,61.09861,0,4.12,92.6"
e00fce681282837e5d0586e0,12/29/2025 18:00:34,,rainfall,"1767049229,60.50834,0,4.12,92.6"
e00fce681282837e5d0586e0,12/29/2025 19:00:35,,rainfall,"1767052829,61.42778,0,4.12,92.6"
e00fce681282837e5d0586e0,12/29/2025 20:00:34,,rainfall,"1767056429,64.98611,0,4.12,92.6"
e00fce681282837e5d0586e0,12/29/2025 21:00:36,,rainfall,"1767060029,67.83472,0,4.12,92.6"
e00fce681282837e5d0586e0,12/29/2025 22:00:37,,rainfall,"1767063629,69.3,0,4.12,92.6"
e00fce681282837e5d0586e0,12/29/2025 23:00:38,,rainfall,"1767067229,71.60555,0,4.12,92.44"
e00fce681282837e5d0586e0,12/30/2025 0:00:35,,rainfall,"1767070829,72.425,0,4.12,92.44"
e00fce681282837e5d0586e0,12/30/2025 1:00:40,,rainfall,"1767074429,73.65417,0,4.12,92.44"
e00fce681282837e5d0586e0,12/30/2025 2:00:34,,rainfall,"1767078029,74.50278,0,4.12,92.44"
e00fce681282837e5d0586e0,12/30/2025 3:00:34,,rainfall,"1767081629,75.33056,0,4.12,92.44"
e00fce681282837e5d0586e0,12/30/2025 4:00:35,,rainfall,"1767085229,75.82917,0,4.12,92.44"
e00fce681282837e5d0586e0,12/30/2025 5:00:34,,rainfall,"1767088829,76.89722,0,4.12,92.44"
e00fce681282837e5d0586e0,12/30/2025 6:00:36,,rainfall,"1767092429,77.5375,0,4.12,92.44"
e00fce681282837e5d0586e0,12/30/2025 7:00:36,,rainfall,"1767096029,78.19444,0,4.12,92.44"
e00fce681282837e5d0586e0,12/30/2025 8:00:35,,rainfall,"1767099629,77.21389,0,4.12,92.44"
e00fce681282837e5d0586e0,12/30/2025 9:00:35,,rainfall,"1767103229,74.00833,0,4.12,92.44"
e00fce681282837e5d0586e0,12/30/2025 10:00:35,,rainfall,"1767106829,73.92223,0,4.12,92.44"
e00fce681282837e5d0586e0,12/30/2025 11:00:40,,rainfall,"1767110429,73.33195,0,4.12,92.44"
e00fce681282837e5d0586e0,12/30/2025 12:00:40,,rainfall,"1767114030,71.69167,0,4.12,92.44"
e00fce681282837e5d0586e0,12/30/2025 13:00:39,,rainfall,"1767117630,70.2375,0,4.12,92.44"
e00fce681282837e5d0586e0,12/30/2025 14:00:36,,rainfall,"1767121230,70.37639,0,4.12,92.44"
e00fce681282837e5d0586e0,12/30/2025 15:00:35,,rainfall,"1767124829,69.84028,0,4.12,92.44"
e00fce681282837e5d0586e0,12/30/2025 16:00:35,,rainfall,"1767128429,71.22916,0,4.12,92.44"
e00fce681282837e5d0586e0,12/30/2025 17:00:35,,rainfall,"1767132029,74.37361,0,4.12,92.44"
e00fce681282837e5d0586e0,12/30/2025 18:00:39,,rainfall,"1767135630,76.85,0,4.12,92.44"
e00fce681282837e5d0586e0,12/30/2025 19:00:36,,rainfall,"1767139229,78.23194,0,4.12,92.44"
e00fce681282837e5d0586e0,12/30/2025 20:00:36,,rainfall,"1767142829,78.84167,0,4.12,92.44"
e00fce681282837e5d0586e0,12/30/2025 21:00:36,,rainfall,"1767146430,79.29305,0,4.12,92.44"
e00fce681282837e5d0586e0,12/30/2025 22:00:36,,rainfall,"1767150029,79.54444,0,4.12,92.44"
e00fce681282837e5d0586e0,12/30/2025 23:00:39,,rainfall,"1767153629,79.55833,0,4.12,92.44"
e00fce681282837e5d0586e0,12/31/2025 0:00:39,,rainfall,"1767157229,79.57083,0,4.12,92.44"
e00fce681282837e5d0586e0,12/31/2025 1:00:36,,rainfall,"1767160829,80.24028,0,4.12,92.44"
e00fce681282837e5d0586e0,12/31/2025 2:00:38,,rainfall,"1767164429,80.13333,0,4.12,92.44"
e00fce681282837e5d0586e0,12/31/2025 3:00:40,,rainfall,"1767168029,80.125,0,4.12,92.44"
e00fce681282837e5d0586e0,12/31/2025 4:00:40,,rainfall,"1767171629,80.375,0,4.12,92.44"
e00fce681282837e5d0586e0,12/31/2025 5:00:38,,rainfall,"1767175230,80.2625,0,4.12,92.44"
e00fce681282837e5d0586e0,12/31/2025 6:00:40,,rainfall,"1767178829,80.22083,0,4.12,92.44"
e00fce681282837e5d0586e0,12/31/2025 7:00:43,,rainfall,"1767182429,80.46944,0,4.12,92.44"
e00fce681282837e5d0586e0,12/31/2025 8:00:32,,rainfall,"1767186030,79.68333,0,4.12,92.44"
e00fce681282837e5d0586e0,12/31/2025 9:00:32,,rainfall,"1767189629,74.99167,0,4.12,92.44"
e00fce681282837e5d0586e0,12/31/2025 10:00:36,,rainfall,"1767193229,73.06111,0,4.12,92.44"
e00fce681282837e5d0586e0,12/31/2025 11:00:33,,rainfall,"1767196829,72.16805,0,4.12,92.44"
e00fce681282837e5d0586e0,12/31/2025 12:00:36,,rainfall,"1767200430,71.07361,0,4.12,92.44"
e00fce681282837e5d0586e0,12/31/2025 13:00:32,,rainfall,"1767204029,69.03194,0,4.12,92.28"
e00fce681282837e5d0586e0,12/31/2025 14:00:31,,rainfall,"1767207629,67.21667,0,4.12,92.28"
e00fce681282837e5d0586e0,12/31/2025 15:00:32,,rainfall,"1767211229,66.15278,0,4.12,92.28"
e00fce681282837e5d0586e0,12/31/2025 16:00:32,,rainfall,"1767214829,67.78611,0,4.12,92.28"
e00fce681282837e5d0586e0,12/31/2025 17:00:35,,rainfall,"1767218429,71.98473,0,4.12,92.28"
e00fce681282837e5d0586e0,12/31/2025 18:00:33,,rainfall,"1767222030,74.58889,0,4.12,92.28"
e00fce681282837e5d0586e0,12/31/2025 19:00:34,,rainfall,"1767225629,75.45139,0,4.12,92.28"
e00fce681282837e5d0586e0,12/31/2025 20:00:36,,rainfall,"1767229229,76.55695,0,4.12,92.28"
e00fce681282837e5d0586e0,12/31/2025 21:00:34,,rainfall,"1767232830,77.37778,0,4.12,92.28"
e00fce681282837e5d0586e0,12/31/2025 22:00:34,,rainfall,"1767236429,76.28194,0,4.12,92.28"
e00fce681282837e5d0586e0,12/31/2025 23:00:36,,rainfall,"1767240029,75.19722,0,4.12,92.28"
e00fce681282837e5d0586e0,1/1/2026 0:00:42,,rainfall,"1767243630,74.74306,0,4.12,92.28"
e00fce681282837e5d0586e0,1/1/2026 1:00:33,,rainfall,"1767247230,74.275,0,4.12,92.28"
e00fce681282837e5d0586e0,1/1/2026 2:00:32,,rainfall,"1767250829,74.92361,0,4.12,92.28"
e00fce681282837e5d0586e0,1/1/2026 3:00:33,,rainfall,"1767254429,75.29166,0,4.12,92.28"
e00fce681282837e5d0586e0,1/1/2026 4:00:33,,rainfall,"1767258029,74.49167,0,4.12,92.28"
e00fce681282837e5d0586e0,1/1/2026 5:00:34,,rainfall,"1767261630,74.50694,0,4.12,92.28"
e00fce681282837e5d0586e0,1/1/2026 6:00:34,,rainfall,"1767265229,75.02084,0,4.12,92.28"
e00fce681282837e5d0586e0,1/1/2026 7:00:34,,rainfall,"1767268830,75.82361,0,4.12,92.28"
e00fce681282837e5d0586e0,1/1/2026 8:00:35,,rainfall,"1767272430,75.08056,0,4.12,92.28"
e00fce681282837e5d0586e0,1/1/2026 9:00:35,,rainfall,"1767276030,71.57639,0,4.12,92.28"
e00fce681282837e5d0586e0,1/1/2026 10:00:36,,rainfall,"1767279629,69.50833,0,4.12,92.28"
e00fce681282837e5d0586e0,1/1/2026 11:00:36,,rainfall,"1767283229,68.54305,0,4.12,92.28"
e00fce681282837e5d0586e0,1/1/2026 12:00:37,,rainfall,"1767286830,66.14584,0,4.12,92.28"
e00fce681282837e5d0586e0,1/1/2026 13:00:33,,rainfall,"1767290429,63.62778,0,4.12,92.28"
e00fce681282837e5d0586e0,1/1/2026 14:00:34,,rainfall,"1767294029,60.55833,0,4.12,92.28"
e00fce681282837e5d0586e0,1/1/2026 15:00:36,,rainfall,"1767297630,60.06944,0,4.12,92.28"
e00fce681282837e5d0586e0,1/1/2026 16:00:34,,rainfall,"1767301230,61.41667,0,4.12,92.28"
e00fce681282837e5d0586e0,1/1/2026 17:00:36,,rainfall,"1767304830,67.22916,0,4.12,92.28"
e00fce681282837e5d0586e0,1/1/2026 18:00:35,,rainfall,"1767308430,71.43611,0,4.12,92.28"
e00fce681282837e5d0586e0,1/1/2026 19:00:40,,rainfall,"1767312030,73.23473,0,4.12,92.28"
e00fce681282837e5d0586e0,1/1/2026 20:00:34,,rainfall,"1767315629,73.60973,0,4.12,92.12"
e00fce681282837e5d0586e0,1/1/2026 21:00:34,,rainfall,"1767319229,74.41389,0,4.12,92.12"
e00fce681282837e5d0586e0,1/1/2026 22:00:38,,rainfall,"1767322830,74.86111,0,4.12,92.12"
e00fce681282837e5d0586e0,1/1/2026 23:00:34,,rainfall,"1767326429,75.71806,0,4.12,92.12"
e00fce681282837e5d0586e0,1/2/2026 0:00:39,,rainfall,"1767330029,75.71667,0,4.12,92.12"
e00fce681282837e5d0586e0,1/2/2026 1:00:37,,rainfall,"1767333630,75.875,0,4.12,92.12"
e00fce681282837e5d0586e0,1/2/2026 2:00:35,,rainfall,"1767337230,76.25833,0,4.12,92.12"
e00fce681282837e5d0586e0,1/2/2026 3:00:38,,rainfall,"1767340829,75.9625,0,4.12,92.12"
e00fce681282837e5d0586e0,1/2/2026 4:00:38,,rainfall,"1767344430,76.12778,0,4.12,92.12"
e00fce681282837e5d0586e0,1/2/2026 5:00:35,,rainfall,"1767348029,75.60833,0,4.12,92.12"
e00fce681282837e5d0586e0,1/2/2026 6:00:36,,rainfall,"1767351630,75.85,0,4.12,92.12"
e00fce681282837e5d0586e0,1/2/2026 7:00:37,,rainfall,"1767355230,74.83334,0,4.12,92.12"
e00fce681282837e5d0586e0,1/2/2026 8:00:35,,rainfall,"1767358830,74.19722,0,4.12,92.12"
e00fce681282837e5d0586e0,1/2/2026 9:00:37,,rainfall,"1767362429,69.925,0,4.12,92.12"
e00fce681282837e5d0586e0,1/2/2026 10:00:35,,rainfall,"1767366029,65.89027,0,4.12,92.12"
e00fce681282837e5d0586e0,1/2/2026 11:00:36,,rainfall,"1767369629,63.18195,0,4.12,92.12"
e00fce681282837e5d0586e0,1/2/2026 12:00:36,,rainfall,"1767373230,59.94861,0,4.12,92.12"
e00fce681282837e5d0586e0,1/2/2026 13:00:39,,rainfall,"1767376829,58.1625,0,4.12,92.12"
e00fce681282837e5d0586e0,1/2/2026 14:00:38,,rainfall,"1767380430,56.12917,0,4.12,92.12"
e00fce681282837e5d0586e0,1/2/2026 15:00:35,,rainfall,"1767384029,56.04028,0,4.12,92.12"
e00fce681282837e5d0586e0,1/2/2026 16:00:37,,rainfall,"1767387630,59.01667,0,4.12,92.12"
e00fce681282837e5d0586e0,1/2/2026 17:00:36,,rainfall,"1767391229,64.75278,0,4.12,92.12"
e00fce681282837e5d0586e0,1/2/2026 18:00:37,,rainfall,"1767394830,66.89306,0,4.12,92.12"
e00fce681282837e5d0586e0,1/2/2026 19:00:36,,rainfall,"1767398429,67.21389,0,4.12,92.12"
e00fce681282837e5d0586e0,1/2/2026 20:00:36,,rainfall,"1767402029,67.53056,0,4.12,92.12"
e00fce681282837e5d0586e0,1/2/2026 21:00:40,,rainfall,"1767405630,67.17639,0,4.12,92.12"
e00fce681282837e5d0586e0,1/2/2026 22:00:36,,rainfall,"1767409229,68.65556,0,4.12,92.12"
e00fce681282837e5d0586e0,1/2/2026 23:00:39,,rainfall,"1767412829,68.02084,0,4.12,92.12"
e00fce681282837e5d0586e0,1/3/2026 0:00:45,,rainfall,"1767416430,68.65556,0,4.12,92.12"
e00fce681282837e5d0586e0,1/3/2026 1:00:39,,rainfall,"1767420030,68.69861,0,4.12,92.12"
e00fce681282837e5d0586e0,1/3/2026 2:00:36,,rainfall,"1767423629,68.57917,0,4.12,92.12"
e00fce681282837e5d0586e0,1/3/2026 3:00:38,,rainfall,"1767427229,69.06528,0,4.12,92.12"
e00fce681282837e5d0586e0,1/3/2026 4:00:40,,rainfall,"1767430829,69.30417,0,4.12,91.96"
e00fce681282837e5d0586e0,1/3/2026 5:00:37,,rainfall,"1767434430,69.35694,0,4.12,91.96"
e00fce681282837e5d0586e0,1/3/2026 6:00:38,,rainfall,"1767438029,69.65,0,4.12,91.96"
e00fce681282837e5d0586e0,1/3/2026 7:00:44,,rainfall,"1767441630,69.20417,0,4.12,91.96"
e00fce681282837e5d0586e0,1/3/2026 8:00:33,,rainfall,"1767445230,69.07639,0,4.12,91.96"
e00fce681282837e5d0586e0,1/3/2026 9:00:35,,rainfall,"1767448829,66.48473,0,4.12,91.96"
e00fce681282837e5d0586e0,1/3/2026 10:00:31,,rainfall,"1767452429,63.90833,0,4.12,91.96"
e00fce681282837e5d0586e0,1/3/2026 11:00:34,,rainfall,"1767456029,66.51527,0,4.12,91.96"
e00fce681282837e5d0586e0,1/3/2026 12:00:32,,rainfall,"1767459629,69.36111,0.56,4.12,91.96"
e00fce681282837e5d0586e0,1/3/2026 13:00:33,,rainfall,"1767463229,104.97083,1.68,4.12,91.96"
e00fce681282837e5d0586e0,1/3/2026 14:00:35,,rainfall,"1767466830,129.06667,0.28,4.12,91.96"
e00fce681282837e5d0586e0,1/3/2026 15:00:36,,rainfall,"1767470431,165.38611,0,4.12,91.96"
e00fce681282837e5d0586e0,1/3/2026 16:00:31,,rainfall,"1767474029,196.87222,0.84,4.12,91.96"
e00fce681282837e5d0586e0,1/3/2026 17:00:32,,rainfall,"1767477630,191.40834,0.56,4.12,91.96"
e00fce681282837e5d0586e0,1/3/2026 18:00:35,,rainfall,"1767481229,217.76389,0.56,4.12,91.96"
e00fce681282837e5d0586e0,1/3/2026 19:00:33,,rainfall,"1767484830,224.35834,0.56,4.12,91.96"
e00fce681282837e5d0586e0,1/3/2026 20:00:33,,rainfall,"1767488429,223.08611,0.28,4.12,91.96"
e00fce681282837e5d0586e0,1/3/2026 21:00:35,,rainfall,"1767492030,208.23195,0,4.12,91.96"
e00fce681282837e5d0586e0,1/3/2026 22:00:38,,rainfall,"1767495630,209.32222,0,4.12,91.96"
e00fce681282837e5d0586e0,1/3/2026 23:00:33,,rainfall,"1767499229,207.97778,0,4.12,91.96"
e00fce681282837e5d0586e0,1/4/2026 0:00:34,,rainfall,"1767502830,209.91528,0,4.12,91.96"
e00fce681282837e5d0586e0,1/4/2026 1:00:34,,rainfall,"1767506429,185.6375,0,4.12,91.96"
e00fce681282837e5d0586e0,1/4/2026 2:00:34,,rainfall,"1767510030,180.46249,0,4.12,91.96"
e00fce681282837e5d0586e0,1/4/2026 3:00:34,,rainfall,"1767513629,170.09445,0,4.12,91.96"
e00fce681282837e5d0586e0,1/4/2026 4:00:34,,rainfall,"1767517230,169.96666,0,4.12,91.96"
e00fce681282837e5d0586e0,1/4/2026 5:00:33,,rainfall,"1767520829,168.60973,0,4.12,91.96"
e00fce681282837e5d0586e0,1/4/2026 6:00:34,,rainfall,"1767524430,168.32083,0,4.12,91.96"
e00fce681282837e5d0586e0,1/4/2026 7:00:34,,rainfall,"1767528029,177.66389,0,4.12,91.96"
e00fce681282837e5d0586e0,1/4/2026 8:00:34,,rainfall,"1767531630,177.40973,0,4.12,91.96"
e00fce681282837e5d0586e0,1/4/2026 9:00:36,,rainfall,"1767535229,159.5125,0,4.12,91.96"
e00fce681282837e5d0586e0,1/4/2026 10:00:34,,rainfall,"1767538829,124.61806,0,4.12,91.96"
e00fce681282837e5d0586e0,1/4/2026 11:00:36,,rainfall,"1767542430,120.47916,0,4.12,91.8"
e00fce681282837e5d0586e0,1/4/2026 12:00:41,,rainfall,"1767546029,114.13194,0,4.12,91.8"
e00fce681282837e5d0586e0,1/4/2026 13:00:36,,rainfall,"1767549629,117.61389,0,4.12,91.8"
e00fce681282837e5d0586e0,1/4/2026 14:00:34,,rainfall,"1767553230,113.52084,0,4.12,91.8"
e00fce681282837e5d0586e0,1/4/2026 15:00:35,,rainfall,"1767556829,111.29723,0,4.12,91.8"
e00fce681282837e5d0586e0,1/4/2026 16:00:36,,rainfall,"1767560430,100.35555,0,4.12,91.8"
e00fce681282837e5d0586e0,1/4/2026 17:00:35,,rainfall,"1767564029,111.77361,0,4.12,91.8"
e00fce681282837e5d0586e0,1/4/2026 18:00:34,,rainfall,"1767567629,118.67639,0,4.12,91.8"
e00fce681282837e5d0586e0,1/4/2026 19:00:35,,rainfall,"1767571229,129.2375,0,4.12,91.8"
e00fce681282837e5d0586e0,1/4/2026 20:00:34,,rainfall,"1767574829,130.89999,0,4.12,91.8"
e00fce681282837e5d0586e0,1/4/2026 21:00:38,,rainfall,"1767578430,129.81944,0,4.12,91.8"
e00fce681282837e5d0586e0,1/4/2026 22:00:35,,rainfall,"1767582029,132.60278,0,4.12,91.8"
e00fce681282837e5d0586e0,1/4/2026 23:00:35,,rainfall,"1767585629,131.4875,0,4.12,91.8"
e00fce681282837e5d0586e0,1/5/2026 0:00:35,,rainfall,"1767589230,132.44861,0,4.12,91.8"
e00fce681282837e5d0586e0,1/5/2026 1:00:37,,rainfall,"1767592829,144.14027,0,4.12,91.8"
e00fce681282837e5d0586e0,1/5/2026 2:00:35,,rainfall,"1767596429,145.65555,0,4.12,91.8"
e00fce681282837e5d0586e0,1/5/2026 3:00:35,,rainfall,"1767600030,142.67639,0,4.12,91.8"
e00fce681282837e5d0586e0,1/5/2026 4:00:34,,rainfall,"1767603628,146.28751,0,4.12,91.8"
e00fce681282837e5d0586e0,1/5/2026 5:00:36,,rainfall,"1767607230,139.62361,0,4.12,91.8"
e00fce681282837e5d0586e0,1/5/2026 6:00:37,,rainfall,"1767610830,145.6875,0,4.12,91.8"
e00fce681282837e5d0586e0,1/5/2026 7:00:38,,rainfall,"1767614430,146.86806,0,4.12,91.8"
e00fce681282837e5d0586e0,1/5/2026 8:00:38,,rainfall,"1767618031,153.79028,0,4.12,91.8"
e00fce681282837e5d0586e0,1/5/2026 9:00:36,,rainfall,"1767621629,147.45277,0.00,4.12,91.80"
e00fce681282837e5d0586e0,1/5/2026 10:00:41,,rainfall,"1767625229,119.90694,0.00,4.12,91.80"
e00fce681282837e5d0586e0,1/5/2026 11:00:39,,rainfall,"1767628829,109.22361,0.00,4.12,91.80"
e00fce681282837e5d0586e0,1/5/2026 12:00:36,,rainfall,"1767632429,110.38472,0.00,4.12,91.80"
e00fce681282837e5d0586e0,1/5/2026 13:00:35,,rainfall,"1767636029,106.94305,0.00,4.12,91.80"
e00fce681282837e5d0586e0,1/5/2026 14:00:40,,rainfall,"1767639629,115.06667,0.00,4.12,91.80"
e00fce681282837e5d0586e0,1/5/2026 15:00:36,,rainfall,"1767643230,119.60833,0.00,4.12,91.80"
e00fce681282837e5d0586e0,1/5/2026 16:00:35,,rainfall,"1767646828,108.88055,0.00,4.12,91.80"
e00fce681282837e5d0586e0,1/5/2026 17:00:37,,rainfall,"1767650430,115.69444,0.00,4.12,91.80"
e00fce681282837e5d0586e0,1/5/2026 18:00:37,,rainfall,"1767654029,123.36250,0.00,4.12,91.80"
e00fce681282837e5d0586e0,1/5/2026 19:00:36,,rainfall,"1767657629,126.92083,0.00,4.12,91.80"
e00fce681282837e5d0586e0,1/5/2026 20:00:42,,rainfall,"1767661230,134.71111,0.00,4.12,91.80"
e00fce681282837e5d0586e0,1/5/2026 21:00:36,,rainfall,"1767664829,136.32222,0.00,4.12,91.80"
e00fce681282837e5d0586e0,1/5/2026 22:00:36,,rainfall,"1767668429,139.59862,0.00,4.12,91.65"
e00fce681282837e5d0586e0,1/5/2026 23:00:41,,rainfall,"1767672031,139.25278,0.00,4.12,91.65"
e00fce681282837e5d0586e0,1/6/2026 0:00:38,,rainfall,"1767675630,142.25139,0.00,4.12,91.65"
e00fce681282837e5d0586e0,1/6/2026 1:00:37,,rainfall,"1767679230,144.07361,0.00,4.12,91.65"
e00fce681282837e5d0586e0,1/6/2026 2:00:40,,rainfall,"1767682828,144.06667,0.00,4.12,91.65"
e00fce681282837e5d0586e0,1/6/2026 3:00:38,,rainfall,"1767686430,148.49583,0.00,4.12,91.65"
e00fce681282837e5d0586e0,1/6/2026 4:00:37,,rainfall,"1767690030,151.44167,0.00,4.12,91.65"
e00fce681282837e5d0586e0,1/6/2026 5:00:41,,rainfall,"1767693630,153.68750,0.00,4.12,91.65"
e00fce681282837e5d0586e0,1/6/2026 6:00:40,,rainfall,"1767697230,151.98334,0.00,4.12,91.65"
e00fce681282837e5d0586e0,1/6/2026 7:00:45,,rainfall,"1767700830,151.44167,0.00,4.12,91.65"
e00fce681282837e5d0586e0,1/6/2026 8:00:35,,rainfall,"1767704429,151.04306,0.00,4.12,91.65"
e00fce681282837e5d0586e0,1/6/2026 9:00:32,,rainfall,"1767708030,154.58749,0.00,4.12,91.65"
e00fce681282837e5d0586e0,1/6/2026 10:00:34,,rainfall,"1767711630,149.48334,0.00,4.12,91.65"
e00fce681282837e5d0586e0,1/6/2026 11:00:33,,rainfall,"1767715230,175.24861,0.00,4.12,91.65"
e00fce681282837e5d0586e0,1/6/2026 12:00:34,,rainfall,"1767718829,167.27916,0.00,4.12,91.65"
e00fce681282837e5d0586e0,1/6/2026 13:00:32,,rainfall,"1767722429,157.66112,0.00,4.12,91.65"
e00fce681282837e5d0586e0,1/6/2026 14:00:33,,rainfall,"1767726030,154.17639,0.00,4.12,91.65"
e00fce681282837e5d0586e0,1/6/2026 15:00:36,,rainfall,"1767729630,133.24028,0.00,4.12,91.65"
e00fce681282837e5d0586e0,1/6/2026 16:00:33,,rainfall,"1767733230,121.59306,0.00,4.12,91.65"
e00fce681282837e5d0586e0,1/6/2026 17:00:32,,rainfall,"1767736829,133.63611,0.00,4.12,91.65"
e00fce681282837e5d0586e0,1/6/2026 18:00:32,,rainfall,"1767740429,144.41112,0.00,4.12,91.65"
e00fce681282837e5d0586e0,1/6/2026 19:00:32,,rainfall,"1767744029,136.57777,0.00,4.12,91.65"
e00fce681282837e5d0586e0,1/6/2026 20:00:35,,rainfall,"1767747630,137.34862,0.00,4.12,91.65"
e00fce681282837e5d0586e0,1/6/2026 21:00:33,,rainfall,"1767751230,139.01805,0.00,4.12,91.65"
e00fce681282837e5d0586e0,1/6/2026 22:00:32,,rainfall,"1767754829,144.72778,0.00,4.12,91.65"
e00fce681282837e5d0586e0,1/6/2026 23:00:32,,rainfall,"1767758429,146.65973,0.00,4.12,91.65"
e00fce681282837e5d0586e0,1/7/2026 0:00:33,,rainfall,"1767762029,143.89999,0.00,4.12,91.65"
e00fce681282837e5d0586e0,1/7/2026 1:00:32,,rainfall,"1767765629,147.20416,0.00,4.12,91.49"
e00fce681282837e5d0586e0,1/7/2026 2:00:33,,rainfall,"1767769230,141.84445,0.00,4.12,91.49"
e00fce681282837e5d0586e0,1/7/2026 3:00:33,,rainfall,"1767772830,142.99861,0.00,4.12,91.49"
e00fce681282837e5d0586e0,1/7/2026 4:00:38,,rainfall,"1767776429,146.31805,0.00,4.12,91.49"
e00fce681282837e5d0586e0,1/7/2026 5:00:35,,rainfall,"1767780030,139.11111,0.00,4.12,91.49"
e00fce681282837e5d0586e0,1/7/2026 6:00:35,,rainfall,"1767783629,131.39305,0.00,4.12,91.49"
e00fce681282837e5d0586e0,1/7/2026 7:00:34,,rainfall,"1767787229,126.74306,0.00,4.12,91.49"
e00fce681282837e5d0586e0,1/7/2026 8:00:34,,rainfall,"1767790829,127.04444,0.00,4.12,91.49"
e00fce681282837e5d0586e0,1/7/2026 9:00:33,,rainfall,"1767794429,133.94167,0.00,4.12,91.49"
e00fce681282837e5d0586e0,1/7/2026 10:00:39,,rainfall,"1767798029,115.92500,0.00,4.12,91.49"
e00fce681282837e5d0586e0,1/7/2026 11:00:33,,rainfall,"1767801629,98.81944,0.00,4.12,91.49"
e00fce681282837e5d0586e0,1/7/2026 12:00:33,,rainfall,"1767805229,92.19028,0.00,4.12,91.49"
e00fce681282837e5d0586e0,1/7/2026 13:00:33,,rainfall,"1767808829,83.25972,0.00,4.12,91.49"
e00fce681282837e5d0586e0,1/7/2026 14:00:36,,rainfall,"1767812429,80.80000,0.00,4.12,91.49"
e00fce681282837e5d0586e0,1/7/2026 15:00:37,,rainfall,"1767816029,79.01111,0.00,4.12,91.49"
e00fce681282837e5d0586e0,1/7/2026 16:00:39,,rainfall,"1767819630,83.00972,0.00,4.12,91.49"
e00fce681282837e5d0586e0,1/7/2026 17:00:34,,rainfall,"1767823230,98.65694,0.00,4.12,91.49"
e00fce681282837e5d0586e0,1/7/2026 18:00:34,,rainfall,"1767826829,72.37778,0.00,4.12,91.49"
e00fce681282837e5d0586e0,1/7/2026 19:00:36,,rainfall,"1767830430,83.49861,0.00,4.12,91.49"
e00fce681282837e5d0586e0,1/7/2026 20:00:36,,rainfall,"1767834030,90.34028,0.00,4.12,91.49"
e00fce681282837e5d0586e0,1/7/2026 21:00:38,,rainfall,"1767837629,86.11667,0.00,4.12,91.49"
e00fce681282837e5d0586e0,1/7/2026 22:00:40,,rainfall,"1767841229,83.85973,0.00,4.12,91.49"
e00fce681282837e5d0586e0,1/7/2026 23:00:35,,rainfall,"1767844830,85.98611,0.00,4.12,91.49"
e00fce681282837e5d0586e0,1/8/2026 0:00:36,,rainfall,"1767848429,88.87083,0.00,4.12,91.49"
e00fce681282837e5d0586e0,1/8/2026 1:00:38,,rainfall,"1767852029,87.91250,0.00,4.12,91.49"
e00fce681282837e5d0586e0,1/8/2026 2:00:34,,rainfall,"1767855629,86.26945,0.00,4.12,91.49"
e00fce681282837e5d0586e0,1/8/2026 4:00:35,,rainfall,"1767862830,86.15694,0.00,4.12,91.49"
e00fce681282837e5d0586e0,1/8/2026 5:00:34,,rainfall,"1767866429,84.56805,0.00,4.12,91.49"
e00fce681282837e5d0586e0,1/8/2026 6:00:37,,rainfall,"1767870029,81.70695,0.00,4.12,91.49"
e00fce681282837e5d0586e0,1/8/2026 7:00:38,,rainfall,"1767873630,84.09028,0.00,4.12,91.49"
e00fce681282837e5d0586e0,1/8/2026 8:00:35,,rainfall,"1767877230,83.83056,0.00,4.12,91.33"
e00fce681282837e5d0586e0,1/8/2026 9:00:34,,rainfall,"1767880829,91.54583,0.00,4.12,91.33"
e00fce681282837e5d0586e0,1/8/2026 10:00:35,,rainfall,"1767884430,76.33750,0.00,4.12,91.33"
e00fce681282837e5d0586e0,1/8/2026 11:00:36,,rainfall,"1767888030,73.82917,0.00,4.12,91.33"
e00fce681282837e5d0586e0,1/8/2026 12:00:44,,rainfall,"1767891629,75.83472,0.00,4.11,91.33"
e00fce681282837e5d0586e0,1/8/2026 13:00:40,,rainfall,"1767895229,74.04305,0.00,4.11,91.33"
e00fce681282837e5d0586e0,1/8/2026 14:00:40,,rainfall,"1767898830,74.25000,0.00,4.11,91.33"
e00fce681282837e5d0586e0,1/8/2026 15:00:39,,rainfall,"1767902429,73.27778,0.00,4.11,91.33"
e00fce681282837e5d0586e0,1/8/2026 16:00:35,,rainfall,"1767906029,83.83611,0.00,4.11,91.33"
e00fce681282837e5d0586e0,1/8/2026 17:00:37,,rainfall,"1767909630,82.08195,0.00,4.11,91.33"
e00fce681282837e5d0586e0,1/8/2026 18:00:38,,rainfall,"1767913230,84.98055,0.00,4.11,91.33"
e00fce681282837e5d0586e0,1/8/2026 19:00:36,,rainfall,"1767916830,88.28056,0.00,4.11,91.33"
e00fce681282837e5d0586e0,1/8/2026 20:00:35,,rainfall,"1767920429,86.32777,0.00,4.11,91.33"
e00fce681282837e5d0586e0,1/8/2026 21:00:36,,rainfall,"1767924029,89.78750,0.00,4.11,91.33"
e00fce681282837e5d0586e0,1/8/2026 22:00:36,,rainfall,"1767927630,87.26667,0.00,4.11,91.33"
e00fce681282837e5d0586e0,1/8/2026 23:00:36,,rainfall,"1767931229,85.66805,0.00,4.11,91.33"
e00fce681282837e5d0586e0,1/9/2026 0:00:40,,rainfall,"1767934829,81.88750,0.00,4.11,91.33"
e00fce681282837e5d0586e0,1/9/2026 1:00:37,,rainfall,"1767938429,84.63055,0.00,4.11,91.33"
e00fce681282837e5d0586e0,1/9/2026 2:00:36,,rainfall,"1767942030,81.68056,0.00,4.11,91.33"
e00fce681282837e5d0586e0,1/9/2026 3:00:46,,rainfall,"1767945629,82.27639,0.00,4.11,91.33"
e00fce681282837e5d0586e0,1/9/2026 4:00:36,,rainfall,"1767949229,83.07361,0.00,4.11,91.33"
e00fce681282837e5d0586e0,1/9/2026 5:00:39,,rainfall,"1767952830,82.38333,0.00,4.11,91.33"
e00fce681282837e5d0586e0,1/9/2026 6:00:37,,rainfall,"1767956430,83.08889,0.00,4.11,91.33"
e00fce681282837e5d0586e0,1/9/2026 7:00:43,,rainfall,"1767960029,83.42778,0.00,4.11,91.17"
e00fce681282837e5d0586e0,1/9/2026 8:00:31,,rainfall,"1767963629,85.83195,0.00,4.11,91.17"
e00fce681282837e5d0586e0,1/9/2026 9:00:38,,rainfall,"1767967230,89.10139,0.00,4.11,91.17"
e00fce681282837e5d0586e0,1/9/2026 10:00:32,,rainfall,"1767970830,89.94444,0.00,4.11,91.17"
e00fce681282837e5d0586e0,1/9/2026 11:00:31,,rainfall,"1767974429,86.59722,0.00,4.11,91.17"
e00fce681282837e5d0586e0,1/9/2026 12:00:36,,rainfall,"1767978029,84.84583,0.00,4.11,91.17"
e00fce681282837e5d0586e0,1/9/2026 13:00:31,,rainfall,"1767981629,82.50694,0.00,4.11,91.17"
e00fce681282837e5d0586e0,1/9/2026 14:00:36,,rainfall,"1767985229,72.90139,0.00,4.11,91.17"
e00fce681282837e5d0586e0,1/9/2026 15:00:33,,rainfall,"1767988829,79.00833,0.00,4.11,91.17"
e00fce681282837e5d0586e0,1/9/2026 16:00:33,,rainfall,"1767992429,69.48333,0.00,4.11,91.17"
e00fce681282837e5d0586e0,1/9/2026 17:00:31,,rainfall,"1767996029,81.89722,0.00,4.11,91.17"
e00fce681282837e5d0586e0,1/9/2026 18:00:32,,rainfall,"1767999629,89.22361,0.00,4.11,91.17"
e00fce681282837e5d0586e0,1/9/2026 19:00:32,,rainfall,"1768003229,88.01389,0.00,4.11,91.17"
e00fce681282837e5d0586e0,1/9/2026 20:00:32,,rainfall,"1768006830,94.46806,0.00,4.11,91.17"
e00fce681282837e5d0586e0,1/9/2026 21:00:35,,rainfall,"1768010430,87.99028,0.00,4.11,91.17"
e00fce681282837e5d0586e0,1/9/2026 22:00:32,,rainfall,"1768014030,88.90556,0.00,4.11,91.17"
e00fce681282837e5d0586e0,1/9/2026 23:00:35,,rainfall,"1768017629,88.68889,0.00,4.11,91.17"
e00fce681282837e5d0586e0,1/10/2026 0:00:35,,rainfall,"1768021230,90.50972,0.00,4.11,91.17"
e00fce681282837e5d0586e0,1/10/2026 1:00:36,,rainfall,"1768024830,89.82361,0.00,4.11,91.17"
e00fce681282837e5d0586e0,1/10/2026 2:00:35,,rainfall,"1768028429,86.81944,0.00,4.11,91.17"
e00fce681282837e5d0586e0,1/10/2026 3:00:34,,rainfall,"1768032029,89.79583,0.00,4.11,91.17"
e00fce681282837e5d0586e0,1/10/2026 4:00:39,,rainfall,"1768035630,86.49028,0.00,4.11,91.17"
e00fce681282837e5d0586e0,1/10/2026 5:00:35,,rainfall,"1768039229,84.50555,0.00,4.11,91.17"
e00fce681282837e5d0586e0,1/10/2026 6:00:36,,rainfall,"1768042829,84.84861,0.00,4.11,91.17"
e00fce681282837e5d0586e0,1/10/2026 7:00:33,,rainfall,"1768046430,84.78194,0.00,4.11,91.17"
e00fce681282837e5d0586e0,1/10/2026 8:00:36,,rainfall,"1768050030,80.71111,0.00,4.11,91.17"
e00fce681282837e5d0586e0,1/10/2026 9:00:33,,rainfall,"1768053629,83.76806,0.00,4.11,91.17"
e00fce681282837e5d0586e0,1/10/2026 10:00:33,,rainfall,"1768057230,84.20834,0.00,4.11,91.17"
e00fce681282837e5d0586e0,1/10/2026 11:00:36,,rainfall,"1768060829,95.64445,0.00,4.11,91.17"
e00fce681282837e5d0586e0,1/10/2026 12:00:34,,rainfall,"1768064430,92.76806,0.00,4.11,91.02"
e00fce681282837e5d0586e0,1/10/2026 13:00:37,,rainfall,"1768068030,87.04166,0.00,4.11,91.02"
e00fce681282837e5d0586e0,1/10/2026 14:00:34,,rainfall,"1768071629,89.41666,0.00,4.11,91.02"
e00fce681282837e5d0586e0,1/10/2026 15:00:34,,rainfall,"1768075230,92.57917,0.00,4.11,91.02"
e00fce681282837e5d0586e0,1/10/2026 16:00:33,,rainfall,"1768078829,86.39861,0.00,4.11,91.02"
e00fce681282837e5d0586e0,1/10/2026 17:00:34,,rainfall,"1768082429,89.80972,0.00,4.11,91.02"
e00fce681282837e5d0586e0,1/10/2026 18:00:34,,rainfall,"1768086030,88.72916,0.00,4.11,91.02"
e00fce681282837e5d0586e0,1/10/2026 19:00:34,,rainfall,"1768089630,80.76527,0.00,4.11,91.02"
e00fce681282837e5d0586e0,1/10/2026 20:00:37,,rainfall,"1768093229,78.66944,0.00,4.11,91.02"
e00fce681282837e5d0586e0,1/10/2026 21:00:36,,rainfall,"1768096829,83.06528,0.00,4.11,91.02"
e00fce681282837e5d0586e0,1/10/2026 22:00:36,,rainfall,"1768100429,84.29723,0.00,4.11,91.02"
e00fce681282837e5d0586e0,1/10/2026 23:00:39,,rainfall,"1768104029,85.47500,0.00,4.11,91.02"
e00fce681282837e5d0586e0,1/11/2026 0:00:39,,rainfall,"1768107629,89.94722,0.00,4.11,91.02"
e00fce681282837e5d0586e0,1/11/2026 1:00:40,,rainfall,"1768111230,97.58056,0.00,4.11,91.02"
e00fce681282837e5d0586e0,1/11/2026 2:00:35,,rainfall,"1768114830,96.99028,0.00,4.11,91.02"
e00fce681282837e5d0586e0,1/11/2026 3:00:37,,rainfall,"1768118430,93.93750,0.00,4.11,91.02"
e00fce681282837e5d0586e0,1/11/2026 4:00:35,,rainfall,"1768122030,86.32361,0.00,4.11,91.02"
e00fce681282837e5d0586e0,1/11/2026 5:00:35,,rainfall,"1768125630,85.40278,0.00,4.11,91.02"
e00fce681282837e5d0586e0,1/11/2026 6:00:34,,rainfall,"1768129229,84.53333,0.00,4.11,91.02"
e00fce681282837e5d0586e0,1/11/2026 7:00:36,,rainfall,"1768132830,85.96250,0.00,4.11,91.02"
e00fce681282837e5d0586e0,1/11/2026 8:00:37,,rainfall,"1768136429,91.76527,0.00,4.11,91.02"
e00fce681282837e5d0586e0,1/11/2026 9:00:35,,rainfall,"1768140030,86.36806,0.28,4.11,91.02"
e00fce681282837e5d0586e0,1/11/2026 10:00:39,,rainfall,"1768143630,88.52778,1.68,4.11,91.02"
e00fce681282837e5d0586e0,1/11/2026 11:00:37,,rainfall,"1768147229,88.48750,0.00,4.11,90.86"
e00fce681282837e5d0586e0,1/11/2026 12:00:36,,rainfall,"1768150829,83.57222,0.00,4.11,90.86"
e00fce681282837e5d0586e0,1/11/2026 13:00:35,,rainfall,"1768154430,79.26527,0.00,4.11,90.86"
e00fce681282837e5d0586e0,1/11/2026 14:00:44,,rainfall,"1768158029,81.00972,0.00,4.11,90.86"
e00fce681282837e5d0586e0,1/11/2026 15:00:36,,rainfall,"1768161630,86.94722,0.00,4.11,90.86"
e00fce681282837e5d0586e0,1/11/2026 16:00:39,,rainfall,"1768165230,79.47916,0.00,4.11,90.86"
e00fce681282837e5d0586e0,1/11/2026 17:00:39,,rainfall,"1768168830,83.23055,0.00,4.11,90.86"
e00fce681282837e5d0586e0,1/11/2026 18:00:40,,rainfall,"1768172429,94.79723,0.00,4.11,90.86"
e00fce681282837e5d0586e0,1/11/2026 19:00:35,,rainfall,"1768176029,85.91528,0.00,4.11,90.86"
e00fce681282837e5d0586e0,1/11/2026 20:00:36,,rainfall,"1768179630,82.22639,0.00,4.11,90.86"
e00fce681282837e5d0586e0,1/11/2026 21:00:40,,rainfall,"1768183230,80.27778,0.00,4.11,90.86"
e00fce681282837e5d0586e0,1/11/2026 22:00:36,,rainfall,"1768186829,80.94305,0.00,4.11,90.86"
e00fce681282837e5d0586e0,1/11/2026 23:00:42,,rainfall,"1768190430,82.68611,0.00,4.11,90.86"
e00fce681282837e5d0586e0,1/12/2026 0:00:37,,rainfall,"1768194030,82.72778,0.00,4.11,90.86"
e00fce681282837e5d0586e0,1/12/2026 1:00:36,,rainfall,"1768197630,82.49445,0.00,4.11,90.86"
e00fce681282837e5d0586e0,1/12/2026 2:00:39,,rainfall,"1768201229,82.99722,0.00,4.11,90.86"
e00fce681282837e5d0586e0,1/12/2026 3:00:37,,rainfall,"1768204830,81.66666,0.00,4.11,90.86"
e00fce681282837e5d0586e0,1/12/2026 4:00:37,,rainfall,"1768208430,82.66805,0.00,4.11,90.86"
e00fce681282837e5d0586e0,1/12/2026 5:00:36,,rainfall,"1768212029,82.46806,0.00,4.11,90.86"
e00fce681282837e5d0586e0,1/12/2026 6:00:38,,rainfall,"1768215629,81.44028,0.00,4.11,90.86"
e00fce681282837e5d0586e0,1/12/2026 7:00:46,,rainfall,"1768219229,82.56944,0.00,4.11,90.86"
e00fce681282837e5d0586e0,1/12/2026 8:00:31,,rainfall,"1768222829,85.37917,0.00,4.11,90.86"
e00fce681282837e5d0586e0,1/12/2026 9:00:33,,rainfall,"1768226430,82.44167,0.00,4.11,90.86"
e00fce681282837e5d0586e0,1/12/2026 10:00:40,,rainfall,"1768230030,76.79723,0.28,4.11,90.86"
e00fce681282837e5d0586e0,1/12/2026 11:00:36,,rainfall,"1768233630,73.02500,0.00,4.11,90.86"
e00fce681282837e5d0586e0,1/12/2026 12:00:34,,rainfall,"1768237230,73.38750,0.00,4.11,90.86"
e00fce681282837e5d0586e0,1/12/2026 13:00:32,,rainfall,"1768240829,70.83889,0.00,4.11,90.86"
e00fce681282837e5d0586e0,1/12/2026 14:00:35,,rainfall,"1768244430,71.54723,0.00,4.11,90.86"
e00fce681282837e5d0586e0,1/12/2026 15:05:36,,rainfall,"1768248030,71.27500,0.00,4.11,90.86"
e00fce681282837e5d0586e0,1/12/2026 16:00:20,,rainfall,"1768251619,72.39861,0.00,4.11,90.70"
e00fce681282837e5d0586e0,1/12/2026 17:00:32,,rainfall,"1768255229,77.60416,0.00,4.11,90.70"
e00fce681282837e5d0586e0,1/12/2026 18:00:31,,rainfall,"1768258830,81.65694,0.00,4.11,90.70"
e00fce681282837e5d0586e0,1/12/2026 19:00:31,,rainfall,"1768262429,83.95277,0.00,4.11,90.70"
e00fce681282837e5d0586e0,1/12/2026 20:00:35,,rainfall,"1768266030,83.72778,0.00,4.11,90.70"
e00fce681282837e5d0586e0,1/12/2026 21:00:31,,rainfall,"1768269629,86.20000,0.00,4.11,90.70"
e00fce681282837e5d0586e0,1/12/2026 22:00:32,,rainfall,"1768273230,85.56944,0.00,4.11,90.70"
e00fce681282837e5d0586e0,1/12/2026 23:00:32,,rainfall,"1768276830,87.85555,0.00,4.11,90.70"
e00fce681282837e5d0586e0,1/13/2026 0:00:34,,rainfall,"1768280429,88.82639,0.00,4.11,90.70"
e00fce681282837e5d0586e0,1/13/2026 1:00:35,,rainfall,"1768284030,88.62361,0.00,4.11,90.70"
e00fce681282837e5d0586e0,1/13/2026 2:00:31,,rainfall,"1768287629,90.88472,0.00,4.11,90.70"
e00fce681282837e5d0586e0,1/13/2026 3:00:35,,rainfall,"1768291229,87.34722,0.00,4.11,90.70"
e00fce681282837e5d0586e0,1/13/2026 4:00:34,,rainfall,"1768294829,90.75972,0.00,4.11,90.70"
e00fce681282837e5d0586e0,1/13/2026 5:00:35,,rainfall,"1768298429,92.47916,0.00,4.11,90.70"
e00fce681282837e5d0586e0,1/13/2026 6:00:32,,rainfall,"1768302030,94.81667,0.00,4.11,90.70"
e00fce681282837e5d0586e0,1/13/2026 7:00:36,,rainfall,"1768305629,91.71806,0.00,4.11,90.70"
e00fce681282837e5d0586e0,1/13/2026 8:00:32,,rainfall,"1768309230,91.45834,0.00,4.11,90.70"
e00fce681282837e5d0586e0,1/13/2026 9:00:35,,rainfall,"1768312830,81.62639,0.00,4.11,90.70"
e00fce681282837e5d0586e0,1/13/2026 10:00:33,,rainfall,"1768316430,72.13472,0.00,4.11,90.70"
e00fce681282837e5d0586e0,1/13/2026 11:00:33,,rainfall,"1768320030,66.91666,0.00,4.11,90.70"
e00fce681282837e5d0586e0,1/13/2026 12:00:32,,rainfall,"1768323629,69.16944,0.00,4.11,90.70"
e00fce681282837e5d0586e0,1/13/2026 13:00:34,,rainfall,"1768327229,69.61528,0.00,4.11,90.70"
e00fce681282837e5d0586e0,1/13/2026 14:00:33,,rainfall,"1768330830,68.16389,0.00,4.11,90.70"
e00fce681282837e5d0586e0,1/13/2026 15:00:33,,rainfall,"1768334429,65.15833,0.00,4.11,90.70"
e00fce681282837e5d0586e0,1/13/2026 16:00:33,,rainfall,"1768338030,61.40833,0.00,4.11,90.70"
e00fce681282837e5d0586e0,1/13/2026 17:00:34,,rainfall,"1768341630,67.75417,0.00,4.11,90.70"
e00fce681282837e5d0586e0,1/13/2026 18:00:35,,rainfall,"1768345231,68.63194,0.00,4.11,90.70"
e00fce681282837e5d0586e0,1/13/2026 19:00:33,,rainfall,"1768348829,72.92639,0.00,4.11,90.70"
e00fce681282837e5d0586e0,1/13/2026 20:00:35,,rainfall,"1768352429,75.05556,0.00,4.11,90.70"
e00fce681282837e5d0586e0,1/13/2026 21:00:35,,rainfall,"1768356030,77.30695,0.00,4.11,90.70"
e00fce681282837e5d0586e0,1/13/2026 22:00:36,,rainfall,"1768359629,79.17361,0.00,4.11,90.70"
e00fce681282837e5d0586e0,1/13/2026 23:00:33,,rainfall,"1768363229,79.10833,0.00,4.11,90.70"
e00fce681282837e5d0586e0,1/14/2026 0:00:33,,rainfall,"1768366829,80.19583,0.00,4.11,90.70"
e00fce681282837e5d0586e0,1/14/2026 1:00:36,,rainfall,"1768370429,81.37778,0.00,4.11,90.70"
e00fce681282837e5d0586e0,1/14/2026 2:00:38,,rainfall,"1768374029,82.09444,0.00,4.11,90.70"
e00fce681282837e5d0586e0,1/14/2026 3:00:37,,rainfall,"1768377630,79.99167,0.00,4.11,90.70"
e00fce681282837e5d0586e0,1/14/2026 4:00:39,,rainfall,"1768381230,83.45556,0.00,4.11,90.70"
e00fce681282837e5d0586e0,1/14/2026 5:00:39,,rainfall,"1768384830,82.00694,0.00,4.11,90.70"
e00fce681282837e5d0586e0,1/14/2026 6:00:38,,rainfall,"1768388429,83.83750,0.00,4.11,90.70"
e00fce681282837e5d0586e0,1/14/2026 7:00:38,,rainfall,"1768392030,83.67917,0.00,4.11,90.70"
e00fce681282837e5d0586e0,1/14/2026 8:00:34,,rainfall,"1768395629,85.97639,0.00,4.11,90.70"
e00fce681282837e5d0586e0,1/14/2026 9:00:36,,rainfall,"1768399229,83.77222,0.00,4.11,90.54"
e00fce681282837e5d0586e0,1/14/2026 10:00:36,,rainfall,"1768402830,66.73194,0.00,4.11,90.54"
e00fce681282837e5d0586e0,1/14/2026 11:00:34,,rainfall,"1768406429,60.08750,0.00,4.11,90.54"
e00fce681282837e5d0586e0,1/14/2026 12:00:37,,rainfall,"1768410030,57.50278,0.00,4.11,90.54"
e00fce681282837e5d0586e0,1/14/2026 13:00:34,,rainfall,"1768413629,56.32778,0.00,4.11,90.54"
e00fce681282837e5d0586e0,1/14/2026 14:00:35,,rainfall,"1768417229,57.68195,0.00,4.11,90.54"
e00fce681282837e5d0586e0,1/14/2026 15:00:35,,rainfall,"1768420829,59.83055,0.00,4.11,90.54"
e00fce681282837e5d0586e0,1/14/2026 16:00:38,,rainfall,"1768424430,64.30833,0.00,4.11,90.54"
e00fce681282837e5d0586e0,1/14/2026 17:00:36,,rainfall,"1768428029,67.50833,0.00,4.11,90.54"
e00fce681282837e5d0586e0,1/14/2026 18:00:38,,rainfall,"1768431629,70.29028,0.00,4.11,90.54"
e00fce681282837e5d0586e0,1/14/2026 19:00:38,,rainfall,"1768435230,73.24583,0.00,4.11,90.54"
e00fce681282837e5d0586e0,1/14/2026 20:00:36,,rainfall,"1768438829,72.77500,0.00,4.11,90.54"
e00fce681282837e5d0586e0,1/14/2026 21:00:37,,rainfall,"1768442430,73.07639,0.00,4.11,90.54"
e00fce681282837e5d0586e0,1/14/2026 22:00:41,,rainfall,"1768446030,73.86945,0.00,4.11,90.54"
e00fce681282837e5d0586e0,1/14/2026 23:00:36,,rainfall,"1768449630,71.62083,0.00,4.11,90.54"
e00fce681282837e5d0586e0,1/15/2026 0:00:38,,rainfall,"1768453229,72.46111,0.00,4.11,90.54"
e00fce681282837e5d0586e0,1/15/2026 1:00:40,,rainfall,"1768456829,72.12222,0.00,4.11,90.54"
e00fce681282837e5d0586e0,1/15/2026 2:00:38,,rainfall,"1768460430,71.92223,0.00,4.11,90.54"
e00fce681282837e5d0586e0,1/15/2026 3:00:37,,rainfall,"1768464030,72.05695,0.00,4.11,90.54"
e00fce681282837e5d0586e0,1/15/2026 4:00:36,,rainfall,"1768467630,72.17223,0.00,4.11,90.54"
e00fce681282837e5d0586e0,1/15/2026 5:00:40,,rainfall,"1768471230,72.72361,0.00,4.11,90.54"
e00fce681282837e5d0586e0,1/15/2026 6:00:41,,rainfall,"1768474829,74.38611,0.00,4.11,90.54"
e00fce681282837e5d0586e0,1/15/2026 7:00:36,,rainfall,"1768478429,75.43056,0.00,4.11,90.54"
e00fce681282837e5d0586e0,1/15/2026 8:00:37,,rainfall,"1768482029,72.89584,0.00,4.11,90.54"
e00fce681282837e5d0586e0,1/15/2026 9:00:36,,rainfall,"1768485629,68.18750,0.00,4.11,90.54"
e00fce681282837e5d0586e0,1/15/2026 10:00:38,,rainfall,"1768489230,63.75834,0.00,4.11,90.54"
e00fce681282837e5d0586e0,1/15/2026 11:00:42,,rainfall,"1768492829,63.14722,0.00,4.11,90.54"
e00fce681282837e5d0586e0,1/15/2026 12:00:36,,rainfall,"1768496430,62.38889,0.00,4.11,90.54"
e00fce681282837e5d0586e0,1/15/2026 13:00:36,,rainfall,"1768500029,62.90139,0.00,4.11,90.54"
e00fce681282837e5d0586e0,1/15/2026 14:00:37,,rainfall,"1768503630,62.36528,0.00,4.11,90.54"
e00fce681282837e5d0586e0,1/15/2026 15:00:49,,rainfall,"1768507229,63.44167,0.00,4.11,90.54"
e00fce681282837e5d0586e0,1/15/2026 16:00:32,,rainfall,"1768510830,65.47222,0.00,4.11,90.54"
e00fce681282837e5d0586e0,1/15/2026 17:00:33,,rainfall,"1768514431,71.08611,0.00,4.11,90.54"
e00fce681282837e5d0586e0,1/15/2026 18:00:32,,rainfall,"1768518030,73.07777,0.00,4.11,90.54"
e00fce681282837e5d0586e0,1/15/2026 19:00:32,,rainfall,"1768521629,74.67223,0.00,4.11,90.54"
e00fce681282837e5d0586e0,1/15/2026 20:00:32,,rainfall,"1768525229,75.23750,0.00,4.11,90.54"
e00fce681282837e5d0586e0,1/15/2026 21:00:33,,rainfall,"1768528830,76.21250,0.00,4.11,90.54"
e00fce681282837e5d0586e0,1/15/2026 22:00:32,,rainfall,"1768532429,77.03194,0.00,4.11,90.54"
e00fce681282837e5d0586e0,1/15/2026 23:00:32,,rainfall,"1768536030,77.55556,0.00,4.11,90.38"
e00fce681282837e5d0586e0,1/16/2026 0:00:37,,rainfall,"1768539630,78.18056,0.00,4.11,90.38"
e00fce681282837e5d0586e0,1/16/2026 1:00:40,,rainfall,"1768543229,79.13333,0.00,4.11,90.38"
e00fce681282837e5d0586e0,1/16/2026 2:00:37,,rainfall,"1768546829,79.08750,0.00,4.11,90.38"
e00fce681282837e5d0586e0,1/16/2026 3:00:34,,rainfall,"1768550431,79.50694,0.00,4.11,90.38"
e00fce681282837e5d0586e0,1/16/2026 4:00:35,,rainfall,"1768554030,79.87500,0.00,4.11,90.38"
e00fce681282837e5d0586e0,1/16/2026 5:00:33,,rainfall,"1768557629,79.94028,0.00,4.11,90.38"
e00fce681282837e5d0586e0,1/16/2026 6:00:34,,rainfall,"1768561229,79.69444,0.00,4.11,90.38"
e00fce681282837e5d0586e0,1/16/2026 7:00:34,,rainfall,"1768564830,80.07917,0.00,4.11,90.38"
e00fce681282837e5d0586e0,1/16/2026 8:00:34,,rainfall,"1768568429,79.57361,0.00,4.11,90.38"
e00fce681282837e5d0586e0,1/16/2026 9:00:33,,rainfall,"1768572029,74.71250,0.00,4.11,90.38"
e00fce681282837e5d0586e0,1/16/2026 10:00:38,,rainfall,"1768575629,74.04583,0.00,4.11,90.38"
e00fce681282837e5d0586e0,1/16/2026 11:00:34,,rainfall,"1768579230,73.82777,0.00,4.11,90.38"
e00fce681282837e5d0586e0,1/16/2026 12:00:37,,rainfall,"1768582829,73.19028,0.00,4.11,90.38"
e00fce681282837e5d0586e0,1/16/2026 13:01:50,,rainfall,"1768586430,72.01527,0.00,4.11,90.38"
e00fce681282837e5d0586e0,1/16/2026 14:00:34,,rainfall,"1768590029,70.56805,0.00,4.11,90.38"
e00fce681282837e5d0586e0,1/16/2026 15:00:33,,rainfall,"1768593630,70.33889,0.00,4.11,90.38"
e00fce681282837e5d0586e0,1/16/2026 16:00:33,,rainfall,"1768597230,69.39584,0.00,4.11,90.38"
e00fce681282837e5d0586e0,1/16/2026 17:00:35,,rainfall,"1768600830,73.64584,0.00,4.11,90.38"
e00fce681282837e5d0586e0,1/16/2026 18:00:31,,rainfall,"1768604429,75.05972,0.00,4.11,90.38"
e00fce681282837e5d0586e0,1/16/2026 19:00:35,,rainfall,"1768608029,76.44583,0.00,4.11,90.38"
e00fce681282837e5d0586e0,1/16/2026 20:00:32,,rainfall,"1768611630,76.44028,0.00,4.11,90.38"
e00fce681282837e5d0586e0,1/16/2026 21:00:33,,rainfall,"1768615228,77.10278,0.00,4.11,90.38"
e00fce681282837e5d0586e0,1/16/2026 22:00:32,,rainfall,"1768618830,76.53889,0.00,4.11,90.38"
e00fce681282837e5d0586e0,1/16/2026 23:00:32,,rainfall,"1768622429,75.53889,0.00,4.11,90.38"
e00fce681282837e5d0586e0,1/17/2026 0:00:32,,rainfall,"1768626029,75.18333,0.00,4.11,90.38"
e00fce681282837e5d0586e0,1/17/2026 1:00:32,,rainfall,"1768629630,74.94028,0.00,4.11,90.38"
e00fce681282837e5d0586e0,1/17/2026 2:00:32,,rainfall,"1768633229,74.52361,0.00,4.11,90.38"
e00fce681282837e5d0586e0,1/17/2026 3:00:32,,rainfall,"1768636829,73.69028,0.00,4.11,90.38"
e00fce681282837e5d0586e0,1/17/2026 4:00:32,,rainfall,"1768640429,74.27222,0.00,4.11,90.38"
e00fce681282837e5d0586e0,1/17/2026 5:00:32,,rainfall,"1768644029,74.25833,0.00,4.11,90.38"
e00fce681282837e5d0586e0,1/17/2026 6:00:38,,rainfall,"1768647629,74.24445,0.00,4.11,90.38"
e00fce681282837e5d0586e0,1/17/2026 7:00:33,,rainfall,"1768651229,73.18750,0.00,4.11,90.38"
e00fce681282837e5d0586e0,1/17/2026 8:00:36,,rainfall,"1768654829,69.12639,0.00,4.11,90.38"
e00fce681282837e5d0586e0,1/17/2026 9:00:33,,rainfall,"1768658429,60.96111,0.00,4.11,90.38"
e00fce681282837e5d0586e0,1/17/2026 10:00:35,,rainfall,"1768662029,59.10833,0.00,4.11,90.38"
e00fce681282837e5d0586e0,1/17/2026 11:00:38,,rainfall,"1768665630,57.67639,0.00,4.11,90.38"
e00fce681282837e5d0586e0,1/17/2026 12:00:34,,rainfall,"1768669230,57.25555,0.00,4.11,90.38"
e00fce681282837e5d0586e0,1/17/2026 13:00:37,,rainfall,"1768672829,57.60417,0.00,4.11,90.38"
e00fce681282837e5d0586e0,1/17/2026 14:00:38,,rainfall,"1768676429,57.40833,0.00,4.11,90.38"
e00fce681282837e5d0586e0,1/17/2026 15:00:36,,rainfall,"1768680029,59.33194,0.00,4.11,90.38"
e00fce681282837e5d0586e0,1/17/2026 16:00:35,,rainfall,"1768683629,58.78194,0.00,4.11,90.38"
e00fce681282837e5d0586e0,1/17/2026 17:00:34,,rainfall,"1768687230,62.03194,0.00,4.11,90.38"
e00fce681282837e5d0586e0,1/17/2026 18:00:38,,rainfall,"1768690829,64.20417,0.00,4.11,90.38"
e00fce681282837e5d0586e0,1/17/2026 19:00:34,,rainfall,"1768694429,65.69167,0.00,4.11,90.38"
e00fce681282837e5d0586e0,1/17/2026 20:00:37,,rainfall,"1768698031,67.32500,0.00,4.11,90.38"
e00fce681282837e5d0586e0,1/17/2026 21:00:34,,rainfall,"1768701630,67.20139,0.00,4.11,90.38"
e00fce681282837e5d0586e0,1/17/2026 22:00:40,,rainfall,"1768705230,67.66666,0.00,4.11,90.22"
e00fce681282837e5d0586e0,1/17/2026 23:00:35,,rainfall,"1768708829,64.76527,0.00,4.11,90.22"
e00fce681282837e5d0586e0,1/18/2026 0:00:35,,rainfall,"1768712430,63.00694,0.00,4.11,90.22"
e00fce681282837e5d0586e0,1/18/2026 1:00:36,,rainfall,"1768716030,61.35972,0.00,4.11,90.22"
e00fce681282837e5d0586e0,1/18/2026 2:00:34,,rainfall,"1768719629,60.26250,0.00,4.11,90.22"
e00fce681282837e5d0586e0,1/18/2026 3:00:35,,rainfall,"1768723229,60.27917,0.00,4.11,90.22"
e00fce681282837e5d0586e0,1/18/2026 4:00:34,,rainfall,"1768726829,58.90972,0.00,4.11,90.22"
e00fce681282837e5d0586e0,1/18/2026 5:00:34,,rainfall,"1768730429,58.55416,0.00,4.11,90.22"
e00fce681282837e5d0586e0,1/18/2026 6:00:35,,rainfall,"1768734030,59.38055,0.00,4.11,90.22"
e00fce681282837e5d0586e0,1/18/2026 7:00:36,,rainfall,"1768737631,60.23472,0.00,4.11,90.22"
e00fce681282837e5d0586e0,1/18/2026 8:00:35,,rainfall,"1768741230,61.50555,0.00,4.11,90.22"
e00fce681282837e5d0586e0,1/18/2026 9:00:34,,rainfall,"1768744829,61.51250,0.56,4.11,90.22"
e00fce681282837e5d0586e0,1/18/2026 10:00:34,,rainfall,"1768748429,59.24306,1.12,4.11,90.22"
e00fce681282837e5d0586e0,1/18/2026 11:00:36,,rainfall,"1768752029,69.98055,0.84,4.11,90.22"
e00fce681282837e5d0586e0,1/18/2026 12:00:40,,rainfall,"1768755631,78.99167,1.96,4.11,90.22"
e00fce681282837e5d0586e0,1/18/2026 13:00:36,,rainfall,"1768759230,78.69444,1.68,4.11,90.22"
e00fce681282837e5d0586e0,1/18/2026 14:00:40,,rainfall,"1768762829,79.76667,1.40,4.11,90.22"
e00fce681282837e5d0586e0,1/18/2026 15:00:36,,rainfall,"1768766430,92.30833,2.24,4.11,90.22"
e00fce681282837e5d0586e0,1/18/2026 16:00:35,,rainfall,"1768770029,99.71944,1.68,4.11,90.22"
e00fce681282837e5d0586e0,1/18/2026 17:00:38,,rainfall,"1768773630,94.78889,0.56,4.11,90.22"
e00fce681282837e5d0586e0,1/18/2026 18:00:37,,rainfall,"1768777230,93.74583,0.00,4.11,90.22"
e00fce681282837e5d0586e0,1/18/2026 19:00:38,,rainfall,"1768780829,92.11945,0.00,4.11,90.22"
e00fce681282837e5d0586e0,1/18/2026 20:00:36,,rainfall,"1768784430,92.38472,0.00,4.11,90.22"
e00fce681282837e5d0586e0,1/18/2026 21:00:35,,rainfall,"1768788029,98.10973,0.00,4.11,90.22"
e00fce681282837e5d0586e0,1/18/2026 23:03:23,,rainfall,"1768795330,99.39722,0.00,4.11,90.07"
e00fce681282837e5d0586e0,1/19/2026 0:00:36,,rainfall,"1768798830,93.49722,0.00,4.11,90.07"
e00fce681282837e5d0586e0,1/19/2026 1:00:36,,rainfall,"1768802429,95.22361,0.00,4.11,90.07"
e00fce681282837e5d0586e0,1/19/2026 2:00:38,,rainfall,"1768806030,95.03472,0.00,4.11,90.07"
e00fce681282837e5d0586e0,1/19/2026 3:00:37,,rainfall,"1768809629,96.52778,0.00,4.11,90.07"
e00fce681282837e5d0586e0,1/19/2026 4:00:38,,rainfall,"1768813230,98.08889,0.00,4.11,90.07"
e00fce681282837e5d0586e0,1/19/2026 5:00:39,,rainfall,"1768816829,98.62917,0.00,4.11,90.07"
e00fce681282837e5d0586e0,1/19/2026 6:00:37,,rainfall,"1768820429,101.04444,0.00,4.11,90.07"
e00fce681282837e5d0586e0,1/19/2026 7:00:37,,rainfall,"1768824029,99.81111,0.00,4.11,90.07"
e00fce681282837e5d0586e0,1/19/2026 8:00:36,,rainfall,"1768827629,102.43333,0.00,4.11,90.07"
e00fce681282837e5d0586e0,1/19/2026 9:00:37,,rainfall,"1768831230,96.08750,0.00,4.11,90.07"
e00fce681282837e5d0586e0,1/19/2026 10:00:41,,rainfall,"1768834830,72.90694,0.28,4.11,90.07"
e00fce681282837e5d0586e0,1/19/2026 11:00:39,,rainfall,"1768838429,79.23333,0.00,4.11,90.07"
e00fce681282837e5d0586e0,1/19/2026 12:00:37,,rainfall,"1768842029,79.48333,0.00,4.11,90.07"
e00fce681282837e5d0586e0,1/19/2026 13:00:44,,rainfall,"1768845630,77.07777,0.00,4.11,90.07"
e00fce681282837e5d0586e0,1/19/2026 14:00:34,,rainfall,"1768849230,76.09583,0.00,4.11,90.07"
e00fce681282837e5d0586e0,1/19/2026 15:00:32,,rainfall,"1768852830,80.01250,0.00,4.11,90.07"
e00fce681282837e5d0586e0,1/19/2026 16:00:31,,rainfall,"1768856429,68.75417,0.00,4.11,90.07"
e00fce681282837e5d0586e0,1/19/2026 17:00:38,,rainfall,"1768860030,84.41111,0.00,4.11,90.07"
e00fce681282837e5d0586e0,1/19/2026 18:00:32,,rainfall,"1768863630,88.59167,0.00,4.11,90.07"
e00fce681282837e5d0586e0,1/19/2026 19:00:35,,rainfall,"1768867230,91.03194,0.00,4.11,90.07"
e00fce681282837e5d0586e0,1/19/2026 20:00:32,,rainfall,"1768870829,93.85555,0.00,4.11,90.07"
e00fce681282837e5d0586e0,1/19/2026 21:00:32,,rainfall,"1768874430,94.65278,0.00,4.11,90.07"
e00fce681282837e5d0586e0,1/19/2026 22:00:32,,rainfall,"1768878029,90.95277,0.00,4.11,90.07"
e00fce681282837e5d0586e0,1/19/2026 23:00:32,,rainfall,"1768881630,86.17778,0.00,4.11,90.07"
e00fce681282837e5d0586e0,1/20/2026 0:00:33,,rainfall,"1768885230,87.04166,0.00,4.11,90.07"
e00fce681282837e5d0586e0,1/20/2026 1:00:32,,rainfall,"1768888829,86.44444,0.00,4.11,90.07"
e00fce681282837e5d0586e0,1/20/2026 2:00:34,,rainfall,"1768892430,89.60694,0.00,4.11,90.07"
e00fce681282837e5d0586e0,1/20/2026 3:00:34,,rainfall,"1768896029,87.30139,0.00,4.11,90.07"
e00fce681282837e5d0586e0,1/20/2026 4:00:33,,rainfall,"1768899630,93.89306,0.00,4.11,90.07"
e00fce681282837e5d0586e0,1/20/2026 5:00:35,,rainfall,"1768903230,93.76111,0.00,4.11,90.07"
e00fce681282837e5d0586e0,1/20/2026 6:00:33,,rainfall,"1768906830,90.08750,0.00,4.11,90.07"
e00fce681282837e5d0586e0,1/20/2026 7:00:35,,rainfall,"1768910429,90.24583,0.00,4.11,90.07"
e00fce681282837e5d0586e0,1/20/2026 8:00:36,,rainfall,"1768914029,96.11667,0.00,4.11,90.07"
e00fce681282837e5d0586e0,1/20/2026 9:00:36,,rainfall,"1768917629,96.16250,0.00,4.11,90.07"
e00fce681282837e5d0586e0,1/20/2026 10:00:36,,rainfall,"1768921229,74.53750,0.00,4.11,90.07"
e00fce681282837e5d0586e0,1/20/2026 11:00:33,,rainfall,"1768924829,77.51389,0.00,4.11,90.07"
e00fce681282837e5d0586e0,1/20/2026 12:00:34,,rainfall,"1768928430,83.55556,0.00,4.11,90.07"
e00fce681282837e5d0586e0,1/20/2026 13:00:39,,rainfall,"1768932030,79.81528,0.00,4.11,90.07"
e00fce681282837e5d0586e0,1/20/2026 14:00:36,,rainfall,"1768935630,81.21806,0.00,4.11,90.07"
e00fce681282837e5d0586e0,1/20/2026 15:00:37,,rainfall,"1768939230,84.19305,0.00,4.11,90.07"
e00fce681282837e5d0586e0,1/20/2026 16:00:36,,rainfall,"1768942830,71.05139,0.00,4.11,90.07"
e00fce681282837e5d0586e0,1/20/2026 17:00:39,,rainfall,"1768946430,77.68195,0.00,4.11,90.07"
e00fce681282837e5d0586e0,1/20/2026 18:00:38,,rainfall,"1768950030,85.59861,0.00,4.11,90.07"
e00fce681282837e5d0586e0,1/20/2026 19:00:37,,rainfall,"1768953630,96.26945,0.00,4.11,90.07"
e00fce681282837e5d0586e0,1/20/2026 20:00:35,,rainfall,"1768957230,89.80139,0.00,4.11,90.07"
e00fce681282837e5d0586e0,1/20/2026 21:00:38,,rainfall,"1768960829,91.44028,0.00,4.11,90.07"
e00fce681282837e5d0586e0,1/20/2026 22:00:34,,rainfall,"1768964430,92.64445,0.00,4.11,90.07"
e00fce681282837e5d0586e0,1/20/2026 23:00:36,,rainfall,"1768968029,100.29861,0.00,4.11,90.07"
e00fce681282837e5d0586e0,1/21/2026 0:00:35,,rainfall,"1768971628,101.40694,0.00,4.11,90.07"
e00fce681282837e5d0586e0,1/21/2026 1:00:38,,rainfall,"1768975230,101.12361,0.00,4.11,90.07"
e00fce681282837e5d0586e0,1/21/2026 2:00:34,,rainfall,"1768978829,104.05972,0.00,4.11,90.07"
e00fce681282837e5d0586e0,1/21/2026 3:00:35,,rainfall,"1768982430,98.58056,0.00,4.11,90.07"
e00fce681282837e5d0586e0,1/21/2026 4:00:34,,rainfall,"1768986029,100.32777,0.00,4.11,90.07"
e00fce681282837e5d0586e0,1/21/2026 5:00:36,,rainfall,"1768989629,100.38472,0.00,4.11,90.07"
e00fce681282837e5d0586e0,1/21/2026 6:00:38,,rainfall,"1768993230,99.74445,0.00,4.11,90.07"
e00fce681282837e5d0586e0,1/21/2026 7:00:38,,rainfall,"1768996830,100.48194,0.00,4.11,90.07"
e00fce681282837e5d0586e0,1/21/2026 8:00:36,,rainfall,"1769000430,100.16944,0.00,4.11,90.07"
e00fce681282837e5d0586e0,1/21/2026 9:00:40,,rainfall,"1769004029,84.02084,0.00,4.11,90.07"
e00fce681282837e5d0586e0,1/21/2026 10:00:36,,rainfall,"1769007630,72.34722,0.00,4.11,90.07"
e00fce681282837e5d0586e0,1/21/2026 11:00:35,,rainfall,"1769011229,70.03472,0.00,4.11,90.07"
e00fce681282837e5d0586e0,1/21/2026 12:00:35,,rainfall,"1769014829,72.37500,0.00,4.11,90.07"
e00fce681282837e5d0586e0,1/21/2026 13:00:39,,rainfall,"1769018430,75.08611,0.00,4.11,90.07"
e00fce681282837e5d0586e0,1/21/2026 14:00:36,,rainfall,"1769022029,72.17639,0.00,4.11,90.07"
e00fce681282837e5d0586e0,1/21/2026 15:00:37,,rainfall,"1769025629,71.89445,0.00,4.11,90.07"
e00fce681282837e5d0586e0,1/21/2026 16:00:38,,rainfall,"1769029229,71.29028,0.00,4.11,90.07"
e00fce681282837e5d0586e0,1/21/2026 17:00:36,,rainfall,"1769032830,84.00833,0.00,4.11,89.91"
e00fce681282837e5d0586e0,1/21/2026 18:00:36,,rainfall,"1769036430,87.48889,0.00,4.11,89.91"
e00fce681282837e5d0586e0,1/21/2026 19:00:41,,rainfall,"1769040031,95.30278,0.00,4.11,89.91"
e00fce681282837e5d0586e0,1/21/2026 20:00:37,,rainfall,"1769043630,90.85139,0.00,4.11,89.91"
e00fce681282837e5d0586e0,1/21/2026 21:00:40,,rainfall,"1769047229,87.98750,0.00,4.11,89.91"
e00fce681282837e5d0586e0,1/21/2026 22:00:37,,rainfall,"1769050830,94.56667,0.00,4.11,89.91"
e00fce681282837e5d0586e0,1/21/2026 23:00:38,,rainfall,"1769054429,98.85139,0.00,4.11,89.91"
e00fce681282837e5d0586e0,1/22/2026 0:00:38,,rainfall,"1769058030,98.62917,0.00,4.11,89.91"
e00fce681282837e5d0586e0,1/22/2026 1:00:36,,rainfall,"1769061629,98.34861,0.00,4.11,89.91"
e00fce681282837e5d0586e0,1/22/2026 2:00:40,,rainfall,"1769065230,97.91805,0.00,4.11,89.91"
e00fce681282837e5d0586e0,1/22/2026 3:00:36,,rainfall,"1769068829,100.34167,0.00,4.11,89.91"
e00fce681282837e5d0586e0,1/22/2026 4:00:39,,rainfall,"1769072430,101.21806,0.00,4.11,89.91"
e00fce681282837e5d0586e0,1/22/2026 5:00:36,,rainfall,"1769076029,97.73194,0.00,4.11,89.91"
e00fce681282837e5d0586e0,1/22/2026 6:00:40,,rainfall,"1769079629,94.61528,0.00,4.11,89.91"
e00fce681282837e5d0586e0,1/22/2026 7:00:37,,rainfall,"1769083230,90.55278,0.00,4.11,89.91"
e00fce681282837e5d0586e0,1/22/2026 8:00:37,,rainfall,"1769086830,92.00278,0.00,4.11,89.91"
e00fce681282837e5d0586e0,1/22/2026 9:00:40,,rainfall,"1769090429,93.73750,0.00,4.11,89.91"
e00fce681282837e5d0586e0,1/22/2026 10:00:38,,rainfall,"1769094030,92.01389,0.00,4.11,89.91"
e00fce681282837e5d0586e0,1/22/2026 11:00:37,,rainfall,"1769097629,85.44444,0.00,4.11,89.91"
e00fce681282837e5d0586e0,1/22/2026 12:00:37,,rainfall,"1769101229,86.28333,0.00,4.11,89.91"
e00fce681282837e5d0586e0,1/22/2026 13:00:47,,rainfall,"1769104831,87.54166,0.00,4.11,89.91"
,,,,
,,,,
,,,,
e00fce681282837e5d0586e0,1/22/2026 14:00:32,,rainfall,"1769108430,82.55278,0.00,4.11,89.91"
e00fce681282837e5d0586e0,1/22/2026 15:00:33,,rainfall,"1769112029,75.67223,0.00,4.11,89.91"
e00fce681282837e5d0586e0,1/22/2026 16:00:31,,rainfall,"1769115629,67.10555,0.00,4.11,89.91"
e00fce681282837e5d0586e0,1/22/2026 17:00:34,,rainfall,"1769119230,84.52639,0.00,4.11,89.91"
e00fce681282837e5d0586e0,1/22/2026 18:00:32,,rainfall,"1769122829,95.95139,0.00,4.11,89.91"
e00fce681282837e5d0586e0,1/22/2026 19:00:34,,rainfall,"1769126430,95.88194,0.00,4.11,89.91"
e00fce681282837e5d0586e0,1/22/2026 20:00:32,,rainfall,"1769130030,90.48333,0.00,4.11,89.91"
e00fce681282837e5d0586e0,1/22/2026 21:00:37,,rainfall,"1769133629,95.03194,0.00,4.11,89.91"
e00fce681282837e5d0586e0,1/22/2026 22:00:33,,rainfall,"1769137230,88.71389,0.00,4.11,89.91"
e00fce681282837e5d0586e0,1/22/2026 23:00:34,,rainfall,"1769140829,89.36806,0.00,4.11,89.91"
e00fce681282837e5d0586e0,1/23/2026 0:00:32,,rainfall,"1769144429,89.42361,0.00,4.11,89.91"
e00fce681282837e5d0586e0,1/23/2026 1:00:32,,rainfall,"1769148029,92.34583,0.00,4.11,89.91"
e00fce681282837e5d0586e0,1/23/2026 2:00:32,,rainfall,"1769151630,91.86389,0.00,4.11,89.91"
e00fce681282837e5d0586e0,1/23/2026 3:00:35,,rainfall,"1769155230,92.25972,0.00,4.11,89.91"
e00fce681282837e5d0586e0,1/23/2026 4:00:32,,rainfall,"1769158829,93.92639,0.00,4.11,89.91"
e00fce681282837e5d0586e0,1/23/2026 5:00:32,,rainfall,"1769162429,90.83889,0.00,4.11,89.91"
e00fce681282837e5d0586e0,1/23/2026 6:00:36,,rainfall,"1769166029,91.03472,0.00,4.11,89.91"
e00fce681282837e5d0586e0,1/23/2026 7:00:32,,rainfall,"1769169629,87.86528,0.00,4.11,89.91"
e00fce681282837e5d0586e0,1/23/2026 8:00:34,,rainfall,"1769173229,88.95000,0.00,4.11,89.91"
e00fce681282837e5d0586e0,1/23/2026 9:00:37,,rainfall,"1769176829,92.03194,0.00,4.11,89.91"
e00fce681282837e5d0586e0,1/23/2026 10:00:33,,rainfall,"1769180430,86.29583,0.00,4.11,89.75"
e00fce681282837e5d0586e0,1/23/2026 11:00:38,,rainfall,"1769184029,82.88472,0.00,4.11,89.75"
e00fce681282837e5d0586e0,1/23/2026 12:00:36,,rainfall,"1769187629,78.19305,0.00,4.11,89.75"
e00fce681282837e5d0586e0,1/23/2026 13:00:34,,rainfall,"1769191230,81.20834,0.00,4.11,89.75"
e00fce681282837e5d0586e0,1/23/2026 14:00:32,,rainfall,"1769194828,83.67223,0.00,4.11,89.75"
e00fce681282837e5d0586e0,1/23/2026 15:00:37,,rainfall,"1769198430,81.61250,0.00,4.11,89.75"
e00fce681282837e5d0586e0,1/23/2026 16:00:34,,rainfall,"1769202030,80.28889,0.00,4.10,89.75"
e00fce681282837e5d0586e0,1/23/2026 17:00:36,,rainfall,"1769205629,79.17083,0.00,4.11,89.75"
e00fce681282837e5d0586e0,1/23/2026 18:00:38,,rainfall,"1769209230,86.29583,0.00,4.11,89.75"
e00fce681282837e5d0586e0,1/23/2026 19:00:35,,rainfall,"1769212830,91.61945,0.00,4.11,89.75"
e00fce681282837e5d0586e0,1/23/2026 20:00:36,,rainfall,"1769216429,91.90972,0.00,4.11,89.75"
e00fce681282837e5d0586e0,1/23/2026 22:01:46,,rainfall,"1769223616,92.35555,0.00,4.11,89.75"
e00fce681282837e5d0586e0,1/23/2026 23:00:37,,rainfall,"1769227229,97.30000,0.00,4.11,89.75"
e00fce681282837e5d0586e0,1/24/2026 0:00:35,,rainfall,"1769230830,91.22361,0.00,4.11,89.75"
e00fce681282837e5d0586e0,1/24/2026 1:00:34,,rainfall,"1769234429,91.98055,0.00,4.11,89.75"
e00fce681282837e5d0586e0,1/24/2026 2:00:34,,rainfall,"1769238029,91.34167,0.00,4.11,89.75"
e00fce681282837e5d0586e0,1/24/2026 3:00:34,,rainfall,"1769241629,99.66805,0.00,4.10,89.75"
e00fce681282837e5d0586e0,1/24/2026 4:00:35,,rainfall,"1769245230,94.96667,0.00,4.11,89.75"
e00fce681282837e5d0586e0,1/24/2026 5:00:35,,rainfall,"1769248829,90.82083,0.00,4.11,89.75"
e00fce681282837e5d0586e0,1/24/2026 6:00:38,,rainfall,"1769252430,86.23055,0.00,4.11,89.75"
e00fce681282837e5d0586e0,1/24/2026 7:00:36,,rainfall,"1769256029,87.59583,0.00,4.11,89.75"
e00fce681282837e5d0586e0,1/24/2026 8:00:35,,rainfall,"1769259630,90.02917,0.00,4.11,89.75"
e00fce681282837e5d0586e0,1/24/2026 9:00:35,,rainfall,"1769263230,86.28472,0.00,4.11,89.75"
e00fce681282837e5d0586e0,1/24/2026 10:00:36,,rainfall,"1769266830,79.48333,0.00,4.11,89.75"
e00fce681282837e5d0586e0,1/24/2026 11:00:35,,rainfall,"1769270430,83.71389,0.00,4.11,89.75"
e00fce681282837e5d0586e0,1/24/2026 12:00:36,,rainfall,"1769274029,81.14861,0.00,4.11,89.75"
e00fce681282837e5d0586e0,1/24/2026 13:00:40,,rainfall,"1769277629,78.21389,0.00,4.10,89.75"
e00fce681282837e5d0586e0,1/24/2026 14:00:37,,rainfall,"1769281229,83.75972,0.00,4.11,89.75"
e00fce681282837e5d0586e0,1/24/2026 15:00:35,,rainfall,"1769284829,88.77222,0.00,4.11,89.75"
e00fce681282837e5d0586e0,1/24/2026 17:01:49,,rainfall,"1769292022,86.34028,0.00,4.11,89.75"
e00fce681282837e5d0586e0,1/24/2026 18:00:32,,rainfall,"1769295629,84.03750,0.00,4.11,89.75"
e00fce681282837e5d0586e0,1/24/2026 19:00:32,,rainfall,"1769299230,83.41666,0.00,4.11,89.75"
e00fce681282837e5d0586e0,1/24/2026 20:00:31,,rainfall,"1769302829,81.22083,0.00,4.11,89.75"
e00fce681282837e5d0586e0,1/24/2026 21:00:38,,rainfall,"1769306430,81.20139,0.00,4.11,89.75"
e00fce681282837e5d0586e0,1/24/2026 22:00:32,,rainfall,"1769310030,92.11945,0.00,4.11,89.75"
e00fce681282837e5d0586e0,1/24/2026 23:00:34,,rainfall,"1769313629,89.20277,0.00,4.11,89.75"
e00fce681282837e5d0586e0,1/25/2026 0:00:34,,rainfall,"1769317229,92.06250,0.00,4.11,89.75"
e00fce681282837e5d0586e0,1/25/2026 1:00:33,,rainfall,"1769320830,90.30417,0.00,4.11,89.75"
e00fce681282837e5d0586e0,1/25/2026 2:00:32,,rainfall,"1769324429,87.98889,0.00,4.11,89.75"
e00fce681282837e5d0586e0,1/25/2026 3:00:35,,rainfall,"1769328029,87.79028,0.00,4.11,89.75"
e00fce681282837e5d0586e0,1/25/2026 4:00:36,,rainfall,"1769331629,88.65139,0.00,4.11,89.75"
e00fce681282837e5d0586e0,1/25/2026 5:00:33,,rainfall,"1769335230,88.45417,0.00,4.11,89.75"
e00fce681282837e5d0586e0,1/25/2026 6:00:33,,rainfall,"1769338830,88.39306,0.00,4.11,89.75"
e00fce681282837e5d0586e0,1/25/2026 7:00:33,,rainfall,"1769342430,89.88194,0.00,4.11,89.75"
e00fce681282837e5d0586e0,1/25/2026 8:00:32,,rainfall,"1769346029,92.29723,0.00,4.11,89.75"
e00fce681282837e5d0586e0,1/25/2026 9:00:34,,rainfall,"1769349629,93.58056,0.00,4.11,89.75"
e00fce681282837e5d0586e0,1/25/2026 10:00:36,,rainfall,"1769353229,94.77639,1.40,4.11,89.75"
e00fce681282837e5d0586e0,1/25/2026 11:00:36,,rainfall,"1769356829,96.88472,0.56,4.11,89.75"
e00fce681282837e5d0586e0,1/25/2026 12:00:34,,rainfall,"1769360430,97.34861,0.84,4.11,89.75"
e00fce681282837e5d0586e0,1/25/2026 13:00:34,,rainfall,"1769364030,94.67083,0.00,4.10,89.75"
e00fce681282837e5d0586e0,1/25/2026 14:00:35,,rainfall,"1769367628,92.37222,0.00,4.10,89.75"
e00fce681282837e5d0586e0,1/25/2026 15:00:34,,rainfall,"1769371230,94.92639,0.00,4.10,89.75"
e00fce681282837e5d0586e0,1/25/2026 16:00:34,,rainfall,"1769374829,102.12917,0.00,4.10,89.75"
e00fce681282837e5d0586e0,1/25/2026 17:00:33,,rainfall,"1769378429,102.35833,0.00,4.10,89.75"
e00fce681282837e5d0586e0,1/25/2026 18:00:34,,rainfall,"1769382030,102.77639,0.00,4.10,89.75"
e00fce681282837e5d0586e0,1/25/2026 19:00:39,,rainfall,"1769385630,107.34722,0.00,4.10,89.59"
e00fce681282837e5d0586e0,1/25/2026 20:00:34,,rainfall,"1769389230,114.36806,0.00,4.10,89.59"
e00fce681282837e5d0586e0,1/25/2026 21:00:37,,rainfall,"1769392830,105.03750,0.00,4.10,89.59"
e00fce681282837e5d0586e0,1/25/2026 22:00:36,,rainfall,"1769396429,103.45695,0.28,4.10,89.59"
e00fce681282837e5d0586e0,1/25/2026 23:00:37,,rainfall,"1769400030,102.69305,0.00,4.10,89.59"
e00fce681282837e5d0586e0,1/26/2026 0:00:40,,rainfall,"1769403630,101.01527,0.00,4.10,89.59"
e00fce681282837e5d0586e0,1/26/2026 1:00:37,,rainfall,"1769407230,108.04166,0.28,4.10,89.59"
e00fce681282837e5d0586e0,1/26/2026 2:00:34,,rainfall,"1769410829,109.51389,0.28,4.10,89.59"
e00fce681282837e5d0586e0,1/26/2026 3:00:36,,rainfall,"1769414430,109.17500,0.00,4.10,89.59"
e00fce681282837e5d0586e0,1/26/2026 4:00:34,,rainfall,"1769418029,112.24722,0.00,4.10,89.59"
e00fce681282837e5d0586e0,1/26/2026 5:00:38,,rainfall,"1769421629,113.45556,0.00,4.10,89.59"
e00fce681282837e5d0586e0,1/26/2026 6:00:40,,rainfall,"1769425229,110.54723,0.00,4.10,89.59"
e00fce681282837e5d0586e0,1/26/2026 7:00:37,,rainfall,"1769428829,109.05695,0.00,4.10,89.59"
e00fce681282837e5d0586e0,1/26/2026 8:00:35,,rainfall,"1769432429,107.81528,1.12,4.10,89.59"
e00fce681282837e5d0586e0,1/26/2026 9:00:36,,rainfall,"1769436030,97.67917,0.00,4.10,89.59"
e00fce681282837e5d0586e0,1/26/2026 10:00:35,,rainfall,"1769439629,100.06389,0.00,4.10,89.59"
e00fce681282837e5d0586e0,1/26/2026 11:00:35,,rainfall,"1769443229,90.95000,0.28,4.10,89.59"
e00fce681282837e5d0586e0,1/26/2026 12:00:37,,rainfall,"1769446830,89.44028,0.00,4.10,89.59"
e00fce681282837e5d0586e0,1/26/2026 13:00:35,,rainfall,"1769450429,87.96389,0.00,4.10,89.59"
e00fce681282837e5d0586e0,1/26/2026 14:00:41,,rainfall,"1769454030,87.72500,0.00,4.10,89.59"
e00fce681282837e5d0586e0,1/26/2026 15:00:36,,rainfall,"1769457629,88.55000,0.00,4.10,89.59"
e00fce681282837e5d0586e0,1/26/2026 16:00:42,,rainfall,"1769461230,85.97639,0.00,4.10,89.59"
e00fce681282837e5d0586e0,1/26/2026 17:00:35,,rainfall,"1769464829,89.28611,0.00,4.10,89.59"
e00fce681282837e5d0586e0,1/26/2026 18:00:36,,rainfall,"1769468430,91.31528,0.00,4.10,89.59"
e00fce681282837e5d0586e0,1/26/2026 19:00:35,,rainfall,"1769472029,99.98611,0.00,4.10,89.59"
e00fce681282837e5d0586e0,1/26/2026 20:00:36,,rainfall,"1769475629,89.64167,0.00,4.10,89.59"
e00fce681282837e5d0586e0,1/26/2026 21:00:38,,rainfall,"1769479230,96.63889,0.00,4.10,89.59"
e00fce681282837e5d0586e0,1/26/2026 22:00:37,,rainfall,"1769482830,96.36250,0.00,4.10,89.59"
e00fce681282837e5d0586e0,1/26/2026 23:00:36,,rainfall,"1769486429,92.95556,0.00,4.10,89.59"
e00fce681282837e5d0586e0,1/27/2026 0:00:37,,rainfall,"1769490030,88.70972,0.00,4.10,89.59"
e00fce681282837e5d0586e0,1/27/2026 1:00:37,,rainfall,"1769493630,97.07222,0.00,4.10,89.59"
e00fce681282837e5d0586e0,1/27/2026 2:00:37,,rainfall,"1769497230,93.85833,0.00,4.10,89.59"
e00fce681282837e5d0586e0,1/27/2026 3:00:37,,rainfall,"1769500830,91.04028,0.00,4.10,89.59"
e00fce681282837e5d0586e0,1/27/2026 4:00:39,,rainfall,"1769504429,98.51667,0.00,4.10,89.59"
e00fce681282837e5d0586e0,1/27/2026 5:00:38,,rainfall,"1769508029,95.49861,0.00,4.10,89.59"
e00fce681282837e5d0586e0,1/27/2026 6:00:41,,rainfall,"1769511630,88.01945,0.00,4.10,89.59"
e00fce681282837e5d0586e0,1/27/2026 7:00:39,,rainfall,"1769515229,94.91528,0.00,4.10,89.59"
e00fce681282837e5d0586e0,1/27/2026 8:00:39,,rainfall,"1769518830,96.45834,0.00,4.10,89.59"
e00fce681282837e5d0586e0,1/27/2026 9:00:36,,rainfall,"1769522428,85.64722,0.00,4.10,89.59"
e00fce681282837e5d0586e0,1/27/2026 10:00:40,,rainfall,"1769526029,82.92778,0.00,4.10,89.59"
e00fce681282837e5d0586e0,1/27/2026 11:00:37,,rainfall,"1769529630,83.27222,0.00,4.10,89.59"
e00fce681282837e5d0586e0,1/27/2026 12:00:40,,rainfall,"1769533230,84.57917,0.00,4.10,89.59"
e00fce681282837e5d0586e0,1/27/2026 13:00:37,,rainfall,"1769536829,81.42083,0.00,4.10,89.59"
e00fce681282837e5d0586e0,1/27/2026 14:00:38,,rainfall,"1769540429,83.71806,0.00,4.10,89.59"
e00fce681282837e5d0586e0,1/27/2026 15:00:39,,rainfall,"1769544030,82.85000,0.00,4.10,89.59"
e00fce681282837e5d0586e0,1/27/2026 16:00:38,,rainfall,"1769547630,76.80139,0.00,4.10,89.59"
e00fce681282837e5d0586e0,1/27/2026 17:00:47,,rainfall,"1769551228,90.01389,0.00,4.10,89.59"
e00fce681282837e5d0586e0,1/27/2026 18:00:38,,rainfall,"1769554830,90.26111,0.00,4.10,89.59"
e00fce681282837e5d0586e0,1/27/2026 19:00:32,,rainfall,"1769558430,89.99722,0.00,4.10,89.59"
e00fce681282837e5d0586e0,1/27/2026 20:00:32,,rainfall,"1769562030,89.55000,0.00,4.10,89.59"
e00fce681282837e5d0586e0,1/27/2026 21:00:31,,rainfall,"1769565628,98.92639,0.00,4.10,89.59"
e00fce681282837e5d0586e0,1/27/2026 22:00:33,,rainfall,"1769569230,110.80000,0.00,4.10,89.43"
e00fce681282837e5d0586e0,1/27/2026 23:00:37,,rainfall,"1769572830,108.20695,0.00,4.10,89.43"
e00fce681282837e5d0586e0,1/28/2026 0:00:37,,rainfall,"1769576430,108.77500,0.00,4.10,89.43"
e00fce681282837e5d0586e0,1/28/2026 1:00:38,,rainfall,"1769580030,111.18195,0.00,4.10,89.43"
e00fce681282837e5d0586e0,1/28/2026 2:00:32,,rainfall,"1769583629,111.42223,0.00,4.10,89.43"
e00fce681282837e5d0586e0,1/28/2026 3:00:39,,rainfall,"1769587230,108.19722,0.00,4.10,89.43"
e00fce681282837e5d0586e0,1/28/2026 4:00:35,,rainfall,"1769590829,112.10278,0.00,4.10,89.43"
e00fce681282837e5d0586e0,1/28/2026 5:00:35,,rainfall,"1769594430,112.34028,0.00,4.10,89.43"
e00fce681282837e5d0586e0,1/28/2026 6:00:33,,rainfall,"1769598030,113.57361,0.00,4.10,89.43"
e00fce681282837e5d0586e0,1/28/2026 7:00:35,,rainfall,"1769601629,112.53333,0.00,4.10,89.43"
e00fce681282837e5d0586e0,1/28/2026 8:00:33,,rainfall,"1769605229,116.05139,0.00,4.10,89.43"
e00fce681282837e5d0586e0,1/28/2026 9:00:33,,rainfall,"1769608830,103.61250,0.00,4.10,89.43"
e00fce681282837e5d0586e0,1/28/2026 10:00:34,,rainfall,"1769612430,96.10555,0.00,4.10,89.43"
,,,,
,,,,
e00fce681282837e5d0586e0,1/28/2026 11:00:33,,rainfall,"1769616029,89.12778,0.00,4.10,89.43"
,,,,
e00fce681282837e5d0586e0,1/28/2026 12:00:33,,rainfall,"1769619630,88.23889,0.00,4.10,89.43"
e00fce681282837e5d0586e0,1/28/2026 13:00:34,,rainfall,"1769623230,81.64584,0.00,4.10,89.43"
e00fce681282837e5d0586e0,1/28/2026 14:00:36,,rainfall,"1769626829,82.14027,0.00,4.10,89.43"
e00fce681282837e5d0586e0,1/28/2026 15:00:36,,rainfall,"1769630430,82.52500,0.00,4.10,89.43"
e00fce681282837e5d0586e0,1/28/2026 16:00:37,,rainfall,"1769634030,76.04028,0.00,4.10,89.43"
e00fce681282837e5d0586e0,1/28/2026 17:00:36,,rainfall,"1769637629,92.38055,0.00,4.10,89.43"
e00fce681282837e5d0586e0,1/28/2026 18:00:39,,rainfall,"1769641229,92.95417,0.00,4.10,89.43"
e00fce681282837e5d0586e0,1/28/2026 19:00:34,,rainfall,"1769644830,98.03889,0.00,4.10,89.43"
e00fce681282837e5d0586e0,1/28/2026 20:00:35,,rainfall,"1769648429,99.45277,0.00,4.10,89.43"
e00fce681282837e5d0586e0,1/28/2026 21:00:39,,rainfall,"1769652029,98.72639,0.00,4.10,89.43"
e00fce681282837e5d0586e0,1/28/2026 22:00:38,,rainfall,"1769655629,98.00555,0.00,4.10,89.43"
e00fce681282837e5d0586e0,1/28/2026 23:00:34,,rainfall,"1769659230,96.45000,0.00,4.10,89.43"
e00fce681282837e5d0586e0,1/29/2026 0:00:37,,rainfall,"1769662830,100.25278,0.00,4.10,89.43"
e00fce681282837e5d0586e0,1/29/2026 1:00:35,,rainfall,"1769666430,106.56389,0.00,4.10,89.43"
e00fce681282837e5d0586e0,1/29/2026 2:00:34,,rainfall,"1769670029,99.96944,0.00,4.10,89.43"
e00fce681282837e5d0586e0,1/29/2026 3:00:37,,rainfall,"1769673629,94.93195,0.00,4.10,89.43"
e00fce681282837e5d0586e0,1/29/2026 4:00:39,,rainfall,"1769677230,95.18333,0.00,4.10,89.43"
e00fce681282837e5d0586e0,1/29/2026 5:00:36,,rainfall,"1769680829,93.42500,0.00,4.10,89.43"
e00fce681282837e5d0586e0,1/29/2026 6:00:40,,rainfall,"1769684430,94.90278,0.00,4.10,89.43"
e00fce681282837e5d0586e0,1/29/2026 7:00:38,,rainfall,"1769688030,92.69305,0.00,4.10,89.43"
e00fce681282837e5d0586e0,1/29/2026 8:00:35,,rainfall,"1769691630,103.81805,0.00,4.10,89.43"
e00fce681282837e5d0586e0,1/29/2026 9:00:37,,rainfall,"1769695229,88.99445,0.00,4.10,89.43"
e00fce681282837e5d0586e0,1/29/2026 10:00:36,,rainfall,"1769698829,84.80833,0.00,4.10,89.43"
e00fce681282837e5d0586e0,1/29/2026 11:00:39,,rainfall,"1769702430,85.82917,0.00,4.10,89.43"
e00fce681282837e5d0586e0,1/29/2026 12:00:35,,rainfall,"1769706029,88.06805,0.00,4.10,89.43"
e00fce681282837e5d0586e0,1/29/2026 13:00:41,,rainfall,"1769709630,83.23750,0.00,4.10,89.43"
e00fce681282837e5d0586e0,1/29/2026 14:00:38,,rainfall,"1769713230,77.96528,0.00,4.10,89.43"
e00fce681282837e5d0586e0,1/29/2026 15:00:35,,rainfall,"1769716829,79.24583,0.00,4.10,89.43"
e00fce681282837e5d0586e0,1/29/2026 16:00:35,,rainfall,"1769720429,76.04166,0.00,4.10,89.43"
e00fce681282837e5d0586e0,1/29/2026 17:00:38,,rainfall,"1769724030,92.84444,0.00,4.10,89.43"
e00fce681282837e5d0586e0,1/29/2026 18:00:37,,rainfall,"1769727629,93.37361,0.00,4.10,89.43"
e00fce681282837e5d0586e0,1/29/2026 19:00:39,,rainfall,"1769731229,91.98055,0.00,4.10,89.43"
e00fce681282837e5d0586e0,1/29/2026 20:00:37,,rainfall,"1769734829,92.19028,0.00,4.10,89.43"
e00fce681282837e5d0586e0,1/29/2026 21:00:45,,rainfall,"1769738429,91.30417,0.00,4.10,89.43"
e00fce681282837e5d0586e0,1/29/2026 22:00:36,,rainfall,"1769742030,89.70000,0.00,4.10,89.43"
e00fce681282837e5d0586e0,1/29/2026 23:00:36,,rainfall,"1769745630,91.52361,0.00,4.10,89.43"
e00fce681282837e5d0586e0,1/30/2026 0:00:36,,rainfall,"1769749229,91.65417,0.00,4.10,89.43"
e00fce681282837e5d0586e0,1/30/2026 1:00:36,,rainfall,"1769752829,96.05000,0.00,4.10,89.43"
e00fce681282837e5d0586e0,1/30/2026 2:00:36,,rainfall,"1769756429,97.12083,0.00,4.10,89.43"
e00fce681282837e5d0586e0,1/30/2026 3:00:38,,rainfall,"1769760030,92.32083,0.00,4.10,89.43"
e00fce681282837e5d0586e0,1/30/2026 4:00:36,,rainfall,"1769763629,88.95972,0.00,4.10,89.43"
e00fce681282837e5d0586e0,1/30/2026 5:00:40,,rainfall,"1769767229,90.16528,0.00,4.10,89.43"
e00fce681282837e5d0586e0,1/30/2026 6:00:37,,rainfall,"1769770830,96.79723,0.00,4.10,89.43"
e00fce681282837e5d0586e0,1/30/2026 7:00:41,,rainfall,"1769774430,89.32917,0.00,4.10,89.43"
e00fce681282837e5d0586e0,1/30/2026 8:00:38,,rainfall,"1769778029,87.97778,0.00,4.10,89.43"
e00fce681282837e5d0586e0,1/30/2026 9:00:36,,rainfall,"1769781629,88.32083,0.00,4.10,89.43"
e00fce681282837e5d0586e0,1/30/2026 10:00:42,,rainfall,"1769785229,74.47500,0.00,4.10,89.43"
e00fce681282837e5d0586e0,1/30/2026 11:00:37,,rainfall,"1769788829,79.00417,0.00,4.10,89.43"
e00fce681282837e5d0586e0,1/30/2026 12:00:43,,rainfall,"1769792429,75.65833,0.00,4.10,89.43"
e00fce681282837e5d0586e0,1/30/2026 13:00:39,,rainfall,"1769796029,75.58889,0.00,4.10,89.43"
e00fce681282837e5d0586e0,1/30/2026 14:00:42,,rainfall,"1769799629,75.85555,0.00,4.10,89.43"
e00fce681282837e5d0586e0,1/30/2026 15:00:38,,rainfall,"1769803230,77.50000,0.00,4.10,89.43"
e00fce681282837e5d0586e0,1/30/2026 16:00:37,,rainfall,"1769806829,75.06111,0.00,4.10,89.43"
e00fce681282837e5d0586e0,1/30/2026 17:00:46,,rainfall,"1769810429,86.72500,0.00,4.10,89.43"
e00fce681282837e5d0586e0,1/30/2026 18:00:30,,rainfall,"1769814029,94.01667,0.00,4.10,89.43"
e00fce681282837e5d0586e0,1/30/2026 19:00:31,,rainfall,"1769817629,91.87500,0.00,4.10,89.43"
e00fce681282837e5d0586e0,1/30/2026 20:00:35,,rainfall,"1769821230,92.25972,0.00,4.10,89.43"
e00fce681282837e5d0586e0,1/30/2026 21:00:31,,rainfall,"1769824829,90.30972,0.00,4.10,89.43"
e00fce681282837e5d0586e0,1/30/2026 22:00:34,,rainfall,"1769828430,92.66111,0.00,4.10,89.43"
e00fce681282837e5d0586e0,1/30/2026 23:00:33,,rainfall,"1769832030,94.63472,0.00,4.10,89.43"
e00fce681282837e5d0586e0,1/31/2026 1:02:30,,rainfall,"1769839331,94.92778,0.00,4.10,89.27"
e00fce681282837e5d0586e0,1/31/2026 2:00:35,,rainfall,"1769842830,93.82083,0.00,4.10,89.27"
e00fce681282837e5d0586e0,1/31/2026 3:00:33,,rainfall,"1769846429,94.55000,0.00,4.10,89.27"
e00fce681282837e5d0586e0,1/31/2026 4:00:32,,rainfall,"1769850030,97.55278,0.00,4.10,89.27"
e00fce681282837e5d0586e0,1/31/2026 5:00:32,,rainfall,"1769853630,98.36528,0.00,4.10,89.27"
e00fce681282837e5d0586e0,1/31/2026 6:00:32,,rainfall,"1769857229,107.25972,0.00,4.10,89.27"
e00fce681282837e5d0586e0,1/31/2026 7:00:33,,rainfall,"1769860830,102.73889,0.00,4.10,89.27"
e00fce681282837e5d0586e0,1/31/2026 8:00:35,,rainfall,"1769864430,100.38333,0.00,4.10,89.27"
e00fce681282837e5d0586e0,1/31/2026 9:00:33,,rainfall,"1769868029,96.77084,0.00,4.10,89.27"
e00fce681282837e5d0586e0,1/31/2026 10:00:33,,rainfall,"1769871630,89.15556,0.00,4.10,89.27"
e00fce681282837e5d0586e0,1/31/2026 11:00:37,,rainfall,"1769875230,97.35139,0.00,4.10,89.27"
e00fce681282837e5d0586e0,1/31/2026 12:00:35,,rainfall,"1769878829,78.84167,0.00,4.10,89.27"
e00fce681282837e5d0586e0,1/31/2026 13:00:33,,rainfall,"1769882430,85.98055,0.00,4.10,89.27"
e00fce681282837e5d0586e0,1/31/2026 14:00:38,,rainfall,"1769886029,100.49306,0.00,4.10,89.27"
e00fce681282837e5d0586e0,1/31/2026 15:00:33,,rainfall,"1769889629,103.66805,0.00,4.10,89.27"
e00fce681282837e5d0586e0,1/31/2026 16:00:34,,rainfall,"1769893230,102.63750,0.00,4.10,89.27"
e00fce681282837e5d0586e0,1/31/2026 17:00:39,,rainfall,"1769896830,101.01389,0.00,4.10,89.27"
e00fce681282837e5d0586e0,1/31/2026 18:00:35,,rainfall,"1769900430,106.08056,0.00,4.10,89.27"
e00fce681282837e5d0586e0,1/31/2026 19:00:35,,rainfall,"1769904029,101.71250,0.00,4.10,89.27"
e00fce681282837e5d0586e0,1/31/2026 20:00:35,,rainfall,"1769907630,105.11111,0.00,4.10,89.27"
e00fce681282837e5d0586e0,1/31/2026 21:00:35,,rainfall,"1769911230,107.22500,0.00,4.10,89.27"
e00fce681282837e5d0586e0,1/31/2026 22:00:37,,rainfall,"1769914829,106.49167,0.00,4.10,89.27"
e00fce681282837e5d0586e0,1/31/2026 23:00:35,,rainfall,"1769918430,107.73750,0.00,4.10,89.27"
e00fce681282837e5d0586e0,2/1/2026 0:00:36,,rainfall,"1769922030,105.33472,0.00,4.10,89.27"
e00fce681282837e5d0586e0,2/1/2026 1:00:35,,rainfall,"1769925630,102.35000,0.00,4.10,89.27"
e00fce681282837e5d0586e0,2/1/2026 2:00:36,,rainfall,"1769929229,104.64722,0.00,4.10,89.27"
e00fce681282837e5d0586e0,2/1/2026 3:00:41,,rainfall,"1769932830,105.44861,0.00,4.10,89.27"
e00fce681282837e5d0586e0,2/1/2026 4:00:37,,rainfall,"1769936429,99.75000,0.00,4.10,89.27"
e00fce681282837e5d0586e0,2/1/2026 5:00:38,,rainfall,"1769940030,103.19167,0.00,4.10,89.27"
e00fce681282837e5d0586e0,2/1/2026 6:00:36,,rainfall,"1769943630,102.75972,0.00,4.10,89.27"
e00fce681282837e5d0586e0,2/1/2026 7:00:38,,rainfall,"1769947230,104.30556,0.00,4.10,89.27"
e00fce681282837e5d0586e0,2/1/2026 8:00:36,,rainfall,"1769950830,106.11806,0.00,4.10,89.27"
e00fce681282837e5d0586e0,2/1/2026 9:00:36,,rainfall,"1769954429,98.37917,0.00,4.10,89.27"
e00fce681282837e5d0586e0,2/1/2026 10:00:36,,rainfall,"1769958030,85.46667,0.00,4.10,89.27"
e00fce681282837e5d0586e0,2/1/2026 11:00:36,,rainfall,"1769961629,82.76945,0.00,4.10,89.27"
e00fce681282837e5d0586e0,2/1/2026 12:00:39,,rainfall,"1769965229,84.58334,0.00,4.10,89.27"
e00fce681282837e5d0586e0,2/1/2026 13:00:36,,rainfall,"1769968830,82.16528,0.28,4.10,89.27"
e00fce681282837e5d0586e0,2/1/2026 14:00:38,,rainfall,"1769972429,83.86667,0.28,4.10,89.27"
e00fce681282837e5d0586e0,2/1/2026 15:00:36,,rainfall,"1769976030,79.51111,0.00,4.10,89.27"
e00fce681282837e5d0586e0,2/1/2026 16:00:36,,rainfall,"1769979630,77.75972,0.28,4.10,89.27"
e00fce681282837e5d0586e0,2/1/2026 17:00:37,,rainfall,"1769983230,89.89445,0.00,4.10,89.27"
e00fce681282837e5d0586e0,2/1/2026 18:00:39,,rainfall,"1769986830,98.55278,0.00,4.10,89.27"
e00fce681282837e5d0586e0,2/1/2026 19:00:37,,rainfall,"1769990430,99.46528,0.00,4.10,89.27"
e00fce681282837e5d0586e0,2/1/2026 20:00:41,,rainfall,"1769994030,106.37083,0.00,4.10,89.27"
e00fce681282837e5d0586e0,2/1/2026 21:00:37,,rainfall,"1769997629,104.51250,0.00,4.10,89.27"
e00fce681282837e5d0586e0,2/1/2026 22:00:36,,rainfall,"1770001230,103.73611,0.00,4.10,89.27"
e00fce681282837e5d0586e0,2/1/2026 23:00:37,,rainfall,"1770004829,101.32777,0.00,4.10,89.27"
e00fce681282837e5d0586e0,2/2/2026 0:00:37,,rainfall,"1770008430,100.65556,0.00,4.10,89.27"
e00fce681282837e5d0586e0,2/2/2026 1:00:39,,rainfall,"1770012029,97.93472,0.00,4.10,89.27"
e00fce681282837e5d0586e0,2/2/2026 2:00:37,,rainfall,"1770015630,95.00972,0.00,4.10,89.27"
e00fce681282837e5d0586e0,2/2/2026 3:00:37,,rainfall,"1770019230,96.55139,0.00,4.10,89.27"
e00fce681282837e5d0586e0,2/2/2026 4:00:38,,rainfall,"1770022830,96.70695,0.00,4.10,89.27"
e00fce681282837e5d0586e0,2/2/2026 5:00:37,,rainfall,"1770026430,95.20277,0.00,4.10,89.27"
e00fce681282837e5d0586e0,2/2/2026 6:00:43,,rainfall,"1770030029,95.85278,0.00,4.10,89.27"
e00fce681282837e5d0586e0,2/2/2026 7:00:39,,rainfall,"1770033630,95.86945,0.00,4.10,89.27"
e00fce681282837e5d0586e0,2/2/2026 8:00:37,,rainfall,"1770037229,111.92083,0.00,4.10,89.27"
e00fce681282837e5d0586e0,2/2/2026 9:00:43,,rainfall,"1770040830,87.17500,0.00,4.10,89.27"
e00fce681282837e5d0586e0,2/2/2026 10:00:37,,rainfall,"1770044429,78.28472,0.00,4.10,89.27"
e00fce681282837e5d0586e0,2/2/2026 11:00:41,,rainfall,"1770048029,74.70000,0.00,4.10,89.27"
e00fce681282837e5d0586e0,2/2/2026 12:00:38,,rainfall,"1770051630,74.00833,0.00,4.10,89.27"
e00fce681282837e5d0586e0,2/2/2026 13:00:41,,rainfall,"1770055229,71.83472,0.00,4.10,89.27"
e00fce681282837e5d0586e0,2/2/2026 14:00:43,,rainfall,"1770058829,71.36250,0.00,4.10,89.27"
e00fce681282837e5d0586e0,2/2/2026 15:00:41,,rainfall,"1770062429,71.16666,0.00,4.10,89.27"
e00fce681282837e5d0586e0,2/2/2026 16:00:39,,rainfall,"1770066030,68.96111,0.00,4.10,89.27"
e00fce681282837e5d0586e0,2/2/2026 17:00:46,,rainfall,"1770069630,74.47639,0.00,4.10,89.27"
e00fce681282837e5d0586e0,2/2/2026 18:00:32,,rainfall,"1770073230,80.11945,0.00,4.10,89.27"
e00fce681282837e5d0586e0,2/2/2026 19:00:34,,rainfall,"1770076829,83.96528,0.00,4.10,89.27"
e00fce681282837e5d0586e0,2/2/2026 20:00:33,,rainfall,"1770080430,85.85555,0.00,4.10,89.27"
e00fce681282837e5d0586e0,2/2/2026 21:00:34,,rainfall,"1770084030,86.45972,0.00,4.10,89.27"
e00fce681282837e5d0586e0,2/2/2026 22:00:35,,rainfall,"1770087630,87.50000,0.00,4.10,89.27"
e00fce681282837e5d0586e0,2/2/2026 23:00:32,,rainfall,"1770091230,87.15556,0.00,4.10,89.27"
e00fce681282837e5d0586e0,2/3/2026 0:00:34,,rainfall,"1770094830,87.26250,0.00,4.10,89.27"
e00fce681282837e5d0586e0,2/3/2026 1:00:33,,rainfall,"1770098430,88.01389,0.00,4.10,89.27"
e00fce681282837e5d0586e0,2/3/2026 2:00:36,,rainfall,"1770102030,87.76111,0.00,4.10,89.27"
e00fce681282837e5d0586e0,2/3/2026 3:00:32,,rainfall,"1770105630,88.40139,0.00,4.10,89.27"
e00fce681282837e5d0586e0,2/3/2026 4:00:33,,rainfall,"1770109229,89.16944,0.00,4.10,89.27"
e00fce681282837e5d0586e0,2/3/2026 5:00:37,,rainfall,"1770112830,89.21806,0.00,4.10,89.27"
e00fce681282837e5d0586e0,2/3/2026 6:00:31,,rainfall,"1770116429,89.66528,0.00,4.10,89.27"
e00fce681282837e5d0586e0,2/3/2026 7:00:32,,rainfall,"1770120029,90.12222,0.00,4.10,89.27"
e00fce681282837e5d0586e0,2/3/2026 8:00:35,,rainfall,"1770123630,102.18056,0.00,4.10,89.27"
e00fce681282837e5d0586e0,2/3/2026 9:00:36,,rainfall,"1770127230,71.63889,0.00,4.10,89.27"
e00fce681282837e5d0586e0,2/3/2026 10:00:33,,rainfall,"1770130829,69.92500,0.00,4.10,89.27"
e00fce681282837e5d0586e0,2/3/2026 11:00:32,,rainfall,"1770134429,66.23889,0.00,4.10,89.12"
e00fce681282837e5d0586e0,2/3/2026 12:00:33,,rainfall,"1770138030,65.30972,0.00,4.10,89.12"
e00fce681282837e5d0586e0,2/3/2026 13:00:33,,rainfall,"1770141630,63.63750,0.00,4.10,89.12"
e00fce681282837e5d0586e0,2/3/2026 14:00:37,,rainfall,"1770145231,66.00139,0.00,4.10,89.12"
e00fce681282837e5d0586e0,2/3/2026 15:00:33,,rainfall,"1770148830,67.42639,0.00,4.10,89.12"
e00fce681282837e5d0586e0,2/3/2026 16:00:35,,rainfall,"1770152429,67.62500,0.00,4.10,89.12"
e00fce681282837e5d0586e0,2/3/2026 17:00:34,,rainfall,"1770156030,70.66944,0.00,4.10,89.12"
e00fce681282837e5d0586e0,2/3/2026 18:00:36,,rainfall,"1770159629,76.86111,0.00,4.10,89.12"
e00fce681282837e5d0586e0,2/3/2026 19:00:40,,rainfall,"1770163230,79.73750,0.00,4.10,89.12"
e00fce681282837e5d0586e0,2/3/2026 20:00:33,,rainfall,"1770166829,82.42223,0.00,4.10,89.12"
e00fce681282837e5d0586e0,2/3/2026 21:00:36,,rainfall,"1770170430,83.79305,0.00,4.10,89.12"
e00fce681282837e5d0586e0,2/3/2026 22:00:36,,rainfall,"1770174029,86.93611,0.00,4.10,89.12"
e00fce681282837e5d0586e0,2/3/2026 23:00:34,,rainfall,"1770177629,86.51945,0.00,4.10,89.12"
e00fce681282837e5d0586e0,2/4/2026 0:00:35,,rainfall,"1770181230,86.45417,0.00,4.10,89.12"
e00fce681282837e5d0586e0,2/4/2026 1:00:35,,rainfall,"1770184829,88.06111,0.00,4.10,89.12"
e00fce681282837e5d0586e0,2/4/2026 2:05:26,,rainfall,"1770188430,89.25972,0.00,4.10,89.12"
e00fce681282837e5d0586e0,2/4/2026 3:02:20,,rainfall,"1770192029,86.31389,0.00,4.10,89.12"
e00fce681282837e5d0586e0,2/4/2026 4:00:24,,rainfall,"1770195620,84.87361,0.00,4.10,89.12"
e00fce681282837e5d0586e0,2/4/2026 5:00:39,,rainfall,"1770199230,84.77222,0.00,4.10,89.12"
e00fce681282837e5d0586e0,2/4/2026 6:00:34,,rainfall,"1770202829,89.32917,0.00,4.10,89.12"
e00fce681282837e5d0586e0,2/4/2026 7:00:35,,rainfall,"1770206430,88.38333,0.00,4.10,89.12"
e00fce681282837e5d0586e0,2/4/2026 8:00:34,,rainfall,"1770210029,89.49306,0.00,4.10,89.12"
e00fce681282837e5d0586e0,2/4/2026 9:00:35,,rainfall,"1770213630,86.96389,0.00,4.10,89.12"
e00fce681282837e5d0586e0,2/4/2026 10:00:35,,rainfall,"1770217230,78.59028,0.00,4.10,89.12"
e00fce681282837e5d0586e0,2/4/2026 11:00:34,,rainfall,"1770220829,69.74306,0.00,4.10,89.12"
e00fce681282837e5d0586e0,2/4/2026 12:00:45,,rainfall,"1770224430,64.57500,0.00,4.10,89.12"
e00fce681282837e5d0586e0,2/4/2026 13:00:40,,rainfall,"1770228031,64.01527,0.00,4.10,89.12"
e00fce681282837e5d0586e0,2/4/2026 14:00:40,,rainfall,"1770231630,65.63611,0.00,4.10,89.12"
e00fce681282837e5d0586e0,2/4/2026 15:00:35,,rainfall,"1770235229,68.07500,0.00,4.10,89.12"
e00fce681282837e5d0586e0,2/4/2026 16:00:36,,rainfall,"1770238830,69.23750,0.00,4.10,89.12"
e00fce681282837e5d0586e0,2/4/2026 17:00:37,,rainfall,"1770242429,77.98055,0.28,4.10,89.12"
e00fce681282837e5d0586e0,2/4/2026 18:00:35,,rainfall,"1770246029,94.81250,0.28,4.10,89.12"
e00fce681282837e5d0586e0,2/4/2026 19:00:37,,rainfall,"1770249630,97.23750,0.28,4.10,89.12"
e00fce681282837e5d0586e0,2/4/2026 20:00:35,,rainfall,"1770253229,97.46250,0.28,4.10,89.12"
e00fce681282837e5d0586e0,2/4/2026 21:00:35,,rainfall,"1770256829,98.31667,0.00,4.10,89.12"
e00fce681282837e5d0586e0,2/4/2026 22:00:36,,rainfall,"1770260430,97.80278,0.28,4.10,89.12"
e00fce681282837e5d0586e0,2/4/2026 23:00:38,,rainfall,"1770264030,100.80833,0.28,4.10,89.12"
e00fce681282837e5d0586e0,2/5/2026 0:00:36,,rainfall,"1770267630,104.11389,0.00,4.10,89.12"
e00fce681282837e5d0586e0,2/5/2026 1:00:36,,rainfall,"1770271230,104.62500,0.00,4.10,89.12"
e00fce681282837e5d0586e0,2/5/2026 2:00:36,,rainfall,"1770274829,108.04166,0.00,4.10,89.12"
e00fce681282837e5d0586e0,2/5/2026 3:00:37,,rainfall,"1770278430,108.14027,0.28,4.10,89.12"
e00fce681282837e5d0586e0,2/5/2026 4:00:36,,rainfall,"1770282029,108.71389,0.28,4.10,89.12"
e00fce681282837e5d0586e0,2/5/2026 5:00:40,,rainfall,"1770285629,110.50000,0.00,4.10,89.12"
e00fce681282837e5d0586e0,2/5/2026 6:00:36,,rainfall,"1770289229,111.01527,0.00,4.10,89.12"
e00fce681282837e5d0586e0,2/5/2026 7:00:37,,rainfall,"1770292830,111.79861,0.00,4.10,89.12"
e00fce681282837e5d0586e0,2/5/2026 8:00:36,,rainfall,"1770296429,112.00000,0.00,4.10,89.12"
e00fce681282837e5d0586e0,2/5/2026 9:00:40,,rainfall,"1770300030,114.68889,0.00,4.10,89.12"
e00fce681282837e5d0586e0,2/5/2026 10:00:36,,rainfall,"1770303629,112.61667,0.00,4.10,89.12"
e00fce681282837e5d0586e0,2/5/2026 11:00:38,,rainfall,"1770307230,108.63750,0.00,4.10,88.96"
e00fce681282837e5d0586e0,2/5/2026 12:00:37,,rainfall,"1770310829,109.49861,0.00,4.10,88.96"
e00fce681282837e5d0586e0,2/5/2026 13:00:38,,rainfall,"1770314430,108.68889,0.00,4.10,88.96"
e00fce681282837e5d0586e0,2/5/2026 14:00:40,,rainfall,"1770318030,106.62361,0.00,4.10,88.96"
e00fce681282837e5d0586e0,2/5/2026 15:00:33,,rainfall,"1770321620,102.15278,0.00,4.10,88.96"
e00fce681282837e5d0586e0,2/5/2026 16:00:40,,rainfall,"1770325230,104.29583,0.00,4.10,88.96"
e00fce681282837e5d0586e0,2/5/2026 17:00:49,,rainfall,"1770328830,108.79166,0.00,4.10,88.96"
e00fce681282837e5d0586e0,2/5/2026 18:00:34,,rainfall,"1770332430,106.78611,0.00,4.10,88.96"
e00fce681282837e5d0586e0,2/5/2026 19:00:34,,rainfall,"1770336029,108.42083,0.00,4.10,88.96"
e00fce681282837e5d0586e0,2/5/2026 20:00:32,,rainfall,"1770339630,105.62083,0.00,4.10,88.96"
e00fce681282837e5d0586e0,2/5/2026 21:00:32,,rainfall,"1770343229,107.04861,0.00,4.10,88.96"
e00fce681282837e5d0586e0,2/5/2026 22:00:34,,rainfall,"1770346830,109.39306,0.00,4.10,88.96"
e00fce681282837e5d0586e0,2/5/2026 23:00:41,,rainfall,"1770350429,120.89027,0.00,4.10,88.96"
e00fce681282837e5d0586e0,2/6/2026 0:00:35,,rainfall,"1770354030,113.99028,0.00,4.10,88.96"
e00fce681282837e5d0586e0,2/6/2026 1:00:34,,rainfall,"1770357630,111.55417,0.00,4.10,88.96"
e00fce681282837e5d0586e0,2/6/2026 2:00:35,,rainfall,"1770361230,112.76945,0.00,4.10,88.96"
e00fce681282837e5d0586e0,2/6/2026 3:00:36,,rainfall,"1770364829,117.34861,0.00,4.10,88.96"
e00fce681282837e5d0586e0,2/6/2026 4:00:38,,rainfall,"1770368430,111.13194,0.00,4.10,88.96"
e00fce681282837e5d0586e0,2/6/2026 5:00:35,,rainfall,"1770372029,113.26527,0.00,4.10,88.96"
e00fce681282837e5d0586e0,2/6/2026 6:00:33,,rainfall,"1770375630,114.06111,0.00,4.10,88.96"
e00fce681282837e5d0586e0,2/6/2026 7:00:37,,rainfall,"1770379229,113.45417,0.00,4.10,88.96"
e00fce681282837e5d0586e0,2/6/2026 8:00:33,,rainfall,"1770382830,120.41250,0.00,4.10,88.96"
e00fce681282837e5d0586e0,2/6/2026 9:00:35,,rainfall,"1770386429,108.63055,0.00,4.10,88.96"
e00fce681282837e5d0586e0,2/6/2026 10:00:34,,rainfall,"1770390029,88.01806,0.00,4.10,88.96"
e00fce681282837e5d0586e0,2/6/2026 11:00:34,,rainfall,"1770393630,95.91528,0.00,4.10,88.96"
e00fce681282837e5d0586e0,2/6/2026 12:00:36,,rainfall,"1770397229,98.06250,0.00,4.10,88.96"
e00fce681282837e5d0586e0,2/6/2026 13:00:37,,rainfall,"1770400829,97.35416,0.00,4.10,88.96"
e00fce681282837e5d0586e0,2/6/2026 14:00:36,,rainfall,"1770404431,90.74861,0.00,4.10,88.96"
e00fce681282837e5d0586e0,2/6/2026 15:00:36,,rainfall,"1770408029,93.21944,0.00,4.10,88.96"
e00fce681282837e5d0586e0,2/6/2026 16:00:34,,rainfall,"1770411629,79.97778,0.00,4.10,88.96"
e00fce681282837e5d0586e0,2/6/2026 17:00:37,,rainfall,"1770415230,95.13333,0.00,4.10,88.96"
e00fce681282837e5d0586e0,2/6/2026 18:00:37,,rainfall,"1770418829,109.68472,0.00,4.10,88.96"
e00fce681282837e5d0586e0,2/6/2026 19:00:36,,rainfall,"1770422430,108.51250,0.00,4.10,88.96"
e00fce681282837e5d0586e0,2/6/2026 20:00:34,,rainfall,"1770426029,110.39027,0.00,4.10,88.96"
e00fce681282837e5d0586e0,2/6/2026 21:00:34,,rainfall,"1770429630,110.63611,0.00,4.10,88.96"
e00fce681282837e5d0586e0,2/6/2026 22:00:39,,rainfall,"1770433229,112.62222,0.00,4.10,88.96"
e00fce681282837e5d0586e0,2/6/2026 23:00:36,,rainfall,"1770436830,113.77222,0.00,4.10,88.96"
e00fce681282837e5d0586e0,2/7/2026 0:00:39,,rainfall,"1770440429,113.46806,0.00,4.10,88.96"
e00fce681282837e5d0586e0,2/7/2026 1:00:34,,rainfall,"1770444029,114.06528,0.00,4.10,88.96"
e00fce681282837e5d0586e0,2/7/2026 2:00:43,,rainfall,"1770447630,111.50694,0.00,4.10,88.96"
e00fce681282837e5d0586e0,2/7/2026 3:00:36,,rainfall,"1770451230,110.84722,0.00,4.10,88.96"
e00fce681282837e5d0586e0,2/7/2026 4:00:37,,rainfall,"1770454830,114.69722,0.00,4.10,88.96"
e00fce681282837e5d0586e0,2/7/2026 5:00:35,,rainfall,"1770458430,114.60000,0.00,4.10,88.96"
e00fce681282837e5d0586e0,2/7/2026 6:00:34,,rainfall,"1770462029,113.63750,0.00,4.10,88.96"
e00fce681282837e5d0586e0,2/7/2026 7:00:35,,rainfall,"1770465630,113.30139,0.00,4.10,88.96"
e00fce681282837e5d0586e0,2/7/2026 8:00:38,,rainfall,"1770469229,116.48611,0.00,4.10,88.96"
e00fce681282837e5d0586e0,2/7/2026 9:00:35,,rainfall,"1770472830,101.71528,0.00,4.10,88.96"
e00fce681282837e5d0586e0,2/7/2026 10:00:36,,rainfall,"1770476430,95.66805,0.00,4.10,88.96"
e00fce681282837e5d0586e0,2/7/2026 11:00:35,,rainfall,"1770480029,99.22083,0.00,4.10,88.96"
e00fce681282837e5d0586e0,2/7/2026 12:00:36,,rainfall,"1770483629,95.35833,0.00,4.10,88.96"
e00fce681282837e5d0586e0,2/7/2026 13:00:44,,rainfall,"1770487229,92.86945,0.28,4.10,88.96"
e00fce681282837e5d0586e0,2/7/2026 14:00:40,,rainfall,"1770490830,85.30833,0.00,4.10,88.96"
e00fce681282837e5d0586e0,2/7/2026 15:00:37,,rainfall,"1770494430,81.31944,0.00,4.10,88.96"
e00fce681282837e5d0586e0,2/7/2026 16:00:36,,rainfall,"1770498029,78.79028,0.00,4.10,88.80"
e00fce681282837e5d0586e0,2/7/2026 17:00:35,,rainfall,"1770501629,91.08056,0.00,4.10,88.80"
e00fce681282837e5d0586e0,2/7/2026 18:00:36,,rainfall,"1770505229,101.95695,0.00,4.10,88.80"
e00fce681282837e5d0586e0,2/7/2026 19:00:37,,rainfall,"1770508830,103.73750,0.00,4.10,88.80"
e00fce681282837e5d0586e0,2/7/2026 20:00:36,,rainfall,"1770512429,104.59028,0.00,4.10,88.80"
e00fce681282837e5d0586e0,2/7/2026 21:00:40,,rainfall,"1770516029,105.50417,0.00,4.10,88.80"
e00fce681282837e5d0586e0,2/7/2026 22:00:39,,rainfall,"1770519629,103.26111,0.00,4.10,88.80"
e00fce681282837e5d0586e0,2/7/2026 23:00:40,,rainfall,"1770523230,104.67083,0.00,4.10,88.80"
e00fce681282837e5d0586e0,2/8/2026 0:00:36,,rainfall,"1770526829,105.38889,0.00,4.10,88.80"
e00fce681282837e5d0586e0,2/8/2026 1:00:38,,rainfall,"1770530430,102.72778,0.00,4.10,88.80"
e00fce681282837e5d0586e0,2/8/2026 2:00:37,,rainfall,"1770534029,105.33056,0.00,4.10,88.80"
e00fce681282837e5d0586e0,2/8/2026 3:00:37,,rainfall,"1770537630,104.88055,0.00,4.10,88.80"
e00fce681282837e5d0586e0,2/8/2026 4:00:37,,rainfall,"1770541229,104.86806,0.00,4.10,88.80"
e00fce681282837e5d0586e0,2/8/2026 5:00:40,,rainfall,"1770544831,105.02639,0.00,4.10,88.80"
e00fce681282837e5d0586e0,2/8/2026 6:00:37,,rainfall,"1770548429,107.01945,0.00,4.10,88.80"
e00fce681282837e5d0586e0,2/8/2026 7:00:38,,rainfall,"1770552030,105.93472,0.00,4.10,88.80"
e00fce681282837e5d0586e0,2/8/2026 8:00:38,,rainfall,"1770555629,115.44444,0.00,4.10,88.80"
e00fce681282837e5d0586e0,2/8/2026 9:00:41,,rainfall,"1770559229,87.56111,0.00,4.10,88.80"
e00fce681282837e5d0586e0,2/8/2026 10:00:38,,rainfall,"1770562830,82.14027,0.00,4.10,88.80"
e00fce681282837e5d0586e0,2/8/2026 11:00:46,,rainfall,"1770566429,79.83056,0.00,4.10,88.80"
e00fce681282837e5d0586e0,2/8/2026 12:00:41,,rainfall,"1770570030,80.33889,0.00,4.10,88.80"
e00fce681282837e5d0586e0,2/8/2026 13:00:45,,rainfall,"1770573630,78.49861,0.00,4.10,88.80"
e00fce681282837e5d0586e0,2/8/2026 14:00:38,,rainfall,"1770577230,78.66805,0.00,4.10,88.80"
e00fce681282837e5d0586e0,2/8/2026 15:00:42,,rainfall,"1770580829,77.16666,0.00,4.10,88.80"
e00fce681282837e5d0586e0,2/8/2026 16:00:43,,rainfall,"1770584430,73.54583,0.00,4.10,88.80"
e00fce681282837e5d0586e0,2/8/2026 17:00:50,,rainfall,"1770588029,97.59028,0.00,4.10,88.80"
e00fce681282837e5d0586e0,2/8/2026 18:00:34,,rainfall,"1770591631,106.14445,0.00,4.10,88.80"
e00fce681282837e5d0586e0,2/8/2026 19:00:34,,rainfall,"1770595229,109.56944,0.00,4.10,88.80"
e00fce681282837e5d0586e0,2/8/2026 20:00:38,,rainfall,"1770598830,110.16528,0.00,4.10,88.80"
e00fce681282837e5d0586e0,2/8/2026 21:00:35,,rainfall,"1770602429,108.25694,0.00,4.10,88.80"
e00fce681282837e5d0586e0,2/8/2026 22:00:36,,rainfall,"1770606029,101.64584,0.00,4.10,88.80"
e00fce681282837e5d0586e0,2/8/2026 23:00:33,,rainfall,"1770609630,101.89167,0.00,4.10,88.80"
e00fce681282837e5d0586e0,2/9/2026 0:00:32,,rainfall,"1770613230,107.18889,0.00,4.10,88.80"
e00fce681282837e5d0586e0,2/9/2026 1:00:32,,rainfall,"1770616829,106.64584,0.00,4.10,88.80"
e00fce681282837e5d0586e0,2/9/2026 2:00:33,,rainfall,"1770620429,102.27917,0.00,4.10,88.80"
e00fce681282837e5d0586e0,2/9/2026 3:00:33,,rainfall,"1770624030,103.85416,0.00,4.10,88.80"
e00fce681282837e5d0586e0,2/9/2026 4:05:25,,rainfall,"1770627630,103.52084,0.00,4.10,88.80"
e00fce681282837e5d0586e0,2/9/2026 5:02:34,,rainfall,"1770631229,103.90972,0.00,4.10,88.80"
e00fce681282837e5d0586e0,2/9/2026 6:00:40,,rainfall,"1770634830,106.40139,0.00,4.10,88.80"
e00fce681282837e5d0586e0,2/9/2026 7:00:35,,rainfall,"1770638430,102.36389,0.00,4.10,88.80"
e00fce681282837e5d0586e0,2/9/2026 8:00:37,,rainfall,"1770642030,108.16666,0.00,4.10,88.80"
e00fce681282837e5d0586e0,2/9/2026 9:00:33,,rainfall,"1770645630,80.79305,0.00,4.10,88.80"
e00fce681282837e5d0586e0,2/9/2026 10:00:38,,rainfall,"1770649231,73.67223,0.00,4.10,88.80"
e00fce681282837e5d0586e0,2/9/2026 11:00:33,,rainfall,"1770652829,78.17083,0.00,4.10,88.80"
e00fce681282837e5d0586e0,2/9/2026 12:00:37,,rainfall,"1770656429,84.74028,0.00,4.10,88.80"
e00fce681282837e5d0586e0,2/9/2026 13:00:37,,rainfall,"1770660030,80.83195,0.00,4.10,88.80"
e00fce681282837e5d0586e0,2/9/2026 14:00:39,,rainfall,"1770663629,79.17223,0.00,4.10,88.80"
e00fce681282837e5d0586e0,2/9/2026 15:00:35,,rainfall,"1770667230,75.37222,0.00,4.10,88.80"
e00fce681282837e5d0586e0,2/9/2026 16:00:33,,rainfall,"1770670829,80.05556,0.00,4.10,88.80"
e00fce681282837e5d0586e0,2/9/2026 17:00:37,,rainfall,"1770674430,86.78056,0.00,4.10,88.80"
e00fce681282837e5d0586e0,2/9/2026 18:00:34,,rainfall,"1770678030,91.11111,0.00,4.10,88.80"
e00fce681282837e5d0586e0,2/9/2026 19:00:34,,rainfall,"1770681630,97.09167,0.00,4.10,88.80"
e00fce681282837e5d0586e0,2/9/2026 20:00:36,,rainfall,"1770685230,102.49861,0.00,4.10,88.80"
e00fce681282837e5d0586e0,2/9/2026 21:00:34,,rainfall,"1770688829,102.92917,0.00,4.10,88.80"
e00fce681282837e5d0586e0,2/9/2026 22:00:35,,rainfall,"1770692430,106.77778,0.00,4.10,88.80"
e00fce681282837e5d0586e0,2/9/2026 23:00:38,,rainfall,"1770696030,97.43750,0.00,4.10,88.80"
e00fce681282837e5d0586e0,2/10/2026 0:00:36,,rainfall,"1770699630,95.12361,0.00,4.10,88.80"
e00fce681282837e5d0586e0,2/10/2026 1:00:35,,rainfall,"1770703230,98.65972,0.00,4.10,88.80"
e00fce681282837e5d0586e0,2/10/2026 2:00:35,,rainfall,"1770706830,101.52778,0.00,4.10,88.80"
e00fce681282837e5d0586e0,2/10/2026 3:00:34,,rainfall,"1770710429,101.88055,0.00,4.10,88.80"
e00fce681282837e5d0586e0,2/10/2026 4:00:34,,rainfall,"1770714029,102.68056,0.00,4.10,88.80"
e00fce681282837e5d0586e0,2/10/2026 5:00:38,,rainfall,"1770717629,103.51389,0.00,4.10,88.80"
e00fce681282837e5d0586e0,2/10/2026 6:00:39,,rainfall,"1770721230,103.02778,0.00,4.10,88.80"
e00fce681282837e5d0586e0,2/10/2026 7:00:36,,rainfall,"1770724830,105.89722,0.00,4.10,88.80"
e00fce681282837e5d0586e0,2/10/2026 8:00:36,,rainfall,"1770728430,108.92223,0.00,4.10,88.80"
e00fce681282837e5d0586e0,2/10/2026 9:00:36,,rainfall,"1770732029,105.32777,0.00,4.10,88.80"
e00fce681282837e5d0586e0,2/10/2026 10:00:35,,rainfall,"1770735629,94.14861,0.00,4.10,88.80"
e00fce681282837e5d0586e0,2/10/2026 11:00:41,,rainfall,"1770739230,87.60833,0.00,4.10,88.80"
,,,,
e00fce681282837e5d0586e0,2/10/2026 12:00:39,,rainfall,"1770742830,83.86111,0.00,4.10,88.80"
e00fce681282837e5d0586e0,2/10/2026 13:00:38,,rainfall,"1770746429,81.16528,0.00,4.10,88.80"
e00fce681282837e5d0586e0,2/10/2026 14:05:38,,rainfall,"1770750030,79.25555,0.00,4.09,88.80"
,,,,
e00fce681282837e5d0586e0,2/10/2026 15:02:04,,rainfall,"1770753630,76.34306,0.00,4.09,88.64"
e00fce681282837e5d0586e0,2/10/2026 16:00:26,,rainfall,"1770757220,68.01527,0.00,4.09,88.64"
e00fce681282837e5d0586e0,2/10/2026 17:00:39,,rainfall,"1770760830,67.60000,0.00,4.09,88.64"
e00fce681282837e5d0586e0,2/10/2026 18:00:36,,rainfall,"1770764430,75.73889,0.00,4.09,88.64"
e00fce681282837e5d0586e0,2/10/2026 19:00:36,,rainfall,"1770768029,80.57222,0.00,4.09,88.64"
e00fce681282837e5d0586e0,2/10/2026 20:00:42,,rainfall,"1770771630,83.46667,0.00,4.09,88.64"
e00fce681282837e5d0586e0,2/10/2026 21:00:37,,rainfall,"1770775229,84.49167,0.00,4.09,88.64"
e00fce681282837e5d0586e0,2/10/2026 22:00:36,,rainfall,"1770778830,85.97639,0.00,4.09,88.64"
e00fce681282837e5d0586e0,2/10/2026 23:00:37,,rainfall,"1770782430,82.61389,0.00,4.09,88.64"
e00fce681282837e5d0586e0,2/11/2026 0:00:37,,rainfall,"1770786029,79.55833,0.00,4.09,88.64"
e00fce681282837e5d0586e0,2/11/2026 1:05:22,,rainfall,"1770789630,79.33889,0.00,4.09,88.64"
e00fce681282837e5d0586e0,2/11/2026 2:01:55,,rainfall,"1770793229,79.48333,0.00,4.09,88.64"
e00fce681282837e5d0586e0,2/11/2026 3:00:36,,rainfall,"1770796829,78.44028,0.00,4.09,88.64"
e00fce681282837e5d0586e0,2/11/2026 4:00:37,,rainfall,"1770800429,78.56805,0.00,4.09,88.64"
e00fce681282837e5d0586e0,2/11/2026 5:00:39,,rainfall,"1770804029,79.07639,0.00,4.09,88.50"
e00fce681282837e5d0586e0,2/11/2026 6:00:37,,rainfall,"1770807630,77.51250,0.00,4.09,88.50"
e00fce681282837e5d0586e0,2/11/2026 7:00:36,,rainfall,"1770811229,77.68750,0.00,4.09,88.50"
e00fce681282837e5d0586e0,2/11/2026 8:00:38,,rainfall,"1770814830,75.60833,0.00,4.09,88.50"
e00fce681282837e5d0586e0,2/11/2026 9:00:37,,rainfall,"1770818429,70.88055,0.00,4.09,88.50"
e00fce681282837e5d0586e0,2/11/2026 10:00:37,,rainfall,"1770822029,69.63889,0.00,4.09,88.50"
e00fce681282837e5d0586e0,2/11/2026 11:00:41,,rainfall,"1770825630,75.51389,0.00,4.09,88.50"
e00fce681282837e5d0586e0,2/11/2026 12:00:43,,rainfall,"1770829230,81.35000,0.00,4.09,88.50"
e00fce681282837e5d0586e0,2/11/2026 13:00:41,,rainfall,"1770832829,73.90972,0.00,4.09,88.50"
e00fce681282837e5d0586e0,2/11/2026 14:00:38,,rainfall,"1770836429,79.73333,0.00,4.09,88.50"
e00fce681282837e5d0586e0,2/11/2026 15:00:40,,rainfall,"1770840029,85.83472,0.00,4.09,88.50"
e00fce681282837e5d0586e0,2/11/2026 16:00:40,,rainfall,"1770843629,95.16528,0.00,4.09,88.50"
e00fce681282837e5d0586e0,2/11/2026 17:00:49,,rainfall,"1770847230,94.34583,0.00,4.09,88.50"
e00fce681282837e5d0586e0,2/11/2026 18:00:30,,rainfall,"1770850829,93.42083,0.00,4.09,88.50"
e00fce681282837e5d0586e0,2/11/2026 19:00:36,,rainfall,"1770854429,90.85555,0.00,4.09,88.50"
e00fce681282837e5d0586e0,2/11/2026 20:00:32,,rainfall,"1770858030,86.43611,0.00,4.09,88.50"
e00fce681282837e5d0586e0,2/11/2026 21:00:36,,rainfall,"1770861630,90.60973,0.00,4.09,88.50"
e00fce681282837e5d0586e0,2/11/2026 22:00:32,,rainfall,"1770865229,91.74445,0.00,4.09,88.50"
e00fce681282837e5d0586e0,2/11/2026 23:00:37,,rainfall,"1770868829,93.63333,0.00,4.09,88.50"
e00fce681282837e5d0586e0,2/12/2026 0:00:33,,rainfall,"1770872429,90.42639,0.00,4.09,88.50"
e00fce681282837e5d0586e0,2/12/2026 1:00:31,,rainfall,"1770876029,92.87778,0.00,4.09,88.50"
e00fce681282837e5d0586e0,2/12/2026 2:00:32,,rainfall,"1770879630,91.94167,0.00,4.09,88.50"
e00fce681282837e5d0586e0,2/12/2026 3:00:33,,rainfall,"1770883230,91.91528,0.00,4.09,88.50"
e00fce681282837e5d0586e0,2/12/2026 4:00:32,,rainfall,"1770886830,91.29861,0.00,4.09,88.50"
e00fce681282837e5d0586e0,2/12/2026 5:00:33,,rainfall,"1770890430,90.64027,0.00,4.09,88.50"
e00fce681282837e5d0586e0,2/12/2026 6:00:33,,rainfall,"1770894030,95.25972,0.00,4.09,88.50"
e00fce681282837e5d0586e0,2/12/2026 7:00:32,,rainfall,"1770897629,93.18611,0.00,4.09,88.50"
e00fce681282837e5d0586e0,2/12/2026 8:00:35,,rainfall,"1770901230,100.19861,0.00,4.09,88.50"
e00fce681282837e5d0586e0,2/12/2026 9:00:36,,rainfall,"1770904830,72.63333,0.00,4.09,88.50"
e00fce681282837e5d0586e0,2/12/2026 10:00:32,,rainfall,"1770908430,68.76945,0.00,4.09,88.50"
e00fce681282837e5d0586e0,2/12/2026 11:00:32,,rainfall,"1770912029,67.86111,0.00,4.09,88.50"
e00fce681282837e5d0586e0,2/12/2026 12:00:32,,rainfall,"1770915629,67.77917,0.00,4.09,88.50"
e00fce681282837e5d0586e0,2/12/2026 13:00:36,,rainfall,"1770919230,66.41528,0.00,4.09,88.50"
e00fce681282837e5d0586e0,2/12/2026 14:00:33,,rainfall,"1770922830,64.76527,0.00,4.09,88.50"
e00fce681282837e5d0586e0,2/12/2026 15:00:34,,rainfall,"1770926429,64.07361,0.00,4.09,88.50"
e00fce681282837e5d0586e0,2/12/2026 16:00:34,,rainfall,"1770930030,62.34444,0.00,4.09,88.50"
e00fce681282837e5d0586e0,2/12/2026 17:00:34,,rainfall,"1770933630,66.45277,0.00,4.09,88.50"
e00fce681282837e5d0586e0,2/12/2026 18:00:37,,rainfall,"1770937230,69.57917,0.00,4.09,88.50"
e00fce681282837e5d0586e0,2/12/2026 19:00:33,,rainfall,"1770940829,75.58056,0.00,4.09,88.50"
e00fce681282837e5d0586e0,2/12/2026 20:00:37,,rainfall,"1770944431,83.03611,0.00,4.09,88.50"
e00fce681282837e5d0586e0,2/12/2026 21:00:38,,rainfall,"1770948028,84.36389,0.00,4.09,88.50"
e00fce681282837e5d0586e0,2/12/2026 22:00:35,,rainfall,"1770951630,86.60000,0.00,4.09,88.50"
e00fce681282837e5d0586e0,2/12/2026 23:00:38,,rainfall,"1770955229,86.92083,0.00,4.09,88.50"
e00fce681282837e5d0586e0,2/13/2026 0:00:38,,rainfall,"1770958830,89.51667,0.00,4.09,88.50"
e00fce681282837e5d0586e0,2/13/2026 1:00:35,,rainfall,"1770962429,86.80695,0.00,4.09,88.50"
e00fce681282837e5d0586e0,2/13/2026 2:00:35,,rainfall,"1770966030,88.05000,0.00,4.09,88.50"
e00fce681282837e5d0586e0,2/13/2026 3:00:34,,rainfall,"1770969630,91.58472,0.00,4.09,88.50"
e00fce681282837e5d0586e0,2/13/2026 4:00:33,,rainfall,"1770973229,93.59028,0.00,4.09,88.50"
e00fce681282837e5d0586e0,2/13/2026 5:00:34,,rainfall,"1770976829,97.07639,0.00,4.09,88.50"
e00fce681282837e5d0586e0,2/13/2026 6:00:37,,rainfall,"1770980429,90.65000,0.00,4.09,88.50"
e00fce681282837e5d0586e0,2/13/2026 7:00:35,,rainfall,"1770984030,90.99583,0.00,4.09,88.50"
e00fce681282837e5d0586e0,2/13/2026 8:00:37,,rainfall,"1770987629,97.05556,0.00,4.09,88.50"
e00fce681282837e5d0586e0,2/13/2026 9:00:37,,rainfall,"1770991229,77.99861,0.00,4.09,88.50"
e00fce681282837e5d0586e0,2/13/2026 10:00:40,,rainfall,"1770994829,69.84583,0.00,4.09,88.50"
e00fce681282837e5d0586e0,2/13/2026 11:03:27,,rainfall,"1770998530,72.98194,0.00,4.09,88.50"
e00fce681282837e5d0586e0,2/13/2026 12:00:35,,rainfall,"1771002029,72.08334,0.00,4.09,88.50"
e00fce681282837e5d0586e0,2/13/2026 13:00:36,,rainfall,"1771005630,71.88611,0.00,4.09,88.50"
e00fce681282837e5d0586e0,2/13/2026 14:00:34,,rainfall,"1771009229,69.44305,0.00,4.09,88.50"
e00fce681282837e5d0586e0,2/13/2026 15:00:38,,rainfall,"1771012830,67.21667,0.00,4.09,88.50"
e00fce681282837e5d0586e0,2/13/2026 16:00:35,,rainfall,"1771016429,65.42500,0.00,4.09,88.50"
e00fce681282837e5d0586e0,2/13/2026 17:00:35,,rainfall,"1771020029,69.64306,0.00,4.09,88.50"
e00fce681282837e5d0586e0,2/13/2026 18:00:39,,rainfall,"1771023630,73.59028,0.00,4.09,88.50"
e00fce681282837e5d0586e0,2/13/2026 19:00:34,,rainfall,"1771027229,78.75972,0.00,4.09,88.50"
e00fce681282837e5d0586e0,2/13/2026 20:00:36,,rainfall,"1771030829,83.69028,0.00,4.09,88.50"
e00fce681282837e5d0586e0,2/13/2026 21:00:36,,rainfall,"1771034429,86.45277,0.00,4.09,88.50"
e00fce681282837e5d0586e0,2/13/2026 22:00:36,,rainfall,"1771038029,86.76527,0.00,4.09,88.50"
e00fce681282837e5d0586e0,2/13/2026 23:00:37,,rainfall,"1771041630,87.53333,0.00,4.09,88.50"
e00fce681282837e5d0586e0,2/14/2026 0:00:35,,rainfall,"1771045228,88.78750,0.00,4.09,88.50"
e00fce681282837e5d0586e0,2/14/2026 1:00:39,,rainfall,"1771048830,89.10833,0.00,4.09,88.50"
e00fce681282837e5d0586e0,2/14/2026 2:09:39,,rainfall,"1771052429,89.00833,0.00,4.09,88.50"
e00fce681282837e5d0586e0,2/14/2026 3:01:45,,rainfall,"1771056029,88.61111,0.00,4.09,88.50"
e00fce681282837e5d0586e0,2/14/2026 4:00:36,,rainfall,"1771059630,89.01111,0.00,4.09,88.50"
e00fce681282837e5d0586e0,2/14/2026 5:00:37,,rainfall,"1771063229,89.65000,0.00,4.09,88.50"
e00fce681282837e5d0586e0,2/14/2026 6:00:39,,rainfall,"1771066830,89.70417,0.00,4.09,88.50"
e00fce681282837e5d0586e0,2/14/2026 7:00:38,,rainfall,"1771070430,89.62639,0.00,4.09,88.50"
e00fce681282837e5d0586e0,2/14/2026 8:00:39,,rainfall,"1771074030,93.80417,0.00,4.09,88.50"
e00fce681282837e5d0586e0,2/14/2026 9:00:37,,rainfall,"1771077629,67.67500,0.00,4.09,88.50"
e00fce681282837e5d0586e0,2/14/2026 10:00:37,,rainfall,"1771081230,60.29722,0.00,4.09,88.50"
e00fce681282837e5d0586e0,2/14/2026 11:00:37,,rainfall,"1771084829,62.45833,0.00,4.09,88.50"
e00fce681282837e5d0586e0,2/14/2026 12:00:37,,rainfall,"1771088429,64.56944,0.00,4.09,88.50"
e00fce681282837e5d0586e0,2/14/2026 13:00:43,,rainfall,"1771092030,64.76527,0.00,4.09,88.50"
e00fce681282837e5d0586e0,2/14/2026 14:00:36,,rainfall,"1771095629,64.42500,0.00,4.09,88.50"
e00fce681282837e5d0586e0,2/14/2026 15:00:43,,rainfall,"1771099230,62.22361,0.00,4.09,88.50"
e00fce681282837e5d0586e0,2/14/2026 16:00:40,,rainfall,"1771102829,60.91667,0.00,4.09,88.36"
e00fce681282837e5d0586e0,2/14/2026 17:00:45,,rainfall,"1771106430,62.14028,0.00,4.09,88.36"
e00fce681282837e5d0586e0,2/14/2026 18:00:31,,rainfall,"1771110029,64.55417,0.00,4.09,88.36"
e00fce681282837e5d0586e0,2/14/2026 19:00:31,,rainfall,"1771113630,67.36250,0.00,4.09,88.36"
e00fce681282837e5d0586e0,2/14/2026 20:00:34,,rainfall,"1771117229,69.44444,0.00,4.09,88.36"
e00fce681282837e5d0586e0,2/14/2026 21:00:34,,rainfall,"1771120830,71.09444,0.00,4.09,88.36"
e00fce681282837e5d0586e0,2/14/2026 22:00:37,,rainfall,"1771124429,70.82777,0.00,4.09,88.36"
e00fce681282837e5d0586e0,2/14/2026 23:00:36,,rainfall,"1771128030,71.03056,0.00,4.09,88.36"
e00fce681282837e5d0586e0,2/15/2026 0:00:33,,rainfall,"1771131630,73.32777,0.00,4.09,88.36"
e00fce681282837e5d0586e0,2/15/2026 1:00:32,,rainfall,"1771135229,74.31944,0.00,4.09,88.36"
e00fce681282837e5d0586e0,2/15/2026 2:00:32,,rainfall,"1771138829,72.06944,0.00,4.09,88.36"
e00fce681282837e5d0586e0,2/15/2026 3:00:32,,rainfall,"1771142430,73.64027,0.00,4.09,88.36"
e00fce681282837e5d0586e0,2/15/2026 4:00:31,,rainfall,"1771146029,78.57222,0.00,4.09,88.36"
e00fce681282837e5d0586e0,2/15/2026 5:00:37,,rainfall,"1771149630,77.95834,0.00,4.09,88.36"
e00fce681282837e5d0586e0,2/15/2026 6:00:34,,rainfall,"1771153230,75.92223,0.00,4.09,88.36"
e00fce681282837e5d0586e0,2/15/2026 7:00:35,,rainfall,"1771156830,76.65556,0.00,4.09,88.36"
e00fce681282837e5d0586e0,2/15/2026 8:00:36,,rainfall,"1771160430,77.53611,0.00,4.09,88.36"
e00fce681282837e5d0586e0,2/15/2026 9:00:34,,rainfall,"1771164030,74.26667,0.00,4.09,88.36"
e00fce681282837e5d0586e0,2/15/2026 10:00:33,,rainfall,"1771167630,72.93611,0.00,4.09,88.36"
e00fce681282837e5d0586e0,2/15/2026 11:00:34,,rainfall,"1771171230,64.38055,0.00,4.09,88.36"
e00fce681282837e5d0586e0,2/15/2026 12:00:33,,rainfall,"1771174829,66.63194,0.00,4.09,88.36"
e00fce681282837e5d0586e0,2/15/2026 13:00:33,,rainfall,"1771178430,66.77500,0.00,4.09,88.36"
e00fce681282837e5d0586e0,2/15/2026 14:00:40,,rainfall,"1771182030,66.19722,0.00,4.09,88.36"
e00fce681282837e5d0586e0,2/15/2026 15:00:35,,rainfall,"1771185630,69.99583,0.00,4.09,88.36"
e00fce681282837e5d0586e0,2/15/2026 16:00:33,,rainfall,"1771189230,70.15694,0.56,4.09,88.36"
e00fce681282837e5d0586e0,2/15/2026 17:00:36,,rainfall,"1771192829,88.89861,1.68,4.09,88.36"
e00fce681282837e5d0586e0,2/15/2026 18:00:33,,rainfall,"1771196430,93.94167,0.00,4.09,88.36"
e00fce681282837e5d0586e0,2/15/2026 19:00:35,,rainfall,"1771200030,97.72222,3.91,4.09,88.36"
e00fce681282837e5d0586e0,2/15/2026 20:00:37,,rainfall,"1771203629,98.50139,0.00,4.09,88.36"
e00fce681282837e5d0586e0,2/15/2026 21:00:34,,rainfall,"1771207230,98.08611,1.40,4.09,88.36"
e00fce681282837e5d0586e0,2/15/2026 22:00:33,,rainfall,"1771210829,101.67639,1.12,4.09,88.36"
e00fce681282837e5d0586e0,2/15/2026 23:00:33,,rainfall,"1771214430,100.51806,0.00,4.09,88.36"
e00fce681282837e5d0586e0,2/16/2026 0:00:35,,rainfall,"1771218029,100.76250,0.00,4.09,88.36"
e00fce681282837e5d0586e0,2/16/2026 1:00:33,,rainfall,"1771221629,108.63055,0.00,4.09,88.36"
e00fce681282837e5d0586e0,2/16/2026 2:00:33,,rainfall,"1771225230,110.33611,0.00,4.09,88.36"
e00fce681282837e5d0586e0,2/16/2026 3:00:33,,rainfall,"1771228830,112.60555,0.00,4.09,88.36"
e00fce681282837e5d0586e0,2/16/2026 4:00:33,,rainfall,"1771232429,105.64584,0.00,4.09,88.36"
e00fce681282837e5d0586e0,2/16/2026 5:00:43,,rainfall,"1771236030,107.87778,0.00,4.09,88.36"
e00fce681282837e5d0586e0,2/16/2026 6:00:33,,rainfall,"1771239629,110.98889,0.00,4.09,88.36"
e00fce681282837e5d0586e0,2/16/2026 7:00:34,,rainfall,"1771243230,112.64306,0.00,4.09,88.36"
e00fce681282837e5d0586e0,2/16/2026 8:00:33,,rainfall,"1771246829,112.68472,0.00,4.09,88.36"
e00fce681282837e5d0586e0,2/16/2026 9:00:35,,rainfall,"1771250429,109.21944,0.00,4.09,88.36"
e00fce681282837e5d0586e0,2/16/2026 10:00:37,,rainfall,"1771254030,102.66250,0.00,4.09,88.36"
e00fce681282837e5d0586e0,2/16/2026 11:00:37,,rainfall,"1771257629,97.99306,0.00,4.09,88.21"
e00fce681282837e5d0586e0,2/16/2026 12:09:38,,rainfall,"1771261229,78.51806,0.00,4.09,88.21"
e00fce681282837e5d0586e0,2/16/2026 13:02:06,,rainfall,"1771264829,78.01527,0.00,4.09,88.21"
e00fce681282837e5d0586e0,2/16/2026 14:00:23,,rainfall,"1771268419,76.43889,0.00,4.09,88.21"
e00fce681282837e5d0586e0,2/16/2026 15:00:34,,rainfall,"1771272029,73.33195,0.28,4.09,88.21"
e00fce681282837e5d0586e0,2/16/2026 16:00:35,,rainfall,"1771275629,70.65556,0.00,4.09,88.21"
e00fce681282837e5d0586e0,2/16/2026 17:00:34,,rainfall,"1771279229,70.92500,0.00,4.09,88.21"
e00fce681282837e5d0586e0,2/16/2026 18:00:39,,rainfall,"1771282830,80.98055,0.00,4.09,88.21"
e00fce681282837e5d0586e0,2/16/2026 19:00:34,,rainfall,"1771286429,85.83472,0.00,4.09,88.21"
e00fce681282837e5d0586e0,2/16/2026 20:00:35,,rainfall,"1771290030,90.21667,0.00,4.09,88.21"
e00fce681282837e5d0586e0,2/16/2026 21:00:38,,rainfall,"1771293630,88.35833,0.00,4.09,88.21"
e00fce681282837e5d0586e0,2/16/2026 22:00:39,,rainfall,"1771297229,92.62083,0.00,4.09,88.21"
e00fce681282837e5d0586e0,2/16/2026 23:00:40,,rainfall,"1771300829,97.92361,0.00,4.09,88.21"
e00fce681282837e5d0586e0,2/17/2026 0:00:36,,rainfall,"1771304429,94.53194,0.00,4.09,88.21"
e00fce681282837e5d0586e0,2/17/2026 1:00:35,,rainfall,"1771308030,104.10973,0.00,4.09,88.21"
e00fce681282837e5d0586e0,2/17/2026 2:00:39,,rainfall,"1771311629,100.71667,0.00,4.09,88.21"
e00fce681282837e5d0586e0,2/17/2026 3:00:35,,rainfall,"1771315229,99.91111,0.00,4.09,88.21"
e00fce681282837e5d0586e0,2/17/2026 4:00:40,,rainfall,"1771318830,99.72222,0.00,4.09,88.21"
e00fce681282837e5d0586e0,2/17/2026 5:00:36,,rainfall,"1771322430,101.93056,0.00,4.09,88.21"
e00fce681282837e5d0586e0,2/17/2026 6:00:35,,rainfall,"1771326029,102.85278,0.00,4.09,88.21"
e00fce681282837e5d0586e0,2/17/2026 7:00:38,,rainfall,"1771329630,102.41389,0.00,4.09,88.21"
e00fce681282837e5d0586e0,2/17/2026 8:00:36,,rainfall,"1771333230,100.55139,0.00,4.09,88.21"
e00fce681282837e5d0586e0,2/17/2026 9:00:35,,rainfall,"1771336829,75.86389,0.00,4.09,88.21"
e00fce681282837e5d0586e0,2/17/2026 10:00:37,,rainfall,"1771340429,69.64584,0.00,4.09,88.21"
e00fce681282837e5d0586e0,2/17/2026 11:00:36,,rainfall,"1771344030,71.61667,0.00,4.09,88.21"
e00fce681282837e5d0586e0,2/17/2026 12:00:36,,rainfall,"1771347630,70.97639,0.00,4.09,88.21"
e00fce681282837e5d0586e0,2/17/2026 13:00:42,,rainfall,"1771351230,72.82639,0.00,4.09,88.21"
e00fce681282837e5d0586e0,2/17/2026 14:00:36,,rainfall,"1771354830,72.44167,0.00,4.09,88.21"
e00fce681282837e5d0586e0,2/17/2026 15:00:35,,rainfall,"1771358428,71.29444,0.00,4.09,88.21"
e00fce681282837e5d0586e0,2/17/2026 16:00:40,,rainfall,"1771362030,65.53333,0.00,4.09,88.21"
e00fce681282837e5d0586e0,2/17/2026 17:00:47,,rainfall,"1771365630,65.07777,0.00,4.09,88.21"
e00fce681282837e5d0586e0,2/17/2026 18:00:36,,rainfall,"1771369230,73.12222,0.00,4.09,88.21"
e00fce681282837e5d0586e0,2/17/2026 19:00:34,,rainfall,"1771372829,77.40139,0.00,4.09,88.21"
e00fce681282837e5d0586e0,2/17/2026 20:00:31,,rainfall,"1771376430,83.63472,0.00,4.09,88.21"
e00fce681282837e5d0586e0,2/17/2026 21:00:35,,rainfall,"1771380029,88.32917,0.00,4.09,88.21"
e00fce681282837e5d0586e0,2/17/2026 22:00:32,,rainfall,"1771383630,92.01667,0.00,4.09,88.21"
e00fce681282837e5d0586e0,2/17/2026 23:00:31,,rainfall,"1771387229,93.80000,0.00,4.09,88.21"
e00fce681282837e5d0586e0,2/18/2026 0:00:32,,rainfall,"1771390830,92.73055,0.00,4.09,88.21"
e00fce681282837e5d0586e0,2/18/2026 1:00:31,,rainfall,"1771394429,93.67917,0.00,4.09,88.21"
e00fce681282837e5d0586e0,2/18/2026 2:00:32,,rainfall,"1771398029,94.10833,0.00,4.09,88.21"
e00fce681282837e5d0586e0,2/18/2026 3:00:32,,rainfall,"1771401630,97.88611,0.00,4.09,88.21"
e00fce681282837e5d0586e0,2/18/2026 4:00:36,,rainfall,"1771405229,100.17917,0.00,4.09,88.21"
e00fce681282837e5d0586e0,2/18/2026 5:00:32,,rainfall,"1771408830,101.30139,0.00,4.09,88.21"
e00fce681282837e5d0586e0,2/18/2026 6:00:35,,rainfall,"1771412429,104.40833,0.00,4.09,88.21"
e00fce681282837e5d0586e0,2/18/2026 7:00:36,,rainfall,"1771416030,98.84028,0.00,4.09,88.21"
e00fce681282837e5d0586e0,2/18/2026 8:00:37,,rainfall,"1771419629,105.02222,0.00,4.09,88.21"
e00fce681282837e5d0586e0,2/18/2026 9:00:35,,rainfall,"1771423230,80.54444,0.00,4.09,88.21"
e00fce681282837e5d0586e0,2/18/2026 10:00:32,,rainfall,"1771426830,72.78750,0.00,4.09,88.21"
e00fce681282837e5d0586e0,2/18/2026 11:00:34,,rainfall,"1771430429,81.10555,0.00,4.09,88.21"
e00fce681282837e5d0586e0,2/18/2026 12:00:33,,rainfall,"1771434030,67.86528,0.00,4.09,88.21"
e00fce681282837e5d0586e0,2/18/2026 13:00:35,,rainfall,"1771437629,64.33889,0.00,4.09,88.21"
e00fce681282837e5d0586e0,2/18/2026 14:00:36,,rainfall,"1771441230,67.78889,0.00,4.09,88.21"
,,,,
,,,,
,,,,
,,,,
e00fce681282837e5d0586e0,2/18/2026 15:00:37,,rainfall,"1771444830,64.19167,0.00,4.09,88.07"
,,,,
e00fce681282837e5d0586e0,2/18/2026 16:00:33,,rainfall,"1771448430,62.20833,0.00,4.09,88.07"
e00fce681282837e5d0586e0,2/18/2026 17:00:32,,rainfall,"1771452029,66.75555,0.00,4.09,88.07"
,,,,
e00fce681282837e5d0586e0,2/18/2026 18:00:34,,rainfall,"1771455630,77.58472,0.00,4.09,88.07"
,,,,
,,,,
e00fce681282837e5d0586e0,2/18/2026 19:00:33,,rainfall,"1771459229,82.13472,0.00,4.09,88.07"
,,,,
e00fce681282837e5d0586e0,2/18/2026 20:00:36,,rainfall,"1771462830,83.15694,0.00,4.09,88.07"
,,,,
e00fce681282837e5d0586e0,2/18/2026 21:00:33,,rainfall,"1771466429,83.27778,0.00,4.09,88.07"
,,,,
e00fce681282837e5d0586e0,2/18/2026 22:00:36,,rainfall,"1771470030,83.39027,0.00,4.09,88.07"
,,,,
e00fce681282837e5d0586e0,2/18/2026 23:00:33,,rainfall,"1771473629,83.08334,0.00,4.09,88.07"
e00fce681282837e5d0586e0,2/19/2026 0:00:33,,rainfall,"1771477229,83.66528,0.00,4.09,88.07"
,,,,
,,,,
e00fce681282837e5d0586e0,2/19/2026 1:00:34,,rainfall,"1771480830,82.99722,0.00,4.09,88.07"
,,,,
e00fce681282837e5d0586e0,2/19/2026 2:00:36,,rainfall,"1771484429,82.48889,0.00,4.09,88.07"
,,,,
e00fce681282837e5d0586e0,2/19/2026 3:00:34,,rainfall,"1771488029,80.14861,0.00,4.09,88.07"
,,,,
e00fce681282837e5d0586e0,2/19/2026 4:00:34,,rainfall,"1771491629,78.45000,0.00,4.09,88.07"
e00fce681282837e5d0586e0,2/19/2026 5:00:34,,rainfall,"1771495230,77.46528,0.00,4.09,88.07"
,,,,
,,,,
e00fce681282837e5d0586e0,2/19/2026 6:00:34,,rainfall,"1771498829,75.87639,0.00,4.09,88.07"
,,,,
e00fce681282837e5d0586e0,2/19/2026 7:00:37,,rainfall,"1771502430,78.81528,0.00,4.09,88.07"
,,,,
e00fce681282837e5d0586e0,2/19/2026 8:00:35,,rainfall,"1771506028,78.64027,0.00,4.09,88.07"
,,,,
e00fce681282837e5d0586e0,2/19/2026 9:00:35,,rainfall,"1771509630,75.20277,0.00,4.09,88.07"
,,,,
e00fce681282837e5d0586e0,2/19/2026 10:00:35,,rainfall,"1771513229,69.38194,0.00,4.09,88.07"
,,,,
e00fce681282837e5d0586e0,2/19/2026 11:00:44,,rainfall,"1771516830,66.70695,0.00,4.09,88.07"
,,,,
e00fce681282837e5d0586e0,2/19/2026 12:00:34,,rainfall,"1771520429,65.35973,0.00,4.09,88.07"
,,,,
e00fce681282837e5d0586e0,2/19/2026 13:00:36,,rainfall,"1771524029,63.64583,0.00,4.09,88.07"
,,,,
e00fce681282837e5d0586e0,2/19/2026 14:00:39,,rainfall,"1771527629,60.96111,0.00,4.09,88.07"
,,,,
e00fce681282837e5d0586e0,2/19/2026 15:00:37,,rainfall,"1771531230,62.48889,0.00,4.09,88.07"
,,,,
e00fce681282837e5d0586e0,2/19/2026 16:00:38,,rainfall,"1771534830,59.60972,0.00,4.09,88.07"
e00fce681282837e5d0586e0,2/19/2026 17:00:39,,rainfall,"1771538430,56.09861,0.00,4.09,88.07"
e00fce681282837e5d0586e0,2/19/2026 18:00:35,,rainfall,"1771542029,54.11666,0.00,4.09,88.07"
e00fce681282837e5d0586e0,2/19/2026 19:00:38,,rainfall,"1771545630,54.13611,0.00,4.09,88.07"
e00fce681282837e5d0586e0,2/19/2026 20:00:35,,rainfall,"1771549230,54.53194,0.00,4.09,88.07"
e00fce681282837e5d0586e0,2/19/2026 21:00:34,,rainfall,"1771552829,55.39444,0.00,4.09,88.07"
e00fce681282837e5d0586e0,2/19/2026 22:00:35,,rainfall,"1771556430,55.94167,0.00,4.09,88.07"
e00fce681282837e5d0586e0,2/19/2026 23:00:39,,rainfall,"1771560030,56.40278,0.00,4.09,88.07"
e00fce681282837e5d0586e0,2/20/2026 0:00:36,,rainfall,"1771563630,56.53333,0.00,4.09,88.07"
e00fce681282837e5d0586e0,2/20/2026 1:00:43,,rainfall,"1771567230,57.48889,0.00,4.09,87.93"
e00fce681282837e5d0586e0,2/20/2026 2:00:36,,rainfall,"1771570830,57.63194,0.00,4.09,87.93"
e00fce681282837e5d0586e0,2/20/2026 3:00:38,,rainfall,"1771574429,56.22222,0.00,4.09,87.93"
e00fce681282837e5d0586e0,2/20/2026 4:00:35,,rainfall,"1771578030,55.43195,0.00,4.09,87.93"
e00fce681282837e5d0586e0,2/20/2026 5:00:39,,rainfall,"1771581630,55.70694,0.00,4.09,87.93"
e00fce681282837e5d0586e0,2/20/2026 6:00:35,,rainfall,"1771585229,55.13055,0.00,4.09,87.93"
e00fce681282837e5d0586e0,2/20/2026 7:00:38,,rainfall,"1771588830,55.53889,0.00,4.09,87.93"
e00fce681282837e5d0586e0,2/20/2026 8:00:35,,rainfall,"1771592429,54.10833,0.00,4.09,87.93"
e00fce681282837e5d0586e0,2/20/2026 9:00:38,,rainfall,"1771596030,52.84306,0.00,4.09,87.93"
e00fce681282837e5d0586e0,2/20/2026 10:00:38,,rainfall,"1771599629,51.17639,0.00,4.09,87.93"
e00fce681282837e5d0586e0,2/20/2026 11:00:40,,rainfall,"1771603229,50.99583,0.00,4.09,87.93"
e00fce681282837e5d0586e0,2/20/2026 12:00:38,,rainfall,"1771606829,53.72639,0.00,4.09,87.93"
e00fce681282837e5d0586e0,2/20/2026 13:00:36,,rainfall,"1771610429,56.80278,0.00,4.09,87.93"
e00fce681282837e5d0586e0,2/20/2026 14:00:39,,rainfall,"1771614030,54.75417,0.00,4.09,87.93"
e00fce681282837e5d0586e0,2/20/2026 15:00:36,,rainfall,"1771617629,55.59028,0.00,4.09,87.93"
e00fce681282837e5d0586e0,2/20/2026 16:00:41,,rainfall,"1771621229,55.45555,0.00,4.09,87.93"
e00fce681282837e5d0586e0,2/20/2026 17:00:47,,rainfall,"1771624829,53.81805,0.00,4.09,87.93"
e00fce681282837e5d0586e0,2/20/2026 18:00:32,,rainfall,"1771628430,53.24861,0.00,4.09,87.93"
e00fce681282837e5d0586e0,2/20/2026 19:00:31,,rainfall,"1771632029,52.97500,0.00,4.09,87.93"
e00fce681282837e5d0586e0,2/20/2026 20:00:32,,rainfall,"1771635629,52.15556,0.00,4.09,87.93"
e00fce681282837e5d0586e0,2/20/2026 21:00:35,,rainfall,"1771639230,51.21250,0.00,4.09,87.93"
e00fce681282837e5d0586e0,2/20/2026 22:00:32,,rainfall,"1771642830,51.01528,0.00,4.09,87.93"
e00fce681282837e5d0586e0,2/20/2026 23:00:31,,rainfall,"1771646429,49.74028,0.00,4.09,87.93"
e00fce681282837e5d0586e0,2/21/2026 0:00:36,,rainfall,"1771650030,49.11666,0.00,4.09,87.93"
e00fce681282837e5d0586e0,2/21/2026 1:00:35,,rainfall,"1771653629,47.89583,0.00,4.09,87.93"
e00fce681282837e5d0586e0,2/21/2026 2:00:32,,rainfall,"1771657229,47.29861,0.00,4.09,87.93"
e00fce681282837e5d0586e0,2/21/2026 3:00:33,,rainfall,"1771660829,48.73333,0.00,4.09,87.93"
e00fce681282837e5d0586e0,2/21/2026 4:00:33,,rainfall,"1771664430,48.69167,0.00,4.09,87.93"
e00fce681282837e5d0586e0,2/21/2026 5:00:32,,rainfall,"1771668029,48.74861,0.00,4.09,87.93"
e00fce681282837e5d0586e0,2/21/2026 6:00:32,,rainfall,"1771671630,48.33472,0.00,4.09,87.93"
e00fce681282837e5d0586e0,2/21/2026 7:00:32,,rainfall,"1771675229,49.46111,0.00,4.09,87.93"
e00fce681282837e5d0586e0,2/21/2026 8:00:36,,rainfall,"1771678830,50.24583,0.00,4.09,87.93"
e00fce681282837e5d0586e0,2/21/2026 9:00:32,,rainfall,"1771682429,46.32084,0.00,4.09,87.93"
e00fce681282837e5d0586e0,2/21/2026 10:00:41,,rainfall,"1771686030,46.06389,0.28,4.09,87.93"
e00fce681282837e5d0586e0,2/21/2026 11:00:32,,rainfall,"1771689629,46.98889,0.00,4.09,87.93"
e00fce681282837e5d0586e0,2/21/2026 12:00:35,,rainfall,"1771693230,47.32778,0.00,4.09,87.78"
e00fce681282837e5d0586e0,2/21/2026 13:00:37,,rainfall,"1771696830,47.61666,0.00,4.09,87.78"
e00fce681282837e5d0586e0,2/21/2026 14:00:35,,rainfall,"1771700429,48.56944,0.00,4.09,87.78"
e00fce681282837e5d0586e0,2/21/2026 15:00:36,,rainfall,"1771704029,51.40972,0.00,4.09,87.78"
e00fce681282837e5d0586e0,2/21/2026 16:00:38,,rainfall,"1771707629,52.66806,0.56,4.09,87.78"
e00fce681282837e5d0586e0,2/21/2026 17:00:36,,rainfall,"1771711230,48.61666,0.28,4.09,87.78"
e00fce681282837e5d0586e0,2/21/2026 18:00:32,,rainfall,"1771714829,55.65000,0.00,4.09,87.78"
e00fce681282837e5d0586e0,2/21/2026 19:00:33,,rainfall,"1771718429,60.28194,0.00,4.09,87.78"
e00fce681282837e5d0586e0,2/21/2026 20:00:34,,rainfall,"1771722030,66.45277,0.00,4.09,87.78"
e00fce681282837e5d0586e0,2/21/2026 21:00:38,,rainfall,"1771725629,65.06805,0.00,4.09,87.78"
e00fce681282837e5d0586e0,2/21/2026 22:00:36,,rainfall,"1771729229,67.68195,0.00,4.09,87.78"
e00fce681282837e5d0586e0,2/21/2026 23:00:34,,rainfall,"1771732830,66.56944,0.00,4.09,87.78"
e00fce681282837e5d0586e0,2/22/2026 0:00:34,,rainfall,"1771736429,69.02084,0.00,4.09,87.78"
e00fce681282837e5d0586e0,2/22/2026 1:00:34,,rainfall,"1771740030,67.13194,0.00,4.09,87.78"
e00fce681282837e5d0586e0,2/22/2026 2:00:35,,rainfall,"1771743630,70.22500,0.00,4.09,87.78"
e00fce681282837e5d0586e0,2/22/2026 3:00:33,,rainfall,"1771747229,72.24028,0.00,4.09,87.78"
e00fce681282837e5d0586e0,2/22/2026 4:00:35,,rainfall,"1771750830,75.32222,1.68,4.09,87.78"
e00fce681282837e5d0586e0,2/22/2026 5:00:34,,rainfall,"1771754429,79.03472,0.00,4.09,87.78"
e00fce681282837e5d0586e0,2/22/2026 6:00:35,,rainfall,"1771758030,82.14167,0.00,4.09,87.78"
e00fce681282837e5d0586e0,2/22/2026 7:00:37,,rainfall,"1771761630,85.05833,0.00,4.09,87.78"
e00fce681282837e5d0586e0,2/22/2026 8:00:39,,rainfall,"1771765229,85.22778,0.00,4.09,87.78"
e00fce681282837e5d0586e0,2/22/2026 9:00:34,,rainfall,"1771768829,79.76527,0.00,4.09,87.78"
e00fce681282837e5d0586e0,2/22/2026 10:00:39,,rainfall,"1771772430,81.45139,0.00,4.09,87.78"
e00fce681282837e5d0586e0,2/22/2026 11:00:38,,rainfall,"1771776030,72.66805,0.00,4.09,87.78"
e00fce681282837e5d0586e0,2/22/2026 12:00:37,,rainfall,"1771779629,66.17361,0.00,4.09,87.78"
e00fce681282837e5d0586e0,2/22/2026 13:00:35,,rainfall,"1771783230,58.33194,0.00,4.09,87.78"
e00fce681282837e5d0586e0,2/22/2026 14:00:35,,rainfall,"1771786829,62.95139,0.00,4.09,87.78"
e00fce681282837e5d0586e0,2/22/2026 15:00:35,,rainfall,"1771790430,71.90694,0.00,4.09,87.78"
e00fce681282837e5d0586e0,2/22/2026 16:00:40,,rainfall,"1771794029,67.11667,0.00,4.09,87.78"
e00fce681282837e5d0586e0,2/22/2026 17:00:43,,rainfall,"1771797629,72.33334,0.28,4.09,87.78"
e00fce681282837e5d0586e0,2/22/2026 18:00:34,,rainfall,"1771801229,80.27778,0.00,4.09,87.78"
e00fce681282837e5d0586e0,2/22/2026 19:00:34,,rainfall,"1771804829,80.10555,0.00,4.09,87.78"
e00fce681282837e5d0586e0,2/22/2026 20:00:35,,rainfall,"1771808429,88.79305,0.00,4.09,87.78"
e00fce681282837e5d0586e0,2/22/2026 21:00:39,,rainfall,"1771812030,83.97916,0.00,4.09,87.78"
e00fce681282837e5d0586e0,2/22/2026 22:00:39,,rainfall,"1771815630,84.47222,0.00,4.09,87.64"
e00fce681282837e5d0586e0,2/22/2026 23:00:38,,rainfall,"1771819229,84.35694,0.00,4.09,87.64"
e00fce681282837e5d0586e0,2/23/2026 0:00:40,,rainfall,"1771822830,83.64306,0.00,4.09,87.64"
e00fce681282837e5d0586e0,2/23/2026 1:00:39,,rainfall,"1771826429,80.98611,0.00,4.09,87.64"
e00fce681282837e5d0586e0,2/23/2026 2:00:40,,rainfall,"1771830029,80.20695,0.00,4.09,87.64"
e00fce681282837e5d0586e0,2/23/2026 3:00:35,,rainfall,"1771833629,79.16111,0.00,4.09,87.64"
e00fce681282837e5d0586e0,2/23/2026 4:00:36,,rainfall,"1771837229,82.20139,0.00,4.09,87.64"
e00fce681282837e5d0586e0,2/23/2026 6:00:42,,rainfall,"1771844429,80.09028,0.00,4.09,87.64"
e00fce681282837e5d0586e0,2/23/2026 7:00:39,,rainfall,"1771848029,83.47222,0.00,4.09,87.64"
,,,,
,,,,
e00fce681282837e5d0586e0,2/23/2026 8:00:39,,rainfall,"1771851629,83.77084,0.00,4.09,87.64"
,,,,
e00fce681282837e5d0586e0,2/23/2026 9:00:39,,rainfall,"1771855229,67.85694,0.00,4.09,87.64"
,,,,
e00fce681282837e5d0586e0,2/23/2026 10:00:38,,rainfall,"1771858831,65.66389,0.00,4.09,87.64"
e00fce681282837e5d0586e0,2/23/2026 11:00:38,,rainfall,"1771862430,65.32500,0.00,4.09,87.64"
,,,,
,,,,
e00fce681282837e5d0586e0,2/23/2026 12:00:38,,rainfall,"1771866029,66.54583,0.00,4.09,87.64"
e00fce681282837e5d0586e0,2/23/2026 13:00:38,,rainfall,"1771869630,65.55278,0.00,4.09,87.64"
e00fce681282837e5d0586e0,2/23/2026 14:00:37,,rainfall,"1771873229,61.60278,0.00,4.09,87.64"
e00fce681282837e5d0586e0,2/23/2026 15:05:29,,rainfall,"1771876830,59.95139,0.00,4.09,87.64"
e00fce681282837e5d0586e0,2/23/2026 16:00:21,,rainfall,"1771880420,60.11111,0.00,4.09,87.64"
e00fce681282837e5d0586e0,2/23/2026 17:00:31,,rainfall,"1771884029,60.56389,0.00,4.09,87.64"
e00fce681282837e5d0586e0,2/23/2026 18:00:34,,rainfall,"1771887629,68.73750,0.00,4.09,87.64"
e00fce681282837e5d0586e0,2/23/2026 19:00:37,,rainfall,"1771891230,71.87917,0.00,4.09,87.64"
e00fce681282837e5d0586e0,2/23/2026 20:00:32,,rainfall,"1771894830,71.91250,0.00,4.09,87.64"
e00fce681282837e5d0586e0,2/23/2026 21:00:34,,rainfall,"1771898429,73.74722,0.00,4.09,87.64"
e00fce681282837e5d0586e0,2/23/2026 22:00:35,,rainfall,"1771902029,74.88611,0.00,4.09,87.64"
e00fce681282837e5d0586e0,2/23/2026 23:00:37,,rainfall,"1771905629,73.26111,0.00,4.09,87.64"
e00fce681282837e5d0586e0,2/24/2026 0:00:35,,rainfall,"1771909229,72.98611,0.00,4.09,87.64"
e00fce681282837e5d0586e0,2/24/2026 1:00:32,,rainfall,"1771912830,73.27222,0.00,4.09,87.64"
e00fce681282837e5d0586e0,2/24/2026 2:00:32,,rainfall,"1771916429,73.40000,0.00,4.09,87.64"
e00fce681282837e5d0586e0,2/24/2026 3:00:33,,rainfall,"1771920030,73.95277,0.00,4.09,87.64"
e00fce681282837e5d0586e0,2/24/2026 4:00:41,,rainfall,"1771923629,75.20695,0.00,4.09,87.64"
e00fce681282837e5d0586e0,2/24/2026 5:00:34,,rainfall,"1771927230,73.99722,0.00,4.09,87.64"
e00fce681282837e5d0586e0,2/24/2026 6:00:33,,rainfall,"1771930830,73.92361,0.00,4.09,87.64"
e00fce681282837e5d0586e0,2/24/2026 7:00:35,,rainfall,"1771934430,73.96667,0.00,4.09,87.64"
e00fce681282837e5d0586e0,2/24/2026 8:00:33,,rainfall,"1771938030,74.13333,0.00,4.09,87.64"
e00fce681282837e5d0586e0,2/24/2026 9:00:33,,rainfall,"1771941630,63.25278,0.00,4.09,87.64"
e00fce681282837e5d0586e0,2/24/2026 10:00:33,,rainfall,"1771945229,61.32084,0.00,4.09,87.64"
,,,,
,,,,
,,,,
e00fce681282837e5d0586e0,2/24/2026 11:00:37,,rainfall,"1771948831,60.30139,0.00,4.09,87.64"
e00fce681282837e5d0586e0,2/24/2026 12:00:33,,rainfall,"1771952429,60.23333,0.00,4.09,87.64"
,,,,
e00fce681282837e5d0586e0,2/24/2026 13:00:37,,rainfall,"1771956029,59.28611,0.00,4.09,87.64"
,,,,
,,,,
e00fce681282837e5d0586e0,2/24/2026 14:00:38,,rainfall,"1771959629,58.79583,0.00,4.09,87.64"
e00fce681282837e5d0586e0,2/24/2026 15:00:33,,rainfall,"1771963229,57.33333,0.00,4.09,87.64"
,,,,
e00fce681282837e5d0586e0,2/24/2026 16:00:36,,rainfall,"1771966830,56.31528,0.00,4.09,87.64"
,,,,
,,,,
e00fce681282837e5d0586e0,2/24/2026 17:00:34,,rainfall,"1771970430,59.67361,0.00,4.09,87.64"
e00fce681282837e5d0586e0,2/24/2026 18:00:37,,rainfall,"1771974030,62.66945,0.00,4.09,87.64"
,,,,
,,,,
e00fce681282837e5d0586e0,2/24/2026 19:00:34,,rainfall,"1771977630,62.00000,0.00,4.09,87.64"
,,,,
e00fce681282837e5d0586e0,2/24/2026 20:00:34,,rainfall,"1771981229,64.14445,0.00,4.09,87.64"
e00fce681282837e5d0586e0,2/24/2026 21:00:34,,rainfall,"1771984830,63.89167,0.00,4.09,87.64"
,,,,
e00fce681282837e5d0586e0,2/24/2026 22:00:34,,rainfall,"1771988429,68.13055,0.00,4.09,87.64"
,,,,
e00fce681282837e5d0586e0,2/24/2026 23:00:34,,rainfall,"1771992030,67.97083,0.00,4.09,87.64"
,,,,
,,,,
e00fce681282837e5d0586e0,2/25/2026 0:00:34,,rainfall,"1771995629,68.41805,0.00,4.09,87.64"
,,,,
e00fce681282837e5d0586e0,2/25/2026 1:00:35,,rainfall,"1771999230,67.29444,0.00,4.09,87.64"
,,,,
e00fce681282837e5d0586e0,2/25/2026 2:00:37,,rainfall,"1772002829,64.20139,0.00,4.09,87.64"
e00fce681282837e5d0586e0,2/25/2026 3:00:39,,rainfall,"1772006429,64.40278,0.00,4.09,87.64"
,,,,
,,,,
e00fce681282837e5d0586e0,2/25/2026 4:00:39,,rainfall,"1772010030,63.23056,0.00,4.09,87.64"
e00fce681282837e5d0586e0,2/25/2026 5:00:39,,rainfall,"1772013630,66.06944,0.00,4.09,87.64"
,,,,
e00fce681282837e5d0586e0,2/25/2026 6:00:35,,rainfall,"1772017230,65.35139,0.00,4.09,87.64"
,,,,
,,,,
e00fce681282837e5d0586e0,2/25/2026 7:00:35,,rainfall,"1772020830,66.20139,0.00,4.09,87.64"
,,,,
e00fce681282837e5d0586e0,2/25/2026 8:00:38,,rainfall,"1772024430,64.90972,0.00,4.09,87.64"
e00fce681282837e5d0586e0,2/25/2026 9:00:35,,rainfall,"1772028030,60.40972,0.00,4.09,87.64"
,,,,
,,,,
e00fce681282837e5d0586e0,2/25/2026 10:00:40,,rainfall,"1772031629,55.89861,0.00,4.09,87.64"
,,,,
e00fce681282837e5d0586e0,2/25/2026 11:00:36,,rainfall,"1772035230,53.50555,0.00,4.09,87.64"
,,,,
e00fce681282837e5d0586e0,2/25/2026 12:00:39,,rainfall,"1772038830,52.58055,0.00,4.09,87.64"
e00fce681282837e5d0586e0,2/25/2026 13:00:36,,rainfall,"1772042430,52.02500,0.00,4.09,87.64"
,,,,
e00fce681282837e5d0586e0,2/25/2026 14:00:40,,rainfall,"1772046029,51.35417,0.00,4.09,87.64"
,,,,
,,,,
e00fce681282837e5d0586e0,2/25/2026 15:00:36,,rainfall,"1772049630,51.12500,0.00,4.09,87.64"
,,,,
e00fce681282837e5d0586e0,2/25/2026 16:00:36,,rainfall,"1772053230,52.09583,0.00,4.09,87.64"
e00fce681282837e5d0586e0,2/25/2026 17:00:35,,rainfall,"1772056829,54.18889,0.00,4.09,87.64"
,,,,
,,,,
e00fce681282837e5d0586e0,2/25/2026 18:00:38,,rainfall,"1772060430,55.10695,0.00,4.09,87.64"
,,,,
e00fce681282837e5d0586e0,2/25/2026 19:00:41,,rainfall,"1772064030,52.73889,0.00,4.09,87.64"
e00fce681282837e5d0586e0,2/25/2026 20:00:36,,rainfall,"1772067630,51.47222,0.00,4.09,87.64"
,,,,
e00fce681282837e5d0586e0,2/25/2026 21:00:39,,rainfall,"1772071230,50.54445,0.00,4.09,87.64"
,,,,
e00fce681282837e5d0586e0,2/25/2026 22:00:36,,rainfall,"1772074830,50.30972,0.00,4.09,87.49"
,,,,
e00fce681282837e5d0586e0,2/25/2026 23:00:36,,rainfall,"1772078429,53.55278,0.00,4.09,87.49"
,,,,
e00fce681282837e5d0586e0,2/26/2026 0:00:36,,rainfall,"1772082029,52.64028,0.00,4.09,87.49"
,,,,
,,,,
e00fce681282837e5d0586e0,2/26/2026 1:00:40,,rainfall,"1772085629,52.45555,0.00,4.09,87.49"
,,,,
e00fce681282837e5d0586e0,2/26/2026 2:00:38,,rainfall,"1772089229,52.28056,0.00,4.09,87.49"
e00fce681282837e5d0586e0,2/26/2026 3:00:36,,rainfall,"1772092829,52.17916,0.00,4.09,87.49"
,,,,
e00fce681282837e5d0586e0,2/26/2026 4:00:36,,rainfall,"1772096429,52.21111,0.00,4.09,87.49"
,,,,
e00fce681282837e5d0586e0,2/26/2026 5:00:36,,rainfall,"1772100029,51.42083,0.00,4.09,87.49"
,,,,
,,,,
e00fce681282837e5d0586e0,2/26/2026 6:00:39,,rainfall,"1772103630,51.27639,0.00,4.09,87.49"
,,,,
e00fce681282837e5d0586e0,2/26/2026 7:00:41,,rainfall,"1772107230,51.72083,0.00,4.09,87.49"
,,,,
e00fce681282837e5d0586e0,2/26/2026 8:00:41,,rainfall,"1772110829,50.85695,0.00,4.09,87.49"
,,,,
e00fce681282837e5d0586e0,2/26/2026 9:00:37,,rainfall,"1772114430,49.52917,0.00,4.09,87.49"
,,,,
e00fce681282837e5d0586e0,2/26/2026 10:00:36,,rainfall,"1772118029,49.13055,0.00,4.09,87.49"
,,,,
e00fce681282837e5d0586e0,2/26/2026 11:00:37,,rainfall,"1772121630,53.44584,0.00,4.09,87.49"
,,,,
e00fce681282837e5d0586e0,2/26/2026 12:00:36,,rainfall,"1772125229,53.51528,0.00,4.09,87.49"
,,,,
e00fce681282837e5d0586e0,2/26/2026 13:00:39,,rainfall,"1772128829,54.68472,0.00,4.09,87.49"
,,,,
e00fce681282837e5d0586e0,2/26/2026 14:00:42,,rainfall,"1772132430,56.62500,0.00,4.09,87.49"
,,,,
e00fce681282837e5d0586e0,2/26/2026 15:00:45,,rainfall,"1772136029,57.00278,0.00,4.09,87.49"
e00fce681282837e5d0586e0,2/26/2026 16:00:32,,rainfall,"1772139629,59.43889,0.00,4.09,87.49"
,,,,
e00fce681282837e5d0586e0,2/26/2026 17:00:31,,rainfall,"1772143229,58.99583,0.00,4.09,87.49"
,,,,
e00fce681282837e5d0586e0,2/26/2026 18:00:32,,rainfall,"1772146829,57.93750,0.28,4.09,87.49"
,,,,
e00fce681282837e5d0586e0,2/26/2026 19:00:33,,rainfall,"1772150431,62.02083,2.79,4.09,87.49"
,,,,
e00fce681282837e5d0586e0,2/26/2026 20:00:32,,rainfall,"1772154030,67.72916,0.56,4.09,87.49"
,,,,
,,,,
e00fce681282837e5d0586e0,2/26/2026 21:00:34,,rainfall,"1772157630,72.68333,0.00,4.09,87.49"
,,,,
e00fce681282837e5d0586e0,2/26/2026 22:00:36,,rainfall,"1772161230,77.75139,0.00,4.09,87.49"
,,,,
e00fce681282837e5d0586e0,2/26/2026 23:00:36,,rainfall,"1772164830,80.07222,0.00,4.09,87.49"
e00fce681282837e5d0586e0,2/27/2026 0:00:34,,rainfall,"1772168430,81.61389,0.00,4.09,87.49"
,,,,
e00fce681282837e5d0586e0,2/27/2026 1:00:32,,rainfall,"1772172030,83.96111,0.28,4.09,87.49"
,,,,
e00fce681282837e5d0586e0,2/27/2026 2:00:33,,rainfall,"1772175630,85.76667,0.28,4.09,87.49"
,,,,
e00fce681282837e5d0586e0,2/27/2026 3:00:31,,rainfall,"1772179229,87.04028,0.00,4.09,87.49"
,,,,
e00fce681282837e5d0586e0,2/27/2026 4:00:32,,rainfall,"1772182829,88.58056,0.28,4.09,87.49"
,,,,
e00fce681282837e5d0586e0,2/27/2026 5:00:32,,rainfall,"1772186430,87.69861,0.00,4.09,87.49"
,,,,
e00fce681282837e5d0586e0,2/27/2026 6:00:32,,rainfall,"1772190029,86.59444,0.00,4.09,87.49"
,,,,
,,,,
e00fce681282837e5d0586e0,2/27/2026 7:00:36,,rainfall,"1772193629,88.53056,0.00,4.09,87.49"
e00fce681282837e5d0586e0,2/27/2026 8:00:32,,rainfall,"1772197230,86.87222,0.28,4.09,87.49"
,,,,
e00fce681282837e5d0586e0,2/27/2026 9:00:32,,rainfall,"1772200829,85.05972,1.40,4.09,87.49"
,,,,
e00fce681282837e5d0586e0,2/27/2026 10:00:32,,rainfall,"1772204429,85.59583,0.00,4.09,87.49"
,,,,
e00fce681282837e5d0586e0,2/27/2026 11:00:32,,rainfall,"1772208030,85.61111,0.00,4.09,87.49"
,,,,
,,,,
e00fce681282837e5d0586e0,2/27/2026 12:00:33,,rainfall,"1772211630,85.95834,0.00,4.09,87.35"
,,,,
e00fce681282837e5d0586e0,2/27/2026 13:00:33,,rainfall,"1772215230,88.17083,0.28,4.09,87.35"
,,,,
e00fce681282837e5d0586e0,2/27/2026 14:00:35,,rainfall,"1772218830,91.09028,0.00,4.09,87.35"
e00fce681282837e5d0586e0,2/27/2026 15:00:35,,rainfall,"1772222430,92.05556,0.00,4.09,87.35"
,,,,
,,,,
e00fce681282837e5d0586e0,2/27/2026 16:00:32,,rainfall,"1772226028,90.60833,0.00,4.09,87.35"
,,,,
e00fce681282837e5d0586e0,2/27/2026 17:00:40,,rainfall,"1772229630,94.65417,0.00,4.09,87.35"
,,,,
e00fce681282837e5d0586e0,2/27/2026 18:00:35,,rainfall,"1772233229,96.15417,0.00,4.09,87.35"
,,,,
e00fce681282837e5d0586e0,2/27/2026 19:00:38,,rainfall,"1772236829,91.36806,0.00,4.09,87.35"
e00fce681282837e5d0586e0,2/27/2026 20:00:33,,rainfall,"1772240429,94.50972,0.00,4.09,87.35"
,,,,
,,,,
e00fce681282837e5d0586e0,2/27/2026 21:00:35,,rainfall,"1772244029,90.42500,0.00,4.09,87.35"
,,,,
e00fce681282837e5d0586e0,2/27/2026 22:00:32,,rainfall,"1772247629,91.83195,0.00,4.09,87.35"
,,,,
e00fce681282837e5d0586e0,2/27/2026 23:00:33,,rainfall,"1772251229,93.80000,0.00,4.09,87.35"
,,,,
e00fce681282837e5d0586e0,2/28/2026 0:00:33,,rainfall,"1772254829,89.66389,0.00,4.09,87.35"
,,,,
e00fce681282837e5d0586e0,2/28/2026 1:00:35,,rainfall,"1772258429,88.99722,0.00,4.09,87.35"
,,,,
e00fce681282837e5d0586e0,2/28/2026 2:00:36,,rainfall,"1772262029,93.71389,0.00,4.09,87.35"
e00fce681282837e5d0586e0,2/28/2026 3:00:33,,rainfall,"1772265629,91.19861,0.00,4.09,87.35"
,,,,
,,,,
e00fce681282837e5d0586e0,2/28/2026 4:00:34,,rainfall,"1772269229,91.45277,0.00,4.09,87.35"
e00fce681282837e5d0586e0,2/28/2026 5:00:34,,rainfall,"1772272829,91.10694,0.00,4.09,87.35"
,,,,
,,,,
e00fce681282837e5d0586e0,2/28/2026 6:00:37,,rainfall,"1772276430,92.33195,0.00,4.09,87.35"
,,,,
e00fce681282837e5d0586e0,2/28/2026 7:00:39,,rainfall,"1772280030,90.97639,0.00,4.09,87.35"
e00fce681282837e5d0586e0,2/28/2026 8:00:33,,rainfall,"1772283629,88.33750,0.00,4.09,87.35"
,,,,
e00fce681282837e5d0586e0,2/28/2026 9:00:34,,rainfall,"1772287229,81.82083,0.00,4.09,87.35"
,,,,
,,,,
e00fce681282837e5d0586e0,2/28/2026 10:00:34,,rainfall,"1772290830,75.03889,0.00,4.09,87.35"
,,,,
e00fce681282837e5d0586e0,2/28/2026 11:00:39,,rainfall,"1772294429,66.75833,0.00,4.09,87.35"
,,,,
e00fce681282837e5d0586e0,2/28/2026 12:00:35,,rainfall,"1772298028,65.55556,0.00,4.09,87.35"
,,,,
e00fce681282837e5d0586e0,2/28/2026 13:00:35,,rainfall,"1772301629,67.53611,0.00,4.09,87.35"
,,,,
e00fce681282837e5d0586e0,2/28/2026 14:00:36,,rainfall,"1772305230,67.08056,0.00,4.09,87.35"
,,,,
e00fce681282837e5d0586e0,2/28/2026 15:00:34,,rainfall,"1772308829,71.36667,0.00,4.09,87.35"
,,,,
e00fce681282837e5d0586e0,2/28/2026 16:00:36,,rainfall,"1772312429,67.20277,0.00,4.09,87.35"
,,,,
e00fce681282837e5d0586e0,2/28/2026 17:00:34,,rainfall,"1772316029,61.46667,0.00,4.09,87.35"
,,,,
e00fce681282837e5d0586e0,2/28/2026 18:00:38,,rainfall,"1772319630,63.05139,0.00,4.09,87.35"
e00fce681282837e5d0586e0,2/28/2026 19:00:35,,rainfall,"1772323229,69.61250,0.00,4.09,87.35"
,,,,
,,,,
e00fce681282837e5d0586e0,2/28/2026 20:00:38,,rainfall,"1772326830,73.89445,0.00,4.09,87.35"
,,,,
e00fce681282837e5d0586e0,2/28/2026 21:00:35,,rainfall,"1772330430,78.58889,0.00,4.09,87.35"
,,,,
e00fce681282837e5d0586e0,2/28/2026 22:00:37,,rainfall,"1772334028,83.80833,0.00,4.09,87.35"
,,,,
e00fce681282837e5d0586e0,2/28/2026 23:00:35,,rainfall,"1772337630,85.03194,0.00,4.09,87.35"
,,,,
e00fce681282837e5d0586e0,3/1/2026 0:00:38,,rainfall,"1772341229,83.25694,0.00,4.09,87.35"
e00fce681282837e5d0586e0,3/1/2026 1:00:36,,rainfall,"1772344829,84.39027,0.00,4.09,87.35"
,,,,
e00fce681282837e5d0586e0,3/1/2026 2:00:35,,rainfall,"1772348430,82.53056,0.00,4.09,87.35"
,,,,
,,,,
e00fce681282837e5d0586e0,3/1/2026 3:00:38,,rainfall,"1772352029,82.39167,0.00,4.09,87.35"
,,,,
e00fce681282837e5d0586e0,3/1/2026 4:00:38,,rainfall,"1772355630,81.82222,0.00,4.09,87.35"
,,,,
e00fce681282837e5d0586e0,3/1/2026 5:00:36,,rainfall,"1772359230,81.83334,0.00,4.09,87.35"
,,,,
e00fce681282837e5d0586e0,3/1/2026 6:00:39,,rainfall,"1772362828,82.50139,0.00,4.09,87.35"
,,,,
e00fce681282837e5d0586e0,3/1/2026 7:00:36,,rainfall,"1772366430,82.78472,0.00,4.09,87.35"
,,,,
e00fce681282837e5d0586e0,3/1/2026 8:00:35,,rainfall,"1772370029,94.19722,0.00,4.09,87.35"
,,,,
e00fce681282837e5d0586e0,3/1/2026 9:00:35,,rainfall,"1772373629,70.16389,0.00,4.09,87.35"
,,,,
e00fce681282837e5d0586e0,3/1/2026 10:00:36,,rainfall,"1772377230,66.48889,0.00,4.08,87.35"
,,,,
e00fce681282837e5d0586e0,3/1/2026 11:00:37,,rainfall,"1772380829,68.32917,0.00,4.08,87.35"
,,,,
e00fce681282837e5d0586e0,3/1/2026 12:00:36,,rainfall,"1772384430,69.07222,0.00,4.08,87.35"
e00fce681282837e5d0586e0,3/1/2026 13:00:36,,rainfall,"1772388029,76.22500,0.00,4.08,87.35"
,,,,
e00fce681282837e5d0586e0,3/1/2026 14:00:39,,rainfall,"1772391629,74.58195,0.00,4.08,87.35"
,,,,
,,,,
,,,,
e00fce681282837e5d0586e0,3/1/2026 16:01:48,,rainfall,"1772398814,72.88750,0.00,4.08,87.21"
,,,,
e00fce681282837e5d0586e0,3/1/2026 17:00:34,,rainfall,"1772402429,67.58611,0.00,4.08,87.21"
e00fce681282837e5d0586e0,3/1/2026 18:00:32,,rainfall,"1772406029,67.52084,0.00,4.08,87.21"
,,,,
e00fce681282837e5d0586e0,3/1/2026 19:00:32,,rainfall,"1772409628,72.24722,0.00,4.08,87.21"
,,,,
e00fce681282837e5d0586e0,3/1/2026 20:00:36,,rainfall,"1772413231,76.03194,0.00,4.08,87.21"
,,,,
e00fce681282837e5d0586e0,3/1/2026 21:00:32,,rainfall,"1772416830,78.44722,0.00,4.08,87.21"
,,,,
e00fce681282837e5d0586e0,3/1/2026 22:00:31,,rainfall,"1772420429,79.47222,0.00,4.08,87.21"
,,,,
e00fce681282837e5d0586e0,3/1/2026 23:00:34,,rainfall,"1772424030,80.39861,0.00,4.08,87.21"
,,,,
e00fce681282837e5d0586e0,3/2/2026 0:00:33,,rainfall,"1772427629,79.97222,0.00,4.08,87.21"
,,,,
e00fce681282837e5d0586e0,3/2/2026 1:00:34,,rainfall,"1772431231,86.42500,0.00,4.08,87.21"
,,,,
e00fce681282837e5d0586e0,3/2/2026 2:00:32,,rainfall,"1772434829,83.80695,0.00,4.08,87.21"
,,,,
e00fce681282837e5d0586e0,3/2/2026 3:00:32,,rainfall,"1772438429,89.18472,0.00,4.08,87.21"
,,,,
,,,,
e00fce681282837e5d0586e0,3/2/2026 4:00:34,,rainfall,"1772442030,87.31389,0.00,4.08,87.21"
e00fce681282837e5d0586e0,3/2/2026 5:00:35,,rainfall,"1772445629,86.87639,0.00,4.08,87.21"
,,,,
e00fce681282837e5d0586e0,3/2/2026 6:00:33,,rainfall,"1772449229,87.40694,0.00,4.08,87.21"
,,,,
,,,,
e00fce681282837e5d0586e0,3/2/2026 7:00:37,,rainfall,"1772452830,88.14584,0.00,4.08,87.21"
e00fce681282837e5d0586e0,3/2/2026 8:00:33,,rainfall,"1772456430,87.24583,0.00,4.08,87.21"
,,,,
,,,,
e00fce681282837e5d0586e0,3/2/2026 9:00:38,,rainfall,"1772460029,85.74028,0.00,4.08,87.21"
e00fce681282837e5d0586e0,3/2/2026 10:00:33,,rainfall,"1772463630,79.44722,0.00,4.08,87.21"
,,,,
e00fce681282837e5d0586e0,3/2/2026 11:00:34,,rainfall,"1772467229,78.94722,0.00,4.08,87.21"
,,,,
,,,,
e00fce681282837e5d0586e0,3/2/2026 12:00:39,,rainfall,"1772470831,74.67778,0.00,4.08,87.21"
e00fce681282837e5d0586e0,3/2/2026 13:00:33,,rainfall,"1772474429,69.57361,0.00,4.08,87.21"
,,,,
,,,,
e00fce681282837e5d0586e0,3/2/2026 14:00:37,,rainfall,"1772478030,66.49722,0.00,4.08,87.21"
,,,,
e00fce681282837e5d0586e0,3/2/2026 15:00:34,,rainfall,"1772481629,65.28056,0.00,4.08,87.21"
,,,,
e00fce681282837e5d0586e0,3/2/2026 16:00:38,,rainfall,"1772485229,68.13055,0.00,4.08,87.21"
e00fce681282837e5d0586e0,3/2/2026 17:00:34,,rainfall,"1772488830,74.63055,0.00,4.08,87.21"
,,,,
,,,,
e00fce681282837e5d0586e0,3/2/2026 18:00:35,,rainfall,"1772492429,78.86667,0.00,4.08,87.21"
,,,,
e00fce681282837e5d0586e0,3/2/2026 19:00:34,,rainfall,"1772496029,82.81250,0.00,4.08,87.21"
e00fce681282837e5d0586e0,3/2/2026 20:00:33,,rainfall,"1772499629,85.53611,0.00,4.08,87.21"
,,,,
,,,,
e00fce681282837e5d0586e0,3/2/2026 21:00:38,,rainfall,"1772503230,85.60139,0.00,4.08,87.21"
e00fce681282837e5d0586e0,3/2/2026 22:00:36,,rainfall,"1772506830,86.44167,0.00,4.08,87.21"
,,,,
e00fce681282837e5d0586e0,3/2/2026 23:00:33,,rainfall,"1772510429,85.45417,0.00,4.08,87.21"
,,,,
,,,,
e00fce681282837e5d0586e0,3/3/2026 0:00:33,,rainfall,"1772514028,85.10416,0.00,4.08,87.21"
,,,,
e00fce681282837e5d0586e0,3/3/2026 1:00:35,,rainfall,"1772517630,86.69028,0.00,4.08,87.21"
,,,,
e00fce681282837e5d0586e0,3/3/2026 2:00:35,,rainfall,"1772521229,85.66528,0.00,4.08,87.21"
,,,,
e00fce681282837e5d0586e0,3/3/2026 3:00:34,,rainfall,"1772524829,85.63472,0.00,4.08,87.21"
e00fce681282837e5d0586e0,3/3/2026 4:00:34,,rainfall,"1772528429,85.56667,0.00,4.08,87.21"
,,,,
,,,,
e00fce681282837e5d0586e0,3/3/2026 5:00:35,,rainfall,"1772532029,86.74167,0.00,4.08,87.21"
,,,,
e00fce681282837e5d0586e0,3/3/2026 6:00:34,,rainfall,"1772535628,86.37639,0.00,4.08,87.06"
e00fce681282837e5d0586e0,3/3/2026 7:00:35,,rainfall,"1772539230,87.30833,0.00,4.08,87.06"
,,,,
,,,,
e00fce681282837e5d0586e0,3/3/2026 8:00:39,,rainfall,"1772542829,85.55972,0.00,4.08,87.06"
,,,,
e00fce681282837e5d0586e0,3/3/2026 9:00:37,,rainfall,"1772546429,76.78333,0.00,4.08,87.06"
e00fce681282837e5d0586e0,3/3/2026 10:00:34,,rainfall,"1772550029,72.20695,0.00,4.08,87.06"
,,,,
,,,,
e00fce681282837e5d0586e0,3/3/2026 11:00:35,,rainfall,"1772553629,67.50000,0.00,4.08,87.06"
,,,,
e00fce681282837e5d0586e0,3/3/2026 12:00:38,,rainfall,"1772557229,65.95556,0.00,4.08,87.06"
,,,,
e00fce681282837e5d0586e0,3/3/2026 13:00:40,,rainfall,"1772560829,65.93750,0.00,4.08,87.06"
,,,,
e00fce681282837e5d0586e0,3/3/2026 14:00:38,,rainfall,"1772564429,66.56389,0.00,4.08,87.06"
,,,,
e00fce681282837e5d0586e0,3/3/2026 15:00:39,,rainfall,"1772568029,66.27222,0.00,4.08,87.06"
,,,,
e00fce681282837e5d0586e0,3/3/2026 16:00:35,,rainfall,"1772571629,64.73055,0.00,4.08,87.06"
,,,,
e00fce681282837e5d0586e0,3/3/2026 17:00:36,,rainfall,"1772575230,63.99722,0.00,4.08,87.06"
,,,,
e00fce681282837e5d0586e0,3/3/2026 18:00:40,,rainfall,"1772578829,64.90694,0.00,4.08,87.06"
,,,,
e00fce681282837e5d0586e0,3/3/2026 19:00:37,,rainfall,"1772582429,69.49445,0.00,4.08,87.06"
e00fce681282837e5d0586e0,3/3/2026 20:00:38,,rainfall,"1772586030,73.39167,0.00,4.08,87.06"
,,,,
e00fce681282837e5d0586e0,3/3/2026 21:00:35,,rainfall,"1772589629,75.99861,0.00,4.08,87.06"
,,,,
e00fce681282837e5d0586e0,3/3/2026 22:00:35,,rainfall,"1772593228,76.32639,0.00,4.08,87.06"
,,,,
e00fce681282837e5d0586e0,3/3/2026 23:00:37,,rainfall,"1772596830,76.99167,0.00,4.08,87.06"
,,,,
,,,,
e00fce681282837e5d0586e0,3/4/2026 0:00:39,,rainfall,"1772600429,77.48611,0.00,4.08,87.06"
e00fce681282837e5d0586e0,3/4/2026 1:00:36,,rainfall,"1772604029,77.54861,0.00,4.08,87.06"
,,,,
e00fce681282837e5d0586e0,3/4/2026 2:00:36,,rainfall,"1772607629,78.23473,0.00,4.08,87.06"
,,,,
e00fce681282837e5d0586e0,3/4/2026 3:00:41,,rainfall,"1772611229,78.83750,0.00,4.08,87.06"
,,,,
,,,,
e00fce681282837e5d0586e0,3/4/2026 4:00:36,,rainfall,"1772614829,78.47222,0.00,4.08,87.06"
e00fce681282837e5d0586e0,3/4/2026 5:00:39,,rainfall,"1772618430,78.87222,0.00,4.08,87.06"
,,,,
,,,,
e00fce681282837e5d0586e0,3/4/2026 6:00:39,,rainfall,"1772622029,78.65000,0.00,4.08,87.06"
,,,,
e00fce681282837e5d0586e0,3/4/2026 7:00:37,,rainfall,"1772625630,79.79166,0.00,4.08,87.06"
,,,,
e00fce681282837e5d0586e0,3/4/2026 8:00:40,,rainfall,"1772629229,81.53472,0.00,4.08,87.06"
,,,,
e00fce681282837e5d0586e0,3/4/2026 9:00:38,,rainfall,"1772632830,69.76667,0.00,4.08,87.06"
,,,,
e00fce681282837e5d0586e0,3/4/2026 10:00:39,,rainfall,"1772636429,67.76527,0.00,4.08,87.06"
,,,,
e00fce681282837e5d0586e0,3/4/2026 11:00:36,,rainfall,"1772640029,73.57222,0.00,4.08,87.06"
,,,,
e00fce681282837e5d0586e0,3/4/2026 12:00:36,,rainfall,"1772643629,79.39584,0.00,4.08,87.06"
e00fce681282837e5d0586e0,3/4/2026 13:00:40,,rainfall,"1772647229,72.86528,0.00,4.08,87.06"
e00fce681282837e5d0586e0,3/4/2026 14:00:41,,rainfall,"1772650829,73.14722,0.00,4.08,87.06"
e00fce681282837e5d0586e0,3/4/2026 15:00:36,,rainfall,"1772654429,74.07777,0.00,4.08,87.06"
e00fce681282837e5d0586e0,3/4/2026 16:00:47,,rainfall,"1772658029,76.90278,0.00,4.08,87.06"
e00fce681282837e5d0586e0,3/4/2026 17:00:31,,rainfall,"1772661630,70.42083,0.00,4.08,87.06"
e00fce681282837e5d0586e0,3/4/2026 18:00:31,,rainfall,"1772665229,71.27361,0.00,4.08,87.06"
e00fce681282837e5d0586e0,3/4/2026 19:00:33,,rainfall,"1772668830,73.16805,0.00,4.08,87.06"
e00fce681282837e5d0586e0,3/4/2026 20:00:34,,rainfall,"1772672429,76.14861,0.00,4.08,87.06"
e00fce681282837e5d0586e0,3/4/2026 21:00:36,,rainfall,"1772676029,78.14027,0.00,4.08,87.06"
e00fce681282837e5d0586e0,3/4/2026 22:00:36,,rainfall,"1772679629,77.90278,0.00,4.08,87.06"
e00fce681282837e5d0586e0,3/4/2026 23:00:41,,rainfall,"1772683229,77.58750,0.00,4.08,87.06"
e00fce681282837e5d0586e0,3/5/2026 0:00:31,,rainfall,"1772686829,78.31944,0.00,4.08,87.06"
e00fce681282837e5d0586e0,3/5/2026 1:00:35,,rainfall,"1772690429,78.36945,0.00,4.08,87.06"
e00fce681282837e5d0586e0,3/5/2026 2:00:38,,rainfall,"1772694030,77.85278,0.00,4.08,87.06"
e00fce681282837e5d0586e0,3/5/2026 3:00:32,,rainfall,"1772697630,77.55000,0.00,4.08,87.06"
e00fce681282837e5d0586e0,3/5/2026 4:00:31,,rainfall,"1772701228,77.75000,0.00,4.08,87.06"
e00fce681282837e5d0586e0,3/5/2026 5:00:33,,rainfall,"1772704830,77.00417,0.00,4.08,87.06"
e00fce681282837e5d0586e0,3/5/2026 6:00:32,,rainfall,"1772708429,77.29861,0.00,4.08,87.06"
e00fce681282837e5d0586e0,3/5/2026 7:00:33,,rainfall,"1772712030,77.12083,0.00,4.08,87.06"
e00fce681282837e5d0586e0,3/5/2026 8:00:37,,rainfall,"1772715629,89.21944,0.00,4.08,87.06"
e00fce681282837e5d0586e0,3/5/2026 9:00:35,,rainfall,"1772719229,74.17639,0.00,4.08,87.06"
e00fce681282837e5d0586e0,3/5/2026 10:00:38,,rainfall,"1772722830,74.64722,0.00,4.08,87.06"
e00fce681282837e5d0586e0,3/5/2026 11:00:37,,rainfall,"1772726428,75.95139,0.00,4.08,86.92"
e00fce681282837e5d0586e0,3/5/2026 12:00:35,,rainfall,"1772730029,87.71111,0.00,4.08,86.92"
e00fce681282837e5d0586e0,3/5/2026 13:00:40,,rainfall,"1772733631,80.99028,0.00,4.08,86.92"
e00fce681282837e5d0586e0,3/5/2026 14:00:33,,rainfall,"1772737230,82.49722,0.00,4.08,86.92"
e00fce681282837e5d0586e0,3/5/2026 15:00:36,,rainfall,"1772740829,84.22778,0.00,4.08,86.92"
e00fce681282837e5d0586e0,3/5/2026 16:00:34,,rainfall,"1772744430,80.02361,0.00,4.08,86.92"
e00fce681282837e5d0586e0,3/5/2026 17:00:36,,rainfall,"1772748030,69.78333,0.00,4.08,86.92"
e00fce681282837e5d0586e0,3/5/2026 18:00:33,,rainfall,"1772751629,65.18333,0.00,4.08,86.92"
e00fce681282837e5d0586e0,3/5/2026 19:00:35,,rainfall,"1772755231,63.56528,0.00,4.08,86.92"
e00fce681282837e5d0586e0,3/5/2026 20:00:34,,rainfall,"1772758830,64.05833,0.00,4.08,86.92"
e00fce681282837e5d0586e0,3/5/2026 21:00:36,,rainfall,"1772762430,63.60972,0.00,4.08,86.92"
e00fce681282837e5d0586e0,3/5/2026 22:00:39,,rainfall,"1772766030,63.61945,0.00,4.08,86.92"
e00fce681282837e5d0586e0,3/5/2026 23:00:33,,rainfall,"1772769629,64.45556,0.00,4.08,86.92"
e00fce681282837e5d0586e0,3/6/2026 0:00:35,,rainfall,"1772773230,65.32083,0.00,4.08,86.92"
e00fce681282837e5d0586e0,3/6/2026 1:00:33,,rainfall,"1772776829,65.13611,0.00,4.08,86.92"
e00fce681282837e5d0586e0,3/6/2026 2:00:37,,rainfall,"1772780429,65.92223,0.00,4.08,86.92"
e00fce681282837e5d0586e0,3/6/2026 3:00:34,,rainfall,"1772784029,66.40556,0.00,4.08,86.92"
e00fce681282837e5d0586e0,3/6/2026 4:00:34,,rainfall,"1772787630,65.39861,0.00,4.08,86.92"
e00fce681282837e5d0586e0,3/6/2026 5:00:36,,rainfall,"1772791229,66.52084,0.00,4.08,86.92"
e00fce681282837e5d0586e0,3/6/2026 6:00:35,,rainfall,"1772794829,68.74445,0.00,4.08,86.92"
e00fce681282837e5d0586e0,3/6/2026 7:00:33,,rainfall,"1772798428,69.83334,0.00,4.08,86.92"
e00fce681282837e5d0586e0,3/6/2026 8:00:34,,rainfall,"1772802029,68.61528,0.00,4.08,86.92"
e00fce681282837e5d0586e0,3/6/2026 9:00:35,,rainfall,"1772805630,69.27778,0.00,4.08,86.92"
e00fce681282837e5d0586e0,3/6/2026 10:00:38,,rainfall,"1772809230,68.16805,0.00,4.08,86.92"
e00fce681282837e5d0586e0,3/6/2026 11:00:36,,rainfall,"1772812829,71.65694,0.00,4.08,86.92"
e00fce681282837e5d0586e0,3/6/2026 12:00:40,,rainfall,"1772816430,71.35278,0.00,4.08,86.92"
e00fce681282837e5d0586e0,3/6/2026 13:00:34,,rainfall,"1772820029,76.75833,0.00,4.08,86.92"
e00fce681282837e5d0586e0,3/6/2026 14:00:36,,rainfall,"1772823629,79.16111,0.00,4.08,86.92"
e00fce681282837e5d0586e0,3/6/2026 15:00:34,,rainfall,"1772827229,77.64861,0.00,4.08,86.92"
e00fce681282837e5d0586e0,3/6/2026 16:00:35,,rainfall,"1772830829,71.65972,0.00,4.08,86.92"
e00fce681282837e5d0586e0,3/6/2026 17:00:39,,rainfall,"1772834431,65.45556,0.00,4.08,86.92"
e00fce681282837e5d0586e0,3/6/2026 18:00:36,,rainfall,"1772838030,59.56667,0.00,4.08,86.92"
e00fce681282837e5d0586e0,3/6/2026 19:00:38,,rainfall,"1772841630,59.98611,0.00,4.08,86.92"
e00fce681282837e5d0586e0,3/6/2026 20:00:37,,rainfall,"1772845230,60.10139,0.00,4.08,86.92"
e00fce681282837e5d0586e0,3/6/2026 21:00:35,,rainfall,"1772848829,59.69861,0.00,4.08,86.92"
e00fce681282837e5d0586e0,3/6/2026 22:00:36,,rainfall,"1772852430,60.09306,0.00,4.08,86.78"
e00fce681282837e5d0586e0,3/6/2026 23:00:36,,rainfall,"1772856030,59.68056,0.00,4.08,86.78"
e00fce681282837e5d0586e0,3/7/2026 0:00:37,,rainfall,"1772859631,59.82084,0.00,4.08,86.78"
e00fce681282837e5d0586e0,3/7/2026 1:00:36,,rainfall,"1772863229,59.67361,0.00,4.08,86.78"
e00fce681282837e5d0586e0,3/7/2026 2:00:39,,rainfall,"1772866830,60.04028,0.00,4.08,86.78"
e00fce681282837e5d0586e0,3/7/2026 3:00:38,,rainfall,"1772870429,60.36945,0.00,4.08,86.78"
e00fce681282837e5d0586e0,3/7/2026 4:00:36,,rainfall,"1772874030,60.58611,0.00,4.08,86.78"
e00fce681282837e5d0586e0,3/7/2026 5:00:40,,rainfall,"1772877630,60.73195,0.00,4.08,86.78"
e00fce681282837e5d0586e0,3/7/2026 6:00:38,,rainfall,"1772881229,60.77639,0.00,4.08,86.78"
e00fce681282837e5d0586e0,3/7/2026 7:00:39,,rainfall,"1772884829,60.63194,0.00,4.08,86.78"
e00fce681282837e5d0586e0,3/7/2026 8:00:36,,rainfall,"1772888430,58.67222,0.00,4.08,86.78"
e00fce681282837e5d0586e0,3/7/2026 9:00:37,,rainfall,"1772892029,60.43195,0.00,4.08,86.78"
e00fce681282837e5d0586e0,3/7/2026 10:00:36,,rainfall,"1772895629,62.62917,0.00,4.08,86.78"
e00fce681282837e5d0586e0,3/7/2026 11:00:39,,rainfall,"1772899230,66.16805,0.00,4.08,86.78"
e00fce681282837e5d0586e0,3/7/2026 12:00:37,,rainfall,"1772902830,62.64444,0.00,4.08,86.78"
e00fce681282837e5d0586e0,3/7/2026 13:00:37,,rainfall,"1772906430,60.98195,0.00,4.08,86.78"
e00fce681282837e5d0586e0,3/7/2026 14:00:37,,rainfall,"1772910029,58.20694,0.00,4.08,86.78"
e00fce681282837e5d0586e0,3/7/2026 15:00:36,,rainfall,"1772913629,59.59722,0.00,4.08,86.78"
e00fce681282837e5d0586e0,3/7/2026 16:00:44,,rainfall,"1772917229,57.16250,0.00,4.08,86.78"
e00fce681282837e5d0586e0,3/7/2026 17:00:31,,rainfall,"1772920829,55.27917,0.00,4.08,86.78"
e00fce681282837e5d0586e0,3/7/2026 18:00:35,,rainfall,"1772924429,56.26944,0.00,4.08,86.78"
e00fce681282837e5d0586e0,3/7/2026 19:00:33,,rainfall,"1772928030,58.19444,0.00,4.08,86.78"
e00fce681282837e5d0586e0,3/7/2026 20:00:35,,rainfall,"1772931629,58.58889,0.00,4.08,86.78"
e00fce681282837e5d0586e0,3/7/2026 21:00:35,,rainfall,"1772935229,58.83194,0.00,4.08,86.78"
e00fce681282837e5d0586e0,3/7/2026 22:00:36,,rainfall,"1772938830,58.63334,0.00,4.08,86.78"
e00fce681282837e5d0586e0,3/7/2026 23:00:36,,rainfall,"1772942429,58.14167,0.00,4.08,86.78"
e00fce681282837e5d0586e0,3/8/2026 0:00:34,,rainfall,"1772946029,57.96250,0.00,4.08,86.78"
e00fce681282837e5d0586e0,3/8/2026 1:00:35,,rainfall,"1772949629,58.02778,0.00,4.08,86.78"
e00fce681282837e5d0586e0,3/8/2026 6:01:27,,rainfall,"1772964012,58.12222,0.00,4.08,86.49"
e00fce681282837e5d0586e0,3/8/2026 7:00:37,,rainfall,"1772967629,58.73889,0.00,4.08,86.49"
e00fce681282837e5d0586e0,3/8/2026 8:00:37,,rainfall,"1772971230,58.27917,0.00,4.08,86.49"
e00fce681282837e5d0586e0,3/8/2026 9:00:33,,rainfall,"1772974829,56.14167,0.00,4.08,86.49"
e00fce681282837e5d0586e0,3/8/2026 10:00:33,,rainfall,"1772978430,57.14861,0.00,4.08,86.49"
e00fce681282837e5d0586e0,3/8/2026 11:00:33,,rainfall,"1772982029,56.93889,0.00,4.08,86.49"
e00fce681282837e5d0586e0,3/8/2026 12:00:37,,rainfall,"1772985630,56.38334,0.00,4.08,86.49"
e00fce681282837e5d0586e0,3/8/2026 13:00:33,,rainfall,"1772989229,54.96528,0.00,4.08,86.49"
e00fce681282837e5d0586e0,3/8/2026 14:00:35,,rainfall,"1772992830,55.11250,0.00,4.08,86.49"
e00fce681282837e5d0586e0,3/8/2026 15:00:33,,rainfall,"1772996429,53.14305,0.00,4.08,86.49"
e00fce681282837e5d0586e0,3/8/2026 16:00:43,,rainfall,"1773000029,52.87083,0.00,4.08,86.49"
e00fce681282837e5d0586e0,3/8/2026 17:00:35,,rainfall,"1773003629,52.25417,0.00,4.08,86.49"
e00fce681282837e5d0586e0,3/8/2026 18:00:34,,rainfall,"1773007229,54.93889,0.00,4.08,86.49"
e00fce681282837e5d0586e0,3/8/2026 19:00:34,,rainfall,"1773010830,57.62222,0.00,4.08,86.49"
e00fce681282837e5d0586e0,3/8/2026 20:00:35,,rainfall,"1773014429,55.01944,0.28,4.08,86.49"
e00fce681282837e5d0586e0,3/8/2026 21:00:36,,rainfall,"1773018029,57.76528,0.00,4.08,86.49"
e00fce681282837e5d0586e0,3/8/2026 22:00:37,,rainfall,"1773021630,60.87917,0.28,4.08,86.49"
e00fce681282837e5d0586e0,3/8/2026 23:00:34,,rainfall,"1773025230,63.89167,0.00,4.08,86.49"
e00fce681282837e5d0586e0,3/9/2026 0:00:34,,rainfall,"1773028829,65.23473,0.00,4.08,86.49"
e00fce681282837e5d0586e0,3/9/2026 1:00:34,,rainfall,"1773032430,67.78056,0.00,4.08,86.49"
e00fce681282837e5d0586e0,3/9/2026 2:00:34,,rainfall,"1773036029,68.70556,0.00,4.08,86.49"
e00fce681282837e5d0586e0,3/9/2026 3:00:37,,rainfall,"1773039629,70.94861,0.28,4.08,86.49"
e00fce681282837e5d0586e0,3/9/2026 4:00:36,,rainfall,"1773043230,74.59306,0.00,4.08,86.49"
e00fce681282837e5d0586e0,3/9/2026 5:00:34,,rainfall,"1773046829,77.06805,0.00,4.08,86.49"
e00fce681282837e5d0586e0,3/9/2026 6:00:34,,rainfall,"1773050429,78.93611,0.00,4.08,86.49"
e00fce681282837e5d0586e0,3/9/2026 7:00:35,,rainfall,"1773054030,76.85833,0.00,4.08,86.49"
e00fce681282837e5d0586e0,3/9/2026 8:00:40,,rainfall,"1773057630,83.17778,0.00,4.08,86.49"
e00fce681282837e5d0586e0,3/9/2026 9:00:35,,rainfall,"1773061229,79.16250,0.00,4.08,86.49"
e00fce681282837e5d0586e0,3/9/2026 10:00:35,,rainfall,"1773064830,68.41666,0.00,4.08,86.49"
e00fce681282837e5d0586e0,3/9/2026 11:00:40,,rainfall,"1773068429,67.95972,0.00,4.08,86.49"
e00fce681282837e5d0586e0,3/9/2026 12:00:36,,rainfall,"1773072030,67.32361,0.00,4.08,86.49"
e00fce681282837e5d0586e0,3/9/2026 13:00:35,,rainfall,"1773075629,77.20000,0.00,4.08,86.49"
e00fce681282837e5d0586e0,3/9/2026 14:00:36,,rainfall,"1773079230,77.02084,0.00,4.08,86.49"
e00fce681282837e5d0586e0,3/9/2026 15:00:35,,rainfall,"1773082830,77.14445,0.00,4.08,86.49"
e00fce681282837e5d0586e0,3/9/2026 16:00:37,,rainfall,"1773086429,75.96667,0.00,4.08,86.49"
e00fce681282837e5d0586e0,3/9/2026 17:00:35,,rainfall,"1773090029,77.88055,0.00,4.08,86.49"
e00fce681282837e5d0586e0,3/9/2026 18:00:36,,rainfall,"1773093630,82.89027,0.00,4.08,86.49"
e00fce681282837e5d0586e0,3/9/2026 19:00:37,,rainfall,"1773097229,74.20000,0.00,4.08,86.49"
e00fce681282837e5d0586e0,3/9/2026 20:00:40,,rainfall,"1773100829,77.28611,0.00,4.08,86.49"
e00fce681282837e5d0586e0,3/9/2026 21:00:36,,rainfall,"1773104430,81.95695,0.00,4.08,86.49"
e00fce681282837e5d0586e0,3/9/2026 22:00:35,,rainfall,"1773108029,83.36528,0.00,4.08,86.49"
e00fce681282837e5d0586e0,3/9/2026 23:00:40,,rainfall,"1773111629,84.81944,0.00,4.08,86.49"
e00fce681282837e5d0586e0,3/10/2026 0:00:38,,rainfall,"1773115229,86.60278,0.00,4.08,86.49"
e00fce681282837e5d0586e0,3/10/2026 1:00:39,,rainfall,"1773118830,85.36111,0.00,4.07,86.49"
e00fce681282837e5d0586e0,3/10/2026 2:00:39,,rainfall,"1773122429,85.07222,0.00,4.07,86.49"
e00fce681282837e5d0586e0,3/10/2026 3:00:36,,rainfall,"1773126029,85.39306,0.00,4.07,86.34"
e00fce681282837e5d0586e0,3/10/2026 4:00:37,,rainfall,"1773129629,79.78889,0.00,4.07,86.34"
e00fce681282837e5d0586e0,3/10/2026 5:00:39,,rainfall,"1773133230,81.86806,0.00,4.07,86.34"
e00fce681282837e5d0586e0,3/10/2026 6:00:37,,rainfall,"1773136830,84.54723,0.00,4.07,86.34"
e00fce681282837e5d0586e0,3/10/2026 7:00:37,,rainfall,"1773140430,87.13472,0.00,4.07,86.34"
e00fce681282837e5d0586e0,3/10/2026 8:00:40,,rainfall,"1773144029,87.75000,0.00,4.07,86.34"
e00fce681282837e5d0586e0,3/10/2026 9:00:39,,rainfall,"1773147629,95.10278,0.00,4.07,86.34"
e00fce681282837e5d0586e0,3/10/2026 10:00:37,,rainfall,"1773151230,83.79723,0.00,4.07,86.34"
e00fce681282837e5d0586e0,3/10/2026 11:00:42,,rainfall,"1773154829,83.43195,0.00,4.07,86.34"
,,,,
,,,,
,,,,
,,,,
,,,,
e00fce681282837e5d0586e0,3/10/2026 12:00:41,,rainfall,"1773158430,79.25278,0.00,4.07,86.34"
,,,,
e00fce681282837e5d0586e0,3/10/2026 13:00:40,,rainfall,"1773162030,83.08056,0.00,4.07,86.34"
,,,,
e00fce681282837e5d0586e0,3/10/2026 14:00:40,,rainfall,"1773165630,86.49167,0.00,4.07,86.34"
,,,,
e00fce681282837e5d0586e0,3/10/2026 15:00:38,,rainfall,"1773169230,88.06667,0.00,4.07,86.34"
,,,,
e00fce681282837e5d0586e0,3/10/2026 16:00:40,,rainfall,"1773172829,95.88472,0.00,4.07,86.34"
,,,,
e00fce681282837e5d0586e0,3/10/2026 17:00:51,,rainfall,"1773176429,93.17083,0.00,4.07,86.34"
e00fce681282837e5d0586e0,3/10/2026 18:00:32,,rainfall,"1773180030,82.76667,0.00,4.07,86.34"
,,,,
e00fce681282837e5d0586e0,3/10/2026 19:00:32,,rainfall,"1773183629,76.03056,0.00,4.07,86.34"
,,,,
,,,,
e00fce681282837e5d0586e0,3/10/2026 20:00:36,,rainfall,"1773187230,79.74306,0.00,4.07,86.34"
e00fce681282837e5d0586e0,3/10/2026 21:00:32,,rainfall,"1773190829,82.64861,0.00,4.07,86.34"
,,,,
e00fce681282837e5d0586e0,3/10/2026 22:00:32,,rainfall,"1773194430,85.77361,0.00,4.07,86.34"
,,,,
e00fce681282837e5d0586e0,3/10/2026 23:00:32,,rainfall,"1773198029,81.79861,0.00,4.07,86.34"
,,,,
,,,,
e00fce681282837e5d0586e0,3/11/2026 0:00:36,,rainfall,"1773201629,82.94583,0.00,4.07,86.34"
,,,,
e00fce681282837e5d0586e0,3/11/2026 1:00:37,,rainfall,"1773205229,89.17083,0.00,4.07,86.34"
,,,,
e00fce681282837e5d0586e0,3/11/2026 2:00:34,,rainfall,"1773208829,90.67639,0.00,4.07,86.34"
e00fce681282837e5d0586e0,3/11/2026 3:00:32,,rainfall,"1773212430,89.30833,0.00,4.07,86.34"
,,,,
e00fce681282837e5d0586e0,3/11/2026 4:00:32,,rainfall,"1773216029,88.09861,0.00,4.07,86.34"
,,,,
,,,,
e00fce681282837e5d0586e0,3/11/2026 5:00:35,,rainfall,"1773219629,87.98611,0.00,4.07,86.34"
e00fce681282837e5d0586e0,3/11/2026 6:00:33,,rainfall,"1773223229,89.13055,0.00,4.07,86.34"
,,,,
,,,,
e00fce681282837e5d0586e0,3/11/2026 7:00:34,,rainfall,"1773226829,88.82639,0.00,4.07,86.34"
e00fce681282837e5d0586e0,3/11/2026 8:00:34,,rainfall,"1773230430,88.36250,0.00,4.07,86.34"
,,,,
e00fce681282837e5d0586e0,3/11/2026 9:00:33,,rainfall,"1773234029,97.34722,0.00,4.07,86.34"
,,,,
,,,,
e00fce681282837e5d0586e0,3/11/2026 10:00:36,,rainfall,"1773237630,89.98333,0.00,4.07,86.34"
,,,,
e00fce681282837e5d0586e0,3/11/2026 11:00:33,,rainfall,"1773241229,93.01250,0.00,4.07,86.34"
,,,,
e00fce681282837e5d0586e0,3/11/2026 12:00:36,,rainfall,"1773244830,90.79305,0.00,4.07,86.34"
e00fce681282837e5d0586e0,3/11/2026 13:00:33,,rainfall,"1773248429,98.56667,0.00,4.07,86.20"
,,,,
,,,,
e00fce681282837e5d0586e0,3/11/2026 14:00:38,,rainfall,"1773252030,102.63750,0.00,4.07,86.20"
,,,,
e00fce681282837e5d0586e0,3/11/2026 15:00:38,,rainfall,"1773255630,97.41111,0.00,4.07,86.20"
,,,,
e00fce681282837e5d0586e0,3/11/2026 16:00:35,,rainfall,"1773259229,98.26111,0.00,4.07,86.20"
,,,,
e00fce681282837e5d0586e0,3/11/2026 17:00:37,,rainfall,"1773262831,92.49306,0.00,4.07,86.20"
,,,,
e00fce681282837e5d0586e0,3/11/2026 18:00:34,,rainfall,"1773266430,84.82222,0.00,4.07,86.20"
e00fce681282837e5d0586e0,3/11/2026 19:00:34,,rainfall,"1773270030,78.51945,0.00,4.07,86.20"
,,,,
,,,,
e00fce681282837e5d0586e0,3/11/2026 20:00:33,,rainfall,"1773273629,78.56944,0.00,4.07,86.20"
,,,,
e00fce681282837e5d0586e0,3/11/2026 21:00:35,,rainfall,"1773277229,78.76806,0.00,4.07,86.20"
e00fce681282837e5d0586e0,3/11/2026 22:00:35,,rainfall,"1773280829,78.92917,0.00,4.07,86.20"
,,,,
,,,,
e00fce681282837e5d0586e0,3/11/2026 23:00:34,,rainfall,"1773284429,79.54861,0.00,4.07,86.20"
,,,,
e00fce681282837e5d0586e0,3/12/2026 0:00:35,,rainfall,"1773288030,80.14027,0.00,4.07,86.20"
e00fce681282837e5d0586e0,3/12/2026 1:00:35,,rainfall,"1773291629,79.89722,0.00,4.07,86.20"
,,,,
,,,,
e00fce681282837e5d0586e0,3/12/2026 2:00:35,,rainfall,"1773295230,79.55556,0.00,4.07,86.20"
e00fce681282837e5d0586e0,3/12/2026 3:00:35,,rainfall,"1773298829,80.21944,0.00,4.07,86.20"
,,,,
,,,,
e00fce681282837e5d0586e0,3/12/2026 4:00:35,,rainfall,"1773302430,80.24583,0.00,4.07,86.20"
e00fce681282837e5d0586e0,3/12/2026 5:00:34,,rainfall,"1773306029,80.14167,0.00,4.07,86.20"
,,,,
,,,,
e00fce681282837e5d0586e0,3/12/2026 6:00:38,,rainfall,"1773309630,80.09861,0.00,4.07,86.20"
,,,,
e00fce681282837e5d0586e0,3/12/2026 7:00:35,,rainfall,"1773313229,79.82361,0.00,4.07,86.20"
e00fce681282837e5d0586e0,3/12/2026 8:00:35,,rainfall,"1773316830,78.89722,0.00,4.07,86.20"
,,,,
e00fce681282837e5d0586e0,3/12/2026 9:00:34,,rainfall,"1773320429,77.37500,0.00,4.07,86.20"
,,,,
e00fce681282837e5d0586e0,3/12/2026 10:00:35,,rainfall,"1773324029,75.86945,0.00,4.07,86.20"
,,,,
e00fce681282837e5d0586e0,3/12/2026 11:00:35,,rainfall,"1773327629,74.04723,0.00,4.07,86.20"
,,,,
e00fce681282837e5d0586e0,3/12/2026 12:00:38,,rainfall,"1773331230,70.55833,0.00,4.07,86.20"
,,,,
e00fce681282837e5d0586e0,3/12/2026 13:00:36,,rainfall,"1773334830,69.99861,0.00,4.07,86.20"
,,,,
,,,,
e00fce681282837e5d0586e0,3/12/2026 14:00:38,,rainfall,"1773338431,64.61250,0.00,4.07,86.20"
,,,,
e00fce681282837e5d0586e0,3/12/2026 15:00:36,,rainfall,"1773342029,64.74861,0.28,4.07,86.20"
e00fce681282837e5d0586e0,3/12/2026 16:00:40,,rainfall,"1773345630,70.12639,0.00,4.07,86.20"
,,,,
e00fce681282837e5d0586e0,3/12/2026 17:00:35,,rainfall,"1773349229,71.40972,0.00,4.07,86.20"
,,,,
e00fce681282837e5d0586e0,3/12/2026 18:00:36,,rainfall,"1773352831,72.25972,0.00,4.07,86.06"
,,,,
,,,,
e00fce681282837e5d0586e0,3/12/2026 19:00:40,,rainfall,"1773356430,73.65972,0.00,4.07,86.06"
,,,,
e00fce681282837e5d0586e0,3/12/2026 20:00:39,,rainfall,"1773360030,72.01389,0.00,4.07,86.06"
,,,,
e00fce681282837e5d0586e0,3/12/2026 21:00:41,,rainfall,"1773363630,71.79444,0.00,4.07,86.06"
,,,,
e00fce681282837e5d0586e0,3/12/2026 22:00:36,,rainfall,"1773367229,71.33472,0.00,4.07,86.06"
,,,,
e00fce681282837e5d0586e0,3/12/2026 23:00:39,,rainfall,"1773370830,68.72916,0.00,4.07,86.06"
e00fce681282837e5d0586e0,3/13/2026 0:00:36,,rainfall,"1773374429,68.37361,0.00,4.07,86.06"
,,,,
,,,,
e00fce681282837e5d0586e0,3/13/2026 1:00:38,,rainfall,"1773378030,69.28472,0.00,4.07,86.06"
,,,,
e00fce681282837e5d0586e0,3/13/2026 2:00:42,,rainfall,"1773381629,69.94028,0.00,4.07,86.06"
,,,,
e00fce681282837e5d0586e0,3/13/2026 3:00:36,,rainfall,"1773385229,70.36528,0.00,4.07,86.06"
,,,,
e00fce681282837e5d0586e0,3/13/2026 4:00:37,,rainfall,"1773388830,70.40000,0.00,4.07,86.06"
,,,,
e00fce681282837e5d0586e0,3/13/2026 5:00:37,,rainfall,"1773392429,71.85833,0.00,4.07,86.06"
,,,,
e00fce681282837e5d0586e0,3/13/2026 6:00:38,,rainfall,"1773396030,71.47916,0.00,4.07,86.06"
,,,,
e00fce681282837e5d0586e0,3/13/2026 7:00:38,,rainfall,"1773399629,72.07083,0.00,4.07,86.06"
,,,,
e00fce681282837e5d0586e0,3/13/2026 8:00:37,,rainfall,"1773403230,71.71528,0.00,4.07,86.06"
e00fce681282837e5d0586e0,3/13/2026 9:00:36,,rainfall,"1773406829,70.18611,0.00,4.07,86.06"
,,,,
,,,,
e00fce681282837e5d0586e0,3/13/2026 10:00:36,,rainfall,"1773410429,68.51250,0.00,4.07,86.06"
e00fce681282837e5d0586e0,3/13/2026 11:00:37,,rainfall,"1773414030,70.53472,0.00,4.07,86.06"
,,,,
e00fce681282837e5d0586e0,3/13/2026 12:00:36,,rainfall,"1773417629,67.55972,0.00,4.07,86.06"
,,,,
,,,,
e00fce681282837e5d0586e0,3/13/2026 13:00:39,,rainfall,"1773421229,70.50555,0.00,4.07,86.06"
,,,,
e00fce681282837e5d0586e0,3/13/2026 14:00:37,,rainfall,"1773424829,72.82083,0.00,4.07,86.06"
,,,,
e00fce681282837e5d0586e0,3/13/2026 15:00:37,,rainfall,"1773428430,72.08056,0.00,4.07,86.06"
,,,,
e00fce681282837e5d0586e0,3/13/2026 16:00:39,,rainfall,"1773432030,67.89861,0.00,4.07,86.06"
,,,,
e00fce681282837e5d0586e0,3/13/2026 17:00:48,,rainfall,"1773435629,67.80972,0.00,4.07,86.06"
e00fce681282837e5d0586e0,3/13/2026 18:00:32,,rainfall,"1773439230,67.75972,0.00,4.07,86.06"
,,,,
,,,,
e00fce681282837e5d0586e0,3/13/2026 19:00:33,,rainfall,"1773442829,71.01527,0.00,4.07,86.06"
e00fce681282837e5d0586e0,3/13/2026 20:00:30,,rainfall,"1773446428,73.73194,0.00,4.07,86.06"
,,,,
e00fce681282837e5d0586e0,3/13/2026 21:00:31,,rainfall,"1773450030,75.38889,0.00,4.07,86.06"
,,,,
e00fce681282837e5d0586e0,3/13/2026 22:00:31,,rainfall,"1773453629,76.10139,0.00,4.07,86.06"
,,,,
e00fce681282837e5d0586e0,3/13/2026 23:00:34,,rainfall,"1773457229,77.41111,0.00,4.07,86.06"
,,,,
e00fce681282837e5d0586e0,3/14/2026 0:00:31,,rainfall,"1773460829,81.88750,0.00,4.07,86.06"
,,,,
,,,,
e00fce681282837e5d0586e0,3/14/2026 1:00:32,,rainfall,"1773464429,83.30278,0.00,4.07,86.06"
e00fce681282837e5d0586e0,3/14/2026 2:00:31,,rainfall,"1773468029,80.82917,0.00,4.07,86.06"
,,,,
,,,,
e00fce681282837e5d0586e0,3/14/2026 3:00:37,,rainfall,"1773471629,81.59028,0.00,4.07,86.06"
,,,,
e00fce681282837e5d0586e0,3/14/2026 4:00:36,,rainfall,"1773475229,80.31805,0.00,4.07,86.06"
e00fce681282837e5d0586e0,3/14/2026 5:00:32,,rainfall,"1773478829,81.03472,0.00,4.07,86.06"
,,,,
,,,,
e00fce681282837e5d0586e0,3/14/2026 6:00:36,,rainfall,"1773482429,82.18750,0.00,4.07,86.06"
e00fce681282837e5d0586e0,3/14/2026 7:00:34,,rainfall,"1773486029,81.38333,0.00,4.07,86.06"
,,,,
,,,,
e00fce681282837e5d0586e0,3/14/2026 8:00:36,,rainfall,"1773489630,82.92361,0.00,4.07,86.06"
e00fce681282837e5d0586e0,3/14/2026 9:00:34,,rainfall,"1773493229,80.37083,0.00,4.07,86.06"
,,,,
e00fce681282837e5d0586e0,3/14/2026 10:00:36,,rainfall,"1773496830,78.49861,0.00,4.07,86.06"
,,,,
,,,,
e00fce681282837e5d0586e0,3/14/2026 11:00:49,,rainfall,"1773500429,77.35555,0.00,4.07,86.06"
,,,,
e00fce681282837e5d0586e0,3/14/2026 12:00:33,,rainfall,"1773504030,78.54583,0.00,4.07,85.91"
,,,,
e00fce681282837e5d0586e0,3/14/2026 13:00:32,,rainfall,"1773507629,80.14861,0.00,4.07,85.91"
,,,,
e00fce681282837e5d0586e0,3/14/2026 14:00:35,,rainfall,"1773511229,81.53333,0.00,4.07,85.91"
e00fce681282837e5d0586e0,3/14/2026 15:00:35,,rainfall,"1773514829,82.64584,0.00,4.07,85.91"
,,,,
e00fce681282837e5d0586e0,3/14/2026 16:00:32,,rainfall,"1773518429,83.75555,0.00,4.07,85.91"
,,,,
e00fce681282837e5d0586e0,3/14/2026 17:00:33,,rainfall,"1773522029,73.03194,0.00,4.07,85.91"
,,,,
,,,,
e00fce681282837e5d0586e0,3/14/2026 18:00:36,,rainfall,"1773525629,70.32361,0.00,4.07,85.91"
,,,,
e00fce681282837e5d0586e0,3/14/2026 19:00:38,,rainfall,"1773529229,71.44167,0.00,4.07,85.91"
e00fce681282837e5d0586e0,3/14/2026 20:00:33,,rainfall,"1773532829,71.54444,0.00,4.07,85.91"
,,,,
e00fce681282837e5d0586e0,3/14/2026 21:00:33,,rainfall,"1773536429,72.02778,0.00,4.07,85.91"
,,,,
e00fce681282837e5d0586e0,3/14/2026 22:00:33,,rainfall,"1773540029,72.89722,0.00,4.07,85.91"
,,,,
,,,,
e00fce681282837e5d0586e0,3/14/2026 23:00:37,,rainfall,"1773543629,73.45834,0.00,4.07,85.91"
e00fce681282837e5d0586e0,3/15/2026 0:00:33,,rainfall,"1773547229,73.09583,0.00,4.07,85.91"
,,,,
e00fce681282837e5d0586e0,3/15/2026 1:00:34,,rainfall,"1773550830,73.05695,0.00,4.07,85.91"
,,,,
e00fce681282837e5d0586e0,3/15/2026 2:00:33,,rainfall,"1773554429,73.33056,0.00,4.07,85.91"
,,,,
,,,,
e00fce681282837e5d0586e0,3/15/2026 3:00:36,,rainfall,"1773558029,73.49028,0.00,4.07,85.91"
e00fce681282837e5d0586e0,3/15/2026 4:00:33,,rainfall,"1773561629,73.70695,0.00,4.07,85.91"
,,,,
,,,,
e00fce681282837e5d0586e0,3/15/2026 5:00:39,,rainfall,"1773565230,73.95417,0.00,4.07,85.91"
e00fce681282837e5d0586e0,3/15/2026 6:00:34,,rainfall,"1773568829,74.71944,0.00,4.07,85.91"
,,,,
,,,,
e00fce681282837e5d0586e0,3/15/2026 7:00:38,,rainfall,"1773572429,74.56667,0.00,4.07,85.91"
e00fce681282837e5d0586e0,3/15/2026 8:00:34,,rainfall,"1773576029,74.80695,0.00,4.07,85.91"
,,,,
e00fce681282837e5d0586e0,3/15/2026 9:00:34,,rainfall,"1773579629,75.73055,0.00,4.07,85.91"
,,,,
,,,,
e00fce681282837e5d0586e0,3/15/2026 10:00:37,,rainfall,"1773583229,75.66389,0.00,4.07,85.91"
e00fce681282837e5d0586e0,3/15/2026 11:00:34,,rainfall,"1773586829,76.81805,0.00,4.07,85.91"
,,,,
e00fce681282837e5d0586e0,3/15/2026 12:00:35,,rainfall,"1773590429,72.06805,0.00,4.07,85.91"
,,,,
,,,,
e00fce681282837e5d0586e0,3/15/2026 13:00:39,,rainfall,"1773594030,70.86945,0.00,4.07,85.91"
e00fce681282837e5d0586e0,3/15/2026 14:00:37,,rainfall,"1773597631,68.90556,0.00,4.07,85.91"
,,,,
,,,,
e00fce681282837e5d0586e0,3/15/2026 15:00:34,,rainfall,"1773601229,70.08611,0.00,4.07,85.91"
,,,,
e00fce681282837e5d0586e0,3/15/2026 16:00:34,,rainfall,"1773604829,69.97222,0.00,4.07,85.91"
,,,,
e00fce681282837e5d0586e0,3/15/2026 17:00:35,,rainfall,"1773608429,69.87778,0.00,4.07,85.91"
e00fce681282837e5d0586e0,3/15/2026 18:00:38,,rainfall,"1773612030,70.80972,0.00,4.07,85.91"
,,,,
e00fce681282837e5d0586e0,3/15/2026 19:00:34,,rainfall,"1773615629,69.84444,0.00,4.07,85.91"
,,,,
e00fce681282837e5d0586e0,3/15/2026 20:00:37,,rainfall,"1773619229,70.77639,0.00,4.07,85.91"
,,,,
,,,,
e00fce681282837e5d0586e0,3/15/2026 21:03:26,,rainfall,"1773622930,71.03611,0.00,4.07,85.91"
e00fce681282837e5d0586e0,3/15/2026 22:00:36,,rainfall,"1773626430,71.34722,0.00,4.07,85.91"
,,,,
,,,,
e00fce681282837e5d0586e0,3/15/2026 23:00:35,,rainfall,"1773630029,72.04028,0.00,4.07,85.91"
,,,,
e00fce681282837e5d0586e0,3/16/2026 0:00:37,,rainfall,"1773633630,71.95000,0.00,4.07,85.91"
,,,,
e00fce681282837e5d0586e0,3/16/2026 1:00:36,,rainfall,"1773637230,72.09306,0.00,4.07,85.91"
e00fce681282837e5d0586e0,3/16/2026 2:00:35,,rainfall,"1773640829,71.83889,0.00,4.07,85.91"
,,,,
,,,,
e00fce681282837e5d0586e0,3/16/2026 3:00:36,,rainfall,"1773644430,71.96250,0.00,4.07,85.91"
e00fce681282837e5d0586e0,3/16/2026 4:00:35,,rainfall,"1773648029,72.26667,0.00,4.07,85.77"
,,,,
e00fce681282837e5d0586e0,3/16/2026 5:00:35,,rainfall,"1773651629,71.30972,0.00,4.07,85.77"
,,,,
e00fce681282837e5d0586e0,3/16/2026 6:00:35,,rainfall,"1773655229,71.47500,0.00,4.07,85.77"
,,,,
,,,,
e00fce681282837e5d0586e0,3/16/2026 7:00:39,,rainfall,"1773658830,72.07083,0.00,4.07,85.77"
,,,,
e00fce681282837e5d0586e0,3/16/2026 8:00:36,,rainfall,"1773662429,71.73750,0.00,4.07,85.77"
,,,,
e00fce681282837e5d0586e0,3/16/2026 9:00:41,,rainfall,"1773666030,71.96944,0.00,4.07,85.77"
e00fce681282837e5d0586e0,3/16/2026 10:00:36,,rainfall,"1773669629,72.59306,0.00,4.07,85.77"
,,,,
e00fce681282837e5d0586e0,3/16/2026 11:00:36,,rainfall,"1773673229,73.25833,0.56,4.07,85.77"
,,,,
e00fce681282837e5d0586e0,3/16/2026 12:00:37,,rainfall,"1773676829,73.25417,1.68,4.07,85.77"
,,,,
e00fce681282837e5d0586e0,3/16/2026 13:00:27,,rainfall,"1773680419,73.19167,0.00,4.07,85.77"
,,,,
,,,,
e00fce681282837e5d0586e0,3/16/2026 14:00:39,,rainfall,"1773684029,78.31528,12.01,4.07,85.77"
e00fce681282837e5d0586e0,3/16/2026 15:00:36,,rainfall,"1773687629,83.27361,16.21,4.07,85.77"
,,,,
e00fce681282837e5d0586e0,3/16/2026 16:00:37,,rainfall,"1773691231,85.00139,5.03,4.07,85.77"
,,,,
,,,,
,,,,
e00fce681282837e5d0586e0,3/16/2026 17:00:49,,rainfall,"1773694830,83.76945,3.63,4.07,85.77"
e00fce681282837e5d0586e0,3/16/2026 18:00:32,,rainfall,"1773698429,90.66111,0.00,4.07,85.77"
,,,,
e00fce681282837e5d0586e0,3/16/2026 19:00:32,,rainfall,"1773702029,90.88472,0.00,4.07,85.77"
,,,,
,,,,
e00fce681282837e5d0586e0,3/16/2026 20:00:34,,rainfall,"1773705630,93.85416,0.00,4.07,85.77"
,,,,
e00fce681282837e5d0586e0,3/16/2026 21:05:15,,rainfall,"1773709229,87.76806,0.28,4.07,85.77"
e00fce681282837e5d0586e0,3/16/2026 22:00:25,,rainfall,"1773712819,91.11667,0.00,4.07,85.77"
,,,,
e00fce681282837e5d0586e0,3/16/2026 23:00:32,,rainfall,"1773716430,96.11945,0.00,4.07,85.77"
,,,,
e00fce681282837e5d0586e0,3/17/2026 0:00:32,,rainfall,"1773720029,88.30278,0.00,4.07,85.77"
,,,,
,,,,
e00fce681282837e5d0586e0,3/17/2026 1:00:32,,rainfall,"1773723629,89.32917,0.00,4.07,85.77"
e00fce681282837e5d0586e0,3/17/2026 2:00:35,,rainfall,"1773727230,89.61945,0.00,4.07,85.77"
,,,,
e00fce681282837e5d0586e0,3/17/2026 3:00:32,,rainfall,"1773730830,88.60278,0.00,4.07,85.77"
,,,,
e00fce681282837e5d0586e0,3/17/2026 4:00:36,,rainfall,"1773734430,85.77084,0.00,4.07,85.77"
,,,,
e00fce681282837e5d0586e0,3/17/2026 5:00:37,,rainfall,"1773738029,84.08195,0.00,4.07,85.77"
,,,,
e00fce681282837e5d0586e0,3/17/2026 6:00:32,,rainfall,"1773741629,84.13472,0.00,4.07,85.63"
,,,,
e00fce681282837e5d0586e0,3/17/2026 7:00:32,,rainfall,"1773745229,85.13611,0.00,4.07,85.63"
,,,,
,,,,
e00fce681282837e5d0586e0,3/17/2026 8:00:33,,rainfall,"1773748830,85.53750,0.00,4.07,85.63"
e00fce681282837e5d0586e0,3/17/2026 9:00:33,,rainfall,"1773752429,80.93472,0.00,4.07,85.63"
,,,,
e00fce681282837e5d0586e0,3/17/2026 10:00:33,,rainfall,"1773756030,79.10555,0.00,4.07,85.63"
,,,,
e00fce681282837e5d0586e0,3/17/2026 11:00:33,,rainfall,"1773759630,79.22500,0.00,4.07,85.63"
,,,,
,,,,
e00fce681282837e5d0586e0,3/17/2026 12:00:32,,rainfall,"1773763229,80.32361,0.00,4.07,85.63"
,,,,
e00fce681282837e5d0586e0,3/17/2026 13:00:44,,rainfall,"1773766831,83.31805,0.00,4.07,85.63"
e00fce681282837e5d0586e0,3/17/2026 14:00:33,,rainfall,"1773770429,84.50139,0.00,4.07,85.63"
,,,,
e00fce681282837e5d0586e0,3/17/2026 15:00:33,,rainfall,"1773774030,85.67778,0.00,4.07,85.63"
,,,,
,,,,
e00fce681282837e5d0586e0,3/17/2026 16:00:35,,rainfall,"1773777629,82.22778,0.00,4.07,85.63"
e00fce681282837e5d0586e0,3/17/2026 17:00:33,,rainfall,"1773781230,76.51945,0.00,4.07,85.63"
,,,,
e00fce681282837e5d0586e0,3/17/2026 18:00:33,,rainfall,"1773784829,82.93611,0.00,4.07,85.63"
,,,,
e00fce681282837e5d0586e0,3/17/2026 19:00:33,,rainfall,"1773788429,87.19583,0.00,4.07,85.63"
,,,,
e00fce681282837e5d0586e0,3/17/2026 20:00:34,,rainfall,"1773792029,89.06944,0.00,4.07,85.63"
,,,,
e00fce681282837e5d0586e0,3/17/2026 21:00:34,,rainfall,"1773795630,89.68611,0.00,4.07,85.63"
,,,,
,,,,
e00fce681282837e5d0586e0,3/17/2026 22:00:38,,rainfall,"1773799229,89.20277,0.00,4.07,85.63"
,,,,
e00fce681282837e5d0586e0,3/17/2026 23:00:38,,rainfall,"1773802830,87.24722,0.00,4.07,85.63"
e00fce681282837e5d0586e0,3/18/2026 0:00:35,,rainfall,"1773806429,87.01806,0.00,4.07,85.63"
,,,,
,,,,
e00fce681282837e5d0586e0,3/18/2026 1:00:34,,rainfall,"1773810030,86.08472,0.00,4.07,85.63"
e00fce681282837e5d0586e0,3/18/2026 2:00:34,,rainfall,"1773813629,87.86111,0.00,4.07,85.63"
,,,,
,,,,
e00fce681282837e5d0586e0,3/18/2026 3:00:37,,rainfall,"1773817230,87.66944,0.00,4.07,85.63"
,,,,
e00fce681282837e5d0586e0,3/18/2026 4:00:34,,rainfall,"1773820829,87.12917,0.00,4.07,85.63"
,,,,
e00fce681282837e5d0586e0,3/18/2026 5:00:37,,rainfall,"1773824430,88.06528,0.00,4.07,85.63"
e00fce681282837e5d0586e0,3/18/2026 6:00:34,,rainfall,"1773828029,89.22222,0.00,4.07,85.63"
,,,,
e00fce681282837e5d0586e0,3/18/2026 7:00:35,,rainfall,"1773831629,88.71389,0.00,4.07,85.63"
e00fce681282837e5d0586e0,3/18/2026 8:00:35,,rainfall,"1773835230,89.60833,0.00,4.07,85.63"
e00fce681282837e5d0586e0,3/18/2026 9:00:35,,rainfall,"1773838830,84.45417,0.00,4.07,85.63"
e00fce681282837e5d0586e0,3/18/2026 10:00:35,,rainfall,"1773842430,76.49722,0.00,4.07,85.63"
e00fce681282837e5d0586e0,3/18/2026 11:00:35,,rainfall,"1773846029,73.57777,0.00,4.07,85.63"
e00fce681282837e5d0586e0,3/18/2026 12:00:35,,rainfall,"1773849629,77.95000,0.00,4.07,85.63"
e00fce681282837e5d0586e0,3/18/2026 13:00:40,,rainfall,"1773853230,73.11806,0.00,4.07,85.63"
e00fce681282837e5d0586e0,3/18/2026 14:00:34,,rainfall,"1773856829,77.88194,0.00,4.07,85.63"
e00fce681282837e5d0586e0,3/18/2026 15:00:37,,rainfall,"1773860429,79.15694,0.00,4.07,85.63"
e00fce681282837e5d0586e0,3/18/2026 16:00:35,,rainfall,"1773864029,77.11250,0.00,4.07,85.63"
e00fce681282837e5d0586e0,3/18/2026 17:00:37,,rainfall,"1773867630,74.96250,0.00,4.07,85.63"
e00fce681282837e5d0586e0,3/18/2026 18:00:38,,rainfall,"1773871230,73.84028,0.00,4.07,85.63"
e00fce681282837e5d0586e0,3/18/2026 19:00:35,,rainfall,"1773874829,79.21944,0.00,4.07,85.63"
e00fce681282837e5d0586e0,3/18/2026 20:00:36,,rainfall,"1773878429,84.57777,0.00,4.07,85.63"
e00fce681282837e5d0586e0,3/18/2026 21:00:36,,rainfall,"1773882030,89.30556,0.00,4.07,85.63"
e00fce681282837e5d0586e0,3/18/2026 22:00:36,,rainfall,"1773885629,89.02917,0.00,4.07,85.63"
e00fce681282837e5d0586e0,3/18/2026 23:00:39,,rainfall,"1773889230,86.77639,0.00,4.07,85.63"
e00fce681282837e5d0586e0,3/19/2026 0:00:35,,rainfall,"1773892829,90.71111,0.00,4.07,85.63"
e00fce681282837e5d0586e0,3/19/2026 1:00:36,,rainfall,"1773896429,91.83334,0.00,4.07,85.63"
e00fce681282837e5d0586e0,3/19/2026 2:00:37,,rainfall,"1773900030,92.92223,0.00,4.07,85.63"
e00fce681282837e5d0586e0,3/19/2026 3:00:36,,rainfall,"1773903629,93.86667,0.00,4.07,85.63"
e00fce681282837e5d0586e0,3/19/2026 4:00:36,,rainfall,"1773907229,93.00278,0.00,4.07,85.63"
e00fce681282837e5d0586e0,3/19/2026 5:00:36,,rainfall,"1773910830,91.55833,0.00,4.07,85.63"
e00fce681282837e5d0586e0,3/19/2026 6:00:38,,rainfall,"1773914429,90.66528,0.00,4.07,85.63"
e00fce681282837e5d0586e0,3/19/2026 7:00:37,,rainfall,"1773918029,91.12778,0.00,4.07,85.63"
e00fce681282837e5d0586e0,3/19/2026 8:00:31,,rainfall,"1773921619,93.13472,0.00,4.07,85.63"
e00fce681282837e5d0586e0,3/19/2026 9:00:36,,rainfall,"1773925229,93.82222,0.00,4.07,85.63"
e00fce681282837e5d0586e0,3/19/2026 10:00:38,,rainfall,"1773928829,79.38333,0.00,4.07,85.63"
e00fce681282837e5d0586e0,3/19/2026 11:00:37,,rainfall,"1773932430,79.57083,0.00,4.07,85.63"
e00fce681282837e5d0586e0,3/19/2026 12:00:37,,rainfall,"1773936030,81.79028,0.00,4.07,85.63"
e00fce681282837e5d0586e0,3/19/2026 13:00:36,,rainfall,"1773939629,82.13472,0.00,4.07,85.63"
e00fce681282837e5d0586e0,3/19/2026 14:00:36,,rainfall,"1773943229,83.61250,0.00,4.07,85.63"
e00fce681282837e5d0586e0,3/19/2026 15:00:37,,rainfall,"1773946829,80.73194,0.00,4.07,85.63"
e00fce681282837e5d0586e0,3/19/2026 16:00:39,,rainfall,"1773950430,74.60833,0.00,4.07,85.63"
,,,,
,,,,
e00fce681282837e5d0586e0,3/19/2026 17:00:39,,rainfall,"1773954029,72.32777,0.00,4.07,85.63"
,,,,
e00fce681282837e5d0586e0,3/19/2026 18:00:40,,rainfall,"1773957630,73.78056,0.00,4.07,85.63"
,,,,
e00fce681282837e5d0586e0,3/19/2026 19:00:36,,rainfall,"1773961229,78.42500,0.00,4.07,85.63"
,,,,
e00fce681282837e5d0586e0,3/19/2026 20:00:37,,rainfall,"1773964829,81.08611,0.00,4.07,85.63"
,,,,
e00fce681282837e5d0586e0,3/19/2026 21:00:49,,rainfall,"1773968431,82.76806,0.00,4.07,85.63"
e00fce681282837e5d0586e0,3/19/2026 22:00:32,,rainfall,"1773972030,83.18333,0.00,4.07,85.63"
,,,,
e00fce681282837e5d0586e0,3/19/2026 23:00:31,,rainfall,"1773975629,83.71389,0.00,4.07,85.63"
,,,,
,,,,
e00fce681282837e5d0586e0,3/20/2026 0:00:32,,rainfall,"1773979229,84.76111,0.00,4.07,85.63"
,,,,
e00fce681282837e5d0586e0,3/20/2026 1:00:34,,rainfall,"1773982829,85.49583,0.00,4.07,85.63"
e00fce681282837e5d0586e0,3/20/2026 2:00:32,,rainfall,"1773986430,85.70000,0.00,4.07,85.63"
,,,,
e00fce681282837e5d0586e0,3/20/2026 3:00:32,,rainfall,"1773990029,86.33889,0.00,4.07,85.63"
,,,,
,,,,
e00fce681282837e5d0586e0,3/20/2026 4:00:33,,rainfall,"1773993631,86.22222,0.00,4.07,85.63"
e00fce681282837e5d0586e0,3/20/2026 5:00:33,,rainfall,"1773997230,86.39584,0.00,4.07,85.63"
,,,,
e00fce681282837e5d0586e0,3/20/2026 6:00:31,,rainfall,"1774000829,86.64167,0.00,4.07,85.63"
,,,,
,,,,
e00fce681282837e5d0586e0,3/20/2026 7:00:39,,rainfall,"1774004429,88.68056,0.00,4.07,85.63"
,,,,
e00fce681282837e5d0586e0,3/20/2026 8:00:32,,rainfall,"1774008030,88.16944,0.00,4.07,85.63"
e00fce681282837e5d0586e0,3/20/2026 9:00:32,,rainfall,"1774011630,82.90694,0.00,4.07,85.63"
,,,,
e00fce681282837e5d0586e0,3/20/2026 10:00:31,,rainfall,"1774015229,76.44861,0.00,4.07,85.63"
,,,,
,,,,
e00fce681282837e5d0586e0,3/20/2026 11:00:35,,rainfall,"1774018829,77.96806,0.00,4.07,85.63"
,,,,
e00fce681282837e5d0586e0,3/20/2026 12:00:32,,rainfall,"1774022430,80.69305,0.00,4.07,85.63"
,,,,
e00fce681282837e5d0586e0,3/20/2026 13:00:38,,rainfall,"1774026030,81.84167,0.00,4.07,85.63"
,,,,
e00fce681282837e5d0586e0,3/20/2026 14:00:38,,rainfall,"1774029630,82.89167,0.00,4.07,85.63"
e00fce681282837e5d0586e0,3/20/2026 15:00:33,,rainfall,"1774033229,83.32777,0.00,4.07,85.63"
,,,,
e00fce681282837e5d0586e0,3/20/2026 16:00:35,,rainfall,"1774036829,79.40278,0.00,4.07,85.63"
,,,,
,,,,
e00fce681282837e5d0586e0,3/20/2026 17:00:38,,rainfall,"1774040430,74.90556,0.00,4.07,85.48"
,,,,
e00fce681282837e5d0586e0,3/20/2026 18:00:33,,rainfall,"1774044030,73.09722,0.00,4.07,85.48"
,,,,
e00fce681282837e5d0586e0,3/20/2026 19:00:36,,rainfall,"1774047629,73.97639,0.00,4.07,85.48"
e00fce681282837e5d0586e0,3/20/2026 20:00:38,,rainfall,"1774051230,74.29305,0.00,4.07,85.48"
,,,,
e00fce681282837e5d0586e0,3/20/2026 21:00:33,,rainfall,"1774054830,75.65694,0.00,4.07,85.48"
,,,,
e00fce681282837e5d0586e0,3/20/2026 22:00:36,,rainfall,"1774058429,75.98333,0.00,4.07,85.48"
,,,,
,,,,
e00fce681282837e5d0586e0,3/20/2026 23:00:36,,rainfall,"1774062030,75.51945,0.00,4.07,85.48"
e00fce681282837e5d0586e0,3/21/2026 0:00:34,,rainfall,"1774065630,75.07777,0.00,4.07,85.48"
,,,,
,,,,
e00fce681282837e5d0586e0,3/21/2026 1:00:37,,rainfall,"1774069230,75.08056,0.00,4.07,85.48"
e00fce681282837e5d0586e0,3/21/2026 2:00:34,,rainfall,"1774072830,74.74583,0.00,4.07,85.48"
,,,,
e00fce681282837e5d0586e0,3/21/2026 3:00:33,,rainfall,"1774076430,75.21250,0.00,4.07,85.48"
,,,,
e00fce681282837e5d0586e0,3/21/2026 4:00:34,,rainfall,"1774080030,74.98611,0.00,4.07,85.48"
,,,,
,,,,
e00fce681282837e5d0586e0,3/21/2026 5:00:34,,rainfall,"1774083629,74.40417,0.00,4.07,85.48"
e00fce681282837e5d0586e0,3/21/2026 6:00:34,,rainfall,"1774087230,74.18195,0.00,4.07,85.48"
,,,,
,,,,
e00fce681282837e5d0586e0,3/21/2026 7:00:33,,rainfall,"1774090829,73.88611,0.00,4.07,85.48"
e00fce681282837e5d0586e0,3/21/2026 8:00:34,,rainfall,"1774094429,73.35139,0.00,4.07,85.48"
,,,,
e00fce681282837e5d0586e0,3/21/2026 9:00:39,,rainfall,"1774098030,73.43472,0.00,4.07,85.48"
,,,,
,,,,
e00fce681282837e5d0586e0,3/21/2026 10:00:35,,rainfall,"1774101630,71.09444,0.00,4.07,85.48"
,,,,
e00fce681282837e5d0586e0,3/21/2026 11:00:38,,rainfall,"1774105230,66.56528,0.00,4.07,85.48"
,,,,
e00fce681282837e5d0586e0,3/21/2026 12:00:38,,rainfall,"1774108829,63.64722,0.00,4.07,85.48"
,,,,
e00fce681282837e5d0586e0,3/21/2026 13:00:35,,rainfall,"1774112429,61.26667,0.00,4.07,85.48"
e00fce681282837e5d0586e0,3/21/2026 14:00:34,,rainfall,"1774116029,60.89305,0.00,4.07,85.48"
,,,,
,,,,
e00fce681282837e5d0586e0,3/21/2026 15:00:34,,rainfall,"1774119630,59.82639,0.00,4.07,85.48"
e00fce681282837e5d0586e0,3/21/2026 16:00:34,,rainfall,"1774123230,58.30556,0.00,4.07,85.48"
,,,,
,,,,
e00fce681282837e5d0586e0,3/21/2026 17:00:35,,rainfall,"1774126829,51.65833,0.00,4.07,85.48"
,,,,
e00fce681282837e5d0586e0,3/21/2026 18:00:39,,rainfall,"1774130430,52.49028,0.00,4.07,85.48"
e00fce681282837e5d0586e0,3/21/2026 19:00:35,,rainfall,"1774134030,56.00278,0.00,4.07,85.48"
,,,,
e00fce681282837e5d0586e0,3/21/2026 20:00:35,,rainfall,"1774137630,61.30972,0.00,4.07,85.48"
,,,,
,,,,
e00fce681282837e5d0586e0,3/21/2026 21:00:34,,rainfall,"1774141229,63.56805,0.00,4.07,85.48"
e00fce681282837e5d0586e0,3/21/2026 22:00:35,,rainfall,"1774144829,63.18472,0.00,4.07,85.48"
,,,,
,,,,
e00fce681282837e5d0586e0,3/21/2026 23:00:36,,rainfall,"1774148430,63.51528,0.00,4.07,85.48"
,,,,
e00fce681282837e5d0586e0,3/22/2026 0:00:36,,rainfall,"1774152030,64.34861,0.00,4.07,85.48"
,,,,
e00fce681282837e5d0586e0,3/22/2026 1:00:36,,rainfall,"1774155630,65.05278,0.00,4.07,85.48"
e00fce681282837e5d0586e0,3/22/2026 2:00:35,,rainfall,"1774159230,65.12222,0.00,4.07,85.48"
,,,,
,,,,
e00fce681282837e5d0586e0,3/22/2026 3:00:37,,rainfall,"1774162829,65.30278,0.00,4.07,85.48"
e00fce681282837e5d0586e0,3/22/2026 4:00:36,,rainfall,"1774166430,64.78472,0.00,4.07,85.48"
,,,,
e00fce681282837e5d0586e0,3/22/2026 5:00:35,,rainfall,"1774170029,65.82639,0.00,4.07,85.34"
,,,,
,,,,
e00fce681282837e5d0586e0,3/22/2026 6:00:35,,rainfall,"1774173630,65.69722,0.00,4.07,85.34"
e00fce681282837e5d0586e0,3/22/2026 7:00:37,,rainfall,"1774177230,66.30695,0.00,4.07,85.34"
,,,,
e00fce681282837e5d0586e0,3/22/2026 8:00:35,,rainfall,"1774180829,65.50139,0.00,4.07,85.34"
,,,,
,,,,
e00fce681282837e5d0586e0,3/22/2026 9:00:37,,rainfall,"1774184430,59.71667,0.00,4.07,85.34"
,,,,
e00fce681282837e5d0586e0,3/22/2026 10:00:35,,rainfall,"1774188029,57.41111,0.00,4.07,85.34"
e00fce681282837e5d0586e0,3/22/2026 11:00:36,,rainfall,"1774191630,55.05278,0.00,4.07,85.34"
,,,,
,,,,
e00fce681282837e5d0586e0,3/22/2026 12:00:38,,rainfall,"1774195229,53.73333,0.00,4.07,85.34"
,,,,
e00fce681282837e5d0586e0,3/22/2026 13:00:38,,rainfall,"1774198829,53.07778,0.00,4.07,85.34"
e00fce681282837e5d0586e0,3/22/2026 14:00:35,,rainfall,"1774202429,52.84444,0.00,4.07,85.34"
,,,,
,,,,
e00fce681282837e5d0586e0,3/22/2026 15:00:37,,rainfall,"1774206029,53.51944,0.00,4.07,85.34"
e00fce681282837e5d0586e0,3/22/2026 16:00:37,,rainfall,"1774209629,51.12917,0.00,4.07,85.34"
,,,,
,,,,
e00fce681282837e5d0586e0,3/22/2026 17:00:37,,rainfall,"1774213230,49.11666,0.00,4.07,85.34"
e00fce681282837e5d0586e0,3/22/2026 18:00:39,,rainfall,"1774216829,48.45278,0.00,4.07,85.34"
,,,,
,,,,
e00fce681282837e5d0586e0,3/22/2026 19:00:36,,rainfall,"1774220429,53.17916,0.00,4.07,85.34"
e00fce681282837e5d0586e0,3/22/2026 20:00:36,,rainfall,"1774224029,55.92361,0.00,4.07,85.34"
,,,,
,,,,
e00fce681282837e5d0586e0,3/22/2026 21:00:47,,rainfall,"1774227629,57.03750,0.00,4.07,85.34"
,,,,
e00fce681282837e5d0586e0,3/22/2026 22:00:34,,rainfall,"1774231229,59.01111,0.00,4.07,85.34"
,,,,
e00fce681282837e5d0586e0,3/22/2026 23:00:31,,rainfall,"1774234830,59.62778,0.00,4.07,85.34"
e00fce681282837e5d0586e0,3/23/2026 0:00:30,,rainfall,"1774238429,59.58750,0.00,4.07,85.34"
,,,,
,,,,
e00fce681282837e5d0586e0,3/23/2026 1:00:34,,rainfall,"1774242030,59.86389,0.00,4.07,85.34"
e00fce681282837e5d0586e0,3/23/2026 2:00:30,,rainfall,"1774245629,61.07639,0.00,4.07,85.34"
,,,,
,,,,
e00fce681282837e5d0586e0,3/23/2026 3:00:32,,rainfall,"1774249229,62.16389,0.00,4.07,85.34"
e00fce681282837e5d0586e0,3/23/2026 4:00:32,,rainfall,"1774252830,62.05833,0.00,4.07,85.34"
,,,,
e00fce681282837e5d0586e0,3/23/2026 5:00:32,,rainfall,"1774256430,61.10556,0.00,4.07,85.34"
,,,,
e00fce681282837e5d0586e0,3/23/2026 6:00:31,,rainfall,"1774260029,61.22083,0.00,4.07,85.34"
,,,,
e00fce681282837e5d0586e0,3/23/2026 7:00:32,,rainfall,"1774263629,62.11250,0.00,4.07,85.34"
,,,,
,,,,
e00fce681282837e5d0586e0,3/23/2026 8:00:32,,rainfall,"1774267230,61.25278,0.00,4.07,85.34"
e00fce681282837e5d0586e0,3/23/2026 9:00:33,,rainfall,"1774270829,54.76111,0.00,4.07,85.34"
,,,,
e00fce681282837e5d0586e0,3/23/2026 10:00:32,,rainfall,"1774274429,51.21944,0.00,4.07,85.34"
,,,,
,,,,
e00fce681282837e5d0586e0,3/23/2026 11:00:38,,rainfall,"1774278030,49.57917,0.00,4.07,85.34"
e00fce681282837e5d0586e0,3/23/2026 12:00:32,,rainfall,"1774281630,47.51944,0.00,4.07,85.34"
,,,,
e00fce681282837e5d0586e0,3/23/2026 13:00:34,,rainfall,"1774285229,47.37083,0.00,4.07,85.34"
,,,,
e00fce681282837e5d0586e0,3/23/2026 14:00:36,,rainfall,"1774288830,46.83750,0.00,4.07,85.34"
,,,,
e00fce681282837e5d0586e0,3/23/2026 15:00:32,,rainfall,"1774292429,46.24861,0.00,4.07,85.34"
,,,,
,,,,
e00fce681282837e5d0586e0,3/23/2026 16:00:35,,rainfall,"1774296030,45.77361,0.00,4.07,85.34"
,,,,
e00fce681282837e5d0586e0,3/23/2026 17:00:38,,rainfall,"1774299630,45.50694,0.00,4.07,85.34"
e00fce681282837e5d0586e0,3/23/2026 18:00:32,,rainfall,"1774303229,45.61666,0.00,4.07,85.34"
,,,,
e00fce681282837e5d0586e0,3/23/2026 19:00:33,,rainfall,"1774306830,52.02639,0.00,4.07,85.34"
,,,,
e00fce681282837e5d0586e0,3/23/2026 20:00:33,,rainfall,"1774310430,54.13472,0.00,4.07,85.20"
,,,,
,,,,
e00fce681282837e5d0586e0,3/23/2026 21:00:31,,rainfall,"1774314028,55.74583,0.00,4.07,85.20"
e00fce681282837e5d0586e0,3/23/2026 22:00:32,,rainfall,"1774317629,53.81528,0.00,4.07,85.20"
,,,,
e00fce681282837e5d0586e0,3/23/2026 23:00:33,,rainfall,"1774321230,59.83194,0.00,4.07,85.20"
,,,,
,,,,
e00fce681282837e5d0586e0,3/24/2026 0:00:33,,rainfall,"1774324829,64.09722,0.00,4.07,85.20"
,,,,
e00fce681282837e5d0586e0,3/24/2026 1:00:35,,rainfall,"1774328429,64.93472,0.00,4.07,85.20"
,,,,
e00fce681282837e5d0586e0,3/24/2026 2:00:34,,rainfall,"1774332029,65.66666,0.00,4.07,85.20"
,,,,
e00fce681282837e5d0586e0,3/24/2026 3:00:34,,rainfall,"1774335629,67.08611,0.00,4.07,85.20"
e00fce681282837e5d0586e0,3/24/2026 4:00:35,,rainfall,"1774339229,68.42639,0.00,4.07,85.20"
,,,,
e00fce681282837e5d0586e0,3/24/2026 5:00:38,,rainfall,"1774342829,69.49861,0.00,4.07,85.20"
,,,,
e00fce681282837e5d0586e0,3/24/2026 6:00:33,,rainfall,"1774346429,70.52084,0.00,4.07,85.20"
,,,,
,,,,
e00fce681282837e5d0586e0,3/24/2026 7:00:33,,rainfall,"1774350029,71.89584,0.00,4.07,85.20"
e00fce681282837e5d0586e0,3/24/2026 8:00:38,,rainfall,"1774353629,71.92083,0.00,4.07,85.20"
,,,,
e00fce681282837e5d0586e0,3/24/2026 9:00:35,,rainfall,"1774357229,69.48473,0.00,4.07,85.20"
,,,,
,,,,
e00fce681282837e5d0586e0,3/24/2026 10:00:35,,rainfall,"1774360829,66.71667,0.00,4.07,85.20"
,,,,
e00fce681282837e5d0586e0,3/24/2026 11:00:34,,rainfall,"1774364430,64.59722,0.00,4.07,85.20"
,,,,
e00fce681282837e5d0586e0,3/24/2026 12:00:35,,rainfall,"1774368029,63.46667,0.00,4.07,85.20"
e00fce681282837e5d0586e0,3/24/2026 13:00:38,,rainfall,"1774371630,65.24167,0.00,4.07,85.20"
,,,,
,,,,
e00fce681282837e5d0586e0,3/24/2026 14:00:36,,rainfall,"1774375228,64.33056,0.00,4.07,85.20"
,,,,
e00fce681282837e5d0586e0,3/24/2026 15:00:37,,rainfall,"1774378830,62.80695,0.00,4.07,85.20"
e00fce681282837e5d0586e0,3/24/2026 16:00:36,,rainfall,"1774382429,61.26528,0.00,4.07,85.20"
e00fce681282837e5d0586e0,3/24/2026 16:00:36,,rainfall,"1774382429,61.26528,0.00,4.07,85.20"
e00fce681282837e5d0586e0,3/24/2026 16:00:36,,rainfall,"1774382429,61.26528,0.00,4.07,85.20"
e00fce681282837e5d0586e0,3/24/2026 17:00:38,,rainfall,"1774386029,63.08889,0.00,4.07,85.20"
e00fce681282837e5d0586e0,3/24/2026 18:00:38,,rainfall,"1774389629,64.58611,0.00,4.07,85.20"
e00fce681282837e5d0586e0,3/24/2026 19:00:36,,rainfall,"1774393229,69.25555,0.00,4.07,85.20"
e00fce681282837e5d0586e0,3/24/2026 20:00:36,,rainfall,"1774396831,71.20139,0.00,4.07,85.20"
e00fce681282837e5d0586e0,3/24/2026 21:00:34,,rainfall,"1774400429,70.74167,0.00,4.07,85.20"
e00fce681282837e5d0586e0,3/24/2026 22:00:35,,rainfall,"1774404030,72.12778,0.00,4.07,85.20"
e00fce681282837e5d0586e0,3/24/2026 23:00:35,,rainfall,"1774407630,72.94722,0.00,4.07,85.20"
e00fce681282837e5d0586e0,3/25/2026 0:00:35,,rainfall,"1774411230,73.97778,0.00,4.07,85.20"
e00fce681282837e5d0586e0,3/25/2026 1:00:37,,rainfall,"1774414829,73.30278,0.00,4.07,85.20"
e00fce681282837e5d0586e0,3/25/2026 2:00:35,,rainfall,"1774418429,73.37083,0.00,4.07,85.20"
e00fce681282837e5d0586e0,3/25/2026 3:00:35,,rainfall,"1774422030,72.57361,0.00,4.07,85.20"
e00fce681282837e5d0586e0,3/25/2026 4:00:37,,rainfall,"1774425629,71.40139,0.00,4.07,85.20"
e00fce681282837e5d0586e0,3/25/2026 5:00:35,,rainfall,"1774429230,72.08611,0.00,4.07,85.20"
e00fce681282837e5d0586e0,3/25/2026 6:00:39,,rainfall,"1774432830,72.16250,0.00,4.07,85.20"
e00fce681282837e5d0586e0,3/25/2026 7:00:35,,rainfall,"1774436429,71.96667,0.00,4.07,85.05"
e00fce681282837e5d0586e0,3/25/2026 8:00:36,,rainfall,"1774440030,71.32917,0.00,4.07,85.05"
e00fce681282837e5d0586e0,3/25/2026 9:00:39,,rainfall,"1774443630,70.38611,0.00,4.07,85.05"
e00fce681282837e5d0586e0,3/25/2026 10:00:38,,rainfall,"1774447229,66.83611,0.00,4.07,85.05"
e00fce681282837e5d0586e0,3/25/2026 11:00:36,,rainfall,"1774450830,61.65833,0.00,4.07,85.05"
e00fce681282837e5d0586e0,3/25/2026 12:00:42,,rainfall,"1774454429,57.50834,0.00,4.07,85.05"
e00fce681282837e5d0586e0,3/25/2026 13:00:39,,rainfall,"1774458030,56.18889,0.00,4.07,85.05"
e00fce681282837e5d0586e0,3/25/2026 14:00:44,,rainfall,"1774461629,58.20278,0.00,4.07,85.05"
e00fce681282837e5d0586e0,3/25/2026 15:00:40,,rainfall,"1774465229,56.01250,0.00,4.07,85.05"
e00fce681282837e5d0586e0,3/25/2026 16:00:36,,rainfall,"1774468829,54.44444,0.00,4.07,85.05"
e00fce681282837e5d0586e0,3/25/2026 17:00:38,,rainfall,"1774472430,53.18750,0.00,4.07,85.05"
e00fce681282837e5d0586e0,3/25/2026 18:00:35,,rainfall,"1774476029,53.66389,0.00,4.07,85.05"
e00fce681282837e5d0586e0,3/25/2026 19:00:37,,rainfall,"1774479630,61.03889,0.00,4.07,85.05"
e00fce681282837e5d0586e0,3/25/2026 20:00:37,,rainfall,"1774483230,65.09444,0.00,4.07,85.05"
e00fce681282837e5d0586e0,3/25/2026 21:00:44,,rainfall,"1774486829,66.23750,0.00,4.07,85.05"
e00fce681282837e5d0586e0,3/25/2026 22:00:32,,rainfall,"1774490429,66.94444,0.00,4.07,85.05"
e00fce681282837e5d0586e0,3/25/2026 23:00:31,,rainfall,"1774494029,67.73055,0.00,4.07,85.05"
e00fce681282837e5d0586e0,3/26/2026 0:00:34,,rainfall,"1774497629,67.83750,0.00,4.07,85.05"
e00fce681282837e5d0586e0,3/26/2026 1:00:33,,rainfall,"1774501229,67.67917,0.00,4.07,85.05"
e00fce681282837e5d0586e0,3/26/2026 2:00:37,,rainfall,"1774504829,67.56389,0.00,4.07,85.05"
e00fce681282837e5d0586e0,3/26/2026 3:00:35,,rainfall,"1774508429,67.97222,0.00,4.07,85.05"
e00fce681282837e5d0586e0,3/26/2026 4:00:32,,rainfall,"1774512030,68.32083,0.00,4.07,85.05"
e00fce681282837e5d0586e0,3/26/2026 5:00:36,,rainfall,"1774515630,68.08611,0.00,4.07,85.05"
e00fce681282837e5d0586e0,3/26/2026 6:00:35,,rainfall,"1774519230,68.64027,0.00,4.07,85.05"
e00fce681282837e5d0586e0,3/26/2026 7:00:33,,rainfall,"1774522830,67.35416,0.00,4.07,85.05"
e00fce681282837e5d0586e0,3/26/2026 8:00:34,,rainfall,"1774526429,65.97916,0.00,4.06,85.05"
e00fce681282837e5d0586e0,3/26/2026 9:00:32,,rainfall,"1774530029,60.36389,0.00,4.07,85.05"
e00fce681282837e5d0586e0,3/26/2026 10:00:33,,rainfall,"1774533629,55.34306,0.00,4.07,85.05"
e00fce681282837e5d0586e0,3/26/2026 11:00:32,,rainfall,"1774537229,51.00000,0.00,4.07,85.05"
e00fce681282837e5d0586e0,3/26/2026 12:00:33,,rainfall,"1774540830,47.73195,0.00,4.07,85.05"
e00fce681282837e5d0586e0,3/26/2026 13:00:33,,rainfall,"1774544429,48.41528,0.00,4.06,85.05"
e00fce681282837e5d0586e0,3/26/2026 14:00:34,,rainfall,"1774548030,47.22222,0.00,4.06,85.05"
e00fce681282837e5d0586e0,3/26/2026 15:00:35,,rainfall,"1774551630,48.13889,0.00,4.06,85.05"
e00fce681282837e5d0586e0,3/26/2026 16:00:34,,rainfall,"1774555230,47.13472,0.00,4.06,85.05"
e00fce681282837e5d0586e0,3/26/2026 17:00:43,,rainfall,"1774558829,47.10000,0.00,4.06,85.05"
e00fce681282837e5d0586e0,3/26/2026 18:00:38,,rainfall,"1774562430,47.89444,0.00,4.06,85.05"
e00fce681282837e5d0586e0,3/26/2026 19:00:34,,rainfall,"1774566030,55.22083,0.00,4.06,85.05"
e00fce681282837e5d0586e0,3/26/2026 20:00:33,,rainfall,"1774569629,59.15694,0.00,4.06,85.05"
e00fce681282837e5d0586e0,3/26/2026 21:00:36,,rainfall,"1774573229,60.53889,0.00,4.06,85.05"
e00fce681282837e5d0586e0,3/26/2026 22:00:37,,rainfall,"1774576829,60.65556,0.00,4.06,85.05"
e00fce681282837e5d0586e0,3/26/2026 23:00:34,,rainfall,"1774580430,60.75555,0.00,4.06,85.05"
e00fce681282837e5d0586e0,3/27/2026 0:00:35,,rainfall,"1774584030,60.32361,0.00,4.06,85.05"
e00fce681282837e5d0586e0,3/27/2026 1:00:34,,rainfall,"1774587629,60.60833,0.00,4.06,85.05"
e00fce681282837e5d0586e0,3/27/2026 2:00:34,,rainfall,"1774591230,60.50834,0.00,4.06,85.05"
e00fce681282837e5d0586e0,3/27/2026 3:00:34,,rainfall,"1774594829,60.99028,0.00,4.06,85.05"
e00fce681282837e5d0586e0,3/27/2026 4:00:36,,rainfall,"1774598430,61.12083,0.00,4.06,85.05"
e00fce681282837e5d0586e0,3/27/2026 5:01:20,,rainfall,"1774602029,61.28333,0.00,4.06,84.91"
e00fce681282837e5d0586e0,3/27/2026 6:00:30,,rainfall,"1774605625,61.55000,0.00,4.06,84.91"
e00fce681282837e5d0586e0,3/27/2026 7:00:24,,rainfall,"1774609219,61.60695,0.00,4.06,84.91"
e00fce681282837e5d0586e0,3/27/2026 8:00:37,,rainfall,"1774612829,60.03750,0.00,4.06,84.91"
e00fce681282837e5d0586e0,3/27/2026 9:00:34,,rainfall,"1774616429,54.28889,0.00,4.06,84.91"
e00fce681282837e5d0586e0,3/27/2026 10:00:34,,rainfall,"1774620029,50.27639,0.00,4.06,84.91"
e00fce681282837e5d0586e0,3/27/2026 11:00:38,,rainfall,"1774623629,47.99028,0.00,4.06,84.91"
e00fce681282837e5d0586e0,3/27/2026 12:00:34,,rainfall,"1774627229,47.71944,0.00,4.06,84.91"
e00fce681282837e5d0586e0,3/27/2026 13:00:35,,rainfall,"1774630830,46.52917,0.00,4.06,84.91"
e00fce681282837e5d0586e0,3/27/2026 14:00:35,,rainfall,"1774634429,45.71111,0.00,4.06,84.91"
e00fce681282837e5d0586e0,3/27/2026 15:00:36,,rainfall,"1774638029,44.90139,0.00,4.06,84.91"
e00fce681282837e5d0586e0,3/27/2026 16:00:35,,rainfall,"1774641629,44.45833,0.00,4.06,84.91"
e00fce681282837e5d0586e0,3/27/2026 17:00:40,,rainfall,"1774645229,44.35139,0.00,4.06,84.91"
e00fce681282837e5d0586e0,3/27/2026 18:00:34,,rainfall,"1774648829,45.21806,0.00,4.06,84.91"
e00fce681282837e5d0586e0,3/27/2026 19:00:35,,rainfall,"1774652429,51.46944,0.00,4.06,84.91"
e00fce681282837e5d0586e0,3/27/2026 20:00:37,,rainfall,"1774656029,56.19444,0.00,4.06,84.91"
e00fce681282837e5d0586e0,3/27/2026 21:00:35,,rainfall,"1774659629,57.33194,0.00,4.06,84.91"
e00fce681282837e5d0586e0,3/27/2026 22:00:36,,rainfall,"1774663230,58.43195,0.00,4.06,84.91"
e00fce681282837e5d0586e0,3/27/2026 23:00:41,,rainfall,"1774666830,58.37778,0.00,4.06,84.91"
e00fce681282837e5d0586e0,3/28/2026 0:00:36,,rainfall,"1774670429,58.74166,0.00,4.06,84.91"
e00fce681282837e5d0586e0,3/28/2026 1:00:40,,rainfall,"1774674029,60.88334,0.00,4.06,84.91"
e00fce681282837e5d0586e0,3/28/2026 2:00:35,,rainfall,"1774677629,63.85833,0.00,4.06,84.91"
e00fce681282837e5d0586e0,3/28/2026 3:00:38,,rainfall,"1774681229,65.60973,0.00,4.06,84.91"
e00fce681282837e5d0586e0,3/28/2026 4:00:40,,rainfall,"1774684829,66.03889,0.00,4.06,84.91"
e00fce681282837e5d0586e0,3/28/2026 5:00:36,,rainfall,"1774688430,66.95972,0.00,4.06,84.91"
e00fce681282837e5d0586e0,3/28/2026 6:00:40,,rainfall,"1774692029,68.28194,0.00,4.06,84.91"
e00fce681282837e5d0586e0,3/28/2026 7:00:36,,rainfall,"1774695629,68.77917,0.00,4.06,84.91"
e00fce681282837e5d0586e0,3/28/2026 8:00:36,,rainfall,"1774699230,69.26389,0.00,4.06,84.91"
e00fce681282837e5d0586e0,3/28/2026 9:00:42,,rainfall,"1774702829,71.99306,1.12,4.06,84.91"
e00fce681282837e5d0586e0,3/28/2026 10:00:37,,rainfall,"1774706429,69.17917,0.00,4.06,84.91"
e00fce681282837e5d0586e0,3/28/2026 11:00:39,,rainfall,"1774710029,64.04305,0.00,4.06,84.91"
e00fce681282837e5d0586e0,3/28/2026 12:00:36,,rainfall,"1774713629,63.75139,0.00,4.06,84.91"
e00fce681282837e5d0586e0,3/28/2026 13:00:38,,rainfall,"1774717229,62.84028,0.00,4.06,84.91"
e00fce681282837e5d0586e0,3/28/2026 14:00:42,,rainfall,"1774720829,62.95555,0.00,4.06,84.91"
e00fce681282837e5d0586e0,3/28/2026 15:00:36,,rainfall,"1774724429,62.62917,0.00,4.06,84.77"
e00fce681282837e5d0586e0,3/28/2026 16:00:37,,rainfall,"1774728030,61.87778,0.00,4.06,84.77"
e00fce681282837e5d0586e0,3/28/2026 17:00:37,,rainfall,"1774731629,61.70417,0.00,4.06,84.77"
e00fce681282837e5d0586e0,3/28/2026 18:00:39,,rainfall,"1774735229,61.34444,0.00,4.06,84.77"
e00fce681282837e5d0586e0,3/28/2026 19:00:45,,rainfall,"1774738829,66.51250,0.00,4.06,84.77"
e00fce681282837e5d0586e0,3/28/2026 20:00:38,,rainfall,"1774742429,69.02917,0.00,4.06,84.77"
e00fce681282837e5d0586e0,3/28/2026 21:00:48,,rainfall,"1774746029,70.67778,0.00,4.06,84.77"
e00fce681282837e5d0586e0,3/28/2026 22:00:34,,rainfall,"1774749630,71.56528,0.00,4.06,84.77"
e00fce681282837e5d0586e0,3/28/2026 23:00:37,,rainfall,"1774753229,71.60694,0.00,4.06,84.77"
e00fce681282837e5d0586e0,3/29/2026 0:00:30,,rainfall,"1774756829,71.22083,0.00,4.06,84.77"
e00fce681282837e5d0586e0,3/29/2026 1:00:30,,rainfall,"1774760429,71.38750,0.00,4.06,84.77"
e00fce681282837e5d0586e0,3/29/2026 2:00:34,,rainfall,"1774764029,71.63055,0.00,4.06,84.77"
e00fce681282837e5d0586e0,3/29/2026 3:00:30,,rainfall,"1774767629,71.53889,0.00,4.06,84.77"
e00fce681282837e5d0586e0,3/29/2026 4:00:30,,rainfall,"1774771229,71.94028,0.00,4.06,84.77"
e00fce681282837e5d0586e0,3/29/2026 5:00:31,,rainfall,"1774774829,71.79305,0.00,4.06,84.77"
e00fce681282837e5d0586e0,3/29/2026 6:00:34,,rainfall,"1774778429,71.78750,0.00,4.06,84.77"
e00fce681282837e5d0586e0,3/29/2026 7:00:31,,rainfall,"1774782029,71.79305,0.00,4.06,84.77"
e00fce681282837e5d0586e0,3/29/2026 8:00:35,,rainfall,"1774785629,70.19028,0.00,4.06,84.77"
e00fce681282837e5d0586e0,3/29/2026 9:00:31,,rainfall,"1774789229,66.06805,0.00,4.06,84.77"
e00fce681282837e5d0586e0,3/29/2026 10:00:37,,rainfall,"1774792829,64.46528,0.00,4.06,84.77"
e00fce681282837e5d0586e0,3/29/2026 11:00:32,,rainfall,"1774796429,64.18333,0.00,4.06,84.77"
e00fce681282837e5d0586e0,3/29/2026 12:00:31,,rainfall,"1774800029,61.55695,0.00,4.06,84.77"
e00fce681282837e5d0586e0,3/29/2026 13:00:31,,rainfall,"1774803629,60.85833,0.00,4.06,84.77"
e00fce681282837e5d0586e0,3/29/2026 14:00:32,,rainfall,"1774807229,60.76944,0.00,4.06,84.77"
e00fce681282837e5d0586e0,3/29/2026 15:00:32,,rainfall,"1774810830,59.62778,0.00,4.06,84.77"
e00fce681282837e5d0586e0,3/29/2026 16:00:34,,rainfall,"1774814429,56.92083,0.00,4.06,84.77"
e00fce681282837e5d0586e0,3/29/2026 17:00:34,,rainfall,"1774818029,55.72222,0.00,4.06,84.77"
e00fce681282837e5d0586e0,3/29/2026 18:00:32,,rainfall,"1774821629,59.11806,0.00,4.06,84.77"
e00fce681282837e5d0586e0,3/29/2026 19:00:33,,rainfall,"1774825230,62.71944,0.00,4.06,84.77"
e00fce681282837e5d0586e0,3/29/2026 20:00:35,,rainfall,"1774828829,66.58195,0.00,4.06,84.77"
e00fce681282837e5d0586e0,3/29/2026 21:00:36,,rainfall,"1774832429,68.11528,0.00,4.06,84.77"
e00fce681282837e5d0586e0,3/29/2026 22:00:33,,rainfall,"1774836030,68.73194,0.00,4.06,84.77"
e00fce681282837e5d0586e0,3/29/2026 23:00:36,,rainfall,"1774839629,69.20000,0.00,4.06,84.77"
e00fce681282837e5d0586e0,3/30/2026 0:00:35,,rainfall,"1774843230,68.28194,0.00,4.06,84.77"
e00fce681282837e5d0586e0,3/30/2026 1:00:34,,rainfall,"1774846829,69.09306,0.00,4.06,84.77"
e00fce681282837e5d0586e0,3/30/2026 2:00:32,,rainfall,"1774850429,69.99722,0.00,4.06,84.77"
e00fce681282837e5d0586e0,3/30/2026 3:00:35,,rainfall,"1774854029,70.72083,0.00,4.06,84.77"
e00fce681282837e5d0586e0,3/30/2026 4:00:33,,rainfall,"1774857629,70.59028,0.00,4.06,84.77"
e00fce681282837e5d0586e0,3/30/2026 5:00:35,,rainfall,"1774861229,70.93195,0.00,4.06,84.77"
e00fce681282837e5d0586e0,3/30/2026 6:00:33,,rainfall,"1774864830,70.96806,0.00,4.06,84.77"
e00fce681282837e5d0586e0,3/30/2026 7:00:33,,rainfall,"1774868429,71.16944,0.00,4.06,84.77"
e00fce681282837e5d0586e0,3/30/2026 8:00:35,,rainfall,"1774872029,67.81944,0.00,4.06,84.77"
e00fce681282837e5d0586e0,3/30/2026 9:00:33,,rainfall,"1774875629,59.16528,0.00,4.06,84.77"
e00fce681282837e5d0586e0,3/30/2026 10:00:38,,rainfall,"1774879229,55.70278,0.00,4.06,84.77"
e00fce681282837e5d0586e0,3/30/2026 11:00:36,,rainfall,"1774882829,52.56667,0.00,4.06,84.77"
e00fce681282837e5d0586e0,3/30/2026 12:00:44,,rainfall,"1774886429,52.79722,0.00,4.06,84.77"
e00fce681282837e5d0586e0,3/30/2026 13:00:33,,rainfall,"1774890029,52.73056,0.00,4.06,84.77"
e00fce681282837e5d0586e0,3/30/2026 14:00:36,,rainfall,"1774893629,51.01805,0.00,4.06,84.77"
e00fce681282837e5d0586e0,3/30/2026 15:00:33,,rainfall,"1774897228,50.63194,0.00,4.06,84.77"
e00fce681282837e5d0586e0,3/30/2026 16:00:34,,rainfall,"1774900830,49.58333,0.00,4.06,84.62"
e00fce681282837e5d0586e0,3/30/2026 17:00:38,,rainfall,"1774904428,50.11806,0.00,4.06,84.62"
e00fce681282837e5d0586e0,3/30/2026 18:00:34,,rainfall,"1774908029,50.60000,0.00,4.06,84.62"
e00fce681282837e5d0586e0,3/30/2026 19:00:34,,rainfall,"1774911629,56.69584,0.00,4.06,84.62"
e00fce681282837e5d0586e0,3/30/2026 20:00:34,,rainfall,"1774915229,60.99445,0.00,4.06,84.62"
e00fce681282837e5d0586e0,3/30/2026 21:00:43,,rainfall,"1774918829,62.22500,0.00,4.06,84.62"
e00fce681282837e5d0586e0,3/30/2026 22:00:36,,rainfall,"1774922429,62.20278,0.00,4.06,84.62"
e00fce681282837e5d0586e0,3/30/2026 23:00:33,,rainfall,"1774926028,61.99583,0.00,4.06,84.62"
e00fce681282837e5d0586e0,3/31/2026 0:00:34,,rainfall,"1774929629,63.34444,0.00,4.06,84.62"
e00fce681282837e5d0586e0,3/31/2026 1:00:37,,rainfall,"1774933229,64.31111,0.00,4.06,84.62"
e00fce681282837e5d0586e0,3/31/2026 2:00:34,,rainfall,"1774936829,64.90139,0.00,4.06,84.62"
e00fce681282837e5d0586e0,3/31/2026 3:00:34,,rainfall,"1774940429,65.30000,0.00,4.06,84.62"
e00fce681282837e5d0586e0,3/31/2026 4:00:37,,rainfall,"1774944029,64.97916,0.00,4.06,84.62"
e00fce681282837e5d0586e0,3/31/2026 5:00:36,,rainfall,"1774947629,64.25555,0.00,4.06,84.62"
e00fce681282837e5d0586e0,3/31/2026 6:00:37,,rainfall,"1774951230,64.86111,0.00,4.06,84.62"
e00fce681282837e5d0586e0,3/31/2026 7:00:37,,rainfall,"1774954829,65.50139,0.00,4.06,84.62"
e00fce681282837e5d0586e0,3/31/2026 8:00:35,,rainfall,"1774958430,63.39861,0.00,4.06,84.62"
e00fce681282837e5d0586e0,3/31/2026 9:00:38,,rainfall,"1774962029,55.18750,0.00,4.06,84.62"
e00fce681282837e5d0586e0,3/31/2026 10:00:36,,rainfall,"1774965629,51.40278,0.00,4.06,84.62"
e00fce681282837e5d0586e0,3/31/2026 11:00:36,,rainfall,"1774969229,48.98611,0.00,4.06,84.62"
e00fce681282837e5d0586e0,3/31/2026 12:00:36,,rainfall,"1774972829,47.89861,0.00,4.06,84.62"
e00fce681282837e5d0586e0,3/31/2026 13:00:38,,rainfall,"1774976429,47.33055,0.00,4.06,84.62"
e00fce681282837e5d0586e0,3/31/2026 14:00:37,,rainfall,"1774980029,47.50278,0.00,4.06,84.62"
e00fce681282837e5d0586e0,3/31/2026 15:00:35,,rainfall,"1774983629,47.60139,0.00,4.06,84.62"
e00fce681282837e5d0586e0,3/31/2026 16:00:41,,rainfall,"1774987229,48.14444,0.00,4.06,84.62"
e00fce681282837e5d0586e0,3/31/2026 17:00:37,,rainfall,"1774990829,46.92222,0.00,4.06,84.62"
e00fce681282837e5d0586e0,3/31/2026 18:00:35,,rainfall,"1774994429,47.14722,0.00,4.06,84.62"
e00fce681282837e5d0586e0,3/31/2026 19:00:35,,rainfall,"1774998029,53.03333,0.00,4.06,84.62"
e00fce681282837e5d0586e0,3/31/2026 20:00:35,,rainfall,"1775001629,57.89444,0.00,4.06,84.62"
e00fce681282837e5d0586e0,3/31/2026 21:00:44,,rainfall,"1775005229,59.54583,0.00,4.06,84.62"
e00fce681282837e5d0586e0,3/31/2026 22:00:33,,rainfall,"1775008829,60.07361,0.00,4.06,84.62"
e00fce681282837e5d0586e0,3/31/2026 23:00:32,,rainfall,"1775012430,60.26111,0.00,4.06,84.62"
e00fce681282837e5d0586e0,4/1/2026 0:00:31,,rainfall,"1775016029,60.64028,0.00,4.06,84.62"
e00fce681282837e5d0586e0,4/1/2026 1:00:32,,rainfall,"1775019629,60.50278,0.00,4.06,84.62"
e00fce681282837e5d0586e0,4/1/2026 2:00:32,,rainfall,"1775023229,61.10417,0.00,4.06,84.62"
e00fce681282837e5d0586e0,4/1/2026 3:00:32,,rainfall,"1775026829,61.77500,0.00,4.06,84.62"
e00fce681282837e5d0586e0,4/1/2026 4:00:32,,rainfall,"1775030429,62.33750,0.00,4.06,84.48"
e00fce681282837e5d0586e0,4/1/2026 5:00:32,,rainfall,"1775034029,63.65972,0.00,4.06,84.48"
e00fce681282837e5d0586e0,4/1/2026 6:00:34,,rainfall,"1775037629,64.58056,0.00,4.06,84.48"
e00fce681282837e5d0586e0,4/1/2026 7:00:32,,rainfall,"1775041229,63.90556,0.00,4.06,84.48"
e00fce681282837e5d0586e0,4/1/2026 8:00:32,,rainfall,"1775044829,61.33333,0.00,4.06,84.48"
e00fce681282837e5d0586e0,4/1/2026 9:00:35,,rainfall,"1775048429,56.87917,0.00,4.06,84.48"
e00fce681282837e5d0586e0,4/1/2026 10:00:32,,rainfall,"1775052029,50.73889,0.00,4.06,84.48"
e00fce681282837e5d0586e0,4/1/2026 11:00:32,,rainfall,"1775055629,48.46111,0.00,4.06,84.48"
e00fce681282837e5d0586e0,4/1/2026 12:00:32,,rainfall,"1775059229,45.77361,0.00,4.06,84.48"
e00fce681282837e5d0586e0,4/1/2026 12:00:32,,rainfall,"1775059229,45.77361,0.00,4.06,84.48"
e00fce681282837e5d0586e0,4/1/2026 12:00:32,,rainfall,"1775059229,45.77361,0.00,4.06,84.48"
e00fce681282837e5d0586e0,4/1/2026 13:00:34,,rainfall,"1775062829,45.38055,0.00,4.06,84.48"
e00fce681282837e5d0586e0,4/1/2026 14:00:36,,rainfall,"1775066429,45.57222,0.00,4.06,84.48"
e00fce681282837e5d0586e0,4/1/2026 15:00:33,,rainfall,"1775070030,46.88334,0.00,4.06,84.48"
e00fce681282837e5d0586e0,4/1/2026 16:00:36,,rainfall,"1775073629,46.37917,0.00,4.06,84.48"
e00fce681282837e5d0586e0,4/1/2026 17:00:33,,rainfall,"1775077229,45.62500,0.00,4.06,84.48"
e00fce681282837e5d0586e0,4/1/2026 18:00:32,,rainfall,"1775080829,46.09722,0.00,4.06,84.48"
e00fce681282837e5d0586e0,4/1/2026 19:00:36,,rainfall,"1775084429,52.15417,0.00,4.06,84.48"
e00fce681282837e5d0586e0,4/1/2026 20:00:36,,rainfall,"1775088030,57.40556,0.00,4.06,84.48"
e00fce681282837e5d0586e0,4/1/2026 21:00:33,,rainfall,"1775091629,58.22222,0.00,4.06,84.48"
e00fce681282837e5d0586e0,4/1/2026 22:00:33,,rainfall,"1775095229,58.53472,0.00,4.06,84.48"
e00fce681282837e5d0586e0,4/1/2026 23:00:33,,rainfall,"1775098829,59.36666,0.00,4.06,84.48"
e00fce681282837e5d0586e0,4/2/2026 0:00:34,,rainfall,"1775102429,59.75000,0.00,4.06,84.48"
e00fce681282837e5d0586e0,4/2/2026 1:00:33,,rainfall,"1775106029,60.36806,0.00,4.06,84.48"
e00fce681282837e5d0586e0,4/2/2026 2:00:37,,rainfall,"1775109629,61.87361,0.00,4.06,84.48"
e00fce681282837e5d0586e0,4/2/2026 3:00:35,,rainfall,"1775113229,63.56944,0.00,4.06,84.48"
e00fce681282837e5d0586e0,4/2/2026 4:00:36,,rainfall,"1775116829,63.62500,0.00,4.06,84.48"
e00fce681282837e5d0586e0,4/2/2026 5:00:33,,rainfall,"1775120429,63.75834,0.00,4.06,84.48"
e00fce681282837e5d0586e0,4/2/2026 6:00:33,,rainfall,"1775124029,64.06944,0.00,4.06,84.48"
e00fce681282837e5d0586e0,4/2/2026 7:00:34,,rainfall,"1775127629,64.39584,0.00,4.06,84.48"
e00fce681282837e5d0586e0,4/2/2026 8:00:34,,rainfall,"1775131229,62.04722,0.00,4.06,84.48"
e00fce681282837e5d0586e0,4/2/2026 9:00:35,,rainfall,"1775134830,51.50417,0.00,4.06,84.48"
e00fce681282837e5d0586e0,4/2/2026 10:00:34,,rainfall,"1775138430,48.27778,0.00,4.06,84.48"
e00fce681282837e5d0586e0,4/2/2026 11:00:37,,rainfall,"1775142029,48.36111,0.00,4.06,84.48"
e00fce681282837e5d0586e0,4/2/2026 12:00:35,,rainfall,"1775145629,50.10695,0.00,4.06,84.48"
e00fce681282837e5d0586e0,4/2/2026 13:00:36,,rainfall,"1775149229,48.80695,0.00,4.06,84.48"
e00fce681282837e5d0586e0,4/2/2026 14:00:34,,rainfall,"1775152829,48.85833,0.00,4.06,84.48"
e00fce681282837e5d0586e0,4/2/2026 15:00:36,,rainfall,"1775156430,47.89167,0.00,4.06,84.48"
e00fce681282837e5d0586e0,4/2/2026 16:00:36,,rainfall,"1775160029,47.28056,0.00,4.06,84.48"
e00fce681282837e5d0586e0,4/2/2026 17:00:34,,rainfall,"1775163629,46.31250,0.00,4.06,84.48"
e00fce681282837e5d0586e0,4/2/2026 18:00:38,,rainfall,"1775167229,45.89028,0.00,4.06,84.48"
e00fce681282837e5d0586e0,4/2/2026 19:00:35,,rainfall,"1775170829,51.44722,0.00,4.06,84.48"
e00fce681282837e5d0586e0,4/2/2026 20:00:38,,rainfall,"1775174429,58.33333,0.00,4.06,84.48"
e00fce681282837e5d0586e0,4/2/2026 21:00:41,,rainfall,"1775178030,58.19167,0.00,4.06,84.48"
e00fce681282837e5d0586e0,4/2/2026 22:00:35,,rainfall,"1775181629,59.00972,0.00,4.06,84.34"
e00fce681282837e5d0586e0,4/2/2026 23:00:35,,rainfall,"1775185230,59.70000,0.00,4.06,84.34"
e00fce681282837e5d0586e0,4/3/2026 0:00:35,,rainfall,"1775188828,60.00694,0.00,4.06,84.34"
e00fce681282837e5d0586e0,4/3/2026 1:00:36,,rainfall,"1775192430,60.46667,0.00,4.06,84.34"
e00fce681282837e5d0586e0,4/3/2026 2:00:36,,rainfall,"1775196030,60.28333,0.00,4.06,84.34"
e00fce681282837e5d0586e0,4/3/2026 3:00:35,,rainfall,"1775199629,60.00417,0.00,4.06,84.34"
e00fce681282837e5d0586e0,4/3/2026 4:00:38,,rainfall,"1775203230,61.31111,0.00,4.06,84.34"
e00fce681282837e5d0586e0,4/3/2026 5:00:37,,rainfall,"1775206830,61.97500,0.00,4.06,84.34"
e00fce681282837e5d0586e0,4/3/2026 6:00:38,,rainfall,"1775210428,62.93472,0.00,4.06,84.34"
e00fce681282837e5d0586e0,4/3/2026 7:00:36,,rainfall,"1775214030,63.17916,0.00,4.06,84.34"
e00fce681282837e5d0586e0,4/3/2026 8:00:35,,rainfall,"1775217629,61.04167,0.00,4.06,84.34"
e00fce681282837e5d0586e0,4/3/2026 9:00:37,,rainfall,"1775221229,50.56944,0.00,4.06,84.34"
e00fce681282837e5d0586e0,4/3/2026 10:00:39,,rainfall,"1775224829,47.64028,0.00,4.06,84.34"
e00fce681282837e5d0586e0,4/3/2026 11:00:37,,rainfall,"1775228429,46.99861,0.00,4.06,84.34"
e00fce681282837e5d0586e0,4/3/2026 12:00:37,,rainfall,"1775232030,46.11528,0.00,4.06,84.34"
e00fce681282837e5d0586e0,4/3/2026 13:00:38,,rainfall,"1775235628,47.72222,0.00,4.06,84.34"
e00fce681282837e5d0586e0,4/3/2026 14:00:39,,rainfall,"1775239229,47.89583,0.00,4.06,84.34"
e00fce681282837e5d0586e0,4/3/2026 15:00:37,,rainfall,"1775242830,46.74166,0.00,4.06,84.34"
e00fce681282837e5d0586e0,4/3/2026 16:00:39,,rainfall,"1775246430,45.88055,0.00,4.06,84.34"
e00fce681282837e5d0586e0,4/3/2026 17:00:40,,rainfall,"1775250030,45.15139,0.00,4.06,84.34"
e00fce681282837e5d0586e0,4/3/2026 18:00:40,,rainfall,"1775253630,45.97500,0.00,4.06,84.34"
e00fce681282837e5d0586e0,4/3/2026 19:00:36,,rainfall,"1775257229,51.92916,0.00,4.06,84.34"
e00fce681282837e5d0586e0,4/3/2026 20:00:38,,rainfall,"1775260830,56.97083,0.00,4.06,84.34"
e00fce681282837e5d0586e0,4/3/2026 21:00:48,,rainfall,"1775264430,58.79583,0.00,4.06,84.34"
e00fce681282837e5d0586e0,4/3/2026 22:00:32,,rainfall,"1775268030,60.28472,0.00,4.06,84.34"
e00fce681282837e5d0586e0,4/3/2026 23:00:35,,rainfall,"1775271629,60.74583,0.00,4.06,84.34"
e00fce681282837e5d0586e0,4/4/2026 0:00:32,,rainfall,"1775275229,60.98611,0.00,4.06,84.34"
e00fce681282837e5d0586e0,4/4/2026 1:00:33,,rainfall,"1775278830,60.85278,0.00,4.06,84.34"
e00fce681282837e5d0586e0,4/4/2026 2:00:35,,rainfall,"1775282430,61.59444,0.00,4.06,84.34"
e00fce681282837e5d0586e0,4/4/2026 3:00:38,,rainfall,"1775286030,62.36528,0.00,4.06,84.34"
e00fce681282837e5d0586e0,4/4/2026 4:00:32,,rainfall,"1775289629,62.90278,0.00,4.06,84.34"
e00fce681282837e5d0586e0,4/4/2026 5:00:32,,rainfall,"1775293229,63.19305,0.00,4.06,84.34"
e00fce681282837e5d0586e0,4/4/2026 6:00:32,,rainfall,"1775296829,63.06805,0.00,4.06,84.34"
e00fce681282837e5d0586e0,4/4/2026 7:00:35,,rainfall,"1775300429,63.36250,0.00,4.06,84.34"
e00fce681282837e5d0586e0,4/4/2026 8:00:32,,rainfall,"1775304029,59.70972,0.00,4.06,84.34"
e00fce681282837e5d0586e0,4/4/2026 9:00:35,,rainfall,"1775307629,49.42083,0.00,4.06,84.34"
e00fce681282837e5d0586e0,4/4/2026 10:00:32,,rainfall,"1775311229,47.49306,0.00,4.06,84.34"
e00fce681282837e5d0586e0,4/4/2026 11:00:32,,rainfall,"1775314829,46.45694,0.00,4.06,84.34"
e00fce681282837e5d0586e0,4/4/2026 12:00:33,,rainfall,"1775318429,47.16667,0.00,4.06,84.17"
e00fce681282837e5d0586e0,4/4/2026 13:00:32,,rainfall,"1775322029,47.10972,0.00,4.06,84.17"
e00fce681282837e5d0586e0,4/4/2026 14:00:35,,rainfall,"1775325629,47.04306,0.00,4.06,84.17"
e00fce681282837e5d0586e0,4/4/2026 15:00:37,,rainfall,"1775329231,46.58472,0.00,4.06,84.17"
e00fce681282837e5d0586e0,4/4/2026 16:00:33,,rainfall,"1775332829,46.12361,0.00,4.06,84.17"
e00fce681282837e5d0586e0,4/4/2026 17:00:37,,rainfall,"1775336429,45.18472,0.00,4.06,84.17"
e00fce681282837e5d0586e0,4/4/2026 18:00:35,,rainfall,"1775340030,45.31250,0.00,4.06,84.17"
e00fce681282837e5d0586e0,4/4/2026 19:00:37,,rainfall,"1775343631,51.15000,0.00,4.06,84.17"
e00fce681282837e5d0586e0,4/4/2026 20:00:33,,rainfall,"1775347229,56.67361,0.00,4.06,84.17"
e00fce681282837e5d0586e0,4/4/2026 21:00:34,,rainfall,"1775350830,58.88611,0.00,4.06,84.17"
e00fce681282837e5d0586e0,4/4/2026 22:00:34,,rainfall,"1775354429,58.15417,0.00,4.06,84.17"
e00fce681282837e5d0586e0,4/4/2026 23:00:34,,rainfall,"1775358030,58.97917,0.00,4.06,84.17"
e00fce681282837e5d0586e0,4/5/2026 0:00:34,,rainfall,"1775361630,59.30833,0.00,4.06,84.17"
e00fce681282837e5d0586e0,4/5/2026 1:00:36,,rainfall,"1775365230,59.32084,0.00,4.06,84.17"
e00fce681282837e5d0586e0,4/5/2026 2:00:33,,rainfall,"1775368829,58.27778,0.00,4.06,84.17"
e00fce681282837e5d0586e0,4/5/2026 3:00:34,,rainfall,"1775372430,58.26528,0.00,4.06,84.17"
e00fce681282837e5d0586e0,4/5/2026 4:00:37,,rainfall,"1775376030,57.85833,0.00,4.06,84.17"
e00fce681282837e5d0586e0,4/5/2026 5:00:38,,rainfall,"1775379629,59.19722,0.00,4.06,84.17"
e00fce681282837e5d0586e0,4/5/2026 6:00:34,,rainfall,"1775383230,58.71528,0.00,4.06,84.17"
e00fce681282837e5d0586e0,4/5/2026 7:00:36,,rainfall,"1775386830,58.25972,0.00,4.06,84.17"
e00fce681282837e5d0586e0,4/5/2026 8:00:34,,rainfall,"1775390429,55.50694,0.00,4.06,84.17"
e00fce681282837e5d0586e0,4/5/2026 9:00:34,,rainfall,"1775394029,48.67083,0.00,4.06,84.17"
e00fce681282837e5d0586e0,4/5/2026 10:00:35,,rainfall,"1775397629,47.41806,0.00,4.06,84.17"
e00fce681282837e5d0586e0,4/5/2026 11:00:34,,rainfall,"1775401229,46.40278,0.00,4.06,84.17"
e00fce681282837e5d0586e0,4/5/2026 12:00:35,,rainfall,"1775404829,45.59306,0.00,4.06,84.17"
e00fce681282837e5d0586e0,4/5/2026 13:00:36,,rainfall,"1775408430,44.70417,0.00,4.06,84.17"
e00fce681282837e5d0586e0,4/5/2026 14:00:36,,rainfall,"1775412028,45.06250,0.00,4.06,84.17"
e00fce681282837e5d0586e0,4/5/2026 15:00:40,,rainfall,"1775415630,44.70000,0.00,4.06,84.17"
e00fce681282837e5d0586e0,4/5/2026 16:00:35,,rainfall,"1775419230,45.12083,0.00,4.05,84.17"
e00fce681282837e5d0586e0,4/5/2026 17:00:43,,rainfall,"1775422829,47.15694,0.00,4.05,84.17"
e00fce681282837e5d0586e0,4/5/2026 18:00:35,,rainfall,"1775426429,53.94028,0.00,4.05,84.17"
e00fce681282837e5d0586e0,4/5/2026 19:00:35,,rainfall,"1775430030,56.85695,0.28,4.05,84.17"
e00fce681282837e5d0586e0,4/5/2026 20:00:36,,rainfall,"1775433629,51.37778,0.00,4.05,84.17"
e00fce681282837e5d0586e0,4/5/2026 21:00:37,,rainfall,"1775437229,54.61666,0.00,4.05,84.17"
e00fce681282837e5d0586e0,4/5/2026 22:00:41,,rainfall,"1775440830,58.08194,0.00,4.05,84.17"
e00fce681282837e5d0586e0,4/5/2026 23:00:38,,rainfall,"1775444429,60.64167,0.00,4.05,84.17"
e00fce681282837e5d0586e0,4/6/2026 0:00:35,,rainfall,"1775448029,63.20139,0.00,4.05,84.01"
e00fce681282837e5d0586e0,4/6/2026 1:00:36,,rainfall,"1775451629,65.01667,0.00,4.05,84.01"
e00fce681282837e5d0586e0,4/6/2026 2:00:35,,rainfall,"1775455229,66.72222,0.56,4.05,84.01"
e00fce681282837e5d0586e0,4/6/2026 3:00:36,,rainfall,"1775458829,68.26111,0.00,4.05,84.01"
e00fce681282837e5d0586e0,4/6/2026 4:00:38,,rainfall,"1775462429,66.43195,0.00,4.05,84.01"
e00fce681282837e5d0586e0,4/6/2026 5:00:36,,rainfall,"1775466029,67.37361,0.00,4.05,84.01"
e00fce681282837e5d0586e0,4/6/2026 6:00:38,,rainfall,"1775469629,69.07639,0.00,4.05,84.01"
e00fce681282837e5d0586e0,4/6/2026 7:00:38,,rainfall,"1775473228,70.08611,0.00,4.05,84.01"
e00fce681282837e5d0586e0,4/6/2026 8:00:37,,rainfall,"1775476830,70.19722,0.00,4.05,84.01"
e00fce681282837e5d0586e0,4/6/2026 9:00:37,,rainfall,"1775480430,68.62222,0.00,4.05,84.01"
e00fce681282837e5d0586e0,4/6/2026 10:00:35,,rainfall,"1775484029,67.41389,0.00,4.05,84.01"
e00fce681282837e5d0586e0,4/6/2026 11:00:37,,rainfall,"1775487630,61.67639,0.00,4.05,84.01"
e00fce681282837e5d0586e0,4/6/2026 12:00:54,,rainfall,"1775491230,63.54861,0.00,4.05,84.01"
e00fce681282837e5d0586e0,4/6/2026 13:00:37,,rainfall,"1775494829,62.31805,0.00,4.05,84.01"
e00fce681282837e5d0586e0,4/6/2026 14:00:38,,rainfall,"1775498429,61.63194,0.00,4.05,84.01"
e00fce681282837e5d0586e0,4/6/2026 15:00:38,,rainfall,"1775502030,60.71528,0.00,4.05,84.01"
e00fce681282837e5d0586e0,4/6/2026 16:00:37,,rainfall,"1775505630,58.30556,0.00,4.05,84.01"
e00fce681282837e5d0586e0,4/6/2026 17:00:36,,rainfall,"1775509228,57.55000,0.00,4.05,84.01"
e00fce681282837e5d0586e0,4/6/2026 18:00:37,,rainfall,"1775512829,62.98611,0.00,4.05,84.01"
e00fce681282837e5d0586e0,4/6/2026 19:00:45,,rainfall,"1775516429,66.26806,0.00,4.05,84.01"
e00fce681282837e5d0586e0,4/6/2026 20:00:37,,rainfall,"1775520029,68.38333,0.00,4.05,84.01"
e00fce681282837e5d0586e0,4/6/2026 21:00:44,,rainfall,"1775523630,70.14722,0.00,4.05,84.01"
e00fce681282837e5d0586e0,4/6/2026 22:00:37,,rainfall,"1775527230,73.09722,0.00,4.05,84.01"
e00fce681282837e5d0586e0,4/6/2026 23:00:30,,rainfall,"1775530829,73.41111,0.00,4.05,84.01"
e00fce681282837e5d0586e0,4/7/2026 0:00:36,,rainfall,"1775534429,73.05139,0.00,4.05,84.01"
e00fce681282837e5d0586e0,4/7/2026 1:00:31,,rainfall,"1775538029,73.39027,0.00,4.05,84.01"
e00fce681282837e5d0586e0,4/7/2026 2:00:32,,rainfall,"1775541629,74.07361,0.00,4.05,84.01"
e00fce681282837e5d0586e0,4/7/2026 3:00:34,,rainfall,"1775545229,72.58750,0.00,4.05,84.01"
e00fce681282837e5d0586e0,4/7/2026 4:00:35,,rainfall,"1775548830,73.16666,0.00,4.05,84.01"
e00fce681282837e5d0586e0,4/7/2026 5:09:32,,rainfall,"1775552429,73.02222,0.00,4.05,84.01"
e00fce681282837e5d0586e0,4/7/2026 6:01:56,,rainfall,"1775556030,73.27639,0.00,4.05,83.85"
e00fce681282837e5d0586e0,4/7/2026 7:00:25,,rainfall,"1775559620,73.40278,0.00,4.05,83.85"
e00fce681282837e5d0586e0,4/7/2026 8:00:33,,rainfall,"1775563229,72.49722,0.00,4.05,83.85"
e00fce681282837e5d0586e0,4/7/2026 9:00:32,,rainfall,"1775566829,68.12361,0.00,4.05,83.85"
e00fce681282837e5d0586e0,4/7/2026 10:00:35,,rainfall,"1775570429,62.93750,0.00,4.05,83.85"
e00fce681282837e5d0586e0,4/7/2026 11:00:32,,rainfall,"1775574029,57.93056,0.00,4.05,83.85"
e00fce681282837e5d0586e0,4/7/2026 12:00:34,,rainfall,"1775577629,54.44861,0.00,4.05,83.85"
e00fce681282837e5d0586e0,4/7/2026 13:00:33,,rainfall,"1775581229,52.02778,0.00,4.05,83.85"
e00fce681282837e5d0586e0,4/7/2026 14:00:33,,rainfall,"1775584829,50.93750,0.00,4.05,83.85"
e00fce681282837e5d0586e0,4/7/2026 15:00:33,,rainfall,"1775588429,51.28750,0.00,4.05,83.85"
,,,,
,,,,
e00fce681282837e5d0586e0,4/7/2026 16:00:32,,rainfall,"1775592029,51.31389,0.00,4.05,83.85"
e00fce681282837e5d0586e0,4/7/2026 17:00:33,,rainfall,"1775595629,52.99583,0.00,4.05,83.85"
e00fce681282837e5d0586e0,4/7/2026 18:00:36,,rainfall,"1775599229,56.41806,0.00,4.05,83.85"
e00fce681282837e5d0586e0,4/7/2026 19:00:33,,rainfall,"1775602829,59.32639,0.00,4.05,83.85"
e00fce681282837e5d0586e0,4/7/2026 20:00:33,,rainfall,"1775606429,62.36945,0.00,4.05,83.85"
e00fce681282837e5d0586e0,4/7/2026 21:00:34,,rainfall,"1775610029,63.79861,0.00,4.05,83.85"
e00fce681282837e5d0586e0,4/7/2026 22:00:33,,rainfall,"1775613629,64.63333,0.00,4.05,83.85"
e00fce681282837e5d0586e0,4/7/2026 23:00:34,,rainfall,"1775617229,65.03056,0.00,4.05,83.85"
e00fce681282837e5d0586e0,4/8/2026 0:00:34,,rainfall,"1775620830,65.67083,0.00,4.05,83.85"
e00fce681282837e5d0586e0,4/8/2026 1:00:36,,rainfall,"1775624429,67.20556,0.00,4.05,83.85"
e00fce681282837e5d0586e0,4/8/2026 2:00:34,,rainfall,"1775628030,67.49445,0.00,4.05,83.85"
e00fce681282837e5d0586e0,4/8/2026 3:00:35,,rainfall,"1775631629,67.88333,0.00,4.05,83.85"
e00fce681282837e5d0586e0,4/8/2026 4:00:34,,rainfall,"1775635230,68.55278,0.00,4.05,83.85"
e00fce681282837e5d0586e0,4/8/2026 5:00:36,,rainfall,"1775638829,69.47361,0.00,4.05,83.85"
e00fce681282837e5d0586e0,4/8/2026 6:00:41,,rainfall,"1775642429,69.59861,0.00,4.05,83.85"
e00fce681282837e5d0586e0,4/8/2026 7:00:39,,rainfall,"1775646030,70.42917,0.00,4.05,83.85"
e00fce681282837e5d0586e0,4/8/2026 8:00:37,,rainfall,"1775649629,69.09583,0.00,4.05,83.85"
e00fce681282837e5d0586e0,4/8/2026 9:00:35,,rainfall,"1775653230,64.57639,0.00,4.05,83.85"
e00fce681282837e5d0586e0,4/8/2026 10:00:40,,rainfall,"1775656830,62.02778,0.00,4.05,83.85"
e00fce681282837e5d0586e0,4/8/2026 11:00:34,,rainfall,"1775660429,60.92361,0.00,4.05,83.85"
e00fce681282837e5d0586e0,4/8/2026 12:00:34,,rainfall,"1775664029,60.37639,0.00,4.05,83.85"
e00fce681282837e5d0586e0,4/8/2026 13:00:36,,rainfall,"1775667630,60.41667,0.00,4.05,83.85"
e00fce681282837e5d0586e0,4/8/2026 14:00:36,,rainfall,"1775671230,59.17222,0.00,4.05,83.85"
e00fce681282837e5d0586e0,4/8/2026 15:00:36,,rainfall,"1775674830,56.58611,0.00,4.05,83.85"
e00fce681282837e5d0586e0,4/8/2026 16:00:34,,rainfall,"1775678429,56.09167,0.00,4.05,83.85"
e00fce681282837e5d0586e0,4/8/2026 17:00:36,,rainfall,"1775682030,55.50278,0.00,4.05,83.85"
e00fce681282837e5d0586e0,4/8/2026 18:00:34,,rainfall,"1775685628,56.83055,0.00,4.05,83.85"
e00fce681282837e5d0586e0,4/8/2026 19:00:35,,rainfall,"1775689229,64.22639,0.00,4.05,83.85"
e00fce681282837e5d0586e0,4/8/2026 20:00:37,,rainfall,"1775692829,67.72361,0.00,4.05,83.85"
e00fce681282837e5d0586e0,4/8/2026 21:00:38,,rainfall,"1775696429,69.39584,0.00,4.05,83.85"
e00fce681282837e5d0586e0,4/8/2026 22:00:34,,rainfall,"1775700029,70.06250,0.00,4.05,83.85"
e00fce681282837e5d0586e0,4/8/2026 23:00:37,,rainfall,"1775703629,71.79444,0.00,4.05,83.85"
e00fce681282837e5d0586e0,4/9/2026 0:00:38,,rainfall,"1775707229,73.29583,0.00,4.05,83.85"
e00fce681282837e5d0586e0,4/9/2026 1:00:35,,rainfall,"1775710828,73.13750,0.00,4.05,83.85"
e00fce681282837e5d0586e0,4/9/2026 2:00:37,,rainfall,"1775714430,73.84306,0.00,4.05,83.85"
e00fce681282837e5d0586e0,4/9/2026 3:00:38,,rainfall,"1775718029,74.57639,0.00,4.05,83.85"
e00fce681282837e5d0586e0,4/9/2026 4:00:35,,rainfall,"1775721629,74.51111,0.00,4.05,83.85"
e00fce681282837e5d0586e0,4/9/2026 5:00:39,,rainfall,"1775725229,74.71528,0.00,4.05,83.85"
e00fce681282837e5d0586e0,4/9/2026 6:00:36,,rainfall,"1775728829,74.83056,0.00,4.05,83.85"
e00fce681282837e5d0586e0,4/9/2026 7:00:38,,rainfall,"1775732430,74.88611,0.00,4.05,83.85"
e00fce681282837e5d0586e0,4/9/2026 8:00:41,,rainfall,"1775736029,71.17361,0.00,4.05,83.85"
e00fce681282837e5d0586e0,4/9/2026 9:00:35,,rainfall,"1775739629,65.92361,0.00,4.05,83.85"
e00fce681282837e5d0586e0,4/9/2026 10:00:37,,rainfall,"1775743230,61.65278,0.00,4.05,83.85"
e00fce681282837e5d0586e0,4/9/2026 11:00:36,,rainfall,"1775746830,57.83611,0.00,4.05,83.85"
e00fce681282837e5d0586e0,4/9/2026 12:00:39,,rainfall,"1775750430,57.41111,0.00,4.05,83.85"
e00fce681282837e5d0586e0,4/9/2026 13:00:37,,rainfall,"1775754028,54.68333,0.00,4.05,83.68"
e00fce681282837e5d0586e0,4/9/2026 14:00:36,,rainfall,"1775757629,53.23472,0.00,4.05,83.68"
e00fce681282837e5d0586e0,4/9/2026 15:00:39,,rainfall,"1775761230,52.97083,0.00,4.05,83.68"
e00fce681282837e5d0586e0,4/9/2026 16:00:36,,rainfall,"1775764829,50.95139,0.00,4.05,83.68"
e00fce681282837e5d0586e0,4/9/2026 17:00:39,,rainfall,"1775768429,49.03333,0.00,4.05,83.68"
e00fce681282837e5d0586e0,4/9/2026 18:00:40,,rainfall,"1775772029,51.67222,0.00,4.05,83.68"
e00fce681282837e5d0586e0,4/9/2026 19:00:37,,rainfall,"1775775630,58.40972,0.00,4.05,83.68"
e00fce681282837e5d0586e0,4/9/2026 20:00:39,,rainfall,"1775779230,62.75834,0.00,4.05,83.68"
e00fce681282837e5d0586e0,4/9/2026 21:00:44,,rainfall,"1775782830,64.18056,0.00,4.05,83.68"
e00fce681282837e5d0586e0,4/9/2026 22:00:32,,rainfall,"1775786429,65.07083,0.00,4.05,83.68"
e00fce681282837e5d0586e0,4/9/2026 23:00:34,,rainfall,"1775790029,65.43195,0.00,4.05,83.68"
e00fce681282837e5d0586e0,4/10/2026 0:00:31,,rainfall,"1775793629,65.65556,0.00,4.05,83.68"
e00fce681282837e5d0586e0,4/10/2026 1:00:32,,rainfall,"1775797230,66.60278,0.00,4.05,83.68"
e00fce681282837e5d0586e0,4/10/2026 2:00:36,,rainfall,"1775800829,66.62500,0.00,4.05,83.68"
e00fce681282837e5d0586e0,4/10/2026 3:00:33,,rainfall,"1775804430,67.13750,0.00,4.05,83.68"
e00fce681282837e5d0586e0,4/10/2026 4:00:32,,rainfall,"1775808029,68.95277,0.00,4.05,83.68"
e00fce681282837e5d0586e0,4/10/2026 5:00:32,,rainfall,"1775811629,70.43611,0.00,4.05,83.68"
e00fce681282837e5d0586e0,4/10/2026 6:00:32,,rainfall,"1775815230,70.80833,0.00,4.05,83.68"
e00fce681282837e5d0586e0,4/10/2026 7:00:32,,rainfall,"1775818829,71.12500,0.00,4.05,83.68"
e00fce681282837e5d0586e0,4/10/2026 8:00:33,,rainfall,"1775822430,66.96944,0.00,4.05,83.68"
e00fce681282837e5d0586e0,4/10/2026 9:00:34,,rainfall,"1775826031,57.29445,0.00,4.05,83.68"
e00fce681282837e5d0586e0,4/10/2026 10:00:36,,rainfall,"1775829630,53.09306,0.00,4.05,83.68"
e00fce681282837e5d0586e0,4/10/2026 11:00:34,,rainfall,"1775833229,51.25555,0.00,4.05,83.68"
e00fce681282837e5d0586e0,4/10/2026 12:00:33,,rainfall,"1775836830,52.14583,0.00,4.05,83.68"
e00fce681282837e5d0586e0,4/10/2026 13:00:33,,rainfall,"1775840429,51.81250,0.00,4.05,83.68"
e00fce681282837e5d0586e0,4/10/2026 14:00:40,,rainfall,"1775844031,52.19305,0.00,4.05,83.68"
e00fce681282837e5d0586e0,4/10/2026 15:00:33,,rainfall,"1775847629,51.24722,0.00,4.05,83.68"
e00fce681282837e5d0586e0,4/10/2026 16:00:36,,rainfall,"1775851230,49.51944,0.00,4.05,83.68"
e00fce681282837e5d0586e0,4/10/2026 17:00:34,,rainfall,"1775854829,48.80972,0.00,4.05,83.68"
e00fce681282837e5d0586e0,4/10/2026 18:00:33,,rainfall,"1775858430,47.27083,0.00,4.05,83.68"
e00fce681282837e5d0586e0,4/10/2026 19:00:34,,rainfall,"1775862029,53.99306,0.00,4.05,83.68"
e00fce681282837e5d0586e0,4/10/2026 20:00:34,,rainfall,"1775865629,62.26111,0.00,4.05,83.68"
e00fce681282837e5d0586e0,4/10/2026 21:00:33,,rainfall,"1775869229,65.22361,0.00,4.05,83.68"
e00fce681282837e5d0586e0,4/10/2026 22:00:34,,rainfall,"1775872829,66.66528,0.00,4.05,83.68"
e00fce681282837e5d0586e0,4/10/2026 23:00:38,,rainfall,"1775876429,67.40556,0.00,4.05,83.68"
e00fce681282837e5d0586e0,4/11/2026 0:00:33,,rainfall,"1775880029,67.98473,0.00,4.05,83.68"
e00fce681282837e5d0586e0,4/11/2026 1:00:37,,rainfall,"1775883630,68.22361,0.00,4.05,83.68"
e00fce681282837e5d0586e0,4/11/2026 2:00:34,,rainfall,"1775887229,68.82500,0.00,4.05,83.68"
e00fce681282837e5d0586e0,4/11/2026 3:00:36,,rainfall,"1775890830,69.15833,0.00,4.05,83.68"
e00fce681282837e5d0586e0,4/11/2026 4:00:36,,rainfall,"1775894429,69.11528,0.00,4.05,83.68"
e00fce681282837e5d0586e0,4/11/2026 5:00:36,,rainfall,"1775898030,69.42223,0.00,4.05,83.68"
e00fce681282837e5d0586e0,4/11/2026 6:00:34,,rainfall,"1775901629,69.53333,0.00,4.05,83.68"
e00fce681282837e5d0586e0,4/11/2026 7:00:34,,rainfall,"1775905229,68.97916,0.00,4.05,83.68"
e00fce681282837e5d0586e0,4/11/2026 8:00:35,,rainfall,"1775908830,63.93195,0.00,4.05,83.68"
e00fce681282837e5d0586e0,4/11/2026 9:00:34,,rainfall,"1775912429,55.95694,0.00,4.05,83.68"
e00fce681282837e5d0586e0,4/11/2026 10:00:35,,rainfall,"1775916029,52.75000,0.00,4.05,83.52"
e00fce681282837e5d0586e0,4/11/2026 11:00:39,,rainfall,"1775919630,50.00278,0.00,4.05,83.52"
e00fce681282837e5d0586e0,4/11/2026 12:00:37,,rainfall,"1775923230,47.16667,0.00,4.05,83.52"
e00fce681282837e5d0586e0,4/11/2026 13:00:38,,rainfall,"1775926830,44.75000,0.00,4.05,83.52"
e00fce681282837e5d0586e0,4/11/2026 14:00:39,,rainfall,"1775930430,43.78194,0.00,4.05,83.52"
e00fce681282837e5d0586e0,4/11/2026 15:00:34,,rainfall,"1775934029,43.90139,0.00,4.05,83.52"
e00fce681282837e5d0586e0,4/11/2026 16:00:36,,rainfall,"1775937630,42.67361,0.00,4.05,83.52"
e00fce681282837e5d0586e0,4/11/2026 17:00:35,,rainfall,"1775941229,42.34306,0.00,4.05,83.52"
e00fce681282837e5d0586e0,4/11/2026 18:00:38,,rainfall,"1775944830,42.41250,0.00,4.05,83.52"
e00fce681282837e5d0586e0,4/11/2026 19:00:37,,rainfall,"1775948429,48.82361,0.00,4.05,83.52"
e00fce681282837e5d0586e0,4/11/2026 20:00:36,,rainfall,"1775952030,57.51389,0.00,4.05,83.52"
e00fce681282837e5d0586e0,4/11/2026 21:00:36,,rainfall,"1775955629,60.38055,0.00,4.05,83.52"
e00fce681282837e5d0586e0,4/11/2026 22:00:35,,rainfall,"1775959229,61.72639,0.00,4.05,83.52"
e00fce681282837e5d0586e0,4/11/2026 23:00:35,,rainfall,"1775962829,62.30278,0.00,4.05,83.52"
e00fce681282837e5d0586e0,4/12/2026 0:00:36,,rainfall,"1775966430,63.37778,0.00,4.05,83.52"
e00fce681282837e5d0586e0,4/12/2026 1:00:40,,rainfall,"1775970029,64.00139,0.00,4.05,83.52"
e00fce681282837e5d0586e0,4/12/2026 2:00:55,,rainfall,"1775973630,64.37500,0.00,4.05,83.52"
e00fce681282837e5d0586e0,4/12/2026 3:00:36,,rainfall,"1775977229,65.20277,0.00,4.05,83.52"
e00fce681282837e5d0586e0,4/12/2026 4:00:36,,rainfall,"1775980829,65.32361,0.00,4.05,83.52"
e00fce681282837e5d0586e0,4/12/2026 5:00:36,,rainfall,"1775984429,63.73333,0.00,4.05,83.52"
e00fce681282837e5d0586e0,4/12/2026 6:00:40,,rainfall,"1775988029,63.43611,0.00,4.05,83.52"
e00fce681282837e5d0586e0,4/12/2026 7:00:37,,rainfall,"1775991629,62.33055,0.00,4.05,83.52"
e00fce681282837e5d0586e0,4/12/2026 8:00:37,,rainfall,"1775995230,59.74306,0.00,4.05,83.52"
e00fce681282837e5d0586e0,4/12/2026 9:00:39,,rainfall,"1775998829,51.37083,0.00,4.05,83.52"
e00fce681282837e5d0586e0,4/12/2026 10:00:38,,rainfall,"1776002429,49.48611,0.00,4.05,83.52"
e00fce681282837e5d0586e0,4/12/2026 11:00:39,,rainfall,"1776006029,49.96528,0.00,4.05,83.52"
e00fce681282837e5d0586e0,4/12/2026 12:00:39,,rainfall,"1776009630,49.30833,0.00,4.05,83.52"
e00fce681282837e5d0586e0,4/12/2026 13:00:41,,rainfall,"1776013229,47.23472,0.00,4.05,83.52"
e00fce681282837e5d0586e0,4/12/2026 14:00:41,,rainfall,"1776016829,47.79722,0.00,4.05,83.52"
e00fce681282837e5d0586e0,4/12/2026 15:00:37,,rainfall,"1776020429,44.25278,0.00,4.05,83.52"
e00fce681282837e5d0586e0,4/12/2026 16:00:39,,rainfall,"1776024030,45.83055,0.00,4.05,83.52"
e00fce681282837e5d0586e0,4/12/2026 17:00:38,,rainfall,"1776027630,45.13750,0.00,4.05,83.52"
e00fce681282837e5d0586e0,4/12/2026 18:00:37,,rainfall,"1776031229,47.29861,0.00,4.05,83.52"
e00fce681282837e5d0586e0,4/12/2026 19:00:37,,rainfall,"1776034830,53.12083,0.00,4.05,83.52"
e00fce681282837e5d0586e0,4/12/2026 20:00:39,,rainfall,"1776038429,59.07917,0.00,4.05,83.52"
e00fce681282837e5d0586e0,4/12/2026 21:00:48,,rainfall,"1776042030,60.45139,0.00,4.05,83.52"
e00fce681282837e5d0586e0,4/12/2026 22:00:31,,rainfall,"1776045629,61.04583,0.00,4.05,83.52"
e00fce681282837e5d0586e0,4/12/2026 23:00:31,,rainfall,"1776049229,60.10417,0.00,4.05,83.52"
e00fce681282837e5d0586e0,4/13/2026 0:00:32,,rainfall,"1776052829,60.54028,0.00,4.05,83.52"
e00fce681282837e5d0586e0,4/13/2026 1:00:34,,rainfall,"1776056430,61.67778,0.00,4.05,83.52"
e00fce681282837e5d0586e0,4/13/2026 2:00:34,,rainfall,"1776060029,61.92916,0.00,4.05,83.52"
e00fce681282837e5d0586e0,4/13/2026 3:00:41,,rainfall,"1776063629,62.30139,0.00,4.05,83.52"
e00fce681282837e5d0586e0,4/13/2026 4:00:33,,rainfall,"1776067229,63.16945,0.00,4.05,83.52"
e00fce681282837e5d0586e0,4/13/2026 5:00:33,,rainfall,"1776070828,63.51667,0.00,4.05,83.52"
e00fce681282837e5d0586e0,4/13/2026 6:00:32,,rainfall,"1776074430,64.16250,0.00,4.05,83.52"
e00fce681282837e5d0586e0,4/13/2026 7:00:35,,rainfall,"1776078029,64.08334,0.00,4.05,83.52"
e00fce681282837e5d0586e0,4/13/2026 8:00:33,,rainfall,"1776081630,58.92639,0.00,4.05,83.52"
e00fce681282837e5d0586e0,4/13/2026 9:00:36,,rainfall,"1776085229,49.24722,0.00,4.05,83.52"
e00fce681282837e5d0586e0,4/13/2026 10:00:32,,rainfall,"1776088829,47.83750,0.00,4.05,83.52"
,,,,
,,,,
e00fce681282837e5d0586e0,4/13/2026 11:00:36,,rainfall,"1776092430,45.22639,0.00,4.05,83.52"
,,,,
,,,,
e00fce681282837e5d0586e0,4/13/2026 12:00:37,,rainfall,"1776096029,45.90556,0.00,4.05,83.52"
,,,,
,,,,
e00fce681282837e5d0586e0,4/13/2026 13:00:33,,rainfall,"1776099630,46.18889,0.00,4.05,83.52"
e00fce681282837e5d0586e0,4/13/2026 14:00:32,,rainfall,"1776103229,45.43889,0.00,4.05,83.52"