,,,,
e00fce681282837e5d0586e0,11/25/2025 9:25:36,,rainfall,"1764080734,60.36389,0,0.17, 0"
e00fce681282837e5d0586e0,11/25/2025 9:36:14,,rainfall,"946684813, 27.6625, 0, 0.17, 91.96"
e00fce681282837e5d0586e0,11/25/2025 9:41:31,,rainfall,"946684813,39.67778,0,0.17,92.6"
e00fce681282837e5d0586e0,11/25/2025 10:00:52,,rainfall,"1764082828,164.17084,1.4,0.05,83.03"
e00fce681282837e5d0586e0,12/1/2025 11:01:44,,rainfall,"946684813,180.51805,0,0.18,91.33"
e00fce681282837e5d0586e0,12/1/2025 12:00:31,,rainfall,"1764608430,107.43611,20.68,0.05,80.42"
e00fce681282837e5d0586e0,12/1/2025 13:00:31,,rainfall,"1764612029,107.86945,0,0.05,71.27"
e00fce681282837e5d0586e0,12/1/2025 14:00:31,,rainfall,"1764615630,104.33472,0,0.04,62.39"
e00fce681282837e5d0586e0,12/1/2025 15:00:41,,rainfall,"1764619230,106.18195,0,0.04,53.46"
e00fce681282837e5d0586e0,12/1/2025 16:00:34,,rainfall,"1764622829,105.96667,0,0.03,41.19"
e00fce681282837e5d0586e0,12/1/2025 17:00:36,,rainfall,"1764626430,105.79723,0,0.03,31.26"
e00fce681282837e5d0586e0,12/1/2025 18:00:22,,rainfall,"1764630019,106.07083,0,0.03,23.96"
e00fce681282837e5d0586e0,12/1/2025 19:00:35,,rainfall,"1764633629,105.71389,0,0.03,14.91"
e00fce681282837e5d0586e0,12/1/2025 20:00:32,,rainfall,"1764637230,111.2125,0,0.03,4.89"
e00fce681282837e5d0586e0,12/1/2025 21:07:27,,rainfall,"1764640828,106.87778,0,0.03,0.04"
e00fce681282837e5d0586e0,12/1/2025 22:07:16,,rainfall,"1764644419,112.40972,0,0.03,0"
e00fce681282837e5d0586e0,12/1/2025 23:00:21,,rainfall,"1764648019,111.85694,0,0.03,0"
e00fce681282837e5d0586e0,12/2/2025 0:00:31,,rainfall,"1764651629,112.84028,0,0.03,0"
e00fce681282837e5d0586e0,12/2/2025 1:00:34,,rainfall,"1764655230,107.675,0,0.03,0"
e00fce681282837e5d0586e0,12/2/2025 2:00:31,,rainfall,"1764658829,111.94583,0,0.03,0"
e00fce681282837e5d0586e0,12/2/2025 3:00:31,,rainfall,"1764662430,112.25139,0,0.03,0"
e00fce681282837e5d0586e0,12/2/2025 4:00:35,,rainfall,"1764666028,105.39306,0,0.03,0"
e00fce681282837e5d0586e0,12/2/2025 5:00:31,,rainfall,"1764669629,103.8875,0,0.03,0"
e00fce681282837e5d0586e0,12/2/2025 6:00:34,,rainfall,"1764673229,104.8125,0.28,0.03,0"
e00fce681282837e5d0586e0,12/2/2025 7:00:32,,rainfall,"1764676829,106.21806,0.56,0.03,0"
e00fce681282837e5d0586e0,12/2/2025 8:00:32,,rainfall,"1764680430,105.82361,0,0.04,0"
e00fce681282837e5d0586e0,12/2/2025 9:00:35,,rainfall,"1764684030,105.45139,0,0.04,0"
e00fce681282837e5d0586e0,12/2/2025 10:00:32,,rainfall,"1764687630,106.46806,0,0.04,0"
e00fce681282837e5d0586e0,12/2/2025 11:00:31,,rainfall,"1764691229,105.83472,0.28,0.04,0"
e00fce681282837e5d0586e0,12/2/2025 12:00:32,,rainfall,"1764694829,103.53333,1.12,0.04,0"
e00fce681282837e5d0586e0,12/2/2025 13:00:33,,rainfall,"1764698429,102.11528,0.28,0.04,0"
e00fce681282837e5d0586e0,12/2/2025 14:00:33,,rainfall,"1764702030,102.35973,0.28,0.04,0"
e00fce681282837e5d0586e0,12/2/2025 15:00:35,,rainfall,"1764705629,105.70556,0,0.04,0"
e00fce681282837e5d0586e0,12/2/2025 16:00:33,,rainfall,"1764709229,106.26945,0,0.04,0"
e00fce681282837e5d0586e0,12/2/2025 17:00:38,,rainfall,"1764712830,105.38333,0,0.04,0"
e00fce681282837e5d0586e0,12/2/2025 18:00:35,,rainfall,"1764716429,105.00417,0,0.04,0"
e00fce681282837e5d0586e0,12/2/2025 19:00:32,,rainfall,"1764720029,104.21667,0,0.04,0"
e00fce681282837e5d0586e0,12/2/2025 20:00:35,,rainfall,"1764723629,106.05556,0,0.04,0"
e00fce681282837e5d0586e0,12/2/2025 21:07:23,,rainfall,"1764727230,104.71806,0,0.04,0"
e00fce681282837e5d0586e0,12/2/2025 22:00:21,,rainfall,"1764730819,104.9625,0,0.04,0"
e00fce681282837e5d0586e0,12/2/2025 23:00:33,,rainfall,"1764734430,108.41111,0,0.04,0"
e00fce681282837e5d0586e0,12/3/2025 0:00:34,,rainfall,"1764738029,106.13194,0,0.04,0"
e00fce681282837e5d0586e0,12/3/2025 1:00:32,,rainfall,"1764741629,109.12917,0,0.03,0"
e00fce681282837e5d0586e0,12/3/2025 2:00:34,,rainfall,"1764745229,112.12917,0,0.03,0"
e00fce681282837e5d0586e0,12/3/2025 3:00:32,,rainfall,"1764748830,117.94722,0,0.03,0"
e00fce681282837e5d0586e0,12/3/2025 4:00:31,,rainfall,"1764752429,118.78472,0,0.03,0"
e00fce681282837e5d0586e0,12/3/2025 5:00:32,,rainfall,"1764756029,116.18472,0,0.03,0"
e00fce681282837e5d0586e0,12/3/2025 6:00:33,,rainfall,"1764759631,114.92083,0,0.03,0"
e00fce681282837e5d0586e0,12/3/2025 7:00:36,,rainfall,"1764763229,115.79583,0,0.03,0"
e00fce681282837e5d0586e0,12/3/2025 8:05:29,,rainfall,"1764766829,112.95417,0,0.03,0"
e00fce681282837e5d0586e0,12/5/2025 8:40:35,,rainfall,"946684813,270.39722,0,0.17,91.96"
e00fce681282837e5d0586e0,12/16/2025 10:16:23,,rainfall,"946684813,54.83333,1.4,3.81,45.28"
e00fce681282837e5d0586e0,12/18/2025 8:58:13,,rainfall,"946684813,55.01944,0,3.81,43.64"
e00fce681282837e5d0586e0,12/18/2025 9:00:31,,rainfall,"1766066428,56.74583,0,3.81,43.64"
e00fce681282837e5d0586e0,12/18/2025 10:00:33,,rainfall,"1766070031,58.44305,0,3.81,43.64"
e00fce681282837e5d0586e0,12/19/2025 7:08:44,,rainfall,"946684813,56.58055,0,0.17,91.96"
e00fce681282837e5d0586e0,12/19/2025 8:00:37,,rainfall,"1766149230,54.52639,5.87,4.14,94.65"
e00fce681282837e5d0586e0,12/19/2025 9:00:31,,rainfall,"1766152829,56.06528,0,4.14,94.65"
e00fce681282837e5d0586e0,12/19/2025 10:00:37,,rainfall,"1766156430,56.25278,0,4.14,94.65"
e00fce681282837e5d0586e0,12/19/2025 11:00:35,,rainfall,"1766160029,54.62639,0,4.14,94.65"
e00fce681282837e5d0586e0,12/19/2025 12:00:32,,rainfall,"1766163630,54.51528,0,4.14,94.65"
e00fce681282837e5d0586e0,12/19/2025 13:00:31,,rainfall,"1766167229,54.16806,0,4.14,94.65"
e00fce681282837e5d0586e0,12/19/2025 14:00:33,,rainfall,"1766170829,54.10556,0,4.14,94.65"
e00fce681282837e5d0586e0,12/19/2025 15:00:32,,rainfall,"1766174429,54.31528,0,4.14,94.65"
e00fce681282837e5d0586e0,12/19/2025 16:00:35,,rainfall,"1766178029,58.69722,0,4.14,94.65"
e00fce681282837e5d0586e0,12/19/2025 17:00:32,,rainfall,"1766181630,62.61528,0,4.14,94.65"
e00fce681282837e5d0586e0,12/19/2025 18:00:43,,rainfall,"1766185229,66.22222,0,4.14,94.65"
e00fce681282837e5d0586e0,12/19/2025 19:00:34,,rainfall,"1766188829,69.61528,0,4.14,94.65"
e00fce681282837e5d0586e0,12/19/2025 19:00:34,,rainfall,"1766188829,69.61528,0,4.14,94.65"
e00fce681282837e5d0586e0,12/19/2025 20:00:35,,rainfall,"1766192429,71.35139,0,4.14,94.65"
e00fce681282837e5d0586e0,12/19/2025 21:00:32,,rainfall,"1766196030,72.13055,0,4.14,94.65"
e00fce681282837e5d0586e0,12/19/2025 22:00:32,,rainfall,"1766199629,72.9625,0,4.14,94.65"
e00fce681282837e5d0586e0,12/19/2025 23:00:37,,rainfall,"1766203229,73.30139,0,4.14,94.65"
e00fce681282837e5d0586e0,12/20/2025 0:00:35,,rainfall,"1766206829,74.13194,0,4.14,94.5"
e00fce681282837e5d0586e0,12/20/2025 1:00:35,,rainfall,"1766210429,74.65556,0,4.14,94.5"
e00fce681282837e5d0586e0,12/20/2025 2:00:33,,rainfall,"1766214030,75.24583,0,4.14,94.5"
e00fce681282837e5d0586e0,12/20/2025 3:00:46,,rainfall,"1766217630,75.84028,0,4.14,94.5"
e00fce681282837e5d0586e0,12/20/2025 4:00:35,,rainfall,"1766221229,76.52084,0,4.14,94.5"
e00fce681282837e5d0586e0,12/20/2025 5:00:33,,rainfall,"1766224830,77.23333,0,4.14,94.5"
e00fce681282837e5d0586e0,12/20/2025 6:00:36,,rainfall,"1766228429,78.01667,0,4.14,94.5"
e00fce681282837e5d0586e0,12/20/2025 7:00:40,,rainfall,"1766232030,77.71806,0,4.14,94.5"
e00fce681282837e5d0586e0,12/20/2025 8:00:34,,rainfall,"1766235629,75.79305,0,4.14,94.5"
e00fce681282837e5d0586e0,12/20/2025 9:00:36,,rainfall,"1766239229,70.80972,0,4.14,94.5"
e00fce681282837e5d0586e0,12/20/2025 10:00:33,,rainfall,"1766242829,67.23333,0,4.14,94.5"
e00fce681282837e5d0586e0,12/20/2025 11:00:36,,rainfall,"1766246430,67.19861,0,4.14,94.5"
e00fce681282837e5d0586e0,12/20/2025 12:00:40,,rainfall,"1766250030,65.98473,0,4.14,94.5"
e00fce681282837e5d0586e0,12/20/2025 13:00:33,,rainfall,"1766253629,64.73194,0,4.14,94.5"
e00fce681282837e5d0586e0,12/20/2025 14:00:37,,rainfall,"1766257229,64.12222,0,4.14,94.5"
e00fce681282837e5d0586e0,12/20/2025 15:00:34,,rainfall,"1766260830,61.68889,0,4.14,94.5"
e00fce681282837e5d0586e0,12/20/2025 16:00:41,,rainfall,"1766264429,65.93056,0,4.14,94.5"
e00fce681282837e5d0586e0,12/20/2025 17:00:35,,rainfall,"1766268029,70.32777,0,4.14,94.5"
e00fce681282837e5d0586e0,12/20/2025 18:00:34,,rainfall,"1766271629,73.46806,0,4.14,94.5"
e00fce681282837e5d0586e0,12/20/2025 19:00:37,,rainfall,"1766275229,73.76527,0,4.14,94.5"
e00fce681282837e5d0586e0,12/20/2025 20:00:35,,rainfall,"1766278829,73.7125,0,4.14,94.5"
e00fce681282837e5d0586e0,12/20/2025 21:00:37,,rainfall,"1766282430,74.19861,0,4.14,94.34"
e00fce681282837e5d0586e0,12/20/2025 22:00:34,,rainfall,"1766286029,74.42223,0,4.14,94.34"
e00fce681282837e5d0586e0,12/20/2025 23:00:35,,rainfall,"1766289629,74.16805,0,4.14,94.34"
e00fce681282837e5d0586e0,12/21/2025 0:00:36,,rainfall,"1766293229,75.26389,0,4.14,94.34"
e00fce681282837e5d0586e0,12/21/2025 1:00:35,,rainfall,"1766296830,76.14584,0,4.14,94.34"
e00fce681282837e5d0586e0,12/21/2025 2:00:35,,rainfall,"1766300429,76.27222,0,4.14,94.34"
e00fce681282837e5d0586e0,12/21/2025 3:00:34,,rainfall,"1766304029,76.45417,0,4.14,94.34"
e00fce681282837e5d0586e0,12/21/2025 4:00:40,,rainfall,"1766307629,76.75972,0,4.14,94.34"
e00fce681282837e5d0586e0,12/21/2025 5:00:35,,rainfall,"1766311230,80.52222,0,4.14,94.34"
e00fce681282837e5d0586e0,12/21/2025 6:00:34,,rainfall,"1766314829,83.27917,0,4.14,94.34"
e00fce681282837e5d0586e0,12/21/2025 7:00:37,,rainfall,"1766318428,85.23333,0,4.14,94.34"
e00fce681282837e5d0586e0,12/21/2025 8:00:38,,rainfall,"1766322030,87.52084,0,4.14,94.34"
e00fce681282837e5d0586e0,12/21/2025 9:00:38,,rainfall,"1766325629,93.12083,0,4.14,94.34"
e00fce681282837e5d0586e0,12/21/2025 10:00:36,,rainfall,"1766329229,75.55833,0,4.14,94.34"
e00fce681282837e5d0586e0,12/21/2025 11:00:36,,rainfall,"1766332830,67.99583,0,4.14,94.34"
e00fce681282837e5d0586e0,12/21/2025 12:00:36,,rainfall,"1766336429,62.37083,0,4.14,94.34"
e00fce681282837e5d0586e0,12/21/2025 13:00:38,,rainfall,"1766340029,58.58472,0,4.14,94.34"
e00fce681282837e5d0586e0,12/21/2025 14:00:36,,rainfall,"1766343629,55.49166,0,4.14,94.34"
e00fce681282837e5d0586e0,12/21/2025 15:00:41,,rainfall,"1766347230,54.44722,0,4.14,94.34"
e00fce681282837e5d0586e0,12/21/2025 16:00:36,,rainfall,"1766350830,57.80972,0,4.14,94.34"
e00fce681282837e5d0586e0,12/21/2025 17:00:39,,rainfall,"1766354429,62.48472,0,4.14,94.34"
e00fce681282837e5d0586e0,12/21/2025 18:00:36,,rainfall,"1766358030,65.96667,0,4.14,94.18"
e00fce681282837e5d0586e0,12/21/2025 19:00:36,,rainfall,"1766361629,65.60139,0,4.14,94.18"
e00fce681282837e5d0586e0,12/21/2025 20:00:36,,rainfall,"1766365229,67.35694,0,4.14,94.18"
e00fce681282837e5d0586e0,12/21/2025 21:00:39,,rainfall,"1766368830,69.30833,0,4.14,94.18"
e00fce681282837e5d0586e0,12/21/2025 22:00:42,,rainfall,"1766372430,70.14445,0,4.14,94.18"
e00fce681282837e5d0586e0,12/21/2025 23:00:36,,rainfall,"1766376029,70.72916,0,4.14,94.18"
e00fce681282837e5d0586e0,12/22/2025 0:00:38,,rainfall,"1766379629,71.84583,0,4.14,94.18"
e00fce681282837e5d0586e0,12/22/2025 1:00:37,,rainfall,"1766383231,72.6375,0,4.14,94.18"
e00fce681282837e5d0586e0,12/22/2025 2:00:43,,rainfall,"1766386830,73.32083,0,4.14,94.18"
e00fce681282837e5d0586e0,12/22/2025 3:00:39,,rainfall,"1766390429,73.04444,0,4.14,94.18"
e00fce681282837e5d0586e0,12/22/2025 4:00:45,,rainfall,"1766394029,73.7625,0,4.14,94.18"
e00fce681282837e5d0586e0,12/22/2025 5:00:38,,rainfall,"1766397630,74.06389,0,4.14,94.18"
e00fce681282837e5d0586e0,12/22/2025 6:00:36,,rainfall,"1766401229,74.27778,0,4.14,94.18"
e00fce681282837e5d0586e0,12/22/2025 7:00:48,,rainfall,"1766404830,74.51667,0,4.14,94.18"
e00fce681282837e5d0586e0,12/22/2025 8:00:33,,rainfall,"1766408430,74.61806,0,4.14,94.18"
e00fce681282837e5d0586e0,12/22/2025 9:00:33,,rainfall,"1766412031,69.71389,0,4.14,94.18"
e00fce681282837e5d0586e0,12/22/2025 10:00:34,,rainfall,"1766415631,67.87222,0,4.14,94.18"
e00fce681282837e5d0586e0,12/22/2025 11:00:34,,rainfall,"1766419229,67.75278,0,4.14,94.18"
e00fce681282837e5d0586e0,12/22/2025 12:00:33,,rainfall,"1766422829,66.40139,0,4.14,94.18"
e00fce681282837e5d0586e0,12/22/2025 13:00:33,,rainfall,"1766426429,65.6875,0,4.14,94.18"
e00fce681282837e5d0586e0,12/22/2025 14:00:38,,rainfall,"1766430029,64.84306,0,4.14,94.02"
e00fce681282837e5d0586e0,12/22/2025 15:00:32,,rainfall,"1766433629,63.9625,0,4.14,94.02"
e00fce681282837e5d0586e0,12/22/2025 16:00:33,,rainfall,"1766437230,66.64306,0,4.14,94.02"
e00fce681282837e5d0586e0,12/22/2025 17:00:35,,rainfall,"1766440829,71.36945,0,4.14,94.02"
e00fce681282837e5d0586e0,12/22/2025 18:00:38,,rainfall,"1766444430,71.98194,0,4.14,94.02"
e00fce681282837e5d0586e0,12/22/2025 19:00:32,,rainfall,"1766448029,71.8125,0,4.14,94.02"
e00fce681282837e5d0586e0,12/22/2025 20:00:38,,rainfall,"1766451630,71.86667,0,4.14,94.02"
e00fce681282837e5d0586e0,12/22/2025 21:00:33,,rainfall,"1766455229,72.01527,0,4.14,94.02"
e00fce681282837e5d0586e0,12/22/2025 22:00:34,,rainfall,"1766458830,72.98333,0,4.14,94.02"
e00fce681282837e5d0586e0,12/22/2025 23:00:36,,rainfall,"1766462430,73.57361,0,4.14,94.02"
e00fce681282837e5d0586e0,12/23/2025 0:00:36,,rainfall,"1766466030,74.84167,0,4.14,94.02"
e00fce681282837e5d0586e0,12/23/2025 1:00:36,,rainfall,"1766469629,75.55695,0,4.14,94.02"
e00fce681282837e5d0586e0,12/23/2025 2:00:38,,rainfall,"1766473229,76.15694,0,4.14,94.02"
e00fce681282837e5d0586e0,12/23/2025 3:00:34,,rainfall,"1766476829,76.01389,0,4.14,94.02"
e00fce681282837e5d0586e0,12/23/2025 4:00:34,,rainfall,"1766480429,76.05695,0,4.14,94.02"
e00fce681282837e5d0586e0,12/23/2025 5:00:32,,rainfall,"1766484029,76.30556,0,4.14,94.02"
e00fce681282837e5d0586e0,12/23/2025 6:00:34,,rainfall,"1766487629,75.85833,0,4.14,94.02"
e00fce681282837e5d0586e0,12/23/2025 7:00:34,,rainfall,"1766491230,74.57361,0,4.14,94.02"
e00fce681282837e5d0586e0,12/23/2025 8:00:34,,rainfall,"1766494829,72.92778,0,4.14,94.02"
e00fce681282837e5d0586e0,12/23/2025 9:00:37,,rainfall,"1766498429,70.88194,0,4.14,93.86"
e00fce681282837e5d0586e0,12/23/2025 10:00:35,,rainfall,"1766502031,69.22778,0,4.14,93.86"
e00fce681282837e5d0586e0,12/23/2025 11:00:34,,rainfall,"1766505629,64.67361,0,4.14,93.86"
e00fce681282837e5d0586e0,12/23/2025 12:00:34,,rainfall,"1766509229,60.12639,0,4.14,93.86"
e00fce681282837e5d0586e0,12/23/2025 13:00:37,,rainfall,"1766512830,57.72917,0,4.14,93.86"
e00fce681282837e5d0586e0,12/23/2025 14:00:33,,rainfall,"1766516429,58.08194,0,4.14,93.86"
e00fce681282837e5d0586e0,12/23/2025 15:00:40,,rainfall,"1766520029,56.78056,0,4.14,93.86"
e00fce681282837e5d0586e0,12/23/2025 16:00:39,,rainfall,"1766523629,58.37222,0,4.14,93.86"
e00fce681282837e5d0586e0,12/23/2025 17:00:34,,rainfall,"1766527229,61.6125,0,4.14,93.86"
e00fce681282837e5d0586e0,12/23/2025 18:00:38,,rainfall,"1766530830,66.0125,0,4.14,93.86"
e00fce681282837e5d0586e0,12/23/2025 19:00:36,,rainfall,"1766534430,66.78889,0,4.14,93.86"
e00fce681282837e5d0586e0,12/23/2025 20:00:37,,rainfall,"1766538029,65.47361,0,4.14,93.86"
e00fce681282837e5d0586e0,12/23/2025 21:09:32,,rainfall,"1766541629,65.71944,0,4.14,93.86"
e00fce681282837e5d0586e0,12/23/2025 22:02:13,,rainfall,"1766545229,66.19167,0,4.13,93.7"
e00fce681282837e5d0586e0,12/23/2025 23:00:27,,rainfall,"1766548819,64.75,0,4.13,93.7"
e00fce681282837e5d0586e0,12/24/2025 0:00:34,,rainfall,"1766552429,65.94444,0,4.13,93.7"
e00fce681282837e5d0586e0,12/24/2025 1:00:37,,rainfall,"1766556029,68.28194,0,4.13,93.7"
e00fce681282837e5d0586e0,12/24/2025 2:00:40,,rainfall,"1766559629,68.42223,0,4.13,93.7"
e00fce681282837e5d0586e0,12/24/2025 3:00:35,,rainfall,"1766563229,68.47778,0,4.13,93.7"
e00fce681282837e5d0586e0,12/24/2025 4:00:39,,rainfall,"1766566829,69.77361,0,4.13,93.7"
e00fce681282837e5d0586e0,12/24/2025 5:00:38,,rainfall,"1766570429,69.62917,0,4.13,93.7"
e00fce681282837e5d0586e0,12/24/2025 6:00:40,,rainfall,"1766574029,70.21806,0,4.13,93.7"
e00fce681282837e5d0586e0,12/24/2025 7:00:36,,rainfall,"1766577629,70.78194,0,4.13,93.7"
e00fce681282837e5d0586e0,12/24/2025 8:00:34,,rainfall,"1766581229,69.38055,0,4.13,93.7"
e00fce681282837e5d0586e0,12/24/2025 9:00:36,,rainfall,"1766584830,65.23611,0,4.13,93.7"
e00fce681282837e5d0586e0,12/24/2025 10:00:35,,rainfall,"1766588430,61.35278,0,4.13,93.55"
e00fce681282837e5d0586e0,12/24/2025 11:00:35,,rainfall,"1766592029,58.34861,0,4.13,93.55"
e00fce681282837e5d0586e0,12/24/2025 12:00:36,,rainfall,"1766595630,53.75694,0,4.13,93.55"
e00fce681282837e5d0586e0,12/24/2025 13:00:36,,rainfall,"1766599229,51.75694,0,4.13,93.55"
e00fce681282837e5d0586e0,12/24/2025 14:00:36,,rainfall,"1766602829,49.69305,0,4.13,93.55"
e00fce681282837e5d0586e0,12/24/2025 15:00:36,,rainfall,"1766606429,49.96806,0,4.13,93.55"
e00fce681282837e5d0586e0,12/24/2025 16:00:40,,rainfall,"1766610029,51.85139,0,4.13,93.55"
e00fce681282837e5d0586e0,12/24/2025 17:00:35,,rainfall,"1766613629,61.67222,0,4.13,93.55"
e00fce681282837e5d0586e0,12/24/2025 18:00:38,,rainfall,"1766617229,66.0375,0,4.13,93.55"
e00fce681282837e5d0586e0,12/24/2025 19:00:36,,rainfall,"1766620829,67.77222,0,4.13,93.55"
e00fce681282837e5d0586e0,12/24/2025 20:00:41,,rainfall,"1766624430,68.01389,0,4.13,93.55"
e00fce681282837e5d0586e0,12/24/2025 21:00:36,,rainfall,"1766628029,67.99861,0,4.13,93.55"
e00fce681282837e5d0586e0,12/24/2025 22:00:36,,rainfall,"1766631629,68.62917,0,4.13,93.55"
e00fce681282837e5d0586e0,12/24/2025 23:00:36,,rainfall,"1766635229,69.25278,0,4.13,93.55"
e00fce681282837e5d0586e0,12/25/2025 0:00:38,,rainfall,"1766638829,69.94305,0,4.13,93.55"
e00fce681282837e5d0586e0,12/25/2025 1:00:39,,rainfall,"1766642429,69.97361,0,4.13,93.55"
e00fce681282837e5d0586e0,12/25/2025 2:00:39,,rainfall,"1766646029,69.5,0,4.13,93.55"
e00fce681282837e5d0586e0,12/25/2025 3:00:36,,rainfall,"1766649629,69.69305,0,4.13,93.55"
e00fce681282837e5d0586e0,12/25/2025 4:00:44,,rainfall,"1766653229,74.14445,0,4.13,93.55"
e00fce681282837e5d0586e0,12/25/2025 5:00:41,,rainfall,"1766656829,86.46667,0,4.13,93.55"
e00fce681282837e5d0586e0,12/25/2025 6:00:39,,rainfall,"1766660430,87.99861,0,4.13,93.55"
e00fce681282837e5d0586e0,12/25/2025 7:00:46,,rainfall,"1766664029,94.54583,0,4.13,93.55"
e00fce681282837e5d0586e0,12/25/2025 8:00:32,,rainfall,"1766667629,119.36945,0,4.13,93.39"
e00fce681282837e5d0586e0,12/25/2025 9:00:31,,rainfall,"1766671230,94.79028,0,4.13,93.39"
e00fce681282837e5d0586e0,12/25/2025 10:00:30,,rainfall,"1766674829,69.83889,0,4.13,93.39"
e00fce681282837e5d0586e0,12/25/2025 11:00:35,,rainfall,"1766678430,59.60556,0,4.13,93.39"
e00fce681282837e5d0586e0,12/25/2025 12:00:39,,rainfall,"1766682029,55.87917,0,4.13,93.39"
e00fce681282837e5d0586e0,12/25/2025 13:00:31,,rainfall,"1766685629,52.07222,0,4.13,93.39"
e00fce681282837e5d0586e0,12/25/2025 14:00:36,,rainfall,"1766689229,51.16389,0,4.13,93.39"
e00fce681282837e5d0586e0,12/25/2025 15:00:32,,rainfall,"1766692829,50.35972,0,4.13,93.39"
e00fce681282837e5d0586e0,12/25/2025 16:00:35,,rainfall,"1766696430,52.20833,0,4.13,93.39"
e00fce681282837e5d0586e0,12/25/2025 17:00:32,,rainfall,"1766700029,57.43472,0,4.13,93.39"
e00fce681282837e5d0586e0,12/25/2025 18:00:35,,rainfall,"1766703629,60.03056,0,4.13,93.39"
e00fce681282837e5d0586e0,12/25/2025 19:00:32,,rainfall,"1766707230,62.32639,0,4.13,93.39"
e00fce681282837e5d0586e0,12/25/2025 20:00:36,,rainfall,"1766710829,63.73889,0,4.13,93.39"
e00fce681282837e5d0586e0,12/25/2025 21:00:32,,rainfall,"1766714429,64.35694,0,4.13,93.39"
e00fce681282837e5d0586e0,12/25/2025 22:00:32,,rainfall,"1766718029,64.95417,0,4.13,93.39"
e00fce681282837e5d0586e0,12/25/2025 23:00:34,,rainfall,"1766721629,66.95,0,4.13,93.39"
e00fce681282837e5d0586e0,12/26/2025 0:00:38,,rainfall,"1766725229,68.14306,0,4.13,93.39"
e00fce681282837e5d0586e0,12/26/2025 1:00:33,,rainfall,"1766728829,67.16389,0,4.13,93.39"
e00fce681282837e5d0586e0,12/26/2025 2:00:35,,rainfall,"1766732430,70.90833,0,4.13,93.23"
e00fce681282837e5d0586e0,12/26/2025 3:00:32,,rainfall,"1766736029,68.58611,0,4.13,93.23"
e00fce681282837e5d0586e0,12/26/2025 4:00:35,,rainfall,"1766739629,69.86806,0,4.13,93.23"
e00fce681282837e5d0586e0,12/26/2025 5:00:32,,rainfall,"1766743229,69.98194,0,4.13,93.23"
e00fce681282837e5d0586e0,12/26/2025 6:00:37,,rainfall,"1766746829,69.64027,0,4.13,93.23"
e00fce681282837e5d0586e0,12/26/2025 7:00:33,,rainfall,"1766750429,69.375,0,4.13,93.23"
e00fce681282837e5d0586e0,12/26/2025 8:00:33,,rainfall,"1766754029,68.46389,0,4.13,93.23"
e00fce681282837e5d0586e0,12/26/2025 9:00:38,,rainfall,"1766757630,66.80695,0,4.13,93.23"
e00fce681282837e5d0586e0,12/26/2025 10:00:33,,rainfall,"1766761229,64.24028,0,4.13,93.23"
e00fce681282837e5d0586e0,12/26/2025 11:00:34,,rainfall,"1766764829,62.35417,0,4.13,93.23"
e00fce681282837e5d0586e0,12/26/2025 12:00:36,,rainfall,"1766768429,62.50139,0,4.13,93.23"
e00fce681282837e5d0586e0,12/26/2025 13:00:33,,rainfall,"1766772029,60.18611,0,4.13,93.23"
e00fce681282837e5d0586e0,12/26/2025 14:00:39,,rainfall,"1766775629,61.00834,0,4.13,93.23"
e00fce681282837e5d0586e0,12/26/2025 15:00:33,,rainfall,"1766779229,60.9125,0,4.13,93.23"
e00fce681282837e5d0586e0,12/26/2025 16:00:34,,rainfall,"1766782829,63.47361,0,4.13,93.23"
e00fce681282837e5d0586e0,12/26/2025 17:00:34,,rainfall,"1766786430,64.94444,0,4.13,93.23"
e00fce681282837e5d0586e0,12/26/2025 18:00:34,,rainfall,"1766790029,65.38194,0,4.13,93.23"
e00fce681282837e5d0586e0,12/26/2025 19:00:34,,rainfall,"1766793630,66.50278,0,4.13,93.23"
e00fce681282837e5d0586e0,12/26/2025 20:00:33,,rainfall,"1766797229,66.35694,0,4.13,93.23"
e00fce681282837e5d0586e0,12/26/2025 21:00:33,,rainfall,"1766800829,68.80556,0,4.13,93.23"
e00fce681282837e5d0586e0,12/26/2025 22:00:33,,rainfall,"1766804429,68.56528,0,4.13,93.23"
e00fce681282837e5d0586e0,12/26/2025 23:00:33,,rainfall,"1766808029,67.39445,0,4.13,93.23"
e00fce681282837e5d0586e0,12/27/2025 0:00:37,,rainfall,"1766811629,66.99861,0,4.13,93.07"
e00fce681282837e5d0586e0,12/27/2025 1:00:40,,rainfall,"1766815229,68.25694,0,4.13,93.07"
e00fce681282837e5d0586e0,12/27/2025 2:00:37,,rainfall,"1766818829,69.225,0,4.13,93.07"
e00fce681282837e5d0586e0,12/27/2025 3:00:34,,rainfall,"1766822429,68.44583,0,4.13,93.07"
e00fce681282837e5d0586e0,12/27/2025 4:00:37,,rainfall,"1766826029,66.3,0,4.13,93.07"
e00fce681282837e5d0586e0,12/27/2025 5:00:37,,rainfall,"1766829629,65.84167,0,4.13,93.07"
e00fce681282837e5d0586e0,12/27/2025 6:00:36,,rainfall,"1766833229,66.30278,0,4.13,93.07"
e00fce681282837e5d0586e0,12/27/2025 7:00:35,,rainfall,"1766836829,66.23194,0,4.13,93.07"
e00fce681282837e5d0586e0,12/27/2025 8:00:35,,rainfall,"1766840430,67.49722,0,4.13,93.07"
e00fce681282837e5d0586e0,12/27/2025 9:00:35,,rainfall,"1766844030,64.6375,0,4.13,93.07"
e00fce681282837e5d0586e0,12/27/2025 10:00:34,,rainfall,"1766847629,57.71111,0,4.13,93.07"
e00fce681282837e5d0586e0,12/27/2025 11:09:23,,rainfall,"1766851229,54.69167,0,4.13,93.07"
e00fce681282837e5d0586e0,12/27/2025 12:01:32,,rainfall,"1766854829,51.5,0,4.13,92.91"
e00fce681282837e5d0586e0,12/27/2025 13:00:37,,rainfall,"1766858430,49.4,0,4.13,92.91"
e00fce681282837e5d0586e0,12/27/2025 14:00:38,,rainfall,"1766862029,55.76111,0,4.13,92.91"
e00fce681282837e5d0586e0,12/27/2025 15:00:36,,rainfall,"1766865630,56.34444,0,4.13,92.91"
e00fce681282837e5d0586e0,12/27/2025 16:00:35,,rainfall,"1766869229,59.54583,0,4.13,92.91"
e00fce681282837e5d0586e0,12/27/2025 17:00:36,,rainfall,"1766872830,63.31111,0,4.13,92.91"
e00fce681282837e5d0586e0,12/27/2025 18:00:42,,rainfall,"1766876430,65.425,0,4.13,92.91"
e00fce681282837e5d0586e0,12/27/2025 19:00:35,,rainfall,"1766880029,65.15972,0,4.13,92.91"
e00fce681282837e5d0586e0,12/27/2025 20:00:36,,rainfall,"1766883629,65.33472,0,4.13,92.91"
e00fce681282837e5d0586e0,12/27/2025 21:00:39,,rainfall,"1766887229,66.075,0,4.13,92.91"
e00fce681282837e5d0586e0,12/27/2025 22:00:39,,rainfall,"1766890830,66.5875,0,4.13,92.75"
e00fce681282837e5d0586e0,12/27/2025 23:00:36,,rainfall,"1766894429,67.82639,0,4.13,92.75"
e00fce681282837e5d0586e0,12/28/2025 0:00:38,,rainfall,"1766898030,68.30695,0,4.13,92.75"
e00fce681282837e5d0586e0,12/28/2025 1:00:37,,rainfall,"1766901630,69.5375,0,4.13,92.75"
e00fce681282837e5d0586e0,12/28/2025 2:00:35,,rainfall,"1766905229,69.60139,0,4.13,92.75"
e00fce681282837e5d0586e0,12/28/2025 3:00:37,,rainfall,"1766908829,70.81389,0,4.13,92.75"
e00fce681282837e5d0586e0,12/28/2025 4:00:36,,rainfall,"1766912430,70.70834,0,4.13,92.75"
e00fce681282837e5d0586e0,12/28/2025 5:00:41,,rainfall,"1766916029,71.15972,0,4.13,92.75"
e00fce681282837e5d0586e0,12/28/2025 6:00:37,,rainfall,"1766919629,71.46806,0,4.13,92.75"
e00fce681282837e5d0586e0,12/28/2025 7:00:44,,rainfall,"1766923230,70.65556,0,4.13,92.75"
e00fce681282837e5d0586e0,12/28/2025 8:00:31,,rainfall,"1766926829,70.375,0,4.13,92.75"
e00fce681282837e5d0586e0,12/28/2025 9:00:31,,rainfall,"1766930429,68.44028,0,4.13,92.75"
e00fce681282837e5d0586e0,12/28/2025 10:05:25,,rainfall,"1766934029,65.91528,0,4.13,92.75"
e00fce681282837e5d0586e0,12/28/2025 11:04:25,,rainfall,"1766937629,63.87222,0,4.13,92.75"
e00fce681282837e5d0586e0,12/28/2025 12:00:35,,rainfall,"1766941230,59.77917,0,4.13,92.75"
e00fce681282837e5d0586e0,12/28/2025 13:00:32,,rainfall,"1766944829,58.90833,0,4.13,92.75"
e00fce681282837e5d0586e0,12/28/2025 14:00:34,,rainfall,"1766948430,60.95694,0,4.13,92.75"
e00fce681282837e5d0586e0,12/28/2025 15:00:32,,rainfall,"1766952030,61.68472,0,4.13,92.75"
e00fce681282837e5d0586e0,12/28/2025 16:00:32,,rainfall,"1766955629,62.325,0,4.13,92.75"
e00fce681282837e5d0586e0,12/28/2025 17:00:38,,rainfall,"1766959229,63.22639,0,4.13,92.75"
e00fce681282837e5d0586e0,12/28/2025 18:00:41,,rainfall,"1766962829,63.16806,0,4.13,92.75"
e00fce681282837e5d0586e0,12/28/2025 19:00:35,,rainfall,"1766966429,62.81805,0,4.13,92.75"
e00fce681282837e5d0586e0,12/28/2025 20:00:35,,rainfall,"1766970029,62.75,0,4.13,92.6"
e00fce681282837e5d0586e0,12/28/2025 21:00:36,,rainfall,"1766973630,62.91806,0,4.13,92.6"
e00fce681282837e5d0586e0,12/28/2025 22:00:34,,rainfall,"1766977228,64.42361,0,4.13,92.6"
e00fce681282837e5d0586e0,12/28/2025 23:00:33,,rainfall,"1766980829,63.01389,0,4.13,92.6"
e00fce681282837e5d0586e0,12/29/2025 0:00:34,,rainfall,"1766984430,64.78611,0,4.13,92.6"
e00fce681282837e5d0586e0,12/29/2025 1:00:35,,rainfall,"1766988029,66.45972,0,4.13,92.6"
e00fce681282837e5d0586e0,12/29/2025 2:00:32,,rainfall,"1766991629,68.31667,0,4.13,92.6"
e00fce681282837e5d0586e0,12/29/2025 3:00:32,,rainfall,"1766995229,70.20417,0,4.13,92.6"
e00fce681282837e5d0586e0,12/29/2025 4:00:35,,rainfall,"1766998829,69.49722,0,4.13,92.6"
e00fce681282837e5d0586e0,12/29/2025 5:00:38,,rainfall,"1767002429,72.2,0,4.13,92.6"
e00fce681282837e5d0586e0,12/29/2025 6:00:34,,rainfall,"1767006029,74.61111,0,4.12,92.6"
e00fce681282837e5d0586e0,12/29/2025 7:00:37,,rainfall,"1767009629,78.85139,0,4.13,92.6"
e00fce681282837e5d0586e0,12/29/2025 8:00:33,,rainfall,"1767013229,85.61945,0,4.12,92.6"
e00fce681282837e5d0586e0,12/29/2025 9:00:33,,rainfall,"1767016829,74.05,0,4.12,92.6"
e00fce681282837e5d0586e0,12/29/2025 10:00:38,,rainfall,"1767020429,61.70139,0,4.12,92.6"
e00fce681282837e5d0586e0,12/29/2025 11:00:33,,rainfall,"1767024029,56.33333,0,4.12,92.6"
e00fce681282837e5d0586e0,12/29/2025 12:00:36,,rainfall,"1767027629,53.09444,0,4.12,92.6"
e00fce681282837e5d0586e0,12/29/2025 13:00:34,,rainfall,"1767031229,52.50278,0,4.12,92.6"
e00fce681282837e5d0586e0,12/29/2025 14:00:34,,rainfall,"1767034829,52.80416,0,4.12,92.6"
e00fce681282837e5d0586e0,12/29/2025 15:00:33,,rainfall,"1767038429,53.62083,0,4.12,92.6"
e00fce681282837e5d0586e0,12/29/2025 16:00:38,,rainfall,"1767042029,56.92778,0,4.12,92.6"
e00fce681282837e5d0586e0,12/29/2025 17:00:34,,rainfall,"1767045629,61.09861,0,4.12,92.6"
e00fce681282837e5d0586e0,12/29/2025 18:00:34,,rainfall,"1767049229,60.50834,0,4.12,92.6"
e00fce681282837e5d0586e0,12/29/2025 19:00:35,,rainfall,"1767052829,61.42778,0,4.12,92.6"
e00fce681282837e5d0586e0,12/29/2025 20:00:34,,rainfall,"1767056429,64.98611,0,4.12,92.6"
e00fce681282837e5d0586e0,12/29/2025 21:00:36,,rainfall,"1767060029,67.83472,0,4.12,92.6"
e00fce681282837e5d0586e0,12/29/2025 22:00:37,,rainfall,"1767063629,69.3,0,4.12,92.6"
e00fce681282837e5d0586e0,12/29/2025 23:00:38,,rainfall,"1767067229,71.60555,0,4.12,92.44"
e00fce681282837e5d0586e0,12/30/2025 0:00:35,,rainfall,"1767070829,72.425,0,4.12,92.44"
e00fce681282837e5d0586e0,12/30/2025 1:00:40,,rainfall,"1767074429,73.65417,0,4.12,92.44"
e00fce681282837e5d0586e0,12/30/2025 2:00:34,,rainfall,"1767078029,74.50278,0,4.12,92.44"
e00fce681282837e5d0586e0,12/30/2025 3:00:34,,rainfall,"1767081629,75.33056,0,4.12,92.44"
e00fce681282837e5d0586e0,12/30/2025 4:00:35,,rainfall,"1767085229,75.82917,0,4.12,92.44"
e00fce681282837e5d0586e0,12/30/2025 5:00:34,,rainfall,"1767088829,76.89722,0,4.12,92.44"
e00fce681282837e5d0586e0,12/30/2025 6:00:36,,rainfall,"1767092429,77.5375,0,4.12,92.44"
e00fce681282837e5d0586e0,12/30/2025 7:00:36,,rainfall,"1767096029,78.19444,0,4.12,92.44"
e00fce681282837e5d0586e0,12/30/2025 8:00:35,,rainfall,"1767099629,77.21389,0,4.12,92.44"
e00fce681282837e5d0586e0,12/30/2025 9:00:35,,rainfall,"1767103229,74.00833,0,4.12,92.44"
e00fce681282837e5d0586e0,12/30/2025 10:00:35,,rainfall,"1767106829,73.92223,0,4.12,92.44"
e00fce681282837e5d0586e0,12/30/2025 11:00:40,,rainfall,"1767110429,73.33195,0,4.12,92.44"
e00fce681282837e5d0586e0,12/30/2025 12:00:40,,rainfall,"1767114030,71.69167,0,4.12,92.44"
e00fce681282837e5d0586e0,12/30/2025 13:00:39,,rainfall,"1767117630,70.2375,0,4.12,92.44"
e00fce681282837e5d0586e0,12/30/2025 14:00:36,,rainfall,"1767121230,70.37639,0,4.12,92.44"
e00fce681282837e5d0586e0,12/30/2025 15:00:35,,rainfall,"1767124829,69.84028,0,4.12,92.44"
e00fce681282837e5d0586e0,12/30/2025 16:00:35,,rainfall,"1767128429,71.22916,0,4.12,92.44"
e00fce681282837e5d0586e0,12/30/2025 17:00:35,,rainfall,"1767132029,74.37361,0,4.12,92.44"
e00fce681282837e5d0586e0,12/30/2025 18:00:39,,rainfall,"1767135630,76.85,0,4.12,92.44"
e00fce681282837e5d0586e0,12/30/2025 19:00:36,,rainfall,"1767139229,78.23194,0,4.12,92.44"
e00fce681282837e5d0586e0,12/30/2025 20:00:36,,rainfall,"1767142829,78.84167,0,4.12,92.44"
e00fce681282837e5d0586e0,12/30/2025 21:00:36,,rainfall,"1767146430,79.29305,0,4.12,92.44"
e00fce681282837e5d0586e0,12/30/2025 22:00:36,,rainfall,"1767150029,79.54444,0,4.12,92.44"
e00fce681282837e5d0586e0,12/30/2025 23:00:39,,rainfall,"1767153629,79.55833,0,4.12,92.44"
e00fce681282837e5d0586e0,12/31/2025 0:00:39,,rainfall,"1767157229,79.57083,0,4.12,92.44"
e00fce681282837e5d0586e0,12/31/2025 1:00:36,,rainfall,"1767160829,80.24028,0,4.12,92.44"
e00fce681282837e5d0586e0,12/31/2025 2:00:38,,rainfall,"1767164429,80.13333,0,4.12,92.44"
e00fce681282837e5d0586e0,12/31/2025 3:00:40,,rainfall,"1767168029,80.125,0,4.12,92.44"
e00fce681282837e5d0586e0,12/31/2025 4:00:40,,rainfall,"1767171629,80.375,0,4.12,92.44"
e00fce681282837e5d0586e0,12/31/2025 5:00:38,,rainfall,"1767175230,80.2625,0,4.12,92.44"
e00fce681282837e5d0586e0,12/31/2025 6:00:40,,rainfall,"1767178829,80.22083,0,4.12,92.44"
e00fce681282837e5d0586e0,12/31/2025 7:00:43,,rainfall,"1767182429,80.46944,0,4.12,92.44"
e00fce681282837e5d0586e0,12/31/2025 8:00:32,,rainfall,"1767186030,79.68333,0,4.12,92.44"
e00fce681282837e5d0586e0,12/31/2025 9:00:32,,rainfall,"1767189629,74.99167,0,4.12,92.44"
e00fce681282837e5d0586e0,12/31/2025 10:00:36,,rainfall,"1767193229,73.06111,0,4.12,92.44"
e00fce681282837e5d0586e0,12/31/2025 11:00:33,,rainfall,"1767196829,72.16805,0,4.12,92.44"
e00fce681282837e5d0586e0,12/31/2025 12:00:36,,rainfall,"1767200430,71.07361,0,4.12,92.44"
e00fce681282837e5d0586e0,12/31/2025 13:00:32,,rainfall,"1767204029,69.03194,0,4.12,92.28"
e00fce681282837e5d0586e0,12/31/2025 14:00:31,,rainfall,"1767207629,67.21667,0,4.12,92.28"
e00fce681282837e5d0586e0,12/31/2025 15:00:32,,rainfall,"1767211229,66.15278,0,4.12,92.28"
e00fce681282837e5d0586e0,12/31/2025 16:00:32,,rainfall,"1767214829,67.78611,0,4.12,92.28"
e00fce681282837e5d0586e0,12/31/2025 17:00:35,,rainfall,"1767218429,71.98473,0,4.12,92.28"
e00fce681282837e5d0586e0,12/31/2025 18:00:33,,rainfall,"1767222030,74.58889,0,4.12,92.28"
e00fce681282837e5d0586e0,12/31/2025 19:00:34,,rainfall,"1767225629,75.45139,0,4.12,92.28"
e00fce681282837e5d0586e0,12/31/2025 20:00:36,,rainfall,"1767229229,76.55695,0,4.12,92.28"
e00fce681282837e5d0586e0,12/31/2025 21:00:34,,rainfall,"1767232830,77.37778,0,4.12,92.28"
e00fce681282837e5d0586e0,12/31/2025 22:00:34,,rainfall,"1767236429,76.28194,0,4.12,92.28"
e00fce681282837e5d0586e0,12/31/2025 23:00:36,,rainfall,"1767240029,75.19722,0,4.12,92.28"
e00fce681282837e5d0586e0,1/1/2026 0:00:42,,rainfall,"1767243630,74.74306,0,4.12,92.28"
e00fce681282837e5d0586e0,1/1/2026 1:00:33,,rainfall,"1767247230,74.275,0,4.12,92.28"
e00fce681282837e5d0586e0,1/1/2026 2:00:32,,rainfall,"1767250829,74.92361,0,4.12,92.28"
e00fce681282837e5d0586e0,1/1/2026 3:00:33,,rainfall,"1767254429,75.29166,0,4.12,92.28"
e00fce681282837e5d0586e0,1/1/2026 4:00:33,,rainfall,"1767258029,74.49167,0,4.12,92.28"
e00fce681282837e5d0586e0,1/1/2026 5:00:34,,rainfall,"1767261630,74.50694,0,4.12,92.28"
e00fce681282837e5d0586e0,1/1/2026 6:00:34,,rainfall,"1767265229,75.02084,0,4.12,92.28"
e00fce681282837e5d0586e0,1/1/2026 7:00:34,,rainfall,"1767268830,75.82361,0,4.12,92.28"
e00fce681282837e5d0586e0,1/1/2026 8:00:35,,rainfall,"1767272430,75.08056,0,4.12,92.28"
e00fce681282837e5d0586e0,1/1/2026 9:00:35,,rainfall,"1767276030,71.57639,0,4.12,92.28"
e00fce681282837e5d0586e0,1/1/2026 10:00:36,,rainfall,"1767279629,69.50833,0,4.12,92.28"
e00fce681282837e5d0586e0,1/1/2026 11:00:36,,rainfall,"1767283229,68.54305,0,4.12,92.28"
e00fce681282837e5d0586e0,1/1/2026 12:00:37,,rainfall,"1767286830,66.14584,0,4.12,92.28"
e00fce681282837e5d0586e0,1/1/2026 13:00:33,,rainfall,"1767290429,63.62778,0,4.12,92.28"
e00fce681282837e5d0586e0,1/1/2026 14:00:34,,rainfall,"1767294029,60.55833,0,4.12,92.28"
e00fce681282837e5d0586e0,1/1/2026 15:00:36,,rainfall,"1767297630,60.06944,0,4.12,92.28"
e00fce681282837e5d0586e0,1/1/2026 16:00:34,,rainfall,"1767301230,61.41667,0,4.12,92.28"
e00fce681282837e5d0586e0,1/1/2026 17:00:36,,rainfall,"1767304830,67.22916,0,4.12,92.28"
e00fce681282837e5d0586e0,1/1/2026 18:00:35,,rainfall,"1767308430,71.43611,0,4.12,92.28"
e00fce681282837e5d0586e0,1/1/2026 19:00:40,,rainfall,"1767312030,73.23473,0,4.12,92.28"
e00fce681282837e5d0586e0,1/1/2026 20:00:34,,rainfall,"1767315629,73.60973,0,4.12,92.12"
e00fce681282837e5d0586e0,1/1/2026 21:00:34,,rainfall,"1767319229,74.41389,0,4.12,92.12"
e00fce681282837e5d0586e0,1/1/2026 22:00:38,,rainfall,"1767322830,74.86111,0,4.12,92.12"
e00fce681282837e5d0586e0,1/1/2026 23:00:34,,rainfall,"1767326429,75.71806,0,4.12,92.12"
e00fce681282837e5d0586e0,1/2/2026 0:00:39,,rainfall,"1767330029,75.71667,0,4.12,92.12"
e00fce681282837e5d0586e0,1/2/2026 1:00:37,,rainfall,"1767333630,75.875,0,4.12,92.12"
e00fce681282837e5d0586e0,1/2/2026 2:00:35,,rainfall,"1767337230,76.25833,0,4.12,92.12"
e00fce681282837e5d0586e0,1/2/2026 3:00:38,,rainfall,"1767340829,75.9625,0,4.12,92.12"
e00fce681282837e5d0586e0,1/2/2026 4:00:38,,rainfall,"1767344430,76.12778,0,4.12,92.12"
e00fce681282837e5d0586e0,1/2/2026 5:00:35,,rainfall,"1767348029,75.60833,0,4.12,92.12"
e00fce681282837e5d0586e0,1/2/2026 6:00:36,,rainfall,"1767351630,75.85,0,4.12,92.12"
e00fce681282837e5d0586e0,1/2/2026 7:00:37,,rainfall,"1767355230,74.83334,0,4.12,92.12"
e00fce681282837e5d0586e0,1/2/2026 8:00:35,,rainfall,"1767358830,74.19722,0,4.12,92.12"
e00fce681282837e5d0586e0,1/2/2026 9:00:37,,rainfall,"1767362429,69.925,0,4.12,92.12"
e00fce681282837e5d0586e0,1/2/2026 10:00:35,,rainfall,"1767366029,65.89027,0,4.12,92.12"
e00fce681282837e5d0586e0,1/2/2026 11:00:36,,rainfall,"1767369629,63.18195,0,4.12,92.12"
e00fce681282837e5d0586e0,1/2/2026 12:00:36,,rainfall,"1767373230,59.94861,0,4.12,92.12"
e00fce681282837e5d0586e0,1/2/2026 13:00:39,,rainfall,"1767376829,58.1625,0,4.12,92.12"
e00fce681282837e5d0586e0,1/2/2026 14:00:38,,rainfall,"1767380430,56.12917,0,4.12,92.12"
e00fce681282837e5d0586e0,1/2/2026 15:00:35,,rainfall,"1767384029,56.04028,0,4.12,92.12"
e00fce681282837e5d0586e0,1/2/2026 16:00:37,,rainfall,"1767387630,59.01667,0,4.12,92.12"
e00fce681282837e5d0586e0,1/2/2026 17:00:36,,rainfall,"1767391229,64.75278,0,4.12,92.12"
e00fce681282837e5d0586e0,1/2/2026 18:00:37,,rainfall,"1767394830,66.89306,0,4.12,92.12"
e00fce681282837e5d0586e0,1/2/2026 19:00:36,,rainfall,"1767398429,67.21389,0,4.12,92.12"
e00fce681282837e5d0586e0,1/2/2026 20:00:36,,rainfall,"1767402029,67.53056,0,4.12,92.12"
e00fce681282837e5d0586e0,1/2/2026 21:00:40,,rainfall,"1767405630,67.17639,0,4.12,92.12"
e00fce681282837e5d0586e0,1/2/2026 22:00:36,,rainfall,"1767409229,68.65556,0,4.12,92.12"
e00fce681282837e5d0586e0,1/2/2026 23:00:39,,rainfall,"1767412829,68.02084,0,4.12,92.12"
e00fce681282837e5d0586e0,1/3/2026 0:00:45,,rainfall,"1767416430,68.65556,0,4.12,92.12"
e00fce681282837e5d0586e0,1/3/2026 1:00:39,,rainfall,"1767420030,68.69861,0,4.12,92.12"
e00fce681282837e5d0586e0,1/3/2026 2:00:36,,rainfall,"1767423629,68.57917,0,4.12,92.12"
e00fce681282837e5d0586e0,1/3/2026 3:00:38,,rainfall,"1767427229,69.06528,0,4.12,92.12"
e00fce681282837e5d0586e0,1/3/2026 4:00:40,,rainfall,"1767430829,69.30417,0,4.12,91.96"
e00fce681282837e5d0586e0,1/3/2026 5:00:37,,rainfall,"1767434430,69.35694,0,4.12,91.96"
e00fce681282837e5d0586e0,1/3/2026 6:00:38,,rainfall,"1767438029,69.65,0,4.12,91.96"
e00fce681282837e5d0586e0,1/3/2026 7:00:44,,rainfall,"1767441630,69.20417,0,4.12,91.96"
e00fce681282837e5d0586e0,1/3/2026 8:00:33,,rainfall,"1767445230,69.07639,0,4.12,91.96"
e00fce681282837e5d0586e0,1/3/2026 9:00:35,,rainfall,"1767448829,66.48473,0,4.12,91.96"
e00fce681282837e5d0586e0,1/3/2026 10:00:31,,rainfall,"1767452429,63.90833,0,4.12,91.96"
e00fce681282837e5d0586e0,1/3/2026 11:00:34,,rainfall,"1767456029,66.51527,0,4.12,91.96"
e00fce681282837e5d0586e0,1/3/2026 12:00:32,,rainfall,"1767459629,69.36111,0.56,4.12,91.96"
e00fce681282837e5d0586e0,1/3/2026 13:00:33,,rainfall,"1767463229,104.97083,1.68,4.12,91.96"
e00fce681282837e5d0586e0,1/3/2026 14:00:35,,rainfall,"1767466830,129.06667,0.28,4.12,91.96"
e00fce681282837e5d0586e0,1/3/2026 15:00:36,,rainfall,"1767470431,165.38611,0,4.12,91.96"
e00fce681282837e5d0586e0,1/3/2026 16:00:31,,rainfall,"1767474029,196.87222,0.84,4.12,91.96"
e00fce681282837e5d0586e0,1/3/2026 17:00:32,,rainfall,"1767477630,191.40834,0.56,4.12,91.96"
e00fce681282837e5d0586e0,1/3/2026 18:00:35,,rainfall,"1767481229,217.76389,0.56,4.12,91.96"
e00fce681282837e5d0586e0,1/3/2026 19:00:33,,rainfall,"1767484830,224.35834,0.56,4.12,91.96"
e00fce681282837e5d0586e0,1/3/2026 20:00:33,,rainfall,"1767488429,223.08611,0.28,4.12,91.96"
e00fce681282837e5d0586e0,1/3/2026 21:00:35,,rainfall,"1767492030,208.23195,0,4.12,91.96"
e00fce681282837e5d0586e0,1/3/2026 22:00:38,,rainfall,"1767495630,209.32222,0,4.12,91.96"
e00fce681282837e5d0586e0,1/3/2026 23:00:33,,rainfall,"1767499229,207.97778,0,4.12,91.96"
e00fce681282837e5d0586e0,1/4/2026 0:00:34,,rainfall,"1767502830,209.91528,0,4.12,91.96"
e00fce681282837e5d0586e0,1/4/2026 1:00:34,,rainfall,"1767506429,185.6375,0,4.12,91.96"
e00fce681282837e5d0586e0,1/4/2026 2:00:34,,rainfall,"1767510030,180.46249,0,4.12,91.96"
e00fce681282837e5d0586e0,1/4/2026 3:00:34,,rainfall,"1767513629,170.09445,0,4.12,91.96"
e00fce681282837e5d0586e0,1/4/2026 4:00:34,,rainfall,"1767517230,169.96666,0,4.12,91.96"
e00fce681282837e5d0586e0,1/4/2026 5:00:33,,rainfall,"1767520829,168.60973,0,4.12,91.96"
e00fce681282837e5d0586e0,1/4/2026 6:00:34,,rainfall,"1767524430,168.32083,0,4.12,91.96"
e00fce681282837e5d0586e0,1/4/2026 7:00:34,,rainfall,"1767528029,177.66389,0,4.12,91.96"
e00fce681282837e5d0586e0,1/4/2026 8:00:34,,rainfall,"1767531630,177.40973,0,4.12,91.96"
e00fce681282837e5d0586e0,1/4/2026 9:00:36,,rainfall,"1767535229,159.5125,0,4.12,91.96"
e00fce681282837e5d0586e0,1/4/2026 10:00:34,,rainfall,"1767538829,124.61806,0,4.12,91.96"
e00fce681282837e5d0586e0,1/4/2026 11:00:36,,rainfall,"1767542430,120.47916,0,4.12,91.8"
e00fce681282837e5d0586e0,1/4/2026 12:00:41,,rainfall,"1767546029,114.13194,0,4.12,91.8"
e00fce681282837e5d0586e0,1/4/2026 13:00:36,,rainfall,"1767549629,117.61389,0,4.12,91.8"
e00fce681282837e5d0586e0,1/4/2026 14:00:34,,rainfall,"1767553230,113.52084,0,4.12,91.8"
e00fce681282837e5d0586e0,1/4/2026 15:00:35,,rainfall,"1767556829,111.29723,0,4.12,91.8"
e00fce681282837e5d0586e0,1/4/2026 16:00:36,,rainfall,"1767560430,100.35555,0,4.12,91.8"
e00fce681282837e5d0586e0,1/4/2026 17:00:35,,rainfall,"1767564029,111.77361,0,4.12,91.8"
e00fce681282837e5d0586e0,1/4/2026 18:00:34,,rainfall,"1767567629,118.67639,0,4.12,91.8"
e00fce681282837e5d0586e0,1/4/2026 19:00:35,,rainfall,"1767571229,129.2375,0,4.12,91.8"
e00fce681282837e5d0586e0,1/4/2026 20:00:34,,rainfall,"1767574829,130.89999,0,4.12,91.8"
e00fce681282837e5d0586e0,1/4/2026 21:00:38,,rainfall,"1767578430,129.81944,0,4.12,91.8"
e00fce681282837e5d0586e0,1/4/2026 22:00:35,,rainfall,"1767582029,132.60278,0,4.12,91.8"
e00fce681282837e5d0586e0,1/4/2026 23:00:35,,rainfall,"1767585629,131.4875,0,4.12,91.8"
e00fce681282837e5d0586e0,1/5/2026 0:00:35,,rainfall,"1767589230,132.44861,0,4.12,91.8"
e00fce681282837e5d0586e0,1/5/2026 1:00:37,,rainfall,"1767592829,144.14027,0,4.12,91.8"
e00fce681282837e5d0586e0,1/5/2026 2:00:35,,rainfall,"1767596429,145.65555,0,4.12,91.8"
e00fce681282837e5d0586e0,1/5/2026 3:00:35,,rainfall,"1767600030,142.67639,0,4.12,91.8"
e00fce681282837e5d0586e0,1/5/2026 4:00:34,,rainfall,"1767603628,146.28751,0,4.12,91.8"
e00fce681282837e5d0586e0,1/5/2026 5:00:36,,rainfall,"1767607230,139.62361,0,4.12,91.8"
e00fce681282837e5d0586e0,1/5/2026 6:00:37,,rainfall,"1767610830,145.6875,0,4.12,91.8"
e00fce681282837e5d0586e0,1/5/2026 7:00:38,,rainfall,"1767614430,146.86806,0,4.12,91.8"
e00fce681282837e5d0586e0,1/5/2026 8:00:38,,rainfall,"1767618031,153.79028,0,4.12,91.8"
e00fce681282837e5d0586e0,1/5/2026 9:00:36,,rainfall,"1767621629,147.45277,0.00,4.12,91.80"
e00fce681282837e5d0586e0,1/5/2026 10:00:41,,rainfall,"1767625229,119.90694,0.00,4.12,91.80"
e00fce681282837e5d0586e0,1/5/2026 11:00:39,,rainfall,"1767628829,109.22361,0.00,4.12,91.80"
e00fce681282837e5d0586e0,1/5/2026 12:00:36,,rainfall,"1767632429,110.38472,0.00,4.12,91.80"
e00fce681282837e5d0586e0,1/5/2026 13:00:35,,rainfall,"1767636029,106.94305,0.00,4.12,91.80"
e00fce681282837e5d0586e0,1/5/2026 14:00:40,,rainfall,"1767639629,115.06667,0.00,4.12,91.80"
e00fce681282837e5d0586e0,1/5/2026 15:00:36,,rainfall,"1767643230,119.60833,0.00,4.12,91.80"
e00fce681282837e5d0586e0,1/5/2026 16:00:35,,rainfall,"1767646828,108.88055,0.00,4.12,91.80"
e00fce681282837e5d0586e0,1/5/2026 17:00:37,,rainfall,"1767650430,115.69444,0.00,4.12,91.80"
e00fce681282837e5d0586e0,1/5/2026 18:00:37,,rainfall,"1767654029,123.36250,0.00,4.12,91.80"
e00fce681282837e5d0586e0,1/5/2026 19:00:36,,rainfall,"1767657629,126.92083,0.00,4.12,91.80"
e00fce681282837e5d0586e0,1/5/2026 20:00:42,,rainfall,"1767661230,134.71111,0.00,4.12,91.80"
e00fce681282837e5d0586e0,1/5/2026 21:00:36,,rainfall,"1767664829,136.32222,0.00,4.12,91.80"
e00fce681282837e5d0586e0,1/5/2026 22:00:36,,rainfall,"1767668429,139.59862,0.00,4.12,91.65"
e00fce681282837e5d0586e0,1/5/2026 23:00:41,,rainfall,"1767672031,139.25278,0.00,4.12,91.65"
e00fce681282837e5d0586e0,1/6/2026 0:00:38,,rainfall,"1767675630,142.25139,0.00,4.12,91.65"
e00fce681282837e5d0586e0,1/6/2026 1:00:37,,rainfall,"1767679230,144.07361,0.00,4.12,91.65"
e00fce681282837e5d0586e0,1/6/2026 2:00:40,,rainfall,"1767682828,144.06667,0.00,4.12,91.65"
e00fce681282837e5d0586e0,1/6/2026 3:00:38,,rainfall,"1767686430,148.49583,0.00,4.12,91.65"
e00fce681282837e5d0586e0,1/6/2026 4:00:37,,rainfall,"1767690030,151.44167,0.00,4.12,91.65"
e00fce681282837e5d0586e0,1/6/2026 5:00:41,,rainfall,"1767693630,153.68750,0.00,4.12,91.65"
e00fce681282837e5d0586e0,1/6/2026 6:00:40,,rainfall,"1767697230,151.98334,0.00,4.12,91.65"
e00fce681282837e5d0586e0,1/6/2026 7:00:45,,rainfall,"1767700830,151.44167,0.00,4.12,91.65"
e00fce681282837e5d0586e0,1/6/2026 8:00:35,,rainfall,"1767704429,151.04306,0.00,4.12,91.65"
e00fce681282837e5d0586e0,1/6/2026 9:00:32,,rainfall,"1767708030,154.58749,0.00,4.12,91.65"
e00fce681282837e5d0586e0,1/6/2026 10:00:34,,rainfall,"1767711630,149.48334,0.00,4.12,91.65"
e00fce681282837e5d0586e0,1/6/2026 11:00:33,,rainfall,"1767715230,175.24861,0.00,4.12,91.65"
e00fce681282837e5d0586e0,1/6/2026 12:00:34,,rainfall,"1767718829,167.27916,0.00,4.12,91.65"
e00fce681282837e5d0586e0,1/6/2026 13:00:32,,rainfall,"1767722429,157.66112,0.00,4.12,91.65"
e00fce681282837e5d0586e0,1/6/2026 14:00:33,,rainfall,"1767726030,154.17639,0.00,4.12,91.65"
e00fce681282837e5d0586e0,1/6/2026 15:00:36,,rainfall,"1767729630,133.24028,0.00,4.12,91.65"
e00fce681282837e5d0586e0,1/6/2026 16:00:33,,rainfall,"1767733230,121.59306,0.00,4.12,91.65"
e00fce681282837e5d0586e0,1/6/2026 17:00:32,,rainfall,"1767736829,133.63611,0.00,4.12,91.65"
e00fce681282837e5d0586e0,1/6/2026 18:00:32,,rainfall,"1767740429,144.41112,0.00,4.12,91.65"
e00fce681282837e5d0586e0,1/6/2026 19:00:32,,rainfall,"1767744029,136.57777,0.00,4.12,91.65"
e00fce681282837e5d0586e0,1/6/2026 20:00:35,,rainfall,"1767747630,137.34862,0.00,4.12,91.65"
e00fce681282837e5d0586e0,1/6/2026 21:00:33,,rainfall,"1767751230,139.01805,0.00,4.12,91.65"
e00fce681282837e5d0586e0,1/6/2026 22:00:32,,rainfall,"1767754829,144.72778,0.00,4.12,91.65"
e00fce681282837e5d0586e0,1/6/2026 23:00:32,,rainfall,"1767758429,146.65973,0.00,4.12,91.65"
e00fce681282837e5d0586e0,1/7/2026 0:00:33,,rainfall,"1767762029,143.89999,0.00,4.12,91.65"
e00fce681282837e5d0586e0,1/7/2026 1:00:32,,rainfall,"1767765629,147.20416,0.00,4.12,91.49"
e00fce681282837e5d0586e0,1/7/2026 2:00:33,,rainfall,"1767769230,141.84445,0.00,4.12,91.49"
e00fce681282837e5d0586e0,1/7/2026 3:00:33,,rainfall,"1767772830,142.99861,0.00,4.12,91.49"
e00fce681282837e5d0586e0,1/7/2026 4:00:38,,rainfall,"1767776429,146.31805,0.00,4.12,91.49"
e00fce681282837e5d0586e0,1/7/2026 5:00:35,,rainfall,"1767780030,139.11111,0.00,4.12,91.49"
e00fce681282837e5d0586e0,1/7/2026 6:00:35,,rainfall,"1767783629,131.39305,0.00,4.12,91.49"
e00fce681282837e5d0586e0,1/7/2026 7:00:34,,rainfall,"1767787229,126.74306,0.00,4.12,91.49"
e00fce681282837e5d0586e0,1/7/2026 8:00:34,,rainfall,"1767790829,127.04444,0.00,4.12,91.49"
e00fce681282837e5d0586e0,1/7/2026 9:00:33,,rainfall,"1767794429,133.94167,0.00,4.12,91.49"
e00fce681282837e5d0586e0,1/7/2026 10:00:39,,rainfall,"1767798029,115.92500,0.00,4.12,91.49"
e00fce681282837e5d0586e0,1/7/2026 11:00:33,,rainfall,"1767801629,98.81944,0.00,4.12,91.49"
e00fce681282837e5d0586e0,1/7/2026 12:00:33,,rainfall,"1767805229,92.19028,0.00,4.12,91.49"
e00fce681282837e5d0586e0,1/7/2026 13:00:33,,rainfall,"1767808829,83.25972,0.00,4.12,91.49"
e00fce681282837e5d0586e0,1/7/2026 14:00:36,,rainfall,"1767812429,80.80000,0.00,4.12,91.49"
e00fce681282837e5d0586e0,1/7/2026 15:00:37,,rainfall,"1767816029,79.01111,0.00,4.12,91.49"
e00fce681282837e5d0586e0,1/7/2026 16:00:39,,rainfall,"1767819630,83.00972,0.00,4.12,91.49"
e00fce681282837e5d0586e0,1/7/2026 17:00:34,,rainfall,"1767823230,98.65694,0.00,4.12,91.49"
e00fce681282837e5d0586e0,1/7/2026 18:00:34,,rainfall,"1767826829,72.37778,0.00,4.12,91.49"
e00fce681282837e5d0586e0,1/7/2026 19:00:36,,rainfall,"1767830430,83.49861,0.00,4.12,91.49"
e00fce681282837e5d0586e0,1/7/2026 20:00:36,,rainfall,"1767834030,90.34028,0.00,4.12,91.49"
e00fce681282837e5d0586e0,1/7/2026 21:00:38,,rainfall,"1767837629,86.11667,0.00,4.12,91.49"
e00fce681282837e5d0586e0,1/7/2026 22:00:40,,rainfall,"1767841229,83.85973,0.00,4.12,91.49"
e00fce681282837e5d0586e0,1/7/2026 23:00:35,,rainfall,"1767844830,85.98611,0.00,4.12,91.49"
e00fce681282837e5d0586e0,1/8/2026 0:00:36,,rainfall,"1767848429,88.87083,0.00,4.12,91.49"
e00fce681282837e5d0586e0,1/8/2026 1:00:38,,rainfall,"1767852029,87.91250,0.00,4.12,91.49"
e00fce681282837e5d0586e0,1/8/2026 2:00:34,,rainfall,"1767855629,86.26945,0.00,4.12,91.49"
e00fce681282837e5d0586e0,1/8/2026 4:00:35,,rainfall,"1767862830,86.15694,0.00,4.12,91.49"
e00fce681282837e5d0586e0,1/8/2026 5:00:34,,rainfall,"1767866429,84.56805,0.00,4.12,91.49"
e00fce681282837e5d0586e0,1/8/2026 6:00:37,,rainfall,"1767870029,81.70695,0.00,4.12,91.49"
e00fce681282837e5d0586e0,1/8/2026 7:00:38,,rainfall,"1767873630,84.09028,0.00,4.12,91.49"
e00fce681282837e5d0586e0,1/8/2026 8:00:35,,rainfall,"1767877230,83.83056,0.00,4.12,91.33"
e00fce681282837e5d0586e0,1/8/2026 9:00:34,,rainfall,"1767880829,91.54583,0.00,4.12,91.33"
e00fce681282837e5d0586e0,1/8/2026 10:00:35,,rainfall,"1767884430,76.33750,0.00,4.12,91.33"
e00fce681282837e5d0586e0,1/8/2026 11:00:36,,rainfall,"1767888030,73.82917,0.00,4.12,91.33"
e00fce681282837e5d0586e0,1/8/2026 12:00:44,,rainfall,"1767891629,75.83472,0.00,4.11,91.33"
e00fce681282837e5d0586e0,1/8/2026 13:00:40,,rainfall,"1767895229,74.04305,0.00,4.11,91.33"
e00fce681282837e5d0586e0,1/8/2026 14:00:40,,rainfall,"1767898830,74.25000,0.00,4.11,91.33"
e00fce681282837e5d0586e0,1/8/2026 15:00:39,,rainfall,"1767902429,73.27778,0.00,4.11,91.33"
e00fce681282837e5d0586e0,1/8/2026 16:00:35,,rainfall,"1767906029,83.83611,0.00,4.11,91.33"
e00fce681282837e5d0586e0,1/8/2026 17:00:37,,rainfall,"1767909630,82.08195,0.00,4.11,91.33"
e00fce681282837e5d0586e0,1/8/2026 18:00:38,,rainfall,"1767913230,84.98055,0.00,4.11,91.33"
e00fce681282837e5d0586e0,1/8/2026 19:00:36,,rainfall,"1767916830,88.28056,0.00,4.11,91.33"
e00fce681282837e5d0586e0,1/8/2026 20:00:35,,rainfall,"1767920429,86.32777,0.00,4.11,91.33"
e00fce681282837e5d0586e0,1/8/2026 21:00:36,,rainfall,"1767924029,89.78750,0.00,4.11,91.33"
e00fce681282837e5d0586e0,1/8/2026 22:00:36,,rainfall,"1767927630,87.26667,0.00,4.11,91.33"
e00fce681282837e5d0586e0,1/8/2026 23:00:36,,rainfall,"1767931229,85.66805,0.00,4.11,91.33"
e00fce681282837e5d0586e0,1/9/2026 0:00:40,,rainfall,"1767934829,81.88750,0.00,4.11,91.33"
e00fce681282837e5d0586e0,1/9/2026 1:00:37,,rainfall,"1767938429,84.63055,0.00,4.11,91.33"
e00fce681282837e5d0586e0,1/9/2026 2:00:36,,rainfall,"1767942030,81.68056,0.00,4.11,91.33"
e00fce681282837e5d0586e0,1/9/2026 3:00:46,,rainfall,"1767945629,82.27639,0.00,4.11,91.33"
e00fce681282837e5d0586e0,1/9/2026 4:00:36,,rainfall,"1767949229,83.07361,0.00,4.11,91.33"
e00fce681282837e5d0586e0,1/9/2026 5:00:39,,rainfall,"1767952830,82.38333,0.00,4.11,91.33"
e00fce681282837e5d0586e0,1/9/2026 6:00:37,,rainfall,"1767956430,83.08889,0.00,4.11,91.33"
e00fce681282837e5d0586e0,1/9/2026 7:00:43,,rainfall,"1767960029,83.42778,0.00,4.11,91.17"
e00fce681282837e5d0586e0,1/9/2026 8:00:31,,rainfall,"1767963629,85.83195,0.00,4.11,91.17"
e00fce681282837e5d0586e0,1/9/2026 9:00:38,,rainfall,"1767967230,89.10139,0.00,4.11,91.17"
e00fce681282837e5d0586e0,1/9/2026 10:00:32,,rainfall,"1767970830,89.94444,0.00,4.11,91.17"
e00fce681282837e5d0586e0,1/9/2026 11:00:31,,rainfall,"1767974429,86.59722,0.00,4.11,91.17"
e00fce681282837e5d0586e0,1/9/2026 12:00:36,,rainfall,"1767978029,84.84583,0.00,4.11,91.17"
e00fce681282837e5d0586e0,1/9/2026 13:00:31,,rainfall,"1767981629,82.50694,0.00,4.11,91.17"
e00fce681282837e5d0586e0,1/9/2026 14:00:36,,rainfall,"1767985229,72.90139,0.00,4.11,91.17"
e00fce681282837e5d0586e0,1/9/2026 15:00:33,,rainfall,"1767988829,79.00833,0.00,4.11,91.17"
e00fce681282837e5d0586e0,1/9/2026 16:00:33,,rainfall,"1767992429,69.48333,0.00,4.11,91.17"
e00fce681282837e5d0586e0,1/9/2026 17:00:31,,rainfall,"1767996029,81.89722,0.00,4.11,91.17"
e00fce681282837e5d0586e0,1/9/2026 18:00:32,,rainfall,"1767999629,89.22361,0.00,4.11,91.17"
e00fce681282837e5d0586e0,1/9/2026 19:00:32,,rainfall,"1768003229,88.01389,0.00,4.11,91.17"
e00fce681282837e5d0586e0,1/9/2026 20:00:32,,rainfall,"1768006830,94.46806,0.00,4.11,91.17"
e00fce681282837e5d0586e0,1/9/2026 21:00:35,,rainfall,"1768010430,87.99028,0.00,4.11,91.17"
e00fce681282837e5d0586e0,1/9/2026 22:00:32,,rainfall,"1768014030,88.90556,0.00,4.11,91.17"
e00fce681282837e5d0586e0,1/9/2026 23:00:35,,rainfall,"1768017629,88.68889,0.00,4.11,91.17"
e00fce681282837e5d0586e0,1/10/2026 0:00:35,,rainfall,"1768021230,90.50972,0.00,4.11,91.17"
e00fce681282837e5d0586e0,1/10/2026 1:00:36,,rainfall,"1768024830,89.82361,0.00,4.11,91.17"
e00fce681282837e5d0586e0,1/10/2026 2:00:35,,rainfall,"1768028429,86.81944,0.00,4.11,91.17"
e00fce681282837e5d0586e0,1/10/2026 3:00:34,,rainfall,"1768032029,89.79583,0.00,4.11,91.17"
e00fce681282837e5d0586e0,1/10/2026 4:00:39,,rainfall,"1768035630,86.49028,0.00,4.11,91.17"
e00fce681282837e5d0586e0,1/10/2026 5:00:35,,rainfall,"1768039229,84.50555,0.00,4.11,91.17"
e00fce681282837e5d0586e0,1/10/2026 6:00:36,,rainfall,"1768042829,84.84861,0.00,4.11,91.17"
e00fce681282837e5d0586e0,1/10/2026 7:00:33,,rainfall,"1768046430,84.78194,0.00,4.11,91.17"
e00fce681282837e5d0586e0,1/10/2026 8:00:36,,rainfall,"1768050030,80.71111,0.00,4.11,91.17"
e00fce681282837e5d0586e0,1/10/2026 9:00:33,,rainfall,"1768053629,83.76806,0.00,4.11,91.17"
e00fce681282837e5d0586e0,1/10/2026 10:00:33,,rainfall,"1768057230,84.20834,0.00,4.11,91.17"
e00fce681282837e5d0586e0,1/10/2026 11:00:36,,rainfall,"1768060829,95.64445,0.00,4.11,91.17"
e00fce681282837e5d0586e0,1/10/2026 12:00:34,,rainfall,"1768064430,92.76806,0.00,4.11,91.02"
e00fce681282837e5d0586e0,1/10/2026 13:00:37,,rainfall,"1768068030,87.04166,0.00,4.11,91.02"
e00fce681282837e5d0586e0,1/10/2026 14:00:34,,rainfall,"1768071629,89.41666,0.00,4.11,91.02"
e00fce681282837e5d0586e0,1/10/2026 15:00:34,,rainfall,"1768075230,92.57917,0.00,4.11,91.02"
e00fce681282837e5d0586e0,1/10/2026 16:00:33,,rainfall,"1768078829,86.39861,0.00,4.11,91.02"
e00fce681282837e5d0586e0,1/10/2026 17:00:34,,rainfall,"1768082429,89.80972,0.00,4.11,91.02"
e00fce681282837e5d0586e0,1/10/2026 18:00:34,,rainfall,"1768086030,88.72916,0.00,4.11,91.02"
e00fce681282837e5d0586e0,1/10/2026 19:00:34,,rainfall,"1768089630,80.76527,0.00,4.11,91.02"
e00fce681282837e5d0586e0,1/10/2026 20:00:37,,rainfall,"1768093229,78.66944,0.00,4.11,91.02"
e00fce681282837e5d0586e0,1/10/2026 21:00:36,,rainfall,"1768096829,83.06528,0.00,4.11,91.02"
e00fce681282837e5d0586e0,1/10/2026 22:00:36,,rainfall,"1768100429,84.29723,0.00,4.11,91.02"
e00fce681282837e5d0586e0,1/10/2026 23:00:39,,rainfall,"1768104029,85.47500,0.00,4.11,91.02"
e00fce681282837e5d0586e0,1/11/2026 0:00:39,,rainfall,"1768107629,89.94722,0.00,4.11,91.02"
e00fce681282837e5d0586e0,1/11/2026 1:00:40,,rainfall,"1768111230,97.58056,0.00,4.11,91.02"
e00fce681282837e5d0586e0,1/11/2026 2:00:35,,rainfall,"1768114830,96.99028,0.00,4.11,91.02"
e00fce681282837e5d0586e0,1/11/2026 3:00:37,,rainfall,"1768118430,93.93750,0.00,4.11,91.02"
e00fce681282837e5d0586e0,1/11/2026 4:00:35,,rainfall,"1768122030,86.32361,0.00,4.11,91.02"
e00fce681282837e5d0586e0,1/11/2026 5:00:35,,rainfall,"1768125630,85.40278,0.00,4.11,91.02"
e00fce681282837e5d0586e0,1/11/2026 6:00:34,,rainfall,"1768129229,84.53333,0.00,4.11,91.02"
e00fce681282837e5d0586e0,1/11/2026 7:00:36,,rainfall,"1768132830,85.96250,0.00,4.11,91.02"
e00fce681282837e5d0586e0,1/11/2026 8:00:37,,rainfall,"1768136429,91.76527,0.00,4.11,91.02"
e00fce681282837e5d0586e0,1/11/2026 9:00:35,,rainfall,"1768140030,86.36806,0.28,4.11,91.02"
e00fce681282837e5d0586e0,1/11/2026 10:00:39,,rainfall,"1768143630,88.52778,1.68,4.11,91.02"
e00fce681282837e5d0586e0,1/11/2026 11:00:37,,rainfall,"1768147229,88.48750,0.00,4.11,90.86"
e00fce681282837e5d0586e0,1/11/2026 12:00:36,,rainfall,"1768150829,83.57222,0.00,4.11,90.86"
e00fce681282837e5d0586e0,1/11/2026 13:00:35,,rainfall,"1768154430,79.26527,0.00,4.11,90.86"
e00fce681282837e5d0586e0,1/11/2026 14:00:44,,rainfall,"1768158029,81.00972,0.00,4.11,90.86"
e00fce681282837e5d0586e0,1/11/2026 15:00:36,,rainfall,"1768161630,86.94722,0.00,4.11,90.86"
e00fce681282837e5d0586e0,1/11/2026 16:00:39,,rainfall,"1768165230,79.47916,0.00,4.11,90.86"
e00fce681282837e5d0586e0,1/11/2026 17:00:39,,rainfall,"1768168830,83.23055,0.00,4.11,90.86"
e00fce681282837e5d0586e0,1/11/2026 18:00:40,,rainfall,"1768172429,94.79723,0.00,4.11,90.86"
e00fce681282837e5d0586e0,1/11/2026 19:00:35,,rainfall,"1768176029,85.91528,0.00,4.11,90.86"
e00fce681282837e5d0586e0,1/11/2026 20:00:36,,rainfall,"1768179630,82.22639,0.00,4.11,90.86"
e00fce681282837e5d0586e0,1/11/2026 21:00:40,,rainfall,"1768183230,80.27778,0.00,4.11,90.86"
e00fce681282837e5d0586e0,1/11/2026 22:00:36,,rainfall,"1768186829,80.94305,0.00,4.11,90.86"
e00fce681282837e5d0586e0,1/11/2026 23:00:42,,rainfall,"1768190430,82.68611,0.00,4.11,90.86"
e00fce681282837e5d0586e0,1/12/2026 0:00:37,,rainfall,"1768194030,82.72778,0.00,4.11,90.86"
e00fce681282837e5d0586e0,1/12/2026 1:00:36,,rainfall,"1768197630,82.49445,0.00,4.11,90.86"
e00fce681282837e5d0586e0,1/12/2026 2:00:39,,rainfall,"1768201229,82.99722,0.00,4.11,90.86"
e00fce681282837e5d0586e0,1/12/2026 3:00:37,,rainfall,"1768204830,81.66666,0.00,4.11,90.86"
e00fce681282837e5d0586e0,1/12/2026 4:00:37,,rainfall,"1768208430,82.66805,0.00,4.11,90.86"
e00fce681282837e5d0586e0,1/12/2026 5:00:36,,rainfall,"1768212029,82.46806,0.00,4.11,90.86"
e00fce681282837e5d0586e0,1/12/2026 6:00:38,,rainfall,"1768215629,81.44028,0.00,4.11,90.86"
e00fce681282837e5d0586e0,1/12/2026 7:00:46,,rainfall,"1768219229,82.56944,0.00,4.11,90.86"
e00fce681282837e5d0586e0,1/12/2026 8:00:31,,rainfall,"1768222829,85.37917,0.00,4.11,90.86"
e00fce681282837e5d0586e0,1/12/2026 9:00:33,,rainfall,"1768226430,82.44167,0.00,4.11,90.86"
e00fce681282837e5d0586e0,1/12/2026 10:00:40,,rainfall,"1768230030,76.79723,0.28,4.11,90.86"
e00fce681282837e5d0586e0,1/12/2026 11:00:36,,rainfall,"1768233630,73.02500,0.00,4.11,90.86"
e00fce681282837e5d0586e0,1/12/2026 12:00:34,,rainfall,"1768237230,73.38750,0.00,4.11,90.86"
e00fce681282837e5d0586e0,1/12/2026 13:00:32,,rainfall,"1768240829,70.83889,0.00,4.11,90.86"
e00fce681282837e5d0586e0,1/12/2026 14:00:35,,rainfall,"1768244430,71.54723,0.00,4.11,90.86"
e00fce681282837e5d0586e0,1/12/2026 15:05:36,,rainfall,"1768248030,71.27500,0.00,4.11,90.86"
e00fce681282837e5d0586e0,1/12/2026 16:00:20,,rainfall,"1768251619,72.39861,0.00,4.11,90.70"
e00fce681282837e5d0586e0,1/12/2026 17:00:32,,rainfall,"1768255229,77.60416,0.00,4.11,90.70"
e00fce681282837e5d0586e0,1/12/2026 18:00:31,,rainfall,"1768258830,81.65694,0.00,4.11,90.70"
e00fce681282837e5d0586e0,1/12/2026 19:00:31,,rainfall,"1768262429,83.95277,0.00,4.11,90.70"
e00fce681282837e5d0586e0,1/12/2026 20:00:35,,rainfall,"1768266030,83.72778,0.00,4.11,90.70"
e00fce681282837e5d0586e0,1/12/2026 21:00:31,,rainfall,"1768269629,86.20000,0.00,4.11,90.70"
e00fce681282837e5d0586e0,1/12/2026 22:00:32,,rainfall,"1768273230,85.56944,0.00,4.11,90.70"
e00fce681282837e5d0586e0,1/12/2026 23:00:32,,rainfall,"1768276830,87.85555,0.00,4.11,90.70"
e00fce681282837e5d0586e0,1/13/2026 0:00:34,,rainfall,"1768280429,88.82639,0.00,4.11,90.70"
e00fce681282837e5d0586e0,1/13/2026 1:00:35,,rainfall,"1768284030,88.62361,0.00,4.11,90.70"
e00fce681282837e5d0586e0,1/13/2026 2:00:31,,rainfall,"1768287629,90.88472,0.00,4.11,90.70"
e00fce681282837e5d0586e0,1/13/2026 3:00:35,,rainfall,"1768291229,87.34722,0.00,4.11,90.70"
e00fce681282837e5d0586e0,1/13/2026 4:00:34,,rainfall,"1768294829,90.75972,0.00,4.11,90.70"
e00fce681282837e5d0586e0,1/13/2026 5:00:35,,rainfall,"1768298429,92.47916,0.00,4.11,90.70"
e00fce681282837e5d0586e0,1/13/2026 6:00:32,,rainfall,"1768302030,94.81667,0.00,4.11,90.70"
e00fce681282837e5d0586e0,1/13/2026 7:00:36,,rainfall,"1768305629,91.71806,0.00,4.11,90.70"
e00fce681282837e5d0586e0,1/13/2026 8:00:32,,rainfall,"1768309230,91.45834,0.00,4.11,90.70"
e00fce681282837e5d0586e0,1/13/2026 9:00:35,,rainfall,"1768312830,81.62639,0.00,4.11,90.70"
e00fce681282837e5d0586e0,1/13/2026 10:00:33,,rainfall,"1768316430,72.13472,0.00,4.11,90.70"
e00fce681282837e5d0586e0,1/13/2026 11:00:33,,rainfall,"1768320030,66.91666,0.00,4.11,90.70"
e00fce681282837e5d0586e0,1/13/2026 12:00:32,,rainfall,"1768323629,69.16944,0.00,4.11,90.70"
e00fce681282837e5d0586e0,1/13/2026 13:00:34,,rainfall,"1768327229,69.61528,0.00,4.11,90.70"
e00fce681282837e5d0586e0,1/13/2026 14:00:33,,rainfall,"1768330830,68.16389,0.00,4.11,90.70"
e00fce681282837e5d0586e0,1/13/2026 15:00:33,,rainfall,"1768334429,65.15833,0.00,4.11,90.70"
e00fce681282837e5d0586e0,1/13/2026 16:00:33,,rainfall,"1768338030,61.40833,0.00,4.11,90.70"
e00fce681282837e5d0586e0,1/13/2026 17:00:34,,rainfall,"1768341630,67.75417,0.00,4.11,90.70"
e00fce681282837e5d0586e0,1/13/2026 18:00:35,,rainfall,"1768345231,68.63194,0.00,4.11,90.70"
e00fce681282837e5d0586e0,1/13/2026 19:00:33,,rainfall,"1768348829,72.92639,0.00,4.11,90.70"
e00fce681282837e5d0586e0,1/13/2026 20:00:35,,rainfall,"1768352429,75.05556,0.00,4.11,90.70"
e00fce681282837e5d0586e0,1/13/2026 21:00:35,,rainfall,"1768356030,77.30695,0.00,4.11,90.70"
e00fce681282837e5d0586e0,1/13/2026 22:00:36,,rainfall,"1768359629,79.17361,0.00,4.11,90.70"
e00fce681282837e5d0586e0,1/13/2026 23:00:33,,rainfall,"1768363229,79.10833,0.00,4.11,90.70"
e00fce681282837e5d0586e0,1/14/2026 0:00:33,,rainfall,"1768366829,80.19583,0.00,4.11,90.70"
e00fce681282837e5d0586e0,1/14/2026 1:00:36,,rainfall,"1768370429,81.37778,0.00,4.11,90.70"
e00fce681282837e5d0586e0,1/14/2026 2:00:38,,rainfall,"1768374029,82.09444,0.00,4.11,90.70"
e00fce681282837e5d0586e0,1/14/2026 3:00:37,,rainfall,"1768377630,79.99167,0.00,4.11,90.70"
e00fce681282837e5d0586e0,1/14/2026 4:00:39,,rainfall,"1768381230,83.45556,0.00,4.11,90.70"
e00fce681282837e5d0586e0,1/14/2026 5:00:39,,rainfall,"1768384830,82.00694,0.00,4.11,90.70"
e00fce681282837e5d0586e0,1/14/2026 6:00:38,,rainfall,"1768388429,83.83750,0.00,4.11,90.70"
e00fce681282837e5d0586e0,1/14/2026 7:00:38,,rainfall,"1768392030,83.67917,0.00,4.11,90.70"
e00fce681282837e5d0586e0,1/14/2026 8:00:34,,rainfall,"1768395629,85.97639,0.00,4.11,90.70"
e00fce681282837e5d0586e0,1/14/2026 9:00:36,,rainfall,"1768399229,83.77222,0.00,4.11,90.54"
e00fce681282837e5d0586e0,1/14/2026 10:00:36,,rainfall,"1768402830,66.73194,0.00,4.11,90.54"
e00fce681282837e5d0586e0,1/14/2026 11:00:34,,rainfall,"1768406429,60.08750,0.00,4.11,90.54"
e00fce681282837e5d0586e0,1/14/2026 12:00:37,,rainfall,"1768410030,57.50278,0.00,4.11,90.54"
e00fce681282837e5d0586e0,1/14/2026 13:00:34,,rainfall,"1768413629,56.32778,0.00,4.11,90.54"
e00fce681282837e5d0586e0,1/14/2026 14:00:35,,rainfall,"1768417229,57.68195,0.00,4.11,90.54"
e00fce681282837e5d0586e0,1/14/2026 15:00:35,,rainfall,"1768420829,59.83055,0.00,4.11,90.54"
e00fce681282837e5d0586e0,1/14/2026 16:00:38,,rainfall,"1768424430,64.30833,0.00,4.11,90.54"
e00fce681282837e5d0586e0,1/14/2026 17:00:36,,rainfall,"1768428029,67.50833,0.00,4.11,90.54"
e00fce681282837e5d0586e0,1/14/2026 18:00:38,,rainfall,"1768431629,70.29028,0.00,4.11,90.54"
e00fce681282837e5d0586e0,1/14/2026 19:00:38,,rainfall,"1768435230,73.24583,0.00,4.11,90.54"
e00fce681282837e5d0586e0,1/14/2026 20:00:36,,rainfall,"1768438829,72.77500,0.00,4.11,90.54"
e00fce681282837e5d0586e0,1/14/2026 21:00:37,,rainfall,"1768442430,73.07639,0.00,4.11,90.54"
e00fce681282837e5d0586e0,1/14/2026 22:00:41,,rainfall,"1768446030,73.86945,0.00,4.11,90.54"
e00fce681282837e5d0586e0,1/14/2026 23:00:36,,rainfall,"1768449630,71.62083,0.00,4.11,90.54"
e00fce681282837e5d0586e0,1/15/2026 0:00:38,,rainfall,"1768453229,72.46111,0.00,4.11,90.54"
e00fce681282837e5d0586e0,1/15/2026 1:00:40,,rainfall,"1768456829,72.12222,0.00,4.11,90.54"
e00fce681282837e5d0586e0,1/15/2026 2:00:38,,rainfall,"1768460430,71.92223,0.00,4.11,90.54"
e00fce681282837e5d0586e0,1/15/2026 3:00:37,,rainfall,"1768464030,72.05695,0.00,4.11,90.54"
e00fce681282837e5d0586e0,1/15/2026 4:00:36,,rainfall,"1768467630,72.17223,0.00,4.11,90.54"
e00fce681282837e5d0586e0,1/15/2026 5:00:40,,rainfall,"1768471230,72.72361,0.00,4.11,90.54"
e00fce681282837e5d0586e0,1/15/2026 6:00:41,,rainfall,"1768474829,74.38611,0.00,4.11,90.54"
e00fce681282837e5d0586e0,1/15/2026 7:00:36,,rainfall,"1768478429,75.43056,0.00,4.11,90.54"
e00fce681282837e5d0586e0,1/15/2026 8:00:37,,rainfall,"1768482029,72.89584,0.00,4.11,90.54"
e00fce681282837e5d0586e0,1/15/2026 9:00:36,,rainfall,"1768485629,68.18750,0.00,4.11,90.54"
e00fce681282837e5d0586e0,1/15/2026 10:00:38,,rainfall,"1768489230,63.75834,0.00,4.11,90.54"
e00fce681282837e5d0586e0,1/15/2026 11:00:42,,rainfall,"1768492829,63.14722,0.00,4.11,90.54"
e00fce681282837e5d0586e0,1/15/2026 12:00:36,,rainfall,"1768496430,62.38889,0.00,4.11,90.54"
e00fce681282837e5d0586e0,1/15/2026 13:00:36,,rainfall,"1768500029,62.90139,0.00,4.11,90.54"
e00fce681282837e5d0586e0,1/15/2026 14:00:37,,rainfall,"1768503630,62.36528,0.00,4.11,90.54"
e00fce681282837e5d0586e0,1/15/2026 15:00:49,,rainfall,"1768507229,63.44167,0.00,4.11,90.54"
e00fce681282837e5d0586e0,1/15/2026 16:00:32,,rainfall,"1768510830,65.47222,0.00,4.11,90.54"
e00fce681282837e5d0586e0,1/15/2026 17:00:33,,rainfall,"1768514431,71.08611,0.00,4.11,90.54"
e00fce681282837e5d0586e0,1/15/2026 18:00:32,,rainfall,"1768518030,73.07777,0.00,4.11,90.54"
e00fce681282837e5d0586e0,1/15/2026 19:00:32,,rainfall,"1768521629,74.67223,0.00,4.11,90.54"
e00fce681282837e5d0586e0,1/15/2026 20:00:32,,rainfall,"1768525229,75.23750,0.00,4.11,90.54"
e00fce681282837e5d0586e0,1/15/2026 21:00:33,,rainfall,"1768528830,76.21250,0.00,4.11,90.54"
e00fce681282837e5d0586e0,1/15/2026 22:00:32,,rainfall,"1768532429,77.03194,0.00,4.11,90.54"
e00fce681282837e5d0586e0,1/15/2026 23:00:32,,rainfall,"1768536030,77.55556,0.00,4.11,90.38"
e00fce681282837e5d0586e0,1/16/2026 0:00:37,,rainfall,"1768539630,78.18056,0.00,4.11,90.38"
e00fce681282837e5d0586e0,1/16/2026 1:00:40,,rainfall,"1768543229,79.13333,0.00,4.11,90.38"
e00fce681282837e5d0586e0,1/16/2026 2:00:37,,rainfall,"1768546829,79.08750,0.00,4.11,90.38"
e00fce681282837e5d0586e0,1/16/2026 3:00:34,,rainfall,"1768550431,79.50694,0.00,4.11,90.38"
e00fce681282837e5d0586e0,1/16/2026 4:00:35,,rainfall,"1768554030,79.87500,0.00,4.11,90.38"
e00fce681282837e5d0586e0,1/16/2026 5:00:33,,rainfall,"1768557629,79.94028,0.00,4.11,90.38"
e00fce681282837e5d0586e0,1/16/2026 6:00:34,,rainfall,"1768561229,79.69444,0.00,4.11,90.38"
e00fce681282837e5d0586e0,1/16/2026 7:00:34,,rainfall,"1768564830,80.07917,0.00,4.11,90.38"
e00fce681282837e5d0586e0,1/16/2026 8:00:34,,rainfall,"1768568429,79.57361,0.00,4.11,90.38"
e00fce681282837e5d0586e0,1/16/2026 9:00:33,,rainfall,"1768572029,74.71250,0.00,4.11,90.38"
e00fce681282837e5d0586e0,1/16/2026 10:00:38,,rainfall,"1768575629,74.04583,0.00,4.11,90.38"
e00fce681282837e5d0586e0,1/16/2026 11:00:34,,rainfall,"1768579230,73.82777,0.00,4.11,90.38"
e00fce681282837e5d0586e0,1/16/2026 12:00:37,,rainfall,"1768582829,73.19028,0.00,4.11,90.38"
e00fce681282837e5d0586e0,1/16/2026 13:01:50,,rainfall,"1768586430,72.01527,0.00,4.11,90.38"
e00fce681282837e5d0586e0,1/16/2026 14:00:34,,rainfall,"1768590029,70.56805,0.00,4.11,90.38"
e00fce681282837e5d0586e0,1/16/2026 15:00:33,,rainfall,"1768593630,70.33889,0.00,4.11,90.38"
e00fce681282837e5d0586e0,1/16/2026 16:00:33,,rainfall,"1768597230,69.39584,0.00,4.11,90.38"
e00fce681282837e5d0586e0,1/16/2026 17:00:35,,rainfall,"1768600830,73.64584,0.00,4.11,90.38"
e00fce681282837e5d0586e0,1/16/2026 18:00:31,,rainfall,"1768604429,75.05972,0.00,4.11,90.38"
e00fce681282837e5d0586e0,1/16/2026 19:00:35,,rainfall,"1768608029,76.44583,0.00,4.11,90.38"
e00fce681282837e5d0586e0,1/16/2026 20:00:32,,rainfall,"1768611630,76.44028,0.00,4.11,90.38"
e00fce681282837e5d0586e0,1/16/2026 21:00:33,,rainfall,"1768615228,77.10278,0.00,4.11,90.38"
e00fce681282837e5d0586e0,1/16/2026 22:00:32,,rainfall,"1768618830,76.53889,0.00,4.11,90.38"
e00fce681282837e5d0586e0,1/16/2026 23:00:32,,rainfall,"1768622429,75.53889,0.00,4.11,90.38"
e00fce681282837e5d0586e0,1/17/2026 0:00:32,,rainfall,"1768626029,75.18333,0.00,4.11,90.38"
e00fce681282837e5d0586e0,1/17/2026 1:00:32,,rainfall,"1768629630,74.94028,0.00,4.11,90.38"
e00fce681282837e5d0586e0,1/17/2026 2:00:32,,rainfall,"1768633229,74.52361,0.00,4.11,90.38"
e00fce681282837e5d0586e0,1/17/2026 3:00:32,,rainfall,"1768636829,73.69028,0.00,4.11,90.38"
e00fce681282837e5d0586e0,1/17/2026 4:00:32,,rainfall,"1768640429,74.27222,0.00,4.11,90.38"
e00fce681282837e5d0586e0,1/17/2026 5:00:32,,rainfall,"1768644029,74.25833,0.00,4.11,90.38"
e00fce681282837e5d0586e0,1/17/2026 6:00:38,,rainfall,"1768647629,74.24445,0.00,4.11,90.38"
e00fce681282837e5d0586e0,1/17/2026 7:00:33,,rainfall,"1768651229,73.18750,0.00,4.11,90.38"
e00fce681282837e5d0586e0,1/17/2026 8:00:36,,rainfall,"1768654829,69.12639,0.00,4.11,90.38"
e00fce681282837e5d0586e0,1/17/2026 9:00:33,,rainfall,"1768658429,60.96111,0.00,4.11,90.38"
e00fce681282837e5d0586e0,1/17/2026 10:00:35,,rainfall,"1768662029,59.10833,0.00,4.11,90.38"
e00fce681282837e5d0586e0,1/17/2026 11:00:38,,rainfall,"1768665630,57.67639,0.00,4.11,90.38"
e00fce681282837e5d0586e0,1/17/2026 12:00:34,,rainfall,"1768669230,57.25555,0.00,4.11,90.38"
e00fce681282837e5d0586e0,1/17/2026 13:00:37,,rainfall,"1768672829,57.60417,0.00,4.11,90.38"
e00fce681282837e5d0586e0,1/17/2026 14:00:38,,rainfall,"1768676429,57.40833,0.00,4.11,90.38"
e00fce681282837e5d0586e0,1/17/2026 15:00:36,,rainfall,"1768680029,59.33194,0.00,4.11,90.38"
e00fce681282837e5d0586e0,1/17/2026 16:00:35,,rainfall,"1768683629,58.78194,0.00,4.11,90.38"
e00fce681282837e5d0586e0,1/17/2026 17:00:34,,rainfall,"1768687230,62.03194,0.00,4.11,90.38"
e00fce681282837e5d0586e0,1/17/2026 18:00:38,,rainfall,"1768690829,64.20417,0.00,4.11,90.38"
e00fce681282837e5d0586e0,1/17/2026 19:00:34,,rainfall,"1768694429,65.69167,0.00,4.11,90.38"
e00fce681282837e5d0586e0,1/17/2026 20:00:37,,rainfall,"1768698031,67.32500,0.00,4.11,90.38"
e00fce681282837e5d0586e0,1/17/2026 21:00:34,,rainfall,"1768701630,67.20139,0.00,4.11,90.38"
e00fce681282837e5d0586e0,1/17/2026 22:00:40,,rainfall,"1768705230,67.66666,0.00,4.11,90.22"
e00fce681282837e5d0586e0,1/17/2026 23:00:35,,rainfall,"1768708829,64.76527,0.00,4.11,90.22"
e00fce681282837e5d0586e0,1/18/2026 0:00:35,,rainfall,"1768712430,63.00694,0.00,4.11,90.22"
e00fce681282837e5d0586e0,1/18/2026 1:00:36,,rainfall,"1768716030,61.35972,0.00,4.11,90.22"
e00fce681282837e5d0586e0,1/18/2026 2:00:34,,rainfall,"1768719629,60.26250,0.00,4.11,90.22"
e00fce681282837e5d0586e0,1/18/2026 3:00:35,,rainfall,"1768723229,60.27917,0.00,4.11,90.22"
e00fce681282837e5d0586e0,1/18/2026 4:00:34,,rainfall,"1768726829,58.90972,0.00,4.11,90.22"
e00fce681282837e5d0586e0,1/18/2026 5:00:34,,rainfall,"1768730429,58.55416,0.00,4.11,90.22"
e00fce681282837e5d0586e0,1/18/2026 6:00:35,,rainfall,"1768734030,59.38055,0.00,4.11,90.22"
e00fce681282837e5d0586e0,1/18/2026 7:00:36,,rainfall,"1768737631,60.23472,0.00,4.11,90.22"
e00fce681282837e5d0586e0,1/18/2026 8:00:35,,rainfall,"1768741230,61.50555,0.00,4.11,90.22"
e00fce681282837e5d0586e0,1/18/2026 9:00:34,,rainfall,"1768744829,61.51250,0.56,4.11,90.22"
e00fce681282837e5d0586e0,1/18/2026 10:00:34,,rainfall,"1768748429,59.24306,1.12,4.11,90.22"
e00fce681282837e5d0586e0,1/18/2026 11:00:36,,rainfall,"1768752029,69.98055,0.84,4.11,90.22"
e00fce681282837e5d0586e0,1/18/2026 12:00:40,,rainfall,"1768755631,78.99167,1.96,4.11,90.22"
e00fce681282837e5d0586e0,1/18/2026 13:00:36,,rainfall,"1768759230,78.69444,1.68,4.11,90.22"
e00fce681282837e5d0586e0,1/18/2026 14:00:40,,rainfall,"1768762829,79.76667,1.40,4.11,90.22"
e00fce681282837e5d0586e0,1/18/2026 15:00:36,,rainfall,"1768766430,92.30833,2.24,4.11,90.22"
e00fce681282837e5d0586e0,1/18/2026 16:00:35,,rainfall,"1768770029,99.71944,1.68,4.11,90.22"
e00fce681282837e5d0586e0,1/18/2026 17:00:38,,rainfall,"1768773630,94.78889,0.56,4.11,90.22"
e00fce681282837e5d0586e0,1/18/2026 18:00:37,,rainfall,"1768777230,93.74583,0.00,4.11,90.22"
e00fce681282837e5d0586e0,1/18/2026 19:00:38,,rainfall,"1768780829,92.11945,0.00,4.11,90.22"
e00fce681282837e5d0586e0,1/18/2026 20:00:36,,rainfall,"1768784430,92.38472,0.00,4.11,90.22"
e00fce681282837e5d0586e0,1/18/2026 21:00:35,,rainfall,"1768788029,98.10973,0.00,4.11,90.22"
e00fce681282837e5d0586e0,1/18/2026 23:03:23,,rainfall,"1768795330,99.39722,0.00,4.11,90.07"
e00fce681282837e5d0586e0,1/19/2026 0:00:36,,rainfall,"1768798830,93.49722,0.00,4.11,90.07"
e00fce681282837e5d0586e0,1/19/2026 1:00:36,,rainfall,"1768802429,95.22361,0.00,4.11,90.07"
e00fce681282837e5d0586e0,1/19/2026 2:00:38,,rainfall,"1768806030,95.03472,0.00,4.11,90.07"
e00fce681282837e5d0586e0,1/19/2026 3:00:37,,rainfall,"1768809629,96.52778,0.00,4.11,90.07"
e00fce681282837e5d0586e0,1/19/2026 4:00:38,,rainfall,"1768813230,98.08889,0.00,4.11,90.07"
e00fce681282837e5d0586e0,1/19/2026 5:00:39,,rainfall,"1768816829,98.62917,0.00,4.11,90.07"
e00fce681282837e5d0586e0,1/19/2026 6:00:37,,rainfall,"1768820429,101.04444,0.00,4.11,90.07"
e00fce681282837e5d0586e0,1/19/2026 7:00:37,,rainfall,"1768824029,99.81111,0.00,4.11,90.07"
e00fce681282837e5d0586e0,1/19/2026 8:00:36,,rainfall,"1768827629,102.43333,0.00,4.11,90.07"
e00fce681282837e5d0586e0,1/19/2026 9:00:37,,rainfall,"1768831230,96.08750,0.00,4.11,90.07"
e00fce681282837e5d0586e0,1/19/2026 10:00:41,,rainfall,"1768834830,72.90694,0.28,4.11,90.07"
e00fce681282837e5d0586e0,1/19/2026 11:00:39,,rainfall,"1768838429,79.23333,0.00,4.11,90.07"
e00fce681282837e5d0586e0,1/19/2026 12:00:37,,rainfall,"1768842029,79.48333,0.00,4.11,90.07"
e00fce681282837e5d0586e0,1/19/2026 13:00:44,,rainfall,"1768845630,77.07777,0.00,4.11,90.07"
e00fce681282837e5d0586e0,1/19/2026 14:00:34,,rainfall,"1768849230,76.09583,0.00,4.11,90.07"
e00fce681282837e5d0586e0,1/19/2026 15:00:32,,rainfall,"1768852830,80.01250,0.00,4.11,90.07"
e00fce681282837e5d0586e0,1/19/2026 16:00:31,,rainfall,"1768856429,68.75417,0.00,4.11,90.07"
e00fce681282837e5d0586e0,1/19/2026 17:00:38,,rainfall,"1768860030,84.41111,0.00,4.11,90.07"
e00fce681282837e5d0586e0,1/19/2026 18:00:32,,rainfall,"1768863630,88.59167,0.00,4.11,90.07"
e00fce681282837e5d0586e0,1/19/2026 19:00:35,,rainfall,"1768867230,91.03194,0.00,4.11,90.07"
e00fce681282837e5d0586e0,1/19/2026 20:00:32,,rainfall,"1768870829,93.85555,0.00,4.11,90.07"
e00fce681282837e5d0586e0,1/19/2026 21:00:32,,rainfall,"1768874430,94.65278,0.00,4.11,90.07"
e00fce681282837e5d0586e0,1/19/2026 22:00:32,,rainfall,"1768878029,90.95277,0.00,4.11,90.07"
e00fce681282837e5d0586e0,1/19/2026 23:00:32,,rainfall,"1768881630,86.17778,0.00,4.11,90.07"
e00fce681282837e5d0586e0,1/20/2026 0:00:33,,rainfall,"1768885230,87.04166,0.00,4.11,90.07"
e00fce681282837e5d0586e0,1/20/2026 1:00:32,,rainfall,"1768888829,86.44444,0.00,4.11,90.07"
e00fce681282837e5d0586e0,1/20/2026 2:00:34,,rainfall,"1768892430,89.60694,0.00,4.11,90.07"
e00fce681282837e5d0586e0,1/20/2026 3:00:34,,rainfall,"1768896029,87.30139,0.00,4.11,90.07"
e00fce681282837e5d0586e0,1/20/2026 4:00:33,,rainfall,"1768899630,93.89306,0.00,4.11,90.07"
e00fce681282837e5d0586e0,1/20/2026 5:00:35,,rainfall,"1768903230,93.76111,0.00,4.11,90.07"
e00fce681282837e5d0586e0,1/20/2026 6:00:33,,rainfall,"1768906830,90.08750,0.00,4.11,90.07"
e00fce681282837e5d0586e0,1/20/2026 7:00:35,,rainfall,"1768910429,90.24583,0.00,4.11,90.07"
e00fce681282837e5d0586e0,1/20/2026 8:00:36,,rainfall,"1768914029,96.11667,0.00,4.11,90.07"
e00fce681282837e5d0586e0,1/20/2026 9:00:36,,rainfall,"1768917629,96.16250,0.00,4.11,90.07"
e00fce681282837e5d0586e0,1/20/2026 10:00:36,,rainfall,"1768921229,74.53750,0.00,4.11,90.07"
e00fce681282837e5d0586e0,1/20/2026 11:00:33,,rainfall,"1768924829,77.51389,0.00,4.11,90.07"
e00fce681282837e5d0586e0,1/20/2026 12:00:34,,rainfall,"1768928430,83.55556,0.00,4.11,90.07"
e00fce681282837e5d0586e0,1/20/2026 13:00:39,,rainfall,"1768932030,79.81528,0.00,4.11,90.07"
e00fce681282837e5d0586e0,1/20/2026 14:00:36,,rainfall,"1768935630,81.21806,0.00,4.11,90.07"
e00fce681282837e5d0586e0,1/20/2026 15:00:37,,rainfall,"1768939230,84.19305,0.00,4.11,90.07"
e00fce681282837e5d0586e0,1/20/2026 16:00:36,,rainfall,"1768942830,71.05139,0.00,4.11,90.07"
e00fce681282837e5d0586e0,1/20/2026 17:00:39,,rainfall,"1768946430,77.68195,0.00,4.11,90.07"
e00fce681282837e5d0586e0,1/20/2026 18:00:38,,rainfall,"1768950030,85.59861,0.00,4.11,90.07"
e00fce681282837e5d0586e0,1/20/2026 19:00:37,,rainfall,"1768953630,96.26945,0.00,4.11,90.07"
e00fce681282837e5d0586e0,1/20/2026 20:00:35,,rainfall,"1768957230,89.80139,0.00,4.11,90.07"
e00fce681282837e5d0586e0,1/20/2026 21:00:38,,rainfall,"1768960829,91.44028,0.00,4.11,90.07"
e00fce681282837e5d0586e0,1/20/2026 22:00:34,,rainfall,"1768964430,92.64445,0.00,4.11,90.07"
e00fce681282837e5d0586e0,1/20/2026 23:00:36,,rainfall,"1768968029,100.29861,0.00,4.11,90.07"
e00fce681282837e5d0586e0,1/21/2026 0:00:35,,rainfall,"1768971628,101.40694,0.00,4.11,90.07"
e00fce681282837e5d0586e0,1/21/2026 1:00:38,,rainfall,"1768975230,101.12361,0.00,4.11,90.07"
e00fce681282837e5d0586e0,1/21/2026 2:00:34,,rainfall,"1768978829,104.05972,0.00,4.11,90.07"
e00fce681282837e5d0586e0,1/21/2026 3:00:35,,rainfall,"1768982430,98.58056,0.00,4.11,90.07"
e00fce681282837e5d0586e0,1/21/2026 4:00:34,,rainfall,"1768986029,100.32777,0.00,4.11,90.07"
e00fce681282837e5d0586e0,1/21/2026 5:00:36,,rainfall,"1768989629,100.38472,0.00,4.11,90.07"
e00fce681282837e5d0586e0,1/21/2026 6:00:38,,rainfall,"1768993230,99.74445,0.00,4.11,90.07"
e00fce681282837e5d0586e0,1/21/2026 7:00:38,,rainfall,"1768996830,100.48194,0.00,4.11,90.07"
e00fce681282837e5d0586e0,1/21/2026 8:00:36,,rainfall,"1769000430,100.16944,0.00,4.11,90.07"
e00fce681282837e5d0586e0,1/21/2026 9:00:40,,rainfall,"1769004029,84.02084,0.00,4.11,90.07"
e00fce681282837e5d0586e0,1/21/2026 10:00:36,,rainfall,"1769007630,72.34722,0.00,4.11,90.07"
e00fce681282837e5d0586e0,1/21/2026 11:00:35,,rainfall,"1769011229,70.03472,0.00,4.11,90.07"
e00fce681282837e5d0586e0,1/21/2026 12:00:35,,rainfall,"1769014829,72.37500,0.00,4.11,90.07"
e00fce681282837e5d0586e0,1/21/2026 13:00:39,,rainfall,"1769018430,75.08611,0.00,4.11,90.07"
e00fce681282837e5d0586e0,1/21/2026 14:00:36,,rainfall,"1769022029,72.17639,0.00,4.11,90.07"
e00fce681282837e5d0586e0,1/21/2026 15:00:37,,rainfall,"1769025629,71.89445,0.00,4.11,90.07"
e00fce681282837e5d0586e0,1/21/2026 16:00:38,,rainfall,"1769029229,71.29028,0.00,4.11,90.07"
e00fce681282837e5d0586e0,1/21/2026 17:00:36,,rainfall,"1769032830,84.00833,0.00,4.11,89.91"
e00fce681282837e5d0586e0,1/21/2026 18:00:36,,rainfall,"1769036430,87.48889,0.00,4.11,89.91"
e00fce681282837e5d0586e0,1/21/2026 19:00:41,,rainfall,"1769040031,95.30278,0.00,4.11,89.91"
e00fce681282837e5d0586e0,1/21/2026 20:00:37,,rainfall,"1769043630,90.85139,0.00,4.11,89.91"
e00fce681282837e5d0586e0,1/21/2026 21:00:40,,rainfall,"1769047229,87.98750,0.00,4.11,89.91"
e00fce681282837e5d0586e0,1/21/2026 22:00:37,,rainfall,"1769050830,94.56667,0.00,4.11,89.91"
e00fce681282837e5d0586e0,1/21/2026 23:00:38,,rainfall,"1769054429,98.85139,0.00,4.11,89.91"
e00fce681282837e5d0586e0,1/22/2026 0:00:38,,rainfall,"1769058030,98.62917,0.00,4.11,89.91"
e00fce681282837e5d0586e0,1/22/2026 1:00:36,,rainfall,"1769061629,98.34861,0.00,4.11,89.91"
e00fce681282837e5d0586e0,1/22/2026 2:00:40,,rainfall,"1769065230,97.91805,0.00,4.11,89.91"
e00fce681282837e5d0586e0,1/22/2026 3:00:36,,rainfall,"1769068829,100.34167,0.00,4.11,89.91"
e00fce681282837e5d0586e0,1/22/2026 4:00:39,,rainfall,"1769072430,101.21806,0.00,4.11,89.91"
e00fce681282837e5d0586e0,1/22/2026 5:00:36,,rainfall,"1769076029,97.73194,0.00,4.11,89.91"
e00fce681282837e5d0586e0,1/22/2026 6:00:40,,rainfall,"1769079629,94.61528,0.00,4.11,89.91"
e00fce681282837e5d0586e0,1/22/2026 7:00:37,,rainfall,"1769083230,90.55278,0.00,4.11,89.91"
e00fce681282837e5d0586e0,1/22/2026 8:00:37,,rainfall,"1769086830,92.00278,0.00,4.11,89.91"
e00fce681282837e5d0586e0,1/22/2026 9:00:40,,rainfall,"1769090429,93.73750,0.00,4.11,89.91"
e00fce681282837e5d0586e0,1/22/2026 10:00:38,,rainfall,"1769094030,92.01389,0.00,4.11,89.91"
e00fce681282837e5d0586e0,1/22/2026 11:00:37,,rainfall,"1769097629,85.44444,0.00,4.11,89.91"
e00fce681282837e5d0586e0,1/22/2026 12:00:37,,rainfall,"1769101229,86.28333,0.00,4.11,89.91"
e00fce681282837e5d0586e0,1/22/2026 13:00:47,,rainfall,"1769104831,87.54166,0.00,4.11,89.91"
e00fce68239f79db42ac9cb5,1/22/2026 13:29:51,,rainfall_0001,"946684813,258.92221,0.00,0.15,93.70"
e00fce68239f79db42ac9cb5,1/22/2026 13:30:31,,rainfall_0001,"1769106629,258.97360,0.00,0.05,82.87"
e00fce68239f79db42ac9cb5,1/22/2026 13:56:38,,rainfall_0001,"946684813,240.50000,0.00,0.15,93.70"
e00fce681282837e5d0586e0,1/22/2026 14:00:32,,rainfall,"1769108430,82.55278,0.00,4.11,89.91"
e00fce681282837e5d0586e0,1/22/2026 15:00:33,,rainfall,"1769112029,75.67223,0.00,4.11,89.91"
e00fce681282837e5d0586e0,1/22/2026 16:00:31,,rainfall,"1769115629,67.10555,0.00,4.11,89.91"
e00fce681282837e5d0586e0,1/22/2026 17:00:34,,rainfall,"1769119230,84.52639,0.00,4.11,89.91"
e00fce681282837e5d0586e0,1/22/2026 18:00:32,,rainfall,"1769122829,95.95139,0.00,4.11,89.91"
e00fce681282837e5d0586e0,1/22/2026 19:00:34,,rainfall,"1769126430,95.88194,0.00,4.11,89.91"
e00fce681282837e5d0586e0,1/22/2026 20:00:32,,rainfall,"1769130030,90.48333,0.00,4.11,89.91"
e00fce681282837e5d0586e0,1/22/2026 21:00:37,,rainfall,"1769133629,95.03194,0.00,4.11,89.91"
e00fce681282837e5d0586e0,1/22/2026 22:00:33,,rainfall,"1769137230,88.71389,0.00,4.11,89.91"
e00fce681282837e5d0586e0,1/22/2026 23:00:34,,rainfall,"1769140829,89.36806,0.00,4.11,89.91"
e00fce681282837e5d0586e0,1/23/2026 0:00:32,,rainfall,"1769144429,89.42361,0.00,4.11,89.91"
e00fce681282837e5d0586e0,1/23/2026 1:00:32,,rainfall,"1769148029,92.34583,0.00,4.11,89.91"
e00fce681282837e5d0586e0,1/23/2026 2:00:32,,rainfall,"1769151630,91.86389,0.00,4.11,89.91"
e00fce681282837e5d0586e0,1/23/2026 3:00:35,,rainfall,"1769155230,92.25972,0.00,4.11,89.91"
e00fce681282837e5d0586e0,1/23/2026 4:00:32,,rainfall,"1769158829,93.92639,0.00,4.11,89.91"
e00fce681282837e5d0586e0,1/23/2026 5:00:32,,rainfall,"1769162429,90.83889,0.00,4.11,89.91"
e00fce681282837e5d0586e0,1/23/2026 6:00:36,,rainfall,"1769166029,91.03472,0.00,4.11,89.91"
e00fce681282837e5d0586e0,1/23/2026 7:00:32,,rainfall,"1769169629,87.86528,0.00,4.11,89.91"
e00fce681282837e5d0586e0,1/23/2026 8:00:34,,rainfall,"1769173229,88.95000,0.00,4.11,89.91"
e00fce681282837e5d0586e0,1/23/2026 9:00:37,,rainfall,"1769176829,92.03194,0.00,4.11,89.91"
e00fce681282837e5d0586e0,1/23/2026 10:00:33,,rainfall,"1769180430,86.29583,0.00,4.11,89.75"
e00fce681282837e5d0586e0,1/23/2026 11:00:38,,rainfall,"1769184029,82.88472,0.00,4.11,89.75"
e00fce681282837e5d0586e0,1/23/2026 12:00:36,,rainfall,"1769187629,78.19305,0.00,4.11,89.75"
e00fce681282837e5d0586e0,1/23/2026 13:00:34,,rainfall,"1769191230,81.20834,0.00,4.11,89.75"
e00fce681282837e5d0586e0,1/23/2026 14:00:32,,rainfall,"1769194828,83.67223,0.00,4.11,89.75"
e00fce681282837e5d0586e0,1/23/2026 15:00:37,,rainfall,"1769198430,81.61250,0.00,4.11,89.75"
e00fce681282837e5d0586e0,1/23/2026 16:00:34,,rainfall,"1769202030,80.28889,0.00,4.10,89.75"
e00fce681282837e5d0586e0,1/23/2026 17:00:36,,rainfall,"1769205629,79.17083,0.00,4.11,89.75"
e00fce681282837e5d0586e0,1/23/2026 18:00:38,,rainfall,"1769209230,86.29583,0.00,4.11,89.75"
e00fce681282837e5d0586e0,1/23/2026 19:00:35,,rainfall,"1769212830,91.61945,0.00,4.11,89.75"
e00fce681282837e5d0586e0,1/23/2026 20:00:36,,rainfall,"1769216429,91.90972,0.00,4.11,89.75"
e00fce681282837e5d0586e0,1/23/2026 22:01:46,,rainfall,"1769223616,92.35555,0.00,4.11,89.75"
e00fce681282837e5d0586e0,1/23/2026 23:00:37,,rainfall,"1769227229,97.30000,0.00,4.11,89.75"
e00fce681282837e5d0586e0,1/24/2026 0:00:35,,rainfall,"1769230830,91.22361,0.00,4.11,89.75"
e00fce681282837e5d0586e0,1/24/2026 1:00:34,,rainfall,"1769234429,91.98055,0.00,4.11,89.75"
e00fce681282837e5d0586e0,1/24/2026 2:00:34,,rainfall,"1769238029,91.34167,0.00,4.11,89.75"
e00fce681282837e5d0586e0,1/24/2026 3:00:34,,rainfall,"1769241629,99.66805,0.00,4.10,89.75"
e00fce681282837e5d0586e0,1/24/2026 4:00:35,,rainfall,"1769245230,94.96667,0.00,4.11,89.75"
e00fce681282837e5d0586e0,1/24/2026 5:00:35,,rainfall,"1769248829,90.82083,0.00,4.11,89.75"
e00fce681282837e5d0586e0,1/24/2026 6:00:38,,rainfall,"1769252430,86.23055,0.00,4.11,89.75"
e00fce681282837e5d0586e0,1/24/2026 7:00:36,,rainfall,"1769256029,87.59583,0.00,4.11,89.75"
e00fce681282837e5d0586e0,1/24/2026 8:00:35,,rainfall,"1769259630,90.02917,0.00,4.11,89.75"
e00fce681282837e5d0586e0,1/24/2026 9:00:35,,rainfall,"1769263230,86.28472,0.00,4.11,89.75"
e00fce681282837e5d0586e0,1/24/2026 10:00:36,,rainfall,"1769266830,79.48333,0.00,4.11,89.75"
e00fce681282837e5d0586e0,1/24/2026 11:00:35,,rainfall,"1769270430,83.71389,0.00,4.11,89.75"
e00fce681282837e5d0586e0,1/24/2026 12:00:36,,rainfall,"1769274029,81.14861,0.00,4.11,89.75"
e00fce681282837e5d0586e0,1/24/2026 13:00:40,,rainfall,"1769277629,78.21389,0.00,4.10,89.75"
e00fce681282837e5d0586e0,1/24/2026 14:00:37,,rainfall,"1769281229,83.75972,0.00,4.11,89.75"
e00fce681282837e5d0586e0,1/24/2026 15:00:35,,rainfall,"1769284829,88.77222,0.00,4.11,89.75"
e00fce681282837e5d0586e0,1/24/2026 17:01:49,,rainfall,"1769292022,86.34028,0.00,4.11,89.75"
e00fce681282837e5d0586e0,1/24/2026 18:00:32,,rainfall,"1769295629,84.03750,0.00,4.11,89.75"
e00fce681282837e5d0586e0,1/24/2026 19:00:32,,rainfall,"1769299230,83.41666,0.00,4.11,89.75"
e00fce681282837e5d0586e0,1/24/2026 20:00:31,,rainfall,"1769302829,81.22083,0.00,4.11,89.75"
e00fce681282837e5d0586e0,1/24/2026 21:00:38,,rainfall,"1769306430,81.20139,0.00,4.11,89.75"
e00fce681282837e5d0586e0,1/24/2026 22:00:32,,rainfall,"1769310030,92.11945,0.00,4.11,89.75"
e00fce681282837e5d0586e0,1/24/2026 23:00:34,,rainfall,"1769313629,89.20277,0.00,4.11,89.75"
e00fce681282837e5d0586e0,1/25/2026 0:00:34,,rainfall,"1769317229,92.06250,0.00,4.11,89.75"
e00fce681282837e5d0586e0,1/25/2026 1:00:33,,rainfall,"1769320830,90.30417,0.00,4.11,89.75"
e00fce681282837e5d0586e0,1/25/2026 2:00:32,,rainfall,"1769324429,87.98889,0.00,4.11,89.75"
e00fce681282837e5d0586e0,1/25/2026 3:00:35,,rainfall,"1769328029,87.79028,0.00,4.11,89.75"
e00fce681282837e5d0586e0,1/25/2026 4:00:36,,rainfall,"1769331629,88.65139,0.00,4.11,89.75"
e00fce681282837e5d0586e0,1/25/2026 5:00:33,,rainfall,"1769335230,88.45417,0.00,4.11,89.75"
e00fce681282837e5d0586e0,1/25/2026 6:00:33,,rainfall,"1769338830,88.39306,0.00,4.11,89.75"
e00fce681282837e5d0586e0,1/25/2026 7:00:33,,rainfall,"1769342430,89.88194,0.00,4.11,89.75"
e00fce681282837e5d0586e0,1/25/2026 8:00:32,,rainfall,"1769346029,92.29723,0.00,4.11,89.75"
e00fce681282837e5d0586e0,1/25/2026 9:00:34,,rainfall,"1769349629,93.58056,0.00,4.11,89.75"
e00fce681282837e5d0586e0,1/25/2026 10:00:36,,rainfall,"1769353229,94.77639,1.40,4.11,89.75"
e00fce681282837e5d0586e0,1/25/2026 11:00:36,,rainfall,"1769356829,96.88472,0.56,4.11,89.75"
e00fce681282837e5d0586e0,1/25/2026 12:00:34,,rainfall,"1769360430,97.34861,0.84,4.11,89.75"
e00fce681282837e5d0586e0,1/25/2026 13:00:34,,rainfall,"1769364030,94.67083,0.00,4.10,89.75"
e00fce681282837e5d0586e0,1/25/2026 14:00:35,,rainfall,"1769367628,92.37222,0.00,4.10,89.75"
e00fce681282837e5d0586e0,1/25/2026 15:00:34,,rainfall,"1769371230,94.92639,0.00,4.10,89.75"
e00fce681282837e5d0586e0,1/25/2026 16:00:34,,rainfall,"1769374829,102.12917,0.00,4.10,89.75"
e00fce681282837e5d0586e0,1/25/2026 17:00:33,,rainfall,"1769378429,102.35833,0.00,4.10,89.75"
e00fce681282837e5d0586e0,1/25/2026 18:00:34,,rainfall,"1769382030,102.77639,0.00,4.10,89.75"
e00fce681282837e5d0586e0,1/25/2026 19:00:39,,rainfall,"1769385630,107.34722,0.00,4.10,89.59"
e00fce681282837e5d0586e0,1/25/2026 20:00:34,,rainfall,"1769389230,114.36806,0.00,4.10,89.59"
e00fce681282837e5d0586e0,1/25/2026 21:00:37,,rainfall,"1769392830,105.03750,0.00,4.10,89.59"
e00fce681282837e5d0586e0,1/25/2026 22:00:36,,rainfall,"1769396429,103.45695,0.28,4.10,89.59"
e00fce681282837e5d0586e0,1/25/2026 23:00:37,,rainfall,"1769400030,102.69305,0.00,4.10,89.59"
e00fce681282837e5d0586e0,1/26/2026 0:00:40,,rainfall,"1769403630,101.01527,0.00,4.10,89.59"
e00fce681282837e5d0586e0,1/26/2026 1:00:37,,rainfall,"1769407230,108.04166,0.28,4.10,89.59"
e00fce681282837e5d0586e0,1/26/2026 2:00:34,,rainfall,"1769410829,109.51389,0.28,4.10,89.59"
e00fce681282837e5d0586e0,1/26/2026 3:00:36,,rainfall,"1769414430,109.17500,0.00,4.10,89.59"
e00fce681282837e5d0586e0,1/26/2026 4:00:34,,rainfall,"1769418029,112.24722,0.00,4.10,89.59"
e00fce681282837e5d0586e0,1/26/2026 5:00:38,,rainfall,"1769421629,113.45556,0.00,4.10,89.59"
e00fce681282837e5d0586e0,1/26/2026 6:00:40,,rainfall,"1769425229,110.54723,0.00,4.10,89.59"
e00fce681282837e5d0586e0,1/26/2026 7:00:37,,rainfall,"1769428829,109.05695,0.00,4.10,89.59"
e00fce681282837e5d0586e0,1/26/2026 8:00:35,,rainfall,"1769432429,107.81528,1.12,4.10,89.59"
e00fce681282837e5d0586e0,1/26/2026 9:00:36,,rainfall,"1769436030,97.67917,0.00,4.10,89.59"
e00fce681282837e5d0586e0,1/26/2026 10:00:35,,rainfall,"1769439629,100.06389,0.00,4.10,89.59"
e00fce681282837e5d0586e0,1/26/2026 11:00:35,,rainfall,"1769443229,90.95000,0.28,4.10,89.59"
e00fce681282837e5d0586e0,1/26/2026 12:00:37,,rainfall,"1769446830,89.44028,0.00,4.10,89.59"
e00fce681282837e5d0586e0,1/26/2026 13:00:35,,rainfall,"1769450429,87.96389,0.00,4.10,89.59"
e00fce681282837e5d0586e0,1/26/2026 14:00:41,,rainfall,"1769454030,87.72500,0.00,4.10,89.59"
e00fce681282837e5d0586e0,1/26/2026 15:00:36,,rainfall,"1769457629,88.55000,0.00,4.10,89.59"
e00fce681282837e5d0586e0,1/26/2026 16:00:42,,rainfall,"1769461230,85.97639,0.00,4.10,89.59"
e00fce681282837e5d0586e0,1/26/2026 17:00:35,,rainfall,"1769464829,89.28611,0.00,4.10,89.59"
e00fce681282837e5d0586e0,1/26/2026 18:00:36,,rainfall,"1769468430,91.31528,0.00,4.10,89.59"
e00fce681282837e5d0586e0,1/26/2026 19:00:35,,rainfall,"1769472029,99.98611,0.00,4.10,89.59"
e00fce681282837e5d0586e0,1/26/2026 20:00:36,,rainfall,"1769475629,89.64167,0.00,4.10,89.59"
e00fce681282837e5d0586e0,1/26/2026 21:00:38,,rainfall,"1769479230,96.63889,0.00,4.10,89.59"
e00fce681282837e5d0586e0,1/26/2026 22:00:37,,rainfall,"1769482830,96.36250,0.00,4.10,89.59"
e00fce681282837e5d0586e0,1/26/2026 23:00:36,,rainfall,"1769486429,92.95556,0.00,4.10,89.59"
e00fce681282837e5d0586e0,1/27/2026 0:00:37,,rainfall,"1769490030,88.70972,0.00,4.10,89.59"
e00fce681282837e5d0586e0,1/27/2026 1:00:37,,rainfall,"1769493630,97.07222,0.00,4.10,89.59"
e00fce681282837e5d0586e0,1/27/2026 2:00:37,,rainfall,"1769497230,93.85833,0.00,4.10,89.59"
e00fce681282837e5d0586e0,1/27/2026 3:00:37,,rainfall,"1769500830,91.04028,0.00,4.10,89.59"
e00fce681282837e5d0586e0,1/27/2026 4:00:39,,rainfall,"1769504429,98.51667,0.00,4.10,89.59"
e00fce681282837e5d0586e0,1/27/2026 5:00:38,,rainfall,"1769508029,95.49861,0.00,4.10,89.59"
e00fce681282837e5d0586e0,1/27/2026 6:00:41,,rainfall,"1769511630,88.01945,0.00,4.10,89.59"
e00fce681282837e5d0586e0,1/27/2026 7:00:39,,rainfall,"1769515229,94.91528,0.00,4.10,89.59"
e00fce681282837e5d0586e0,1/27/2026 8:00:39,,rainfall,"1769518830,96.45834,0.00,4.10,89.59"
e00fce681282837e5d0586e0,1/27/2026 9:00:36,,rainfall,"1769522428,85.64722,0.00,4.10,89.59"
e00fce681282837e5d0586e0,1/27/2026 10:00:40,,rainfall,"1769526029,82.92778,0.00,4.10,89.59"
e00fce681282837e5d0586e0,1/27/2026 11:00:37,,rainfall,"1769529630,83.27222,0.00,4.10,89.59"
e00fce681282837e5d0586e0,1/27/2026 12:00:40,,rainfall,"1769533230,84.57917,0.00,4.10,89.59"
e00fce681282837e5d0586e0,1/27/2026 13:00:37,,rainfall,"1769536829,81.42083,0.00,4.10,89.59"
e00fce681282837e5d0586e0,1/27/2026 14:00:38,,rainfall,"1769540429,83.71806,0.00,4.10,89.59"
e00fce681282837e5d0586e0,1/27/2026 15:00:39,,rainfall,"1769544030,82.85000,0.00,4.10,89.59"
e00fce681282837e5d0586e0,1/27/2026 16:00:38,,rainfall,"1769547630,76.80139,0.00,4.10,89.59"
e00fce681282837e5d0586e0,1/27/2026 17:00:47,,rainfall,"1769551228,90.01389,0.00,4.10,89.59"
e00fce681282837e5d0586e0,1/27/2026 18:00:38,,rainfall,"1769554830,90.26111,0.00,4.10,89.59"
e00fce681282837e5d0586e0,1/27/2026 19:00:32,,rainfall,"1769558430,89.99722,0.00,4.10,89.59"
e00fce681282837e5d0586e0,1/27/2026 20:00:32,,rainfall,"1769562030,89.55000,0.00,4.10,89.59"
e00fce681282837e5d0586e0,1/27/2026 21:00:31,,rainfall,"1769565628,98.92639,0.00,4.10,89.59"
e00fce681282837e5d0586e0,1/27/2026 22:00:33,,rainfall,"1769569230,110.80000,0.00,4.10,89.43"
e00fce681282837e5d0586e0,1/27/2026 23:00:37,,rainfall,"1769572830,108.20695,0.00,4.10,89.43"
e00fce681282837e5d0586e0,1/28/2026 0:00:37,,rainfall,"1769576430,108.77500,0.00,4.10,89.43"
e00fce681282837e5d0586e0,1/28/2026 1:00:38,,rainfall,"1769580030,111.18195,0.00,4.10,89.43"
e00fce681282837e5d0586e0,1/28/2026 2:00:32,,rainfall,"1769583629,111.42223,0.00,4.10,89.43"
e00fce681282837e5d0586e0,1/28/2026 3:00:39,,rainfall,"1769587230,108.19722,0.00,4.10,89.43"
e00fce681282837e5d0586e0,1/28/2026 4:00:35,,rainfall,"1769590829,112.10278,0.00,4.10,89.43"
e00fce681282837e5d0586e0,1/28/2026 5:00:35,,rainfall,"1769594430,112.34028,0.00,4.10,89.43"
e00fce681282837e5d0586e0,1/28/2026 6:00:33,,rainfall,"1769598030,113.57361,0.00,4.10,89.43"
e00fce681282837e5d0586e0,1/28/2026 7:00:35,,rainfall,"1769601629,112.53333,0.00,4.10,89.43"
e00fce681282837e5d0586e0,1/28/2026 8:00:33,,rainfall,"1769605229,116.05139,0.00,4.10,89.43"
e00fce681282837e5d0586e0,1/28/2026 9:00:33,,rainfall,"1769608830,103.61250,0.00,4.10,89.43"
e00fce681282837e5d0586e0,1/28/2026 10:00:34,,rainfall,"1769612430,96.10555,0.00,4.10,89.43"
e00fce68239f79db42ac9cb5,1/28/2026 10:07:24,,rainfall_0001,"946684813,66.04305,0.00,0.15,94.18"
e00fce68239f79db42ac9cb5,1/28/2026 10:16:05,,rainfall_0001,"1769613363,64.73750,0.00,0.17,93.39"
e00fce681282837e5d0586e0,1/28/2026 11:00:33,,rainfall,"1769616029,89.12778,0.00,4.10,89.43"
e00fce68239f79db42ac9cb5,1/28/2026 11:00:34,,rainfall_0001,"1769616029,60.09583,0.00,0.05,84.17"
e00fce681282837e5d0586e0,1/28/2026 12:00:33,,rainfall,"1769619630,88.23889,0.00,4.10,89.43"
e00fce681282837e5d0586e0,1/28/2026 13:00:34,,rainfall,"1769623230,81.64584,0.00,4.10,89.43"
e00fce681282837e5d0586e0,1/28/2026 14:00:36,,rainfall,"1769626829,82.14027,0.00,4.10,89.43"
e00fce681282837e5d0586e0,1/28/2026 15:00:36,,rainfall,"1769630430,82.52500,0.00,4.10,89.43"
e00fce681282837e5d0586e0,1/28/2026 16:00:37,,rainfall,"1769634030,76.04028,0.00,4.10,89.43"
e00fce681282837e5d0586e0,1/28/2026 17:00:36,,rainfall,"1769637629,92.38055,0.00,4.10,89.43"
e00fce681282837e5d0586e0,1/28/2026 18:00:39,,rainfall,"1769641229,92.95417,0.00,4.10,89.43"
e00fce681282837e5d0586e0,1/28/2026 19:00:34,,rainfall,"1769644830,98.03889,0.00,4.10,89.43"
e00fce681282837e5d0586e0,1/28/2026 20:00:35,,rainfall,"1769648429,99.45277,0.00,4.10,89.43"
e00fce681282837e5d0586e0,1/28/2026 21:00:39,,rainfall,"1769652029,98.72639,0.00,4.10,89.43"
e00fce681282837e5d0586e0,1/28/2026 22:00:38,,rainfall,"1769655629,98.00555,0.00,4.10,89.43"
e00fce681282837e5d0586e0,1/28/2026 23:00:34,,rainfall,"1769659230,96.45000,0.00,4.10,89.43"
e00fce681282837e5d0586e0,1/29/2026 0:00:37,,rainfall,"1769662830,100.25278,0.00,4.10,89.43"
e00fce681282837e5d0586e0,1/29/2026 1:00:35,,rainfall,"1769666430,106.56389,0.00,4.10,89.43"
e00fce681282837e5d0586e0,1/29/2026 2:00:34,,rainfall,"1769670029,99.96944,0.00,4.10,89.43"
e00fce681282837e5d0586e0,1/29/2026 3:00:37,,rainfall,"1769673629,94.93195,0.00,4.10,89.43"
e00fce681282837e5d0586e0,1/29/2026 4:00:39,,rainfall,"1769677230,95.18333,0.00,4.10,89.43"
e00fce681282837e5d0586e0,1/29/2026 5:00:36,,rainfall,"1769680829,93.42500,0.00,4.10,89.43"
e00fce681282837e5d0586e0,1/29/2026 6:00:40,,rainfall,"1769684430,94.90278,0.00,4.10,89.43"
e00fce681282837e5d0586e0,1/29/2026 7:00:38,,rainfall,"1769688030,92.69305,0.00,4.10,89.43"
e00fce681282837e5d0586e0,1/29/2026 8:00:35,,rainfall,"1769691630,103.81805,0.00,4.10,89.43"
e00fce681282837e5d0586e0,1/29/2026 9:00:37,,rainfall,"1769695229,88.99445,0.00,4.10,89.43"
e00fce681282837e5d0586e0,1/29/2026 10:00:36,,rainfall,"1769698829,84.80833,0.00,4.10,89.43"
e00fce681282837e5d0586e0,1/29/2026 11:00:39,,rainfall,"1769702430,85.82917,0.00,4.10,89.43"
e00fce681282837e5d0586e0,1/29/2026 12:00:35,,rainfall,"1769706029,88.06805,0.00,4.10,89.43"
e00fce681282837e5d0586e0,1/29/2026 13:00:41,,rainfall,"1769709630,83.23750,0.00,4.10,89.43"
e00fce681282837e5d0586e0,1/29/2026 14:00:38,,rainfall,"1769713230,77.96528,0.00,4.10,89.43"
e00fce681282837e5d0586e0,1/29/2026 15:00:35,,rainfall,"1769716829,79.24583,0.00,4.10,89.43"
e00fce681282837e5d0586e0,1/29/2026 16:00:35,,rainfall,"1769720429,76.04166,0.00,4.10,89.43"
e00fce681282837e5d0586e0,1/29/2026 17:00:38,,rainfall,"1769724030,92.84444,0.00,4.10,89.43"
e00fce681282837e5d0586e0,1/29/2026 18:00:37,,rainfall,"1769727629,93.37361,0.00,4.10,89.43"
e00fce681282837e5d0586e0,1/29/2026 19:00:39,,rainfall,"1769731229,91.98055,0.00,4.10,89.43"
e00fce681282837e5d0586e0,1/29/2026 20:00:37,,rainfall,"1769734829,92.19028,0.00,4.10,89.43"
e00fce681282837e5d0586e0,1/29/2026 21:00:45,,rainfall,"1769738429,91.30417,0.00,4.10,89.43"
e00fce681282837e5d0586e0,1/29/2026 22:00:36,,rainfall,"1769742030,89.70000,0.00,4.10,89.43"
e00fce681282837e5d0586e0,1/29/2026 23:00:36,,rainfall,"1769745630,91.52361,0.00,4.10,89.43"
e00fce681282837e5d0586e0,1/30/2026 0:00:36,,rainfall,"1769749229,91.65417,0.00,4.10,89.43"
e00fce681282837e5d0586e0,1/30/2026 1:00:36,,rainfall,"1769752829,96.05000,0.00,4.10,89.43"
e00fce681282837e5d0586e0,1/30/2026 2:00:36,,rainfall,"1769756429,97.12083,0.00,4.10,89.43"
e00fce681282837e5d0586e0,1/30/2026 3:00:38,,rainfall,"1769760030,92.32083,0.00,4.10,89.43"
e00fce681282837e5d0586e0,1/30/2026 4:00:36,,rainfall,"1769763629,88.95972,0.00,4.10,89.43"
e00fce681282837e5d0586e0,1/30/2026 5:00:40,,rainfall,"1769767229,90.16528,0.00,4.10,89.43"
e00fce681282837e5d0586e0,1/30/2026 6:00:37,,rainfall,"1769770830,96.79723,0.00,4.10,89.43"
e00fce681282837e5d0586e0,1/30/2026 7:00:41,,rainfall,"1769774430,89.32917,0.00,4.10,89.43"
e00fce681282837e5d0586e0,1/30/2026 8:00:38,,rainfall,"1769778029,87.97778,0.00,4.10,89.43"
e00fce681282837e5d0586e0,1/30/2026 9:00:36,,rainfall,"1769781629,88.32083,0.00,4.10,89.43"
e00fce681282837e5d0586e0,1/30/2026 10:00:42,,rainfall,"1769785229,74.47500,0.00,4.10,89.43"
e00fce681282837e5d0586e0,1/30/2026 11:00:37,,rainfall,"1769788829,79.00417,0.00,4.10,89.43"
e00fce681282837e5d0586e0,1/30/2026 12:00:43,,rainfall,"1769792429,75.65833,0.00,4.10,89.43"
e00fce681282837e5d0586e0,1/30/2026 13:00:39,,rainfall,"1769796029,75.58889,0.00,4.10,89.43"
e00fce681282837e5d0586e0,1/30/2026 14:00:42,,rainfall,"1769799629,75.85555,0.00,4.10,89.43"
e00fce681282837e5d0586e0,1/30/2026 15:00:38,,rainfall,"1769803230,77.50000,0.00,4.10,89.43"
e00fce681282837e5d0586e0,1/30/2026 16:00:37,,rainfall,"1769806829,75.06111,0.00,4.10,89.43"
e00fce681282837e5d0586e0,1/30/2026 17:00:46,,rainfall,"1769810429,86.72500,0.00,4.10,89.43"
e00fce681282837e5d0586e0,1/30/2026 18:00:30,,rainfall,"1769814029,94.01667,0.00,4.10,89.43"
e00fce681282837e5d0586e0,1/30/2026 19:00:31,,rainfall,"1769817629,91.87500,0.00,4.10,89.43"
e00fce681282837e5d0586e0,1/30/2026 20:00:35,,rainfall,"1769821230,92.25972,0.00,4.10,89.43"
e00fce681282837e5d0586e0,1/30/2026 21:00:31,,rainfall,"1769824829,90.30972,0.00,4.10,89.43"
e00fce681282837e5d0586e0,1/30/2026 22:00:34,,rainfall,"1769828430,92.66111,0.00,4.10,89.43"
e00fce681282837e5d0586e0,1/30/2026 23:00:33,,rainfall,"1769832030,94.63472,0.00,4.10,89.43"
e00fce681282837e5d0586e0,1/31/2026 1:02:30,,rainfall,"1769839331,94.92778,0.00,4.10,89.27"
e00fce681282837e5d0586e0,1/31/2026 2:00:35,,rainfall,"1769842830,93.82083,0.00,4.10,89.27"
e00fce681282837e5d0586e0,1/31/2026 3:00:33,,rainfall,"1769846429,94.55000,0.00,4.10,89.27"
e00fce681282837e5d0586e0,1/31/2026 4:00:32,,rainfall,"1769850030,97.55278,0.00,4.10,89.27"
e00fce681282837e5d0586e0,1/31/2026 5:00:32,,rainfall,"1769853630,98.36528,0.00,4.10,89.27"
e00fce681282837e5d0586e0,1/31/2026 6:00:32,,rainfall,"1769857229,107.25972,0.00,4.10,89.27"
e00fce681282837e5d0586e0,1/31/2026 7:00:33,,rainfall,"1769860830,102.73889,0.00,4.10,89.27"
e00fce681282837e5d0586e0,1/31/2026 8:00:35,,rainfall,"1769864430,100.38333,0.00,4.10,89.27"
e00fce681282837e5d0586e0,1/31/2026 9:00:33,,rainfall,"1769868029,96.77084,0.00,4.10,89.27"
e00fce681282837e5d0586e0,1/31/2026 10:00:33,,rainfall,"1769871630,89.15556,0.00,4.10,89.27"
e00fce681282837e5d0586e0,1/31/2026 11:00:37,,rainfall,"1769875230,97.35139,0.00,4.10,89.27"
e00fce681282837e5d0586e0,1/31/2026 12:00:35,,rainfall,"1769878829,78.84167,0.00,4.10,89.27"
e00fce681282837e5d0586e0,1/31/2026 13:00:33,,rainfall,"1769882430,85.98055,0.00,4.10,89.27"
e00fce681282837e5d0586e0,1/31/2026 14:00:38,,rainfall,"1769886029,100.49306,0.00,4.10,89.27"
e00fce681282837e5d0586e0,1/31/2026 15:00:33,,rainfall,"1769889629,103.66805,0.00,4.10,89.27"
e00fce681282837e5d0586e0,1/31/2026 16:00:34,,rainfall,"1769893230,102.63750,0.00,4.10,89.27"
e00fce681282837e5d0586e0,1/31/2026 17:00:39,,rainfall,"1769896830,101.01389,0.00,4.10,89.27"
e00fce681282837e5d0586e0,1/31/2026 18:00:35,,rainfall,"1769900430,106.08056,0.00,4.10,89.27"
e00fce681282837e5d0586e0,1/31/2026 19:00:35,,rainfall,"1769904029,101.71250,0.00,4.10,89.27"
e00fce681282837e5d0586e0,1/31/2026 20:00:35,,rainfall,"1769907630,105.11111,0.00,4.10,89.27"
e00fce681282837e5d0586e0,1/31/2026 21:00:35,,rainfall,"1769911230,107.22500,0.00,4.10,89.27"
e00fce681282837e5d0586e0,1/31/2026 22:00:37,,rainfall,"1769914829,106.49167,0.00,4.10,89.27"
e00fce681282837e5d0586e0,1/31/2026 23:00:35,,rainfall,"1769918430,107.73750,0.00,4.10,89.27"
e00fce681282837e5d0586e0,2/1/2026 0:00:36,,rainfall,"1769922030,105.33472,0.00,4.10,89.27"
e00fce681282837e5d0586e0,2/1/2026 1:00:35,,rainfall,"1769925630,102.35000,0.00,4.10,89.27"
e00fce681282837e5d0586e0,2/1/2026 2:00:36,,rainfall,"1769929229,104.64722,0.00,4.10,89.27"
e00fce681282837e5d0586e0,2/1/2026 3:00:41,,rainfall,"1769932830,105.44861,0.00,4.10,89.27"
e00fce681282837e5d0586e0,2/1/2026 4:00:37,,rainfall,"1769936429,99.75000,0.00,4.10,89.27"
e00fce681282837e5d0586e0,2/1/2026 5:00:38,,rainfall,"1769940030,103.19167,0.00,4.10,89.27"
e00fce681282837e5d0586e0,2/1/2026 6:00:36,,rainfall,"1769943630,102.75972,0.00,4.10,89.27"
e00fce681282837e5d0586e0,2/1/2026 7:00:38,,rainfall,"1769947230,104.30556,0.00,4.10,89.27"
e00fce681282837e5d0586e0,2/1/2026 8:00:36,,rainfall,"1769950830,106.11806,0.00,4.10,89.27"
e00fce681282837e5d0586e0,2/1/2026 9:00:36,,rainfall,"1769954429,98.37917,0.00,4.10,89.27"
e00fce681282837e5d0586e0,2/1/2026 10:00:36,,rainfall,"1769958030,85.46667,0.00,4.10,89.27"
e00fce681282837e5d0586e0,2/1/2026 11:00:36,,rainfall,"1769961629,82.76945,0.00,4.10,89.27"
e00fce681282837e5d0586e0,2/1/2026 12:00:39,,rainfall,"1769965229,84.58334,0.00,4.10,89.27"
e00fce681282837e5d0586e0,2/1/2026 13:00:36,,rainfall,"1769968830,82.16528,0.28,4.10,89.27"
e00fce681282837e5d0586e0,2/1/2026 14:00:38,,rainfall,"1769972429,83.86667,0.28,4.10,89.27"
e00fce681282837e5d0586e0,2/1/2026 15:00:36,,rainfall,"1769976030,79.51111,0.00,4.10,89.27"
e00fce681282837e5d0586e0,2/1/2026 16:00:36,,rainfall,"1769979630,77.75972,0.28,4.10,89.27"
e00fce681282837e5d0586e0,2/1/2026 17:00:37,,rainfall,"1769983230,89.89445,0.00,4.10,89.27"
e00fce681282837e5d0586e0,2/1/2026 18:00:39,,rainfall,"1769986830,98.55278,0.00,4.10,89.27"
e00fce681282837e5d0586e0,2/1/2026 19:00:37,,rainfall,"1769990430,99.46528,0.00,4.10,89.27"
e00fce681282837e5d0586e0,2/1/2026 20:00:41,,rainfall,"1769994030,106.37083,0.00,4.10,89.27"
e00fce681282837e5d0586e0,2/1/2026 21:00:37,,rainfall,"1769997629,104.51250,0.00,4.10,89.27"
e00fce681282837e5d0586e0,2/1/2026 22:00:36,,rainfall,"1770001230,103.73611,0.00,4.10,89.27"
e00fce681282837e5d0586e0,2/1/2026 23:00:37,,rainfall,"1770004829,101.32777,0.00,4.10,89.27"
e00fce681282837e5d0586e0,2/2/2026 0:00:37,,rainfall,"1770008430,100.65556,0.00,4.10,89.27"
e00fce681282837e5d0586e0,2/2/2026 1:00:39,,rainfall,"1770012029,97.93472,0.00,4.10,89.27"
e00fce681282837e5d0586e0,2/2/2026 2:00:37,,rainfall,"1770015630,95.00972,0.00,4.10,89.27"
e00fce681282837e5d0586e0,2/2/2026 3:00:37,,rainfall,"1770019230,96.55139,0.00,4.10,89.27"
e00fce681282837e5d0586e0,2/2/2026 4:00:38,,rainfall,"1770022830,96.70695,0.00,4.10,89.27"
e00fce681282837e5d0586e0,2/2/2026 5:00:37,,rainfall,"1770026430,95.20277,0.00,4.10,89.27"
e00fce681282837e5d0586e0,2/2/2026 6:00:43,,rainfall,"1770030029,95.85278,0.00,4.10,89.27"
e00fce681282837e5d0586e0,2/2/2026 7:00:39,,rainfall,"1770033630,95.86945,0.00,4.10,89.27"
e00fce681282837e5d0586e0,2/2/2026 8:00:37,,rainfall,"1770037229,111.92083,0.00,4.10,89.27"
e00fce681282837e5d0586e0,2/2/2026 9:00:43,,rainfall,"1770040830,87.17500,0.00,4.10,89.27"
e00fce681282837e5d0586e0,2/2/2026 10:00:37,,rainfall,"1770044429,78.28472,0.00,4.10,89.27"
e00fce681282837e5d0586e0,2/2/2026 11:00:41,,rainfall,"1770048029,74.70000,0.00,4.10,89.27"
e00fce681282837e5d0586e0,2/2/2026 12:00:38,,rainfall,"1770051630,74.00833,0.00,4.10,89.27"
e00fce681282837e5d0586e0,2/2/2026 13:00:41,,rainfall,"1770055229,71.83472,0.00,4.10,89.27"
e00fce681282837e5d0586e0,2/2/2026 14:00:43,,rainfall,"1770058829,71.36250,0.00,4.10,89.27"
e00fce681282837e5d0586e0,2/2/2026 15:00:41,,rainfall,"1770062429,71.16666,0.00,4.10,89.27"
e00fce681282837e5d0586e0,2/2/2026 16:00:39,,rainfall,"1770066030,68.96111,0.00,4.10,89.27"
e00fce681282837e5d0586e0,2/2/2026 17:00:46,,rainfall,"1770069630,74.47639,0.00,4.10,89.27"
e00fce681282837e5d0586e0,2/2/2026 18:00:32,,rainfall,"1770073230,80.11945,0.00,4.10,89.27"
e00fce681282837e5d0586e0,2/2/2026 19:00:34,,rainfall,"1770076829,83.96528,0.00,4.10,89.27"
e00fce681282837e5d0586e0,2/2/2026 20:00:33,,rainfall,"1770080430,85.85555,0.00,4.10,89.27"
e00fce681282837e5d0586e0,2/2/2026 21:00:34,,rainfall,"1770084030,86.45972,0.00,4.10,89.27"
e00fce681282837e5d0586e0,2/2/2026 22:00:35,,rainfall,"1770087630,87.50000,0.00,4.10,89.27"
e00fce681282837e5d0586e0,2/2/2026 23:00:32,,rainfall,"1770091230,87.15556,0.00,4.10,89.27"
e00fce681282837e5d0586e0,2/3/2026 0:00:34,,rainfall,"1770094830,87.26250,0.00,4.10,89.27"
e00fce681282837e5d0586e0,2/3/2026 1:00:33,,rainfall,"1770098430,88.01389,0.00,4.10,89.27"
e00fce681282837e5d0586e0,2/3/2026 2:00:36,,rainfall,"1770102030,87.76111,0.00,4.10,89.27"
e00fce681282837e5d0586e0,2/3/2026 3:00:32,,rainfall,"1770105630,88.40139,0.00,4.10,89.27"
e00fce681282837e5d0586e0,2/3/2026 4:00:33,,rainfall,"1770109229,89.16944,0.00,4.10,89.27"
e00fce681282837e5d0586e0,2/3/2026 5:00:37,,rainfall,"1770112830,89.21806,0.00,4.10,89.27"
e00fce681282837e5d0586e0,2/3/2026 6:00:31,,rainfall,"1770116429,89.66528,0.00,4.10,89.27"
e00fce681282837e5d0586e0,2/3/2026 7:00:32,,rainfall,"1770120029,90.12222,0.00,4.10,89.27"
e00fce681282837e5d0586e0,2/3/2026 8:00:35,,rainfall,"1770123630,102.18056,0.00,4.10,89.27"
e00fce681282837e5d0586e0,2/3/2026 9:00:36,,rainfall,"1770127230,71.63889,0.00,4.10,89.27"
e00fce681282837e5d0586e0,2/3/2026 10:00:33,,rainfall,"1770130829,69.92500,0.00,4.10,89.27"
e00fce681282837e5d0586e0,2/3/2026 11:00:32,,rainfall,"1770134429,66.23889,0.00,4.10,89.12"
e00fce681282837e5d0586e0,2/3/2026 12:00:33,,rainfall,"1770138030,65.30972,0.00,4.10,89.12"
e00fce681282837e5d0586e0,2/3/2026 13:00:33,,rainfall,"1770141630,63.63750,0.00,4.10,89.12"
e00fce681282837e5d0586e0,2/3/2026 14:00:37,,rainfall,"1770145231,66.00139,0.00,4.10,89.12"
e00fce681282837e5d0586e0,2/3/2026 15:00:33,,rainfall,"1770148830,67.42639,0.00,4.10,89.12"
e00fce681282837e5d0586e0,2/3/2026 16:00:35,,rainfall,"1770152429,67.62500,0.00,4.10,89.12"
e00fce681282837e5d0586e0,2/3/2026 17:00:34,,rainfall,"1770156030,70.66944,0.00,4.10,89.12"
e00fce681282837e5d0586e0,2/3/2026 18:00:36,,rainfall,"1770159629,76.86111,0.00,4.10,89.12"
e00fce681282837e5d0586e0,2/3/2026 19:00:40,,rainfall,"1770163230,79.73750,0.00,4.10,89.12"
e00fce681282837e5d0586e0,2/3/2026 20:00:33,,rainfall,"1770166829,82.42223,0.00,4.10,89.12"
e00fce681282837e5d0586e0,2/3/2026 21:00:36,,rainfall,"1770170430,83.79305,0.00,4.10,89.12"
e00fce681282837e5d0586e0,2/3/2026 22:00:36,,rainfall,"1770174029,86.93611,0.00,4.10,89.12"
e00fce681282837e5d0586e0,2/3/2026 23:00:34,,rainfall,"1770177629,86.51945,0.00,4.10,89.12"
e00fce681282837e5d0586e0,2/4/2026 0:00:35,,rainfall,"1770181230,86.45417,0.00,4.10,89.12"
e00fce681282837e5d0586e0,2/4/2026 1:00:35,,rainfall,"1770184829,88.06111,0.00,4.10,89.12"
e00fce681282837e5d0586e0,2/4/2026 2:05:26,,rainfall,"1770188430,89.25972,0.00,4.10,89.12"
e00fce681282837e5d0586e0,2/4/2026 3:02:20,,rainfall,"1770192029,86.31389,0.00,4.10,89.12"
e00fce681282837e5d0586e0,2/4/2026 4:00:24,,rainfall,"1770195620,84.87361,0.00,4.10,89.12"
e00fce681282837e5d0586e0,2/4/2026 5:00:39,,rainfall,"1770199230,84.77222,0.00,4.10,89.12"
e00fce681282837e5d0586e0,2/4/2026 6:00:34,,rainfall,"1770202829,89.32917,0.00,4.10,89.12"
e00fce681282837e5d0586e0,2/4/2026 7:00:35,,rainfall,"1770206430,88.38333,0.00,4.10,89.12"
e00fce681282837e5d0586e0,2/4/2026 8:00:34,,rainfall,"1770210029,89.49306,0.00,4.10,89.12"
e00fce681282837e5d0586e0,2/4/2026 9:00:35,,rainfall,"1770213630,86.96389,0.00,4.10,89.12"
e00fce681282837e5d0586e0,2/4/2026 10:00:35,,rainfall,"1770217230,78.59028,0.00,4.10,89.12"
e00fce681282837e5d0586e0,2/4/2026 11:00:34,,rainfall,"1770220829,69.74306,0.00,4.10,89.12"
e00fce681282837e5d0586e0,2/4/2026 12:00:45,,rainfall,"1770224430,64.57500,0.00,4.10,89.12"
e00fce681282837e5d0586e0,2/4/2026 13:00:40,,rainfall,"1770228031,64.01527,0.00,4.10,89.12"
e00fce681282837e5d0586e0,2/4/2026 14:00:40,,rainfall,"1770231630,65.63611,0.00,4.10,89.12"
e00fce681282837e5d0586e0,2/4/2026 15:00:35,,rainfall,"1770235229,68.07500,0.00,4.10,89.12"
e00fce681282837e5d0586e0,2/4/2026 16:00:36,,rainfall,"1770238830,69.23750,0.00,4.10,89.12"
e00fce681282837e5d0586e0,2/4/2026 17:00:37,,rainfall,"1770242429,77.98055,0.28,4.10,89.12"
e00fce681282837e5d0586e0,2/4/2026 18:00:35,,rainfall,"1770246029,94.81250,0.28,4.10,89.12"
e00fce681282837e5d0586e0,2/4/2026 19:00:37,,rainfall,"1770249630,97.23750,0.28,4.10,89.12"
e00fce681282837e5d0586e0,2/4/2026 20:00:35,,rainfall,"1770253229,97.46250,0.28,4.10,89.12"
e00fce681282837e5d0586e0,2/4/2026 21:00:35,,rainfall,"1770256829,98.31667,0.00,4.10,89.12"
e00fce681282837e5d0586e0,2/4/2026 22:00:36,,rainfall,"1770260430,97.80278,0.28,4.10,89.12"
e00fce681282837e5d0586e0,2/4/2026 23:00:38,,rainfall,"1770264030,100.80833,0.28,4.10,89.12"
e00fce681282837e5d0586e0,2/5/2026 0:00:36,,rainfall,"1770267630,104.11389,0.00,4.10,89.12"
e00fce681282837e5d0586e0,2/5/2026 1:00:36,,rainfall,"1770271230,104.62500,0.00,4.10,89.12"
e00fce681282837e5d0586e0,2/5/2026 2:00:36,,rainfall,"1770274829,108.04166,0.00,4.10,89.12"
e00fce681282837e5d0586e0,2/5/2026 3:00:37,,rainfall,"1770278430,108.14027,0.28,4.10,89.12"
e00fce681282837e5d0586e0,2/5/2026 4:00:36,,rainfall,"1770282029,108.71389,0.28,4.10,89.12"
e00fce681282837e5d0586e0,2/5/2026 5:00:40,,rainfall,"1770285629,110.50000,0.00,4.10,89.12"
e00fce681282837e5d0586e0,2/5/2026 6:00:36,,rainfall,"1770289229,111.01527,0.00,4.10,89.12"
e00fce681282837e5d0586e0,2/5/2026 7:00:37,,rainfall,"1770292830,111.79861,0.00,4.10,89.12"
e00fce681282837e5d0586e0,2/5/2026 8:00:36,,rainfall,"1770296429,112.00000,0.00,4.10,89.12"
e00fce681282837e5d0586e0,2/5/2026 9:00:40,,rainfall,"1770300030,114.68889,0.00,4.10,89.12"
e00fce681282837e5d0586e0,2/5/2026 10:00:36,,rainfall,"1770303629,112.61667,0.00,4.10,89.12"
e00fce681282837e5d0586e0,2/5/2026 11:00:38,,rainfall,"1770307230,108.63750,0.00,4.10,88.96"
e00fce681282837e5d0586e0,2/5/2026 12:00:37,,rainfall,"1770310829,109.49861,0.00,4.10,88.96"
e00fce681282837e5d0586e0,2/5/2026 13:00:38,,rainfall,"1770314430,108.68889,0.00,4.10,88.96"
e00fce681282837e5d0586e0,2/5/2026 14:00:40,,rainfall,"1770318030,106.62361,0.00,4.10,88.96"
e00fce681282837e5d0586e0,2/5/2026 15:00:33,,rainfall,"1770321620,102.15278,0.00,4.10,88.96"
e00fce681282837e5d0586e0,2/5/2026 16:00:40,,rainfall,"1770325230,104.29583,0.00,4.10,88.96"
e00fce681282837e5d0586e0,2/5/2026 17:00:49,,rainfall,"1770328830,108.79166,0.00,4.10,88.96"
e00fce681282837e5d0586e0,2/5/2026 18:00:34,,rainfall,"1770332430,106.78611,0.00,4.10,88.96"
e00fce681282837e5d0586e0,2/5/2026 19:00:34,,rainfall,"1770336029,108.42083,0.00,4.10,88.96"
e00fce681282837e5d0586e0,2/5/2026 20:00:32,,rainfall,"1770339630,105.62083,0.00,4.10,88.96"
e00fce681282837e5d0586e0,2/5/2026 21:00:32,,rainfall,"1770343229,107.04861,0.00,4.10,88.96"
e00fce681282837e5d0586e0,2/5/2026 22:00:34,,rainfall,"1770346830,109.39306,0.00,4.10,88.96"
e00fce681282837e5d0586e0,2/5/2026 23:00:41,,rainfall,"1770350429,120.89027,0.00,4.10,88.96"
e00fce681282837e5d0586e0,2/6/2026 0:00:35,,rainfall,"1770354030,113.99028,0.00,4.10,88.96"
e00fce681282837e5d0586e0,2/6/2026 1:00:34,,rainfall,"1770357630,111.55417,0.00,4.10,88.96"
e00fce681282837e5d0586e0,2/6/2026 2:00:35,,rainfall,"1770361230,112.76945,0.00,4.10,88.96"
e00fce681282837e5d0586e0,2/6/2026 3:00:36,,rainfall,"1770364829,117.34861,0.00,4.10,88.96"
e00fce681282837e5d0586e0,2/6/2026 4:00:38,,rainfall,"1770368430,111.13194,0.00,4.10,88.96"
e00fce681282837e5d0586e0,2/6/2026 5:00:35,,rainfall,"1770372029,113.26527,0.00,4.10,88.96"
e00fce681282837e5d0586e0,2/6/2026 6:00:33,,rainfall,"1770375630,114.06111,0.00,4.10,88.96"
e00fce681282837e5d0586e0,2/6/2026 7:00:37,,rainfall,"1770379229,113.45417,0.00,4.10,88.96"
e00fce681282837e5d0586e0,2/6/2026 8:00:33,,rainfall,"1770382830,120.41250,0.00,4.10,88.96"
e00fce681282837e5d0586e0,2/6/2026 9:00:35,,rainfall,"1770386429,108.63055,0.00,4.10,88.96"
e00fce681282837e5d0586e0,2/6/2026 10:00:34,,rainfall,"1770390029,88.01806,0.00,4.10,88.96"
e00fce681282837e5d0586e0,2/6/2026 11:00:34,,rainfall,"1770393630,95.91528,0.00,4.10,88.96"
e00fce681282837e5d0586e0,2/6/2026 12:00:36,,rainfall,"1770397229,98.06250,0.00,4.10,88.96"
e00fce681282837e5d0586e0,2/6/2026 13:00:37,,rainfall,"1770400829,97.35416,0.00,4.10,88.96"
e00fce681282837e5d0586e0,2/6/2026 14:00:36,,rainfall,"1770404431,90.74861,0.00,4.10,88.96"
e00fce681282837e5d0586e0,2/6/2026 15:00:36,,rainfall,"1770408029,93.21944,0.00,4.10,88.96"
e00fce681282837e5d0586e0,2/6/2026 16:00:34,,rainfall,"1770411629,79.97778,0.00,4.10,88.96"
e00fce681282837e5d0586e0,2/6/2026 17:00:37,,rainfall,"1770415230,95.13333,0.00,4.10,88.96"
e00fce681282837e5d0586e0,2/6/2026 18:00:37,,rainfall,"1770418829,109.68472,0.00,4.10,88.96"
e00fce681282837e5d0586e0,2/6/2026 19:00:36,,rainfall,"1770422430,108.51250,0.00,4.10,88.96"
e00fce681282837e5d0586e0,2/6/2026 20:00:34,,rainfall,"1770426029,110.39027,0.00,4.10,88.96"
e00fce681282837e5d0586e0,2/6/2026 21:00:34,,rainfall,"1770429630,110.63611,0.00,4.10,88.96"
e00fce681282837e5d0586e0,2/6/2026 22:00:39,,rainfall,"1770433229,112.62222,0.00,4.10,88.96"
e00fce681282837e5d0586e0,2/6/2026 23:00:36,,rainfall,"1770436830,113.77222,0.00,4.10,88.96"
e00fce681282837e5d0586e0,2/7/2026 0:00:39,,rainfall,"1770440429,113.46806,0.00,4.10,88.96"
e00fce681282837e5d0586e0,2/7/2026 1:00:34,,rainfall,"1770444029,114.06528,0.00,4.10,88.96"
e00fce681282837e5d0586e0,2/7/2026 2:00:43,,rainfall,"1770447630,111.50694,0.00,4.10,88.96"
e00fce681282837e5d0586e0,2/7/2026 3:00:36,,rainfall,"1770451230,110.84722,0.00,4.10,88.96"
e00fce681282837e5d0586e0,2/7/2026 4:00:37,,rainfall,"1770454830,114.69722,0.00,4.10,88.96"
e00fce681282837e5d0586e0,2/7/2026 5:00:35,,rainfall,"1770458430,114.60000,0.00,4.10,88.96"
e00fce681282837e5d0586e0,2/7/2026 6:00:34,,rainfall,"1770462029,113.63750,0.00,4.10,88.96"
e00fce681282837e5d0586e0,2/7/2026 7:00:35,,rainfall,"1770465630,113.30139,0.00,4.10,88.96"
e00fce681282837e5d0586e0,2/7/2026 8:00:38,,rainfall,"1770469229,116.48611,0.00,4.10,88.96"
e00fce681282837e5d0586e0,2/7/2026 9:00:35,,rainfall,"1770472830,101.71528,0.00,4.10,88.96"
e00fce681282837e5d0586e0,2/7/2026 10:00:36,,rainfall,"1770476430,95.66805,0.00,4.10,88.96"
e00fce681282837e5d0586e0,2/7/2026 11:00:35,,rainfall,"1770480029,99.22083,0.00,4.10,88.96"
e00fce681282837e5d0586e0,2/7/2026 12:00:36,,rainfall,"1770483629,95.35833,0.00,4.10,88.96"
e00fce681282837e5d0586e0,2/7/2026 13:00:44,,rainfall,"1770487229,92.86945,0.28,4.10,88.96"
e00fce681282837e5d0586e0,2/7/2026 14:00:40,,rainfall,"1770490830,85.30833,0.00,4.10,88.96"
e00fce681282837e5d0586e0,2/7/2026 15:00:37,,rainfall,"1770494430,81.31944,0.00,4.10,88.96"
e00fce681282837e5d0586e0,2/7/2026 16:00:36,,rainfall,"1770498029,78.79028,0.00,4.10,88.80"
e00fce681282837e5d0586e0,2/7/2026 17:00:35,,rainfall,"1770501629,91.08056,0.00,4.10,88.80"
e00fce681282837e5d0586e0,2/7/2026 18:00:36,,rainfall,"1770505229,101.95695,0.00,4.10,88.80"
e00fce681282837e5d0586e0,2/7/2026 19:00:37,,rainfall,"1770508830,103.73750,0.00,4.10,88.80"
e00fce681282837e5d0586e0,2/7/2026 20:00:36,,rainfall,"1770512429,104.59028,0.00,4.10,88.80"
e00fce681282837e5d0586e0,2/7/2026 21:00:40,,rainfall,"1770516029,105.50417,0.00,4.10,88.80"
e00fce681282837e5d0586e0,2/7/2026 22:00:39,,rainfall,"1770519629,103.26111,0.00,4.10,88.80"
e00fce681282837e5d0586e0,2/7/2026 23:00:40,,rainfall,"1770523230,104.67083,0.00,4.10,88.80"
e00fce681282837e5d0586e0,2/8/2026 0:00:36,,rainfall,"1770526829,105.38889,0.00,4.10,88.80"
e00fce681282837e5d0586e0,2/8/2026 1:00:38,,rainfall,"1770530430,102.72778,0.00,4.10,88.80"
e00fce681282837e5d0586e0,2/8/2026 2:00:37,,rainfall,"1770534029,105.33056,0.00,4.10,88.80"
e00fce681282837e5d0586e0,2/8/2026 3:00:37,,rainfall,"1770537630,104.88055,0.00,4.10,88.80"
e00fce681282837e5d0586e0,2/8/2026 4:00:37,,rainfall,"1770541229,104.86806,0.00,4.10,88.80"
e00fce681282837e5d0586e0,2/8/2026 5:00:40,,rainfall,"1770544831,105.02639,0.00,4.10,88.80"
e00fce681282837e5d0586e0,2/8/2026 6:00:37,,rainfall,"1770548429,107.01945,0.00,4.10,88.80"
e00fce681282837e5d0586e0,2/8/2026 7:00:38,,rainfall,"1770552030,105.93472,0.00,4.10,88.80"
e00fce681282837e5d0586e0,2/8/2026 8:00:38,,rainfall,"1770555629,115.44444,0.00,4.10,88.80"
e00fce681282837e5d0586e0,2/8/2026 9:00:41,,rainfall,"1770559229,87.56111,0.00,4.10,88.80"
e00fce681282837e5d0586e0,2/8/2026 10:00:38,,rainfall,"1770562830,82.14027,0.00,4.10,88.80"
e00fce681282837e5d0586e0,2/8/2026 11:00:46,,rainfall,"1770566429,79.83056,0.00,4.10,88.80"
e00fce681282837e5d0586e0,2/8/2026 12:00:41,,rainfall,"1770570030,80.33889,0.00,4.10,88.80"
e00fce681282837e5d0586e0,2/8/2026 13:00:45,,rainfall,"1770573630,78.49861,0.00,4.10,88.80"
e00fce681282837e5d0586e0,2/8/2026 14:00:38,,rainfall,"1770577230,78.66805,0.00,4.10,88.80"
e00fce681282837e5d0586e0,2/8/2026 15:00:42,,rainfall,"1770580829,77.16666,0.00,4.10,88.80"
e00fce681282837e5d0586e0,2/8/2026 16:00:43,,rainfall,"1770584430,73.54583,0.00,4.10,88.80"
e00fce681282837e5d0586e0,2/8/2026 17:00:50,,rainfall,"1770588029,97.59028,0.00,4.10,88.80"
e00fce681282837e5d0586e0,2/8/2026 18:00:34,,rainfall,"1770591631,106.14445,0.00,4.10,88.80"
e00fce681282837e5d0586e0,2/8/2026 19:00:34,,rainfall,"1770595229,109.56944,0.00,4.10,88.80"
e00fce681282837e5d0586e0,2/8/2026 20:00:38,,rainfall,"1770598830,110.16528,0.00,4.10,88.80"
e00fce681282837e5d0586e0,2/8/2026 21:00:35,,rainfall,"1770602429,108.25694,0.00,4.10,88.80"
e00fce681282837e5d0586e0,2/8/2026 22:00:36,,rainfall,"1770606029,101.64584,0.00,4.10,88.80"
e00fce681282837e5d0586e0,2/8/2026 23:00:33,,rainfall,"1770609630,101.89167,0.00,4.10,88.80"
e00fce681282837e5d0586e0,2/9/2026 0:00:32,,rainfall,"1770613230,107.18889,0.00,4.10,88.80"
e00fce681282837e5d0586e0,2/9/2026 1:00:32,,rainfall,"1770616829,106.64584,0.00,4.10,88.80"
e00fce681282837e5d0586e0,2/9/2026 2:00:33,,rainfall,"1770620429,102.27917,0.00,4.10,88.80"
e00fce681282837e5d0586e0,2/9/2026 3:00:33,,rainfall,"1770624030,103.85416,0.00,4.10,88.80"
e00fce681282837e5d0586e0,2/9/2026 4:05:25,,rainfall,"1770627630,103.52084,0.00,4.10,88.80"
e00fce681282837e5d0586e0,2/9/2026 5:02:34,,rainfall,"1770631229,103.90972,0.00,4.10,88.80"
e00fce681282837e5d0586e0,2/9/2026 6:00:40,,rainfall,"1770634830,106.40139,0.00,4.10,88.80"
e00fce681282837e5d0586e0,2/9/2026 7:00:35,,rainfall,"1770638430,102.36389,0.00,4.10,88.80"
e00fce681282837e5d0586e0,2/9/2026 8:00:37,,rainfall,"1770642030,108.16666,0.00,4.10,88.80"
e00fce681282837e5d0586e0,2/9/2026 9:00:33,,rainfall,"1770645630,80.79305,0.00,4.10,88.80"
e00fce681282837e5d0586e0,2/9/2026 10:00:38,,rainfall,"1770649231,73.67223,0.00,4.10,88.80"
e00fce681282837e5d0586e0,2/9/2026 11:00:33,,rainfall,"1770652829,78.17083,0.00,4.10,88.80"
e00fce681282837e5d0586e0,2/9/2026 12:00:37,,rainfall,"1770656429,84.74028,0.00,4.10,88.80"
e00fce681282837e5d0586e0,2/9/2026 13:00:37,,rainfall,"1770660030,80.83195,0.00,4.10,88.80"
e00fce681282837e5d0586e0,2/9/2026 14:00:39,,rainfall,"1770663629,79.17223,0.00,4.10,88.80"
e00fce681282837e5d0586e0,2/9/2026 15:00:35,,rainfall,"1770667230,75.37222,0.00,4.10,88.80"
e00fce681282837e5d0586e0,2/9/2026 16:00:33,,rainfall,"1770670829,80.05556,0.00,4.10,88.80"
e00fce681282837e5d0586e0,2/9/2026 17:00:37,,rainfall,"1770674430,86.78056,0.00,4.10,88.80"
e00fce681282837e5d0586e0,2/9/2026 18:00:34,,rainfall,"1770678030,91.11111,0.00,4.10,88.80"
e00fce681282837e5d0586e0,2/9/2026 19:00:34,,rainfall,"1770681630,97.09167,0.00,4.10,88.80"
e00fce681282837e5d0586e0,2/9/2026 20:00:36,,rainfall,"1770685230,102.49861,0.00,4.10,88.80"
e00fce681282837e5d0586e0,2/9/2026 21:00:34,,rainfall,"1770688829,102.92917,0.00,4.10,88.80"
e00fce681282837e5d0586e0,2/9/2026 22:00:35,,rainfall,"1770692430,106.77778,0.00,4.10,88.80"
e00fce681282837e5d0586e0,2/9/2026 23:00:38,,rainfall,"1770696030,97.43750,0.00,4.10,88.80"
e00fce681282837e5d0586e0,2/10/2026 0:00:36,,rainfall,"1770699630,95.12361,0.00,4.10,88.80"
e00fce681282837e5d0586e0,2/10/2026 1:00:35,,rainfall,"1770703230,98.65972,0.00,4.10,88.80"
e00fce681282837e5d0586e0,2/10/2026 2:00:35,,rainfall,"1770706830,101.52778,0.00,4.10,88.80"
e00fce681282837e5d0586e0,2/10/2026 3:00:34,,rainfall,"1770710429,101.88055,0.00,4.10,88.80"
e00fce681282837e5d0586e0,2/10/2026 4:00:34,,rainfall,"1770714029,102.68056,0.00,4.10,88.80"
e00fce681282837e5d0586e0,2/10/2026 5:00:38,,rainfall,"1770717629,103.51389,0.00,4.10,88.80"
e00fce681282837e5d0586e0,2/10/2026 6:00:39,,rainfall,"1770721230,103.02778,0.00,4.10,88.80"
e00fce681282837e5d0586e0,2/10/2026 7:00:36,,rainfall,"1770724830,105.89722,0.00,4.10,88.80"
e00fce681282837e5d0586e0,2/10/2026 8:00:36,,rainfall,"1770728430,108.92223,0.00,4.10,88.80"
e00fce681282837e5d0586e0,2/10/2026 9:00:36,,rainfall,"1770732029,105.32777,0.00,4.10,88.80"
e00fce681282837e5d0586e0,2/10/2026 10:00:35,,rainfall,"1770735629,94.14861,0.00,4.10,88.80"
e00fce681282837e5d0586e0,2/10/2026 11:00:41,,rainfall,"1770739230,87.60833,0.00,4.10,88.80"
e00fce68239f79db42ac9cb5,2/10/2026 11:35:49,,rainfall_0001,"1770741347,187.12639,0.00,3.80,42.00"
e00fce681282837e5d0586e0,2/10/2026 12:00:39,,rainfall,"1770742830,83.86111,0.00,4.10,88.80"
e00fce681282837e5d0586e0,2/10/2026 13:00:38,,rainfall,"1770746429,81.16528,0.00,4.10,88.80"
e00fce681282837e5d0586e0,2/10/2026 14:05:38,,rainfall,"1770750030,79.25555,0.00,4.09,88.80"
e00fce68239f79db42ac9cb5,2/10/2026 14:27:43,,rainfall_0001,"1770751661,191.26666,0.00,3.89,64.55"
e00fce681282837e5d0586e0,2/10/2026 15:02:04,,rainfall,"1770753630,76.34306,0.00,4.09,88.64"
e00fce681282837e5d0586e0,2/10/2026 16:00:26,,rainfall,"1770757220,68.01527,0.00,4.09,88.64"
e00fce681282837e5d0586e0,2/10/2026 17:00:39,,rainfall,"1770760830,67.60000,0.00,4.09,88.64"
e00fce681282837e5d0586e0,2/10/2026 18:00:36,,rainfall,"1770764430,75.73889,0.00,4.09,88.64"
e00fce681282837e5d0586e0,2/10/2026 19:00:36,,rainfall,"1770768029,80.57222,0.00,4.09,88.64"
e00fce681282837e5d0586e0,2/10/2026 20:00:42,,rainfall,"1770771630,83.46667,0.00,4.09,88.64"
e00fce681282837e5d0586e0,2/10/2026 21:00:37,,rainfall,"1770775229,84.49167,0.00,4.09,88.64"
e00fce681282837e5d0586e0,2/10/2026 22:00:36,,rainfall,"1770778830,85.97639,0.00,4.09,88.64"
e00fce681282837e5d0586e0,2/10/2026 23:00:37,,rainfall,"1770782430,82.61389,0.00,4.09,88.64"
e00fce681282837e5d0586e0,2/11/2026 0:00:37,,rainfall,"1770786029,79.55833,0.00,4.09,88.64"
e00fce681282837e5d0586e0,2/11/2026 1:05:22,,rainfall,"1770789630,79.33889,0.00,4.09,88.64"
e00fce681282837e5d0586e0,2/11/2026 2:01:55,,rainfall,"1770793229,79.48333,0.00,4.09,88.64"
e00fce681282837e5d0586e0,2/11/2026 3:00:36,,rainfall,"1770796829,78.44028,0.00,4.09,88.64"
e00fce681282837e5d0586e0,2/11/2026 4:00:37,,rainfall,"1770800429,78.56805,0.00,4.09,88.64"
e00fce681282837e5d0586e0,2/11/2026 5:00:39,,rainfall,"1770804029,79.07639,0.00,4.09,88.50"
e00fce681282837e5d0586e0,2/11/2026 6:00:37,,rainfall,"1770807630,77.51250,0.00,4.09,88.50"
e00fce681282837e5d0586e0,2/11/2026 7:00:36,,rainfall,"1770811229,77.68750,0.00,4.09,88.50"
e00fce681282837e5d0586e0,2/11/2026 8:00:38,,rainfall,"1770814830,75.60833,0.00,4.09,88.50"
e00fce681282837e5d0586e0,2/11/2026 9:00:37,,rainfall,"1770818429,70.88055,0.00,4.09,88.50"
e00fce681282837e5d0586e0,2/11/2026 10:00:37,,rainfall,"1770822029,69.63889,0.00,4.09,88.50"
e00fce681282837e5d0586e0,2/11/2026 11:00:41,,rainfall,"1770825630,75.51389,0.00,4.09,88.50"
e00fce681282837e5d0586e0,2/11/2026 12:00:43,,rainfall,"1770829230,81.35000,0.00,4.09,88.50"
e00fce681282837e5d0586e0,2/11/2026 13:00:41,,rainfall,"1770832829,73.90972,0.00,4.09,88.50"
e00fce681282837e5d0586e0,2/11/2026 14:00:38,,rainfall,"1770836429,79.73333,0.00,4.09,88.50"
e00fce681282837e5d0586e0,2/11/2026 15:00:40,,rainfall,"1770840029,85.83472,0.00,4.09,88.50"
e00fce681282837e5d0586e0,2/11/2026 16:00:40,,rainfall,"1770843629,95.16528,0.00,4.09,88.50"
e00fce681282837e5d0586e0,2/11/2026 17:00:49,,rainfall,"1770847230,94.34583,0.00,4.09,88.50"
e00fce681282837e5d0586e0,2/11/2026 18:00:30,,rainfall,"1770850829,93.42083,0.00,4.09,88.50"
e00fce681282837e5d0586e0,2/11/2026 19:00:36,,rainfall,"1770854429,90.85555,0.00,4.09,88.50"
e00fce681282837e5d0586e0,2/11/2026 20:00:32,,rainfall,"1770858030,86.43611,0.00,4.09,88.50"
e00fce681282837e5d0586e0,2/11/2026 21:00:36,,rainfall,"1770861630,90.60973,0.00,4.09,88.50"
e00fce681282837e5d0586e0,2/11/2026 22:00:32,,rainfall,"1770865229,91.74445,0.00,4.09,88.50"
e00fce681282837e5d0586e0,2/11/2026 23:00:37,,rainfall,"1770868829,93.63333,0.00,4.09,88.50"
e00fce681282837e5d0586e0,2/12/2026 0:00:33,,rainfall,"1770872429,90.42639,0.00,4.09,88.50"
e00fce681282837e5d0586e0,2/12/2026 1:00:31,,rainfall,"1770876029,92.87778,0.00,4.09,88.50"
e00fce681282837e5d0586e0,2/12/2026 2:00:32,,rainfall,"1770879630,91.94167,0.00,4.09,88.50"
e00fce681282837e5d0586e0,2/12/2026 3:00:33,,rainfall,"1770883230,91.91528,0.00,4.09,88.50"
e00fce681282837e5d0586e0,2/12/2026 4:00:32,,rainfall,"1770886830,91.29861,0.00,4.09,88.50"
e00fce681282837e5d0586e0,2/12/2026 5:00:33,,rainfall,"1770890430,90.64027,0.00,4.09,88.50"
e00fce681282837e5d0586e0,2/12/2026 6:00:33,,rainfall,"1770894030,95.25972,0.00,4.09,88.50"
e00fce681282837e5d0586e0,2/12/2026 7:00:32,,rainfall,"1770897629,93.18611,0.00,4.09,88.50"
e00fce681282837e5d0586e0,2/12/2026 8:00:35,,rainfall,"1770901230,100.19861,0.00,4.09,88.50"
e00fce681282837e5d0586e0,2/12/2026 9:00:36,,rainfall,"1770904830,72.63333,0.00,4.09,88.50"
e00fce681282837e5d0586e0,2/12/2026 10:00:32,,rainfall,"1770908430,68.76945,0.00,4.09,88.50"
e00fce681282837e5d0586e0,2/12/2026 11:00:32,,rainfall,"1770912029,67.86111,0.00,4.09,88.50"
e00fce681282837e5d0586e0,2/12/2026 12:00:32,,rainfall,"1770915629,67.77917,0.00,4.09,88.50"
e00fce681282837e5d0586e0,2/12/2026 13:00:36,,rainfall,"1770919230,66.41528,0.00,4.09,88.50"
e00fce681282837e5d0586e0,2/12/2026 14:00:33,,rainfall,"1770922830,64.76527,0.00,4.09,88.50"
e00fce681282837e5d0586e0,2/12/2026 15:00:34,,rainfall,"1770926429,64.07361,0.00,4.09,88.50"
e00fce681282837e5d0586e0,2/12/2026 16:00:34,,rainfall,"1770930030,62.34444,0.00,4.09,88.50"
e00fce681282837e5d0586e0,2/12/2026 17:00:34,,rainfall,"1770933630,66.45277,0.00,4.09,88.50"
e00fce681282837e5d0586e0,2/12/2026 18:00:37,,rainfall,"1770937230,69.57917,0.00,4.09,88.50"
e00fce681282837e5d0586e0,2/12/2026 19:00:33,,rainfall,"1770940829,75.58056,0.00,4.09,88.50"
e00fce681282837e5d0586e0,2/12/2026 20:00:37,,rainfall,"1770944431,83.03611,0.00,4.09,88.50"
e00fce681282837e5d0586e0,2/12/2026 21:00:38,,rainfall,"1770948028,84.36389,0.00,4.09,88.50"
e00fce681282837e5d0586e0,2/12/2026 22:00:35,,rainfall,"1770951630,86.60000,0.00,4.09,88.50"
e00fce681282837e5d0586e0,2/12/2026 23:00:38,,rainfall,"1770955229,86.92083,0.00,4.09,88.50"
e00fce681282837e5d0586e0,2/13/2026 0:00:38,,rainfall,"1770958830,89.51667,0.00,4.09,88.50"
e00fce681282837e5d0586e0,2/13/2026 1:00:35,,rainfall,"1770962429,86.80695,0.00,4.09,88.50"
e00fce681282837e5d0586e0,2/13/2026 2:00:35,,rainfall,"1770966030,88.05000,0.00,4.09,88.50"
e00fce681282837e5d0586e0,2/13/2026 3:00:34,,rainfall,"1770969630,91.58472,0.00,4.09,88.50"
e00fce681282837e5d0586e0,2/13/2026 4:00:33,,rainfall,"1770973229,93.59028,0.00,4.09,88.50"
e00fce681282837e5d0586e0,2/13/2026 5:00:34,,rainfall,"1770976829,97.07639,0.00,4.09,88.50"
e00fce681282837e5d0586e0,2/13/2026 6:00:37,,rainfall,"1770980429,90.65000,0.00,4.09,88.50"
e00fce681282837e5d0586e0,2/13/2026 7:00:35,,rainfall,"1770984030,90.99583,0.00,4.09,88.50"
e00fce681282837e5d0586e0,2/13/2026 8:00:37,,rainfall,"1770987629,97.05556,0.00,4.09,88.50"
e00fce681282837e5d0586e0,2/13/2026 9:00:37,,rainfall,"1770991229,77.99861,0.00,4.09,88.50"
e00fce681282837e5d0586e0,2/13/2026 10:00:40,,rainfall,"1770994829,69.84583,0.00,4.09,88.50"
e00fce681282837e5d0586e0,2/13/2026 11:03:27,,rainfall,"1770998530,72.98194,0.00,4.09,88.50"
e00fce681282837e5d0586e0,2/13/2026 12:00:35,,rainfall,"1771002029,72.08334,0.00,4.09,88.50"
e00fce681282837e5d0586e0,2/13/2026 13:00:36,,rainfall,"1771005630,71.88611,0.00,4.09,88.50"
e00fce681282837e5d0586e0,2/13/2026 14:00:34,,rainfall,"1771009229,69.44305,0.00,4.09,88.50"
e00fce681282837e5d0586e0,2/13/2026 15:00:38,,rainfall,"1771012830,67.21667,0.00,4.09,88.50"
e00fce681282837e5d0586e0,2/13/2026 16:00:35,,rainfall,"1771016429,65.42500,0.00,4.09,88.50"
e00fce681282837e5d0586e0,2/13/2026 17:00:35,,rainfall,"1771020029,69.64306,0.00,4.09,88.50"
e00fce681282837e5d0586e0,2/13/2026 18:00:39,,rainfall,"1771023630,73.59028,0.00,4.09,88.50"
e00fce681282837e5d0586e0,2/13/2026 19:00:34,,rainfall,"1771027229,78.75972,0.00,4.09,88.50"
e00fce681282837e5d0586e0,2/13/2026 20:00:36,,rainfall,"1771030829,83.69028,0.00,4.09,88.50"
e00fce681282837e5d0586e0,2/13/2026 21:00:36,,rainfall,"1771034429,86.45277,0.00,4.09,88.50"
e00fce681282837e5d0586e0,2/13/2026 22:00:36,,rainfall,"1771038029,86.76527,0.00,4.09,88.50"
e00fce681282837e5d0586e0,2/13/2026 23:00:37,,rainfall,"1771041630,87.53333,0.00,4.09,88.50"
e00fce681282837e5d0586e0,2/14/2026 0:00:35,,rainfall,"1771045228,88.78750,0.00,4.09,88.50"
e00fce681282837e5d0586e0,2/14/2026 1:00:39,,rainfall,"1771048830,89.10833,0.00,4.09,88.50"
e00fce681282837e5d0586e0,2/14/2026 2:09:39,,rainfall,"1771052429,89.00833,0.00,4.09,88.50"
e00fce681282837e5d0586e0,2/14/2026 3:01:45,,rainfall,"1771056029,88.61111,0.00,4.09,88.50"
e00fce681282837e5d0586e0,2/14/2026 4:00:36,,rainfall,"1771059630,89.01111,0.00,4.09,88.50"
e00fce681282837e5d0586e0,2/14/2026 5:00:37,,rainfall,"1771063229,89.65000,0.00,4.09,88.50"
e00fce681282837e5d0586e0,2/14/2026 6:00:39,,rainfall,"1771066830,89.70417,0.00,4.09,88.50"
e00fce681282837e5d0586e0,2/14/2026 7:00:38,,rainfall,"1771070430,89.62639,0.00,4.09,88.50"
e00fce681282837e5d0586e0,2/14/2026 8:00:39,,rainfall,"1771074030,93.80417,0.00,4.09,88.50"
e00fce681282837e5d0586e0,2/14/2026 9:00:37,,rainfall,"1771077629,67.67500,0.00,4.09,88.50"
e00fce681282837e5d0586e0,2/14/2026 10:00:37,,rainfall,"1771081230,60.29722,0.00,4.09,88.50"
e00fce681282837e5d0586e0,2/14/2026 11:00:37,,rainfall,"1771084829,62.45833,0.00,4.09,88.50"
e00fce681282837e5d0586e0,2/14/2026 12:00:37,,rainfall,"1771088429,64.56944,0.00,4.09,88.50"
e00fce681282837e5d0586e0,2/14/2026 13:00:43,,rainfall,"1771092030,64.76527,0.00,4.09,88.50"
e00fce681282837e5d0586e0,2/14/2026 14:00:36,,rainfall,"1771095629,64.42500,0.00,4.09,88.50"
e00fce681282837e5d0586e0,2/14/2026 15:00:43,,rainfall,"1771099230,62.22361,0.00,4.09,88.50"
e00fce681282837e5d0586e0,2/14/2026 16:00:40,,rainfall,"1771102829,60.91667,0.00,4.09,88.36"
e00fce681282837e5d0586e0,2/14/2026 17:00:45,,rainfall,"1771106430,62.14028,0.00,4.09,88.36"
e00fce681282837e5d0586e0,2/14/2026 18:00:31,,rainfall,"1771110029,64.55417,0.00,4.09,88.36"
e00fce681282837e5d0586e0,2/14/2026 19:00:31,,rainfall,"1771113630,67.36250,0.00,4.09,88.36"
e00fce681282837e5d0586e0,2/14/2026 20:00:34,,rainfall,"1771117229,69.44444,0.00,4.09,88.36"
e00fce681282837e5d0586e0,2/14/2026 21:00:34,,rainfall,"1771120830,71.09444,0.00,4.09,88.36"
e00fce681282837e5d0586e0,2/14/2026 22:00:37,,rainfall,"1771124429,70.82777,0.00,4.09,88.36"
e00fce681282837e5d0586e0,2/14/2026 23:00:36,,rainfall,"1771128030,71.03056,0.00,4.09,88.36"
e00fce681282837e5d0586e0,2/15/2026 0:00:33,,rainfall,"1771131630,73.32777,0.00,4.09,88.36"
e00fce681282837e5d0586e0,2/15/2026 1:00:32,,rainfall,"1771135229,74.31944,0.00,4.09,88.36"
e00fce681282837e5d0586e0,2/15/2026 2:00:32,,rainfall,"1771138829,72.06944,0.00,4.09,88.36"
e00fce681282837e5d0586e0,2/15/2026 3:00:32,,rainfall,"1771142430,73.64027,0.00,4.09,88.36"
e00fce681282837e5d0586e0,2/15/2026 4:00:31,,rainfall,"1771146029,78.57222,0.00,4.09,88.36"
e00fce681282837e5d0586e0,2/15/2026 5:00:37,,rainfall,"1771149630,77.95834,0.00,4.09,88.36"
e00fce681282837e5d0586e0,2/15/2026 6:00:34,,rainfall,"1771153230,75.92223,0.00,4.09,88.36"
e00fce681282837e5d0586e0,2/15/2026 7:00:35,,rainfall,"1771156830,76.65556,0.00,4.09,88.36"
e00fce681282837e5d0586e0,2/15/2026 8:00:36,,rainfall,"1771160430,77.53611,0.00,4.09,88.36"
e00fce681282837e5d0586e0,2/15/2026 9:00:34,,rainfall,"1771164030,74.26667,0.00,4.09,88.36"
e00fce681282837e5d0586e0,2/15/2026 10:00:33,,rainfall,"1771167630,72.93611,0.00,4.09,88.36"
e00fce681282837e5d0586e0,2/15/2026 11:00:34,,rainfall,"1771171230,64.38055,0.00,4.09,88.36"
e00fce681282837e5d0586e0,2/15/2026 12:00:33,,rainfall,"1771174829,66.63194,0.00,4.09,88.36"
e00fce681282837e5d0586e0,2/15/2026 13:00:33,,rainfall,"1771178430,66.77500,0.00,4.09,88.36"
e00fce681282837e5d0586e0,2/15/2026 14:00:40,,rainfall,"1771182030,66.19722,0.00,4.09,88.36"
e00fce681282837e5d0586e0,2/15/2026 15:00:35,,rainfall,"1771185630,69.99583,0.00,4.09,88.36"
e00fce681282837e5d0586e0,2/15/2026 16:00:33,,rainfall,"1771189230,70.15694,0.56,4.09,88.36"
e00fce681282837e5d0586e0,2/15/2026 17:00:36,,rainfall,"1771192829,88.89861,1.68,4.09,88.36"
e00fce681282837e5d0586e0,2/15/2026 18:00:33,,rainfall,"1771196430,93.94167,0.00,4.09,88.36"
e00fce681282837e5d0586e0,2/15/2026 19:00:35,,rainfall,"1771200030,97.72222,3.91,4.09,88.36"
e00fce681282837e5d0586e0,2/15/2026 20:00:37,,rainfall,"1771203629,98.50139,0.00,4.09,88.36"
e00fce681282837e5d0586e0,2/15/2026 21:00:34,,rainfall,"1771207230,98.08611,1.40,4.09,88.36"
e00fce681282837e5d0586e0,2/15/2026 22:00:33,,rainfall,"1771210829,101.67639,1.12,4.09,88.36"
e00fce681282837e5d0586e0,2/15/2026 23:00:33,,rainfall,"1771214430,100.51806,0.00,4.09,88.36"
e00fce681282837e5d0586e0,2/16/2026 0:00:35,,rainfall,"1771218029,100.76250,0.00,4.09,88.36"
e00fce681282837e5d0586e0,2/16/2026 1:00:33,,rainfall,"1771221629,108.63055,0.00,4.09,88.36"
e00fce681282837e5d0586e0,2/16/2026 2:00:33,,rainfall,"1771225230,110.33611,0.00,4.09,88.36"
e00fce681282837e5d0586e0,2/16/2026 3:00:33,,rainfall,"1771228830,112.60555,0.00,4.09,88.36"
e00fce681282837e5d0586e0,2/16/2026 4:00:33,,rainfall,"1771232429,105.64584,0.00,4.09,88.36"
e00fce681282837e5d0586e0,2/16/2026 5:00:43,,rainfall,"1771236030,107.87778,0.00,4.09,88.36"
e00fce681282837e5d0586e0,2/16/2026 6:00:33,,rainfall,"1771239629,110.98889,0.00,4.09,88.36"
e00fce681282837e5d0586e0,2/16/2026 7:00:34,,rainfall,"1771243230,112.64306,0.00,4.09,88.36"
e00fce681282837e5d0586e0,2/16/2026 8:00:33,,rainfall,"1771246829,112.68472,0.00,4.09,88.36"
e00fce681282837e5d0586e0,2/16/2026 9:00:35,,rainfall,"1771250429,109.21944,0.00,4.09,88.36"
e00fce681282837e5d0586e0,2/16/2026 10:00:37,,rainfall,"1771254030,102.66250,0.00,4.09,88.36"
e00fce681282837e5d0586e0,2/16/2026 11:00:37,,rainfall,"1771257629,97.99306,0.00,4.09,88.21"
e00fce681282837e5d0586e0,2/16/2026 12:09:38,,rainfall,"1771261229,78.51806,0.00,4.09,88.21"
e00fce681282837e5d0586e0,2/16/2026 13:02:06,,rainfall,"1771264829,78.01527,0.00,4.09,88.21"
e00fce681282837e5d0586e0,2/16/2026 14:00:23,,rainfall,"1771268419,76.43889,0.00,4.09,88.21"
e00fce681282837e5d0586e0,2/16/2026 15:00:34,,rainfall,"1771272029,73.33195,0.28,4.09,88.21"
e00fce681282837e5d0586e0,2/16/2026 16:00:35,,rainfall,"1771275629,70.65556,0.00,4.09,88.21"
e00fce681282837e5d0586e0,2/16/2026 17:00:34,,rainfall,"1771279229,70.92500,0.00,4.09,88.21"
e00fce681282837e5d0586e0,2/16/2026 18:00:39,,rainfall,"1771282830,80.98055,0.00,4.09,88.21"
e00fce681282837e5d0586e0,2/16/2026 19:00:34,,rainfall,"1771286429,85.83472,0.00,4.09,88.21"
e00fce681282837e5d0586e0,2/16/2026 20:00:35,,rainfall,"1771290030,90.21667,0.00,4.09,88.21"
e00fce681282837e5d0586e0,2/16/2026 21:00:38,,rainfall,"1771293630,88.35833,0.00,4.09,88.21"
e00fce681282837e5d0586e0,2/16/2026 22:00:39,,rainfall,"1771297229,92.62083,0.00,4.09,88.21"
e00fce681282837e5d0586e0,2/16/2026 23:00:40,,rainfall,"1771300829,97.92361,0.00,4.09,88.21"
e00fce681282837e5d0586e0,2/17/2026 0:00:36,,rainfall,"1771304429,94.53194,0.00,4.09,88.21"
e00fce681282837e5d0586e0,2/17/2026 1:00:35,,rainfall,"1771308030,104.10973,0.00,4.09,88.21"
e00fce681282837e5d0586e0,2/17/2026 2:00:39,,rainfall,"1771311629,100.71667,0.00,4.09,88.21"
e00fce681282837e5d0586e0,2/17/2026 3:00:35,,rainfall,"1771315229,99.91111,0.00,4.09,88.21"
e00fce681282837e5d0586e0,2/17/2026 4:00:40,,rainfall,"1771318830,99.72222,0.00,4.09,88.21"
e00fce681282837e5d0586e0,2/17/2026 5:00:36,,rainfall,"1771322430,101.93056,0.00,4.09,88.21"
e00fce681282837e5d0586e0,2/17/2026 6:00:35,,rainfall,"1771326029,102.85278,0.00,4.09,88.21"
e00fce681282837e5d0586e0,2/17/2026 7:00:38,,rainfall,"1771329630,102.41389,0.00,4.09,88.21"
e00fce681282837e5d0586e0,2/17/2026 8:00:36,,rainfall,"1771333230,100.55139,0.00,4.09,88.21"
e00fce681282837e5d0586e0,2/17/2026 9:00:35,,rainfall,"1771336829,75.86389,0.00,4.09,88.21"
e00fce681282837e5d0586e0,2/17/2026 10:00:37,,rainfall,"1771340429,69.64584,0.00,4.09,88.21"
e00fce681282837e5d0586e0,2/17/2026 11:00:36,,rainfall,"1771344030,71.61667,0.00,4.09,88.21"
e00fce681282837e5d0586e0,2/17/2026 12:00:36,,rainfall,"1771347630,70.97639,0.00,4.09,88.21"
e00fce681282837e5d0586e0,2/17/2026 13:00:42,,rainfall,"1771351230,72.82639,0.00,4.09,88.21"
e00fce681282837e5d0586e0,2/17/2026 14:00:36,,rainfall,"1771354830,72.44167,0.00,4.09,88.21"
e00fce681282837e5d0586e0,2/17/2026 15:00:35,,rainfall,"1771358428,71.29444,0.00,4.09,88.21"
e00fce681282837e5d0586e0,2/17/2026 16:00:40,,rainfall,"1771362030,65.53333,0.00,4.09,88.21"
e00fce681282837e5d0586e0,2/17/2026 17:00:47,,rainfall,"1771365630,65.07777,0.00,4.09,88.21"
e00fce681282837e5d0586e0,2/17/2026 18:00:36,,rainfall,"1771369230,73.12222,0.00,4.09,88.21"
e00fce681282837e5d0586e0,2/17/2026 19:00:34,,rainfall,"1771372829,77.40139,0.00,4.09,88.21"
e00fce681282837e5d0586e0,2/17/2026 20:00:31,,rainfall,"1771376430,83.63472,0.00,4.09,88.21"
e00fce681282837e5d0586e0,2/17/2026 21:00:35,,rainfall,"1771380029,88.32917,0.00,4.09,88.21"
e00fce681282837e5d0586e0,2/17/2026 22:00:32,,rainfall,"1771383630,92.01667,0.00,4.09,88.21"
e00fce681282837e5d0586e0,2/17/2026 23:00:31,,rainfall,"1771387229,93.80000,0.00,4.09,88.21"
e00fce681282837e5d0586e0,2/18/2026 0:00:32,,rainfall,"1771390830,92.73055,0.00,4.09,88.21"
e00fce681282837e5d0586e0,2/18/2026 1:00:31,,rainfall,"1771394429,93.67917,0.00,4.09,88.21"
e00fce681282837e5d0586e0,2/18/2026 2:00:32,,rainfall,"1771398029,94.10833,0.00,4.09,88.21"
e00fce681282837e5d0586e0,2/18/2026 3:00:32,,rainfall,"1771401630,97.88611,0.00,4.09,88.21"
e00fce681282837e5d0586e0,2/18/2026 4:00:36,,rainfall,"1771405229,100.17917,0.00,4.09,88.21"
e00fce681282837e5d0586e0,2/18/2026 5:00:32,,rainfall,"1771408830,101.30139,0.00,4.09,88.21"
e00fce681282837e5d0586e0,2/18/2026 6:00:35,,rainfall,"1771412429,104.40833,0.00,4.09,88.21"
e00fce681282837e5d0586e0,2/18/2026 7:00:36,,rainfall,"1771416030,98.84028,0.00,4.09,88.21"
e00fce681282837e5d0586e0,2/18/2026 8:00:37,,rainfall,"1771419629,105.02222,0.00,4.09,88.21"
e00fce681282837e5d0586e0,2/18/2026 9:00:35,,rainfall,"1771423230,80.54444,0.00,4.09,88.21"
e00fce681282837e5d0586e0,2/18/2026 10:00:32,,rainfall,"1771426830,72.78750,0.00,4.09,88.21"
e00fce681282837e5d0586e0,2/18/2026 11:00:34,,rainfall,"1771430429,81.10555,0.00,4.09,88.21"
e00fce681282837e5d0586e0,2/18/2026 12:00:33,,rainfall,"1771434030,67.86528,0.00,4.09,88.21"
e00fce681282837e5d0586e0,2/18/2026 13:00:35,,rainfall,"1771437629,64.33889,0.00,4.09,88.21"
e00fce681282837e5d0586e0,2/18/2026 14:00:36,,rainfall,"1771441230,67.78889,0.00,4.09,88.21"
e00fce68239f79db42ac9cb5,2/18/2026 14:57:44,,rainfall_0001,"946684813,56.53333,0.00,4.10,90.22"
e00fce68239f79db42ac9cb5,2/18/2026 14:58:23,,rainfall_0001,"946684813,55.25555,0.00,4.11,90.22"
e00fce68239f79db42ac9cb5,2/18/2026 14:58:53,,rainfall_0001,"1771444732,55.48333,0.00,4.11,90.22"
e00fce68239f79db42ac9cb5,2/18/2026 15:00:31,,rainfall_0001,"1771444830,55.57500,0.00,4.11,90.22"
e00fce681282837e5d0586e0,2/18/2026 15:00:37,,rainfall,"1771444830,64.19167,0.00,4.09,88.07"
e00fce68239f79db42ac9cb5,2/18/2026 16:00:31,,rainfall_0001,"1771448429,56.88055,0.00,4.11,90.22"
e00fce681282837e5d0586e0,2/18/2026 16:00:33,,rainfall,"1771448430,62.20833,0.00,4.09,88.07"