UNCW CMS Pond,
12/19/25 12:00 AM : 6 Month,
,Gateway
,"Vantage Pro2 Plus, Cabled"
,
Date & Time,Rain - mm
12/19/2025 0:00,1.5
12/19/2025 0:15,1
12/19/2025 0:30,0.5
12/19/2025 0:45,0.3
12/19/2025 1:00,0
12/19/2025 1:15,0
12/19/2025 1:30,0
12/19/2025 1:45,0
12/19/2025 2:00,0
12/19/2025 2:15,0
12/19/2025 2:30,0.5
12/19/2025 2:45,0
12/19/2025 3:00,0
12/19/2025 3:15,0
12/19/2025 3:30,0
12/19/2025 3:45,0.3
12/19/2025 4:00,0
12/19/2025 4:15,0
12/19/2025 4:30,0
12/19/2025 4:45,0
12/19/2025 5:00,0
12/19/2025 5:15,0
12/19/2025 5:30,0
12/19/2025 5:45,0
12/19/2025 6:00,0
12/19/2025 6:15,0
12/19/2025 6:30,0
12/19/2025 6:45,0
12/19/2025 7:00,0
12/19/2025 7:15,0
12/19/2025 7:30,0
12/19/2025 7:45,0
12/19/2025 8:00,0
12/19/2025 8:15,0
12/19/2025 8:30,0
12/19/2025 8:45,0
12/19/2025 9:00,0
12/19/2025 9:15,0
12/19/2025 9:30,0
12/19/2025 9:45,0
12/19/2025 10:00,0
12/19/2025 10:15,0
12/19/2025 10:30,0
12/19/2025 10:45,0
12/19/2025 11:00,0
12/19/2025 11:15,0
12/19/2025 11:30,0
12/19/2025 11:45,0
12/19/2025 12:00,0
12/19/2025 12:15,0
12/19/2025 12:30,0
12/19/2025 12:45,0
12/19/2025 13:00,0
12/19/2025 13:15,0
12/19/2025 13:30,0
12/19/2025 13:45,0
12/19/2025 14:00,0
12/19/2025 14:15,0
12/19/2025 14:30,0
12/19/2025 14:45,0
12/19/2025 15:00,0
12/19/2025 15:15,0
12/19/2025 15:30,0
12/19/2025 15:45,0
12/19/2025 16:00,0
12/19/2025 16:15,0
12/19/2025 16:30,0
12/19/2025 16:45,0
12/19/2025 17:00,0
12/19/2025 17:15,0
12/19/2025 17:30,0
12/19/2025 17:45,0
12/19/2025 18:00,0
12/19/2025 18:15,0
12/19/2025 18:30,0
12/19/2025 18:45,0
12/19/2025 19:00,0
12/19/2025 19:15,0
12/19/2025 19:30,0
12/19/2025 19:45,0
12/19/2025 20:00,0
12/19/2025 20:15,0
12/19/2025 20:30,0
12/19/2025 20:45,0
12/19/2025 21:00,0
12/19/2025 21:15,0
12/19/2025 21:30,0
12/19/2025 21:45,0
12/19/2025 22:00,0
12/19/2025 22:15,0
12/19/2025 22:30,0
12/19/2025 22:45,0
12/19/2025 23:00,0
12/19/2025 23:15,0
12/19/2025 23:30,0
12/19/2025 23:45,0
12/20/2025 0:00,0
12/20/2025 0:15,0
12/20/2025 0:30,0
12/20/2025 0:45,0
12/20/2025 1:00,0
12/20/2025 1:15,0
12/20/2025 1:30,0
12/20/2025 1:45,0
12/20/2025 2:00,0
12/20/2025 2:15,0
12/20/2025 2:30,0
12/20/2025 2:45,0
12/20/2025 3:00,0
12/20/2025 3:15,0
12/20/2025 3:30,0
12/20/2025 3:45,0
12/20/2025 4:00,0
12/20/2025 4:15,0
12/20/2025 4:30,0
12/20/2025 4:45,0
12/20/2025 5:00,0
12/20/2025 5:15,0
12/20/2025 5:30,0
12/20/2025 5:45,0
12/20/2025 6:00,0
12/20/2025 6:15,0
12/20/2025 6:30,0
12/20/2025 6:45,0
12/20/2025 7:00,0
12/20/2025 7:15,0
12/20/2025 7:30,0
12/20/2025 7:45,0
12/20/2025 8:00,0
12/20/2025 8:15,0
12/20/2025 8:30,0
12/20/2025 8:45,0
12/20/2025 9:00,0
12/20/2025 9:15,0
12/20/2025 9:30,0
12/20/2025 9:45,0
12/20/2025 10:00,0
12/20/2025 10:15,0
12/20/2025 10:30,0
12/20/2025 10:45,0
12/20/2025 11:00,0
12/20/2025 11:15,0
12/20/2025 11:30,0
12/20/2025 11:45,0
12/20/2025 12:00,0
12/20/2025 12:15,0
12/20/2025 12:30,0
12/20/2025 12:45,0
12/20/2025 13:00,0
12/20/2025 13:15,0
12/20/2025 13:30,0
12/20/2025 13:45,0
12/20/2025 14:00,0
12/20/2025 14:15,0
12/20/2025 14:30,0
12/20/2025 14:45,0
12/20/2025 15:00,0
12/20/2025 15:15,0
12/20/2025 15:30,0
12/20/2025 15:45,0
12/20/2025 16:00,0
12/20/2025 16:15,0
12/20/2025 16:30,0
12/20/2025 16:45,0
12/20/2025 17:00,0
12/20/2025 17:15,0
12/20/2025 17:30,0
12/20/2025 17:45,0
12/20/2025 18:00,0
12/20/2025 18:15,0
12/20/2025 18:30,0
12/20/2025 18:45,0
12/20/2025 19:00,0
12/20/2025 19:15,0
12/20/2025 19:30,0
12/20/2025 19:45,0
12/20/2025 20:00,0
12/20/2025 20:15,0
12/20/2025 20:30,0
12/20/2025 20:45,0
12/20/2025 21:00,0
12/20/2025 21:15,0
12/20/2025 21:30,0
12/20/2025 21:45,0
12/20/2025 22:00,0
12/20/2025 22:15,0
12/20/2025 22:30,0
12/20/2025 22:45,0
12/20/2025 23:00,0
12/20/2025 23:15,0
12/20/2025 23:30,0
12/20/2025 23:45,0
12/21/2025 0:00,0
12/21/2025 0:15,0
12/21/2025 0:30,0
12/21/2025 0:45,0
12/21/2025 1:00,0
12/21/2025 1:15,0
12/21/2025 1:30,0
12/21/2025 1:45,0
12/21/2025 2:00,0
12/21/2025 2:15,0
12/21/2025 2:30,0
12/21/2025 2:45,0
12/21/2025 3:00,0
12/21/2025 3:15,0
12/21/2025 3:30,0
12/21/2025 3:45,0
12/21/2025 4:00,0
12/21/2025 4:15,0
12/21/2025 4:30,0
12/21/2025 4:45,0
12/21/2025 5:00,0
12/21/2025 5:15,0
12/21/2025 5:30,0
12/21/2025 5:45,0
12/21/2025 6:00,0
12/21/2025 6:15,0
12/21/2025 6:30,0
12/21/2025 6:45,0
12/21/2025 7:00,0
12/21/2025 7:15,0
12/21/2025 7:30,0
12/21/2025 7:45,0
12/21/2025 8:00,0
12/21/2025 8:15,0
12/21/2025 8:30,0
12/21/2025 8:45,0
12/21/2025 9:00,0
12/21/2025 9:15,0
12/21/2025 9:30,0
12/21/2025 9:45,0
12/21/2025 10:00,0
12/21/2025 10:15,0
12/21/2025 10:30,0
12/21/2025 10:45,0
12/21/2025 11:00,0
12/21/2025 11:15,0
12/21/2025 11:30,0
12/21/2025 11:45,0
12/21/2025 12:00,0
12/21/2025 12:15,0
12/21/2025 12:30,0
12/21/2025 12:45,0
12/21/2025 13:00,0
12/21/2025 13:15,0
12/21/2025 13:30,0
12/21/2025 13:45,0
12/21/2025 14:00,0
12/21/2025 14:15,0
12/21/2025 14:30,0
12/21/2025 14:45,0
12/21/2025 15:00,0
12/21/2025 15:15,0
12/21/2025 15:30,0
12/21/2025 15:45,0
12/21/2025 16:00,0
12/21/2025 16:15,0
12/21/2025 16:30,0
12/21/2025 16:45,0
12/21/2025 17:00,0
12/21/2025 17:15,0
12/21/2025 17:30,0
12/21/2025 17:45,0
12/21/2025 18:00,0
12/21/2025 18:15,0
12/21/2025 18:30,0
12/21/2025 18:45,0
12/21/2025 19:00,0
12/21/2025 19:15,0
12/21/2025 19:30,0
12/21/2025 19:45,0
12/21/2025 20:00,0
12/21/2025 20:15,0
12/21/2025 20:30,0
12/21/2025 20:45,0
12/21/2025 21:00,0
12/21/2025 21:15,0
12/21/2025 21:30,0
12/21/2025 21:45,0
12/21/2025 22:00,0
12/21/2025 22:15,0
12/21/2025 22:30,0
12/21/2025 22:45,0
12/21/2025 23:00,0
12/21/2025 23:15,0
12/21/2025 23:30,0
12/21/2025 23:45,0
12/22/2025 0:00,0
12/22/2025 0:15,0
12/22/2025 0:30,0
12/22/2025 0:45,0
12/22/2025 1:00,0
12/22/2025 1:15,0
12/22/2025 1:30,0
12/22/2025 1:45,0
12/22/2025 2:00,0
12/22/2025 2:15,0
12/22/2025 2:30,0
12/22/2025 2:45,0
12/22/2025 3:00,0
12/22/2025 3:15,0
12/22/2025 3:30,0
12/22/2025 3:45,0
12/22/2025 4:00,0
12/22/2025 4:15,0
12/22/2025 4:30,0
12/22/2025 4:45,0
12/22/2025 5:00,0
12/22/2025 5:15,0
12/22/2025 5:30,0
12/22/2025 5:45,0
12/22/2025 6:00,0
12/22/2025 6:15,0
12/22/2025 6:30,0
12/22/2025 6:45,0
12/22/2025 7:00,0
12/22/2025 7:15,0
12/22/2025 7:30,0
12/22/2025 7:45,0
12/22/2025 8:00,0
12/22/2025 8:15,0
12/22/2025 8:30,0
12/22/2025 8:45,0
12/22/2025 9:00,0
12/22/2025 9:15,0
12/22/2025 9:30,0
12/22/2025 9:45,0
12/22/2025 10:00,0
12/22/2025 10:15,0
12/22/2025 10:30,0
12/22/2025 10:45,0
12/22/2025 11:00,0
12/22/2025 11:15,0
12/22/2025 11:30,0
12/22/2025 11:45,0
12/22/2025 12:00,0
12/22/2025 12:15,0
12/22/2025 12:30,0
12/22/2025 12:45,0
12/22/2025 13:00,0
12/22/2025 13:15,0
12/22/2025 13:30,0
12/22/2025 13:45,0
12/22/2025 14:00,0
12/22/2025 14:15,0
12/22/2025 14:30,0
12/22/2025 14:45,0
12/22/2025 15:00,0
12/22/2025 15:15,0
12/22/2025 15:30,0
12/22/2025 15:45,0
12/22/2025 16:00,0
12/22/2025 16:15,0
12/22/2025 16:30,0
12/22/2025 16:45,0
12/22/2025 17:00,0
12/22/2025 17:15,0
12/22/2025 17:30,0
12/22/2025 17:45,0
12/22/2025 18:00,0
12/22/2025 18:15,0
12/22/2025 18:30,0
12/22/2025 18:45,0
12/22/2025 19:00,0
12/22/2025 19:15,0
12/22/2025 19:30,0
12/22/2025 19:45,0
12/22/2025 20:00,0
12/22/2025 20:15,0
12/22/2025 20:30,0
12/22/2025 20:45,0
12/22/2025 21:00,0
12/22/2025 21:15,0
12/22/2025 21:30,0
12/22/2025 21:45,0
12/22/2025 22:00,0
12/22/2025 22:15,0
12/22/2025 22:30,0
12/22/2025 22:45,0
12/22/2025 23:00,0
12/22/2025 23:15,0
12/22/2025 23:30,0
12/22/2025 23:45,0
12/23/2025 0:00,0
12/23/2025 0:15,0
12/23/2025 0:30,0
12/23/2025 0:45,0
12/23/2025 1:00,0
12/23/2025 1:15,0
12/23/2025 1:30,0
12/23/2025 1:45,0
12/23/2025 2:00,0
12/23/2025 2:15,0
12/23/2025 2:30,0
12/23/2025 2:45,0
12/23/2025 3:00,0
12/23/2025 3:15,0
12/23/2025 3:30,0
12/23/2025 3:45,0
12/23/2025 4:00,0
12/23/2025 4:15,0
12/23/2025 4:30,0
12/23/2025 4:45,0
12/23/2025 5:00,0
12/23/2025 5:15,0
12/23/2025 5:30,0
12/23/2025 5:45,0
12/23/2025 6:00,0
12/23/2025 6:15,0
12/23/2025 6:30,0
12/23/2025 6:45,0
12/23/2025 7:00,0
12/23/2025 7:15,0
12/23/2025 7:30,0
12/23/2025 7:45,0
12/23/2025 8:00,0
12/23/2025 8:15,0
12/23/2025 8:30,0
12/23/2025 8:45,0
12/23/2025 9:00,0
12/23/2025 9:15,0
12/23/2025 9:30,0
12/23/2025 9:45,0
12/23/2025 10:00,0
12/23/2025 10:15,0
12/23/2025 10:30,0
12/23/2025 10:45,0
12/23/2025 11:00,0
12/23/2025 11:15,0
12/23/2025 11:30,0
12/23/2025 11:45,0
12/23/2025 12:00,0
12/23/2025 12:15,0
12/23/2025 12:30,0
12/23/2025 12:45,0
12/23/2025 13:00,0
12/23/2025 13:15,0
12/23/2025 13:30,0
12/23/2025 13:45,0
12/23/2025 14:00,0
12/23/2025 14:15,0
12/23/2025 14:30,0
12/23/2025 14:45,0
12/23/2025 15:00,0
12/23/2025 15:15,0
12/23/2025 15:30,0
12/23/2025 15:45,0
12/23/2025 16:00,0
12/23/2025 16:15,0
12/23/2025 16:30,0
12/23/2025 16:45,0
12/23/2025 17:00,0
12/23/2025 17:15,0
12/23/2025 17:30,0
12/23/2025 17:45,0
12/23/2025 18:00,0
12/23/2025 18:15,0
12/23/2025 18:30,0
12/23/2025 18:45,0
12/23/2025 19:00,0
12/23/2025 19:15,0
12/23/2025 19:30,0
12/23/2025 19:45,0
12/23/2025 20:00,0
12/23/2025 20:15,0
12/23/2025 20:30,0
12/23/2025 20:45,0
12/23/2025 21:00,0
12/23/2025 21:15,0
12/23/2025 21:30,0
12/23/2025 21:45,0
12/23/2025 22:00,0
12/23/2025 22:15,0
12/23/2025 22:30,0
12/23/2025 22:45,0
12/23/2025 23:00,0
12/23/2025 23:15,0
12/23/2025 23:30,0
12/23/2025 23:45,0
12/24/2025 0:00,0
12/24/2025 0:15,0
12/24/2025 0:30,0
12/24/2025 0:45,0
12/24/2025 1:00,0
12/24/2025 1:15,0
12/24/2025 1:30,0
12/24/2025 1:45,0
12/24/2025 2:00,0
12/24/2025 2:15,0
12/24/2025 2:30,0
12/24/2025 2:45,0
12/24/2025 3:00,0
12/24/2025 3:15,0
12/24/2025 3:30,0
12/24/2025 3:45,0
12/24/2025 4:00,0
12/24/2025 4:15,0
12/24/2025 4:30,0
12/24/2025 4:45,0
12/24/2025 5:00,0
12/24/2025 5:15,0
12/24/2025 5:30,0
12/24/2025 5:45,0
12/24/2025 6:00,0
12/24/2025 6:15,0
12/24/2025 6:30,0
12/24/2025 6:45,0
12/24/2025 7:00,0
12/24/2025 7:15,0
12/24/2025 7:30,0
12/24/2025 7:45,0
12/24/2025 8:00,0
12/24/2025 8:15,0
12/24/2025 8:30,0
12/24/2025 8:45,0
12/24/2025 9:00,0
12/24/2025 9:15,0
12/24/2025 9:30,0
12/24/2025 9:45,0
12/24/2025 10:00,0
12/24/2025 10:15,0
12/24/2025 10:30,0
12/24/2025 10:45,0
12/24/2025 11:00,0
12/24/2025 11:15,0
12/24/2025 11:30,0
12/24/2025 11:45,0
12/24/2025 12:00,0
12/24/2025 12:15,0
12/24/2025 12:30,0
12/24/2025 12:45,0
12/24/2025 13:00,0
12/24/2025 13:15,0
12/24/2025 13:30,0
12/24/2025 13:45,0
12/24/2025 14:00,0
12/24/2025 14:15,0
12/24/2025 14:30,0
12/24/2025 14:45,0
12/24/2025 15:00,0
12/24/2025 15:15,0
12/24/2025 15:30,0
12/24/2025 15:45,0
12/24/2025 16:00,0
12/24/2025 16:15,0
12/24/2025 16:30,0
12/24/2025 16:45,0
12/24/2025 17:00,0
12/24/2025 17:15,0
12/24/2025 17:30,0
12/24/2025 17:45,0
12/24/2025 18:00,0
12/24/2025 18:15,0
12/24/2025 18:30,0
12/24/2025 18:45,0
12/24/2025 19:00,0
12/24/2025 19:15,0
12/24/2025 19:30,0
12/24/2025 19:45,0
12/24/2025 20:00,0
12/24/2025 20:15,0
12/24/2025 20:30,0
12/24/2025 20:45,0
12/24/2025 21:00,0
12/24/2025 21:15,0
12/24/2025 21:30,0
12/24/2025 21:45,0
12/24/2025 22:00,0
12/24/2025 22:15,0
12/24/2025 22:30,0
12/24/2025 22:45,0
12/24/2025 23:00,0
12/24/2025 23:15,0
12/24/2025 23:30,0
12/24/2025 23:45,0
12/25/2025 0:00,0
12/25/2025 0:15,0
12/25/2025 0:30,0
12/25/2025 0:45,0
12/25/2025 1:00,0
12/25/2025 1:15,0
12/25/2025 1:30,0
12/25/2025 1:45,0
12/25/2025 2:00,0
12/25/2025 2:15,0
12/25/2025 2:30,0
12/25/2025 2:45,0
12/25/2025 3:00,0
12/25/2025 3:15,0
12/25/2025 3:30,0
12/25/2025 3:45,0
12/25/2025 4:00,0
12/25/2025 4:15,0
12/25/2025 4:30,0
12/25/2025 4:45,0
12/25/2025 5:00,0
12/25/2025 5:15,0
12/25/2025 5:30,0
12/25/2025 5:45,0
12/25/2025 6:00,0
12/25/2025 6:15,0
12/25/2025 6:30,0
12/25/2025 6:45,0
12/25/2025 7:00,0
12/25/2025 7:15,0
12/25/2025 7:30,0
12/25/2025 7:45,0
12/25/2025 8:00,0
12/25/2025 8:15,0
12/25/2025 8:30,0
12/25/2025 8:45,0
12/25/2025 9:00,0
12/25/2025 9:15,0
12/25/2025 9:30,0
12/25/2025 9:45,0
12/25/2025 10:00,0
12/25/2025 10:15,0
12/25/2025 10:30,0
12/25/2025 10:45,0
12/25/2025 11:00,0
12/25/2025 11:15,0
12/25/2025 11:30,0
12/25/2025 11:45,0
12/25/2025 12:00,0
12/25/2025 12:15,0
12/25/2025 12:30,0
12/25/2025 12:45,0
12/25/2025 13:00,0
12/25/2025 13:15,0
12/25/2025 13:30,0
12/25/2025 13:45,0
12/25/2025 14:00,0
12/25/2025 14:15,0
12/25/2025 14:30,0
12/25/2025 14:45,0
12/25/2025 15:00,0
12/25/2025 15:15,0
12/25/2025 15:30,0
12/25/2025 15:45,0
12/25/2025 16:00,0
12/25/2025 16:15,0
12/25/2025 16:30,0
12/25/2025 16:45,0
12/25/2025 17:00,0
12/25/2025 17:15,0
12/25/2025 17:30,0
12/25/2025 17:45,0
12/25/2025 18:00,0
12/25/2025 18:15,0
12/25/2025 18:30,0
12/25/2025 18:45,0
12/25/2025 19:00,0
12/25/2025 19:15,0
12/25/2025 19:30,0
12/25/2025 19:45,0
12/25/2025 20:00,0
12/25/2025 20:15,0
12/25/2025 20:30,0
12/25/2025 20:45,0
12/25/2025 21:00,0
12/25/2025 21:15,0
12/25/2025 21:30,0
12/25/2025 21:45,0
12/25/2025 22:00,0
12/25/2025 22:15,0
12/25/2025 22:30,0
12/25/2025 22:45,0
12/25/2025 23:00,0
12/25/2025 23:15,0
12/25/2025 23:30,0
12/25/2025 23:45,0
12/26/2025 0:00,0
12/26/2025 0:15,0
12/26/2025 0:30,0
12/26/2025 0:45,0
12/26/2025 1:00,0
12/26/2025 1:15,0
12/26/2025 1:30,0
12/26/2025 1:45,0
12/26/2025 2:00,0
12/26/2025 2:15,0
12/26/2025 2:30,0
12/26/2025 2:45,0
12/26/2025 3:00,0
12/26/2025 3:15,0
12/26/2025 3:30,0
12/26/2025 3:45,0
12/26/2025 4:00,0
12/26/2025 4:15,0
12/26/2025 4:30,0
12/26/2025 4:45,0
12/26/2025 5:00,0
12/26/2025 5:15,0
12/26/2025 5:30,0
12/26/2025 5:45,0
12/26/2025 6:00,0
12/26/2025 6:15,0
12/26/2025 6:30,0
12/26/2025 6:45,0
12/26/2025 7:00,0
12/26/2025 7:15,0
12/26/2025 7:30,0
12/26/2025 7:45,0
12/26/2025 8:00,0
12/26/2025 8:15,0
12/26/2025 8:30,0
12/26/2025 8:45,0
12/26/2025 9:00,0
12/26/2025 9:15,0
12/26/2025 9:30,0
12/26/2025 9:45,0
12/26/2025 10:00,0
12/26/2025 10:15,0
12/26/2025 10:30,0
12/26/2025 10:45,0
12/26/2025 11:00,0
12/26/2025 11:15,0
12/26/2025 11:30,0
12/26/2025 11:45,0
12/26/2025 12:00,0
12/26/2025 12:15,0
12/26/2025 12:30,0
12/26/2025 12:45,0
12/26/2025 13:00,0
12/26/2025 13:15,0
12/26/2025 13:30,0
12/26/2025 13:45,0
12/26/2025 14:00,0
12/26/2025 14:15,0
12/26/2025 14:30,0
12/26/2025 14:45,0
12/26/2025 15:00,0
12/26/2025 15:15,0
12/26/2025 15:30,0
12/26/2025 15:45,0
12/26/2025 16:00,0
12/26/2025 16:15,0
12/26/2025 16:30,0
12/26/2025 16:45,0
12/26/2025 17:00,0
12/26/2025 17:15,0
12/26/2025 17:30,0
12/26/2025 17:45,0
12/26/2025 18:00,0
12/26/2025 18:15,0
12/26/2025 18:30,0
12/26/2025 18:45,0
12/26/2025 19:00,0
12/26/2025 19:15,0
12/26/2025 19:30,0
12/26/2025 19:45,0
12/26/2025 20:00,0
12/26/2025 20:15,0
12/26/2025 20:30,0
12/26/2025 20:45,0
12/26/2025 21:00,0
12/26/2025 21:15,0
12/26/2025 21:30,0
12/26/2025 21:45,0
12/26/2025 22:00,0
12/26/2025 22:15,0
12/26/2025 22:30,0
12/26/2025 22:45,0
12/26/2025 23:00,0
12/26/2025 23:15,0
12/26/2025 23:30,0
12/26/2025 23:45,0
12/27/2025 0:00,0
12/27/2025 0:15,0
12/27/2025 0:30,0
12/27/2025 0:45,0
12/27/2025 1:00,0
12/27/2025 1:15,0
12/27/2025 1:30,0
12/27/2025 1:45,0
12/27/2025 2:00,0
12/27/2025 2:15,0
12/27/2025 2:30,0
12/27/2025 2:45,0
12/27/2025 3:00,0
12/27/2025 3:15,0
12/27/2025 3:30,0
12/27/2025 3:45,0
12/27/2025 4:00,0
12/27/2025 4:15,0
12/27/2025 4:30,0
12/27/2025 4:45,0
12/27/2025 5:00,0
12/27/2025 5:15,0
12/27/2025 5:30,0
12/27/2025 5:45,0
12/27/2025 6:00,0
12/27/2025 6:15,0
12/27/2025 6:30,0
12/27/2025 6:45,0
12/27/2025 7:00,0
12/27/2025 7:15,0
12/27/2025 7:30,0
12/27/2025 7:45,0
12/27/2025 8:00,0
12/27/2025 8:15,0
12/27/2025 8:30,0
12/27/2025 8:45,0
12/27/2025 9:00,0
12/27/2025 9:15,0
12/27/2025 9:30,0
12/27/2025 9:45,0
12/27/2025 10:00,0
12/27/2025 10:15,0
12/27/2025 10:30,0
12/27/2025 10:45,0
12/27/2025 11:00,0
12/27/2025 11:15,0
12/27/2025 11:30,0
12/27/2025 11:45,0
12/27/2025 12:00,0
12/27/2025 12:15,0
12/27/2025 12:30,0
12/27/2025 12:45,0
12/27/2025 13:00,0
12/27/2025 13:15,0
12/27/2025 13:30,0
12/27/2025 13:45,0
12/27/2025 14:00,0
12/27/2025 14:15,0
12/27/2025 14:30,0
12/27/2025 14:45,0
12/27/2025 15:00,0
12/27/2025 15:15,0
12/27/2025 15:30,0
12/27/2025 15:45,0
12/27/2025 16:00,0
12/27/2025 16:15,0
12/27/2025 16:30,0
12/27/2025 16:45,0
12/27/2025 17:00,0
12/27/2025 17:15,0
12/27/2025 17:30,0
12/27/2025 17:45,0
12/27/2025 18:00,0
12/27/2025 18:15,0
12/27/2025 18:30,0
12/27/2025 18:45,0
12/27/2025 19:00,0
12/27/2025 19:15,0
12/27/2025 19:30,0
12/27/2025 19:45,0
12/27/2025 20:00,0
12/27/2025 20:15,0
12/27/2025 20:30,0
12/27/2025 20:45,0
12/27/2025 21:00,0
12/27/2025 21:15,0
12/27/2025 21:30,0
12/27/2025 21:45,0
12/27/2025 22:00,0
12/27/2025 22:15,0
12/27/2025 22:30,0
12/27/2025 22:45,0
12/27/2025 23:00,0
12/27/2025 23:15,0
12/27/2025 23:30,0
12/27/2025 23:45,0
12/28/2025 0:00,0
12/28/2025 0:15,0
12/28/2025 0:30,0
12/28/2025 0:45,0
12/28/2025 1:00,0
12/28/2025 1:15,0
12/28/2025 1:30,0
12/28/2025 1:45,0
12/28/2025 2:00,0
12/28/2025 2:15,0
12/28/2025 2:30,0
12/28/2025 2:45,0
12/28/2025 3:00,0
12/28/2025 3:15,0
12/28/2025 3:30,0
12/28/2025 3:45,0
12/28/2025 4:00,0
12/28/2025 4:15,0
12/28/2025 4:30,0
12/28/2025 4:45,0
12/28/2025 5:00,0
12/28/2025 5:15,0
12/28/2025 5:30,0
12/28/2025 5:45,0
12/28/2025 6:00,0
12/28/2025 6:15,0
12/28/2025 6:30,0
12/28/2025 6:45,0
12/28/2025 7:00,0
12/28/2025 7:15,0
12/28/2025 7:30,0
12/28/2025 7:45,0
12/28/2025 8:00,0
12/28/2025 8:15,0
12/28/2025 8:30,0
12/28/2025 8:45,0
12/28/2025 9:00,0
12/28/2025 9:15,0
12/28/2025 9:30,0
12/28/2025 9:45,0
12/28/2025 10:00,0
12/28/2025 10:15,0
12/28/2025 10:30,0
12/28/2025 10:45,0
12/28/2025 11:00,0
12/28/2025 11:15,0
12/28/2025 11:30,0
12/28/2025 11:45,0
12/28/2025 12:00,0
12/28/2025 12:15,0
12/28/2025 12:30,0
12/28/2025 12:45,0
12/28/2025 13:00,0
12/28/2025 13:15,0
12/28/2025 13:30,0
12/28/2025 13:45,0
12/28/2025 14:00,0
12/28/2025 14:15,0
12/28/2025 14:30,0
12/28/2025 14:45,0
12/28/2025 15:00,0
12/28/2025 15:15,0
12/28/2025 15:30,0
12/28/2025 15:45,0
12/28/2025 16:00,0
12/28/2025 16:15,0
12/28/2025 16:30,0
12/28/2025 16:45,0
12/28/2025 17:00,0
12/28/2025 17:15,0
12/28/2025 17:30,0
12/28/2025 17:45,0
12/28/2025 18:00,0
12/28/2025 18:15,0
12/28/2025 18:30,0
12/28/2025 18:45,0
12/28/2025 19:00,0
12/28/2025 19:15,0
12/28/2025 19:30,0
12/28/2025 19:45,0
12/28/2025 20:00,0
12/28/2025 20:15,0
12/28/2025 20:30,0
12/28/2025 20:45,0
12/28/2025 21:00,0
12/28/2025 21:15,0
12/28/2025 21:30,0
12/28/2025 21:45,0
12/28/2025 22:00,0
12/28/2025 22:15,0
12/28/2025 22:30,0
12/28/2025 22:45,0
12/28/2025 23:00,0
12/28/2025 23:15,0
12/28/2025 23:30,0
12/28/2025 23:45,0
12/29/2025 0:00,0
12/29/2025 0:15,0
12/29/2025 0:30,0
12/29/2025 0:45,0
12/29/2025 1:00,0
12/29/2025 1:15,0
12/29/2025 1:30,0
12/29/2025 1:45,0
12/29/2025 2:00,0
12/29/2025 2:15,0
12/29/2025 2:30,0
12/29/2025 2:45,0
12/29/2025 3:00,0
12/29/2025 3:15,0
12/29/2025 3:30,0
12/29/2025 3:45,0
12/29/2025 4:00,0
12/29/2025 4:15,0
12/29/2025 4:30,0
12/29/2025 4:45,0
12/29/2025 5:00,0
12/29/2025 5:15,0
12/29/2025 5:30,0
12/29/2025 5:45,0
12/29/2025 6:00,0
12/29/2025 6:15,0
12/29/2025 6:30,0
12/29/2025 6:45,0
12/29/2025 7:00,0
12/29/2025 7:15,0
12/29/2025 7:30,0
12/29/2025 7:45,0
12/29/2025 8:00,0
12/29/2025 8:15,0
12/29/2025 8:30,0
12/29/2025 8:45,0
12/29/2025 9:00,0
12/29/2025 9:15,0
12/29/2025 9:30,0
12/29/2025 9:45,0
12/29/2025 10:00,0
12/29/2025 10:15,0
12/29/2025 10:30,0
12/29/2025 10:45,0
12/29/2025 11:00,0
12/29/2025 11:15,0
12/29/2025 11:30,0
12/29/2025 11:45,0
12/29/2025 12:00,0
12/29/2025 12:15,0
12/29/2025 12:30,0
12/29/2025 12:45,0
12/29/2025 13:00,0
12/29/2025 13:15,0
12/29/2025 13:30,0
12/29/2025 13:45,0
12/29/2025 14:00,0
12/29/2025 14:15,0
12/29/2025 14:30,0
12/29/2025 14:45,0
12/29/2025 15:00,0
12/29/2025 15:15,0
12/29/2025 15:30,0
12/29/2025 15:45,0
12/29/2025 16:00,0
12/29/2025 16:15,0
12/29/2025 16:30,0
12/29/2025 16:45,0
12/29/2025 17:00,0
12/29/2025 17:15,0
12/29/2025 17:30,0
12/29/2025 17:45,0
12/29/2025 18:00,0
12/29/2025 18:15,0
12/29/2025 18:30,0
12/29/2025 18:45,0
12/29/2025 19:00,0
12/29/2025 19:15,0
12/29/2025 19:30,0
12/29/2025 19:45,0
12/29/2025 20:00,0
12/29/2025 20:15,0
12/29/2025 20:30,0
12/29/2025 20:45,0
12/29/2025 21:00,0
12/29/2025 21:15,0
12/29/2025 21:30,0
12/29/2025 21:45,0
12/29/2025 22:00,0
12/29/2025 22:15,0
12/29/2025 22:30,0
12/29/2025 22:45,0
12/29/2025 23:00,0
12/29/2025 23:15,0
12/29/2025 23:30,0
12/29/2025 23:45,0
12/30/2025 0:00,0
12/30/2025 0:15,0
12/30/2025 0:30,0
12/30/2025 0:45,0
12/30/2025 1:00,0
12/30/2025 1:15,0
12/30/2025 1:30,0
12/30/2025 1:45,0
12/30/2025 2:00,0
12/30/2025 2:15,0
12/30/2025 2:30,0
12/30/2025 2:45,0
12/30/2025 3:00,0
12/30/2025 3:15,0
12/30/2025 3:30,0
12/30/2025 3:45,0
12/30/2025 4:00,0
12/30/2025 4:15,0
12/30/2025 4:30,0
12/30/2025 4:45,0
12/30/2025 5:00,0
12/30/2025 5:15,0
12/30/2025 5:30,0
12/30/2025 5:45,0
12/30/2025 6:00,0
12/30/2025 6:15,0
12/30/2025 6:30,0
12/30/2025 6:45,0
12/30/2025 7:00,0
12/30/2025 7:15,0
12/30/2025 7:30,0
12/30/2025 7:45,0
12/30/2025 8:00,0
12/30/2025 8:15,0
12/30/2025 8:30,0
12/30/2025 8:45,0
12/30/2025 9:00,0
12/30/2025 9:15,0
12/30/2025 9:30,0
12/30/2025 9:45,0
12/30/2025 10:00,0
12/30/2025 10:15,0
12/30/2025 10:30,0
12/30/2025 10:45,0
12/30/2025 11:00,0
12/30/2025 11:15,0
12/30/2025 11:30,0
12/30/2025 11:45,0
12/30/2025 12:00,0
12/30/2025 12:15,0
12/30/2025 12:30,0
12/30/2025 12:45,0
12/30/2025 13:00,0
12/30/2025 13:15,0
12/30/2025 13:30,0
12/30/2025 13:45,0
12/30/2025 14:00,0
12/30/2025 14:15,0
12/30/2025 14:30,0
12/30/2025 14:45,0
12/30/2025 15:00,0
12/30/2025 15:15,0
12/30/2025 15:30,0
12/30/2025 15:45,0
12/30/2025 16:00,0
12/30/2025 16:15,0
12/30/2025 16:30,0
12/30/2025 16:45,0
12/30/2025 17:00,0
12/30/2025 17:15,0
12/30/2025 17:30,0
12/30/2025 17:45,0
12/30/2025 18:00,0
12/30/2025 18:15,0
12/30/2025 18:30,0
12/30/2025 18:45,0
12/30/2025 19:00,0
12/30/2025 19:15,0
12/30/2025 19:30,0
12/30/2025 19:45,0
12/30/2025 20:00,0
12/30/2025 20:15,0
12/30/2025 20:30,0
12/30/2025 20:45,0
12/30/2025 21:00,0
12/30/2025 21:15,0
12/30/2025 21:30,0
12/30/2025 21:45,0
12/30/2025 22:00,0
12/30/2025 22:15,0
12/30/2025 22:30,0
12/30/2025 22:45,0
12/30/2025 23:00,0
12/30/2025 23:15,0
12/30/2025 23:30,0
12/30/2025 23:45,0
12/31/2025 0:00,0
12/31/2025 0:15,0
12/31/2025 0:30,0
12/31/2025 0:45,0
12/31/2025 1:00,0
12/31/2025 1:15,0
12/31/2025 1:30,0
12/31/2025 1:45,0
12/31/2025 2:00,0
12/31/2025 2:15,0
12/31/2025 2:30,0
12/31/2025 2:45,0
12/31/2025 3:00,0
12/31/2025 3:15,0
12/31/2025 3:30,0
12/31/2025 3:45,0
12/31/2025 4:00,0
12/31/2025 4:15,0
12/31/2025 4:30,0
12/31/2025 4:45,0
12/31/2025 5:00,0
12/31/2025 5:15,0
12/31/2025 5:30,0
12/31/2025 5:45,0
12/31/2025 6:00,0
12/31/2025 6:15,0
12/31/2025 6:30,0
12/31/2025 6:45,0
12/31/2025 7:00,0
12/31/2025 7:15,0
12/31/2025 7:30,0
12/31/2025 7:45,0
12/31/2025 8:00,0
12/31/2025 8:15,0
12/31/2025 8:30,0
12/31/2025 8:45,0
12/31/2025 9:00,0
12/31/2025 9:15,0
12/31/2025 9:30,0
12/31/2025 9:45,0
12/31/2025 10:00,0
12/31/2025 10:15,0
12/31/2025 10:30,0
12/31/2025 10:45,0
12/31/2025 11:00,0
12/31/2025 11:15,0
12/31/2025 11:30,0
12/31/2025 11:45,0
12/31/2025 12:00,0
12/31/2025 12:15,0
12/31/2025 12:30,0
12/31/2025 12:45,0
12/31/2025 13:00,0
12/31/2025 13:15,0
12/31/2025 13:30,0
12/31/2025 13:45,0
12/31/2025 14:00,0
12/31/2025 14:15,0
12/31/2025 14:30,0
12/31/2025 14:45,0
12/31/2025 15:00,0
12/31/2025 15:15,0
12/31/2025 15:30,0
12/31/2025 15:45,0
12/31/2025 16:00,0
12/31/2025 16:15,0
12/31/2025 16:30,0
12/31/2025 16:45,0
12/31/2025 17:00,0
12/31/2025 17:15,0
12/31/2025 17:30,0
12/31/2025 17:45,0
12/31/2025 18:00,0
12/31/2025 18:15,0
12/31/2025 18:30,0
12/31/2025 18:45,0
12/31/2025 19:00,0
12/31/2025 19:15,0
12/31/2025 19:30,0
12/31/2025 19:45,0
12/31/2025 20:00,0
12/31/2025 20:15,0
12/31/2025 20:30,0
12/31/2025 20:45,0
12/31/2025 21:00,0
12/31/2025 21:15,0
12/31/2025 21:30,0
12/31/2025 21:45,0
12/31/2025 22:00,0
12/31/2025 22:15,0
12/31/2025 22:30,0
12/31/2025 22:45,0
12/31/2025 23:00,0
12/31/2025 23:15,0
12/31/2025 23:30,0
12/31/2025 23:45,0
1/1/2026 0:00,0
1/1/2026 0:15,0
1/1/2026 0:30,0
1/1/2026 0:45,0
1/1/2026 1:00,0
1/1/2026 1:15,0
1/1/2026 1:30,0
1/1/2026 1:45,0
1/1/2026 2:00,0
1/1/2026 2:15,0
1/1/2026 2:30,0
1/1/2026 2:45,0
1/1/2026 3:00,0
1/1/2026 3:15,0
1/1/2026 3:30,0
1/1/2026 3:45,0
1/1/2026 4:00,0
1/1/2026 4:15,0
1/1/2026 4:30,0
1/1/2026 4:45,0
1/1/2026 5:00,0
1/1/2026 5:15,0
1/1/2026 5:30,0
1/1/2026 5:45,0
1/1/2026 6:00,0
1/1/2026 6:15,0
1/1/2026 6:30,0
1/1/2026 6:45,0
1/1/2026 7:00,0
1/1/2026 7:15,0
1/1/2026 7:30,0
1/1/2026 7:45,0
1/1/2026 8:00,0
1/1/2026 8:15,0
1/1/2026 8:30,0
1/1/2026 8:45,0
1/1/2026 9:00,0
1/1/2026 9:15,0
1/1/2026 9:30,0
1/1/2026 9:45,0
1/1/2026 10:00,0
1/1/2026 10:15,0
1/1/2026 10:30,0
1/1/2026 10:45,0
1/1/2026 11:00,0
1/1/2026 11:15,0
1/1/2026 11:30,0
1/1/2026 11:45,0
1/1/2026 12:00,0
1/1/2026 12:15,0
1/1/2026 12:30,0
1/1/2026 12:45,0
1/1/2026 13:00,0
1/1/2026 13:15,0
1/1/2026 13:30,0
1/1/2026 13:45,0
1/1/2026 14:00,0
1/1/2026 14:15,0
1/1/2026 14:30,0
1/1/2026 14:45,0
1/1/2026 15:00,0
1/1/2026 15:15,0
1/1/2026 15:30,0
1/1/2026 15:45,0
1/1/2026 16:00,0
1/1/2026 16:15,0
1/1/2026 16:30,0
1/1/2026 16:45,0
1/1/2026 17:00,0
1/1/2026 17:15,0
1/1/2026 17:30,0
1/1/2026 17:45,0
1/1/2026 18:00,0
1/1/2026 18:15,0
1/1/2026 18:30,0
1/1/2026 18:45,0
1/1/2026 19:00,0
1/1/2026 19:15,0
1/1/2026 19:30,0
1/1/2026 19:45,0
1/1/2026 20:00,0
1/1/2026 20:15,0
1/1/2026 20:30,0
1/1/2026 20:45,0
1/1/2026 21:00,0
1/1/2026 21:15,0
1/1/2026 21:30,0
1/1/2026 21:45,0
1/1/2026 22:00,0
1/1/2026 22:15,0
1/1/2026 22:30,0
1/1/2026 22:45,0
1/1/2026 23:00,0
1/1/2026 23:15,0
1/1/2026 23:30,0
1/1/2026 23:45,0
1/2/2026 0:00,0
1/2/2026 0:15,0
1/2/2026 0:30,0
1/2/2026 0:45,0
1/2/2026 1:00,0
1/2/2026 1:15,0
1/2/2026 1:30,0
1/2/2026 1:45,0
1/2/2026 2:00,0
1/2/2026 2:15,0
1/2/2026 2:30,0
1/2/2026 2:45,0
1/2/2026 3:00,0
1/2/2026 3:15,0
1/2/2026 3:30,0
1/2/2026 3:45,0
1/2/2026 4:00,0
1/2/2026 4:15,0
1/2/2026 4:30,0
1/2/2026 4:45,0
1/2/2026 5:00,0
1/2/2026 5:15,0
1/2/2026 5:30,0
1/2/2026 5:45,0
1/2/2026 6:00,0
1/2/2026 6:15,0
1/2/2026 6:30,0
1/2/2026 6:45,0
1/2/2026 7:00,0
1/2/2026 7:15,0
1/2/2026 7:30,0
1/2/2026 7:45,0
1/2/2026 8:00,0
1/2/2026 8:15,0
1/2/2026 8:30,0
1/2/2026 8:45,0
1/2/2026 9:00,0
1/2/2026 9:15,0
1/2/2026 9:30,0
1/2/2026 9:45,0
1/2/2026 10:00,0
1/2/2026 10:15,0
1/2/2026 10:30,0
1/2/2026 10:45,0
1/2/2026 11:00,0
1/2/2026 11:15,0
1/2/2026 11:30,0
1/2/2026 11:45,0
1/2/2026 12:00,0
1/2/2026 12:15,0
1/2/2026 12:30,0
1/2/2026 12:45,0
1/2/2026 13:00,0
1/2/2026 13:15,0
1/2/2026 13:30,0
1/2/2026 13:45,0
1/2/2026 14:00,0
1/2/2026 14:15,0
1/2/2026 14:30,0
1/2/2026 14:45,0
1/2/2026 15:00,0
1/2/2026 15:15,0
1/2/2026 15:30,0
1/2/2026 15:45,0
1/2/2026 16:00,0
1/2/2026 16:15,0
1/2/2026 16:30,0
1/2/2026 16:45,0
1/2/2026 17:00,0
1/2/2026 17:15,0
1/2/2026 17:30,0
1/2/2026 17:45,0
1/2/2026 18:00,0
1/2/2026 18:15,0
1/2/2026 18:30,0
1/2/2026 18:45,0
1/2/2026 19:00,0
1/2/2026 19:15,0
1/2/2026 19:30,0
1/2/2026 19:45,0
1/2/2026 20:00,0
1/2/2026 20:15,0
1/2/2026 20:30,0
1/2/2026 20:45,0
1/2/2026 21:00,0
1/2/2026 21:15,0
1/2/2026 21:30,0
1/2/2026 21:45,0
1/2/2026 22:00,0
1/2/2026 22:15,0
1/2/2026 22:30,0
1/2/2026 22:45,0
1/2/2026 23:00,0
1/2/2026 23:15,0
1/2/2026 23:30,0
1/2/2026 23:45,0
1/3/2026 0:00,0
1/3/2026 0:15,0
1/3/2026 0:30,0
1/3/2026 0:45,0
1/3/2026 1:00,0
1/3/2026 1:15,0
1/3/2026 1:30,0
1/3/2026 1:45,0
1/3/2026 2:00,0
1/3/2026 2:15,0
1/3/2026 2:30,0
1/3/2026 2:45,0
1/3/2026 3:00,0
1/3/2026 3:15,0
1/3/2026 3:30,0
1/3/2026 3:45,0
1/3/2026 4:00,0
1/3/2026 4:15,0
1/3/2026 4:30,0
1/3/2026 4:45,0
1/3/2026 5:00,0
1/3/2026 5:15,0
1/3/2026 5:30,0
1/3/2026 5:45,0
1/3/2026 6:00,0
1/3/2026 6:15,0
1/3/2026 6:30,0
1/3/2026 6:45,0
1/3/2026 7:00,0
1/3/2026 7:15,0
1/3/2026 7:30,0
1/3/2026 7:45,0
1/3/2026 8:00,0
1/3/2026 8:15,0
1/3/2026 8:30,0
1/3/2026 8:45,0
1/3/2026 9:00,0
1/3/2026 9:15,0
1/3/2026 9:30,0
1/3/2026 9:45,0
1/3/2026 10:00,0
1/3/2026 10:15,0
1/3/2026 10:30,0
1/3/2026 10:45,0
1/3/2026 11:00,0
1/3/2026 11:15,0
1/3/2026 11:30,0
1/3/2026 11:45,0.5
1/3/2026 12:00,0.5
1/3/2026 12:15,0.5
1/3/2026 12:30,0.8
1/3/2026 12:45,0.5
1/3/2026 13:00,0.3
1/3/2026 13:15,0.8
1/3/2026 13:30,0
1/3/2026 13:45,0
1/3/2026 14:00,0.3
1/3/2026 14:15,0
1/3/2026 14:30,0
1/3/2026 14:45,0
1/3/2026 15:00,0
1/3/2026 15:15,0.5
1/3/2026 15:30,0
1/3/2026 15:45,0.3
1/3/2026 16:00,0.3
1/3/2026 16:15,0.5
1/3/2026 16:30,0.3
1/3/2026 16:45,0
1/3/2026 17:00,0
1/3/2026 17:15,0
1/3/2026 17:30,0.3
1/3/2026 17:45,0.3
1/3/2026 18:00,0
1/3/2026 18:15,0.3
1/3/2026 18:30,0.5
1/3/2026 18:45,0
1/3/2026 19:00,0
1/3/2026 19:15,0
1/3/2026 19:30,0
1/3/2026 19:45,0.3
1/3/2026 20:00,0
1/3/2026 20:15,0
1/3/2026 20:30,0
1/3/2026 20:45,0
1/3/2026 21:00,0
1/3/2026 21:15,0
1/3/2026 21:30,0
1/3/2026 21:45,0
1/3/2026 22:00,0
1/3/2026 22:15,0
1/3/2026 22:30,0
1/3/2026 22:45,0
1/3/2026 23:00,0
1/3/2026 23:15,0
1/3/2026 23:30,0
1/3/2026 23:45,0
1/4/2026 0:00,0
1/4/2026 0:15,0
1/4/2026 0:30,0
1/4/2026 0:45,0
1/4/2026 1:00,0
1/4/2026 1:15,0
1/4/2026 1:30,0
1/4/2026 1:45,0
1/4/2026 2:00,0
1/4/2026 2:15,0
1/4/2026 2:30,0
1/4/2026 2:45,0
1/4/2026 3:00,0
1/4/2026 3:15,0
1/4/2026 3:30,0
1/4/2026 3:45,0
1/4/2026 4:00,0
1/4/2026 4:15,0
1/4/2026 4:30,0
1/4/2026 4:45,0
1/4/2026 5:00,0
1/4/2026 5:15,0
1/4/2026 5:30,0
1/4/2026 5:45,0
1/4/2026 6:00,0
1/4/2026 6:15,0
1/4/2026 6:30,0
1/4/2026 6:45,0
1/4/2026 7:00,0
1/4/2026 7:15,0
1/4/2026 7:30,0
1/4/2026 7:45,0
1/4/2026 8:00,0
1/4/2026 8:15,0
1/4/2026 8:30,0
1/4/2026 8:45,0
1/4/2026 9:00,0
1/4/2026 9:15,0
1/4/2026 9:30,0
1/4/2026 9:45,0
1/4/2026 10:00,0
1/4/2026 10:15,0
1/4/2026 10:30,0
1/4/2026 10:45,0
1/4/2026 11:00,0
1/4/2026 11:15,0
1/4/2026 11:30,0
1/4/2026 11:45,0
1/4/2026 12:00,0
1/4/2026 12:15,0
1/4/2026 12:30,0
1/4/2026 12:45,0
1/4/2026 13:00,0
1/4/2026 13:15,0
1/4/2026 13:30,0
1/4/2026 13:45,0
1/4/2026 14:00,0
1/4/2026 14:15,0
1/4/2026 14:30,0
1/4/2026 14:45,0
1/4/2026 15:00,0
1/4/2026 15:15,0
1/4/2026 15:30,0
1/4/2026 15:45,0
1/4/2026 16:00,0
1/4/2026 16:15,0
1/4/2026 16:30,0
1/4/2026 16:45,0
1/4/2026 17:00,0
1/4/2026 17:15,0
1/4/2026 17:30,0
1/4/2026 17:45,0
1/4/2026 18:00,0
1/4/2026 18:15,0
1/4/2026 18:30,0
1/4/2026 18:45,0
1/4/2026 19:00,0
1/4/2026 19:15,0
1/4/2026 19:30,0
1/4/2026 19:45,0
1/4/2026 20:00,0
1/4/2026 20:15,0
1/4/2026 20:30,0
1/4/2026 20:45,0
1/4/2026 21:00,0
1/4/2026 21:15,0
1/4/2026 21:30,0
1/4/2026 21:45,0
1/4/2026 22:00,0
1/4/2026 22:15,0
1/4/2026 22:30,0
1/4/2026 22:45,0
1/4/2026 23:00,0
1/4/2026 23:15,0
1/4/2026 23:30,0
1/4/2026 23:45,0
1/5/2026 0:00,0
1/5/2026 0:15,0
1/5/2026 0:30,0
1/5/2026 0:45,0
1/5/2026 1:00,0
1/5/2026 1:15,0
1/5/2026 1:30,0
1/5/2026 1:45,0
1/5/2026 2:00,0
1/5/2026 2:15,0
1/5/2026 2:30,0
1/5/2026 2:45,0
1/5/2026 3:00,0
1/5/2026 3:15,0
1/5/2026 3:30,0
1/5/2026 3:45,0
1/5/2026 4:00,0
1/5/2026 4:15,0
1/5/2026 4:30,0
1/5/2026 4:45,0
1/5/2026 5:00,0
1/5/2026 5:15,0
1/5/2026 5:30,0
1/5/2026 5:45,0
1/5/2026 6:00,0
1/5/2026 6:15,0
1/5/2026 6:30,0
1/5/2026 6:45,0
1/5/2026 7:00,0
1/5/2026 7:15,0
1/5/2026 7:30,0
1/5/2026 7:45,0
1/5/2026 8:00,0
1/5/2026 8:15,0
1/5/2026 8:30,0
1/5/2026 8:45,0
1/5/2026 9:00,0
1/5/2026 9:15,0
1/5/2026 9:30,0
1/5/2026 9:45,0
1/5/2026 10:00,0
1/5/2026 10:15,0
1/5/2026 10:30,0
1/5/2026 10:45,0
1/5/2026 11:00,0
1/5/2026 11:15,0
1/5/2026 11:30,0
1/5/2026 11:45,0
1/5/2026 12:00,0
1/5/2026 12:15,0
1/5/2026 12:30,0
1/5/2026 12:45,0
1/5/2026 13:00,0
1/5/2026 13:15,0
1/5/2026 13:30,0
1/5/2026 13:45,0
1/5/2026 14:00,0
1/5/2026 14:15,0
1/5/2026 14:30,0
1/5/2026 14:45,0
1/5/2026 15:00,0
1/5/2026 15:15,0
1/5/2026 15:30,0
1/5/2026 15:45,0
1/5/2026 16:00,0
1/5/2026 16:15,0
1/5/2026 16:30,0
1/5/2026 16:45,0
1/5/2026 17:00,0
1/5/2026 17:15,0
1/5/2026 17:30,0
1/5/2026 17:45,0
1/5/2026 18:00,0
1/5/2026 18:15,0
1/5/2026 18:30,0
1/5/2026 18:45,0
1/5/2026 19:00,0
1/5/2026 19:15,0
1/5/2026 19:30,0
1/5/2026 19:45,0
1/5/2026 20:00,0
1/5/2026 20:15,0
1/5/2026 20:30,0
1/5/2026 20:45,0
1/5/2026 21:00,0
1/5/2026 21:15,0
1/5/2026 21:30,0
1/5/2026 21:45,0
1/5/2026 22:00,0
1/5/2026 22:15,0
1/5/2026 22:30,0
1/5/2026 22:45,0
1/5/2026 23:00,0
1/5/2026 23:15,0
1/5/2026 23:30,0
1/5/2026 23:45,0
1/6/2026 0:00,0
1/6/2026 0:15,0
1/6/2026 0:30,0
1/6/2026 0:45,0
1/6/2026 1:00,0
1/6/2026 1:15,0
1/6/2026 1:30,0
1/6/2026 1:45,0
1/6/2026 2:00,0
1/6/2026 2:15,0
1/6/2026 2:30,0
1/6/2026 2:45,0
1/6/2026 3:00,0
1/6/2026 3:15,0
1/6/2026 3:30,0
1/6/2026 3:45,0
1/6/2026 4:00,0
1/6/2026 4:15,0
1/6/2026 4:30,0
1/6/2026 4:45,0
1/6/2026 5:00,0
1/6/2026 5:15,0
1/6/2026 5:30,0
1/6/2026 5:45,0
1/6/2026 6:00,0
1/6/2026 6:15,0
1/6/2026 6:30,0
1/6/2026 6:45,0
1/6/2026 7:00,0
1/6/2026 7:15,0
1/6/2026 7:30,0
1/6/2026 7:45,0
1/6/2026 8:00,0
1/6/2026 8:15,0
1/6/2026 8:30,0
1/6/2026 8:45,0
1/6/2026 9:00,0
1/6/2026 9:15,0
1/6/2026 9:30,0
1/6/2026 9:45,0
1/6/2026 10:00,0
1/6/2026 10:15,0
1/6/2026 10:30,0
1/6/2026 10:45,0
1/6/2026 11:00,0
1/6/2026 11:15,0
1/6/2026 11:30,0
1/6/2026 11:45,0
1/6/2026 12:00,0
1/6/2026 12:15,0
1/6/2026 12:30,0
1/6/2026 12:45,0
1/6/2026 13:00,0
1/6/2026 13:15,0
1/6/2026 13:30,0
1/6/2026 13:45,0
1/6/2026 14:00,0
1/6/2026 14:15,0
1/6/2026 14:30,0
1/6/2026 14:45,0
1/6/2026 15:00,0
1/6/2026 15:15,0
1/6/2026 15:30,0
1/6/2026 15:45,0
1/6/2026 16:00,0
1/6/2026 16:15,0
1/6/2026 16:30,0
1/6/2026 16:45,0
1/6/2026 17:00,0
1/6/2026 17:15,0
1/6/2026 17:30,0
1/6/2026 17:45,0
1/6/2026 18:00,0
1/6/2026 18:15,0
1/6/2026 18:30,0
1/6/2026 18:45,0
1/6/2026 19:00,0
1/6/2026 19:15,0
1/6/2026 19:30,0
1/6/2026 19:45,0
1/6/2026 20:00,0
1/6/2026 20:15,0
1/6/2026 20:30,0
1/6/2026 20:45,0
1/6/2026 21:00,0
1/6/2026 21:15,0
1/6/2026 21:30,0
1/6/2026 21:45,0
1/6/2026 22:00,0
1/6/2026 22:15,0
1/6/2026 22:30,0
1/6/2026 22:45,0
1/6/2026 23:00,0
1/6/2026 23:15,0
1/6/2026 23:30,0
1/6/2026 23:45,0
1/7/2026 0:00,0
1/7/2026 0:15,0
1/7/2026 0:30,0
1/7/2026 0:45,0
1/7/2026 1:00,0
1/7/2026 1:15,0
1/7/2026 1:30,0
1/7/2026 1:45,0
1/7/2026 2:00,0
1/7/2026 2:15,0
1/7/2026 2:30,0
1/7/2026 2:45,0
1/7/2026 3:00,0
1/7/2026 3:15,0
1/7/2026 3:30,0
1/7/2026 3:45,0
1/7/2026 4:00,0
1/7/2026 4:15,0
1/7/2026 4:30,0
1/7/2026 4:45,0
1/7/2026 5:00,0
1/7/2026 5:15,0
1/7/2026 5:30,0
1/7/2026 5:45,0
1/7/2026 6:00,0
1/7/2026 6:15,0
1/7/2026 6:30,0
1/7/2026 6:45,0
1/7/2026 7:00,0
1/7/2026 7:15,0
1/7/2026 7:30,0
1/7/2026 7:45,0
1/7/2026 8:00,0
1/7/2026 8:15,0
1/7/2026 8:30,0
1/7/2026 8:45,0
1/7/2026 9:00,0
1/7/2026 9:15,0
1/7/2026 9:30,0
1/7/2026 9:45,0
1/7/2026 10:00,0
1/7/2026 10:15,0
1/7/2026 10:30,0
1/7/2026 10:45,0
1/7/2026 11:00,0
1/7/2026 11:15,0
1/7/2026 11:30,0
1/7/2026 11:45,0
1/7/2026 12:00,0
1/7/2026 12:15,0
1/7/2026 12:30,0
1/7/2026 12:45,0
1/7/2026 13:00,0
1/7/2026 13:15,0
1/7/2026 13:30,0
1/7/2026 13:45,0
1/7/2026 14:00,0
1/7/2026 14:15,0
1/7/2026 14:30,0
1/7/2026 14:45,0
1/7/2026 15:00,0
1/7/2026 15:15,0
1/7/2026 15:30,0
1/7/2026 15:45,0
1/7/2026 16:00,0
1/7/2026 16:15,0
1/7/2026 16:30,0
1/7/2026 16:45,0
1/7/2026 17:00,0
1/7/2026 17:15,0
1/7/2026 17:30,0
1/7/2026 17:45,0
1/7/2026 18:00,0
1/7/2026 18:15,0
1/7/2026 18:30,0
1/7/2026 18:45,0
1/7/2026 19:00,0
1/7/2026 19:15,0
1/7/2026 19:30,0
1/7/2026 19:45,0
1/7/2026 20:00,0
1/7/2026 20:15,0
1/7/2026 20:30,0
1/7/2026 20:45,0
1/7/2026 21:00,0
1/7/2026 21:15,0
1/7/2026 21:30,0
1/7/2026 21:45,0
1/7/2026 22:00,0
1/7/2026 22:15,0
1/7/2026 22:30,0
1/7/2026 22:45,0
1/7/2026 23:00,0
1/7/2026 23:15,0
1/7/2026 23:30,0
1/7/2026 23:45,0
1/8/2026 0:00,0
1/8/2026 0:15,0
1/8/2026 0:30,0
1/8/2026 0:45,0
1/8/2026 1:00,0
1/8/2026 1:15,0
1/8/2026 1:30,0
1/8/2026 1:45,0
1/8/2026 2:00,0
1/8/2026 2:15,0
1/8/2026 2:30,0
1/8/2026 2:45,0
1/8/2026 3:00,0
1/8/2026 3:15,0
1/8/2026 3:30,0
1/8/2026 3:45,0
1/8/2026 4:00,0
1/8/2026 4:15,0
1/8/2026 4:30,0
1/8/2026 4:45,0
1/8/2026 5:00,0
1/8/2026 5:15,0
1/8/2026 5:30,0
1/8/2026 5:45,0
1/8/2026 6:00,0
1/8/2026 6:15,0
1/8/2026 6:30,0
1/8/2026 6:45,0
1/8/2026 7:00,0
1/8/2026 7:15,0
1/8/2026 7:30,0
1/8/2026 7:45,0
1/8/2026 8:00,0
1/8/2026 8:15,0
1/8/2026 8:30,0
1/8/2026 8:45,0
1/8/2026 9:00,0
1/8/2026 9:15,0
1/8/2026 9:30,0
1/8/2026 9:45,0
1/8/2026 10:00,0
1/8/2026 10:15,0
1/8/2026 10:30,0
1/8/2026 10:45,0
1/8/2026 11:00,0
1/8/2026 11:15,0
1/8/2026 11:30,0
1/8/2026 11:45,0
1/8/2026 12:00,0
1/8/2026 12:15,0
1/8/2026 12:30,0
1/8/2026 12:45,0
1/8/2026 13:00,0
1/8/2026 13:15,0
1/8/2026 13:30,0
1/8/2026 13:45,0
1/8/2026 14:00,0
1/8/2026 14:15,0
1/8/2026 14:30,0
1/8/2026 14:45,0
1/8/2026 15:00,0
1/8/2026 15:15,0
1/8/2026 15:30,0
1/8/2026 15:45,0
1/8/2026 16:00,0
1/8/2026 16:15,0
1/8/2026 16:30,0
1/8/2026 16:45,0
1/8/2026 17:00,0
1/8/2026 17:15,0
1/8/2026 17:30,0
1/8/2026 17:45,0
1/8/2026 18:00,0
1/8/2026 18:15,0
1/8/2026 18:30,0
1/8/2026 18:45,0
1/8/2026 19:00,0
1/8/2026 19:15,0
1/8/2026 19:30,0
1/8/2026 19:45,0
1/8/2026 20:00,0
1/8/2026 20:15,0
1/8/2026 20:30,0
1/8/2026 20:45,0
1/8/2026 21:00,0
1/8/2026 21:15,0
1/8/2026 21:30,0
1/8/2026 21:45,0
1/8/2026 22:00,0
1/8/2026 22:15,0
1/8/2026 22:30,0
1/8/2026 22:45,0
1/8/2026 23:00,0
1/8/2026 23:15,0
1/8/2026 23:30,0
1/8/2026 23:45,0
1/9/2026 0:00,0
1/9/2026 0:15,0
1/9/2026 0:30,0
1/9/2026 0:45,0
1/9/2026 1:00,0
1/9/2026 1:15,0
1/9/2026 1:30,0
1/9/2026 1:45,0
1/9/2026 2:00,0
1/9/2026 2:15,0
1/9/2026 2:30,0
1/9/2026 2:45,0
1/9/2026 3:00,0
1/9/2026 3:15,0
1/9/2026 3:30,0
1/9/2026 3:45,0
1/9/2026 4:00,0
1/9/2026 4:15,0
1/9/2026 4:30,0
1/9/2026 4:45,0
1/9/2026 5:00,0
1/9/2026 5:15,0
1/9/2026 5:30,0
1/9/2026 5:45,0
1/9/2026 6:00,0
1/9/2026 6:15,0
1/9/2026 6:30,0
1/9/2026 6:45,0
1/9/2026 7:00,0
1/9/2026 7:15,0
1/9/2026 7:30,0
1/9/2026 7:45,0
1/9/2026 8:00,0
1/9/2026 8:15,0
1/9/2026 8:30,0
1/9/2026 8:45,0
1/9/2026 9:00,0
1/9/2026 9:15,0
1/9/2026 9:30,0
1/9/2026 9:45,0
1/9/2026 10:00,0
1/9/2026 10:15,0
1/9/2026 10:30,0
1/9/2026 10:45,0
1/9/2026 11:00,0
1/9/2026 11:15,0
1/9/2026 11:30,0
1/9/2026 11:45,0
1/9/2026 12:00,0
1/9/2026 12:15,0
1/9/2026 12:30,0
1/9/2026 12:45,0
1/9/2026 13:00,0
1/9/2026 13:15,0
1/9/2026 13:30,0
1/9/2026 13:45,0
1/9/2026 14:00,0
1/9/2026 14:15,0
1/9/2026 14:30,0
1/9/2026 14:45,0
1/9/2026 15:00,0
1/9/2026 15:15,0
1/9/2026 15:30,0
1/9/2026 15:45,0
1/9/2026 16:00,0
1/9/2026 16:15,0
1/9/2026 16:30,0
1/9/2026 16:45,0
1/9/2026 17:00,0
1/9/2026 17:15,0
1/9/2026 17:30,0
1/9/2026 17:45,0
1/9/2026 18:00,0
1/9/2026 18:15,0
1/9/2026 18:30,0
1/9/2026 18:45,0
1/9/2026 19:00,0
1/9/2026 19:15,0
1/9/2026 19:30,0
1/9/2026 19:45,0
1/9/2026 20:00,0
1/9/2026 20:15,0
1/9/2026 20:30,0
1/9/2026 20:45,0
1/9/2026 21:00,0
1/9/2026 21:15,0
1/9/2026 21:30,0
1/9/2026 21:45,0
1/9/2026 22:00,0
1/9/2026 22:15,0
1/9/2026 22:30,0
1/9/2026 22:45,0
1/9/2026 23:00,0
1/9/2026 23:15,0
1/9/2026 23:30,0
1/9/2026 23:45,0
1/10/2026 0:00,0
1/10/2026 0:15,0
1/10/2026 0:30,0
1/10/2026 0:45,0
1/10/2026 1:00,0
1/10/2026 1:15,0
1/10/2026 1:30,0
1/10/2026 1:45,0
1/10/2026 2:00,0
1/10/2026 2:15,0
1/10/2026 2:30,0
1/10/2026 2:45,0
1/10/2026 3:00,0
1/10/2026 3:15,0
1/10/2026 3:30,0
1/10/2026 3:45,0
1/10/2026 4:00,0
1/10/2026 4:15,0
1/10/2026 4:30,0
1/10/2026 4:45,0
1/10/2026 5:00,0
1/10/2026 5:15,0
1/10/2026 5:30,0
1/10/2026 5:45,0
1/10/2026 6:00,0
1/10/2026 6:15,0
1/10/2026 6:30,0
1/10/2026 6:45,0
1/10/2026 7:00,0
1/10/2026 7:15,0
1/10/2026 7:30,0
1/10/2026 7:45,0
1/10/2026 8:00,0
1/10/2026 8:15,0
1/10/2026 8:30,0
1/10/2026 8:45,0
1/10/2026 9:00,0
1/10/2026 9:15,0
1/10/2026 9:30,0
1/10/2026 9:45,0
1/10/2026 10:00,0
1/10/2026 10:15,0
1/10/2026 10:30,0
1/10/2026 10:45,0
1/10/2026 11:00,0
1/10/2026 11:15,0
1/10/2026 11:30,0
1/10/2026 11:45,0
1/10/2026 12:00,0
1/10/2026 12:15,0
1/10/2026 12:30,0
1/10/2026 12:45,0
1/10/2026 13:00,0
1/10/2026 13:15,0
1/10/2026 13:30,0
1/10/2026 13:45,0
1/10/2026 14:00,0
1/10/2026 14:15,0
1/10/2026 14:30,0
1/10/2026 14:45,0
1/10/2026 15:00,0
1/10/2026 15:15,0
1/10/2026 15:30,0
1/10/2026 15:45,0
1/10/2026 16:00,0
1/10/2026 16:15,0
1/10/2026 16:30,0
1/10/2026 16:45,0
1/10/2026 17:00,0
1/10/2026 17:15,0
1/10/2026 17:30,0
1/10/2026 17:45,0
1/10/2026 18:00,0
1/10/2026 18:15,0
1/10/2026 18:30,0
1/10/2026 18:45,0
1/10/2026 19:00,0
1/10/2026 19:15,0
1/10/2026 19:30,0
1/10/2026 19:45,0
1/10/2026 20:00,0
1/10/2026 20:15,0
1/10/2026 20:30,0
1/10/2026 20:45,0
1/10/2026 21:00,0
1/10/2026 21:15,0
1/10/2026 21:30,0
1/10/2026 21:45,0
1/10/2026 22:00,0
1/10/2026 22:15,0
1/10/2026 22:30,0
1/10/2026 22:45,0
1/10/2026 23:00,0
1/10/2026 23:15,0
1/10/2026 23:30,0
1/10/2026 23:45,0
1/11/2026 0:00,0
1/11/2026 0:15,0
1/11/2026 0:30,0
1/11/2026 0:45,0
1/11/2026 1:00,0
1/11/2026 1:15,0
1/11/2026 1:30,0
1/11/2026 1:45,0
1/11/2026 2:00,0
1/11/2026 2:15,0
1/11/2026 2:30,0
1/11/2026 2:45,0
1/11/2026 3:00,0
1/11/2026 3:15,0
1/11/2026 3:30,0
1/11/2026 3:45,0
1/11/2026 4:00,0
1/11/2026 4:15,0
1/11/2026 4:30,0
1/11/2026 4:45,0
1/11/2026 5:00,0
1/11/2026 5:15,0
1/11/2026 5:30,0
1/11/2026 5:45,0
1/11/2026 6:00,0
1/11/2026 6:15,0
1/11/2026 6:30,0
1/11/2026 6:45,0
1/11/2026 7:00,0
1/11/2026 7:15,0
1/11/2026 7:30,0
1/11/2026 7:45,0
1/11/2026 8:00,0
1/11/2026 8:15,0
1/11/2026 8:30,0.3
1/11/2026 8:45,0.3
1/11/2026 9:00,0.3
1/11/2026 9:15,1.5
1/11/2026 9:30,0.8
1/11/2026 9:45,0.3
1/11/2026 10:00,0
1/11/2026 10:15,0.3
1/11/2026 10:30,0
1/11/2026 10:45,0
1/11/2026 11:00,0
1/11/2026 11:15,0
1/11/2026 11:30,0
1/11/2026 11:45,0
1/11/2026 12:00,0
1/11/2026 12:15,0
1/11/2026 12:30,0
1/11/2026 12:45,0
1/11/2026 13:00,0
1/11/2026 13:15,0
1/11/2026 13:30,0
1/11/2026 13:45,0
1/11/2026 14:00,0
1/11/2026 14:15,0
1/11/2026 14:30,0
1/11/2026 14:45,0
1/11/2026 15:00,0
1/11/2026 15:15,0
1/11/2026 15:30,0
1/11/2026 15:45,0
1/11/2026 16:00,0
1/11/2026 16:15,0
1/11/2026 16:30,0
1/11/2026 16:45,0
1/11/2026 17:00,0
1/11/2026 17:15,0
1/11/2026 17:30,0
1/11/2026 17:45,0
1/11/2026 18:00,0
1/11/2026 18:15,0
1/11/2026 18:30,0
1/11/2026 18:45,0
1/11/2026 19:00,0
1/11/2026 19:15,0
1/11/2026 19:30,0
1/11/2026 19:45,0
1/11/2026 20:00,0
1/11/2026 20:15,0
1/11/2026 20:30,0
1/11/2026 20:45,0
1/11/2026 21:00,0
1/11/2026 21:15,0
1/11/2026 21:30,0
1/11/2026 21:45,0
1/11/2026 22:00,0
1/11/2026 22:15,0
1/11/2026 22:30,0
1/11/2026 22:45,0
1/11/2026 23:00,0
1/11/2026 23:15,0
1/11/2026 23:30,0
1/11/2026 23:45,0
1/12/2026 0:00,0
1/12/2026 0:15,0
1/12/2026 0:30,0
1/12/2026 0:45,0
1/12/2026 1:00,0
1/12/2026 1:15,0
1/12/2026 1:30,0
1/12/2026 1:45,0
1/12/2026 2:00,0
1/12/2026 2:15,0
1/12/2026 2:30,0
1/12/2026 2:45,0
1/12/2026 3:00,0
1/12/2026 3:15,0
1/12/2026 3:30,0
1/12/2026 3:45,0
1/12/2026 4:00,0
1/12/2026 4:15,0
1/12/2026 4:30,0
1/12/2026 4:45,0
1/12/2026 5:00,0
1/12/2026 5:15,0
1/12/2026 5:30,0
1/12/2026 5:45,0
1/12/2026 6:00,0
1/12/2026 6:15,0
1/12/2026 6:30,0
1/12/2026 6:45,0
1/12/2026 7:00,0
1/12/2026 7:15,0
1/12/2026 7:30,0
1/12/2026 7:45,0
1/12/2026 8:00,0
1/12/2026 8:15,0
1/12/2026 8:30,0
1/12/2026 8:45,0
1/12/2026 9:00,0
1/12/2026 9:15,0
1/12/2026 9:30,0
1/12/2026 9:45,0
1/12/2026 10:00,0
1/12/2026 10:15,0
1/12/2026 10:30,0
1/12/2026 10:45,0
1/12/2026 11:00,0
1/12/2026 11:15,0
1/12/2026 11:30,0
1/12/2026 11:45,0
1/12/2026 12:00,0
1/12/2026 12:15,0
1/12/2026 12:30,0
1/12/2026 12:45,0
1/12/2026 13:00,0
1/12/2026 13:15,0
1/12/2026 13:30,0
1/12/2026 13:45,0
1/12/2026 14:00,0
1/12/2026 14:15,0
1/12/2026 14:30,0
1/12/2026 14:45,0
1/12/2026 15:00,0
1/12/2026 15:15,0
1/12/2026 15:30,0
1/12/2026 15:45,0
1/12/2026 16:00,0
1/12/2026 16:15,0
1/12/2026 16:30,0
1/12/2026 16:45,0
1/12/2026 17:00,0
1/12/2026 17:15,0
1/12/2026 17:30,0
1/12/2026 17:45,0
1/12/2026 18:00,0
1/12/2026 18:15,0
1/12/2026 18:30,0
1/12/2026 18:45,0
1/12/2026 19:00,0
1/12/2026 19:15,0
1/12/2026 19:30,0
1/12/2026 19:45,0
1/12/2026 20:00,0
1/12/2026 20:15,0
1/12/2026 20:30,0
1/12/2026 20:45,0
1/12/2026 21:00,0
1/12/2026 21:15,0
1/12/2026 21:30,0
1/12/2026 21:45,0
1/12/2026 22:00,0
1/12/2026 22:15,0
1/12/2026 22:30,0
1/12/2026 22:45,0
1/12/2026 23:00,0
1/12/2026 23:15,0
1/12/2026 23:30,0
1/12/2026 23:45,0
1/13/2026 0:00,0
1/13/2026 0:15,0
1/13/2026 0:30,0
1/13/2026 0:45,0
1/13/2026 1:00,0
1/13/2026 1:15,0
1/13/2026 1:30,0
1/13/2026 1:45,0
1/13/2026 2:00,0
1/13/2026 2:15,0
1/13/2026 2:30,0
1/13/2026 2:45,0
1/13/2026 3:00,0
1/13/2026 3:15,0
1/13/2026 3:30,0
1/13/2026 3:45,0
1/13/2026 4:00,0
1/13/2026 4:15,0
1/13/2026 4:30,0
1/13/2026 4:45,0
1/13/2026 5:00,0
1/13/2026 5:15,0
1/13/2026 5:30,0
1/13/2026 5:45,0
1/13/2026 6:00,0
1/13/2026 6:15,0
1/13/2026 6:30,0
1/13/2026 6:45,0
1/13/2026 7:00,0
1/13/2026 7:15,0
1/13/2026 7:30,0
1/13/2026 7:45,0
1/13/2026 8:00,0
1/13/2026 8:15,0
1/13/2026 8:30,0
1/13/2026 8:45,0
1/13/2026 9:00,0
1/13/2026 9:15,0
1/13/2026 9:30,0
1/13/2026 9:45,0
1/13/2026 10:00,0
1/13/2026 10:15,0
1/13/2026 10:30,0
1/13/2026 10:45,0
1/13/2026 11:00,0
1/13/2026 11:15,0
1/13/2026 11:30,0
1/13/2026 11:45,0
1/13/2026 12:00,0
1/13/2026 12:15,0
1/13/2026 12:30,0
1/13/2026 12:45,0
1/13/2026 13:00,0
1/13/2026 13:15,0
1/13/2026 13:30,0
1/13/2026 13:45,0
1/13/2026 14:00,0
1/13/2026 14:15,0
1/13/2026 14:30,0
1/13/2026 14:45,0
1/13/2026 15:00,0
1/13/2026 15:15,0
1/13/2026 15:30,0
1/13/2026 15:45,0
1/13/2026 16:00,0
1/13/2026 16:15,0
1/13/2026 16:30,0
1/13/2026 16:45,0
1/13/2026 17:00,0
1/13/2026 17:15,0
1/13/2026 17:30,0
1/13/2026 17:45,0
1/13/2026 18:00,0
1/13/2026 18:15,0
1/13/2026 18:30,0
1/13/2026 18:45,0
1/13/2026 19:00,0
1/13/2026 19:15,0
1/13/2026 19:30,0
1/13/2026 19:45,0
1/13/2026 20:00,0
1/13/2026 20:15,0
1/13/2026 20:30,0
1/13/2026 20:45,0
1/13/2026 21:00,0
1/13/2026 21:15,0
1/13/2026 21:30,0
1/13/2026 21:45,0
1/13/2026 22:00,0
1/13/2026 22:15,0
1/13/2026 22:30,0
1/13/2026 22:45,0
1/13/2026 23:00,0
1/13/2026 23:15,0
1/13/2026 23:30,0
1/13/2026 23:45,0
1/14/2026 0:00,0
1/14/2026 0:15,0
1/14/2026 0:30,0
1/14/2026 0:45,0
1/14/2026 1:00,0
1/14/2026 1:15,0
1/14/2026 1:30,0
1/14/2026 1:45,0
1/14/2026 2:00,0
1/14/2026 2:15,0
1/14/2026 2:30,0
1/14/2026 2:45,0
1/14/2026 3:00,0
1/14/2026 3:15,0
1/14/2026 3:30,0
1/14/2026 3:45,0
1/14/2026 4:00,0
1/14/2026 4:15,0
1/14/2026 4:30,0
1/14/2026 4:45,0
1/14/2026 5:00,0
1/14/2026 5:15,0
1/14/2026 5:30,0
1/14/2026 5:45,0
1/14/2026 6:00,0
1/14/2026 6:15,0
1/14/2026 6:30,0
1/14/2026 6:45,0
1/14/2026 7:00,0
1/14/2026 7:15,0
1/14/2026 7:30,0
1/14/2026 7:45,0
1/14/2026 8:00,0
1/14/2026 8:15,0
1/14/2026 8:30,0
1/14/2026 8:45,0
1/14/2026 9:00,0
1/14/2026 9:15,0
1/14/2026 9:30,0
1/14/2026 9:45,0
1/14/2026 10:00,0
1/14/2026 10:15,0
1/14/2026 10:30,0
1/14/2026 10:45,0
1/14/2026 11:00,0
1/14/2026 11:15,0
1/14/2026 11:30,0
1/14/2026 11:45,0
1/14/2026 12:00,0
1/14/2026 12:15,0
1/14/2026 12:30,0
1/14/2026 12:45,0
1/14/2026 13:00,0
1/14/2026 13:15,0
1/14/2026 13:30,0
1/14/2026 13:45,0
1/14/2026 14:00,0
1/14/2026 14:15,0
1/14/2026 14:30,0
1/14/2026 14:45,0
1/14/2026 15:00,0
1/14/2026 15:15,0
1/14/2026 15:30,0
1/14/2026 15:45,0.5
1/14/2026 16:00,0.3
1/14/2026 16:15,0
1/14/2026 16:30,0.3
1/14/2026 16:45,0
1/14/2026 17:00,0
1/14/2026 17:15,0
1/14/2026 17:30,0
1/14/2026 17:45,0
1/14/2026 18:00,0
1/14/2026 18:15,0
1/14/2026 18:30,0
1/14/2026 18:45,0
1/14/2026 19:00,0
1/14/2026 19:15,0
1/14/2026 19:30,0
1/14/2026 19:45,0
1/14/2026 20:00,0
1/14/2026 20:15,0
1/14/2026 20:30,0
1/14/2026 20:45,0
1/14/2026 21:00,0
1/14/2026 21:15,0
1/14/2026 21:30,0
1/14/2026 21:45,0
1/14/2026 22:00,0
1/14/2026 22:15,0
1/14/2026 22:30,0
1/14/2026 22:45,0
1/14/2026 23:00,0
1/14/2026 23:15,0
1/14/2026 23:30,0
1/14/2026 23:45,0
1/15/2026 0:00,0
1/15/2026 0:15,0
1/15/2026 0:30,0
1/15/2026 0:45,0
1/15/2026 1:00,0
1/15/2026 1:15,0
1/15/2026 1:30,0
1/15/2026 1:45,0
1/15/2026 2:00,0
1/15/2026 2:15,0
1/15/2026 2:30,0
1/15/2026 2:45,0
1/15/2026 3:00,0
1/15/2026 3:15,0
1/15/2026 3:30,0
1/15/2026 3:45,0
1/15/2026 4:00,0
1/15/2026 4:15,0
1/15/2026 4:30,0
1/15/2026 4:45,0
1/15/2026 5:00,0
1/15/2026 5:15,0
1/15/2026 5:30,0
1/15/2026 5:45,0
1/15/2026 6:00,0
1/15/2026 6:15,0
1/15/2026 6:30,0
1/15/2026 6:45,0
1/15/2026 7:00,0
1/15/2026 7:15,0
1/15/2026 7:30,0
1/15/2026 7:45,0
1/15/2026 8:00,0
1/15/2026 8:15,0
1/15/2026 8:30,0
1/15/2026 8:45,0
1/15/2026 9:00,0
1/15/2026 9:15,0
1/15/2026 9:30,0
1/15/2026 9:45,0
1/15/2026 10:00,0
1/15/2026 10:15,0
1/15/2026 10:30,0
1/15/2026 10:45,0
1/15/2026 11:00,0
1/15/2026 11:15,0
1/15/2026 11:30,0
1/15/2026 11:45,0
1/15/2026 12:00,0
1/15/2026 12:15,0
1/15/2026 12:30,0
1/15/2026 12:45,0
1/15/2026 13:00,0
1/15/2026 13:15,0
1/15/2026 13:30,0
1/15/2026 13:45,0
1/15/2026 14:00,0
1/15/2026 14:15,0
1/15/2026 14:30,0
1/15/2026 14:45,0
1/15/2026 15:00,0
1/15/2026 15:15,0
1/15/2026 15:30,0
1/15/2026 15:45,0
1/15/2026 16:00,0
1/15/2026 16:15,0
1/15/2026 16:30,0
1/15/2026 16:45,0
1/15/2026 17:00,0
1/15/2026 17:15,0
1/15/2026 17:30,0
1/15/2026 17:45,0
1/15/2026 18:00,0
1/15/2026 18:15,0
1/15/2026 18:30,0
1/15/2026 18:45,0
1/15/2026 19:00,0
1/15/2026 19:15,0
1/15/2026 19:30,0
1/15/2026 19:45,0
1/15/2026 20:00,0
1/15/2026 20:15,0
1/15/2026 20:30,0
1/15/2026 20:45,0
1/15/2026 21:00,0
1/15/2026 21:15,0
1/15/2026 21:30,0
1/15/2026 21:45,0
1/15/2026 22:00,0
1/15/2026 22:15,0
1/15/2026 22:30,0
1/15/2026 22:45,0
1/15/2026 23:00,0
1/15/2026 23:15,0
1/15/2026 23:30,0
1/15/2026 23:45,0
1/16/2026 0:00,0
1/16/2026 0:15,0
1/16/2026 0:30,0
1/16/2026 0:45,0
1/16/2026 1:00,0
1/16/2026 1:15,0
1/16/2026 1:30,0
1/16/2026 1:45,0
1/16/2026 2:00,0
1/16/2026 2:15,0
1/16/2026 2:30,0
1/16/2026 2:45,0
1/16/2026 3:00,0
1/16/2026 3:15,0
1/16/2026 3:30,0
1/16/2026 3:45,0
1/16/2026 4:00,0
1/16/2026 4:15,0
1/16/2026 4:30,0
1/16/2026 4:45,0
1/16/2026 5:00,0
1/16/2026 5:15,0
1/16/2026 5:30,0
1/16/2026 5:45,0
1/16/2026 6:00,0
1/16/2026 6:15,0
1/16/2026 6:30,0
1/16/2026 6:45,0
1/16/2026 7:00,0
1/16/2026 7:15,0
1/16/2026 7:30,0
1/16/2026 7:45,0
1/16/2026 8:00,0
1/16/2026 8:15,0
1/16/2026 8:30,0
1/16/2026 8:45,0
1/16/2026 9:00,0
1/16/2026 9:15,0
1/16/2026 9:30,0
1/16/2026 9:45,0
1/16/2026 10:00,0
1/16/2026 10:15,0
1/16/2026 10:30,0
1/16/2026 10:45,0
1/16/2026 11:00,0
1/16/2026 11:15,0
1/16/2026 11:30,0
1/16/2026 11:45,0
1/16/2026 12:00,0
1/16/2026 12:15,0
1/16/2026 12:30,0
1/16/2026 12:45,0
1/16/2026 13:00,0
1/16/2026 13:15,0
1/16/2026 13:30,0
1/16/2026 13:45,0
1/16/2026 14:00,0
1/16/2026 14:15,0
1/16/2026 14:30,0
1/16/2026 14:45,0
1/16/2026 15:00,0
1/16/2026 15:15,0
1/16/2026 15:30,0
1/16/2026 15:45,0
1/16/2026 16:00,0
1/16/2026 16:15,0
1/16/2026 16:30,0
1/16/2026 16:45,0
1/16/2026 17:00,0
1/16/2026 17:15,0
1/16/2026 17:30,0
1/16/2026 17:45,0
1/16/2026 18:00,0
1/16/2026 18:15,0
1/16/2026 18:30,0
1/16/2026 18:45,0
1/16/2026 19:00,0
1/16/2026 19:15,0
1/16/2026 19:30,0
1/16/2026 19:45,0
1/16/2026 20:00,0
1/16/2026 20:15,0
1/16/2026 20:30,0
1/16/2026 20:45,0
1/16/2026 21:00,0
1/16/2026 21:15,0
1/16/2026 21:30,0
1/16/2026 21:45,0
1/16/2026 22:00,0
1/16/2026 22:15,0
1/16/2026 22:30,0
1/16/2026 22:45,0
1/16/2026 23:00,0
1/16/2026 23:15,0
1/16/2026 23:30,0
1/16/2026 23:45,0
1/17/2026 0:00,0
1/17/2026 0:15,0
1/17/2026 0:30,0
1/17/2026 0:45,0
1/17/2026 1:00,0
1/17/2026 1:15,0
1/17/2026 1:30,0
1/17/2026 1:45,0
1/17/2026 2:00,0
1/17/2026 2:15,0
1/17/2026 2:30,0
1/17/2026 2:45,0
1/17/2026 3:00,0
1/17/2026 3:15,0
1/17/2026 3:30,0
1/17/2026 3:45,0
1/17/2026 4:00,0
1/17/2026 4:15,0
1/17/2026 4:30,0
1/17/2026 4:45,0
1/17/2026 5:00,0
1/17/2026 5:15,0
1/17/2026 5:30,0
1/17/2026 5:45,0
1/17/2026 6:00,0
1/17/2026 6:15,0
1/17/2026 6:30,0
1/17/2026 6:45,0
1/17/2026 7:00,0
1/17/2026 7:15,0
1/17/2026 7:30,0
1/17/2026 7:45,0
1/17/2026 8:00,0
1/17/2026 8:15,0
1/17/2026 8:30,0
1/17/2026 8:45,0
1/17/2026 9:00,0
1/17/2026 9:15,0
1/17/2026 9:30,0
1/17/2026 9:45,0
1/17/2026 10:00,0
1/17/2026 10:15,0
1/17/2026 10:30,0
1/17/2026 10:45,0
1/17/2026 11:00,0
1/17/2026 11:15,0
1/17/2026 11:30,0
1/17/2026 11:45,0
1/17/2026 12:00,0
1/17/2026 12:15,0
1/17/2026 12:30,0
1/17/2026 12:45,0
1/17/2026 13:00,0
1/17/2026 13:15,0
1/17/2026 13:30,0
1/17/2026 13:45,0
1/17/2026 14:00,0
1/17/2026 14:15,0
1/17/2026 14:30,0
1/17/2026 14:45,0
1/17/2026 15:00,0
1/17/2026 15:15,0
1/17/2026 15:30,0
1/17/2026 15:45,0
1/17/2026 16:00,0
1/17/2026 16:15,0
1/17/2026 16:30,0
1/17/2026 16:45,0
1/17/2026 17:00,0
1/17/2026 17:15,0
1/17/2026 17:30,0
1/17/2026 17:45,0
1/17/2026 18:00,0
1/17/2026 18:15,0
1/17/2026 18:30,0
1/17/2026 18:45,0
1/17/2026 19:00,0
1/17/2026 19:15,0
1/17/2026 19:30,0
1/17/2026 19:45,0
1/17/2026 20:00,0
1/17/2026 20:15,0
1/17/2026 20:30,0
1/17/2026 20:45,0
1/17/2026 21:00,0
1/17/2026 21:15,0
1/17/2026 21:30,0
1/17/2026 21:45,0
1/17/2026 22:00,0
1/17/2026 22:15,0
1/17/2026 22:30,0
1/17/2026 22:45,0
1/17/2026 23:00,0
1/17/2026 23:15,0
1/17/2026 23:30,0
1/17/2026 23:45,0
1/18/2026 0:00,0
1/18/2026 0:15,0
1/18/2026 0:30,0
1/18/2026 0:45,0
1/18/2026 1:00,0
1/18/2026 1:15,0
1/18/2026 1:30,0
1/18/2026 1:45,0
1/18/2026 2:00,0
1/18/2026 2:15,0
1/18/2026 2:30,0
1/18/2026 2:45,0
1/18/2026 3:00,0
1/18/2026 3:15,0
1/18/2026 3:30,0
1/18/2026 3:45,0
1/18/2026 4:00,0
1/18/2026 4:15,0
1/18/2026 4:30,0
1/18/2026 4:45,0
1/18/2026 5:00,0
1/18/2026 5:15,0
1/18/2026 5:30,0
1/18/2026 5:45,0
1/18/2026 6:00,0
1/18/2026 6:15,0
1/18/2026 6:30,0
1/18/2026 6:45,0
1/18/2026 7:00,0
1/18/2026 7:15,0
1/18/2026 7:30,0
1/18/2026 7:45,0
1/18/2026 8:00,0
1/18/2026 8:15,0
1/18/2026 8:30,0
1/18/2026 8:45,0.3
1/18/2026 9:00,0.5
1/18/2026 9:15,0.5
1/18/2026 9:30,0.5
1/18/2026 9:45,0.5
1/18/2026 10:00,0.3
1/18/2026 10:15,0.5
1/18/2026 10:30,0.3
1/18/2026 10:45,0.5
1/18/2026 11:00,0.3
1/18/2026 11:15,0.5
1/18/2026 11:30,0.8
1/18/2026 11:45,0.5
1/18/2026 12:00,0.3
1/18/2026 12:15,0.3
1/18/2026 12:30,0.5
1/18/2026 12:45,0.5
1/18/2026 13:00,0.8
1/18/2026 13:15,0.8
1/18/2026 13:30,0.8
1/18/2026 13:45,0.5
1/18/2026 14:00,0.3
1/18/2026 14:15,0.8
1/18/2026 14:30,0.8
1/18/2026 14:45,0.8
1/18/2026 15:00,0.8
1/18/2026 15:15,0.8
1/18/2026 15:30,0.8
1/18/2026 15:45,0.5
1/18/2026 16:00,0.3
1/18/2026 16:15,0.5
1/18/2026 16:30,0
1/18/2026 16:45,0.3
1/18/2026 17:00,0
1/18/2026 17:15,0.3
1/18/2026 17:30,0
1/18/2026 17:45,0
1/18/2026 18:00,0
1/18/2026 18:15,0
1/18/2026 18:30,0
1/18/2026 18:45,0
1/18/2026 19:00,0
1/18/2026 19:15,0
1/18/2026 19:30,0
1/18/2026 19:45,0
1/18/2026 20:00,0
1/18/2026 20:15,0
1/18/2026 20:30,0
1/18/2026 20:45,0
1/18/2026 21:00,0
1/18/2026 21:15,0
1/18/2026 21:30,0
1/18/2026 21:45,0
1/18/2026 22:00,0
1/18/2026 22:15,0
1/18/2026 22:30,0
1/18/2026 22:45,0
1/18/2026 23:00,0
1/18/2026 23:15,0
1/18/2026 23:30,0
1/18/2026 23:45,0
1/19/2026 0:00,0
1/19/2026 0:15,0
1/19/2026 0:30,0
1/19/2026 0:45,0
1/19/2026 1:00,0
1/19/2026 1:15,0
1/19/2026 1:30,0
1/19/2026 1:45,0
1/19/2026 2:00,0
1/19/2026 2:15,0
1/19/2026 2:30,0
1/19/2026 2:45,0
1/19/2026 3:00,0
1/19/2026 3:15,0
1/19/2026 3:30,0
1/19/2026 3:45,0
1/19/2026 4:00,0
1/19/2026 4:15,0
1/19/2026 4:30,0
1/19/2026 4:45,0
1/19/2026 5:00,0
1/19/2026 5:15,0
1/19/2026 5:30,0
1/19/2026 5:45,0
1/19/2026 6:00,0
1/19/2026 6:15,0
1/19/2026 6:30,0
1/19/2026 6:45,0
1/19/2026 7:00,0
1/19/2026 7:15,0
1/19/2026 7:30,0
1/19/2026 7:45,0
1/19/2026 8:00,0
1/19/2026 8:15,0
1/19/2026 8:30,0
1/19/2026 8:45,0
1/19/2026 9:00,0
1/19/2026 9:15,0
1/19/2026 9:30,0
1/19/2026 9:45,0
1/19/2026 10:00,0
1/19/2026 10:15,0
1/19/2026 10:30,0
1/19/2026 10:45,0
1/19/2026 11:00,0
1/19/2026 11:15,0
1/19/2026 11:30,0
1/19/2026 11:45,0
1/19/2026 12:00,0
1/19/2026 12:15,0
1/19/2026 12:30,0
1/19/2026 12:45,0
1/19/2026 13:00,0
1/19/2026 13:15,0
1/19/2026 13:30,0
1/19/2026 13:45,0
1/19/2026 14:00,0
1/19/2026 14:15,0
1/19/2026 14:30,0
1/19/2026 14:45,0
1/19/2026 15:00,0
1/19/2026 15:15,0
1/19/2026 15:30,0
1/19/2026 15:45,0
1/19/2026 16:00,0
1/19/2026 16:15,0
1/19/2026 16:30,0
1/19/2026 16:45,0
1/19/2026 17:00,0
1/19/2026 17:15,0
1/19/2026 17:30,0
1/19/2026 17:45,0
1/19/2026 18:00,0
1/19/2026 18:15,0
1/19/2026 18:30,0
1/19/2026 18:45,0
1/19/2026 19:00,0
1/19/2026 19:15,0
1/19/2026 19:30,0
1/19/2026 19:45,0
1/19/2026 20:00,0
1/19/2026 20:15,0
1/19/2026 20:30,0
1/19/2026 20:45,0
1/19/2026 21:00,0
1/19/2026 21:15,0
1/19/2026 21:30,0
1/19/2026 21:45,0
1/19/2026 22:00,0
1/19/2026 22:15,0
1/19/2026 22:30,0
1/19/2026 22:45,0
1/19/2026 23:00,0
1/19/2026 23:15,0
1/19/2026 23:30,0
1/19/2026 23:45,0
1/20/2026 0:00,0
1/20/2026 0:15,0
1/20/2026 0:30,0
1/20/2026 0:45,0
1/20/2026 1:00,0
1/20/2026 1:15,0
1/20/2026 1:30,0
1/20/2026 1:45,0
1/20/2026 2:00,0
1/20/2026 2:15,0
1/20/2026 2:30,0
1/20/2026 2:45,0
1/20/2026 3:00,0
1/20/2026 3:15,0
1/20/2026 3:30,0
1/20/2026 3:45,0
1/20/2026 4:00,0
1/20/2026 4:15,0
1/20/2026 4:30,0
1/20/2026 4:45,0
1/20/2026 5:00,0
1/20/2026 5:15,0
1/20/2026 5:30,0
1/20/2026 5:45,0
1/20/2026 6:00,0
1/20/2026 6:15,0
1/20/2026 6:30,0
1/20/2026 6:45,0
1/20/2026 7:00,0
1/20/2026 7:15,0
1/20/2026 7:30,0
1/20/2026 7:45,0
1/20/2026 8:00,0
1/20/2026 8:15,0
1/20/2026 8:30,0
1/20/2026 8:45,0
1/20/2026 9:00,0
1/20/2026 9:15,0
1/20/2026 9:30,0
1/20/2026 9:45,0
1/20/2026 10:00,0
1/20/2026 10:15,0
1/20/2026 10:30,0
1/20/2026 10:45,0
1/20/2026 11:00,0
1/20/2026 11:15,0
1/20/2026 11:30,0
1/20/2026 11:45,0
1/20/2026 12:00,0
1/20/2026 12:15,0
1/20/2026 12:30,0
1/20/2026 12:45,0
1/20/2026 13:00,0
1/20/2026 13:15,0
1/20/2026 13:30,0
1/20/2026 13:45,0
1/20/2026 14:00,0
1/20/2026 14:15,0
1/20/2026 14:30,0
1/20/2026 14:45,0
1/20/2026 15:00,0
1/20/2026 15:15,0
1/20/2026 15:30,0
1/20/2026 15:45,0
1/20/2026 16:00,0
1/20/2026 16:15,0
1/20/2026 16:30,0
1/20/2026 16:45,0
1/20/2026 17:00,0
1/20/2026 17:15,0
1/20/2026 17:30,0
1/20/2026 17:45,0
1/20/2026 18:00,0
1/20/2026 18:15,0
1/20/2026 18:30,0
1/20/2026 18:45,0
1/20/2026 19:00,0
1/20/2026 19:15,0
1/20/2026 19:30,0
1/20/2026 19:45,0
1/20/2026 20:00,0
1/20/2026 20:15,0
1/20/2026 20:30,0
1/20/2026 20:45,0
1/20/2026 21:00,0
1/20/2026 21:15,0
1/20/2026 21:30,0
1/20/2026 21:45,0
1/20/2026 22:00,0
1/20/2026 22:15,0
1/20/2026 22:30,0
1/20/2026 22:45,0
1/20/2026 23:00,0
1/20/2026 23:15,0
1/20/2026 23:30,0
1/20/2026 23:45,0
1/21/2026 0:00,0
1/21/2026 0:15,0
1/21/2026 0:30,0
1/21/2026 0:45,0
1/21/2026 1:00,0
1/21/2026 1:15,0
1/21/2026 1:30,0
1/21/2026 1:45,0
1/21/2026 2:00,0
1/21/2026 2:15,0
1/21/2026 2:30,0
1/21/2026 2:45,0
1/21/2026 3:00,0
1/21/2026 3:15,0
1/21/2026 3:30,0
1/21/2026 3:45,0
1/21/2026 4:00,0
1/21/2026 4:15,0
1/21/2026 4:30,0
1/21/2026 4:45,0
1/21/2026 5:00,0
1/21/2026 5:15,0
1/21/2026 5:30,0
1/21/2026 5:45,0
1/21/2026 6:00,0
1/21/2026 6:15,0
1/21/2026 6:30,0
1/21/2026 6:45,0
1/21/2026 7:00,0
1/21/2026 7:15,0
1/21/2026 7:30,0
1/21/2026 7:45,0
1/21/2026 8:00,0
1/21/2026 8:15,0
1/21/2026 8:30,0
1/21/2026 8:45,0
1/21/2026 9:00,0
1/21/2026 9:15,0
1/21/2026 9:30,0
1/21/2026 9:45,0
1/21/2026 10:00,0
1/21/2026 10:15,0
1/21/2026 10:30,0
1/21/2026 10:45,0
1/21/2026 11:00,0
1/21/2026 11:15,0
1/21/2026 11:30,0
1/21/2026 11:45,0
1/21/2026 12:00,0
1/21/2026 12:15,0
1/21/2026 12:30,0
1/21/2026 12:45,0
1/21/2026 13:00,0
1/21/2026 13:15,0
1/21/2026 13:30,0
1/21/2026 13:45,0
1/21/2026 14:00,0
1/21/2026 14:15,0
1/21/2026 14:30,0
1/21/2026 14:45,0
1/21/2026 15:00,0
1/21/2026 15:15,0
1/21/2026 15:30,0
1/21/2026 15:45,0
1/21/2026 16:00,0
1/21/2026 16:15,0
1/21/2026 16:30,0
1/21/2026 16:45,0
1/21/2026 17:00,0
1/21/2026 17:15,0
1/21/2026 17:30,0
1/21/2026 17:45,0
1/21/2026 18:00,0
1/21/2026 18:15,0
1/21/2026 18:30,0
1/21/2026 18:45,0
1/21/2026 19:00,0
1/21/2026 19:15,0
1/21/2026 19:30,0
1/21/2026 19:45,0
1/21/2026 20:00,0
1/21/2026 20:15,0
1/21/2026 20:30,0
1/21/2026 20:45,0
1/21/2026 21:00,0
1/21/2026 21:15,0
1/21/2026 21:30,0
1/21/2026 21:45,0
1/21/2026 22:00,0
1/21/2026 22:15,0
1/21/2026 22:30,0
1/21/2026 22:45,0
1/21/2026 23:00,0
1/21/2026 23:15,0
1/21/2026 23:30,0
1/21/2026 23:45,0
1/22/2026 0:00,0
1/22/2026 0:15,0
1/22/2026 0:30,0
1/22/2026 0:45,0
1/22/2026 1:00,0
1/22/2026 1:15,0
1/22/2026 1:30,0
1/22/2026 1:45,0
1/22/2026 2:00,0
1/22/2026 2:15,0
1/22/2026 2:30,0
1/22/2026 2:45,0
1/22/2026 3:00,0
1/22/2026 3:15,0
1/22/2026 3:30,0
1/22/2026 3:45,0
1/22/2026 4:00,0
1/22/2026 4:15,0
1/22/2026 4:30,0
1/22/2026 4:45,0
1/22/2026 5:00,0
1/22/2026 5:15,0
1/22/2026 5:30,0
1/22/2026 5:45,0
1/22/2026 6:00,0
1/22/2026 6:15,0
1/22/2026 6:30,0
1/22/2026 6:45,0
1/22/2026 7:00,0
1/22/2026 7:15,0
1/22/2026 7:30,0
1/22/2026 7:45,0
1/22/2026 8:00,0
1/22/2026 8:15,0
1/22/2026 8:30,0
1/22/2026 8:45,0
1/22/2026 9:00,0
1/22/2026 9:15,0
1/22/2026 9:30,0
1/22/2026 9:45,0
1/22/2026 10:00,0
1/22/2026 10:15,0
1/22/2026 10:30,0
1/22/2026 10:45,0
1/22/2026 11:00,0
1/22/2026 11:15,0
1/22/2026 11:30,0
1/22/2026 11:45,0
1/22/2026 12:00,0
1/22/2026 12:15,0
1/22/2026 12:30,0
1/22/2026 12:45,0
1/22/2026 13:00,0
1/22/2026 13:15,0
1/22/2026 13:30,0
1/22/2026 13:45,0
1/22/2026 14:00,0
1/22/2026 14:15,0
1/22/2026 14:30,0
1/22/2026 14:45,0
1/22/2026 15:00,0
1/22/2026 15:15,0
1/22/2026 15:30,0
1/22/2026 15:45,0
1/22/2026 16:00,0
1/22/2026 16:15,0
1/22/2026 16:30,0
1/22/2026 16:45,0
1/22/2026 17:00,0
1/22/2026 17:15,0
1/22/2026 17:30,0
1/22/2026 17:45,0
1/22/2026 18:00,0
1/22/2026 18:15,0
1/22/2026 18:30,0
1/22/2026 18:45,0
1/22/2026 19:00,0
1/22/2026 19:15,0
1/22/2026 19:30,0
1/22/2026 19:45,0
1/22/2026 20:00,0
1/22/2026 20:15,0
1/22/2026 20:30,0
1/22/2026 20:45,0
1/22/2026 21:00,0
1/22/2026 21:15,0
1/22/2026 21:30,0
1/22/2026 21:45,0
1/22/2026 22:00,0
1/22/2026 22:15,0
1/22/2026 22:30,0
1/22/2026 22:45,0
1/22/2026 23:00,0
1/22/2026 23:15,0
1/22/2026 23:30,0
1/22/2026 23:45,0
1/23/2026 0:00,0
1/23/2026 0:15,0
1/23/2026 0:30,0
1/23/2026 0:45,0
1/23/2026 1:00,0
1/23/2026 1:15,0
1/23/2026 1:30,0
1/23/2026 1:45,0
1/23/2026 2:00,0
1/23/2026 2:15,0
1/23/2026 2:30,0
1/23/2026 2:45,0
1/23/2026 3:00,0
1/23/2026 3:15,0
1/23/2026 3:30,0
1/23/2026 3:45,0
1/23/2026 4:00,0
1/23/2026 4:15,0
1/23/2026 4:30,0
1/23/2026 4:45,0
1/23/2026 5:00,0
1/23/2026 5:15,0
1/23/2026 5:30,0
1/23/2026 5:45,0
1/23/2026 6:00,0
1/23/2026 6:15,0
1/23/2026 6:30,0
1/23/2026 6:45,0
1/23/2026 7:00,0
1/23/2026 7:15,0
1/23/2026 7:30,0
1/23/2026 7:45,0
1/23/2026 8:00,0
1/23/2026 8:15,0
1/23/2026 8:30,0
1/23/2026 8:45,0
1/23/2026 9:00,0
1/23/2026 9:15,0
1/23/2026 9:30,0
1/23/2026 9:45,0
1/23/2026 10:00,0
1/23/2026 10:15,0
1/23/2026 10:30,0
1/23/2026 10:45,0
1/23/2026 11:00,0
1/23/2026 11:15,0
1/23/2026 11:30,0
1/23/2026 11:45,0
1/23/2026 12:00,0
1/23/2026 12:15,0
1/23/2026 12:30,0
1/23/2026 12:45,0
1/23/2026 13:00,0
1/23/2026 13:15,0
1/23/2026 13:30,0
1/23/2026 13:45,0
1/23/2026 14:00,0
1/23/2026 14:15,0
1/23/2026 14:30,0
1/23/2026 14:45,0
1/23/2026 15:00,0
1/23/2026 15:15,0
1/23/2026 15:30,0
1/23/2026 15:45,0
1/23/2026 16:00,0
1/23/2026 16:15,0
1/23/2026 16:30,0
1/23/2026 16:45,0
1/23/2026 17:00,0
1/23/2026 17:15,0
1/23/2026 17:30,0
1/23/2026 17:45,0
1/23/2026 18:00,0
1/23/2026 18:15,0
1/23/2026 18:30,0
1/23/2026 18:45,0
1/23/2026 19:00,0
1/23/2026 19:15,0
1/23/2026 19:30,0
1/23/2026 19:45,0
1/23/2026 20:00,0
1/23/2026 20:15,0
1/23/2026 20:30,0
1/23/2026 20:45,0
1/23/2026 21:00,0
1/23/2026 21:15,0
1/23/2026 21:30,0
1/23/2026 21:45,0
1/23/2026 22:00,0
1/23/2026 22:15,0
1/23/2026 22:30,0
1/23/2026 22:45,0
1/23/2026 23:00,0
1/23/2026 23:15,0
1/23/2026 23:30,0
1/23/2026 23:45,0
1/24/2026 0:00,0
1/24/2026 0:15,0
1/24/2026 0:30,0
1/24/2026 0:45,0
1/24/2026 1:00,0
1/24/2026 1:15,0
1/24/2026 1:30,0
1/24/2026 1:45,0
1/24/2026 2:00,0
1/24/2026 2:15,0
1/24/2026 2:30,0
1/24/2026 2:45,0
1/24/2026 3:00,0
1/24/2026 3:15,0
1/24/2026 3:30,0
1/24/2026 3:45,0
1/24/2026 4:00,0
1/24/2026 4:15,0
1/24/2026 4:30,0
1/24/2026 4:45,0
1/24/2026 5:00,0
1/24/2026 5:15,0
1/24/2026 5:30,0
1/24/2026 5:45,0
1/24/2026 6:00,0
1/24/2026 6:15,0
1/24/2026 6:30,0
1/24/2026 6:45,0
1/24/2026 7:00,0
1/24/2026 7:15,0
1/24/2026 7:30,0
1/24/2026 7:45,0
1/24/2026 8:00,0
1/24/2026 8:15,0
1/24/2026 8:30,0
1/24/2026 8:45,0
1/24/2026 9:00,0
1/24/2026 9:15,0
1/24/2026 9:30,0
1/24/2026 9:45,0
1/24/2026 10:00,0
1/24/2026 10:15,0
1/24/2026 10:30,0
1/24/2026 10:45,0
1/24/2026 11:00,0
1/24/2026 11:15,0
1/24/2026 11:30,0
1/24/2026 11:45,0
1/24/2026 12:00,0
1/24/2026 12:15,0
1/24/2026 12:30,0
1/24/2026 12:45,0
1/24/2026 13:00,0
1/24/2026 13:15,0
1/24/2026 13:30,0
1/24/2026 13:45,0
1/24/2026 14:00,0
1/24/2026 14:15,0
1/24/2026 14:30,0
1/24/2026 14:45,0
1/24/2026 15:00,0
1/24/2026 15:15,0
1/24/2026 15:30,0
1/24/2026 15:45,0
1/24/2026 16:00,0
1/24/2026 16:15,0
1/24/2026 16:30,0
1/24/2026 16:45,0
1/24/2026 17:00,0
1/24/2026 17:15,0
1/24/2026 17:30,0
1/24/2026 17:45,0
1/24/2026 18:00,0
1/24/2026 18:15,0
1/24/2026 18:30,0
1/24/2026 18:45,0
1/24/2026 19:00,0
1/24/2026 19:15,0
1/24/2026 19:30,0
1/24/2026 19:45,0
1/24/2026 20:00,0
1/24/2026 20:15,0
1/24/2026 20:30,0
1/24/2026 20:45,0
1/24/2026 21:00,0
1/24/2026 21:15,0
1/24/2026 21:30,0
1/24/2026 21:45,0
1/24/2026 22:00,0
1/24/2026 22:15,0
1/24/2026 22:30,0
1/24/2026 22:45,0
1/24/2026 23:00,0
1/24/2026 23:15,0
1/24/2026 23:30,0
1/24/2026 23:45,0
1/25/2026 0:00,0
1/25/2026 0:15,0
1/25/2026 0:30,0
1/25/2026 0:45,0
1/25/2026 1:00,0
1/25/2026 1:15,0
1/25/2026 1:30,0
1/25/2026 1:45,0
1/25/2026 2:00,0
1/25/2026 2:15,0
1/25/2026 2:30,0
1/25/2026 2:45,0
1/25/2026 3:00,0
1/25/2026 3:15,0
1/25/2026 3:30,0
1/25/2026 3:45,0
1/25/2026 4:00,0
1/25/2026 4:15,0
1/25/2026 4:30,0
1/25/2026 4:45,0
1/25/2026 5:00,0
1/25/2026 5:15,0
1/25/2026 5:30,0
1/25/2026 5:45,0
1/25/2026 6:00,0
1/25/2026 6:15,0
1/25/2026 6:30,0
1/25/2026 6:45,0
1/25/2026 7:00,0
1/25/2026 7:15,0
1/25/2026 7:30,0
1/25/2026 7:45,0
1/25/2026 8:00,0
1/25/2026 8:15,0
1/25/2026 8:30,0.5
1/25/2026 8:45,0.3
1/25/2026 9:00,0
1/25/2026 9:15,0
1/25/2026 9:30,0.5
1/25/2026 9:45,0
1/25/2026 10:00,0.3
1/25/2026 10:15,0
1/25/2026 10:30,0.3
1/25/2026 10:45,0.3
1/25/2026 11:00,0.3
1/25/2026 11:15,0.3
1/25/2026 11:30,0
1/25/2026 11:45,0.3
1/25/2026 12:00,0.5
1/25/2026 12:15,0.5
1/25/2026 12:30,0
1/25/2026 12:45,0
1/25/2026 13:00,0
1/25/2026 13:15,0
1/25/2026 13:30,0
1/25/2026 13:45,0
1/25/2026 14:00,0
1/25/2026 14:15,0
1/25/2026 14:30,0
1/25/2026 14:45,0
1/25/2026 15:00,0
1/25/2026 15:15,0
1/25/2026 15:30,0
1/25/2026 15:45,0
1/25/2026 16:00,0
1/25/2026 16:15,0
1/25/2026 16:30,0
1/25/2026 16:45,0
1/25/2026 17:00,0
1/25/2026 17:15,0
1/25/2026 17:30,0
1/25/2026 17:45,0
1/25/2026 18:00,0
1/25/2026 18:15,0
1/25/2026 18:30,0
1/25/2026 18:45,0
1/25/2026 19:00,0
1/25/2026 19:15,0
1/25/2026 19:30,0
1/25/2026 19:45,0
1/25/2026 20:00,0
1/25/2026 20:15,0
1/25/2026 20:30,0
1/25/2026 20:45,0
1/25/2026 21:00,0
1/25/2026 21:15,0
1/25/2026 21:30,0
1/25/2026 21:45,0
1/25/2026 22:00,0
1/25/2026 22:15,0
1/25/2026 22:30,0
1/25/2026 22:45,0
1/25/2026 23:00,0
1/25/2026 23:15,0
1/25/2026 23:30,0
1/25/2026 23:45,0
1/26/2026 0:00,0
1/26/2026 0:15,0.3
1/26/2026 0:30,0
1/26/2026 0:45,0
1/26/2026 1:00,0
1/26/2026 1:15,0
1/26/2026 1:30,0.3
1/26/2026 1:45,0
1/26/2026 2:00,0.3
1/26/2026 2:15,0
1/26/2026 2:30,0
1/26/2026 2:45,0.3
1/26/2026 3:00,0
1/26/2026 3:15,0
1/26/2026 3:30,0
1/26/2026 3:45,0
1/26/2026 4:00,0
1/26/2026 4:15,0
1/26/2026 4:30,0
1/26/2026 4:45,0
1/26/2026 5:00,0
1/26/2026 5:15,0
1/26/2026 5:30,0
1/26/2026 5:45,0
1/26/2026 6:00,0
1/26/2026 6:15,0
1/26/2026 6:30,0
1/26/2026 6:45,0
1/26/2026 7:00,0
1/26/2026 7:15,0
1/26/2026 7:30,0
1/26/2026 7:45,0.5
1/26/2026 8:00,0.8
1/26/2026 8:15,0.3
1/26/2026 8:30,0.3
1/26/2026 8:45,0
1/26/2026 9:00,0
1/26/2026 9:15,0
1/26/2026 9:30,0
1/26/2026 9:45,0
1/26/2026 10:00,0
1/26/2026 10:15,0
1/26/2026 10:30,0
1/26/2026 10:45,0
1/26/2026 11:00,0
1/26/2026 11:15,0
1/26/2026 11:30,0
1/26/2026 11:45,0
1/26/2026 12:00,0
1/26/2026 12:15,0
1/26/2026 12:30,0
1/26/2026 12:45,0
1/26/2026 13:00,0
1/26/2026 13:15,0
1/26/2026 13:30,0
1/26/2026 13:45,0
1/26/2026 14:00,0
1/26/2026 14:15,0
1/26/2026 14:30,0
1/26/2026 14:45,0
1/26/2026 15:00,0
1/26/2026 15:15,0
1/26/2026 15:30,0
1/26/2026 15:45,0
1/26/2026 16:00,0
1/26/2026 16:15,0
1/26/2026 16:30,0
1/26/2026 16:45,0
1/26/2026 17:00,0
1/26/2026 17:15,0
1/26/2026 17:30,0
1/26/2026 17:45,0
1/26/2026 18:00,0
1/26/2026 18:15,0
1/26/2026 18:30,0
1/26/2026 18:45,0
1/26/2026 19:00,0
1/26/2026 19:15,0
1/26/2026 19:30,0
1/26/2026 19:45,0
1/26/2026 20:00,0
1/26/2026 20:15,0
1/26/2026 20:30,0
1/26/2026 20:45,0
1/26/2026 21:00,0
1/26/2026 21:15,0
1/26/2026 21:30,0
1/26/2026 21:45,0
1/26/2026 22:00,0
1/26/2026 22:15,0
1/26/2026 22:30,0
1/26/2026 22:45,0
1/26/2026 23:00,0
1/26/2026 23:15,0
1/26/2026 23:30,0
1/26/2026 23:45,0
1/27/2026 0:00,0
1/27/2026 0:15,0
1/27/2026 0:30,0
1/27/2026 0:45,0
1/27/2026 1:00,0
1/27/2026 1:15,0
1/27/2026 1:30,0
1/27/2026 1:45,0
1/27/2026 2:00,0
1/27/2026 2:15,0
1/27/2026 2:30,0
1/27/2026 2:45,0
1/27/2026 3:00,0
1/27/2026 3:15,0
1/27/2026 3:30,0
1/27/2026 3:45,0
1/27/2026 4:00,0
1/27/2026 4:15,0
1/27/2026 4:30,0
1/27/2026 4:45,0
1/27/2026 5:00,0
1/27/2026 5:15,0
1/27/2026 5:30,0
1/27/2026 5:45,0
1/27/2026 6:00,0
1/27/2026 6:15,0
1/27/2026 6:30,0
1/27/2026 6:45,0
1/27/2026 7:00,0
1/27/2026 7:15,0
1/27/2026 7:30,0
1/27/2026 7:45,0
1/27/2026 8:00,0
1/27/2026 8:15,0
1/27/2026 8:30,0
1/27/2026 8:45,0
1/27/2026 9:00,0
1/27/2026 9:15,0
1/27/2026 9:30,0
1/27/2026 9:45,0
1/27/2026 10:00,0
1/27/2026 10:15,0
1/27/2026 10:30,0
1/27/2026 10:45,0
1/27/2026 11:00,0
1/27/2026 11:15,0
1/27/2026 11:30,0
1/27/2026 11:45,0
1/27/2026 12:00,0
1/27/2026 12:15,0
1/27/2026 12:30,0
1/27/2026 12:45,0
1/27/2026 13:00,0
1/27/2026 13:15,0
1/27/2026 13:30,0
1/27/2026 13:45,0
1/27/2026 14:00,0
1/27/2026 14:15,0
1/27/2026 14:30,0
1/27/2026 14:45,0
1/27/2026 15:00,0
1/27/2026 15:15,0
1/27/2026 15:30,0
1/27/2026 15:45,0
1/27/2026 16:00,0
1/27/2026 16:15,0
1/27/2026 16:30,0
1/27/2026 16:45,0
1/27/2026 17:00,0
1/27/2026 17:15,0
1/27/2026 17:30,0
1/27/2026 17:45,0
1/27/2026 18:00,0
1/27/2026 18:15,0
1/27/2026 18:30,0
1/27/2026 18:45,0
1/27/2026 19:00,0
1/27/2026 19:15,0
1/27/2026 19:30,0
1/27/2026 19:45,0
1/27/2026 20:00,0
1/27/2026 20:15,0
1/27/2026 20:30,0
1/27/2026 20:45,0
1/27/2026 21:00,0
1/27/2026 21:15,0
1/27/2026 21:30,0
1/27/2026 21:45,0
1/27/2026 22:00,0
1/27/2026 22:15,0
1/27/2026 22:30,0
1/27/2026 22:45,0
1/27/2026 23:00,0
1/27/2026 23:15,0
1/27/2026 23:30,0
1/27/2026 23:45,0
1/28/2026 0:00,0
1/28/2026 0:15,0
1/28/2026 0:30,0
1/28/2026 0:45,0
1/28/2026 1:00,0
1/28/2026 1:15,0
1/28/2026 1:30,0
1/28/2026 1:45,0
1/28/2026 2:00,0
1/28/2026 2:15,0
1/28/2026 2:30,0
1/28/2026 2:45,0
1/28/2026 3:00,0
1/28/2026 3:15,0
1/28/2026 3:30,0
1/28/2026 3:45,0
1/28/2026 4:00,0
1/28/2026 4:15,0
1/28/2026 4:30,0
1/28/2026 4:45,0
1/28/2026 5:00,0
1/28/2026 5:15,0
1/28/2026 5:30,0
1/28/2026 5:45,0
1/28/2026 6:00,0
1/28/2026 6:15,0
1/28/2026 6:30,0
1/28/2026 6:45,0
1/28/2026 7:00,0
1/28/2026 7:15,0
1/28/2026 7:30,0
1/28/2026 7:45,0
1/28/2026 8:00,0
1/28/2026 8:15,0
1/28/2026 8:30,0
1/28/2026 8:45,0
1/28/2026 9:00,0
1/28/2026 9:15,0
1/28/2026 9:30,0
1/28/2026 9:45,0
1/28/2026 10:00,0
1/28/2026 10:15,0
1/28/2026 10:30,0
1/28/2026 10:45,0
1/28/2026 11:00,0
1/28/2026 11:15,0
1/28/2026 11:30,0
1/28/2026 11:45,0
1/28/2026 12:00,0
1/28/2026 12:15,0
1/28/2026 12:30,0
1/28/2026 12:45,0
1/28/2026 13:00,0
1/28/2026 13:15,0
1/28/2026 13:30,0
1/28/2026 13:45,0
1/28/2026 14:00,0
1/28/2026 14:15,0
1/28/2026 14:30,0
1/28/2026 14:45,0
1/28/2026 15:00,0
1/28/2026 15:15,0
1/28/2026 15:30,0
1/28/2026 15:45,0
1/28/2026 16:00,0
1/28/2026 16:15,0
1/28/2026 16:30,0
1/28/2026 16:45,0
1/28/2026 17:00,0
1/28/2026 17:15,0
1/28/2026 17:30,0
1/28/2026 17:45,0
1/28/2026 18:00,0
1/28/2026 18:15,0
1/28/2026 18:30,0
1/28/2026 18:45,0
1/28/2026 19:00,0
1/28/2026 19:15,0
1/28/2026 19:30,0
1/28/2026 19:45,0
1/28/2026 20:00,0
1/28/2026 20:15,0
1/28/2026 20:30,0
1/28/2026 20:45,0
1/28/2026 21:00,0
1/28/2026 21:15,0
1/28/2026 21:30,0
1/28/2026 21:45,0
1/28/2026 22:00,0
1/28/2026 22:15,0
1/28/2026 22:30,0
1/28/2026 22:45,0
1/28/2026 23:00,0
1/28/2026 23:15,0
1/28/2026 23:30,0
1/28/2026 23:45,0
1/29/2026 0:00,0
1/29/2026 0:15,0
1/29/2026 0:30,0
1/29/2026 0:45,0
1/29/2026 1:00,0
1/29/2026 1:15,0
1/29/2026 1:30,0
1/29/2026 1:45,0
1/29/2026 2:00,0
1/29/2026 2:15,0
1/29/2026 2:30,0
1/29/2026 2:45,0
1/29/2026 3:00,0
1/29/2026 3:15,0
1/29/2026 3:30,0
1/29/2026 3:45,0
1/29/2026 4:00,0
1/29/2026 4:15,0
1/29/2026 4:30,0
1/29/2026 4:45,0
1/29/2026 5:00,0
1/29/2026 5:15,0
1/29/2026 5:30,0
1/29/2026 5:45,0
1/29/2026 6:00,0
1/29/2026 6:15,0
1/29/2026 6:30,0
1/29/2026 6:45,0
1/29/2026 7:00,0
1/29/2026 7:15,0
1/29/2026 7:30,0
1/29/2026 7:45,0
1/29/2026 8:00,0
1/29/2026 8:15,0
1/29/2026 8:30,0
1/29/2026 8:45,0
1/29/2026 9:00,0
1/29/2026 9:15,0
1/29/2026 9:30,0
1/29/2026 9:45,0
1/29/2026 10:00,0
1/29/2026 10:15,0
1/29/2026 10:30,0
1/29/2026 10:45,0
1/29/2026 11:00,0
1/29/2026 11:15,0
1/29/2026 11:30,0
1/29/2026 11:45,0
1/29/2026 12:00,0
1/29/2026 12:15,0
1/29/2026 12:30,0
1/29/2026 12:45,0
1/29/2026 13:00,0
1/29/2026 13:15,0
1/29/2026 13:30,0
1/29/2026 13:45,0
1/29/2026 14:00,0
1/29/2026 14:15,0
1/29/2026 14:30,0
1/29/2026 14:45,0
1/29/2026 15:00,0
1/29/2026 15:15,0
1/29/2026 15:30,0
1/29/2026 15:45,0
1/29/2026 16:00,0
1/29/2026 16:15,0
1/29/2026 16:30,0
1/29/2026 16:45,0
1/29/2026 17:00,0
1/29/2026 17:15,0
1/29/2026 17:30,0
1/29/2026 17:45,0
1/29/2026 18:00,0
1/29/2026 18:15,0
1/29/2026 18:30,0
1/29/2026 18:45,0
1/29/2026 19:00,0
1/29/2026 19:15,0
1/29/2026 19:30,0
1/29/2026 19:45,0
1/29/2026 20:00,0
1/29/2026 20:15,0
1/29/2026 20:30,0
1/29/2026 20:45,0
1/29/2026 21:00,0
1/29/2026 21:15,0
1/29/2026 21:30,0
1/29/2026 21:45,0
1/29/2026 22:00,0
1/29/2026 22:15,0
1/29/2026 22:30,0
1/29/2026 22:45,0
1/29/2026 23:00,0
1/29/2026 23:15,0
1/29/2026 23:30,0
1/29/2026 23:45,0
1/30/2026 0:00,0
1/30/2026 0:15,0
1/30/2026 0:30,0
1/30/2026 0:45,0
1/30/2026 1:00,0
1/30/2026 1:15,0
1/30/2026 1:30,0
1/30/2026 1:45,0
1/30/2026 2:00,0
1/30/2026 2:15,0
1/30/2026 2:30,0
1/30/2026 2:45,0
1/30/2026 3:00,0
1/30/2026 3:15,0
1/30/2026 3:30,0
1/30/2026 3:45,0
1/30/2026 4:00,0
1/30/2026 4:15,0
1/30/2026 4:30,0
1/30/2026 4:45,0
1/30/2026 5:00,0
1/30/2026 5:15,0
1/30/2026 5:30,0
1/30/2026 5:45,0
1/30/2026 6:00,0
1/30/2026 6:15,0
1/30/2026 6:30,0
1/30/2026 6:45,0
1/30/2026 7:00,0
1/30/2026 7:15,0
1/30/2026 7:30,0
1/30/2026 7:45,0
1/30/2026 8:00,0
1/30/2026 8:15,0
1/30/2026 8:30,0
1/30/2026 8:45,0
1/30/2026 9:00,0
1/30/2026 9:15,0
1/30/2026 9:30,0
1/30/2026 9:45,0
1/30/2026 10:00,0
1/30/2026 10:15,0
1/30/2026 10:30,0
1/30/2026 10:45,0
1/30/2026 11:00,0
1/30/2026 11:15,0
1/30/2026 11:30,0
1/30/2026 11:45,0
1/30/2026 12:00,0
1/30/2026 12:15,0
1/30/2026 12:30,0
1/30/2026 12:45,0
1/30/2026 13:00,0
1/30/2026 13:15,0
1/30/2026 13:30,0
1/30/2026 13:45,0
1/30/2026 14:00,0
1/30/2026 14:15,0
1/30/2026 14:30,0
1/30/2026 14:45,0
1/30/2026 15:00,0
1/30/2026 15:15,0
1/30/2026 15:30,0
1/30/2026 15:45,0
1/30/2026 16:00,0
1/30/2026 16:15,0
1/30/2026 16:30,0
1/30/2026 16:45,0
1/30/2026 17:00,0
1/30/2026 17:15,0
1/30/2026 17:30,0
1/30/2026 17:45,0
1/30/2026 18:00,0
1/30/2026 18:15,0
1/30/2026 18:30,0
1/30/2026 18:45,0
1/30/2026 19:00,0
1/30/2026 19:15,0
1/30/2026 19:30,0
1/30/2026 19:45,0
1/30/2026 20:00,0
1/30/2026 20:15,0
1/30/2026 20:30,0
1/30/2026 20:45,0
1/30/2026 21:00,0
1/30/2026 21:15,0
1/30/2026 21:30,0
1/30/2026 21:45,0
1/30/2026 22:00,0
1/30/2026 22:15,0
1/30/2026 22:30,0
1/30/2026 22:45,0
1/30/2026 23:00,0
1/30/2026 23:15,0
1/30/2026 23:30,0
1/30/2026 23:45,0
1/31/2026 0:00,0
1/31/2026 0:15,0
1/31/2026 0:30,0
1/31/2026 0:45,0
1/31/2026 1:00,0
1/31/2026 1:15,0
1/31/2026 1:30,0
1/31/2026 1:45,0
1/31/2026 2:00,0
1/31/2026 2:15,0
1/31/2026 2:30,0
1/31/2026 2:45,0
1/31/2026 3:00,0
1/31/2026 3:15,0
1/31/2026 3:30,0
1/31/2026 3:45,0
1/31/2026 4:00,0
1/31/2026 4:15,0
1/31/2026 4:30,0
1/31/2026 4:45,0
1/31/2026 5:00,0
1/31/2026 5:15,0
1/31/2026 5:30,0
1/31/2026 5:45,0
1/31/2026 6:00,0
1/31/2026 6:15,0
1/31/2026 6:30,0
1/31/2026 6:45,0
1/31/2026 7:00,0
1/31/2026 7:15,0
1/31/2026 7:30,0
1/31/2026 7:45,0
1/31/2026 8:00,0
1/31/2026 8:15,0
1/31/2026 8:30,0
1/31/2026 8:45,0
1/31/2026 9:00,0
1/31/2026 9:15,0
1/31/2026 9:30,0
1/31/2026 9:45,0
1/31/2026 10:00,0
1/31/2026 10:15,0
1/31/2026 10:30,0
1/31/2026 10:45,0
1/31/2026 11:00,0
1/31/2026 11:15,0
1/31/2026 11:30,0
1/31/2026 11:45,0
1/31/2026 12:00,0
1/31/2026 12:15,0
1/31/2026 12:30,0
1/31/2026 12:45,0
1/31/2026 13:00,0
1/31/2026 13:15,0
1/31/2026 13:30,0
1/31/2026 13:45,0
1/31/2026 14:00,0
1/31/2026 14:15,0
1/31/2026 14:30,0
1/31/2026 14:45,0
1/31/2026 15:00,0
1/31/2026 15:15,0
1/31/2026 15:30,0
1/31/2026 15:45,0
1/31/2026 16:00,0
1/31/2026 16:15,0
1/31/2026 16:30,0
1/31/2026 16:45,0
1/31/2026 17:00,0
1/31/2026 17:15,0
1/31/2026 17:30,0
1/31/2026 17:45,0
1/31/2026 18:00,0
1/31/2026 18:15,0
1/31/2026 18:30,0
1/31/2026 18:45,0
1/31/2026 19:00,0
1/31/2026 19:15,0
1/31/2026 19:30,0
1/31/2026 19:45,0
1/31/2026 20:00,0
1/31/2026 20:15,0
1/31/2026 20:30,0
1/31/2026 20:45,0
1/31/2026 21:00,0
1/31/2026 21:15,0
1/31/2026 21:30,0
1/31/2026 21:45,0
1/31/2026 22:00,0
1/31/2026 22:15,0
1/31/2026 22:30,0
1/31/2026 22:45,0
1/31/2026 23:00,0
1/31/2026 23:15,0
1/31/2026 23:30,0
1/31/2026 23:45,0
2/1/2026 0:00,0
2/1/2026 0:15,0
2/1/2026 0:30,0
2/1/2026 0:45,0
2/1/2026 1:00,0
2/1/2026 1:15,0
2/1/2026 1:30,0
2/1/2026 1:45,0
2/1/2026 2:00,0
2/1/2026 2:15,0
2/1/2026 2:30,0
2/1/2026 2:45,0
2/1/2026 3:00,0
2/1/2026 3:15,0
2/1/2026 3:30,0
2/1/2026 3:45,0
2/1/2026 4:00,0
2/1/2026 4:15,0
2/1/2026 4:30,0
2/1/2026 4:45,0
2/1/2026 5:00,0
2/1/2026 5:15,0
2/1/2026 5:30,0
2/1/2026 5:45,0
2/1/2026 6:00,0
2/1/2026 6:15,0
2/1/2026 6:30,0
2/1/2026 6:45,0
2/1/2026 7:00,0
2/1/2026 7:15,0
2/1/2026 7:30,0
2/1/2026 7:45,0
2/1/2026 8:00,0
2/1/2026 8:15,0
2/1/2026 8:30,0
2/1/2026 8:45,0
2/1/2026 9:00,0
2/1/2026 9:15,0
2/1/2026 9:30,0
2/1/2026 9:45,0
2/1/2026 10:00,0
2/1/2026 10:15,0
2/1/2026 10:30,0
2/1/2026 10:45,0
2/1/2026 11:00,0
2/1/2026 11:15,0
2/1/2026 11:30,0
2/1/2026 11:45,0
2/1/2026 12:00,0
2/1/2026 12:15,0
2/1/2026 12:30,0
2/1/2026 12:45,0.3
2/1/2026 13:00,0
2/1/2026 13:15,0.3
2/1/2026 13:30,0
2/1/2026 13:45,0
2/1/2026 14:00,0.3
2/1/2026 14:15,0
2/1/2026 14:30,0
2/1/2026 14:45,0
2/1/2026 15:00,0.3
2/1/2026 15:15,0
2/1/2026 15:30,0
2/1/2026 15:45,0
2/1/2026 16:00,0
2/1/2026 16:15,0
2/1/2026 16:30,0
2/1/2026 16:45,0
2/1/2026 17:00,0
2/1/2026 17:15,0
2/1/2026 17:30,0
2/1/2026 17:45,0
2/1/2026 18:00,0
2/1/2026 18:15,0
2/1/2026 18:30,0
2/1/2026 18:45,0
2/1/2026 19:00,0
2/1/2026 19:15,0
2/1/2026 19:30,0
2/1/2026 19:45,0
2/1/2026 20:00,0
2/1/2026 20:15,0
2/1/2026 20:30,0
2/1/2026 20:45,0
2/1/2026 21:00,0
2/1/2026 21:15,0
2/1/2026 21:30,0
2/1/2026 21:45,0
2/1/2026 22:00,0
2/1/2026 22:15,0
2/1/2026 22:30,0
2/1/2026 22:45,0
2/1/2026 23:00,0
2/1/2026 23:15,0
2/1/2026 23:30,0
2/1/2026 23:45,0
2/2/2026 0:00,0
2/2/2026 0:15,0
2/2/2026 0:30,0
2/2/2026 0:45,0
2/2/2026 1:00,0
2/2/2026 1:15,0
2/2/2026 1:30,0
2/2/2026 1:45,0
2/2/2026 2:00,0
2/2/2026 2:15,0
2/2/2026 2:30,0
2/2/2026 2:45,0
2/2/2026 3:00,0
2/2/2026 3:15,0
2/2/2026 3:30,0
2/2/2026 3:45,0
2/2/2026 4:00,0
2/2/2026 4:15,0
2/2/2026 4:30,0
2/2/2026 4:45,0
2/2/2026 5:00,0
2/2/2026 5:15,0
2/2/2026 5:30,0
2/2/2026 5:45,0
2/2/2026 6:00,0
2/2/2026 6:15,0
2/2/2026 6:30,0
2/2/2026 6:45,0
2/2/2026 7:00,0
2/2/2026 7:15,0
2/2/2026 7:30,0
2/2/2026 7:45,0
2/2/2026 8:00,0
2/2/2026 8:15,0
2/2/2026 8:30,0
2/2/2026 8:45,0
2/2/2026 9:00,0
2/2/2026 9:15,0
2/2/2026 9:30,0
2/2/2026 9:45,0
2/2/2026 10:00,0
2/2/2026 10:15,0
2/2/2026 10:30,0
2/2/2026 10:45,0
2/2/2026 11:00,0
2/2/2026 11:15,0
2/2/2026 11:30,0
2/2/2026 11:45,0
2/2/2026 12:00,0
2/2/2026 12:15,0
2/2/2026 12:30,0
2/2/2026 12:45,0
2/2/2026 13:00,0
2/2/2026 13:15,0
2/2/2026 13:30,0
2/2/2026 13:45,0
2/2/2026 14:00,0
2/2/2026 14:15,0
2/2/2026 14:30,0
2/2/2026 14:45,0
2/2/2026 15:00,0
2/2/2026 15:15,0
2/2/2026 15:30,0
2/2/2026 15:45,0
2/2/2026 16:00,0
2/2/2026 16:15,0
2/2/2026 16:30,0
2/2/2026 16:45,0
2/2/2026 17:00,0
2/2/2026 17:15,0
2/2/2026 17:30,0
2/2/2026 17:45,0
2/2/2026 18:00,0
2/2/2026 18:15,0
2/2/2026 18:30,0
2/2/2026 18:45,0
2/2/2026 19:00,0
2/2/2026 19:15,0
2/2/2026 19:30,0
2/2/2026 19:45,0
2/2/2026 20:00,0
2/2/2026 20:15,0
2/2/2026 20:30,0
2/2/2026 20:45,0
2/2/2026 21:00,0
2/2/2026 21:15,0
2/2/2026 21:30,0
2/2/2026 21:45,0
2/2/2026 22:00,0
2/2/2026 22:15,0
2/2/2026 22:30,0
2/2/2026 22:45,0
2/2/2026 23:00,0
2/2/2026 23:15,0
2/2/2026 23:30,0
2/2/2026 23:45,0
2/3/2026 0:00,0
2/3/2026 0:15,0
2/3/2026 0:30,0
2/3/2026 0:45,0
2/3/2026 1:00,0
2/3/2026 1:15,0
2/3/2026 1:30,0
2/3/2026 1:45,0
2/3/2026 2:00,0
2/3/2026 2:15,0
2/3/2026 2:30,0
2/3/2026 2:45,0
2/3/2026 3:00,0
2/3/2026 3:15,0
2/3/2026 3:30,0
2/3/2026 3:45,0
2/3/2026 4:00,0
2/3/2026 4:15,0
2/3/2026 4:30,0
2/3/2026 4:45,0
2/3/2026 5:00,0
2/3/2026 5:15,0
2/3/2026 5:30,0
2/3/2026 5:45,0
2/3/2026 6:00,0
2/3/2026 6:15,0
2/3/2026 6:30,0
2/3/2026 6:45,0
2/3/2026 7:00,0
2/3/2026 7:15,0
2/3/2026 7:30,0
2/3/2026 7:45,0
2/3/2026 8:00,0
2/3/2026 8:15,0
2/3/2026 8:30,0
2/3/2026 8:45,0
2/3/2026 9:00,0
2/3/2026 9:15,0
2/3/2026 9:30,0
2/3/2026 9:45,0
2/3/2026 10:00,0
2/3/2026 10:15,0
2/3/2026 10:30,0
2/3/2026 10:45,0
2/3/2026 11:00,0
2/3/2026 11:15,0
2/3/2026 11:30,0
2/3/2026 11:45,0
2/3/2026 12:00,0
2/3/2026 12:15,0
2/3/2026 12:30,0
2/3/2026 12:45,0
2/3/2026 13:00,0
2/3/2026 13:15,0
2/3/2026 13:30,0
2/3/2026 13:45,0
2/3/2026 14:00,0
2/3/2026 14:15,0
2/3/2026 14:30,0
2/3/2026 14:45,0
2/3/2026 15:00,0
2/3/2026 15:15,0
2/3/2026 15:30,0
2/3/2026 15:45,0
2/3/2026 16:00,0
2/3/2026 16:15,0
2/3/2026 16:30,0
2/3/2026 16:45,0
2/3/2026 17:00,0
2/3/2026 17:15,0
2/3/2026 17:30,0
2/3/2026 17:45,0
2/3/2026 18:00,0
2/3/2026 18:15,0
2/3/2026 18:30,0
2/3/2026 18:45,0
2/3/2026 19:00,0
2/3/2026 19:15,0
2/3/2026 19:30,0
2/3/2026 19:45,0
2/3/2026 20:00,0
2/3/2026 20:15,0
2/3/2026 20:30,0
2/3/2026 20:45,0
2/3/2026 21:00,0
2/3/2026 21:15,0
2/3/2026 21:30,0
2/3/2026 21:45,0
2/3/2026 22:00,0
2/3/2026 22:15,0
2/3/2026 22:30,0
2/3/2026 22:45,0
2/3/2026 23:00,0
2/3/2026 23:15,0
2/3/2026 23:30,0
2/3/2026 23:45,0
2/4/2026 0:00,0
2/4/2026 0:15,0
2/4/2026 0:30,0
2/4/2026 0:45,0
2/4/2026 1:00,0
2/4/2026 1:15,0
2/4/2026 1:30,0
2/4/2026 1:45,0
2/4/2026 2:00,0
2/4/2026 2:15,0
2/4/2026 2:30,0
2/4/2026 2:45,0
2/4/2026 3:00,0
2/4/2026 3:15,0
2/4/2026 3:30,0
2/4/2026 3:45,0
2/4/2026 4:00,0
2/4/2026 4:15,0
2/4/2026 4:30,0
2/4/2026 4:45,0
2/4/2026 5:00,0
2/4/2026 5:15,0
2/4/2026 5:30,0
2/4/2026 5:45,0
2/4/2026 6:00,0
2/4/2026 6:15,0
2/4/2026 6:30,0
2/4/2026 6:45,0
2/4/2026 7:00,0
2/4/2026 7:15,0
2/4/2026 7:30,0
2/4/2026 7:45,0
2/4/2026 8:00,0
2/4/2026 8:15,0
2/4/2026 8:30,0
2/4/2026 8:45,0
2/4/2026 9:00,0
2/4/2026 9:15,0
2/4/2026 9:30,0
2/4/2026 9:45,0
2/4/2026 10:00,0
2/4/2026 10:15,0
2/4/2026 10:30,0
2/4/2026 10:45,0
2/4/2026 11:00,0
2/4/2026 11:15,0
2/4/2026 11:30,0
2/4/2026 11:45,0
2/4/2026 12:00,0
2/4/2026 12:15,0
2/4/2026 12:30,0
2/4/2026 12:45,0
2/4/2026 13:00,0
2/4/2026 13:15,0
2/4/2026 13:30,0
2/4/2026 13:45,0
2/4/2026 14:00,0
2/4/2026 14:15,0
2/4/2026 14:30,0
2/4/2026 14:45,0
2/4/2026 15:00,0
2/4/2026 15:15,0
2/4/2026 15:30,0
2/4/2026 15:45,0
2/4/2026 16:00,0
2/4/2026 16:15,0.5
2/4/2026 16:30,0.3
2/4/2026 16:45,0.3
2/4/2026 17:00,0
2/4/2026 17:15,0.5
2/4/2026 17:30,0.5
2/4/2026 17:45,0.8
2/4/2026 18:00,0.8
2/4/2026 18:15,0.5
2/4/2026 18:30,0.5
2/4/2026 18:45,0.5
2/4/2026 19:00,0.5
2/4/2026 19:15,0.5
2/4/2026 19:30,0.8
2/4/2026 19:45,0.5
2/4/2026 20:00,0.8
2/4/2026 20:15,0.5
2/4/2026 20:30,0.5
2/4/2026 20:45,0.3
2/4/2026 21:00,0
2/4/2026 21:15,0.5
2/4/2026 21:30,0.5
2/4/2026 21:45,0.5
2/4/2026 22:00,0.3
2/4/2026 22:15,0.3
2/4/2026 22:30,0
2/4/2026 22:45,0.3
2/4/2026 23:00,0
2/4/2026 23:15,0
2/4/2026 23:30,0
2/4/2026 23:45,0
2/5/2026 0:00,0
2/5/2026 0:15,0
2/5/2026 0:30,0.3
2/5/2026 0:45,0
2/5/2026 1:00,0
2/5/2026 1:15,0
2/5/2026 1:30,0
2/5/2026 1:45,0
2/5/2026 2:00,0.3
2/5/2026 2:15,0
2/5/2026 2:30,0.3
2/5/2026 2:45,0.3
2/5/2026 3:00,0.8
2/5/2026 3:15,0
2/5/2026 3:30,0.3
2/5/2026 3:45,0
2/5/2026 4:00,0.3
2/5/2026 4:15,0.3
2/5/2026 4:30,0.3
2/5/2026 4:45,0.3
2/5/2026 5:00,0
2/5/2026 5:15,0
2/5/2026 5:30,0
2/5/2026 5:45,0
2/5/2026 6:00,0
2/5/2026 6:15,0
2/5/2026 6:30,0
2/5/2026 6:45,0
2/5/2026 7:00,0
2/5/2026 7:15,0
2/5/2026 7:30,0
2/5/2026 7:45,0
2/5/2026 8:00,0
2/5/2026 8:15,0
2/5/2026 8:30,0
2/5/2026 8:45,0
2/5/2026 9:00,0
2/5/2026 9:15,0
2/5/2026 9:30,0
2/5/2026 9:45,0
2/5/2026 10:00,0
2/5/2026 10:15,0
2/5/2026 10:30,0
2/5/2026 10:45,0
2/5/2026 11:00,0
2/5/2026 11:15,0
2/5/2026 11:30,0
2/5/2026 11:45,0
2/5/2026 12:00,0
2/5/2026 12:15,0
2/5/2026 12:30,0
2/5/2026 12:45,0
2/5/2026 13:00,0
2/5/2026 13:15,0
2/5/2026 13:30,0
2/5/2026 13:45,0
2/5/2026 14:00,0
2/5/2026 14:15,0
2/5/2026 14:30,0
2/5/2026 14:45,0
2/5/2026 15:00,0
2/5/2026 15:15,0
2/5/2026 15:30,0
2/5/2026 15:45,0
2/5/2026 16:00,0
2/5/2026 16:15,0
2/5/2026 16:30,0
2/5/2026 16:45,0
2/5/2026 17:00,0
2/5/2026 17:15,0
2/5/2026 17:30,0
2/5/2026 17:45,0
2/5/2026 18:00,0
2/5/2026 18:15,0
2/5/2026 18:30,0
2/5/2026 18:45,0
2/5/2026 19:00,0
2/5/2026 19:15,0
2/5/2026 19:30,0
2/5/2026 19:45,0
2/5/2026 20:00,0
2/5/2026 20:15,0
2/5/2026 20:30,0
2/5/2026 20:45,0
2/5/2026 21:00,0
2/5/2026 21:15,0
2/5/2026 21:30,0
2/5/2026 21:45,0
2/5/2026 22:00,0
2/5/2026 22:15,0
2/5/2026 22:30,0
2/5/2026 22:45,0
2/5/2026 23:00,0
2/5/2026 23:15,0
2/5/2026 23:30,0
2/5/2026 23:45,0
2/6/2026 0:00,0
2/6/2026 0:15,0
2/6/2026 0:30,0
2/6/2026 0:45,0
2/6/2026 1:00,0
2/6/2026 1:15,0
2/6/2026 1:30,0
2/6/2026 1:45,0
2/6/2026 2:00,0
2/6/2026 2:15,0
2/6/2026 2:30,0
2/6/2026 2:45,0
2/6/2026 3:00,0
2/6/2026 3:15,0
2/6/2026 3:30,0
2/6/2026 3:45,0
2/6/2026 4:00,0
2/6/2026 4:15,0
2/6/2026 4:30,0
2/6/2026 4:45,0
2/6/2026 5:00,0
2/6/2026 5:15,0
2/6/2026 5:30,0
2/6/2026 5:45,0
2/6/2026 6:00,0
2/6/2026 6:15,0
2/6/2026 6:30,0
2/6/2026 6:45,0
2/6/2026 7:00,0
2/6/2026 7:15,0
2/6/2026 7:30,0
2/6/2026 7:45,0
2/6/2026 8:00,0
2/6/2026 8:15,0
2/6/2026 8:30,0
2/6/2026 8:45,0
2/6/2026 9:00,0
2/6/2026 9:15,0
2/6/2026 9:30,0
2/6/2026 9:45,0
2/6/2026 10:00,0
2/6/2026 10:15,0
2/6/2026 10:30,0
2/6/2026 10:45,0
2/6/2026 11:00,0
2/6/2026 11:15,0
2/6/2026 11:30,0
2/6/2026 11:45,0
2/6/2026 12:00,0
2/6/2026 12:15,0
2/6/2026 12:30,0
2/6/2026 12:45,0
2/6/2026 13:00,0
2/6/2026 13:15,0
2/6/2026 13:30,0
2/6/2026 13:45,0
2/6/2026 14:00,0
2/6/2026 14:15,0
2/6/2026 14:30,0
2/6/2026 14:45,0
2/6/2026 15:00,0
2/6/2026 15:15,0
2/6/2026 15:30,0
2/6/2026 15:45,0
2/6/2026 16:00,0
2/6/2026 16:15,0
2/6/2026 16:30,0
2/6/2026 16:45,0
2/6/2026 17:00,0
2/6/2026 17:15,0
2/6/2026 17:30,0
2/6/2026 17:45,0
2/6/2026 18:00,0
2/6/2026 18:15,0
2/6/2026 18:30,0
2/6/2026 18:45,0
2/6/2026 19:00,0
2/6/2026 19:15,0
2/6/2026 19:30,0
2/6/2026 19:45,0
2/6/2026 20:00,0
2/6/2026 20:15,0
2/6/2026 20:30,0
2/6/2026 20:45,0
2/6/2026 21:00,0
2/6/2026 21:15,0
2/6/2026 21:30,0
2/6/2026 21:45,0
2/6/2026 22:00,0
2/6/2026 22:15,0
2/6/2026 22:30,0
2/6/2026 22:45,0
2/6/2026 23:00,0
2/6/2026 23:15,0
2/6/2026 23:30,0
2/6/2026 23:45,0
2/7/2026 0:00,0
2/7/2026 0:15,0
2/7/2026 0:30,0
2/7/2026 0:45,0
2/7/2026 1:00,0
2/7/2026 1:15,0
2/7/2026 1:30,0
2/7/2026 1:45,0
2/7/2026 2:00,0
2/7/2026 2:15,0
2/7/2026 2:30,0
2/7/2026 2:45,0
2/7/2026 3:00,0
2/7/2026 3:15,0
2/7/2026 3:30,0
2/7/2026 3:45,0
2/7/2026 4:00,0
2/7/2026 4:15,0
2/7/2026 4:30,0
2/7/2026 4:45,0
2/7/2026 5:00,0
2/7/2026 5:15,0
2/7/2026 5:30,0
2/7/2026 5:45,0
2/7/2026 6:00,0
2/7/2026 6:15,0
2/7/2026 6:30,0
2/7/2026 6:45,0
2/7/2026 7:00,0
2/7/2026 7:15,0
2/7/2026 7:30,0
2/7/2026 7:45,0
2/7/2026 8:00,0
2/7/2026 8:15,0
2/7/2026 8:30,0
2/7/2026 8:45,0
2/7/2026 9:00,0
2/7/2026 9:15,0
2/7/2026 9:30,0
2/7/2026 9:45,0
2/7/2026 10:00,0
2/7/2026 10:15,0
2/7/2026 10:30,0
2/7/2026 10:45,0
2/7/2026 11:00,0
2/7/2026 11:15,0
2/7/2026 11:30,0
2/7/2026 11:45,0
2/7/2026 12:00,0
2/7/2026 12:15,0
2/7/2026 12:30,0
2/7/2026 12:45,0
2/7/2026 13:00,0
2/7/2026 13:15,0
2/7/2026 13:30,0
2/7/2026 13:45,0
2/7/2026 14:00,0
2/7/2026 14:15,0
2/7/2026 14:30,0
2/7/2026 14:45,0
2/7/2026 15:00,0
2/7/2026 15:15,0
2/7/2026 15:30,0
2/7/2026 15:45,0
2/7/2026 16:00,0
2/7/2026 16:15,0
2/7/2026 16:30,0
2/7/2026 16:45,0
2/7/2026 17:00,0
2/7/2026 17:15,0
2/7/2026 17:30,0
2/7/2026 17:45,0
2/7/2026 18:00,0
2/7/2026 18:15,0
2/7/2026 18:30,0
2/7/2026 18:45,0
2/7/2026 19:00,0
2/7/2026 19:15,0
2/7/2026 19:30,0
2/7/2026 19:45,0
2/7/2026 20:00,0
2/7/2026 20:15,0
2/7/2026 20:30,0
2/7/2026 20:45,0
2/7/2026 21:00,0
2/7/2026 21:15,0
2/7/2026 21:30,0
2/7/2026 21:45,0
2/7/2026 22:00,0
2/7/2026 22:15,0
2/7/2026 22:30,0
2/7/2026 22:45,0
2/7/2026 23:00,0
2/7/2026 23:15,0
2/7/2026 23:30,0
2/7/2026 23:45,0
2/8/2026 0:00,0
2/8/2026 0:15,0
2/8/2026 0:30,0
2/8/2026 0:45,0
2/8/2026 1:00,0
2/8/2026 1:15,0
2/8/2026 1:30,0
2/8/2026 1:45,0
2/8/2026 2:00,0
2/8/2026 2:15,0
2/8/2026 2:30,0
2/8/2026 2:45,0
2/8/2026 3:00,0
2/8/2026 3:15,0
2/8/2026 3:30,0
2/8/2026 3:45,0
2/8/2026 4:00,0
2/8/2026 4:15,0
2/8/2026 4:30,0
2/8/2026 4:45,0
2/8/2026 5:00,0
2/8/2026 5:15,0
2/8/2026 5:30,0
2/8/2026 5:45,0
2/8/2026 6:00,0
2/8/2026 6:15,0
2/8/2026 6:30,0
2/8/2026 6:45,0
2/8/2026 7:00,0
2/8/2026 7:15,0
2/8/2026 7:30,0
2/8/2026 7:45,0
2/8/2026 8:00,0
2/8/2026 8:15,0
2/8/2026 8:30,0
2/8/2026 8:45,0
2/8/2026 9:00,0
2/8/2026 9:15,0
2/8/2026 9:30,0
2/8/2026 9:45,0
2/8/2026 10:00,0
2/8/2026 10:15,0
2/8/2026 10:30,0
2/8/2026 10:45,0
2/8/2026 11:00,0
2/8/2026 11:15,0
2/8/2026 11:30,0
2/8/2026 11:45,0
2/8/2026 12:00,0
2/8/2026 12:15,0
2/8/2026 12:30,0
2/8/2026 12:45,0
2/8/2026 13:00,0
2/8/2026 13:15,0
2/8/2026 13:30,0
2/8/2026 13:45,0
2/8/2026 14:00,0
2/8/2026 14:15,0
2/8/2026 14:30,0
2/8/2026 14:45,0
2/8/2026 15:00,0
2/8/2026 15:15,0
2/8/2026 15:30,0
2/8/2026 15:45,0
2/8/2026 16:00,0
2/8/2026 16:15,0
2/8/2026 16:30,0
2/8/2026 16:45,0
2/8/2026 17:00,0
2/8/2026 17:15,0
2/8/2026 17:30,0
2/8/2026 17:45,0
2/8/2026 18:00,0
2/8/2026 18:15,0
2/8/2026 18:30,0
2/8/2026 18:45,0
2/8/2026 19:00,0
2/8/2026 19:15,0
2/8/2026 19:30,0
2/8/2026 19:45,0
2/8/2026 20:00,0
2/8/2026 20:15,0
2/8/2026 20:30,0
2/8/2026 20:45,0
2/8/2026 21:00,0
2/8/2026 21:15,0
2/8/2026 21:30,0
2/8/2026 21:45,0
2/8/2026 22:00,0
2/8/2026 22:15,0
2/8/2026 22:30,0
2/8/2026 22:45,0
2/8/2026 23:00,0
2/8/2026 23:15,0
2/8/2026 23:30,0
2/8/2026 23:45,0
2/9/2026 0:00,0
2/9/2026 0:15,0
2/9/2026 0:30,0
2/9/2026 0:45,0
2/9/2026 1:00,0
2/9/2026 1:15,0
2/9/2026 1:30,0
2/9/2026 1:45,0
2/9/2026 2:00,0
2/9/2026 2:15,0
2/9/2026 2:30,0
2/9/2026 2:45,0
2/9/2026 3:00,0
2/9/2026 3:15,0
2/9/2026 3:30,0
2/9/2026 3:45,0
2/9/2026 4:00,0
2/9/2026 4:15,0
2/9/2026 4:30,0
2/9/2026 4:45,0
2/9/2026 5:00,0
2/9/2026 5:15,0
2/9/2026 5:30,0
2/9/2026 5:45,0
2/9/2026 6:00,0
2/9/2026 6:15,0
2/9/2026 6:30,0
2/9/2026 6:45,0
2/9/2026 7:00,0
2/9/2026 7:15,0
2/9/2026 7:30,0
2/9/2026 7:45,0
2/9/2026 8:00,0
2/9/2026 8:15,0
2/9/2026 8:30,0
2/9/2026 8:45,0
2/9/2026 9:00,0
2/9/2026 9:15,0
2/9/2026 9:30,0
2/9/2026 9:45,0
2/9/2026 10:00,0
2/9/2026 10:15,0
2/9/2026 10:30,0
2/9/2026 10:45,0
2/9/2026 11:00,0
2/9/2026 11:15,0
2/9/2026 11:30,0
2/9/2026 11:45,0
2/9/2026 12:00,0
2/9/2026 12:15,0
2/9/2026 12:30,0
2/9/2026 12:45,0
2/9/2026 13:00,0
2/9/2026 13:15,0
2/9/2026 13:30,0
2/9/2026 13:45,0
2/9/2026 14:00,0
2/9/2026 14:15,0
2/9/2026 14:30,0
2/9/2026 14:45,0
2/9/2026 15:00,0
2/9/2026 15:15,0
2/9/2026 15:30,0
2/9/2026 15:45,0
2/9/2026 16:00,0
2/9/2026 16:15,0
2/9/2026 16:30,0
2/9/2026 16:45,0
2/9/2026 17:00,0
2/9/2026 17:15,0
2/9/2026 17:30,0
2/9/2026 17:45,0
2/9/2026 18:00,0
2/9/2026 18:15,0
2/9/2026 18:30,0
2/9/2026 18:45,0
2/9/2026 19:00,0
2/9/2026 19:15,0
2/9/2026 19:30,0
2/9/2026 19:45,0
2/9/2026 20:00,0
2/9/2026 20:15,0
2/9/2026 20:30,0
2/9/2026 20:45,0
2/9/2026 21:00,0
2/9/2026 21:15,0
2/9/2026 21:30,0
2/9/2026 21:45,0
2/9/2026 22:00,0
2/9/2026 22:15,0
2/9/2026 22:30,0
2/9/2026 22:45,0
2/9/2026 23:00,0
2/9/2026 23:15,0
2/9/2026 23:30,0
2/9/2026 23:45,0
2/10/2026 0:00,0
2/10/2026 0:15,0
2/10/2026 0:30,0
2/10/2026 0:45,0
2/10/2026 1:00,0
2/10/2026 1:15,0
2/10/2026 1:30,0
2/10/2026 1:45,0
2/10/2026 2:00,0
2/10/2026 2:15,0
2/10/2026 2:30,0
2/10/2026 2:45,0
2/10/2026 3:00,0
2/10/2026 3:15,0
2/10/2026 3:30,0
2/10/2026 3:45,0
2/10/2026 4:00,0
2/10/2026 4:15,0
2/10/2026 4:30,0
2/10/2026 4:45,0
2/10/2026 5:00,0
2/10/2026 5:15,0
2/10/2026 5:30,0
2/10/2026 5:45,0
2/10/2026 6:00,0
2/10/2026 6:15,0
2/10/2026 6:30,0
2/10/2026 6:45,0
2/10/2026 7:00,0
2/10/2026 7:15,0
2/10/2026 7:30,0
2/10/2026 7:45,0
2/10/2026 8:00,0
2/10/2026 8:15,0
2/10/2026 8:30,0
2/10/2026 8:45,0
2/10/2026 9:00,0
2/10/2026 9:15,0
2/10/2026 9:30,0
2/10/2026 9:45,0
2/10/2026 10:00,0
2/10/2026 10:15,0
2/10/2026 10:30,0
2/10/2026 10:45,0
2/10/2026 11:00,0
2/10/2026 11:15,0
2/10/2026 11:30,0
2/10/2026 11:45,0
2/10/2026 12:00,0
2/10/2026 12:15,0
2/10/2026 12:30,0
2/10/2026 12:45,0
2/10/2026 13:00,0
2/10/2026 13:15,0
2/10/2026 13:30,0
2/10/2026 13:45,0
2/10/2026 14:00,0
2/10/2026 14:15,0
2/10/2026 14:30,0
2/10/2026 14:45,0
2/10/2026 15:00,0
2/10/2026 15:15,0
2/10/2026 15:30,0
2/10/2026 15:45,0
2/10/2026 16:00,0
2/10/2026 16:15,0
2/10/2026 16:30,0
2/10/2026 16:45,0
2/10/2026 17:00,0
2/10/2026 17:15,0
2/10/2026 17:30,0
2/10/2026 17:45,0
2/10/2026 18:00,0
2/10/2026 18:15,0
2/10/2026 18:30,0
2/10/2026 18:45,0
2/10/2026 19:00,0
2/10/2026 19:15,0
2/10/2026 19:30,0
2/10/2026 19:45,0
2/10/2026 20:00,0
2/10/2026 20:15,0
2/10/2026 20:30,0
2/10/2026 20:45,0
2/10/2026 21:00,0
2/10/2026 21:15,0
2/10/2026 21:30,0
2/10/2026 21:45,0
2/10/2026 22:00,0
2/10/2026 22:15,0
2/10/2026 22:30,0
2/10/2026 22:45,0
2/10/2026 23:00,0
2/10/2026 23:15,0
2/10/2026 23:30,0
2/10/2026 23:45,0
2/11/2026 0:00,0
2/11/2026 0:15,0
2/11/2026 0:30,0
2/11/2026 0:45,0
2/11/2026 1:00,0
2/11/2026 1:15,0
2/11/2026 1:30,0
2/11/2026 1:45,0
2/11/2026 2:00,0
2/11/2026 2:15,0
2/11/2026 2:30,0
2/11/2026 2:45,0
2/11/2026 3:00,0
2/11/2026 3:15,0
2/11/2026 3:30,0
2/11/2026 3:45,0
2/11/2026 4:00,0
2/11/2026 4:15,0
2/11/2026 4:30,0
2/11/2026 4:45,0
2/11/2026 5:00,0
2/11/2026 5:15,0
2/11/2026 5:30,0
2/11/2026 5:45,0
2/11/2026 6:00,0
2/11/2026 6:15,0
2/11/2026 6:30,0
2/11/2026 6:45,0
2/11/2026 7:00,0
2/11/2026 7:15,0
2/11/2026 7:30,0
2/11/2026 7:45,0
2/11/2026 8:00,0
2/11/2026 8:15,0
2/11/2026 8:30,0
2/11/2026 8:45,0
2/11/2026 9:00,0
2/11/2026 9:15,0
2/11/2026 9:30,0
2/11/2026 9:45,0.3
2/11/2026 10:00,0.3
2/11/2026 10:15,0
2/11/2026 10:30,0
2/11/2026 10:45,0.3
2/11/2026 11:00,0.5
2/11/2026 11:15,0.3
2/11/2026 11:30,0
2/11/2026 11:45,0.3
2/11/2026 12:00,0
2/11/2026 12:15,0
2/11/2026 12:30,0
2/11/2026 12:45,0
2/11/2026 13:00,0
2/11/2026 13:15,0
2/11/2026 13:30,0
2/11/2026 13:45,0
2/11/2026 14:00,0
2/11/2026 14:15,0
2/11/2026 14:30,0
2/11/2026 14:45,0
2/11/2026 15:00,0
2/11/2026 15:15,0
2/11/2026 15:30,0
2/11/2026 15:45,0
2/11/2026 16:00,0
2/11/2026 16:15,0
2/11/2026 16:30,0
2/11/2026 16:45,0
2/11/2026 17:00,0
2/11/2026 17:15,0
2/11/2026 17:30,0
2/11/2026 17:45,0
2/11/2026 18:00,0
2/11/2026 18:15,0
2/11/2026 18:30,0
2/11/2026 18:45,0
2/11/2026 19:00,0
2/11/2026 19:15,0
2/11/2026 19:30,0
2/11/2026 19:45,0
2/11/2026 20:00,0
2/11/2026 20:15,0
2/11/2026 20:30,0
2/11/2026 20:45,0
2/11/2026 21:00,0
2/11/2026 21:15,0
2/11/2026 21:30,0
2/11/2026 21:45,0
2/11/2026 22:00,0
2/11/2026 22:15,0
2/11/2026 22:30,0
2/11/2026 22:45,0
2/11/2026 23:00,0
2/11/2026 23:15,0
2/11/2026 23:30,0
2/11/2026 23:45,0
2/12/2026 0:00,0
2/12/2026 0:15,0
2/12/2026 0:30,0
2/12/2026 0:45,0
2/12/2026 1:00,0
2/12/2026 1:15,0
2/12/2026 1:30,0
2/12/2026 1:45,0
2/12/2026 2:00,0
2/12/2026 2:15,0
2/12/2026 2:30,0
2/12/2026 2:45,0
2/12/2026 3:00,0
2/12/2026 3:15,0
2/12/2026 3:30,0
2/12/2026 3:45,0
2/12/2026 4:00,0
2/12/2026 4:15,0
2/12/2026 4:30,0
2/12/2026 4:45,0
2/12/2026 5:00,0
2/12/2026 5:15,0
2/12/2026 5:30,0
2/12/2026 5:45,0
2/12/2026 6:00,0
2/12/2026 6:15,0
2/12/2026 6:30,0
2/12/2026 6:45,0
2/12/2026 7:00,0
2/12/2026 7:15,0
2/12/2026 7:30,0
2/12/2026 7:45,0
2/12/2026 8:00,0
2/12/2026 8:15,0
2/12/2026 8:30,0
2/12/2026 8:45,0
2/12/2026 9:00,0
2/12/2026 9:15,0
2/12/2026 9:30,0
2/12/2026 9:45,0
2/12/2026 10:00,0
2/12/2026 10:15,0
2/12/2026 10:30,0
2/12/2026 10:45,0
2/12/2026 11:00,0
2/12/2026 11:15,0
2/12/2026 11:30,0
2/12/2026 11:45,0
2/12/2026 12:00,0
2/12/2026 12:15,0
2/12/2026 12:30,0
2/12/2026 12:45,0
2/12/2026 13:00,0
2/12/2026 13:15,0
2/12/2026 13:30,0
2/12/2026 13:45,0
2/12/2026 14:00,0
2/12/2026 14:15,0
2/12/2026 14:30,0
2/12/2026 14:45,0
2/12/2026 15:00,0
2/12/2026 15:15,0
2/12/2026 15:30,0
2/12/2026 15:45,0
2/12/2026 16:00,0
2/12/2026 16:15,0
2/12/2026 16:30,0
2/12/2026 16:45,0
2/12/2026 17:00,0
2/12/2026 17:15,0
2/12/2026 17:30,0
2/12/2026 17:45,0
2/12/2026 18:00,0
2/12/2026 18:15,0
2/12/2026 18:30,0
2/12/2026 18:45,0
2/12/2026 19:00,0
2/12/2026 19:15,0
2/12/2026 19:30,0
2/12/2026 19:45,0
2/12/2026 20:00,0
2/12/2026 20:15,0
2/12/2026 20:30,0
2/12/2026 20:45,0
2/12/2026 21:00,0
2/12/2026 21:15,0
2/12/2026 21:30,0
2/12/2026 21:45,0
2/12/2026 22:00,0
2/12/2026 22:15,0
2/12/2026 22:30,0
2/12/2026 22:45,0
2/12/2026 23:00,0
2/12/2026 23:15,0
2/12/2026 23:30,0
2/12/2026 23:45,0
2/13/2026 0:00,0
2/13/2026 0:15,0
2/13/2026 0:30,0
2/13/2026 0:45,0
2/13/2026 1:00,0
2/13/2026 1:15,0
2/13/2026 1:30,0
2/13/2026 1:45,0
2/13/2026 2:00,0
2/13/2026 2:15,0
2/13/2026 2:30,0
2/13/2026 2:45,0
2/13/2026 3:00,0
2/13/2026 3:15,0
2/13/2026 3:30,0
2/13/2026 3:45,0
2/13/2026 4:00,0
2/13/2026 4:15,0
2/13/2026 4:30,0
2/13/2026 4:45,0
2/13/2026 5:00,0
2/13/2026 5:15,0
2/13/2026 5:30,0
2/13/2026 5:45,0
2/13/2026 6:00,0
2/13/2026 6:15,0
2/13/2026 6:30,0
2/13/2026 6:45,0
2/13/2026 7:00,0
2/13/2026 7:15,0
2/13/2026 7:30,0
2/13/2026 7:45,0
2/13/2026 8:00,0
2/13/2026 8:15,0
2/13/2026 8:30,0
2/13/2026 8:45,0
2/13/2026 9:00,0
2/13/2026 9:15,0
2/13/2026 9:30,0
2/13/2026 9:45,0
2/13/2026 10:00,0
2/13/2026 10:15,0
2/13/2026 10:30,0
2/13/2026 10:45,0
2/13/2026 11:00,0
2/13/2026 11:15,0
2/13/2026 11:30,0
2/13/2026 11:45,0
2/13/2026 12:00,0
2/13/2026 12:15,0
2/13/2026 12:30,0
2/13/2026 12:45,0
2/13/2026 13:00,0
2/13/2026 13:15,0
2/13/2026 13:30,0
2/13/2026 13:45,0
2/13/2026 14:00,0
2/13/2026 14:15,0
2/13/2026 14:30,0
2/13/2026 14:45,0
2/13/2026 15:00,0
2/13/2026 15:15,0
2/13/2026 15:30,0
2/13/2026 15:45,0
2/13/2026 16:00,0
2/13/2026 16:15,0
2/13/2026 16:30,0
2/13/2026 16:45,0
2/13/2026 17:00,0
2/13/2026 17:15,0
2/13/2026 17:30,0
2/13/2026 17:45,0
2/13/2026 18:00,0
2/13/2026 18:15,0
2/13/2026 18:30,0
2/13/2026 18:45,0
2/13/2026 19:00,0
2/13/2026 19:15,0
2/13/2026 19:30,0
2/13/2026 19:45,0
2/13/2026 20:00,0
2/13/2026 20:15,0
2/13/2026 20:30,0
2/13/2026 20:45,0
2/13/2026 21:00,0
2/13/2026 21:15,0
2/13/2026 21:30,0
2/13/2026 21:45,0
2/13/2026 22:00,0
2/13/2026 22:15,0
2/13/2026 22:30,0
2/13/2026 22:45,0
2/13/2026 23:00,0
2/13/2026 23:15,0
2/13/2026 23:30,0
2/13/2026 23:45,0
2/14/2026 0:00,0
2/14/2026 0:15,0
2/14/2026 0:30,0
2/14/2026 0:45,0
2/14/2026 1:00,0
2/14/2026 1:15,0
2/14/2026 1:30,0
2/14/2026 1:45,0
2/14/2026 2:00,0
2/14/2026 2:15,0
2/14/2026 2:30,0
2/14/2026 2:45,0
2/14/2026 3:00,0
2/14/2026 3:15,0
2/14/2026 3:30,0
2/14/2026 3:45,0
2/14/2026 4:00,0
2/14/2026 4:15,0
2/14/2026 4:30,0
2/14/2026 4:45,0
2/14/2026 5:00,0
2/14/2026 5:15,0
2/14/2026 5:30,0
2/14/2026 5:45,0
2/14/2026 6:00,0
2/14/2026 6:15,0
2/14/2026 6:30,0
2/14/2026 6:45,0
2/14/2026 7:00,0
2/14/2026 7:15,0
2/14/2026 7:30,0
2/14/2026 7:45,0
2/14/2026 8:00,0
2/14/2026 8:15,0
2/14/2026 8:30,0
2/14/2026 8:45,0
2/14/2026 9:00,0
2/14/2026 9:15,0
2/14/2026 9:30,0
2/14/2026 9:45,0
2/14/2026 10:00,0
2/14/2026 10:15,0
2/14/2026 10:30,0
2/14/2026 10:45,0
2/14/2026 11:00,0
2/14/2026 11:15,0
2/14/2026 11:30,0
2/14/2026 11:45,0
2/14/2026 12:00,0
2/14/2026 12:15,0
2/14/2026 12:30,0
2/14/2026 12:45,0
2/14/2026 13:00,0
2/14/2026 13:15,0
2/14/2026 13:30,0
2/14/2026 13:45,0
2/14/2026 14:00,0
2/14/2026 14:15,0
2/14/2026 14:30,0
2/14/2026 14:45,0
2/14/2026 15:00,0
2/14/2026 15:15,0
2/14/2026 15:30,0
2/14/2026 15:45,0
2/14/2026 16:00,0
2/14/2026 16:15,0
2/14/2026 16:30,0
2/14/2026 16:45,0
2/14/2026 17:00,0
2/14/2026 17:15,0
2/14/2026 17:30,0
2/14/2026 17:45,0
2/14/2026 18:00,0
2/14/2026 18:15,0
2/14/2026 18:30,0
2/14/2026 18:45,0
2/14/2026 19:00,0
2/14/2026 19:15,0
2/14/2026 19:30,0
2/14/2026 19:45,0
2/14/2026 20:00,0
2/14/2026 20:15,0
2/14/2026 20:30,0
2/14/2026 20:45,0
2/14/2026 21:00,0
2/14/2026 21:15,0
2/14/2026 21:30,0
2/14/2026 21:45,0
2/14/2026 22:00,0
2/14/2026 22:15,0
2/14/2026 22:30,0
2/14/2026 22:45,0
2/14/2026 23:00,0
2/14/2026 23:15,0
2/14/2026 23:30,0
2/14/2026 23:45,0
2/15/2026 0:00,0
2/15/2026 0:15,0
2/15/2026 0:30,0
2/15/2026 0:45,0
2/15/2026 1:00,0
2/15/2026 1:15,0
2/15/2026 1:30,0
2/15/2026 1:45,0
2/15/2026 2:00,0
2/15/2026 2:15,0
2/15/2026 2:30,0
2/15/2026 2:45,0
2/15/2026 3:00,0
2/15/2026 3:15,0
2/15/2026 3:30,0
2/15/2026 3:45,0
2/15/2026 4:00,0
2/15/2026 4:15,0
2/15/2026 4:30,0
2/15/2026 4:45,0
2/15/2026 5:00,0
2/15/2026 5:15,0
2/15/2026 5:30,0
2/15/2026 5:45,0
2/15/2026 6:00,0
2/15/2026 6:15,0
2/15/2026 6:30,0
2/15/2026 6:45,0
2/15/2026 7:00,0
2/15/2026 7:15,0
2/15/2026 7:30,0
2/15/2026 7:45,0
2/15/2026 8:00,0
2/15/2026 8:15,0
2/15/2026 8:30,0
2/15/2026 8:45,0
2/15/2026 9:00,0
2/15/2026 9:15,0
2/15/2026 9:30,0
2/15/2026 9:45,0
2/15/2026 10:00,0
2/15/2026 10:15,0
2/15/2026 10:30,0
2/15/2026 10:45,0
2/15/2026 11:00,0
2/15/2026 11:15,0
2/15/2026 11:30,0
2/15/2026 11:45,0
2/15/2026 12:00,0
2/15/2026 12:15,0
2/15/2026 12:30,0
2/15/2026 12:45,0
2/15/2026 13:00,0
2/15/2026 13:15,0
2/15/2026 13:30,0
2/15/2026 13:45,0
2/15/2026 14:00,0
2/15/2026 14:15,0
2/15/2026 14:30,0
2/15/2026 14:45,0
2/15/2026 15:00,0
2/15/2026 15:15,0.3
2/15/2026 15:30,0.3
2/15/2026 15:45,0
2/15/2026 16:00,0.5
2/15/2026 16:15,1.8
2/15/2026 16:30,3.3
2/15/2026 16:45,1
2/15/2026 17:00,0
2/15/2026 17:15,0
2/15/2026 17:30,0
2/15/2026 17:45,0
2/15/2026 18:00,0
2/15/2026 18:15,0.3
2/15/2026 18:30,0.3
2/15/2026 18:45,1.3
2/15/2026 19:00,3.3
2/15/2026 19:15,0.3
2/15/2026 19:30,0.5
2/15/2026 19:45,0
2/15/2026 20:00,0
2/15/2026 20:15,0
2/15/2026 20:30,0
2/15/2026 20:45,0.8
2/15/2026 21:00,1
2/15/2026 21:15,0.5
2/15/2026 21:30,0.5
2/15/2026 21:45,1.3
2/15/2026 22:00,0.3
2/15/2026 22:15,0
2/15/2026 22:30,0
2/15/2026 22:45,0
2/15/2026 23:00,0
2/15/2026 23:15,0
2/15/2026 23:30,0
2/15/2026 23:45,0
2/16/2026 0:00,0
2/16/2026 0:15,0
2/16/2026 0:30,0
2/16/2026 0:45,0
2/16/2026 1:00,0
2/16/2026 1:15,0
2/16/2026 1:30,0
2/16/2026 1:45,0
2/16/2026 2:00,0
2/16/2026 2:15,0
2/16/2026 2:30,0
2/16/2026 2:45,0
2/16/2026 3:00,0
2/16/2026 3:15,0
2/16/2026 3:30,0
2/16/2026 3:45,0
2/16/2026 4:00,0
2/16/2026 4:15,0
2/16/2026 4:30,0
2/16/2026 4:45,0
2/16/2026 5:00,0
2/16/2026 5:15,0
2/16/2026 5:30,0
2/16/2026 5:45,0
2/16/2026 6:00,0
2/16/2026 6:15,0
2/16/2026 6:30,0
2/16/2026 6:45,0
2/16/2026 7:00,0
2/16/2026 7:15,0
2/16/2026 7:30,0
2/16/2026 7:45,0
2/16/2026 8:00,0
2/16/2026 8:15,0
2/16/2026 8:30,0
2/16/2026 8:45,0
2/16/2026 9:00,0
2/16/2026 9:15,0
2/16/2026 9:30,0
2/16/2026 9:45,0
2/16/2026 10:00,0
2/16/2026 10:15,0
2/16/2026 10:30,0
2/16/2026 10:45,0
2/16/2026 11:00,0
2/16/2026 11:15,0
2/16/2026 11:30,0
2/16/2026 11:45,0
2/16/2026 12:00,0
2/16/2026 12:15,0
2/16/2026 12:30,0
2/16/2026 12:45,0
2/16/2026 13:00,0
2/16/2026 13:15,0
2/16/2026 13:30,0
2/16/2026 13:45,0
2/16/2026 14:00,0
2/16/2026 14:15,0
2/16/2026 14:30,0
2/16/2026 14:45,0
2/16/2026 15:00,0
2/16/2026 15:15,0
2/16/2026 15:30,0
2/16/2026 15:45,0
2/16/2026 16:00,0
2/16/2026 16:15,0
2/16/2026 16:30,0
2/16/2026 16:45,0
2/16/2026 17:00,0
2/16/2026 17:15,0
2/16/2026 17:30,0
2/16/2026 17:45,0
2/16/2026 18:00,0
2/16/2026 18:15,0
2/16/2026 18:30,0
2/16/2026 18:45,0
2/16/2026 19:00,0
2/16/2026 19:15,0
2/16/2026 19:30,0
2/16/2026 19:45,0
2/16/2026 20:00,0
2/16/2026 20:15,0
2/16/2026 20:30,0
2/16/2026 20:45,0
2/16/2026 21:00,0
2/16/2026 21:15,0
2/16/2026 21:30,0
2/16/2026 21:45,0
2/16/2026 22:00,0
2/16/2026 22:15,0
2/16/2026 22:30,0
2/16/2026 22:45,0
2/16/2026 23:00,0
2/16/2026 23:15,0
2/16/2026 23:30,0
2/16/2026 23:45,0
2/17/2026 0:00,0
2/17/2026 0:15,0
2/17/2026 0:30,0
2/17/2026 0:45,0
2/17/2026 1:00,0
2/17/2026 1:15,0
2/17/2026 1:30,0
2/17/2026 1:45,0
2/17/2026 2:00,0
2/17/2026 2:15,0
2/17/2026 2:30,0
2/17/2026 2:45,0
2/17/2026 3:00,0
2/17/2026 3:15,0
2/17/2026 3:30,0
2/17/2026 3:45,0
2/17/2026 4:00,0
2/17/2026 4:15,0
2/17/2026 4:30,0
2/17/2026 4:45,0
2/17/2026 5:00,0
2/17/2026 5:15,0
2/17/2026 5:30,0
2/17/2026 5:45,0
2/17/2026 6:00,0
2/17/2026 6:15,0
2/17/2026 6:30,0
2/17/2026 6:45,0
2/17/2026 7:00,0
2/17/2026 7:15,0
2/17/2026 7:30,0
2/17/2026 7:45,0
2/17/2026 8:00,0
2/17/2026 8:15,0
2/17/2026 8:30,0
2/17/2026 8:45,0
2/17/2026 9:00,0
2/17/2026 9:15,0
2/17/2026 9:30,0
2/17/2026 9:45,0
2/17/2026 10:00,0
2/17/2026 10:15,0
2/17/2026 10:30,0
2/17/2026 10:45,0
2/17/2026 11:00,0
2/17/2026 11:15,0
2/17/2026 11:30,0
2/17/2026 11:45,0
2/17/2026 12:00,0
2/17/2026 12:15,0
2/17/2026 12:30,0
2/17/2026 12:45,0
2/17/2026 13:00,0
2/17/2026 13:15,0
2/17/2026 13:30,0
2/17/2026 13:45,0
2/17/2026 14:00,0
2/17/2026 14:15,0
2/17/2026 14:30,0
2/17/2026 14:45,0
2/17/2026 15:00,0
2/17/2026 15:15,0
2/17/2026 15:30,0
2/17/2026 15:45,0
2/17/2026 16:00,0
2/17/2026 16:15,0
2/17/2026 16:30,0
2/17/2026 16:45,0
2/17/2026 17:00,0
2/17/2026 17:15,0
2/17/2026 17:30,0
2/17/2026 17:45,0
2/17/2026 18:00,0
2/17/2026 18:15,0
2/17/2026 18:30,0
2/17/2026 18:45,0
2/17/2026 19:00,0
2/17/2026 19:15,0
2/17/2026 19:30,0
2/17/2026 19:45,0
2/17/2026 20:00,0
2/17/2026 20:15,0
2/17/2026 20:30,0
2/17/2026 20:45,0
2/17/2026 21:00,0
2/17/2026 21:15,0
2/17/2026 21:30,0
2/17/2026 21:45,0
2/17/2026 22:00,0
2/17/2026 22:15,0
2/17/2026 22:30,0
2/17/2026 22:45,0
2/17/2026 23:00,0
2/17/2026 23:15,0
2/17/2026 23:30,0
2/17/2026 23:45,0
2/18/2026 0:00,0
2/18/2026 0:15,0
2/18/2026 0:30,0
2/18/2026 0:45,0
2/18/2026 1:00,0
2/18/2026 1:15,0
2/18/2026 1:30,0
2/18/2026 1:45,0
2/18/2026 2:00,0
2/18/2026 2:15,0
2/18/2026 2:30,0
2/18/2026 2:45,0
2/18/2026 3:00,0
2/18/2026 3:15,0
2/18/2026 3:30,0
2/18/2026 3:45,0
2/18/2026 4:00,0
2/18/2026 4:15,0
2/18/2026 4:30,0
2/18/2026 4:45,0
2/18/2026 5:00,0
2/18/2026 5:15,0
2/18/2026 5:30,0
2/18/2026 5:45,0
2/18/2026 6:00,0
2/18/2026 6:15,0
2/18/2026 6:30,0
2/18/2026 6:45,0
2/18/2026 7:00,0
2/18/2026 7:15,0
2/18/2026 7:30,0
2/18/2026 7:45,0
2/18/2026 8:00,0
2/18/2026 8:15,0
2/18/2026 8:30,0
2/18/2026 8:45,0
2/18/2026 9:00,0
2/18/2026 9:15,0
2/18/2026 9:30,0
2/18/2026 9:45,0
2/18/2026 10:00,0
2/18/2026 10:15,0
2/18/2026 10:30,0
2/18/2026 10:45,0
2/18/2026 11:00,0
2/18/2026 11:15,0
2/18/2026 11:30,0
2/18/2026 11:45,0
2/18/2026 12:00,0
2/18/2026 12:15,0
2/18/2026 12:30,0
2/18/2026 12:45,0
2/18/2026 13:00,0
2/18/2026 13:15,0
2/18/2026 13:30,0
2/18/2026 13:45,0
2/18/2026 14:00,0
2/18/2026 14:15,0
2/18/2026 14:30,0
2/18/2026 14:45,0
2/18/2026 15:00,0
2/18/2026 15:15,0
2/18/2026 15:30,0
2/18/2026 15:45,0
2/18/2026 16:00,0
2/18/2026 16:15,0
2/18/2026 16:30,0
2/18/2026 16:45,0
2/18/2026 17:00,0
2/18/2026 17:15,0
2/18/2026 17:30,0
2/18/2026 17:45,0
2/18/2026 18:00,0
2/18/2026 18:15,0
2/18/2026 18:30,0
2/18/2026 18:45,0
2/18/2026 19:00,0
2/18/2026 19:15,0
2/18/2026 19:30,0
2/18/2026 19:45,0
2/18/2026 20:00,0
2/18/2026 20:15,0
2/18/2026 20:30,0
2/18/2026 20:45,0
2/18/2026 21:00,0
2/18/2026 21:15,0
2/18/2026 21:30,0
2/18/2026 21:45,0
2/18/2026 22:00,0
2/18/2026 22:15,0
2/18/2026 22:30,0
2/18/2026 22:45,0
2/18/2026 23:00,0
2/18/2026 23:15,0
2/18/2026 23:30,0
2/18/2026 23:45,0
2/19/2026 0:00,0
2/19/2026 0:15,0
2/19/2026 0:30,0
2/19/2026 0:45,0
2/19/2026 1:00,0
2/19/2026 1:15,0
2/19/2026 1:30,0
2/19/2026 1:45,0
2/19/2026 2:00,0
2/19/2026 2:15,0
2/19/2026 2:30,0
2/19/2026 2:45,0
2/19/2026 3:00,0
2/19/2026 3:15,0
2/19/2026 3:30,0
2/19/2026 3:45,0
2/19/2026 4:00,0
2/19/2026 4:15,0
2/19/2026 4:30,0
2/19/2026 4:45,0
2/19/2026 5:00,0
2/19/2026 5:15,0
2/19/2026 5:30,0
2/19/2026 5:45,0
2/19/2026 6:00,0
2/19/2026 6:15,0
2/19/2026 6:30,0
2/19/2026 6:45,0
2/19/2026 7:00,0
2/19/2026 7:15,0
2/19/2026 7:30,0
2/19/2026 7:45,0
2/19/2026 8:00,0
2/19/2026 8:15,0
2/19/2026 8:30,0
2/19/2026 8:45,0
2/19/2026 9:00,0
2/19/2026 9:15,0
2/19/2026 9:30,0
2/19/2026 9:45,0
2/19/2026 10:00,0
2/19/2026 10:15,0
2/19/2026 10:30,0
2/19/2026 10:45,0
2/19/2026 11:00,0
2/19/2026 11:15,0
2/19/2026 11:30,0
2/19/2026 11:45,0
2/19/2026 12:00,0
2/19/2026 12:15,0
2/19/2026 12:30,0
2/19/2026 12:45,0
2/19/2026 13:00,0
2/19/2026 13:15,0
2/19/2026 13:30,0
2/19/2026 13:45,0
2/19/2026 14:00,0
2/19/2026 14:15,0
2/19/2026 14:30,0
2/19/2026 14:45,0
2/19/2026 15:00,0
2/19/2026 15:15,0
2/19/2026 15:30,0
2/19/2026 15:45,0
2/19/2026 16:00,0
2/19/2026 16:15,0
2/19/2026 16:30,0
2/19/2026 16:45,0
2/19/2026 17:00,0
2/19/2026 17:15,0
2/19/2026 17:30,0
2/19/2026 17:45,0
2/19/2026 18:00,0
2/19/2026 18:15,0
2/19/2026 18:30,0
2/19/2026 18:45,0
2/19/2026 19:00,0
2/19/2026 19:15,0
2/19/2026 19:30,0
2/19/2026 19:45,0
2/19/2026 20:00,0
2/19/2026 20:15,0
2/19/2026 20:30,0
2/19/2026 20:45,0
2/19/2026 21:00,0
2/19/2026 21:15,0
2/19/2026 21:30,0
2/19/2026 21:45,0
2/19/2026 22:00,0
2/19/2026 22:15,0
2/19/2026 22:30,0
2/19/2026 22:45,0
2/19/2026 23:00,0
2/19/2026 23:15,0
2/19/2026 23:30,0
2/19/2026 23:45,0
2/20/2026 0:00,0
2/20/2026 0:15,0
2/20/2026 0:30,0
2/20/2026 0:45,0
2/20/2026 1:00,0
2/20/2026 1:15,0
2/20/2026 1:30,0
2/20/2026 1:45,0
2/20/2026 2:00,0
2/20/2026 2:15,0
2/20/2026 2:30,0
2/20/2026 2:45,0
2/20/2026 3:00,0
2/20/2026 3:15,0
2/20/2026 3:30,0
2/20/2026 3:45,0
2/20/2026 4:00,0
2/20/2026 4:15,0
2/20/2026 4:30,0
2/20/2026 4:45,0
2/20/2026 5:00,0
2/20/2026 5:15,0
2/20/2026 5:30,0
2/20/2026 5:45,0
2/20/2026 6:00,0
2/20/2026 6:15,0
2/20/2026 6:30,0
2/20/2026 6:45,0
2/20/2026 7:00,0
2/20/2026 7:15,0
2/20/2026 7:30,0
2/20/2026 7:45,0
2/20/2026 8:00,0
2/20/2026 8:15,0
2/20/2026 8:30,0
2/20/2026 8:45,0
2/20/2026 9:00,0
2/20/2026 9:15,0
2/20/2026 9:30,0
2/20/2026 9:45,0
2/20/2026 10:00,0
2/20/2026 10:15,0
2/20/2026 10:30,0
2/20/2026 10:45,0
2/20/2026 11:00,0
2/20/2026 11:15,0
2/20/2026 11:30,0
2/20/2026 11:45,0
2/20/2026 12:00,0
2/20/2026 12:15,0
2/20/2026 12:30,0
2/20/2026 12:45,0
2/20/2026 13:00,0
2/20/2026 13:15,0
2/20/2026 13:30,0
2/20/2026 13:45,0
2/20/2026 14:00,0
2/20/2026 14:15,0
2/20/2026 14:30,0
2/20/2026 14:45,0
2/20/2026 15:00,0
2/20/2026 15:15,0
2/20/2026 15:30,0
2/20/2026 15:45,0
2/20/2026 16:00,0
2/20/2026 16:15,0
2/20/2026 16:30,0
2/20/2026 16:45,0
2/20/2026 17:00,0
2/20/2026 17:15,0
2/20/2026 17:30,0
2/20/2026 17:45,0
2/20/2026 18:00,0
2/20/2026 18:15,0
2/20/2026 18:30,0
2/20/2026 18:45,0
2/20/2026 19:00,0
2/20/2026 19:15,0
2/20/2026 19:30,0
2/20/2026 19:45,0
2/20/2026 20:00,0
2/20/2026 20:15,0
2/20/2026 20:30,0
2/20/2026 20:45,0
2/20/2026 21:00,0
2/20/2026 21:15,0
2/20/2026 21:30,0
2/20/2026 21:45,0
2/20/2026 22:00,0
2/20/2026 22:15,0
2/20/2026 22:30,0
2/20/2026 22:45,0
2/20/2026 23:00,0
2/20/2026 23:15,0
2/20/2026 23:30,0
2/20/2026 23:45,0
2/21/2026 0:00,0
2/21/2026 0:15,0
2/21/2026 0:30,0
2/21/2026 0:45,0
2/21/2026 1:00,0
2/21/2026 1:15,0
2/21/2026 1:30,0
2/21/2026 1:45,0
2/21/2026 2:00,0
2/21/2026 2:15,0
2/21/2026 2:30,0
2/21/2026 2:45,0
2/21/2026 3:00,0
2/21/2026 3:15,0
2/21/2026 3:30,0
2/21/2026 3:45,0
2/21/2026 4:00,0
2/21/2026 4:15,0
2/21/2026 4:30,0
2/21/2026 4:45,0
2/21/2026 5:00,0
2/21/2026 5:15,0
2/21/2026 5:30,0
2/21/2026 5:45,0
2/21/2026 6:00,0
2/21/2026 6:15,0
2/21/2026 6:30,0
2/21/2026 6:45,0
2/21/2026 7:00,0
2/21/2026 7:15,0
2/21/2026 7:30,0
2/21/2026 7:45,0
2/21/2026 8:00,0
2/21/2026 8:15,0
2/21/2026 8:30,0
2/21/2026 8:45,0
2/21/2026 9:00,0
2/21/2026 9:15,0
2/21/2026 9:30,0
2/21/2026 9:45,0
2/21/2026 10:00,0.3
2/21/2026 10:15,0
2/21/2026 10:30,0
2/21/2026 10:45,0
2/21/2026 11:00,0
2/21/2026 11:15,0
2/21/2026 11:30,0
2/21/2026 11:45,0
2/21/2026 12:00,0
2/21/2026 12:15,0
2/21/2026 12:30,0
2/21/2026 12:45,0
2/21/2026 13:00,0
2/21/2026 13:15,0
2/21/2026 13:30,0
2/21/2026 13:45,0
2/21/2026 14:00,0
2/21/2026 14:15,0
2/21/2026 14:30,0
2/21/2026 14:45,0
2/21/2026 15:00,0
2/21/2026 15:15,0
2/21/2026 15:30,0
2/21/2026 15:45,0.3
2/21/2026 16:00,1
2/21/2026 16:15,2.3
2/21/2026 16:30,0.5
2/21/2026 16:45,0
2/21/2026 17:00,0
2/21/2026 17:15,0.3
2/21/2026 17:30,0
2/21/2026 17:45,0
2/21/2026 18:00,0
2/21/2026 18:15,0
2/21/2026 18:30,0
2/21/2026 18:45,0
2/21/2026 19:00,0
2/21/2026 19:15,0
2/21/2026 19:30,0
2/21/2026 19:45,0
2/21/2026 20:00,0
2/21/2026 20:15,0
2/21/2026 20:30,0
2/21/2026 20:45,0
2/21/2026 21:00,0
2/21/2026 21:15,0
2/21/2026 21:30,0
2/21/2026 21:45,0
2/21/2026 22:00,0
2/21/2026 22:15,0
2/21/2026 22:30,0
2/21/2026 22:45,0
2/21/2026 23:00,0
2/21/2026 23:15,0
2/21/2026 23:30,0
2/21/2026 23:45,0
2/22/2026 0:00,0
2/22/2026 0:15,0
2/22/2026 0:30,0
2/22/2026 0:45,0
2/22/2026 1:00,0
2/22/2026 1:15,0
2/22/2026 1:30,0
2/22/2026 1:45,0
2/22/2026 2:00,0
2/22/2026 2:15,0
2/22/2026 2:30,0
2/22/2026 2:45,0
2/22/2026 3:00,0
2/22/2026 3:15,0
2/22/2026 3:30,0
2/22/2026 3:45,1
2/22/2026 4:00,1.5
2/22/2026 4:15,0
2/22/2026 4:30,0.3
2/22/2026 4:45,0
2/22/2026 5:00,0
2/22/2026 5:15,0.3
2/22/2026 5:30,0.3
2/22/2026 5:45,0
2/22/2026 6:00,0
2/22/2026 6:15,0
2/22/2026 6:30,0
2/22/2026 6:45,0
2/22/2026 7:00,0
2/22/2026 7:15,0
2/22/2026 7:30,0
2/22/2026 7:45,0
2/22/2026 8:00,0
2/22/2026 8:15,0
2/22/2026 8:30,0
2/22/2026 8:45,0
2/22/2026 9:00,0
2/22/2026 9:15,0
2/22/2026 9:30,0
2/22/2026 9:45,0
2/22/2026 10:00,0
2/22/2026 10:15,0
2/22/2026 10:30,0
2/22/2026 10:45,0
2/22/2026 11:00,0
2/22/2026 11:15,0
2/22/2026 11:30,0
2/22/2026 11:45,0
2/22/2026 12:00,0
2/22/2026 12:15,0
2/22/2026 12:30,0
2/22/2026 12:45,0
2/22/2026 13:00,0
2/22/2026 13:15,0
2/22/2026 13:30,0
2/22/2026 13:45,0
2/22/2026 14:00,0
2/22/2026 14:15,0
2/22/2026 14:30,0
2/22/2026 14:45,0
2/22/2026 15:00,0
2/22/2026 15:15,0
2/22/2026 15:30,0
2/22/2026 15:45,0
2/22/2026 16:00,0
2/22/2026 16:15,0
2/22/2026 16:30,0
2/22/2026 16:45,0
2/22/2026 17:00,0
2/22/2026 17:15,0
2/22/2026 17:30,0
2/22/2026 17:45,0
2/22/2026 18:00,0
2/22/2026 18:15,0
2/22/2026 18:30,0
2/22/2026 18:45,0
2/22/2026 19:00,0
2/22/2026 19:15,0
2/22/2026 19:30,0
2/22/2026 19:45,0
2/22/2026 20:00,0
2/22/2026 20:15,0
2/22/2026 20:30,0
2/22/2026 20:45,0
2/22/2026 21:00,0
2/22/2026 21:15,0
2/22/2026 21:30,0
2/22/2026 21:45,0
2/22/2026 22:00,0
2/22/2026 22:15,0
2/22/2026 22:30,0
2/22/2026 22:45,0
2/22/2026 23:00,0
2/22/2026 23:15,0
2/22/2026 23:30,0
2/22/2026 23:45,0
2/23/2026 0:00,0
2/23/2026 0:15,0
2/23/2026 0:30,0
2/23/2026 0:45,0
2/23/2026 1:00,0
2/23/2026 1:15,0
2/23/2026 1:30,0
2/23/2026 1:45,0
2/23/2026 2:00,0
2/23/2026 2:15,0
2/23/2026 2:30,0
2/23/2026 2:45,0
2/23/2026 3:00,0
2/23/2026 3:15,0
2/23/2026 3:30,0
2/23/2026 3:45,0
2/23/2026 4:00,0
2/23/2026 4:15,0
2/23/2026 4:30,0
2/23/2026 4:45,0
2/23/2026 5:00,0
2/23/2026 5:15,0
2/23/2026 5:30,0
2/23/2026 5:45,0
2/23/2026 6:00,0
2/23/2026 6:15,0
2/23/2026 6:30,0
2/23/2026 6:45,0
2/23/2026 7:00,0
2/23/2026 7:15,0
2/23/2026 7:30,0
2/23/2026 7:45,0
2/23/2026 8:00,0
2/23/2026 8:15,0
2/23/2026 8:30,0
2/23/2026 8:45,0
2/23/2026 9:00,0
2/23/2026 9:15,0
2/23/2026 9:30,0
2/23/2026 9:45,0
2/23/2026 10:00,0
2/23/2026 10:15,0
2/23/2026 10:30,0
2/23/2026 10:45,0
2/23/2026 11:00,0
2/23/2026 11:15,0
2/23/2026 11:30,0
2/23/2026 11:45,0
2/23/2026 12:00,0
2/23/2026 12:15,0
2/23/2026 12:30,0
2/23/2026 12:45,0
2/23/2026 13:00,0
2/23/2026 13:15,0
2/23/2026 13:30,0
2/23/2026 13:45,0
2/23/2026 14:00,0
2/23/2026 14:15,0
2/23/2026 14:30,0
2/23/2026 14:45,0
2/23/2026 15:00,0
2/23/2026 15:15,0
2/23/2026 15:30,0
2/23/2026 15:45,0
2/23/2026 16:00,0
2/23/2026 16:15,0
2/23/2026 16:30,0
2/23/2026 16:45,0
2/23/2026 17:00,0
2/23/2026 17:15,0
2/23/2026 17:30,0
2/23/2026 17:45,0
2/23/2026 18:00,0
2/23/2026 18:15,0
2/23/2026 18:30,0
2/23/2026 18:45,0
2/23/2026 19:00,0
2/23/2026 19:15,0
2/23/2026 19:30,0
2/23/2026 19:45,0
2/23/2026 20:00,0
2/23/2026 20:15,0
2/23/2026 20:30,0
2/23/2026 20:45,0
2/23/2026 21:00,0
2/23/2026 21:15,0
2/23/2026 21:30,0
2/23/2026 21:45,0
2/23/2026 22:00,0
2/23/2026 22:15,0
2/23/2026 22:30,0
2/23/2026 22:45,0
2/23/2026 23:00,0
2/23/2026 23:15,0
2/23/2026 23:30,0
2/23/2026 23:45,0
2/24/2026 0:00,0
2/24/2026 0:15,0
2/24/2026 0:30,0
2/24/2026 0:45,0
2/24/2026 1:00,0
2/24/2026 1:15,0
2/24/2026 1:30,0
2/24/2026 1:45,0
2/24/2026 2:00,0
2/24/2026 2:15,0
2/24/2026 2:30,0
2/24/2026 2:45,0
2/24/2026 3:00,0
2/24/2026 3:15,0
2/24/2026 3:30,0
2/24/2026 3:45,0
2/24/2026 4:00,0
2/24/2026 4:15,0
2/24/2026 4:30,0
2/24/2026 4:45,0
2/24/2026 5:00,0
2/24/2026 5:15,0
2/24/2026 5:30,0
2/24/2026 5:45,0
2/24/2026 6:00,0
2/24/2026 6:15,0
2/24/2026 6:30,0
2/24/2026 6:45,0
2/24/2026 7:00,0
2/24/2026 7:15,0
2/24/2026 7:30,0
2/24/2026 7:45,0
2/24/2026 8:00,0
2/24/2026 8:15,0
2/24/2026 8:30,0
2/24/2026 8:45,0
2/24/2026 9:00,0
2/24/2026 9:15,0
2/24/2026 9:30,0
2/24/2026 9:45,0
2/24/2026 10:00,0
2/24/2026 10:15,0
2/24/2026 10:30,0
2/24/2026 10:45,0
2/24/2026 11:00,0
2/24/2026 11:15,0
2/24/2026 11:30,0
2/24/2026 11:45,0
2/24/2026 12:00,0
2/24/2026 12:15,0
2/24/2026 12:30,0
2/24/2026 12:45,0
2/24/2026 13:00,0
2/24/2026 13:15,0
2/24/2026 13:30,0
2/24/2026 13:45,0
2/24/2026 14:00,0
2/24/2026 14:15,0
2/24/2026 14:30,0
2/24/2026 14:45,0
2/24/2026 15:00,0
2/24/2026 15:15,0
2/24/2026 15:30,0
2/24/2026 15:45,0
2/24/2026 16:00,0
2/24/2026 16:15,0
2/24/2026 16:30,0
2/24/2026 16:45,0
2/24/2026 17:00,0
2/24/2026 17:15,0
2/24/2026 17:30,0
2/24/2026 17:45,0
2/24/2026 18:00,0
2/24/2026 18:15,0
2/24/2026 18:30,0
2/24/2026 18:45,0
2/24/2026 19:00,0
2/24/2026 19:15,0
2/24/2026 19:30,0
2/24/2026 19:45,0
2/24/2026 20:00,0
2/24/2026 20:15,0
2/24/2026 20:30,0
2/24/2026 20:45,0
2/24/2026 21:00,0
2/24/2026 21:15,0
2/24/2026 21:30,0
2/24/2026 21:45,0
2/24/2026 22:00,0
2/24/2026 22:15,0
2/24/2026 22:30,0
2/24/2026 22:45,0
2/24/2026 23:00,0
2/24/2026 23:15,0
2/24/2026 23:30,0
2/24/2026 23:45,0
2/25/2026 0:00,0
2/25/2026 0:15,0
2/25/2026 0:30,0
2/25/2026 0:45,0
2/25/2026 1:00,0
2/25/2026 1:15,0
2/25/2026 1:30,0
2/25/2026 1:45,0
2/25/2026 2:00,0
2/25/2026 2:15,0
2/25/2026 2:30,0
2/25/2026 2:45,0
2/25/2026 3:00,0
2/25/2026 3:15,0
2/25/2026 3:30,0
2/25/2026 3:45,0
2/25/2026 4:00,0
2/25/2026 4:15,0
2/25/2026 4:30,0
2/25/2026 4:45,0
2/25/2026 5:00,0
2/25/2026 5:15,0
2/25/2026 5:30,0
2/25/2026 5:45,0
2/25/2026 6:00,0
2/25/2026 6:15,0
2/25/2026 6:30,0
2/25/2026 6:45,0
2/25/2026 7:00,0
2/25/2026 7:15,0
2/25/2026 7:30,0
2/25/2026 7:45,0
2/25/2026 8:00,0
2/25/2026 8:15,0
2/25/2026 8:30,0
2/25/2026 8:45,0
2/25/2026 9:00,0
2/25/2026 9:15,0
2/25/2026 9:30,0
2/25/2026 9:45,0
2/25/2026 10:00,0
2/25/2026 10:15,0
2/25/2026 10:30,0
2/25/2026 10:45,0
2/25/2026 11:00,0
2/25/2026 11:15,0
2/25/2026 11:30,0
2/25/2026 11:45,0
2/25/2026 12:00,0
2/25/2026 12:15,0
2/25/2026 12:30,0
2/25/2026 12:45,0
2/25/2026 13:00,0
2/25/2026 13:15,0
2/25/2026 13:30,0
2/25/2026 13:45,0
2/25/2026 14:00,0
2/25/2026 14:15,0
2/25/2026 14:30,0
2/25/2026 14:45,0
2/25/2026 15:00,0
2/25/2026 15:15,0
2/25/2026 15:30,0
2/25/2026 15:45,0
2/25/2026 16:00,0
2/25/2026 16:15,0
2/25/2026 16:30,0
2/25/2026 16:45,0
2/25/2026 17:00,0
2/25/2026 17:15,0
2/25/2026 17:30,0
2/25/2026 17:45,0
2/25/2026 18:00,0
2/25/2026 18:15,0
2/25/2026 18:30,0
2/25/2026 18:45,0
2/25/2026 19:00,0
2/25/2026 19:15,0
2/25/2026 19:30,0
2/25/2026 19:45,0
2/25/2026 20:00,0
2/25/2026 20:15,0
2/25/2026 20:30,0
2/25/2026 20:45,0
2/25/2026 21:00,0
2/25/2026 21:15,0
2/25/2026 21:30,0
2/25/2026 21:45,0
2/25/2026 22:00,0
2/25/2026 22:15,0
2/25/2026 22:30,0
2/25/2026 22:45,0
2/25/2026 23:00,0
2/25/2026 23:15,0
2/25/2026 23:30,0
2/25/2026 23:45,0
2/26/2026 0:00,0
2/26/2026 0:15,0
2/26/2026 0:30,0
2/26/2026 0:45,0
2/26/2026 1:00,0
2/26/2026 1:15,0
2/26/2026 1:30,0
2/26/2026 1:45,0
2/26/2026 2:00,0
2/26/2026 2:15,0
2/26/2026 2:30,0
2/26/2026 2:45,0
2/26/2026 3:00,0
2/26/2026 3:15,0
2/26/2026 3:30,0
2/26/2026 3:45,0
2/26/2026 4:00,0
2/26/2026 4:15,0
2/26/2026 4:30,0
2/26/2026 4:45,0
2/26/2026 5:00,0
2/26/2026 5:15,0
2/26/2026 5:30,0
2/26/2026 5:45,0
2/26/2026 6:00,0
2/26/2026 6:15,0
2/26/2026 6:30,0
2/26/2026 6:45,0
2/26/2026 7:00,0
2/26/2026 7:15,0
2/26/2026 7:30,0
2/26/2026 7:45,0
2/26/2026 8:00,0
2/26/2026 8:15,0
2/26/2026 8:30,0
2/26/2026 8:45,0
2/26/2026 9:00,0
2/26/2026 9:15,0
2/26/2026 9:30,0
2/26/2026 9:45,0
2/26/2026 10:00,0
2/26/2026 10:15,0
2/26/2026 10:30,0
2/26/2026 10:45,0
2/26/2026 11:00,0
2/26/2026 11:15,0
2/26/2026 11:30,0
2/26/2026 11:45,0
2/26/2026 12:00,0
2/26/2026 12:15,0
2/26/2026 12:30,0
2/26/2026 12:45,0
2/26/2026 13:00,0
2/26/2026 13:15,0
2/26/2026 13:30,0
2/26/2026 13:45,0
2/26/2026 14:00,0
2/26/2026 14:15,0
2/26/2026 14:30,0
2/26/2026 14:45,0
2/26/2026 15:00,0
2/26/2026 15:15,0
2/26/2026 15:30,0
2/26/2026 15:45,0
2/26/2026 16:00,0
2/26/2026 16:15,0
2/26/2026 16:30,0
2/26/2026 16:45,0
2/26/2026 17:00,0
2/26/2026 17:15,0
2/26/2026 17:30,0
2/26/2026 17:45,0.3
2/26/2026 18:00,0.3
2/26/2026 18:15,0.8
2/26/2026 18:30,0.8
2/26/2026 18:45,0.5
2/26/2026 19:00,1
2/26/2026 19:15,0
2/26/2026 19:30,0.3
2/26/2026 19:45,0.3
2/26/2026 20:00,0.3
2/26/2026 20:15,0
2/26/2026 20:30,0
2/26/2026 20:45,0
2/26/2026 21:00,0
2/26/2026 21:15,0
2/26/2026 21:30,0
2/26/2026 21:45,0
2/26/2026 22:00,0
2/26/2026 22:15,0
2/26/2026 22:30,0
2/26/2026 22:45,0
2/26/2026 23:00,0
2/26/2026 23:15,0
2/26/2026 23:30,0
2/26/2026 23:45,0
2/27/2026 0:00,0
2/27/2026 0:15,0.3
2/27/2026 0:30,0
2/27/2026 0:45,0
2/27/2026 1:00,0
2/27/2026 1:15,0
2/27/2026 1:30,0.3
2/27/2026 1:45,0
2/27/2026 2:00,0.3
2/27/2026 2:15,0
2/27/2026 2:30,0
2/27/2026 2:45,0
2/27/2026 3:00,0
2/27/2026 3:15,0
2/27/2026 3:30,0
2/27/2026 3:45,0
2/27/2026 4:00,0
2/27/2026 4:15,0
2/27/2026 4:30,0.3
2/27/2026 4:45,0
2/27/2026 5:00,0
2/27/2026 5:15,0
2/27/2026 5:30,0
2/27/2026 5:45,0
2/27/2026 6:00,0
2/27/2026 6:15,0
2/27/2026 6:30,0
2/27/2026 6:45,0
2/27/2026 7:00,0
2/27/2026 7:15,0
2/27/2026 7:30,0.3
2/27/2026 7:45,0
2/27/2026 8:00,0
2/27/2026 8:15,0.3
2/27/2026 8:30,0.3
2/27/2026 8:45,0.5
2/27/2026 9:00,0.5
2/27/2026 9:15,1
2/27/2026 9:30,0.8
2/27/2026 9:45,1
2/27/2026 10:00,1
2/27/2026 10:15,0.8
2/27/2026 10:30,0.8
2/27/2026 10:45,0
2/27/2026 11:00,0.3
2/27/2026 11:15,0.5
2/27/2026 11:30,0.5
2/27/2026 11:45,0.5
2/27/2026 12:00,0.3
2/27/2026 12:15,0.3
2/27/2026 12:30,0.5
2/27/2026 12:45,1.3
2/27/2026 13:00,1.3
2/27/2026 13:15,1
2/27/2026 13:30,1.3
2/27/2026 13:45,1
2/27/2026 14:00,0.3
2/27/2026 14:15,0.3
2/27/2026 14:30,0
2/27/2026 14:45,0.8
2/27/2026 15:00,0
2/27/2026 15:15,0
2/27/2026 15:30,0
2/27/2026 15:45,0
2/27/2026 16:00,0
2/27/2026 16:15,0
2/27/2026 16:30,0.3
2/27/2026 16:45,0
2/27/2026 17:00,0
2/27/2026 17:15,0
2/27/2026 17:30,0
2/27/2026 17:45,0
2/27/2026 18:00,0.3
2/27/2026 18:15,0
2/27/2026 18:30,0
2/27/2026 18:45,0
2/27/2026 19:00,0
2/27/2026 19:15,0
2/27/2026 19:30,0
2/27/2026 19:45,0
2/27/2026 20:00,0
2/27/2026 20:15,0
2/27/2026 20:30,0
2/27/2026 20:45,0.3
2/27/2026 21:00,0
2/27/2026 21:15,0
2/27/2026 21:30,0
2/27/2026 21:45,0
2/27/2026 22:00,0
2/27/2026 22:15,0
2/27/2026 22:30,0
2/27/2026 22:45,0
2/27/2026 23:00,0
2/27/2026 23:15,0
2/27/2026 23:30,0
2/27/2026 23:45,0
2/28/2026 0:00,0
2/28/2026 0:15,0
2/28/2026 0:30,0
2/28/2026 0:45,0
2/28/2026 1:00,0
2/28/2026 1:15,0
2/28/2026 1:30,0
2/28/2026 1:45,0
2/28/2026 2:00,0
2/28/2026 2:15,0
2/28/2026 2:30,0
2/28/2026 2:45,0
2/28/2026 3:00,0
2/28/2026 3:15,0
2/28/2026 3:30,0
2/28/2026 3:45,0
2/28/2026 4:00,0
2/28/2026 4:15,0
2/28/2026 4:30,0
2/28/2026 4:45,0
2/28/2026 5:00,0
2/28/2026 5:15,0
2/28/2026 5:30,0
2/28/2026 5:45,0
2/28/2026 6:00,0
2/28/2026 6:15,0
2/28/2026 6:30,0
2/28/2026 6:45,0
2/28/2026 7:00,0
2/28/2026 7:15,0
2/28/2026 7:30,0
2/28/2026 7:45,0
2/28/2026 8:00,0
2/28/2026 8:15,0
2/28/2026 8:30,0
2/28/2026 8:45,0
2/28/2026 9:00,0
2/28/2026 9:15,0
2/28/2026 9:30,0
2/28/2026 9:45,0
2/28/2026 10:00,0
2/28/2026 10:15,0
2/28/2026 10:30,0
2/28/2026 10:45,0
2/28/2026 11:00,0
2/28/2026 11:15,0
2/28/2026 11:30,0
2/28/2026 11:45,0
2/28/2026 12:00,0
2/28/2026 12:15,0
2/28/2026 12:30,0
2/28/2026 12:45,0
2/28/2026 13:00,0
2/28/2026 13:15,0
2/28/2026 13:30,0
2/28/2026 13:45,0
2/28/2026 14:00,0
2/28/2026 14:15,0
2/28/2026 14:30,0
2/28/2026 14:45,0
2/28/2026 15:00,0
2/28/2026 15:15,0
2/28/2026 15:30,0
2/28/2026 15:45,0
2/28/2026 16:00,0
2/28/2026 16:15,0
2/28/2026 16:30,0
2/28/2026 16:45,0
2/28/2026 17:00,0
2/28/2026 17:15,0
2/28/2026 17:30,0
2/28/2026 17:45,0
2/28/2026 18:00,0
2/28/2026 18:15,0
2/28/2026 18:30,0
2/28/2026 18:45,0
2/28/2026 19:00,0
2/28/2026 19:15,0
2/28/2026 19:30,0
2/28/2026 19:45,0
2/28/2026 20:00,0
2/28/2026 20:15,0
2/28/2026 20:30,0
2/28/2026 20:45,0
2/28/2026 21:00,0
2/28/2026 21:15,0
2/28/2026 21:30,0
2/28/2026 21:45,0
2/28/2026 22:00,0
2/28/2026 22:15,0
2/28/2026 22:30,0
2/28/2026 22:45,0
2/28/2026 23:00,0
2/28/2026 23:15,0
2/28/2026 23:30,0
2/28/2026 23:45,0
3/1/2026 0:00,0
3/1/2026 0:15,0
3/1/2026 0:30,0
3/1/2026 0:45,0
3/1/2026 1:00,0
3/1/2026 1:15,0
3/1/2026 1:30,0
3/1/2026 1:45,0
3/1/2026 2:00,0
3/1/2026 2:15,0
3/1/2026 2:30,0
3/1/2026 2:45,0
3/1/2026 3:00,0
3/1/2026 3:15,0
3/1/2026 3:30,0
3/1/2026 3:45,0
3/1/2026 4:00,0
3/1/2026 4:15,0
3/1/2026 4:30,0
3/1/2026 4:45,0
3/1/2026 5:00,0
3/1/2026 5:15,0
3/1/2026 5:30,0
3/1/2026 5:45,0
3/1/2026 6:00,0
3/1/2026 6:15,0
3/1/2026 6:30,0
3/1/2026 6:45,0
3/1/2026 7:00,0
3/1/2026 7:15,0
3/1/2026 7:30,0
3/1/2026 7:45,0
3/1/2026 8:00,0
3/1/2026 8:15,0
3/1/2026 8:30,0
3/1/2026 8:45,0
3/1/2026 9:00,0
3/1/2026 9:15,0
3/1/2026 9:30,0
3/1/2026 9:45,0
3/1/2026 10:00,0
3/1/2026 10:15,0
3/1/2026 10:30,0
3/1/2026 10:45,0
3/1/2026 11:00,0
3/1/2026 11:15,0
3/1/2026 11:30,0
3/1/2026 11:45,0
3/1/2026 12:00,0
3/1/2026 12:15,0
3/1/2026 12:30,0
3/1/2026 12:45,0
3/1/2026 13:00,0
3/1/2026 13:15,0
3/1/2026 13:30,0
3/1/2026 13:45,0
3/1/2026 14:00,0
3/1/2026 14:15,0
3/1/2026 14:30,0
3/1/2026 14:45,0
3/1/2026 15:00,0
3/1/2026 15:15,0
3/1/2026 15:30,0
3/1/2026 15:45,0
3/1/2026 16:00,0
3/1/2026 16:15,0
3/1/2026 16:30,0
3/1/2026 16:45,0
3/1/2026 17:00,0
3/1/2026 17:15,0
3/1/2026 17:30,0
3/1/2026 17:45,0
3/1/2026 18:00,0
3/1/2026 18:15,0
3/1/2026 18:30,0
3/1/2026 18:45,0
3/1/2026 19:00,0
3/1/2026 19:15,0
3/1/2026 19:30,0
3/1/2026 19:45,0
3/1/2026 20:00,0
3/1/2026 20:15,0
3/1/2026 20:30,0
3/1/2026 20:45,0
3/1/2026 21:00,0
3/1/2026 21:15,0
3/1/2026 21:30,0
3/1/2026 21:45,0
3/1/2026 22:00,0
3/1/2026 22:15,0
3/1/2026 22:30,0
3/1/2026 22:45,0
3/1/2026 23:00,0
3/1/2026 23:15,0
3/1/2026 23:30,0
3/1/2026 23:45,0
3/2/2026 0:00,0
3/2/2026 0:15,0
3/2/2026 0:30,0
3/2/2026 0:45,0
3/2/2026 1:00,0
3/2/2026 1:15,0
3/2/2026 1:30,0
3/2/2026 1:45,0
3/2/2026 2:00,0
3/2/2026 2:15,0
3/2/2026 2:30,0
3/2/2026 2:45,0
3/2/2026 3:00,0
3/2/2026 3:15,0
3/2/2026 3:30,0
3/2/2026 3:45,0
3/2/2026 4:00,0
3/2/2026 4:15,0
3/2/2026 4:30,0
3/2/2026 4:45,0
3/2/2026 5:00,0
3/2/2026 5:15,0
3/2/2026 5:30,0
3/2/2026 5:45,0
3/2/2026 6:00,0
3/2/2026 6:15,0
3/2/2026 6:30,0
3/2/2026 6:45,0
3/2/2026 7:00,0
3/2/2026 7:15,0
3/2/2026 7:30,0
3/2/2026 7:45,0
3/2/2026 8:00,0
3/2/2026 8:15,0
3/2/2026 8:30,0
3/2/2026 8:45,0
3/2/2026 9:00,0
3/2/2026 9:15,0
3/2/2026 9:30,0
3/2/2026 9:45,0
3/2/2026 10:00,0
3/2/2026 10:15,0
3/2/2026 10:30,0
3/2/2026 10:45,0
3/2/2026 11:00,0
3/2/2026 11:15,0
3/2/2026 11:30,0
3/2/2026 11:45,0
3/2/2026 12:00,0
3/2/2026 12:15,0
3/2/2026 12:30,0
3/2/2026 12:45,0
3/2/2026 13:00,0
3/2/2026 13:15,0
3/2/2026 13:30,0
3/2/2026 13:45,0
3/2/2026 14:00,0
3/2/2026 14:15,0
3/2/2026 14:30,0
3/2/2026 14:45,0
3/2/2026 15:00,0
3/2/2026 15:15,0
3/2/2026 15:30,0
3/2/2026 15:45,0
3/2/2026 16:00,0
3/2/2026 16:15,0
3/2/2026 16:30,0
3/2/2026 16:45,0
3/2/2026 17:00,0
3/2/2026 17:15,0
3/2/2026 17:30,0
3/2/2026 17:45,0
3/2/2026 18:00,0
3/2/2026 18:15,0
3/2/2026 18:30,0
3/2/2026 18:45,0
3/2/2026 19:00,0
3/2/2026 19:15,0
3/2/2026 19:30,0
3/2/2026 19:45,0
3/2/2026 20:00,0
3/2/2026 20:15,0
3/2/2026 20:30,0
3/2/2026 20:45,0
3/2/2026 21:00,0
3/2/2026 21:15,0
3/2/2026 21:30,0
3/2/2026 21:45,0
3/2/2026 22:00,0
3/2/2026 22:15,0
3/2/2026 22:30,0
3/2/2026 22:45,0
3/2/2026 23:00,0
3/2/2026 23:15,0
3/2/2026 23:30,0
3/2/2026 23:45,0
3/3/2026 0:00,0
3/3/2026 0:15,0
3/3/2026 0:30,0
3/3/2026 0:45,0
3/3/2026 1:00,0
3/3/2026 1:15,0
3/3/2026 1:30,0
3/3/2026 1:45,0
3/3/2026 2:00,0
3/3/2026 2:15,0
3/3/2026 2:30,0
3/3/2026 2:45,0
3/3/2026 3:00,0
3/3/2026 3:15,0
3/3/2026 3:30,0
3/3/2026 3:45,0
3/3/2026 4:00,0
3/3/2026 4:15,0
3/3/2026 4:30,0
3/3/2026 4:45,0
3/3/2026 5:00,0
3/3/2026 5:15,0
3/3/2026 5:30,0
3/3/2026 5:45,0
3/3/2026 6:00,0
3/3/2026 6:15,0
3/3/2026 6:30,0
3/3/2026 6:45,0
3/3/2026 7:00,0
3/3/2026 7:15,0
3/3/2026 7:30,0
3/3/2026 7:45,0
3/3/2026 8:00,0
3/3/2026 8:15,0
3/3/2026 8:30,0
3/3/2026 8:45,0
3/3/2026 9:00,0
3/3/2026 9:15,0
3/3/2026 9:30,0
3/3/2026 9:45,0
3/3/2026 10:00,0
3/3/2026 10:15,0
3/3/2026 10:30,0
3/3/2026 10:45,0
3/3/2026 11:00,0
3/3/2026 11:15,0
3/3/2026 11:30,0
3/3/2026 11:45,0
3/3/2026 12:00,0
3/3/2026 12:15,0
3/3/2026 12:30,0
3/3/2026 12:45,0
3/3/2026 13:00,0
3/3/2026 13:15,0
3/3/2026 13:30,0
3/3/2026 13:45,0
3/3/2026 14:00,0
3/3/2026 14:15,0
3/3/2026 14:30,0
3/3/2026 14:45,0
3/3/2026 15:00,0
3/3/2026 15:15,0
3/3/2026 15:30,0
3/3/2026 15:45,0
3/3/2026 16:00,0
3/3/2026 16:15,0
3/3/2026 16:30,0
3/3/2026 16:45,0
3/3/2026 17:00,0
3/3/2026 17:15,0
3/3/2026 17:30,0
3/3/2026 17:45,0
3/3/2026 18:00,0
3/3/2026 18:15,0
3/3/2026 18:30,0
3/3/2026 18:45,0
3/3/2026 19:00,0
3/3/2026 19:15,0
3/3/2026 19:30,0
3/3/2026 19:45,0
3/3/2026 20:00,0
3/3/2026 20:15,0
3/3/2026 20:30,0
3/3/2026 20:45,0
3/3/2026 21:00,0
3/3/2026 21:15,0
3/3/2026 21:30,0
3/3/2026 21:45,0
3/3/2026 22:00,0
3/3/2026 22:15,0
3/3/2026 22:30,0
3/3/2026 22:45,0
3/3/2026 23:00,0
3/3/2026 23:15,0
3/3/2026 23:30,0
3/3/2026 23:45,0
3/4/2026 0:00,0
3/4/2026 0:15,0
3/4/2026 0:30,0
3/4/2026 0:45,0
3/4/2026 1:00,0
3/4/2026 1:15,0
3/4/2026 1:30,0
3/4/2026 1:45,0
3/4/2026 2:00,0
3/4/2026 2:15,0
3/4/2026 2:30,0
3/4/2026 2:45,0
3/4/2026 3:00,0
3/4/2026 3:15,0
3/4/2026 3:30,0
3/4/2026 3:45,0
3/4/2026 4:00,0
3/4/2026 4:15,0
3/4/2026 4:30,0
3/4/2026 4:45,0
3/4/2026 5:00,0
3/4/2026 5:15,0
3/4/2026 5:30,0
3/4/2026 5:45,0
3/4/2026 6:00,0
3/4/2026 6:15,0
3/4/2026 6:30,0
3/4/2026 6:45,0
3/4/2026 7:00,0
3/4/2026 7:15,0
3/4/2026 7:30,0
3/4/2026 7:45,0
3/4/2026 8:00,0
3/4/2026 8:15,0
3/4/2026 8:30,0
3/4/2026 8:45,0
3/4/2026 9:00,0
3/4/2026 9:15,0
3/4/2026 9:30,0
3/4/2026 9:45,0
3/4/2026 10:00,0
3/4/2026 10:15,0
3/4/2026 10:30,0
3/4/2026 10:45,0
3/4/2026 11:00,0
3/4/2026 11:15,0
3/4/2026 11:30,0
3/4/2026 11:45,0
3/4/2026 12:00,0
3/4/2026 12:15,0
3/4/2026 12:30,0
3/4/2026 12:45,0
3/4/2026 13:00,0
3/4/2026 13:15,0
3/4/2026 13:30,0
3/4/2026 13:45,0
3/4/2026 14:00,0
3/4/2026 14:15,0
3/4/2026 14:30,0
3/4/2026 14:45,0
3/4/2026 15:00,0
3/4/2026 15:15,0
3/4/2026 15:30,0
3/4/2026 15:45,0
3/4/2026 16:00,0
3/4/2026 16:15,0
3/4/2026 16:30,0
3/4/2026 16:45,0
3/4/2026 17:00,0
3/4/2026 17:15,0
3/4/2026 17:30,0
3/4/2026 17:45,0
3/4/2026 18:00,0
3/4/2026 18:15,0
3/4/2026 18:30,0
3/4/2026 18:45,0
3/4/2026 19:00,0
3/4/2026 19:15,0
3/4/2026 19:30,0
3/4/2026 19:45,0
3/4/2026 20:00,0
3/4/2026 20:15,0
3/4/2026 20:30,0
3/4/2026 20:45,0
3/4/2026 21:00,0
3/4/2026 21:15,0
3/4/2026 21:30,0
3/4/2026 21:45,0
3/4/2026 22:00,0
3/4/2026 22:15,0
3/4/2026 22:30,0
3/4/2026 22:45,0
3/4/2026 23:00,0
3/4/2026 23:15,0
3/4/2026 23:30,0
3/4/2026 23:45,0
3/5/2026 0:00,0
3/5/2026 0:15,0
3/5/2026 0:30,0
3/5/2026 0:45,0
3/5/2026 1:00,0
3/5/2026 1:15,0
3/5/2026 1:30,0
3/5/2026 1:45,0
3/5/2026 2:00,0
3/5/2026 2:15,0
3/5/2026 2:30,0
3/5/2026 2:45,0
3/5/2026 3:00,0
3/5/2026 3:15,0
3/5/2026 3:30,0
3/5/2026 3:45,0
3/5/2026 4:00,0
3/5/2026 4:15,0
3/5/2026 4:30,0
3/5/2026 4:45,0
3/5/2026 5:00,0
3/5/2026 5:15,0
3/5/2026 5:30,0
3/5/2026 5:45,0
3/5/2026 6:00,0
3/5/2026 6:15,0
3/5/2026 6:30,0
3/5/2026 6:45,0
3/5/2026 7:00,0
3/5/2026 7:15,0
3/5/2026 7:30,0
3/5/2026 7:45,0
3/5/2026 8:00,0
3/5/2026 8:15,0
3/5/2026 8:30,0
3/5/2026 8:45,0
3/5/2026 9:00,0
3/5/2026 9:15,0
3/5/2026 9:30,0
3/5/2026 9:45,0
3/5/2026 10:00,0
3/5/2026 10:15,0
3/5/2026 10:30,0
3/5/2026 10:45,0
3/5/2026 11:00,0
3/5/2026 11:15,0
3/5/2026 11:30,0
3/5/2026 11:45,0
3/5/2026 12:00,0
3/5/2026 12:15,0
3/5/2026 12:30,0
3/5/2026 12:45,0
3/5/2026 13:00,0
3/5/2026 13:15,0
3/5/2026 13:30,0
3/5/2026 13:45,0
3/5/2026 14:00,0
3/5/2026 14:15,0
3/5/2026 14:30,0
3/5/2026 14:45,0
3/5/2026 15:00,0
3/5/2026 15:15,0
3/5/2026 15:30,0
3/5/2026 15:45,0
3/5/2026 16:00,0
3/5/2026 16:15,0
3/5/2026 16:30,0
3/5/2026 16:45,0
3/5/2026 17:00,0
3/5/2026 17:15,0
3/5/2026 17:30,0
3/5/2026 17:45,0
3/5/2026 18:00,0
3/5/2026 18:15,0
3/5/2026 18:30,0
3/5/2026 18:45,0
3/5/2026 19:00,0
3/5/2026 19:15,0
3/5/2026 19:30,0
3/5/2026 19:45,0
3/5/2026 20:00,0
3/5/2026 20:15,0
3/5/2026 20:30,0
3/5/2026 20:45,0
3/5/2026 21:00,0
3/5/2026 21:15,0
3/5/2026 21:30,0
3/5/2026 21:45,0
3/5/2026 22:00,0
3/5/2026 22:15,0
3/5/2026 22:30,0
3/5/2026 22:45,0
3/5/2026 23:00,0
3/5/2026 23:15,0
3/5/2026 23:30,0
3/5/2026 23:45,0
3/6/2026 0:00,0
3/6/2026 0:15,0
3/6/2026 0:30,0
3/6/2026 0:45,0
3/6/2026 1:00,0
3/6/2026 1:15,0
3/6/2026 1:30,0
3/6/2026 1:45,0
3/6/2026 2:00,0
3/6/2026 2:15,0
3/6/2026 2:30,0
3/6/2026 2:45,0
3/6/2026 3:00,0
3/6/2026 3:15,0
3/6/2026 3:30,0
3/6/2026 3:45,0
3/6/2026 4:00,0
3/6/2026 4:15,0
3/6/2026 4:30,0
3/6/2026 4:45,0
3/6/2026 5:00,0
3/6/2026 5:15,0
3/6/2026 5:30,0
3/6/2026 5:45,0
3/6/2026 6:00,0
3/6/2026 6:15,0
3/6/2026 6:30,0
3/6/2026 6:45,0
3/6/2026 7:00,0
3/6/2026 7:15,0
3/6/2026 7:30,0
3/6/2026 7:45,0
3/6/2026 8:00,0
3/6/2026 8:15,0
3/6/2026 8:30,0
3/6/2026 8:45,0
3/6/2026 9:00,0
3/6/2026 9:15,0
3/6/2026 9:30,0
3/6/2026 9:45,0
3/6/2026 10:00,0
3/6/2026 10:15,0
3/6/2026 10:30,0
3/6/2026 10:45,0
3/6/2026 11:00,0
3/6/2026 11:15,0
3/6/2026 11:30,0
3/6/2026 11:45,0
3/6/2026 12:00,0
3/6/2026 12:15,0
3/6/2026 12:30,0
3/6/2026 12:45,0
3/6/2026 13:00,0
3/6/2026 13:15,0
3/6/2026 13:30,0
3/6/2026 13:45,0
3/6/2026 14:00,0
3/6/2026 14:15,0
3/6/2026 14:30,0
3/6/2026 14:45,0
3/6/2026 15:00,0
3/6/2026 15:15,0
3/6/2026 15:30,0
3/6/2026 15:45,0
3/6/2026 16:00,0
3/6/2026 16:15,0
3/6/2026 16:30,0
3/6/2026 16:45,0
3/6/2026 17:00,0
3/6/2026 17:15,0
3/6/2026 17:30,0
3/6/2026 17:45,0
3/6/2026 18:00,0
3/6/2026 18:15,0
3/6/2026 18:30,0
3/6/2026 18:45,0
3/6/2026 19:00,0
3/6/2026 19:15,0
3/6/2026 19:30,0
3/6/2026 19:45,0
3/6/2026 20:00,0
3/6/2026 20:15,0
3/6/2026 20:30,0
3/6/2026 20:45,0
3/6/2026 21:00,0
3/6/2026 21:15,0
3/6/2026 21:30,0
3/6/2026 21:45,0
3/6/2026 22:00,0
3/6/2026 22:15,0
3/6/2026 22:30,0
3/6/2026 22:45,0
3/6/2026 23:00,0
3/6/2026 23:15,0
3/6/2026 23:30,0
3/6/2026 23:45,0
3/7/2026 0:00,0
3/7/2026 0:15,0
3/7/2026 0:30,0
3/7/2026 0:45,0
3/7/2026 1:00,0
3/7/2026 1:15,0
3/7/2026 1:30,0
3/7/2026 1:45,0
3/7/2026 2:00,0
3/7/2026 2:15,0
3/7/2026 2:30,0
3/7/2026 2:45,0
3/7/2026 3:00,0
3/7/2026 3:15,0
3/7/2026 3:30,0
3/7/2026 3:45,0
3/7/2026 4:00,0
3/7/2026 4:15,0
3/7/2026 4:30,0
3/7/2026 4:45,0
3/7/2026 5:00,0
3/7/2026 5:15,0
3/7/2026 5:30,0
3/7/2026 5:45,0
3/7/2026 6:00,0
3/7/2026 6:15,0
3/7/2026 6:30,0
3/7/2026 6:45,0
3/7/2026 7:00,0
3/7/2026 7:15,0
3/7/2026 7:30,0
3/7/2026 7:45,0
3/7/2026 8:00,0
3/7/2026 8:15,0
3/7/2026 8:30,0
3/7/2026 8:45,0
3/7/2026 9:00,0
3/7/2026 9:15,0
3/7/2026 9:30,0
3/7/2026 9:45,0
3/7/2026 10:00,0
3/7/2026 10:15,0
3/7/2026 10:30,0
3/7/2026 10:45,0
3/7/2026 11:00,0
3/7/2026 11:15,0
3/7/2026 11:30,0
3/7/2026 11:45,0
3/7/2026 12:00,0
3/7/2026 12:15,0
3/7/2026 12:30,0
3/7/2026 12:45,0
3/7/2026 13:00,0
3/7/2026 13:15,0
3/7/2026 13:30,0
3/7/2026 13:45,0
3/7/2026 14:00,0
3/7/2026 14:15,0
3/7/2026 14:30,0
3/7/2026 14:45,0
3/7/2026 15:00,0
3/7/2026 15:15,0
3/7/2026 15:30,0
3/7/2026 15:45,0
3/7/2026 16:00,0
3/7/2026 16:15,0
3/7/2026 16:30,0
3/7/2026 16:45,0
3/7/2026 17:00,0
3/7/2026 17:15,0
3/7/2026 17:30,0
3/7/2026 17:45,0
3/7/2026 18:00,0
3/7/2026 18:15,0
3/7/2026 18:30,0
3/7/2026 18:45,0
3/7/2026 19:00,0
3/7/2026 19:15,0
3/7/2026 19:30,0
3/7/2026 19:45,0
3/7/2026 20:00,0
3/7/2026 20:15,0
3/7/2026 20:30,0
3/7/2026 20:45,0
3/7/2026 21:00,0
3/7/2026 21:15,0
3/7/2026 21:30,0
3/7/2026 21:45,0
3/7/2026 22:00,0
3/7/2026 22:15,0
3/7/2026 22:30,0
3/7/2026 22:45,0
3/7/2026 23:00,0
3/7/2026 23:15,0
3/7/2026 23:30,0
3/7/2026 23:45,0
3/8/2026 0:00,0
3/8/2026 0:15,0
3/8/2026 0:30,0
3/8/2026 0:45,0
3/8/2026 1:00,0
3/8/2026 1:15,0
3/8/2026 1:30,0
3/8/2026 1:45,0
3/8/2026 3:00,0
3/8/2026 3:15,0
3/8/2026 3:30,0
3/8/2026 3:45,0
3/8/2026 4:00,0
3/8/2026 4:15,0
3/8/2026 4:30,0
3/8/2026 4:45,0
3/8/2026 5:00,0
3/8/2026 5:15,0
3/8/2026 5:30,0
3/8/2026 5:45,0
3/8/2026 6:00,0
3/8/2026 6:15,0
3/8/2026 6:30,0
3/8/2026 6:45,0
3/8/2026 7:00,0
3/8/2026 7:15,0
3/8/2026 7:30,0
3/8/2026 7:45,0
3/8/2026 8:00,0
3/8/2026 8:15,0
3/8/2026 8:30,0
3/8/2026 8:45,0
3/8/2026 9:00,0
3/8/2026 9:15,0
3/8/2026 9:30,0
3/8/2026 9:45,0
3/8/2026 10:00,0
3/8/2026 10:15,0
3/8/2026 10:30,0
3/8/2026 10:45,0
3/8/2026 11:00,0
3/8/2026 11:15,0
3/8/2026 11:30,0
3/8/2026 11:45,0
3/8/2026 12:00,0
3/8/2026 12:15,0
3/8/2026 12:30,0
3/8/2026 12:45,0
3/8/2026 13:00,0
3/8/2026 13:15,0
3/8/2026 13:30,0
3/8/2026 13:45,0
3/8/2026 14:00,0
3/8/2026 14:15,0
3/8/2026 14:30,0
3/8/2026 14:45,0
3/8/2026 15:00,0
3/8/2026 15:15,0
3/8/2026 15:30,0
3/8/2026 15:45,0
3/8/2026 16:00,0
3/8/2026 16:15,0
3/8/2026 16:30,0
3/8/2026 16:45,0
3/8/2026 17:00,0
3/8/2026 17:15,0
3/8/2026 17:30,0
3/8/2026 17:45,0
3/8/2026 18:00,0
3/8/2026 18:15,0
3/8/2026 18:30,0
3/8/2026 18:45,0
3/8/2026 19:00,0
3/8/2026 19:15,0
3/8/2026 19:30,0.5
3/8/2026 19:45,5.1
3/8/2026 20:00,3.6
3/8/2026 20:15,1
3/8/2026 20:30,0.3
3/8/2026 20:45,0
3/8/2026 21:00,0
3/8/2026 21:15,0
3/8/2026 21:30,0
3/8/2026 21:45,0
3/8/2026 22:00,0
3/8/2026 22:15,0.3
3/8/2026 22:30,0
3/8/2026 22:45,0.3
3/8/2026 23:00,0
3/8/2026 23:15,0
3/8/2026 23:30,0.3
3/8/2026 23:45,0.3
3/9/2026 0:00,0.3
3/9/2026 0:15,0
3/9/2026 0:30,0
3/9/2026 0:45,0
3/9/2026 1:00,0
3/9/2026 1:15,0
3/9/2026 1:30,0
3/9/2026 1:45,0
3/9/2026 2:00,0
3/9/2026 2:15,0
3/9/2026 2:30,0
3/9/2026 2:45,0.8
3/9/2026 3:00,0.8
3/9/2026 3:15,0.5
3/9/2026 3:30,0.5
3/9/2026 3:45,0
3/9/2026 4:00,0
3/9/2026 4:15,0
3/9/2026 4:30,0
3/9/2026 4:45,0
3/9/2026 5:00,0
3/9/2026 5:15,0
3/9/2026 5:30,0
3/9/2026 5:45,0
3/9/2026 6:00,0
3/9/2026 6:15,0
3/9/2026 6:30,0
3/9/2026 6:45,0
3/9/2026 7:00,0
3/9/2026 7:15,0
3/9/2026 7:30,0
3/9/2026 7:45,0
3/9/2026 8:00,0
3/9/2026 8:15,0
3/9/2026 8:30,0
3/9/2026 8:45,0
3/9/2026 9:00,0
3/9/2026 9:15,0
3/9/2026 9:30,0
3/9/2026 9:45,0
3/9/2026 10:00,0
3/9/2026 10:15,0
3/9/2026 10:30,0
3/9/2026 10:45,0
3/9/2026 11:00,0
3/9/2026 11:15,0
3/9/2026 11:30,0
3/9/2026 11:45,0
3/9/2026 12:00,0
3/9/2026 12:15,0
3/9/2026 12:30,0
3/9/2026 12:45,0
3/9/2026 13:00,0
3/9/2026 13:15,0
3/9/2026 13:30,0
3/9/2026 13:45,0
3/9/2026 14:00,0
3/9/2026 14:15,0
3/9/2026 14:30,0
3/9/2026 14:45,0
3/9/2026 15:00,0
3/9/2026 15:15,0
3/9/2026 15:30,0
3/9/2026 15:45,0
3/9/2026 16:00,0
3/9/2026 16:15,0
3/9/2026 16:30,0
3/9/2026 16:45,0
3/9/2026 17:00,0
3/9/2026 17:15,0
3/9/2026 17:30,0
3/9/2026 17:45,0
3/9/2026 18:00,0
3/9/2026 18:15,0
3/9/2026 18:30,0
3/9/2026 18:45,0
3/9/2026 19:00,0
3/9/2026 19:15,0
3/9/2026 19:30,0
3/9/2026 19:45,0
3/9/2026 20:00,0
3/9/2026 20:15,0
3/9/2026 20:30,0
3/9/2026 20:45,0
3/9/2026 21:00,0
3/9/2026 21:15,0
3/9/2026 21:30,0
3/9/2026 21:45,0
3/9/2026 22:00,0
3/9/2026 22:15,0
3/9/2026 22:30,0
3/9/2026 22:45,0
3/9/2026 23:00,0
3/9/2026 23:15,0
3/9/2026 23:30,0
3/9/2026 23:45,0
3/10/2026 0:00,0
3/10/2026 0:15,0
3/10/2026 0:30,0
3/10/2026 0:45,0
3/10/2026 1:00,0
3/10/2026 1:15,0
3/10/2026 1:30,0
3/10/2026 1:45,0
3/10/2026 2:00,0
3/10/2026 2:15,0
3/10/2026 2:30,0
3/10/2026 2:45,0
3/10/2026 3:00,0
3/10/2026 3:15,0
3/10/2026 3:30,0
3/10/2026 3:45,0
3/10/2026 4:00,0
3/10/2026 4:15,0
3/10/2026 4:30,0
3/10/2026 4:45,0
3/10/2026 5:00,0
3/10/2026 5:15,0
3/10/2026 5:30,0
3/10/2026 5:45,0
3/10/2026 6:00,0
3/10/2026 6:15,0
3/10/2026 6:30,0
3/10/2026 6:45,0
3/10/2026 7:00,0
3/10/2026 7:15,0
3/10/2026 7:30,0
3/10/2026 7:45,0
3/10/2026 8:00,0
3/10/2026 8:15,0
3/10/2026 8:30,0
3/10/2026 8:45,0
3/10/2026 9:00,0
3/10/2026 9:15,0
3/10/2026 9:30,0
3/10/2026 9:45,0
3/10/2026 10:00,0
3/10/2026 10:15,0
3/10/2026 10:30,0
3/10/2026 10:45,0
3/10/2026 11:00,0
3/10/2026 11:15,0
3/10/2026 11:30,0
3/10/2026 11:45,0
3/10/2026 12:00,0
3/10/2026 12:15,0
3/10/2026 12:30,0
3/10/2026 12:45,0
3/10/2026 13:00,0
3/10/2026 13:15,0
3/10/2026 13:30,0
3/10/2026 13:45,0
3/10/2026 14:00,0
3/10/2026 14:15,0
3/10/2026 14:30,0
3/10/2026 14:45,0
3/10/2026 15:00,0
3/10/2026 15:15,0
3/10/2026 15:30,0
3/10/2026 15:45,0
3/10/2026 16:00,0
3/10/2026 16:15,0
3/10/2026 16:30,0
3/10/2026 16:45,0
3/10/2026 17:00,0
3/10/2026 17:15,0
3/10/2026 17:30,0
3/10/2026 17:45,0
3/10/2026 18:00,0
3/10/2026 18:15,0
3/10/2026 18:30,0
3/10/2026 18:45,0
3/10/2026 19:00,0
3/10/2026 19:15,0
3/10/2026 19:30,0
3/10/2026 19:45,0
3/10/2026 20:00,0
3/10/2026 20:15,0
3/10/2026 20:30,0
3/10/2026 20:45,0
3/10/2026 21:00,0
3/10/2026 21:15,0
3/10/2026 21:30,0
3/10/2026 21:45,0
3/10/2026 22:00,0
3/10/2026 22:15,0
3/10/2026 22:30,0
3/10/2026 22:45,0
3/10/2026 23:00,0
3/10/2026 23:15,0
3/10/2026 23:30,0
3/10/2026 23:45,0
3/11/2026 0:00,0
3/11/2026 0:15,0
3/11/2026 0:30,0
3/11/2026 0:45,0
3/11/2026 1:00,0
3/11/2026 1:15,0
3/11/2026 1:30,0
3/11/2026 1:45,0
3/11/2026 2:00,0
3/11/2026 2:15,0
3/11/2026 2:30,0
3/11/2026 2:45,0
3/11/2026 3:00,0
3/11/2026 3:15,0
3/11/2026 3:30,0
3/11/2026 3:45,0
3/11/2026 4:00,0
3/11/2026 4:15,0
3/11/2026 4:30,0
3/11/2026 4:45,0
3/11/2026 5:00,0
3/11/2026 5:15,0
3/11/2026 5:30,0
3/11/2026 5:45,0
3/11/2026 6:00,0
3/11/2026 6:15,0
3/11/2026 6:30,0
3/11/2026 6:45,0
3/11/2026 7:00,0
3/11/2026 7:15,0
3/11/2026 7:30,0
3/11/2026 7:45,0
3/11/2026 8:00,0
3/11/2026 8:15,0
3/11/2026 8:30,0
3/11/2026 8:45,0
3/11/2026 9:00,0
3/11/2026 9:15,0
3/11/2026 9:30,0
3/11/2026 9:45,0
3/11/2026 10:00,0
3/11/2026 10:15,0
3/11/2026 10:30,0
3/11/2026 10:45,0
3/11/2026 11:00,0
3/11/2026 11:15,0
3/11/2026 11:30,0
3/11/2026 11:45,0
3/11/2026 12:00,0
3/11/2026 12:15,0
3/11/2026 12:30,0
3/11/2026 12:45,0
3/11/2026 13:00,0
3/11/2026 13:15,0
3/11/2026 13:30,0
3/11/2026 13:45,0
3/11/2026 14:00,0
3/11/2026 14:15,0
3/11/2026 14:30,0
3/11/2026 14:45,0
3/11/2026 15:00,0
3/11/2026 15:15,0
3/11/2026 15:30,0
3/11/2026 15:45,0
3/11/2026 16:00,0
3/11/2026 16:15,0
3/11/2026 16:30,0
3/11/2026 16:45,0
3/11/2026 17:00,0
3/11/2026 17:15,0
3/11/2026 17:30,0
3/11/2026 17:45,0
3/11/2026 18:00,0
3/11/2026 18:15,0
3/11/2026 18:30,0
3/11/2026 18:45,0
3/11/2026 19:00,0
3/11/2026 19:15,0
3/11/2026 19:30,0
3/11/2026 19:45,0
3/11/2026 20:00,0
3/11/2026 20:15,0
3/11/2026 20:30,0
3/11/2026 20:45,0
3/11/2026 21:00,0
3/11/2026 21:15,0
3/11/2026 21:30,0
3/11/2026 21:45,0
3/11/2026 22:00,0
3/11/2026 22:15,0
3/11/2026 22:30,0
3/11/2026 22:45,0
3/11/2026 23:00,0
3/11/2026 23:15,0
3/11/2026 23:30,0
3/11/2026 23:45,0
3/12/2026 0:00,0
3/12/2026 0:15,0
3/12/2026 0:30,0
3/12/2026 0:45,0
3/12/2026 1:00,0
3/12/2026 1:15,0
3/12/2026 1:30,0
3/12/2026 1:45,0
3/12/2026 2:00,0
3/12/2026 2:15,0
3/12/2026 2:30,0
3/12/2026 2:45,0
3/12/2026 3:00,0
3/12/2026 3:15,0
3/12/2026 3:30,0
3/12/2026 3:45,0
3/12/2026 4:00,0
3/12/2026 4:15,0
3/12/2026 4:30,0
3/12/2026 4:45,0
3/12/2026 5:00,0
3/12/2026 5:15,0
3/12/2026 5:30,0
3/12/2026 5:45,0
3/12/2026 6:00,0
3/12/2026 6:15,0
3/12/2026 6:30,0
3/12/2026 6:45,0
3/12/2026 7:00,0
3/12/2026 7:15,0
3/12/2026 7:30,0
3/12/2026 7:45,0
3/12/2026 8:00,0
3/12/2026 8:15,0
3/12/2026 8:30,0
3/12/2026 8:45,0
3/12/2026 9:00,0
3/12/2026 9:15,0
3/12/2026 9:30,0
3/12/2026 9:45,0
3/12/2026 10:00,0
3/12/2026 10:15,0
3/12/2026 10:30,0
3/12/2026 10:45,0
3/12/2026 11:00,0
3/12/2026 11:15,0
3/12/2026 11:30,0
3/12/2026 11:45,0
3/12/2026 12:00,0
3/12/2026 12:15,0
3/12/2026 12:30,0
3/12/2026 12:45,0
3/12/2026 13:00,0
3/12/2026 13:15,0
3/12/2026 13:30,0
3/12/2026 13:45,0
3/12/2026 14:00,0
3/12/2026 14:15,0
3/12/2026 14:30,0
3/12/2026 14:45,0
3/12/2026 15:00,0
3/12/2026 15:15,0.5
3/12/2026 15:30,0.3
3/12/2026 15:45,0
3/12/2026 16:00,0
3/12/2026 16:15,0
3/12/2026 16:30,0
3/12/2026 16:45,0
3/12/2026 17:00,0
3/12/2026 17:15,0
3/12/2026 17:30,0
3/12/2026 17:45,0
3/12/2026 18:00,0
3/12/2026 18:15,0
3/12/2026 18:30,0
3/12/2026 18:45,0
3/12/2026 19:00,0
3/12/2026 19:15,0
3/12/2026 19:30,0
3/12/2026 19:45,0
3/12/2026 20:00,0
3/12/2026 20:15,0
3/12/2026 20:30,0
3/12/2026 20:45,0
3/12/2026 21:00,0
3/12/2026 21:15,0
3/12/2026 21:30,0
3/12/2026 21:45,0
3/12/2026 22:00,0
3/12/2026 22:15,0
3/12/2026 22:30,0
3/12/2026 22:45,0
3/12/2026 23:00,0
3/12/2026 23:15,0
3/12/2026 23:30,0
3/12/2026 23:45,0
3/13/2026 0:00,0
3/13/2026 0:15,0
3/13/2026 0:30,0
3/13/2026 0:45,0
3/13/2026 1:00,0
3/13/2026 1:15,0
3/13/2026 1:30,0
3/13/2026 1:45,0
3/13/2026 2:00,0
3/13/2026 2:15,0
3/13/2026 2:30,0
3/13/2026 2:45,0
3/13/2026 3:00,0
3/13/2026 3:15,0
3/13/2026 3:30,0
3/13/2026 3:45,0
3/13/2026 4:00,0
3/13/2026 4:15,0
3/13/2026 4:30,0
3/13/2026 4:45,0
3/13/2026 5:00,0
3/13/2026 5:15,0
3/13/2026 5:30,0
3/13/2026 5:45,0
3/13/2026 6:00,0
3/13/2026 6:15,0
3/13/2026 6:30,0
3/13/2026 6:45,0
3/13/2026 7:00,0
3/13/2026 7:15,0
3/13/2026 7:30,0
3/13/2026 7:45,0
3/13/2026 8:00,0
3/13/2026 8:15,0
3/13/2026 8:30,0
3/13/2026 8:45,0
3/13/2026 9:00,0
3/13/2026 9:15,0
3/13/2026 9:30,0
3/13/2026 9:45,0
3/13/2026 10:00,0
3/13/2026 10:15,0
3/13/2026 10:30,0
3/13/2026 10:45,0
3/13/2026 11:00,0
3/13/2026 11:15,0
3/13/2026 11:30,0
3/13/2026 11:45,0
3/13/2026 12:00,0
3/13/2026 12:15,0
3/13/2026 12:30,0
3/13/2026 12:45,0
3/13/2026 13:00,0
3/13/2026 13:15,0
3/13/2026 13:30,0
3/13/2026 13:45,0
3/13/2026 14:00,0
3/13/2026 14:15,0
3/13/2026 14:30,0
3/13/2026 14:45,0
3/13/2026 15:00,0
3/13/2026 15:15,0
3/13/2026 15:30,0
3/13/2026 15:45,0
3/13/2026 16:00,0
3/13/2026 16:15,0
3/13/2026 16:30,0
3/13/2026 16:45,0
3/13/2026 17:00,0
3/13/2026 17:15,0
3/13/2026 17:30,0
3/13/2026 17:45,0
3/13/2026 18:00,0
3/13/2026 18:15,0
3/13/2026 18:30,0
3/13/2026 18:45,0
3/13/2026 19:00,0
3/13/2026 19:15,0
3/13/2026 19:30,0
3/13/2026 19:45,0
3/13/2026 20:00,0
3/13/2026 20:15,0
3/13/2026 20:30,0
3/13/2026 20:45,0
3/13/2026 21:00,0
3/13/2026 21:15,0
3/13/2026 21:30,0
3/13/2026 21:45,0
3/13/2026 22:00,0
3/13/2026 22:15,0
3/13/2026 22:30,0
3/13/2026 22:45,0
3/13/2026 23:00,0
3/13/2026 23:15,0
3/13/2026 23:30,0
3/13/2026 23:45,0
3/14/2026 0:00,0
3/14/2026 0:15,0
3/14/2026 0:30,0
3/14/2026 0:45,0
3/14/2026 1:00,0
3/14/2026 1:15,0
3/14/2026 1:30,0
3/14/2026 1:45,0
3/14/2026 2:00,0
3/14/2026 2:15,0
3/14/2026 2:30,0
3/14/2026 2:45,0
3/14/2026 3:00,0
3/14/2026 3:15,0
3/14/2026 3:30,0
3/14/2026 3:45,0
3/14/2026 4:00,0
3/14/2026 4:15,0
3/14/2026 4:30,0
3/14/2026 4:45,0
3/14/2026 5:00,0
3/14/2026 5:15,0
3/14/2026 5:30,0
3/14/2026 5:45,0
3/14/2026 6:00,0
3/14/2026 6:15,0
3/14/2026 6:30,0
3/14/2026 6:45,0
3/14/2026 7:00,0
3/14/2026 7:15,0
3/14/2026 7:30,0
3/14/2026 7:45,0
3/14/2026 8:00,0
3/14/2026 8:15,0
3/14/2026 8:30,0
3/14/2026 8:45,0
3/14/2026 9:00,0
3/14/2026 9:15,0
3/14/2026 9:30,0
3/14/2026 9:45,0
3/14/2026 10:00,0
3/14/2026 10:15,0
3/14/2026 10:30,0
3/14/2026 10:45,0
3/14/2026 11:00,0
3/14/2026 11:15,0
3/14/2026 11:30,0
3/14/2026 11:45,0
3/14/2026 12:00,0
3/14/2026 12:15,0
3/14/2026 12:30,0
3/14/2026 12:45,0
3/14/2026 13:00,0
3/14/2026 13:15,0
3/14/2026 13:30,0
3/14/2026 13:45,0
3/14/2026 14:00,0
3/14/2026 14:15,0
3/14/2026 14:30,0
3/14/2026 14:45,0
3/14/2026 15:00,0
3/14/2026 15:15,0
3/14/2026 15:30,0
3/14/2026 15:45,0
3/14/2026 16:00,0
3/14/2026 16:15,0
3/14/2026 16:30,0
3/14/2026 16:45,0
3/14/2026 17:00,0
3/14/2026 17:15,0
3/14/2026 17:30,0
3/14/2026 17:45,0
3/14/2026 18:00,0
3/14/2026 18:15,0
3/14/2026 18:30,0
3/14/2026 18:45,0
3/14/2026 19:00,0
3/14/2026 19:15,0
3/14/2026 19:30,0
3/14/2026 19:45,0
3/14/2026 20:00,0
3/14/2026 20:15,0
3/14/2026 20:30,0
3/14/2026 20:45,0
3/14/2026 21:00,0
3/14/2026 21:15,0
3/14/2026 21:30,0
3/14/2026 21:45,0
3/14/2026 22:00,0
3/14/2026 22:15,0
3/14/2026 22:30,0
3/14/2026 22:45,0
3/14/2026 23:00,0
3/14/2026 23:15,0
3/14/2026 23:30,0
3/14/2026 23:45,0
3/15/2026 0:00,0
3/15/2026 0:15,0
3/15/2026 0:30,0
3/15/2026 0:45,0
3/15/2026 1:00,0
3/15/2026 1:15,0
3/15/2026 1:30,0
3/15/2026 1:45,0
3/15/2026 2:00,0
3/15/2026 2:15,0
3/15/2026 2:30,0
3/15/2026 2:45,0
3/15/2026 3:00,0
3/15/2026 3:15,0
3/15/2026 3:30,0
3/15/2026 3:45,0
3/15/2026 4:00,0
3/15/2026 4:15,0
3/15/2026 4:30,0
3/15/2026 4:45,0
3/15/2026 5:00,0
3/15/2026 5:15,0
3/15/2026 5:30,0
3/15/2026 5:45,0
3/15/2026 6:00,0
3/15/2026 6:15,0
3/15/2026 6:30,0
3/15/2026 6:45,0
3/15/2026 7:00,0
3/15/2026 7:15,0
3/15/2026 7:30,0
3/15/2026 7:45,0
3/15/2026 8:00,0
3/15/2026 8:15,0
3/15/2026 8:30,0
3/15/2026 8:45,0
3/15/2026 9:00,0
3/15/2026 9:15,0
3/15/2026 9:30,0
3/15/2026 9:45,0
3/15/2026 10:00,0
3/15/2026 10:15,0
3/15/2026 10:30,0
3/15/2026 10:45,0
3/15/2026 11:00,0
3/15/2026 11:15,0
3/15/2026 11:30,0
3/15/2026 11:45,0
3/15/2026 12:00,0
3/15/2026 12:15,0
3/15/2026 12:30,0
3/15/2026 12:45,0
3/15/2026 13:00,0
3/15/2026 13:15,0
3/15/2026 13:30,0
3/15/2026 13:45,0
3/15/2026 14:00,0
3/15/2026 14:15,0
3/15/2026 14:30,0
3/15/2026 14:45,0
3/15/2026 15:00,0
3/15/2026 15:15,0
3/15/2026 15:30,0
3/15/2026 15:45,0
3/15/2026 16:00,0
3/15/2026 16:15,0
3/15/2026 16:30,0
3/15/2026 16:45,0
3/15/2026 17:00,0
3/15/2026 17:15,0
3/15/2026 17:30,0
3/15/2026 17:45,0
3/15/2026 18:00,0
3/15/2026 18:15,0
3/15/2026 18:30,0
3/15/2026 18:45,0
3/15/2026 19:00,0
3/15/2026 19:15,0
3/15/2026 19:30,0
3/15/2026 19:45,0
3/15/2026 20:00,0
3/15/2026 20:15,0
3/15/2026 20:30,0
3/15/2026 20:45,0
3/15/2026 21:00,0
3/15/2026 21:15,0
3/15/2026 21:30,0
3/15/2026 21:45,0
3/15/2026 22:00,0
3/15/2026 22:15,0
3/15/2026 22:30,0
3/15/2026 22:45,0
3/15/2026 23:00,0
3/15/2026 23:15,0
3/15/2026 23:30,0
3/15/2026 23:45,0
3/16/2026 0:00,0
3/16/2026 0:15,0
3/16/2026 0:30,0
3/16/2026 0:45,0
3/16/2026 1:00,0
3/16/2026 1:15,0
3/16/2026 1:30,0
3/16/2026 1:45,0
3/16/2026 2:00,0
3/16/2026 2:15,0
3/16/2026 2:30,0
3/16/2026 2:45,0
3/16/2026 3:00,0
3/16/2026 3:15,0
3/16/2026 3:30,0
3/16/2026 3:45,0
3/16/2026 4:00,0
3/16/2026 4:15,0
3/16/2026 4:30,0
3/16/2026 4:45,0
3/16/2026 5:00,0
3/16/2026 5:15,0
3/16/2026 5:30,0
3/16/2026 5:45,0
3/16/2026 6:00,0
3/16/2026 6:15,0
3/16/2026 6:30,0
3/16/2026 6:45,0
3/16/2026 7:00,0
3/16/2026 7:15,0
3/16/2026 7:30,0
3/16/2026 7:45,0
3/16/2026 8:00,0
3/16/2026 8:15,0
3/16/2026 8:30,0
3/16/2026 8:45,0
3/16/2026 9:00,0
3/16/2026 9:15,0
3/16/2026 9:30,0
3/16/2026 9:45,0
3/16/2026 10:00,0
3/16/2026 10:15,1.3
3/16/2026 10:30,0.3
3/16/2026 10:45,0.3
3/16/2026 11:00,0
3/16/2026 11:15,0
3/16/2026 11:30,1.3
3/16/2026 11:45,0.5
3/16/2026 12:00,0
3/16/2026 12:15,0
3/16/2026 12:30,0
3/16/2026 12:45,0
3/16/2026 13:00,0.3
3/16/2026 13:15,0.5
3/16/2026 13:30,3.8
3/16/2026 13:45,1.5
3/16/2026 14:00,7.6
3/16/2026 14:15,7.6
3/16/2026 14:30,8.4
3/16/2026 14:45,6.3
3/16/2026 15:00,2.8
3/16/2026 15:15,1.8
3/16/2026 15:30,2.3
3/16/2026 15:45,3.6
3/16/2026 16:00,0.3
3/16/2026 16:15,1
3/16/2026 16:30,4.1
3/16/2026 16:45,0
3/16/2026 17:00,0
3/16/2026 17:15,0
3/16/2026 17:30,0
3/16/2026 17:45,0
3/16/2026 18:00,0.3
3/16/2026 18:15,0
3/16/2026 18:30,0
3/16/2026 18:45,0
3/16/2026 19:00,0
3/16/2026 19:15,0
3/16/2026 19:30,0
3/16/2026 19:45,0
3/16/2026 20:00,0
3/16/2026 20:15,0
3/16/2026 20:30,0
3/16/2026 20:45,0
3/16/2026 21:00,0.3
3/16/2026 21:15,0
3/16/2026 21:30,0
3/16/2026 21:45,0
3/16/2026 22:00,0
3/16/2026 22:15,0
3/16/2026 22:30,0
3/16/2026 22:45,0
3/16/2026 23:00,0
3/16/2026 23:15,0
3/16/2026 23:30,0
3/16/2026 23:45,0
3/17/2026 0:00,0
3/17/2026 0:15,0
3/17/2026 0:30,0
3/17/2026 0:45,0
3/17/2026 1:00,0
3/17/2026 1:15,0
3/17/2026 1:30,0
3/17/2026 1:45,0
3/17/2026 2:00,0
3/17/2026 2:15,0
3/17/2026 2:30,0
3/17/2026 2:45,0
3/17/2026 3:00,0
3/17/2026 3:15,0
3/17/2026 3:30,0
3/17/2026 3:45,0
3/17/2026 4:00,0
3/17/2026 4:15,0
3/17/2026 4:30,0
3/17/2026 4:45,0
3/17/2026 5:00,0
3/17/2026 5:15,0
3/17/2026 5:30,0
3/17/2026 5:45,0
3/17/2026 6:00,0
3/17/2026 6:15,0
3/17/2026 6:30,0
3/17/2026 6:45,0
3/17/2026 7:00,0
3/17/2026 7:15,0
3/17/2026 7:30,0
3/17/2026 7:45,0
3/17/2026 8:00,0
3/17/2026 8:15,0
3/17/2026 8:30,0
3/17/2026 8:45,0
3/17/2026 9:00,0
3/17/2026 9:15,0
3/17/2026 9:30,0
3/17/2026 9:45,0
3/17/2026 10:00,0
3/17/2026 10:15,0
3/17/2026 10:30,0
3/17/2026 10:45,0
3/17/2026 11:00,0
3/17/2026 11:15,0
3/17/2026 11:30,0
3/17/2026 11:45,0
3/17/2026 12:00,0
3/17/2026 12:15,0
3/17/2026 12:30,0
3/17/2026 12:45,0
3/17/2026 13:00,0
3/17/2026 13:15,0
3/17/2026 13:30,0
3/17/2026 13:45,0
3/17/2026 14:00,0
3/17/2026 14:15,0
