,,,,,,,,
e00fce681282837e5d0586e0,11/25/2025 9:25:36,,rainfall,1764080734,60.36389,0,0.17,0
e00fce681282837e5d0586e0,11/25/2025 9:36:14,,rainfall,946684813,27.6625,0,0.17,91.96
e00fce681282837e5d0586e0,11/25/2025 9:41:31,,rainfall,946684813,39.67778,0,0.17,92.6
e00fce681282837e5d0586e0,11/25/2025 10:00:52,,rainfall,1764082828,164.17084,1.4,0.05,83.03
e00fce681282837e5d0586e0,12/1/2025 11:01:44,,rainfall,946684813,180.51805,0,0.18,91.33
e00fce681282837e5d0586e0,12/1/2025 12:00:31,,rainfall,1764608430,107.43611,20.68,0.05,80.42
e00fce681282837e5d0586e0,12/1/2025 13:00:31,,rainfall,1764612029,107.86945,0,0.05,71.27
e00fce681282837e5d0586e0,12/1/2025 14:00:31,,rainfall,1764615630,104.33472,0,0.04,62.39
e00fce681282837e5d0586e0,12/1/2025 15:00:41,,rainfall,1764619230,106.18195,0,0.04,53.46
e00fce681282837e5d0586e0,12/1/2025 16:00:34,,rainfall,1764622829,105.96667,0,0.03,41.19
e00fce681282837e5d0586e0,12/1/2025 17:00:36,,rainfall,1764626430,105.79723,0,0.03,31.26
e00fce681282837e5d0586e0,12/1/2025 18:00:22,,rainfall,1764630019,106.07083,0,0.03,23.96
e00fce681282837e5d0586e0,12/1/2025 19:00:35,,rainfall,1764633629,105.71389,0,0.03,14.91
e00fce681282837e5d0586e0,12/1/2025 20:00:32,,rainfall,1764637230,111.2125,0,0.03,4.89
e00fce681282837e5d0586e0,12/1/2025 21:07:27,,rainfall,1764640828,106.87778,0,0.03,0.04
e00fce681282837e5d0586e0,12/1/2025 22:07:16,,rainfall,1764644419,112.40972,0,0.03,0
e00fce681282837e5d0586e0,12/1/2025 23:00:21,,rainfall,1764648019,111.85694,0,0.03,0
e00fce681282837e5d0586e0,12/2/2025 0:00:31,,rainfall,1764651629,112.84028,0,0.03,0
e00fce681282837e5d0586e0,12/2/2025 1:00:34,,rainfall,1764655230,107.675,0,0.03,0
e00fce681282837e5d0586e0,12/2/2025 2:00:31,,rainfall,1764658829,111.94583,0,0.03,0
e00fce681282837e5d0586e0,12/2/2025 3:00:31,,rainfall,1764662430,112.25139,0,0.03,0
e00fce681282837e5d0586e0,12/2/2025 4:00:35,,rainfall,1764666028,105.39306,0,0.03,0
e00fce681282837e5d0586e0,12/2/2025 5:00:31,,rainfall,1764669629,103.8875,0,0.03,0
e00fce681282837e5d0586e0,12/2/2025 6:00:34,,rainfall,1764673229,104.8125,0.28,0.03,0
e00fce681282837e5d0586e0,12/2/2025 7:00:32,,rainfall,1764676829,106.21806,0.56,0.03,0
e00fce681282837e5d0586e0,12/2/2025 8:00:32,,rainfall,1764680430,105.82361,0,0.04,0
e00fce681282837e5d0586e0,12/2/2025 9:00:35,,rainfall,1764684030,105.45139,0,0.04,0
e00fce681282837e5d0586e0,12/2/2025 10:00:32,,rainfall,1764687630,106.46806,0,0.04,0
e00fce681282837e5d0586e0,12/2/2025 11:00:31,,rainfall,1764691229,105.83472,0.28,0.04,0
e00fce681282837e5d0586e0,12/2/2025 12:00:32,,rainfall,1764694829,103.53333,1.12,0.04,0
e00fce681282837e5d0586e0,12/2/2025 13:00:33,,rainfall,1764698429,102.11528,0.28,0.04,0
e00fce681282837e5d0586e0,12/2/2025 14:00:33,,rainfall,1764702030,102.35973,0.28,0.04,0
e00fce681282837e5d0586e0,12/2/2025 15:00:35,,rainfall,1764705629,105.70556,0,0.04,0
e00fce681282837e5d0586e0,12/2/2025 16:00:33,,rainfall,1764709229,106.26945,0,0.04,0
e00fce681282837e5d0586e0,12/2/2025 17:00:38,,rainfall,1764712830,105.38333,0,0.04,0
e00fce681282837e5d0586e0,12/2/2025 18:00:35,,rainfall,1764716429,105.00417,0,0.04,0
e00fce681282837e5d0586e0,12/2/2025 19:00:32,,rainfall,1764720029,104.21667,0,0.04,0
e00fce681282837e5d0586e0,12/2/2025 20:00:35,,rainfall,1764723629,106.05556,0,0.04,0
e00fce681282837e5d0586e0,12/2/2025 21:07:23,,rainfall,1764727230,104.71806,0,0.04,0
e00fce681282837e5d0586e0,12/2/2025 22:00:21,,rainfall,1764730819,104.9625,0,0.04,0
e00fce681282837e5d0586e0,12/2/2025 23:00:33,,rainfall,1764734430,108.41111,0,0.04,0
e00fce681282837e5d0586e0,12/3/2025 0:00:34,,rainfall,1764738029,106.13194,0,0.04,0
e00fce681282837e5d0586e0,12/3/2025 1:00:32,,rainfall,1764741629,109.12917,0,0.03,0
e00fce681282837e5d0586e0,12/3/2025 2:00:34,,rainfall,1764745229,112.12917,0,0.03,0
e00fce681282837e5d0586e0,12/3/2025 3:00:32,,rainfall,1764748830,117.94722,0,0.03,0
e00fce681282837e5d0586e0,12/3/2025 4:00:31,,rainfall,1764752429,118.78472,0,0.03,0
e00fce681282837e5d0586e0,12/3/2025 5:00:32,,rainfall,1764756029,116.18472,0,0.03,0
e00fce681282837e5d0586e0,12/3/2025 6:00:33,,rainfall,1764759631,114.92083,0,0.03,0
e00fce681282837e5d0586e0,12/3/2025 7:00:36,,rainfall,1764763229,115.79583,0,0.03,0
e00fce681282837e5d0586e0,12/3/2025 8:05:29,,rainfall,1764766829,112.95417,0,0.03,0
e00fce681282837e5d0586e0,12/5/2025 8:40:35,,rainfall,946684813,270.39722,0,0.17,91.96
e00fce681282837e5d0586e0,12/16/2025 10:16:23,,rainfall,946684813,54.83333,1.4,3.81,45.28
e00fce681282837e5d0586e0,12/18/2025 8:58:13,,rainfall,946684813,55.01944,0,3.81,43.64
e00fce681282837e5d0586e0,12/18/2025 9:00:31,,rainfall,1766066428,56.74583,0,3.81,43.64
e00fce681282837e5d0586e0,12/18/2025 10:00:33,,rainfall,1766070031,58.44305,0,3.81,43.64
e00fce681282837e5d0586e0,12/19/2025 7:08:44,,rainfall,946684813,56.58055,0,0.17,91.96
e00fce681282837e5d0586e0,12/19/2025 8:00:37,,rainfall,1766149230,54.52639,5.87,4.14,94.65
e00fce681282837e5d0586e0,12/19/2025 9:00:31,,rainfall,1766152829,56.06528,0,4.14,94.65
e00fce681282837e5d0586e0,12/19/2025 10:00:37,,rainfall,1766156430,56.25278,0,4.14,94.65
e00fce681282837e5d0586e0,12/19/2025 11:00:35,,rainfall,1766160029,54.62639,0,4.14,94.65
e00fce681282837e5d0586e0,12/19/2025 12:00:32,,rainfall,1766163630,54.51528,0,4.14,94.65
e00fce681282837e5d0586e0,12/19/2025 13:00:31,,rainfall,1766167229,54.16806,0,4.14,94.65
e00fce681282837e5d0586e0,12/19/2025 14:00:33,,rainfall,1766170829,54.10556,0,4.14,94.65
e00fce681282837e5d0586e0,12/19/2025 15:00:32,,rainfall,1766174429,54.31528,0,4.14,94.65
e00fce681282837e5d0586e0,12/19/2025 16:00:35,,rainfall,1766178029,58.69722,0,4.14,94.65
e00fce681282837e5d0586e0,12/19/2025 17:00:32,,rainfall,1766181630,62.61528,0,4.14,94.65
e00fce681282837e5d0586e0,12/19/2025 18:00:43,,rainfall,1766185229,66.22222,0,4.14,94.65
e00fce681282837e5d0586e0,12/19/2025 19:00:34,,rainfall,1766188829,69.61528,0,4.14,94.65
e00fce681282837e5d0586e0,12/19/2025 19:00:34,,rainfall,1766188829,69.61528,0,4.14,94.65
e00fce681282837e5d0586e0,12/19/2025 20:00:35,,rainfall,1766192429,71.35139,0,4.14,94.65
e00fce681282837e5d0586e0,12/19/2025 21:00:32,,rainfall,1766196030,72.13055,0,4.14,94.65
e00fce681282837e5d0586e0,12/19/2025 22:00:32,,rainfall,1766199629,72.9625,0,4.14,94.65
e00fce681282837e5d0586e0,12/19/2025 23:00:37,,rainfall,1766203229,73.30139,0,4.14,94.65
e00fce681282837e5d0586e0,12/20/2025 0:00:35,,rainfall,1766206829,74.13194,0,4.14,94.5
e00fce681282837e5d0586e0,12/20/2025 1:00:35,,rainfall,1766210429,74.65556,0,4.14,94.5
e00fce681282837e5d0586e0,12/20/2025 2:00:33,,rainfall,1766214030,75.24583,0,4.14,94.5
e00fce681282837e5d0586e0,12/20/2025 3:00:46,,rainfall,1766217630,75.84028,0,4.14,94.5
e00fce681282837e5d0586e0,12/20/2025 4:00:35,,rainfall,1766221229,76.52084,0,4.14,94.5
e00fce681282837e5d0586e0,12/20/2025 5:00:33,,rainfall,1766224830,77.23333,0,4.14,94.5
e00fce681282837e5d0586e0,12/20/2025 6:00:36,,rainfall,1766228429,78.01667,0,4.14,94.5
e00fce681282837e5d0586e0,12/20/2025 7:00:40,,rainfall,1766232030,77.71806,0,4.14,94.5
e00fce681282837e5d0586e0,12/20/2025 8:00:34,,rainfall,1766235629,75.79305,0,4.14,94.5
e00fce681282837e5d0586e0,12/20/2025 9:00:36,,rainfall,1766239229,70.80972,0,4.14,94.5
e00fce681282837e5d0586e0,12/20/2025 10:00:33,,rainfall,1766242829,67.23333,0,4.14,94.5
e00fce681282837e5d0586e0,12/20/2025 11:00:36,,rainfall,1766246430,67.19861,0,4.14,94.5
e00fce681282837e5d0586e0,12/20/2025 12:00:40,,rainfall,1766250030,65.98473,0,4.14,94.5
e00fce681282837e5d0586e0,12/20/2025 13:00:33,,rainfall,1766253629,64.73194,0,4.14,94.5
e00fce681282837e5d0586e0,12/20/2025 14:00:37,,rainfall,1766257229,64.12222,0,4.14,94.5
e00fce681282837e5d0586e0,12/20/2025 15:00:34,,rainfall,1766260830,61.68889,0,4.14,94.5
e00fce681282837e5d0586e0,12/20/2025 16:00:41,,rainfall,1766264429,65.93056,0,4.14,94.5
e00fce681282837e5d0586e0,12/20/2025 17:00:35,,rainfall,1766268029,70.32777,0,4.14,94.5
e00fce681282837e5d0586e0,12/20/2025 18:00:34,,rainfall,1766271629,73.46806,0,4.14,94.5
e00fce681282837e5d0586e0,12/20/2025 19:00:37,,rainfall,1766275229,73.76527,0,4.14,94.5
e00fce681282837e5d0586e0,12/20/2025 20:00:35,,rainfall,1766278829,73.7125,0,4.14,94.5
e00fce681282837e5d0586e0,12/20/2025 21:00:37,,rainfall,1766282430,74.19861,0,4.14,94.34
e00fce681282837e5d0586e0,12/20/2025 22:00:34,,rainfall,1766286029,74.42223,0,4.14,94.34
e00fce681282837e5d0586e0,12/20/2025 23:00:35,,rainfall,1766289629,74.16805,0,4.14,94.34
e00fce681282837e5d0586e0,12/21/2025 0:00:36,,rainfall,1766293229,75.26389,0,4.14,94.34
e00fce681282837e5d0586e0,12/21/2025 1:00:35,,rainfall,1766296830,76.14584,0,4.14,94.34
e00fce681282837e5d0586e0,12/21/2025 2:00:35,,rainfall,1766300429,76.27222,0,4.14,94.34
e00fce681282837e5d0586e0,12/21/2025 3:00:34,,rainfall,1766304029,76.45417,0,4.14,94.34
e00fce681282837e5d0586e0,12/21/2025 4:00:40,,rainfall,1766307629,76.75972,0,4.14,94.34
e00fce681282837e5d0586e0,12/21/2025 5:00:35,,rainfall,1766311230,80.52222,0,4.14,94.34
e00fce681282837e5d0586e0,12/21/2025 6:00:34,,rainfall,1766314829,83.27917,0,4.14,94.34
e00fce681282837e5d0586e0,12/21/2025 7:00:37,,rainfall,1766318428,85.23333,0,4.14,94.34
e00fce681282837e5d0586e0,12/21/2025 8:00:38,,rainfall,1766322030,87.52084,0,4.14,94.34
e00fce681282837e5d0586e0,12/21/2025 9:00:38,,rainfall,1766325629,93.12083,0,4.14,94.34
e00fce681282837e5d0586e0,12/21/2025 10:00:36,,rainfall,1766329229,75.55833,0,4.14,94.34
e00fce681282837e5d0586e0,12/21/2025 11:00:36,,rainfall,1766332830,67.99583,0,4.14,94.34
e00fce681282837e5d0586e0,12/21/2025 12:00:36,,rainfall,1766336429,62.37083,0,4.14,94.34
e00fce681282837e5d0586e0,12/21/2025 13:00:38,,rainfall,1766340029,58.58472,0,4.14,94.34
e00fce681282837e5d0586e0,12/21/2025 14:00:36,,rainfall,1766343629,55.49166,0,4.14,94.34
e00fce681282837e5d0586e0,12/21/2025 15:00:41,,rainfall,1766347230,54.44722,0,4.14,94.34
e00fce681282837e5d0586e0,12/21/2025 16:00:36,,rainfall,1766350830,57.80972,0,4.14,94.34
e00fce681282837e5d0586e0,12/21/2025 17:00:39,,rainfall,1766354429,62.48472,0,4.14,94.34
e00fce681282837e5d0586e0,12/21/2025 18:00:36,,rainfall,1766358030,65.96667,0,4.14,94.18
e00fce681282837e5d0586e0,12/21/2025 19:00:36,,rainfall,1766361629,65.60139,0,4.14,94.18
e00fce681282837e5d0586e0,12/21/2025 20:00:36,,rainfall,1766365229,67.35694,0,4.14,94.18
e00fce681282837e5d0586e0,12/21/2025 21:00:39,,rainfall,1766368830,69.30833,0,4.14,94.18
e00fce681282837e5d0586e0,12/21/2025 22:00:42,,rainfall,1766372430,70.14445,0,4.14,94.18
e00fce681282837e5d0586e0,12/21/2025 23:00:36,,rainfall,1766376029,70.72916,0,4.14,94.18
e00fce681282837e5d0586e0,12/22/2025 0:00:38,,rainfall,1766379629,71.84583,0,4.14,94.18
e00fce681282837e5d0586e0,12/22/2025 1:00:37,,rainfall,1766383231,72.6375,0,4.14,94.18
e00fce681282837e5d0586e0,12/22/2025 2:00:43,,rainfall,1766386830,73.32083,0,4.14,94.18
e00fce681282837e5d0586e0,12/22/2025 3:00:39,,rainfall,1766390429,73.04444,0,4.14,94.18
e00fce681282837e5d0586e0,12/22/2025 4:00:45,,rainfall,1766394029,73.7625,0,4.14,94.18
e00fce681282837e5d0586e0,12/22/2025 5:00:38,,rainfall,1766397630,74.06389,0,4.14,94.18
e00fce681282837e5d0586e0,12/22/2025 6:00:36,,rainfall,1766401229,74.27778,0,4.14,94.18
e00fce681282837e5d0586e0,12/22/2025 7:00:48,,rainfall,1766404830,74.51667,0,4.14,94.18
e00fce681282837e5d0586e0,12/22/2025 8:00:33,,rainfall,1766408430,74.61806,0,4.14,94.18
e00fce681282837e5d0586e0,12/22/2025 9:00:33,,rainfall,1766412031,69.71389,0,4.14,94.18
e00fce681282837e5d0586e0,12/22/2025 10:00:34,,rainfall,1766415631,67.87222,0,4.14,94.18
e00fce681282837e5d0586e0,12/22/2025 11:00:34,,rainfall,1766419229,67.75278,0,4.14,94.18
e00fce681282837e5d0586e0,12/22/2025 12:00:33,,rainfall,1766422829,66.40139,0,4.14,94.18
e00fce681282837e5d0586e0,12/22/2025 13:00:33,,rainfall,1766426429,65.6875,0,4.14,94.18
e00fce681282837e5d0586e0,12/22/2025 14:00:38,,rainfall,1766430029,64.84306,0,4.14,94.02
e00fce681282837e5d0586e0,12/22/2025 15:00:32,,rainfall,1766433629,63.9625,0,4.14,94.02
e00fce681282837e5d0586e0,12/22/2025 16:00:33,,rainfall,1766437230,66.64306,0,4.14,94.02
e00fce681282837e5d0586e0,12/22/2025 17:00:35,,rainfall,1766440829,71.36945,0,4.14,94.02
e00fce681282837e5d0586e0,12/22/2025 18:00:38,,rainfall,1766444430,71.98194,0,4.14,94.02
e00fce681282837e5d0586e0,12/22/2025 19:00:32,,rainfall,1766448029,71.8125,0,4.14,94.02
e00fce681282837e5d0586e0,12/22/2025 20:00:38,,rainfall,1766451630,71.86667,0,4.14,94.02
e00fce681282837e5d0586e0,12/22/2025 21:00:33,,rainfall,1766455229,72.01527,0,4.14,94.02
e00fce681282837e5d0586e0,12/22/2025 22:00:34,,rainfall,1766458830,72.98333,0,4.14,94.02
e00fce681282837e5d0586e0,12/22/2025 23:00:36,,rainfall,1766462430,73.57361,0,4.14,94.02
e00fce681282837e5d0586e0,12/23/2025 0:00:36,,rainfall,1766466030,74.84167,0,4.14,94.02
e00fce681282837e5d0586e0,12/23/2025 1:00:36,,rainfall,1766469629,75.55695,0,4.14,94.02
e00fce681282837e5d0586e0,12/23/2025 2:00:38,,rainfall,1766473229,76.15694,0,4.14,94.02
e00fce681282837e5d0586e0,12/23/2025 3:00:34,,rainfall,1766476829,76.01389,0,4.14,94.02
e00fce681282837e5d0586e0,12/23/2025 4:00:34,,rainfall,1766480429,76.05695,0,4.14,94.02
e00fce681282837e5d0586e0,12/23/2025 5:00:32,,rainfall,1766484029,76.30556,0,4.14,94.02
e00fce681282837e5d0586e0,12/23/2025 6:00:34,,rainfall,1766487629,75.85833,0,4.14,94.02
e00fce681282837e5d0586e0,12/23/2025 7:00:34,,rainfall,1766491230,74.57361,0,4.14,94.02
e00fce681282837e5d0586e0,12/23/2025 8:00:34,,rainfall,1766494829,72.92778,0,4.14,94.02
e00fce681282837e5d0586e0,12/23/2025 9:00:37,,rainfall,1766498429,70.88194,0,4.14,93.86
e00fce681282837e5d0586e0,12/23/2025 10:00:35,,rainfall,1766502031,69.22778,0,4.14,93.86
e00fce681282837e5d0586e0,12/23/2025 11:00:34,,rainfall,1766505629,64.67361,0,4.14,93.86
e00fce681282837e5d0586e0,12/23/2025 12:00:34,,rainfall,1766509229,60.12639,0,4.14,93.86
e00fce681282837e5d0586e0,12/23/2025 13:00:37,,rainfall,1766512830,57.72917,0,4.14,93.86
e00fce681282837e5d0586e0,12/23/2025 14:00:33,,rainfall,1766516429,58.08194,0,4.14,93.86
e00fce681282837e5d0586e0,12/23/2025 15:00:40,,rainfall,1766520029,56.78056,0,4.14,93.86
e00fce681282837e5d0586e0,12/23/2025 16:00:39,,rainfall,1766523629,58.37222,0,4.14,93.86
e00fce681282837e5d0586e0,12/23/2025 17:00:34,,rainfall,1766527229,61.6125,0,4.14,93.86
e00fce681282837e5d0586e0,12/23/2025 18:00:38,,rainfall,1766530830,66.0125,0,4.14,93.86
e00fce681282837e5d0586e0,12/23/2025 19:00:36,,rainfall,1766534430,66.78889,0,4.14,93.86
e00fce681282837e5d0586e0,12/23/2025 20:00:37,,rainfall,1766538029,65.47361,0,4.14,93.86
e00fce681282837e5d0586e0,12/23/2025 21:09:32,,rainfall,1766541629,65.71944,0,4.14,93.86
e00fce681282837e5d0586e0,12/23/2025 22:02:13,,rainfall,1766545229,66.19167,0,4.13,93.7
e00fce681282837e5d0586e0,12/23/2025 23:00:27,,rainfall,1766548819,64.75,0,4.13,93.7
e00fce681282837e5d0586e0,12/24/2025 0:00:34,,rainfall,1766552429,65.94444,0,4.13,93.7
e00fce681282837e5d0586e0,12/24/2025 1:00:37,,rainfall,1766556029,68.28194,0,4.13,93.7
e00fce681282837e5d0586e0,12/24/2025 2:00:40,,rainfall,1766559629,68.42223,0,4.13,93.7
e00fce681282837e5d0586e0,12/24/2025 3:00:35,,rainfall,1766563229,68.47778,0,4.13,93.7
e00fce681282837e5d0586e0,12/24/2025 4:00:39,,rainfall,1766566829,69.77361,0,4.13,93.7
e00fce681282837e5d0586e0,12/24/2025 5:00:38,,rainfall,1766570429,69.62917,0,4.13,93.7
e00fce681282837e5d0586e0,12/24/2025 6:00:40,,rainfall,1766574029,70.21806,0,4.13,93.7
e00fce681282837e5d0586e0,12/24/2025 7:00:36,,rainfall,1766577629,70.78194,0,4.13,93.7
e00fce681282837e5d0586e0,12/24/2025 8:00:34,,rainfall,1766581229,69.38055,0,4.13,93.7
e00fce681282837e5d0586e0,12/24/2025 9:00:36,,rainfall,1766584830,65.23611,0,4.13,93.7
e00fce681282837e5d0586e0,12/24/2025 10:00:35,,rainfall,1766588430,61.35278,0,4.13,93.55
e00fce681282837e5d0586e0,12/24/2025 11:00:35,,rainfall,1766592029,58.34861,0,4.13,93.55
e00fce681282837e5d0586e0,12/24/2025 12:00:36,,rainfall,1766595630,53.75694,0,4.13,93.55
e00fce681282837e5d0586e0,12/24/2025 13:00:36,,rainfall,1766599229,51.75694,0,4.13,93.55
e00fce681282837e5d0586e0,12/24/2025 14:00:36,,rainfall,1766602829,49.69305,0,4.13,93.55
e00fce681282837e5d0586e0,12/24/2025 15:00:36,,rainfall,1766606429,49.96806,0,4.13,93.55
e00fce681282837e5d0586e0,12/24/2025 16:00:40,,rainfall,1766610029,51.85139,0,4.13,93.55
e00fce681282837e5d0586e0,12/24/2025 17:00:35,,rainfall,1766613629,61.67222,0,4.13,93.55
e00fce681282837e5d0586e0,12/24/2025 18:00:38,,rainfall,1766617229,66.0375,0,4.13,93.55
e00fce681282837e5d0586e0,12/24/2025 19:00:36,,rainfall,1766620829,67.77222,0,4.13,93.55
e00fce681282837e5d0586e0,12/24/2025 20:00:41,,rainfall,1766624430,68.01389,0,4.13,93.55
e00fce681282837e5d0586e0,12/24/2025 21:00:36,,rainfall,1766628029,67.99861,0,4.13,93.55
e00fce681282837e5d0586e0,12/24/2025 22:00:36,,rainfall,1766631629,68.62917,0,4.13,93.55
e00fce681282837e5d0586e0,12/24/2025 23:00:36,,rainfall,1766635229,69.25278,0,4.13,93.55
e00fce681282837e5d0586e0,12/25/2025 0:00:38,,rainfall,1766638829,69.94305,0,4.13,93.55
e00fce681282837e5d0586e0,12/25/2025 1:00:39,,rainfall,1766642429,69.97361,0,4.13,93.55
e00fce681282837e5d0586e0,12/25/2025 2:00:39,,rainfall,1766646029,69.5,0,4.13,93.55
e00fce681282837e5d0586e0,12/25/2025 3:00:36,,rainfall,1766649629,69.69305,0,4.13,93.55
e00fce681282837e5d0586e0,12/25/2025 4:00:44,,rainfall,1766653229,74.14445,0,4.13,93.55
e00fce681282837e5d0586e0,12/25/2025 5:00:41,,rainfall,1766656829,86.46667,0,4.13,93.55
e00fce681282837e5d0586e0,12/25/2025 6:00:39,,rainfall,1766660430,87.99861,0,4.13,93.55
e00fce681282837e5d0586e0,12/25/2025 7:00:46,,rainfall,1766664029,94.54583,0,4.13,93.55
e00fce681282837e5d0586e0,12/25/2025 8:00:32,,rainfall,1766667629,119.36945,0,4.13,93.39
e00fce681282837e5d0586e0,12/25/2025 9:00:31,,rainfall,1766671230,94.79028,0,4.13,93.39
e00fce681282837e5d0586e0,12/25/2025 10:00:30,,rainfall,1766674829,69.83889,0,4.13,93.39
e00fce681282837e5d0586e0,12/25/2025 11:00:35,,rainfall,1766678430,59.60556,0,4.13,93.39
e00fce681282837e5d0586e0,12/25/2025 12:00:39,,rainfall,1766682029,55.87917,0,4.13,93.39
e00fce681282837e5d0586e0,12/25/2025 13:00:31,,rainfall,1766685629,52.07222,0,4.13,93.39
e00fce681282837e5d0586e0,12/25/2025 14:00:36,,rainfall,1766689229,51.16389,0,4.13,93.39
e00fce681282837e5d0586e0,12/25/2025 15:00:32,,rainfall,1766692829,50.35972,0,4.13,93.39
e00fce681282837e5d0586e0,12/25/2025 16:00:35,,rainfall,1766696430,52.20833,0,4.13,93.39
e00fce681282837e5d0586e0,12/25/2025 17:00:32,,rainfall,1766700029,57.43472,0,4.13,93.39
e00fce681282837e5d0586e0,12/25/2025 18:00:35,,rainfall,1766703629,60.03056,0,4.13,93.39
e00fce681282837e5d0586e0,12/25/2025 19:00:32,,rainfall,1766707230,62.32639,0,4.13,93.39
e00fce681282837e5d0586e0,12/25/2025 20:00:36,,rainfall,1766710829,63.73889,0,4.13,93.39
e00fce681282837e5d0586e0,12/25/2025 21:00:32,,rainfall,1766714429,64.35694,0,4.13,93.39
e00fce681282837e5d0586e0,12/25/2025 22:00:32,,rainfall,1766718029,64.95417,0,4.13,93.39
e00fce681282837e5d0586e0,12/25/2025 23:00:34,,rainfall,1766721629,66.95,0,4.13,93.39
e00fce681282837e5d0586e0,12/26/2025 0:00:38,,rainfall,1766725229,68.14306,0,4.13,93.39
e00fce681282837e5d0586e0,12/26/2025 1:00:33,,rainfall,1766728829,67.16389,0,4.13,93.39
e00fce681282837e5d0586e0,12/26/2025 2:00:35,,rainfall,1766732430,70.90833,0,4.13,93.23
e00fce681282837e5d0586e0,12/26/2025 3:00:32,,rainfall,1766736029,68.58611,0,4.13,93.23
e00fce681282837e5d0586e0,12/26/2025 4:00:35,,rainfall,1766739629,69.86806,0,4.13,93.23
e00fce681282837e5d0586e0,12/26/2025 5:00:32,,rainfall,1766743229,69.98194,0,4.13,93.23
e00fce681282837e5d0586e0,12/26/2025 6:00:37,,rainfall,1766746829,69.64027,0,4.13,93.23
e00fce681282837e5d0586e0,12/26/2025 7:00:33,,rainfall,1766750429,69.375,0,4.13,93.23
e00fce681282837e5d0586e0,12/26/2025 8:00:33,,rainfall,1766754029,68.46389,0,4.13,93.23
e00fce681282837e5d0586e0,12/26/2025 9:00:38,,rainfall,1766757630,66.80695,0,4.13,93.23
e00fce681282837e5d0586e0,12/26/2025 10:00:33,,rainfall,1766761229,64.24028,0,4.13,93.23
e00fce681282837e5d0586e0,12/26/2025 11:00:34,,rainfall,1766764829,62.35417,0,4.13,93.23
e00fce681282837e5d0586e0,12/26/2025 12:00:36,,rainfall,1766768429,62.50139,0,4.13,93.23
e00fce681282837e5d0586e0,12/26/2025 13:00:33,,rainfall,1766772029,60.18611,0,4.13,93.23
e00fce681282837e5d0586e0,12/26/2025 14:00:39,,rainfall,1766775629,61.00834,0,4.13,93.23
e00fce681282837e5d0586e0,12/26/2025 15:00:33,,rainfall,1766779229,60.9125,0,4.13,93.23
e00fce681282837e5d0586e0,12/26/2025 16:00:34,,rainfall,1766782829,63.47361,0,4.13,93.23
e00fce681282837e5d0586e0,12/26/2025 17:00:34,,rainfall,1766786430,64.94444,0,4.13,93.23
e00fce681282837e5d0586e0,12/26/2025 18:00:34,,rainfall,1766790029,65.38194,0,4.13,93.23
e00fce681282837e5d0586e0,12/26/2025 19:00:34,,rainfall,1766793630,66.50278,0,4.13,93.23
e00fce681282837e5d0586e0,12/26/2025 20:00:33,,rainfall,1766797229,66.35694,0,4.13,93.23
e00fce681282837e5d0586e0,12/26/2025 21:00:33,,rainfall,1766800829,68.80556,0,4.13,93.23
e00fce681282837e5d0586e0,12/26/2025 22:00:33,,rainfall,1766804429,68.56528,0,4.13,93.23
e00fce681282837e5d0586e0,12/26/2025 23:00:33,,rainfall,1766808029,67.39445,0,4.13,93.23
e00fce681282837e5d0586e0,12/27/2025 0:00:37,,rainfall,1766811629,66.99861,0,4.13,93.07
e00fce681282837e5d0586e0,12/27/2025 1:00:40,,rainfall,1766815229,68.25694,0,4.13,93.07
e00fce681282837e5d0586e0,12/27/2025 2:00:37,,rainfall,1766818829,69.225,0,4.13,93.07
e00fce681282837e5d0586e0,12/27/2025 3:00:34,,rainfall,1766822429,68.44583,0,4.13,93.07
e00fce681282837e5d0586e0,12/27/2025 4:00:37,,rainfall,1766826029,66.3,0,4.13,93.07
e00fce681282837e5d0586e0,12/27/2025 5:00:37,,rainfall,1766829629,65.84167,0,4.13,93.07
e00fce681282837e5d0586e0,12/27/2025 6:00:36,,rainfall,1766833229,66.30278,0,4.13,93.07
e00fce681282837e5d0586e0,12/27/2025 7:00:35,,rainfall,1766836829,66.23194,0,4.13,93.07
e00fce681282837e5d0586e0,12/27/2025 8:00:35,,rainfall,1766840430,67.49722,0,4.13,93.07
e00fce681282837e5d0586e0,12/27/2025 9:00:35,,rainfall,1766844030,64.6375,0,4.13,93.07
e00fce681282837e5d0586e0,12/27/2025 10:00:34,,rainfall,1766847629,57.71111,0,4.13,93.07
e00fce681282837e5d0586e0,12/27/2025 11:09:23,,rainfall,1766851229,54.69167,0,4.13,93.07
e00fce681282837e5d0586e0,12/27/2025 12:01:32,,rainfall,1766854829,51.5,0,4.13,92.91
e00fce681282837e5d0586e0,12/27/2025 13:00:37,,rainfall,1766858430,49.4,0,4.13,92.91
e00fce681282837e5d0586e0,12/27/2025 14:00:38,,rainfall,1766862029,55.76111,0,4.13,92.91
e00fce681282837e5d0586e0,12/27/2025 15:00:36,,rainfall,1766865630,56.34444,0,4.13,92.91
e00fce681282837e5d0586e0,12/27/2025 16:00:35,,rainfall,1766869229,59.54583,0,4.13,92.91
e00fce681282837e5d0586e0,12/27/2025 17:00:36,,rainfall,1766872830,63.31111,0,4.13,92.91
e00fce681282837e5d0586e0,12/27/2025 18:00:42,,rainfall,1766876430,65.425,0,4.13,92.91
e00fce681282837e5d0586e0,12/27/2025 19:00:35,,rainfall,1766880029,65.15972,0,4.13,92.91
e00fce681282837e5d0586e0,12/27/2025 20:00:36,,rainfall,1766883629,65.33472,0,4.13,92.91
e00fce681282837e5d0586e0,12/27/2025 21:00:39,,rainfall,1766887229,66.075,0,4.13,92.91
e00fce681282837e5d0586e0,12/27/2025 22:00:39,,rainfall,1766890830,66.5875,0,4.13,92.75
e00fce681282837e5d0586e0,12/27/2025 23:00:36,,rainfall,1766894429,67.82639,0,4.13,92.75
e00fce681282837e5d0586e0,12/28/2025 0:00:38,,rainfall,1766898030,68.30695,0,4.13,92.75
e00fce681282837e5d0586e0,12/28/2025 1:00:37,,rainfall,1766901630,69.5375,0,4.13,92.75
e00fce681282837e5d0586e0,12/28/2025 2:00:35,,rainfall,1766905229,69.60139,0,4.13,92.75
e00fce681282837e5d0586e0,12/28/2025 3:00:37,,rainfall,1766908829,70.81389,0,4.13,92.75
e00fce681282837e5d0586e0,12/28/2025 4:00:36,,rainfall,1766912430,70.70834,0,4.13,92.75
e00fce681282837e5d0586e0,12/28/2025 5:00:41,,rainfall,1766916029,71.15972,0,4.13,92.75
e00fce681282837e5d0586e0,12/28/2025 6:00:37,,rainfall,1766919629,71.46806,0,4.13,92.75
e00fce681282837e5d0586e0,12/28/2025 7:00:44,,rainfall,1766923230,70.65556,0,4.13,92.75
e00fce681282837e5d0586e0,12/28/2025 8:00:31,,rainfall,1766926829,70.375,0,4.13,92.75
e00fce681282837e5d0586e0,12/28/2025 9:00:31,,rainfall,1766930429,68.44028,0,4.13,92.75
e00fce681282837e5d0586e0,12/28/2025 10:05:25,,rainfall,1766934029,65.91528,0,4.13,92.75
e00fce681282837e5d0586e0,12/28/2025 11:04:25,,rainfall,1766937629,63.87222,0,4.13,92.75
e00fce681282837e5d0586e0,12/28/2025 12:00:35,,rainfall,1766941230,59.77917,0,4.13,92.75
e00fce681282837e5d0586e0,12/28/2025 13:00:32,,rainfall,1766944829,58.90833,0,4.13,92.75
e00fce681282837e5d0586e0,12/28/2025 14:00:34,,rainfall,1766948430,60.95694,0,4.13,92.75
e00fce681282837e5d0586e0,12/28/2025 15:00:32,,rainfall,1766952030,61.68472,0,4.13,92.75
e00fce681282837e5d0586e0,12/28/2025 16:00:32,,rainfall,1766955629,62.325,0,4.13,92.75
e00fce681282837e5d0586e0,12/28/2025 17:00:38,,rainfall,1766959229,63.22639,0,4.13,92.75
e00fce681282837e5d0586e0,12/28/2025 18:00:41,,rainfall,1766962829,63.16806,0,4.13,92.75
e00fce681282837e5d0586e0,12/28/2025 19:00:35,,rainfall,1766966429,62.81805,0,4.13,92.75
e00fce681282837e5d0586e0,12/28/2025 20:00:35,,rainfall,1766970029,62.75,0,4.13,92.6
e00fce681282837e5d0586e0,12/28/2025 21:00:36,,rainfall,1766973630,62.91806,0,4.13,92.6
e00fce681282837e5d0586e0,12/28/2025 22:00:34,,rainfall,1766977228,64.42361,0,4.13,92.6
e00fce681282837e5d0586e0,12/28/2025 23:00:33,,rainfall,1766980829,63.01389,0,4.13,92.6
e00fce681282837e5d0586e0,12/29/2025 0:00:34,,rainfall,1766984430,64.78611,0,4.13,92.6
e00fce681282837e5d0586e0,12/29/2025 1:00:35,,rainfall,1766988029,66.45972,0,4.13,92.6
e00fce681282837e5d0586e0,12/29/2025 2:00:32,,rainfall,1766991629,68.31667,0,4.13,92.6
e00fce681282837e5d0586e0,12/29/2025 3:00:32,,rainfall,1766995229,70.20417,0,4.13,92.6
e00fce681282837e5d0586e0,12/29/2025 4:00:35,,rainfall,1766998829,69.49722,0,4.13,92.6
e00fce681282837e5d0586e0,12/29/2025 5:00:38,,rainfall,1767002429,72.2,0,4.13,92.6
e00fce681282837e5d0586e0,12/29/2025 6:00:34,,rainfall,1767006029,74.61111,0,4.12,92.6
e00fce681282837e5d0586e0,12/29/2025 7:00:37,,rainfall,1767009629,78.85139,0,4.13,92.6
e00fce681282837e5d0586e0,12/29/2025 8:00:33,,rainfall,1767013229,85.61945,0,4.12,92.6
e00fce681282837e5d0586e0,12/29/2025 9:00:33,,rainfall,1767016829,74.05,0,4.12,92.6
e00fce681282837e5d0586e0,12/29/2025 10:00:38,,rainfall,1767020429,61.70139,0,4.12,92.6
e00fce681282837e5d0586e0,12/29/2025 11:00:33,,rainfall,1767024029,56.33333,0,4.12,92.6
e00fce681282837e5d0586e0,12/29/2025 12:00:36,,rainfall,1767027629,53.09444,0,4.12,92.6
e00fce681282837e5d0586e0,12/29/2025 13:00:34,,rainfall,1767031229,52.50278,0,4.12,92.6
e00fce681282837e5d0586e0,12/29/2025 14:00:34,,rainfall,1767034829,52.80416,0,4.12,92.6
e00fce681282837e5d0586e0,12/29/2025 15:00:33,,rainfall,1767038429,53.62083,0,4.12,92.6
e00fce681282837e5d0586e0,12/29/2025 16:00:38,,rainfall,1767042029,56.92778,0,4.12,92.6
e00fce681282837e5d0586e0,12/29/2025 17:00:34,,rainfall,1767045629,61.09861,0,4.12,92.6
e00fce681282837e5d0586e0,12/29/2025 18:00:34,,rainfall,1767049229,60.50834,0,4.12,92.6
e00fce681282837e5d0586e0,12/29/2025 19:00:35,,rainfall,1767052829,61.42778,0,4.12,92.6
e00fce681282837e5d0586e0,12/29/2025 20:00:34,,rainfall,1767056429,64.98611,0,4.12,92.6
e00fce681282837e5d0586e0,12/29/2025 21:00:36,,rainfall,1767060029,67.83472,0,4.12,92.6
e00fce681282837e5d0586e0,12/29/2025 22:00:37,,rainfall,1767063629,69.3,0,4.12,92.6
e00fce681282837e5d0586e0,12/29/2025 23:00:38,,rainfall,1767067229,71.60555,0,4.12,92.44
e00fce681282837e5d0586e0,12/30/2025 0:00:35,,rainfall,1767070829,72.425,0,4.12,92.44
e00fce681282837e5d0586e0,12/30/2025 1:00:40,,rainfall,1767074429,73.65417,0,4.12,92.44
e00fce681282837e5d0586e0,12/30/2025 2:00:34,,rainfall,1767078029,74.50278,0,4.12,92.44
e00fce681282837e5d0586e0,12/30/2025 3:00:34,,rainfall,1767081629,75.33056,0,4.12,92.44
e00fce681282837e5d0586e0,12/30/2025 4:00:35,,rainfall,1767085229,75.82917,0,4.12,92.44
e00fce681282837e5d0586e0,12/30/2025 5:00:34,,rainfall,1767088829,76.89722,0,4.12,92.44
e00fce681282837e5d0586e0,12/30/2025 6:00:36,,rainfall,1767092429,77.5375,0,4.12,92.44
e00fce681282837e5d0586e0,12/30/2025 7:00:36,,rainfall,1767096029,78.19444,0,4.12,92.44
e00fce681282837e5d0586e0,12/30/2025 8:00:35,,rainfall,1767099629,77.21389,0,4.12,92.44
e00fce681282837e5d0586e0,12/30/2025 9:00:35,,rainfall,1767103229,74.00833,0,4.12,92.44
e00fce681282837e5d0586e0,12/30/2025 10:00:35,,rainfall,1767106829,73.92223,0,4.12,92.44
e00fce681282837e5d0586e0,12/30/2025 11:00:40,,rainfall,1767110429,73.33195,0,4.12,92.44
e00fce681282837e5d0586e0,12/30/2025 12:00:40,,rainfall,1767114030,71.69167,0,4.12,92.44
e00fce681282837e5d0586e0,12/30/2025 13:00:39,,rainfall,1767117630,70.2375,0,4.12,92.44
e00fce681282837e5d0586e0,12/30/2025 14:00:36,,rainfall,1767121230,70.37639,0,4.12,92.44
e00fce681282837e5d0586e0,12/30/2025 15:00:35,,rainfall,1767124829,69.84028,0,4.12,92.44
e00fce681282837e5d0586e0,12/30/2025 16:00:35,,rainfall,1767128429,71.22916,0,4.12,92.44
e00fce681282837e5d0586e0,12/30/2025 17:00:35,,rainfall,1767132029,74.37361,0,4.12,92.44
e00fce681282837e5d0586e0,12/30/2025 18:00:39,,rainfall,1767135630,76.85,0,4.12,92.44
e00fce681282837e5d0586e0,12/30/2025 19:00:36,,rainfall,1767139229,78.23194,0,4.12,92.44
e00fce681282837e5d0586e0,12/30/2025 20:00:36,,rainfall,1767142829,78.84167,0,4.12,92.44
e00fce681282837e5d0586e0,12/30/2025 21:00:36,,rainfall,1767146430,79.29305,0,4.12,92.44
e00fce681282837e5d0586e0,12/30/2025 22:00:36,,rainfall,1767150029,79.54444,0,4.12,92.44
e00fce681282837e5d0586e0,12/30/2025 23:00:39,,rainfall,1767153629,79.55833,0,4.12,92.44
e00fce681282837e5d0586e0,12/31/2025 0:00:39,,rainfall,1767157229,79.57083,0,4.12,92.44
e00fce681282837e5d0586e0,12/31/2025 1:00:36,,rainfall,1767160829,80.24028,0,4.12,92.44
e00fce681282837e5d0586e0,12/31/2025 2:00:38,,rainfall,1767164429,80.13333,0,4.12,92.44
e00fce681282837e5d0586e0,12/31/2025 3:00:40,,rainfall,1767168029,80.125,0,4.12,92.44
e00fce681282837e5d0586e0,12/31/2025 4:00:40,,rainfall,1767171629,80.375,0,4.12,92.44
e00fce681282837e5d0586e0,12/31/2025 5:00:38,,rainfall,1767175230,80.2625,0,4.12,92.44
e00fce681282837e5d0586e0,12/31/2025 6:00:40,,rainfall,1767178829,80.22083,0,4.12,92.44
e00fce681282837e5d0586e0,12/31/2025 7:00:43,,rainfall,1767182429,80.46944,0,4.12,92.44
e00fce681282837e5d0586e0,12/31/2025 8:00:32,,rainfall,1767186030,79.68333,0,4.12,92.44
e00fce681282837e5d0586e0,12/31/2025 9:00:32,,rainfall,1767189629,74.99167,0,4.12,92.44
e00fce681282837e5d0586e0,12/31/2025 10:00:36,,rainfall,1767193229,73.06111,0,4.12,92.44
e00fce681282837e5d0586e0,12/31/2025 11:00:33,,rainfall,1767196829,72.16805,0,4.12,92.44
e00fce681282837e5d0586e0,12/31/2025 12:00:36,,rainfall,1767200430,71.07361,0,4.12,92.44
e00fce681282837e5d0586e0,12/31/2025 13:00:32,,rainfall,1767204029,69.03194,0,4.12,92.28
e00fce681282837e5d0586e0,12/31/2025 14:00:31,,rainfall,1767207629,67.21667,0,4.12,92.28
e00fce681282837e5d0586e0,12/31/2025 15:00:32,,rainfall,1767211229,66.15278,0,4.12,92.28
e00fce681282837e5d0586e0,12/31/2025 16:00:32,,rainfall,1767214829,67.78611,0,4.12,92.28
e00fce681282837e5d0586e0,12/31/2025 17:00:35,,rainfall,1767218429,71.98473,0,4.12,92.28
e00fce681282837e5d0586e0,12/31/2025 18:00:33,,rainfall,1767222030,74.58889,0,4.12,92.28
e00fce681282837e5d0586e0,12/31/2025 19:00:34,,rainfall,1767225629,75.45139,0,4.12,92.28
e00fce681282837e5d0586e0,12/31/2025 20:00:36,,rainfall,1767229229,76.55695,0,4.12,92.28
e00fce681282837e5d0586e0,12/31/2025 21:00:34,,rainfall,1767232830,77.37778,0,4.12,92.28
e00fce681282837e5d0586e0,12/31/2025 22:00:34,,rainfall,1767236429,76.28194,0,4.12,92.28
e00fce681282837e5d0586e0,12/31/2025 23:00:36,,rainfall,1767240029,75.19722,0,4.12,92.28
e00fce681282837e5d0586e0,1/1/2026 0:00:42,,rainfall,1767243630,74.74306,0,4.12,92.28
e00fce681282837e5d0586e0,1/1/2026 1:00:33,,rainfall,1767247230,74.275,0,4.12,92.28
e00fce681282837e5d0586e0,1/1/2026 2:00:32,,rainfall,1767250829,74.92361,0,4.12,92.28
e00fce681282837e5d0586e0,1/1/2026 3:00:33,,rainfall,1767254429,75.29166,0,4.12,92.28
e00fce681282837e5d0586e0,1/1/2026 4:00:33,,rainfall,1767258029,74.49167,0,4.12,92.28
e00fce681282837e5d0586e0,1/1/2026 5:00:34,,rainfall,1767261630,74.50694,0,4.12,92.28
e00fce681282837e5d0586e0,1/1/2026 6:00:34,,rainfall,1767265229,75.02084,0,4.12,92.28
e00fce681282837e5d0586e0,1/1/2026 7:00:34,,rainfall,1767268830,75.82361,0,4.12,92.28
e00fce681282837e5d0586e0,1/1/2026 8:00:35,,rainfall,1767272430,75.08056,0,4.12,92.28
e00fce681282837e5d0586e0,1/1/2026 9:00:35,,rainfall,1767276030,71.57639,0,4.12,92.28
e00fce681282837e5d0586e0,1/1/2026 10:00:36,,rainfall,1767279629,69.50833,0,4.12,92.28
e00fce681282837e5d0586e0,1/1/2026 11:00:36,,rainfall,1767283229,68.54305,0,4.12,92.28
e00fce681282837e5d0586e0,1/1/2026 12:00:37,,rainfall,1767286830,66.14584,0,4.12,92.28
e00fce681282837e5d0586e0,1/1/2026 13:00:33,,rainfall,1767290429,63.62778,0,4.12,92.28
e00fce681282837e5d0586e0,1/1/2026 14:00:34,,rainfall,1767294029,60.55833,0,4.12,92.28
e00fce681282837e5d0586e0,1/1/2026 15:00:36,,rainfall,1767297630,60.06944,0,4.12,92.28
e00fce681282837e5d0586e0,1/1/2026 16:00:34,,rainfall,1767301230,61.41667,0,4.12,92.28
e00fce681282837e5d0586e0,1/1/2026 17:00:36,,rainfall,1767304830,67.22916,0,4.12,92.28
e00fce681282837e5d0586e0,1/1/2026 18:00:35,,rainfall,1767308430,71.43611,0,4.12,92.28
e00fce681282837e5d0586e0,1/1/2026 19:00:40,,rainfall,1767312030,73.23473,0,4.12,92.28
e00fce681282837e5d0586e0,1/1/2026 20:00:34,,rainfall,1767315629,73.60973,0,4.12,92.12
e00fce681282837e5d0586e0,1/1/2026 21:00:34,,rainfall,1767319229,74.41389,0,4.12,92.12
e00fce681282837e5d0586e0,1/1/2026 22:00:38,,rainfall,1767322830,74.86111,0,4.12,92.12
e00fce681282837e5d0586e0,1/1/2026 23:00:34,,rainfall,1767326429,75.71806,0,4.12,92.12
e00fce681282837e5d0586e0,1/2/2026 0:00:39,,rainfall,1767330029,75.71667,0,4.12,92.12
e00fce681282837e5d0586e0,1/2/2026 1:00:37,,rainfall,1767333630,75.875,0,4.12,92.12
e00fce681282837e5d0586e0,1/2/2026 2:00:35,,rainfall,1767337230,76.25833,0,4.12,92.12
e00fce681282837e5d0586e0,1/2/2026 3:00:38,,rainfall,1767340829,75.9625,0,4.12,92.12
e00fce681282837e5d0586e0,1/2/2026 4:00:38,,rainfall,1767344430,76.12778,0,4.12,92.12
e00fce681282837e5d0586e0,1/2/2026 5:00:35,,rainfall,1767348029,75.60833,0,4.12,92.12
e00fce681282837e5d0586e0,1/2/2026 6:00:36,,rainfall,1767351630,75.85,0,4.12,92.12
e00fce681282837e5d0586e0,1/2/2026 7:00:37,,rainfall,1767355230,74.83334,0,4.12,92.12
e00fce681282837e5d0586e0,1/2/2026 8:00:35,,rainfall,1767358830,74.19722,0,4.12,92.12
e00fce681282837e5d0586e0,1/2/2026 9:00:37,,rainfall,1767362429,69.925,0,4.12,92.12
e00fce681282837e5d0586e0,1/2/2026 10:00:35,,rainfall,1767366029,65.89027,0,4.12,92.12
e00fce681282837e5d0586e0,1/2/2026 11:00:36,,rainfall,1767369629,63.18195,0,4.12,92.12
e00fce681282837e5d0586e0,1/2/2026 12:00:36,,rainfall,1767373230,59.94861,0,4.12,92.12
e00fce681282837e5d0586e0,1/2/2026 13:00:39,,rainfall,1767376829,58.1625,0,4.12,92.12
e00fce681282837e5d0586e0,1/2/2026 14:00:38,,rainfall,1767380430,56.12917,0,4.12,92.12
e00fce681282837e5d0586e0,1/2/2026 15:00:35,,rainfall,1767384029,56.04028,0,4.12,92.12
e00fce681282837e5d0586e0,1/2/2026 16:00:37,,rainfall,1767387630,59.01667,0,4.12,92.12
e00fce681282837e5d0586e0,1/2/2026 17:00:36,,rainfall,1767391229,64.75278,0,4.12,92.12
e00fce681282837e5d0586e0,1/2/2026 18:00:37,,rainfall,1767394830,66.89306,0,4.12,92.12
e00fce681282837e5d0586e0,1/2/2026 19:00:36,,rainfall,1767398429,67.21389,0,4.12,92.12
e00fce681282837e5d0586e0,1/2/2026 20:00:36,,rainfall,1767402029,67.53056,0,4.12,92.12
e00fce681282837e5d0586e0,1/2/2026 21:00:40,,rainfall,1767405630,67.17639,0,4.12,92.12
e00fce681282837e5d0586e0,1/2/2026 22:00:36,,rainfall,1767409229,68.65556,0,4.12,92.12
e00fce681282837e5d0586e0,1/2/2026 23:00:39,,rainfall,1767412829,68.02084,0,4.12,92.12
e00fce681282837e5d0586e0,1/3/2026 0:00:45,,rainfall,1767416430,68.65556,0,4.12,92.12
e00fce681282837e5d0586e0,1/3/2026 1:00:39,,rainfall,1767420030,68.69861,0,4.12,92.12
e00fce681282837e5d0586e0,1/3/2026 2:00:36,,rainfall,1767423629,68.57917,0,4.12,92.12
e00fce681282837e5d0586e0,1/3/2026 3:00:38,,rainfall,1767427229,69.06528,0,4.12,92.12
e00fce681282837e5d0586e0,1/3/2026 4:00:40,,rainfall,1767430829,69.30417,0,4.12,91.96
e00fce681282837e5d0586e0,1/3/2026 5:00:37,,rainfall,1767434430,69.35694,0,4.12,91.96
e00fce681282837e5d0586e0,1/3/2026 6:00:38,,rainfall,1767438029,69.65,0,4.12,91.96
e00fce681282837e5d0586e0,1/3/2026 7:00:44,,rainfall,1767441630,69.20417,0,4.12,91.96
e00fce681282837e5d0586e0,1/3/2026 8:00:33,,rainfall,1767445230,69.07639,0,4.12,91.96
e00fce681282837e5d0586e0,1/3/2026 9:00:35,,rainfall,1767448829,66.48473,0,4.12,91.96
e00fce681282837e5d0586e0,1/3/2026 10:00:31,,rainfall,1767452429,63.90833,0,4.12,91.96
e00fce681282837e5d0586e0,1/3/2026 11:00:34,,rainfall,1767456029,66.51527,0,4.12,91.96
e00fce681282837e5d0586e0,1/3/2026 12:00:32,,rainfall,1767459629,69.36111,0.56,4.12,91.96
e00fce681282837e5d0586e0,1/3/2026 13:00:33,,rainfall,1767463229,104.97083,1.68,4.12,91.96
e00fce681282837e5d0586e0,1/3/2026 14:00:35,,rainfall,1767466830,129.06667,0.28,4.12,91.96
e00fce681282837e5d0586e0,1/3/2026 15:00:36,,rainfall,1767470431,165.38611,0,4.12,91.96
e00fce681282837e5d0586e0,1/3/2026 16:00:31,,rainfall,1767474029,196.87222,0.84,4.12,91.96
e00fce681282837e5d0586e0,1/3/2026 17:00:32,,rainfall,1767477630,191.40834,0.56,4.12,91.96
e00fce681282837e5d0586e0,1/3/2026 18:00:35,,rainfall,1767481229,217.76389,0.56,4.12,91.96
e00fce681282837e5d0586e0,1/3/2026 19:00:33,,rainfall,1767484830,224.35834,0.56,4.12,91.96
e00fce681282837e5d0586e0,1/3/2026 20:00:33,,rainfall,1767488429,223.08611,0.28,4.12,91.96
e00fce681282837e5d0586e0,1/3/2026 21:00:35,,rainfall,1767492030,208.23195,0,4.12,91.96
e00fce681282837e5d0586e0,1/3/2026 22:00:38,,rainfall,1767495630,209.32222,0,4.12,91.96
e00fce681282837e5d0586e0,1/3/2026 23:00:33,,rainfall,1767499229,207.97778,0,4.12,91.96
e00fce681282837e5d0586e0,1/4/2026 0:00:34,,rainfall,1767502830,209.91528,0,4.12,91.96
e00fce681282837e5d0586e0,1/4/2026 1:00:34,,rainfall,1767506429,185.6375,0,4.12,91.96
e00fce681282837e5d0586e0,1/4/2026 2:00:34,,rainfall,1767510030,180.46249,0,4.12,91.96
e00fce681282837e5d0586e0,1/4/2026 3:00:34,,rainfall,1767513629,170.09445,0,4.12,91.96
e00fce681282837e5d0586e0,1/4/2026 4:00:34,,rainfall,1767517230,169.96666,0,4.12,91.96
e00fce681282837e5d0586e0,1/4/2026 5:00:33,,rainfall,1767520829,168.60973,0,4.12,91.96
e00fce681282837e5d0586e0,1/4/2026 6:00:34,,rainfall,1767524430,168.32083,0,4.12,91.96
e00fce681282837e5d0586e0,1/4/2026 7:00:34,,rainfall,1767528029,177.66389,0,4.12,91.96
e00fce681282837e5d0586e0,1/4/2026 8:00:34,,rainfall,1767531630,177.40973,0,4.12,91.96
e00fce681282837e5d0586e0,1/4/2026 9:00:36,,rainfall,1767535229,159.5125,0,4.12,91.96
e00fce681282837e5d0586e0,1/4/2026 10:00:34,,rainfall,1767538829,124.61806,0,4.12,91.96
e00fce681282837e5d0586e0,1/4/2026 11:00:36,,rainfall,1767542430,120.47916,0,4.12,91.8
e00fce681282837e5d0586e0,1/4/2026 12:00:41,,rainfall,1767546029,114.13194,0,4.12,91.8
e00fce681282837e5d0586e0,1/4/2026 13:00:36,,rainfall,1767549629,117.61389,0,4.12,91.8
e00fce681282837e5d0586e0,1/4/2026 14:00:34,,rainfall,1767553230,113.52084,0,4.12,91.8
e00fce681282837e5d0586e0,1/4/2026 15:00:35,,rainfall,1767556829,111.29723,0,4.12,91.8
e00fce681282837e5d0586e0,1/4/2026 16:00:36,,rainfall,1767560430,100.35555,0,4.12,91.8
e00fce681282837e5d0586e0,1/4/2026 17:00:35,,rainfall,1767564029,111.77361,0,4.12,91.8
e00fce681282837e5d0586e0,1/4/2026 18:00:34,,rainfall,1767567629,118.67639,0,4.12,91.8
e00fce681282837e5d0586e0,1/4/2026 19:00:35,,rainfall,1767571229,129.2375,0,4.12,91.8
e00fce681282837e5d0586e0,1/4/2026 20:00:34,,rainfall,1767574829,130.89999,0,4.12,91.8
e00fce681282837e5d0586e0,1/4/2026 21:00:38,,rainfall,1767578430,129.81944,0,4.12,91.8
e00fce681282837e5d0586e0,1/4/2026 22:00:35,,rainfall,1767582029,132.60278,0,4.12,91.8
e00fce681282837e5d0586e0,1/4/2026 23:00:35,,rainfall,1767585629,131.4875,0,4.12,91.8
e00fce681282837e5d0586e0,1/5/2026 0:00:35,,rainfall,1767589230,132.44861,0,4.12,91.8
e00fce681282837e5d0586e0,1/5/2026 1:00:37,,rainfall,1767592829,144.14027,0,4.12,91.8
e00fce681282837e5d0586e0,1/5/2026 2:00:35,,rainfall,1767596429,145.65555,0,4.12,91.8
e00fce681282837e5d0586e0,1/5/2026 3:00:35,,rainfall,1767600030,142.67639,0,4.12,91.8
e00fce681282837e5d0586e0,1/5/2026 4:00:34,,rainfall,1767603628,146.28751,0,4.12,91.8
e00fce681282837e5d0586e0,1/5/2026 5:00:36,,rainfall,1767607230,139.62361,0,4.12,91.8
e00fce681282837e5d0586e0,1/5/2026 6:00:37,,rainfall,1767610830,145.6875,0,4.12,91.8
e00fce681282837e5d0586e0,1/5/2026 7:00:38,,rainfall,1767614430,146.86806,0,4.12,91.8
e00fce681282837e5d0586e0,1/5/2026 8:00:38,,rainfall,1767618031,153.79028,0,4.12,91.8
e00fce681282837e5d0586e0,1/5/2026 9:00:36,,rainfall,1767621629,147.45277,0,4.12,91.8
e00fce681282837e5d0586e0,1/5/2026 10:00:41,,rainfall,1767625229,119.90694,0,4.12,91.8
e00fce681282837e5d0586e0,1/5/2026 11:00:39,,rainfall,1767628829,109.22361,0,4.12,91.8
e00fce681282837e5d0586e0,1/5/2026 12:00:36,,rainfall,1767632429,110.38472,0,4.12,91.8
e00fce681282837e5d0586e0,1/5/2026 13:00:35,,rainfall,1767636029,106.94305,0,4.12,91.8
e00fce681282837e5d0586e0,1/5/2026 14:00:40,,rainfall,1767639629,115.06667,0,4.12,91.8
e00fce681282837e5d0586e0,1/5/2026 15:00:36,,rainfall,1767643230,119.60833,0,4.12,91.8
e00fce681282837e5d0586e0,1/5/2026 16:00:35,,rainfall,1767646828,108.88055,0,4.12,91.8
e00fce681282837e5d0586e0,1/5/2026 17:00:37,,rainfall,1767650430,115.69444,0,4.12,91.8
e00fce681282837e5d0586e0,1/5/2026 18:00:37,,rainfall,1767654029,123.3625,0,4.12,91.8
e00fce681282837e5d0586e0,1/5/2026 19:00:36,,rainfall,1767657629,126.92083,0,4.12,91.8
e00fce681282837e5d0586e0,1/5/2026 20:00:42,,rainfall,1767661230,134.71111,0,4.12,91.8
e00fce681282837e5d0586e0,1/5/2026 21:00:36,,rainfall,1767664829,136.32222,0,4.12,91.8
e00fce681282837e5d0586e0,1/5/2026 22:00:36,,rainfall,1767668429,139.59862,0,4.12,91.65
e00fce681282837e5d0586e0,1/5/2026 23:00:41,,rainfall,1767672031,139.25278,0,4.12,91.65
e00fce681282837e5d0586e0,1/6/2026 0:00:38,,rainfall,1767675630,142.25139,0,4.12,91.65
e00fce681282837e5d0586e0,1/6/2026 1:00:37,,rainfall,1767679230,144.07361,0,4.12,91.65
e00fce681282837e5d0586e0,1/6/2026 2:00:40,,rainfall,1767682828,144.06667,0,4.12,91.65
e00fce681282837e5d0586e0,1/6/2026 3:00:38,,rainfall,1767686430,148.49583,0,4.12,91.65
e00fce681282837e5d0586e0,1/6/2026 4:00:37,,rainfall,1767690030,151.44167,0,4.12,91.65
e00fce681282837e5d0586e0,1/6/2026 5:00:41,,rainfall,1767693630,153.6875,0,4.12,91.65
e00fce681282837e5d0586e0,1/6/2026 6:00:40,,rainfall,1767697230,151.98334,0,4.12,91.65
e00fce681282837e5d0586e0,1/6/2026 7:00:45,,rainfall,1767700830,151.44167,0,4.12,91.65
e00fce681282837e5d0586e0,1/6/2026 8:00:35,,rainfall,1767704429,151.04306,0,4.12,91.65
e00fce681282837e5d0586e0,1/6/2026 9:00:32,,rainfall,1767708030,154.58749,0,4.12,91.65
e00fce681282837e5d0586e0,1/6/2026 10:00:34,,rainfall,1767711630,149.48334,0,4.12,91.65
e00fce681282837e5d0586e0,1/6/2026 11:00:33,,rainfall,1767715230,175.24861,0,4.12,91.65
e00fce681282837e5d0586e0,1/6/2026 12:00:34,,rainfall,1767718829,167.27916,0,4.12,91.65
e00fce681282837e5d0586e0,1/6/2026 13:00:32,,rainfall,1767722429,157.66112,0,4.12,91.65
e00fce681282837e5d0586e0,1/6/2026 14:00:33,,rainfall,1767726030,154.17639,0,4.12,91.65
e00fce681282837e5d0586e0,1/6/2026 15:00:36,,rainfall,1767729630,133.24028,0,4.12,91.65
e00fce681282837e5d0586e0,1/6/2026 16:00:33,,rainfall,1767733230,121.59306,0,4.12,91.65
e00fce681282837e5d0586e0,1/6/2026 17:00:32,,rainfall,1767736829,133.63611,0,4.12,91.65
e00fce681282837e5d0586e0,1/6/2026 18:00:32,,rainfall,1767740429,144.41112,0,4.12,91.65
e00fce681282837e5d0586e0,1/6/2026 19:00:32,,rainfall,1767744029,136.57777,0,4.12,91.65
e00fce681282837e5d0586e0,1/6/2026 20:00:35,,rainfall,1767747630,137.34862,0,4.12,91.65
e00fce681282837e5d0586e0,1/6/2026 21:00:33,,rainfall,1767751230,139.01805,0,4.12,91.65
e00fce681282837e5d0586e0,1/6/2026 22:00:32,,rainfall,1767754829,144.72778,0,4.12,91.65
e00fce681282837e5d0586e0,1/6/2026 23:00:32,,rainfall,1767758429,146.65973,0,4.12,91.65
e00fce681282837e5d0586e0,1/7/2026 0:00:33,,rainfall,1767762029,143.89999,0,4.12,91.65
e00fce681282837e5d0586e0,1/7/2026 1:00:32,,rainfall,1767765629,147.20416,0,4.12,91.49
e00fce681282837e5d0586e0,1/7/2026 2:00:33,,rainfall,1767769230,141.84445,0,4.12,91.49
e00fce681282837e5d0586e0,1/7/2026 3:00:33,,rainfall,1767772830,142.99861,0,4.12,91.49
e00fce681282837e5d0586e0,1/7/2026 4:00:38,,rainfall,1767776429,146.31805,0,4.12,91.49
e00fce681282837e5d0586e0,1/7/2026 5:00:35,,rainfall,1767780030,139.11111,0,4.12,91.49
e00fce681282837e5d0586e0,1/7/2026 6:00:35,,rainfall,1767783629,131.39305,0,4.12,91.49
e00fce681282837e5d0586e0,1/7/2026 7:00:34,,rainfall,1767787229,126.74306,0,4.12,91.49
e00fce681282837e5d0586e0,1/7/2026 8:00:34,,rainfall,1767790829,127.04444,0,4.12,91.49
e00fce681282837e5d0586e0,1/7/2026 9:00:33,,rainfall,1767794429,133.94167,0,4.12,91.49
e00fce681282837e5d0586e0,1/7/2026 10:00:39,,rainfall,1767798029,115.925,0,4.12,91.49
e00fce681282837e5d0586e0,1/7/2026 11:00:33,,rainfall,1767801629,98.81944,0,4.12,91.49
e00fce681282837e5d0586e0,1/7/2026 12:00:33,,rainfall,1767805229,92.19028,0,4.12,91.49
e00fce681282837e5d0586e0,1/7/2026 13:00:33,,rainfall,1767808829,83.25972,0,4.12,91.49
e00fce681282837e5d0586e0,1/7/2026 14:00:36,,rainfall,1767812429,80.8,0,4.12,91.49
e00fce681282837e5d0586e0,1/7/2026 15:00:37,,rainfall,1767816029,79.01111,0,4.12,91.49
e00fce681282837e5d0586e0,1/7/2026 16:00:39,,rainfall,1767819630,83.00972,0,4.12,91.49
e00fce681282837e5d0586e0,1/7/2026 17:00:34,,rainfall,1767823230,98.65694,0,4.12,91.49
e00fce681282837e5d0586e0,1/7/2026 18:00:34,,rainfall,1767826829,72.37778,0,4.12,91.49
e00fce681282837e5d0586e0,1/7/2026 19:00:36,,rainfall,1767830430,83.49861,0,4.12,91.49
e00fce681282837e5d0586e0,1/7/2026 20:00:36,,rainfall,1767834030,90.34028,0,4.12,91.49
e00fce681282837e5d0586e0,1/7/2026 21:00:38,,rainfall,1767837629,86.11667,0,4.12,91.49
e00fce681282837e5d0586e0,1/7/2026 22:00:40,,rainfall,1767841229,83.85973,0,4.12,91.49
e00fce681282837e5d0586e0,1/7/2026 23:00:35,,rainfall,1767844830,85.98611,0,4.12,91.49
e00fce681282837e5d0586e0,1/8/2026 0:00:36,,rainfall,1767848429,88.87083,0,4.12,91.49
e00fce681282837e5d0586e0,1/8/2026 1:00:38,,rainfall,1767852029,87.9125,0,4.12,91.49
e00fce681282837e5d0586e0,1/8/2026 2:00:34,,rainfall,1767855629,86.26945,0,4.12,91.49
e00fce681282837e5d0586e0,1/8/2026 4:00:35,,rainfall,1767862830,86.15694,0,4.12,91.49
e00fce681282837e5d0586e0,1/8/2026 5:00:34,,rainfall,1767866429,84.56805,0,4.12,91.49
e00fce681282837e5d0586e0,1/8/2026 6:00:37,,rainfall,1767870029,81.70695,0,4.12,91.49
e00fce681282837e5d0586e0,1/8/2026 7:00:38,,rainfall,1767873630,84.09028,0,4.12,91.49
e00fce681282837e5d0586e0,1/8/2026 8:00:35,,rainfall,1767877230,83.83056,0,4.12,91.33
e00fce681282837e5d0586e0,1/8/2026 9:00:34,,rainfall,1767880829,91.54583,0,4.12,91.33
e00fce681282837e5d0586e0,1/8/2026 10:00:35,,rainfall,1767884430,76.3375,0,4.12,91.33
e00fce681282837e5d0586e0,1/8/2026 11:00:36,,rainfall,1767888030,73.82917,0,4.12,91.33
e00fce681282837e5d0586e0,1/8/2026 12:00:44,,rainfall,1767891629,75.83472,0,4.11,91.33
e00fce681282837e5d0586e0,1/8/2026 13:00:40,,rainfall,1767895229,74.04305,0,4.11,91.33
e00fce681282837e5d0586e0,1/8/2026 14:00:40,,rainfall,1767898830,74.25,0,4.11,91.33
e00fce681282837e5d0586e0,1/8/2026 15:00:39,,rainfall,1767902429,73.27778,0,4.11,91.33
e00fce681282837e5d0586e0,1/8/2026 16:00:35,,rainfall,1767906029,83.83611,0,4.11,91.33
e00fce681282837e5d0586e0,1/8/2026 17:00:37,,rainfall,1767909630,82.08195,0,4.11,91.33
e00fce681282837e5d0586e0,1/8/2026 18:00:38,,rainfall,1767913230,84.98055,0,4.11,91.33
e00fce681282837e5d0586e0,1/8/2026 19:00:36,,rainfall,1767916830,88.28056,0,4.11,91.33
e00fce681282837e5d0586e0,1/8/2026 20:00:35,,rainfall,1767920429,86.32777,0,4.11,91.33
e00fce681282837e5d0586e0,1/8/2026 21:00:36,,rainfall,1767924029,89.7875,0,4.11,91.33
e00fce681282837e5d0586e0,1/8/2026 22:00:36,,rainfall,1767927630,87.26667,0,4.11,91.33
e00fce681282837e5d0586e0,1/8/2026 23:00:36,,rainfall,1767931229,85.66805,0,4.11,91.33
e00fce681282837e5d0586e0,1/9/2026 0:00:40,,rainfall,1767934829,81.8875,0,4.11,91.33
e00fce681282837e5d0586e0,1/9/2026 1:00:37,,rainfall,1767938429,84.63055,0,4.11,91.33
e00fce681282837e5d0586e0,1/9/2026 2:00:36,,rainfall,1767942030,81.68056,0,4.11,91.33
e00fce681282837e5d0586e0,1/9/2026 3:00:46,,rainfall,1767945629,82.27639,0,4.11,91.33
e00fce681282837e5d0586e0,1/9/2026 4:00:36,,rainfall,1767949229,83.07361,0,4.11,91.33
e00fce681282837e5d0586e0,1/9/2026 5:00:39,,rainfall,1767952830,82.38333,0,4.11,91.33
e00fce681282837e5d0586e0,1/9/2026 6:00:37,,rainfall,1767956430,83.08889,0,4.11,91.33
e00fce681282837e5d0586e0,1/9/2026 7:00:43,,rainfall,1767960029,83.42778,0,4.11,91.17
e00fce681282837e5d0586e0,1/9/2026 8:00:31,,rainfall,1767963629,85.83195,0,4.11,91.17
e00fce681282837e5d0586e0,1/9/2026 9:00:38,,rainfall,1767967230,89.10139,0,4.11,91.17
e00fce681282837e5d0586e0,1/9/2026 10:00:32,,rainfall,1767970830,89.94444,0,4.11,91.17
e00fce681282837e5d0586e0,1/9/2026 11:00:31,,rainfall,1767974429,86.59722,0,4.11,91.17
e00fce681282837e5d0586e0,1/9/2026 12:00:36,,rainfall,1767978029,84.84583,0,4.11,91.17
e00fce681282837e5d0586e0,1/9/2026 13:00:31,,rainfall,1767981629,82.50694,0,4.11,91.17
e00fce681282837e5d0586e0,1/9/2026 14:00:36,,rainfall,1767985229,72.90139,0,4.11,91.17
e00fce681282837e5d0586e0,1/9/2026 15:00:33,,rainfall,1767988829,79.00833,0,4.11,91.17
e00fce681282837e5d0586e0,1/9/2026 16:00:33,,rainfall,1767992429,69.48333,0,4.11,91.17
e00fce681282837e5d0586e0,1/9/2026 17:00:31,,rainfall,1767996029,81.89722,0,4.11,91.17
e00fce681282837e5d0586e0,1/9/2026 18:00:32,,rainfall,1767999629,89.22361,0,4.11,91.17
e00fce681282837e5d0586e0,1/9/2026 19:00:32,,rainfall,1768003229,88.01389,0,4.11,91.17
e00fce681282837e5d0586e0,1/9/2026 20:00:32,,rainfall,1768006830,94.46806,0,4.11,91.17
e00fce681282837e5d0586e0,1/9/2026 21:00:35,,rainfall,1768010430,87.99028,0,4.11,91.17
e00fce681282837e5d0586e0,1/9/2026 22:00:32,,rainfall,1768014030,88.90556,0,4.11,91.17
e00fce681282837e5d0586e0,1/9/2026 23:00:35,,rainfall,1768017629,88.68889,0,4.11,91.17
e00fce681282837e5d0586e0,1/10/2026 0:00:35,,rainfall,1768021230,90.50972,0,4.11,91.17
e00fce681282837e5d0586e0,1/10/2026 1:00:36,,rainfall,1768024830,89.82361,0,4.11,91.17
e00fce681282837e5d0586e0,1/10/2026 2:00:35,,rainfall,1768028429,86.81944,0,4.11,91.17
e00fce681282837e5d0586e0,1/10/2026 3:00:34,,rainfall,1768032029,89.79583,0,4.11,91.17
e00fce681282837e5d0586e0,1/10/2026 4:00:39,,rainfall,1768035630,86.49028,0,4.11,91.17
e00fce681282837e5d0586e0,1/10/2026 5:00:35,,rainfall,1768039229,84.50555,0,4.11,91.17
e00fce681282837e5d0586e0,1/10/2026 6:00:36,,rainfall,1768042829,84.84861,0,4.11,91.17
e00fce681282837e5d0586e0,1/10/2026 7:00:33,,rainfall,1768046430,84.78194,0,4.11,91.17
e00fce681282837e5d0586e0,1/10/2026 8:00:36,,rainfall,1768050030,80.71111,0,4.11,91.17
e00fce681282837e5d0586e0,1/10/2026 9:00:33,,rainfall,1768053629,83.76806,0,4.11,91.17
e00fce681282837e5d0586e0,1/10/2026 10:00:33,,rainfall,1768057230,84.20834,0,4.11,91.17
e00fce681282837e5d0586e0,1/10/2026 11:00:36,,rainfall,1768060829,95.64445,0,4.11,91.17
e00fce681282837e5d0586e0,1/10/2026 12:00:34,,rainfall,1768064430,92.76806,0,4.11,91.02
e00fce681282837e5d0586e0,1/10/2026 13:00:37,,rainfall,1768068030,87.04166,0,4.11,91.02
e00fce681282837e5d0586e0,1/10/2026 14:00:34,,rainfall,1768071629,89.41666,0,4.11,91.02
e00fce681282837e5d0586e0,1/10/2026 15:00:34,,rainfall,1768075230,92.57917,0,4.11,91.02
e00fce681282837e5d0586e0,1/10/2026 16:00:33,,rainfall,1768078829,86.39861,0,4.11,91.02
e00fce681282837e5d0586e0,1/10/2026 17:00:34,,rainfall,1768082429,89.80972,0,4.11,91.02
e00fce681282837e5d0586e0,1/10/2026 18:00:34,,rainfall,1768086030,88.72916,0,4.11,91.02
e00fce681282837e5d0586e0,1/10/2026 19:00:34,,rainfall,1768089630,80.76527,0,4.11,91.02
e00fce681282837e5d0586e0,1/10/2026 20:00:37,,rainfall,1768093229,78.66944,0,4.11,91.02
e00fce681282837e5d0586e0,1/10/2026 21:00:36,,rainfall,1768096829,83.06528,0,4.11,91.02
e00fce681282837e5d0586e0,1/10/2026 22:00:36,,rainfall,1768100429,84.29723,0,4.11,91.02
e00fce681282837e5d0586e0,1/10/2026 23:00:39,,rainfall,1768104029,85.475,0,4.11,91.02
e00fce681282837e5d0586e0,1/11/2026 0:00:39,,rainfall,1768107629,89.94722,0,4.11,91.02
e00fce681282837e5d0586e0,1/11/2026 1:00:40,,rainfall,1768111230,97.58056,0,4.11,91.02
e00fce681282837e5d0586e0,1/11/2026 2:00:35,,rainfall,1768114830,96.99028,0,4.11,91.02
e00fce681282837e5d0586e0,1/11/2026 3:00:37,,rainfall,1768118430,93.9375,0,4.11,91.02
e00fce681282837e5d0586e0,1/11/2026 4:00:35,,rainfall,1768122030,86.32361,0,4.11,91.02
e00fce681282837e5d0586e0,1/11/2026 5:00:35,,rainfall,1768125630,85.40278,0,4.11,91.02
e00fce681282837e5d0586e0,1/11/2026 6:00:34,,rainfall,1768129229,84.53333,0,4.11,91.02
e00fce681282837e5d0586e0,1/11/2026 7:00:36,,rainfall,1768132830,85.9625,0,4.11,91.02
e00fce681282837e5d0586e0,1/11/2026 8:00:37,,rainfall,1768136429,91.76527,0,4.11,91.02
e00fce681282837e5d0586e0,1/11/2026 9:00:35,,rainfall,1768140030,86.36806,0.28,4.11,91.02
e00fce681282837e5d0586e0,1/11/2026 10:00:39,,rainfall,1768143630,88.52778,1.68,4.11,91.02
e00fce681282837e5d0586e0,1/11/2026 11:00:37,,rainfall,1768147229,88.4875,0,4.11,90.86
e00fce681282837e5d0586e0,1/11/2026 12:00:36,,rainfall,1768150829,83.57222,0,4.11,90.86
e00fce681282837e5d0586e0,1/11/2026 13:00:35,,rainfall,1768154430,79.26527,0,4.11,90.86
e00fce681282837e5d0586e0,1/11/2026 14:00:44,,rainfall,1768158029,81.00972,0,4.11,90.86
e00fce681282837e5d0586e0,1/11/2026 15:00:36,,rainfall,1768161630,86.94722,0,4.11,90.86
e00fce681282837e5d0586e0,1/11/2026 16:00:39,,rainfall,1768165230,79.47916,0,4.11,90.86
e00fce681282837e5d0586e0,1/11/2026 17:00:39,,rainfall,1768168830,83.23055,0,4.11,90.86
e00fce681282837e5d0586e0,1/11/2026 18:00:40,,rainfall,1768172429,94.79723,0,4.11,90.86
e00fce681282837e5d0586e0,1/11/2026 19:00:35,,rainfall,1768176029,85.91528,0,4.11,90.86
e00fce681282837e5d0586e0,1/11/2026 20:00:36,,rainfall,1768179630,82.22639,0,4.11,90.86
e00fce681282837e5d0586e0,1/11/2026 21:00:40,,rainfall,1768183230,80.27778,0,4.11,90.86
e00fce681282837e5d0586e0,1/11/2026 22:00:36,,rainfall,1768186829,80.94305,0,4.11,90.86
e00fce681282837e5d0586e0,1/11/2026 23:00:42,,rainfall,1768190430,82.68611,0,4.11,90.86
e00fce681282837e5d0586e0,1/12/2026 0:00:37,,rainfall,1768194030,82.72778,0,4.11,90.86
e00fce681282837e5d0586e0,1/12/2026 1:00:36,,rainfall,1768197630,82.49445,0,4.11,90.86
e00fce681282837e5d0586e0,1/12/2026 2:00:39,,rainfall,1768201229,82.99722,0,4.11,90.86
e00fce681282837e5d0586e0,1/12/2026 3:00:37,,rainfall,1768204830,81.66666,0,4.11,90.86
e00fce681282837e5d0586e0,1/12/2026 4:00:37,,rainfall,1768208430,82.66805,0,4.11,90.86
e00fce681282837e5d0586e0,1/12/2026 5:00:36,,rainfall,1768212029,82.46806,0,4.11,90.86
e00fce681282837e5d0586e0,1/12/2026 6:00:38,,rainfall,1768215629,81.44028,0,4.11,90.86
e00fce681282837e5d0586e0,1/12/2026 7:00:46,,rainfall,1768219229,82.56944,0,4.11,90.86
e00fce681282837e5d0586e0,1/12/2026 8:00:31,,rainfall,1768222829,85.37917,0,4.11,90.86
e00fce681282837e5d0586e0,1/12/2026 9:00:33,,rainfall,1768226430,82.44167,0,4.11,90.86
e00fce681282837e5d0586e0,1/12/2026 10:00:40,,rainfall,1768230030,76.79723,0.28,4.11,90.86
e00fce681282837e5d0586e0,1/12/2026 11:00:36,,rainfall,1768233630,73.025,0,4.11,90.86
e00fce681282837e5d0586e0,1/12/2026 12:00:34,,rainfall,1768237230,73.3875,0,4.11,90.86
e00fce681282837e5d0586e0,1/12/2026 13:00:32,,rainfall,1768240829,70.83889,0,4.11,90.86
e00fce681282837e5d0586e0,1/12/2026 14:00:35,,rainfall,1768244430,71.54723,0,4.11,90.86
e00fce681282837e5d0586e0,1/12/2026 15:05:36,,rainfall,1768248030,71.275,0,4.11,90.86
e00fce681282837e5d0586e0,1/12/2026 16:00:20,,rainfall,1768251619,72.39861,0,4.11,90.7
e00fce681282837e5d0586e0,1/12/2026 17:00:32,,rainfall,1768255229,77.60416,0,4.11,90.7
e00fce681282837e5d0586e0,1/12/2026 18:00:31,,rainfall,1768258830,81.65694,0,4.11,90.7
e00fce681282837e5d0586e0,1/12/2026 19:00:31,,rainfall,1768262429,83.95277,0,4.11,90.7
e00fce681282837e5d0586e0,1/12/2026 20:00:35,,rainfall,1768266030,83.72778,0,4.11,90.7
e00fce681282837e5d0586e0,1/12/2026 21:00:31,,rainfall,1768269629,86.2,0,4.11,90.7
e00fce681282837e5d0586e0,1/12/2026 22:00:32,,rainfall,1768273230,85.56944,0,4.11,90.7
e00fce681282837e5d0586e0,1/12/2026 23:00:32,,rainfall,1768276830,87.85555,0,4.11,90.7
e00fce681282837e5d0586e0,1/13/2026 0:00:34,,rainfall,1768280429,88.82639,0,4.11,90.7
e00fce681282837e5d0586e0,1/13/2026 1:00:35,,rainfall,1768284030,88.62361,0,4.11,90.7
e00fce681282837e5d0586e0,1/13/2026 2:00:31,,rainfall,1768287629,90.88472,0,4.11,90.7
e00fce681282837e5d0586e0,1/13/2026 3:00:35,,rainfall,1768291229,87.34722,0,4.11,90.7
e00fce681282837e5d0586e0,1/13/2026 4:00:34,,rainfall,1768294829,90.75972,0,4.11,90.7
e00fce681282837e5d0586e0,1/13/2026 5:00:35,,rainfall,1768298429,92.47916,0,4.11,90.7
e00fce681282837e5d0586e0,1/13/2026 6:00:32,,rainfall,1768302030,94.81667,0,4.11,90.7
e00fce681282837e5d0586e0,1/13/2026 7:00:36,,rainfall,1768305629,91.71806,0,4.11,90.7
e00fce681282837e5d0586e0,1/13/2026 8:00:32,,rainfall,1768309230,91.45834,0,4.11,90.7
e00fce681282837e5d0586e0,1/13/2026 9:00:35,,rainfall,1768312830,81.62639,0,4.11,90.7
e00fce681282837e5d0586e0,1/13/2026 10:00:33,,rainfall,1768316430,72.13472,0,4.11,90.7
e00fce681282837e5d0586e0,1/13/2026 11:00:33,,rainfall,1768320030,66.91666,0,4.11,90.7
e00fce681282837e5d0586e0,1/13/2026 12:00:32,,rainfall,1768323629,69.16944,0,4.11,90.7
e00fce681282837e5d0586e0,1/13/2026 13:00:34,,rainfall,1768327229,69.61528,0,4.11,90.7
e00fce681282837e5d0586e0,1/13/2026 14:00:33,,rainfall,1768330830,68.16389,0,4.11,90.7
e00fce681282837e5d0586e0,1/13/2026 15:00:33,,rainfall,1768334429,65.15833,0,4.11,90.7
e00fce681282837e5d0586e0,1/13/2026 16:00:33,,rainfall,1768338030,61.40833,0,4.11,90.7
e00fce681282837e5d0586e0,1/13/2026 17:00:34,,rainfall,1768341630,67.75417,0,4.11,90.7
e00fce681282837e5d0586e0,1/13/2026 18:00:35,,rainfall,1768345231,68.63194,0,4.11,90.7
e00fce681282837e5d0586e0,1/13/2026 19:00:33,,rainfall,1768348829,72.92639,0,4.11,90.7
e00fce681282837e5d0586e0,1/13/2026 20:00:35,,rainfall,1768352429,75.05556,0,4.11,90.7
e00fce681282837e5d0586e0,1/13/2026 21:00:35,,rainfall,1768356030,77.30695,0,4.11,90.7
e00fce681282837e5d0586e0,1/13/2026 22:00:36,,rainfall,1768359629,79.17361,0,4.11,90.7
e00fce681282837e5d0586e0,1/13/2026 23:00:33,,rainfall,1768363229,79.10833,0,4.11,90.7
e00fce681282837e5d0586e0,1/14/2026 0:00:33,,rainfall,1768366829,80.19583,0,4.11,90.7
e00fce681282837e5d0586e0,1/14/2026 1:00:36,,rainfall,1768370429,81.37778,0,4.11,90.7
e00fce681282837e5d0586e0,1/14/2026 2:00:38,,rainfall,1768374029,82.09444,0,4.11,90.7
e00fce681282837e5d0586e0,1/14/2026 3:00:37,,rainfall,1768377630,79.99167,0,4.11,90.7
e00fce681282837e5d0586e0,1/14/2026 4:00:39,,rainfall,1768381230,83.45556,0,4.11,90.7
e00fce681282837e5d0586e0,1/14/2026 5:00:39,,rainfall,1768384830,82.00694,0,4.11,90.7
e00fce681282837e5d0586e0,1/14/2026 6:00:38,,rainfall,1768388429,83.8375,0,4.11,90.7
e00fce681282837e5d0586e0,1/14/2026 7:00:38,,rainfall,1768392030,83.67917,0,4.11,90.7
e00fce681282837e5d0586e0,1/14/2026 8:00:34,,rainfall,1768395629,85.97639,0,4.11,90.7
e00fce681282837e5d0586e0,1/14/2026 9:00:36,,rainfall,1768399229,83.77222,0,4.11,90.54
e00fce681282837e5d0586e0,1/14/2026 10:00:36,,rainfall,1768402830,66.73194,0,4.11,90.54
e00fce681282837e5d0586e0,1/14/2026 11:00:34,,rainfall,1768406429,60.0875,0,4.11,90.54
e00fce681282837e5d0586e0,1/14/2026 12:00:37,,rainfall,1768410030,57.50278,0,4.11,90.54
e00fce681282837e5d0586e0,1/14/2026 13:00:34,,rainfall,1768413629,56.32778,0,4.11,90.54
e00fce681282837e5d0586e0,1/14/2026 14:00:35,,rainfall,1768417229,57.68195,0,4.11,90.54
e00fce681282837e5d0586e0,1/14/2026 15:00:35,,rainfall,1768420829,59.83055,0,4.11,90.54
e00fce681282837e5d0586e0,1/14/2026 16:00:38,,rainfall,1768424430,64.30833,0,4.11,90.54
e00fce681282837e5d0586e0,1/14/2026 17:00:36,,rainfall,1768428029,67.50833,0,4.11,90.54
e00fce681282837e5d0586e0,1/14/2026 18:00:38,,rainfall,1768431629,70.29028,0,4.11,90.54
e00fce681282837e5d0586e0,1/14/2026 19:00:38,,rainfall,1768435230,73.24583,0,4.11,90.54
e00fce681282837e5d0586e0,1/14/2026 20:00:36,,rainfall,1768438829,72.775,0,4.11,90.54
e00fce681282837e5d0586e0,1/14/2026 21:00:37,,rainfall,1768442430,73.07639,0,4.11,90.54
e00fce681282837e5d0586e0,1/14/2026 22:00:41,,rainfall,1768446030,73.86945,0,4.11,90.54
e00fce681282837e5d0586e0,1/14/2026 23:00:36,,rainfall,1768449630,71.62083,0,4.11,90.54
e00fce681282837e5d0586e0,1/15/2026 0:00:38,,rainfall,1768453229,72.46111,0,4.11,90.54
e00fce681282837e5d0586e0,1/15/2026 1:00:40,,rainfall,1768456829,72.12222,0,4.11,90.54
e00fce681282837e5d0586e0,1/15/2026 2:00:38,,rainfall,1768460430,71.92223,0,4.11,90.54
e00fce681282837e5d0586e0,1/15/2026 3:00:37,,rainfall,1768464030,72.05695,0,4.11,90.54
e00fce681282837e5d0586e0,1/15/2026 4:00:36,,rainfall,1768467630,72.17223,0,4.11,90.54
e00fce681282837e5d0586e0,1/15/2026 5:00:40,,rainfall,1768471230,72.72361,0,4.11,90.54
e00fce681282837e5d0586e0,1/15/2026 6:00:41,,rainfall,1768474829,74.38611,0,4.11,90.54
e00fce681282837e5d0586e0,1/15/2026 7:00:36,,rainfall,1768478429,75.43056,0,4.11,90.54
e00fce681282837e5d0586e0,1/15/2026 8:00:37,,rainfall,1768482029,72.89584,0,4.11,90.54
e00fce681282837e5d0586e0,1/15/2026 9:00:36,,rainfall,1768485629,68.1875,0,4.11,90.54
e00fce681282837e5d0586e0,1/15/2026 10:00:38,,rainfall,1768489230,63.75834,0,4.11,90.54
e00fce681282837e5d0586e0,1/15/2026 11:00:42,,rainfall,1768492829,63.14722,0,4.11,90.54
e00fce681282837e5d0586e0,1/15/2026 12:00:36,,rainfall,1768496430,62.38889,0,4.11,90.54
e00fce681282837e5d0586e0,1/15/2026 13:00:36,,rainfall,1768500029,62.90139,0,4.11,90.54
e00fce681282837e5d0586e0,1/15/2026 14:00:37,,rainfall,1768503630,62.36528,0,4.11,90.54
e00fce681282837e5d0586e0,1/15/2026 15:00:49,,rainfall,1768507229,63.44167,0,4.11,90.54
e00fce681282837e5d0586e0,1/15/2026 16:00:32,,rainfall,1768510830,65.47222,0,4.11,90.54
e00fce681282837e5d0586e0,1/15/2026 17:00:33,,rainfall,1768514431,71.08611,0,4.11,90.54
e00fce681282837e5d0586e0,1/15/2026 18:00:32,,rainfall,1768518030,73.07777,0,4.11,90.54
e00fce681282837e5d0586e0,1/15/2026 19:00:32,,rainfall,1768521629,74.67223,0,4.11,90.54
e00fce681282837e5d0586e0,1/15/2026 20:00:32,,rainfall,1768525229,75.2375,0,4.11,90.54
e00fce681282837e5d0586e0,1/15/2026 21:00:33,,rainfall,1768528830,76.2125,0,4.11,90.54
e00fce681282837e5d0586e0,1/15/2026 22:00:32,,rainfall,1768532429,77.03194,0,4.11,90.54
e00fce681282837e5d0586e0,1/15/2026 23:00:32,,rainfall,1768536030,77.55556,0,4.11,90.38
e00fce681282837e5d0586e0,1/16/2026 0:00:37,,rainfall,1768539630,78.18056,0,4.11,90.38
e00fce681282837e5d0586e0,1/16/2026 1:00:40,,rainfall,1768543229,79.13333,0,4.11,90.38
e00fce681282837e5d0586e0,1/16/2026 2:00:37,,rainfall,1768546829,79.0875,0,4.11,90.38
e00fce681282837e5d0586e0,1/16/2026 3:00:34,,rainfall,1768550431,79.50694,0,4.11,90.38
e00fce681282837e5d0586e0,1/16/2026 4:00:35,,rainfall,1768554030,79.875,0,4.11,90.38
e00fce681282837e5d0586e0,1/16/2026 5:00:33,,rainfall,1768557629,79.94028,0,4.11,90.38
e00fce681282837e5d0586e0,1/16/2026 6:00:34,,rainfall,1768561229,79.69444,0,4.11,90.38
e00fce681282837e5d0586e0,1/16/2026 7:00:34,,rainfall,1768564830,80.07917,0,4.11,90.38
e00fce681282837e5d0586e0,1/16/2026 8:00:34,,rainfall,1768568429,79.57361,0,4.11,90.38
e00fce681282837e5d0586e0,1/16/2026 9:00:33,,rainfall,1768572029,74.7125,0,4.11,90.38
e00fce681282837e5d0586e0,1/16/2026 10:00:38,,rainfall,1768575629,74.04583,0,4.11,90.38
e00fce681282837e5d0586e0,1/16/2026 11:00:34,,rainfall,1768579230,73.82777,0,4.11,90.38
e00fce681282837e5d0586e0,1/16/2026 12:00:37,,rainfall,1768582829,73.19028,0,4.11,90.38
e00fce681282837e5d0586e0,1/16/2026 13:01:50,,rainfall,1768586430,72.01527,0,4.11,90.38
e00fce681282837e5d0586e0,1/16/2026 14:00:34,,rainfall,1768590029,70.56805,0,4.11,90.38
e00fce681282837e5d0586e0,1/16/2026 15:00:33,,rainfall,1768593630,70.33889,0,4.11,90.38
e00fce681282837e5d0586e0,1/16/2026 16:00:33,,rainfall,1768597230,69.39584,0,4.11,90.38
e00fce681282837e5d0586e0,1/16/2026 17:00:35,,rainfall,1768600830,73.64584,0,4.11,90.38
e00fce681282837e5d0586e0,1/16/2026 18:00:31,,rainfall,1768604429,75.05972,0,4.11,90.38
e00fce681282837e5d0586e0,1/16/2026 19:00:35,,rainfall,1768608029,76.44583,0,4.11,90.38
e00fce681282837e5d0586e0,1/16/2026 20:00:32,,rainfall,1768611630,76.44028,0,4.11,90.38
e00fce681282837e5d0586e0,1/16/2026 21:00:33,,rainfall,1768615228,77.10278,0,4.11,90.38
e00fce681282837e5d0586e0,1/16/2026 22:00:32,,rainfall,1768618830,76.53889,0,4.11,90.38
e00fce681282837e5d0586e0,1/16/2026 23:00:32,,rainfall,1768622429,75.53889,0,4.11,90.38
e00fce681282837e5d0586e0,1/17/2026 0:00:32,,rainfall,1768626029,75.18333,0,4.11,90.38
e00fce681282837e5d0586e0,1/17/2026 1:00:32,,rainfall,1768629630,74.94028,0,4.11,90.38
e00fce681282837e5d0586e0,1/17/2026 2:00:32,,rainfall,1768633229,74.52361,0,4.11,90.38
e00fce681282837e5d0586e0,1/17/2026 3:00:32,,rainfall,1768636829,73.69028,0,4.11,90.38
e00fce681282837e5d0586e0,1/17/2026 4:00:32,,rainfall,1768640429,74.27222,0,4.11,90.38
e00fce681282837e5d0586e0,1/17/2026 5:00:32,,rainfall,1768644029,74.25833,0,4.11,90.38
e00fce681282837e5d0586e0,1/17/2026 6:00:38,,rainfall,1768647629,74.24445,0,4.11,90.38
e00fce681282837e5d0586e0,1/17/2026 7:00:33,,rainfall,1768651229,73.1875,0,4.11,90.38
e00fce681282837e5d0586e0,1/17/2026 8:00:36,,rainfall,1768654829,69.12639,0,4.11,90.38
e00fce681282837e5d0586e0,1/17/2026 9:00:33,,rainfall,1768658429,60.96111,0,4.11,90.38
e00fce681282837e5d0586e0,1/17/2026 10:00:35,,rainfall,1768662029,59.10833,0,4.11,90.38
e00fce681282837e5d0586e0,1/17/2026 11:00:38,,rainfall,1768665630,57.67639,0,4.11,90.38
e00fce681282837e5d0586e0,1/17/2026 12:00:34,,rainfall,1768669230,57.25555,0,4.11,90.38
e00fce681282837e5d0586e0,1/17/2026 13:00:37,,rainfall,1768672829,57.60417,0,4.11,90.38
e00fce681282837e5d0586e0,1/17/2026 14:00:38,,rainfall,1768676429,57.40833,0,4.11,90.38
e00fce681282837e5d0586e0,1/17/2026 15:00:36,,rainfall,1768680029,59.33194,0,4.11,90.38
e00fce681282837e5d0586e0,1/17/2026 16:00:35,,rainfall,1768683629,58.78194,0,4.11,90.38
e00fce681282837e5d0586e0,1/17/2026 17:00:34,,rainfall,1768687230,62.03194,0,4.11,90.38
e00fce681282837e5d0586e0,1/17/2026 18:00:38,,rainfall,1768690829,64.20417,0,4.11,90.38
e00fce681282837e5d0586e0,1/17/2026 19:00:34,,rainfall,1768694429,65.69167,0,4.11,90.38
e00fce681282837e5d0586e0,1/17/2026 20:00:37,,rainfall,1768698031,67.325,0,4.11,90.38
e00fce681282837e5d0586e0,1/17/2026 21:00:34,,rainfall,1768701630,67.20139,0,4.11,90.38
e00fce681282837e5d0586e0,1/17/2026 22:00:40,,rainfall,1768705230,67.66666,0,4.11,90.22
e00fce681282837e5d0586e0,1/17/2026 23:00:35,,rainfall,1768708829,64.76527,0,4.11,90.22
e00fce681282837e5d0586e0,1/18/2026 0:00:35,,rainfall,1768712430,63.00694,0,4.11,90.22
e00fce681282837e5d0586e0,1/18/2026 1:00:36,,rainfall,1768716030,61.35972,0,4.11,90.22
e00fce681282837e5d0586e0,1/18/2026 2:00:34,,rainfall,1768719629,60.2625,0,4.11,90.22
e00fce681282837e5d0586e0,1/18/2026 3:00:35,,rainfall,1768723229,60.27917,0,4.11,90.22
e00fce681282837e5d0586e0,1/18/2026 4:00:34,,rainfall,1768726829,58.90972,0,4.11,90.22
e00fce681282837e5d0586e0,1/18/2026 5:00:34,,rainfall,1768730429,58.55416,0,4.11,90.22
e00fce681282837e5d0586e0,1/18/2026 6:00:35,,rainfall,1768734030,59.38055,0,4.11,90.22
e00fce681282837e5d0586e0,1/18/2026 7:00:36,,rainfall,1768737631,60.23472,0,4.11,90.22
e00fce681282837e5d0586e0,1/18/2026 8:00:35,,rainfall,1768741230,61.50555,0,4.11,90.22
e00fce681282837e5d0586e0,1/18/2026 9:00:34,,rainfall,1768744829,61.5125,0.56,4.11,90.22
e00fce681282837e5d0586e0,1/18/2026 10:00:34,,rainfall,1768748429,59.24306,1.12,4.11,90.22
e00fce681282837e5d0586e0,1/18/2026 11:00:36,,rainfall,1768752029,69.98055,0.84,4.11,90.22
e00fce681282837e5d0586e0,1/18/2026 12:00:40,,rainfall,1768755631,78.99167,1.96,4.11,90.22
e00fce681282837e5d0586e0,1/18/2026 13:00:36,,rainfall,1768759230,78.69444,1.68,4.11,90.22
e00fce681282837e5d0586e0,1/18/2026 14:00:40,,rainfall,1768762829,79.76667,1.4,4.11,90.22
e00fce681282837e5d0586e0,1/18/2026 15:00:36,,rainfall,1768766430,92.30833,2.24,4.11,90.22
e00fce681282837e5d0586e0,1/18/2026 16:00:35,,rainfall,1768770029,99.71944,1.68,4.11,90.22
e00fce681282837e5d0586e0,1/18/2026 17:00:38,,rainfall,1768773630,94.78889,0.56,4.11,90.22
e00fce681282837e5d0586e0,1/18/2026 18:00:37,,rainfall,1768777230,93.74583,0,4.11,90.22
e00fce681282837e5d0586e0,1/18/2026 19:00:38,,rainfall,1768780829,92.11945,0,4.11,90.22
e00fce681282837e5d0586e0,1/18/2026 20:00:36,,rainfall,1768784430,92.38472,0,4.11,90.22
e00fce681282837e5d0586e0,1/18/2026 21:00:35,,rainfall,1768788029,98.10973,0,4.11,90.22
e00fce681282837e5d0586e0,1/18/2026 23:03:23,,rainfall,1768795330,99.39722,0,4.11,90.07
e00fce681282837e5d0586e0,1/19/2026 0:00:36,,rainfall,1768798830,93.49722,0,4.11,90.07
e00fce681282837e5d0586e0,1/19/2026 1:00:36,,rainfall,1768802429,95.22361,0,4.11,90.07
e00fce681282837e5d0586e0,1/19/2026 2:00:38,,rainfall,1768806030,95.03472,0,4.11,90.07
e00fce681282837e5d0586e0,1/19/2026 3:00:37,,rainfall,1768809629,96.52778,0,4.11,90.07
e00fce681282837e5d0586e0,1/19/2026 4:00:38,,rainfall,1768813230,98.08889,0,4.11,90.07
e00fce681282837e5d0586e0,1/19/2026 5:00:39,,rainfall,1768816829,98.62917,0,4.11,90.07
e00fce681282837e5d0586e0,1/19/2026 6:00:37,,rainfall,1768820429,101.04444,0,4.11,90.07
e00fce681282837e5d0586e0,1/19/2026 7:00:37,,rainfall,1768824029,99.81111,0,4.11,90.07
e00fce681282837e5d0586e0,1/19/2026 8:00:36,,rainfall,1768827629,102.43333,0,4.11,90.07
e00fce681282837e5d0586e0,1/19/2026 9:00:37,,rainfall,1768831230,96.0875,0,4.11,90.07
e00fce681282837e5d0586e0,1/19/2026 10:00:41,,rainfall,1768834830,72.90694,0.28,4.11,90.07
e00fce681282837e5d0586e0,1/19/2026 11:00:39,,rainfall,1768838429,79.23333,0,4.11,90.07
e00fce681282837e5d0586e0,1/19/2026 12:00:37,,rainfall,1768842029,79.48333,0,4.11,90.07
e00fce681282837e5d0586e0,1/19/2026 13:00:44,,rainfall,1768845630,77.07777,0,4.11,90.07
e00fce681282837e5d0586e0,1/19/2026 14:00:34,,rainfall,1768849230,76.09583,0,4.11,90.07
e00fce681282837e5d0586e0,1/19/2026 15:00:32,,rainfall,1768852830,80.0125,0,4.11,90.07
e00fce681282837e5d0586e0,1/19/2026 16:00:31,,rainfall,1768856429,68.75417,0,4.11,90.07
e00fce681282837e5d0586e0,1/19/2026 17:00:38,,rainfall,1768860030,84.41111,0,4.11,90.07
e00fce681282837e5d0586e0,1/19/2026 18:00:32,,rainfall,1768863630,88.59167,0,4.11,90.07
e00fce681282837e5d0586e0,1/19/2026 19:00:35,,rainfall,1768867230,91.03194,0,4.11,90.07
e00fce681282837e5d0586e0,1/19/2026 20:00:32,,rainfall,1768870829,93.85555,0,4.11,90.07
e00fce681282837e5d0586e0,1/19/2026 21:00:32,,rainfall,1768874430,94.65278,0,4.11,90.07
e00fce681282837e5d0586e0,1/19/2026 22:00:32,,rainfall,1768878029,90.95277,0,4.11,90.07
e00fce681282837e5d0586e0,1/19/2026 23:00:32,,rainfall,1768881630,86.17778,0,4.11,90.07
e00fce681282837e5d0586e0,1/20/2026 0:00:33,,rainfall,1768885230,87.04166,0,4.11,90.07
e00fce681282837e5d0586e0,1/20/2026 1:00:32,,rainfall,1768888829,86.44444,0,4.11,90.07
e00fce681282837e5d0586e0,1/20/2026 2:00:34,,rainfall,1768892430,89.60694,0,4.11,90.07
e00fce681282837e5d0586e0,1/20/2026 3:00:34,,rainfall,1768896029,87.30139,0,4.11,90.07
e00fce681282837e5d0586e0,1/20/2026 4:00:33,,rainfall,1768899630,93.89306,0,4.11,90.07
e00fce681282837e5d0586e0,1/20/2026 5:00:35,,rainfall,1768903230,93.76111,0,4.11,90.07
e00fce681282837e5d0586e0,1/20/2026 6:00:33,,rainfall,1768906830,90.0875,0,4.11,90.07
e00fce681282837e5d0586e0,1/20/2026 7:00:35,,rainfall,1768910429,90.24583,0,4.11,90.07
e00fce681282837e5d0586e0,1/20/2026 8:00:36,,rainfall,1768914029,96.11667,0,4.11,90.07
e00fce681282837e5d0586e0,1/20/2026 9:00:36,,rainfall,1768917629,96.1625,0,4.11,90.07
e00fce681282837e5d0586e0,1/20/2026 10:00:36,,rainfall,1768921229,74.5375,0,4.11,90.07
e00fce681282837e5d0586e0,1/20/2026 11:00:33,,rainfall,1768924829,77.51389,0,4.11,90.07
e00fce681282837e5d0586e0,1/20/2026 12:00:34,,rainfall,1768928430,83.55556,0,4.11,90.07
e00fce681282837e5d0586e0,1/20/2026 13:00:39,,rainfall,1768932030,79.81528,0,4.11,90.07
e00fce681282837e5d0586e0,1/20/2026 14:00:36,,rainfall,1768935630,81.21806,0,4.11,90.07
e00fce681282837e5d0586e0,1/20/2026 15:00:37,,rainfall,1768939230,84.19305,0,4.11,90.07
e00fce681282837e5d0586e0,1/20/2026 16:00:36,,rainfall,1768942830,71.05139,0,4.11,90.07
e00fce681282837e5d0586e0,1/20/2026 17:00:39,,rainfall,1768946430,77.68195,0,4.11,90.07
e00fce681282837e5d0586e0,1/20/2026 18:00:38,,rainfall,1768950030,85.59861,0,4.11,90.07
e00fce681282837e5d0586e0,1/20/2026 19:00:37,,rainfall,1768953630,96.26945,0,4.11,90.07
e00fce681282837e5d0586e0,1/20/2026 20:00:35,,rainfall,1768957230,89.80139,0,4.11,90.07
e00fce681282837e5d0586e0,1/20/2026 21:00:38,,rainfall,1768960829,91.44028,0,4.11,90.07
e00fce681282837e5d0586e0,1/20/2026 22:00:34,,rainfall,1768964430,92.64445,0,4.11,90.07
e00fce681282837e5d0586e0,1/20/2026 23:00:36,,rainfall,1768968029,100.29861,0,4.11,90.07
e00fce681282837e5d0586e0,1/21/2026 0:00:35,,rainfall,1768971628,101.40694,0,4.11,90.07
e00fce681282837e5d0586e0,1/21/2026 1:00:38,,rainfall,1768975230,101.12361,0,4.11,90.07
e00fce681282837e5d0586e0,1/21/2026 2:00:34,,rainfall,1768978829,104.05972,0,4.11,90.07
e00fce681282837e5d0586e0,1/21/2026 3:00:35,,rainfall,1768982430,98.58056,0,4.11,90.07
e00fce681282837e5d0586e0,1/21/2026 4:00:34,,rainfall,1768986029,100.32777,0,4.11,90.07
e00fce681282837e5d0586e0,1/21/2026 5:00:36,,rainfall,1768989629,100.38472,0,4.11,90.07
e00fce681282837e5d0586e0,1/21/2026 6:00:38,,rainfall,1768993230,99.74445,0,4.11,90.07
e00fce681282837e5d0586e0,1/21/2026 7:00:38,,rainfall,1768996830,100.48194,0,4.11,90.07
e00fce681282837e5d0586e0,1/21/2026 8:00:36,,rainfall,1769000430,100.16944,0,4.11,90.07
e00fce681282837e5d0586e0,1/21/2026 9:00:40,,rainfall,1769004029,84.02084,0,4.11,90.07
e00fce681282837e5d0586e0,1/21/2026 10:00:36,,rainfall,1769007630,72.34722,0,4.11,90.07
e00fce681282837e5d0586e0,1/21/2026 11:00:35,,rainfall,1769011229,70.03472,0,4.11,90.07
e00fce681282837e5d0586e0,1/21/2026 12:00:35,,rainfall,1769014829,72.375,0,4.11,90.07
e00fce681282837e5d0586e0,1/21/2026 13:00:39,,rainfall,1769018430,75.08611,0,4.11,90.07
e00fce681282837e5d0586e0,1/21/2026 14:00:36,,rainfall,1769022029,72.17639,0,4.11,90.07
e00fce681282837e5d0586e0,1/21/2026 15:00:37,,rainfall,1769025629,71.89445,0,4.11,90.07
e00fce681282837e5d0586e0,1/21/2026 16:00:38,,rainfall,1769029229,71.29028,0,4.11,90.07
e00fce681282837e5d0586e0,1/21/2026 17:00:36,,rainfall,1769032830,84.00833,0,4.11,89.91
e00fce681282837e5d0586e0,1/21/2026 18:00:36,,rainfall,1769036430,87.48889,0,4.11,89.91
e00fce681282837e5d0586e0,1/21/2026 19:00:41,,rainfall,1769040031,95.30278,0,4.11,89.91
e00fce681282837e5d0586e0,1/21/2026 20:00:37,,rainfall,1769043630,90.85139,0,4.11,89.91
e00fce681282837e5d0586e0,1/21/2026 21:00:40,,rainfall,1769047229,87.9875,0,4.11,89.91
e00fce681282837e5d0586e0,1/21/2026 22:00:37,,rainfall,1769050830,94.56667,0,4.11,89.91
e00fce681282837e5d0586e0,1/21/2026 23:00:38,,rainfall,1769054429,98.85139,0,4.11,89.91
e00fce681282837e5d0586e0,1/22/2026 0:00:38,,rainfall,1769058030,98.62917,0,4.11,89.91
e00fce681282837e5d0586e0,1/22/2026 1:00:36,,rainfall,1769061629,98.34861,0,4.11,89.91
e00fce681282837e5d0586e0,1/22/2026 2:00:40,,rainfall,1769065230,97.91805,0,4.11,89.91
e00fce681282837e5d0586e0,1/22/2026 3:00:36,,rainfall,1769068829,100.34167,0,4.11,89.91
e00fce681282837e5d0586e0,1/22/2026 4:00:39,,rainfall,1769072430,101.21806,0,4.11,89.91
e00fce681282837e5d0586e0,1/22/2026 5:00:36,,rainfall,1769076029,97.73194,0,4.11,89.91
e00fce681282837e5d0586e0,1/22/2026 6:00:40,,rainfall,1769079629,94.61528,0,4.11,89.91
e00fce681282837e5d0586e0,1/22/2026 7:00:37,,rainfall,1769083230,90.55278,0,4.11,89.91
e00fce681282837e5d0586e0,1/22/2026 8:00:37,,rainfall,1769086830,92.00278,0,4.11,89.91
e00fce681282837e5d0586e0,1/22/2026 9:00:40,,rainfall,1769090429,93.7375,0,4.11,89.91
e00fce681282837e5d0586e0,1/22/2026 10:00:38,,rainfall,1769094030,92.01389,0,4.11,89.91
e00fce681282837e5d0586e0,1/22/2026 11:00:37,,rainfall,1769097629,85.44444,0,4.11,89.91
e00fce681282837e5d0586e0,1/22/2026 12:00:37,,rainfall,1769101229,86.28333,0,4.11,89.91
e00fce681282837e5d0586e0,1/22/2026 13:00:47,,rainfall,1769104831,87.54166,0,4.11,89.91
e00fce68239f79db42ac9cb5,1/22/2026 13:29:51,,rainfall_0001,946684813,258.92221,0,0.15,93.7
e00fce68239f79db42ac9cb5,1/22/2026 13:30:31,,rainfall_0001,1769106629,258.9736,0,0.05,82.87
e00fce68239f79db42ac9cb5,1/22/2026 13:56:38,,rainfall_0001,946684813,240.5,0,0.15,93.7
e00fce681282837e5d0586e0,1/22/2026 14:00:32,,rainfall,1769108430,82.55278,0,4.11,89.91
e00fce681282837e5d0586e0,1/22/2026 15:00:33,,rainfall,1769112029,75.67223,0,4.11,89.91
e00fce681282837e5d0586e0,1/22/2026 16:00:31,,rainfall,1769115629,67.10555,0,4.11,89.91
e00fce681282837e5d0586e0,1/22/2026 17:00:34,,rainfall,1769119230,84.52639,0,4.11,89.91
e00fce681282837e5d0586e0,1/22/2026 18:00:32,,rainfall,1769122829,95.95139,0,4.11,89.91
e00fce681282837e5d0586e0,1/22/2026 19:00:34,,rainfall,1769126430,95.88194,0,4.11,89.91
e00fce681282837e5d0586e0,1/22/2026 20:00:32,,rainfall,1769130030,90.48333,0,4.11,89.91
e00fce681282837e5d0586e0,1/22/2026 21:00:37,,rainfall,1769133629,95.03194,0,4.11,89.91
e00fce681282837e5d0586e0,1/22/2026 22:00:33,,rainfall,1769137230,88.71389,0,4.11,89.91
e00fce681282837e5d0586e0,1/22/2026 23:00:34,,rainfall,1769140829,89.36806,0,4.11,89.91
e00fce681282837e5d0586e0,1/23/2026 0:00:32,,rainfall,1769144429,89.42361,0,4.11,89.91
e00fce681282837e5d0586e0,1/23/2026 1:00:32,,rainfall,1769148029,92.34583,0,4.11,89.91
e00fce681282837e5d0586e0,1/23/2026 2:00:32,,rainfall,1769151630,91.86389,0,4.11,89.91
e00fce681282837e5d0586e0,1/23/2026 3:00:35,,rainfall,1769155230,92.25972,0,4.11,89.91
e00fce681282837e5d0586e0,1/23/2026 4:00:32,,rainfall,1769158829,93.92639,0,4.11,89.91
e00fce681282837e5d0586e0,1/23/2026 5:00:32,,rainfall,1769162429,90.83889,0,4.11,89.91
e00fce681282837e5d0586e0,1/23/2026 6:00:36,,rainfall,1769166029,91.03472,0,4.11,89.91
e00fce681282837e5d0586e0,1/23/2026 7:00:32,,rainfall,1769169629,87.86528,0,4.11,89.91
e00fce681282837e5d0586e0,1/23/2026 8:00:34,,rainfall,1769173229,88.95,0,4.11,89.91
e00fce681282837e5d0586e0,1/23/2026 9:00:37,,rainfall,1769176829,92.03194,0,4.11,89.91
e00fce681282837e5d0586e0,1/23/2026 10:00:33,,rainfall,1769180430,86.29583,0,4.11,89.75
e00fce681282837e5d0586e0,1/23/2026 11:00:38,,rainfall,1769184029,82.88472,0,4.11,89.75
e00fce681282837e5d0586e0,1/23/2026 12:00:36,,rainfall,1769187629,78.19305,0,4.11,89.75
e00fce681282837e5d0586e0,1/23/2026 13:00:34,,rainfall,1769191230,81.20834,0,4.11,89.75
e00fce681282837e5d0586e0,1/23/2026 14:00:32,,rainfall,1769194828,83.67223,0,4.11,89.75
e00fce681282837e5d0586e0,1/23/2026 15:00:37,,rainfall,1769198430,81.6125,0,4.11,89.75
e00fce681282837e5d0586e0,1/23/2026 16:00:34,,rainfall,1769202030,80.28889,0,4.1,89.75
e00fce681282837e5d0586e0,1/23/2026 17:00:36,,rainfall,1769205629,79.17083,0,4.11,89.75
e00fce681282837e5d0586e0,1/23/2026 18:00:38,,rainfall,1769209230,86.29583,0,4.11,89.75
e00fce681282837e5d0586e0,1/23/2026 19:00:35,,rainfall,1769212830,91.61945,0,4.11,89.75
e00fce681282837e5d0586e0,1/23/2026 20:00:36,,rainfall,1769216429,91.90972,0,4.11,89.75
e00fce681282837e5d0586e0,1/23/2026 22:01:46,,rainfall,1769223616,92.35555,0,4.11,89.75
e00fce681282837e5d0586e0,1/23/2026 23:00:37,,rainfall,1769227229,97.3,0,4.11,89.75
e00fce681282837e5d0586e0,1/24/2026 0:00:35,,rainfall,1769230830,91.22361,0,4.11,89.75
e00fce681282837e5d0586e0,1/24/2026 1:00:34,,rainfall,1769234429,91.98055,0,4.11,89.75
e00fce681282837e5d0586e0,1/24/2026 2:00:34,,rainfall,1769238029,91.34167,0,4.11,89.75
e00fce681282837e5d0586e0,1/24/2026 3:00:34,,rainfall,1769241629,99.66805,0,4.1,89.75
e00fce681282837e5d0586e0,1/24/2026 4:00:35,,rainfall,1769245230,94.96667,0,4.11,89.75
e00fce681282837e5d0586e0,1/24/2026 5:00:35,,rainfall,1769248829,90.82083,0,4.11,89.75
e00fce681282837e5d0586e0,1/24/2026 6:00:38,,rainfall,1769252430,86.23055,0,4.11,89.75
e00fce681282837e5d0586e0,1/24/2026 7:00:36,,rainfall,1769256029,87.59583,0,4.11,89.75
e00fce681282837e5d0586e0,1/24/2026 8:00:35,,rainfall,1769259630,90.02917,0,4.11,89.75
e00fce681282837e5d0586e0,1/24/2026 9:00:35,,rainfall,1769263230,86.28472,0,4.11,89.75
e00fce681282837e5d0586e0,1/24/2026 10:00:36,,rainfall,1769266830,79.48333,0,4.11,89.75
e00fce681282837e5d0586e0,1/24/2026 11:00:35,,rainfall,1769270430,83.71389,0,4.11,89.75
e00fce681282837e5d0586e0,1/24/2026 12:00:36,,rainfall,1769274029,81.14861,0,4.11,89.75
e00fce681282837e5d0586e0,1/24/2026 13:00:40,,rainfall,1769277629,78.21389,0,4.1,89.75
e00fce681282837e5d0586e0,1/24/2026 14:00:37,,rainfall,1769281229,83.75972,0,4.11,89.75
e00fce681282837e5d0586e0,1/24/2026 15:00:35,,rainfall,1769284829,88.77222,0,4.11,89.75
e00fce681282837e5d0586e0,1/24/2026 17:01:49,,rainfall,1769292022,86.34028,0,4.11,89.75
e00fce681282837e5d0586e0,1/24/2026 18:00:32,,rainfall,1769295629,84.0375,0,4.11,89.75
e00fce681282837e5d0586e0,1/24/2026 19:00:32,,rainfall,1769299230,83.41666,0,4.11,89.75
e00fce681282837e5d0586e0,1/24/2026 20:00:31,,rainfall,1769302829,81.22083,0,4.11,89.75
e00fce681282837e5d0586e0,1/24/2026 21:00:38,,rainfall,1769306430,81.20139,0,4.11,89.75
e00fce681282837e5d0586e0,1/24/2026 22:00:32,,rainfall,1769310030,92.11945,0,4.11,89.75
e00fce681282837e5d0586e0,1/24/2026 23:00:34,,rainfall,1769313629,89.20277,0,4.11,89.75
e00fce681282837e5d0586e0,1/25/2026 0:00:34,,rainfall,1769317229,92.0625,0,4.11,89.75
e00fce681282837e5d0586e0,1/25/2026 1:00:33,,rainfall,1769320830,90.30417,0,4.11,89.75
e00fce681282837e5d0586e0,1/25/2026 2:00:32,,rainfall,1769324429,87.98889,0,4.11,89.75
e00fce681282837e5d0586e0,1/25/2026 3:00:35,,rainfall,1769328029,87.79028,0,4.11,89.75
e00fce681282837e5d0586e0,1/25/2026 4:00:36,,rainfall,1769331629,88.65139,0,4.11,89.75
e00fce681282837e5d0586e0,1/25/2026 5:00:33,,rainfall,1769335230,88.45417,0,4.11,89.75
e00fce681282837e5d0586e0,1/25/2026 6:00:33,,rainfall,1769338830,88.39306,0,4.11,89.75
e00fce681282837e5d0586e0,1/25/2026 7:00:33,,rainfall,1769342430,89.88194,0,4.11,89.75
e00fce681282837e5d0586e0,1/25/2026 8:00:32,,rainfall,1769346029,92.29723,0,4.11,89.75
e00fce681282837e5d0586e0,1/25/2026 9:00:34,,rainfall,1769349629,93.58056,0,4.11,89.75
e00fce681282837e5d0586e0,1/25/2026 10:00:36,,rainfall,1769353229,94.77639,1.4,4.11,89.75
e00fce681282837e5d0586e0,1/25/2026 11:00:36,,rainfall,1769356829,96.88472,0.56,4.11,89.75
e00fce681282837e5d0586e0,1/25/2026 12:00:34,,rainfall,1769360430,97.34861,0.84,4.11,89.75
e00fce681282837e5d0586e0,1/25/2026 13:00:34,,rainfall,1769364030,94.67083,0,4.1,89.75
e00fce681282837e5d0586e0,1/25/2026 14:00:35,,rainfall,1769367628,92.37222,0,4.1,89.75
e00fce681282837e5d0586e0,1/25/2026 15:00:34,,rainfall,1769371230,94.92639,0,4.1,89.75
e00fce681282837e5d0586e0,1/25/2026 16:00:34,,rainfall,1769374829,102.12917,0,4.1,89.75
e00fce681282837e5d0586e0,1/25/2026 17:00:33,,rainfall,1769378429,102.35833,0,4.1,89.75
e00fce681282837e5d0586e0,1/25/2026 18:00:34,,rainfall,1769382030,102.77639,0,4.1,89.75
e00fce681282837e5d0586e0,1/25/2026 19:00:39,,rainfall,1769385630,107.34722,0,4.1,89.59
e00fce681282837e5d0586e0,1/25/2026 20:00:34,,rainfall,1769389230,114.36806,0,4.1,89.59
e00fce681282837e5d0586e0,1/25/2026 21:00:37,,rainfall,1769392830,105.0375,0,4.1,89.59
e00fce681282837e5d0586e0,1/25/2026 22:00:36,,rainfall,1769396429,103.45695,0.28,4.1,89.59
e00fce681282837e5d0586e0,1/25/2026 23:00:37,,rainfall,1769400030,102.69305,0,4.1,89.59
e00fce681282837e5d0586e0,1/26/2026 0:00:40,,rainfall,1769403630,101.01527,0,4.1,89.59
e00fce681282837e5d0586e0,1/26/2026 1:00:37,,rainfall,1769407230,108.04166,0.28,4.1,89.59
e00fce681282837e5d0586e0,1/26/2026 2:00:34,,rainfall,1769410829,109.51389,0.28,4.1,89.59
e00fce681282837e5d0586e0,1/26/2026 3:00:36,,rainfall,1769414430,109.175,0,4.1,89.59
e00fce681282837e5d0586e0,1/26/2026 4:00:34,,rainfall,1769418029,112.24722,0,4.1,89.59
e00fce681282837e5d0586e0,1/26/2026 5:00:38,,rainfall,1769421629,113.45556,0,4.1,89.59
e00fce681282837e5d0586e0,1/26/2026 6:00:40,,rainfall,1769425229,110.54723,0,4.1,89.59
e00fce681282837e5d0586e0,1/26/2026 7:00:37,,rainfall,1769428829,109.05695,0,4.1,89.59
e00fce681282837e5d0586e0,1/26/2026 8:00:35,,rainfall,1769432429,107.81528,1.12,4.1,89.59
e00fce681282837e5d0586e0,1/26/2026 9:00:36,,rainfall,1769436030,97.67917,0,4.1,89.59
e00fce681282837e5d0586e0,1/26/2026 10:00:35,,rainfall,1769439629,100.06389,0,4.1,89.59
e00fce681282837e5d0586e0,1/26/2026 11:00:35,,rainfall,1769443229,90.95,0.28,4.1,89.59
e00fce681282837e5d0586e0,1/26/2026 12:00:37,,rainfall,1769446830,89.44028,0,4.1,89.59
e00fce681282837e5d0586e0,1/26/2026 13:00:35,,rainfall,1769450429,87.96389,0,4.1,89.59
e00fce681282837e5d0586e0,1/26/2026 14:00:41,,rainfall,1769454030,87.725,0,4.1,89.59
e00fce681282837e5d0586e0,1/26/2026 15:00:36,,rainfall,1769457629,88.55,0,4.1,89.59
e00fce681282837e5d0586e0,1/26/2026 16:00:42,,rainfall,1769461230,85.97639,0,4.1,89.59
e00fce681282837e5d0586e0,1/26/2026 17:00:35,,rainfall,1769464829,89.28611,0,4.1,89.59
e00fce681282837e5d0586e0,1/26/2026 18:00:36,,rainfall,1769468430,91.31528,0,4.1,89.59
e00fce681282837e5d0586e0,1/26/2026 19:00:35,,rainfall,1769472029,99.98611,0,4.1,89.59
e00fce681282837e5d0586e0,1/26/2026 20:00:36,,rainfall,1769475629,89.64167,0,4.1,89.59
e00fce681282837e5d0586e0,1/26/2026 21:00:38,,rainfall,1769479230,96.63889,0,4.1,89.59
e00fce681282837e5d0586e0,1/26/2026 22:00:37,,rainfall,1769482830,96.3625,0,4.1,89.59
e00fce681282837e5d0586e0,1/26/2026 23:00:36,,rainfall,1769486429,92.95556,0,4.1,89.59
e00fce681282837e5d0586e0,1/27/2026 0:00:37,,rainfall,1769490030,88.70972,0,4.1,89.59
e00fce681282837e5d0586e0,1/27/2026 1:00:37,,rainfall,1769493630,97.07222,0,4.1,89.59
e00fce681282837e5d0586e0,1/27/2026 2:00:37,,rainfall,1769497230,93.85833,0,4.1,89.59
e00fce681282837e5d0586e0,1/27/2026 3:00:37,,rainfall,1769500830,91.04028,0,4.1,89.59
e00fce681282837e5d0586e0,1/27/2026 4:00:39,,rainfall,1769504429,98.51667,0,4.1,89.59
e00fce681282837e5d0586e0,1/27/2026 5:00:38,,rainfall,1769508029,95.49861,0,4.1,89.59
e00fce681282837e5d0586e0,1/27/2026 6:00:41,,rainfall,1769511630,88.01945,0,4.1,89.59
e00fce681282837e5d0586e0,1/27/2026 7:00:39,,rainfall,1769515229,94.91528,0,4.1,89.59
e00fce681282837e5d0586e0,1/27/2026 8:00:39,,rainfall,1769518830,96.45834,0,4.1,89.59
e00fce681282837e5d0586e0,1/27/2026 9:00:36,,rainfall,1769522428,85.64722,0,4.1,89.59
e00fce681282837e5d0586e0,1/27/2026 10:00:40,,rainfall,1769526029,82.92778,0,4.1,89.59
e00fce681282837e5d0586e0,1/27/2026 11:00:37,,rainfall,1769529630,83.27222,0,4.1,89.59
e00fce681282837e5d0586e0,1/27/2026 12:00:40,,rainfall,1769533230,84.57917,0,4.1,89.59
e00fce681282837e5d0586e0,1/27/2026 13:00:37,,rainfall,1769536829,81.42083,0,4.1,89.59
e00fce681282837e5d0586e0,1/27/2026 14:00:38,,rainfall,1769540429,83.71806,0,4.1,89.59
e00fce681282837e5d0586e0,1/27/2026 15:00:39,,rainfall,1769544030,82.85,0,4.1,89.59
e00fce681282837e5d0586e0,1/27/2026 16:00:38,,rainfall,1769547630,76.80139,0,4.1,89.59
e00fce681282837e5d0586e0,1/27/2026 17:00:47,,rainfall,1769551228,90.01389,0,4.1,89.59
e00fce681282837e5d0586e0,1/27/2026 18:00:38,,rainfall,1769554830,90.26111,0,4.1,89.59
e00fce681282837e5d0586e0,1/27/2026 19:00:32,,rainfall,1769558430,89.99722,0,4.1,89.59
e00fce681282837e5d0586e0,1/27/2026 20:00:32,,rainfall,1769562030,89.55,0,4.1,89.59
e00fce681282837e5d0586e0,1/27/2026 21:00:31,,rainfall,1769565628,98.92639,0,4.1,89.59
e00fce681282837e5d0586e0,1/27/2026 22:00:33,,rainfall,1769569230,110.8,0,4.1,89.43
e00fce681282837e5d0586e0,1/27/2026 23:00:37,,rainfall,1769572830,108.20695,0,4.1,89.43
e00fce681282837e5d0586e0,1/28/2026 0:00:37,,rainfall,1769576430,108.775,0,4.1,89.43
e00fce681282837e5d0586e0,1/28/2026 1:00:38,,rainfall,1769580030,111.18195,0,4.1,89.43
e00fce681282837e5d0586e0,1/28/2026 2:00:32,,rainfall,1769583629,111.42223,0,4.1,89.43
e00fce681282837e5d0586e0,1/28/2026 3:00:39,,rainfall,1769587230,108.19722,0,4.1,89.43
e00fce681282837e5d0586e0,1/28/2026 4:00:35,,rainfall,1769590829,112.10278,0,4.1,89.43
e00fce681282837e5d0586e0,1/28/2026 5:00:35,,rainfall,1769594430,112.34028,0,4.1,89.43
e00fce681282837e5d0586e0,1/28/2026 6:00:33,,rainfall,1769598030,113.57361,0,4.1,89.43
e00fce681282837e5d0586e0,1/28/2026 7:00:35,,rainfall,1769601629,112.53333,0,4.1,89.43
e00fce681282837e5d0586e0,1/28/2026 8:00:33,,rainfall,1769605229,116.05139,0,4.1,89.43
e00fce681282837e5d0586e0,1/28/2026 9:00:33,,rainfall,1769608830,103.6125,0,4.1,89.43
e00fce681282837e5d0586e0,1/28/2026 10:00:34,,rainfall,1769612430,96.10555,0,4.1,89.43
e00fce68239f79db42ac9cb5,1/28/2026 10:07:24,,rainfall_0001,946684813,66.04305,0,0.15,94.18
e00fce68239f79db42ac9cb5,1/28/2026 10:16:05,,rainfall_0001,1769613363,64.7375,0,0.17,93.39
e00fce681282837e5d0586e0,1/28/2026 11:00:33,,rainfall,1769616029,89.12778,0,4.1,89.43
e00fce68239f79db42ac9cb5,1/28/2026 11:00:34,,rainfall_0001,1769616029,60.09583,0,0.05,84.17
e00fce681282837e5d0586e0,1/28/2026 12:00:33,,rainfall,1769619630,88.23889,0,4.1,89.43
e00fce681282837e5d0586e0,1/28/2026 13:00:34,,rainfall,1769623230,81.64584,0,4.1,89.43
e00fce681282837e5d0586e0,1/28/2026 14:00:36,,rainfall,1769626829,82.14027,0,4.1,89.43
e00fce681282837e5d0586e0,1/28/2026 15:00:36,,rainfall,1769630430,82.525,0,4.1,89.43
e00fce681282837e5d0586e0,1/28/2026 16:00:37,,rainfall,1769634030,76.04028,0,4.1,89.43
e00fce681282837e5d0586e0,1/28/2026 17:00:36,,rainfall,1769637629,92.38055,0,4.1,89.43
e00fce681282837e5d0586e0,1/28/2026 18:00:39,,rainfall,1769641229,92.95417,0,4.1,89.43
e00fce681282837e5d0586e0,1/28/2026 19:00:34,,rainfall,1769644830,98.03889,0,4.1,89.43
e00fce681282837e5d0586e0,1/28/2026 20:00:35,,rainfall,1769648429,99.45277,0,4.1,89.43
e00fce681282837e5d0586e0,1/28/2026 21:00:39,,rainfall,1769652029,98.72639,0,4.1,89.43
e00fce681282837e5d0586e0,1/28/2026 22:00:38,,rainfall,1769655629,98.00555,0,4.1,89.43
e00fce681282837e5d0586e0,1/28/2026 23:00:34,,rainfall,1769659230,96.45,0,4.1,89.43
e00fce681282837e5d0586e0,1/29/2026 0:00:37,,rainfall,1769662830,100.25278,0,4.1,89.43
e00fce681282837e5d0586e0,1/29/2026 1:00:35,,rainfall,1769666430,106.56389,0,4.1,89.43
e00fce681282837e5d0586e0,1/29/2026 2:00:34,,rainfall,1769670029,99.96944,0,4.1,89.43
e00fce681282837e5d0586e0,1/29/2026 3:00:37,,rainfall,1769673629,94.93195,0,4.1,89.43
e00fce681282837e5d0586e0,1/29/2026 4:00:39,,rainfall,1769677230,95.18333,0,4.1,89.43
e00fce681282837e5d0586e0,1/29/2026 5:00:36,,rainfall,1769680829,93.425,0,4.1,89.43
e00fce681282837e5d0586e0,1/29/2026 6:00:40,,rainfall,1769684430,94.90278,0,4.1,89.43
e00fce681282837e5d0586e0,1/29/2026 7:00:38,,rainfall,1769688030,92.69305,0,4.1,89.43
e00fce681282837e5d0586e0,1/29/2026 8:00:35,,rainfall,1769691630,103.81805,0,4.1,89.43
e00fce681282837e5d0586e0,1/29/2026 9:00:37,,rainfall,1769695229,88.99445,0,4.1,89.43
e00fce681282837e5d0586e0,1/29/2026 10:00:36,,rainfall,1769698829,84.80833,0,4.1,89.43
e00fce681282837e5d0586e0,1/29/2026 11:00:39,,rainfall,1769702430,85.82917,0,4.1,89.43
e00fce681282837e5d0586e0,1/29/2026 12:00:35,,rainfall,1769706029,88.06805,0,4.1,89.43
e00fce681282837e5d0586e0,1/29/2026 13:00:41,,rainfall,1769709630,83.2375,0,4.1,89.43
e00fce681282837e5d0586e0,1/29/2026 14:00:38,,rainfall,1769713230,77.96528,0,4.1,89.43
e00fce681282837e5d0586e0,1/29/2026 15:00:35,,rainfall,1769716829,79.24583,0,4.1,89.43
e00fce681282837e5d0586e0,1/29/2026 16:00:35,,rainfall,1769720429,76.04166,0,4.1,89.43
e00fce681282837e5d0586e0,1/29/2026 17:00:38,,rainfall,1769724030,92.84444,0,4.1,89.43
e00fce681282837e5d0586e0,1/29/2026 18:00:37,,rainfall,1769727629,93.37361,0,4.1,89.43
e00fce681282837e5d0586e0,1/29/2026 19:00:39,,rainfall,1769731229,91.98055,0,4.1,89.43
e00fce681282837e5d0586e0,1/29/2026 20:00:37,,rainfall,1769734829,92.19028,0,4.1,89.43
e00fce681282837e5d0586e0,1/29/2026 21:00:45,,rainfall,1769738429,91.30417,0,4.1,89.43
e00fce681282837e5d0586e0,1/29/2026 22:00:36,,rainfall,1769742030,89.7,0,4.1,89.43
e00fce681282837e5d0586e0,1/29/2026 23:00:36,,rainfall,1769745630,91.52361,0,4.1,89.43
e00fce681282837e5d0586e0,1/30/2026 0:00:36,,rainfall,1769749229,91.65417,0,4.1,89.43
e00fce681282837e5d0586e0,1/30/2026 1:00:36,,rainfall,1769752829,96.05,0,4.1,89.43
e00fce681282837e5d0586e0,1/30/2026 2:00:36,,rainfall,1769756429,97.12083,0,4.1,89.43
e00fce681282837e5d0586e0,1/30/2026 3:00:38,,rainfall,1769760030,92.32083,0,4.1,89.43
e00fce681282837e5d0586e0,1/30/2026 4:00:36,,rainfall,1769763629,88.95972,0,4.1,89.43
e00fce681282837e5d0586e0,1/30/2026 5:00:40,,rainfall,1769767229,90.16528,0,4.1,89.43
e00fce681282837e5d0586e0,1/30/2026 6:00:37,,rainfall,1769770830,96.79723,0,4.1,89.43
e00fce681282837e5d0586e0,1/30/2026 7:00:41,,rainfall,1769774430,89.32917,0,4.1,89.43
e00fce681282837e5d0586e0,1/30/2026 8:00:38,,rainfall,1769778029,87.97778,0,4.1,89.43
e00fce681282837e5d0586e0,1/30/2026 9:00:36,,rainfall,1769781629,88.32083,0,4.1,89.43
e00fce681282837e5d0586e0,1/30/2026 10:00:42,,rainfall,1769785229,74.475,0,4.1,89.43
e00fce681282837e5d0586e0,1/30/2026 11:00:37,,rainfall,1769788829,79.00417,0,4.1,89.43
e00fce681282837e5d0586e0,1/30/2026 12:00:43,,rainfall,1769792429,75.65833,0,4.1,89.43
e00fce681282837e5d0586e0,1/30/2026 13:00:39,,rainfall,1769796029,75.58889,0,4.1,89.43
e00fce681282837e5d0586e0,1/30/2026 14:00:42,,rainfall,1769799629,75.85555,0,4.1,89.43
e00fce681282837e5d0586e0,1/30/2026 15:00:38,,rainfall,1769803230,77.5,0,4.1,89.43
e00fce681282837e5d0586e0,1/30/2026 16:00:37,,rainfall,1769806829,75.06111,0,4.1,89.43
e00fce681282837e5d0586e0,1/30/2026 17:00:46,,rainfall,1769810429,86.725,0,4.1,89.43
e00fce681282837e5d0586e0,1/30/2026 18:00:30,,rainfall,1769814029,94.01667,0,4.1,89.43
e00fce681282837e5d0586e0,1/30/2026 19:00:31,,rainfall,1769817629,91.875,0,4.1,89.43
e00fce681282837e5d0586e0,1/30/2026 20:00:35,,rainfall,1769821230,92.25972,0,4.1,89.43
e00fce681282837e5d0586e0,1/30/2026 21:00:31,,rainfall,1769824829,90.30972,0,4.1,89.43
e00fce681282837e5d0586e0,1/30/2026 22:00:34,,rainfall,1769828430,92.66111,0,4.1,89.43
e00fce681282837e5d0586e0,1/30/2026 23:00:33,,rainfall,1769832030,94.63472,0,4.1,89.43
e00fce681282837e5d0586e0,1/31/2026 1:02:30,,rainfall,1769839331,94.92778,0,4.1,89.27
e00fce681282837e5d0586e0,1/31/2026 2:00:35,,rainfall,1769842830,93.82083,0,4.1,89.27
e00fce681282837e5d0586e0,1/31/2026 3:00:33,,rainfall,1769846429,94.55,0,4.1,89.27
e00fce681282837e5d0586e0,1/31/2026 4:00:32,,rainfall,1769850030,97.55278,0,4.1,89.27
e00fce681282837e5d0586e0,1/31/2026 5:00:32,,rainfall,1769853630,98.36528,0,4.1,89.27
e00fce681282837e5d0586e0,1/31/2026 6:00:32,,rainfall,1769857229,107.25972,0,4.1,89.27
e00fce681282837e5d0586e0,1/31/2026 7:00:33,,rainfall,1769860830,102.73889,0,4.1,89.27
e00fce681282837e5d0586e0,1/31/2026 8:00:35,,rainfall,1769864430,100.38333,0,4.1,89.27
e00fce681282837e5d0586e0,1/31/2026 9:00:33,,rainfall,1769868029,96.77084,0,4.1,89.27
e00fce681282837e5d0586e0,1/31/2026 10:00:33,,rainfall,1769871630,89.15556,0,4.1,89.27
e00fce681282837e5d0586e0,1/31/2026 11:00:37,,rainfall,1769875230,97.35139,0,4.1,89.27
e00fce681282837e5d0586e0,1/31/2026 12:00:35,,rainfall,1769878829,78.84167,0,4.1,89.27
e00fce681282837e5d0586e0,1/31/2026 13:00:33,,rainfall,1769882430,85.98055,0,4.1,89.27
e00fce681282837e5d0586e0,1/31/2026 14:00:38,,rainfall,1769886029,100.49306,0,4.1,89.27
e00fce681282837e5d0586e0,1/31/2026 15:00:33,,rainfall,1769889629,103.66805,0,4.1,89.27
e00fce681282837e5d0586e0,1/31/2026 16:00:34,,rainfall,1769893230,102.6375,0,4.1,89.27
e00fce681282837e5d0586e0,1/31/2026 17:00:39,,rainfall,1769896830,101.01389,0,4.1,89.27
e00fce681282837e5d0586e0,1/31/2026 18:00:35,,rainfall,1769900430,106.08056,0,4.1,89.27
e00fce681282837e5d0586e0,1/31/2026 19:00:35,,rainfall,1769904029,101.7125,0,4.1,89.27
e00fce681282837e5d0586e0,1/31/2026 20:00:35,,rainfall,1769907630,105.11111,0,4.1,89.27
e00fce681282837e5d0586e0,1/31/2026 21:00:35,,rainfall,1769911230,107.225,0,4.1,89.27
e00fce681282837e5d0586e0,1/31/2026 22:00:37,,rainfall,1769914829,106.49167,0,4.1,89.27
e00fce681282837e5d0586e0,1/31/2026 23:00:35,,rainfall,1769918430,107.7375,0,4.1,89.27
e00fce681282837e5d0586e0,2/1/2026 0:00:36,,rainfall,1769922030,105.33472,0,4.1,89.27
e00fce681282837e5d0586e0,2/1/2026 1:00:35,,rainfall,1769925630,102.35,0,4.1,89.27
e00fce681282837e5d0586e0,2/1/2026 2:00:36,,rainfall,1769929229,104.64722,0,4.1,89.27
e00fce681282837e5d0586e0,2/1/2026 3:00:41,,rainfall,1769932830,105.44861,0,4.1,89.27
e00fce681282837e5d0586e0,2/1/2026 4:00:37,,rainfall,1769936429,99.75,0,4.1,89.27
e00fce681282837e5d0586e0,2/1/2026 5:00:38,,rainfall,1769940030,103.19167,0,4.1,89.27
e00fce681282837e5d0586e0,2/1/2026 6:00:36,,rainfall,1769943630,102.75972,0,4.1,89.27
e00fce681282837e5d0586e0,2/1/2026 7:00:38,,rainfall,1769947230,104.30556,0,4.1,89.27
e00fce681282837e5d0586e0,2/1/2026 8:00:36,,rainfall,1769950830,106.11806,0,4.1,89.27
e00fce681282837e5d0586e0,2/1/2026 9:00:36,,rainfall,1769954429,98.37917,0,4.1,89.27
e00fce681282837e5d0586e0,2/1/2026 10:00:36,,rainfall,1769958030,85.46667,0,4.1,89.27
e00fce681282837e5d0586e0,2/1/2026 11:00:36,,rainfall,1769961629,82.76945,0,4.1,89.27
e00fce681282837e5d0586e0,2/1/2026 12:00:39,,rainfall,1769965229,84.58334,0,4.1,89.27
e00fce681282837e5d0586e0,2/1/2026 13:00:36,,rainfall,1769968830,82.16528,0.28,4.1,89.27
e00fce681282837e5d0586e0,2/1/2026 14:00:38,,rainfall,1769972429,83.86667,0.28,4.1,89.27
e00fce681282837e5d0586e0,2/1/2026 15:00:36,,rainfall,1769976030,79.51111,0,4.1,89.27
e00fce681282837e5d0586e0,2/1/2026 16:00:36,,rainfall,1769979630,77.75972,0.28,4.1,89.27
e00fce681282837e5d0586e0,2/1/2026 17:00:37,,rainfall,1769983230,89.89445,0,4.1,89.27
e00fce681282837e5d0586e0,2/1/2026 18:00:39,,rainfall,1769986830,98.55278,0,4.1,89.27
e00fce681282837e5d0586e0,2/1/2026 19:00:37,,rainfall,1769990430,99.46528,0,4.1,89.27
e00fce681282837e5d0586e0,2/1/2026 20:00:41,,rainfall,1769994030,106.37083,0,4.1,89.27
e00fce681282837e5d0586e0,2/1/2026 21:00:37,,rainfall,1769997629,104.5125,0,4.1,89.27
e00fce681282837e5d0586e0,2/1/2026 22:00:36,,rainfall,1770001230,103.73611,0,4.1,89.27
e00fce681282837e5d0586e0,2/1/2026 23:00:37,,rainfall,1770004829,101.32777,0,4.1,89.27
e00fce681282837e5d0586e0,2/2/2026 0:00:37,,rainfall,1770008430,100.65556,0,4.1,89.27
e00fce681282837e5d0586e0,2/2/2026 1:00:39,,rainfall,1770012029,97.93472,0,4.1,89.27
e00fce681282837e5d0586e0,2/2/2026 2:00:37,,rainfall,1770015630,95.00972,0,4.1,89.27
e00fce681282837e5d0586e0,2/2/2026 3:00:37,,rainfall,1770019230,96.55139,0,4.1,89.27
e00fce681282837e5d0586e0,2/2/2026 4:00:38,,rainfall,1770022830,96.70695,0,4.1,89.27
e00fce681282837e5d0586e0,2/2/2026 5:00:37,,rainfall,1770026430,95.20277,0,4.1,89.27
e00fce681282837e5d0586e0,2/2/2026 6:00:43,,rainfall,1770030029,95.85278,0,4.1,89.27
e00fce681282837e5d0586e0,2/2/2026 7:00:39,,rainfall,1770033630,95.86945,0,4.1,89.27
e00fce681282837e5d0586e0,2/2/2026 8:00:37,,rainfall,1770037229,111.92083,0,4.1,89.27
e00fce681282837e5d0586e0,2/2/2026 9:00:43,,rainfall,1770040830,87.175,0,4.1,89.27
e00fce681282837e5d0586e0,2/2/2026 10:00:37,,rainfall,1770044429,78.28472,0,4.1,89.27
e00fce681282837e5d0586e0,2/2/2026 11:00:41,,rainfall,1770048029,74.7,0,4.1,89.27
e00fce681282837e5d0586e0,2/2/2026 12:00:38,,rainfall,1770051630,74.00833,0,4.1,89.27
e00fce681282837e5d0586e0,2/2/2026 13:00:41,,rainfall,1770055229,71.83472,0,4.1,89.27
e00fce681282837e5d0586e0,2/2/2026 14:00:43,,rainfall,1770058829,71.3625,0,4.1,89.27
e00fce681282837e5d0586e0,2/2/2026 15:00:41,,rainfall,1770062429,71.16666,0,4.1,89.27
e00fce681282837e5d0586e0,2/2/2026 16:00:39,,rainfall,1770066030,68.96111,0,4.1,89.27
e00fce681282837e5d0586e0,2/2/2026 17:00:46,,rainfall,1770069630,74.47639,0,4.1,89.27
e00fce681282837e5d0586e0,2/2/2026 18:00:32,,rainfall,1770073230,80.11945,0,4.1,89.27
e00fce681282837e5d0586e0,2/2/2026 19:00:34,,rainfall,1770076829,83.96528,0,4.1,89.27
e00fce681282837e5d0586e0,2/2/2026 20:00:33,,rainfall,1770080430,85.85555,0,4.1,89.27
e00fce681282837e5d0586e0,2/2/2026 21:00:34,,rainfall,1770084030,86.45972,0,4.1,89.27
e00fce681282837e5d0586e0,2/2/2026 22:00:35,,rainfall,1770087630,87.5,0,4.1,89.27
e00fce681282837e5d0586e0,2/2/2026 23:00:32,,rainfall,1770091230,87.15556,0,4.1,89.27
e00fce681282837e5d0586e0,2/3/2026 0:00:34,,rainfall,1770094830,87.2625,0,4.1,89.27
e00fce681282837e5d0586e0,2/3/2026 1:00:33,,rainfall,1770098430,88.01389,0,4.1,89.27
e00fce681282837e5d0586e0,2/3/2026 2:00:36,,rainfall,1770102030,87.76111,0,4.1,89.27
e00fce681282837e5d0586e0,2/3/2026 3:00:32,,rainfall,1770105630,88.40139,0,4.1,89.27
e00fce681282837e5d0586e0,2/3/2026 4:00:33,,rainfall,1770109229,89.16944,0,4.1,89.27
e00fce681282837e5d0586e0,2/3/2026 5:00:37,,rainfall,1770112830,89.21806,0,4.1,89.27
e00fce681282837e5d0586e0,2/3/2026 6:00:31,,rainfall,1770116429,89.66528,0,4.1,89.27
e00fce681282837e5d0586e0,2/3/2026 7:00:32,,rainfall,1770120029,90.12222,0,4.1,89.27
e00fce681282837e5d0586e0,2/3/2026 8:00:35,,rainfall,1770123630,102.18056,0,4.1,89.27
e00fce681282837e5d0586e0,2/3/2026 9:00:36,,rainfall,1770127230,71.63889,0,4.1,89.27
e00fce681282837e5d0586e0,2/3/2026 10:00:33,,rainfall,1770130829,69.925,0,4.1,89.27
e00fce681282837e5d0586e0,2/3/2026 11:00:32,,rainfall,1770134429,66.23889,0,4.1,89.12
e00fce681282837e5d0586e0,2/3/2026 12:00:33,,rainfall,1770138030,65.30972,0,4.1,89.12
e00fce681282837e5d0586e0,2/3/2026 13:00:33,,rainfall,1770141630,63.6375,0,4.1,89.12
e00fce681282837e5d0586e0,2/3/2026 14:00:37,,rainfall,1770145231,66.00139,0,4.1,89.12
e00fce681282837e5d0586e0,2/3/2026 15:00:33,,rainfall,1770148830,67.42639,0,4.1,89.12
e00fce681282837e5d0586e0,2/3/2026 16:00:35,,rainfall,1770152429,67.625,0,4.1,89.12
e00fce681282837e5d0586e0,2/3/2026 17:00:34,,rainfall,1770156030,70.66944,0,4.1,89.12
e00fce681282837e5d0586e0,2/3/2026 18:00:36,,rainfall,1770159629,76.86111,0,4.1,89.12
e00fce681282837e5d0586e0,2/3/2026 19:00:40,,rainfall,1770163230,79.7375,0,4.1,89.12
e00fce681282837e5d0586e0,2/3/2026 20:00:33,,rainfall,1770166829,82.42223,0,4.1,89.12
e00fce681282837e5d0586e0,2/3/2026 21:00:36,,rainfall,1770170430,83.79305,0,4.1,89.12
e00fce681282837e5d0586e0,2/3/2026 22:00:36,,rainfall,1770174029,86.93611,0,4.1,89.12
e00fce681282837e5d0586e0,2/3/2026 23:00:34,,rainfall,1770177629,86.51945,0,4.1,89.12
e00fce681282837e5d0586e0,2/4/2026 0:00:35,,rainfall,1770181230,86.45417,0,4.1,89.12
e00fce681282837e5d0586e0,2/4/2026 1:00:35,,rainfall,1770184829,88.06111,0,4.1,89.12
e00fce681282837e5d0586e0,2/4/2026 2:05:26,,rainfall,1770188430,89.25972,0,4.1,89.12
e00fce681282837e5d0586e0,2/4/2026 3:02:20,,rainfall,1770192029,86.31389,0,4.1,89.12
e00fce681282837e5d0586e0,2/4/2026 4:00:24,,rainfall,1770195620,84.87361,0,4.1,89.12
e00fce681282837e5d0586e0,2/4/2026 5:00:39,,rainfall,1770199230,84.77222,0,4.1,89.12
e00fce681282837e5d0586e0,2/4/2026 6:00:34,,rainfall,1770202829,89.32917,0,4.1,89.12
e00fce681282837e5d0586e0,2/4/2026 7:00:35,,rainfall,1770206430,88.38333,0,4.1,89.12
e00fce681282837e5d0586e0,2/4/2026 8:00:34,,rainfall,1770210029,89.49306,0,4.1,89.12
e00fce681282837e5d0586e0,2/4/2026 9:00:35,,rainfall,1770213630,86.96389,0,4.1,89.12
e00fce681282837e5d0586e0,2/4/2026 10:00:35,,rainfall,1770217230,78.59028,0,4.1,89.12
e00fce681282837e5d0586e0,2/4/2026 11:00:34,,rainfall,1770220829,69.74306,0,4.1,89.12
e00fce681282837e5d0586e0,2/4/2026 12:00:45,,rainfall,1770224430,64.575,0,4.1,89.12
e00fce681282837e5d0586e0,2/4/2026 13:00:40,,rainfall,1770228031,64.01527,0,4.1,89.12
e00fce681282837e5d0586e0,2/4/2026 14:00:40,,rainfall,1770231630,65.63611,0,4.1,89.12
e00fce681282837e5d0586e0,2/4/2026 15:00:35,,rainfall,1770235229,68.075,0,4.1,89.12
e00fce681282837e5d0586e0,2/4/2026 16:00:36,,rainfall,1770238830,69.2375,0,4.1,89.12
e00fce681282837e5d0586e0,2/4/2026 17:00:37,,rainfall,1770242429,77.98055,0.28,4.1,89.12
e00fce681282837e5d0586e0,2/4/2026 18:00:35,,rainfall,1770246029,94.8125,0.28,4.1,89.12
e00fce681282837e5d0586e0,2/4/2026 19:00:37,,rainfall,1770249630,97.2375,0.28,4.1,89.12
e00fce681282837e5d0586e0,2/4/2026 20:00:35,,rainfall,1770253229,97.4625,0.28,4.1,89.12
e00fce681282837e5d0586e0,2/4/2026 21:00:35,,rainfall,1770256829,98.31667,0,4.1,89.12
e00fce681282837e5d0586e0,2/4/2026 22:00:36,,rainfall,1770260430,97.80278,0.28,4.1,89.12
e00fce681282837e5d0586e0,2/4/2026 23:00:38,,rainfall,1770264030,100.80833,0.28,4.1,89.12
e00fce681282837e5d0586e0,2/5/2026 0:00:36,,rainfall,1770267630,104.11389,0,4.1,89.12
e00fce681282837e5d0586e0,2/5/2026 1:00:36,,rainfall,1770271230,104.625,0,4.1,89.12
e00fce681282837e5d0586e0,2/5/2026 2:00:36,,rainfall,1770274829,108.04166,0,4.1,89.12
e00fce681282837e5d0586e0,2/5/2026 3:00:37,,rainfall,1770278430,108.14027,0.28,4.1,89.12
e00fce681282837e5d0586e0,2/5/2026 4:00:36,,rainfall,1770282029,108.71389,0.28,4.1,89.12
e00fce681282837e5d0586e0,2/5/2026 5:00:40,,rainfall,1770285629,110.5,0,4.1,89.12
e00fce681282837e5d0586e0,2/5/2026 6:00:36,,rainfall,1770289229,111.01527,0,4.1,89.12
e00fce681282837e5d0586e0,2/5/2026 7:00:37,,rainfall,1770292830,111.79861,0,4.1,89.12
e00fce681282837e5d0586e0,2/5/2026 8:00:36,,rainfall,1770296429,112,0,4.1,89.12
e00fce681282837e5d0586e0,2/5/2026 9:00:40,,rainfall,1770300030,114.68889,0,4.1,89.12
e00fce681282837e5d0586e0,2/5/2026 10:00:36,,rainfall,1770303629,112.61667,0,4.1,89.12
e00fce681282837e5d0586e0,2/5/2026 11:00:38,,rainfall,1770307230,108.6375,0,4.1,88.96
e00fce681282837e5d0586e0,2/5/2026 12:00:37,,rainfall,1770310829,109.49861,0,4.1,88.96
e00fce681282837e5d0586e0,2/5/2026 13:00:38,,rainfall,1770314430,108.68889,0,4.1,88.96
e00fce681282837e5d0586e0,2/5/2026 14:00:40,,rainfall,1770318030,106.62361,0,4.1,88.96
e00fce681282837e5d0586e0,2/5/2026 15:00:33,,rainfall,1770321620,102.15278,0,4.1,88.96
e00fce681282837e5d0586e0,2/5/2026 16:00:40,,rainfall,1770325230,104.29583,0,4.1,88.96
e00fce681282837e5d0586e0,2/5/2026 17:00:49,,rainfall,1770328830,108.79166,0,4.1,88.96
e00fce681282837e5d0586e0,2/5/2026 18:00:34,,rainfall,1770332430,106.78611,0,4.1,88.96
e00fce681282837e5d0586e0,2/5/2026 19:00:34,,rainfall,1770336029,108.42083,0,4.1,88.96
e00fce681282837e5d0586e0,2/5/2026 20:00:32,,rainfall,1770339630,105.62083,0,4.1,88.96
e00fce681282837e5d0586e0,2/5/2026 21:00:32,,rainfall,1770343229,107.04861,0,4.1,88.96
e00fce681282837e5d0586e0,2/5/2026 22:00:34,,rainfall,1770346830,109.39306,0,4.1,88.96
e00fce681282837e5d0586e0,2/5/2026 23:00:41,,rainfall,1770350429,120.89027,0,4.1,88.96
e00fce681282837e5d0586e0,2/6/2026 0:00:35,,rainfall,1770354030,113.99028,0,4.1,88.96
e00fce681282837e5d0586e0,2/6/2026 1:00:34,,rainfall,1770357630,111.55417,0,4.1,88.96
e00fce681282837e5d0586e0,2/6/2026 2:00:35,,rainfall,1770361230,112.76945,0,4.1,88.96
e00fce681282837e5d0586e0,2/6/2026 3:00:36,,rainfall,1770364829,117.34861,0,4.1,88.96
e00fce681282837e5d0586e0,2/6/2026 4:00:38,,rainfall,1770368430,111.13194,0,4.1,88.96
e00fce681282837e5d0586e0,2/6/2026 5:00:35,,rainfall,1770372029,113.26527,0,4.1,88.96
e00fce681282837e5d0586e0,2/6/2026 6:00:33,,rainfall,1770375630,114.06111,0,4.1,88.96
e00fce681282837e5d0586e0,2/6/2026 7:00:37,,rainfall,1770379229,113.45417,0,4.1,88.96
e00fce681282837e5d0586e0,2/6/2026 8:00:33,,rainfall,1770382830,120.4125,0,4.1,88.96
e00fce681282837e5d0586e0,2/6/2026 9:00:35,,rainfall,1770386429,108.63055,0,4.1,88.96
e00fce681282837e5d0586e0,2/6/2026 10:00:34,,rainfall,1770390029,88.01806,0,4.1,88.96
e00fce681282837e5d0586e0,2/6/2026 11:00:34,,rainfall,1770393630,95.91528,0,4.1,88.96
e00fce681282837e5d0586e0,2/6/2026 12:00:36,,rainfall,1770397229,98.0625,0,4.1,88.96
e00fce681282837e5d0586e0,2/6/2026 13:00:37,,rainfall,1770400829,97.35416,0,4.1,88.96
e00fce681282837e5d0586e0,2/6/2026 14:00:36,,rainfall,1770404431,90.74861,0,4.1,88.96
e00fce681282837e5d0586e0,2/6/2026 15:00:36,,rainfall,1770408029,93.21944,0,4.1,88.96
e00fce681282837e5d0586e0,2/6/2026 16:00:34,,rainfall,1770411629,79.97778,0,4.1,88.96
e00fce681282837e5d0586e0,2/6/2026 17:00:37,,rainfall,1770415230,95.13333,0,4.1,88.96
e00fce681282837e5d0586e0,2/6/2026 18:00:37,,rainfall,1770418829,109.68472,0,4.1,88.96
e00fce681282837e5d0586e0,2/6/2026 19:00:36,,rainfall,1770422430,108.5125,0,4.1,88.96
e00fce681282837e5d0586e0,2/6/2026 20:00:34,,rainfall,1770426029,110.39027,0,4.1,88.96
e00fce681282837e5d0586e0,2/6/2026 21:00:34,,rainfall,1770429630,110.63611,0,4.1,88.96
e00fce681282837e5d0586e0,2/6/2026 22:00:39,,rainfall,1770433229,112.62222,0,4.1,88.96
e00fce681282837e5d0586e0,2/6/2026 23:00:36,,rainfall,1770436830,113.77222,0,4.1,88.96
e00fce681282837e5d0586e0,2/7/2026 0:00:39,,rainfall,1770440429,113.46806,0,4.1,88.96
e00fce681282837e5d0586e0,2/7/2026 1:00:34,,rainfall,1770444029,114.06528,0,4.1,88.96
e00fce681282837e5d0586e0,2/7/2026 2:00:43,,rainfall,1770447630,111.50694,0,4.1,88.96
e00fce681282837e5d0586e0,2/7/2026 3:00:36,,rainfall,1770451230,110.84722,0,4.1,88.96
e00fce681282837e5d0586e0,2/7/2026 4:00:37,,rainfall,1770454830,114.69722,0,4.1,88.96
e00fce681282837e5d0586e0,2/7/2026 5:00:35,,rainfall,1770458430,114.6,0,4.1,88.96
e00fce681282837e5d0586e0,2/7/2026 6:00:34,,rainfall,1770462029,113.6375,0,4.1,88.96
e00fce681282837e5d0586e0,2/7/2026 7:00:35,,rainfall,1770465630,113.30139,0,4.1,88.96
e00fce681282837e5d0586e0,2/7/2026 8:00:38,,rainfall,1770469229,116.48611,0,4.1,88.96
e00fce681282837e5d0586e0,2/7/2026 9:00:35,,rainfall,1770472830,101.71528,0,4.1,88.96
e00fce681282837e5d0586e0,2/7/2026 10:00:36,,rainfall,1770476430,95.66805,0,4.1,88.96
e00fce681282837e5d0586e0,2/7/2026 11:00:35,,rainfall,1770480029,99.22083,0,4.1,88.96
e00fce681282837e5d0586e0,2/7/2026 12:00:36,,rainfall,1770483629,95.35833,0,4.1,88.96
e00fce681282837e5d0586e0,2/7/2026 13:00:44,,rainfall,1770487229,92.86945,0.28,4.1,88.96
e00fce681282837e5d0586e0,2/7/2026 14:00:40,,rainfall,1770490830,85.30833,0,4.1,88.96
e00fce681282837e5d0586e0,2/7/2026 15:00:37,,rainfall,1770494430,81.31944,0,4.1,88.96
e00fce681282837e5d0586e0,2/7/2026 16:00:36,,rainfall,1770498029,78.79028,0,4.1,88.8
e00fce681282837e5d0586e0,2/7/2026 17:00:35,,rainfall,1770501629,91.08056,0,4.1,88.8
e00fce681282837e5d0586e0,2/7/2026 18:00:36,,rainfall,1770505229,101.95695,0,4.1,88.8
e00fce681282837e5d0586e0,2/7/2026 19:00:37,,rainfall,1770508830,103.7375,0,4.1,88.8
e00fce681282837e5d0586e0,2/7/2026 20:00:36,,rainfall,1770512429,104.59028,0,4.1,88.8
e00fce681282837e5d0586e0,2/7/2026 21:00:40,,rainfall,1770516029,105.50417,0,4.1,88.8
e00fce681282837e5d0586e0,2/7/2026 22:00:39,,rainfall,1770519629,103.26111,0,4.1,88.8
e00fce681282837e5d0586e0,2/7/2026 23:00:40,,rainfall,1770523230,104.67083,0,4.1,88.8
e00fce681282837e5d0586e0,2/8/2026 0:00:36,,rainfall,1770526829,105.38889,0,4.1,88.8
e00fce681282837e5d0586e0,2/8/2026 1:00:38,,rainfall,1770530430,102.72778,0,4.1,88.8
e00fce681282837e5d0586e0,2/8/2026 2:00:37,,rainfall,1770534029,105.33056,0,4.1,88.8
e00fce681282837e5d0586e0,2/8/2026 3:00:37,,rainfall,1770537630,104.88055,0,4.1,88.8
e00fce681282837e5d0586e0,2/8/2026 4:00:37,,rainfall,1770541229,104.86806,0,4.1,88.8
e00fce681282837e5d0586e0,2/8/2026 5:00:40,,rainfall,1770544831,105.02639,0,4.1,88.8
e00fce681282837e5d0586e0,2/8/2026 6:00:37,,rainfall,1770548429,107.01945,0,4.1,88.8
e00fce681282837e5d0586e0,2/8/2026 7:00:38,,rainfall,1770552030,105.93472,0,4.1,88.8
e00fce681282837e5d0586e0,2/8/2026 8:00:38,,rainfall,1770555629,115.44444,0,4.1,88.8
e00fce681282837e5d0586e0,2/8/2026 9:00:41,,rainfall,1770559229,87.56111,0,4.1,88.8
e00fce681282837e5d0586e0,2/8/2026 10:00:38,,rainfall,1770562830,82.14027,0,4.1,88.8
e00fce681282837e5d0586e0,2/8/2026 11:00:46,,rainfall,1770566429,79.83056,0,4.1,88.8
e00fce681282837e5d0586e0,2/8/2026 12:00:41,,rainfall,1770570030,80.33889,0,4.1,88.8
e00fce681282837e5d0586e0,2/8/2026 13:00:45,,rainfall,1770573630,78.49861,0,4.1,88.8
e00fce681282837e5d0586e0,2/8/2026 14:00:38,,rainfall,1770577230,78.66805,0,4.1,88.8
e00fce681282837e5d0586e0,2/8/2026 15:00:42,,rainfall,1770580829,77.16666,0,4.1,88.8
e00fce681282837e5d0586e0,2/8/2026 16:00:43,,rainfall,1770584430,73.54583,0,4.1,88.8
e00fce681282837e5d0586e0,2/8/2026 17:00:50,,rainfall,1770588029,97.59028,0,4.1,88.8
e00fce681282837e5d0586e0,2/8/2026 18:00:34,,rainfall,1770591631,106.14445,0,4.1,88.8
e00fce681282837e5d0586e0,2/8/2026 19:00:34,,rainfall,1770595229,109.56944,0,4.1,88.8
e00fce681282837e5d0586e0,2/8/2026 20:00:38,,rainfall,1770598830,110.16528,0,4.1,88.8
e00fce681282837e5d0586e0,2/8/2026 21:00:35,,rainfall,1770602429,108.25694,0,4.1,88.8
e00fce681282837e5d0586e0,2/8/2026 22:00:36,,rainfall,1770606029,101.64584,0,4.1,88.8
e00fce681282837e5d0586e0,2/8/2026 23:00:33,,rainfall,1770609630,101.89167,0,4.1,88.8
e00fce681282837e5d0586e0,2/9/2026 0:00:32,,rainfall,1770613230,107.18889,0,4.1,88.8
e00fce681282837e5d0586e0,2/9/2026 1:00:32,,rainfall,1770616829,106.64584,0,4.1,88.8
e00fce681282837e5d0586e0,2/9/2026 2:00:33,,rainfall,1770620429,102.27917,0,4.1,88.8
e00fce681282837e5d0586e0,2/9/2026 3:00:33,,rainfall,1770624030,103.85416,0,4.1,88.8
e00fce681282837e5d0586e0,2/9/2026 4:05:25,,rainfall,1770627630,103.52084,0,4.1,88.8
e00fce681282837e5d0586e0,2/9/2026 5:02:34,,rainfall,1770631229,103.90972,0,4.1,88.8
e00fce681282837e5d0586e0,2/9/2026 6:00:40,,rainfall,1770634830,106.40139,0,4.1,88.8
e00fce681282837e5d0586e0,2/9/2026 7:00:35,,rainfall,1770638430,102.36389,0,4.1,88.8
e00fce681282837e5d0586e0,2/9/2026 8:00:37,,rainfall,1770642030,108.16666,0,4.1,88.8
e00fce681282837e5d0586e0,2/9/2026 9:00:33,,rainfall,1770645630,80.79305,0,4.1,88.8
e00fce681282837e5d0586e0,2/9/2026 10:00:38,,rainfall,1770649231,73.67223,0,4.1,88.8
e00fce681282837e5d0586e0,2/9/2026 11:00:33,,rainfall,1770652829,78.17083,0,4.1,88.8
e00fce681282837e5d0586e0,2/9/2026 12:00:37,,rainfall,1770656429,84.74028,0,4.1,88.8
e00fce681282837e5d0586e0,2/9/2026 13:00:37,,rainfall,1770660030,80.83195,0,4.1,88.8
e00fce681282837e5d0586e0,2/9/2026 14:00:39,,rainfall,1770663629,79.17223,0,4.1,88.8
e00fce681282837e5d0586e0,2/9/2026 15:00:35,,rainfall,1770667230,75.37222,0,4.1,88.8
e00fce681282837e5d0586e0,2/9/2026 16:00:33,,rainfall,1770670829,80.05556,0,4.1,88.8
e00fce681282837e5d0586e0,2/9/2026 17:00:37,,rainfall,1770674430,86.78056,0,4.1,88.8
e00fce681282837e5d0586e0,2/9/2026 18:00:34,,rainfall,1770678030,91.11111,0,4.1,88.8
e00fce681282837e5d0586e0,2/9/2026 19:00:34,,rainfall,1770681630,97.09167,0,4.1,88.8
e00fce681282837e5d0586e0,2/9/2026 20:00:36,,rainfall,1770685230,102.49861,0,4.1,88.8
e00fce681282837e5d0586e0,2/9/2026 21:00:34,,rainfall,1770688829,102.92917,0,4.1,88.8
e00fce681282837e5d0586e0,2/9/2026 22:00:35,,rainfall,1770692430,106.77778,0,4.1,88.8
e00fce681282837e5d0586e0,2/9/2026 23:00:38,,rainfall,1770696030,97.4375,0,4.1,88.8
e00fce681282837e5d0586e0,2/10/2026 0:00:36,,rainfall,1770699630,95.12361,0,4.1,88.8
e00fce681282837e5d0586e0,2/10/2026 1:00:35,,rainfall,1770703230,98.65972,0,4.1,88.8
e00fce681282837e5d0586e0,2/10/2026 2:00:35,,rainfall,1770706830,101.52778,0,4.1,88.8
e00fce681282837e5d0586e0,2/10/2026 3:00:34,,rainfall,1770710429,101.88055,0,4.1,88.8
e00fce681282837e5d0586e0,2/10/2026 4:00:34,,rainfall,1770714029,102.68056,0,4.1,88.8
e00fce681282837e5d0586e0,2/10/2026 5:00:38,,rainfall,1770717629,103.51389,0,4.1,88.8
e00fce681282837e5d0586e0,2/10/2026 6:00:39,,rainfall,1770721230,103.02778,0,4.1,88.8
e00fce681282837e5d0586e0,2/10/2026 7:00:36,,rainfall,1770724830,105.89722,0,4.1,88.8
e00fce681282837e5d0586e0,2/10/2026 8:00:36,,rainfall,1770728430,108.92223,0,4.1,88.8
e00fce681282837e5d0586e0,2/10/2026 9:00:36,,rainfall,1770732029,105.32777,0,4.1,88.8
e00fce681282837e5d0586e0,2/10/2026 10:00:35,,rainfall,1770735629,94.14861,0,4.1,88.8
e00fce681282837e5d0586e0,2/10/2026 11:00:41,,rainfall,1770739230,87.60833,0,4.1,88.8
e00fce68239f79db42ac9cb5,2/10/2026 11:35:49,,rainfall_0001,1770741347,187.12639,0,3.8,42
e00fce681282837e5d0586e0,2/10/2026 12:00:39,,rainfall,1770742830,83.86111,0,4.1,88.8
e00fce681282837e5d0586e0,2/10/2026 13:00:38,,rainfall,1770746429,81.16528,0,4.1,88.8
e00fce681282837e5d0586e0,2/10/2026 14:05:38,,rainfall,1770750030,79.25555,0,4.09,88.8
e00fce68239f79db42ac9cb5,2/10/2026 14:27:43,,rainfall_0001,1770751661,191.26666,0,3.89,64.55
e00fce681282837e5d0586e0,2/10/2026 15:02:04,,rainfall,1770753630,76.34306,0,4.09,88.64
e00fce681282837e5d0586e0,2/10/2026 16:00:26,,rainfall,1770757220,68.01527,0,4.09,88.64
e00fce681282837e5d0586e0,2/10/2026 17:00:39,,rainfall,1770760830,67.6,0,4.09,88.64
e00fce681282837e5d0586e0,2/10/2026 18:00:36,,rainfall,1770764430,75.73889,0,4.09,88.64
e00fce681282837e5d0586e0,2/10/2026 19:00:36,,rainfall,1770768029,80.57222,0,4.09,88.64
e00fce681282837e5d0586e0,2/10/2026 20:00:42,,rainfall,1770771630,83.46667,0,4.09,88.64
e00fce681282837e5d0586e0,2/10/2026 21:00:37,,rainfall,1770775229,84.49167,0,4.09,88.64
e00fce681282837e5d0586e0,2/10/2026 22:00:36,,rainfall,1770778830,85.97639,0,4.09,88.64
e00fce681282837e5d0586e0,2/10/2026 23:00:37,,rainfall,1770782430,82.61389,0,4.09,88.64
e00fce681282837e5d0586e0,2/11/2026 0:00:37,,rainfall,1770786029,79.55833,0,4.09,88.64
e00fce681282837e5d0586e0,2/11/2026 1:05:22,,rainfall,1770789630,79.33889,0,4.09,88.64
e00fce681282837e5d0586e0,2/11/2026 2:01:55,,rainfall,1770793229,79.48333,0,4.09,88.64
e00fce681282837e5d0586e0,2/11/2026 3:00:36,,rainfall,1770796829,78.44028,0,4.09,88.64
e00fce681282837e5d0586e0,2/11/2026 4:00:37,,rainfall,1770800429,78.56805,0,4.09,88.64
e00fce681282837e5d0586e0,2/11/2026 5:00:39,,rainfall,1770804029,79.07639,0,4.09,88.5
e00fce681282837e5d0586e0,2/11/2026 6:00:37,,rainfall,1770807630,77.5125,0,4.09,88.5
e00fce681282837e5d0586e0,2/11/2026 7:00:36,,rainfall,1770811229,77.6875,0,4.09,88.5
e00fce681282837e5d0586e0,2/11/2026 8:00:38,,rainfall,1770814830,75.60833,0,4.09,88.5
e00fce681282837e5d0586e0,2/11/2026 9:00:37,,rainfall,1770818429,70.88055,0,4.09,88.5
e00fce681282837e5d0586e0,2/11/2026 10:00:37,,rainfall,1770822029,69.63889,0,4.09,88.5
e00fce681282837e5d0586e0,2/11/2026 11:00:41,,rainfall,1770825630,75.51389,0,4.09,88.5
e00fce681282837e5d0586e0,2/11/2026 12:00:43,,rainfall,1770829230,81.35,0,4.09,88.5
e00fce681282837e5d0586e0,2/11/2026 13:00:41,,rainfall,1770832829,73.90972,0,4.09,88.5
e00fce681282837e5d0586e0,2/11/2026 14:00:38,,rainfall,1770836429,79.73333,0,4.09,88.5
e00fce681282837e5d0586e0,2/11/2026 15:00:40,,rainfall,1770840029,85.83472,0,4.09,88.5
e00fce681282837e5d0586e0,2/11/2026 16:00:40,,rainfall,1770843629,95.16528,0,4.09,88.5
e00fce681282837e5d0586e0,2/11/2026 17:00:49,,rainfall,1770847230,94.34583,0,4.09,88.5
e00fce681282837e5d0586e0,2/11/2026 18:00:30,,rainfall,1770850829,93.42083,0,4.09,88.5
e00fce681282837e5d0586e0,2/11/2026 19:00:36,,rainfall,1770854429,90.85555,0,4.09,88.5
e00fce681282837e5d0586e0,2/11/2026 20:00:32,,rainfall,1770858030,86.43611,0,4.09,88.5
e00fce681282837e5d0586e0,2/11/2026 21:00:36,,rainfall,1770861630,90.60973,0,4.09,88.5
e00fce681282837e5d0586e0,2/11/2026 22:00:32,,rainfall,1770865229,91.74445,0,4.09,88.5
e00fce681282837e5d0586e0,2/11/2026 23:00:37,,rainfall,1770868829,93.63333,0,4.09,88.5
e00fce681282837e5d0586e0,2/12/2026 0:00:33,,rainfall,1770872429,90.42639,0,4.09,88.5
e00fce681282837e5d0586e0,2/12/2026 1:00:31,,rainfall,1770876029,92.87778,0,4.09,88.5
e00fce681282837e5d0586e0,2/12/2026 2:00:32,,rainfall,1770879630,91.94167,0,4.09,88.5
e00fce681282837e5d0586e0,2/12/2026 3:00:33,,rainfall,1770883230,91.91528,0,4.09,88.5
e00fce681282837e5d0586e0,2/12/2026 4:00:32,,rainfall,1770886830,91.29861,0,4.09,88.5
e00fce681282837e5d0586e0,2/12/2026 5:00:33,,rainfall,1770890430,90.64027,0,4.09,88.5
e00fce681282837e5d0586e0,2/12/2026 6:00:33,,rainfall,1770894030,95.25972,0,4.09,88.5
e00fce681282837e5d0586e0,2/12/2026 7:00:32,,rainfall,1770897629,93.18611,0,4.09,88.5
e00fce681282837e5d0586e0,2/12/2026 8:00:35,,rainfall,1770901230,100.19861,0,4.09,88.5
e00fce681282837e5d0586e0,2/12/2026 9:00:36,,rainfall,1770904830,72.63333,0,4.09,88.5
e00fce681282837e5d0586e0,2/12/2026 10:00:32,,rainfall,1770908430,68.76945,0,4.09,88.5
e00fce681282837e5d0586e0,2/12/2026 11:00:32,,rainfall,1770912029,67.86111,0,4.09,88.5
e00fce681282837e5d0586e0,2/12/2026 12:00:32,,rainfall,1770915629,67.77917,0,4.09,88.5
e00fce681282837e5d0586e0,2/12/2026 13:00:36,,rainfall,1770919230,66.41528,0,4.09,88.5
e00fce681282837e5d0586e0,2/12/2026 14:00:33,,rainfall,1770922830,64.76527,0,4.09,88.5
e00fce681282837e5d0586e0,2/12/2026 15:00:34,,rainfall,1770926429,64.07361,0,4.09,88.5
e00fce681282837e5d0586e0,2/12/2026 16:00:34,,rainfall,1770930030,62.34444,0,4.09,88.5
e00fce681282837e5d0586e0,2/12/2026 17:00:34,,rainfall,1770933630,66.45277,0,4.09,88.5
e00fce681282837e5d0586e0,2/12/2026 18:00:37,,rainfall,1770937230,69.57917,0,4.09,88.5
e00fce681282837e5d0586e0,2/12/2026 19:00:33,,rainfall,1770940829,75.58056,0,4.09,88.5
e00fce681282837e5d0586e0,2/12/2026 20:00:37,,rainfall,1770944431,83.03611,0,4.09,88.5
e00fce681282837e5d0586e0,2/12/2026 21:00:38,,rainfall,1770948028,84.36389,0,4.09,88.5
e00fce681282837e5d0586e0,2/12/2026 22:00:35,,rainfall,1770951630,86.6,0,4.09,88.5
e00fce681282837e5d0586e0,2/12/2026 23:00:38,,rainfall,1770955229,86.92083,0,4.09,88.5
e00fce681282837e5d0586e0,2/13/2026 0:00:38,,rainfall,1770958830,89.51667,0,4.09,88.5
e00fce681282837e5d0586e0,2/13/2026 1:00:35,,rainfall,1770962429,86.80695,0,4.09,88.5
e00fce681282837e5d0586e0,2/13/2026 2:00:35,,rainfall,1770966030,88.05,0,4.09,88.5
e00fce681282837e5d0586e0,2/13/2026 3:00:34,,rainfall,1770969630,91.58472,0,4.09,88.5
e00fce681282837e5d0586e0,2/13/2026 4:00:33,,rainfall,1770973229,93.59028,0,4.09,88.5
e00fce681282837e5d0586e0,2/13/2026 5:00:34,,rainfall,1770976829,97.07639,0,4.09,88.5
e00fce681282837e5d0586e0,2/13/2026 6:00:37,,rainfall,1770980429,90.65,0,4.09,88.5
e00fce681282837e5d0586e0,2/13/2026 7:00:35,,rainfall,1770984030,90.99583,0,4.09,88.5
e00fce681282837e5d0586e0,2/13/2026 8:00:37,,rainfall,1770987629,97.05556,0,4.09,88.5
e00fce681282837e5d0586e0,2/13/2026 9:00:37,,rainfall,1770991229,77.99861,0,4.09,88.5
e00fce681282837e5d0586e0,2/13/2026 10:00:40,,rainfall,1770994829,69.84583,0,4.09,88.5
e00fce681282837e5d0586e0,2/13/2026 11:03:27,,rainfall,1770998530,72.98194,0,4.09,88.5
e00fce681282837e5d0586e0,2/13/2026 12:00:35,,rainfall,1771002029,72.08334,0,4.09,88.5
e00fce681282837e5d0586e0,2/13/2026 13:00:36,,rainfall,1771005630,71.88611,0,4.09,88.5
e00fce681282837e5d0586e0,2/13/2026 14:00:34,,rainfall,1771009229,69.44305,0,4.09,88.5
e00fce681282837e5d0586e0,2/13/2026 15:00:38,,rainfall,1771012830,67.21667,0,4.09,88.5
e00fce681282837e5d0586e0,2/13/2026 16:00:35,,rainfall,1771016429,65.425,0,4.09,88.5
e00fce681282837e5d0586e0,2/13/2026 17:00:35,,rainfall,1771020029,69.64306,0,4.09,88.5
e00fce681282837e5d0586e0,2/13/2026 18:00:39,,rainfall,1771023630,73.59028,0,4.09,88.5
e00fce681282837e5d0586e0,2/13/2026 19:00:34,,rainfall,1771027229,78.75972,0,4.09,88.5
e00fce681282837e5d0586e0,2/13/2026 20:00:36,,rainfall,1771030829,83.69028,0,4.09,88.5
e00fce681282837e5d0586e0,2/13/2026 21:00:36,,rainfall,1771034429,86.45277,0,4.09,88.5
e00fce681282837e5d0586e0,2/13/2026 22:00:36,,rainfall,1771038029,86.76527,0,4.09,88.5
e00fce681282837e5d0586e0,2/13/2026 23:00:37,,rainfall,1771041630,87.53333,0,4.09,88.5
e00fce681282837e5d0586e0,2/14/2026 0:00:35,,rainfall,1771045228,88.7875,0,4.09,88.5
e00fce681282837e5d0586e0,2/14/2026 1:00:39,,rainfall,1771048830,89.10833,0,4.09,88.5
e00fce681282837e5d0586e0,2/14/2026 2:09:39,,rainfall,1771052429,89.00833,0,4.09,88.5
e00fce681282837e5d0586e0,2/14/2026 3:01:45,,rainfall,1771056029,88.61111,0,4.09,88.5
e00fce681282837e5d0586e0,2/14/2026 4:00:36,,rainfall,1771059630,89.01111,0,4.09,88.5
e00fce681282837e5d0586e0,2/14/2026 5:00:37,,rainfall,1771063229,89.65,0,4.09,88.5
e00fce681282837e5d0586e0,2/14/2026 6:00:39,,rainfall,1771066830,89.70417,0,4.09,88.5
e00fce681282837e5d0586e0,2/14/2026 7:00:38,,rainfall,1771070430,89.62639,0,4.09,88.5
e00fce681282837e5d0586e0,2/14/2026 8:00:39,,rainfall,1771074030,93.80417,0,4.09,88.5
e00fce681282837e5d0586e0,2/14/2026 9:00:37,,rainfall,1771077629,67.675,0,4.09,88.5
e00fce681282837e5d0586e0,2/14/2026 10:00:37,,rainfall,1771081230,60.29722,0,4.09,88.5
e00fce681282837e5d0586e0,2/14/2026 11:00:37,,rainfall,1771084829,62.45833,0,4.09,88.5
e00fce681282837e5d0586e0,2/14/2026 12:00:37,,rainfall,1771088429,64.56944,0,4.09,88.5
e00fce681282837e5d0586e0,2/14/2026 13:00:43,,rainfall,1771092030,64.76527,0,4.09,88.5
e00fce681282837e5d0586e0,2/14/2026 14:00:36,,rainfall,1771095629,64.425,0,4.09,88.5
e00fce681282837e5d0586e0,2/14/2026 15:00:43,,rainfall,1771099230,62.22361,0,4.09,88.5
e00fce681282837e5d0586e0,2/14/2026 16:00:40,,rainfall,1771102829,60.91667,0,4.09,88.36
e00fce681282837e5d0586e0,2/14/2026 17:00:45,,rainfall,1771106430,62.14028,0,4.09,88.36
e00fce681282837e5d0586e0,2/14/2026 18:00:31,,rainfall,1771110029,64.55417,0,4.09,88.36
e00fce681282837e5d0586e0,2/14/2026 19:00:31,,rainfall,1771113630,67.3625,0,4.09,88.36
e00fce681282837e5d0586e0,2/14/2026 20:00:34,,rainfall,1771117229,69.44444,0,4.09,88.36
e00fce681282837e5d0586e0,2/14/2026 21:00:34,,rainfall,1771120830,71.09444,0,4.09,88.36
e00fce681282837e5d0586e0,2/14/2026 22:00:37,,rainfall,1771124429,70.82777,0,4.09,88.36
e00fce681282837e5d0586e0,2/14/2026 23:00:36,,rainfall,1771128030,71.03056,0,4.09,88.36
e00fce681282837e5d0586e0,2/15/2026 0:00:33,,rainfall,1771131630,73.32777,0,4.09,88.36
e00fce681282837e5d0586e0,2/15/2026 1:00:32,,rainfall,1771135229,74.31944,0,4.09,88.36
e00fce681282837e5d0586e0,2/15/2026 2:00:32,,rainfall,1771138829,72.06944,0,4.09,88.36
e00fce681282837e5d0586e0,2/15/2026 3:00:32,,rainfall,1771142430,73.64027,0,4.09,88.36
e00fce681282837e5d0586e0,2/15/2026 4:00:31,,rainfall,1771146029,78.57222,0,4.09,88.36
e00fce681282837e5d0586e0,2/15/2026 5:00:37,,rainfall,1771149630,77.95834,0,4.09,88.36
e00fce681282837e5d0586e0,2/15/2026 6:00:34,,rainfall,1771153230,75.92223,0,4.09,88.36
e00fce681282837e5d0586e0,2/15/2026 7:00:35,,rainfall,1771156830,76.65556,0,4.09,88.36
e00fce681282837e5d0586e0,2/15/2026 8:00:36,,rainfall,1771160430,77.53611,0,4.09,88.36
e00fce681282837e5d0586e0,2/15/2026 9:00:34,,rainfall,1771164030,74.26667,0,4.09,88.36
e00fce681282837e5d0586e0,2/15/2026 10:00:33,,rainfall,1771167630,72.93611,0,4.09,88.36
e00fce681282837e5d0586e0,2/15/2026 11:00:34,,rainfall,1771171230,64.38055,0,4.09,88.36
e00fce681282837e5d0586e0,2/15/2026 12:00:33,,rainfall,1771174829,66.63194,0,4.09,88.36
e00fce681282837e5d0586e0,2/15/2026 13:00:33,,rainfall,1771178430,66.775,0,4.09,88.36
e00fce681282837e5d0586e0,2/15/2026 14:00:40,,rainfall,1771182030,66.19722,0,4.09,88.36
e00fce681282837e5d0586e0,2/15/2026 15:00:35,,rainfall,1771185630,69.99583,0,4.09,88.36
e00fce681282837e5d0586e0,2/15/2026 16:00:33,,rainfall,1771189230,70.15694,0.56,4.09,88.36
e00fce681282837e5d0586e0,2/15/2026 17:00:36,,rainfall,1771192829,88.89861,1.68,4.09,88.36
e00fce681282837e5d0586e0,2/15/2026 18:00:33,,rainfall,1771196430,93.94167,0,4.09,88.36
e00fce681282837e5d0586e0,2/15/2026 19:00:35,,rainfall,1771200030,97.72222,3.91,4.09,88.36
e00fce681282837e5d0586e0,2/15/2026 20:00:37,,rainfall,1771203629,98.50139,0,4.09,88.36
e00fce681282837e5d0586e0,2/15/2026 21:00:34,,rainfall,1771207230,98.08611,1.4,4.09,88.36
e00fce681282837e5d0586e0,2/15/2026 22:00:33,,rainfall,1771210829,101.67639,1.12,4.09,88.36
e00fce681282837e5d0586e0,2/15/2026 23:00:33,,rainfall,1771214430,100.51806,0,4.09,88.36
e00fce681282837e5d0586e0,2/16/2026 0:00:35,,rainfall,1771218029,100.7625,0,4.09,88.36
e00fce681282837e5d0586e0,2/16/2026 1:00:33,,rainfall,1771221629,108.63055,0,4.09,88.36
e00fce681282837e5d0586e0,2/16/2026 2:00:33,,rainfall,1771225230,110.33611,0,4.09,88.36
e00fce681282837e5d0586e0,2/16/2026 3:00:33,,rainfall,1771228830,112.60555,0,4.09,88.36
e00fce681282837e5d0586e0,2/16/2026 4:00:33,,rainfall,1771232429,105.64584,0,4.09,88.36
e00fce681282837e5d0586e0,2/16/2026 5:00:43,,rainfall,1771236030,107.87778,0,4.09,88.36
e00fce681282837e5d0586e0,2/16/2026 6:00:33,,rainfall,1771239629,110.98889,0,4.09,88.36
e00fce681282837e5d0586e0,2/16/2026 7:00:34,,rainfall,1771243230,112.64306,0,4.09,88.36
e00fce681282837e5d0586e0,2/16/2026 8:00:33,,rainfall,1771246829,112.68472,0,4.09,88.36
e00fce681282837e5d0586e0,2/16/2026 9:00:35,,rainfall,1771250429,109.21944,0,4.09,88.36
e00fce681282837e5d0586e0,2/16/2026 10:00:37,,rainfall,1771254030,102.6625,0,4.09,88.36
e00fce681282837e5d0586e0,2/16/2026 11:00:37,,rainfall,1771257629,97.99306,0,4.09,88.21
e00fce681282837e5d0586e0,2/16/2026 12:09:38,,rainfall,1771261229,78.51806,0,4.09,88.21
e00fce681282837e5d0586e0,2/16/2026 13:02:06,,rainfall,1771264829,78.01527,0,4.09,88.21
e00fce681282837e5d0586e0,2/16/2026 14:00:23,,rainfall,1771268419,76.43889,0,4.09,88.21
e00fce681282837e5d0586e0,2/16/2026 15:00:34,,rainfall,1771272029,73.33195,0.28,4.09,88.21
e00fce681282837e5d0586e0,2/16/2026 16:00:35,,rainfall,1771275629,70.65556,0,4.09,88.21
e00fce681282837e5d0586e0,2/16/2026 17:00:34,,rainfall,1771279229,70.925,0,4.09,88.21
e00fce681282837e5d0586e0,2/16/2026 18:00:39,,rainfall,1771282830,80.98055,0,4.09,88.21
e00fce681282837e5d0586e0,2/16/2026 19:00:34,,rainfall,1771286429,85.83472,0,4.09,88.21
e00fce681282837e5d0586e0,2/16/2026 20:00:35,,rainfall,1771290030,90.21667,0,4.09,88.21
e00fce681282837e5d0586e0,2/16/2026 21:00:38,,rainfall,1771293630,88.35833,0,4.09,88.21
e00fce681282837e5d0586e0,2/16/2026 22:00:39,,rainfall,1771297229,92.62083,0,4.09,88.21
e00fce681282837e5d0586e0,2/16/2026 23:00:40,,rainfall,1771300829,97.92361,0,4.09,88.21
e00fce681282837e5d0586e0,2/17/2026 0:00:36,,rainfall,1771304429,94.53194,0,4.09,88.21
e00fce681282837e5d0586e0,2/17/2026 1:00:35,,rainfall,1771308030,104.10973,0,4.09,88.21
e00fce681282837e5d0586e0,2/17/2026 2:00:39,,rainfall,1771311629,100.71667,0,4.09,88.21
e00fce681282837e5d0586e0,2/17/2026 3:00:35,,rainfall,1771315229,99.91111,0,4.09,88.21
e00fce681282837e5d0586e0,2/17/2026 4:00:40,,rainfall,1771318830,99.72222,0,4.09,88.21
e00fce681282837e5d0586e0,2/17/2026 5:00:36,,rainfall,1771322430,101.93056,0,4.09,88.21
e00fce681282837e5d0586e0,2/17/2026 6:00:35,,rainfall,1771326029,102.85278,0,4.09,88.21
e00fce681282837e5d0586e0,2/17/2026 7:00:38,,rainfall,1771329630,102.41389,0,4.09,88.21
e00fce681282837e5d0586e0,2/17/2026 8:00:36,,rainfall,1771333230,100.55139,0,4.09,88.21
e00fce681282837e5d0586e0,2/17/2026 9:00:35,,rainfall,1771336829,75.86389,0,4.09,88.21
e00fce681282837e5d0586e0,2/17/2026 10:00:37,,rainfall,1771340429,69.64584,0,4.09,88.21
e00fce681282837e5d0586e0,2/17/2026 11:00:36,,rainfall,1771344030,71.61667,0,4.09,88.21
e00fce681282837e5d0586e0,2/17/2026 12:00:36,,rainfall,1771347630,70.97639,0,4.09,88.21
e00fce681282837e5d0586e0,2/17/2026 13:00:42,,rainfall,1771351230,72.82639,0,4.09,88.21
e00fce681282837e5d0586e0,2/17/2026 14:00:36,,rainfall,1771354830,72.44167,0,4.09,88.21
e00fce681282837e5d0586e0,2/17/2026 15:00:35,,rainfall,1771358428,71.29444,0,4.09,88.21
e00fce681282837e5d0586e0,2/17/2026 16:00:40,,rainfall,1771362030,65.53333,0,4.09,88.21
e00fce681282837e5d0586e0,2/17/2026 17:00:47,,rainfall,1771365630,65.07777,0,4.09,88.21
e00fce681282837e5d0586e0,2/17/2026 18:00:36,,rainfall,1771369230,73.12222,0,4.09,88.21
e00fce681282837e5d0586e0,2/17/2026 19:00:34,,rainfall,1771372829,77.40139,0,4.09,88.21
e00fce681282837e5d0586e0,2/17/2026 20:00:31,,rainfall,1771376430,83.63472,0,4.09,88.21
e00fce681282837e5d0586e0,2/17/2026 21:00:35,,rainfall,1771380029,88.32917,0,4.09,88.21
e00fce681282837e5d0586e0,2/17/2026 22:00:32,,rainfall,1771383630,92.01667,0,4.09,88.21
e00fce681282837e5d0586e0,2/17/2026 23:00:31,,rainfall,1771387229,93.8,0,4.09,88.21
e00fce681282837e5d0586e0,2/18/2026 0:00:32,,rainfall,1771390830,92.73055,0,4.09,88.21
e00fce681282837e5d0586e0,2/18/2026 1:00:31,,rainfall,1771394429,93.67917,0,4.09,88.21
e00fce681282837e5d0586e0,2/18/2026 2:00:32,,rainfall,1771398029,94.10833,0,4.09,88.21
e00fce681282837e5d0586e0,2/18/2026 3:00:32,,rainfall,1771401630,97.88611,0,4.09,88.21
e00fce681282837e5d0586e0,2/18/2026 4:00:36,,rainfall,1771405229,100.17917,0,4.09,88.21
e00fce681282837e5d0586e0,2/18/2026 5:00:32,,rainfall,1771408830,101.30139,0,4.09,88.21
e00fce681282837e5d0586e0,2/18/2026 6:00:35,,rainfall,1771412429,104.40833,0,4.09,88.21
e00fce681282837e5d0586e0,2/18/2026 7:00:36,,rainfall,1771416030,98.84028,0,4.09,88.21
e00fce681282837e5d0586e0,2/18/2026 8:00:37,,rainfall,1771419629,105.02222,0,4.09,88.21
e00fce681282837e5d0586e0,2/18/2026 9:00:35,,rainfall,1771423230,80.54444,0,4.09,88.21
e00fce681282837e5d0586e0,2/18/2026 10:00:32,,rainfall,1771426830,72.7875,0,4.09,88.21
e00fce681282837e5d0586e0,2/18/2026 11:00:34,,rainfall,1771430429,81.10555,0,4.09,88.21
e00fce681282837e5d0586e0,2/18/2026 12:00:33,,rainfall,1771434030,67.86528,0,4.09,88.21
e00fce681282837e5d0586e0,2/18/2026 13:00:35,,rainfall,1771437629,64.33889,0,4.09,88.21
e00fce681282837e5d0586e0,2/18/2026 14:00:36,,rainfall,1771441230,67.78889,0,4.09,88.21
e00fce68239f79db42ac9cb5,2/18/2026 14:57:44,,rainfall_0001,946684813,56.53333,0,4.1,90.22
e00fce68239f79db42ac9cb5,2/18/2026 14:58:23,,rainfall_0001,946684813,55.25555,0,4.11,90.22
e00fce68239f79db42ac9cb5,2/18/2026 14:58:53,,rainfall_0001,1771444732,55.48333,0,4.11,90.22
e00fce68239f79db42ac9cb5,2/18/2026 15:00:31,,rainfall_0001,1771444830,55.575,0,4.11,90.22
e00fce681282837e5d0586e0,2/18/2026 15:00:37,,rainfall,1771444830,64.19167,0,4.09,88.07
e00fce68239f79db42ac9cb5,2/18/2026 16:00:31,,rainfall_0001,1771448429,56.88055,0,4.11,90.22
e00fce681282837e5d0586e0,2/18/2026 16:00:33,,rainfall,1771448430,62.20833,0,4.09,88.07
e00fce681282837e5d0586e0,2/18/2026 17:00:32,,rainfall,1771452029,66.75555,0,4.09,88.07
e00fce68239f79db42ac9cb5,2/18/2026 17:00:32,,rainfall_0001,1771452029,57.21944,0,4.11,90.22
e00fce681282837e5d0586e0,2/18/2026 18:00:34,,rainfall,1771455630,77.58472,0,4.09,88.07
e00fce68239f79db42ac9cb5,2/18/2026 18:00:34,,rainfall_0001,1771455629,57.31389,0,4.11,90.22
e00fce68239f79db42ac9cb5,2/18/2026 19:00:31,,rainfall_0001,1771459229,57.18333,0,4.11,90.22
e00fce681282837e5d0586e0,2/18/2026 19:00:33,,rainfall,1771459229,82.13472,0,4.09,88.07
e00fce68239f79db42ac9cb5,2/18/2026 20:00:30,,rainfall_0001,1771462829,57.33194,0,4.1,90.22
e00fce681282837e5d0586e0,2/18/2026 20:00:36,,rainfall,1771462830,83.15694,0,4.09,88.07
e00fce68239f79db42ac9cb5,2/18/2026 21:00:31,,rainfall_0001,1771466429,57.38194,0,4.11,90.22
e00fce681282837e5d0586e0,2/18/2026 21:00:33,,rainfall,1771466429,83.27778,0,4.09,88.07
e00fce68239f79db42ac9cb5,2/18/2026 22:00:32,,rainfall_0001,1771470030,57.33055,0,4.11,90.22
e00fce681282837e5d0586e0,2/18/2026 22:00:36,,rainfall,1771470030,83.39027,0,4.09,88.07
e00fce68239f79db42ac9cb5,2/18/2026 23:00:33,,rainfall_0001,1771473629,57.35833,0,4.11,90.22
e00fce681282837e5d0586e0,2/18/2026 23:00:33,,rainfall,1771473629,83.08334,0,4.09,88.07
e00fce681282837e5d0586e0,2/19/2026 0:00:33,,rainfall,1771477229,83.66528,0,4.09,88.07
e00fce68239f79db42ac9cb5,2/19/2026 0:00:32,,rainfall_0001,1771477229,57.28333,0,4.1,90.22
e00fce68239f79db42ac9cb5,2/19/2026 1:00:33,,rainfall_0001,1771480828,57.43195,0,4.1,90.22
e00fce681282837e5d0586e0,2/19/2026 1:00:34,,rainfall,1771480830,82.99722,0,4.09,88.07
e00fce68239f79db42ac9cb5,2/19/2026 2:00:36,,rainfall_0001,1771484430,57.57639,0,4.1,90.22
e00fce681282837e5d0586e0,2/19/2026 2:00:36,,rainfall,1771484429,82.48889,0,4.09,88.07
e00fce68239f79db42ac9cb5,2/19/2026 3:00:31,,rainfall_0001,1771488029,57.49722,0,4.1,90.22
e00fce681282837e5d0586e0,2/19/2026 3:00:34,,rainfall,1771488029,80.14861,0,4.09,88.07
e00fce68239f79db42ac9cb5,2/19/2026 4:00:32,,rainfall_0001,1771491629,57.20972,0,4.1,90.22
e00fce681282837e5d0586e0,2/19/2026 4:00:34,,rainfall,1771491629,78.45,0,4.09,88.07
e00fce681282837e5d0586e0,2/19/2026 5:00:34,,rainfall,1771495230,77.46528,0,4.09,88.07
e00fce68239f79db42ac9cb5,2/19/2026 5:00:33,,rainfall_0001,1771495229,57.46944,0,4.1,90.22
e00fce68239f79db42ac9cb5,2/19/2026 6:00:31,,rainfall_0001,1771498829,57.52083,0,4.1,90.22
e00fce681282837e5d0586e0,2/19/2026 6:00:34,,rainfall,1771498829,75.87639,0,4.09,88.07
e00fce68239f79db42ac9cb5,2/19/2026 7:00:32,,rainfall_0001,1771502429,57.44167,0,4.1,90.07
e00fce681282837e5d0586e0,2/19/2026 7:00:37,,rainfall,1771502430,78.81528,0,4.09,88.07
e00fce68239f79db42ac9cb5,2/19/2026 8:00:31,,rainfall_0001,1771506030,57.84028,0,4.1,90.07
e00fce681282837e5d0586e0,2/19/2026 8:00:35,,rainfall,1771506028,78.64027,0,4.09,88.07
e00fce68239f79db42ac9cb5,2/19/2026 9:00:31,,rainfall_0001,1771509630,57.87222,0,4.09,90.07
e00fce681282837e5d0586e0,2/19/2026 9:00:35,,rainfall,1771509630,75.20277,0,4.09,88.07
e00fce68239f79db42ac9cb5,2/19/2026 10:00:30,,rainfall_0001,1771513229,57.84306,0,4.1,90.07
e00fce681282837e5d0586e0,2/19/2026 10:00:35,,rainfall,1771513229,69.38194,0,4.09,88.07
e00fce68239f79db42ac9cb5,2/19/2026 11:00:30,,rainfall_0001,1771516828,58.46944,0,4.09,90.07
e00fce681282837e5d0586e0,2/19/2026 11:00:44,,rainfall,1771516830,66.70695,0,4.09,88.07
e00fce68239f79db42ac9cb5,2/19/2026 12:00:32,,rainfall_0001,1771520430,58.42222,0,4.09,90.07
e00fce681282837e5d0586e0,2/19/2026 12:00:34,,rainfall,1771520429,65.35973,0,4.09,88.07
e00fce68239f79db42ac9cb5,2/19/2026 13:00:36,,rainfall_0001,1771524028,58.22639,0,4.1,90.07
e00fce681282837e5d0586e0,2/19/2026 13:00:36,,rainfall,1771524029,63.64583,0,4.09,88.07
e00fce68239f79db42ac9cb5,2/19/2026 14:00:32,,rainfall_0001,1771527629,58.25278,0,4.09,90.07
e00fce681282837e5d0586e0,2/19/2026 14:00:39,,rainfall,1771527629,60.96111,0,4.09,88.07
e00fce68239f79db42ac9cb5,2/19/2026 15:00:32,,rainfall_0001,1771531229,58.22083,0,4.1,89.91
e00fce681282837e5d0586e0,2/19/2026 15:00:37,,rainfall,1771531230,62.48889,0,4.09,88.07
e00fce68239f79db42ac9cb5,2/19/2026 16:00:37,,rainfall_0001,1771534829,58.47778,0,4.09,89.91
e00fce681282837e5d0586e0,2/19/2026 16:00:38,,rainfall,1771534830,59.60972,0,4.09,88.07
e00fce681282837e5d0586e0,2/19/2026 17:00:39,,rainfall,1771538430,56.09861,0,4.09,88.07
e00fce681282837e5d0586e0,2/19/2026 18:00:35,,rainfall,1771542029,54.11666,0,4.09,88.07
e00fce681282837e5d0586e0,2/19/2026 19:00:38,,rainfall,1771545630,54.13611,0,4.09,88.07
e00fce681282837e5d0586e0,2/19/2026 20:00:35,,rainfall,1771549230,54.53194,0,4.09,88.07
e00fce681282837e5d0586e0,2/19/2026 21:00:34,,rainfall,1771552829,55.39444,0,4.09,88.07
e00fce681282837e5d0586e0,2/19/2026 22:00:35,,rainfall,1771556430,55.94167,0,4.09,88.07
e00fce681282837e5d0586e0,2/19/2026 23:00:39,,rainfall,1771560030,56.40278,0,4.09,88.07
e00fce681282837e5d0586e0,2/20/2026 0:00:36,,rainfall,1771563630,56.53333,0,4.09,88.07
e00fce681282837e5d0586e0,2/20/2026 1:00:43,,rainfall,1771567230,57.48889,0,4.09,87.93
e00fce681282837e5d0586e0,2/20/2026 2:00:36,,rainfall,1771570830,57.63194,0,4.09,87.93
e00fce681282837e5d0586e0,2/20/2026 3:00:38,,rainfall,1771574429,56.22222,0,4.09,87.93
e00fce681282837e5d0586e0,2/20/2026 4:00:35,,rainfall,1771578030,55.43195,0,4.09,87.93
e00fce681282837e5d0586e0,2/20/2026 5:00:39,,rainfall,1771581630,55.70694,0,4.09,87.93
e00fce681282837e5d0586e0,2/20/2026 6:00:35,,rainfall,1771585229,55.13055,0,4.09,87.93
e00fce681282837e5d0586e0,2/20/2026 7:00:38,,rainfall,1771588830,55.53889,0,4.09,87.93
e00fce681282837e5d0586e0,2/20/2026 8:00:35,,rainfall,1771592429,54.10833,0,4.09,87.93
e00fce681282837e5d0586e0,2/20/2026 9:00:38,,rainfall,1771596030,52.84306,0,4.09,87.93
e00fce681282837e5d0586e0,2/20/2026 10:00:38,,rainfall,1771599629,51.17639,0,4.09,87.93
e00fce681282837e5d0586e0,2/20/2026 11:00:40,,rainfall,1771603229,50.99583,0,4.09,87.93
e00fce681282837e5d0586e0,2/20/2026 12:00:38,,rainfall,1771606829,53.72639,0,4.09,87.93
e00fce681282837e5d0586e0,2/20/2026 13:00:36,,rainfall,1771610429,56.80278,0,4.09,87.93
e00fce681282837e5d0586e0,2/20/2026 14:00:39,,rainfall,1771614030,54.75417,0,4.09,87.93
e00fce681282837e5d0586e0,2/20/2026 15:00:36,,rainfall,1771617629,55.59028,0,4.09,87.93
e00fce681282837e5d0586e0,2/20/2026 16:00:41,,rainfall,1771621229,55.45555,0,4.09,87.93
e00fce681282837e5d0586e0,2/20/2026 17:00:47,,rainfall,1771624829,53.81805,0,4.09,87.93
e00fce681282837e5d0586e0,2/20/2026 18:00:32,,rainfall,1771628430,53.24861,0,4.09,87.93
e00fce681282837e5d0586e0,2/20/2026 19:00:31,,rainfall,1771632029,52.975,0,4.09,87.93
e00fce681282837e5d0586e0,2/20/2026 20:00:32,,rainfall,1771635629,52.15556,0,4.09,87.93
e00fce681282837e5d0586e0,2/20/2026 21:00:35,,rainfall,1771639230,51.2125,0,4.09,87.93
e00fce681282837e5d0586e0,2/20/2026 22:00:32,,rainfall,1771642830,51.01528,0,4.09,87.93
e00fce681282837e5d0586e0,2/20/2026 23:00:31,,rainfall,1771646429,49.74028,0,4.09,87.93
e00fce681282837e5d0586e0,2/21/2026 0:00:36,,rainfall,1771650030,49.11666,0,4.09,87.93
e00fce681282837e5d0586e0,2/21/2026 1:00:35,,rainfall,1771653629,47.89583,0,4.09,87.93
e00fce681282837e5d0586e0,2/21/2026 2:00:32,,rainfall,1771657229,47.29861,0,4.09,87.93
e00fce681282837e5d0586e0,2/21/2026 3:00:33,,rainfall,1771660829,48.73333,0,4.09,87.93
e00fce681282837e5d0586e0,2/21/2026 4:00:33,,rainfall,1771664430,48.69167,0,4.09,87.93
e00fce681282837e5d0586e0,2/21/2026 5:00:32,,rainfall,1771668029,48.74861,0,4.09,87.93
e00fce681282837e5d0586e0,2/21/2026 6:00:32,,rainfall,1771671630,48.33472,0,4.09,87.93
e00fce681282837e5d0586e0,2/21/2026 7:00:32,,rainfall,1771675229,49.46111,0,4.09,87.93
e00fce681282837e5d0586e0,2/21/2026 8:00:36,,rainfall,1771678830,50.24583,0,4.09,87.93
e00fce681282837e5d0586e0,2/21/2026 9:00:32,,rainfall,1771682429,46.32084,0,4.09,87.93
e00fce681282837e5d0586e0,2/21/2026 10:00:41,,rainfall,1771686030,46.06389,0.28,4.09,87.93
e00fce681282837e5d0586e0,2/21/2026 11:00:32,,rainfall,1771689629,46.98889,0,4.09,87.93
e00fce681282837e5d0586e0,2/21/2026 12:00:35,,rainfall,1771693230,47.32778,0,4.09,87.78
e00fce681282837e5d0586e0,2/21/2026 13:00:37,,rainfall,1771696830,47.61666,0,4.09,87.78
e00fce681282837e5d0586e0,2/21/2026 14:00:35,,rainfall,1771700429,48.56944,0,4.09,87.78
e00fce681282837e5d0586e0,2/21/2026 15:00:36,,rainfall,1771704029,51.40972,0,4.09,87.78
e00fce681282837e5d0586e0,2/21/2026 16:00:38,,rainfall,1771707629,52.66806,0.56,4.09,87.78
e00fce681282837e5d0586e0,2/21/2026 17:00:36,,rainfall,1771711230,48.61666,0.28,4.09,87.78
e00fce681282837e5d0586e0,2/21/2026 18:00:32,,rainfall,1771714829,55.65,0,4.09,87.78
e00fce681282837e5d0586e0,2/21/2026 19:00:33,,rainfall,1771718429,60.28194,0,4.09,87.78
e00fce681282837e5d0586e0,2/21/2026 20:00:34,,rainfall,1771722030,66.45277,0,4.09,87.78
e00fce681282837e5d0586e0,2/21/2026 21:00:38,,rainfall,1771725629,65.06805,0,4.09,87.78
e00fce681282837e5d0586e0,2/21/2026 22:00:36,,rainfall,1771729229,67.68195,0,4.09,87.78
e00fce681282837e5d0586e0,2/21/2026 23:00:34,,rainfall,1771732830,66.56944,0,4.09,87.78
e00fce681282837e5d0586e0,2/22/2026 0:00:34,,rainfall,1771736429,69.02084,0,4.09,87.78
e00fce681282837e5d0586e0,2/22/2026 1:00:34,,rainfall,1771740030,67.13194,0,4.09,87.78
e00fce681282837e5d0586e0,2/22/2026 2:00:35,,rainfall,1771743630,70.225,0,4.09,87.78
e00fce681282837e5d0586e0,2/22/2026 3:00:33,,rainfall,1771747229,72.24028,0,4.09,87.78
e00fce681282837e5d0586e0,2/22/2026 4:00:35,,rainfall,1771750830,75.32222,1.68,4.09,87.78
e00fce681282837e5d0586e0,2/22/2026 5:00:34,,rainfall,1771754429,79.03472,0,4.09,87.78
e00fce681282837e5d0586e0,2/22/2026 6:00:35,,rainfall,1771758030,82.14167,0,4.09,87.78
e00fce681282837e5d0586e0,2/22/2026 7:00:37,,rainfall,1771761630,85.05833,0,4.09,87.78
e00fce681282837e5d0586e0,2/22/2026 8:00:39,,rainfall,1771765229,85.22778,0,4.09,87.78
e00fce681282837e5d0586e0,2/22/2026 9:00:34,,rainfall,1771768829,79.76527,0,4.09,87.78
e00fce681282837e5d0586e0,2/22/2026 10:00:39,,rainfall,1771772430,81.45139,0,4.09,87.78
e00fce681282837e5d0586e0,2/22/2026 11:00:38,,rainfall,1771776030,72.66805,0,4.09,87.78
e00fce681282837e5d0586e0,2/22/2026 12:00:37,,rainfall,1771779629,66.17361,0,4.09,87.78
e00fce681282837e5d0586e0,2/22/2026 13:00:35,,rainfall,1771783230,58.33194,0,4.09,87.78
e00fce681282837e5d0586e0,2/22/2026 14:00:35,,rainfall,1771786829,62.95139,0,4.09,87.78
e00fce681282837e5d0586e0,2/22/2026 15:00:35,,rainfall,1771790430,71.90694,0,4.09,87.78
e00fce681282837e5d0586e0,2/22/2026 16:00:40,,rainfall,1771794029,67.11667,0,4.09,87.78
e00fce681282837e5d0586e0,2/22/2026 17:00:43,,rainfall,1771797629,72.33334,0.28,4.09,87.78
e00fce681282837e5d0586e0,2/22/2026 18:00:34,,rainfall,1771801229,80.27778,0,4.09,87.78
e00fce681282837e5d0586e0,2/22/2026 19:00:34,,rainfall,1771804829,80.10555,0,4.09,87.78
e00fce681282837e5d0586e0,2/22/2026 20:00:35,,rainfall,1771808429,88.79305,0,4.09,87.78
e00fce681282837e5d0586e0,2/22/2026 21:00:39,,rainfall,1771812030,83.97916,0,4.09,87.78
e00fce681282837e5d0586e0,2/22/2026 22:00:39,,rainfall,1771815630,84.47222,0,4.09,87.64
e00fce681282837e5d0586e0,2/22/2026 23:00:38,,rainfall,1771819229,84.35694,0,4.09,87.64
e00fce681282837e5d0586e0,2/23/2026 0:00:40,,rainfall,1771822830,83.64306,0,4.09,87.64
e00fce681282837e5d0586e0,2/23/2026 1:00:39,,rainfall,1771826429,80.98611,0,4.09,87.64
e00fce681282837e5d0586e0,2/23/2026 2:00:40,,rainfall,1771830029,80.20695,0,4.09,87.64
e00fce681282837e5d0586e0,2/23/2026 3:00:35,,rainfall,1771833629,79.16111,0,4.09,87.64
e00fce681282837e5d0586e0,2/23/2026 4:00:36,,rainfall,1771837229,82.20139,0,4.09,87.64
e00fce681282837e5d0586e0,2/23/2026 6:00:42,,rainfall,1771844429,80.09028,0,4.09,87.64
e00fce681282837e5d0586e0,2/23/2026 7:00:39,,rainfall,1771848029,83.47222,0,4.09,87.64
e00fce68239f79db42ac9cb5,2/23/2026 7:49:34,,rainfall_0001,946684813,123.95,0,4.1,91.49
e00fce68239f79db42ac9cb5,2/23/2026 8:00:35,,rainfall_0001,1771851630,306.29721,6.15,4.11,91.49
e00fce681282837e5d0586e0,2/23/2026 8:00:39,,rainfall,1771851629,83.77084,0,4.09,87.64
e00fce68239f79db42ac9cb5,2/23/2026 9:00:36,,rainfall_0001,1771855229,31.43889,0,4.1,91.49
e00fce681282837e5d0586e0,2/23/2026 9:00:39,,rainfall,1771855229,67.85694,0,4.09,87.64
e00fce68239f79db42ac9cb5,2/23/2026 10:00:32,,rainfall_0001,1771858830,28.15694,0,4.08,91.49
e00fce681282837e5d0586e0,2/23/2026 10:00:38,,rainfall,1771858831,65.66389,0,4.09,87.64
e00fce681282837e5d0586e0,2/23/2026 11:00:38,,rainfall,1771862430,65.325,0,4.09,87.64
e00fce68239f79db42ac9cb5,2/23/2026 11:01:11,,rainfall_0001,1771862430,38.95694,6.71,4.08,91.33
e00fce68239f79db42ac9cb5,2/23/2026 12:00:32,,rainfall_0001,1771866030,42.50417,2.24,4.06,91.17
e00fce681282837e5d0586e0,2/23/2026 12:00:38,,rainfall,1771866029,66.54583,0,4.09,87.64
e00fce681282837e5d0586e0,2/23/2026 13:00:38,,rainfall,1771869630,65.55278,0,4.09,87.64
e00fce681282837e5d0586e0,2/23/2026 14:00:37,,rainfall,1771873229,61.60278,0,4.09,87.64
e00fce681282837e5d0586e0,2/23/2026 15:05:29,,rainfall,1771876830,59.95139,0,4.09,87.64
e00fce681282837e5d0586e0,2/23/2026 16:00:21,,rainfall,1771880420,60.11111,0,4.09,87.64
e00fce681282837e5d0586e0,2/23/2026 17:00:31,,rainfall,1771884029,60.56389,0,4.09,87.64
e00fce681282837e5d0586e0,2/23/2026 18:00:34,,rainfall,1771887629,68.7375,0,4.09,87.64
e00fce681282837e5d0586e0,2/23/2026 19:00:37,,rainfall,1771891230,71.87917,0,4.09,87.64
e00fce681282837e5d0586e0,2/23/2026 20:00:32,,rainfall,1771894830,71.9125,0,4.09,87.64
e00fce681282837e5d0586e0,2/23/2026 21:00:34,,rainfall,1771898429,73.74722,0,4.09,87.64
e00fce681282837e5d0586e0,2/23/2026 22:00:35,,rainfall,1771902029,74.88611,0,4.09,87.64
e00fce681282837e5d0586e0,2/23/2026 23:00:37,,rainfall,1771905629,73.26111,0,4.09,87.64
e00fce681282837e5d0586e0,2/24/2026 0:00:35,,rainfall,1771909229,72.98611,0,4.09,87.64
e00fce681282837e5d0586e0,2/24/2026 1:00:32,,rainfall,1771912830,73.27222,0,4.09,87.64
e00fce681282837e5d0586e0,2/24/2026 2:00:32,,rainfall,1771916429,73.4,0,4.09,87.64
e00fce681282837e5d0586e0,2/24/2026 3:00:33,,rainfall,1771920030,73.95277,0,4.09,87.64
e00fce681282837e5d0586e0,2/24/2026 4:00:41,,rainfall,1771923629,75.20695,0,4.09,87.64
e00fce681282837e5d0586e0,2/24/2026 5:00:34,,rainfall,1771927230,73.99722,0,4.09,87.64
e00fce681282837e5d0586e0,2/24/2026 6:00:33,,rainfall,1771930830,73.92361,0,4.09,87.64
e00fce681282837e5d0586e0,2/24/2026 7:00:35,,rainfall,1771934430,73.96667,0,4.09,87.64
e00fce681282837e5d0586e0,2/24/2026 8:00:33,,rainfall,1771938030,74.13333,0,4.09,87.64
e00fce681282837e5d0586e0,2/24/2026 9:00:33,,rainfall,1771941630,63.25278,0,4.09,87.64
e00fce681282837e5d0586e0,2/24/2026 10:00:33,,rainfall,1771945229,61.32084,0,4.09,87.64
e00fce68239f79db42ac9cb5,2/24/2026 10:31:20,,rainfall_0001,946684813,34.60139,11.18,0.13,0
e00fce68239f79db42ac9cb5,2/24/2026 10:32:54,,rainfall_0001,946684813,36.55833,11.18,4.09,0
e00fce68239f79db42ac9cb5,2/24/2026 11:00:34,,rainfall_0001,1771948829,167.12083,22.35,4.09,0
e00fce681282837e5d0586e0,2/24/2026 11:00:37,,rainfall,1771948831,60.30139,0,4.09,87.64
e00fce681282837e5d0586e0,2/24/2026 12:00:33,,rainfall,1771952429,60.23333,0,4.09,87.64
e00fce68239f79db42ac9cb5,2/24/2026 12:00:40,,rainfall_0001,1771952429,113.79444,13.69,4.09,0
e00fce681282837e5d0586e0,2/24/2026 13:00:37,,rainfall,1771956029,59.28611,0,4.09,87.64
e00fce68239f79db42ac9cb5,2/24/2026 13:00:34,,rainfall_0001,1771956030,113.50694,0,4.09,0
e00fce68239f79db42ac9cb5,2/24/2026 14:00:37,,rainfall_0001,1771959630,113.47083,0,4.09,0
e00fce681282837e5d0586e0,2/24/2026 14:00:38,,rainfall,1771959629,58.79583,0,4.09,87.64
e00fce681282837e5d0586e0,2/24/2026 15:00:33,,rainfall,1771963229,57.33333,0,4.09,87.64
e00fce68239f79db42ac9cb5,2/24/2026 15:00:35,,rainfall_0001,1771963230,113.58334,0,4.09,0
e00fce681282837e5d0586e0,2/24/2026 16:00:36,,rainfall,1771966830,56.31528,0,4.09,87.64
e00fce68239f79db42ac9cb5,2/24/2026 16:00:40,,rainfall_0001,1771966830,114.15694,0,4.09,0.07
e00fce68239f79db42ac9cb5,2/24/2026 17:00:33,,rainfall_0001,1771970430,113.45277,0,4.09,0.87
e00fce681282837e5d0586e0,2/24/2026 17:00:34,,rainfall,1771970430,59.67361,0,4.09,87.64
e00fce681282837e5d0586e0,2/24/2026 18:00:37,,rainfall,1771974030,62.66945,0,4.09,87.64
e00fce68239f79db42ac9cb5,2/24/2026 18:00:38,,rainfall_0001,1771974030,113.60416,0,4.09,1.66
e00fce68239f79db42ac9cb5,2/24/2026 19:00:32,,rainfall_0001,1771977629,116.47222,0,4.09,2.51
e00fce681282837e5d0586e0,2/24/2026 19:00:34,,rainfall,1771977630,62,0,4.09,87.64
e00fce68239f79db42ac9cb5,2/24/2026 20:00:32,,rainfall_0001,1771981229,116.54583,0,4.09,3.62
e00fce681282837e5d0586e0,2/24/2026 20:00:34,,rainfall,1771981229,64.14445,0,4.09,87.64
e00fce681282837e5d0586e0,2/24/2026 21:00:34,,rainfall,1771984830,63.89167,0,4.09,87.64
e00fce68239f79db42ac9cb5,2/24/2026 21:00:34,,rainfall_0001,1771984829,116.84444,0,4.09,4.64
e00fce681282837e5d0586e0,2/24/2026 22:00:34,,rainfall,1771988429,68.13055,0,4.09,87.64
e00fce68239f79db42ac9cb5,2/24/2026 22:00:36,,rainfall_0001,1771988430,116.90972,0,4.09,5.74
e00fce681282837e5d0586e0,2/24/2026 23:00:34,,rainfall,1771992030,67.97083,0,4.09,87.64
e00fce68239f79db42ac9cb5,2/24/2026 23:00:33,,rainfall_0001,1771992030,116.74445,0,4.09,6.98
e00fce68239f79db42ac9cb5,2/25/2026 0:00:34,,rainfall_0001,1771995630,116.76667,0,4.09,7.96
e00fce681282837e5d0586e0,2/25/2026 0:00:34,,rainfall,1771995629,68.41805,0,4.09,87.64
e00fce68239f79db42ac9cb5,2/25/2026 1:00:34,,rainfall_0001,1771999230,116.69583,0,4.09,9.22
e00fce681282837e5d0586e0,2/25/2026 1:00:35,,rainfall,1771999230,67.29444,0,4.09,87.64
e00fce68239f79db42ac9cb5,2/25/2026 2:00:34,,rainfall_0001,1772002829,116.51945,0,4.09,10.26
e00fce681282837e5d0586e0,2/25/2026 2:00:37,,rainfall,1772002829,64.20139,0,4.09,87.64
e00fce681282837e5d0586e0,2/25/2026 3:00:39,,rainfall,1772006429,64.40278,0,4.09,87.64
e00fce68239f79db42ac9cb5,2/25/2026 3:00:37,,rainfall_0001,1772006430,116.78056,0,4.09,11.03
e00fce68239f79db42ac9cb5,2/25/2026 4:00:33,,rainfall_0001,1772010030,116.7375,0,4.09,12.33
e00fce681282837e5d0586e0,2/25/2026 4:00:39,,rainfall,1772010030,63.23056,0,4.09,87.64
e00fce681282837e5d0586e0,2/25/2026 5:00:39,,rainfall,1772013630,66.06944,0,4.09,87.64
e00fce68239f79db42ac9cb5,2/25/2026 5:00:52,,rainfall_0001,1772013629,116.61945,0,4.09,13.1
e00fce681282837e5d0586e0,2/25/2026 6:00:35,,rainfall,1772017230,65.35139,0,4.09,87.64
e00fce68239f79db42ac9cb5,2/25/2026 6:00:49,,rainfall_0001,1772017230,116.77917,0,4.09,14.66
e00fce68239f79db42ac9cb5,2/25/2026 7:00:33,,rainfall_0001,1772020829,116.74722,0,4.09,16.21
e00fce681282837e5d0586e0,2/25/2026 7:00:35,,rainfall,1772020830,66.20139,0,4.09,87.64
e00fce68239f79db42ac9cb5,2/25/2026 8:00:35,,rainfall_0001,1772024429,116.58195,0,4.09,16.98
e00fce681282837e5d0586e0,2/25/2026 8:00:38,,rainfall,1772024430,64.90972,0,4.09,87.64
e00fce681282837e5d0586e0,2/25/2026 9:00:35,,rainfall,1772028030,60.40972,0,4.09,87.64
e00fce68239f79db42ac9cb5,2/25/2026 9:00:42,,rainfall_0001,1772028030,116.60973,0,4.09,18.02
e00fce68239f79db42ac9cb5,2/25/2026 10:00:43,,rainfall_0001,1772031630,116.49583,0,4.09,19.05
e00fce681282837e5d0586e0,2/25/2026 10:00:40,,rainfall,1772031629,55.89861,0,4.09,87.64
e00fce68239f79db42ac9cb5,2/25/2026 11:00:33,,rainfall_0001,1772035230,116.63055,0,4.09,20.52
e00fce681282837e5d0586e0,2/25/2026 11:00:36,,rainfall,1772035230,53.50555,0,4.09,87.64
e00fce68239f79db42ac9cb5,2/25/2026 12:00:35,,rainfall_0001,1772038830,116.49583,0,4.09,21.38
e00fce681282837e5d0586e0,2/25/2026 12:00:39,,rainfall,1772038830,52.58055,0,4.09,87.64
e00fce681282837e5d0586e0,2/25/2026 13:00:36,,rainfall,1772042430,52.025,0,4.09,87.64
e00fce68239f79db42ac9cb5,2/25/2026 13:00:41,,rainfall_0001,1772042429,116.65972,0,4.09,22.24
e00fce681282837e5d0586e0,2/25/2026 14:00:40,,rainfall,1772046029,51.35417,0,4.09,87.64
e00fce68239f79db42ac9cb5,2/25/2026 14:00:52,,rainfall_0001,1772046038,116.61945,0,4.09,23.53
e00fce68239f79db42ac9cb5,2/25/2026 15:00:34,,rainfall_0001,1772049629,116.85278,0,4.09,24.39
e00fce681282837e5d0586e0,2/25/2026 15:00:36,,rainfall,1772049630,51.125,0,4.09,87.64
e00fce68239f79db42ac9cb5,2/25/2026 16:00:34,,rainfall_0001,1772053230,116.70277,0,4.09,25.25
e00fce681282837e5d0586e0,2/25/2026 16:00:36,,rainfall,1772053230,52.09583,0,4.09,87.64
e00fce681282837e5d0586e0,2/25/2026 17:00:35,,rainfall,1772056829,54.18889,0,4.09,87.64
e00fce68239f79db42ac9cb5,2/25/2026 17:00:38,,rainfall_0001,1772056830,116.70695,0,4.09,26.11
e00fce68239f79db42ac9cb5,2/25/2026 18:00:36,,rainfall_0001,1772060430,116.99028,0,4.09,26.96
e00fce681282837e5d0586e0,2/25/2026 18:00:38,,rainfall,1772060430,55.10695,0,4.09,87.64
e00fce68239f79db42ac9cb5,2/25/2026 19:00:35,,rainfall_0001,1772064029,116.74583,0,4.09,27.82
e00fce681282837e5d0586e0,2/25/2026 19:00:41,,rainfall,1772064030,52.73889,0,4.09,87.64
e00fce681282837e5d0586e0,2/25/2026 20:00:36,,rainfall,1772067630,51.47222,0,4.09,87.64
e00fce68239f79db42ac9cb5,2/25/2026 20:00:38,,rainfall_0001,1772067629,116.89584,0,4.09,28.68
e00fce681282837e5d0586e0,2/25/2026 21:00:39,,rainfall,1772071230,50.54445,0,4.09,87.64
e00fce68239f79db42ac9cb5,2/25/2026 21:00:48,,rainfall_0001,1772071229,116.91805,0,4.09,29.54
e00fce681282837e5d0586e0,2/25/2026 22:00:36,,rainfall,1772074830,50.30972,0,4.09,87.49
e00fce68239f79db42ac9cb5,2/25/2026 22:00:59,,rainfall_0001,1772074830,116.79305,0,4.08,30.83
e00fce681282837e5d0586e0,2/25/2026 23:00:36,,rainfall,1772078429,53.55278,0,4.09,87.49
e00fce68239f79db42ac9cb5,2/25/2026 23:00:49,,rainfall_0001,1772078429,116.89167,0,4.09,32.12
e00fce681282837e5d0586e0,2/26/2026 0:00:36,,rainfall,1772082029,52.64028,0,4.09,87.49
e00fce68239f79db42ac9cb5,2/26/2026 0:00:38,,rainfall_0001,1772082029,116.7875,0,4.08,33.41
e00fce68239f79db42ac9cb5,2/26/2026 1:00:37,,rainfall_0001,1772085630,116.69861,0,4.08,34.27
e00fce681282837e5d0586e0,2/26/2026 1:00:40,,rainfall,1772085629,52.45555,0,4.09,87.49
e00fce68239f79db42ac9cb5,2/26/2026 2:00:33,,rainfall_0001,1772089230,116.80833,0,4.08,35.06
e00fce681282837e5d0586e0,2/26/2026 2:00:38,,rainfall,1772089229,52.28056,0,4.09,87.49
e00fce681282837e5d0586e0,2/26/2026 3:00:36,,rainfall,1772092829,52.17916,0,4.09,87.49
e00fce68239f79db42ac9cb5,2/26/2026 3:00:36,,rainfall_0001,1772092830,116.7,0,4.08,35.78
e00fce681282837e5d0586e0,2/26/2026 4:00:36,,rainfall,1772096429,52.21111,0,4.09,87.49
e00fce68239f79db42ac9cb5,2/26/2026 4:00:37,,rainfall_0001,1772096429,116.81389,0,4.08,36.5
e00fce681282837e5d0586e0,2/26/2026 5:00:36,,rainfall,1772100029,51.42083,0,4.09,87.49
e00fce68239f79db42ac9cb5,2/26/2026 5:00:39,,rainfall_0001,1772100030,116.81389,0,4.08,37.22
e00fce68239f79db42ac9cb5,2/26/2026 6:00:34,,rainfall_0001,1772103629,116.73055,0,4.08,38.3
e00fce681282837e5d0586e0,2/26/2026 6:00:39,,rainfall,1772103630,51.27639,0,4.09,87.49
e00fce68239f79db42ac9cb5,2/26/2026 7:00:35,,rainfall_0001,1772107230,116.75694,0,4.08,39.02
e00fce681282837e5d0586e0,2/26/2026 7:00:41,,rainfall,1772107230,51.72083,0,4.09,87.49
e00fce68239f79db42ac9cb5,2/26/2026 8:00:33,,rainfall_0001,1772110829,116.8625,0,4.08,39.75
e00fce681282837e5d0586e0,2/26/2026 8:00:41,,rainfall,1772110829,50.85695,0,4.09,87.49
e00fce68239f79db42ac9cb5,2/26/2026 9:00:36,,rainfall_0001,1772114430,116.82777,0,4.08,40.46
e00fce681282837e5d0586e0,2/26/2026 9:00:37,,rainfall,1772114430,49.52917,0,4.09,87.49
e00fce68239f79db42ac9cb5,2/26/2026 10:00:33,,rainfall_0001,1772118029,116.94861,0,4.06,41.19
e00fce681282837e5d0586e0,2/26/2026 10:00:36,,rainfall,1772118029,49.13055,0,4.09,87.49
e00fce68239f79db42ac9cb5,2/26/2026 11:00:35,,rainfall_0001,1772121630,116.9625,0,4.05,41.59
e00fce681282837e5d0586e0,2/26/2026 11:00:37,,rainfall,1772121630,53.44584,0,4.09,87.49
e00fce68239f79db42ac9cb5,2/26/2026 12:00:34,,rainfall_0001,1772125230,120.49167,0,4.04,42.41
e00fce681282837e5d0586e0,2/26/2026 12:00:36,,rainfall,1772125229,53.51528,0,4.09,87.49
e00fce68239f79db42ac9cb5,2/26/2026 13:00:34,,rainfall_0001,1772128829,116.94028,0,4.05,42.82
e00fce681282837e5d0586e0,2/26/2026 13:00:39,,rainfall,1772128829,54.68472,0,4.09,87.49
e00fce68239f79db42ac9cb5,2/26/2026 14:00:36,,rainfall_0001,1772132430,116.89861,0,4.03,43.64
e00fce681282837e5d0586e0,2/26/2026 14:00:42,,rainfall,1772132430,56.625,0,4.09,87.49
e00fce68239f79db42ac9cb5,2/26/2026 15:00:37,,rainfall_0001,1772136030,116.81805,0,4.03,44.05
e00fce681282837e5d0586e0,2/26/2026 15:00:45,,rainfall,1772136029,57.00278,0,4.09,87.49
e00fce681282837e5d0586e0,2/26/2026 16:00:32,,rainfall,1772139629,59.43889,0,4.09,87.49
e00fce68239f79db42ac9cb5,2/26/2026 16:00:33,,rainfall_0001,1772139629,117.84028,0,4.02,44.87
e00fce681282837e5d0586e0,2/26/2026 17:00:31,,rainfall,1772143229,58.99583,0,4.09,87.49
e00fce68239f79db42ac9cb5,2/26/2026 17:00:41,,rainfall_0001,1772143230,119.50417,0,4.03,45.28
e00fce681282837e5d0586e0,2/26/2026 18:00:32,,rainfall,1772146829,57.9375,0.28,4.09,87.49
e00fce68239f79db42ac9cb5,2/26/2026 18:00:36,,rainfall_0001,1772146829,119.49861,0.28,4.01,45.69
e00fce681282837e5d0586e0,2/26/2026 19:00:33,,rainfall,1772150431,62.02083,2.79,4.09,87.49
e00fce68239f79db42ac9cb5,2/26/2026 19:00:43,,rainfall_0001,1772150430,116.63333,2.51,4.01,46.5
e00fce681282837e5d0586e0,2/26/2026 20:00:32,,rainfall,1772154030,67.72916,0.56,4.09,87.49
e00fce68239f79db42ac9cb5,2/26/2026 20:00:38,,rainfall_0001,1772154029,113.65139,1.4,4.01,46.91
e00fce68239f79db42ac9cb5,2/26/2026 21:00:34,,rainfall_0001,1772157629,113.56111,0,4.01,47.32
e00fce681282837e5d0586e0,2/26/2026 21:00:34,,rainfall,1772157630,72.68333,0,4.09,87.49
e00fce68239f79db42ac9cb5,2/26/2026 22:00:34,,rainfall_0001,1772161230,113.84444,0,4,48.09
e00fce681282837e5d0586e0,2/26/2026 22:00:36,,rainfall,1772161230,77.75139,0,4.09,87.49
e00fce68239f79db42ac9cb5,2/26/2026 23:00:34,,rainfall_0001,1772164829,113.57777,0,4,48.48
e00fce681282837e5d0586e0,2/26/2026 23:00:36,,rainfall,1772164830,80.07222,0,4.09,87.49
e00fce681282837e5d0586e0,2/27/2026 0:00:34,,rainfall,1772168430,81.61389,0,4.09,87.49
e00fce68239f79db42ac9cb5,2/27/2026 0:00:37,,rainfall_0001,1772168429,115.14167,0,4,48.86
e00fce681282837e5d0586e0,2/27/2026 1:00:32,,rainfall,1772172030,83.96111,0.28,4.09,87.49
e00fce68239f79db42ac9cb5,2/27/2026 1:00:34,,rainfall_0001,1772172029,113.45834,0,4,49.24
e00fce681282837e5d0586e0,2/27/2026 2:00:33,,rainfall,1772175630,85.76667,0.28,4.09,87.49
e00fce68239f79db42ac9cb5,2/27/2026 2:00:37,,rainfall_0001,1772175630,113.38333,0,3.99,49.62
e00fce681282837e5d0586e0,2/27/2026 3:00:31,,rainfall,1772179229,87.04028,0,4.09,87.49
e00fce68239f79db42ac9cb5,2/27/2026 3:00:43,,rainfall_0001,1772179229,113.42083,0,3.99,50.01
e00fce681282837e5d0586e0,2/27/2026 4:00:32,,rainfall,1772182829,88.58056,0.28,4.09,87.49
e00fce68239f79db42ac9cb5,2/27/2026 4:00:36,,rainfall_0001,1772182830,113.4125,0,3.98,50.39
e00fce681282837e5d0586e0,2/27/2026 5:00:32,,rainfall,1772186430,87.69861,0,4.09,87.49
e00fce68239f79db42ac9cb5,2/27/2026 5:00:35,,rainfall_0001,1772186430,115.53472,0,3.96,50.78
e00fce681282837e5d0586e0,2/27/2026 6:00:32,,rainfall,1772190029,86.59444,0,4.09,87.49
e00fce68239f79db42ac9cb5,2/27/2026 6:00:38,,rainfall_0001,1772190029,115.55278,0,3.97,51.16
e00fce68239f79db42ac9cb5,2/27/2026 7:00:34,,rainfall_0001,1772193628,115.77917,0,3.96,51.55
e00fce681282837e5d0586e0,2/27/2026 7:00:36,,rainfall,1772193629,88.53056,0,4.09,87.49
e00fce681282837e5d0586e0,2/27/2026 8:00:32,,rainfall,1772197230,86.87222,0.28,4.09,87.49
e00fce68239f79db42ac9cb5,2/27/2026 8:00:36,,rainfall_0001,1772197229,115.47639,0,3.96,51.93
e00fce681282837e5d0586e0,2/27/2026 9:00:32,,rainfall,1772200829,85.05972,1.4,4.09,87.49
e00fce68239f79db42ac9cb5,2/27/2026 9:00:34,,rainfall_0001,1772200829,113.34028,0,3.95,52.31
e00fce681282837e5d0586e0,2/27/2026 10:00:32,,rainfall,1772204429,85.59583,0,4.09,87.49
e00fce68239f79db42ac9cb5,2/27/2026 10:00:38,,rainfall_0001,1772204429,109.02639,0.28,3.93,52.31
e00fce681282837e5d0586e0,2/27/2026 11:00:32,,rainfall,1772208030,85.61111,0,4.09,87.49
e00fce68239f79db42ac9cb5,2/27/2026 11:00:43,,rainfall_0001,1772208029,105.31528,0,3.93,52.7
e00fce68239f79db42ac9cb5,2/27/2026 12:00:34,,rainfall_0001,1772211630,103.27361,0,3.93,53.08
e00fce681282837e5d0586e0,2/27/2026 12:00:33,,rainfall,1772211630,85.95834,0,4.09,87.35
e00fce68239f79db42ac9cb5,2/27/2026 13:00:31,,rainfall_0001,1772215229,99.80278,0.28,3.91,53.08
e00fce681282837e5d0586e0,2/27/2026 13:00:33,,rainfall,1772215230,88.17083,0.28,4.09,87.35
e00fce68239f79db42ac9cb5,2/27/2026 14:00:35,,rainfall_0001,1772218830,93.56667,0,3.9,53.46
e00fce681282837e5d0586e0,2/27/2026 14:00:35,,rainfall,1772218830,91.09028,0,4.09,87.35
e00fce681282837e5d0586e0,2/27/2026 15:00:35,,rainfall,1772222430,92.05556,0,4.09,87.35
e00fce68239f79db42ac9cb5,2/27/2026 15:00:36,,rainfall_0001,1772222429,92.79861,0,3.9,53.46
e00fce68239f79db42ac9cb5,2/27/2026 16:00:32,,rainfall_0001,1772226029,93.36667,0,3.91,53.78
e00fce681282837e5d0586e0,2/27/2026 16:00:32,,rainfall,1772226028,90.60833,0,4.09,87.35
e00fce68239f79db42ac9cb5,2/27/2026 17:00:31,,rainfall_0001,1772229629,93.55417,0,3.89,53.78
e00fce681282837e5d0586e0,2/27/2026 17:00:40,,rainfall,1772229630,94.65417,0,4.09,87.35
e00fce68239f79db42ac9cb5,2/27/2026 18:00:33,,rainfall_0001,1772233230,95.34444,0,3.89,54.1
e00fce681282837e5d0586e0,2/27/2026 18:00:35,,rainfall,1772233229,96.15417,0,4.09,87.35
e00fce68239f79db42ac9cb5,2/27/2026 19:00:34,,rainfall_0001,1772236829,95.75417,0,3.88,54.1
e00fce681282837e5d0586e0,2/27/2026 19:00:38,,rainfall,1772236829,91.36806,0,4.09,87.35
e00fce681282837e5d0586e0,2/27/2026 20:00:33,,rainfall,1772240429,94.50972,0,4.09,87.35
e00fce68239f79db42ac9cb5,2/27/2026 20:00:34,,rainfall_0001,1772240430,95.91666,0,3.87,54.1
e00fce68239f79db42ac9cb5,2/27/2026 21:00:34,,rainfall_0001,1772244029,97.25972,0,3.86,54.41
e00fce681282837e5d0586e0,2/27/2026 21:00:35,,rainfall,1772244029,90.425,0,4.09,87.35
e00fce68239f79db42ac9cb5,2/27/2026 22:00:31,,rainfall_0001,1772247629,97.39167,0,3.86,54.41
e00fce681282837e5d0586e0,2/27/2026 22:00:32,,rainfall,1772247629,91.83195,0,4.09,87.35
e00fce68239f79db42ac9cb5,2/27/2026 23:00:31,,rainfall_0001,1772251229,97.9,0,3.86,54.41
e00fce681282837e5d0586e0,2/27/2026 23:00:33,,rainfall,1772251229,93.8,0,4.09,87.35
e00fce68239f79db42ac9cb5,2/28/2026 0:00:31,,rainfall_0001,1772254829,97.88889,0,3.86,54.41
e00fce681282837e5d0586e0,2/28/2026 0:00:33,,rainfall,1772254829,89.66389,0,4.09,87.35
e00fce68239f79db42ac9cb5,2/28/2026 1:00:36,,rainfall_0001,1772258429,99.75,0,3.86,54.41
e00fce681282837e5d0586e0,2/28/2026 1:00:35,,rainfall,1772258429,88.99722,0,4.09,87.35
e00fce68239f79db42ac9cb5,2/28/2026 2:00:31,,rainfall_0001,1772262028,99.83472,0,3.84,54.41
e00fce681282837e5d0586e0,2/28/2026 2:00:36,,rainfall,1772262029,93.71389,0,4.09,87.35
e00fce681282837e5d0586e0,2/28/2026 3:00:33,,rainfall,1772265629,91.19861,0,4.09,87.35
e00fce68239f79db42ac9cb5,2/28/2026 3:00:36,,rainfall_0001,1772265630,100.13194,0,3.85,54.41
e00fce68239f79db42ac9cb5,2/28/2026 4:00:33,,rainfall_0001,1772269229,100.21389,0,3.85,54.41
e00fce681282837e5d0586e0,2/28/2026 4:00:34,,rainfall,1772269229,91.45277,0,4.09,87.35
e00fce681282837e5d0586e0,2/28/2026 5:00:34,,rainfall,1772272829,91.10694,0,4.09,87.35
e00fce68239f79db42ac9cb5,2/28/2026 5:00:36,,rainfall_0001,1772272829,100.58611,0,3.84,54.41
e00fce68239f79db42ac9cb5,2/28/2026 6:00:36,,rainfall_0001,1772276429,100.50417,0,3.84,54.41
e00fce681282837e5d0586e0,2/28/2026 6:00:37,,rainfall,1772276430,92.33195,0,4.09,87.35
e00fce68239f79db42ac9cb5,2/28/2026 7:00:35,,rainfall_0001,1772280030,101.09861,0,3.84,54.41
e00fce681282837e5d0586e0,2/28/2026 7:00:39,,rainfall,1772280030,90.97639,0,4.09,87.35
e00fce681282837e5d0586e0,2/28/2026 8:00:33,,rainfall,1772283629,88.3375,0,4.09,87.35
e00fce68239f79db42ac9cb5,2/28/2026 8:00:35,,rainfall_0001,1772283629,101.13055,0,3.83,54.41
e00fce681282837e5d0586e0,2/28/2026 9:00:34,,rainfall,1772287229,81.82083,0,4.09,87.35
e00fce68239f79db42ac9cb5,2/28/2026 9:00:36,,rainfall_0001,1772287230,100.95695,0,3.83,54.41
e00fce68239f79db42ac9cb5,2/28/2026 10:00:34,,rainfall_0001,1772290829,103.18056,0,3.82,54.1
e00fce681282837e5d0586e0,2/28/2026 10:00:34,,rainfall,1772290830,75.03889,0,4.09,87.35
e00fce68239f79db42ac9cb5,2/28/2026 11:00:33,,rainfall_0001,1772294429,103.10139,0,3.82,54.1
e00fce681282837e5d0586e0,2/28/2026 11:00:39,,rainfall,1772294429,66.75833,0,4.09,87.35
e00fce68239f79db42ac9cb5,2/28/2026 12:00:34,,rainfall_0001,1772298030,103.24028,0,3.82,54.1
e00fce681282837e5d0586e0,2/28/2026 12:00:35,,rainfall,1772298028,65.55556,0,4.09,87.35
e00fce68239f79db42ac9cb5,2/28/2026 13:00:32,,rainfall_0001,1772301629,103.45139,0,3.81,54.1
e00fce681282837e5d0586e0,2/28/2026 13:00:35,,rainfall,1772301629,67.53611,0,4.09,87.35
e00fce68239f79db42ac9cb5,2/28/2026 14:00:35,,rainfall_0001,1772305229,103.15972,0,3.81,54.1
e00fce681282837e5d0586e0,2/28/2026 14:00:36,,rainfall,1772305230,67.08056,0,4.09,87.35
e00fce68239f79db42ac9cb5,2/28/2026 15:00:32,,rainfall_0001,1772308829,103.31667,0,3.8,53.78
e00fce681282837e5d0586e0,2/28/2026 15:00:34,,rainfall,1772308829,71.36667,0,4.09,87.35
e00fce68239f79db42ac9cb5,2/28/2026 16:00:33,,rainfall_0001,1772312429,103.51111,0,3.8,53.78
e00fce681282837e5d0586e0,2/28/2026 16:00:36,,rainfall,1772312429,67.20277,0,4.09,87.35
e00fce68239f79db42ac9cb5,2/28/2026 17:00:34,,rainfall_0001,1772316029,103.67083,0,3.79,53.78
e00fce681282837e5d0586e0,2/28/2026 17:00:34,,rainfall,1772316029,61.46667,0,4.09,87.35
e00fce68239f79db42ac9cb5,2/28/2026 18:00:32,,rainfall_0001,1772319629,105.2125,0,3.78,53.46
e00fce681282837e5d0586e0,2/28/2026 18:00:38,,rainfall,1772319630,63.05139,0,4.09,87.35
e00fce681282837e5d0586e0,2/28/2026 19:00:35,,rainfall,1772323229,69.6125,0,4.09,87.35
e00fce68239f79db42ac9cb5,2/28/2026 19:00:36,,rainfall_0001,1772323230,105.16666,0,3.78,53.46
e00fce68239f79db42ac9cb5,2/28/2026 20:00:33,,rainfall_0001,1772326829,105.72778,0,3.78,53.08
e00fce681282837e5d0586e0,2/28/2026 20:00:38,,rainfall,1772326830,73.89445,0,4.09,87.35
e00fce68239f79db42ac9cb5,2/28/2026 21:00:33,,rainfall_0001,1772330430,105.52084,0,3.75,53.08
e00fce681282837e5d0586e0,2/28/2026 21:00:35,,rainfall,1772330430,78.58889,0,4.09,87.35
e00fce68239f79db42ac9cb5,2/28/2026 22:00:35,,rainfall_0001,1772334029,105.56944,0,3.74,52.7
e00fce681282837e5d0586e0,2/28/2026 22:00:37,,rainfall,1772334028,83.80833,0,4.09,87.35
e00fce68239f79db42ac9cb5,2/28/2026 23:00:34,,rainfall_0001,1772337629,107.8375,0,3.75,52.7
e00fce681282837e5d0586e0,2/28/2026 23:00:35,,rainfall,1772337630,85.03194,0,4.09,87.35
e00fce68239f79db42ac9cb5,3/1/2026 0:00:33,,rainfall_0001,1772341229,107.85,0,3.73,52.31
e00fce681282837e5d0586e0,3/1/2026 0:00:38,,rainfall,1772341229,83.25694,0,4.09,87.35
e00fce681282837e5d0586e0,3/1/2026 1:00:36,,rainfall,1772344829,84.39027,0,4.09,87.35
e00fce68239f79db42ac9cb5,3/1/2026 1:00:38,,rainfall_0001,1772344830,107.8,0,3.75,52.31
e00fce681282837e5d0586e0,3/1/2026 2:00:35,,rainfall,1772348430,82.53056,0,4.09,87.35
e00fce68239f79db42ac9cb5,3/1/2026 2:00:41,,rainfall_0001,1772348429,107.88194,0,3.74,51.93
e00fce68239f79db42ac9cb5,3/1/2026 3:00:33,,rainfall_0001,1772352030,107.90972,0,3.71,51.55
e00fce681282837e5d0586e0,3/1/2026 3:00:38,,rainfall,1772352029,82.39167,0,4.09,87.35
e00fce68239f79db42ac9cb5,3/1/2026 4:00:33,,rainfall_0001,1772355629,108.775,0,3.72,51.16
e00fce681282837e5d0586e0,3/1/2026 4:00:38,,rainfall,1772355630,81.82222,0,4.09,87.35
e00fce68239f79db42ac9cb5,3/1/2026 5:00:36,,rainfall_0001,1772359229,108.21389,0,3.72,51.16
e00fce681282837e5d0586e0,3/1/2026 5:00:36,,rainfall,1772359230,81.83334,0,4.09,87.35
e00fce68239f79db42ac9cb5,3/1/2026 6:00:38,,rainfall_0001,1772362830,108.03889,0,3.71,50.78
e00fce681282837e5d0586e0,3/1/2026 6:00:39,,rainfall,1772362828,82.50139,0,4.09,87.35
e00fce68239f79db42ac9cb5,3/1/2026 7:00:34,,rainfall_0001,1772366429,108.95972,0,3.71,50.39
e00fce681282837e5d0586e0,3/1/2026 7:00:36,,rainfall,1772366430,82.78472,0,4.09,87.35
e00fce68239f79db42ac9cb5,3/1/2026 8:00:35,,rainfall_0001,1772370030,107.96389,0,3.71,50.01
e00fce681282837e5d0586e0,3/1/2026 8:00:35,,rainfall,1772370029,94.19722,0,4.09,87.35
e00fce68239f79db42ac9cb5,3/1/2026 9:00:35,,rainfall_0001,1772373630,108.50555,0,3.71,49.62
e00fce681282837e5d0586e0,3/1/2026 9:00:35,,rainfall,1772373629,70.16389,0,4.09,87.35
e00fce68239f79db42ac9cb5,3/1/2026 10:00:33,,rainfall_0001,1772377229,107.76111,0,3.7,49.24
e00fce681282837e5d0586e0,3/1/2026 10:00:36,,rainfall,1772377230,66.48889,0,4.08,87.35
e00fce68239f79db42ac9cb5,3/1/2026 11:00:36,,rainfall_0001,1772380829,107.95834,0,3.69,48.86
e00fce681282837e5d0586e0,3/1/2026 11:00:37,,rainfall,1772380829,68.32917,0,4.08,87.35
e00fce68239f79db42ac9cb5,3/1/2026 12:00:34,,rainfall_0001,1772384429,107.52361,0,3.7,48.86
e00fce681282837e5d0586e0,3/1/2026 12:00:36,,rainfall,1772384430,69.07222,0,4.08,87.35
e00fce681282837e5d0586e0,3/1/2026 13:00:36,,rainfall,1772388029,76.225,0,4.08,87.35
e00fce68239f79db42ac9cb5,3/1/2026 13:00:51,,rainfall_0001,1772388030,107.21111,0,3.69,48.48
e00fce681282837e5d0586e0,3/1/2026 14:00:39,,rainfall,1772391629,74.58195,0,4.08,87.35
e00fce68239f79db42ac9cb5,3/1/2026 14:00:44,,rainfall_0001,1772391630,107.71944,0,3.69,47.71
e00fce68239f79db42ac9cb5,3/1/2026 15:00:37,,rainfall_0001,1772395230,108.25139,0,3.68,47.32
e00fce68239f79db42ac9cb5,3/1/2026 16:00:34,,rainfall_0001,1772398830,107.85555,0,3.66,46.91
e00fce681282837e5d0586e0,3/1/2026 16:01:48,,rainfall,1772398814,72.8875,0,4.08,87.21
e00fce68239f79db42ac9cb5,3/1/2026 17:00:35,,rainfall_0001,1772402429,108.32222,0,3.67,46.5
e00fce681282837e5d0586e0,3/1/2026 17:00:34,,rainfall,1772402429,67.58611,0,4.08,87.21
e00fce681282837e5d0586e0,3/1/2026 18:00:32,,rainfall,1772406029,67.52084,0,4.08,87.21
e00fce68239f79db42ac9cb5,3/1/2026 18:02:16,,rainfall_0001,1772406029,111.37917,0,3.65,46.1
e00fce681282837e5d0586e0,3/1/2026 19:00:32,,rainfall,1772409628,72.24722,0,4.08,87.21
e00fce68239f79db42ac9cb5,3/1/2026 19:02:11,,rainfall_0001,1772409630,109.26527,0,3.66,44.46
e00fce681282837e5d0586e0,3/1/2026 20:00:36,,rainfall,1772413231,76.03194,0,4.08,87.21
e00fce68239f79db42ac9cb5,3/1/2026 20:00:37,,rainfall_0001,1772413230,112.18056,0,3.64,42.82
e00fce681282837e5d0586e0,3/1/2026 21:00:32,,rainfall,1772416830,78.44722,0,4.08,87.21
e00fce68239f79db42ac9cb5,3/1/2026 21:03:04,,rainfall_0001,1772416830,111.67223,0,3.63,42.41
e00fce681282837e5d0586e0,3/1/2026 22:00:31,,rainfall,1772420429,79.47222,0,4.08,87.21
e00fce68239f79db42ac9cb5,3/1/2026 22:02:04,,rainfall_0001,1772420429,111.51667,0,3.63,39.75
e00fce681282837e5d0586e0,3/1/2026 23:00:34,,rainfall,1772424030,80.39861,0,4.08,87.21
e00fce68239f79db42ac9cb5,3/1/2026 23:02:59,,rainfall_0001,1772424029,110.87778,0,3.64,38.3
e00fce681282837e5d0586e0,3/2/2026 0:00:33,,rainfall,1772427629,79.97222,0,4.08,87.21
e00fce68239f79db42ac9cb5,3/2/2026 0:02:45,,rainfall_0001,1772427630,111.11389,0,3.63,35.78
e00fce681282837e5d0586e0,3/2/2026 1:00:34,,rainfall,1772431231,86.425,0,4.08,87.21
e00fce68239f79db42ac9cb5,3/2/2026 1:00:35,,rainfall_0001,1772431230,109.15694,0,3.63,33.84
e00fce681282837e5d0586e0,3/2/2026 2:00:32,,rainfall,1772434829,83.80695,0,4.08,87.21
e00fce68239f79db42ac9cb5,3/2/2026 2:00:34,,rainfall_0001,1772434828,112.50417,0,3.62,33.41
e00fce681282837e5d0586e0,3/2/2026 3:00:32,,rainfall,1772438429,89.18472,0,4.08,87.21
e00fce68239f79db42ac9cb5,3/2/2026 3:00:34,,rainfall_0001,1772438430,112.03472,0,3.6,32.98
e00fce68239f79db42ac9cb5,3/2/2026 4:00:33,,rainfall_0001,1772442029,113.45,0,3.61,32.55
e00fce681282837e5d0586e0,3/2/2026 4:00:34,,rainfall,1772442030,87.31389,0,4.08,87.21
e00fce681282837e5d0586e0,3/2/2026 5:00:35,,rainfall,1772445629,86.87639,0,4.08,87.21
e00fce68239f79db42ac9cb5,3/2/2026 5:00:36,,rainfall_0001,1772445630,113.81805,0,3.61,32.12
e00fce681282837e5d0586e0,3/2/2026 6:00:33,,rainfall,1772449229,87.40694,0,4.08,87.21
e00fce68239f79db42ac9cb5,3/2/2026 6:00:36,,rainfall_0001,1772449230,113.68889,0,3.61,31.69
e00fce68239f79db42ac9cb5,3/2/2026 7:00:34,,rainfall_0001,1772452829,113.38889,0,3.59,31.26
e00fce681282837e5d0586e0,3/2/2026 7:00:37,,rainfall,1772452830,88.14584,0,4.08,87.21
e00fce681282837e5d0586e0,3/2/2026 8:00:33,,rainfall,1772456430,87.24583,0,4.08,87.21
e00fce68239f79db42ac9cb5,3/2/2026 8:00:35,,rainfall_0001,1772456430,113.01111,0,3.59,30.83
e00fce68239f79db42ac9cb5,3/2/2026 9:00:35,,rainfall_0001,1772460029,108.01389,0,3.6,30.4
e00fce681282837e5d0586e0,3/2/2026 9:00:38,,rainfall,1772460029,85.74028,0,4.08,87.21
e00fce681282837e5d0586e0,3/2/2026 10:00:33,,rainfall,1772463630,79.44722,0,4.08,87.21
e00fce68239f79db42ac9cb5,3/2/2026 10:00:40,,rainfall_0001,1772463629,103.67083,0,3.61,29.97
e00fce681282837e5d0586e0,3/2/2026 11:00:34,,rainfall,1772467229,78.94722,0,4.08,87.21
e00fce68239f79db42ac9cb5,3/2/2026 11:00:44,,rainfall_0001,1772467229,99.93333,0,3.59,29.54
e00fce68239f79db42ac9cb5,3/2/2026 12:00:34,,rainfall_0001,1772470830,97.15972,0,3.6,29.11
e00fce681282837e5d0586e0,3/2/2026 12:00:39,,rainfall,1772470831,74.67778,0,4.08,87.21
e00fce681282837e5d0586e0,3/2/2026 13:00:33,,rainfall,1772474429,69.57361,0,4.08,87.21
e00fce68239f79db42ac9cb5,3/2/2026 13:00:37,,rainfall_0001,1772474430,93.55972,0,3.6,28.68
e00fce68239f79db42ac9cb5,3/2/2026 14:00:33,,rainfall_0001,1772478029,91.60833,0,3.6,27.82
e00fce681282837e5d0586e0,3/2/2026 14:00:37,,rainfall,1772478030,66.49722,0,4.08,87.21
e00fce68239f79db42ac9cb5,3/2/2026 15:00:32,,rainfall_0001,1772481629,88.69167,0,3.6,27.39
e00fce681282837e5d0586e0,3/2/2026 15:00:34,,rainfall,1772481629,65.28056,0,4.08,87.21
e00fce68239f79db42ac9cb5,3/2/2026 16:00:32,,rainfall_0001,1772485230,86.97361,0,3.58,26.96
e00fce681282837e5d0586e0,3/2/2026 16:00:38,,rainfall,1772485229,68.13055,0,4.08,87.21
e00fce681282837e5d0586e0,3/2/2026 17:00:34,,rainfall,1772488830,74.63055,0,4.08,87.21
e00fce68239f79db42ac9cb5,3/2/2026 17:00:35,,rainfall_0001,1772488829,87.89027,0,3.58,26.54
e00fce68239f79db42ac9cb5,3/2/2026 18:00:32,,rainfall_0001,1772492430,88.37083,0,3.57,26.11
e00fce681282837e5d0586e0,3/2/2026 18:00:35,,rainfall,1772492429,78.86667,0,4.08,87.21
e00fce68239f79db42ac9cb5,3/2/2026 19:00:33,,rainfall_0001,1772496030,89.71806,0,3.58,25.68
e00fce681282837e5d0586e0,3/2/2026 19:00:34,,rainfall,1772496029,82.8125,0,4.08,87.21
e00fce681282837e5d0586e0,3/2/2026 20:00:33,,rainfall,1772499629,85.53611,0,4.08,87.21
e00fce68239f79db42ac9cb5,3/2/2026 20:00:35,,rainfall_0001,1772499629,89.98889,0,3.57,25.25
e00fce68239f79db42ac9cb5,3/2/2026 21:00:34,,rainfall_0001,1772503229,91.4125,0,3.57,24.82
e00fce681282837e5d0586e0,3/2/2026 21:00:38,,rainfall,1772503230,85.60139,0,4.08,87.21
e00fce681282837e5d0586e0,3/2/2026 22:00:36,,rainfall,1772506830,86.44167,0,4.08,87.21
e00fce68239f79db42ac9cb5,3/2/2026 22:00:37,,rainfall_0001,1772506830,91.95417,0,3.55,24.39
e00fce681282837e5d0586e0,3/2/2026 23:00:33,,rainfall,1772510429,85.45417,0,4.08,87.21
e00fce68239f79db42ac9cb5,3/2/2026 23:00:33,,rainfall_0001,1772510429,93.27222,0,3.56,23.96
e00fce68239f79db42ac9cb5,3/3/2026 0:00:32,,rainfall_0001,1772514030,93.78472,0,3.54,23.1
e00fce681282837e5d0586e0,3/3/2026 0:00:33,,rainfall,1772514028,85.10416,0,4.08,87.21
e00fce68239f79db42ac9cb5,3/3/2026 1:00:32,,rainfall_0001,1772517629,93.45972,0,3.55,22.67
e00fce681282837e5d0586e0,3/3/2026 1:00:35,,rainfall,1772517630,86.69028,0,4.08,87.21
e00fce68239f79db42ac9cb5,3/3/2026 2:00:33,,rainfall_0001,1772521230,95.07222,0,3.53,22.24
e00fce681282837e5d0586e0,3/3/2026 2:00:35,,rainfall,1772521229,85.66528,0,4.08,87.21
e00fce68239f79db42ac9cb5,3/3/2026 3:00:34,,rainfall_0001,1772524829,95.94444,0,3.54,21.81
e00fce681282837e5d0586e0,3/3/2026 3:00:34,,rainfall,1772524829,85.63472,0,4.08,87.21
e00fce681282837e5d0586e0,3/3/2026 4:00:34,,rainfall,1772528429,85.56667,0,4.08,87.21
e00fce68239f79db42ac9cb5,3/3/2026 4:00:42,,rainfall_0001,1772528430,95.99861,0,3.54,21.38
e00fce68239f79db42ac9cb5,3/3/2026 5:00:35,,rainfall_0001,1772532029,96.30556,0,3.53,20.52
e00fce681282837e5d0586e0,3/3/2026 5:00:35,,rainfall,1772532029,86.74167,0,4.08,87.21
e00fce68239f79db42ac9cb5,3/3/2026 6:00:33,,rainfall_0001,1772535630,96.60555,0,3.52,20.09
e00fce681282837e5d0586e0,3/3/2026 6:00:34,,rainfall,1772535628,86.37639,0,4.08,87.06
e00fce681282837e5d0586e0,3/3/2026 7:00:35,,rainfall,1772539230,87.30833,0,4.08,87.06
e00fce68239f79db42ac9cb5,3/3/2026 7:00:36,,rainfall_0001,1772539230,97.59861,0,3.53,19.57
e00fce68239f79db42ac9cb5,3/3/2026 8:00:33,,rainfall_0001,1772542830,97.71389,0,3.51,19.05
e00fce681282837e5d0586e0,3/3/2026 8:00:39,,rainfall,1772542829,85.55972,0,4.08,87.06
e00fce68239f79db42ac9cb5,3/3/2026 9:00:35,,rainfall_0001,1772546429,98.01527,0,3.52,18.54
e00fce681282837e5d0586e0,3/3/2026 9:00:37,,rainfall,1772546429,76.78333,0,4.08,87.06
e00fce681282837e5d0586e0,3/3/2026 10:00:34,,rainfall,1772550029,72.20695,0,4.08,87.06
e00fce68239f79db42ac9cb5,3/3/2026 10:00:34,,rainfall_0001,1772550030,98.85833,0,3.52,17.76
e00fce68239f79db42ac9cb5,3/3/2026 11:00:33,,rainfall_0001,1772553629,98.8875,0,3.5,17.24
e00fce681282837e5d0586e0,3/3/2026 11:00:35,,rainfall,1772553629,67.5,0,4.08,87.06
e00fce68239f79db42ac9cb5,3/3/2026 12:00:36,,rainfall_0001,1772557229,99.22222,0,3.52,16.73
e00fce681282837e5d0586e0,3/3/2026 12:00:38,,rainfall,1772557229,65.95556,0,4.08,87.06
e00fce68239f79db42ac9cb5,3/3/2026 13:00:37,,rainfall_0001,1772560830,99.62639,0,3.51,16.21
e00fce681282837e5d0586e0,3/3/2026 13:00:40,,rainfall,1772560829,65.9375,0,4.08,87.06
e00fce68239f79db42ac9cb5,3/3/2026 14:00:32,,rainfall_0001,1772564429,97.55972,0,3.49,15.69
e00fce681282837e5d0586e0,3/3/2026 14:00:38,,rainfall,1772564429,66.56389,0,4.08,87.06
e00fce68239f79db42ac9cb5,3/3/2026 15:00:34,,rainfall_0001,1772568029,94.86945,0,3.5,15.17
e00fce681282837e5d0586e0,3/3/2026 15:00:39,,rainfall,1772568029,66.27222,0,4.08,87.06
e00fce68239f79db42ac9cb5,3/3/2026 16:00:35,,rainfall_0001,1772571630,91.67639,0,3.48,14.66
e00fce681282837e5d0586e0,3/3/2026 16:00:35,,rainfall,1772571629,64.73055,0,4.08,87.06
e00fce68239f79db42ac9cb5,3/3/2026 17:00:33,,rainfall_0001,1772575229,89.25,0,3.48,14.14
e00fce681282837e5d0586e0,3/3/2026 17:00:36,,rainfall,1772575230,63.99722,0,4.08,87.06
e00fce68239f79db42ac9cb5,3/3/2026 18:00:35,,rainfall_0001,1772578830,87.47083,0,3.46,13.36
e00fce681282837e5d0586e0,3/3/2026 18:00:40,,rainfall,1772578829,64.90694,0,4.08,87.06
e00fce68239f79db42ac9cb5,3/3/2026 19:00:34,,rainfall_0001,1772582430,84.60416,0,3.47,12.84
e00fce681282837e5d0586e0,3/3/2026 19:00:37,,rainfall,1772582429,69.49445,0,4.08,87.06
e00fce681282837e5d0586e0,3/3/2026 20:00:38,,rainfall,1772586030,73.39167,0,4.08,87.06
e00fce68239f79db42ac9cb5,3/3/2026 20:00:52,,rainfall_0001,1772586029,82.22916,0,3.46,12.07
e00fce681282837e5d0586e0,3/3/2026 21:00:35,,rainfall,1772589629,75.99861,0,4.08,87.06
e00fce68239f79db42ac9cb5,3/3/2026 21:02:24,,rainfall_0001,1772589629,81.06805,0,3.44,11.29
e00fce681282837e5d0586e0,3/3/2026 22:00:35,,rainfall,1772593228,76.32639,0,4.08,87.06
e00fce68239f79db42ac9cb5,3/3/2026 22:00:42,,rainfall_0001,1772593230,81.27361,0,3.4,8.21
e00fce681282837e5d0586e0,3/3/2026 23:00:37,,rainfall,1772596830,76.99167,0,4.08,87.06
e00fce68239f79db42ac9cb5,3/3/2026 23:01:51,,rainfall_0001,1772596830,83.48194,0,3.42,7.23
e00fce68239f79db42ac9cb5,3/4/2026 0:00:38,,rainfall_0001,1772600429,83.00694,0,3.42,5.15
e00fce681282837e5d0586e0,3/4/2026 0:00:39,,rainfall,1772600429,77.48611,0,4.08,87.06
e00fce681282837e5d0586e0,3/4/2026 1:00:36,,rainfall,1772604029,77.54861,0,4.08,87.06
e00fce68239f79db42ac9cb5,3/4/2026 1:03:10,,rainfall_0001,1772604029,84.0125,0,3.4,4.55
e00fce681282837e5d0586e0,3/4/2026 2:00:36,,rainfall,1772607629,78.23473,0,4.08,87.06
e00fce68239f79db42ac9cb5,3/4/2026 2:02:34,,rainfall_0001,1772607629,82.67361,0,3.39,1.83
e00fce681282837e5d0586e0,3/4/2026 3:00:41,,rainfall,1772611229,78.8375,0,4.08,87.06
e00fce68239f79db42ac9cb5,3/4/2026 3:02:03,,rainfall_0001,1772611230,79.10694,0,3.37,0.8
e00fce68239f79db42ac9cb5,3/4/2026 4:00:33,,rainfall_0001,1772614829,76.51806,0,3.35,0.24
e00fce681282837e5d0586e0,3/4/2026 4:00:36,,rainfall,1772614829,78.47222,0,4.08,87.06
e00fce681282837e5d0586e0,3/4/2026 5:00:39,,rainfall,1772618430,78.87222,0,4.08,87.06
e00fce68239f79db42ac9cb5,3/4/2026 5:00:39,,rainfall_0001,1772618429,75.10416,0,3.33,0.14
e00fce68239f79db42ac9cb5,3/4/2026 6:00:33,,rainfall_0001,1772622029,73.82777,0,3.3,0.12
e00fce681282837e5d0586e0,3/4/2026 6:00:39,,rainfall,1772622029,78.65,0,4.08,87.06
e00fce68239f79db42ac9cb5,3/4/2026 7:00:35,,rainfall_0001,1772625629,71.66805,0,3.29,0.11
e00fce681282837e5d0586e0,3/4/2026 7:00:37,,rainfall,1772625630,79.79166,0,4.08,87.06
e00fce68239f79db42ac9cb5,3/4/2026 8:00:36,,rainfall_0001,1772629229,70.67223,0,3.29,0.09
e00fce681282837e5d0586e0,3/4/2026 8:00:40,,rainfall,1772629229,81.53472,0,4.08,87.06
e00fce68239f79db42ac9cb5,3/4/2026 9:00:34,,rainfall_0001,1772632830,69.38333,0,3.26,0.08
e00fce681282837e5d0586e0,3/4/2026 9:00:38,,rainfall,1772632830,69.76667,0,4.08,87.06
e00fce68239f79db42ac9cb5,3/4/2026 10:00:37,,rainfall_0001,1772636430,67.63472,0,3.22,0.06
e00fce681282837e5d0586e0,3/4/2026 10:00:39,,rainfall,1772636429,67.76527,0,4.08,87.06
e00fce68239f79db42ac9cb5,3/4/2026 11:00:35,,rainfall_0001,1772640029,65.56667,0,3.15,0.04
e00fce681282837e5d0586e0,3/4/2026 11:00:36,,rainfall,1772640029,73.57222,0,4.08,87.06
e00fce68239f79db42ac9cb5,3/4/2026 12:00:36,,rainfall_0001,1772643630,64.13889,0,3.05,0.02
e00fce681282837e5d0586e0,3/4/2026 12:00:36,,rainfall,1772643629,79.39584,0,4.08,87.06
e00fce681282837e5d0586e0,3/4/2026 13:00:40,,rainfall,1772647229,72.86528,0,4.08,87.06
e00fce681282837e5d0586e0,3/4/2026 14:00:41,,rainfall,1772650829,73.14722,0,4.08,87.06
e00fce681282837e5d0586e0,3/4/2026 15:00:36,,rainfall,1772654429,74.07777,0,4.08,87.06
e00fce681282837e5d0586e0,3/4/2026 16:00:47,,rainfall,1772658029,76.90278,0,4.08,87.06
e00fce681282837e5d0586e0,3/4/2026 17:00:31,,rainfall,1772661630,70.42083,0,4.08,87.06
e00fce681282837e5d0586e0,3/4/2026 18:00:31,,rainfall,1772665229,71.27361,0,4.08,87.06
e00fce681282837e5d0586e0,3/4/2026 19:00:33,,rainfall,1772668830,73.16805,0,4.08,87.06
e00fce681282837e5d0586e0,3/4/2026 20:00:34,,rainfall,1772672429,76.14861,0,4.08,87.06
e00fce681282837e5d0586e0,3/4/2026 21:00:36,,rainfall,1772676029,78.14027,0,4.08,87.06
e00fce681282837e5d0586e0,3/4/2026 22:00:36,,rainfall,1772679629,77.90278,0,4.08,87.06
e00fce681282837e5d0586e0,3/4/2026 23:00:41,,rainfall,1772683229,77.5875,0,4.08,87.06
e00fce681282837e5d0586e0,3/5/2026 0:00:31,,rainfall,1772686829,78.31944,0,4.08,87.06
e00fce681282837e5d0586e0,3/5/2026 1:00:35,,rainfall,1772690429,78.36945,0,4.08,87.06
e00fce681282837e5d0586e0,3/5/2026 2:00:38,,rainfall,1772694030,77.85278,0,4.08,87.06
e00fce681282837e5d0586e0,3/5/2026 3:00:32,,rainfall,1772697630,77.55,0,4.08,87.06
e00fce681282837e5d0586e0,3/5/2026 4:00:31,,rainfall,1772701228,77.75,0,4.08,87.06
e00fce681282837e5d0586e0,3/5/2026 5:00:33,,rainfall,1772704830,77.00417,0,4.08,87.06
e00fce681282837e5d0586e0,3/5/2026 6:00:32,,rainfall,1772708429,77.29861,0,4.08,87.06
e00fce681282837e5d0586e0,3/5/2026 7:00:33,,rainfall,1772712030,77.12083,0,4.08,87.06
e00fce681282837e5d0586e0,3/5/2026 8:00:37,,rainfall,1772715629,89.21944,0,4.08,87.06
e00fce681282837e5d0586e0,3/5/2026 9:00:35,,rainfall,1772719229,74.17639,0,4.08,87.06
e00fce681282837e5d0586e0,3/5/2026 10:00:38,,rainfall,1772722830,74.64722,0,4.08,87.06
e00fce681282837e5d0586e0,3/5/2026 11:00:37,,rainfall,1772726428,75.95139,0,4.08,86.92
e00fce681282837e5d0586e0,3/5/2026 12:00:35,,rainfall,1772730029,87.71111,0,4.08,86.92
e00fce681282837e5d0586e0,3/5/2026 13:00:40,,rainfall,1772733631,80.99028,0,4.08,86.92
e00fce681282837e5d0586e0,3/5/2026 14:00:33,,rainfall,1772737230,82.49722,0,4.08,86.92
e00fce681282837e5d0586e0,3/5/2026 15:00:36,,rainfall,1772740829,84.22778,0,4.08,86.92
e00fce681282837e5d0586e0,3/5/2026 16:00:34,,rainfall,1772744430,80.02361,0,4.08,86.92
e00fce681282837e5d0586e0,3/5/2026 17:00:36,,rainfall,1772748030,69.78333,0,4.08,86.92
e00fce681282837e5d0586e0,3/5/2026 18:00:33,,rainfall,1772751629,65.18333,0,4.08,86.92
e00fce681282837e5d0586e0,3/5/2026 19:00:35,,rainfall,1772755231,63.56528,0,4.08,86.92
e00fce681282837e5d0586e0,3/5/2026 20:00:34,,rainfall,1772758830,64.05833,0,4.08,86.92
e00fce681282837e5d0586e0,3/5/2026 21:00:36,,rainfall,1772762430,63.60972,0,4.08,86.92
e00fce681282837e5d0586e0,3/5/2026 22:00:39,,rainfall,1772766030,63.61945,0,4.08,86.92
e00fce681282837e5d0586e0,3/5/2026 23:00:33,,rainfall,1772769629,64.45556,0,4.08,86.92
e00fce681282837e5d0586e0,3/6/2026 0:00:35,,rainfall,1772773230,65.32083,0,4.08,86.92
e00fce681282837e5d0586e0,3/6/2026 1:00:33,,rainfall,1772776829,65.13611,0,4.08,86.92
e00fce681282837e5d0586e0,3/6/2026 2:00:37,,rainfall,1772780429,65.92223,0,4.08,86.92
e00fce681282837e5d0586e0,3/6/2026 3:00:34,,rainfall,1772784029,66.40556,0,4.08,86.92
e00fce681282837e5d0586e0,3/6/2026 4:00:34,,rainfall,1772787630,65.39861,0,4.08,86.92
e00fce681282837e5d0586e0,3/6/2026 5:00:36,,rainfall,1772791229,66.52084,0,4.08,86.92
e00fce681282837e5d0586e0,3/6/2026 6:00:35,,rainfall,1772794829,68.74445,0,4.08,86.92
e00fce681282837e5d0586e0,3/6/2026 7:00:33,,rainfall,1772798428,69.83334,0,4.08,86.92
e00fce681282837e5d0586e0,3/6/2026 8:00:34,,rainfall,1772802029,68.61528,0,4.08,86.92
e00fce681282837e5d0586e0,3/6/2026 9:00:35,,rainfall,1772805630,69.27778,0,4.08,86.92
e00fce681282837e5d0586e0,3/6/2026 10:00:38,,rainfall,1772809230,68.16805,0,4.08,86.92
e00fce681282837e5d0586e0,3/6/2026 11:00:36,,rainfall,1772812829,71.65694,0,4.08,86.92
e00fce681282837e5d0586e0,3/6/2026 12:00:40,,rainfall,1772816430,71.35278,0,4.08,86.92
e00fce681282837e5d0586e0,3/6/2026 13:00:34,,rainfall,1772820029,76.75833,0,4.08,86.92
e00fce681282837e5d0586e0,3/6/2026 14:00:36,,rainfall,1772823629,79.16111,0,4.08,86.92
e00fce681282837e5d0586e0,3/6/2026 15:00:34,,rainfall,1772827229,77.64861,0,4.08,86.92
e00fce681282837e5d0586e0,3/6/2026 16:00:35,,rainfall,1772830829,71.65972,0,4.08,86.92
e00fce681282837e5d0586e0,3/6/2026 17:00:39,,rainfall,1772834431,65.45556,0,4.08,86.92
e00fce681282837e5d0586e0,3/6/2026 18:00:36,,rainfall,1772838030,59.56667,0,4.08,86.92
e00fce681282837e5d0586e0,3/6/2026 19:00:38,,rainfall,1772841630,59.98611,0,4.08,86.92
e00fce681282837e5d0586e0,3/6/2026 20:00:37,,rainfall,1772845230,60.10139,0,4.08,86.92
e00fce681282837e5d0586e0,3/6/2026 21:00:35,,rainfall,1772848829,59.69861,0,4.08,86.92
e00fce681282837e5d0586e0,3/6/2026 22:00:36,,rainfall,1772852430,60.09306,0,4.08,86.78
e00fce681282837e5d0586e0,3/6/2026 23:00:36,,rainfall,1772856030,59.68056,0,4.08,86.78
e00fce681282837e5d0586e0,3/7/2026 0:00:37,,rainfall,1772859631,59.82084,0,4.08,86.78
e00fce681282837e5d0586e0,3/7/2026 1:00:36,,rainfall,1772863229,59.67361,0,4.08,86.78
e00fce681282837e5d0586e0,3/7/2026 2:00:39,,rainfall,1772866830,60.04028,0,4.08,86.78
e00fce681282837e5d0586e0,3/7/2026 3:00:38,,rainfall,1772870429,60.36945,0,4.08,86.78
e00fce681282837e5d0586e0,3/7/2026 4:00:36,,rainfall,1772874030,60.58611,0,4.08,86.78
e00fce681282837e5d0586e0,3/7/2026 5:00:40,,rainfall,1772877630,60.73195,0,4.08,86.78
e00fce681282837e5d0586e0,3/7/2026 6:00:38,,rainfall,1772881229,60.77639,0,4.08,86.78
e00fce681282837e5d0586e0,3/7/2026 7:00:39,,rainfall,1772884829,60.63194,0,4.08,86.78
e00fce681282837e5d0586e0,3/7/2026 8:00:36,,rainfall,1772888430,58.67222,0,4.08,86.78
e00fce681282837e5d0586e0,3/7/2026 9:00:37,,rainfall,1772892029,60.43195,0,4.08,86.78
e00fce681282837e5d0586e0,3/7/2026 10:00:36,,rainfall,1772895629,62.62917,0,4.08,86.78
e00fce681282837e5d0586e0,3/7/2026 11:00:39,,rainfall,1772899230,66.16805,0,4.08,86.78
e00fce681282837e5d0586e0,3/7/2026 12:00:37,,rainfall,1772902830,62.64444,0,4.08,86.78
e00fce681282837e5d0586e0,3/7/2026 13:00:37,,rainfall,1772906430,60.98195,0,4.08,86.78
e00fce681282837e5d0586e0,3/7/2026 14:00:37,,rainfall,1772910029,58.20694,0,4.08,86.78
e00fce681282837e5d0586e0,3/7/2026 15:00:36,,rainfall,1772913629,59.59722,0,4.08,86.78
e00fce681282837e5d0586e0,3/7/2026 16:00:44,,rainfall,1772917229,57.1625,0,4.08,86.78
e00fce681282837e5d0586e0,3/7/2026 17:00:31,,rainfall,1772920829,55.27917,0,4.08,86.78
e00fce681282837e5d0586e0,3/7/2026 18:00:35,,rainfall,1772924429,56.26944,0,4.08,86.78
e00fce681282837e5d0586e0,3/7/2026 19:00:33,,rainfall,1772928030,58.19444,0,4.08,86.78
e00fce681282837e5d0586e0,3/7/2026 20:00:35,,rainfall,1772931629,58.58889,0,4.08,86.78
e00fce681282837e5d0586e0,3/7/2026 21:00:35,,rainfall,1772935229,58.83194,0,4.08,86.78
e00fce681282837e5d0586e0,3/7/2026 22:00:36,,rainfall,1772938830,58.63334,0,4.08,86.78
e00fce681282837e5d0586e0,3/7/2026 23:00:36,,rainfall,1772942429,58.14167,0,4.08,86.78
e00fce681282837e5d0586e0,3/8/2026 0:00:34,,rainfall,1772946029,57.9625,0,4.08,86.78
e00fce681282837e5d0586e0,3/8/2026 1:00:35,,rainfall,1772949629,58.02778,0,4.08,86.78
e00fce681282837e5d0586e0,3/8/2026 6:01:27,,rainfall,1772964012,58.12222,0,4.08,86.49
e00fce681282837e5d0586e0,3/8/2026 7:00:37,,rainfall,1772967629,58.73889,0,4.08,86.49
e00fce681282837e5d0586e0,3/8/2026 8:00:37,,rainfall,1772971230,58.27917,0,4.08,86.49
e00fce681282837e5d0586e0,3/8/2026 9:00:33,,rainfall,1772974829,56.14167,0,4.08,86.49
e00fce681282837e5d0586e0,3/8/2026 10:00:33,,rainfall,1772978430,57.14861,0,4.08,86.49
e00fce681282837e5d0586e0,3/8/2026 11:00:33,,rainfall,1772982029,56.93889,0,4.08,86.49
e00fce681282837e5d0586e0,3/8/2026 12:00:37,,rainfall,1772985630,56.38334,0,4.08,86.49
e00fce681282837e5d0586e0,3/8/2026 13:00:33,,rainfall,1772989229,54.96528,0,4.08,86.49
e00fce681282837e5d0586e0,3/8/2026 14:00:35,,rainfall,1772992830,55.1125,0,4.08,86.49
e00fce681282837e5d0586e0,3/8/2026 15:00:33,,rainfall,1772996429,53.14305,0,4.08,86.49
e00fce681282837e5d0586e0,3/8/2026 16:00:43,,rainfall,1773000029,52.87083,0,4.08,86.49
e00fce681282837e5d0586e0,3/8/2026 17:00:35,,rainfall,1773003629,52.25417,0,4.08,86.49
e00fce681282837e5d0586e0,3/8/2026 18:00:34,,rainfall,1773007229,54.93889,0,4.08,86.49
e00fce681282837e5d0586e0,3/8/2026 19:00:34,,rainfall,1773010830,57.62222,0,4.08,86.49
e00fce681282837e5d0586e0,3/8/2026 20:00:35,,rainfall,1773014429,55.01944,0.28,4.08,86.49
e00fce681282837e5d0586e0,3/8/2026 21:00:36,,rainfall,1773018029,57.76528,0,4.08,86.49
e00fce681282837e5d0586e0,3/8/2026 22:00:37,,rainfall,1773021630,60.87917,0.28,4.08,86.49
e00fce681282837e5d0586e0,3/8/2026 23:00:34,,rainfall,1773025230,63.89167,0,4.08,86.49
e00fce681282837e5d0586e0,3/9/2026 0:00:34,,rainfall,1773028829,65.23473,0,4.08,86.49
e00fce681282837e5d0586e0,3/9/2026 1:00:34,,rainfall,1773032430,67.78056,0,4.08,86.49
e00fce681282837e5d0586e0,3/9/2026 2:00:34,,rainfall,1773036029,68.70556,0,4.08,86.49
e00fce681282837e5d0586e0,3/9/2026 3:00:37,,rainfall,1773039629,70.94861,0.28,4.08,86.49
e00fce681282837e5d0586e0,3/9/2026 4:00:36,,rainfall,1773043230,74.59306,0,4.08,86.49
e00fce681282837e5d0586e0,3/9/2026 5:00:34,,rainfall,1773046829,77.06805,0,4.08,86.49
e00fce681282837e5d0586e0,3/9/2026 6:00:34,,rainfall,1773050429,78.93611,0,4.08,86.49
e00fce681282837e5d0586e0,3/9/2026 7:00:35,,rainfall,1773054030,76.85833,0,4.08,86.49
e00fce681282837e5d0586e0,3/9/2026 8:00:40,,rainfall,1773057630,83.17778,0,4.08,86.49
e00fce681282837e5d0586e0,3/9/2026 9:00:35,,rainfall,1773061229,79.1625,0,4.08,86.49
e00fce681282837e5d0586e0,3/9/2026 10:00:35,,rainfall,1773064830,68.41666,0,4.08,86.49
e00fce681282837e5d0586e0,3/9/2026 11:00:40,,rainfall,1773068429,67.95972,0,4.08,86.49
e00fce681282837e5d0586e0,3/9/2026 12:00:36,,rainfall,1773072030,67.32361,0,4.08,86.49
e00fce681282837e5d0586e0,3/9/2026 13:00:35,,rainfall,1773075629,77.2,0,4.08,86.49
e00fce681282837e5d0586e0,3/9/2026 14:00:36,,rainfall,1773079230,77.02084,0,4.08,86.49
e00fce681282837e5d0586e0,3/9/2026 15:00:35,,rainfall,1773082830,77.14445,0,4.08,86.49
e00fce681282837e5d0586e0,3/9/2026 16:00:37,,rainfall,1773086429,75.96667,0,4.08,86.49
e00fce681282837e5d0586e0,3/9/2026 17:00:35,,rainfall,1773090029,77.88055,0,4.08,86.49
e00fce681282837e5d0586e0,3/9/2026 18:00:36,,rainfall,1773093630,82.89027,0,4.08,86.49
e00fce681282837e5d0586e0,3/9/2026 19:00:37,,rainfall,1773097229,74.2,0,4.08,86.49
e00fce681282837e5d0586e0,3/9/2026 20:00:40,,rainfall,1773100829,77.28611,0,4.08,86.49
e00fce681282837e5d0586e0,3/9/2026 21:00:36,,rainfall,1773104430,81.95695,0,4.08,86.49
e00fce681282837e5d0586e0,3/9/2026 22:00:35,,rainfall,1773108029,83.36528,0,4.08,86.49
e00fce681282837e5d0586e0,3/9/2026 23:00:40,,rainfall,1773111629,84.81944,0,4.08,86.49
e00fce681282837e5d0586e0,3/10/2026 0:00:38,,rainfall,1773115229,86.60278,0,4.08,86.49
e00fce681282837e5d0586e0,3/10/2026 1:00:39,,rainfall,1773118830,85.36111,0,4.07,86.49
e00fce681282837e5d0586e0,3/10/2026 2:00:39,,rainfall,1773122429,85.07222,0,4.07,86.49
e00fce681282837e5d0586e0,3/10/2026 3:00:36,,rainfall,1773126029,85.39306,0,4.07,86.34
e00fce681282837e5d0586e0,3/10/2026 4:00:37,,rainfall,1773129629,79.78889,0,4.07,86.34
e00fce681282837e5d0586e0,3/10/2026 5:00:39,,rainfall,1773133230,81.86806,0,4.07,86.34
e00fce681282837e5d0586e0,3/10/2026 6:00:37,,rainfall,1773136830,84.54723,0,4.07,86.34
e00fce681282837e5d0586e0,3/10/2026 7:00:37,,rainfall,1773140430,87.13472,0,4.07,86.34
e00fce681282837e5d0586e0,3/10/2026 8:00:40,,rainfall,1773144029,87.75,0,4.07,86.34
e00fce681282837e5d0586e0,3/10/2026 9:00:39,,rainfall,1773147629,95.10278,0,4.07,86.34
e00fce681282837e5d0586e0,3/10/2026 10:00:37,,rainfall,1773151230,83.79723,0,4.07,86.34
e00fce681282837e5d0586e0,3/10/2026 11:00:42,,rainfall,1773154829,83.43195,0,4.07,86.34
e00fce68239f79db42ac9cb5,3/10/2026 11:05:46,,rainfall_0001,946684813,36.28472,0,0.17,94.34
e00fce68239f79db42ac9cb5,3/10/2026 11:06:38,,rainfall_0001,1773155196,35.94028,0,0.16,0
e00fce68239f79db42ac9cb5,3/10/2026 11:07:15,,rainfall_0001,1773155234,34.23195,0,4.11,0
e00fce68239f79db42ac9cb5,3/10/2026 11:33:01,,rainfall_0001,1773156779,33.45694,30.18,4.05,0
e00fce68239f79db42ac9cb5,3/10/2026 12:00:30,,rainfall_0001,1773158429,68.50833,43.31,4.04,0
e00fce681282837e5d0586e0,3/10/2026 12:00:41,,rainfall,1773158430,79.25278,0,4.07,86.34
e00fce68239f79db42ac9cb5,3/10/2026 13:00:35,,rainfall_0001,1773162030,67.80417,0,4.04,0
e00fce681282837e5d0586e0,3/10/2026 13:00:40,,rainfall,1773162030,83.08056,0,4.07,86.34
e00fce68239f79db42ac9cb5,3/10/2026 14:00:32,,rainfall_0001,1773165629,68.36389,0,4.04,0
e00fce681282837e5d0586e0,3/10/2026 14:00:40,,rainfall,1773165630,86.49167,0,4.07,86.34
e00fce68239f79db42ac9cb5,3/10/2026 15:00:31,,rainfall_0001,1773169229,70.91528,0,4.04,0
e00fce681282837e5d0586e0,3/10/2026 15:00:38,,rainfall,1773169230,88.06667,0,4.07,86.34
e00fce68239f79db42ac9cb5,3/10/2026 16:00:35,,rainfall_0001,1773172829,71.74167,0,4.04,0
e00fce681282837e5d0586e0,3/10/2026 16:00:40,,rainfall,1773172829,95.88472,0,4.07,86.34
e00fce68239f79db42ac9cb5,3/10/2026 17:00:31,,rainfall_0001,1773176429,73.18889,0,4.04,0.06
e00fce681282837e5d0586e0,3/10/2026 17:00:51,,rainfall,1773176429,93.17083,0,4.07,86.34
e00fce681282837e5d0586e0,3/10/2026 18:00:32,,rainfall,1773180030,82.76667,0,4.07,86.34
e00fce68239f79db42ac9cb5,3/10/2026 18:00:31,,rainfall_0001,1773180029,75.59306,0,4.04,0.3
e00fce681282837e5d0586e0,3/10/2026 19:00:32,,rainfall,1773183629,76.03056,0,4.07,86.34
e00fce68239f79db42ac9cb5,3/10/2026 19:00:33,,rainfall_0001,1773183629,76.18195,0,4.04,1.05
e00fce68239f79db42ac9cb5,3/10/2026 20:00:35,,rainfall_0001,1773187229,77.30417,0,4.04,1.75
e00fce681282837e5d0586e0,3/10/2026 20:00:36,,rainfall,1773187230,79.74306,0,4.07,86.34
e00fce681282837e5d0586e0,3/10/2026 21:00:32,,rainfall,1773190829,82.64861,0,4.07,86.34
e00fce68239f79db42ac9cb5,3/10/2026 21:00:37,,rainfall_0001,1773190829,77.60973,0,4.04,2.51
e00fce681282837e5d0586e0,3/10/2026 22:00:32,,rainfall,1773194430,85.77361,0,4.07,86.34
e00fce68239f79db42ac9cb5,3/10/2026 22:00:35,,rainfall_0001,1773194430,79.62361,0,4.04,3.62
e00fce681282837e5d0586e0,3/10/2026 23:00:32,,rainfall,1773198029,81.79861,0,4.07,86.34
e00fce68239f79db42ac9cb5,3/10/2026 23:00:33,,rainfall_0001,1773198029,80.17083,0,4.04,4.64
e00fce68239f79db42ac9cb5,3/11/2026 0:00:32,,rainfall_0001,1773201629,81.48194,0,4.04,5.57
e00fce681282837e5d0586e0,3/11/2026 0:00:36,,rainfall,1773201629,82.94583,0,4.07,86.34
e00fce68239f79db42ac9cb5,3/11/2026 1:00:35,,rainfall_0001,1773205229,81.575,0,4.04,6.49
e00fce681282837e5d0586e0,3/11/2026 1:00:37,,rainfall,1773205229,89.17083,0,4.07,86.34
e00fce68239f79db42ac9cb5,3/11/2026 2:00:33,,rainfall_0001,1773208830,83.30417,0,4.04,7.47
e00fce681282837e5d0586e0,3/11/2026 2:00:34,,rainfall,1773208829,90.67639,0,4.07,86.34
e00fce681282837e5d0586e0,3/11/2026 3:00:32,,rainfall,1773212430,89.30833,0,4.07,86.34
e00fce68239f79db42ac9cb5,3/11/2026 3:00:32,,rainfall_0001,1773212429,81.44861,0,4.04,8.34
e00fce681282837e5d0586e0,3/11/2026 4:00:32,,rainfall,1773216029,88.09861,0,4.07,86.34
e00fce68239f79db42ac9cb5,3/11/2026 4:00:35,,rainfall_0001,1773216028,79.39584,0,4.04,9.22
e00fce68239f79db42ac9cb5,3/11/2026 5:00:33,,rainfall_0001,1773219629,77.22361,0,4.04,10.26
e00fce681282837e5d0586e0,3/11/2026 5:00:35,,rainfall,1773219629,87.98611,0,4.07,86.34
e00fce681282837e5d0586e0,3/11/2026 6:00:33,,rainfall,1773223229,89.13055,0,4.07,86.34
e00fce68239f79db42ac9cb5,3/11/2026 6:00:32,,rainfall_0001,1773223230,75.88055,0,4.04,11.03
e00fce68239f79db42ac9cb5,3/11/2026 7:00:33,,rainfall_0001,1773226829,73.7125,0,4.04,11.81
e00fce681282837e5d0586e0,3/11/2026 7:00:34,,rainfall,1773226829,88.82639,0,4.07,86.34
e00fce681282837e5d0586e0,3/11/2026 8:00:34,,rainfall,1773230430,88.3625,0,4.07,86.34
e00fce68239f79db42ac9cb5,3/11/2026 8:00:35,,rainfall_0001,1773230430,75.56944,0,4.04,12.84
e00fce681282837e5d0586e0,3/11/2026 9:00:33,,rainfall,1773234029,97.34722,0,4.07,86.34
e00fce68239f79db42ac9cb5,3/11/2026 9:00:44,,rainfall_0001,1773234029,73.36667,0,4.04,13.62
e00fce68239f79db42ac9cb5,3/11/2026 10:00:32,,rainfall_0001,1773237629,70.71111,0,4.04,14.66
e00fce681282837e5d0586e0,3/11/2026 10:00:36,,rainfall,1773237630,89.98333,0,4.07,86.34
e00fce68239f79db42ac9cb5,3/11/2026 11:00:32,,rainfall_0001,1773241229,67.85278,0,4.04,15.43
e00fce681282837e5d0586e0,3/11/2026 11:00:33,,rainfall,1773241229,93.0125,0,4.07,86.34
e00fce68239f79db42ac9cb5,3/11/2026 12:00:35,,rainfall_0001,1773244829,67.875,0,4.04,16.21
e00fce681282837e5d0586e0,3/11/2026 12:00:36,,rainfall,1773244830,90.79305,0,4.07,86.34
e00fce681282837e5d0586e0,3/11/2026 13:00:33,,rainfall,1773248429,98.56667,0,4.07,86.2
e00fce68239f79db42ac9cb5,3/11/2026 13:00:34,,rainfall_0001,1773248430,65.52361,0,4.04,17.24
e00fce68239f79db42ac9cb5,3/11/2026 14:00:35,,rainfall_0001,1773252028,67.71528,0,4.04,17.76
e00fce681282837e5d0586e0,3/11/2026 14:00:38,,rainfall,1773252030,102.6375,0,4.07,86.2
e00fce68239f79db42ac9cb5,3/11/2026 15:00:33,,rainfall_0001,1773255629,68.23611,0,4.04,18.8
e00fce681282837e5d0586e0,3/11/2026 15:00:38,,rainfall,1773255630,97.41111,0,4.07,86.2
e00fce68239f79db42ac9cb5,3/11/2026 16:00:34,,rainfall_0001,1773259230,68.30833,0,4.04,19.31
e00fce681282837e5d0586e0,3/11/2026 16:00:35,,rainfall,1773259229,98.26111,0,4.07,86.2
e00fce68239f79db42ac9cb5,3/11/2026 17:00:37,,rainfall_0001,1773262829,73.27361,0,4.04,20.09
e00fce681282837e5d0586e0,3/11/2026 17:00:37,,rainfall,1773262831,92.49306,0,4.07,86.2
e00fce68239f79db42ac9cb5,3/11/2026 18:00:33,,rainfall_0001,1773266430,73.78333,0,4.04,20.95
e00fce681282837e5d0586e0,3/11/2026 18:00:34,,rainfall,1773266430,84.82222,0,4.07,86.2
e00fce681282837e5d0586e0,3/11/2026 19:00:34,,rainfall,1773270030,78.51945,0,4.07,86.2
e00fce68239f79db42ac9cb5,3/11/2026 19:00:34,,rainfall_0001,1773270029,76.48473,0,4.04,21.81
e00fce68239f79db42ac9cb5,3/11/2026 20:00:34,,rainfall_0001,1773273629,76.92917,0,4.04,22.67
e00fce681282837e5d0586e0,3/11/2026 20:00:33,,rainfall,1773273629,78.56944,0,4.07,86.2
e00fce68239f79db42ac9cb5,3/11/2026 21:00:33,,rainfall_0001,1773277230,76.98611,0,4.04,23.1
e00fce681282837e5d0586e0,3/11/2026 21:00:35,,rainfall,1773277229,78.76806,0,4.07,86.2
e00fce681282837e5d0586e0,3/11/2026 22:00:35,,rainfall,1773280829,78.92917,0,4.07,86.2
e00fce68239f79db42ac9cb5,3/11/2026 22:00:37,,rainfall_0001,1773280829,77.62083,0,4.04,23.96
e00fce68239f79db42ac9cb5,3/11/2026 23:00:34,,rainfall_0001,1773284430,79.15972,0,4.04,24.82
e00fce681282837e5d0586e0,3/11/2026 23:00:34,,rainfall,1773284429,79.54861,0,4.07,86.2
e00fce68239f79db42ac9cb5,3/12/2026 0:00:33,,rainfall_0001,1773288029,81.35973,0,4.04,25.68
e00fce681282837e5d0586e0,3/12/2026 0:00:35,,rainfall,1773288030,80.14027,0,4.07,86.2
e00fce681282837e5d0586e0,3/12/2026 1:00:35,,rainfall,1773291629,79.89722,0,4.07,86.2
e00fce68239f79db42ac9cb5,3/12/2026 1:00:36,,rainfall_0001,1773291629,81.59722,0,4.04,26.11
e00fce68239f79db42ac9cb5,3/12/2026 2:00:34,,rainfall_0001,1773295229,81.64861,0,4.04,26.96
e00fce681282837e5d0586e0,3/12/2026 2:00:35,,rainfall,1773295230,79.55556,0,4.07,86.2
e00fce681282837e5d0586e0,3/12/2026 3:00:35,,rainfall,1773298829,80.21944,0,4.07,86.2
e00fce68239f79db42ac9cb5,3/12/2026 3:00:39,,rainfall_0001,1773298829,80.50417,0,4.04,27.82
e00fce68239f79db42ac9cb5,3/12/2026 4:00:36,,rainfall_0001,1773302429,77.48194,0,4.04,28.25
e00fce681282837e5d0586e0,3/12/2026 4:00:35,,rainfall,1773302430,80.24583,0,4.07,86.2
e00fce681282837e5d0586e0,3/12/2026 5:00:34,,rainfall,1773306029,80.14167,0,4.07,86.2
e00fce68239f79db42ac9cb5,3/12/2026 5:00:36,,rainfall_0001,1773306029,76.62361,0,4.04,29.11
e00fce68239f79db42ac9cb5,3/12/2026 6:00:36,,rainfall_0001,1773309629,74.34167,0,4.04,29.97
e00fce681282837e5d0586e0,3/12/2026 6:00:38,,rainfall,1773309630,80.09861,0,4.07,86.2
e00fce68239f79db42ac9cb5,3/12/2026 7:00:33,,rainfall_0001,1773313230,73.33611,0,4.04,30.4
e00fce681282837e5d0586e0,3/12/2026 7:00:35,,rainfall,1773313229,79.82361,0,4.07,86.2
e00fce681282837e5d0586e0,3/12/2026 8:00:35,,rainfall,1773316830,78.89722,0,4.07,86.2
e00fce68239f79db42ac9cb5,3/12/2026 8:00:35,,rainfall_0001,1773316829,73.72916,0,4.04,31.26
e00fce681282837e5d0586e0,3/12/2026 9:00:34,,rainfall,1773320429,77.375,0,4.07,86.2
e00fce68239f79db42ac9cb5,3/12/2026 9:00:38,,rainfall_0001,1773320430,73.56667,0,4.04,32.12
e00fce681282837e5d0586e0,3/12/2026 10:00:35,,rainfall,1773324029,75.86945,0,4.07,86.2
e00fce68239f79db42ac9cb5,3/12/2026 10:00:52,,rainfall_0001,1773324030,68.45417,0,4.04,32.55
e00fce681282837e5d0586e0,3/12/2026 11:00:35,,rainfall,1773327629,74.04723,0,4.07,86.2
e00fce68239f79db42ac9cb5,3/12/2026 11:00:38,,rainfall_0001,1773327630,68.16944,0,4.04,33.84
e00fce681282837e5d0586e0,3/12/2026 12:00:38,,rainfall,1773331230,70.55833,0,4.07,86.2
e00fce68239f79db42ac9cb5,3/12/2026 12:00:38,,rainfall_0001,1773331229,67.97916,0,4.04,34.27
e00fce681282837e5d0586e0,3/12/2026 13:00:36,,rainfall,1773334830,69.99861,0,4.07,86.2
e00fce68239f79db42ac9cb5,3/12/2026 13:00:36,,rainfall_0001,1773334829,66.18611,0,4.04,35.06
e00fce68239f79db42ac9cb5,3/12/2026 14:00:37,,rainfall_0001,1773338430,67.89584,0,4.04,35.78
e00fce681282837e5d0586e0,3/12/2026 14:00:38,,rainfall,1773338431,64.6125,0,4.07,86.2
e00fce68239f79db42ac9cb5,3/12/2026 15:00:35,,rainfall_0001,1773342029,69.76667,0,4.04,36.5
e00fce681282837e5d0586e0,3/12/2026 15:00:36,,rainfall,1773342029,64.74861,0.28,4.07,86.2
e00fce681282837e5d0586e0,3/12/2026 16:00:40,,rainfall,1773345630,70.12639,0,4.07,86.2
e00fce68239f79db42ac9cb5,3/12/2026 16:00:46,,rainfall_0001,1773345629,73.85555,0,4.04,36.86
e00fce681282837e5d0586e0,3/12/2026 17:00:35,,rainfall,1773349229,71.40972,0,4.07,86.2
e00fce68239f79db42ac9cb5,3/12/2026 17:00:37,,rainfall_0001,1773349230,74.54861,0,4.04,37.94
e00fce681282837e5d0586e0,3/12/2026 18:00:36,,rainfall,1773352831,72.25972,0,4.07,86.06
e00fce68239f79db42ac9cb5,3/12/2026 18:00:42,,rainfall_0001,1773352828,76.20695,0,4.04,38.3
e00fce68239f79db42ac9cb5,3/12/2026 19:00:34,,rainfall_0001,1773356429,77.92223,0,4.04,39.02
e00fce681282837e5d0586e0,3/12/2026 19:00:40,,rainfall,1773356430,73.65972,0,4.07,86.06
e00fce68239f79db42ac9cb5,3/12/2026 20:00:34,,rainfall_0001,1773360030,78.46806,0,4.04,39.75
e00fce681282837e5d0586e0,3/12/2026 20:00:39,,rainfall,1773360030,72.01389,0,4.07,86.06
e00fce68239f79db42ac9cb5,3/12/2026 21:00:38,,rainfall_0001,1773363628,80.87083,0,4.04,40.46
e00fce681282837e5d0586e0,3/12/2026 21:00:41,,rainfall,1773363630,71.79444,0,4.07,86.06
e00fce68239f79db42ac9cb5,3/12/2026 22:00:35,,rainfall_0001,1773367229,82.24028,0,4.04,40.82
e00fce681282837e5d0586e0,3/12/2026 22:00:36,,rainfall,1773367229,71.33472,0,4.07,86.06
e00fce68239f79db42ac9cb5,3/12/2026 23:00:36,,rainfall_0001,1773370829,82.79028,0,4.04,41.59
e00fce681282837e5d0586e0,3/12/2026 23:00:39,,rainfall,1773370830,68.72916,0,4.07,86.06
e00fce681282837e5d0586e0,3/13/2026 0:00:36,,rainfall,1773374429,68.37361,0,4.07,86.06
e00fce68239f79db42ac9cb5,3/13/2026 0:00:37,,rainfall_0001,1773374430,81.86389,0,4.01,42
e00fce68239f79db42ac9cb5,3/13/2026 1:00:36,,rainfall_0001,1773378030,82.2,0,4,42.82
e00fce681282837e5d0586e0,3/13/2026 1:00:38,,rainfall,1773378030,69.28472,0,4.07,86.06
e00fce68239f79db42ac9cb5,3/13/2026 2:00:34,,rainfall_0001,1773381629,84.1875,0,3.97,43.23
e00fce681282837e5d0586e0,3/13/2026 2:00:42,,rainfall,1773381629,69.94028,0,4.07,86.06
e00fce68239f79db42ac9cb5,3/13/2026 3:00:36,,rainfall_0001,1773385230,81.79723,0,3.99,43.64
e00fce681282837e5d0586e0,3/13/2026 3:00:36,,rainfall,1773385229,70.36528,0,4.07,86.06
e00fce68239f79db42ac9cb5,3/13/2026 4:00:34,,rainfall_0001,1773388829,79.82083,0,3.96,44.05
e00fce681282837e5d0586e0,3/13/2026 4:00:37,,rainfall,1773388830,70.4,0,4.07,86.06
e00fce68239f79db42ac9cb5,3/13/2026 5:00:34,,rainfall_0001,1773392429,77.55139,0,3.95,44.46
e00fce681282837e5d0586e0,3/13/2026 5:00:37,,rainfall,1773392429,71.85833,0,4.07,86.06
e00fce68239f79db42ac9cb5,3/13/2026 6:00:36,,rainfall_0001,1773396030,76.21667,0,3.97,44.87
e00fce681282837e5d0586e0,3/13/2026 6:00:38,,rainfall,1773396030,71.47916,0,4.07,86.06
e00fce68239f79db42ac9cb5,3/13/2026 7:00:35,,rainfall_0001,1773399629,74.2875,0,3.96,45.28
e00fce681282837e5d0586e0,3/13/2026 7:00:38,,rainfall,1773399629,72.07083,0,4.07,86.06
e00fce68239f79db42ac9cb5,3/13/2026 8:00:34,,rainfall_0001,1773403229,75.70556,0,3.95,45.28
e00fce681282837e5d0586e0,3/13/2026 8:00:37,,rainfall,1773403230,71.71528,0,4.07,86.06
e00fce681282837e5d0586e0,3/13/2026 9:00:36,,rainfall,1773406829,70.18611,0,4.07,86.06
e00fce68239f79db42ac9cb5,3/13/2026 9:00:40,,rainfall_0001,1773406829,73.68611,0,3.95,45.69
e00fce68239f79db42ac9cb5,3/13/2026 10:00:35,,rainfall_0001,1773410429,72.51667,0,3.96,46.1
e00fce681282837e5d0586e0,3/13/2026 10:00:36,,rainfall,1773410429,68.5125,0,4.07,86.06
e00fce681282837e5d0586e0,3/13/2026 11:00:37,,rainfall,1773414030,70.53472,0,4.07,86.06
e00fce68239f79db42ac9cb5,3/13/2026 11:00:45,,rainfall_0001,1773414029,68.93889,0,3.96,46.5
e00fce681282837e5d0586e0,3/13/2026 12:00:36,,rainfall,1773417629,67.55972,0,4.07,86.06
e00fce68239f79db42ac9cb5,3/13/2026 12:00:41,,rainfall_0001,1773417630,68.40556,0,3.94,46.91
e00fce68239f79db42ac9cb5,3/13/2026 13:00:37,,rainfall_0001,1773421229,68.23194,0,3.93,47.71
e00fce681282837e5d0586e0,3/13/2026 13:00:39,,rainfall,1773421229,70.50555,0,4.07,86.06
e00fce68239f79db42ac9cb5,3/13/2026 14:00:32,,rainfall_0001,1773424829,68.28611,0,3.94,47.71
e00fce681282837e5d0586e0,3/13/2026 14:00:37,,rainfall,1773424829,72.82083,0,4.07,86.06
e00fce68239f79db42ac9cb5,3/13/2026 15:00:34,,rainfall_0001,1773428430,68.87917,0,3.92,48.09
e00fce681282837e5d0586e0,3/13/2026 15:00:37,,rainfall,1773428430,72.08056,0,4.07,86.06
e00fce68239f79db42ac9cb5,3/13/2026 16:00:31,,rainfall_0001,1773432029,71.93195,0,3.91,48.48
e00fce681282837e5d0586e0,3/13/2026 16:00:39,,rainfall,1773432030,67.89861,0,4.07,86.06
e00fce68239f79db42ac9cb5,3/13/2026 17:00:32,,rainfall_0001,1773435629,72.41389,0,3.92,48.48
e00fce681282837e5d0586e0,3/13/2026 17:00:48,,rainfall,1773435629,67.80972,0,4.07,86.06
e00fce681282837e5d0586e0,3/13/2026 18:00:32,,rainfall,1773439230,67.75972,0,4.07,86.06
e00fce68239f79db42ac9cb5,3/13/2026 18:00:33,,rainfall_0001,1773439230,73.74722,0,3.91,48.86
e00fce68239f79db42ac9cb5,3/13/2026 19:00:32,,rainfall_0001,1773442830,74.39167,0,3.89,48.86
e00fce681282837e5d0586e0,3/13/2026 19:00:33,,rainfall,1773442829,71.01527,0,4.07,86.06
e00fce681282837e5d0586e0,3/13/2026 20:00:30,,rainfall,1773446428,73.73194,0,4.07,86.06
e00fce68239f79db42ac9cb5,3/13/2026 20:00:36,,rainfall_0001,1773446429,76.20834,0,3.89,49.24
e00fce681282837e5d0586e0,3/13/2026 21:00:31,,rainfall,1773450030,75.38889,0,4.07,86.06
e00fce68239f79db42ac9cb5,3/13/2026 21:00:36,,rainfall_0001,1773450030,77.30833,0,3.88,49.24
e00fce681282837e5d0586e0,3/13/2026 22:00:31,,rainfall,1773453629,76.10139,0,4.07,86.06
e00fce68239f79db42ac9cb5,3/13/2026 22:00:34,,rainfall_0001,1773453630,78.175,0,3.88,49.62
e00fce681282837e5d0586e0,3/13/2026 23:00:34,,rainfall,1773457229,77.41111,0,4.07,86.06
e00fce68239f79db42ac9cb5,3/13/2026 23:00:38,,rainfall_0001,1773457229,79.75972,0,3.88,49.62
e00fce681282837e5d0586e0,3/14/2026 0:00:31,,rainfall,1773460829,81.8875,0,4.07,86.06
e00fce68239f79db42ac9cb5,3/14/2026 0:00:35,,rainfall_0001,1773460830,80.15417,0,3.86,49.62
e00fce68239f79db42ac9cb5,3/14/2026 1:00:32,,rainfall_0001,1773464430,81.675,0,3.85,50.01
e00fce681282837e5d0586e0,3/14/2026 1:00:32,,rainfall,1773464429,83.30278,0,4.07,86.06
e00fce681282837e5d0586e0,3/14/2026 2:00:31,,rainfall,1773468029,80.82917,0,4.07,86.06
e00fce68239f79db42ac9cb5,3/14/2026 2:00:31,,rainfall_0001,1773468029,81.83472,0,3.85,50.01
e00fce68239f79db42ac9cb5,3/14/2026 3:00:34,,rainfall_0001,1773471630,82.13611,0,3.86,50.01
e00fce681282837e5d0586e0,3/14/2026 3:00:37,,rainfall,1773471629,81.59028,0,4.07,86.06
e00fce68239f79db42ac9cb5,3/14/2026 4:00:36,,rainfall_0001,1773475229,84.01945,0,3.85,50.01
e00fce681282837e5d0586e0,3/14/2026 4:00:36,,rainfall,1773475229,80.31805,0,4.07,86.06
e00fce681282837e5d0586e0,3/14/2026 5:00:32,,rainfall,1773478829,81.03472,0,4.07,86.06
e00fce68239f79db42ac9cb5,3/14/2026 5:00:32,,rainfall_0001,1773478830,84.33611,0,3.83,50.01
e00fce68239f79db42ac9cb5,3/14/2026 6:00:33,,rainfall_0001,1773482429,85.16528,0,3.84,50.01
e00fce681282837e5d0586e0,3/14/2026 6:00:36,,rainfall,1773482429,82.1875,0,4.07,86.06
e00fce681282837e5d0586e0,3/14/2026 7:00:34,,rainfall,1773486029,81.38333,0,4.07,86.06
e00fce68239f79db42ac9cb5,3/14/2026 7:00:48,,rainfall_0001,1773486030,85.77222,0,3.84,50.01
e00fce68239f79db42ac9cb5,3/14/2026 8:00:33,,rainfall_0001,1773489629,87.79861,0,3.83,50.01
e00fce681282837e5d0586e0,3/14/2026 8:00:36,,rainfall,1773489630,82.92361,0,4.07,86.06
e00fce681282837e5d0586e0,3/14/2026 9:00:34,,rainfall,1773493229,80.37083,0,4.07,86.06
e00fce68239f79db42ac9cb5,3/14/2026 9:01:57,,rainfall_0001,1773493230,87.82083,0,3.83,50.01
e00fce681282837e5d0586e0,3/14/2026 10:00:36,,rainfall,1773496830,78.49861,0,4.07,86.06
e00fce68239f79db42ac9cb5,3/14/2026 10:00:51,,rainfall_0001,1773496830,87.66944,0,3.83,50.01
e00fce68239f79db42ac9cb5,3/14/2026 11:00:32,,rainfall_0001,1773500429,88.74861,0,3.82,50.01
e00fce681282837e5d0586e0,3/14/2026 11:00:49,,rainfall,1773500429,77.35555,0,4.07,86.06
e00fce68239f79db42ac9cb5,3/14/2026 12:00:34,,rainfall_0001,1773504030,89.38194,0,3.83,50.01
e00fce681282837e5d0586e0,3/14/2026 12:00:33,,rainfall,1773504030,78.54583,0,4.07,85.91
e00fce68239f79db42ac9cb5,3/14/2026 13:00:32,,rainfall_0001,1773507629,89.6875,0,3.81,50.01
e00fce681282837e5d0586e0,3/14/2026 13:00:32,,rainfall,1773507629,80.14861,0,4.07,85.91
e00fce68239f79db42ac9cb5,3/14/2026 14:00:33,,rainfall_0001,1773511229,90.025,0,3.81,50.01
e00fce681282837e5d0586e0,3/14/2026 14:00:35,,rainfall,1773511229,81.53333,0,4.07,85.91
e00fce681282837e5d0586e0,3/14/2026 15:00:35,,rainfall,1773514829,82.64584,0,4.07,85.91
e00fce68239f79db42ac9cb5,3/14/2026 15:00:36,,rainfall_0001,1773514829,91.88333,0,3.81,49.62
e00fce681282837e5d0586e0,3/14/2026 16:00:32,,rainfall,1773518429,83.75555,0,4.07,85.91
e00fce68239f79db42ac9cb5,3/14/2026 16:00:37,,rainfall_0001,1773518430,92.175,0,3.8,49.62
e00fce681282837e5d0586e0,3/14/2026 17:00:33,,rainfall,1773522029,73.03194,0,4.07,85.91
e00fce68239f79db42ac9cb5,3/14/2026 17:00:33,,rainfall_0001,1773522030,92.39306,0,3.79,49.62
e00fce68239f79db42ac9cb5,3/14/2026 18:00:32,,rainfall_0001,1773525629,93.68472,0,3.78,49.62
e00fce681282837e5d0586e0,3/14/2026 18:00:36,,rainfall,1773525629,70.32361,0,4.07,85.91
e00fce68239f79db42ac9cb5,3/14/2026 19:00:32,,rainfall_0001,1773529229,94.3,0,3.78,49.24
e00fce681282837e5d0586e0,3/14/2026 19:00:38,,rainfall,1773529229,71.44167,0,4.07,85.91
e00fce681282837e5d0586e0,3/14/2026 20:00:33,,rainfall,1773532829,71.54444,0,4.07,85.91
e00fce68239f79db42ac9cb5,3/14/2026 20:00:35,,rainfall_0001,1773532829,96.07639,0,3.77,49.24
e00fce681282837e5d0586e0,3/14/2026 21:00:33,,rainfall,1773536429,72.02778,0,4.07,85.91
e00fce68239f79db42ac9cb5,3/14/2026 21:00:37,,rainfall_0001,1773536429,96.42917,0,3.76,49.24
e00fce681282837e5d0586e0,3/14/2026 22:00:33,,rainfall,1773540029,72.89722,0,4.07,85.91
e00fce68239f79db42ac9cb5,3/14/2026 22:00:34,,rainfall_0001,1773540029,96.42361,0,3.76,48.86
e00fce68239f79db42ac9cb5,3/14/2026 23:00:33,,rainfall_0001,1773543629,97.37222,0,3.75,48.86
e00fce681282837e5d0586e0,3/14/2026 23:00:37,,rainfall,1773543629,73.45834,0,4.07,85.91
e00fce681282837e5d0586e0,3/15/2026 0:00:33,,rainfall,1773547229,73.09583,0,4.07,85.91
e00fce68239f79db42ac9cb5,3/15/2026 0:00:36,,rainfall_0001,1773547229,97.99306,0,3.74,48.48
e00fce681282837e5d0586e0,3/15/2026 1:00:34,,rainfall,1773550830,73.05695,0,4.07,85.91
e00fce68239f79db42ac9cb5,3/15/2026 1:00:36,,rainfall_0001,1773550829,98.22361,0,3.74,48.09
e00fce681282837e5d0586e0,3/15/2026 2:00:33,,rainfall,1773554429,73.33056,0,4.07,85.91
e00fce68239f79db42ac9cb5,3/15/2026 2:00:36,,rainfall_0001,1773554429,98.62639,0,3.73,48.09
e00fce68239f79db42ac9cb5,3/15/2026 3:00:33,,rainfall_0001,1773558029,100.29583,0,3.71,47.71
e00fce681282837e5d0586e0,3/15/2026 3:00:36,,rainfall,1773558029,73.49028,0,4.07,85.91
e00fce681282837e5d0586e0,3/15/2026 4:00:33,,rainfall,1773561629,73.70695,0,4.07,85.91
e00fce68239f79db42ac9cb5,3/15/2026 4:00:33,,rainfall_0001,1773561630,100.30417,0,3.71,47.32
e00fce68239f79db42ac9cb5,3/15/2026 5:00:36,,rainfall_0001,1773565229,100.24167,0,3.72,47.32
e00fce681282837e5d0586e0,3/15/2026 5:00:39,,rainfall,1773565230,73.95417,0,4.07,85.91
e00fce681282837e5d0586e0,3/15/2026 6:00:34,,rainfall,1773568829,74.71944,0,4.07,85.91
e00fce68239f79db42ac9cb5,3/15/2026 6:00:33,,rainfall_0001,1773568829,100.57777,0,3.7,46.91
e00fce68239f79db42ac9cb5,3/15/2026 7:00:36,,rainfall_0001,1773572429,100.58056,0,3.7,46.5
e00fce681282837e5d0586e0,3/15/2026 7:00:38,,rainfall,1773572429,74.56667,0,4.07,85.91
e00fce681282837e5d0586e0,3/15/2026 8:00:34,,rainfall,1773576029,74.80695,0,4.07,85.91
e00fce68239f79db42ac9cb5,3/15/2026 8:00:35,,rainfall_0001,1773576029,100.57361,0,3.7,46.5
e00fce681282837e5d0586e0,3/15/2026 9:00:34,,rainfall,1773579629,75.73055,0,4.07,85.91
e00fce68239f79db42ac9cb5,3/15/2026 9:00:36,,rainfall_0001,1773579630,100.36667,0,3.7,46.1
e00fce68239f79db42ac9cb5,3/15/2026 10:00:36,,rainfall_0001,1773583229,100.08056,0,3.7,45.69
e00fce681282837e5d0586e0,3/15/2026 10:00:37,,rainfall,1773583229,75.66389,0,4.07,85.91
e00fce681282837e5d0586e0,3/15/2026 11:00:34,,rainfall,1773586829,76.81805,0,4.07,85.91
e00fce68239f79db42ac9cb5,3/15/2026 11:00:33,,rainfall_0001,1773586829,100.40972,0,3.68,45.28
e00fce681282837e5d0586e0,3/15/2026 12:00:35,,rainfall,1773590429,72.06805,0,4.07,85.91
e00fce68239f79db42ac9cb5,3/15/2026 12:01:06,,rainfall_0001,1773590430,100.41666,0,3.69,45.28
e00fce68239f79db42ac9cb5,3/15/2026 13:00:35,,rainfall_0001,1773594029,101.18472,0,3.68,44.46
e00fce681282837e5d0586e0,3/15/2026 13:00:39,,rainfall,1773594030,70.86945,0,4.07,85.91
e00fce681282837e5d0586e0,3/15/2026 14:00:37,,rainfall,1773597631,68.90556,0,4.07,85.91
e00fce68239f79db42ac9cb5,3/15/2026 14:00:44,,rainfall_0001,1773597629,101.0625,0,3.67,44.05
e00fce68239f79db42ac9cb5,3/15/2026 15:00:34,,rainfall_0001,1773601230,100.99028,0.28,3.66,43.64
e00fce681282837e5d0586e0,3/15/2026 15:00:34,,rainfall,1773601229,70.08611,0,4.07,85.91
e00fce68239f79db42ac9cb5,3/15/2026 16:00:33,,rainfall_0001,1773604829,102.69444,0,3.65,43.23
e00fce681282837e5d0586e0,3/15/2026 16:00:34,,rainfall,1773604829,69.97222,0,4.07,85.91
e00fce68239f79db42ac9cb5,3/15/2026 17:00:33,,rainfall_0001,1773608428,102.40556,0,3.65,42.82
e00fce681282837e5d0586e0,3/15/2026 17:00:35,,rainfall,1773608429,69.87778,0,4.07,85.91
e00fce681282837e5d0586e0,3/15/2026 18:00:38,,rainfall,1773612030,70.80972,0,4.07,85.91
e00fce68239f79db42ac9cb5,3/15/2026 18:00:39,,rainfall_0001,1773612030,102.46389,0,3.65,42.41
e00fce681282837e5d0586e0,3/15/2026 19:00:34,,rainfall,1773615629,69.84444,0,4.07,85.91
e00fce68239f79db42ac9cb5,3/15/2026 19:00:45,,rainfall_0001,1773615629,104.19861,0,3.65,42
e00fce681282837e5d0586e0,3/15/2026 20:00:37,,rainfall,1773619229,70.77639,0,4.07,85.91
e00fce68239f79db42ac9cb5,3/15/2026 20:00:39,,rainfall_0001,1773619230,104.26945,0,3.65,41.59
e00fce68239f79db42ac9cb5,3/15/2026 21:00:34,,rainfall_0001,1773622830,104.1375,0,3.63,41.19
e00fce681282837e5d0586e0,3/15/2026 21:03:26,,rainfall,1773622930,71.03611,0,4.07,85.91
e00fce681282837e5d0586e0,3/15/2026 22:00:36,,rainfall,1773626430,71.34722,0,4.07,85.91
e00fce68239f79db42ac9cb5,3/15/2026 22:01:26,,rainfall_0001,1773626429,104.25,0,3.64,40.82
e00fce68239f79db42ac9cb5,3/15/2026 23:00:34,,rainfall_0001,1773630029,104.21806,0,3.63,39.75
e00fce681282837e5d0586e0,3/15/2026 23:00:35,,rainfall,1773630029,72.04028,0,4.07,85.91
e00fce68239f79db42ac9cb5,3/16/2026 0:00:34,,rainfall_0001,1773633629,103.95695,0,3.63,39.02
e00fce681282837e5d0586e0,3/16/2026 0:00:37,,rainfall,1773633630,71.95,0,4.07,85.91
e00fce68239f79db42ac9cb5,3/16/2026 1:00:34,,rainfall_0001,1773637229,104.22639,0,3.63,38.66
e00fce681282837e5d0586e0,3/16/2026 1:00:36,,rainfall,1773637230,72.09306,0,4.07,85.91
e00fce681282837e5d0586e0,3/16/2026 2:00:35,,rainfall,1773640829,71.83889,0,4.07,85.91
e00fce68239f79db42ac9cb5,3/16/2026 2:00:37,,rainfall_0001,1773640829,104.08056,0,3.63,38.3
e00fce68239f79db42ac9cb5,3/16/2026 3:00:35,,rainfall_0001,1773644429,100.43056,0,3.63,37.94
e00fce681282837e5d0586e0,3/16/2026 3:00:36,,rainfall,1773644430,71.9625,0,4.07,85.91
e00fce681282837e5d0586e0,3/16/2026 4:00:35,,rainfall,1773648029,72.26667,0,4.07,85.77
e00fce68239f79db42ac9cb5,3/16/2026 4:00:37,,rainfall_0001,1773648029,99.04723,0,3.62,37.58
e00fce681282837e5d0586e0,3/16/2026 5:00:35,,rainfall,1773651629,71.30972,0,4.07,85.77
e00fce68239f79db42ac9cb5,3/16/2026 5:00:36,,rainfall_0001,1773651629,96.15833,0,3.62,37.22
e00fce681282837e5d0586e0,3/16/2026 6:00:35,,rainfall,1773655229,71.475,0,4.07,85.77
e00fce68239f79db42ac9cb5,3/16/2026 6:00:38,,rainfall_0001,1773655229,93.28889,0,3.62,36.5
e00fce68239f79db42ac9cb5,3/16/2026 7:00:38,,rainfall_0001,1773658830,91.7375,0,3.61,36.14
e00fce681282837e5d0586e0,3/16/2026 7:00:39,,rainfall,1773658830,72.07083,0,4.07,85.77
e00fce68239f79db42ac9cb5,3/16/2026 8:00:36,,rainfall_0001,1773662430,89.88472,0,3.61,35.78
e00fce681282837e5d0586e0,3/16/2026 8:00:36,,rainfall,1773662429,71.7375,0,4.07,85.77
e00fce68239f79db42ac9cb5,3/16/2026 9:00:35,,rainfall_0001,1773666029,89.59861,0,3.61,35.42
e00fce681282837e5d0586e0,3/16/2026 9:00:41,,rainfall,1773666030,71.96944,0,4.07,85.77
e00fce681282837e5d0586e0,3/16/2026 10:00:36,,rainfall,1773669629,72.59306,0,4.07,85.77
e00fce68239f79db42ac9cb5,3/16/2026 10:00:35,,rainfall_0001,1773669629,86.74722,0.28,3.61,34.7
e00fce681282837e5d0586e0,3/16/2026 11:00:36,,rainfall,1773673229,73.25833,0.56,4.07,85.77
e00fce68239f79db42ac9cb5,3/16/2026 11:00:45,,rainfall_0001,1773673230,84.08472,0.56,3.6,34.27
e00fce681282837e5d0586e0,3/16/2026 12:00:37,,rainfall,1773676829,73.25417,1.68,4.07,85.77
e00fce68239f79db42ac9cb5,3/16/2026 12:00:39,,rainfall_0001,1773676830,80.03194,1.68,3.6,33.84
e00fce681282837e5d0586e0,3/16/2026 13:00:27,,rainfall,1773680419,73.19167,0,4.07,85.77
e00fce68239f79db42ac9cb5,3/16/2026 13:00:31,,rainfall_0001,1773680429,80.24583,0.56,3.6,33.41
e00fce68239f79db42ac9cb5,3/16/2026 14:00:34,,rainfall_0001,1773684029,64.5625,13.13,3.58,32.98
e00fce681282837e5d0586e0,3/16/2026 14:00:39,,rainfall,1773684029,78.31528,12.01,4.07,85.77
e00fce681282837e5d0586e0,3/16/2026 15:00:36,,rainfall,1773687629,83.27361,16.21,4.07,85.77
e00fce68239f79db42ac9cb5,3/16/2026 15:00:37,,rainfall_0001,1773687630,34.04583,17.6,3.59,32.12
e00fce681282837e5d0586e0,3/16/2026 16:00:37,,rainfall,1773691231,85.00139,5.03,4.07,85.77
e00fce68239f79db42ac9cb5,3/16/2026 16:00:33,,rainfall_0001,1773691229,36.22917,4.19,3.58,31.69
e00fce68239f79db42ac9cb5,3/16/2026 16:00:33,,rainfall_0001,1773691229,36.22917,4.19,3.58,31.69
e00fce68239f79db42ac9cb5,3/16/2026 17:00:32,,rainfall_0001,1773694830,36.83889,1.12,3.57,31.26
e00fce681282837e5d0586e0,3/16/2026 17:00:49,,rainfall,1773694830,83.76945,3.63,4.07,85.77
e00fce681282837e5d0586e0,3/16/2026 18:00:32,,rainfall,1773698429,90.66111,0,4.07,85.77
e00fce68239f79db42ac9cb5,3/16/2026 18:00:31,,rainfall_0001,1773698429,39.79028,0,3.57,30.83
e00fce681282837e5d0586e0,3/16/2026 19:00:32,,rainfall,1773702029,90.88472,0,4.07,85.77
e00fce68239f79db42ac9cb5,3/16/2026 19:00:32,,rainfall_0001,1773702029,44.67083,0.28,3.58,30.4
e00fce68239f79db42ac9cb5,3/16/2026 20:00:31,,rainfall_0001,1773705629,46.18611,0,3.56,29.97
e00fce681282837e5d0586e0,3/16/2026 20:00:34,,rainfall,1773705630,93.85416,0,4.07,85.77
e00fce68239f79db42ac9cb5,3/16/2026 21:00:38,,rainfall_0001,1773709229,48.27639,0,3.55,29.11
e00fce681282837e5d0586e0,3/16/2026 21:05:15,,rainfall,1773709229,87.76806,0.28,4.07,85.77
e00fce681282837e5d0586e0,3/16/2026 22:00:25,,rainfall,1773712819,91.11667,0,4.07,85.77
e00fce68239f79db42ac9cb5,3/16/2026 22:00:34,,rainfall_0001,1773712830,50.14722,0,3.57,28.68
e00fce681282837e5d0586e0,3/16/2026 23:00:32,,rainfall,1773716430,96.11945,0,4.07,85.77
e00fce68239f79db42ac9cb5,3/16/2026 23:00:32,,rainfall_0001,1773716429,52.30695,0,3.56,28.25
e00fce681282837e5d0586e0,3/17/2026 0:00:32,,rainfall,1773720029,88.30278,0,4.07,85.77
e00fce68239f79db42ac9cb5,3/17/2026 0:00:32,,rainfall_0001,1773720029,52.94722,0,3.55,27.82
e00fce68239f79db42ac9cb5,3/17/2026 1:00:31,,rainfall_0001,1773723629,54.27361,0,3.52,26.96
e00fce681282837e5d0586e0,3/17/2026 1:00:32,,rainfall,1773723629,89.32917,0,4.07,85.77
e00fce681282837e5d0586e0,3/17/2026 2:00:35,,rainfall,1773727230,89.61945,0,4.07,85.77
e00fce68239f79db42ac9cb5,3/17/2026 2:00:46,,rainfall_0001,1773727229,56.12639,0,3.54,26.54
e00fce681282837e5d0586e0,3/17/2026 3:00:32,,rainfall,1773730830,88.60278,0,4.07,85.77
e00fce68239f79db42ac9cb5,3/17/2026 3:00:31,,rainfall_0001,1773730829,58.44444,0,3.51,25.68
e00fce681282837e5d0586e0,3/17/2026 4:00:36,,rainfall,1773734430,85.77084,0,4.07,85.77
e00fce68239f79db42ac9cb5,3/17/2026 4:00:39,,rainfall_0001,1773734429,59.59167,0,3.52,25.25
e00fce681282837e5d0586e0,3/17/2026 5:00:37,,rainfall,1773738029,84.08195,0,4.07,85.77
e00fce68239f79db42ac9cb5,3/17/2026 5:00:35,,rainfall_0001,1773738030,60.10556,0,3.49,24.39
e00fce681282837e5d0586e0,3/17/2026 6:00:32,,rainfall,1773741629,84.13472,0,4.07,85.63
e00fce68239f79db42ac9cb5,3/17/2026 6:00:49,,rainfall_0001,1773741629,61.62222,0,3.51,23.96
e00fce681282837e5d0586e0,3/17/2026 7:00:32,,rainfall,1773745229,85.13611,0,4.07,85.63
e00fce68239f79db42ac9cb5,3/17/2026 7:00:51,,rainfall_0001,1773745229,63.2875,0,3.5,22.67
e00fce68239f79db42ac9cb5,3/17/2026 8:00:32,,rainfall_0001,1773748829,64.37778,0,3.5,21.81
e00fce681282837e5d0586e0,3/17/2026 8:00:33,,rainfall,1773748830,85.5375,0,4.07,85.63
e00fce681282837e5d0586e0,3/17/2026 9:00:33,,rainfall,1773752429,80.93472,0,4.07,85.63
e00fce68239f79db42ac9cb5,3/17/2026 9:00:53,,rainfall_0001,1773752430,65.11528,0,3.5,21.38
e00fce681282837e5d0586e0,3/17/2026 10:00:33,,rainfall,1773756030,79.10555,0,4.07,85.63
e00fce68239f79db42ac9cb5,3/17/2026 10:00:39,,rainfall_0001,1773756030,66.21111,0,3.51,20.09
e00fce681282837e5d0586e0,3/17/2026 11:00:33,,rainfall,1773759630,79.225,0,4.07,85.63
e00fce68239f79db42ac9cb5,3/17/2026 11:00:35,,rainfall_0001,1773759629,66.90556,0,3.5,19.31
e00fce68239f79db42ac9cb5,3/17/2026 12:00:34,,rainfall_0001,1773763230,68.12917,0,3.48,18.8
e00fce681282837e5d0586e0,3/17/2026 12:00:32,,rainfall,1773763229,80.32361,0,4.07,85.63
e00fce68239f79db42ac9cb5,3/17/2026 13:00:35,,rainfall_0001,1773766830,68.60416,0,3.47,18.28
e00fce681282837e5d0586e0,3/17/2026 13:00:44,,rainfall,1773766831,83.31805,0,4.07,85.63
e00fce681282837e5d0586e0,3/17/2026 14:00:33,,rainfall,1773770429,84.50139,0,4.07,85.63
e00fce68239f79db42ac9cb5,3/17/2026 14:00:35,,rainfall_0001,1773770431,68.75,0,3.48,17.5
e00fce681282837e5d0586e0,3/17/2026 15:00:33,,rainfall,1773774030,85.67778,0,4.07,85.63
e00fce68239f79db42ac9cb5,3/17/2026 15:00:57,,rainfall_0001,1773774031,68.47222,0,3.46,16.73
e00fce68239f79db42ac9cb5,3/17/2026 16:00:33,,rainfall_0001,1773777630,68.84861,0,3.46,15.69
e00fce681282837e5d0586e0,3/17/2026 16:00:35,,rainfall,1773777629,82.22778,0,4.07,85.63
e00fce681282837e5d0586e0,3/17/2026 17:00:33,,rainfall,1773781230,76.51945,0,4.07,85.63
e00fce68239f79db42ac9cb5,3/17/2026 17:00:35,,rainfall_0001,1773781230,72.14167,0,3.46,15.17
e00fce681282837e5d0586e0,3/17/2026 18:00:33,,rainfall,1773784829,82.93611,0,4.07,85.63
e00fce68239f79db42ac9cb5,3/17/2026 18:00:34,,rainfall_0001,1773784829,73.64027,0,3.45,14.4
e00fce681282837e5d0586e0,3/17/2026 19:00:33,,rainfall,1773788429,87.19583,0,4.07,85.63
e00fce68239f79db42ac9cb5,3/17/2026 19:00:35,,rainfall_0001,1773788430,73.06111,0,3.43,13.88
e00fce681282837e5d0586e0,3/17/2026 20:00:34,,rainfall,1773792029,89.06944,0,4.07,85.63
e00fce68239f79db42ac9cb5,3/17/2026 20:00:35,,rainfall_0001,1773792030,74.09861,0,3.41,13.1
e00fce681282837e5d0586e0,3/17/2026 21:00:34,,rainfall,1773795630,89.68611,0,4.07,85.63
e00fce68239f79db42ac9cb5,3/17/2026 21:00:38,,rainfall_0001,1773795630,74.47083,0,3.41,12.33
e00fce68239f79db42ac9cb5,3/17/2026 22:00:36,,rainfall_0001,1773799229,74.35555,0,3.39,11.55
e00fce681282837e5d0586e0,3/17/2026 22:00:38,,rainfall,1773799229,89.20277,0,4.07,85.63
e00fce68239f79db42ac9cb5,3/17/2026 23:00:35,,rainfall_0001,1773802830,74.5125,0,3.37,10.77
e00fce681282837e5d0586e0,3/17/2026 23:00:38,,rainfall,1773802830,87.24722,0,4.07,85.63
e00fce681282837e5d0586e0,3/18/2026 0:00:35,,rainfall,1773806429,87.01806,0,4.07,85.63
e00fce68239f79db42ac9cb5,3/18/2026 0:00:35,,rainfall_0001,1773806430,74.99028,0,3.34,10
e00fce68239f79db42ac9cb5,3/18/2026 1:00:34,,rainfall_0001,1773810030,74.80278,0,3.3,8.96
e00fce681282837e5d0586e0,3/18/2026 1:00:34,,rainfall,1773810030,86.08472,0,4.07,85.63
e00fce681282837e5d0586e0,3/18/2026 2:00:34,,rainfall,1773813629,87.86111,0,4.07,85.63
e00fce68239f79db42ac9cb5,3/18/2026 2:00:36,,rainfall_0001,1773813630,75.89445,0,3.26,8.09
e00fce68239f79db42ac9cb5,3/18/2026 3:00:34,,rainfall_0001,1773817230,76.66389,0,3.22,6.98
e00fce681282837e5d0586e0,3/18/2026 3:00:37,,rainfall,1773817230,87.66944,0,4.07,85.63
e00fce68239f79db42ac9cb5,3/18/2026 4:00:32,,rainfall_0001,1773820829,77.07361,0,3.15,6
e00fce681282837e5d0586e0,3/18/2026 4:00:34,,rainfall,1773820829,87.12917,0,4.07,85.63
e00fce68239f79db42ac9cb5,3/18/2026 5:00:36,,rainfall_0001,1773824429,78.01945,0,3.14,4.98
e00fce681282837e5d0586e0,3/18/2026 5:00:37,,rainfall,1773824430,88.06528,0,4.07,85.63
e00fce681282837e5d0586e0,3/18/2026 6:00:34,,rainfall,1773828029,89.22222,0,4.07,85.63
e00fce68239f79db42ac9cb5,3/18/2026 6:00:34,,rainfall_0001,1773828029,78.19861,0,3.05,3.7
e00fce681282837e5d0586e0,3/18/2026 7:00:35,,rainfall,1773831629,88.71389,0,4.07,85.63
e00fce681282837e5d0586e0,3/18/2026 8:00:35,,rainfall,1773835230,89.60833,0,4.07,85.63
e00fce681282837e5d0586e0,3/18/2026 9:00:35,,rainfall,1773838830,84.45417,0,4.07,85.63
e00fce681282837e5d0586e0,3/18/2026 10:00:35,,rainfall,1773842430,76.49722,0,4.07,85.63
e00fce681282837e5d0586e0,3/18/2026 11:00:35,,rainfall,1773846029,73.57777,0,4.07,85.63
e00fce681282837e5d0586e0,3/18/2026 12:00:35,,rainfall,1773849629,77.95,0,4.07,85.63
e00fce681282837e5d0586e0,3/18/2026 13:00:40,,rainfall,1773853230,73.11806,0,4.07,85.63
e00fce681282837e5d0586e0,3/18/2026 14:00:34,,rainfall,1773856829,77.88194,0,4.07,85.63
e00fce681282837e5d0586e0,3/18/2026 15:00:37,,rainfall,1773860429,79.15694,0,4.07,85.63
e00fce681282837e5d0586e0,3/18/2026 16:00:35,,rainfall,1773864029,77.1125,0,4.07,85.63
e00fce681282837e5d0586e0,3/18/2026 17:00:37,,rainfall,1773867630,74.9625,0,4.07,85.63
e00fce681282837e5d0586e0,3/18/2026 18:00:38,,rainfall,1773871230,73.84028,0,4.07,85.63
e00fce681282837e5d0586e0,3/18/2026 19:00:35,,rainfall,1773874829,79.21944,0,4.07,85.63
e00fce681282837e5d0586e0,3/18/2026 20:00:36,,rainfall,1773878429,84.57777,0,4.07,85.63
e00fce681282837e5d0586e0,3/18/2026 21:00:36,,rainfall,1773882030,89.30556,0,4.07,85.63
e00fce681282837e5d0586e0,3/18/2026 22:00:36,,rainfall,1773885629,89.02917,0,4.07,85.63
e00fce681282837e5d0586e0,3/18/2026 23:00:39,,rainfall,1773889230,86.77639,0,4.07,85.63
e00fce681282837e5d0586e0,3/19/2026 0:00:35,,rainfall,1773892829,90.71111,0,4.07,85.63
e00fce681282837e5d0586e0,3/19/2026 1:00:36,,rainfall,1773896429,91.83334,0,4.07,85.63
e00fce681282837e5d0586e0,3/19/2026 2:00:37,,rainfall,1773900030,92.92223,0,4.07,85.63
e00fce681282837e5d0586e0,3/19/2026 3:00:36,,rainfall,1773903629,93.86667,0,4.07,85.63
e00fce681282837e5d0586e0,3/19/2026 4:00:36,,rainfall,1773907229,93.00278,0,4.07,85.63
e00fce681282837e5d0586e0,3/19/2026 5:00:36,,rainfall,1773910830,91.55833,0,4.07,85.63
e00fce681282837e5d0586e0,3/19/2026 6:00:38,,rainfall,1773914429,90.66528,0,4.07,85.63
e00fce681282837e5d0586e0,3/19/2026 7:00:37,,rainfall,1773918029,91.12778,0,4.07,85.63
e00fce681282837e5d0586e0,3/19/2026 8:00:31,,rainfall,1773921619,93.13472,0,4.07,85.63
e00fce681282837e5d0586e0,3/19/2026 9:00:36,,rainfall,1773925229,93.82222,0,4.07,85.63
e00fce681282837e5d0586e0,3/19/2026 10:00:38,,rainfall,1773928829,79.38333,0,4.07,85.63
e00fce681282837e5d0586e0,3/19/2026 11:00:37,,rainfall,1773932430,79.57083,0,4.07,85.63
e00fce681282837e5d0586e0,3/19/2026 12:00:37,,rainfall,1773936030,81.79028,0,4.07,85.63
e00fce681282837e5d0586e0,3/19/2026 13:00:36,,rainfall,1773939629,82.13472,0,4.07,85.63
e00fce681282837e5d0586e0,3/19/2026 14:00:36,,rainfall,1773943229,83.6125,0,4.07,85.63
e00fce681282837e5d0586e0,3/19/2026 15:00:37,,rainfall,1773946829,80.73194,0,4.07,85.63
e00fce681282837e5d0586e0,3/19/2026 16:00:39,,rainfall,1773950430,74.60833,0,4.07,85.63
e00fce68239f79db42ac9cb5,3/19/2026 16:02:45,,rainfall_0001,946684813,52.94028,0,3.48,0
e00fce68239f79db42ac9cb5,3/19/2026 17:00:35,,rainfall_0001,1773954031,72.95556,3.07,3.91,0
e00fce681282837e5d0586e0,3/19/2026 17:00:39,,rainfall,1773954029,72.32777,0,4.07,85.63
e00fce68239f79db42ac9cb5,3/19/2026 18:00:32,,rainfall_0001,1773957630,74.13611,0,4.11,0.11
e00fce681282837e5d0586e0,3/19/2026 18:00:40,,rainfall,1773957630,73.78056,0,4.07,85.63
e00fce68239f79db42ac9cb5,3/19/2026 19:00:36,,rainfall_0001,1773961229,77.36528,0,4.02,0.72
e00fce681282837e5d0586e0,3/19/2026 19:00:36,,rainfall,1773961229,78.425,0,4.07,85.63
e00fce68239f79db42ac9cb5,3/19/2026 20:00:33,,rainfall_0001,1773964829,76.01806,0,4,1.5
e00fce681282837e5d0586e0,3/19/2026 20:00:37,,rainfall,1773964829,81.08611,0,4.07,85.63
e00fce68239f79db42ac9cb5,3/19/2026 21:00:35,,rainfall_0001,1773968429,76.32917,0,3.99,2.11
e00fce681282837e5d0586e0,3/19/2026 21:00:49,,rainfall,1773968431,82.76806,0,4.07,85.63
e00fce681282837e5d0586e0,3/19/2026 22:00:32,,rainfall,1773972030,83.18333,0,4.07,85.63
e00fce68239f79db42ac9cb5,3/19/2026 22:00:37,,rainfall_0001,1773972029,76.25972,0,3.98,2.85
e00fce681282837e5d0586e0,3/19/2026 23:00:31,,rainfall,1773975629,83.71389,0,4.07,85.63
e00fce68239f79db42ac9cb5,3/19/2026 23:00:32,,rainfall_0001,1773975629,76.2125,0,3.98,3.87
e00fce68239f79db42ac9cb5,3/20/2026 0:00:32,,rainfall_0001,1773979230,77.55833,0,3.96,4.64
e00fce681282837e5d0586e0,3/20/2026 0:00:32,,rainfall,1773979229,84.76111,0,4.07,85.63
e00fce68239f79db42ac9cb5,3/20/2026 1:00:33,,rainfall_0001,1773982829,77.63333,0,3.96,5.4
e00fce681282837e5d0586e0,3/20/2026 1:00:34,,rainfall,1773982829,85.49583,0,4.07,85.63
e00fce681282837e5d0586e0,3/20/2026 2:00:32,,rainfall,1773986430,85.7,0,4.07,85.63
e00fce68239f79db42ac9cb5,3/20/2026 2:00:32,,rainfall_0001,1773986429,78.11528,0,3.95,6.12
e00fce681282837e5d0586e0,3/20/2026 3:00:32,,rainfall,1773990029,86.33889,0,4.07,85.63
e00fce68239f79db42ac9cb5,3/20/2026 3:00:33,,rainfall_0001,1773990029,75.91528,0,3.94,6.86
e00fce68239f79db42ac9cb5,3/20/2026 4:00:32,,rainfall_0001,1773993630,72.28194,0,3.92,7.6
e00fce681282837e5d0586e0,3/20/2026 4:00:33,,rainfall,1773993631,86.22222,0,4.07,85.63
e00fce681282837e5d0586e0,3/20/2026 5:00:33,,rainfall,1773997230,86.39584,0,4.07,85.63
e00fce68239f79db42ac9cb5,3/20/2026 5:00:36,,rainfall_0001,1773997229,68.84861,0,3.94,8.21
e00fce681282837e5d0586e0,3/20/2026 6:00:31,,rainfall,1774000829,86.64167,0,4.07,85.63
e00fce68239f79db42ac9cb5,3/20/2026 6:00:38,,rainfall_0001,1774000830,68.23611,0,3.93,8.96
e00fce68239f79db42ac9cb5,3/20/2026 7:00:31,,rainfall_0001,1774004428,66.20834,0,3.91,9.74
e00fce681282837e5d0586e0,3/20/2026 7:00:39,,rainfall,1774004429,88.68056,0,4.07,85.63
e00fce68239f79db42ac9cb5,3/20/2026 8:00:33,,rainfall_0001,1774008030,66.21528,0,3.91,10.26
e00fce681282837e5d0586e0,3/20/2026 8:00:32,,rainfall,1774008030,88.16944,0,4.07,85.63
e00fce681282837e5d0586e0,3/20/2026 9:00:32,,rainfall,1774011630,82.90694,0,4.07,85.63
e00fce68239f79db42ac9cb5,3/20/2026 9:00:31,,rainfall_0001,1774011629,64.1875,0,3.91,10.77
e00fce681282837e5d0586e0,3/20/2026 10:00:31,,rainfall,1774015229,76.44861,0,4.07,85.63
e00fce68239f79db42ac9cb5,3/20/2026 10:00:32,,rainfall_0001,1774015229,63.41528,0,3.92,11.29
e00fce68239f79db42ac9cb5,3/20/2026 11:00:34,,rainfall_0001,1774018829,60.50694,0,3.91,11.81
e00fce681282837e5d0586e0,3/20/2026 11:00:35,,rainfall,1774018829,77.96806,0,4.07,85.63
e00fce68239f79db42ac9cb5,3/20/2026 12:00:32,,rainfall_0001,1774022429,59.65972,0,3.91,12.33
e00fce681282837e5d0586e0,3/20/2026 12:00:32,,rainfall,1774022430,80.69305,0,4.07,85.63
e00fce68239f79db42ac9cb5,3/20/2026 13:00:34,,rainfall_0001,1774026030,56.78472,0,3.9,12.84
e00fce681282837e5d0586e0,3/20/2026 13:00:38,,rainfall,1774026030,81.84167,0,4.07,85.63
e00fce68239f79db42ac9cb5,3/20/2026 14:00:32,,rainfall_0001,1774029629,58.27361,0,3.9,13.36
e00fce681282837e5d0586e0,3/20/2026 14:00:38,,rainfall,1774029630,82.89167,0,4.07,85.63
e00fce681282837e5d0586e0,3/20/2026 15:00:33,,rainfall,1774033229,83.32777,0,4.07,85.63
e00fce68239f79db42ac9cb5,3/20/2026 15:00:36,,rainfall_0001,1774033229,58.43889,0,3.9,13.88
e00fce681282837e5d0586e0,3/20/2026 16:00:35,,rainfall,1774036829,79.40278,0,4.07,85.63
e00fce68239f79db42ac9cb5,3/20/2026 16:00:42,,rainfall_0001,1774036830,60.26667,0,3.89,14.4
e00fce68239f79db42ac9cb5,3/20/2026 17:00:32,,rainfall_0001,1774040429,60.70555,0,3.88,14.91
e00fce681282837e5d0586e0,3/20/2026 17:00:38,,rainfall,1774040430,74.90556,0,4.07,85.48
e00fce68239f79db42ac9cb5,3/20/2026 18:00:33,,rainfall_0001,1774044029,61.82084,0,3.88,15.17
e00fce681282837e5d0586e0,3/20/2026 18:00:33,,rainfall,1774044030,73.09722,0,4.07,85.48
e00fce68239f79db42ac9cb5,3/20/2026 19:00:35,,rainfall_0001,1774047629,62.675,0,3.86,15.69
e00fce681282837e5d0586e0,3/20/2026 19:00:36,,rainfall,1774047629,73.97639,0,4.07,85.48
e00fce681282837e5d0586e0,3/20/2026 20:00:38,,rainfall,1774051230,74.29305,0,4.07,85.48
e00fce68239f79db42ac9cb5,3/20/2026 20:00:42,,rainfall_0001,1774051230,64.54723,0,3.87,16.21
e00fce681282837e5d0586e0,3/20/2026 21:00:33,,rainfall,1774054830,75.65694,0,4.07,85.48
e00fce68239f79db42ac9cb5,3/20/2026 21:00:36,,rainfall_0001,1774054830,64.63055,0,3.86,16.47
e00fce681282837e5d0586e0,3/20/2026 22:00:36,,rainfall,1774058429,75.98333,0,4.07,85.48
e00fce68239f79db42ac9cb5,3/20/2026 22:00:35,,rainfall_0001,1774058429,65.83611,0,3.85,16.98
e00fce68239f79db42ac9cb5,3/20/2026 23:00:35,,rainfall_0001,1774062029,66.15972,0,3.85,17.24
e00fce681282837e5d0586e0,3/20/2026 23:00:36,,rainfall,1774062030,75.51945,0,4.07,85.48
e00fce681282837e5d0586e0,3/21/2026 0:00:34,,rainfall,1774065630,75.07777,0,4.07,85.48
e00fce68239f79db42ac9cb5,3/21/2026 0:00:36,,rainfall_0001,1774065630,66.25833,0,3.85,17.5
e00fce68239f79db42ac9cb5,3/21/2026 1:00:34,,rainfall_0001,1774069230,67.68333,0,3.84,17.76
e00fce681282837e5d0586e0,3/21/2026 1:00:37,,rainfall,1774069230,75.08056,0,4.07,85.48
e00fce681282837e5d0586e0,3/21/2026 2:00:34,,rainfall,1774072830,74.74583,0,4.07,85.48
e00fce68239f79db42ac9cb5,3/21/2026 2:00:36,,rainfall_0001,1774072829,67.82083,0,3.82,18.02
e00fce681282837e5d0586e0,3/21/2026 3:00:33,,rainfall,1774076430,75.2125,0,4.07,85.48
e00fce68239f79db42ac9cb5,3/21/2026 3:00:41,,rainfall_0001,1774076429,68.275,0,3.81,18.28
e00fce681282837e5d0586e0,3/21/2026 4:00:34,,rainfall,1774080030,74.98611,0,4.07,85.48
e00fce68239f79db42ac9cb5,3/21/2026 4:00:45,,rainfall_0001,1774080030,68.70695,0,3.81,18.54
e00fce68239f79db42ac9cb5,3/21/2026 5:00:33,,rainfall_0001,1774083629,68.89445,0,3.8,19.05
e00fce681282837e5d0586e0,3/21/2026 5:00:34,,rainfall,1774083629,74.40417,0,4.07,85.48
e00fce681282837e5d0586e0,3/21/2026 6:00:34,,rainfall,1774087230,74.18195,0,4.07,85.48
e00fce68239f79db42ac9cb5,3/21/2026 6:00:39,,rainfall_0001,1774087229,68.98889,0,3.81,19.05
e00fce68239f79db42ac9cb5,3/21/2026 7:00:34,,rainfall_0001,1774090829,68.84583,0,3.8,19.31
e00fce681282837e5d0586e0,3/21/2026 7:00:33,,rainfall,1774090829,73.88611,0,4.07,85.48
e00fce681282837e5d0586e0,3/21/2026 8:00:34,,rainfall,1774094429,73.35139,0,4.07,85.48
e00fce68239f79db42ac9cb5,3/21/2026 8:00:39,,rainfall_0001,1774094430,71.80278,0,3.79,19.57
e00fce681282837e5d0586e0,3/21/2026 9:00:39,,rainfall,1774098030,73.43472,0,4.07,85.48
e00fce68239f79db42ac9cb5,3/21/2026 9:00:38,,rainfall_0001,1774098029,71.95556,0,3.79,19.57
e00fce68239f79db42ac9cb5,3/21/2026 10:00:33,,rainfall_0001,1774101629,71.76806,0,3.78,19.83
e00fce681282837e5d0586e0,3/21/2026 10:00:35,,rainfall,1774101630,71.09444,0,4.07,85.48
e00fce68239f79db42ac9cb5,3/21/2026 11:00:35,,rainfall_0001,1774105229,71.90972,0,3.78,19.83
e00fce681282837e5d0586e0,3/21/2026 11:00:38,,rainfall,1774105230,66.56528,0,4.07,85.48
e00fce68239f79db42ac9cb5,3/21/2026 12:00:36,,rainfall_0001,1774108830,72.06389,0,3.77,20.09
e00fce681282837e5d0586e0,3/21/2026 12:00:38,,rainfall,1774108829,63.64722,0,4.07,85.48
e00fce68239f79db42ac9cb5,3/21/2026 13:00:33,,rainfall_0001,1774112428,72.24861,0,3.77,20.09
e00fce681282837e5d0586e0,3/21/2026 13:00:35,,rainfall,1774112429,61.26667,0,4.07,85.48
e00fce681282837e5d0586e0,3/21/2026 14:00:34,,rainfall,1774116029,60.89305,0,4.07,85.48
e00fce68239f79db42ac9cb5,3/21/2026 14:00:35,,rainfall_0001,1774116029,73.53056,0,3.77,20.09
e00fce68239f79db42ac9cb5,3/21/2026 15:00:34,,rainfall_0001,1774119630,73.58334,0,3.75,20.09
e00fce681282837e5d0586e0,3/21/2026 15:00:34,,rainfall,1774119630,59.82639,0,4.07,85.48
e00fce681282837e5d0586e0,3/21/2026 16:00:34,,rainfall,1774123230,58.30556,0,4.07,85.48
e00fce68239f79db42ac9cb5,3/21/2026 16:01:49,,rainfall_0001,1774123229,73.91666,0,3.75,20.52
e00fce68239f79db42ac9cb5,3/21/2026 17:00:35,,rainfall_0001,1774126829,74.1875,0,3.74,20.52
e00fce681282837e5d0586e0,3/21/2026 17:00:35,,rainfall,1774126829,51.65833,0,4.07,85.48
e00fce68239f79db42ac9cb5,3/21/2026 18:00:35,,rainfall_0001,1774130429,76.3625,0,3.73,20.52
e00fce681282837e5d0586e0,3/21/2026 18:00:39,,rainfall,1774130430,52.49028,0,4.07,85.48
e00fce681282837e5d0586e0,3/21/2026 19:00:35,,rainfall,1774134030,56.00278,0,4.07,85.48
e00fce68239f79db42ac9cb5,3/21/2026 19:00:37,,rainfall_0001,1774134030,76.43611,0,3.72,20.52
e00fce681282837e5d0586e0,3/21/2026 20:00:35,,rainfall,1774137630,61.30972,0,4.07,85.48
e00fce68239f79db42ac9cb5,3/21/2026 20:00:35,,rainfall_0001,1774137629,76.75278,0,3.71,20.09
e00fce68239f79db42ac9cb5,3/21/2026 21:00:34,,rainfall_0001,1774141228,76.4875,0,3.71,20.09
e00fce681282837e5d0586e0,3/21/2026 21:00:34,,rainfall,1774141229,63.56805,0,4.07,85.48
e00fce681282837e5d0586e0,3/21/2026 22:00:35,,rainfall,1774144829,63.18472,0,4.07,85.48
e00fce68239f79db42ac9cb5,3/21/2026 22:00:39,,rainfall_0001,1774144829,77.78056,0,3.69,20.09
e00fce68239f79db42ac9cb5,3/21/2026 23:00:36,,rainfall_0001,1774148430,77.7875,0,3.68,19.83
e00fce681282837e5d0586e0,3/21/2026 23:00:36,,rainfall,1774148430,63.51528,0,4.07,85.48
e00fce68239f79db42ac9cb5,3/22/2026 0:00:34,,rainfall_0001,1774152029,77.51806,0,3.69,19.83
e00fce681282837e5d0586e0,3/22/2026 0:00:36,,rainfall,1774152030,64.34861,0,4.07,85.48
e00fce68239f79db42ac9cb5,3/22/2026 1:00:34,,rainfall_0001,1774155629,78.15556,0,3.67,19.57
e00fce681282837e5d0586e0,3/22/2026 1:00:36,,rainfall,1774155630,65.05278,0,4.07,85.48
e00fce681282837e5d0586e0,3/22/2026 2:00:35,,rainfall,1774159230,65.12222,0,4.07,85.48
e00fce68239f79db42ac9cb5,3/22/2026 2:00:39,,rainfall_0001,1774159229,78.25694,0,3.67,19.57
e00fce68239f79db42ac9cb5,3/22/2026 3:00:35,,rainfall_0001,1774162829,79.08056,0,3.67,19.31
e00fce681282837e5d0586e0,3/22/2026 3:00:37,,rainfall,1774162829,65.30278,0,4.07,85.48
e00fce681282837e5d0586e0,3/22/2026 4:00:36,,rainfall,1774166430,64.78472,0,4.07,85.48
e00fce68239f79db42ac9cb5,3/22/2026 4:00:36,,rainfall_0001,1774166429,80.56111,0,3.66,19.05
e00fce681282837e5d0586e0,3/22/2026 5:00:35,,rainfall,1774170029,65.82639,0,4.07,85.34
e00fce68239f79db42ac9cb5,3/22/2026 5:00:38,,rainfall_0001,1774170029,80.48889,0,3.66,19.05
e00fce68239f79db42ac9cb5,3/22/2026 6:00:34,,rainfall_0001,1774173628,80.24722,0,3.64,18.8
e00fce681282837e5d0586e0,3/22/2026 6:00:35,,rainfall,1774173630,65.69722,0,4.07,85.34
e00fce681282837e5d0586e0,3/22/2026 7:00:37,,rainfall,1774177230,66.30695,0,4.07,85.34
e00fce68239f79db42ac9cb5,3/22/2026 7:00:38,,rainfall_0001,1774177229,80.84583,0,3.64,18.54
e00fce681282837e5d0586e0,3/22/2026 8:00:35,,rainfall,1774180829,65.50139,0,4.07,85.34
e00fce68239f79db42ac9cb5,3/22/2026 8:00:38,,rainfall_0001,1774180830,80.82083,0,3.63,18.28
e00fce68239f79db42ac9cb5,3/22/2026 9:00:36,,rainfall_0001,1774184429,80.44305,0,3.64,18.02
e00fce681282837e5d0586e0,3/22/2026 9:00:37,,rainfall,1774184430,59.71667,0,4.07,85.34
e00fce68239f79db42ac9cb5,3/22/2026 10:00:34,,rainfall_0001,1774188029,80.33611,0,3.64,17.76
e00fce681282837e5d0586e0,3/22/2026 10:00:35,,rainfall,1774188029,57.41111,0,4.07,85.34
e00fce681282837e5d0586e0,3/22/2026 11:00:36,,rainfall,1774191630,55.05278,0,4.07,85.34
e00fce68239f79db42ac9cb5,3/22/2026 11:00:36,,rainfall_0001,1774191629,80.00833,0,3.64,17.76
e00fce68239f79db42ac9cb5,3/22/2026 12:00:35,,rainfall_0001,1774195229,79.70556,0,3.64,17.5
e00fce681282837e5d0586e0,3/22/2026 12:00:38,,rainfall,1774195229,53.73333,0,4.07,85.34
e00fce68239f79db42ac9cb5,3/22/2026 13:00:36,,rainfall_0001,1774198829,79.99583,0,3.64,17.24
e00fce681282837e5d0586e0,3/22/2026 13:00:38,,rainfall,1774198829,53.07778,0,4.07,85.34
e00fce681282837e5d0586e0,3/22/2026 14:00:35,,rainfall,1774202429,52.84444,0,4.07,85.34
e00fce68239f79db42ac9cb5,3/22/2026 14:00:35,,rainfall_0001,1774202430,79.75555,0,3.64,16.98
e00fce68239f79db42ac9cb5,3/22/2026 15:00:36,,rainfall_0001,1774206029,79.75,0,3.64,16.73
e00fce681282837e5d0586e0,3/22/2026 15:00:37,,rainfall,1774206029,53.51944,0,4.07,85.34
e00fce681282837e5d0586e0,3/22/2026 16:00:37,,rainfall,1774209629,51.12917,0,4.07,85.34
e00fce68239f79db42ac9cb5,3/22/2026 16:00:44,,rainfall_0001,1774209629,80.8375,0,3.62,16.73
e00fce68239f79db42ac9cb5,3/22/2026 17:00:35,,rainfall_0001,1774213230,81.04444,0,3.62,16.21
e00fce681282837e5d0586e0,3/22/2026 17:00:37,,rainfall,1774213230,49.11666,0,4.07,85.34
e00fce681282837e5d0586e0,3/22/2026 18:00:39,,rainfall,1774216829,48.45278,0,4.07,85.34
e00fce68239f79db42ac9cb5,3/22/2026 18:00:33,,rainfall_0001,1774216829,81.39584,0,3.62,15.95
e00fce68239f79db42ac9cb5,3/22/2026 19:00:31,,rainfall_0001,1774220428,82.24028,0,3.62,15.69
e00fce681282837e5d0586e0,3/22/2026 19:00:36,,rainfall,1774220429,53.17916,0,4.07,85.34
e00fce681282837e5d0586e0,3/22/2026 20:00:36,,rainfall,1774224029,55.92361,0,4.07,85.34
e00fce68239f79db42ac9cb5,3/22/2026 20:00:47,,rainfall_0001,1774224029,82.38889,0,3.61,15.43
e00fce68239f79db42ac9cb5,3/22/2026 21:00:34,,rainfall_0001,1774227629,82.61945,0,3.61,15.17
e00fce681282837e5d0586e0,3/22/2026 21:00:47,,rainfall,1774227629,57.0375,0,4.07,85.34
e00fce68239f79db42ac9cb5,3/22/2026 22:00:33,,rainfall_0001,1774231229,83.66389,0,3.61,14.91
e00fce681282837e5d0586e0,3/22/2026 22:00:34,,rainfall,1774231229,59.01111,0,4.07,85.34
e00fce68239f79db42ac9cb5,3/22/2026 23:00:31,,rainfall_0001,1774234829,83.90278,0,3.6,14.66
e00fce681282837e5d0586e0,3/22/2026 23:00:31,,rainfall,1774234830,59.62778,0,4.07,85.34
e00fce681282837e5d0586e0,3/23/2026 0:00:30,,rainfall,1774238429,59.5875,0,4.07,85.34
e00fce68239f79db42ac9cb5,3/23/2026 0:00:39,,rainfall_0001,1774238430,84.08056,0,3.6,14.4
e00fce68239f79db42ac9cb5,3/23/2026 1:00:32,,rainfall_0001,1774242029,84.59444,0,3.6,13.88
e00fce681282837e5d0586e0,3/23/2026 1:00:34,,rainfall,1774242030,59.86389,0,4.07,85.34
e00fce681282837e5d0586e0,3/23/2026 2:00:30,,rainfall,1774245629,61.07639,0,4.07,85.34
e00fce68239f79db42ac9cb5,3/23/2026 2:00:36,,rainfall_0001,1774245630,84.83056,0,3.59,13.62
e00fce68239f79db42ac9cb5,3/23/2026 3:00:32,,rainfall_0001,1774249230,81.64445,0,3.58,13.36
e00fce681282837e5d0586e0,3/23/2026 3:00:32,,rainfall,1774249229,62.16389,0,4.07,85.34
e00fce681282837e5d0586e0,3/23/2026 4:00:32,,rainfall,1774252830,62.05833,0,4.07,85.34
e00fce68239f79db42ac9cb5,3/23/2026 4:00:31,,rainfall_0001,1774252829,78.09722,0,3.58,13.1
e00fce681282837e5d0586e0,3/23/2026 5:00:32,,rainfall,1774256430,61.10556,0,4.07,85.34
e00fce68239f79db42ac9cb5,3/23/2026 5:00:31,,rainfall_0001,1774256429,76.54166,0,3.57,12.84
e00fce681282837e5d0586e0,3/23/2026 6:00:31,,rainfall,1774260029,61.22083,0,4.07,85.34
e00fce68239f79db42ac9cb5,3/23/2026 6:00:34,,rainfall_0001,1774260031,73.83889,0,3.58,12.33
e00fce681282837e5d0586e0,3/23/2026 7:00:32,,rainfall,1774263629,62.1125,0,4.07,85.34
e00fce68239f79db42ac9cb5,3/23/2026 7:01:37,,rainfall_0001,1774263629,68.80556,0,3.57,12.07
e00fce68239f79db42ac9cb5,3/23/2026 8:00:32,,rainfall_0001,1774267230,72.86389,0,3.56,11.03
e00fce681282837e5d0586e0,3/23/2026 8:00:32,,rainfall,1774267230,61.25278,0,4.07,85.34
e00fce681282837e5d0586e0,3/23/2026 9:00:33,,rainfall,1774270829,54.76111,0,4.07,85.34
e00fce68239f79db42ac9cb5,3/23/2026 9:00:36,,rainfall_0001,1774270830,68.60833,0,3.56,10.77
e00fce681282837e5d0586e0,3/23/2026 10:00:32,,rainfall,1774274429,51.21944,0,4.07,85.34
e00fce68239f79db42ac9cb5,3/23/2026 10:00:34,,rainfall_0001,1774274430,65.08472,0,3.56,10.26
e00fce68239f79db42ac9cb5,3/23/2026 11:00:32,,rainfall_0001,1774278029,63.71667,0,3.56,10
e00fce681282837e5d0586e0,3/23/2026 11:00:38,,rainfall,1774278030,49.57917,0,4.07,85.34
e00fce681282837e5d0586e0,3/23/2026 12:00:32,,rainfall,1774281630,47.51944,0,4.07,85.34
e00fce68239f79db42ac9cb5,3/23/2026 12:00:38,,rainfall_0001,1774281629,61.41389,0,3.55,9.74
e00fce681282837e5d0586e0,3/23/2026 13:00:34,,rainfall,1774285229,47.37083,0,4.07,85.34
e00fce68239f79db42ac9cb5,3/23/2026 13:00:34,,rainfall_0001,1774285229,60.25694,0,3.55,9.22
e00fce681282837e5d0586e0,3/23/2026 14:00:36,,rainfall,1774288830,46.8375,0,4.07,85.34
e00fce68239f79db42ac9cb5,3/23/2026 14:00:35,,rainfall_0001,1774288829,61.39444,0,3.55,8.96
e00fce681282837e5d0586e0,3/23/2026 15:00:32,,rainfall,1774292429,46.24861,0,4.07,85.34
e00fce68239f79db42ac9cb5,3/23/2026 15:00:36,,rainfall_0001,1774292429,61.81944,0,3.54,8.46
e00fce68239f79db42ac9cb5,3/23/2026 16:00:34,,rainfall_0001,1774296029,64.1625,0,3.53,8.09
e00fce681282837e5d0586e0,3/23/2026 16:00:35,,rainfall,1774296030,45.77361,0,4.07,85.34
e00fce68239f79db42ac9cb5,3/23/2026 17:00:33,,rainfall_0001,1774299630,64.56805,0,3.52,7.72
e00fce681282837e5d0586e0,3/23/2026 17:00:38,,rainfall,1774299630,45.50694,0,4.07,85.34
e00fce681282837e5d0586e0,3/23/2026 18:00:32,,rainfall,1774303229,45.61666,0,4.07,85.34
e00fce68239f79db42ac9cb5,3/23/2026 18:00:35,,rainfall_0001,1774303230,66.0875,0,3.53,7.35
e00fce681282837e5d0586e0,3/23/2026 19:00:33,,rainfall,1774306830,52.02639,0,4.07,85.34
e00fce68239f79db42ac9cb5,3/23/2026 19:00:35,,rainfall_0001,1774306830,66.25417,0,3.51,6.86
e00fce681282837e5d0586e0,3/23/2026 20:00:33,,rainfall,1774310430,54.13472,0,4.07,85.2
e00fce68239f79db42ac9cb5,3/23/2026 20:00:35,,rainfall_0001,1774310431,67.70834,0,3.51,6.49
e00fce68239f79db42ac9cb5,3/23/2026 21:00:31,,rainfall_0001,1774314028,67.16666,0,3.49,6.12
e00fce681282837e5d0586e0,3/23/2026 21:00:31,,rainfall,1774314028,55.74583,0,4.07,85.2
e00fce681282837e5d0586e0,3/23/2026 22:00:32,,rainfall,1774317629,53.81528,0,4.07,85.2
e00fce68239f79db42ac9cb5,3/23/2026 22:00:34,,rainfall_0001,1774317631,68.13611,0,3.5,5.74
e00fce681282837e5d0586e0,3/23/2026 23:00:33,,rainfall,1774321230,59.83194,0,4.07,85.2
e00fce68239f79db42ac9cb5,3/23/2026 23:00:38,,rainfall_0001,1774321229,68.46389,0,3.49,5.4
e00fce68239f79db42ac9cb5,3/24/2026 0:00:34,,rainfall_0001,1774324830,68.62083,0,3.48,4.89
e00fce681282837e5d0586e0,3/24/2026 0:00:33,,rainfall,1774324829,64.09722,0,4.07,85.2
e00fce68239f79db42ac9cb5,3/24/2026 1:00:35,,rainfall_0001,1774328429,68.63889,0,3.47,4.55
e00fce681282837e5d0586e0,3/24/2026 1:00:35,,rainfall,1774328429,64.93472,0,4.07,85.2
e00fce68239f79db42ac9cb5,3/24/2026 2:00:33,,rainfall_0001,1774332030,72.69305,0,3.46,4.13
e00fce681282837e5d0586e0,3/24/2026 2:00:34,,rainfall,1774332029,65.66666,0,4.07,85.2
e00fce68239f79db42ac9cb5,3/24/2026 3:00:34,,rainfall_0001,1774335630,69.04166,0,3.46,3.7
e00fce681282837e5d0586e0,3/24/2026 3:00:34,,rainfall,1774335629,67.08611,0,4.07,85.2
e00fce681282837e5d0586e0,3/24/2026 4:00:35,,rainfall,1774339229,68.42639,0,4.07,85.2
e00fce68239f79db42ac9cb5,3/24/2026 4:00:35,,rainfall_0001,1774339229,66.84306,0,3.42,3.36
e00fce681282837e5d0586e0,3/24/2026 5:00:38,,rainfall,1774342829,69.49861,0,4.07,85.2
e00fce68239f79db42ac9cb5,3/24/2026 5:00:43,,rainfall_0001,1774342829,64.88889,0,3.44,2.85
e00fce681282837e5d0586e0,3/24/2026 6:00:33,,rainfall,1774346429,70.52084,0,4.07,85.2
e00fce68239f79db42ac9cb5,3/24/2026 6:00:40,,rainfall_0001,1774346429,64.21944,0,3.42,2.38
e00fce68239f79db42ac9cb5,3/24/2026 7:00:33,,rainfall_0001,1774350030,60.96528,0,3.39,2.1
e00fce681282837e5d0586e0,3/24/2026 7:00:33,,rainfall,1774350029,71.89584,0,4.07,85.2
e00fce681282837e5d0586e0,3/24/2026 8:00:38,,rainfall,1774353629,71.92083,0,4.07,85.2
e00fce68239f79db42ac9cb5,3/24/2026 8:00:40,,rainfall_0001,1774353630,62.62639,0,3.4,1.88
e00fce681282837e5d0586e0,3/24/2026 9:00:35,,rainfall,1774357229,69.48473,0,4.07,85.2
e00fce68239f79db42ac9cb5,3/24/2026 9:00:42,,rainfall_0001,1774357229,59.21389,0,3.39,1.63
e00fce68239f79db42ac9cb5,3/24/2026 10:00:35,,rainfall_0001,1774360829,55.67361,0,3.39,1.37
e00fce681282837e5d0586e0,3/24/2026 10:00:35,,rainfall,1774360829,66.71667,0,4.07,85.2
e00fce68239f79db42ac9cb5,3/24/2026 11:00:36,,rainfall_0001,1774364430,54.06528,0,3.37,1.17
e00fce681282837e5d0586e0,3/24/2026 11:00:34,,rainfall,1774364430,64.59722,0,4.07,85.2
e00fce68239f79db42ac9cb5,3/24/2026 12:00:33,,rainfall_0001,1774368029,53.10139,0,3.32,0.95
e00fce681282837e5d0586e0,3/24/2026 12:00:35,,rainfall,1774368029,63.46667,0,4.07,85.2
e00fce681282837e5d0586e0,3/24/2026 13:00:38,,rainfall,1774371630,65.24167,0,4.07,85.2
e00fce68239f79db42ac9cb5,3/24/2026 13:02:15,,rainfall_0001,1774371629,50.97222,0,3.28,0.73
e00fce68239f79db42ac9cb5,3/24/2026 14:00:34,,rainfall_0001,1774375229,52.46528,0,3.16,0.08
e00fce681282837e5d0586e0,3/24/2026 14:00:36,,rainfall,1774375228,64.33056,0,4.07,85.2
e00fce68239f79db42ac9cb5,3/24/2026 15:00:35,,rainfall_0001,1774378830,53.90694,0,3.1,0.05
e00fce681282837e5d0586e0,3/24/2026 15:00:37,,rainfall,1774378830,62.80695,0,4.07,85.2
e00fce681282837e5d0586e0,3/24/2026 16:00:36,,rainfall,1774382429,61.26528,0,4.07,85.2
e00fce681282837e5d0586e0,3/24/2026 16:00:36,,rainfall,1774382429,61.26528,0,4.07,85.2
e00fce681282837e5d0586e0,3/24/2026 16:00:36,,rainfall,1774382429,61.26528,0,4.07,85.2
e00fce681282837e5d0586e0,3/24/2026 17:00:38,,rainfall,1774386029,63.08889,0,4.07,85.2
e00fce681282837e5d0586e0,3/24/2026 18:00:38,,rainfall,1774389629,64.58611,0,4.07,85.2
e00fce681282837e5d0586e0,3/24/2026 19:00:36,,rainfall,1774393229,69.25555,0,4.07,85.2
e00fce681282837e5d0586e0,3/24/2026 20:00:36,,rainfall,1774396831,71.20139,0,4.07,85.2
e00fce681282837e5d0586e0,3/24/2026 21:00:34,,rainfall,1774400429,70.74167,0,4.07,85.2
e00fce681282837e5d0586e0,3/24/2026 22:00:35,,rainfall,1774404030,72.12778,0,4.07,85.2
e00fce681282837e5d0586e0,3/24/2026 23:00:35,,rainfall,1774407630,72.94722,0,4.07,85.2
e00fce681282837e5d0586e0,3/25/2026 0:00:35,,rainfall,1774411230,73.97778,0,4.07,85.2
e00fce681282837e5d0586e0,3/25/2026 1:00:37,,rainfall,1774414829,73.30278,0,4.07,85.2
e00fce681282837e5d0586e0,3/25/2026 2:00:35,,rainfall,1774418429,73.37083,0,4.07,85.2
e00fce681282837e5d0586e0,3/25/2026 3:00:35,,rainfall,1774422030,72.57361,0,4.07,85.2
e00fce681282837e5d0586e0,3/25/2026 4:00:37,,rainfall,1774425629,71.40139,0,4.07,85.2
e00fce681282837e5d0586e0,3/25/2026 5:00:35,,rainfall,1774429230,72.08611,0,4.07,85.2
e00fce681282837e5d0586e0,3/25/2026 6:00:39,,rainfall,1774432830,72.1625,0,4.07,85.2
e00fce681282837e5d0586e0,3/25/2026 7:00:35,,rainfall,1774436429,71.96667,0,4.07,85.05
e00fce681282837e5d0586e0,3/25/2026 8:00:36,,rainfall,1774440030,71.32917,0,4.07,85.05
e00fce681282837e5d0586e0,3/25/2026 9:00:39,,rainfall,1774443630,70.38611,0,4.07,85.05
e00fce681282837e5d0586e0,3/25/2026 10:00:38,,rainfall,1774447229,66.83611,0,4.07,85.05
e00fce681282837e5d0586e0,3/25/2026 11:00:36,,rainfall,1774450830,61.65833,0,4.07,85.05
e00fce681282837e5d0586e0,3/25/2026 12:00:42,,rainfall,1774454429,57.50834,0,4.07,85.05
e00fce681282837e5d0586e0,3/25/2026 13:00:39,,rainfall,1774458030,56.18889,0,4.07,85.05
e00fce681282837e5d0586e0,3/25/2026 14:00:44,,rainfall,1774461629,58.20278,0,4.07,85.05
e00fce681282837e5d0586e0,3/25/2026 15:00:40,,rainfall,1774465229,56.0125,0,4.07,85.05
e00fce681282837e5d0586e0,3/25/2026 16:00:36,,rainfall,1774468829,54.44444,0,4.07,85.05
e00fce681282837e5d0586e0,3/25/2026 17:00:38,,rainfall,1774472430,53.1875,0,4.07,85.05
e00fce681282837e5d0586e0,3/25/2026 18:00:35,,rainfall,1774476029,53.66389,0,4.07,85.05
e00fce681282837e5d0586e0,3/25/2026 19:00:37,,rainfall,1774479630,61.03889,0,4.07,85.05
e00fce681282837e5d0586e0,3/25/2026 20:00:37,,rainfall,1774483230,65.09444,0,4.07,85.05
e00fce681282837e5d0586e0,3/25/2026 21:00:44,,rainfall,1774486829,66.2375,0,4.07,85.05
e00fce681282837e5d0586e0,3/25/2026 22:00:32,,rainfall,1774490429,66.94444,0,4.07,85.05
e00fce681282837e5d0586e0,3/25/2026 23:00:31,,rainfall,1774494029,67.73055,0,4.07,85.05
e00fce681282837e5d0586e0,3/26/2026 0:00:34,,rainfall,1774497629,67.8375,0,4.07,85.05
e00fce681282837e5d0586e0,3/26/2026 1:00:33,,rainfall,1774501229,67.67917,0,4.07,85.05
e00fce681282837e5d0586e0,3/26/2026 2:00:37,,rainfall,1774504829,67.56389,0,4.07,85.05
e00fce681282837e5d0586e0,3/26/2026 3:00:35,,rainfall,1774508429,67.97222,0,4.07,85.05
e00fce681282837e5d0586e0,3/26/2026 4:00:32,,rainfall,1774512030,68.32083,0,4.07,85.05
e00fce681282837e5d0586e0,3/26/2026 5:00:36,,rainfall,1774515630,68.08611,0,4.07,85.05
e00fce681282837e5d0586e0,3/26/2026 6:00:35,,rainfall,1774519230,68.64027,0,4.07,85.05
e00fce681282837e5d0586e0,3/26/2026 7:00:33,,rainfall,1774522830,67.35416,0,4.07,85.05
e00fce681282837e5d0586e0,3/26/2026 8:00:34,,rainfall,1774526429,65.97916,0,4.06,85.05
e00fce681282837e5d0586e0,3/26/2026 9:00:32,,rainfall,1774530029,60.36389,0,4.07,85.05
e00fce681282837e5d0586e0,3/26/2026 10:00:33,,rainfall,1774533629,55.34306,0,4.07,85.05
e00fce681282837e5d0586e0,3/26/2026 11:00:32,,rainfall,1774537229,51,0,4.07,85.05
e00fce681282837e5d0586e0,3/26/2026 12:00:33,,rainfall,1774540830,47.73195,0,4.07,85.05
e00fce681282837e5d0586e0,3/26/2026 13:00:33,,rainfall,1774544429,48.41528,0,4.06,85.05
e00fce681282837e5d0586e0,3/26/2026 14:00:34,,rainfall,1774548030,47.22222,0,4.06,85.05
e00fce681282837e5d0586e0,3/26/2026 15:00:35,,rainfall,1774551630,48.13889,0,4.06,85.05
e00fce681282837e5d0586e0,3/26/2026 16:00:34,,rainfall,1774555230,47.13472,0,4.06,85.05
e00fce681282837e5d0586e0,3/26/2026 17:00:43,,rainfall,1774558829,47.1,0,4.06,85.05
e00fce681282837e5d0586e0,3/26/2026 18:00:38,,rainfall,1774562430,47.89444,0,4.06,85.05
e00fce681282837e5d0586e0,3/26/2026 19:00:34,,rainfall,1774566030,55.22083,0,4.06,85.05
e00fce681282837e5d0586e0,3/26/2026 20:00:33,,rainfall,1774569629,59.15694,0,4.06,85.05
e00fce681282837e5d0586e0,3/26/2026 21:00:36,,rainfall,1774573229,60.53889,0,4.06,85.05
e00fce681282837e5d0586e0,3/26/2026 22:00:37,,rainfall,1774576829,60.65556,0,4.06,85.05
e00fce681282837e5d0586e0,3/26/2026 23:00:34,,rainfall,1774580430,60.75555,0,4.06,85.05
e00fce681282837e5d0586e0,3/27/2026 0:00:35,,rainfall,1774584030,60.32361,0,4.06,85.05
e00fce681282837e5d0586e0,3/27/2026 1:00:34,,rainfall,1774587629,60.60833,0,4.06,85.05
e00fce681282837e5d0586e0,3/27/2026 2:00:34,,rainfall,1774591230,60.50834,0,4.06,85.05
e00fce681282837e5d0586e0,3/27/2026 3:00:34,,rainfall,1774594829,60.99028,0,4.06,85.05
e00fce681282837e5d0586e0,3/27/2026 4:00:36,,rainfall,1774598430,61.12083,0,4.06,85.05
e00fce681282837e5d0586e0,3/27/2026 5:01:20,,rainfall,1774602029,61.28333,0,4.06,84.91
e00fce681282837e5d0586e0,3/27/2026 6:00:30,,rainfall,1774605625,61.55,0,4.06,84.91
e00fce681282837e5d0586e0,3/27/2026 7:00:24,,rainfall,1774609219,61.60695,0,4.06,84.91
e00fce681282837e5d0586e0,3/27/2026 8:00:37,,rainfall,1774612829,60.0375,0,4.06,84.91
e00fce681282837e5d0586e0,3/27/2026 9:00:34,,rainfall,1774616429,54.28889,0,4.06,84.91
e00fce681282837e5d0586e0,3/27/2026 10:00:34,,rainfall,1774620029,50.27639,0,4.06,84.91
e00fce681282837e5d0586e0,3/27/2026 11:00:38,,rainfall,1774623629,47.99028,0,4.06,84.91
e00fce681282837e5d0586e0,3/27/2026 12:00:34,,rainfall,1774627229,47.71944,0,4.06,84.91
e00fce681282837e5d0586e0,3/27/2026 13:00:35,,rainfall,1774630830,46.52917,0,4.06,84.91
e00fce681282837e5d0586e0,3/27/2026 14:00:35,,rainfall,1774634429,45.71111,0,4.06,84.91
e00fce681282837e5d0586e0,3/27/2026 15:00:36,,rainfall,1774638029,44.90139,0,4.06,84.91
e00fce681282837e5d0586e0,3/27/2026 16:00:35,,rainfall,1774641629,44.45833,0,4.06,84.91
e00fce681282837e5d0586e0,3/27/2026 17:00:40,,rainfall,1774645229,44.35139,0,4.06,84.91
e00fce681282837e5d0586e0,3/27/2026 18:00:34,,rainfall,1774648829,45.21806,0,4.06,84.91
e00fce681282837e5d0586e0,3/27/2026 19:00:35,,rainfall,1774652429,51.46944,0,4.06,84.91
e00fce681282837e5d0586e0,3/27/2026 20:00:37,,rainfall,1774656029,56.19444,0,4.06,84.91
e00fce681282837e5d0586e0,3/27/2026 21:00:35,,rainfall,1774659629,57.33194,0,4.06,84.91
e00fce681282837e5d0586e0,3/27/2026 22:00:36,,rainfall,1774663230,58.43195,0,4.06,84.91
e00fce681282837e5d0586e0,3/27/2026 23:00:41,,rainfall,1774666830,58.37778,0,4.06,84.91
e00fce681282837e5d0586e0,3/28/2026 0:00:36,,rainfall,1774670429,58.74166,0,4.06,84.91
e00fce681282837e5d0586e0,3/28/2026 1:00:40,,rainfall,1774674029,60.88334,0,4.06,84.91
e00fce681282837e5d0586e0,3/28/2026 2:00:35,,rainfall,1774677629,63.85833,0,4.06,84.91
e00fce681282837e5d0586e0,3/28/2026 3:00:38,,rainfall,1774681229,65.60973,0,4.06,84.91
e00fce681282837e5d0586e0,3/28/2026 4:00:40,,rainfall,1774684829,66.03889,0,4.06,84.91
e00fce681282837e5d0586e0,3/28/2026 5:00:36,,rainfall,1774688430,66.95972,0,4.06,84.91
e00fce681282837e5d0586e0,3/28/2026 6:00:40,,rainfall,1774692029,68.28194,0,4.06,84.91
e00fce681282837e5d0586e0,3/28/2026 7:00:36,,rainfall,1774695629,68.77917,0,4.06,84.91
e00fce681282837e5d0586e0,3/28/2026 8:00:36,,rainfall,1774699230,69.26389,0,4.06,84.91
e00fce681282837e5d0586e0,3/28/2026 9:00:42,,rainfall,1774702829,71.99306,1.12,4.06,84.91
e00fce681282837e5d0586e0,3/28/2026 10:00:37,,rainfall,1774706429,69.17917,0,4.06,84.91
e00fce681282837e5d0586e0,3/28/2026 11:00:39,,rainfall,1774710029,64.04305,0,4.06,84.91
e00fce681282837e5d0586e0,3/28/2026 12:00:36,,rainfall,1774713629,63.75139,0,4.06,84.91
e00fce681282837e5d0586e0,3/28/2026 13:00:38,,rainfall,1774717229,62.84028,0,4.06,84.91
e00fce681282837e5d0586e0,3/28/2026 14:00:42,,rainfall,1774720829,62.95555,0,4.06,84.91
e00fce681282837e5d0586e0,3/28/2026 15:00:36,,rainfall,1774724429,62.62917,0,4.06,84.77
e00fce681282837e5d0586e0,3/28/2026 16:00:37,,rainfall,1774728030,61.87778,0,4.06,84.77
e00fce681282837e5d0586e0,3/28/2026 17:00:37,,rainfall,1774731629,61.70417,0,4.06,84.77
e00fce681282837e5d0586e0,3/28/2026 18:00:39,,rainfall,1774735229,61.34444,0,4.06,84.77
e00fce681282837e5d0586e0,3/28/2026 19:00:45,,rainfall,1774738829,66.5125,0,4.06,84.77
e00fce681282837e5d0586e0,3/28/2026 20:00:38,,rainfall,1774742429,69.02917,0,4.06,84.77
e00fce681282837e5d0586e0,3/28/2026 21:00:48,,rainfall,1774746029,70.67778,0,4.06,84.77
e00fce681282837e5d0586e0,3/28/2026 22:00:34,,rainfall,1774749630,71.56528,0,4.06,84.77
e00fce681282837e5d0586e0,3/28/2026 23:00:37,,rainfall,1774753229,71.60694,0,4.06,84.77
e00fce681282837e5d0586e0,3/29/2026 0:00:30,,rainfall,1774756829,71.22083,0,4.06,84.77
e00fce681282837e5d0586e0,3/29/2026 1:00:30,,rainfall,1774760429,71.3875,0,4.06,84.77
e00fce681282837e5d0586e0,3/29/2026 2:00:34,,rainfall,1774764029,71.63055,0,4.06,84.77
e00fce681282837e5d0586e0,3/29/2026 3:00:30,,rainfall,1774767629,71.53889,0,4.06,84.77
e00fce681282837e5d0586e0,3/29/2026 4:00:30,,rainfall,1774771229,71.94028,0,4.06,84.77
e00fce681282837e5d0586e0,3/29/2026 5:00:31,,rainfall,1774774829,71.79305,0,4.06,84.77
e00fce681282837e5d0586e0,3/29/2026 6:00:34,,rainfall,1774778429,71.7875,0,4.06,84.77
e00fce681282837e5d0586e0,3/29/2026 7:00:31,,rainfall,1774782029,71.79305,0,4.06,84.77
e00fce681282837e5d0586e0,3/29/2026 8:00:35,,rainfall,1774785629,70.19028,0,4.06,84.77
e00fce681282837e5d0586e0,3/29/2026 9:00:31,,rainfall,1774789229,66.06805,0,4.06,84.77
e00fce681282837e5d0586e0,3/29/2026 10:00:37,,rainfall,1774792829,64.46528,0,4.06,84.77
e00fce681282837e5d0586e0,3/29/2026 11:00:32,,rainfall,1774796429,64.18333,0,4.06,84.77
e00fce681282837e5d0586e0,3/29/2026 12:00:31,,rainfall,1774800029,61.55695,0,4.06,84.77
e00fce681282837e5d0586e0,3/29/2026 13:00:31,,rainfall,1774803629,60.85833,0,4.06,84.77
e00fce681282837e5d0586e0,3/29/2026 14:00:32,,rainfall,1774807229,60.76944,0,4.06,84.77
e00fce681282837e5d0586e0,3/29/2026 15:00:32,,rainfall,1774810830,59.62778,0,4.06,84.77
e00fce681282837e5d0586e0,3/29/2026 16:00:34,,rainfall,1774814429,56.92083,0,4.06,84.77
e00fce681282837e5d0586e0,3/29/2026 17:00:34,,rainfall,1774818029,55.72222,0,4.06,84.77
e00fce681282837e5d0586e0,3/29/2026 18:00:32,,rainfall,1774821629,59.11806,0,4.06,84.77
e00fce681282837e5d0586e0,3/29/2026 19:00:33,,rainfall,1774825230,62.71944,0,4.06,84.77
e00fce681282837e5d0586e0,3/29/2026 20:00:35,,rainfall,1774828829,66.58195,0,4.06,84.77
e00fce681282837e5d0586e0,3/29/2026 21:00:36,,rainfall,1774832429,68.11528,0,4.06,84.77
e00fce681282837e5d0586e0,3/29/2026 22:00:33,,rainfall,1774836030,68.73194,0,4.06,84.77
e00fce681282837e5d0586e0,3/29/2026 23:00:36,,rainfall,1774839629,69.2,0,4.06,84.77
e00fce681282837e5d0586e0,3/30/2026 0:00:35,,rainfall,1774843230,68.28194,0,4.06,84.77
e00fce681282837e5d0586e0,3/30/2026 1:00:34,,rainfall,1774846829,69.09306,0,4.06,84.77
e00fce681282837e5d0586e0,3/30/2026 2:00:32,,rainfall,1774850429,69.99722,0,4.06,84.77
e00fce681282837e5d0586e0,3/30/2026 3:00:35,,rainfall,1774854029,70.72083,0,4.06,84.77
e00fce681282837e5d0586e0,3/30/2026 4:00:33,,rainfall,1774857629,70.59028,0,4.06,84.77
e00fce681282837e5d0586e0,3/30/2026 5:00:35,,rainfall,1774861229,70.93195,0,4.06,84.77
e00fce681282837e5d0586e0,3/30/2026 6:00:33,,rainfall,1774864830,70.96806,0,4.06,84.77
e00fce681282837e5d0586e0,3/30/2026 7:00:33,,rainfall,1774868429,71.16944,0,4.06,84.77
e00fce681282837e5d0586e0,3/30/2026 8:00:35,,rainfall,1774872029,67.81944,0,4.06,84.77
e00fce681282837e5d0586e0,3/30/2026 9:00:33,,rainfall,1774875629,59.16528,0,4.06,84.77
e00fce681282837e5d0586e0,3/30/2026 10:00:38,,rainfall,1774879229,55.70278,0,4.06,84.77
e00fce681282837e5d0586e0,3/30/2026 11:00:36,,rainfall,1774882829,52.56667,0,4.06,84.77
e00fce681282837e5d0586e0,3/30/2026 12:00:44,,rainfall,1774886429,52.79722,0,4.06,84.77
e00fce681282837e5d0586e0,3/30/2026 13:00:33,,rainfall,1774890029,52.73056,0,4.06,84.77
e00fce681282837e5d0586e0,3/30/2026 14:00:36,,rainfall,1774893629,51.01805,0,4.06,84.77
e00fce681282837e5d0586e0,3/30/2026 15:00:33,,rainfall,1774897228,50.63194,0,4.06,84.77
e00fce681282837e5d0586e0,3/30/2026 16:00:34,,rainfall,1774900830,49.58333,0,4.06,84.62
e00fce681282837e5d0586e0,3/30/2026 17:00:38,,rainfall,1774904428,50.11806,0,4.06,84.62
e00fce681282837e5d0586e0,3/30/2026 18:00:34,,rainfall,1774908029,50.6,0,4.06,84.62
e00fce681282837e5d0586e0,3/30/2026 19:00:34,,rainfall,1774911629,56.69584,0,4.06,84.62
e00fce681282837e5d0586e0,3/30/2026 20:00:34,,rainfall,1774915229,60.99445,0,4.06,84.62
e00fce681282837e5d0586e0,3/30/2026 21:00:43,,rainfall,1774918829,62.225,0,4.06,84.62
e00fce681282837e5d0586e0,3/30/2026 22:00:36,,rainfall,1774922429,62.20278,0,4.06,84.62
e00fce681282837e5d0586e0,3/30/2026 23:00:33,,rainfall,1774926028,61.99583,0,4.06,84.62
e00fce681282837e5d0586e0,3/31/2026 0:00:34,,rainfall,1774929629,63.34444,0,4.06,84.62
e00fce681282837e5d0586e0,3/31/2026 1:00:37,,rainfall,1774933229,64.31111,0,4.06,84.62
e00fce681282837e5d0586e0,3/31/2026 2:00:34,,rainfall,1774936829,64.90139,0,4.06,84.62
e00fce681282837e5d0586e0,3/31/2026 3:00:34,,rainfall,1774940429,65.3,0,4.06,84.62
e00fce681282837e5d0586e0,3/31/2026 4:00:37,,rainfall,1774944029,64.97916,0,4.06,84.62
e00fce681282837e5d0586e0,3/31/2026 5:00:36,,rainfall,1774947629,64.25555,0,4.06,84.62
e00fce681282837e5d0586e0,3/31/2026 6:00:37,,rainfall,1774951230,64.86111,0,4.06,84.62
e00fce681282837e5d0586e0,3/31/2026 7:00:37,,rainfall,1774954829,65.50139,0,4.06,84.62
e00fce681282837e5d0586e0,3/31/2026 8:00:35,,rainfall,1774958430,63.39861,0,4.06,84.62
e00fce681282837e5d0586e0,3/31/2026 9:00:38,,rainfall,1774962029,55.1875,0,4.06,84.62
e00fce681282837e5d0586e0,3/31/2026 10:00:36,,rainfall,1774965629,51.40278,0,4.06,84.62
e00fce681282837e5d0586e0,3/31/2026 11:00:36,,rainfall,1774969229,48.98611,0,4.06,84.62
e00fce681282837e5d0586e0,3/31/2026 12:00:36,,rainfall,1774972829,47.89861,0,4.06,84.62
e00fce681282837e5d0586e0,3/31/2026 13:00:38,,rainfall,1774976429,47.33055,0,4.06,84.62
e00fce681282837e5d0586e0,3/31/2026 14:00:37,,rainfall,1774980029,47.50278,0,4.06,84.62
e00fce681282837e5d0586e0,3/31/2026 15:00:35,,rainfall,1774983629,47.60139,0,4.06,84.62
e00fce681282837e5d0586e0,3/31/2026 16:00:41,,rainfall,1774987229,48.14444,0,4.06,84.62
e00fce681282837e5d0586e0,3/31/2026 17:00:37,,rainfall,1774990829,46.92222,0,4.06,84.62
e00fce681282837e5d0586e0,3/31/2026 18:00:35,,rainfall,1774994429,47.14722,0,4.06,84.62
e00fce681282837e5d0586e0,3/31/2026 19:00:35,,rainfall,1774998029,53.03333,0,4.06,84.62
e00fce681282837e5d0586e0,3/31/2026 20:00:35,,rainfall,1775001629,57.89444,0,4.06,84.62
e00fce681282837e5d0586e0,3/31/2026 21:00:44,,rainfall,1775005229,59.54583,0,4.06,84.62
e00fce681282837e5d0586e0,3/31/2026 22:00:33,,rainfall,1775008829,60.07361,0,4.06,84.62
e00fce681282837e5d0586e0,3/31/2026 23:00:32,,rainfall,1775012430,60.26111,0,4.06,84.62
e00fce681282837e5d0586e0,4/1/2026 0:00:31,,rainfall,1775016029,60.64028,0,4.06,84.62
e00fce681282837e5d0586e0,4/1/2026 1:00:32,,rainfall,1775019629,60.50278,0,4.06,84.62
e00fce681282837e5d0586e0,4/1/2026 2:00:32,,rainfall,1775023229,61.10417,0,4.06,84.62
e00fce681282837e5d0586e0,4/1/2026 3:00:32,,rainfall,1775026829,61.775,0,4.06,84.62
e00fce681282837e5d0586e0,4/1/2026 4:00:32,,rainfall,1775030429,62.3375,0,4.06,84.48
e00fce681282837e5d0586e0,4/1/2026 5:00:32,,rainfall,1775034029,63.65972,0,4.06,84.48
e00fce681282837e5d0586e0,4/1/2026 6:00:34,,rainfall,1775037629,64.58056,0,4.06,84.48
e00fce681282837e5d0586e0,4/1/2026 7:00:32,,rainfall,1775041229,63.90556,0,4.06,84.48
e00fce681282837e5d0586e0,4/1/2026 8:00:32,,rainfall,1775044829,61.33333,0,4.06,84.48
e00fce681282837e5d0586e0,4/1/2026 9:00:35,,rainfall,1775048429,56.87917,0,4.06,84.48
e00fce681282837e5d0586e0,4/1/2026 10:00:32,,rainfall,1775052029,50.73889,0,4.06,84.48
e00fce681282837e5d0586e0,4/1/2026 11:00:32,,rainfall,1775055629,48.46111,0,4.06,84.48
e00fce681282837e5d0586e0,4/1/2026 12:00:32,,rainfall,1775059229,45.77361,0,4.06,84.48
e00fce681282837e5d0586e0,4/1/2026 12:00:32,,rainfall,1775059229,45.77361,0,4.06,84.48
e00fce681282837e5d0586e0,4/1/2026 12:00:32,,rainfall,1775059229,45.77361,0,4.06,84.48
e00fce681282837e5d0586e0,4/1/2026 13:00:34,,rainfall,1775062829,45.38055,0,4.06,84.48
e00fce681282837e5d0586e0,4/1/2026 14:00:36,,rainfall,1775066429,45.57222,0,4.06,84.48
e00fce681282837e5d0586e0,4/1/2026 15:00:33,,rainfall,1775070030,46.88334,0,4.06,84.48
e00fce681282837e5d0586e0,4/1/2026 16:00:36,,rainfall,1775073629,46.37917,0,4.06,84.48
e00fce681282837e5d0586e0,4/1/2026 17:00:33,,rainfall,1775077229,45.625,0,4.06,84.48
e00fce681282837e5d0586e0,4/1/2026 18:00:32,,rainfall,1775080829,46.09722,0,4.06,84.48
e00fce681282837e5d0586e0,4/1/2026 19:00:36,,rainfall,1775084429,52.15417,0,4.06,84.48
e00fce681282837e5d0586e0,4/1/2026 20:00:36,,rainfall,1775088030,57.40556,0,4.06,84.48
e00fce681282837e5d0586e0,4/1/2026 21:00:33,,rainfall,1775091629,58.22222,0,4.06,84.48
e00fce681282837e5d0586e0,4/1/2026 22:00:33,,rainfall,1775095229,58.53472,0,4.06,84.48
e00fce681282837e5d0586e0,4/1/2026 23:00:33,,rainfall,1775098829,59.36666,0,4.06,84.48
e00fce681282837e5d0586e0,4/2/2026 0:00:34,,rainfall,1775102429,59.75,0,4.06,84.48
e00fce681282837e5d0586e0,4/2/2026 1:00:33,,rainfall,1775106029,60.36806,0,4.06,84.48
e00fce681282837e5d0586e0,4/2/2026 2:00:37,,rainfall,1775109629,61.87361,0,4.06,84.48
e00fce681282837e5d0586e0,4/2/2026 3:00:35,,rainfall,1775113229,63.56944,0,4.06,84.48
e00fce681282837e5d0586e0,4/2/2026 4:00:36,,rainfall,1775116829,63.625,0,4.06,84.48
e00fce681282837e5d0586e0,4/2/2026 5:00:33,,rainfall,1775120429,63.75834,0,4.06,84.48
e00fce681282837e5d0586e0,4/2/2026 6:00:33,,rainfall,1775124029,64.06944,0,4.06,84.48
e00fce681282837e5d0586e0,4/2/2026 7:00:34,,rainfall,1775127629,64.39584,0,4.06,84.48
e00fce681282837e5d0586e0,4/2/2026 8:00:34,,rainfall,1775131229,62.04722,0,4.06,84.48
e00fce681282837e5d0586e0,4/2/2026 9:00:35,,rainfall,1775134830,51.50417,0,4.06,84.48
e00fce681282837e5d0586e0,4/2/2026 10:00:34,,rainfall,1775138430,48.27778,0,4.06,84.48
e00fce681282837e5d0586e0,4/2/2026 11:00:37,,rainfall,1775142029,48.36111,0,4.06,84.48
e00fce681282837e5d0586e0,4/2/2026 12:00:35,,rainfall,1775145629,50.10695,0,4.06,84.48
e00fce681282837e5d0586e0,4/2/2026 13:00:36,,rainfall,1775149229,48.80695,0,4.06,84.48
e00fce681282837e5d0586e0,4/2/2026 14:00:34,,rainfall,1775152829,48.85833,0,4.06,84.48
e00fce681282837e5d0586e0,4/2/2026 15:00:36,,rainfall,1775156430,47.89167,0,4.06,84.48
e00fce681282837e5d0586e0,4/2/2026 16:00:36,,rainfall,1775160029,47.28056,0,4.06,84.48
e00fce681282837e5d0586e0,4/2/2026 17:00:34,,rainfall,1775163629,46.3125,0,4.06,84.48
e00fce681282837e5d0586e0,4/2/2026 18:00:38,,rainfall,1775167229,45.89028,0,4.06,84.48
e00fce681282837e5d0586e0,4/2/2026 19:00:35,,rainfall,1775170829,51.44722,0,4.06,84.48
e00fce681282837e5d0586e0,4/2/2026 20:00:38,,rainfall,1775174429,58.33333,0,4.06,84.48
e00fce681282837e5d0586e0,4/2/2026 21:00:41,,rainfall,1775178030,58.19167,0,4.06,84.48
e00fce681282837e5d0586e0,4/2/2026 22:00:35,,rainfall,1775181629,59.00972,0,4.06,84.34
e00fce681282837e5d0586e0,4/2/2026 23:00:35,,rainfall,1775185230,59.7,0,4.06,84.34
e00fce681282837e5d0586e0,4/3/2026 0:00:35,,rainfall,1775188828,60.00694,0,4.06,84.34
e00fce681282837e5d0586e0,4/3/2026 1:00:36,,rainfall,1775192430,60.46667,0,4.06,84.34
e00fce681282837e5d0586e0,4/3/2026 2:00:36,,rainfall,1775196030,60.28333,0,4.06,84.34
e00fce681282837e5d0586e0,4/3/2026 3:00:35,,rainfall,1775199629,60.00417,0,4.06,84.34
e00fce681282837e5d0586e0,4/3/2026 4:00:38,,rainfall,1775203230,61.31111,0,4.06,84.34
e00fce681282837e5d0586e0,4/3/2026 5:00:37,,rainfall,1775206830,61.975,0,4.06,84.34
e00fce681282837e5d0586e0,4/3/2026 6:00:38,,rainfall,1775210428,62.93472,0,4.06,84.34
e00fce681282837e5d0586e0,4/3/2026 7:00:36,,rainfall,1775214030,63.17916,0,4.06,84.34
e00fce681282837e5d0586e0,4/3/2026 8:00:35,,rainfall,1775217629,61.04167,0,4.06,84.34
e00fce681282837e5d0586e0,4/3/2026 9:00:37,,rainfall,1775221229,50.56944,0,4.06,84.34
e00fce681282837e5d0586e0,4/3/2026 10:00:39,,rainfall,1775224829,47.64028,0,4.06,84.34
e00fce681282837e5d0586e0,4/3/2026 11:00:37,,rainfall,1775228429,46.99861,0,4.06,84.34
e00fce681282837e5d0586e0,4/3/2026 12:00:37,,rainfall,1775232030,46.11528,0,4.06,84.34
e00fce681282837e5d0586e0,4/3/2026 13:00:38,,rainfall,1775235628,47.72222,0,4.06,84.34
e00fce681282837e5d0586e0,4/3/2026 14:00:39,,rainfall,1775239229,47.89583,0,4.06,84.34
e00fce681282837e5d0586e0,4/3/2026 15:00:37,,rainfall,1775242830,46.74166,0,4.06,84.34
e00fce681282837e5d0586e0,4/3/2026 16:00:39,,rainfall,1775246430,45.88055,0,4.06,84.34
e00fce681282837e5d0586e0,4/3/2026 17:00:40,,rainfall,1775250030,45.15139,0,4.06,84.34
e00fce681282837e5d0586e0,4/3/2026 18:00:40,,rainfall,1775253630,45.975,0,4.06,84.34
e00fce681282837e5d0586e0,4/3/2026 19:00:36,,rainfall,1775257229,51.92916,0,4.06,84.34
e00fce681282837e5d0586e0,4/3/2026 20:00:38,,rainfall,1775260830,56.97083,0,4.06,84.34
e00fce681282837e5d0586e0,4/3/2026 21:00:48,,rainfall,1775264430,58.79583,0,4.06,84.34
e00fce681282837e5d0586e0,4/3/2026 22:00:32,,rainfall,1775268030,60.28472,0,4.06,84.34
e00fce681282837e5d0586e0,4/3/2026 23:00:35,,rainfall,1775271629,60.74583,0,4.06,84.34
e00fce681282837e5d0586e0,4/4/2026 0:00:32,,rainfall,1775275229,60.98611,0,4.06,84.34
e00fce681282837e5d0586e0,4/4/2026 1:00:33,,rainfall,1775278830,60.85278,0,4.06,84.34
e00fce681282837e5d0586e0,4/4/2026 2:00:35,,rainfall,1775282430,61.59444,0,4.06,84.34
e00fce681282837e5d0586e0,4/4/2026 3:00:38,,rainfall,1775286030,62.36528,0,4.06,84.34
e00fce681282837e5d0586e0,4/4/2026 4:00:32,,rainfall,1775289629,62.90278,0,4.06,84.34
e00fce681282837e5d0586e0,4/4/2026 5:00:32,,rainfall,1775293229,63.19305,0,4.06,84.34
e00fce681282837e5d0586e0,4/4/2026 6:00:32,,rainfall,1775296829,63.06805,0,4.06,84.34
e00fce681282837e5d0586e0,4/4/2026 7:00:35,,rainfall,1775300429,63.3625,0,4.06,84.34
e00fce681282837e5d0586e0,4/4/2026 8:00:32,,rainfall,1775304029,59.70972,0,4.06,84.34
e00fce681282837e5d0586e0,4/4/2026 9:00:35,,rainfall,1775307629,49.42083,0,4.06,84.34
e00fce681282837e5d0586e0,4/4/2026 10:00:32,,rainfall,1775311229,47.49306,0,4.06,84.34
e00fce681282837e5d0586e0,4/4/2026 11:00:32,,rainfall,1775314829,46.45694,0,4.06,84.34
e00fce681282837e5d0586e0,4/4/2026 12:00:33,,rainfall,1775318429,47.16667,0,4.06,84.17
e00fce681282837e5d0586e0,4/4/2026 13:00:32,,rainfall,1775322029,47.10972,0,4.06,84.17
e00fce681282837e5d0586e0,4/4/2026 14:00:35,,rainfall,1775325629,47.04306,0,4.06,84.17
e00fce681282837e5d0586e0,4/4/2026 15:00:37,,rainfall,1775329231,46.58472,0,4.06,84.17
e00fce681282837e5d0586e0,4/4/2026 16:00:33,,rainfall,1775332829,46.12361,0,4.06,84.17
e00fce681282837e5d0586e0,4/4/2026 17:00:37,,rainfall,1775336429,45.18472,0,4.06,84.17
e00fce681282837e5d0586e0,4/4/2026 18:00:35,,rainfall,1775340030,45.3125,0,4.06,84.17
e00fce681282837e5d0586e0,4/4/2026 19:00:37,,rainfall,1775343631,51.15,0,4.06,84.17
e00fce681282837e5d0586e0,4/4/2026 20:00:33,,rainfall,1775347229,56.67361,0,4.06,84.17
e00fce681282837e5d0586e0,4/4/2026 21:00:34,,rainfall,1775350830,58.88611,0,4.06,84.17
e00fce681282837e5d0586e0,4/4/2026 22:00:34,,rainfall,1775354429,58.15417,0,4.06,84.17
e00fce681282837e5d0586e0,4/4/2026 23:00:34,,rainfall,1775358030,58.97917,0,4.06,84.17
e00fce681282837e5d0586e0,4/5/2026 0:00:34,,rainfall,1775361630,59.30833,0,4.06,84.17
e00fce681282837e5d0586e0,4/5/2026 1:00:36,,rainfall,1775365230,59.32084,0,4.06,84.17
e00fce681282837e5d0586e0,4/5/2026 2:00:33,,rainfall,1775368829,58.27778,0,4.06,84.17
e00fce681282837e5d0586e0,4/5/2026 3:00:34,,rainfall,1775372430,58.26528,0,4.06,84.17
e00fce681282837e5d0586e0,4/5/2026 4:00:37,,rainfall,1775376030,57.85833,0,4.06,84.17
e00fce681282837e5d0586e0,4/5/2026 5:00:38,,rainfall,1775379629,59.19722,0,4.06,84.17
e00fce681282837e5d0586e0,4/5/2026 6:00:34,,rainfall,1775383230,58.71528,0,4.06,84.17
e00fce681282837e5d0586e0,4/5/2026 7:00:36,,rainfall,1775386830,58.25972,0,4.06,84.17
e00fce681282837e5d0586e0,4/5/2026 8:00:34,,rainfall,1775390429,55.50694,0,4.06,84.17
e00fce681282837e5d0586e0,4/5/2026 9:00:34,,rainfall,1775394029,48.67083,0,4.06,84.17
e00fce681282837e5d0586e0,4/5/2026 10:00:35,,rainfall,1775397629,47.41806,0,4.06,84.17
e00fce681282837e5d0586e0,4/5/2026 11:00:34,,rainfall,1775401229,46.40278,0,4.06,84.17
e00fce681282837e5d0586e0,4/5/2026 12:00:35,,rainfall,1775404829,45.59306,0,4.06,84.17
e00fce681282837e5d0586e0,4/5/2026 13:00:36,,rainfall,1775408430,44.70417,0,4.06,84.17
e00fce681282837e5d0586e0,4/5/2026 14:00:36,,rainfall,1775412028,45.0625,0,4.06,84.17
e00fce681282837e5d0586e0,4/5/2026 15:00:40,,rainfall,1775415630,44.7,0,4.06,84.17
e00fce681282837e5d0586e0,4/5/2026 16:00:35,,rainfall,1775419230,45.12083,0,4.05,84.17
e00fce681282837e5d0586e0,4/5/2026 17:00:43,,rainfall,1775422829,47.15694,0,4.05,84.17
e00fce681282837e5d0586e0,4/5/2026 18:00:35,,rainfall,1775426429,53.94028,0,4.05,84.17
e00fce681282837e5d0586e0,4/5/2026 19:00:35,,rainfall,1775430030,56.85695,0.28,4.05,84.17
e00fce681282837e5d0586e0,4/5/2026 20:00:36,,rainfall,1775433629,51.37778,0,4.05,84.17
e00fce681282837e5d0586e0,4/5/2026 21:00:37,,rainfall,1775437229,54.61666,0,4.05,84.17
e00fce681282837e5d0586e0,4/5/2026 22:00:41,,rainfall,1775440830,58.08194,0,4.05,84.17
e00fce681282837e5d0586e0,4/5/2026 23:00:38,,rainfall,1775444429,60.64167,0,4.05,84.17
e00fce681282837e5d0586e0,4/6/2026 0:00:35,,rainfall,1775448029,63.20139,0,4.05,84.01
e00fce681282837e5d0586e0,4/6/2026 1:00:36,,rainfall,1775451629,65.01667,0,4.05,84.01
e00fce681282837e5d0586e0,4/6/2026 2:00:35,,rainfall,1775455229,66.72222,0.56,4.05,84.01
e00fce681282837e5d0586e0,4/6/2026 3:00:36,,rainfall,1775458829,68.26111,0,4.05,84.01
e00fce681282837e5d0586e0,4/6/2026 4:00:38,,rainfall,1775462429,66.43195,0,4.05,84.01
e00fce681282837e5d0586e0,4/6/2026 5:00:36,,rainfall,1775466029,67.37361,0,4.05,84.01
e00fce681282837e5d0586e0,4/6/2026 6:00:38,,rainfall,1775469629,69.07639,0,4.05,84.01
e00fce681282837e5d0586e0,4/6/2026 7:00:38,,rainfall,1775473228,70.08611,0,4.05,84.01
e00fce681282837e5d0586e0,4/6/2026 8:00:37,,rainfall,1775476830,70.19722,0,4.05,84.01
e00fce681282837e5d0586e0,4/6/2026 9:00:37,,rainfall,1775480430,68.62222,0,4.05,84.01
e00fce681282837e5d0586e0,4/6/2026 10:00:35,,rainfall,1775484029,67.41389,0,4.05,84.01
e00fce681282837e5d0586e0,4/6/2026 11:00:37,,rainfall,1775487630,61.67639,0,4.05,84.01
e00fce681282837e5d0586e0,4/6/2026 12:00:54,,rainfall,1775491230,63.54861,0,4.05,84.01
e00fce681282837e5d0586e0,4/6/2026 13:00:37,,rainfall,1775494829,62.31805,0,4.05,84.01
e00fce681282837e5d0586e0,4/6/2026 14:00:38,,rainfall,1775498429,61.63194,0,4.05,84.01
e00fce681282837e5d0586e0,4/6/2026 15:00:38,,rainfall,1775502030,60.71528,0,4.05,84.01
e00fce681282837e5d0586e0,4/6/2026 16:00:37,,rainfall,1775505630,58.30556,0,4.05,84.01
e00fce681282837e5d0586e0,4/6/2026 17:00:36,,rainfall,1775509228,57.55,0,4.05,84.01
e00fce681282837e5d0586e0,4/6/2026 18:00:37,,rainfall,1775512829,62.98611,0,4.05,84.01
e00fce681282837e5d0586e0,4/6/2026 19:00:45,,rainfall,1775516429,66.26806,0,4.05,84.01
e00fce681282837e5d0586e0,4/6/2026 20:00:37,,rainfall,1775520029,68.38333,0,4.05,84.01
e00fce681282837e5d0586e0,4/6/2026 21:00:44,,rainfall,1775523630,70.14722,0,4.05,84.01
e00fce681282837e5d0586e0,4/6/2026 22:00:37,,rainfall,1775527230,73.09722,0,4.05,84.01
e00fce681282837e5d0586e0,4/6/2026 23:00:30,,rainfall,1775530829,73.41111,0,4.05,84.01
e00fce681282837e5d0586e0,4/7/2026 0:00:36,,rainfall,1775534429,73.05139,0,4.05,84.01
e00fce681282837e5d0586e0,4/7/2026 1:00:31,,rainfall,1775538029,73.39027,0,4.05,84.01
e00fce681282837e5d0586e0,4/7/2026 2:00:32,,rainfall,1775541629,74.07361,0,4.05,84.01
e00fce681282837e5d0586e0,4/7/2026 3:00:34,,rainfall,1775545229,72.5875,0,4.05,84.01
e00fce681282837e5d0586e0,4/7/2026 4:00:35,,rainfall,1775548830,73.16666,0,4.05,84.01
e00fce681282837e5d0586e0,4/7/2026 5:09:32,,rainfall,1775552429,73.02222,0,4.05,84.01
e00fce681282837e5d0586e0,4/7/2026 6:01:56,,rainfall,1775556030,73.27639,0,4.05,83.85
e00fce681282837e5d0586e0,4/7/2026 7:00:25,,rainfall,1775559620,73.40278,0,4.05,83.85
e00fce681282837e5d0586e0,4/7/2026 8:00:33,,rainfall,1775563229,72.49722,0,4.05,83.85
e00fce681282837e5d0586e0,4/7/2026 9:00:32,,rainfall,1775566829,68.12361,0,4.05,83.85
e00fce681282837e5d0586e0,4/7/2026 10:00:35,,rainfall,1775570429,62.9375,0,4.05,83.85
e00fce681282837e5d0586e0,4/7/2026 11:00:32,,rainfall,1775574029,57.93056,0,4.05,83.85
e00fce681282837e5d0586e0,4/7/2026 12:00:34,,rainfall,1775577629,54.44861,0,4.05,83.85
e00fce681282837e5d0586e0,4/7/2026 13:00:33,,rainfall,1775581229,52.02778,0,4.05,83.85
e00fce681282837e5d0586e0,4/7/2026 14:00:33,,rainfall,1775584829,50.9375,0,4.05,83.85
e00fce681282837e5d0586e0,4/7/2026 15:00:33,,rainfall,1775588429,51.2875,0,4.05,83.85
e00fce68239f79db42ac9cb5,4/7/2026 15:01:16,,rainfall_0001,946684813,36.18056,0,3.54,0.05
e00fce68239f79db42ac9cb5,4/7/2026 15:13:47,,rainfall_0001,946684813,36.51111,6.71,4.11,71.43
e00fce681282837e5d0586e0,4/7/2026 16:00:32,,rainfall,1775592029,51.31389,0,4.05,83.85
e00fce681282837e5d0586e0,4/7/2026 17:00:33,,rainfall,1775595629,52.99583,0,4.05,83.85
e00fce681282837e5d0586e0,4/7/2026 18:00:36,,rainfall,1775599229,56.41806,0,4.05,83.85
e00fce681282837e5d0586e0,4/7/2026 19:00:33,,rainfall,1775602829,59.32639,0,4.05,83.85
e00fce681282837e5d0586e0,4/7/2026 20:00:33,,rainfall,1775606429,62.36945,0,4.05,83.85
e00fce681282837e5d0586e0,4/7/2026 21:00:34,,rainfall,1775610029,63.79861,0,4.05,83.85
e00fce681282837e5d0586e0,4/7/2026 22:00:33,,rainfall,1775613629,64.63333,0,4.05,83.85
e00fce681282837e5d0586e0,4/7/2026 23:00:34,,rainfall,1775617229,65.03056,0,4.05,83.85
e00fce681282837e5d0586e0,4/8/2026 0:00:34,,rainfall,1775620830,65.67083,0,4.05,83.85
e00fce681282837e5d0586e0,4/8/2026 1:00:36,,rainfall,1775624429,67.20556,0,4.05,83.85
e00fce681282837e5d0586e0,4/8/2026 2:00:34,,rainfall,1775628030,67.49445,0,4.05,83.85
e00fce681282837e5d0586e0,4/8/2026 3:00:35,,rainfall,1775631629,67.88333,0,4.05,83.85
e00fce681282837e5d0586e0,4/8/2026 4:00:34,,rainfall,1775635230,68.55278,0,4.05,83.85
e00fce681282837e5d0586e0,4/8/2026 5:00:36,,rainfall,1775638829,69.47361,0,4.05,83.85
e00fce681282837e5d0586e0,4/8/2026 6:00:41,,rainfall,1775642429,69.59861,0,4.05,83.85
e00fce681282837e5d0586e0,4/8/2026 7:00:39,,rainfall,1775646030,70.42917,0,4.05,83.85
e00fce681282837e5d0586e0,4/8/2026 8:00:37,,rainfall,1775649629,69.09583,0,4.05,83.85
e00fce681282837e5d0586e0,4/8/2026 9:00:35,,rainfall,1775653230,64.57639,0,4.05,83.85
e00fce681282837e5d0586e0,4/8/2026 10:00:40,,rainfall,1775656830,62.02778,0,4.05,83.85
e00fce681282837e5d0586e0,4/8/2026 11:00:34,,rainfall,1775660429,60.92361,0,4.05,83.85
e00fce681282837e5d0586e0,4/8/2026 12:00:34,,rainfall,1775664029,60.37639,0,4.05,83.85
e00fce681282837e5d0586e0,4/8/2026 13:00:36,,rainfall,1775667630,60.41667,0,4.05,83.85
e00fce681282837e5d0586e0,4/8/2026 14:00:36,,rainfall,1775671230,59.17222,0,4.05,83.85
e00fce681282837e5d0586e0,4/8/2026 15:00:36,,rainfall,1775674830,56.58611,0,4.05,83.85
e00fce681282837e5d0586e0,4/8/2026 16:00:34,,rainfall,1775678429,56.09167,0,4.05,83.85
e00fce681282837e5d0586e0,4/8/2026 17:00:36,,rainfall,1775682030,55.50278,0,4.05,83.85
e00fce681282837e5d0586e0,4/8/2026 18:00:34,,rainfall,1775685628,56.83055,0,4.05,83.85
e00fce681282837e5d0586e0,4/8/2026 19:00:35,,rainfall,1775689229,64.22639,0,4.05,83.85
e00fce681282837e5d0586e0,4/8/2026 20:00:37,,rainfall,1775692829,67.72361,0,4.05,83.85
e00fce681282837e5d0586e0,4/8/2026 21:00:38,,rainfall,1775696429,69.39584,0,4.05,83.85
e00fce681282837e5d0586e0,4/8/2026 22:00:34,,rainfall,1775700029,70.0625,0,4.05,83.85
e00fce681282837e5d0586e0,4/8/2026 23:00:37,,rainfall,1775703629,71.79444,0,4.05,83.85
e00fce681282837e5d0586e0,4/9/2026 0:00:38,,rainfall,1775707229,73.29583,0,4.05,83.85
e00fce681282837e5d0586e0,4/9/2026 1:00:35,,rainfall,1775710828,73.1375,0,4.05,83.85
e00fce681282837e5d0586e0,4/9/2026 2:00:37,,rainfall,1775714430,73.84306,0,4.05,83.85
e00fce681282837e5d0586e0,4/9/2026 3:00:38,,rainfall,1775718029,74.57639,0,4.05,83.85
e00fce681282837e5d0586e0,4/9/2026 4:00:35,,rainfall,1775721629,74.51111,0,4.05,83.85
e00fce681282837e5d0586e0,4/9/2026 5:00:39,,rainfall,1775725229,74.71528,0,4.05,83.85
e00fce681282837e5d0586e0,4/9/2026 6:00:36,,rainfall,1775728829,74.83056,0,4.05,83.85
e00fce681282837e5d0586e0,4/9/2026 7:00:38,,rainfall,1775732430,74.88611,0,4.05,83.85
e00fce681282837e5d0586e0,4/9/2026 8:00:41,,rainfall,1775736029,71.17361,0,4.05,83.85
e00fce681282837e5d0586e0,4/9/2026 9:00:35,,rainfall,1775739629,65.92361,0,4.05,83.85
e00fce681282837e5d0586e0,4/9/2026 10:00:37,,rainfall,1775743230,61.65278,0,4.05,83.85
e00fce681282837e5d0586e0,4/9/2026 11:00:36,,rainfall,1775746830,57.83611,0,4.05,83.85
e00fce681282837e5d0586e0,4/9/2026 12:00:39,,rainfall,1775750430,57.41111,0,4.05,83.85
e00fce681282837e5d0586e0,4/9/2026 13:00:37,,rainfall,1775754028,54.68333,0,4.05,83.68
e00fce681282837e5d0586e0,4/9/2026 14:00:36,,rainfall,1775757629,53.23472,0,4.05,83.68
e00fce681282837e5d0586e0,4/9/2026 15:00:39,,rainfall,1775761230,52.97083,0,4.05,83.68
e00fce681282837e5d0586e0,4/9/2026 16:00:36,,rainfall,1775764829,50.95139,0,4.05,83.68
e00fce681282837e5d0586e0,4/9/2026 17:00:39,,rainfall,1775768429,49.03333,0,4.05,83.68
e00fce681282837e5d0586e0,4/9/2026 18:00:40,,rainfall,1775772029,51.67222,0,4.05,83.68
e00fce681282837e5d0586e0,4/9/2026 19:00:37,,rainfall,1775775630,58.40972,0,4.05,83.68
e00fce681282837e5d0586e0,4/9/2026 20:00:39,,rainfall,1775779230,62.75834,0,4.05,83.68
e00fce681282837e5d0586e0,4/9/2026 21:00:44,,rainfall,1775782830,64.18056,0,4.05,83.68
e00fce681282837e5d0586e0,4/9/2026 22:00:32,,rainfall,1775786429,65.07083,0,4.05,83.68
e00fce681282837e5d0586e0,4/9/2026 23:00:34,,rainfall,1775790029,65.43195,0,4.05,83.68
e00fce681282837e5d0586e0,4/10/2026 0:00:31,,rainfall,1775793629,65.65556,0,4.05,83.68
e00fce681282837e5d0586e0,4/10/2026 1:00:32,,rainfall,1775797230,66.60278,0,4.05,83.68
e00fce681282837e5d0586e0,4/10/2026 2:00:36,,rainfall,1775800829,66.625,0,4.05,83.68
e00fce681282837e5d0586e0,4/10/2026 3:00:33,,rainfall,1775804430,67.1375,0,4.05,83.68
e00fce681282837e5d0586e0,4/10/2026 4:00:32,,rainfall,1775808029,68.95277,0,4.05,83.68
e00fce681282837e5d0586e0,4/10/2026 5:00:32,,rainfall,1775811629,70.43611,0,4.05,83.68
e00fce681282837e5d0586e0,4/10/2026 6:00:32,,rainfall,1775815230,70.80833,0,4.05,83.68
e00fce681282837e5d0586e0,4/10/2026 7:00:32,,rainfall,1775818829,71.125,0,4.05,83.68
e00fce681282837e5d0586e0,4/10/2026 8:00:33,,rainfall,1775822430,66.96944,0,4.05,83.68
e00fce681282837e5d0586e0,4/10/2026 9:00:34,,rainfall,1775826031,57.29445,0,4.05,83.68
e00fce681282837e5d0586e0,4/10/2026 10:00:36,,rainfall,1775829630,53.09306,0,4.05,83.68
e00fce681282837e5d0586e0,4/10/2026 11:00:34,,rainfall,1775833229,51.25555,0,4.05,83.68
e00fce681282837e5d0586e0,4/10/2026 12:00:33,,rainfall,1775836830,52.14583,0,4.05,83.68
e00fce681282837e5d0586e0,4/10/2026 13:00:33,,rainfall,1775840429,51.8125,0,4.05,83.68
e00fce681282837e5d0586e0,4/10/2026 14:00:40,,rainfall,1775844031,52.19305,0,4.05,83.68
e00fce681282837e5d0586e0,4/10/2026 15:00:33,,rainfall,1775847629,51.24722,0,4.05,83.68
e00fce681282837e5d0586e0,4/10/2026 16:00:36,,rainfall,1775851230,49.51944,0,4.05,83.68
e00fce681282837e5d0586e0,4/10/2026 17:00:34,,rainfall,1775854829,48.80972,0,4.05,83.68
e00fce681282837e5d0586e0,4/10/2026 18:00:33,,rainfall,1775858430,47.27083,0,4.05,83.68
e00fce681282837e5d0586e0,4/10/2026 19:00:34,,rainfall,1775862029,53.99306,0,4.05,83.68
e00fce681282837e5d0586e0,4/10/2026 20:00:34,,rainfall,1775865629,62.26111,0,4.05,83.68
e00fce681282837e5d0586e0,4/10/2026 21:00:33,,rainfall,1775869229,65.22361,0,4.05,83.68
e00fce681282837e5d0586e0,4/10/2026 22:00:34,,rainfall,1775872829,66.66528,0,4.05,83.68
e00fce681282837e5d0586e0,4/10/2026 23:00:38,,rainfall,1775876429,67.40556,0,4.05,83.68
e00fce681282837e5d0586e0,4/11/2026 0:00:33,,rainfall,1775880029,67.98473,0,4.05,83.68
e00fce681282837e5d0586e0,4/11/2026 1:00:37,,rainfall,1775883630,68.22361,0,4.05,83.68
e00fce681282837e5d0586e0,4/11/2026 2:00:34,,rainfall,1775887229,68.825,0,4.05,83.68
e00fce681282837e5d0586e0,4/11/2026 3:00:36,,rainfall,1775890830,69.15833,0,4.05,83.68
e00fce681282837e5d0586e0,4/11/2026 4:00:36,,rainfall,1775894429,69.11528,0,4.05,83.68
e00fce681282837e5d0586e0,4/11/2026 5:00:36,,rainfall,1775898030,69.42223,0,4.05,83.68
e00fce681282837e5d0586e0,4/11/2026 6:00:34,,rainfall,1775901629,69.53333,0,4.05,83.68
e00fce681282837e5d0586e0,4/11/2026 7:00:34,,rainfall,1775905229,68.97916,0,4.05,83.68
e00fce681282837e5d0586e0,4/11/2026 8:00:35,,rainfall,1775908830,63.93195,0,4.05,83.68
e00fce681282837e5d0586e0,4/11/2026 9:00:34,,rainfall,1775912429,55.95694,0,4.05,83.68
e00fce681282837e5d0586e0,4/11/2026 10:00:35,,rainfall,1775916029,52.75,0,4.05,83.52
e00fce681282837e5d0586e0,4/11/2026 11:00:39,,rainfall,1775919630,50.00278,0,4.05,83.52
e00fce681282837e5d0586e0,4/11/2026 12:00:37,,rainfall,1775923230,47.16667,0,4.05,83.52
e00fce681282837e5d0586e0,4/11/2026 13:00:38,,rainfall,1775926830,44.75,0,4.05,83.52
e00fce681282837e5d0586e0,4/11/2026 14:00:39,,rainfall,1775930430,43.78194,0,4.05,83.52
e00fce681282837e5d0586e0,4/11/2026 15:00:34,,rainfall,1775934029,43.90139,0,4.05,83.52
e00fce681282837e5d0586e0,4/11/2026 16:00:36,,rainfall,1775937630,42.67361,0,4.05,83.52
e00fce681282837e5d0586e0,4/11/2026 17:00:35,,rainfall,1775941229,42.34306,0,4.05,83.52
e00fce681282837e5d0586e0,4/11/2026 18:00:38,,rainfall,1775944830,42.4125,0,4.05,83.52
e00fce681282837e5d0586e0,4/11/2026 19:00:37,,rainfall,1775948429,48.82361,0,4.05,83.52
e00fce681282837e5d0586e0,4/11/2026 20:00:36,,rainfall,1775952030,57.51389,0,4.05,83.52
e00fce681282837e5d0586e0,4/11/2026 21:00:36,,rainfall,1775955629,60.38055,0,4.05,83.52
e00fce681282837e5d0586e0,4/11/2026 22:00:35,,rainfall,1775959229,61.72639,0,4.05,83.52
e00fce681282837e5d0586e0,4/11/2026 23:00:35,,rainfall,1775962829,62.30278,0,4.05,83.52
e00fce681282837e5d0586e0,4/12/2026 0:00:36,,rainfall,1775966430,63.37778,0,4.05,83.52
e00fce681282837e5d0586e0,4/12/2026 1:00:40,,rainfall,1775970029,64.00139,0,4.05,83.52
e00fce681282837e5d0586e0,4/12/2026 2:00:55,,rainfall,1775973630,64.375,0,4.05,83.52
e00fce681282837e5d0586e0,4/12/2026 3:00:36,,rainfall,1775977229,65.20277,0,4.05,83.52
e00fce681282837e5d0586e0,4/12/2026 4:00:36,,rainfall,1775980829,65.32361,0,4.05,83.52
e00fce681282837e5d0586e0,4/12/2026 5:00:36,,rainfall,1775984429,63.73333,0,4.05,83.52
e00fce681282837e5d0586e0,4/12/2026 6:00:40,,rainfall,1775988029,63.43611,0,4.05,83.52
e00fce681282837e5d0586e0,4/12/2026 7:00:37,,rainfall,1775991629,62.33055,0,4.05,83.52
e00fce681282837e5d0586e0,4/12/2026 8:00:37,,rainfall,1775995230,59.74306,0,4.05,83.52
e00fce681282837e5d0586e0,4/12/2026 9:00:39,,rainfall,1775998829,51.37083,0,4.05,83.52
e00fce681282837e5d0586e0,4/12/2026 10:00:38,,rainfall,1776002429,49.48611,0,4.05,83.52
e00fce681282837e5d0586e0,4/12/2026 11:00:39,,rainfall,1776006029,49.96528,0,4.05,83.52
e00fce681282837e5d0586e0,4/12/2026 12:00:39,,rainfall,1776009630,49.30833,0,4.05,83.52
e00fce681282837e5d0586e0,4/12/2026 13:00:41,,rainfall,1776013229,47.23472,0,4.05,83.52
e00fce681282837e5d0586e0,4/12/2026 14:00:41,,rainfall,1776016829,47.79722,0,4.05,83.52
e00fce681282837e5d0586e0,4/12/2026 15:00:37,,rainfall,1776020429,44.25278,0,4.05,83.52
e00fce681282837e5d0586e0,4/12/2026 16:00:39,,rainfall,1776024030,45.83055,0,4.05,83.52
e00fce681282837e5d0586e0,4/12/2026 17:00:38,,rainfall,1776027630,45.1375,0,4.05,83.52
e00fce681282837e5d0586e0,4/12/2026 18:00:37,,rainfall,1776031229,47.29861,0,4.05,83.52
e00fce681282837e5d0586e0,4/12/2026 19:00:37,,rainfall,1776034830,53.12083,0,4.05,83.52
e00fce681282837e5d0586e0,4/12/2026 20:00:39,,rainfall,1776038429,59.07917,0,4.05,83.52
e00fce681282837e5d0586e0,4/12/2026 21:00:48,,rainfall,1776042030,60.45139,0,4.05,83.52
e00fce681282837e5d0586e0,4/12/2026 22:00:31,,rainfall,1776045629,61.04583,0,4.05,83.52
e00fce681282837e5d0586e0,4/12/2026 23:00:31,,rainfall,1776049229,60.10417,0,4.05,83.52
e00fce681282837e5d0586e0,4/13/2026 0:00:32,,rainfall,1776052829,60.54028,0,4.05,83.52
e00fce681282837e5d0586e0,4/13/2026 1:00:34,,rainfall,1776056430,61.67778,0,4.05,83.52
e00fce681282837e5d0586e0,4/13/2026 2:00:34,,rainfall,1776060029,61.92916,0,4.05,83.52
e00fce681282837e5d0586e0,4/13/2026 3:00:41,,rainfall,1776063629,62.30139,0,4.05,83.52
e00fce681282837e5d0586e0,4/13/2026 4:00:33,,rainfall,1776067229,63.16945,0,4.05,83.52
e00fce681282837e5d0586e0,4/13/2026 5:00:33,,rainfall,1776070828,63.51667,0,4.05,83.52
e00fce681282837e5d0586e0,4/13/2026 6:00:32,,rainfall,1776074430,64.1625,0,4.05,83.52
e00fce681282837e5d0586e0,4/13/2026 7:00:35,,rainfall,1776078029,64.08334,0,4.05,83.52
e00fce681282837e5d0586e0,4/13/2026 8:00:33,,rainfall,1776081630,58.92639,0,4.05,83.52
e00fce681282837e5d0586e0,4/13/2026 9:00:36,,rainfall,1776085229,49.24722,0,4.05,83.52
e00fce681282837e5d0586e0,4/13/2026 10:00:32,,rainfall,1776088829,47.8375,0,4.05,83.52
e00fce68239f79db42ac9cb5,4/13/2026 10:55:56,,rainfall_0001,1776092153,35.35139,0,3.66,0.92
e00fce68239f79db42ac9cb5,4/13/2026 11:00:31,,rainfall_0001,1776092430,54.60139,0,3.69,1.17
e00fce681282837e5d0586e0,4/13/2026 11:00:36,,rainfall,1776092430,45.22639,0,4.05,83.52
e00fce68239f79db42ac9cb5,4/13/2026 11:06:23,,rainfall_0001,1776092780,34.75555,0,4.06,67.45
e00fce68239f79db42ac9cb5,4/13/2026 11:07:34,,rainfall_0001,1776092852,33.5375,0,4.09,67.73
e00fce681282837e5d0586e0,4/13/2026 12:00:37,,rainfall,1776096029,45.90556,0,4.05,83.52
e00fce68239f79db42ac9cb5,4/13/2026 12:00:36,,rainfall_0001,1776096030,75.49167,17.04,4.05,68.17
e00fce68239f79db42ac9cb5,4/13/2026 13:00:31,,rainfall_0001,1776099630,73.30695,0,4.05,68.48
e00fce681282837e5d0586e0,4/13/2026 13:00:33,,rainfall,1776099630,46.18889,0,4.05,83.52
e00fce681282837e5d0586e0,4/13/2026 14:00:32,,rainfall,1776103229,45.43889,0,4.05,83.52
e00fce68239f79db42ac9cb5,4/13/2026 14:00:36,,rainfall_0001,1776103229,75.14861,0,4.05,68.64
e00fce68239f79db42ac9cb5,4/13/2026 15:00:31,,rainfall_0001,1776106829,76.01389,0,4.05,68.97
e00fce681282837e5d0586e0,4/13/2026 15:00:33,,rainfall,1776106829,45.84028,0,4.05,83.52
e00fce681282837e5d0586e0,4/13/2026 16:08:47,,rainfall,1776110429,47.29583,0,4.05,83.52
e00fce68239f79db42ac9cb5,4/13/2026 16:09:42,,rainfall_0001,1776110429,77.18333,0,4.05,69.3
e00fce681282837e5d0586e0,4/13/2026 17:01:54,,rainfall,1776114037,44.89861,0,4.05,83.36
e00fce681282837e5d0586e0,4/13/2026 18:00:23,,rainfall,1776117619,50.2375,0,4.05,83.36
e00fce681282837e5d0586e0,4/13/2026 19:00:34,,rainfall,1776121230,53.85139,0,4.05,83.36
e00fce68239f79db42ac9cb5,4/13/2026 19:09:42,,rainfall_0001,1776121211,81.78611,0,4.05,78.3
e00fce681282837e5d0586e0,4/13/2026 20:00:35,,rainfall,1776124830,56.51111,0,4.05,83.36
e00fce68239f79db42ac9cb5,4/13/2026 20:00:34,,rainfall_0001,1776124829,81.7875,0,4.05,79.61
e00fce68239f79db42ac9cb5,4/13/2026 21:00:33,,rainfall_0001,1776128429,85.15833,0,4.05,79.77
e00fce681282837e5d0586e0,4/13/2026 21:00:32,,rainfall,1776128428,58.9,0,4.05,83.36
e00fce68239f79db42ac9cb5,4/13/2026 22:00:32,,rainfall_0001,1776132030,86.2875,0,4.05,79.77
e00fce681282837e5d0586e0,4/13/2026 22:00:34,,rainfall,1776132030,60.45972,0,4.05,83.36
e00fce68239f79db42ac9cb5,4/13/2026 23:00:32,,rainfall_0001,1776135629,85.56805,0,4.05,79.77
e00fce681282837e5d0586e0,4/13/2026 23:00:34,,rainfall,1776135630,60.77222,0,4.05,83.36
e00fce68239f79db42ac9cb5,4/14/2026 0:00:32,,rainfall_0001,1776139230,86.64722,0,4.05,79.93
e00fce681282837e5d0586e0,4/14/2026 0:00:40,,rainfall,1776139230,60.54028,0,4.05,83.36
e00fce68239f79db42ac9cb5,4/14/2026 1:00:32,,rainfall_0001,1776142829,87.23889,0,4.05,79.93
e00fce681282837e5d0586e0,4/14/2026 1:00:33,,rainfall,1776142829,60.45417,0,4.05,83.36
e00fce68239f79db42ac9cb5,4/14/2026 2:00:31,,rainfall_0001,1776146429,89.54723,0,4.05,79.93
e00fce681282837e5d0586e0,4/14/2026 2:00:37,,rainfall,1776146429,61.32361,0,4.05,83.36
e00fce681282837e5d0586e0,4/14/2026 3:00:35,,rainfall,1776150030,62.24722,0,4.05,83.36
e00fce68239f79db42ac9cb5,4/14/2026 3:00:39,,rainfall_0001,1776150029,85.92361,0,4.05,79.93
e00fce68239f79db42ac9cb5,4/14/2026 4:00:32,,rainfall_0001,1776153629,84.10555,0,4.05,80.09
e00fce681282837e5d0586e0,4/14/2026 4:00:34,,rainfall,1776153629,61.93056,0,4.05,83.36
e00fce68239f79db42ac9cb5,4/14/2026 5:00:32,,rainfall_0001,1776157229,81.84444,0,4.05,80.09
e00fce681282837e5d0586e0,4/14/2026 5:00:35,,rainfall,1776157230,61.29861,0,4.05,83.36
e00fce68239f79db42ac9cb5,4/14/2026 6:00:36,,rainfall_0001,1776160830,80.13889,0,4.05,80.09
e00fce681282837e5d0586e0,4/14/2026 6:00:37,,rainfall,1776160829,61.35417,0,4.05,83.36
e00fce681282837e5d0586e0,4/14/2026 7:00:34,,rainfall,1776164430,62.06805,0,4.05,83.36
e00fce68239f79db42ac9cb5,4/14/2026 7:00:37,,rainfall_0001,1776164429,78.25972,0,4.04,80.26
e00fce68239f79db42ac9cb5,4/14/2026 8:00:31,,rainfall_0001,1776168029,78.6375,0,4.04,80.26
e00fce681282837e5d0586e0,4/14/2026 8:00:37,,rainfall,1776168029,57.99306,0,4.05,83.36
e00fce68239f79db42ac9cb5,4/14/2026 9:00:32,,rainfall_0001,1776171630,73.0625,0,4.05,80.26
e00fce681282837e5d0586e0,4/14/2026 9:00:37,,rainfall,1776171630,51.93333,0,4.05,83.36
e00fce68239f79db42ac9cb5,4/14/2026 10:00:32,,rainfall_0001,1776175229,71.43056,0,4.05,80.26
e00fce681282837e5d0586e0,4/14/2026 10:00:35,,rainfall,1776175230,48.86389,0,4.05,83.36
e00fce68239f79db42ac9cb5,4/14/2026 11:00:32,,rainfall_0001,1776178829,68.92917,0,4.05,80.42
e00fce681282837e5d0586e0,4/14/2026 11:00:39,,rainfall,1776178829,47.39167,0,4.05,83.36
e00fce68239f79db42ac9cb5,4/14/2026 12:00:32,,rainfall_0001,1776182429,68.09861,0,4.04,80.42
e00fce681282837e5d0586e0,4/14/2026 12:00:40,,rainfall,1776182429,45.42083,0,4.05,83.36
e00fce681282837e5d0586e0,4/14/2026 13:00:35,,rainfall,1776186030,44.97917,0,4.05,83.36
e00fce68239f79db42ac9cb5,4/14/2026 13:00:39,,rainfall_0001,1776186029,67.47778,0,4.04,80.42
e00fce681282837e5d0586e0,4/14/2026 14:00:35,,rainfall,1776189630,44.41806,0,4.05,83.36
e00fce68239f79db42ac9cb5,4/14/2026 14:00:40,,rainfall_0001,1776189630,67.7375,0,4.04,80.42
e00fce68239f79db42ac9cb5,4/14/2026 15:00:38,,rainfall_0001,1776193229,68.26111,0,4.04,80.59
e00fce681282837e5d0586e0,4/14/2026 15:00:40,,rainfall,1776193229,43.35695,0,4.05,83.2
e00fce68239f79db42ac9cb5,4/14/2026 16:00:32,,rainfall_0001,1776196829,71.55833,0,4.04,80.59
e00fce681282837e5d0586e0,4/14/2026 16:00:35,,rainfall,1776196830,42.73472,0,4.05,83.2
e00fce681282837e5d0586e0,4/14/2026 17:00:35,,rainfall,1776200430,43.12639,0,4.05,83.2
e00fce68239f79db42ac9cb5,4/14/2026 17:00:38,,rainfall_0001,1776200431,73.24583,0,4.04,80.59
e00fce681282837e5d0586e0,4/14/2026 18:00:37,,rainfall,1776204030,43.20139,0,4.05,83.2
e00fce68239f79db42ac9cb5,4/14/2026 18:00:38,,rainfall_0001,1776204029,75.43472,0,4.04,80.59
e00fce68239f79db42ac9cb5,4/14/2026 19:00:35,,rainfall_0001,1776207630,77.75139,0,4.04,80.59
e00fce681282837e5d0586e0,4/14/2026 19:00:38,,rainfall,1776207628,47.94861,0,4.05,83.2
e00fce68239f79db42ac9cb5,4/14/2026 20:00:34,,rainfall_0001,1776211229,78.025,0,4.04,80.75
e00fce681282837e5d0586e0,4/14/2026 20:00:38,,rainfall,1776211229,54.61528,0,4.05,83.2
e00fce68239f79db42ac9cb5,4/14/2026 21:00:37,,rainfall_0001,1776214830,79.7875,0,4.04,80.75
e00fce681282837e5d0586e0,4/14/2026 21:00:40,,rainfall,1776214830,56.49306,0,4.05,83.2
e00fce68239f79db42ac9cb5,4/14/2026 22:00:33,,rainfall_0001,1776218430,80.2875,0,4.04,80.75
e00fce681282837e5d0586e0,4/14/2026 22:00:38,,rainfall,1776218429,57.22361,0,4.05,83.2
e00fce68239f79db42ac9cb5,4/14/2026 23:00:36,,rainfall_0001,1776222030,81.73194,0,4.04,80.75
e00fce681282837e5d0586e0,4/14/2026 23:00:36,,rainfall,1776222030,57.90833,0,4.05,83.2
e00fce68239f79db42ac9cb5,4/15/2026 0:00:33,,rainfall_0001,1776225629,82.01111,0,4.04,80.75
e00fce681282837e5d0586e0,4/15/2026 0:00:38,,rainfall,1776225630,58.6625,0,4.05,83.2
e00fce681282837e5d0586e0,4/15/2026 1:00:35,,rainfall,1776229229,57.81528,0,4.05,83.2
e00fce68239f79db42ac9cb5,4/15/2026 1:00:39,,rainfall_0001,1776229230,81.94583,0,4.04,80.91
e00fce68239f79db42ac9cb5,4/15/2026 2:00:32,,rainfall_0001,1776232829,85.53889,0,4.04,80.91
e00fce681282837e5d0586e0,4/15/2026 2:00:39,,rainfall,1776232830,58.34722,0,4.05,83.2
e00fce68239f79db42ac9cb5,4/15/2026 3:00:37,,rainfall_0001,1776236429,81.89027,0,4.04,80.91
e00fce681282837e5d0586e0,4/15/2026 3:00:37,,rainfall,1776236429,59.18889,0,4.05,83.2
e00fce68239f79db42ac9cb5,4/15/2026 4:00:33,,rainfall_0001,1776240030,81.15417,0,4.04,80.91
e00fce681282837e5d0586e0,4/15/2026 4:00:35,,rainfall,1776240029,59.11111,0,4.05,83.2
e00fce681282837e5d0586e0,4/15/2026 5:00:38,,rainfall,1776243629,59.28889,0,4.05,83.2
e00fce68239f79db42ac9cb5,4/15/2026 5:00:37,,rainfall_0001,1776243629,78.92917,0,4.04,80.91
e00fce68239f79db42ac9cb5,4/15/2026 6:00:33,,rainfall_0001,1776247229,78.48055,0,4.04,80.91
e00fce681282837e5d0586e0,4/15/2026 6:00:36,,rainfall,1776247229,60.49861,0,4.05,83.2
e00fce68239f79db42ac9cb5,4/15/2026 7:00:33,,rainfall_0001,1776250829,74.67639,0,4.04,80.91
e00fce681282837e5d0586e0,4/15/2026 7:00:39,,rainfall,1776250830,60.65417,0,4.05,83.2
e00fce681282837e5d0586e0,4/15/2026 8:00:37,,rainfall,1776254430,56.30139,0,4.05,83.2
e00fce68239f79db42ac9cb5,4/15/2026 8:00:38,,rainfall_0001,1776254430,76.61111,0,4.04,81.07
e00fce681282837e5d0586e0,4/15/2026 9:00:36,,rainfall,1776258029,49.69584,0,4.05,83.2
e00fce681282837e5d0586e0,4/15/2026 10:00:36,,rainfall,1776261629,46.3125,0,4.05,83.2
e00fce68239f79db42ac9cb5,4/15/2026 10:06:21,,rainfall_0001,1776261612,68.29723,0,4.04,81.4
e00fce68239f79db42ac9cb5,4/15/2026 11:00:33,,rainfall_0001,1776265229,67.66111,0,4.04,81.56
e00fce681282837e5d0586e0,4/15/2026 11:00:36,,rainfall,1776265229,45.28611,0,4.05,83.2
e00fce681282837e5d0586e0,4/15/2026 12:00:36,,rainfall,1776268829,44.97222,0,4.05,83.2
e00fce68239f79db42ac9cb5,4/15/2026 12:00:37,,rainfall_0001,1776268829,66.12778,0,4.04,81.56
e00fce68239f79db42ac9cb5,4/15/2026 13:00:35,,rainfall_0001,1776272429,65.37917,0,4.04,81.56
e00fce681282837e5d0586e0,4/15/2026 13:00:37,,rainfall,1776272429,44.34583,0,4.05,83.2
e00fce68239f79db42ac9cb5,4/15/2026 14:00:33,,rainfall_0001,1776276029,67.6,0,4.04,81.56
e00fce681282837e5d0586e0,4/15/2026 14:00:37,,rainfall,1776276029,43.97083,0,4.05,83.2
e00fce681282837e5d0586e0,4/15/2026 15:00:37,,rainfall,1776279629,43.10833,0,4.05,83.2
e00fce68239f79db42ac9cb5,4/15/2026 15:00:37,,rainfall_0001,1776279631,67.8375,0,4.04,81.73
e00fce68239f79db42ac9cb5,4/15/2026 16:00:36,,rainfall_0001,1776283229,68.50139,0,4.04,81.73
e00fce681282837e5d0586e0,4/15/2026 16:00:39,,rainfall,1776283229,42.77917,0,4.05,83.2
e00fce68239f79db42ac9cb5,4/15/2026 17:00:34,,rainfall_0001,1776286830,72.30278,0,4.04,81.73
e00fce681282837e5d0586e0,4/15/2026 17:00:40,,rainfall,1776286830,43.0125,0,4.05,83.2
e00fce68239f79db42ac9cb5,4/15/2026 18:00:36,,rainfall_0001,1776290430,73.76945,0,4.04,81.73
e00fce681282837e5d0586e0,4/15/2026 18:00:37,,rainfall,1776290429,42.60695,0,4.05,83.2
e00fce68239f79db42ac9cb5,4/15/2026 19:00:35,,rainfall_0001,1776294029,76.29305,0,4.04,81.73
e00fce681282837e5d0586e0,4/15/2026 19:00:40,,rainfall,1776294029,48.93611,0,4.05,83.2
e00fce68239f79db42ac9cb5,4/15/2026 20:00:35,,rainfall_0001,1776297630,78.76667,0,4.04,81.73
e00fce681282837e5d0586e0,4/15/2026 20:00:38,,rainfall,1776297630,55.7125,0,4.05,83.2
e00fce68239f79db42ac9cb5,4/15/2026 21:00:35,,rainfall_0001,1776301230,78.38333,0,4.04,81.73
e00fce681282837e5d0586e0,4/15/2026 21:00:47,,rainfall,1776301229,56.70555,0,4.05,83.2
e00fce681282837e5d0586e0,4/15/2026 22:00:32,,rainfall,1776304830,57.19028,0,4.05,83.2
e00fce68239f79db42ac9cb5,4/15/2026 22:00:39,,rainfall_0001,1776304830,79.25555,0,4.04,81.73
e00fce681282837e5d0586e0,4/15/2026 23:00:32,,rainfall,1776308429,57.39305,0,4.05,83.2
e00fce68239f79db42ac9cb5,4/15/2026 23:00:41,,rainfall_0001,1776308431,79.75139,0,4.04,81.73
e00fce681282837e5d0586e0,4/16/2026 0:00:34,,rainfall,1776312029,57.42361,0,4.05,83.2
e00fce68239f79db42ac9cb5,4/16/2026 0:00:34,,rainfall_0001,1776312030,80.96944,0,4.04,81.73
e00fce681282837e5d0586e0,4/16/2026 1:00:32,,rainfall,1776315629,57.49028,0,4.05,83.2
e00fce68239f79db42ac9cb5,4/16/2026 1:00:37,,rainfall_0001,1776315629,82.15139,0,4.04,81.73
e00fce681282837e5d0586e0,4/16/2026 2:00:32,,rainfall,1776319229,58.32639,0,4.05,83.2
e00fce68239f79db42ac9cb5,4/16/2026 2:00:34,,rainfall_0001,1776319229,158.84723,0,4.04,81.73
e00fce681282837e5d0586e0,4/16/2026 3:00:33,,rainfall,1776322830,59.15694,0,4.05,83.2
e00fce68239f79db42ac9cb5,4/16/2026 3:00:34,,rainfall_0001,1776322829,82.10555,0,4.04,81.73
e00fce681282837e5d0586e0,4/16/2026 4:00:34,,rainfall,1776326429,59.02917,0,4.05,83.2
e00fce68239f79db42ac9cb5,4/16/2026 4:00:40,,rainfall_0001,1776326430,80.30972,0,4.04,81.73
e00fce681282837e5d0586e0,4/16/2026 5:00:31,,rainfall,1776330029,58.85278,0,4.05,83.2
e00fce68239f79db42ac9cb5,4/16/2026 5:00:37,,rainfall_0001,1776330030,78.15972,0,4.04,81.73
e00fce681282837e5d0586e0,4/16/2026 6:00:36,,rainfall,1776333629,59.26805,0,4.05,83.2
e00fce68239f79db42ac9cb5,4/16/2026 6:00:40,,rainfall_0001,1776333630,76.08889,0,4.04,81.73
e00fce68239f79db42ac9cb5,4/16/2026 7:00:36,,rainfall_0001,1776337230,74.92778,0,4.04,81.73
e00fce681282837e5d0586e0,4/16/2026 7:00:36,,rainfall,1776337229,58.54445,0,4.05,83.2
e00fce681282837e5d0586e0,4/16/2026 8:00:32,,rainfall,1776340829,53.77639,0,4.05,83.2
e00fce68239f79db42ac9cb5,4/16/2026 8:00:37,,rainfall_0001,1776340830,74.55695,0,4.04,81.73
e00fce681282837e5d0586e0,4/16/2026 9:00:33,,rainfall,1776344430,47.95,0,4.05,83.2
e00fce68239f79db42ac9cb5,4/16/2026 9:00:39,,rainfall_0001,1776344430,70.9375,0,4.04,81.73
e00fce681282837e5d0586e0,4/16/2026 10:00:38,,rainfall,1776348029,47.69722,0,4.05,83.2
e00fce68239f79db42ac9cb5,4/16/2026 10:00:49,,rainfall_0001,1776348030,67.93195,0,4.04,81.73
e00fce681282837e5d0586e0,4/16/2026 11:00:35,,rainfall,1776351629,45.97917,0,4.05,83.2
e00fce68239f79db42ac9cb5,4/16/2026 11:00:41,,rainfall_0001,1776351629,67.64167,0,4.04,81.73
e00fce681282837e5d0586e0,4/16/2026 12:00:35,,rainfall,1776355229,45.31667,0,4.05,83.2
e00fce68239f79db42ac9cb5,4/16/2026 12:00:48,,rainfall_0001,1776355229,66.48473,0,4.04,81.73
e00fce68239f79db42ac9cb5,4/16/2026 13:00:31,,rainfall_0001,1776358829,67.4875,0,4.04,81.73
e00fce681282837e5d0586e0,4/16/2026 13:00:37,,rainfall,1776358829,45.16806,0,4.05,83.2
e00fce68239f79db42ac9cb5,4/16/2026 14:00:32,,rainfall_0001,1776362430,66.76667,0,4.04,81.73
e00fce681282837e5d0586e0,4/16/2026 14:00:37,,rainfall,1776362430,44.55416,0,4.05,83.2
e00fce68239f79db42ac9cb5,4/16/2026 15:00:31,,rainfall_0001,1776366029,67.94583,0,4.04,81.73
e00fce681282837e5d0586e0,4/16/2026 15:00:33,,rainfall,1776366029,44.15833,0,4.05,83.2
e00fce68239f79db42ac9cb5,4/16/2026 16:00:34,,rainfall_0001,1776369630,68.38611,0,4.04,81.73
e00fce681282837e5d0586e0,4/16/2026 16:00:33,,rainfall,1776369629,43.07361,0,4.05,83.2
e00fce68239f79db42ac9cb5,4/16/2026 17:00:34,,rainfall_0001,1776373230,71.94028,0,4.04,81.73
e00fce681282837e5d0586e0,4/16/2026 17:00:36,,rainfall,1776373229,43.41945,0,4.05,83.2
e00fce68239f79db42ac9cb5,4/16/2026 18:00:33,,rainfall_0001,1776376830,73.9375,0,4.04,81.73
e00fce681282837e5d0586e0,4/16/2026 18:00:34,,rainfall,1776376829,42.98611,0,4.05,83.2
e00fce68239f79db42ac9cb5,4/16/2026 19:00:32,,rainfall_0001,1776380430,76.05972,0,4.04,81.73
e00fce681282837e5d0586e0,4/16/2026 19:00:34,,rainfall,1776380429,49.39028,0,4.05,83.2
e00fce68239f79db42ac9cb5,4/16/2026 20:00:35,,rainfall_0001,1776384030,78.10555,0,4.04,81.73
e00fce681282837e5d0586e0,4/16/2026 20:00:37,,rainfall,1776384029,55.42083,0,4.05,83.2
e00fce681282837e5d0586e0,4/16/2026 21:00:34,,rainfall,1776387630,57.02917,0,4.05,83.03
e00fce68239f79db42ac9cb5,4/16/2026 21:00:40,,rainfall_0001,1776387630,78.07083,0,4.04,81.73
e00fce68239f79db42ac9cb5,4/16/2026 22:00:31,,rainfall_0001,1776391229,78.55139,0,4.04,81.89
e00fce681282837e5d0586e0,4/16/2026 22:00:34,,rainfall,1776391229,57.25417,0,4.05,83.03
e00fce68239f79db42ac9cb5,4/16/2026 23:00:35,,rainfall_0001,1776394829,79.7375,0,4.04,81.89
e00fce681282837e5d0586e0,4/16/2026 23:00:37,,rainfall,1776394829,56.87917,0,4.05,83.03
e00fce68239f79db42ac9cb5,4/17/2026 0:00:33,,rainfall_0001,1776398430,81.48473,0,4.04,81.89
e00fce681282837e5d0586e0,4/17/2026 0:00:33,,rainfall,1776398429,57.22083,0,4.05,83.03
e00fce68239f79db42ac9cb5,4/17/2026 1:00:31,,rainfall_0001,1776402029,82.17361,0,4.04,81.89
e00fce681282837e5d0586e0,4/17/2026 1:00:34,,rainfall,1776402030,57.61666,0,4.05,83.03
e00fce681282837e5d0586e0,4/17/2026 2:00:33,,rainfall,1776405629,57.76111,0,4.05,83.03
e00fce68239f79db42ac9cb5,4/17/2026 2:00:33,,rainfall_0001,1776405629,82.34861,0,4.04,81.89
e00fce681282837e5d0586e0,4/17/2026 3:00:34,,rainfall,1776409229,58.03333,0,4.05,83.03
e00fce68239f79db42ac9cb5,4/17/2026 3:00:33,,rainfall_0001,1776409229,81.92223,0,4.04,81.89
e00fce68239f79db42ac9cb5,4/17/2026 4:00:32,,rainfall_0001,1776412830,79.92917,0,4.04,81.89
e00fce681282837e5d0586e0,4/17/2026 4:00:40,,rainfall,1776412830,58.00555,0,4.05,83.03
e00fce681282837e5d0586e0,4/17/2026 5:00:34,,rainfall,1776416429,58.91528,0,4.05,83.03
e00fce68239f79db42ac9cb5,4/17/2026 5:00:35,,rainfall_0001,1776416430,77.725,0,4.04,81.89
e00fce68239f79db42ac9cb5,4/17/2026 6:00:32,,rainfall_0001,1776420029,76.85833,0,4.04,81.89
e00fce681282837e5d0586e0,4/17/2026 6:00:35,,rainfall,1776420029,59.30278,0,4.05,83.03
e00fce681282837e5d0586e0,4/17/2026 7:00:39,,rainfall,1776423629,59.21111,0,4.05,83.03
e00fce68239f79db42ac9cb5,4/17/2026 7:00:40,,rainfall_0001,1776423630,74.74306,0,4.04,81.89
e00fce68239f79db42ac9cb5,4/17/2026 8:00:33,,rainfall_0001,1776427230,74.59444,0,4.04,81.89
e00fce681282837e5d0586e0,4/17/2026 8:00:38,,rainfall,1776427230,53.55972,0,4.05,83.03
e00fce68239f79db42ac9cb5,4/17/2026 9:00:32,,rainfall_0001,1776430829,70.57777,0,4.04,81.89
e00fce681282837e5d0586e0,4/17/2026 9:00:40,,rainfall,1776430829,48.2625,0,4.05,83.03
e00fce681282837e5d0586e0,4/17/2026 10:00:35,,rainfall,1776434429,46.66111,0,4.05,83.03
e00fce68239f79db42ac9cb5,4/17/2026 10:00:39,,rainfall_0001,1776434430,68.35555,0,4.04,81.89
e00fce68239f79db42ac9cb5,4/17/2026 11:00:38,,rainfall_0001,1776438030,67.72778,0,4.04,81.89
e00fce681282837e5d0586e0,4/17/2026 11:00:39,,rainfall,1776438030,45.40139,0,4.05,83.03
e00fce681282837e5d0586e0,4/17/2026 12:00:37,,rainfall,1776441629,43.81111,0,4.05,83.03
e00fce68239f79db42ac9cb5,4/17/2026 12:00:36,,rainfall_0001,1776441630,66.41111,0,4.04,81.89
e00fce68239f79db42ac9cb5,4/17/2026 13:00:35,,rainfall_0001,1776445230,65.2625,0,4.04,81.89
e00fce681282837e5d0586e0,4/17/2026 13:00:35,,rainfall,1776445230,43.74306,0,4.05,83.03
e00fce68239f79db42ac9cb5,4/17/2026 14:00:33,,rainfall_0001,1776448829,67.62639,0,4.04,81.89
e00fce681282837e5d0586e0,4/17/2026 14:00:46,,rainfall,1776448829,43.02778,0,4.05,83.03
e00fce681282837e5d0586e0,4/17/2026 15:00:34,,rainfall,1776452429,42.05833,0,4.05,83.03
e00fce68239f79db42ac9cb5,4/17/2026 15:00:35,,rainfall_0001,1776452429,67.95556,0,4.04,81.89
e00fce681282837e5d0586e0,4/17/2026 16:00:35,,rainfall,1776456030,41.46667,0,4.05,83.03
e00fce68239f79db42ac9cb5,4/17/2026 16:00:35,,rainfall_0001,1776456030,68.16944,0,4.04,81.89
e00fce68239f79db42ac9cb5,4/17/2026 17:00:32,,rainfall_0001,1776459629,71.29028,0,4.04,81.89
e00fce681282837e5d0586e0,4/17/2026 17:00:34,,rainfall,1776459628,40.82084,0,4.05,83.03
e00fce68239f79db42ac9cb5,4/17/2026 18:00:34,,rainfall_0001,1776463229,73.02222,0,4.04,81.89
e00fce681282837e5d0586e0,4/17/2026 18:00:36,,rainfall,1776463230,40.25,0,4.05,83.03
e00fce68239f79db42ac9cb5,4/17/2026 19:00:33,,rainfall_0001,1776466829,76.1,0,4.04,81.89
e00fce681282837e5d0586e0,4/17/2026 19:00:35,,rainfall,1776466829,43.82361,0,4.05,83.03
e00fce68239f79db42ac9cb5,4/17/2026 20:00:34,,rainfall_0001,1776470430,78.26527,0,4.04,81.89
e00fce681282837e5d0586e0,4/17/2026 20:00:41,,rainfall,1776470429,50.98056,0,4.05,83.03
e00fce68239f79db42ac9cb5,4/17/2026 21:00:33,,rainfall_0001,1776474029,78.52361,0,4.04,81.89
e00fce681282837e5d0586e0,4/17/2026 21:00:37,,rainfall,1776474030,53.75972,0,4.05,83.03
e00fce68239f79db42ac9cb5,4/17/2026 22:00:37,,rainfall_0001,1776477630,79.70417,0,4.04,81.89
e00fce681282837e5d0586e0,4/17/2026 22:00:38,,rainfall,1776477629,56.16389,0,4.05,83.03
e00fce68239f79db42ac9cb5,4/17/2026 23:00:35,,rainfall_0001,1776481230,79.8875,0,4.04,81.89
e00fce681282837e5d0586e0,4/17/2026 23:00:41,,rainfall,1776481229,57.3,0,4.05,83.03
e00fce68239f79db42ac9cb5,4/18/2026 0:00:33,,rainfall_0001,1776484829,82.30833,0,4.04,81.89
e00fce681282837e5d0586e0,4/18/2026 0:00:38,,rainfall,1776484829,57.35556,0,4.05,83.03
e00fce68239f79db42ac9cb5,4/18/2026 1:00:33,,rainfall_0001,1776488429,82.31944,0,4.04,81.89
e00fce681282837e5d0586e0,4/18/2026 1:00:36,,rainfall,1776488430,57.89861,0,4.05,83.03
e00fce68239f79db42ac9cb5,4/18/2026 2:00:33,,rainfall_0001,1776492030,84.82361,0,4.04,81.89
e00fce681282837e5d0586e0,4/18/2026 2:00:36,,rainfall,1776492029,57.30416,0,4.05,83.03
e00fce68239f79db42ac9cb5,4/18/2026 3:00:33,,rainfall_0001,1776495629,85.42361,0,4.04,81.89
e00fce681282837e5d0586e0,4/18/2026 3:00:36,,rainfall,1776495630,57.63472,0,4.05,83.03
e00fce68239f79db42ac9cb5,4/18/2026 4:00:33,,rainfall_0001,1776499230,85.77084,0,4.04,81.89
e00fce681282837e5d0586e0,4/18/2026 4:00:35,,rainfall,1776499229,58.92639,0,4.05,83.03
e00fce68239f79db42ac9cb5,4/18/2026 5:00:33,,rainfall_0001,1776502829,86.95,0,4.04,81.89
e00fce681282837e5d0586e0,4/18/2026 5:00:37,,rainfall,1776502830,60.3,0,4.05,83.03
e00fce68239f79db42ac9cb5,4/18/2026 6:00:33,,rainfall_0001,1776506430,87.52222,0,4.04,81.89
e00fce681282837e5d0586e0,4/18/2026 6:00:39,,rainfall,1776506430,61.65972,0,4.05,83.03
e00fce68239f79db42ac9cb5,4/18/2026 7:00:33,,rainfall_0001,1776510029,87.25972,0,4.04,81.89
e00fce681282837e5d0586e0,4/18/2026 7:00:40,,rainfall,1776510029,61.59444,0,4.05,83.03
e00fce68239f79db42ac9cb5,4/18/2026 8:00:34,,rainfall_0001,1776513630,88.71389,0,4.04,81.89
e00fce681282837e5d0586e0,4/18/2026 8:00:38,,rainfall,1776513630,54.65139,0,4.05,83.03
e00fce68239f79db42ac9cb5,4/18/2026 9:00:34,,rainfall_0001,1776517229,87.4625,0,4.04,81.89
e00fce681282837e5d0586e0,4/18/2026 9:00:39,,rainfall,1776517230,45.19722,0,4.05,83.03
e00fce68239f79db42ac9cb5,4/18/2026 10:00:35,,rainfall_0001,1776520829,87.35416,0,4.04,81.89
e00fce681282837e5d0586e0,4/18/2026 10:00:36,,rainfall,1776520829,43.15278,0,4.05,83.03
e00fce681282837e5d0586e0,4/18/2026 11:00:37,,rainfall,1776524430,42.55139,0,4.05,83.03
e00fce68239f79db42ac9cb5,4/18/2026 11:00:36,,rainfall_0001,1776524430,89.0625,0,4.04,81.89
e00fce681282837e5d0586e0,4/18/2026 12:00:40,,rainfall,1776528030,43.11806,0,4.05,83.03
e00fce68239f79db42ac9cb5,4/18/2026 12:00:40,,rainfall_0001,1776528030,88.96667,0,4.04,81.89
e00fce681282837e5d0586e0,4/18/2026 13:00:36,,rainfall,1776531629,41.94722,0,4.05,82.87
e00fce68239f79db42ac9cb5,4/18/2026 13:00:38,,rainfall_0001,1776531629,89.67361,0,4.04,81.89
e00fce68239f79db42ac9cb5,4/18/2026 14:00:34,,rainfall_0001,1776535230,90.61111,0,4.04,81.89
e00fce681282837e5d0586e0,4/18/2026 14:00:36,,rainfall,1776535229,42.13472,0,4.05,82.87
e00fce68239f79db42ac9cb5,4/18/2026 15:00:34,,rainfall_0001,1776538829,91.84167,0,4.04,81.89
e00fce681282837e5d0586e0,4/18/2026 15:00:38,,rainfall,1776538829,41.5,0,4.05,82.87
e00fce681282837e5d0586e0,4/18/2026 16:00:37,,rainfall,1776542429,41.75694,0,4.05,82.87
e00fce68239f79db42ac9cb5,4/18/2026 16:00:37,,rainfall_0001,1776542429,92.73333,0,4.04,81.73
e00fce68239f79db42ac9cb5,4/18/2026 17:00:37,,rainfall_0001,1776546029,93.41528,0,4.04,81.73
e00fce681282837e5d0586e0,4/18/2026 17:00:38,,rainfall,1776546030,42.14722,0,4.05,82.87
e00fce68239f79db42ac9cb5,4/18/2026 18:00:35,,rainfall_0001,1776549630,93.48194,0,4.04,81.73
e00fce681282837e5d0586e0,4/18/2026 18:00:38,,rainfall,1776549629,43.36111,0,4.05,82.87
e00fce68239f79db42ac9cb5,4/18/2026 19:00:34,,rainfall_0001,1776553230,95.61528,0,4.04,81.73
e00fce681282837e5d0586e0,4/18/2026 19:00:39,,rainfall,1776553229,47.58194,0,4.05,82.87
e00fce68239f79db42ac9cb5,4/18/2026 20:00:36,,rainfall_0001,1776556829,96.48194,0,4.04,81.73
e00fce681282837e5d0586e0,4/18/2026 20:00:40,,rainfall,1776556829,51.95417,0,4.05,82.87
e00fce68239f79db42ac9cb5,4/18/2026 21:00:40,,rainfall_0001,1776560429,97.72361,0,4.04,81.73
e00fce681282837e5d0586e0,4/18/2026 21:00:47,,rainfall,1776560429,53.75834,0,4.05,82.87
e00fce681282837e5d0586e0,4/18/2026 22:00:32,,rainfall,1776564030,54.08611,0,4.05,82.87
e00fce68239f79db42ac9cb5,4/18/2026 22:00:35,,rainfall_0001,1776564030,97.67639,0,4.04,81.73
e00fce681282837e5d0586e0,4/18/2026 23:00:32,,rainfall,1776567629,53.67361,0,4.05,82.87
e00fce68239f79db42ac9cb5,4/18/2026 23:00:37,,rainfall_0001,1776567629,97.92223,0,4.04,81.73
e00fce681282837e5d0586e0,4/19/2026 0:00:32,,rainfall,1776571229,54.45,0,4.05,82.87
e00fce68239f79db42ac9cb5,4/19/2026 0:00:35,,rainfall_0001,1776571230,99.42083,0,4.04,81.73
e00fce68239f79db42ac9cb5,4/19/2026 1:00:33,,rainfall_0001,1776574828,99.97083,0,4.04,81.73
e00fce681282837e5d0586e0,4/19/2026 1:00:39,,rainfall,1776574830,54.62083,0,4.05,82.87
e00fce681282837e5d0586e0,4/19/2026 2:00:32,,rainfall,1776578429,54.27917,0,4.05,82.87
e00fce68239f79db42ac9cb5,4/19/2026 2:00:45,,rainfall_0001,1776578430,100.09306,0,4.04,81.73
e00fce681282837e5d0586e0,4/19/2026 3:00:32,,rainfall,1776582029,54.01944,0,4.05,82.87
e00fce68239f79db42ac9cb5,4/19/2026 3:00:38,,rainfall_0001,1776582030,100.49722,0,4.04,81.73
e00fce68239f79db42ac9cb5,4/19/2026 4:00:35,,rainfall_0001,1776585630,100.41666,0,4.04,81.73
e00fce681282837e5d0586e0,4/19/2026 4:00:35,,rainfall,1776585629,54.82361,0,4.05,82.87
e00fce68239f79db42ac9cb5,4/19/2026 5:00:34,,rainfall_0001,1776589229,193.84027,0,4.04,81.73
e00fce681282837e5d0586e0,4/19/2026 5:00:35,,rainfall,1776589230,54.75417,0,4.05,82.87
e00fce681282837e5d0586e0,4/19/2026 6:00:32,,rainfall,1776592830,54.5625,0,4.05,82.87
e00fce68239f79db42ac9cb5,4/19/2026 6:00:35,,rainfall_0001,1776592830,100.54166,0,4.04,81.73
e00fce681282837e5d0586e0,4/19/2026 7:00:31,,rainfall,1776596429,55.05416,0,4.05,82.87
e00fce68239f79db42ac9cb5,4/19/2026 7:00:34,,rainfall_0001,1776596429,100.87083,0,4.04,81.73
e00fce681282837e5d0586e0,4/19/2026 8:00:33,,rainfall,1776600030,53.6625,0,4.05,82.87
e00fce68239f79db42ac9cb5,4/19/2026 8:00:36,,rainfall_0001,1776600030,122.44861,0,4.04,81.73
e00fce68239f79db42ac9cb5,4/19/2026 9:00:35,,rainfall_0001,1776603630,114.39027,0,4.04,81.73
e00fce681282837e5d0586e0,4/19/2026 9:00:37,,rainfall,1776603629,49.95833,0,4.05,82.87
e00fce681282837e5d0586e0,4/19/2026 10:00:32,,rainfall,1776607230,45.93195,0,4.05,82.87
e00fce68239f79db42ac9cb5,4/19/2026 10:00:39,,rainfall_0001,1776607229,103.55417,0,4.04,81.73
e00fce681282837e5d0586e0,4/19/2026 11:00:32,,rainfall,1776610829,44.80972,0,4.05,82.87
e00fce68239f79db42ac9cb5,4/19/2026 11:00:42,,rainfall_0001,1776610830,100.89027,0,4.04,81.73
e00fce68239f79db42ac9cb5,4/19/2026 12:00:32,,rainfall_0001,1776614430,100.99722,0,4.04,81.73
e00fce681282837e5d0586e0,4/19/2026 12:00:33,,rainfall,1776614430,43.02778,0,4.05,82.87
e00fce68239f79db42ac9cb5,4/19/2026 13:00:32,,rainfall_0001,1776618030,102.58334,0,4.04,81.73
e00fce681282837e5d0586e0,4/19/2026 13:00:32,,rainfall,1776618029,41.47222,0,4.05,82.87
e00fce68239f79db42ac9cb5,4/19/2026 14:00:31,,rainfall_0001,1776621629,103.58334,0,4.04,81.73
e00fce681282837e5d0586e0,4/19/2026 14:00:34,,rainfall,1776621630,45.92083,0,4.05,82.87
e00fce681282837e5d0586e0,4/19/2026 15:00:33,,rainfall,1776625229,50.07361,0,4.05,82.87
e00fce68239f79db42ac9cb5,4/19/2026 15:00:40,,rainfall_0001,1776625230,106.44722,0,4.04,81.73
e00fce681282837e5d0586e0,4/19/2026 16:00:35,,rainfall,1776628829,57.07361,0,4.05,82.87
e00fce68239f79db42ac9cb5,4/19/2026 16:00:37,,rainfall_0001,1776628829,105.67639,0,4.04,81.73
e00fce68239f79db42ac9cb5,4/19/2026 17:00:31,,rainfall_0001,1776632429,106.02639,0,4.04,81.73
e00fce681282837e5d0586e0,4/19/2026 17:00:35,,rainfall,1776632430,60.09028,0,4.05,82.87
e00fce68239f79db42ac9cb5,4/19/2026 18:00:33,,rainfall_0001,1776636030,106.16111,0,4.04,81.73
e00fce681282837e5d0586e0,4/19/2026 18:00:34,,rainfall,1776636030,56.975,0,4.05,82.87
e00fce681282837e5d0586e0,4/19/2026 19:00:33,,rainfall,1776639629,62.86806,0,4.05,82.87
e00fce68239f79db42ac9cb5,4/19/2026 19:00:31,,rainfall_0001,1776639629,107.32917,0,4.04,81.73
e00fce681282837e5d0586e0,4/19/2026 20:00:35,,rainfall,1776643230,65.29861,0,4.05,82.87
e00fce68239f79db42ac9cb5,4/19/2026 20:00:48,,rainfall_0001,1776643230,108.31528,0,4.04,81.73
e00fce681282837e5d0586e0,4/19/2026 21:00:34,,rainfall,1776646830,65.75,0,4.05,82.87
e00fce68239f79db42ac9cb5,4/19/2026 21:00:49,,rainfall_0001,1776646829,113.81389,0,4.04,81.73
e00fce68239f79db42ac9cb5,4/19/2026 22:00:32,,rainfall_0001,1776650430,113.17223,0,4.04,81.73
e00fce681282837e5d0586e0,4/19/2026 22:00:32,,rainfall,1776650429,66.45277,0,4.05,82.87
e00fce68239f79db42ac9cb5,4/19/2026 23:00:32,,rainfall_0001,1776654029,113.30972,0,4.04,81.73
e00fce681282837e5d0586e0,4/19/2026 23:00:36,,rainfall,1776654029,67.31528,0,4.05,82.87
e00fce68239f79db42ac9cb5,4/20/2026 0:00:35,,rainfall_0001,1776657630,113.9125,0,4.04,81.73
e00fce681282837e5d0586e0,4/20/2026 0:00:38,,rainfall,1776657630,69.24861,0,4.05,82.7
e00fce68239f79db42ac9cb5,4/20/2026 1:00:34,,rainfall_0001,1776661231,113.73055,0,4.04,81.73
e00fce681282837e5d0586e0,4/20/2026 1:00:37,,rainfall,1776661230,70.29028,0,4.05,82.7
e00fce68239f79db42ac9cb5,4/20/2026 2:00:35,,rainfall_0001,1776664830,114.51806,0,4.04,81.73
e00fce681282837e5d0586e0,4/20/2026 2:00:37,,rainfall,1776664830,71.02639,0,4.05,82.7
e00fce681282837e5d0586e0,4/20/2026 3:00:34,,rainfall,1776668430,71.33056,0,4.05,82.7
e00fce68239f79db42ac9cb5,4/20/2026 3:00:34,,rainfall_0001,1776668430,107.33611,0,4.04,81.73
e00fce681282837e5d0586e0,4/20/2026 4:00:34,,rainfall,1776672030,71.65,0,4.05,82.7
e00fce68239f79db42ac9cb5,4/20/2026 4:00:37,,rainfall_0001,1776672030,101.23333,0,4.04,81.73
e00fce68239f79db42ac9cb5,4/20/2026 5:00:34,,rainfall_0001,1776675630,100.14584,0,4.04,81.73
e00fce681282837e5d0586e0,4/20/2026 5:00:37,,rainfall,1776675630,72.10139,0,4.05,82.7
e00fce68239f79db42ac9cb5,4/20/2026 6:00:36,,rainfall_0001,1776679230,97.12639,0,4.04,81.73
e00fce681282837e5d0586e0,4/20/2026 6:00:35,,rainfall,1776679230,72.40833,0,4.05,82.7
e00fce68239f79db42ac9cb5,4/20/2026 7:00:34,,rainfall_0001,1776682829,94.71528,0,4.04,81.73
e00fce681282837e5d0586e0,4/20/2026 7:00:34,,rainfall,1776682829,72.16805,0,4.05,82.7
e00fce681282837e5d0586e0,4/20/2026 8:00:34,,rainfall,1776686430,66.70139,0,4.05,82.7
e00fce68239f79db42ac9cb5,4/20/2026 8:00:33,,rainfall_0001,1776686430,94.86389,0,4.04,81.73
e00fce68239f79db42ac9cb5,4/20/2026 9:00:33,,rainfall_0001,1776690030,89.325,0,4.04,81.73
e00fce681282837e5d0586e0,4/20/2026 9:00:38,,rainfall,1776690030,57.38611,0,4.05,82.7
e00fce68239f79db42ac9cb5,4/20/2026 10:00:38,,rainfall_0001,1776693629,87.73473,0,4.04,81.73
e00fce681282837e5d0586e0,4/20/2026 10:00:37,,rainfall,1776693630,53.04306,0,4.05,82.7
e00fce68239f79db42ac9cb5,4/20/2026 11:00:32,,rainfall_0001,1776697229,84.9375,0,4.04,81.73
e00fce681282837e5d0586e0,4/20/2026 11:00:34,,rainfall,1776697230,53.88611,0,4.05,82.7
e00fce68239f79db42ac9cb5,4/20/2026 12:00:33,,rainfall_0001,1776700830,84.87083,0,4.04,81.73
e00fce681282837e5d0586e0,4/20/2026 12:00:34,,rainfall,1776700829,54.54861,0,4.05,82.7
e00fce68239f79db42ac9cb5,4/20/2026 13:00:35,,rainfall_0001,1776704429,82.04444,0,4.04,81.73
e00fce681282837e5d0586e0,4/20/2026 13:00:35,,rainfall,1776704430,54.62222,0,4.05,82.7
e00fce68239f79db42ac9cb5,4/20/2026 14:00:32,,rainfall_0001,1776708029,84.70277,0,4.04,81.73
e00fce681282837e5d0586e0,4/20/2026 14:00:34,,rainfall,1776708029,53.8125,0,4.05,82.7
e00fce68239f79db42ac9cb5,4/20/2026 15:00:33,,rainfall_0001,1776711630,85.42639,0,4.04,81.73
e00fce681282837e5d0586e0,4/20/2026 15:00:34,,rainfall,1776711629,52.13889,0,4.05,82.7
e00fce68239f79db42ac9cb5,4/20/2026 16:00:37,,rainfall_0001,1776715230,85.61667,0,4.04,81.73
e00fce681282837e5d0586e0,4/20/2026 16:00:40,,rainfall,1776715229,52.30972,0,4.05,82.7
e00fce68239f79db42ac9cb5,4/20/2026 17:00:33,,rainfall_0001,1776718829,86.0875,0,4.04,81.73
e00fce681282837e5d0586e0,4/20/2026 17:00:34,,rainfall,1776718829,50.0125,0,4.05,82.7
e00fce68239f79db42ac9cb5,4/20/2026 18:00:33,,rainfall_0001,1776722429,88.17083,0,4.04,81.73
e00fce681282837e5d0586e0,4/20/2026 18:00:37,,rainfall,1776722429,48.11528,0,4.05,82.7
e00fce68239f79db42ac9cb5,4/20/2026 19:00:35,,rainfall_0001,1776726029,90.18611,0,4.04,81.73
e00fce681282837e5d0586e0,4/20/2026 19:00:38,,rainfall,1776726030,54.05833,0,4.05,82.7
e00fce681282837e5d0586e0,4/20/2026 20:00:34,,rainfall,1776729629,62.17083,0,4.05,82.7
e00fce68239f79db42ac9cb5,4/20/2026 20:00:36,,rainfall_0001,1776729629,90.85694,0,4.04,81.73
e00fce68239f79db42ac9cb5,4/20/2026 21:00:34,,rainfall_0001,1776733230,92.89445,0,4.04,81.73
e00fce681282837e5d0586e0,4/20/2026 21:00:39,,rainfall,1776733229,65.17223,0,4.05,82.7
e00fce68239f79db42ac9cb5,4/20/2026 22:00:33,,rainfall_0001,1776736830,94.1125,0,4.04,81.73
e00fce681282837e5d0586e0,4/20/2026 22:00:35,,rainfall,1776736829,66.24028,0,4.05,82.7
e00fce681282837e5d0586e0,4/20/2026 23:00:35,,rainfall,1776740430,67.82917,0,4.05,82.7
e00fce68239f79db42ac9cb5,4/20/2026 23:00:39,,rainfall_0001,1776740430,94.02917,0,4.04,81.73
e00fce68239f79db42ac9cb5,4/21/2026 0:00:32,,rainfall_0001,1776744028,95.77778,0,4.04,81.73
e00fce681282837e5d0586e0,4/21/2026 0:00:35,,rainfall,1776744029,67.275,0,4.05,82.7
e00fce68239f79db42ac9cb5,4/21/2026 1:00:33,,rainfall_0001,1776747629,95.99861,0,4.04,81.73
e00fce681282837e5d0586e0,4/21/2026 1:00:35,,rainfall,1776747629,67.79583,0,4.05,82.7
e00fce68239f79db42ac9cb5,4/21/2026 2:00:34,,rainfall_0001,1776751230,98.06667,0,4.04,81.73
e00fce681282837e5d0586e0,4/21/2026 2:00:36,,rainfall,1776751230,67.80833,0,4.05,82.7
e00fce681282837e5d0586e0,4/21/2026 3:00:36,,rainfall,1776754830,68.24445,0,4.05,82.7
e00fce68239f79db42ac9cb5,4/21/2026 3:00:38,,rainfall_0001,1776754830,94.48333,0,4.04,81.73
e00fce681282837e5d0586e0,4/21/2026 4:00:36,,rainfall,1776758429,69.68056,0,4.05,82.7
e00fce68239f79db42ac9cb5,4/21/2026 4:00:35,,rainfall_0001,1776758429,93.23194,0,4.04,81.73
e00fce68239f79db42ac9cb5,4/21/2026 5:00:33,,rainfall_0001,1776762030,91.2,0,4.04,81.73
e00fce681282837e5d0586e0,4/21/2026 5:00:37,,rainfall,1776762030,70.11945,0,4.05,82.7
e00fce68239f79db42ac9cb5,4/21/2026 6:00:33,,rainfall_0001,1776765629,86.19167,0,4.04,81.73
e00fce681282837e5d0586e0,4/21/2026 6:00:39,,rainfall,1776765630,70.30833,0,4.05,82.7
e00fce68239f79db42ac9cb5,4/21/2026 7:00:34,,rainfall_0001,1776769230,85.40278,0,4.04,81.73
e00fce681282837e5d0586e0,4/21/2026 7:00:37,,rainfall,1776769230,69.95277,0,4.05,82.7
e00fce68239f79db42ac9cb5,4/21/2026 8:00:33,,rainfall_0001,1776772829,85.34722,0,4.04,81.73
e00fce681282837e5d0586e0,4/21/2026 8:00:37,,rainfall,1776772830,66.16944,0,4.05,82.7
e00fce681282837e5d0586e0,4/21/2026 9:00:37,,rainfall,1776776430,58.98056,0,4.05,82.7
e00fce68239f79db42ac9cb5,4/21/2026 9:00:41,,rainfall_0001,1776776429,81.61806,0,4.04,81.73
e00fce68239f79db42ac9cb5,4/21/2026 10:00:34,,rainfall_0001,1776780030,79.52084,0,4.04,81.73
e00fce681282837e5d0586e0,4/21/2026 10:00:36,,rainfall,1776780029,57.21806,0,4.05,82.7
e00fce68239f79db42ac9cb5,4/21/2026 11:00:33,,rainfall_0001,1776783629,79.37639,0,4.04,81.73
e00fce681282837e5d0586e0,4/21/2026 11:00:40,,rainfall,1776783631,57.20694,0,4.05,82.7
e00fce681282837e5d0586e0,4/21/2026 12:00:36,,rainfall,1776787229,57.55416,0,4.05,82.7
e00fce68239f79db42ac9cb5,4/21/2026 12:00:36,,rainfall_0001,1776787230,77.67917,0,4.04,81.73
e00fce68239f79db42ac9cb5,4/21/2026 13:00:34,,rainfall_0001,1776790830,77.71111,0,4.04,81.73
e00fce681282837e5d0586e0,4/21/2026 13:00:39,,rainfall,1776790829,56.84167,0,4.05,82.7
e00fce68239f79db42ac9cb5,4/21/2026 14:05:05,,rainfall_0001,1776794429,77.85416,0,4.04,81.73
e00fce681282837e5d0586e0,4/21/2026 14:10:11,,rainfall,1776794430,55.91528,0,4.05,82.7
e00fce681282837e5d0586e0,4/21/2026 15:02:00,,rainfall,1776798030,54.63889,0,4.05,82.54
e00fce681282837e5d0586e0,4/21/2026 16:01:48,,rainfall,1776801620,53.26111,0,4.05,82.54
e00fce681282837e5d0586e0,4/21/2026 17:00:30,,rainfall,1776805229,51.68889,0,4.05,82.54
e00fce68239f79db42ac9cb5,4/21/2026 17:05:23,,rainfall_0001,1776805212,82.34444,0,4.04,81.56
e00fce681282837e5d0586e0,4/21/2026 18:00:36,,rainfall,1776808829,49.72639,0,4.05,82.54
e00fce681282837e5d0586e0,4/21/2026 19:00:37,,rainfall,1776812429,54.95972,0,4.05,82.54
e00fce681282837e5d0586e0,4/21/2026 20:00:36,,rainfall,1776816030,64.47222,0,4.05,82.54
e00fce68239f79db42ac9cb5,4/21/2026 20:02:20,,rainfall_0001,1776816130,85.83334,0,4.04,81.56
e00fce681282837e5d0586e0,4/21/2026 21:00:33,,rainfall,1776819630,67.53611,0,4.05,82.54
e00fce68239f79db42ac9cb5,4/21/2026 21:00:34,,rainfall_0001,1776819629,86.12083,0,4.04,81.56
e00fce681282837e5d0586e0,4/21/2026 22:00:32,,rainfall,1776823230,67.725,0,4.05,82.54
e00fce68239f79db42ac9cb5,4/21/2026 22:00:34,,rainfall_0001,1776823230,86.51111,0,4.04,81.56
e00fce681282837e5d0586e0,4/21/2026 23:00:33,,rainfall,1776826829,68.15972,0,4.05,82.54
e00fce68239f79db42ac9cb5,4/21/2026 23:00:36,,rainfall_0001,1776826829,89.63889,0,4.04,81.56
e00fce681282837e5d0586e0,4/22/2026 0:00:32,,rainfall,1776830430,67.00555,0,4.05,82.54
e00fce68239f79db42ac9cb5,4/22/2026 0:00:41,,rainfall_0001,1776830431,91.09861,0,4.04,81.56
e00fce681282837e5d0586e0,4/22/2026 1:00:32,,rainfall,1776834029,66.33889,0,4.05,82.54
e00fce68239f79db42ac9cb5,4/22/2026 1:00:34,,rainfall_0001,1776834030,91.79166,0,4.04,81.56
e00fce681282837e5d0586e0,4/22/2026 2:00:35,,rainfall,1776837630,67.50417,0,4.05,82.54
e00fce68239f79db42ac9cb5,4/22/2026 2:00:38,,rainfall_0001,1776837630,93.19861,0,4.04,81.56
e00fce68239f79db42ac9cb5,4/22/2026 3:00:35,,rainfall_0001,1776841229,91.3,0,4.04,81.56
e00fce681282837e5d0586e0,4/22/2026 3:00:40,,rainfall,1776841229,68.81667,0,4.05,82.54
e00fce681282837e5d0586e0,4/22/2026 4:00:31,,rainfall,1776844829,69.80139,0,4.05,82.54
e00fce68239f79db42ac9cb5,4/22/2026 4:00:35,,rainfall_0001,1776844830,89.26389,0,4.04,81.56
e00fce681282837e5d0586e0,4/22/2026 5:00:32,,rainfall,1776848429,69.93889,0,4.05,82.54
e00fce68239f79db42ac9cb5,4/22/2026 5:00:40,,rainfall_0001,1776848430,85.44583,0,4.04,81.56
e00fce681282837e5d0586e0,4/22/2026 6:00:37,,rainfall,1776852030,70.15417,0,4.05,82.54
e00fce68239f79db42ac9cb5,4/22/2026 6:00:40,,rainfall_0001,1776852031,85,0,4.04,81.56
e00fce681282837e5d0586e0,4/22/2026 7:00:32,,rainfall,1776855630,68.95,0,4.05,82.54
e00fce68239f79db42ac9cb5,4/22/2026 7:00:34,,rainfall_0001,1776855629,82.99028,0,4.04,81.56
e00fce68239f79db42ac9cb5,4/22/2026 8:00:36,,rainfall_0001,1776859230,82.89722,0,4.04,81.56
e00fce681282837e5d0586e0,4/22/2026 8:00:38,,rainfall,1776859230,61.18333,0,4.05,82.54
e00fce68239f79db42ac9cb5,4/22/2026 9:00:35,,rainfall_0001,1776862830,77.35,0,4.04,81.56
e00fce681282837e5d0586e0,4/22/2026 9:00:34,,rainfall,1776862830,50.57639,0,4.05,82.54
e00fce681282837e5d0586e0,4/22/2026 10:00:32,,rainfall,1776866430,48.60139,0,4.05,82.54
e00fce68239f79db42ac9cb5,4/22/2026 10:00:38,,rainfall_0001,1776866430,76.79861,0,4.04,81.56
e00fce68239f79db42ac9cb5,4/22/2026 11:00:43,,rainfall_0001,1776870029,75.58334,0,4.04,81.56
e00fce68239f79db42ac9cb5,4/22/2026 12:00:33,,rainfall_0001,1776873630,73.54861,0,4.04,81.56
e00fce681282837e5d0586e0,4/22/2026 12:00:36,,rainfall,1776873629,47.01528,0,4.05,82.54
e00fce681282837e5d0586e0,4/22/2026 13:00:32,,rainfall,1776877229,47.275,0,4.05,82.54
e00fce68239f79db42ac9cb5,4/22/2026 13:00:32,,rainfall_0001,1776877230,73.525,0,4.04,81.56
e00fce68239f79db42ac9cb5,4/22/2026 14:00:34,,rainfall_0001,1776880830,74.10973,0,4.04,81.56
e00fce681282837e5d0586e0,4/22/2026 14:00:38,,rainfall,1776880830,47.03333,0,4.05,82.54
e00fce681282837e5d0586e0,4/22/2026 15:00:33,,rainfall,1776884430,44.99722,0,4.05,82.54
e00fce68239f79db42ac9cb5,4/22/2026 15:00:32,,rainfall_0001,1776884429,77.36111,0,4.04,81.56
e00fce68239f79db42ac9cb5,4/22/2026 16:00:36,,rainfall_0001,"1776888031,77.55417,0.00,4.04,81.56",,,,
e00fce681282837e5d0586e0,4/22/2026 16:00:36,,rainfall,"1776888030,45.00278,0.00,4.05,82.54",,,,
e00fce68239f79db42ac9cb5,4/22/2026 17:00:34,,rainfall_0001,"1776891629,79.90000,0.00,4.04,81.56",,,,
e00fce681282837e5d0586e0,4/22/2026 17:00:34,,rainfall,"1776891630,44.25834,0.00,4.05,82.54",,,,
e00fce68239f79db42ac9cb5,4/22/2026 18:00:32,,rainfall_0001,"1776895229,81.24306,0.00,4.04,81.56",,,,
e00fce681282837e5d0586e0,4/22/2026 18:00:40,,rainfall,"1776895230,43.68472,0.00,4.05,82.54",,,,
e00fce68239f79db42ac9cb5,4/22/2026 19:00:32,,rainfall_0001,"1776898830,82.42639,0.00,4.04,81.56",,,,
e00fce681282837e5d0586e0,4/22/2026 19:00:33,,rainfall,"1776898830,47.22083,0.00,4.05,82.54",,,,
e00fce68239f79db42ac9cb5,4/22/2026 20:00:33,,rainfall_0001,"1776902430,82.24583,0.00,4.04,81.56",,,,
e00fce681282837e5d0586e0,4/22/2026 20:00:34,,rainfall,"1776902430,56.83333,0.00,4.05,82.54",,,,
e00fce68239f79db42ac9cb5,4/22/2026 21:00:35,,rainfall_0001,"1776906030,85.60416,0.00,4.04,81.56",,,,
e00fce681282837e5d0586e0,4/22/2026 21:00:38,,rainfall,"1776906029,58.77361,0.00,4.05,82.54",,,,
e00fce681282837e5d0586e0,4/22/2026 22:00:37,,rainfall,"1776909630,59.34028,0.00,4.05,82.54",,,,
e00fce68239f79db42ac9cb5,4/22/2026 22:00:41,,rainfall_0001,"1776909630,85.73889,0.00,4.04,81.56",,,,
e00fce68239f79db42ac9cb5,4/22/2026 23:00:33,,rainfall_0001,"1776913230,86.55556,0.00,4.04,81.56",,,,
e00fce681282837e5d0586e0,4/22/2026 23:00:35,,rainfall,"1776913230,59.85833,0.00,4.05,82.54",,,,
e00fce68239f79db42ac9cb5,4/23/2026 0:00:34,,rainfall_0001,"1776916830,87.22500,0.00,4.04,81.56",,,,
e00fce681282837e5d0586e0,4/23/2026 0:00:42,,rainfall,"1776916829,59.88334,0.00,4.04,82.54",,,,
e00fce68239f79db42ac9cb5,4/23/2026 1:00:32,,rainfall_0001,"1776920430,90.02222,0.00,4.04,81.56",,,,
e00fce681282837e5d0586e0,4/23/2026 1:00:34,,rainfall,"1776920430,60.64167,0.00,4.04,82.54",,,,
e00fce68239f79db42ac9cb5,4/23/2026 2:00:32,,rainfall_0001,"1776924030,90.61528,0.00,4.04,81.56",,,,
e00fce681282837e5d0586e0,4/23/2026 2:00:34,,rainfall,"1776924030,61.45278,0.00,4.04,82.54",,,,
e00fce681282837e5d0586e0,4/23/2026 3:00:34,,rainfall,"1776927630,61.70694,0.00,4.04,82.54",,,,
e00fce68239f79db42ac9cb5,4/23/2026 3:00:35,,rainfall_0001,"1776927629,90.56805,0.00,4.04,81.56",,,,
e00fce68239f79db42ac9cb5,4/23/2026 4:00:33,,rainfall_0001,"1776931230,86.01389,0.00,4.04,81.56",,,,
e00fce681282837e5d0586e0,4/23/2026 4:00:35,,rainfall,"1776931230,61.65694,0.00,4.04,82.54",,,,
e00fce68239f79db42ac9cb5,4/23/2026 5:00:33,,rainfall_0001,"1776934831,84.72778,0.00,4.04,81.56",,,,
e00fce68239f79db42ac9cb5,4/23/2026 6:00:32,,rainfall_0001,"1776938429,82.95417,0.00,4.04,81.56",,,,
e00fce681282837e5d0586e0,4/23/2026 6:00:41,,rainfall,"1776938431,62.76389,0.00,4.04,82.54",,,,
e00fce68239f79db42ac9cb5,4/23/2026 7:00:37,,rainfall_0001,"1776942030,82.70556,0.00,4.04,81.56",,,,
e00fce681282837e5d0586e0,4/23/2026 7:00:37,,rainfall,"1776942029,62.85833,0.00,4.04,82.54",,,,
e00fce681282837e5d0586e0,4/23/2026 8:00:35,,rainfall,"1776945631,57.79722,0.00,4.05,82.54",,,,
e00fce68239f79db42ac9cb5,4/23/2026 8:00:41,,rainfall_0001,"1776945631,82.41250,0.00,4.04,81.40",,,,
e00fce68239f79db42ac9cb5,4/23/2026 9:00:34,,rainfall_0001,"1776949229,77.66805,0.00,4.04,81.40",,,,
e00fce681282837e5d0586e0,4/23/2026 9:00:38,,rainfall,"1776949229,51.50417,0.00,4.05,82.54",,,,
e00fce68239f79db42ac9cb5,4/23/2026 10:00:34,,rainfall_0001,"1776952830,75.61806,0.00,4.04,81.40",,,,
e00fce681282837e5d0586e0,4/23/2026 10:00:38,,rainfall,"1776952830,48.77500,0.00,4.05,82.54",,,,
e00fce681282837e5d0586e0,4/23/2026 11:00:37,,rainfall,"1776956430,46.54306,0.00,4.05,82.54",,,,
e00fce681282837e5d0586e0,4/23/2026 12:00:36,,rainfall,"1776960030,45.24166,0.00,4.05,82.54",,,,
e00fce68239f79db42ac9cb5,4/23/2026 12:00:37,,rainfall_0001,"1776960029,72.16528,0.00,4.04,81.40",,,,
e00fce681282837e5d0586e0,4/23/2026 13:00:34,,rainfall,"1776963629,43.53333,0.00,4.05,82.54",,,,
e00fce68239f79db42ac9cb5,4/23/2026 13:00:35,,rainfall_0001,"1776963630,71.44167,0.00,4.04,81.40",,,,
e00fce681282837e5d0586e0,4/23/2026 14:00:35,,rainfall,"1776967230,41.76805,0.00,4.05,82.54",,,,
e00fce68239f79db42ac9cb5,4/23/2026 14:00:50,,rainfall_0001,"1776967230,72.05833,0.00,4.04,81.40",,,,
e00fce681282837e5d0586e0,4/23/2026 15:00:35,,rainfall,"1776970829,40.87222,0.00,4.05,82.54",,,,
e00fce681282837e5d0586e0,4/23/2026 16:00:35,,rainfall,"1776974430,42.53750,0.00,4.05,82.54",,,,
e00fce68239f79db42ac9cb5,4/23/2026 16:08:41,,rainfall_0001,"1776974413,76.82917,0.00,4.04,81.40",,,,
e00fce68239f79db42ac9cb5,4/23/2026 17:00:33,,rainfall_0001,"1776978029,77.44583,0.00,4.04,81.40",,,,
e00fce681282837e5d0586e0,4/23/2026 17:00:38,,rainfall,"1776978029,40.01389,0.00,4.05,82.54",,,,
e00fce68239f79db42ac9cb5,4/23/2026 18:00:33,,rainfall_0001,"1776981629,78.75417,0.00,4.04,81.40",,,,
e00fce681282837e5d0586e0,4/23/2026 18:00:38,,rainfall,"1776981629,40.13889,0.00,4.05,82.54",,,,
e00fce681282837e5d0586e0,4/23/2026 19:00:36,,rainfall,"1776985229,43.75694,0.00,4.05,82.54",,,,
e00fce68239f79db42ac9cb5,4/23/2026 19:00:37,,rainfall_0001,"1776985231,80.75833,0.00,4.04,81.40",,,,
e00fce68239f79db42ac9cb5,4/23/2026 20:00:37,,rainfall_0001,"1776988830,82.12500,0.00,4.04,81.40",,,,
e00fce681282837e5d0586e0,4/23/2026 20:00:40,,rainfall,"1776988829,53.01389,0.00,4.04,82.54",,,,
e00fce68239f79db42ac9cb5,4/23/2026 21:00:36,,rainfall_0001,"1776992429,84.31667,0.00,4.04,81.40",,,,
e00fce681282837e5d0586e0,4/23/2026 21:00:35,,rainfall,"1776992429,55.38750,0.00,4.04,82.54",,,,
e00fce681282837e5d0586e0,4/23/2026 21:00:35,,rainfall,"1776992429,55.38750,0.00,4.04,82.54",,,,
e00fce68239f79db42ac9cb5,4/23/2026 22:00:34,,rainfall_0001,"1776996030,86.22778,0.00,4.04,81.40",,,,
e00fce681282837e5d0586e0,4/23/2026 22:00:36,,rainfall,"1776996030,56.45833,0.00,4.04,82.54",,,,
e00fce68239f79db42ac9cb5,4/23/2026 23:00:35,,rainfall_0001,"1776999629,86.35278,0.00,4.04,81.40",,,,
e00fce681282837e5d0586e0,4/23/2026 23:00:35,,rainfall,"1776999629,57.46528,0.00,4.04,82.54",,,,
e00fce68239f79db42ac9cb5,4/24/2026 0:00:34,,rainfall_0001,"1777003230,87.42639,0.00,4.04,81.40",,,,
e00fce681282837e5d0586e0,4/24/2026 0:00:42,,rainfall,"1777003231,57.71806,0.00,4.04,82.54",,,,
e00fce68239f79db42ac9cb5,4/24/2026 1:00:34,,rainfall_0001,"1777006830,89.92917,0.00,4.04,81.40",,,,
e00fce681282837e5d0586e0,4/24/2026 1:00:37,,rainfall,"1777006829,58.13194,0.00,4.04,82.54",,,,
e00fce68239f79db42ac9cb5,4/24/2026 2:00:34,,rainfall_0001,"1777010430,90.33611,0.00,4.04,81.40",,,,
e00fce681282837e5d0586e0,4/24/2026 2:00:37,,rainfall,"1777010429,58.83889,0.00,4.04,82.54",,,,
e00fce68239f79db42ac9cb5,4/24/2026 3:00:33,,rainfall_0001,"1777014029,89.48750,0.00,4.04,81.40",,,,
e00fce681282837e5d0586e0,4/24/2026 3:00:36,,rainfall,"1777014030,59.85833,0.00,4.04,82.38",,,,
e00fce68239f79db42ac9cb5,4/24/2026 4:00:35,,rainfall_0001,"1777017630,86.95277,0.00,4.04,81.40",,,,
e00fce681282837e5d0586e0,4/24/2026 4:00:38,,rainfall,"1777017629,60.55000,0.00,4.04,82.38",,,,
e00fce68239f79db42ac9cb5,4/24/2026 5:00:34,,rainfall_0001,"1777021230,165.96111,0.00,4.04,81.40",,,,
e00fce681282837e5d0586e0,4/24/2026 5:00:36,,rainfall,"1777021229,60.41250,0.00,4.04,82.38",,,,
e00fce681282837e5d0586e0,4/24/2026 6:00:36,,rainfall,"1777024829,61.43472,0.00,4.04,82.38",,,,
e00fce68239f79db42ac9cb5,4/24/2026 6:00:36,,rainfall_0001,"1777024829,161.87639,0.00,4.04,81.40",,,,
e00fce681282837e5d0586e0,4/24/2026 7:00:36,,rainfall,"1777028430,61.97083,0.00,4.04,82.38",,,,
e00fce68239f79db42ac9cb5,4/24/2026 7:00:40,,rainfall_0001,"1777028430,82.67917,0.00,4.04,81.40",,,,
e00fce68239f79db42ac9cb5,4/24/2026 8:00:34,,rainfall_0001,"1777032030,82.33195,0.00,4.04,81.40",,,,
e00fce681282837e5d0586e0,4/24/2026 8:00:42,,rainfall,"1777032030,56.70555,0.00,4.04,82.38",,,,
e00fce681282837e5d0586e0,4/24/2026 9:00:37,,rainfall,"1777035630,51.42222,0.00,4.04,82.38",,,,
e00fce68239f79db42ac9cb5,4/24/2026 9:00:46,,rainfall_0001,"1777035629,77.01250,0.00,4.04,81.40",,,,
e00fce68239f79db42ac9cb5,4/24/2026 10:00:34,,rainfall_0001,"1777039229,75.28472,0.00,4.04,81.40",,,,
e00fce681282837e5d0586e0,4/24/2026 10:00:36,,rainfall,"1777039230,47.76528,0.00,4.05,82.38",,,,
e00fce681282837e5d0586e0,4/24/2026 11:00:36,,rainfall,"1777042829,46.50417,0.00,4.04,82.38",,,,
e00fce68239f79db42ac9cb5,4/24/2026 11:00:36,,rainfall_0001,"1777042829,73.31944,0.00,4.04,81.40",,,,
e00fce68239f79db42ac9cb5,4/24/2026 12:00:36,,rainfall_0001,"1777046429,71.94583,0.00,4.04,81.40",,,,
e00fce681282837e5d0586e0,4/24/2026 12:00:36,,rainfall,"1777046429,41.83611,0.00,4.04,82.38",,,,
e00fce68239f79db42ac9cb5,4/24/2026 13:00:34,,rainfall_0001,"1777050028,71.42083,0.00,4.04,81.40",,,,
e00fce681282837e5d0586e0,4/24/2026 13:00:39,,rainfall,"1777050030,40.38472,0.00,4.05,82.38",,,,
e00fce68239f79db42ac9cb5,4/24/2026 14:00:36,,rainfall_0001,"1777053631,72.68750,0.00,4.04,81.40",,,,
e00fce681282837e5d0586e0,4/24/2026 14:00:39,,rainfall,"1777053629,38.70417,0.00,4.04,82.38",,,,
e00fce68239f79db42ac9cb5,4/24/2026 15:00:35,,rainfall_0001,"1777057230,74.16666,0.00,4.04,81.40",,,,
e00fce681282837e5d0586e0,4/24/2026 15:00:41,,rainfall,"1777057230,32.99861,0.00,4.05,82.38",,,,
e00fce68239f79db42ac9cb5,4/24/2026 16:00:34,,rainfall_0001,"1777060830,110.71944,0.00,4.04,81.40",,,,
e00fce681282837e5d0586e0,4/24/2026 16:00:44,,rainfall,"1777060829,29.79583,0.00,4.05,82.38",,,,
e00fce68239f79db42ac9cb5,4/24/2026 17:00:34,,rainfall_0001,"1777064429,77.88750,0.00,4.04,81.40",,,,
e00fce681282837e5d0586e0,4/24/2026 17:00:40,,rainfall,"1777064429,26.52778,0.00,4.05,82.38",,,,
e00fce681282837e5d0586e0,4/24/2026 18:00:34,,rainfall,"1777068029,28.65972,0.00,4.05,82.38",,,,
e00fce68239f79db42ac9cb5,4/24/2026 18:00:34,,rainfall_0001,"1777068029,81.01945,0.00,4.04,81.40",,,,
e00fce681282837e5d0586e0,4/24/2026 19:00:32,,rainfall,"1777071630,42.51389,0.00,4.04,82.38",,,,
e00fce68239f79db42ac9cb5,4/24/2026 19:00:37,,rainfall_0001,"1777071629,81.72222,0.00,4.04,81.40",,,,
e00fce681282837e5d0586e0,4/24/2026 20:00:34,,rainfall,"1777075229,54.44444,0.00,4.04,82.38",,,,
e00fce68239f79db42ac9cb5,4/24/2026 20:00:45,,rainfall_0001,"1777075230,84.49722,0.00,4.04,81.40",,,,
e00fce681282837e5d0586e0,4/24/2026 21:00:34,,rainfall,"1777078830,56.55416,0.00,4.04,82.38",,,,
e00fce68239f79db42ac9cb5,4/24/2026 21:00:37,,rainfall_0001,"1777078829,85.33195,0.00,4.04,81.40",,,,
e00fce681282837e5d0586e0,4/24/2026 22:00:32,,rainfall,"1777082429,57.19167,0.00,4.04,82.38",,,,
e00fce68239f79db42ac9cb5,4/24/2026 22:00:35,,rainfall_0001,"1777082430,86.03750,0.00,4.04,81.40",,,,
e00fce681282837e5d0586e0,4/24/2026 23:00:33,,rainfall,"1777086030,57.46111,0.00,4.04,82.38",,,,
e00fce68239f79db42ac9cb5,4/24/2026 23:00:34,,rainfall_0001,"1777086029,86.25139,0.00,4.04,81.40",,,,
e00fce681282837e5d0586e0,4/25/2026 0:00:35,,rainfall,"1777089631,58.77778,0.00,4.04,82.38",,,,
e00fce68239f79db42ac9cb5,4/25/2026 0:00:36,,rainfall_0001,"1777089630,86.85833,0.00,4.04,81.40",,,,
e00fce681282837e5d0586e0,4/25/2026 1:00:36,,rainfall,"1777093230,58.49722,0.00,4.04,82.38",,,,
e00fce68239f79db42ac9cb5,4/25/2026 1:00:35,,rainfall_0001,"1777093230,90.40556,0.00,4.04,81.40",,,,
e00fce681282837e5d0586e0,4/25/2026 2:00:32,,rainfall,"1777096829,58.84028,0.00,4.04,82.38",,,,
e00fce68239f79db42ac9cb5,4/25/2026 2:00:36,,rainfall_0001,"1777096830,90.62778,0.00,4.04,81.40",,,,
e00fce681282837e5d0586e0,4/25/2026 3:00:33,,rainfall,"1777100430,58.78472,0.00,4.04,82.38",,,,
e00fce68239f79db42ac9cb5,4/25/2026 3:00:36,,rainfall_0001,"1777100429,92.41389,0.00,4.04,81.40",,,,
e00fce681282837e5d0586e0,4/25/2026 4:00:32,,rainfall,"1777104029,58.48472,0.00,4.04,82.38",,,,
e00fce68239f79db42ac9cb5,4/25/2026 4:00:35,,rainfall_0001,"1777104029,93.53611,0.00,4.04,81.40",,,,
e00fce68239f79db42ac9cb5,4/25/2026 5:00:37,,rainfall_0001,"1777107629,94.39306,0.00,4.04,81.40",,,,
e00fce681282837e5d0586e0,4/25/2026 5:00:39,,rainfall,"1777107630,59.45278,0.00,4.04,82.38",,,,
e00fce681282837e5d0586e0,4/25/2026 6:00:32,,rainfall,"1777111229,59.96667,0.00,4.04,82.38",,,,
e00fce68239f79db42ac9cb5,4/25/2026 6:00:38,,rainfall_0001,"1777111229,94.15694,0.00,4.04,81.40",,,,
e00fce681282837e5d0586e0,4/25/2026 7:00:33,,rainfall,"1777114830,59.53333,0.00,4.04,82.38",,,,
e00fce68239f79db42ac9cb5,4/25/2026 7:00:36,,rainfall_0001,"1777114830,94.67500,0.00,4.04,81.40",,,,
e00fce68239f79db42ac9cb5,4/25/2026 8:00:35,,rainfall_0001,"1777118430,95.24861,0.00,4.04,81.40",,,,
e00fce681282837e5d0586e0,4/25/2026 8:00:35,,rainfall,"1777118429,56.42361,0.00,4.04,82.38",,,,
e00fce68239f79db42ac9cb5,4/25/2026 9:00:35,,rainfall_0001,"1777122030,93.61250,0.00,4.04,81.40",,,,
e00fce681282837e5d0586e0,4/25/2026 9:00:37,,rainfall,"1777122029,51.34167,0.00,4.04,82.38",,,,
e00fce681282837e5d0586e0,4/25/2026 10:00:33,,rainfall,"1777125629,47.13194,0.00,4.04,82.38",,,,
e00fce68239f79db42ac9cb5,4/25/2026 10:00:38,,rainfall_0001,"1777125629,94.68611,0.00,4.04,81.40",,,,
e00fce681282837e5d0586e0,4/25/2026 11:00:37,,rainfall,"1777129230,44.67500,0.00,4.04,82.38",,,,
e00fce68239f79db42ac9cb5,4/25/2026 11:00:43,,rainfall_0001,"1777129230,94.93750,0.00,4.04,81.40",,,,
e00fce68239f79db42ac9cb5,4/25/2026 12:00:33,,rainfall_0001,"1777132830,95.57500,0.00,4.04,81.40",,,,
e00fce681282837e5d0586e0,4/25/2026 12:00:33,,rainfall,"1777132829,42.12083,0.00,4.04,82.38",,,,
e00fce68239f79db42ac9cb5,4/25/2026 13:00:32,,rainfall_0001,"1777136429,96.00000,0.00,4.04,81.40",,,,
e00fce681282837e5d0586e0,4/25/2026 13:00:36,,rainfall,"1777136430,43.53750,0.00,4.04,82.38",,,,
e00fce68239f79db42ac9cb5,4/25/2026 14:00:32,,rainfall_0001,"1777140030,97.27500,0.00,4.04,81.40",,,,
e00fce681282837e5d0586e0,4/25/2026 14:01:51,,rainfall,"1777140029,41.59861,0.00,4.04,82.38",,,,
e00fce681282837e5d0586e0,4/25/2026 15:00:30,,rainfall,"1777143629,41.59722,0.00,4.04,82.38",,,,
e00fce68239f79db42ac9cb5,4/25/2026 15:00:36,,rainfall_0001,"1777143629,99.55833,0.00,4.04,81.40",,,,
e00fce68239f79db42ac9cb5,4/25/2026 16:00:33,,rainfall_0001,"1777147230,99.67083,0.00,4.04,81.40",,,,
e00fce681282837e5d0586e0,4/25/2026 16:00:33,,rainfall,"1777147229,31.05139,0.00,4.04,82.38",,,,
e00fce681282837e5d0586e0,4/25/2026 17:00:35,,rainfall,"1777150830,29.07917,0.00,4.04,82.38",,,,
e00fce68239f79db42ac9cb5,4/25/2026 17:00:36,,rainfall_0001,"1777150829,100.29723,0.00,4.04,81.40",,,,
e00fce681282837e5d0586e0,4/25/2026 18:00:35,,rainfall,"1777154429,40.50417,0.00,4.04,82.38",,,,
e00fce68239f79db42ac9cb5,4/25/2026 18:01:49,,rainfall_0001,"1777154429,100.38750,0.00,4.04,81.40",,,,
e00fce681282837e5d0586e0,4/25/2026 19:00:31,,rainfall,"1777158029,44.12500,0.00,4.04,82.38",,,,
e00fce68239f79db42ac9cb5,4/25/2026 19:00:36,,rainfall_0001,"1777158029,101.07777,0.00,4.04,81.40",,,,
e00fce68239f79db42ac9cb5,4/25/2026 20:00:33,,rainfall_0001,"1777161630,101.08472,0.00,4.04,81.40",,,,
e00fce681282837e5d0586e0,4/25/2026 20:00:34,,rainfall,"1777161629,53.30556,0.00,4.04,82.38",,,,
e00fce681282837e5d0586e0,4/25/2026 21:00:36,,rainfall,"1777165229,54.60417,0.00,4.04,82.38",,,,
e00fce68239f79db42ac9cb5,4/25/2026 21:00:36,,rainfall_0001,"1777165229,100.98750,0.00,4.04,81.40",,,,
e00fce68239f79db42ac9cb5,4/25/2026 22:00:34,,rainfall_0001,"1777168830,104.76945,0.00,4.04,81.40",,,,
e00fce681282837e5d0586e0,4/25/2026 22:00:37,,rainfall,"1777168830,54.75834,0.00,4.04,82.38",,,,
e00fce681282837e5d0586e0,4/25/2026 23:00:32,,rainfall,"1777172430,54.23195,0.00,4.04,82.38",,,,
e00fce68239f79db42ac9cb5,4/25/2026 23:00:32,,rainfall_0001,"1777172429,103.96806,0.00,4.04,81.40",,,,
e00fce681282837e5d0586e0,4/26/2026 0:00:32,,rainfall,"1777176029,54.11389,0.00,4.04,82.38",,,,
e00fce68239f79db42ac9cb5,4/26/2026 0:00:33,,rainfall_0001,"1777176029,106.01527,0.00,4.04,81.40",,,,
e00fce68239f79db42ac9cb5,4/26/2026 1:00:33,,rainfall_0001,"1777179630,105.99028,0.00,4.04,81.40",,,,
e00fce681282837e5d0586e0,4/26/2026 1:00:36,,rainfall,"1777179630,55.69444,0.00,4.04,82.38",,,,
e00fce681282837e5d0586e0,4/26/2026 2:00:33,,rainfall,"1777183230,56.21389,0.00,4.04,82.21",,,,
e00fce68239f79db42ac9cb5,4/26/2026 2:00:35,,rainfall_0001,"1777183231,105.87500,0.00,4.04,81.40",,,,
e00fce68239f79db42ac9cb5,4/26/2026 3:00:33,,rainfall_0001,"1777186830,107.71667,0.00,4.04,81.40",,,,
e00fce681282837e5d0586e0,4/26/2026 3:00:35,,rainfall,"1777186829,58.21389,0.00,4.04,82.21",,,,
e00fce681282837e5d0586e0,4/26/2026 4:00:32,,rainfall,"1777190429,58.94584,0.00,4.04,82.21",,,,
e00fce68239f79db42ac9cb5,4/26/2026 4:00:35,,rainfall_0001,"1777190430,108.02778,0.00,4.04,81.40",,,,
e00fce68239f79db42ac9cb5,4/26/2026 5:00:32,,rainfall_0001,"1777194029,112.82917,0.00,4.03,81.40",,,,
e00fce681282837e5d0586e0,4/26/2026 5:00:36,,rainfall,"1777194030,58.96389,0.00,4.04,82.21",,,,
e00fce681282837e5d0586e0,4/26/2026 6:00:34,,rainfall,"1777197630,59.29445,0.00,4.04,82.21",,,,
e00fce68239f79db42ac9cb5,4/26/2026 6:00:34,,rainfall_0001,"1777197630,113.02917,0.00,4.04,81.40",,,,
e00fce68239f79db42ac9cb5,4/26/2026 7:00:33,,rainfall_0001,"1777201230,112.96944,1.12,4.04,81.40",,,,
e00fce681282837e5d0586e0,4/26/2026 7:00:33,,rainfall,"1777201230,59.14722,2.51,4.04,82.21",,,,
e00fce68239f79db42ac9cb5,4/26/2026 8:00:33,,rainfall_0001,"1777204829,105.37639,1.96,4.04,81.40",,,,
e00fce681282837e5d0586e0,4/26/2026 8:00:35,,rainfall,"1777204829,59.31528,0.28,4.04,82.21",,,,
e00fce681282837e5d0586e0,4/26/2026 9:00:34,,rainfall,"1777208430,55.76528,0.00,4.04,82.21",,,,
e00fce68239f79db42ac9cb5,4/26/2026 9:00:34,,rainfall_0001,"1777208431,106.14722,0.00,4.03,81.40",,,,
e00fce68239f79db42ac9cb5,4/26/2026 10:00:34,,rainfall_0001,"1777212029,106.32639,0.00,4.03,81.40",,,,
e00fce681282837e5d0586e0,4/26/2026 10:00:33,,rainfall,"1777212029,54.22361,0.00,4.04,82.21",,,,
e00fce681282837e5d0586e0,4/26/2026 11:00:37,,rainfall,"1777215630,56.72083,1.40,4.04,82.21",,,,
e00fce68239f79db42ac9cb5,4/26/2026 11:00:40,,rainfall_0001,"1777215630,106.09306,1.68,4.03,81.40",,,,
e00fce68239f79db42ac9cb5,4/26/2026 12:00:33,,rainfall_0001,"1777219230,105.69444,0.56,4.03,81.40",,,,
e00fce681282837e5d0586e0,4/26/2026 12:00:35,,rainfall,"1777219230,54.67916,0.28,4.04,82.21",,,,
e00fce68239f79db42ac9cb5,4/26/2026 13:00:33,,rainfall_0001,"1777222829,105.51389,0.00,4.03,81.40",,,,
e00fce681282837e5d0586e0,4/26/2026 13:00:35,,rainfall,"1777222830,52.00139,0.00,4.04,82.21",,,,
e00fce681282837e5d0586e0,4/26/2026 14:00:36,,rainfall,"1777226430,50.76111,0.00,4.04,82.21",,,,
e00fce68239f79db42ac9cb5,4/26/2026 14:00:38,,rainfall_0001,"1777226429,105.23333,0.00,4.03,81.40",,,,
e00fce68239f79db42ac9cb5,4/26/2026 15:00:32,,rainfall_0001,"1777230029,106.04861,0.56,4.03,81.40",,,,
e00fce681282837e5d0586e0,4/26/2026 15:00:33,,rainfall,"1777230030,55.72639,1.40,4.04,82.21",,,,
e00fce68239f79db42ac9cb5,4/26/2026 16:00:33,,rainfall_0001,"1777233629,108.27778,0.00,4.03,81.40",,,,
e00fce681282837e5d0586e0,4/26/2026 16:00:34,,rainfall,"1777233629,60.00278,0.00,4.04,82.21",,,,
e00fce681282837e5d0586e0,4/26/2026 17:00:33,,rainfall,"1777237229,62.09306,0.00,4.04,82.21",,,,
e00fce68239f79db42ac9cb5,4/26/2026 17:00:34,,rainfall_0001,"1777237230,111.13889,0.00,4.04,81.40",,,,
e00fce681282837e5d0586e0,4/26/2026 18:00:35,,rainfall,"1777240830,63.84028,0.00,4.04,82.21",,,,
e00fce68239f79db42ac9cb5,4/26/2026 18:00:36,,rainfall_0001,"1777240829,113.12639,0.00,4.04,81.40",,,,
e00fce68239f79db42ac9cb5,4/26/2026 19:00:36,,rainfall_0001,"1777244429,112.65278,0.00,4.04,81.40",,,,
e00fce681282837e5d0586e0,4/26/2026 19:00:37,,rainfall,"1777244430,67.47222,0.00,4.04,82.21",,,,
e00fce681282837e5d0586e0,4/26/2026 20:00:34,,rainfall,"1777248029,73.34444,0.00,4.04,82.21",,,,
e00fce68239f79db42ac9cb5,4/26/2026 20:00:41,,rainfall_0001,"1777248030,112.11806,0.00,4.04,81.40",,,,
e00fce681282837e5d0586e0,4/26/2026 21:00:35,,rainfall,"1777251630,74.13611,0.00,4.04,82.21",,,,
e00fce68239f79db42ac9cb5,4/26/2026 21:00:38,,rainfall_0001,"1777251631,113.47083,0.00,4.04,81.40",,,,
e00fce68239f79db42ac9cb5,4/26/2026 22:00:33,,rainfall_0001,"1777255229,113.45972,0.00,4.04,81.40",,,,
e00fce681282837e5d0586e0,4/26/2026 22:00:35,,rainfall,"1777255230,77.67361,0.00,4.04,82.21",,,,
e00fce68239f79db42ac9cb5,4/26/2026 23:00:34,,rainfall_0001,"1777258830,113.98611,0.00,4.04,81.40",,,,
e00fce681282837e5d0586e0,4/26/2026 23:00:36,,rainfall,"1777258830,76.70139,0.00,4.04,82.21",,,,
e00fce68239f79db42ac9cb5,4/27/2026 0:00:33,,rainfall_0001,"1777262429,114.21111,0.00,4.04,81.40",,,,
e00fce681282837e5d0586e0,4/27/2026 0:00:37,,rainfall,"1777262429,76.65278,0.00,4.04,82.21",,,,
e00fce681282837e5d0586e0,4/27/2026 1:00:34,,rainfall,"1777266029,79.55139,0.00,4.04,82.21",,,,
e00fce68239f79db42ac9cb5,4/27/2026 1:00:38,,rainfall_0001,"1777266030,115.82361,0.00,4.04,81.40",,,,
e00fce681282837e5d0586e0,4/27/2026 2:00:35,,rainfall,"1777269630,79.26527,0.00,4.04,82.21",,,,
e00fce68239f79db42ac9cb5,4/27/2026 2:00:41,,rainfall_0001,"1777269630,115.54028,0.00,4.04,81.40",,,,
e00fce68239f79db42ac9cb5,4/27/2026 3:00:33,,rainfall_0001,"1777273229,109.79723,0.00,4.04,81.40",,,,
e00fce681282837e5d0586e0,4/27/2026 3:00:35,,rainfall,"1777273230,80.28472,0.00,4.04,82.21",,,,
e00fce681282837e5d0586e0,4/27/2026 4:00:36,,rainfall,"1777276830,79.16111,0.00,4.04,82.21",,,,
e00fce681282837e5d0586e0,4/27/2026 5:00:34,,rainfall,"1777280430,78.07222,0.00,4.04,82.21",,,,
e00fce68239f79db42ac9cb5,4/27/2026 5:00:35,,rainfall_0001,"1777280429,100.95972,0.00,4.04,81.40",,,,
e00fce681282837e5d0586e0,4/27/2026 6:00:34,,rainfall,"1777284029,79.01527,0.00,4.04,82.21",,,,
e00fce68239f79db42ac9cb5,4/27/2026 6:00:37,,rainfall_0001,"1777284030,100.18611,0.00,4.04,81.40",,,,
e00fce68239f79db42ac9cb5,4/27/2026 7:00:35,,rainfall_0001,"1777287630,97.05139,0.00,4.04,81.40",,,,
e00fce681282837e5d0586e0,4/27/2026 7:00:38,,rainfall,"1777287630,81.48194,0.00,4.04,82.21",,,,
e00fce68239f79db42ac9cb5,4/27/2026 8:00:34,,rainfall_0001,"1777291230,97.54305,0.00,4.04,81.40",,,,
e00fce681282837e5d0586e0,4/27/2026 8:00:35,,rainfall,"1777291230,78.96944,0.00,4.04,82.21",,,,
e00fce681282837e5d0586e0,4/27/2026 9:00:34,,rainfall,"1777294829,75.73889,0.00,4.04,82.21",,,,
e00fce68239f79db42ac9cb5,4/27/2026 9:00:37,,rainfall_0001,"1777294830,94.29583,0.00,4.04,81.40",,,,
e00fce68239f79db42ac9cb5,4/27/2026 10:00:34,,rainfall_0001,"1777298429,92.64027,0.00,4.03,81.24",,,,
e00fce681282837e5d0586e0,4/27/2026 10:00:35,,rainfall,"1777298430,70.66111,0.00,4.04,82.21",,,,
e00fce681282837e5d0586e0,4/27/2026 11:00:35,,rainfall,"1777302030,66.96528,0.00,4.04,82.21",,,,
e00fce68239f79db42ac9cb5,4/27/2026 11:00:47,,rainfall_0001,"1777302029,90.75278,0.00,4.03,81.24",,,,
e00fce681282837e5d0586e0,4/27/2026 12:00:38,,rainfall,"1777305629,62.93750,0.00,4.04,82.21",,,,
e00fce68239f79db42ac9cb5,4/27/2026 12:00:39,,rainfall_0001,"1777305630,86.30695,0.00,4.03,81.24",,,,
e00fce681282837e5d0586e0,4/27/2026 13:00:38,,rainfall,"1777309230,54.62500,0.00,4.04,82.21",,,,
e00fce68239f79db42ac9cb5,4/27/2026 13:00:40,,rainfall_0001,"1777309229,85.85278,0.00,4.03,81.24",,,,
e00fce681282837e5d0586e0,4/27/2026 14:00:36,,rainfall,"1777312830,50.25694,0.00,4.04,82.21",,,,
e00fce68239f79db42ac9cb5,4/27/2026 14:00:39,,rainfall_0001,"1777312830,87.06111,0.00,4.03,81.24",,,,
e00fce681282837e5d0586e0,4/27/2026 15:00:35,,rainfall,"1777316429,41.74166,0.00,4.04,82.21",,,,
e00fce681282837e5d0586e0,4/27/2026 16:00:36,,rainfall,"1777320030,37.22917,0.00,4.04,82.21",,,,
e00fce68239f79db42ac9cb5,4/27/2026 16:00:35,,rainfall_0001,"1777320030,89.66666,0.00,4.03,81.24",,,,
e00fce681282837e5d0586e0,4/27/2026 17:00:35,,rainfall,"1777323630,32.18195,0.00,4.04,82.21",,,,
e00fce68239f79db42ac9cb5,4/27/2026 17:00:38,,rainfall_0001,"1777323630,90.53056,0.00,4.03,81.24",,,,
e00fce681282837e5d0586e0,4/27/2026 18:00:35,,rainfall,"1777327229,30.68889,0.00,4.04,82.21",,,,
e00fce68239f79db42ac9cb5,4/27/2026 18:00:35,,rainfall_0001,"1777327228,92.02500,0.00,4.03,81.24",,,,
e00fce68239f79db42ac9cb5,4/27/2026 19:00:34,,rainfall_0001,"1777330830,93.89027,0.00,4.03,81.24",,,,
e00fce681282837e5d0586e0,4/27/2026 19:00:37,,rainfall,"1777330829,44.09861,0.00,4.04,82.21",,,,
e00fce68239f79db42ac9cb5,4/27/2026 20:00:37,,rainfall_0001,"1777334430,94.13055,0.00,4.03,81.24",,,,
e00fce681282837e5d0586e0,4/27/2026 20:00:36,,rainfall,"1777334429,64.65139,0.00,4.04,82.21",,,,
e00fce681282837e5d0586e0,4/27/2026 21:00:36,,rainfall,"1777338029,64.67223,0.00,4.04,82.21",,,,
e00fce68239f79db42ac9cb5,4/27/2026 21:00:35,,rainfall_0001,"1777338029,95.06667,0.00,4.03,81.24",,,,
e00fce68239f79db42ac9cb5,4/27/2026 22:00:34,,rainfall_0001,"1777341629,95.83056,0.00,4.03,81.24",,,,
e00fce681282837e5d0586e0,4/27/2026 22:00:37,,rainfall,"1777341630,64.58750,0.00,4.04,82.21",,,,
e00fce681282837e5d0586e0,4/27/2026 23:00:35,,rainfall,"1777345229,65.65417,0.00,4.04,82.21",,,,
e00fce68239f79db42ac9cb5,4/27/2026 23:00:38,,rainfall_0001,"1777345230,98.00278,0.00,4.03,81.24",,,,
e00fce681282837e5d0586e0,4/28/2026 0:09:08,,rainfall,"1777348830,65.65833,0.00,4.04,82.21",,,,
e00fce681282837e5d0586e0,4/28/2026 1:01:49,,rainfall,"1777352429,66.13472,0.00,4.04,82.05",,,,
e00fce681282837e5d0586e0,4/28/2026 2:00:28,,rainfall,"1777356020,67.54723,0.00,4.04,82.05",,,,
e00fce681282837e5d0586e0,4/28/2026 3:00:37,,rainfall,"1777359629,68.65000,0.00,4.04,82.05",,,,
e00fce681282837e5d0586e0,4/28/2026 4:00:42,,rainfall,"1777363230,69.09028,0.00,4.04,82.05",,,,
e00fce681282837e5d0586e0,4/28/2026 6:00:40,,rainfall,"1777370430,70.34306,0.00,4.04,82.05",,,,
e00fce681282837e5d0586e0,4/28/2026 7:00:37,,rainfall,"1777374029,70.39445,0.00,4.04,82.05",,,,
e00fce68239f79db42ac9cb5,4/28/2026 7:04:15,,rainfall_0001,"1777374013,89.87778,0.00,4.04,81.24",,,,
e00fce68239f79db42ac9cb5,4/28/2026 8:00:36,,rainfall_0001,"1777377630,89.96111,0.00,4.03,81.24",,,,
e00fce681282837e5d0586e0,4/28/2026 8:00:37,,rainfall,"1777377629,67.40556,0.00,4.04,82.05",,,,
e00fce68239f79db42ac9cb5,4/28/2026 9:00:35,,rainfall_0001,"1777381230,84.56528,0.00,4.03,81.24",,,,
e00fce681282837e5d0586e0,4/28/2026 9:00:40,,rainfall,"1777381230,63.50694,0.00,4.04,82.05",,,,
e00fce68239f79db42ac9cb5,4/28/2026 10:00:38,,rainfall_0001,"1777384829,83.14584,0.00,4.03,81.24",,,,
e00fce681282837e5d0586e0,4/28/2026 11:00:37,,rainfall,"1777388429,57.33055,0.00,4.04,82.05",,,,
e00fce68239f79db42ac9cb5,4/28/2026 11:00:43,,rainfall_0001,"1777388429,81.48194,0.00,4.03,81.24",,,,
e00fce68239f79db42ac9cb5,4/28/2026 12:00:32,,rainfall_0001,"1777392029,81.45277,0.00,4.03,81.24",,,,
e00fce681282837e5d0586e0,4/28/2026 12:08:42,,rainfall,"1777392030,51.62917,0.00,4.04,82.05",,,,
e00fce68239f79db42ac9cb5,4/28/2026 13:00:35,,rainfall_0001,"1777395629,79.29305,0.00,4.03,81.24",,,,
e00fce681282837e5d0586e0,4/28/2026 13:01:35,,rainfall,"1777395629,47.44722,0.00,4.04,82.05",,,,
e00fce68239f79db42ac9cb5,4/28/2026 14:00:33,,rainfall_0001,"1777399230,81.57083,0.00,4.03,81.24",,,,
e00fce681282837e5d0586e0,4/28/2026 14:00:39,,rainfall,"1777399220,50.99722,0.00,4.04,82.05",,,,
e00fce681282837e5d0586e0,4/28/2026 15:00:35,,rainfall,"1777402830,39.55000,0.00,4.04,82.05",,,,
e00fce68239f79db42ac9cb5,4/28/2026 15:00:37,,rainfall_0001,"1777402829,81.96389,0.00,4.03,81.24",,,,
e00fce68239f79db42ac9cb5,4/28/2026 16:00:31,,rainfall_0001,"1777406429,84.35694,0.00,4.03,81.24",,,,
e00fce681282837e5d0586e0,4/28/2026 16:00:36,,rainfall,"1777406429,34.64028,0.00,4.04,82.05",,,,
e00fce681282837e5d0586e0,4/28/2026 17:00:34,,rainfall,"1777410030,33.35695,0.00,4.04,82.05",,,,
e00fce68239f79db42ac9cb5,4/28/2026 17:00:34,,rainfall_0001,"1777410029,84.76945,0.00,4.03,81.24",,,,
e00fce68239f79db42ac9cb5,4/28/2026 18:00:34,,rainfall_0001,"1777413631,84.88889,0.00,4.03,81.24",,,,
e00fce681282837e5d0586e0,4/28/2026 18:00:34,,rainfall,"1777413629,27.57917,0.00,4.04,82.05",,,,
e00fce68239f79db42ac9cb5,4/28/2026 19:00:35,,rainfall_0001,"1777417231,85.76667,0.00,4.03,81.24",,,,
e00fce681282837e5d0586e0,4/28/2026 19:00:37,,rainfall,"1777417230,42.85695,0.00,4.04,82.05",,,,
e00fce681282837e5d0586e0,4/28/2026 20:00:35,,rainfall,"1777420830,57.75417,0.00,4.04,82.05",,,,
e00fce68239f79db42ac9cb5,4/28/2026 20:00:36,,rainfall_0001,"1777420829,90.20277,0.00,4.03,81.24",,,,
e00fce68239f79db42ac9cb5,4/28/2026 21:00:32,,rainfall_0001,"1777424429,90.59861,0.00,4.03,81.24",,,,
e00fce681282837e5d0586e0,4/28/2026 21:00:33,,rainfall,"1777424430,60.32500,0.00,4.04,82.05",,,,
e00fce68239f79db42ac9cb5,4/28/2026 22:00:33,,rainfall_0001,"1777428030,90.87222,0.00,4.03,81.24",,,,
e00fce681282837e5d0586e0,4/28/2026 22:00:32,,rainfall,"1777428029,61.67222,0.00,4.04,82.05",,,,
e00fce681282837e5d0586e0,4/28/2026 23:00:32,,rainfall,"1777431629,62.44305,0.00,4.04,82.05",,,,
e00fce68239f79db42ac9cb5,4/28/2026 23:00:32,,rainfall_0001,"1777431629,92.71667,0.00,4.03,81.24",,,,
e00fce681282837e5d0586e0,4/29/2026 0:00:33,,rainfall,"1777435230,62.19584,0.00,4.04,82.05",,,,
e00fce68239f79db42ac9cb5,4/29/2026 0:00:41,,rainfall_0001,"1777435229,94.31250,0.00,4.03,81.24",,,,
e00fce68239f79db42ac9cb5,4/29/2026 1:00:33,,rainfall_0001,"1777438830,94.06944,0.00,4.03,81.24",,,,
e00fce681282837e5d0586e0,4/29/2026 1:00:34,,rainfall,"1777438829,62.85000,0.00,4.04,82.05",,,,
e00fce681282837e5d0586e0,4/29/2026 2:00:34,,rainfall,"1777442430,63.49166,0.00,4.04,82.05",,,,
e00fce68239f79db42ac9cb5,4/29/2026 2:00:35,,rainfall_0001,"1777442429,96.22639,0.00,4.03,81.24",,,,
e00fce68239f79db42ac9cb5,4/29/2026 3:00:32,,rainfall_0001,"1777446029,94.22222,0.00,4.03,81.24",,,,
e00fce681282837e5d0586e0,4/29/2026 3:00:32,,rainfall,"1777446029,63.37500,0.00,4.04,82.05",,,,
e00fce68239f79db42ac9cb5,4/29/2026 4:00:32,,rainfall_0001,"1777449629,92.56805,0.00,4.03,81.24",,,,
e00fce681282837e5d0586e0,4/29/2026 4:00:32,,rainfall,"1777449629,63.38194,0.00,4.04,82.05",,,,
e00fce681282837e5d0586e0,4/29/2026 5:00:36,,rainfall,"1777453230,63.35833,0.00,4.04,82.05",,,,
e00fce68239f79db42ac9cb5,4/29/2026 5:00:37,,rainfall_0001,"1777453230,90.76111,0.00,4.03,81.24",,,,
e00fce68239f79db42ac9cb5,4/29/2026 6:00:32,,rainfall_0001,"1777456829,85.74722,0.00,4.03,81.24",,,,
e00fce681282837e5d0586e0,4/29/2026 6:00:33,,rainfall,"1777456830,64.47083,0.00,4.04,82.05",,,,
e00fce681282837e5d0586e0,4/29/2026 7:00:33,,rainfall,"1777460430,63.63889,0.00,4.04,82.05",,,,
e00fce68239f79db42ac9cb5,4/29/2026 7:00:33,,rainfall_0001,"1777460429,85.52639,0.00,4.03,81.24",,,,
e00fce681282837e5d0586e0,4/29/2026 8:00:32,,rainfall,"1777464029,60.19305,0.00,4.04,82.05",,,,
e00fce68239f79db42ac9cb5,4/29/2026 8:00:35,,rainfall_0001,"1777464030,85.23750,0.00,4.03,81.24",,,,
e00fce681282837e5d0586e0,4/29/2026 9:00:35,,rainfall,"1777467630,55.41945,0.00,4.04,82.05",,,,
e00fce68239f79db42ac9cb5,4/29/2026 9:00:33,,rainfall_0001,"1777467630,84.48194,0.00,4.03,81.24",,,,
e00fce681282837e5d0586e0,4/29/2026 10:00:33,,rainfall,"1777471230,52.38055,0.00,4.04,82.05",,,,
e00fce68239f79db42ac9cb5,4/29/2026 10:00:39,,rainfall_0001,"1777471231,82.37361,0.00,4.03,81.24",,,,
e00fce681282837e5d0586e0,4/29/2026 11:00:33,,rainfall,"1777474829,49.29445,0.00,4.04,82.05",,,,
e00fce68239f79db42ac9cb5,4/29/2026 11:00:34,,rainfall_0001,"1777474831,79.75278,0.00,4.03,81.24",,,,
e00fce68239f79db42ac9cb5,4/29/2026 12:00:35,,rainfall_0001,"1777478430,78.94305,0.00,4.03,81.24",,,,
e00fce681282837e5d0586e0,4/29/2026 12:00:34,,rainfall,"1777478430,55.05556,0.00,4.04,82.05",,,,
e00fce68239f79db42ac9cb5,4/29/2026 13:00:33,,rainfall_0001,"1777482029,77.80556,0.00,4.03,81.24",,,,
e00fce681282837e5d0586e0,4/29/2026 13:00:34,,rainfall,"1777482030,51.07222,0.00,4.04,81.89",,,,
e00fce681282837e5d0586e0,4/29/2026 14:00:33,,rainfall,"1777485629,46.41389,0.00,4.04,81.89",,,,
e00fce68239f79db42ac9cb5,4/29/2026 14:00:35,,rainfall_0001,"1777485630,78.10833,0.00,4.03,81.07",,,,
e00fce681282837e5d0586e0,4/29/2026 15:00:34,,rainfall,"1777489230,41.82084,0.00,4.04,81.89",,,,
e00fce68239f79db42ac9cb5,4/29/2026 15:00:33,,rainfall_0001,"1777489229,78.42778,0.00,4.03,81.07",,,,
e00fce681282837e5d0586e0,4/29/2026 16:00:34,,rainfall,"1777492830,43.12222,0.00,4.04,81.89",,,,
e00fce68239f79db42ac9cb5,4/29/2026 16:00:38,,rainfall_0001,"1777492830,81.07361,0.00,4.03,81.07",,,,
e00fce68239f79db42ac9cb5,4/29/2026 17:00:33,,rainfall_0001,"1777496429,82.08195,0.00,4.03,81.07",,,,
e00fce681282837e5d0586e0,4/29/2026 17:00:38,,rainfall,"1777496429,38.31389,0.00,4.04,81.89",,,,
e00fce681282837e5d0586e0,4/29/2026 18:00:35,,rainfall,"1777500029,27.62083,0.00,4.04,81.89",,,,
e00fce68239f79db42ac9cb5,4/29/2026 18:00:34,,rainfall_0001,"1777500029,84.06389,0.00,4.03,81.07",,,,
e00fce681282837e5d0586e0,4/29/2026 19:00:34,,rainfall,"1777503629,37.38750,0.00,4.04,81.89",,,,
e00fce68239f79db42ac9cb5,4/29/2026 19:00:34,,rainfall_0001,"1777503630,85.21667,0.00,4.03,81.07",,,,
e00fce68239f79db42ac9cb5,4/29/2026 20:00:34,,rainfall_0001,"1777507230,86.42223,0.00,4.03,81.07",,,,
e00fce681282837e5d0586e0,4/29/2026 20:00:34,,rainfall,"1777507230,54.33611,0.00,4.04,81.89",,,,
e00fce681282837e5d0586e0,4/29/2026 20:00:34,,rainfall,"1777507230,54.33611,0.00,4.04,81.89",,,,
e00fce68239f79db42ac9cb5,4/29/2026 21:00:34,,rainfall_0001,"1777510830,87.15278,0.00,4.03,81.07",,,,
e00fce681282837e5d0586e0,4/29/2026 21:00:42,,rainfall,"1777510830,56.88334,0.00,4.04,81.89",,,,
e00fce68239f79db42ac9cb5,4/29/2026 22:00:33,,rainfall_0001,"1777514429,89.54583,0.00,4.03,81.07",,,,
e00fce681282837e5d0586e0,4/29/2026 22:00:39,,rainfall,"1777514429,58.03750,0.00,4.04,81.89",,,,
e00fce68239f79db42ac9cb5,4/29/2026 23:00:34,,rainfall_0001,"1777518030,90.66528,0.00,4.03,81.07",,,,
e00fce681282837e5d0586e0,4/29/2026 23:00:37,,rainfall,"1777518030,58.65694,0.00,4.04,81.89",,,,
e00fce681282837e5d0586e0,4/30/2026 0:00:34,,rainfall,"1777521629,58.09167,0.00,4.04,81.89",,,,
e00fce68239f79db42ac9cb5,4/30/2026 0:00:40,,rainfall_0001,"1777521630,90.52084,0.00,4.03,81.07",,,,
e00fce681282837e5d0586e0,4/30/2026 1:00:35,,rainfall,"1777525229,57.66945,0.00,4.04,81.89",,,,
e00fce68239f79db42ac9cb5,4/30/2026 1:00:36,,rainfall_0001,"1777525230,92.12500,0.00,4.03,81.07",,,,
e00fce68239f79db42ac9cb5,4/30/2026 2:00:34,,rainfall_0001,"1777528830,93.55417,0.00,4.03,81.07",,,,
e00fce681282837e5d0586e0,4/30/2026 2:00:36,,rainfall,"1777528829,56.19584,0.00,4.04,81.89",,,,
e00fce68239f79db42ac9cb5,4/30/2026 3:00:33,,rainfall_0001,"1777532429,92.02500,0.00,4.03,81.07",,,,
e00fce681282837e5d0586e0,4/30/2026 3:00:39,,rainfall,"1777532430,55.53056,0.00,4.04,81.89",,,,
e00fce681282837e5d0586e0,4/30/2026 4:00:35,,rainfall,"1777536030,55.79445,0.00,4.04,81.89",,,,
e00fce68239f79db42ac9cb5,4/30/2026 4:00:37,,rainfall_0001,"1777536030,90.14861,0.00,4.03,81.07",,,,
e00fce681282837e5d0586e0,4/30/2026 5:00:34,,rainfall,"1777539629,57.35000,0.00,4.04,81.89",,,,
e00fce68239f79db42ac9cb5,4/30/2026 5:00:38,,rainfall_0001,"1777539630,87.33472,0.00,4.03,81.07",,,,
e00fce68239f79db42ac9cb5,4/30/2026 6:00:35,,rainfall_0001,"1777543229,85.37500,0.00,4.03,81.07",,,,
e00fce681282837e5d0586e0,4/30/2026 6:00:36,,rainfall,"1777543230,58.40694,0.00,4.04,81.89",,,,
e00fce681282837e5d0586e0,4/30/2026 7:00:34,,rainfall,"1777546829,58.92083,0.00,4.04,81.89",,,,
e00fce68239f79db42ac9cb5,4/30/2026 7:00:36,,rainfall_0001,"1777546830,84.63472,0.00,4.03,81.07",,,,
e00fce681282837e5d0586e0,4/30/2026 8:00:35,,rainfall,"1777550429,57.27083,0.00,4.04,81.89",,,,
e00fce68239f79db42ac9cb5,4/30/2026 8:00:34,,rainfall_0001,"1777550430,85.11389,0.00,4.03,81.07",,,,
e00fce68239f79db42ac9cb5,4/30/2026 9:00:34,,rainfall_0001,"1777554030,82.46250,0.00,4.03,81.07",,,,
e00fce681282837e5d0586e0,4/30/2026 9:00:39,,rainfall,"1777554031,55.98333,0.00,4.04,81.89",,,,
e00fce681282837e5d0586e0,4/30/2026 10:00:35,,rainfall,"1777557630,59.81805,1.40,4.04,81.89",,,,
e00fce68239f79db42ac9cb5,4/30/2026 10:00:37,,rainfall_0001,"1777557629,78.43195,1.96,4.03,81.07",,,,
e00fce681282837e5d0586e0,4/30/2026 11:00:35,,rainfall,"1777561229,54.07639,0.56,4.04,81.89",,,,
e00fce68239f79db42ac9cb5,4/30/2026 11:00:36,,rainfall_0001,"1777561229,74.48194,0.00,4.03,81.07",,,,
e00fce681282837e5d0586e0,4/30/2026 12:00:35,,rainfall,"1777564830,53.55416,0.00,4.04,81.89",,,,
e00fce68239f79db42ac9cb5,4/30/2026 12:01:02,,rainfall_0001,"1777564830,73.88333,0.00,4.03,81.07",,,,
e00fce68239f79db42ac9cb5,4/30/2026 13:00:34,,rainfall_0001,"1777568429,68.51389,0.00,4.03,81.07",,,,
e00fce681282837e5d0586e0,4/30/2026 13:00:35,,rainfall,"1777568429,51.93750,0.00,4.04,81.89",,,,
e00fce68239f79db42ac9cb5,4/30/2026 14:00:33,,rainfall_0001,"1777572029,74.38889,0.00,4.03,81.07",,,,
e00fce681282837e5d0586e0,4/30/2026 14:00:39,,rainfall,"1777572029,55.73611,0.00,4.04,81.89",,,,
e00fce68239f79db42ac9cb5,4/30/2026 15:00:35,,rainfall_0001,"1777575629,76.27917,0.00,4.03,81.07",,,,
e00fce681282837e5d0586e0,4/30/2026 15:00:36,,rainfall,"1777575630,43.66667,0.00,4.04,81.89",,,,
e00fce68239f79db42ac9cb5,4/30/2026 16:00:33,,rainfall_0001,"1777579229,77.64861,0.00,4.03,81.07",,,,
e00fce681282837e5d0586e0,4/30/2026 16:00:35,,rainfall,"1777579229,40.70972,0.00,4.04,81.89",,,,
e00fce68239f79db42ac9cb5,4/30/2026 17:00:34,,rainfall_0001,"1777582829,82.26945,0.00,4.03,81.07",,,,
e00fce681282837e5d0586e0,4/30/2026 17:00:36,,rainfall,"1777582829,38.83611,0.00,4.04,81.89",,,,
e00fce68239f79db42ac9cb5,4/30/2026 18:00:35,,rainfall_0001,"1777586429,79.96806,0.00,4.03,81.07",,,,
e00fce681282837e5d0586e0,4/30/2026 18:00:39,,rainfall,"1777586430,32.99166,0.00,4.04,81.89",,,,
e00fce68239f79db42ac9cb5,4/30/2026 19:00:34,,rainfall_0001,"1777590029,82.24861,0.00,4.03,81.07",,,,
e00fce681282837e5d0586e0,4/30/2026 19:00:36,,rainfall,"1777590029,43.97083,0.00,4.04,81.89",,,,
e00fce68239f79db42ac9cb5,4/30/2026 20:00:36,,rainfall_0001,"1777593629,82.51806,0.00,4.03,81.07",,,,
e00fce681282837e5d0586e0,4/30/2026 20:00:39,,rainfall,"1777593629,59.67361,0.00,4.04,81.89",,,,
e00fce68239f79db42ac9cb5,4/30/2026 21:00:34,,rainfall_0001,"1777597229,84.52917,0.00,4.03,81.07",,,,
e00fce681282837e5d0586e0,4/30/2026 21:00:36,,rainfall,"1777597230,62.51389,0.00,4.04,81.89",,,,
e00fce68239f79db42ac9cb5,4/30/2026 22:00:37,,rainfall_0001,"1777600830,85.33056,0.00,4.03,81.07",,,,
e00fce681282837e5d0586e0,4/30/2026 22:00:38,,rainfall,"1777600829,63.57500,0.00,4.04,81.89",,,,
e00fce681282837e5d0586e0,4/30/2026 23:00:39,,rainfall,"1777604430,64.53750,0.00,4.04,81.89",,,,
e00fce68239f79db42ac9cb5,4/30/2026 23:00:39,,rainfall_0001,"1777604430,85.95139,0.00,4.03,81.07",,,,
e00fce68239f79db42ac9cb5,5/1/2026 0:00:34,,rainfall_0001,"1777608029,85.95000,0.00,4.03,81.07",,,,
e00fce681282837e5d0586e0,5/1/2026 0:00:38,,rainfall,"1777608031,64.57222,0.00,4.04,81.89",,,,
e00fce681282837e5d0586e0,5/1/2026 1:00:37,,rainfall,"1777611630,65.61250,0.00,4.04,81.89",,,,
e00fce68239f79db42ac9cb5,5/1/2026 1:00:39,,rainfall_0001,"1777611630,90.35139,0.00,4.03,81.07",,,,
e00fce68239f79db42ac9cb5,5/1/2026 2:00:35,,rainfall_0001,"1777615229,91.07917,0.00,4.03,81.07",,,,
e00fce681282837e5d0586e0,5/1/2026 2:00:38,,rainfall,"1777615230,65.25139,0.00,4.04,81.89",,,,
e00fce681282837e5d0586e0,5/1/2026 3:00:36,,rainfall,"1777618829,65.75694,0.00,4.04,81.89",,,,
e00fce68239f79db42ac9cb5,5/1/2026 3:00:36,,rainfall_0001,"1777618830,89.64861,0.00,4.03,81.07",,,,
e00fce68239f79db42ac9cb5,5/1/2026 4:00:35,,rainfall_0001,"1777622429,85.69444,0.00,4.03,81.07",,,,
e00fce681282837e5d0586e0,5/1/2026 4:00:37,,rainfall,"1777622430,65.59861,0.00,4.04,81.89",,,,
e00fce68239f79db42ac9cb5,5/1/2026 5:00:36,,rainfall_0001,"1777626029,85.25278,0.00,4.03,81.07",,,,
e00fce681282837e5d0586e0,5/1/2026 5:00:38,,rainfall,"1777626030,65.81944,0.00,4.04,81.89",,,,
e00fce68239f79db42ac9cb5,5/1/2026 6:00:35,,rainfall_0001,"1777629630,84.94028,0.00,4.03,81.07",,,,
e00fce681282837e5d0586e0,5/1/2026 6:00:39,,rainfall,"1777629629,67.09306,0.00,4.04,81.89",,,,
e00fce68239f79db42ac9cb5,5/1/2026 7:00:35,,rainfall_0001,"1777633230,82.20834,0.00,4.03,81.07",,,,
e00fce681282837e5d0586e0,5/1/2026 7:00:41,,rainfall,"1777633230,66.98055,0.00,4.04,81.89",,,,
e00fce68239f79db42ac9cb5,5/1/2026 8:00:34,,rainfall_0001,"1777636829,82.94583,0.00,4.03,81.07",,,,
e00fce681282837e5d0586e0,5/1/2026 8:00:37,,rainfall,"1777636830,64.62500,0.00,4.04,81.89",,,,
e00fce68239f79db42ac9cb5,5/1/2026 9:00:37,,rainfall_0001,"1777640430,82.20695,0.00,4.03,81.07",,,,
e00fce681282837e5d0586e0,5/1/2026 9:00:41,,rainfall,"1777640430,60.55416,0.00,4.04,81.89",,,,
e00fce681282837e5d0586e0,5/1/2026 10:00:39,,rainfall,"1777644029,57.47361,0.00,4.04,81.89",,,,
e00fce68239f79db42ac9cb5,5/1/2026 10:00:39,,rainfall_0001,"1777644031,80.11806,0.00,4.03,81.07",,,,
e00fce681282837e5d0586e0,5/1/2026 11:00:37,,rainfall,"1777647630,55.25417,0.00,4.04,81.89",,,,
e00fce68239f79db42ac9cb5,5/1/2026 11:00:42,,rainfall_0001,"1777647630,78.35278,0.00,4.03,81.07",,,,
e00fce681282837e5d0586e0,5/1/2026 12:10:34,,rainfall,"1777651229,55.58055,0.00,4.04,81.89",,,,
e00fce681282837e5d0586e0,5/1/2026 13:05:46,,rainfall,"1777654829,55.40556,0.00,4.04,81.89",,,,
e00fce681282837e5d0586e0,5/1/2026 14:09:27,,rainfall,"1777658429,57.30416,0.00,4.04,81.89",,,,
e00fce681282837e5d0586e0,5/1/2026 16:01:23,,rainfall,"1777665614,53.16250,0.00,4.04,81.89",,,,
e00fce681282837e5d0586e0,5/1/2026 17:00:32,,rainfall,"1777669230,50.71667,0.00,4.04,81.89",,,,
e00fce681282837e5d0586e0,5/1/2026 18:00:32,,rainfall,"1777672829,55.39583,0.00,4.04,81.89",,,,
e00fce68239f79db42ac9cb5,5/1/2026 18:11:45,,rainfall_0001,"1777672905,82.51945,0.00,4.03,81.07",,,,
e00fce681282837e5d0586e0,5/1/2026 19:00:40,,rainfall,"1777676430,58.47778,0.00,4.04,81.89",,,,
e00fce681282837e5d0586e0,5/1/2026 20:00:31,,rainfall,"1777680029,61.41806,0.00,4.04,81.89",,,,
e00fce681282837e5d0586e0,5/1/2026 21:00:32,,rainfall,"1777683629,61.26389,0.00,4.04,81.89",,,,
e00fce68239f79db42ac9cb5,5/1/2026 21:04:28,,rainfall_0001,"1777683612,84.75694,0.00,4.03,81.07",,,,
e00fce681282837e5d0586e0,5/1/2026 22:00:32,,rainfall,"1777687229,60.76111,0.00,4.04,81.89",,,,
e00fce68239f79db42ac9cb5,5/1/2026 22:00:33,,rainfall_0001,"1777687229,83.28889,0.00,4.03,81.07",,,,
e00fce68239f79db42ac9cb5,5/1/2026 23:00:32,,rainfall_0001,"1777690829,83.05556,0.00,4.03,81.07",,,,
e00fce681282837e5d0586e0,5/1/2026 23:00:33,,rainfall,"1777690830,60.72222,0.00,4.04,81.89",,,,
e00fce681282837e5d0586e0,5/2/2026 0:00:35,,rainfall,"1777694429,60.68333,0.00,4.04,81.89",,,,
e00fce68239f79db42ac9cb5,5/2/2026 0:00:35,,rainfall_0001,"1777694429,84.73055,0.00,4.03,81.07",,,,
e00fce681282837e5d0586e0,5/2/2026 1:00:33,,rainfall,"1777698030,61.54583,0.00,4.04,81.89",,,,
e00fce68239f79db42ac9cb5,5/2/2026 1:00:43,,rainfall_0001,"1777698029,85.77361,0.00,4.03,81.07",,,,
e00fce68239f79db42ac9cb5,5/2/2026 2:00:34,,rainfall_0001,"1777701630,86.21111,0.28,4.03,81.07",,,,
e00fce681282837e5d0586e0,5/2/2026 2:00:39,,rainfall,"1777701630,63.78333,0.28,4.04,81.89",,,,
e00fce681282837e5d0586e0,5/2/2026 3:00:32,,rainfall,"1777705230,64.43333,0.00,4.04,81.89",,,,
e00fce68239f79db42ac9cb5,5/2/2026 3:00:43,,rainfall_0001,"1777705229,85.94305,0.00,4.03,81.07",,,,
e00fce681282837e5d0586e0,5/2/2026 4:00:32,,rainfall,"1777708829,64.93889,0.00,4.04,81.89",,,,
e00fce68239f79db42ac9cb5,5/2/2026 4:00:34,,rainfall_0001,"1777708829,90.77639,0.00,4.03,81.07",,,,
e00fce681282837e5d0586e0,5/2/2026 5:00:32,,rainfall,"1777712429,65.37222,0.00,4.04,81.89",,,,
e00fce68239f79db42ac9cb5,5/2/2026 5:00:46,,rainfall_0001,"1777712429,91.04166,0.28,4.03,81.07",,,,
e00fce68239f79db42ac9cb5,5/2/2026 6:00:37,,rainfall_0001,"1777716030,92.80556,0.28,4.03,81.07",,,,
e00fce681282837e5d0586e0,5/2/2026 6:00:35,,rainfall,"1777716029,66.19167,0.84,4.04,81.89",,,,
e00fce681282837e5d0586e0,5/2/2026 7:00:32,,rainfall,"1777719629,66.21528,0.28,4.04,81.89",,,,
e00fce68239f79db42ac9cb5,5/2/2026 7:00:32,,rainfall_0001,"1777719629,93.68889,0.00,4.03,81.07",,,,
e00fce681282837e5d0586e0,5/2/2026 8:00:33,,rainfall,"1777723229,65.65417,0.56,4.04,81.89",,,,
e00fce68239f79db42ac9cb5,5/2/2026 8:00:35,,rainfall_0001,"1777723229,94.29583,0.28,4.03,81.07",,,,
e00fce68239f79db42ac9cb5,5/2/2026 9:00:32,,rainfall_0001,"1777726830,93.69722,0.00,4.03,81.07",,,,
e00fce681282837e5d0586e0,5/2/2026 9:00:34,,rainfall,"1777726831,62.33333,0.00,4.04,81.89",,,,
e00fce68239f79db42ac9cb5,5/2/2026 10:00:32,,rainfall_0001,"1777730429,95.26527,0.28,4.03,81.07",,,,
e00fce681282837e5d0586e0,5/2/2026 10:00:33,,rainfall,"1777730430,59.74166,0.00,4.04,81.89",,,,
e00fce681282837e5d0586e0,5/2/2026 11:00:32,,rainfall,"1777734029,61.42639,0.28,4.04,81.89",,,,
e00fce68239f79db42ac9cb5,5/2/2026 11:00:37,,rainfall_0001,"1777734029,96.70695,0.28,4.03,81.07",,,,
e00fce68239f79db42ac9cb5,5/2/2026 12:00:33,,rainfall_0001,"1777737630,95.94305,0.84,4.03,81.07",,,,
e00fce681282837e5d0586e0,5/2/2026 12:00:38,,rainfall,"1777737630,60.63750,2.24,4.04,81.89",,,,
e00fce681282837e5d0586e0,5/2/2026 13:00:33,,rainfall,"1777741229,65.60973,0.00,4.04,81.73",,,,
e00fce68239f79db42ac9cb5,5/2/2026 13:00:48,,rainfall_0001,"1777741229,94.64445,0.84,4.03,81.07",,,,
e00fce681282837e5d0586e0,5/2/2026 14:00:34,,rainfall,"1777744830,65.43333,0.00,4.04,81.73",,,,
e00fce68239f79db42ac9cb5,5/2/2026 14:00:34,,rainfall_0001,"1777744829,94.48055,0.28,4.03,81.07",,,,
e00fce681282837e5d0586e0,5/2/2026 15:00:34,,rainfall,"1777748430,67.48194,0.00,4.04,81.73",,,,
e00fce68239f79db42ac9cb5,5/2/2026 15:00:35,,rainfall_0001,"1777748429,94.28472,0.56,4.03,81.07",,,,
e00fce68239f79db42ac9cb5,5/2/2026 16:00:37,,rainfall_0001,"1777752029,95.40278,0.00,4.03,81.07",,,,
e00fce681282837e5d0586e0,5/2/2026 16:00:43,,rainfall,"1777752029,69.72222,0.00,4.04,81.73",,,,
e00fce681282837e5d0586e0,5/2/2026 17:00:35,,rainfall,"1777755630,70.60694,0.00,4.04,81.73",,,,
e00fce68239f79db42ac9cb5,5/2/2026 17:00:51,,rainfall_0001,"1777755630,94.67500,0.28,4.03,81.07",,,,
e00fce681282837e5d0586e0,5/2/2026 18:00:33,,rainfall,"1777759229,72.35000,0.00,4.04,81.73",,,,
e00fce68239f79db42ac9cb5,5/2/2026 18:00:35,,rainfall_0001,"1777759230,95.38055,0.84,4.03,81.07",,,,
e00fce68239f79db42ac9cb5,5/2/2026 19:00:37,,rainfall_0001,"1777762829,94.97916,0.00,4.03,81.07",,,,
e00fce681282837e5d0586e0,5/2/2026 19:00:37,,rainfall,"1777762829,74.35278,0.00,4.04,81.73",,,,
e00fce681282837e5d0586e0,5/2/2026 20:00:34,,rainfall,"1777766430,75.97916,0.00,4.04,81.73",,,,
e00fce68239f79db42ac9cb5,5/2/2026 20:00:38,,rainfall_0001,"1777766429,96.73333,0.00,4.03,81.07",,,,
e00fce68239f79db42ac9cb5,5/2/2026 21:00:34,,rainfall_0001,"1777770029,97.93889,0.00,4.03,81.07",,,,
e00fce681282837e5d0586e0,5/2/2026 21:00:37,,rainfall,"1777770030,76.93472,0.00,4.04,81.73",,,,
e00fce681282837e5d0586e0,5/2/2026 22:00:33,,rainfall,"1777773629,77.86111,0.00,4.04,81.73",,,,
e00fce68239f79db42ac9cb5,5/2/2026 22:00:35,,rainfall_0001,"1777773629,100.04305,0.00,4.03,81.07",,,,
e00fce68239f79db42ac9cb5,5/2/2026 23:00:34,,rainfall_0001,"1777777230,100.29583,0.00,4.03,81.07",,,,
e00fce681282837e5d0586e0,5/2/2026 23:00:39,,rainfall,"1777777230,77.84444,0.00,4.04,81.73",,,,
e00fce68239f79db42ac9cb5,5/3/2026 0:00:36,,rainfall_0001,"1777780830,100.61250,0.00,4.03,81.07",,,,
e00fce681282837e5d0586e0,5/3/2026 0:05:24,,rainfall,"1777780829,78.57777,0.00,4.04,81.73",,,,
e00fce681282837e5d0586e0,5/3/2026 1:00:27,,rainfall,"1777784420,77.76389,0.00,4.04,81.73",,,,
e00fce68239f79db42ac9cb5,5/3/2026 1:00:34,,rainfall_0001,"1777784429,100.59861,0.00,4.03,81.07",,,,
e00fce681282837e5d0586e0,5/3/2026 2:00:34,,rainfall,"1777788029,79.25139,0.00,4.04,81.73",,,,
e00fce68239f79db42ac9cb5,5/3/2026 2:00:36,,rainfall_0001,"1777788030,100.89722,0.00,4.03,81.07",,,,
e00fce681282837e5d0586e0,5/3/2026 3:00:37,,rainfall,"1777791629,80.31111,0.00,4.04,81.73",,,,
e00fce681282837e5d0586e0,5/3/2026 5:04:10,,rainfall,"1777798813,81.02778,0.00,4.04,81.73",,,,
e00fce681282837e5d0586e0,5/3/2026 6:00:22,,rainfall,"1777802420,82.23889,0.00,4.04,81.73",,,,
e00fce681282837e5d0586e0,5/3/2026 7:00:34,,rainfall,"1777806030,81.98333,0.00,4.04,81.73",,,,
e00fce681282837e5d0586e0,5/3/2026 8:05:22,,rainfall,"1777809630,77.35416,0.00,4.04,81.73",,,,
e00fce681282837e5d0586e0,5/3/2026 9:01:56,,rainfall,"1777813229,71.31111,0.00,4.04,81.73",,,,
e00fce681282837e5d0586e0,5/3/2026 10:00:25,,rainfall,"1777816820,68.39584,0.00,4.04,81.73",,,,
e00fce681282837e5d0586e0,5/3/2026 11:00:32,,rainfall,"1777820429,68.03611,0.00,4.04,81.73",,,,
e00fce681282837e5d0586e0,5/3/2026 12:00:35,,rainfall,"1777824030,68.02084,0.00,4.04,81.73",,,,
e00fce68239f79db42ac9cb5,5/3/2026 12:05:09,,rainfall_0001,"1777824105,112.76389,0.00,4.03,81.07",,,,
e00fce68239f79db42ac9cb5,5/3/2026 13:00:33,,rainfall_0001,"1777827629,113.57083,0.00,4.03,81.07",,,,
e00fce681282837e5d0586e0,5/3/2026 13:00:32,,rainfall,"1777827629,69.17083,0.00,4.04,81.73",,,,
e00fce68239f79db42ac9cb5,5/3/2026 14:00:34,,rainfall_0001,"1777831229,112.28333,0.00,4.03,81.07",,,,
e00fce681282837e5d0586e0,5/3/2026 14:00:37,,rainfall,"1777831229,56.83333,0.00,4.04,81.73",,,,
e00fce681282837e5d0586e0,5/3/2026 15:00:33,,rainfall,"1777834830,42.40694,0.00,4.04,81.73",,,,
e00fce68239f79db42ac9cb5,5/3/2026 15:00:34,,rainfall_0001,"1777834830,113.95556,0.00,4.03,81.07",,,,
e00fce68239f79db42ac9cb5,5/3/2026 16:00:34,,rainfall_0001,"1777838429,115.81111,0.00,4.03,81.07",,,,
e00fce681282837e5d0586e0,5/3/2026 16:00:35,,rainfall,"1777838429,36.93333,0.00,4.04,81.73",,,,
e00fce681282837e5d0586e0,5/3/2026 17:00:33,,rainfall,"1777842030,31.98750,0.00,4.04,81.73",,,,
e00fce68239f79db42ac9cb5,5/3/2026 17:00:37,,rainfall_0001,"1777842030,114.04861,0.00,4.03,81.07",,,,
e00fce681282837e5d0586e0,5/3/2026 18:00:34,,rainfall,"1777845629,28.33194,0.00,4.04,81.73",,,,
e00fce68239f79db42ac9cb5,5/3/2026 18:00:33,,rainfall_0001,"1777845629,114.10555,0.00,4.03,81.07",,,,
e00fce68239f79db42ac9cb5,5/3/2026 19:00:34,,rainfall_0001,"1777849230,116.35555,0.00,4.03,81.07",,,,
e00fce681282837e5d0586e0,5/3/2026 19:00:37,,rainfall,"1777849229,37.42639,0.00,4.04,81.73",,,,
e00fce681282837e5d0586e0,5/3/2026 20:00:34,,rainfall,"1777852830,63.52222,0.00,4.04,81.73",,,,
e00fce68239f79db42ac9cb5,5/3/2026 20:00:34,,rainfall_0001,"1777852829,116.27917,0.00,4.03,81.07",,,,
e00fce681282837e5d0586e0,5/3/2026 21:00:32,,rainfall,"1777856428,66.73194,0.00,4.04,81.73",,,,
e00fce68239f79db42ac9cb5,5/3/2026 21:00:34,,rainfall_0001,"1777856429,116.63333,0.00,4.03,81.07",,,,
e00fce681282837e5d0586e0,5/3/2026 22:00:33,,rainfall,"1777860029,67.76806,0.00,4.04,81.73",,,,
e00fce68239f79db42ac9cb5,5/3/2026 22:00:38,,rainfall_0001,"1777860030,116.58889,0.00,4.03,81.07",,,,
e00fce68239f79db42ac9cb5,5/3/2026 23:00:35,,rainfall_0001,"1777863630,117.18056,0.00,4.03,81.07",,,,
e00fce681282837e5d0586e0,5/3/2026 23:00:35,,rainfall,"1777863630,69.21111,0.00,4.04,81.73",,,,
e00fce681282837e5d0586e0,5/4/2026 0:00:33,,rainfall,"1777867229,70.43333,0.00,4.04,81.73",,,,
e00fce68239f79db42ac9cb5,5/4/2026 0:00:37,,rainfall_0001,"1777867229,116.61945,0.00,4.03,81.07",,,,
e00fce68239f79db42ac9cb5,5/4/2026 1:00:34,,rainfall_0001,"1777870829,116.39584,0.00,4.03,81.07",,,,
e00fce681282837e5d0586e0,5/4/2026 1:00:37,,rainfall,"1777870830,71.35555,0.00,4.04,81.73",,,,
e00fce681282837e5d0586e0,5/4/2026 2:00:34,,rainfall,"1777874430,72.23889,0.00,4.04,81.73",,,,
e00fce68239f79db42ac9cb5,5/4/2026 2:00:40,,rainfall_0001,"1777874430,117.46806,0.00,4.03,81.07",,,,
e00fce681282837e5d0586e0,5/4/2026 3:00:34,,rainfall,"1777878029,72.60555,0.00,4.04,81.73",,,,
e00fce68239f79db42ac9cb5,5/4/2026 3:00:34,,rainfall_0001,"1777878030,116.50555,0.00,4.03,81.07",,,,
e00fce68239f79db42ac9cb5,5/4/2026 4:00:37,,rainfall_0001,"1777881629,112.79861,0.00,4.03,81.07",,,,
e00fce681282837e5d0586e0,5/4/2026 4:00:36,,rainfall,"1777881629,73.18750,0.00,4.04,81.73",,,,
e00fce68239f79db42ac9cb5,5/4/2026 5:00:37,,rainfall_0001,"1777885230,105.36528,0.00,4.03,81.07",,,,
e00fce681282837e5d0586e0,5/4/2026 5:00:39,,rainfall,"1777885230,72.95417,0.00,4.04,81.73",,,,
e00fce68239f79db42ac9cb5,5/4/2026 6:00:35,,rainfall_0001,"1777888829,100.92778,0.00,4.03,81.07",,,,
e00fce681282837e5d0586e0,5/4/2026 6:00:37,,rainfall,"1777888830,73.29305,0.00,4.04,81.73",,,,
e00fce68239f79db42ac9cb5,5/4/2026 7:00:34,,rainfall_0001,"1777892429,98.49167,0.00,4.03,81.07",,,,
e00fce681282837e5d0586e0,5/4/2026 7:00:34,,rainfall,"1777892429,72.94861,0.00,4.04,81.73",,,,
e00fce681282837e5d0586e0,5/4/2026 8:00:35,,rainfall,"1777896030,69.99722,0.00,4.04,81.73",,,,
e00fce68239f79db42ac9cb5,5/4/2026 8:00:35,,rainfall_0001,"1777896029,98.37083,0.00,4.03,81.07",,,,
e00fce68239f79db42ac9cb5,5/4/2026 9:00:34,,rainfall_0001,"1777899629,93.23473,0.00,4.03,81.07",,,,
e00fce681282837e5d0586e0,5/4/2026 9:00:35,,rainfall,"1777899629,66.58056,0.00,4.04,81.73",,,,
e00fce68239f79db42ac9cb5,5/4/2026 10:00:37,,rainfall_0001,"1777903230,91.08195,0.00,4.03,81.07",,,,
e00fce681282837e5d0586e0,5/4/2026 10:00:39,,rainfall,"1777903229,61.40694,0.00,4.04,81.73",,,,
e00fce681282837e5d0586e0,5/4/2026 11:00:39,,rainfall,"1777906830,58.70555,0.00,4.04,81.73",,,,
e00fce68239f79db42ac9cb5,5/4/2026 11:00:42,,rainfall_0001,"1777906829,89.42083,0.00,4.03,81.07",,,,
e00fce681282837e5d0586e0,5/4/2026 12:00:34,,rainfall,"1777910429,55.60556,0.00,4.04,81.73",,,,
e00fce68239f79db42ac9cb5,5/4/2026 12:00:40,,rainfall_0001,"1777910429,89.78611,0.00,4.03,81.07",,,,
e00fce681282837e5d0586e0,5/4/2026 12:25:47,,rainfall,"946684813,51.91250,0.00,4.04,81.73",,,,
e00fce681282837e5d0586e0,5/4/2026 12:27:02,,rainfall,"946684813,49.54445,0.00,4.04,81.73",,,,
e00fce681282837e5d0586e0,5/4/2026 12:27:02,,rainfall,"946684813,49.54445,0.00,4.04,81.73",,,,
e00fce681282837e5d0586e0,5/4/2026 12:27:46,,rainfall,"1777912064,51.98333,0.00,4.04,81.73",,,,
e00fce68239f79db42ac9cb5,5/4/2026 13:00:33,,rainfall_0001,"1777914029,85.76111,0.00,4.03,81.07",,,,
e00fce681282837e5d0586e0,5/4/2026 13:00:35,,rainfall,"1777914030,123.82777,2.24,4.04,81.73",,,,
e00fce68239f79db42ac9cb5,5/4/2026 14:00:31,,rainfall_0001,"1777917629,87.51945,0.00,4.03,81.07",,,,
e00fce681282837e5d0586e0,5/4/2026 14:00:32,,rainfall,"1777917630,123.22083,0.00,4.04,81.73",,,,
e00fce68239f79db42ac9cb5,5/4/2026 15:00:31,,rainfall_0001,"1777921229,86.46250,0.00,4.03,81.07",,,,
e00fce681282837e5d0586e0,5/4/2026 15:00:32,,rainfall,"1777921229,122.98889,0.00,4.04,81.73",,,,
e00fce68239f79db42ac9cb5,5/4/2026 16:00:31,,rainfall_0001,"1777924830,84.88055,0.00,4.03,81.07",,,,
e00fce681282837e5d0586e0,5/4/2026 16:00:37,,rainfall,"1777924830,122.72778,0.00,4.04,81.73",,,,
e00fce68239f79db42ac9cb5,5/4/2026 17:00:31,,rainfall_0001,"1777928429,84.32500,0.00,4.03,81.07",,,,
e00fce681282837e5d0586e0,5/4/2026 17:00:31,,rainfall,"1777928429,122.55972,0.00,4.04,81.73",,,,
e00fce68239f79db42ac9cb5,5/4/2026 18:00:33,,rainfall_0001,"1777932029,82.35139,0.00,4.03,81.07",,,,
e00fce681282837e5d0586e0,5/4/2026 18:00:33,,rainfall,"1777932029,122.32361,0.00,4.04,81.73",,,,
e00fce681282837e5d0586e0,5/4/2026 19:00:31,,rainfall,"1777935628,123.29305,0.00,4.04,81.73",,,,
e00fce68239f79db42ac9cb5,5/4/2026 19:00:31,,rainfall_0001,"1777935630,82.41528,0.00,4.03,80.91",,,,
e00fce681282837e5d0586e0,5/4/2026 20:00:32,,rainfall,"1777939230,125.16944,0.00,4.04,81.73",,,,
e00fce68239f79db42ac9cb5,5/4/2026 20:00:31,,rainfall_0001,"1777939229,82.72361,0.00,4.03,80.91",,,,
e00fce68239f79db42ac9cb5,5/4/2026 21:00:31,,rainfall_0001,"1777942829,83.11389,0.00,4.03,80.91",,,,
e00fce681282837e5d0586e0,5/4/2026 21:00:31,,rainfall,"1777942829,125.65278,0.00,4.04,81.73",,,,
e00fce68239f79db42ac9cb5,5/4/2026 22:00:37,,rainfall_0001,"1777946430,85.63611,0.00,4.03,81.07",,,,
e00fce681282837e5d0586e0,5/4/2026 22:00:38,,rainfall,"1777946430,126.32639,0.00,4.04,81.73",,,,
e00fce68239f79db42ac9cb5,5/4/2026 23:00:32,,rainfall_0001,"1777950030,85.61945,0.00,4.03,81.07",,,,
e00fce681282837e5d0586e0,5/4/2026 23:00:33,,rainfall,"1777950029,126.93750,0.00,4.04,81.73",,,,
e00fce68239f79db42ac9cb5,5/5/2026 0:00:32,,rainfall_0001,"1777953630,85.66805,0.00,4.03,81.07",,,,
e00fce681282837e5d0586e0,5/5/2026 0:00:33,,rainfall,"1777953630,127.07222,0.00,4.04,81.73",,,,
e00fce68239f79db42ac9cb5,5/5/2026 1:00:31,,rainfall_0001,"1777957229,89.02639,0.00,4.03,81.07",,,,
e00fce681282837e5d0586e0,5/5/2026 1:00:32,,rainfall,"1777957229,126.91250,0.00,4.04,81.73",,,,
e00fce68239f79db42ac9cb5,5/5/2026 2:00:35,,rainfall_0001,"1777960830,90.61806,0.00,4.03,81.07",,,,
e00fce681282837e5d0586e0,5/5/2026 2:00:35,,rainfall,"1777960830,127.19028,0.00,4.04,81.73",,,,
e00fce68239f79db42ac9cb5,5/5/2026 3:00:31,,rainfall_0001,"1777964429,89.89306,0.00,4.03,81.07",,,,
e00fce681282837e5d0586e0,5/5/2026 3:00:32,,rainfall,"1777964429,127.28194,0.00,4.04,81.73",,,,
e00fce68239f79db42ac9cb5,5/5/2026 4:00:33,,rainfall_0001,"1777968029,85.62361,0.00,4.03,81.07",,,,
e00fce681282837e5d0586e0,5/5/2026 4:00:36,,rainfall,"1777968030,127.02778,0.00,4.04,81.73",,,,
e00fce68239f79db42ac9cb5,5/5/2026 5:00:31,,rainfall_0001,"1777971629,85.17500,0.00,4.03,81.07",,,,
e00fce681282837e5d0586e0,5/5/2026 5:00:34,,rainfall,"1777971630,127.07917,0.00,4.04,81.73",,,,
e00fce68239f79db42ac9cb5,5/5/2026 6:00:34,,rainfall_0001,"1777975230,83.45417,0.00,4.03,81.07",,,,
e00fce681282837e5d0586e0,5/5/2026 6:00:37,,rainfall,"1777975229,127.02500,0.00,4.04,81.73",,,,
e00fce68239f79db42ac9cb5,5/5/2026 7:00:32,,rainfall_0001,"1777978830,82.96806,0.00,4.03,81.07",,,,
e00fce681282837e5d0586e0,5/5/2026 7:00:33,,rainfall,"1777978830,127.15972,0.00,4.04,81.73",,,,
e00fce68239f79db42ac9cb5,5/5/2026 8:00:33,,rainfall_0001,"1777982429,82.85139,0.00,4.03,81.07",,,,
e00fce681282837e5d0586e0,5/5/2026 8:00:32,,rainfall,"1777982429,125.14445,0.00,4.04,81.73",,,,
e00fce68239f79db42ac9cb5,5/5/2026 9:00:32,,rainfall_0001,"1777986030,77.30139,0.00,4.03,80.91",,,,
e00fce681282837e5d0586e0,5/5/2026 9:00:35,,rainfall,"1777986029,124.69722,0.00,4.04,81.73",,,,
e00fce68239f79db42ac9cb5,5/5/2026 10:00:33,,rainfall_0001,"1777989629,75.82500,0.00,4.03,80.91",,,,
e00fce681282837e5d0586e0,5/5/2026 10:00:35,,rainfall,"1777989629,124.00139,0.00,4.04,81.73",,,,
e00fce68239f79db42ac9cb5,5/5/2026 11:00:31,,rainfall_0001,"1777993228,75.65694,0.00,4.03,80.91",,,,
e00fce681282837e5d0586e0,5/5/2026 11:00:35,,rainfall,"1777993230,124.00278,0.00,4.04,81.73",,,,
e00fce68239f79db42ac9cb5,5/5/2026 12:00:33,,rainfall_0001,"1777996830,74.37778,0.00,4.03,80.91",,,,
e00fce681282837e5d0586e0,5/5/2026 12:00:36,,rainfall,"1777996829,123.90972,0.00,4.04,81.73",,,,
e00fce68239f79db42ac9cb5,5/5/2026 13:00:33,,rainfall_0001,"1778000429,74.37639,0.00,4.03,80.91",,,,
e00fce681282837e5d0586e0,5/5/2026 13:00:35,,rainfall,"1778000429,123.57361,0.00,4.04,81.73",,,,
e00fce68239f79db42ac9cb5,5/5/2026 14:00:33,,rainfall_0001,"1778004029,76.61667,0.00,4.03,80.91",,,,
e00fce681282837e5d0586e0,5/5/2026 14:00:33,,rainfall,"1778004029,123.71806,0.00,4.04,81.73",,,,
e00fce68239f79db42ac9cb5,5/5/2026 15:00:32,,rainfall_0001,"1778007629,76.50694,0.00,4.03,80.91",,,,
e00fce681282837e5d0586e0,5/5/2026 15:00:38,,rainfall,"1778007629,123.33889,0.00,4.04,81.73",,,,
e00fce68239f79db42ac9cb5,5/5/2026 16:00:33,,rainfall_0001,"1778011230,75.00417,0.00,4.03,80.91",,,,
e00fce681282837e5d0586e0,5/5/2026 16:00:37,,rainfall,"1778011229,122.80972,0.00,4.04,81.73",,,,
e00fce68239f79db42ac9cb5,5/5/2026 17:00:38,,rainfall_0001,"1778014830,75.03056,0.00,4.03,80.91",,,,
e00fce681282837e5d0586e0,5/5/2026 17:00:37,,rainfall,"1778014829,122.72361,0.00,4.04,81.73",,,,
e00fce681282837e5d0586e0,5/5/2026 18:00:34,,rainfall,"1778018429,123.59583,0.00,4.04,81.73",,,,
e00fce68239f79db42ac9cb5,5/5/2026 18:00:32,,rainfall_0001,"1778018429,73.96389,0.00,4.03,80.91",,,,
e00fce68239f79db42ac9cb5,5/5/2026 19:00:35,,rainfall_0001,"1778022029,68.76527,0.00,4.03,80.91",,,,
e00fce681282837e5d0586e0,5/5/2026 19:00:40,,rainfall,"1778022030,124.00000,0.00,4.04,81.73",,,,
e00fce68239f79db42ac9cb5,5/5/2026 20:00:33,,rainfall_0001,"1778025630,74.52500,0.00,4.03,80.91",,,,
e00fce681282837e5d0586e0,5/5/2026 20:00:36,,rainfall,"1778025629,125.17639,0.00,4.04,81.73",,,,
e00fce681282837e5d0586e0,5/5/2026 21:00:34,,rainfall,"1778029230,126.99028,0.00,4.04,81.73",,,,
e00fce68239f79db42ac9cb5,5/5/2026 21:00:34,,rainfall_0001,"1778029230,75.16111,0.00,4.03,80.91",,,,
e00fce681282837e5d0586e0,5/5/2026 22:00:34,,rainfall,"1778032829,126.69583,0.00,4.04,81.73",,,,
e00fce68239f79db42ac9cb5,5/5/2026 22:00:35,,rainfall_0001,"1778032829,77.46389,0.00,4.03,80.91",,,,
e00fce681282837e5d0586e0,5/5/2026 23:00:34,,rainfall,"1778036429,126.67361,0.00,4.04,81.73",,,,
e00fce68239f79db42ac9cb5,5/5/2026 23:00:42,,rainfall_0001,"1778036429,78.66528,0.00,4.03,80.91",,,,
e00fce68239f79db42ac9cb5,5/6/2026 0:00:32,,rainfall_0001,"1778040029,80.97500,0.00,4.03,80.91",,,,
e00fce681282837e5d0586e0,5/6/2026 0:00:43,,rainfall,"1778040029,126.60278,0.00,4.04,81.73",,,,
e00fce681282837e5d0586e0,5/6/2026 1:00:32,,rainfall,"1778043630,126.61806,0.00,4.04,81.73",,,,
e00fce68239f79db42ac9cb5,5/6/2026 1:00:33,,rainfall_0001,"1778043630,82.81389,0.00,4.03,80.91",,,,
e00fce681282837e5d0586e0,5/6/2026 2:00:32,,rainfall,"1778047229,126.79166,0.00,4.04,81.73",,,,
e00fce68239f79db42ac9cb5,5/6/2026 2:00:33,,rainfall_0001,"1778047230,82.91389,0.00,4.03,80.91",,,,
e00fce681282837e5d0586e0,5/6/2026 3:00:32,,rainfall,"1778050829,126.78472,0.00,4.04,81.73",,,,
e00fce68239f79db42ac9cb5,5/6/2026 3:00:33,,rainfall_0001,"1778050829,83.20000,0.00,4.03,80.91",,,,
e00fce681282837e5d0586e0,5/6/2026 4:00:32,,rainfall,"1778054430,126.75694,0.00,4.04,81.73",,,,
e00fce68239f79db42ac9cb5,5/6/2026 4:00:35,,rainfall_0001,"1778054430,79.92639,0.00,4.03,80.91",,,,
e00fce681282837e5d0586e0,5/6/2026 5:00:32,,rainfall,"1778058029,126.81250,0.00,4.04,81.73",,,,
e00fce68239f79db42ac9cb5,5/6/2026 5:00:32,,rainfall_0001,"1778058029,79.48055,0.00,4.03,80.91",,,,
e00fce681282837e5d0586e0,5/6/2026 6:00:32,,rainfall,"1778061629,126.81944,0.00,4.04,81.73",,,,
e00fce68239f79db42ac9cb5,5/6/2026 6:00:33,,rainfall_0001,"1778061630,78.68056,0.00,4.03,80.91",,,,
e00fce681282837e5d0586e0,5/6/2026 7:00:34,,rainfall,"1778065229,126.70834,0.00,4.04,81.73",,,,
e00fce68239f79db42ac9cb5,5/6/2026 7:00:35,,rainfall_0001,"1778065230,77.51389,0.00,4.03,80.91",,,,
e00fce681282837e5d0586e0,5/6/2026 8:00:32,,rainfall,"1778068829,124.81250,0.00,4.04,81.73",,,,
e00fce68239f79db42ac9cb5,5/6/2026 8:00:33,,rainfall_0001,"1778068829,76.31389,0.00,4.03,80.91",,,,
e00fce681282837e5d0586e0,5/6/2026 9:00:32,,rainfall,"1778072429,124.28056,0.00,4.04,81.73",,,,
e00fce68239f79db42ac9cb5,5/6/2026 9:00:35,,rainfall_0001,"1778072429,73.37222,0.00,4.03,80.91",,,,
e00fce68239f79db42ac9cb5,5/6/2026 10:00:33,,rainfall_0001,"1778076029,71.77222,0.00,4.03,80.91",,,,
e00fce681282837e5d0586e0,5/6/2026 10:00:35,,rainfall,"1778076029,124.38194,0.00,4.04,81.73",,,,
e00fce681282837e5d0586e0,5/6/2026 11:00:32,,rainfall,"1778079630,123.72361,0.00,4.04,81.73",,,,
e00fce68239f79db42ac9cb5,5/6/2026 11:00:36,,rainfall_0001,"1778079629,68.47222,0.00,4.03,80.91",,,,
e00fce68239f79db42ac9cb5,5/6/2026 12:00:33,,rainfall_0001,"1778083229,68.24028,0.00,4.03,80.91",,,,
e00fce681282837e5d0586e0,5/6/2026 12:00:33,,rainfall,"1778083230,124.47361,0.00,4.04,81.73",,,,
e00fce681282837e5d0586e0,5/6/2026 13:00:33,,rainfall,"1778086829,122.95139,0.00,4.04,81.73",,,,
e00fce68239f79db42ac9cb5,5/6/2026 13:00:36,,rainfall_0001,"1778086830,68.09028,0.00,4.03,80.91",,,,
e00fce681282837e5d0586e0,5/6/2026 14:00:34,,rainfall,"1778090429,123.21528,0.00,4.04,81.73",,,,
e00fce68239f79db42ac9cb5,5/6/2026 14:00:33,,rainfall_0001,"1778090429,69.21389,0.00,4.03,80.91",,,,
e00fce681282837e5d0586e0,5/6/2026 15:00:33,,rainfall,"1778094029,123.26806,0.00,4.04,81.73",,,,
e00fce68239f79db42ac9cb5,5/6/2026 15:00:35,,rainfall_0001,"1778094030,69.90278,0.00,4.03,80.91",,,,
e00fce68239f79db42ac9cb5,5/6/2026 16:00:35,,rainfall_0001,"1778097629,68.48750,0.00,4.03,80.91",,,,
e00fce681282837e5d0586e0,5/6/2026 16:00:34,,rainfall,"1778097630,122.67778,0.00,4.04,81.73",,,,
e00fce681282837e5d0586e0,5/6/2026 17:00:36,,rainfall,"1778101229,124.23750,0.00,4.04,81.73",,,,
e00fce68239f79db42ac9cb5,5/6/2026 17:00:42,,rainfall_0001,"1778101231,68.17223,0.00,4.03,80.91",,,,
e00fce681282837e5d0586e0,5/6/2026 18:00:33,,rainfall,"1778104830,124.57083,0.00,4.04,81.73",,,,
e00fce68239f79db42ac9cb5,5/6/2026 18:00:33,,rainfall_0001,"1778104829,68.14306,0.00,4.03,80.91",,,,
e00fce68239f79db42ac9cb5,5/6/2026 19:00:33,,rainfall_0001,"1778108429,68.06805,0.00,4.03,80.91",,,,
e00fce681282837e5d0586e0,5/6/2026 19:00:39,,rainfall,"1778108429,124.16528,0.00,4.04,81.73",,,,
e00fce681282837e5d0586e0,5/6/2026 20:00:33,,rainfall,"1778112029,125.07083,0.00,4.04,81.73",,,,
e00fce68239f79db42ac9cb5,5/6/2026 20:00:34,,rainfall_0001,"1778112029,68.01945,0.00,4.03,80.91",,,,
e00fce681282837e5d0586e0,5/6/2026 21:00:34,,rainfall,"1778115630,125.23194,0.00,4.04,81.73",,,,
e00fce68239f79db42ac9cb5,5/6/2026 21:00:41,,rainfall_0001,"1778115629,68.70000,0.00,4.03,80.91",,,,
e00fce68239f79db42ac9cb5,5/6/2026 22:00:34,,rainfall_0001,"1778119229,68.65833,0.00,4.03,80.91",,,,
e00fce681282837e5d0586e0,5/6/2026 22:00:33,,rainfall,"1778119229,125.05278,0.00,4.04,81.73",,,,
e00fce68239f79db42ac9cb5,5/6/2026 23:00:37,,rainfall_0001,"1778122830,74.55000,0.00,4.03,80.91",,,,
e00fce681282837e5d0586e0,5/6/2026 23:00:34,,rainfall,"1778122830,125.28750,0.00,4.04,81.73",,,,
e00fce68239f79db42ac9cb5,5/7/2026 0:00:36,,rainfall_0001,"1778126429,76.21528,0.00,4.03,80.91",,,,
e00fce681282837e5d0586e0,5/7/2026 0:00:39,,rainfall,"1778126430,125.61528,0.00,4.04,81.73",,,,
e00fce68239f79db42ac9cb5,5/7/2026 1:00:34,,rainfall_0001,"1778130030,78.08056,0.00,4.03,80.91",,,,
e00fce681282837e5d0586e0,5/7/2026 1:00:36,,rainfall,"1778130029,125.37361,0.00,4.04,81.73",,,,
e00fce681282837e5d0586e0,5/7/2026 2:00:33,,rainfall,"1778133629,125.18472,0.28,4.04,81.73",,,,
e00fce68239f79db42ac9cb5,5/7/2026 2:00:36,,rainfall_0001,"1778133630,79.56805,0.00,4.03,80.91",,,,
e00fce68239f79db42ac9cb5,5/7/2026 3:00:34,,rainfall_0001,"1778137229,78.29166,0.00,4.03,80.91",,,,
e00fce681282837e5d0586e0,5/7/2026 3:00:37,,rainfall,"1778137230,124.99583,0.84,4.04,81.73",,,,
e00fce68239f79db42ac9cb5,5/7/2026 4:00:35,,rainfall_0001,"1778140830,76.69167,0.00,4.03,80.91",,,,
e00fce681282837e5d0586e0,5/7/2026 4:00:35,,rainfall,"1778140830,125.37361,0.00,4.04,81.73",,,,
e00fce68239f79db42ac9cb5,5/7/2026 5:00:34,,rainfall_0001,"1778144429,74.75694,0.00,4.03,80.91",,,,
e00fce681282837e5d0586e0,5/7/2026 5:00:35,,rainfall,"1778144429,125.41111,0.28,4.04,81.56",,,,
e00fce681282837e5d0586e0,5/7/2026 6:00:33,,rainfall,"1778148029,125.42361,0.28,4.04,81.56",,,,
e00fce68239f79db42ac9cb5,5/7/2026 6:00:35,,rainfall_0001,"1778148031,74.80695,0.28,4.03,80.91",,,,
e00fce681282837e5d0586e0,5/7/2026 7:00:34,,rainfall,"1778151629,124.44167,0.84,4.04,81.56",,,,
e00fce68239f79db42ac9cb5,5/7/2026 7:00:37,,rainfall_0001,"1778151629,68.70277,0.00,4.03,80.91",,,,
e00fce68239f79db42ac9cb5,5/7/2026 8:00:34,,rainfall_0001,"1778155229,68.77639,0.00,4.03,80.91",,,,
e00fce681282837e5d0586e0,5/7/2026 8:00:36,,rainfall,"1778155231,124.47639,0.00,4.04,81.56",,,,
e00fce681282837e5d0586e0,5/7/2026 9:00:35,,rainfall,"1778158828,124.48889,0.00,4.04,81.56",,,,
e00fce68239f79db42ac9cb5,5/7/2026 9:00:35,,rainfall_0001,"1778158830,68.74445,0.00,4.03,80.91",,,,
e00fce681282837e5d0586e0,5/7/2026 10:05:35,,rainfall,"1778162430,124.16250,0.28,4.04,81.56",,,,
e00fce68239f79db42ac9cb5,5/7/2026 10:09:32,,rainfall_0001,"1778162430,67.98611,0.00,4.03,80.91",,,,
e00fce681282837e5d0586e0,5/7/2026 11:01:52,,rainfall,"1778166030,124.26250,0.00,4.04,81.56",,,,
e00fce68239f79db42ac9cb5,5/7/2026 11:02:16,,rainfall_0001,"1778166029,68.18333,0.00,4.03,80.75",,,,
e00fce68239f79db42ac9cb5,5/7/2026 12:00:38,,rainfall_0001,"1778169630,67.96250,0.00,4.03,80.75",,,,
e00fce681282837e5d0586e0,5/7/2026 12:00:38,,rainfall,"1778169631,124.27500,0.00,4.04,81.56",,,,
e00fce681282837e5d0586e0,5/7/2026 13:00:36,,rainfall,"1778173229,124.36111,0.28,4.04,81.56",,,,
e00fce68239f79db42ac9cb5,5/7/2026 13:00:41,,rainfall_0001,"1778173230,66.76527,0.00,4.03,80.75",,,,
e00fce68239f79db42ac9cb5,5/7/2026 14:00:31,,rainfall_0001,"1778176830,68.00278,0.00,4.03,80.75",,,,
e00fce681282837e5d0586e0,5/7/2026 14:00:35,,rainfall,"1778176830,124.04583,0.28,4.04,81.56",,,,
e00fce681282837e5d0586e0,5/7/2026 15:00:35,,rainfall,"1778180429,123.96944,0.00,4.04,81.56",,,,
e00fce68239f79db42ac9cb5,5/7/2026 15:00:34,,rainfall_0001,"1778180429,68.14584,0.00,4.03,80.75",,,,
e00fce68239f79db42ac9cb5,5/7/2026 16:00:30,,rainfall_0001,"1778184029,68.17083,0.00,4.03,80.75",,,,
e00fce681282837e5d0586e0,5/7/2026 16:00:35,,rainfall,"1778184030,124.52222,0.56,4.04,81.56",,,,
e00fce68239f79db42ac9cb5,5/7/2026 17:00:31,,rainfall_0001,"1778187629,66.28889,0.00,4.03,80.75",,,,
e00fce681282837e5d0586e0,5/7/2026 17:00:35,,rainfall,"1778187630,122.49583,0.00,4.04,81.56",,,,
e00fce681282837e5d0586e0,5/7/2026 18:00:35,,rainfall,"1778191229,124.20000,0.00,4.04,81.56",,,,
e00fce68239f79db42ac9cb5,5/7/2026 18:00:41,,rainfall_0001,"1778191230,66.15139,0.00,4.03,80.75",,,,
e00fce681282837e5d0586e0,5/7/2026 19:00:39,,rainfall,"1778194829,123.16944,0.00,4.04,81.56",,,,
e00fce68239f79db42ac9cb5,5/7/2026 19:00:42,,rainfall_0001,"1778194829,65.94722,0.00,4.03,80.75",,,,
e00fce68239f79db42ac9cb5,5/7/2026 20:00:31,,rainfall_0001,"1778198429,66.72778,0.00,4.03,80.75",,,,
e00fce681282837e5d0586e0,5/7/2026 20:00:36,,rainfall,"1778198430,123.99028,0.00,4.04,81.56",,,,
e00fce68239f79db42ac9cb5,5/7/2026 21:00:33,,rainfall_0001,"1778202030,68.14584,0.00,4.03,80.75",,,,
e00fce681282837e5d0586e0,5/7/2026 21:00:38,,rainfall,"1778202029,124.48611,0.00,4.04,81.56",,,,
e00fce681282837e5d0586e0,5/7/2026 22:00:35,,rainfall,"1778205629,125.47778,0.00,4.04,81.56",,,,
e00fce68239f79db42ac9cb5,5/7/2026 22:00:32,,rainfall_0001,"1778205630,68.29166,0.00,4.03,80.75",,,,
e00fce68239f79db42ac9cb5,5/7/2026 23:00:32,,rainfall_0001,"1778209230,68.59444,0.00,4.03,80.75",,,,
e00fce681282837e5d0586e0,5/7/2026 23:00:40,,rainfall,"1778209229,126.64861,0.00,4.04,81.56",,,,
e00fce68239f79db42ac9cb5,5/8/2026 0:00:32,,rainfall_0001,"1778212830,74.76806,0.00,4.03,80.75",,,,
e00fce681282837e5d0586e0,5/8/2026 0:00:35,,rainfall,"1778212829,126.79444,0.00,4.04,81.56",,,,
e00fce681282837e5d0586e0,5/8/2026 1:00:36,,rainfall,"1778216429,126.65278,0.00,4.04,81.56",,,,
e00fce68239f79db42ac9cb5,5/8/2026 1:00:36,,rainfall_0001,"1778216429,75.33056,0.00,4.03,80.75",,,,
e00fce68239f79db42ac9cb5,5/8/2026 2:00:35,,rainfall_0001,"1778220030,78.05833,0.00,4.03,80.75",,,,
e00fce681282837e5d0586e0,5/8/2026 2:00:38,,rainfall,"1778220029,126.81389,0.00,4.04,81.56",,,,
e00fce68239f79db42ac9cb5,5/8/2026 3:00:34,,rainfall_0001,"1778223629,78.30139,0.00,4.03,80.75",,,,
e00fce681282837e5d0586e0,5/8/2026 3:00:38,,rainfall,"1778223629,126.92083,0.00,4.04,81.56",,,,
e00fce68239f79db42ac9cb5,5/8/2026 4:00:33,,rainfall_0001,"1778227230,75.39306,0.00,4.03,80.75",,,,
e00fce681282837e5d0586e0,5/8/2026 4:00:36,,rainfall,"1778227229,127.39167,0.00,4.04,81.56",,,,
e00fce68239f79db42ac9cb5,5/8/2026 5:00:35,,rainfall_0001,"1778230830,74.71389,0.00,4.03,80.75",,,,
e00fce681282837e5d0586e0,5/8/2026 5:00:37,,rainfall,"1778230830,128.15277,0.00,4.04,81.56",,,,
e00fce68239f79db42ac9cb5,5/8/2026 6:00:33,,rainfall_0001,"1778234430,74.67361,0.00,4.03,80.75",,,,
e00fce681282837e5d0586e0,5/8/2026 6:00:36,,rainfall,"1778234429,128.10556,0.00,4.04,81.56",,,,
e00fce68239f79db42ac9cb5,5/8/2026 7:00:35,,rainfall_0001,"1778238030,68.89861,0.00,4.03,80.75",,,,
e00fce681282837e5d0586e0,5/8/2026 7:00:40,,rainfall,"1778238030,128.18750,0.00,4.04,81.56",,,,
e00fce68239f79db42ac9cb5,5/8/2026 8:00:31,,rainfall_0001,"1778241629,74.21111,0.00,4.03,80.75",,,,
e00fce681282837e5d0586e0,5/8/2026 8:00:37,,rainfall,"1778241630,126.84861,0.00,4.04,81.56",,,,
e00fce68239f79db42ac9cb5,5/8/2026 9:00:32,,rainfall_0001,"1778245229,68.75417,0.00,4.03,80.75",,,,
e00fce681282837e5d0586e0,5/8/2026 9:00:36,,rainfall,"1778245230,126.56389,0.00,4.04,81.56",,,,
e00fce681282837e5d0586e0,5/8/2026 10:00:36,,rainfall,"1778248829,126.11250,0.00,4.04,81.56",,,,
e00fce68239f79db42ac9cb5,5/8/2026 10:00:40,,rainfall_0001,"1778248830,67.80556,0.00,4.03,80.75",,,,
e00fce68239f79db42ac9cb5,5/8/2026 11:00:32,,rainfall_0001,"1778252429,67.61806,0.00,4.03,80.75",,,,
e00fce681282837e5d0586e0,5/8/2026 11:00:37,,rainfall,"1778252430,125.53750,0.00,4.04,81.56",,,,
e00fce681282837e5d0586e0,5/8/2026 12:00:37,,rainfall,"1778256029,125.63889,0.00,4.04,81.56",,,,
e00fce68239f79db42ac9cb5,5/8/2026 12:00:35,,rainfall_0001,"1778256030,67.93195,0.00,4.03,80.75",,,,
e00fce681282837e5d0586e0,5/8/2026 13:00:36,,rainfall,"1778259629,125.22778,0.00,4.04,81.56",,,,
e00fce68239f79db42ac9cb5,5/8/2026 13:00:35,,rainfall_0001,"1778259630,66.41666,0.00,4.03,80.75",,,,
e00fce68239f79db42ac9cb5,5/8/2026 14:00:38,,rainfall_0001,"1778263229,68.15278,0.00,4.03,80.75",,,,
e00fce681282837e5d0586e0,5/8/2026 14:00:43,,rainfall,"1778263230,124.74583,0.00,4.04,81.56",,,,
e00fce68239f79db42ac9cb5,5/8/2026 15:00:32,,rainfall_0001,"1778266829,68.16389,0.00,4.03,80.75",,,,
e00fce681282837e5d0586e0,5/8/2026 15:00:36,,rainfall,"1778266829,124.37083,0.00,4.04,81.56",,,,
e00fce68239f79db42ac9cb5,5/8/2026 16:00:35,,rainfall_0001,"1778270430,68.09444,0.00,4.03,80.75",,,,
e00fce681282837e5d0586e0,5/8/2026 16:00:38,,rainfall,"1778270429,123.74583,0.00,4.04,81.56",,,,
e00fce68239f79db42ac9cb5,5/8/2026 17:00:33,,rainfall_0001,"1778274030,68.16666,0.00,4.03,80.75",,,,
e00fce681282837e5d0586e0,5/8/2026 17:00:41,,rainfall,"1778274029,124.36111,0.00,4.04,81.56",,,,
e00fce68239f79db42ac9cb5,5/8/2026 18:00:34,,rainfall_0001,"1778277630,67.08750,0.00,4.03,80.75",,,,
e00fce681282837e5d0586e0,5/8/2026 18:00:48,,rainfall,"1778277630,125.75833,0.00,4.04,81.56",,,,
e00fce68239f79db42ac9cb5,5/8/2026 19:00:32,,rainfall_0001,"1778281229,67.35555,0.00,4.03,80.75",,,,
e00fce681282837e5d0586e0,5/8/2026 19:00:38,,rainfall,"1778281230,126.29723,0.00,4.04,81.56",,,,
e00fce68239f79db42ac9cb5,5/8/2026 20:00:35,,rainfall_0001,"1778284831,67.41944,0.00,4.03,80.75",,,,
e00fce681282837e5d0586e0,5/8/2026 20:00:37,,rainfall,"1778284830,126.67223,0.00,4.04,81.56",,,,
e00fce68239f79db42ac9cb5,5/8/2026 21:00:33,,rainfall_0001,"1778288429,68.26111,0.00,4.03,80.75",,,,
e00fce681282837e5d0586e0,5/8/2026 21:00:38,,rainfall,"1778288430,126.75278,0.00,4.04,81.56",,,,
e00fce68239f79db42ac9cb5,5/8/2026 22:00:38,,rainfall_0001,"1778292030,68.37222,0.00,4.03,80.75",,,,
e00fce681282837e5d0586e0,5/8/2026 22:00:37,,rainfall,"1778292030,126.74861,0.00,4.04,81.56",,,,
e00fce68239f79db42ac9cb5,5/8/2026 23:00:37,,rainfall_0001,"1778295630,68.92223,0.00,4.03,80.75",,,,
e00fce681282837e5d0586e0,5/8/2026 23:00:37,,rainfall,"1778295629,126.95417,0.00,4.04,81.56",,,,
e00fce68239f79db42ac9cb5,5/9/2026 0:00:36,,rainfall_0001,"1778299230,75.13611,0.00,4.03,80.75",,,,
e00fce681282837e5d0586e0,5/9/2026 0:00:45,,rainfall,"1778299230,126.87500,0.00,4.04,81.56",,,,
e00fce681282837e5d0586e0,5/9/2026 1:00:31,,rainfall,"1778302830,126.66805,0.00,4.04,81.56",,,,
e00fce68239f79db42ac9cb5,5/9/2026 1:00:38,,rainfall_0001,"1778302830,77.57639,0.00,4.03,80.75",,,,
e00fce681282837e5d0586e0,5/9/2026 2:00:33,,rainfall,"1778306429,126.81944,0.00,4.04,81.56",,,,
e00fce68239f79db42ac9cb5,5/9/2026 2:00:33,,rainfall_0001,"1778306430,78.08472,0.00,4.03,80.75",,,,
e00fce681282837e5d0586e0,5/9/2026 3:00:31,,rainfall,"1778310029,126.87917,0.00,4.04,81.56",,,,
e00fce68239f79db42ac9cb5,5/9/2026 3:00:33,,rainfall_0001,"1778310029,80.34444,0.00,4.03,80.75",,,,
e00fce681282837e5d0586e0,5/9/2026 4:00:34,,rainfall,"1778313630,127.43750,0.00,4.04,81.56",,,,
e00fce68239f79db42ac9cb5,5/9/2026 4:00:38,,rainfall_0001,"1778313630,80.63055,0.00,4.03,80.75",,,,
e00fce68239f79db42ac9cb5,5/9/2026 5:00:34,,rainfall_0001,"1778317230,83.10278,0.00,4.03,80.75",,,,
e00fce681282837e5d0586e0,5/9/2026 5:00:34,,rainfall,"1778317230,127.52361,0.00,4.04,81.56",,,,
e00fce681282837e5d0586e0,5/9/2026 6:00:31,,rainfall,"1778320829,126.80417,0.00,4.04,81.56",,,,
e00fce68239f79db42ac9cb5,5/9/2026 6:00:33,,rainfall_0001,"1778320829,83.20556,0.00,4.03,80.75",,,,
e00fce681282837e5d0586e0,5/9/2026 7:00:33,,rainfall,"1778324429,126.53611,0.00,4.04,81.56",,,,
e00fce68239f79db42ac9cb5,5/9/2026 7:00:33,,rainfall_0001,"1778324430,85.11111,0.00,4.03,80.75",,,,
e00fce681282837e5d0586e0,5/9/2026 8:00:34,,rainfall,"1778328029,126.37778,0.00,4.04,81.56",,,,
e00fce68239f79db42ac9cb5,5/9/2026 8:00:35,,rainfall_0001,"1778328029,85.42500,0.00,4.03,80.75",,,,
e00fce681282837e5d0586e0,5/9/2026 9:00:32,,rainfall,"1778331630,126.35973,0.00,4.04,81.56",,,,
e00fce68239f79db42ac9cb5,5/9/2026 9:00:38,,rainfall_0001,"1778331629,85.73611,0.00,4.03,80.75",,,,
e00fce68239f79db42ac9cb5,5/9/2026 10:00:33,,rainfall_0001,"1778335229,87.63333,0.00,4.03,80.75",,,,
e00fce681282837e5d0586e0,5/9/2026 10:00:34,,rainfall,"1778335229,125.99583,0.00,4.04,81.56",,,,
e00fce681282837e5d0586e0,5/9/2026 11:00:31,,rainfall,"1778338829,126.30278,0.28,4.04,81.56",,,,
e00fce68239f79db42ac9cb5,5/9/2026 11:00:35,,rainfall_0001,"1778338830,89.49583,0.00,4.03,80.75",,,,
e00fce681282837e5d0586e0,5/9/2026 12:00:35,,rainfall,"1778342430,124.84861,0.00,4.04,81.56",,,,
e00fce68239f79db42ac9cb5,5/9/2026 12:00:38,,rainfall_0001,"1778342430,89.54166,0.00,4.03,80.75",,,,
e00fce68239f79db42ac9cb5,5/9/2026 13:00:35,,rainfall_0001,"1778346029,89.50139,0.00,4.03,80.75",,,,
e00fce681282837e5d0586e0,5/9/2026 13:00:33,,rainfall,"1778346029,124.25555,0.00,4.04,81.56",,,,
e00fce681282837e5d0586e0,5/9/2026 14:00:32,,rainfall,"1778349629,124.70000,0.00,4.04,81.56",,,,
e00fce68239f79db42ac9cb5,5/9/2026 14:00:33,,rainfall_0001,"1778349630,91.34306,0.00,4.03,80.75",,,,
e00fce68239f79db42ac9cb5,5/9/2026 15:00:37,,rainfall_0001,"1778353229,93.26389,0.28,4.03,80.75",,,,
e00fce681282837e5d0586e0,5/9/2026 15:00:37,,rainfall,"1778353229,124.96389,0.00,4.04,81.56",,,,
e00fce68239f79db42ac9cb5,5/9/2026 16:00:33,,rainfall_0001,"1778356829,93.74583,0.00,4.03,80.75",,,,
e00fce681282837e5d0586e0,5/9/2026 16:00:33,,rainfall,"1778356830,124.95556,0.00,4.04,81.56",,,,
e00fce68239f79db42ac9cb5,5/9/2026 17:00:34,,rainfall_0001,"1778360430,93.98473,0.00,4.03,80.75",,,,
e00fce681282837e5d0586e0,5/9/2026 17:00:34,,rainfall,"1778360429,124.95139,0.00,4.04,81.56",,,,
e00fce68239f79db42ac9cb5,5/9/2026 18:00:34,,rainfall_0001,"1778364030,95.37917,0.00,4.03,80.75",,,,
e00fce681282837e5d0586e0,5/9/2026 18:00:36,,rainfall,"1778364030,124.81805,0.00,4.04,81.56",,,,
e00fce68239f79db42ac9cb5,5/9/2026 19:00:34,,rainfall_0001,"1778367629,97.05556,0.00,4.03,80.75",,,,
e00fce681282837e5d0586e0,5/9/2026 19:00:35,,rainfall,"1778367630,124.76667,0.00,4.04,81.56",,,,
e00fce681282837e5d0586e0,5/9/2026 20:00:36,,rainfall,"1778371230,124.85416,0.00,4.04,81.56",,,,
e00fce68239f79db42ac9cb5,5/9/2026 20:00:38,,rainfall_0001,"1778371230,97.87361,0.00,4.03,80.75",,,,
e00fce681282837e5d0586e0,5/9/2026 21:00:32,,rainfall,"1778374829,125.80833,0.00,4.04,81.56",,,,
e00fce68239f79db42ac9cb5,5/9/2026 21:00:38,,rainfall_0001,"1778374830,98.14584,0.00,4.03,80.75",,,,
e00fce681282837e5d0586e0,5/9/2026 22:00:33,,rainfall,"1778378429,126.53750,0.00,4.04,81.56",,,,
e00fce68239f79db42ac9cb5,5/9/2026 22:00:34,,rainfall_0001,"1778378430,100.05972,0.00,4.03,80.75",,,,
e00fce681282837e5d0586e0,5/9/2026 23:00:33,,rainfall,"1778382030,126.53472,0.00,4.04,81.56",,,,
e00fce68239f79db42ac9cb5,5/9/2026 23:00:37,,rainfall_0001,"1778382030,100.41250,0.00,4.03,80.75",,,,
e00fce681282837e5d0586e0,5/10/2026 0:00:33,,rainfall,"1778385629,126.45277,0.00,4.04,81.56",,,,
e00fce68239f79db42ac9cb5,5/10/2026 0:00:34,,rainfall_0001,"1778385630,100.56805,0.00,4.03,80.75",,,,
e00fce68239f79db42ac9cb5,5/10/2026 1:00:37,,rainfall_0001,"1778389230,100.35278,0.00,4.03,80.75",,,,
e00fce681282837e5d0586e0,5/10/2026 1:00:34,,rainfall,"1778389229,126.56944,0.00,4.04,81.56",,,,
e00fce681282837e5d0586e0,5/10/2026 2:00:25,,rainfall,"1778392819,126.76250,0.00,4.04,81.56",,,,
e00fce68239f79db42ac9cb5,5/10/2026 2:00:34,,rainfall_0001,"1778392830,100.96667,0.00,4.03,80.75",,,,
e00fce681282837e5d0586e0,5/10/2026 3:00:34,,rainfall,"1778396430,126.57777,0.00,4.04,81.56",,,,
e00fce68239f79db42ac9cb5,5/10/2026 3:00:35,,rainfall_0001,"1778396429,101.06111,0.00,4.03,80.75",,,,
e00fce68239f79db42ac9cb5,5/10/2026 4:00:36,,rainfall_0001,"1778400029,104.96389,0.00,4.03,80.75",,,,
e00fce681282837e5d0586e0,5/10/2026 4:00:36,,rainfall,"1778400029,126.48473,0.00,4.04,81.56",,,,
e00fce68239f79db42ac9cb5,5/10/2026 5:00:35,,rainfall_0001,"1778403630,106.28889,0.00,4.03,80.75",,,,
e00fce681282837e5d0586e0,5/10/2026 5:00:35,,rainfall,"1778403630,126.60973,0.00,4.04,81.56",,,,
e00fce681282837e5d0586e0,5/10/2026 6:00:35,,rainfall,"1778407230,126.72361,0.00,4.04,81.56",,,,
e00fce68239f79db42ac9cb5,5/10/2026 6:00:35,,rainfall_0001,"1778407230,105.97778,0.00,4.03,80.75",,,,
e00fce681282837e5d0586e0,5/10/2026 7:00:33,,rainfall,"1778410829,126.60973,0.00,4.04,81.56",,,,
e00fce68239f79db42ac9cb5,5/10/2026 7:00:40,,rainfall_0001,"1778410830,106.41250,0.00,4.03,80.75",,,,
e00fce68239f79db42ac9cb5,5/10/2026 8:00:34,,rainfall_0001,"1778414429,106.18750,0.00,4.03,80.75",,,,
e00fce681282837e5d0586e0,5/10/2026 8:00:33,,rainfall,"1778414430,126.43472,0.00,4.04,81.56",,,,
e00fce68239f79db42ac9cb5,5/10/2026 9:00:25,,rainfall_0001,"1778418020,104.18472,0.00,4.03,80.75",,,,
e00fce681282837e5d0586e0,5/10/2026 9:00:34,,rainfall,"1778418030,125.30972,0.00,4.04,81.56",,,,
e00fce681282837e5d0586e0,5/10/2026 10:00:34,,rainfall,"1778421629,124.78056,0.00,4.04,81.56",,,,
e00fce68239f79db42ac9cb5,5/10/2026 10:00:34,,rainfall_0001,"1778421629,100.38889,0.00,4.03,80.75",,,,
e00fce681282837e5d0586e0,5/10/2026 11:00:34,,rainfall,"1778425229,124.49722,0.00,4.04,81.56",,,,
e00fce68239f79db42ac9cb5,5/10/2026 11:00:41,,rainfall_0001,"1778425229,97.18889,0.00,4.03,80.75",,,,
e00fce681282837e5d0586e0,5/10/2026 12:00:34,,rainfall,"1778428830,124.56528,0.00,4.04,81.56",,,,
e00fce68239f79db42ac9cb5,5/10/2026 12:00:35,,rainfall_0001,"1778428831,94.96806,0.00,4.03,80.75",,,,
e00fce68239f79db42ac9cb5,5/10/2026 13:00:32,,rainfall_0001,"1778432429,92.45277,0.00,4.03,80.75",,,,
e00fce681282837e5d0586e0,5/10/2026 13:00:33,,rainfall,"1778432429,124.55278,0.00,4.04,81.56",,,,
e00fce68239f79db42ac9cb5,5/10/2026 14:00:33,,rainfall_0001,"1778436029,91.49583,0.00,4.03,80.75",,,,
e00fce681282837e5d0586e0,5/10/2026 14:00:34,,rainfall,"1778436030,124.62917,0.00,4.04,81.56",,,,
e00fce68239f79db42ac9cb5,5/10/2026 15:00:32,,rainfall_0001,"1778439629,89.63194,0.00,4.03,80.75",,,,
e00fce681282837e5d0586e0,5/10/2026 15:00:36,,rainfall,"1778439629,123.84306,0.00,4.04,81.56",,,,
e00fce68239f79db42ac9cb5,5/10/2026 16:00:32,,rainfall_0001,"1778443229,86.70556,0.00,4.03,80.75",,,,
e00fce681282837e5d0586e0,5/10/2026 16:00:36,,rainfall,"1778443230,123.76527,0.00,4.04,81.56",,,,
e00fce681282837e5d0586e0,5/10/2026 17:00:34,,rainfall,"1778446829,123.87917,0.00,4.04,81.56",,,,
e00fce68239f79db42ac9cb5,5/10/2026 17:00:35,,rainfall_0001,"1778446830,85.03750,0.00,4.03,80.75",,,,
e00fce68239f79db42ac9cb5,5/10/2026 18:00:32,,rainfall_0001,"1778450430,84.30556,0.00,4.03,80.75",,,,
e00fce681282837e5d0586e0,5/10/2026 18:00:34,,rainfall,"1778450429,123.48889,0.00,4.04,81.56",,,,
e00fce68239f79db42ac9cb5,5/10/2026 19:00:32,,rainfall_0001,"1778454029,84.94167,0.00,4.03,80.75",,,,
e00fce681282837e5d0586e0,5/10/2026 19:00:39,,rainfall,"1778454030,125.08611,0.00,4.04,81.56",,,,
e00fce68239f79db42ac9cb5,5/10/2026 20:00:32,,rainfall_0001,"1778457630,86.59861,0.00,4.03,80.75",,,,
e00fce681282837e5d0586e0,5/10/2026 20:00:39,,rainfall,"1778457629,125.95417,0.00,4.04,81.56",,,,
e00fce68239f79db42ac9cb5,5/10/2026 21:00:37,,rainfall_0001,"1778461229,86.51250,0.00,4.03,80.75",,,,
e00fce681282837e5d0586e0,5/10/2026 21:00:41,,rainfall,"1778461229,126.19305,0.00,4.04,81.56",,,,
e00fce68239f79db42ac9cb5,5/10/2026 22:00:35,,rainfall_0001,"1778464830,89.81389,0.00,4.03,80.59",,,,
e00fce681282837e5d0586e0,5/10/2026 22:00:39,,rainfall,"1778464830,126.51806,0.00,4.04,81.56",,,,
e00fce68239f79db42ac9cb5,5/10/2026 23:00:33,,rainfall_0001,"1778468430,90.71667,0.00,4.03,80.59",,,,
e00fce681282837e5d0586e0,5/10/2026 23:00:35,,rainfall,"1778468429,126.44444,0.00,4.04,81.56",,,,
e00fce681282837e5d0586e0,5/11/2026 0:00:36,,rainfall,"1778472030,126.52084,0.00,4.04,81.56",,,,
e00fce68239f79db42ac9cb5,5/11/2026 0:00:36,,rainfall_0001,"1778472030,92.65278,0.00,4.03,80.59",,,,
e00fce68239f79db42ac9cb5,5/11/2026 1:00:32,,rainfall_0001,"1778475629,93.61250,0.00,4.03,80.59",,,,
e00fce681282837e5d0586e0,5/11/2026 1:00:38,,rainfall,"1778475630,126.56250,0.00,4.04,81.56",,,,
e00fce68239f79db42ac9cb5,5/11/2026 2:00:32,,rainfall_0001,"1778479229,93.89306,0.00,4.03,80.59",,,,
e00fce681282837e5d0586e0,5/11/2026 2:00:38,,rainfall,"1778479230,126.42083,0.00,4.04,81.56",,,,
e00fce68239f79db42ac9cb5,5/11/2026 3:00:33,,rainfall_0001,"1778482830,93.67223,0.00,4.03,80.59",,,,
e00fce681282837e5d0586e0,5/11/2026 3:00:35,,rainfall,"1778482829,126.66111,0.00,4.04,81.56",,,,
e00fce68239f79db42ac9cb5,5/11/2026 4:00:32,,rainfall_0001,"1778486429,90.81805,0.00,4.03,80.59",,,,
e00fce681282837e5d0586e0,5/11/2026 4:00:39,,rainfall,"1778486431,126.63194,0.00,4.04,81.56",,,,
e00fce681282837e5d0586e0,5/11/2026 5:00:36,,rainfall,"1778490030,126.58056,0.00,4.04,81.56",,,,
e00fce68239f79db42ac9cb5,5/11/2026 5:00:36,,rainfall_0001,"1778490030,90.01527,0.00,4.03,80.59",,,,
e00fce68239f79db42ac9cb5,5/11/2026 6:00:33,,rainfall_0001,"1778493629,85.57500,0.00,4.03,80.59",,,,
e00fce681282837e5d0586e0,5/11/2026 6:00:36,,rainfall,"1778493630,126.71528,0.00,4.04,81.56",,,,
e00fce68239f79db42ac9cb5,5/11/2026 7:00:33,,rainfall_0001,"1778497230,85.27222,0.00,4.03,80.59",,,,
e00fce681282837e5d0586e0,5/11/2026 7:00:35,,rainfall,"1778497229,126.68333,0.00,4.04,81.56",,,,
e00fce68239f79db42ac9cb5,5/11/2026 8:00:33,,rainfall_0001,"1778500829,85.20695,0.00,4.03,80.59",,,,
e00fce681282837e5d0586e0,5/11/2026 8:00:35,,rainfall,"1778500829,126.28472,0.00,4.04,81.56",,,,
e00fce68239f79db42ac9cb5,5/11/2026 9:00:36,,rainfall_0001,"1778504430,81.34028,0.00,4.03,80.59",,,,
e00fce681282837e5d0586e0,5/11/2026 9:00:40,,rainfall,"1778504429,126.08056,0.00,4.04,81.56",,,,
e00fce68239f79db42ac9cb5,5/11/2026 10:00:33,,rainfall_0001,"1778508029,79.57222,0.00,4.03,80.59",,,,
e00fce681282837e5d0586e0,5/11/2026 10:00:36,,rainfall,"1778508030,124.56111,0.00,4.04,81.56",,,,
e00fce68239f79db42ac9cb5,5/11/2026 11:00:34,,rainfall_0001,"1778511629,77.87083,0.00,4.03,80.59",,,,
e00fce681282837e5d0586e0,5/11/2026 11:00:41,,rainfall,"1778511629,124.51806,0.00,4.04,81.56",,,,
e00fce68239f79db42ac9cb5,5/11/2026 12:00:33,,rainfall_0001,"1778515229,77.16944,0.00,4.03,80.59",,,,
e00fce681282837e5d0586e0,5/11/2026 12:00:36,,rainfall,"1778515229,124.48473,0.00,4.04,81.56",,,,
e00fce68239f79db42ac9cb5,5/11/2026 13:00:33,,rainfall_0001,"1778518830,76.52917,2.51,4.03,80.59",,,,
e00fce681282837e5d0586e0,5/11/2026 13:00:38,,rainfall,"1778518830,125.79028,0.28,4.04,81.56",,,,
e00fce68239f79db42ac9cb5,5/11/2026 14:00:35,,rainfall_0001,"1778522430,37.20972,0.84,4.03,80.59",,,,
e00fce681282837e5d0586e0,5/11/2026 14:00:36,,rainfall,"1778522430,121.65278,0.00,4.04,81.56",,,,
e00fce68239f79db42ac9cb5,5/11/2026 15:00:36,,rainfall_0001,"1778526029,42.82917,0.00,4.03,80.59",,,,
e00fce681282837e5d0586e0,5/11/2026 15:00:39,,rainfall,"1778526029,120.62639,0.00,4.04,81.56",,,,
e00fce68239f79db42ac9cb5,5/11/2026 16:00:36,,rainfall_0001,"1778529629,45.27083,0.00,4.03,80.59",,,,
e00fce681282837e5d0586e0,5/11/2026 16:00:39,,rainfall,"1778529630,121.48889,0.00,4.04,81.56",,,,
e00fce68239f79db42ac9cb5,5/11/2026 17:00:33,,rainfall_0001,"1778533229,37.16945,0.84,4.03,80.59",,,,
e00fce681282837e5d0586e0,5/11/2026 17:00:37,,rainfall,"1778533229,121.97083,0.28,4.04,81.40",,,,
e00fce68239f79db42ac9cb5,5/11/2026 18:00:34,,rainfall_0001,"1778536830,36.98611,0.00,4.03,80.59",,,,
e00fce681282837e5d0586e0,5/11/2026 18:00:38,,rainfall,"1778536830,121.81667,0.00,4.04,81.40",,,,
e00fce68239f79db42ac9cb5,5/11/2026 19:00:36,,rainfall_0001,"1778540429,47.70417,0.00,4.03,80.59",,,,
e00fce681282837e5d0586e0,5/11/2026 19:00:38,,rainfall,"1778540429,122.79861,0.00,4.04,81.40",,,,
e00fce68239f79db42ac9cb5,5/11/2026 20:00:36,,rainfall_0001,"1778544030,45.84444,0.00,4.03,80.59",,,,
e00fce681282837e5d0586e0,5/11/2026 20:00:38,,rainfall,"1778544030,123.49445,0.00,4.04,81.40",,,,
e00fce68239f79db42ac9cb5,5/11/2026 21:00:33,,rainfall_0001,"1778547629,48.83055,0.00,4.03,80.59",,,,
e00fce681282837e5d0586e0,5/11/2026 21:00:40,,rainfall,"1778547630,123.82639,0.00,4.04,81.40",,,,
e00fce68239f79db42ac9cb5,5/11/2026 22:00:39,,rainfall_0001,"1778551230,52.56250,0.00,4.03,80.59",,,,
e00fce681282837e5d0586e0,5/11/2026 22:00:41,,rainfall,"1778551229,123.71389,0.00,4.04,81.40",,,,
e00fce68239f79db42ac9cb5,5/11/2026 23:00:33,,rainfall_0001,"1778554829,53.92083,0.00,4.03,80.59",,,,
e00fce681282837e5d0586e0,5/11/2026 23:00:37,,rainfall,"1778554829,123.96806,0.00,4.04,81.40",,,,
e00fce68239f79db42ac9cb5,5/12/2026 0:00:35,,rainfall_0001,"1778558429,54.73750,0.00,4.03,80.59",,,,
e00fce681282837e5d0586e0,5/12/2026 0:00:44,,rainfall,"1778558430,123.52639,0.00,4.04,81.40",,,,
e00fce681282837e5d0586e0,5/12/2026 1:00:32,,rainfall,"1778562030,123.82222,0.00,4.04,81.40",,,,
e00fce68239f79db42ac9cb5,5/12/2026 1:00:34,,rainfall_0001,"1778562030,56.95417,0.00,4.03,80.59",,,,
e00fce681282837e5d0586e0,5/12/2026 2:00:32,,rainfall,"1778565630,125.21667,0.00,4.04,81.40",,,,
e00fce68239f79db42ac9cb5,5/12/2026 2:00:34,,rainfall_0001,"1778565629,59.64861,0.00,4.03,80.59",,,,
e00fce681282837e5d0586e0,5/12/2026 3:00:35,,rainfall,"1778569229,125.45556,0.00,4.04,81.40",,,,
e00fce68239f79db42ac9cb5,5/12/2026 3:00:34,,rainfall_0001,"1778569230,59.68056,0.00,4.03,80.59",,,,
e00fce681282837e5d0586e0,5/12/2026 4:00:32,,rainfall,"1778572830,125.31389,0.00,4.04,81.40",,,,
e00fce68239f79db42ac9cb5,5/12/2026 4:00:35,,rainfall_0001,"1778572830,59.49028,0.00,4.03,80.59",,,,
e00fce681282837e5d0586e0,5/12/2026 5:00:32,,rainfall,"1778576430,125.34028,0.00,4.04,81.40",,,,
e00fce68239f79db42ac9cb5,5/12/2026 5:00:34,,rainfall_0001,"1778576429,59.48611,0.00,4.03,80.59",,,,
e00fce681282837e5d0586e0,5/12/2026 6:00:34,,rainfall,"1778580029,125.50000,0.00,4.04,81.40",,,,
e00fce68239f79db42ac9cb5,5/12/2026 6:00:35,,rainfall_0001,"1778580030,59.03194,0.00,4.03,80.59",,,,
e00fce681282837e5d0586e0,5/12/2026 7:00:34,,rainfall,"1778583630,124.83889,0.00,4.04,81.40",,,,
e00fce68239f79db42ac9cb5,5/12/2026 7:00:38,,rainfall_0001,"1778583629,59.91667,0.00,4.03,80.59",,,,
e00fce68239f79db42ac9cb5,5/12/2026 8:00:34,,rainfall_0001,"1778587230,59.69305,0.00,4.03,80.59",,,,
e00fce681282837e5d0586e0,5/12/2026 8:00:34,,rainfall,"1778587230,125.17223,0.00,4.04,81.40",,,,
e00fce681282837e5d0586e0,5/12/2026 9:00:32,,rainfall,"1778590830,124.67361,0.00,4.04,81.40",,,,
e00fce68239f79db42ac9cb5,5/12/2026 9:00:37,,rainfall_0001,"1778590830,59.75834,0.00,4.03,80.59",,,,
e00fce681282837e5d0586e0,5/12/2026 10:00:35,,rainfall,"1778594429,124.87917,0.00,4.04,81.40",,,,
e00fce68239f79db42ac9cb5,5/12/2026 10:00:34,,rainfall_0001,"1778594429,60.27778,0.00,4.03,80.59",,,,
e00fce681282837e5d0586e0,5/12/2026 11:00:32,,rainfall,"1778598030,124.13055,0.00,4.04,81.40",,,,
e00fce68239f79db42ac9cb5,5/12/2026 11:00:41,,rainfall_0001,"1778598031,58.91389,0.00,4.03,80.59",,,,
e00fce681282837e5d0586e0,5/12/2026 12:00:32,,rainfall,"1778601630,124.20000,0.00,4.04,81.40",,,,
e00fce68239f79db42ac9cb5,5/12/2026 12:00:42,,rainfall_0001,"1778601630,58.11250,0.00,4.03,80.59",,,,
e00fce681282837e5d0586e0,5/12/2026 13:00:32,,rainfall,"1778605229,123.17223,0.00,4.04,81.40",,,,
e00fce68239f79db42ac9cb5,5/12/2026 13:00:37,,rainfall_0001,"1778605229,57.07361,0.00,4.03,80.59",,,,
e00fce681282837e5d0586e0,5/12/2026 14:00:31,,rainfall,"1778608829,122.98473,0.00,4.04,81.40",,,,
e00fce68239f79db42ac9cb5,5/12/2026 14:00:41,,rainfall_0001,"1778608831,59.90833,0.00,4.03,80.59",,,,
e00fce681282837e5d0586e0,5/12/2026 15:00:36,,rainfall,"1778612430,122.94583,0.00,4.04,81.40",,,,
e00fce68239f79db42ac9cb5,5/12/2026 15:00:38,,rainfall_0001,"1778612430,59.66250,0.00,4.03,80.59",,,,
e00fce681282837e5d0586e0,5/12/2026 16:00:34,,rainfall,"1778616031,122.37917,0.00,4.04,81.40",,,,
e00fce68239f79db42ac9cb5,5/12/2026 16:00:37,,rainfall_0001,"1778616030,59.23750,0.00,4.03,80.59",,,,
e00fce68239f79db42ac9cb5,5/12/2026 17:00:35,,rainfall_0001,"1778619629,60.34167,0.00,4.03,80.59",,,,
e00fce681282837e5d0586e0,5/12/2026 17:00:33,,rainfall,"1778619630,121.78194,0.00,4.04,81.40",,,,
e00fce68239f79db42ac9cb5,5/12/2026 18:00:38,,rainfall_0001,"1778623230,57.80972,0.00,4.03,80.59",,,,
e00fce681282837e5d0586e0,5/12/2026 18:00:35,,rainfall,"1778623229,122.55695,0.00,4.04,81.40",,,,
e00fce681282837e5d0586e0,5/12/2026 18:00:35,,rainfall,"1778623229,122.55695,0.00,4.04,81.40",,,,
e00fce68239f79db42ac9cb5,5/12/2026 19:00:34,,rainfall_0001,"1778626830,58.11528,0.00,4.03,80.59",,,,
e00fce681282837e5d0586e0,5/12/2026 19:00:38,,rainfall,"1778626830,122.71250,0.00,4.04,81.40",,,,
e00fce681282837e5d0586e0,5/12/2026 20:00:34,,rainfall,"1778630430,122.95972,0.00,4.04,81.40",,,,
e00fce68239f79db42ac9cb5,5/12/2026 20:00:38,,rainfall_0001,"1778630430,60.49583,0.00,4.03,80.59",,,,
e00fce681282837e5d0586e0,5/12/2026 21:00:34,,rainfall,"1778634028,123.42500,0.00,4.04,81.40",,,,
e00fce68239f79db42ac9cb5,5/12/2026 21:00:36,,rainfall_0001,"1778634028,60.35833,0.00,4.03,80.59",,,,
e00fce681282837e5d0586e0,5/12/2026 22:00:34,,rainfall,"1778637630,124.07083,0.00,4.04,81.40",,,,
e00fce68239f79db42ac9cb5,5/12/2026 22:00:34,,rainfall_0001,"1778637629,63.55278,0.00,4.03,80.59",,,,
e00fce68239f79db42ac9cb5,5/12/2026 23:00:35,,rainfall_0001,"1778641229,64.17500,0.00,4.03,80.59",,,,
e00fce681282837e5d0586e0,5/12/2026 23:00:38,,rainfall,"1778641230,124.93056,0.00,4.04,81.40",,,,
e00fce68239f79db42ac9cb5,5/13/2026 0:00:35,,rainfall_0001,"1778644830,65.84028,0.00,4.03,80.59",,,,
e00fce681282837e5d0586e0,5/13/2026 0:00:40,,rainfall,"1778644831,124.49306,0.00,4.04,81.40",,,,
e00fce681282837e5d0586e0,5/13/2026 1:00:33,,rainfall,"1778648429,123.39584,0.00,4.04,81.40",,,,
e00fce68239f79db42ac9cb5,5/13/2026 1:00:35,,rainfall_0001,"1778648430,67.25417,0.00,4.03,80.59",,,,
e00fce681282837e5d0586e0,5/13/2026 2:00:38,,rainfall,"1778652029,123.17778,0.00,4.04,81.40",,,,
e00fce68239f79db42ac9cb5,5/13/2026 2:00:42,,rainfall_0001,"1778652030,68.07500,0.00,4.03,80.59",,,,
e00fce681282837e5d0586e0,5/13/2026 3:00:34,,rainfall,"1778655629,123.32917,0.00,4.04,81.40",,,,
e00fce68239f79db42ac9cb5,5/13/2026 3:00:37,,rainfall_0001,"1778655629,68.07917,0.00,4.03,80.59",,,,
e00fce68239f79db42ac9cb5,5/13/2026 4:00:35,,rainfall_0001,"1778659230,67.13611,0.00,4.03,80.59",,,,
e00fce681282837e5d0586e0,5/13/2026 4:00:34,,rainfall,"1778659230,124.11111,0.00,4.04,81.40",,,,
e00fce68239f79db42ac9cb5,5/13/2026 5:00:34,,rainfall_0001,"1778662829,67.09444,0.00,4.03,80.59",,,,
e00fce681282837e5d0586e0,5/13/2026 5:00:35,,rainfall,"1778662830,123.45417,0.00,4.04,81.40",,,,
e00fce681282837e5d0586e0,5/13/2026 6:00:35,,rainfall,"1778666429,124.37500,0.00,4.04,81.40",,,,
e00fce68239f79db42ac9cb5,5/13/2026 6:00:36,,rainfall_0001,"1778666429,67.12639,0.00,4.03,80.59",,,,
e00fce681282837e5d0586e0,5/13/2026 7:00:33,,rainfall,"1778670029,124.03056,0.00,4.04,81.40",,,,
e00fce68239f79db42ac9cb5,5/13/2026 7:00:36,,rainfall_0001,"1778670029,65.45139,0.00,4.03,80.59",,,,
e00fce681282837e5d0586e0,5/13/2026 8:00:36,,rainfall,"1778673630,123.10555,0.00,4.04,81.40",,,,
e00fce68239f79db42ac9cb5,5/13/2026 8:00:39,,rainfall_0001,"1778673629,66.55556,0.00,4.03,80.59",,,,
e00fce681282837e5d0586e0,5/13/2026 9:00:34,,rainfall,"1778677230,122.70834,0.00,4.04,81.40",,,,
e00fce68239f79db42ac9cb5,5/13/2026 9:00:40,,rainfall_0001,"1778677229,61.46944,0.00,4.03,80.59",,,,
e00fce68239f79db42ac9cb5,5/13/2026 10:00:36,,rainfall_0001,"1778680830,61.11945,0.00,4.03,80.42",,,,
e00fce681282837e5d0586e0,5/13/2026 10:00:36,,rainfall,"1778680829,122.87222,0.00,4.04,81.40",,,,
e00fce681282837e5d0586e0,5/13/2026 11:00:34,,rainfall,"1778684430,122.90694,0.00,4.04,81.40",,,,
e00fce68239f79db42ac9cb5,5/13/2026 11:00:42,,rainfall_0001,"1778684430,60.22639,0.00,4.03,80.42",,,,
e00fce68239f79db42ac9cb5,5/13/2026 12:00:35,,rainfall_0001,"1778688030,60.96528,0.00,4.03,80.42",,,,
e00fce681282837e5d0586e0,5/13/2026 12:00:43,,rainfall,"1778688029,122.40556,0.00,4.04,81.40",,,,
e00fce681282837e5d0586e0,5/13/2026 13:00:34,,rainfall,"1778691630,122.54583,0.00,4.04,81.40",,,,
e00fce68239f79db42ac9cb5,5/13/2026 13:00:36,,rainfall_0001,"1778691630,61.35833,0.00,4.03,80.42",,,,
e00fce681282837e5d0586e0,5/13/2026 14:00:38,,rainfall,"1778695229,122.86111,0.00,4.04,81.40",,,,
e00fce68239f79db42ac9cb5,5/13/2026 14:00:37,,rainfall_0001,"1778695229,63.25834,0.00,4.03,80.42",,,,
e00fce68239f79db42ac9cb5,5/13/2026 15:00:32,,rainfall_0001,"1778698830,63.56528,0.00,4.03,80.42",,,,
e00fce681282837e5d0586e0,5/13/2026 15:00:34,,rainfall,"1778698829,122.24306,0.00,4.04,81.40",,,,
e00fce68239f79db42ac9cb5,5/13/2026 16:00:33,,rainfall_0001,"1778702429,62.81805,0.00,4.03,80.42",,,,
e00fce681282837e5d0586e0,5/13/2026 16:00:34,,rainfall,"1778702429,121.99722,0.00,4.04,81.40",,,,
e00fce68239f79db42ac9cb5,5/13/2026 17:00:33,,rainfall_0001,"1778706030,62.12083,0.00,4.03,80.42",,,,
e00fce681282837e5d0586e0,5/13/2026 17:00:34,,rainfall,"1778706029,121.31528,0.00,4.04,81.40",,,,
e00fce68239f79db42ac9cb5,5/13/2026 18:00:31,,rainfall_0001,"1778709629,62.11806,0.00,4.03,80.42",,,,
e00fce681282837e5d0586e0,5/13/2026 18:00:34,,rainfall,"1778709629,122.28056,0.00,4.04,81.40",,,,
e00fce68239f79db42ac9cb5,5/13/2026 19:00:32,,rainfall_0001,"1778713229,61.19305,0.00,4.03,80.42",,,,
e00fce681282837e5d0586e0,5/13/2026 19:00:34,,rainfall,"1778713229,122.64027,0.00,4.04,81.40",,,,
e00fce681282837e5d0586e0,5/13/2026 19:00:34,,rainfall,"1778713229,122.64027,0.00,4.04,81.40",,,,
e00fce68239f79db42ac9cb5,5/13/2026 20:00:35,,rainfall_0001,"1778716830,62.71111,0.00,4.03,80.42",,,,
e00fce681282837e5d0586e0,5/13/2026 20:00:36,,rainfall,"1778716830,123.00278,0.00,4.04,81.40",,,,
e00fce68239f79db42ac9cb5,5/13/2026 21:00:32,,rainfall_0001,"1778720430,64.42917,0.00,4.03,80.42",,,,
e00fce681282837e5d0586e0,5/13/2026 21:00:34,,rainfall,"1778720429,124.43750,0.00,4.04,81.40",,,,
e00fce681282837e5d0586e0,5/13/2026 22:00:35,,rainfall,"1778724029,124.65556,0.00,4.04,81.40",,,,
e00fce68239f79db42ac9cb5,5/13/2026 22:00:36,,rainfall_0001,"1778724030,67.02778,0.00,4.03,80.42",,,,
e00fce68239f79db42ac9cb5,5/13/2026 23:00:34,,rainfall_0001,"1778727629,67.44583,0.00,4.03,80.42",,,,
e00fce681282837e5d0586e0,5/13/2026 23:00:39,,rainfall,"1778727629,124.57361,0.00,4.04,81.40",,,,
e00fce68239f79db42ac9cb5,5/14/2026 0:00:33,,rainfall_0001,"1778731230,68.50833,0.00,4.03,80.42",,,,
e00fce681282837e5d0586e0,5/14/2026 0:00:35,,rainfall,"1778731230,124.36806,0.00,4.04,81.40",,,,
e00fce681282837e5d0586e0,5/14/2026 1:00:35,,rainfall,"1778734829,124.69305,0.00,4.04,81.40",,,,
e00fce68239f79db42ac9cb5,5/14/2026 1:00:35,,rainfall_0001,"1778734829,68.56250,0.00,4.03,80.42",,,,
e00fce68239f79db42ac9cb5,5/14/2026 2:00:32,,rainfall_0001,"1778738429,68.81250,0.00,4.03,80.42",,,,
e00fce681282837e5d0586e0,5/14/2026 2:00:36,,rainfall,"1778738431,124.89722,0.00,4.03,81.40",,,,
e00fce68239f79db42ac9cb5,5/14/2026 3:00:33,,rainfall_0001,"1778742030,69.07361,0.00,4.03,80.42",,,,
e00fce681282837e5d0586e0,5/14/2026 3:00:35,,rainfall,"1778742029,124.80695,0.00,4.03,81.40",,,,
e00fce68239f79db42ac9cb5,5/14/2026 4:00:32,,rainfall_0001,"1778745629,68.62500,0.00,4.03,80.42",,,,
e00fce681282837e5d0586e0,5/14/2026 4:00:40,,rainfall,"1778745630,125.21528,0.00,4.03,81.40",,,,
e00fce68239f79db42ac9cb5,5/14/2026 5:00:32,,rainfall_0001,"1778749229,68.54166,0.00,4.03,80.42",,,,
e00fce681282837e5d0586e0,5/14/2026 5:00:34,,rainfall,"1778749229,125.61667,0.00,4.03,81.40",,,,
e00fce68239f79db42ac9cb5,5/14/2026 6:00:33,,rainfall_0001,"1778752831,68.49306,0.00,4.03,80.42",,,,
e00fce681282837e5d0586e0,5/14/2026 6:00:37,,rainfall,"1778752830,125.50278,0.00,4.04,81.40",,,,
e00fce681282837e5d0586e0,5/14/2026 7:00:36,,rainfall,"1778756430,124.70834,0.00,4.04,81.40",,,,
e00fce68239f79db42ac9cb5,5/14/2026 7:00:37,,rainfall_0001,"1778756429,67.48333,0.00,4.03,80.42",,,,
e00fce68239f79db42ac9cb5,5/14/2026 8:00:34,,rainfall_0001,"1778760028,68.24028,0.00,4.03,80.42",,,,
e00fce681282837e5d0586e0,5/14/2026 8:00:37,,rainfall,"1778760029,124.34722,0.00,4.04,81.40",,,,
e00fce681282837e5d0586e0,5/14/2026 9:00:36,,rainfall,"1778763630,124.09167,0.00,4.04,81.40",,,,
e00fce68239f79db42ac9cb5,5/14/2026 9:00:40,,rainfall_0001,"1778763629,65.69167,0.00,4.03,80.42",,,,
e00fce681282837e5d0586e0,5/14/2026 10:00:36,,rainfall,"1778767230,124.18889,0.00,4.04,81.40",,,,
e00fce68239f79db42ac9cb5,5/14/2026 10:00:36,,rainfall_0001,"1778767230,64.03472,0.00,4.03,80.42",,,,
e00fce68239f79db42ac9cb5,5/14/2026 11:00:36,,rainfall_0001,"1778770830,63.79167,0.00,4.03,80.42",,,,
e00fce681282837e5d0586e0,5/14/2026 11:00:41,,rainfall,"1778770829,123.35000,0.00,4.04,81.40",,,,
e00fce68239f79db42ac9cb5,5/14/2026 12:00:35,,rainfall_0001,"1778774429,64.30139,0.00,4.03,80.42",,,,
e00fce681282837e5d0586e0,5/14/2026 12:00:37,,rainfall,"1778774429,122.49583,0.00,4.04,81.40",,,,
e00fce681282837e5d0586e0,5/14/2026 13:00:36,,rainfall,"1778778029,122.54444,0.00,4.04,81.40",,,,
e00fce68239f79db42ac9cb5,5/14/2026 13:00:36,,rainfall_0001,"1778778029,63.13472,0.00,4.03,80.42",,,,
e00fce681282837e5d0586e0,5/14/2026 14:00:37,,rainfall,"1778781630,122.20972,0.00,4.04,81.40",,,,
e00fce68239f79db42ac9cb5,5/14/2026 14:00:36,,rainfall_0001,"1778781630,64.74722,0.00,4.03,80.42",,,,
e00fce68239f79db42ac9cb5,5/14/2026 15:00:33,,rainfall_0001,"1778785229,64.97778,0.00,4.03,80.42",,,,
e00fce681282837e5d0586e0,5/14/2026 15:00:42,,rainfall,"1778785229,121.96389,0.00,4.04,81.40",,,,
e00fce68239f79db42ac9cb5,5/14/2026 16:00:34,,rainfall_0001,"1778788830,64.43195,0.00,4.03,80.42",,,,
e00fce681282837e5d0586e0,5/14/2026 16:00:40,,rainfall,"1778788829,121.82222,0.00,4.04,81.40",,,,
e00fce68239f79db42ac9cb5,5/14/2026 17:00:37,,rainfall_0001,"1778792430,64.10278,0.00,4.03,80.42",,,,
e00fce681282837e5d0586e0,5/14/2026 17:00:40,,rainfall,"1778792430,122.53889,0.00,4.04,81.40",,,,
e00fce68239f79db42ac9cb5,5/14/2026 18:00:33,,rainfall_0001,"1778796030,63.30695,0.00,4.03,80.42",,,,
e00fce681282837e5d0586e0,5/14/2026 18:00:39,,rainfall,"1778796029,123.60555,0.00,4.04,81.40",,,,
e00fce68239f79db42ac9cb5,5/14/2026 19:00:33,,rainfall_0001,"1778799629,62.85972,0.00,4.03,80.42",,,,
e00fce681282837e5d0586e0,5/14/2026 19:00:36,,rainfall,"1778799629,123.48194,0.00,4.04,81.40",,,,
e00fce68239f79db42ac9cb5,5/14/2026 20:00:35,,rainfall_0001,"1778803229,64.33195,0.00,4.03,80.42",,,,
e00fce681282837e5d0586e0,5/14/2026 20:00:42,,rainfall,"1778803230,124.41528,0.00,4.04,81.40",,,,
e00fce68239f79db42ac9cb5,5/14/2026 21:00:36,,rainfall_0001,"1778806829,67.10555,0.00,4.03,80.42",,,,
e00fce681282837e5d0586e0,5/14/2026 21:00:41,,rainfall,"1778806829,125.32083,0.00,4.04,81.40",,,,
e00fce681282837e5d0586e0,5/14/2026 22:00:37,,rainfall,"1778810430,125.18889,0.00,4.03,81.40",,,,
e00fce68239f79db42ac9cb5,5/14/2026 22:00:34,,rainfall_0001,"1778810430,67.45556,0.00,4.03,80.42",,,,
e00fce68239f79db42ac9cb5,5/14/2026 23:00:34,,rainfall_0001,"1778814030,68.55695,0.00,4.03,80.42",,,,
e00fce681282837e5d0586e0,5/14/2026 23:00:41,,rainfall,"1778814030,125.23333,0.00,4.03,81.40",,,,
e00fce68239f79db42ac9cb5,5/15/2026 0:00:37,,rainfall_0001,"1778817630,68.89722,0.00,4.03,80.42",,,,
e00fce681282837e5d0586e0,5/15/2026 0:00:46,,rainfall,"1778817629,126.74306,0.00,4.03,81.40",,,,
e00fce681282837e5d0586e0,5/15/2026 1:00:32,,rainfall,"1778821231,126.75000,0.00,4.03,81.40",,,,
e00fce68239f79db42ac9cb5,5/15/2026 1:00:34,,rainfall_0001,"1778821230,74.76527,0.00,4.03,80.42",,,,
e00fce681282837e5d0586e0,5/15/2026 2:00:33,,rainfall,"1778824830,127.13889,0.00,4.03,81.40",,,,
e00fce68239f79db42ac9cb5,5/15/2026 2:00:36,,rainfall_0001,"1778824829,75.58750,0.00,4.03,80.42",,,,
e00fce681282837e5d0586e0,5/15/2026 3:00:31,,rainfall,"1778828429,127.04444,0.00,4.03,81.40",,,,
e00fce68239f79db42ac9cb5,5/15/2026 3:00:33,,rainfall_0001,"1778828429,75.19305,0.00,4.03,80.42",,,,
e00fce68239f79db42ac9cb5,5/15/2026 4:00:36,,rainfall_0001,"1778832029,74.77639,0.00,4.03,80.42",,,,
e00fce681282837e5d0586e0,5/15/2026 4:00:35,,rainfall,"1778832030,127.80139,0.00,4.04,81.40",,,,
e00fce681282837e5d0586e0,5/15/2026 5:00:32,,rainfall,"1778835630,127.83472,0.00,4.04,81.40",,,,
e00fce68239f79db42ac9cb5,5/15/2026 5:00:33,,rainfall_0001,"1778835629,69.08611,0.00,4.03,80.42",,,,
e00fce681282837e5d0586e0,5/15/2026 6:00:31,,rainfall,"1778839229,127.98889,0.00,4.04,81.40",,,,
e00fce68239f79db42ac9cb5,5/15/2026 6:00:36,,rainfall_0001,"1778839230,68.87917,0.00,4.03,80.42",,,,
e00fce681282837e5d0586e0,5/15/2026 7:00:32,,rainfall,"1778842830,127.43611,0.00,4.04,81.40",,,,
e00fce68239f79db42ac9cb5,5/15/2026 7:00:33,,rainfall_0001,"1778842829,68.62083,0.00,4.03,80.42",,,,
e00fce68239f79db42ac9cb5,5/15/2026 8:00:35,,rainfall_0001,"1778846431,68.64722,0.00,4.03,80.42",,,,
e00fce681282837e5d0586e0,5/15/2026 8:00:37,,rainfall,"1778846429,127.46111,0.00,4.04,81.40",,,,
e00fce681282837e5d0586e0,5/15/2026 9:00:32,,rainfall,"1778850030,126.64445,0.00,4.04,81.40",,,,
e00fce68239f79db42ac9cb5,5/15/2026 9:00:35,,rainfall_0001,"1778850030,67.61528,0.00,4.03,80.42",,,,
e00fce681282837e5d0586e0,5/15/2026 10:00:31,,rainfall,"1778853629,125.31944,0.00,4.04,81.40",,,,
e00fce68239f79db42ac9cb5,5/15/2026 10:00:39,,rainfall_0001,"1778853630,66.43611,0.00,4.03,80.42",,,,
e00fce68239f79db42ac9cb5,5/15/2026 11:00:35,,rainfall_0001,"1778857230,65.86667,0.00,4.03,80.42",,,,
e00fce681282837e5d0586e0,5/15/2026 11:00:33,,rainfall,"1778857229,125.85000,0.00,4.04,81.40",,,,
e00fce681282837e5d0586e0,5/15/2026 12:00:37,,rainfall,"1778860829,125.23750,0.00,4.04,81.40",,,,
e00fce68239f79db42ac9cb5,5/15/2026 12:00:41,,rainfall_0001,"1778860830,66.07917,0.00,4.03,80.42",,,,
e00fce68239f79db42ac9cb5,5/15/2026 13:00:34,,rainfall_0001,"1778864430,65.98055,0.00,4.03,80.42",,,,
e00fce681282837e5d0586e0,5/15/2026 13:00:33,,rainfall,"1778864429,124.93333,0.00,4.04,81.40",,,,
e00fce681282837e5d0586e0,5/15/2026 14:00:32,,rainfall,"1778868030,124.86667,0.00,4.04,81.40",,,,
e00fce68239f79db42ac9cb5,5/15/2026 14:00:38,,rainfall_0001,"1778868029,66.48473,0.00,4.03,80.42",,,,
e00fce681282837e5d0586e0,5/15/2026 15:00:32,,rainfall,"1778871629,124.19305,0.00,4.04,81.40",,,,
e00fce68239f79db42ac9cb5,5/15/2026 15:00:34,,rainfall_0001,"1778871629,66.96111,0.00,4.03,80.42",,,,
e00fce68239f79db42ac9cb5,5/15/2026 16:00:35,,rainfall_0001,"1778875229,66.49445,0.00,4.03,80.42",,,,
e00fce681282837e5d0586e0,5/15/2026 16:00:36,,rainfall,"1778875229,124.05139,0.00,4.04,81.40",,,,
e00fce681282837e5d0586e0,5/15/2026 17:00:33,,rainfall,"1778878830,123.61111,0.00,4.04,81.40",,,,
e00fce68239f79db42ac9cb5,5/15/2026 17:00:38,,rainfall_0001,"1778878829,66.54861,0.00,4.03,80.42",,,,
e00fce681282837e5d0586e0,5/15/2026 18:00:32,,rainfall,"1778882429,123.24445,0.00,4.04,81.40",,,,
e00fce68239f79db42ac9cb5,5/15/2026 18:00:38,,rainfall_0001,"1778882430,66.51250,0.00,4.03,80.42",,,,
e00fce681282837e5d0586e0,5/15/2026 19:00:33,,rainfall,"1778886029,125.20000,0.00,4.04,81.40",,,,
e00fce68239f79db42ac9cb5,5/15/2026 19:00:40,,rainfall_0001,"1778886030,65.48055,0.00,4.03,80.42",,,,
e00fce681282837e5d0586e0,5/15/2026 20:00:33,,rainfall,"1778889630,126.55139,0.00,4.03,81.40",,,,
e00fce68239f79db42ac9cb5,5/15/2026 20:00:40,,rainfall_0001,"1778889629,67.26527,0.00,4.03,80.42",,,,
e00fce68239f79db42ac9cb5,5/15/2026 21:00:34,,rainfall_0001,"1778893229,67.50278,0.00,4.03,80.42",,,,
e00fce681282837e5d0586e0,5/15/2026 21:00:34,,rainfall,"1778893230,127.26667,0.00,4.03,81.40",,,,
e00fce681282837e5d0586e0,5/15/2026 22:00:38,,rainfall,"1778896829,127.62778,0.00,4.03,81.40",,,,
e00fce68239f79db42ac9cb5,5/15/2026 22:00:40,,rainfall_0001,"1778896830,68.59722,0.00,4.03,80.42",,,,
e00fce681282837e5d0586e0,5/15/2026 23:00:34,,rainfall,"1778900430,127.34306,0.00,4.03,81.40",,,,
e00fce68239f79db42ac9cb5,5/15/2026 23:00:39,,rainfall_0001,"1778900429,69.15556,0.00,4.03,80.42",,,,
e00fce68239f79db42ac9cb5,5/16/2026 0:00:35,,rainfall_0001,"1778904030,74.78889,0.00,4.03,80.42",,,,
e00fce681282837e5d0586e0,5/16/2026 0:00:35,,rainfall,"1778904030,127.55556,0.00,4.03,81.40",,,,
e00fce681282837e5d0586e0,5/16/2026 1:00:33,,rainfall,"1778907629,127.54444,0.00,4.04,81.40",,,,
e00fce68239f79db42ac9cb5,5/16/2026 1:00:34,,rainfall_0001,"1778907629,74.79305,0.00,4.03,80.42",,,,
e00fce681282837e5d0586e0,5/16/2026 2:00:34,,rainfall,"1778911230,127.81389,0.00,4.03,81.40",,,,
e00fce68239f79db42ac9cb5,5/16/2026 2:00:41,,rainfall_0001,"1778911229,77.17917,0.00,4.03,80.42",,,,
e00fce68239f79db42ac9cb5,5/16/2026 3:00:34,,rainfall_0001,"1778914829,77.78889,0.00,4.03,80.42",,,,
e00fce681282837e5d0586e0,5/16/2026 3:00:34,,rainfall,"1778914829,127.84306,0.00,4.03,81.40",,,,
e00fce681282837e5d0586e0,5/16/2026 4:00:34,,rainfall,"1778918430,127.72361,0.00,4.03,81.40",,,,
e00fce68239f79db42ac9cb5,5/16/2026 4:00:35,,rainfall_0001,"1778918430,79.11945,0.00,4.03,80.42",,,,
e00fce681282837e5d0586e0,5/16/2026 5:00:33,,rainfall,"1778922029,128.28751,0.00,4.03,81.40",,,,
e00fce68239f79db42ac9cb5,5/16/2026 5:00:37,,rainfall_0001,"1778922029,82.29861,0.00,4.03,80.42",,,,
e00fce681282837e5d0586e0,5/16/2026 6:00:34,,rainfall,"1778925630,127.65972,0.00,4.03,81.40",,,,
e00fce68239f79db42ac9cb5,5/16/2026 6:00:35,,rainfall_0001,"1778925630,83.27500,0.00,4.03,80.42",,,,
e00fce681282837e5d0586e0,5/16/2026 7:00:36,,rainfall,"1778929230,127.49028,0.00,4.03,81.40",,,,
e00fce68239f79db42ac9cb5,5/16/2026 7:00:39,,rainfall_0001,"1778929230,83.31944,0.00,4.03,80.42",,,,
e00fce681282837e5d0586e0,5/16/2026 8:00:26,,rainfall,"1778932820,126.42223,0.00,4.03,81.24",,,,
e00fce68239f79db42ac9cb5,5/16/2026 8:00:35,,rainfall_0001,"1778932830,85.02222,0.00,4.03,80.42",,,,
e00fce68239f79db42ac9cb5,5/16/2026 9:00:35,,rainfall_0001,"1778936429,83.01389,0.00,4.03,80.42",,,,
e00fce681282837e5d0586e0,5/16/2026 9:00:42,,rainfall,"1778936429,125.93056,0.00,4.03,81.24",,,,
e00fce681282837e5d0586e0,5/16/2026 10:00:34,,rainfall,"1778940030,125.45695,0.00,4.03,81.24",,,,
e00fce68239f79db42ac9cb5,5/16/2026 10:00:35,,rainfall_0001,"1778940030,83.82222,0.00,4.03,80.42",,,,
e00fce681282837e5d0586e0,5/16/2026 11:00:34,,rainfall,"1778943630,125.49306,0.00,4.04,81.24",,,,
e00fce68239f79db42ac9cb5,5/16/2026 11:00:41,,rainfall_0001,"1778943629,85.13750,0.00,4.03,80.42",,,,
e00fce68239f79db42ac9cb5,5/16/2026 12:00:31,,rainfall_0001,"1778947229,87.81250,0.00,4.03,80.42",,,,
e00fce681282837e5d0586e0,5/16/2026 12:00:35,,rainfall,"1778947229,125.01111,0.00,4.03,81.24",,,,
e00fce68239f79db42ac9cb5,5/16/2026 13:00:32,,rainfall_0001,"1778950830,89.22639,0.00,4.03,80.26",,,,
e00fce681282837e5d0586e0,5/16/2026 13:00:37,,rainfall,"1778950830,125.08195,0.00,4.03,81.24",,,,
e00fce68239f79db42ac9cb5,5/16/2026 14:00:32,,rainfall_0001,"1778954429,89.86250,0.00,4.03,80.26",,,,
e00fce681282837e5d0586e0,5/16/2026 14:00:34,,rainfall,"1778954429,125.54723,0.00,4.03,81.24",,,,
e00fce68239f79db42ac9cb5,5/16/2026 15:00:31,,rainfall_0001,"1778958029,92.11806,0.00,4.03,80.26",,,,
e00fce681282837e5d0586e0,5/16/2026 15:00:36,,rainfall,"1778958030,124.83195,0.00,4.04,81.24",,,,
e00fce68239f79db42ac9cb5,5/16/2026 16:00:31,,rainfall_0001,"1778961629,93.43611,0.00,4.03,80.26",,,,
e00fce681282837e5d0586e0,5/16/2026 16:00:35,,rainfall,"1778961628,123.70000,0.00,4.04,81.24",,,,
e00fce681282837e5d0586e0,5/16/2026 17:00:34,,rainfall,"1778965229,124.36667,0.00,4.04,81.24",,,,
e00fce68239f79db42ac9cb5,5/16/2026 17:00:36,,rainfall_0001,"1778965230,94.05278,0.00,4.03,80.26",,,,
e00fce68239f79db42ac9cb5,5/16/2026 18:00:33,,rainfall_0001,"1778968830,94.94722,0.00,4.03,80.26",,,,
e00fce681282837e5d0586e0,5/16/2026 18:00:35,,rainfall,"1778968829,124.37083,0.00,4.04,81.24",,,,
e00fce68239f79db42ac9cb5,5/16/2026 19:00:33,,rainfall_0001,"1778972430,95.81667,0.00,4.03,80.26",,,,
e00fce681282837e5d0586e0,5/16/2026 19:00:37,,rainfall,"1778972431,125.09028,0.00,4.04,81.24",,,,
e00fce68239f79db42ac9cb5,5/16/2026 20:00:32,,rainfall_0001,"1778976030,97.10000,0.00,4.03,80.26",,,,
e00fce681282837e5d0586e0,5/16/2026 20:00:36,,rainfall,"1778976030,126.31250,0.00,4.03,81.24",,,,
e00fce68239f79db42ac9cb5,5/16/2026 21:00:32,,rainfall_0001,"1778979630,98.01389,0.00,4.03,80.26",,,,
e00fce681282837e5d0586e0,5/16/2026 21:00:35,,rainfall,"1778979629,127.18472,0.00,4.03,81.24",,,,
e00fce68239f79db42ac9cb5,5/16/2026 22:00:33,,rainfall_0001,"1778983230,98.45000,0.00,4.03,80.26",,,,
e00fce681282837e5d0586e0,5/16/2026 22:00:35,,rainfall,"1778983229,127.39584,0.00,4.03,81.24",,,,
e00fce68239f79db42ac9cb5,5/16/2026 23:00:32,,rainfall_0001,"1778986829,100.27500,0.00,4.03,80.26",,,,
e00fce681282837e5d0586e0,5/16/2026 23:00:41,,rainfall,"1778986830,127.20695,0.00,4.03,81.24",,,,
e00fce68239f79db42ac9cb5,5/17/2026 0:00:35,,rainfall_0001,"1778990430,100.73194,0.00,4.03,80.26",,,,
e00fce681282837e5d0586e0,5/17/2026 0:00:37,,rainfall,"1778990429,127.31805,0.00,4.03,81.24",,,,
e00fce681282837e5d0586e0,5/17/2026 1:00:35,,rainfall,"1778994029,127.08611,0.00,4.03,81.24",,,,
e00fce68239f79db42ac9cb5,5/17/2026 1:00:34,,rainfall_0001,"1778994029,100.79166,0.00,4.03,80.26",,,,
e00fce68239f79db42ac9cb5,5/17/2026 2:00:33,,rainfall_0001,"1778997630,101.14306,0.00,4.03,80.26",,,,
e00fce681282837e5d0586e0,5/17/2026 2:00:41,,rainfall,"1778997629,127.31111,0.00,4.03,81.24",,,,
e00fce68239f79db42ac9cb5,5/17/2026 3:00:33,,rainfall_0001,"1779001231,101.24861,0.00,4.03,80.26",,,,
e00fce681282837e5d0586e0,5/17/2026 3:00:36,,rainfall,"1779001230,127.34167,0.00,4.03,81.24",,,,
e00fce68239f79db42ac9cb5,5/17/2026 4:00:32,,rainfall_0001,"1779004829,101.33750,0.00,4.03,80.26",,,,
e00fce681282837e5d0586e0,5/17/2026 4:00:36,,rainfall,"1779004830,127.45139,0.00,4.03,81.24",,,,
e00fce68239f79db42ac9cb5,5/17/2026 5:00:35,,rainfall_0001,"1779008430,104.79723,0.00,4.03,80.26",,,,
e00fce681282837e5d0586e0,5/17/2026 5:00:39,,rainfall,"1779008429,127.46389,0.00,4.03,81.24",,,,
e00fce68239f79db42ac9cb5,5/17/2026 6:00:35,,rainfall_0001,"1779012030,106.11111,0.00,4.03,80.26",,,,
e00fce681282837e5d0586e0,5/17/2026 6:00:37,,rainfall,"1779012030,127.55972,0.00,4.03,81.24",,,,
e00fce68239f79db42ac9cb5,5/17/2026 7:00:33,,rainfall_0001,"1779015629,106.28333,0.00,4.03,80.26",,,,
e00fce681282837e5d0586e0,5/17/2026 7:00:39,,rainfall,"1779015630,127.19167,0.00,4.03,81.24",,,,
e00fce68239f79db42ac9cb5,5/17/2026 8:00:33,,rainfall_0001,"1779019230,105.58750,0.00,4.03,80.26",,,,
e00fce681282837e5d0586e0,5/17/2026 8:00:37,,rainfall,"1779019230,126.97500,0.00,4.03,81.24",,,,
e00fce68239f79db42ac9cb5,5/17/2026 9:00:35,,rainfall_0001,"1779022830,104.90000,0.00,4.03,80.26",,,,
e00fce681282837e5d0586e0,5/17/2026 9:00:37,,rainfall,"1779022830,125.54444,0.00,4.03,81.24",,,,
e00fce68239f79db42ac9cb5,5/17/2026 10:00:34,,rainfall_0001,"1779026429,104.87917,0.00,4.03,80.26",,,,
e00fce681282837e5d0586e0,5/17/2026 10:00:36,,rainfall,"1779026429,125.44722,0.00,4.03,81.24",,,,
e00fce681282837e5d0586e0,5/17/2026 11:00:37,,rainfall,"1779030030,125.36806,0.00,4.03,81.24",,,,
e00fce68239f79db42ac9cb5,5/17/2026 11:00:38,,rainfall_0001,"1779030029,105.27500,0.00,4.03,80.26",,,,
e00fce68239f79db42ac9cb5,5/17/2026 12:00:33,,rainfall_0001,"1779033629,105.59861,0.00,4.03,80.26",,,,
e00fce681282837e5d0586e0,5/17/2026 12:00:40,,rainfall,"1779033630,125.11806,0.00,4.03,81.24",,,,
e00fce681282837e5d0586e0,5/17/2026 13:00:36,,rainfall,"1779037229,125.46528,0.00,4.03,81.24",,,,
e00fce68239f79db42ac9cb5,5/17/2026 13:00:38,,rainfall_0001,"1779037229,108.08195,0.00,4.03,80.26",,,,
e00fce68239f79db42ac9cb5,5/17/2026 14:00:33,,rainfall_0001,"1779040830,108.12778,0.00,4.03,80.26",,,,
e00fce681282837e5d0586e0,5/17/2026 14:00:37,,rainfall,"1779040830,125.08750,0.00,4.03,81.24",,,,
e00fce68239f79db42ac9cb5,5/17/2026 15:00:33,,rainfall_0001,"1779044430,109.60833,0.00,4.03,80.26",,,,
e00fce681282837e5d0586e0,5/17/2026 15:00:37,,rainfall,"1779044430,124.87361,0.00,4.03,81.24",,,,
e00fce68239f79db42ac9cb5,5/17/2026 16:00:33,,rainfall_0001,"1779048029,112.66111,0.00,4.03,80.26",,,,
e00fce681282837e5d0586e0,5/17/2026 16:00:43,,rainfall,"1779048030,124.58472,0.00,4.04,81.24",,,,
e00fce68239f79db42ac9cb5,5/17/2026 17:00:37,,rainfall_0001,"1779051630,113.07083,0.00,4.03,80.26",,,,
e00fce681282837e5d0586e0,5/17/2026 17:00:39,,rainfall,"1779051630,124.54444,0.00,4.04,81.24",,,,
e00fce68239f79db42ac9cb5,5/17/2026 18:00:33,,rainfall_0001,"1779055229,114.22083,0.00,4.03,80.26",,,,
e00fce681282837e5d0586e0,5/17/2026 18:00:37,,rainfall,"1779055229,124.89722,0.00,4.03,81.24",,,,
e00fce68239f79db42ac9cb5,5/17/2026 19:00:35,,rainfall_0001,"1779058829,115.22639,0.00,4.03,80.26",,,,
e00fce681282837e5d0586e0,5/17/2026 19:00:37,,rainfall,"1779058829,125.06667,0.00,4.04,81.24",,,,
e00fce68239f79db42ac9cb5,5/17/2026 20:00:34,,rainfall_0001,"1779062430,115.87917,0.00,4.03,80.26",,,,
e00fce681282837e5d0586e0,5/17/2026 20:00:39,,rainfall,"1779062431,125.99722,0.00,4.03,81.24",,,,
e00fce68239f79db42ac9cb5,5/17/2026 21:00:34,,rainfall_0001,"1779066030,116.75139,0.00,4.03,80.26",,,,
e00fce681282837e5d0586e0,5/17/2026 21:00:40,,rainfall,"1779066031,127.13055,0.00,4.03,81.24",,,,
e00fce68239f79db42ac9cb5,5/17/2026 22:00:34,,rainfall_0001,"1779069630,116.50694,0.00,4.03,80.26",,,,
e00fce681282837e5d0586e0,5/17/2026 22:00:37,,rainfall,"1779069629,126.54861,0.00,4.03,81.24",,,,
e00fce68239f79db42ac9cb5,5/17/2026 23:00:34,,rainfall_0001,"1779073229,116.52639,0.00,4.03,80.26",,,,
e00fce681282837e5d0586e0,5/17/2026 23:00:43,,rainfall,"1779073230,127.03611,0.00,4.03,81.24",,,,
e00fce68239f79db42ac9cb5,5/18/2026 0:00:36,,rainfall_0001,"1779076829,117.05417,0.00,4.03,80.26",,,,
e00fce681282837e5d0586e0,5/18/2026 0:00:47,,rainfall,"1779076830,127.32917,0.00,4.03,81.24",,,,
e00fce681282837e5d0586e0,5/18/2026 1:00:30,,rainfall,"1779080429,127.32222,0.00,4.03,81.24",,,,
e00fce68239f79db42ac9cb5,5/18/2026 1:00:34,,rainfall_0001,"1779080430,117.25694,0.00,4.03,80.26",,,,
e00fce681282837e5d0586e0,5/18/2026 2:00:30,,rainfall,"1779084029,126.88611,0.00,4.03,81.24",,,,
e00fce68239f79db42ac9cb5,5/18/2026 2:00:35,,rainfall_0001,"1779084029,117.62917,0.00,4.03,80.26",,,,
e00fce681282837e5d0586e0,5/18/2026 3:00:31,,rainfall,"1779087630,127.42639,0.00,4.03,81.24",,,,
e00fce68239f79db42ac9cb5,5/18/2026 3:00:33,,rainfall_0001,"1779087629,114.60555,0.00,4.03,80.26",,,,
e00fce681282837e5d0586e0,5/18/2026 4:00:34,,rainfall,"1779091229,127.12083,0.00,4.03,81.24",,,,
e00fce68239f79db42ac9cb5,5/18/2026 4:00:35,,rainfall_0001,"1779091230,111.86528,0.00,4.03,80.26",,,,
e00fce681282837e5d0586e0,5/18/2026 5:00:32,,rainfall,"1779094829,127.23611,0.00,4.03,81.24",,,,
e00fce68239f79db42ac9cb5,5/18/2026 5:00:37,,rainfall_0001,"1779094829,104.97639,0.00,4.03,80.26",,,,
e00fce681282837e5d0586e0,5/18/2026 6:00:31,,rainfall,"1779098429,127.23473,0.00,4.03,81.24",,,,
e00fce68239f79db42ac9cb5,5/18/2026 6:00:40,,rainfall_0001,"1779098430,100.57639,0.00,4.03,80.26",,,,
e00fce68239f79db42ac9cb5,5/18/2026 7:00:36,,rainfall_0001,"1779102029,98.25972,0.00,4.03,80.26",,,,
e00fce681282837e5d0586e0,5/18/2026 7:00:35,,rainfall,"1779102029,127.09306,0.00,4.03,81.24",,,,
e00fce681282837e5d0586e0,5/18/2026 8:00:33,,rainfall,"1779105629,126.83195,0.00,4.03,81.24",,,,
e00fce68239f79db42ac9cb5,5/18/2026 8:00:38,,rainfall_0001,"1779105630,97.67500,0.00,4.03,80.26",,,,
e00fce681282837e5d0586e0,5/18/2026 9:00:34,,rainfall,"1779109230,126.87917,0.00,4.03,81.24",,,,
e00fce68239f79db42ac9cb5,5/18/2026 9:00:37,,rainfall_0001,"1779109229,93.47222,0.00,4.03,80.09",,,,
e00fce681282837e5d0586e0,5/18/2026 10:00:34,,rainfall,"1779112829,125.38750,0.00,4.03,81.24",,,,
e00fce68239f79db42ac9cb5,5/18/2026 10:00:40,,rainfall_0001,"1779112830,91.50000,0.00,4.03,80.09",,,,
e00fce68239f79db42ac9cb5,5/18/2026 11:00:34,,rainfall_0001,"1779116429,89.34722,0.00,4.03,80.09",,,,
e00fce681282837e5d0586e0,5/18/2026 11:05:17,,rainfall,"1779116429,125.45277,0.00,4.03,81.24",,,,
e00fce68239f79db42ac9cb5,5/18/2026 12:00:35,,rainfall_0001,"1779120030,87.59167,0.00,4.03,80.09",,,,
e00fce681282837e5d0586e0,5/18/2026 12:01:34,,rainfall,"1779120029,125.56528,0.00,4.03,81.24",,,,
e00fce681282837e5d0586e0,5/18/2026 13:00:21,,rainfall,"1779123619,125.47361,0.00,4.03,81.24",,,,
e00fce68239f79db42ac9cb5,5/18/2026 13:00:37,,rainfall_0001,"1779123630,85.96806,0.00,4.03,80.09",,,,
e00fce681282837e5d0586e0,5/18/2026 14:00:32,,rainfall,"1779127229,125.42500,0.00,4.03,81.24",,,,
e00fce68239f79db42ac9cb5,5/18/2026 14:00:45,,rainfall_0001,"1779127229,87.52639,0.00,4.03,80.09",,,,
e00fce681282837e5d0586e0,5/18/2026 15:00:37,,rainfall,"1779130829,124.78611,0.00,4.03,81.24",,,,
e00fce68239f79db42ac9cb5,5/18/2026 15:00:35,,rainfall_0001,"1779130829,87.43333,0.00,4.03,80.09",,,,
e00fce68239f79db42ac9cb5,5/18/2026 16:00:35,,rainfall_0001,"1779134429,85.23055,0.00,4.03,80.09",,,,
e00fce681282837e5d0586e0,5/18/2026 16:00:40,,rainfall,"1779134429,124.38889,0.00,4.04,81.24",,,,
e00fce681282837e5d0586e0,5/18/2026 17:00:33,,rainfall,"1779138029,124.33195,0.00,4.04,81.24",,,,
e00fce68239f79db42ac9cb5,5/18/2026 17:00:46,,rainfall_0001,"1779138030,84.70834,0.00,4.03,80.09",,,,
e00fce681282837e5d0586e0,5/18/2026 18:00:34,,rainfall,"1779141629,125.22916,0.00,4.04,81.24",,,,
e00fce68239f79db42ac9cb5,5/18/2026 18:00:38,,rainfall_0001,"1779141630,84.32083,0.00,4.03,80.09",,,,
e00fce681282837e5d0586e0,5/18/2026 19:00:35,,rainfall,"1779145229,126.16111,0.00,4.03,81.24",,,,
e00fce681282837e5d0586e0,5/18/2026 20:00:33,,rainfall,"1779148830,126.50417,0.00,4.03,81.24",,,,
e00fce681282837e5d0586e0,5/18/2026 21:00:34,,rainfall,"1779152429,127.06250,0.00,4.03,81.24",,,,
e00fce68239f79db42ac9cb5,5/18/2026 21:04:38,,rainfall_0001,"1779152412,84.88750,0.00,4.03,79.93",,,,
e00fce68239f79db42ac9cb5,5/18/2026 22:00:36,,rainfall_0001,"1779156030,85.07083,0.00,4.03,79.93",,,,
e00fce681282837e5d0586e0,5/18/2026 22:00:36,,rainfall,"1779156029,127.80695,0.00,4.03,81.24",,,,
e00fce681282837e5d0586e0,5/18/2026 23:00:36,,rainfall,"1779159630,128.39583,0.00,4.03,81.24",,,,
e00fce68239f79db42ac9cb5,5/18/2026 23:00:34,,rainfall_0001,"1779159629,87.38750,0.00,4.03,79.93",,,,
e00fce681282837e5d0586e0,5/19/2026 0:00:38,,rainfall,"1779163230,128.48056,0.00,4.03,81.24",,,,
e00fce681282837e5d0586e0,5/19/2026 1:00:34,,rainfall,"1779166829,128.59723,0.00,4.03,81.24",,,,
e00fce681282837e5d0586e0,5/19/2026 3:01:48,,rainfall,"1779174020,128.75833,0.00,4.03,81.24",,,,
e00fce681282837e5d0586e0,5/19/2026 4:00:33,,rainfall,"1779177630,129.41667,0.00,4.03,81.24",,,,
e00fce681282837e5d0586e0,5/19/2026 5:00:44,,rainfall,"1779181230,129.43056,0.00,4.03,81.24",,,,
e00fce681282837e5d0586e0,5/19/2026 6:00:34,,rainfall,"1779184830,129.16389,0.00,4.03,81.24",,,,
e00fce681282837e5d0586e0,5/19/2026 7:00:41,,rainfall,"1779188429,129.50139,0.00,4.03,81.24",,,,
e00fce68239f79db42ac9cb5,5/19/2026 7:06:50,,rainfall_0001,"1779188506,83.16666,0.00,4.03,80.09",,,,
e00fce681282837e5d0586e0,5/19/2026 8:00:32,,rainfall,"1779192030,128.05278,0.00,4.03,81.24",,,,
e00fce68239f79db42ac9cb5,5/19/2026 8:00:38,,rainfall_0001,"1779192029,84.64584,0.00,4.03,79.93",,,,
e00fce68239f79db42ac9cb5,5/19/2026 9:00:35,,rainfall_0001,"1779195629,80.89027,0.00,4.03,79.93",,,,
e00fce681282837e5d0586e0,5/19/2026 9:00:37,,rainfall,"1779195631,127.72361,0.00,4.03,81.24",,,,
e00fce68239f79db42ac9cb5,5/19/2026 10:00:38,,rainfall_0001,"1779199229,78.79166,0.00,4.02,79.93",,,,
e00fce681282837e5d0586e0,5/19/2026 10:05:25,,rainfall,"1779199229,126.81250,0.00,4.03,81.24",,,,
e00fce68239f79db42ac9cb5,5/19/2026 11:00:43,,rainfall_0001,"1779202829,77.39584,0.00,4.02,79.93",,,,
e00fce681282837e5d0586e0,5/19/2026 11:01:51,,rainfall,"1779202829,126.70556,0.00,4.03,81.24",,,,
e00fce68239f79db42ac9cb5,5/19/2026 12:00:32,,rainfall_0001,"1779206430,76.22361,0.00,4.02,79.93",,,,
e00fce681282837e5d0586e0,5/19/2026 12:00:36,,rainfall,"1779206429,126.87500,0.00,4.03,81.24",,,,
e00fce68239f79db42ac9cb5,5/19/2026 13:00:34,,rainfall_0001,"1779210030,76.63472,0.00,4.02,79.93",,,,
e00fce681282837e5d0586e0,5/19/2026 13:00:38,,rainfall,"1779210029,127.10833,0.00,4.03,81.24",,,,
e00fce68239f79db42ac9cb5,5/19/2026 14:00:34,,rainfall_0001,"1779213630,77.62083,0.00,4.02,79.93",,,,
e00fce681282837e5d0586e0,5/19/2026 14:05:26,,rainfall,"1779213629,126.60416,0.00,4.03,81.24",,,,
e00fce68239f79db42ac9cb5,5/19/2026 15:00:32,,rainfall_0001,"1779217230,77.59167,0.00,4.02,79.93",,,,
e00fce681282837e5d0586e0,5/19/2026 15:05:01,,rainfall,"1779217230,125.96250,0.00,4.03,81.24",,,,
e00fce68239f79db42ac9cb5,5/19/2026 16:00:33,,rainfall_0001,"1779220830,76.81667,0.00,4.02,79.93",,,,
e00fce681282837e5d0586e0,5/19/2026 16:00:35,,rainfall,"1779220830,126.25694,0.00,4.03,81.24",,,,
e00fce68239f79db42ac9cb5,5/19/2026 17:00:34,,rainfall_0001,"1779224430,77.30556,0.00,4.02,79.93",,,,
e00fce681282837e5d0586e0,5/19/2026 17:00:36,,rainfall,"1779224430,125.64027,0.00,4.03,81.24",,,,
e00fce681282837e5d0586e0,5/19/2026 18:00:32,,rainfall,"1779228029,125.84583,0.00,4.04,81.24",,,,
e00fce68239f79db42ac9cb5,5/19/2026 18:00:34,,rainfall_0001,"1779228030,76.55972,0.00,4.02,79.93",,,,
e00fce68239f79db42ac9cb5,5/19/2026 19:00:33,,rainfall_0001,"1779231631,75.46111,0.00,4.02,79.93",,,,
e00fce681282837e5d0586e0,5/19/2026 19:00:34,,rainfall,"1779231629,127.05972,0.00,4.03,81.24",,,,
e00fce681282837e5d0586e0,5/19/2026 20:00:37,,rainfall,"1779235230,128.24861,0.00,4.03,81.24",,,,
e00fce681282837e5d0586e0,5/19/2026 21:00:51,,rainfall,"1779238830,129.10417,0.00,4.03,81.24",,,,
e00fce68239f79db42ac9cb5,5/19/2026 21:07:29,,rainfall_0001,"1779238813,77.61528,0.00,4.03,79.93",,,,
e00fce68239f79db42ac9cb5,5/19/2026 22:00:33,,rainfall_0001,"1779242431,79.07083,0.00,4.03,79.93",,,,
e00fce681282837e5d0586e0,5/19/2026 22:00:37,,rainfall,"1779242430,129.17223,0.00,4.03,81.24",,,,
e00fce68239f79db42ac9cb5,5/19/2026 23:00:32,,rainfall_0001,"1779246029,80.19722,0.00,4.03,79.93",,,,
e00fce681282837e5d0586e0,5/19/2026 23:00:37,,rainfall,"1779246030,128.82083,0.00,4.03,81.24",,,,
e00fce681282837e5d0586e0,5/20/2026 0:00:33,,rainfall,"1779249629,129.22778,0.00,4.03,81.24",,,,
e00fce68239f79db42ac9cb5,5/20/2026 0:00:34,,rainfall_0001,"1779249632,82.23611,0.00,4.03,79.93",,,,
e00fce68239f79db42ac9cb5,5/20/2026 1:00:32,,rainfall_0001,"1779253229,85.26389,0.00,4.03,79.93",,,,
e00fce681282837e5d0586e0,5/20/2026 1:00:39,,rainfall,"1779253230,129.12500,0.00,4.03,81.24",,,,
e00fce68239f79db42ac9cb5,5/20/2026 2:00:32,,rainfall_0001,"1779256829,85.55972,0.00,4.03,79.93",,,,
e00fce681282837e5d0586e0,5/20/2026 2:00:35,,rainfall,"1779256831,129.55278,0.00,4.03,81.24",,,,
e00fce68239f79db42ac9cb5,5/20/2026 3:00:33,,rainfall_0001,"1779260431,84.85000,0.00,4.03,79.93",,,,
e00fce681282837e5d0586e0,5/20/2026 3:00:36,,rainfall,"1779260430,129.19167,0.00,4.03,81.24",,,,
e00fce68239f79db42ac9cb5,5/20/2026 4:00:34,,rainfall_0001,"1779264029,82.73194,0.00,4.03,79.93",,,,
e00fce681282837e5d0586e0,5/20/2026 4:00:38,,rainfall,"1779264030,130.20694,0.00,4.03,81.24",,,,
e00fce68239f79db42ac9cb5,5/20/2026 5:00:34,,rainfall_0001,"1779267629,82.50972,0.00,4.03,79.93",,,,
e00fce681282837e5d0586e0,5/20/2026 5:05:27,,rainfall,"1779267629,130.22639,0.00,4.03,81.24",,,,
e00fce681282837e5d0586e0,5/20/2026 6:00:31,,rainfall,"1779271229,130.40277,0.00,4.03,81.24",,,,
e00fce68239f79db42ac9cb5,5/20/2026 6:00:44,,rainfall_0001,"1779271230,80.82222,0.00,4.03,79.93",,,,
e00fce68239f79db42ac9cb5,5/20/2026 7:00:32,,rainfall_0001,"1779274830,78.10278,0.00,4.03,79.93",,,,
e00fce681282837e5d0586e0,5/20/2026 7:04:55,,rainfall,"1779274829,130.11111,0.00,4.03,81.24",,,,
e00fce68239f79db42ac9cb5,5/20/2026 8:00:40,,rainfall_0001,"1779278429,79.62361,0.00,4.02,79.93",,,,
e00fce681282837e5d0586e0,5/20/2026 8:05:00,,rainfall,"1779278430,128.88055,0.00,4.03,81.24",,,,
e00fce681282837e5d0586e0,5/20/2026 9:00:33,,rainfall,"1779282030,127.90278,0.00,4.03,81.24",,,,
e00fce68239f79db42ac9cb5,5/20/2026 9:00:35,,rainfall_0001,"1779282030,75.38889,0.00,4.02,79.77",,,,
e00fce68239f79db42ac9cb5,5/20/2026 10:00:32,,rainfall_0001,"1779285629,74.91250,0.00,4.02,79.77",,,,
e00fce681282837e5d0586e0,5/20/2026 10:00:35,,rainfall,"1779285630,127.78056,0.00,4.03,81.24",,,,
e00fce68239f79db42ac9cb5,5/20/2026 11:00:34,,rainfall_0001,"1779289230,73.39584,0.00,4.02,79.77",,,,
e00fce681282837e5d0586e0,5/20/2026 11:00:40,,rainfall,"1779289229,128.11250,0.00,4.03,81.24",,,,
e00fce681282837e5d0586e0,5/20/2026 12:00:32,,rainfall,"1779292829,127.88194,0.00,4.03,81.24",,,,
e00fce68239f79db42ac9cb5,5/20/2026 12:00:32,,rainfall_0001,"1779292828,72.40139,0.00,4.02,79.77",,,,
e00fce681282837e5d0586e0,5/20/2026 13:00:32,,rainfall,"1779296429,127.77361,0.00,4.03,81.24",,,,
e00fce68239f79db42ac9cb5,5/20/2026 13:00:34,,rainfall_0001,"1779296430,71.78611,0.00,4.02,79.77",,,,
e00fce68239f79db42ac9cb5,5/20/2026 14:00:34,,rainfall_0001,"1779300030,73.63055,0.00,4.02,79.77",,,,
e00fce681282837e5d0586e0,5/20/2026 14:05:32,,rainfall,"1779300030,127.41389,0.00,4.03,81.24",,,,
e00fce68239f79db42ac9cb5,5/20/2026 15:00:37,,rainfall_0001,"1779303630,76.51945,0.00,4.02,79.77",,,,
e00fce681282837e5d0586e0,5/20/2026 15:02:00,,rainfall,"1779303629,126.80556,0.00,4.03,81.24",,,,
e00fce68239f79db42ac9cb5,5/20/2026 16:00:33,,rainfall_0001,"1779307229,73.95277,0.00,4.02,79.77",,,,
e00fce681282837e5d0586e0,5/20/2026 16:09:02,,rainfall,"1779307219,126.52084,0.00,4.03,81.24",,,,
e00fce68239f79db42ac9cb5,5/20/2026 17:00:41,,rainfall_0001,"1779310830,73.63611,0.00,4.02,79.77",,,,
e00fce681282837e5d0586e0,5/20/2026 17:01:41,,rainfall,"1779310829,126.14861,0.00,4.03,81.24",,,,
e00fce681282837e5d0586e0,5/20/2026 18:00:26,,rainfall,"1779314420,126.10694,0.00,4.03,81.24",,,,
e00fce68239f79db42ac9cb5,5/20/2026 18:00:37,,rainfall_0001,"1779314429,72.70417,0.00,4.02,79.77",,,,
e00fce68239f79db42ac9cb5,5/20/2026 18:00:37,,rainfall_0001,"1779314429,72.70417,0.00,4.02,79.77",,,,
e00fce68239f79db42ac9cb5,5/20/2026 18:00:37,,rainfall_0001,"1779314429,72.70417,0.00,4.02,79.77",,,,
e00fce68239f79db42ac9cb5,5/20/2026 19:00:36,,rainfall_0001,"1779318030,71.23473,0.00,4.02,79.77",,,,
e00fce681282837e5d0586e0,5/20/2026 19:09:17,,rainfall,"1779318029,127.79723,0.00,4.03,81.24",,,,
e00fce68239f79db42ac9cb5,5/20/2026 20:00:33,,rainfall_0001,"1779321630,71.77778,0.00,4.02,79.77",,,,
e00fce681282837e5d0586e0,5/20/2026 20:02:09,,rainfall,"1779321629,128.75972,0.00,4.03,81.24",,,,
e00fce681282837e5d0586e0,5/20/2026 21:00:34,,rainfall,"1779325230,128.91945,0.00,4.03,81.24",,,,
e00fce68239f79db42ac9cb5,5/20/2026 21:09:45,,rainfall_0001,"1779325231,74.84028,0.00,4.02,79.77",,,,
e00fce681282837e5d0586e0,5/20/2026 22:00:36,,rainfall,"1779328830,129.06667,0.00,4.03,81.24",,,,
e00fce681282837e5d0586e0,5/20/2026 23:00:33,,rainfall,"1779332428,129.15695,0.00,4.03,81.24",,,,
e00fce681282837e5d0586e0,5/21/2026 0:00:34,,rainfall,"1779336031,129.31389,0.00,4.03,81.24",,,,
e00fce68239f79db42ac9cb5,5/21/2026 0:05:15,,rainfall_0001,"1779336105,80.22083,0.00,4.02,79.77",,,,
e00fce681282837e5d0586e0,5/21/2026 1:00:33,,rainfall,"1779339629,129.94305,0.00,4.03,81.24",,,,
e00fce68239f79db42ac9cb5,5/21/2026 1:00:37,,rainfall_0001,"1779339630,82.64167,0.00,4.02,79.77",,,,
e00fce681282837e5d0586e0,5/21/2026 2:00:33,,rainfall,"1779343229,129.89444,0.00,4.03,81.24",,,,
e00fce68239f79db42ac9cb5,5/21/2026 2:00:37,,rainfall_0001,"1779343230,82.60694,0.00,4.02,79.77",,,,
e00fce681282837e5d0586e0,5/21/2026 3:00:34,,rainfall,"1779346830,130.08055,0.00,4.03,81.24",,,,
e00fce68239f79db42ac9cb5,5/21/2026 3:00:39,,rainfall_0001,"1779346829,82.94583,0.00,4.02,79.77",,,,
e00fce681282837e5d0586e0,5/21/2026 4:00:33,,rainfall,"1779350429,130.25833,0.00,4.03,81.24",,,,
e00fce68239f79db42ac9cb5,5/21/2026 4:00:33,,rainfall_0001,"1779350429,80.54861,0.00,4.02,79.77",,,,
e00fce68239f79db42ac9cb5,5/21/2026 5:00:34,,rainfall_0001,"1779354030,79.46389,0.00,4.02,79.77",,,,
e00fce681282837e5d0586e0,5/21/2026 5:00:37,,rainfall,"1779354029,130.10001,0.00,4.03,81.24",,,,
e00fce681282837e5d0586e0,5/21/2026 6:00:33,,rainfall,"1779357629,130.13055,0.00,4.03,81.24",,,,
e00fce68239f79db42ac9cb5,5/21/2026 6:00:35,,rainfall_0001,"1779357630,78.45972,0.00,4.02,79.77",,,,
e00fce681282837e5d0586e0,5/21/2026 7:00:37,,rainfall,"1779361229,129.95833,0.00,4.03,81.24",,,,
e00fce68239f79db42ac9cb5,5/21/2026 7:00:37,,rainfall_0001,"1779361230,77.96667,0.00,4.02,79.77",,,,
e00fce68239f79db42ac9cb5,5/21/2026 8:00:35,,rainfall_0001,"1779364830,78.19583,0.00,4.02,79.77",,,,
e00fce68239f79db42ac9cb5,5/21/2026 9:00:34,,rainfall_0001,"1779368430,74.32361,0.00,4.11,79.77",,,,
e00fce681282837e5d0586e0,5/21/2026 9:00:37,,rainfall,"1779368429,128.70139,0.00,4.03,81.24",,,,
e00fce68239f79db42ac9cb5,5/21/2026 10:00:39,,rainfall_0001,"1779372029,72.94583,0.00,4.06,79.93",,,,
e00fce681282837e5d0586e0,5/21/2026 10:05:24,,rainfall,"1779372030,128.62361,0.00,4.03,81.24",,,,
e00fce681282837e5d0586e0,5/21/2026 13:02:00,,rainfall,"1779382813,128.12778,0.00,4.03,81.24",,,,
e00fce681282837e5d0586e0,5/21/2026 14:00:34,,rainfall,"1779386429,127.60278,0.00,4.03,81.24",,,,
e00fce68239f79db42ac9cb5,5/21/2026 14:04:18,,rainfall_0001,"1779386412,73.26667,0.00,4.05,82.54",,,,
e00fce681282837e5d0586e0,5/21/2026 15:00:38,,rainfall,"1779390029,127.61250,0.00,4.03,81.24",,,,
e00fce68239f79db42ac9cb5,5/21/2026 15:00:38,,rainfall_0001,"1779390030,73.57361,0.00,4.05,82.70",,,,
e00fce681282837e5d0586e0,5/21/2026 16:00:36,,rainfall,"1779393630,127.27222,0.00,4.03,81.24",,,,
e00fce68239f79db42ac9cb5,5/21/2026 16:00:34,,rainfall_0001,"1779393629,73.67361,0.00,4.05,82.70",,,,
e00fce68239f79db42ac9cb5,5/21/2026 17:00:35,,rainfall_0001,"1779397229,72.48333,0.00,4.05,82.70",,,,
e00fce681282837e5d0586e0,5/21/2026 17:00:41,,rainfall,"1779397229,127.19028,0.00,4.03,81.24",,,,
e00fce68239f79db42ac9cb5,5/21/2026 18:00:37,,rainfall_0001,"1779400830,71.59861,0.00,4.05,82.70",,,,
e00fce681282837e5d0586e0,5/21/2026 18:00:38,,rainfall,"1779400829,127.05417,0.00,4.03,81.24",,,,
e00fce681282837e5d0586e0,5/21/2026 19:00:35,,rainfall,"1779404429,128.44028,0.00,4.03,81.24",,,,
e00fce68239f79db42ac9cb5,5/21/2026 19:00:42,,rainfall_0001,"1779404430,69.95417,0.00,4.05,82.70",,,,
e00fce68239f79db42ac9cb5,5/21/2026 20:00:34,,rainfall_0001,"1779408029,68.64167,0.00,4.05,82.70",,,,
e00fce681282837e5d0586e0,5/21/2026 20:00:41,,rainfall,"1779408030,129.53195,0.00,4.03,81.24",,,,
e00fce68239f79db42ac9cb5,5/21/2026 21:00:40,,rainfall_0001,"1779411629,74.80417,0.00,4.05,82.87",,,,
e00fce681282837e5d0586e0,5/21/2026 21:00:40,,rainfall,"1779411630,129.57361,0.00,4.03,81.24",,,,
e00fce68239f79db42ac9cb5,5/21/2026 22:00:35,,rainfall_0001,"1779415229,76.32222,0.00,4.05,82.87",,,,
e00fce681282837e5d0586e0,5/21/2026 22:00:38,,rainfall,"1779415229,129.59027,0.00,4.03,81.24",,,,
e00fce68239f79db42ac9cb5,5/21/2026 23:00:35,,rainfall_0001,"1779418830,77.88750,0.00,4.05,82.87",,,,
e00fce681282837e5d0586e0,5/21/2026 23:00:38,,rainfall,"1779418829,129.75555,0.00,4.03,81.24",,,,
e00fce68239f79db42ac9cb5,5/22/2026 0:00:35,,rainfall_0001,"1779422429,78.53472,0.00,4.05,82.87",,,,
e00fce681282837e5d0586e0,5/22/2026 0:05:14,,rainfall,"1779422430,129.60834,0.00,4.03,81.24",,,,
e00fce68239f79db42ac9cb5,5/22/2026 1:00:41,,rainfall_0001,"1779426030,81.48750,0.00,4.05,82.87",,,,
e00fce681282837e5d0586e0,5/22/2026 1:05:06,,rainfall,"1779426029,129.60139,0.00,4.03,81.24",,,,
e00fce68239f79db42ac9cb5,5/22/2026 2:00:35,,rainfall_0001,"1779429630,82.30833,0.00,4.05,82.87",,,,
e00fce681282837e5d0586e0,5/22/2026 2:00:39,,rainfall,"1779429630,129.73056,0.00,4.03,81.24",,,,
e00fce681282837e5d0586e0,5/22/2026 3:00:35,,rainfall,"1779433229,129.83888,0.00,4.03,81.24",,,,
e00fce68239f79db42ac9cb5,5/22/2026 3:00:38,,rainfall_0001,"1779433230,80.97500,0.00,4.05,82.87",,,,
e00fce681282837e5d0586e0,5/22/2026 4:00:36,,rainfall,"1779436829,129.79584,0.00,4.03,81.24",,,,
e00fce68239f79db42ac9cb5,5/22/2026 4:00:42,,rainfall_0001,"1779436829,79.69444,0.00,4.05,82.87",,,,
e00fce68239f79db42ac9cb5,5/22/2026 5:00:34,,rainfall_0001,"1779440429,78.27500,0.00,4.05,82.87",,,,
e00fce681282837e5d0586e0,5/22/2026 5:00:36,,rainfall,"1779440430,129.70555,0.00,4.03,81.24",,,,
e00fce68239f79db42ac9cb5,5/22/2026 6:00:35,,rainfall_0001,"1779444029,78.28056,0.00,4.05,82.87",,,,
e00fce681282837e5d0586e0,5/22/2026 6:00:37,,rainfall,"1779444030,129.76527,0.00,4.03,81.24",,,,
e00fce681282837e5d0586e0,5/22/2026 7:00:36,,rainfall,"1779447629,130.04028,0.00,4.03,81.24",,,,
e00fce681282837e5d0586e0,5/22/2026 8:00:39,,rainfall,"1779451229,129.35001,0.00,4.03,81.24",,,,
e00fce68239f79db42ac9cb5,5/22/2026 8:09:17,,rainfall_0001,"1779451212,77.36806,0.00,4.05,83.03",,,,
e00fce681282837e5d0586e0,5/22/2026 9:00:36,,rainfall,"1779454829,129.26944,0.00,4.03,81.24",,,,
e00fce68239f79db42ac9cb5,5/22/2026 9:00:36,,rainfall_0001,"1779454830,75.10139,0.00,4.05,83.20",,,,
e00fce681282837e5d0586e0,5/22/2026 10:00:36,,rainfall,"1779458430,128.97223,0.00,4.03,81.24",,,,
e00fce68239f79db42ac9cb5,5/22/2026 10:05:25,,rainfall_0001,"1779458430,75.44583,0.00,4.05,83.20",,,,
e00fce681282837e5d0586e0,5/22/2026 11:00:35,,rainfall,"1779462029,128.98473,0.00,4.03,81.24",,,,
e00fce68239f79db42ac9cb5,5/22/2026 11:08:06,,rainfall_0001,"1779462031,73.62361,0.00,4.05,83.20",,,,
e00fce68239f79db42ac9cb5,5/22/2026 12:00:33,,rainfall_0001,"1779465630,73.41528,0.00,4.05,83.36",,,,
e00fce681282837e5d0586e0,5/22/2026 12:00:40,,rainfall,"1779465629,129.23056,0.56,4.03,81.24",,,,
e00fce68239f79db42ac9cb5,5/22/2026 13:00:32,,rainfall_0001,"1779469230,70.99445,0.00,4.05,83.36",,,,
e00fce681282837e5d0586e0,5/22/2026 13:00:38,,rainfall,"1779469229,129.15416,0.00,4.03,81.24",,,,
e00fce68239f79db42ac9cb5,5/22/2026 14:00:33,,rainfall_0001,"1779472830,73.54861,0.00,4.05,83.36",,,,
e00fce681282837e5d0586e0,5/22/2026 14:00:40,,rainfall,"1779472829,129.19028,0.00,4.03,81.24",,,,
e00fce68239f79db42ac9cb5,5/22/2026 15:00:34,,rainfall_0001,"1779476431,74.51111,0.00,4.05,83.36",,,,
e00fce681282837e5d0586e0,5/22/2026 15:00:40,,rainfall,"1779476429,129.28334,0.00,4.03,81.24",,,,
e00fce68239f79db42ac9cb5,5/22/2026 16:00:34,,rainfall_0001,"1779480029,73.30972,0.00,4.05,83.36",,,,
e00fce68239f79db42ac9cb5,5/22/2026 17:00:35,,rainfall_0001,"1779483629,73.79723,0.00,4.05,83.36",,,,
e00fce681282837e5d0586e0,5/22/2026 17:02:22,,rainfall,"1779483638,127.47639,0.00,4.03,81.24",,,,
e00fce681282837e5d0586e0,5/22/2026 18:00:36,,rainfall,"1779487229,127.87500,0.00,4.03,81.24",,,,
e00fce68239f79db42ac9cb5,5/22/2026 18:00:37,,rainfall_0001,"1779487230,71.76389,0.00,4.05,83.36",,,,
e00fce681282837e5d0586e0,5/22/2026 19:00:32,,rainfall,"1779490830,129.13472,0.00,4.03,81.24",,,,
e00fce68239f79db42ac9cb5,5/22/2026 19:00:32,,rainfall_0001,"1779490830,70.56250,0.00,4.05,83.36",,,,
e00fce68239f79db42ac9cb5,5/22/2026 20:00:32,,rainfall_0001,"1779494430,68.62917,0.00,4.05,83.36",,,,
e00fce681282837e5d0586e0,5/22/2026 20:00:36,,rainfall,"1779494429,129.19861,0.00,4.03,81.24",,,,
e00fce681282837e5d0586e0,5/22/2026 21:00:32,,rainfall,"1779498030,129.68472,0.00,4.03,81.24",,,,
e00fce68239f79db42ac9cb5,5/22/2026 21:00:35,,rainfall_0001,"1779498029,68.60139,0.00,4.05,83.36",,,,
e00fce681282837e5d0586e0,5/22/2026 22:00:32,,rainfall,"1779501630,129.74306,0.00,4.03,81.24",,,,
e00fce68239f79db42ac9cb5,5/22/2026 22:00:31,,rainfall_0001,"1779501629,74.32500,0.00,4.05,83.36",,,,
e00fce681282837e5d0586e0,5/22/2026 23:00:34,,rainfall,"1779505229,129.61250,0.00,4.03,81.24",,,,
e00fce68239f79db42ac9cb5,5/22/2026 23:00:33,,rainfall_0001,"1779505230,76.82222,0.00,4.05,83.36",,,,
e00fce681282837e5d0586e0,5/23/2026 0:00:35,,rainfall,"1779508829,130.43611,0.00,4.03,81.24",,,,
e00fce68239f79db42ac9cb5,5/23/2026 0:09:39,,rainfall_0001,"1779508829,78.67917,0.00,4.05,83.36",,,,
e00fce681282837e5d0586e0,5/23/2026 1:00:32,,rainfall,"1779512429,130.89444,0.00,4.03,81.24",,,,
e00fce68239f79db42ac9cb5,5/23/2026 1:07:52,,rainfall_0001,"1779512429,80.03056,0.00,4.05,83.36",,,,
e00fce681282837e5d0586e0,5/23/2026 2:00:32,,rainfall,"1779516029,130.28889,0.00,4.03,81.24",,,,
e00fce68239f79db42ac9cb5,5/23/2026 2:00:33,,rainfall_0001,"1779516030,81.11945,0.00,4.05,83.36",,,,
e00fce68239f79db42ac9cb5,5/23/2026 3:00:32,,rainfall_0001,"1779519630,82.61667,0.00,4.05,83.36",,,,
e00fce681282837e5d0586e0,5/23/2026 3:00:34,,rainfall,"1779519629,130.67361,0.00,4.03,81.24",,,,
e00fce681282837e5d0586e0,5/23/2026 4:00:36,,rainfall,"1779523230,130.48195,0.00,4.03,81.24",,,,
e00fce681282837e5d0586e0,5/23/2026 5:00:32,,rainfall,"1779526828,130.63750,0.00,4.03,81.24",,,,
e00fce681282837e5d0586e0,5/23/2026 6:00:33,,rainfall,"1779530430,130.63889,0.00,4.03,81.24",,,,
e00fce68239f79db42ac9cb5,5/23/2026 6:06:05,,rainfall_0001,"1779530505,88.14861,0.00,4.05,83.36",,,,
e00fce681282837e5d0586e0,5/23/2026 7:00:35,,rainfall,"1779534029,130.66528,0.00,4.03,81.24",,,,
e00fce68239f79db42ac9cb5,5/23/2026 7:00:40,,rainfall_0001,"1779534029,89.51667,0.00,4.05,83.36",,,,
e00fce681282837e5d0586e0,5/23/2026 8:00:38,,rainfall,"1779537629,129.60695,0.00,4.03,81.24",,,,
e00fce68239f79db42ac9cb5,5/23/2026 8:00:37,,rainfall_0001,"1779537629,89.42361,0.00,4.05,83.36",,,,
e00fce681282837e5d0586e0,5/23/2026 9:00:32,,rainfall,"1779541229,129.32639,0.00,4.03,81.24",,,,
e00fce68239f79db42ac9cb5,5/23/2026 9:00:32,,rainfall_0001,"1779541229,89.06250,0.00,4.05,83.36",,,,
e00fce681282837e5d0586e0,5/23/2026 10:00:35,,rainfall,"1779544829,129.43333,0.00,4.03,81.24",,,,
e00fce68239f79db42ac9cb5,5/23/2026 10:00:35,,rainfall_0001,"1779544830,91.03611,0.00,4.05,83.36",,,,
e00fce68239f79db42ac9cb5,5/23/2026 11:00:32,,rainfall_0001,"1779548429,91.77500,0.00,4.05,83.36",,,,
e00fce681282837e5d0586e0,5/23/2026 11:00:35,,rainfall,"1779548430,128.49722,0.00,4.03,81.24",,,,
e00fce681282837e5d0586e0,5/23/2026 12:00:33,,rainfall,"1779552029,128.52222,0.00,4.03,81.24",,,,
e00fce68239f79db42ac9cb5,5/23/2026 12:00:34,,rainfall_0001,"1779552029,93.24861,0.00,4.05,83.36",,,,
e00fce681282837e5d0586e0,5/23/2026 13:00:34,,rainfall,"1779555629,128.69722,0.00,4.03,81.24",,,,
e00fce68239f79db42ac9cb5,5/23/2026 13:00:38,,rainfall_0001,"1779555629,94.46250,0.00,4.05,83.36",,,,
e00fce68239f79db42ac9cb5,5/23/2026 14:00:33,,rainfall_0001,"1779559229,95.78750,0.00,4.05,83.36",,,,
e00fce681282837e5d0586e0,5/23/2026 14:09:03,,rainfall,"1779559229,128.91945,0.00,4.03,81.24",,,,
e00fce68239f79db42ac9cb5,5/23/2026 15:00:52,,rainfall_0001,"1779562828,97.36389,0.00,4.05,83.36",,,,
e00fce681282837e5d0586e0,5/23/2026 15:08:56,,rainfall,"1779562829,127.96806,0.00,4.03,81.24",,,,
e00fce681282837e5d0586e0,5/23/2026 16:01:22,,rainfall,"1779566475,128.09445,0.00,4.03,81.24",,,,
e00fce681282837e5d0586e0,5/23/2026 17:00:37,,rainfall,"1779570029,127.74167,0.00,4.03,81.24",,,,
e00fce681282837e5d0586e0,5/23/2026 18:00:40,,rainfall,"1779573629,128.10278,0.00,4.03,81.24",,,,
e00fce681282837e5d0586e0,5/23/2026 19:00:34,,rainfall,"1779577229,130.21666,0.00,4.03,81.24",,,,
e00fce68239f79db42ac9cb5,5/23/2026 20:05:40,,rainfall_0001,"1779580904,102.21806,0.00,4.05,83.20",,,,
e00fce681282837e5d0586e0,5/23/2026 20:09:34,,rainfall,"1779580829,130.32639,0.00,4.03,81.24",,,,
e00fce681282837e5d0586e0,5/23/2026 21:02:11,,rainfall,"1779584429,130.59305,0.00,4.03,81.24",,,,
e00fce681282837e5d0586e0,5/23/2026 22:09:36,,rainfall,"1779588029,130.80417,0.00,4.03,81.24",,,,
e00fce681282837e5d0586e0,5/23/2026 23:01:55,,rainfall,"1779591628,130.63194,0.00,4.03,81.24",,,,
e00fce68239f79db42ac9cb5,5/23/2026 23:06:18,,rainfall_0001,"1779591705,105.82083,0.00,4.05,83.20",,,,
e00fce681282837e5d0586e0,5/24/2026 0:00:25,,rainfall,"1779595220,130.67084,0.00,4.03,81.24",,,,
e00fce68239f79db42ac9cb5,5/24/2026 0:00:38,,rainfall_0001,"1779595232,107.41389,0.00,4.05,83.20",,,,
e00fce68239f79db42ac9cb5,5/24/2026 1:00:32,,rainfall_0001,"1779598828,107.60694,0.00,4.05,83.20",,,,
e00fce681282837e5d0586e0,5/24/2026 1:00:34,,rainfall,"1779598829,130.49445,0.00,4.03,81.24",,,,
e00fce681282837e5d0586e0,5/24/2026 2:00:34,,rainfall,"1779602429,130.38472,0.00,4.03,81.24",,,,
e00fce68239f79db42ac9cb5,5/24/2026 2:00:39,,rainfall_0001,"1779602429,112.64445,0.00,4.05,83.20",,,,
e00fce68239f79db42ac9cb5,5/24/2026 3:00:33,,rainfall_0001,"1779606029,112.69861,0.00,4.05,83.20",,,,
e00fce681282837e5d0586e0,5/24/2026 3:00:35,,rainfall,"1779606030,130.63889,0.00,4.03,81.24",,,,
e00fce68239f79db42ac9cb5,5/24/2026 4:00:39,,rainfall_0001,"1779609630,114.50000,0.00,4.05,83.20",,,,
e00fce68239f79db42ac9cb5,5/24/2026 5:00:33,,rainfall_0001,"1779613229,113.92639,0.00,4.05,83.20",,,,
e00fce681282837e5d0586e0,5/24/2026 5:04:11,,rainfall,"1779613214,130.67084,0.00,4.03,81.07",,,,
e00fce681282837e5d0586e0,5/24/2026 6:00:24,,rainfall,"1779616819,131.33888,0.00,4.03,81.07",,,,
e00fce681282837e5d0586e0,5/24/2026 7:00:35,,rainfall,"1779620429,130.42917,0.00,4.03,81.07",,,,
e00fce681282837e5d0586e0,5/24/2026 8:00:35,,rainfall,"1779624030,130.41112,0.00,4.03,81.07",,,,
e00fce681282837e5d0586e0,5/24/2026 9:00:35,,rainfall,"1779627630,130.21388,0.00,4.03,81.07",,,,
e00fce681282837e5d0586e0,5/24/2026 10:00:37,,rainfall,"1779631230,130.26527,0.00,4.03,81.07",,,,
e00fce68239f79db42ac9cb5,5/24/2026 10:09:33,,rainfall_0001,"1779631212,111.72222,0.00,4.05,83.20",,,,
e00fce68239f79db42ac9cb5,5/24/2026 11:03:11,,rainfall_0001,"1779634830,113.08889,0.00,4.05,83.20",,,,
e00fce68239f79db42ac9cb5,5/24/2026 12:00:40,,rainfall_0001,"1779638429,116.47222,0.00,4.05,83.20",,,,
e00fce681282837e5d0586e0,5/24/2026 12:02:24,,rainfall,"1779638431,130.09584,0.00,4.03,81.07",,,,
e00fce681282837e5d0586e0,5/24/2026 13:00:28,,rainfall,"1779642019,130.13194,0.00,4.03,81.07",,,,
e00fce68239f79db42ac9cb5,5/24/2026 13:00:34,,rainfall_0001,"1779642030,115.23750,0.00,4.05,83.20",,,,
e00fce68239f79db42ac9cb5,5/24/2026 14:00:34,,rainfall_0001,"1779645630,116.37500,0.00,4.05,83.20",,,,
e00fce681282837e5d0586e0,5/24/2026 14:00:38,,rainfall,"1779645629,129.23473,0.00,4.03,81.07",,,,
e00fce681282837e5d0586e0,5/24/2026 15:00:36,,rainfall,"1779649229,129.05139,0.00,4.03,81.07",,,,
e00fce68239f79db42ac9cb5,5/24/2026 15:00:35,,rainfall_0001,"1779649230,116.10278,0.00,4.05,83.20",,,,
e00fce68239f79db42ac9cb5,5/24/2026 16:00:36,,rainfall_0001,"1779652829,116.59583,0.00,4.05,83.20",,,,
e00fce681282837e5d0586e0,5/24/2026 16:00:36,,rainfall,"1779652830,129.88194,0.00,4.03,81.07",,,,
e00fce68239f79db42ac9cb5,5/24/2026 17:00:34,,rainfall_0001,"1779656429,117.60973,0.00,4.05,83.20",,,,
e00fce681282837e5d0586e0,5/24/2026 17:00:36,,rainfall,"1779656429,130.12500,0.00,4.03,81.07",,,,
e00fce68239f79db42ac9cb5,5/24/2026 18:00:37,,rainfall_0001,"1779660030,121.78333,0.00,4.05,83.20",,,,
e00fce681282837e5d0586e0,5/24/2026 18:05:27,,rainfall,"1779660029,130.34723,0.00,4.03,81.07",,,,
e00fce681282837e5d0586e0,5/24/2026 20:01:36,,rainfall,"1779667212,131.34723,0.00,4.03,81.07",,,,
e00fce68239f79db42ac9cb5,5/24/2026 20:09:20,,rainfall_0001,"1779667212,114.86250,0.00,4.05,83.20",,,,
e00fce68239f79db42ac9cb5,5/24/2026 21:00:34,,rainfall_0001,"1779670829,116.66944,0.00,4.05,83.03",,,,
e00fce681282837e5d0586e0,5/24/2026 21:00:40,,rainfall,"1779670830,131.85556,0.00,4.03,81.07",,,,
e00fce68239f79db42ac9cb5,5/24/2026 22:00:34,,rainfall_0001,"1779674429,117.95277,0.00,4.05,83.03",,,,
e00fce681282837e5d0586e0,5/24/2026 22:00:36,,rainfall,"1779674429,132.03334,0.00,4.03,81.07",,,,
e00fce68239f79db42ac9cb5,5/24/2026 23:00:37,,rainfall_0001,"1779678029,116.53333,0.00,4.05,83.03",,,,
e00fce681282837e5d0586e0,5/24/2026 23:00:36,,rainfall,"1779678030,132.00555,0.00,4.03,81.07",,,,
e00fce681282837e5d0586e0,5/25/2026 0:00:36,,rainfall,"1779681629,132.01111,0.00,4.03,81.07",,,,
e00fce68239f79db42ac9cb5,5/25/2026 0:00:40,,rainfall_0001,"1779681630,116.80000,0.00,4.05,83.03",,,,
e00fce68239f79db42ac9cb5,5/25/2026 1:00:35,,rainfall_0001,"1779685230,117.33195,0.00,4.05,83.03",,,,
e00fce681282837e5d0586e0,5/25/2026 1:00:36,,rainfall,"1779685229,131.85973,0.00,4.03,81.07",,,,
e00fce68239f79db42ac9cb5,5/25/2026 2:00:34,,rainfall_0001,"1779688829,117.35973,0.00,4.05,83.03",,,,
e00fce681282837e5d0586e0,5/25/2026 2:00:40,,rainfall,"1779688830,131.93056,0.00,4.03,81.07",,,,
e00fce68239f79db42ac9cb5,5/25/2026 3:00:34,,rainfall_0001,"1779692429,114.83334,0.00,4.05,83.03",,,,
e00fce681282837e5d0586e0,5/25/2026 3:00:36,,rainfall,"1779692429,131.91251,0.00,4.03,81.07",,,,
e00fce68239f79db42ac9cb5,5/25/2026 4:00:36,,rainfall_0001,"1779696029,107.85973,0.00,4.05,83.03",,,,
e00fce681282837e5d0586e0,5/25/2026 4:00:37,,rainfall,"1779696029,131.89999,0.00,4.03,81.07",,,,
e00fce681282837e5d0586e0,5/25/2026 5:00:40,,rainfall,"1779699629,132.16389,0.00,4.03,81.07",,,,
e00fce68239f79db42ac9cb5,5/25/2026 5:00:42,,rainfall_0001,"1779699630,105.05278,0.00,4.05,83.03",,,,
e00fce68239f79db42ac9cb5,5/25/2026 6:00:37,,rainfall_0001,"1779703229,100.54861,0.00,4.05,83.03",,,,
e00fce68239f79db42ac9cb5,5/25/2026 7:00:36,,rainfall_0001,"1779706830,98.27639,0.00,4.05,83.03",,,,
e00fce681282837e5d0586e0,5/25/2026 7:02:08,,rainfall,"1779706819,131.86111,0.00,4.03,81.07",,,,
e00fce681282837e5d0586e0,5/25/2026 8:00:22,,rainfall,"1779710420,130.35278,0.00,4.03,81.07",,,,
e00fce68239f79db42ac9cb5,5/25/2026 8:00:35,,rainfall_0001,"1779710430,99.21528,0.00,4.05,83.03",,,,
e00fce681282837e5d0586e0,5/25/2026 9:00:31,,rainfall,"1779714029,130.12083,0.00,4.03,81.07",,,,
e00fce681282837e5d0586e0,5/25/2026 10:00:32,,rainfall,"1779717630,129.95833,0.00,4.03,81.07",,,,
e00fce681282837e5d0586e0,5/25/2026 11:00:34,,rainfall,"1779721229,129.92223,0.00,4.03,81.07",,,,
e00fce681282837e5d0586e0,5/25/2026 12:05:14,,rainfall,"1779724829,129.37778,0.00,4.03,81.07",,,,
e00fce681282837e5d0586e0,5/25/2026 13:01:48,,rainfall,"1779728429,130.07222,0.00,4.03,81.07",,,,
e00fce68239f79db42ac9cb5,5/25/2026 13:04:26,,rainfall_0001,"1779728413,88.71806,0.00,4.05,83.03",,,,
e00fce68239f79db42ac9cb5,5/25/2026 14:00:31,,rainfall_0001,"1779732029,89.47222,0.00,4.05,83.03",,,,
e00fce681282837e5d0586e0,5/25/2026 14:00:36,,rainfall,"1779732030,129.75694,0.00,4.03,81.07",,,,
e00fce681282837e5d0586e0,5/25/2026 16:05:50,,rainfall,"1779739305,130.37361,0.84,4.03,81.07",,,,
e00fce681282837e5d0586e0,5/25/2026 17:00:23,,rainfall,"1779742819,130.23750,0.00,4.03,81.07",,,,
e00fce681282837e5d0586e0,5/25/2026 18:00:33,,rainfall,"1779746429,129.77361,0.00,4.03,81.07",,,,
e00fce681282837e5d0586e0,5/25/2026 19:00:33,,rainfall,"1779750030,131.68750,0.00,4.03,81.07",,,,
e00fce681282837e5d0586e0,5/25/2026 20:04:56,,rainfall,"1779753630,131.78334,0.00,4.03,81.07",,,,
e00fce68239f79db42ac9cb5,5/25/2026 20:10:12,,rainfall_0001,"1779753612,84.95000,0.00,4.05,83.03",,,,
e00fce68239f79db42ac9cb5,5/25/2026 21:00:31,,rainfall_0001,"1779757229,87.53056,0.00,4.05,83.03",,,,
e00fce681282837e5d0586e0,5/25/2026 21:02:25,,rainfall,"1779757229,131.62361,0.00,4.03,81.07",,,,
e00fce681282837e5d0586e0,5/25/2026 22:00:23,,rainfall,"1779760820,131.85695,0.00,4.03,81.07",,,,
e00fce68239f79db42ac9cb5,5/25/2026 22:00:32,,rainfall_0001,"1779760830,88.41111,0.00,4.05,83.03",,,,
e00fce681282837e5d0586e0,5/25/2026 23:00:33,,rainfall,"1779764430,131.69028,0.00,4.03,81.07",,,,
e00fce68239f79db42ac9cb5,5/25/2026 23:00:32,,rainfall_0001,"1779764430,90.22778,0.00,4.05,83.03",,,,
e00fce681282837e5d0586e0,5/26/2026 0:00:32,,rainfall,"1779768029,132.05139,0.00,4.03,81.07",,,,
e00fce68239f79db42ac9cb5,5/26/2026 0:00:34,,rainfall_0001,"1779768030,91.88889,0.00,4.05,83.03",,,,
e00fce681282837e5d0586e0,5/26/2026 1:00:33,,rainfall,"1779771629,131.77916,0.00,4.03,81.07",,,,
e00fce68239f79db42ac9cb5,5/26/2026 1:00:34,,rainfall_0001,"1779771629,93.50555,0.00,4.05,83.03",,,,
e00fce681282837e5d0586e0,5/26/2026 2:00:33,,rainfall,"1779775229,131.72084,0.00,4.03,81.07",,,,
e00fce68239f79db42ac9cb5,5/26/2026 2:00:33,,rainfall_0001,"1779775229,94.15972,0.00,4.05,83.03",,,,
e00fce68239f79db42ac9cb5,5/26/2026 3:00:31,,rainfall_0001,"1779778829,93.10000,0.00,4.05,83.03",,,,
e00fce681282837e5d0586e0,5/26/2026 3:00:34,,rainfall,"1779778830,131.90834,0.00,4.03,81.07",,,,
e00fce68239f79db42ac9cb5,5/26/2026 4:00:35,,rainfall_0001,"1779782430,90.07639,0.00,4.05,83.03",,,,
e00fce681282837e5d0586e0,5/26/2026 4:00:36,,rainfall,"1779782429,132.00833,0.00,4.03,81.07",,,,
e00fce68239f79db42ac9cb5,5/26/2026 5:00:31,,rainfall_0001,"1779786029,88.64167,0.00,4.05,82.87",,,,
e00fce681282837e5d0586e0,5/26/2026 5:09:16,,rainfall,"1779786029,132.06805,0.00,4.03,81.07",,,,
e00fce68239f79db42ac9cb5,5/26/2026 6:00:35,,rainfall_0001,"1779789630,85.43611,0.00,4.05,82.87",,,,
e00fce681282837e5d0586e0,5/26/2026 6:02:43,,rainfall,"1779789630,131.79306,0.00,4.03,81.07",,,,
e00fce681282837e5d0586e0,5/26/2026 7:00:24,,rainfall,"1779793220,131.46945,0.00,4.03,81.07",,,,
e00fce68239f79db42ac9cb5,5/26/2026 7:00:32,,rainfall_0001,"1779793230,85.11667,0.00,4.05,82.87",,,,
e00fce68239f79db42ac9cb5,5/26/2026 8:00:34,,rainfall_0001,"1779796829,84.87778,0.00,4.05,82.87",,,,
e00fce681282837e5d0586e0,5/26/2026 8:00:35,,rainfall,"1779796831,131.56389,0.00,4.03,81.07",,,,
e00fce68239f79db42ac9cb5,5/26/2026 9:00:34,,rainfall_0001,"1779800428,84.12222,0.00,4.05,82.87",,,,
e00fce681282837e5d0586e0,5/26/2026 9:00:33,,rainfall,"1779800429,131.36528,0.00,4.03,81.07",,,,
e00fce68239f79db42ac9cb5,5/26/2026 10:00:32,,rainfall_0001,"1779804029,82.99167,0.00,4.05,82.87",,,,
e00fce681282837e5d0586e0,5/26/2026 10:00:36,,rainfall,"1779804029,131.25139,0.00,4.03,81.07",,,,
e00fce68239f79db42ac9cb5,5/26/2026 11:00:35,,rainfall_0001,"1779807630,81.20695,0.00,4.05,82.87",,,,
e00fce681282837e5d0586e0,5/26/2026 11:09:25,,rainfall,"1779807630,130.22362,0.00,4.03,81.07",,,,
e00fce68239f79db42ac9cb5,5/26/2026 12:00:32,,rainfall_0001,"1779811229,79.91111,0.00,4.05,82.87",,,,
e00fce681282837e5d0586e0,5/26/2026 12:01:49,,rainfall,"1779811229,129.92361,0.00,4.03,81.07",,,,
e00fce681282837e5d0586e0,5/26/2026 13:00:27,,rainfall,"1779814819,130.30972,0.00,4.03,81.07",,,,
e00fce68239f79db42ac9cb5,5/26/2026 13:00:33,,rainfall_0001,"1779814830,78.70139,0.00,4.05,82.87",,,,
e00fce68239f79db42ac9cb5,5/26/2026 14:00:32,,rainfall_0001,"1779818429,80.18195,0.00,4.05,82.87",,,,
e00fce681282837e5d0586e0,5/26/2026 14:00:36,,rainfall,"1779818430,129.73611,0.00,4.03,81.07",,,,
e00fce681282837e5d0586e0,5/26/2026 15:00:34,,rainfall,"1779822029,129.76944,0.00,4.03,81.07",,,,
e00fce68239f79db42ac9cb5,5/26/2026 15:00:34,,rainfall_0001,"1779822030,81.61389,0.00,4.05,82.87",,,,
e00fce68239f79db42ac9cb5,5/26/2026 16:00:35,,rainfall_0001,"1779825629,80.59028,0.00,4.05,82.87",,,,
e00fce681282837e5d0586e0,5/26/2026 16:00:35,,rainfall,"1779825630,130.24028,0.00,4.03,81.07",,,,
e00fce68239f79db42ac9cb5,5/26/2026 17:00:32,,rainfall_0001,"1779829229,81.80417,0.00,4.05,82.87",,,,
e00fce681282837e5d0586e0,5/26/2026 17:00:39,,rainfall,"1779829228,130.04028,0.00,4.03,81.07",,,,
e00fce681282837e5d0586e0,5/26/2026 18:00:37,,rainfall,"1779832830,130.16112,0.00,4.03,81.07",,,,
e00fce681282837e5d0586e0,5/26/2026 19:00:35,,rainfall,"1779836429,130.90416,0.00,4.03,81.07",,,,
e00fce68239f79db42ac9cb5,5/26/2026 19:02:31,,rainfall_0001,"1779836412,77.06111,0.00,4.05,82.87",,,,
e00fce68239f79db42ac9cb5,5/26/2026 20:00:32,,rainfall_0001,"1779840029,78.09028,0.00,4.05,82.87",,,,
e00fce681282837e5d0586e0,5/26/2026 20:00:36,,rainfall,"1779840030,132.29445,0.00,4.03,81.07",,,,
e00fce68239f79db42ac9cb5,5/26/2026 21:00:34,,rainfall_0001,"1779843629,80.40694,0.00,4.05,82.87",,,,
e00fce681282837e5d0586e0,5/26/2026 21:00:36,,rainfall,"1779843629,132.54445,0.00,4.03,81.07",,,,
e00fce681282837e5d0586e0,5/26/2026 22:00:36,,rainfall,"1779847229,132.55833,0.00,4.03,81.07",,,,
e00fce68239f79db42ac9cb5,5/26/2026 22:00:41,,rainfall_0001,"1779847230,82.08889,0.00,4.05,82.87",,,,
e00fce681282837e5d0586e0,5/26/2026 23:00:38,,rainfall,"1779850829,132.91112,0.00,4.03,81.07",,,,
e00fce68239f79db42ac9cb5,5/26/2026 23:00:38,,rainfall_0001,"1779850829,84.28889,0.00,4.05,82.87",,,,
e00fce681282837e5d0586e0,5/27/2026 0:00:38,,rainfall,"1779854429,132.16389,0.00,4.03,81.07",,,,
e00fce681282837e5d0586e0,5/27/2026 1:00:41,,rainfall,"1779858030,132.30278,0.00,4.03,81.07",,,,
e00fce68239f79db42ac9cb5,5/27/2026 2:05:12,,rainfall_0001,"1779861613,89.23473,0.00,4.05,82.70",,,,
e00fce68239f79db42ac9cb5,5/27/2026 3:00:33,,rainfall_0001,"1779865229,85.84861,0.00,4.05,82.70",,,,
e00fce681282837e5d0586e0,5/27/2026 3:02:12,,rainfall,"1779865230,132.53612,0.00,4.03,81.07",,,,
e00fce681282837e5d0586e0,5/27/2026 4:00:26,,rainfall,"1779868820,132.54445,0.00,4.03,81.07",,,,
e00fce681282837e5d0586e0,5/27/2026 5:00:36,,rainfall,"1779872429,132.68056,0.00,4.03,81.07",,,,
e00fce681282837e5d0586e0,5/27/2026 6:00:41,,rainfall,"1779876031,132.61806,0.00,4.03,81.07",,,,
e00fce681282837e5d0586e0,5/27/2026 7:09:21,,rainfall,"1779879629,132.57639,0.00,4.03,81.07",,,,
e00fce68239f79db42ac9cb5,5/27/2026 8:04:38,,rainfall_0001,"1779883212,81.50555,0.00,4.05,82.70",,,,
e00fce681282837e5d0586e0,5/27/2026 8:05:27,,rainfall,"1779883230,132.28055,0.00,4.03,81.07",,,,
e00fce68239f79db42ac9cb5,5/27/2026 9:00:33,,rainfall_0001,"1779886830,80.59722,0.00,4.05,82.70",,,,
e00fce681282837e5d0586e0,5/27/2026 9:00:37,,rainfall,"1779886829,131.64444,0.00,4.03,81.07",,,,
e00fce68239f79db42ac9cb5,5/27/2026 10:10:12,,rainfall_0001,"1779890429,79.21806,0.00,4.05,82.70",,,,
e00fce681282837e5d0586e0,5/27/2026 11:00:42,,rainfall,"1779894029,131.62361,0.00,4.03,81.07",,,,
e00fce68239f79db42ac9cb5,5/27/2026 12:04:13,,rainfall_0001,"1779897705,76.15972,0.00,4.05,82.70",,,,
e00fce681282837e5d0586e0,5/27/2026 12:08:40,,rainfall,"1779897629,130.90138,0.00,4.03,81.07",,,,
e00fce68239f79db42ac9cb5,5/27/2026 13:00:41,,rainfall_0001,"1779901229,144.20277,0.00,4.05,82.70",,,,
e00fce681282837e5d0586e0,5/27/2026 13:02:06,,rainfall,"1779901229,131.05000,0.00,4.03,81.07",,,,
e00fce681282837e5d0586e0,5/27/2026 14:00:36,,rainfall,"1779904829,130.84584,0.00,4.03,81.07",,,,
e00fce68239f79db42ac9cb5,5/27/2026 14:00:41,,rainfall_0001,"1779904829,77.29861,0.00,4.05,82.70",,,,
e00fce68239f79db42ac9cb5,5/27/2026 15:00:36,,rainfall_0001,"1779908430,77.77917,0.00,4.05,82.70",,,,
e00fce681282837e5d0586e0,5/27/2026 15:00:37,,rainfall,"1779908430,130.53751,0.00,4.03,81.07",,,,
e00fce68239f79db42ac9cb5,5/27/2026 16:00:34,,rainfall_0001,"1779912029,77.58472,0.00,4.05,82.70",,,,
e00fce681282837e5d0586e0,5/27/2026 16:00:41,,rainfall,"1779912030,131.65138,0.00,4.03,81.07",,,,
e00fce68239f79db42ac9cb5,5/27/2026 17:00:34,,rainfall_0001,"1779915629,78.05556,0.00,4.05,82.70",,,,
e00fce681282837e5d0586e0,5/27/2026 17:00:37,,rainfall,"1779915629,132.48473,0.00,4.03,81.07",,,,
e00fce681282837e5d0586e0,5/27/2026 18:00:37,,rainfall,"1779919229,133.54445,0.00,4.03,81.07",,,,
e00fce68239f79db42ac9cb5,5/27/2026 18:00:34,,rainfall_0001,"1779919230,77.77917,1.12,4.05,82.70",,,,
e00fce681282837e5d0586e0,5/27/2026 19:00:39,,rainfall,"1779922831,133.59723,0.00,4.03,81.07",,,,
e00fce681282837e5d0586e0,5/27/2026 20:00:38,,rainfall,"1779926430,133.57777,0.00,4.03,81.07",,,,
e00fce681282837e5d0586e0,5/27/2026 21:00:42,,rainfall,"1779930029,133.66251,0.00,4.03,81.07",,,,
e00fce681282837e5d0586e0,5/27/2026 22:00:36,,rainfall,"1779933629,133.63750,0.00,4.03,81.07",,,,
e00fce681282837e5d0586e0,5/27/2026 23:00:40,,rainfall,"1779937229,133.77361,0.00,4.03,81.07",,,,
e00fce681282837e5d0586e0,5/28/2026 0:00:41,,rainfall,"1779940829,133.63055,0.00,4.03,81.07",,,,
e00fce681282837e5d0586e0,5/28/2026 1:10:02,,rainfall,"1779944429,133.77083,0.00,4.03,81.07",,,,
e00fce681282837e5d0586e0,5/28/2026 2:02:05,,rainfall,"1779948030,133.82222,0.00,4.03,80.91",,,,
e00fce68239f79db42ac9cb5,5/28/2026 2:05:56,,rainfall_0001,"1779948104,85.84861,0.00,4.05,82.70",,,,
e00fce68239f79db42ac9cb5,5/28/2026 3:00:37,,rainfall_0001,"1779951629,84.98750,0.00,4.05,82.70",,,,
e00fce68239f79db42ac9cb5,5/28/2026 4:00:41,,rainfall_0001,"1779955230,84.15417,0.00,4.05,82.70",,,,
e00fce681282837e5d0586e0,5/28/2026 4:04:10,,rainfall,"1779955330,133.79723,0.00,4.03,80.91",,,,
e00fce681282837e5d0586e0,5/28/2026 5:00:32,,rainfall,"1779958820,133.69167,0.00,4.03,80.91",,,,
e00fce68239f79db42ac9cb5,5/28/2026 5:00:36,,rainfall_0001,"1779958829,82.05695,0.00,4.05,82.70",,,,
e00fce68239f79db42ac9cb5,5/28/2026 6:00:37,,rainfall_0001,"1779962429,82.03889,0.00,4.05,82.70",,,,
e00fce681282837e5d0586e0,5/28/2026 6:00:41,,rainfall,"1779962430,133.57222,0.00,4.03,80.91",,,,
e00fce68239f79db42ac9cb5,5/28/2026 7:00:37,,rainfall_0001,"1779966029,81.28750,0.00,4.05,82.70",,,,
e00fce68239f79db42ac9cb5,5/28/2026 8:00:34,,rainfall_0001,"1779969629,81.72916,0.00,4.05,82.70",,,,
e00fce681282837e5d0586e0,5/28/2026 8:02:40,,rainfall,"1779969631,133.67223,0.00,4.03,80.91",,,,
e00fce681282837e5d0586e0,5/28/2026 9:00:31,,rainfall,"1779973229,133.36389,0.00,4.03,80.91",,,,
e00fce68239f79db42ac9cb5,5/28/2026 9:00:39,,rainfall_0001,"1779973230,79.18472,0.00,4.05,82.70",,,,
e00fce681282837e5d0586e0,5/28/2026 10:00:32,,rainfall,"1779976829,133.06667,0.00,4.03,80.91",,,,
e00fce68239f79db42ac9cb5,5/28/2026 10:00:34,,rainfall_0001,"1779976829,77.52084,0.00,4.05,82.70",,,,
e00fce681282837e5d0586e0,5/28/2026 11:00:32,,rainfall,"1779980429,133.16389,0.00,4.03,80.91",,,,
e00fce681282837e5d0586e0,5/28/2026 12:00:38,,rainfall,"1779984030,132.06111,0.00,4.03,80.91",,,,
e00fce68239f79db42ac9cb5,5/28/2026 12:02:50,,rainfall_0001,"1779984013,75.44583,0.00,4.05,82.70",,,,
e00fce681282837e5d0586e0,5/28/2026 13:05:08,,rainfall,"1779987629,131.81528,0.00,4.03,80.91",,,,
e00fce68239f79db42ac9cb5,5/28/2026 14:02:41,,rainfall_0001,"1779991211,76.10416,0.00,4.05,82.70",,,,
e00fce681282837e5d0586e0,5/28/2026 14:04:56,,rainfall,"1779991229,131.53473,0.00,4.03,80.91",,,,
e00fce681282837e5d0586e0,5/28/2026 15:00:33,,rainfall,"1779994830,130.92361,0.00,4.03,80.91",,,,
e00fce68239f79db42ac9cb5,5/28/2026 15:00:35,,rainfall_0001,"1779994830,76.19444,0.00,4.05,82.70",,,,
e00fce68239f79db42ac9cb5,5/28/2026 16:00:31,,rainfall_0001,"1779998430,77.44028,2.24,4.05,82.70",,,,
e00fce681282837e5d0586e0,5/28/2026 16:00:35,,rainfall,"1779998429,134.51527,0.00,4.03,80.91",,,,
e00fce681282837e5d0586e0,5/28/2026 17:00:33,,rainfall,"1780002030,132.52777,0.00,4.03,80.91",,,,
e00fce68239f79db42ac9cb5,5/28/2026 17:00:35,,rainfall_0001,"1780002030,73.65417,0.00,4.05,82.70",,,,
e00fce681282837e5d0586e0,5/28/2026 19:02:27,,rainfall,"1780009213,132.68889,0.00,4.03,80.91",,,,
e00fce681282837e5d0586e0,5/28/2026 20:04:37,,rainfall,"1780012819,133.43333,0.00,4.03,80.91",,,,
e00fce681282837e5d0586e0,5/28/2026 21:01:26,,rainfall,"1780016430,134.79861,0.00,4.03,80.91",,,,
e00fce681282837e5d0586e0,5/28/2026 22:00:25,,rainfall,"1780020020,134.62778,0.00,4.03,80.91",,,,
e00fce68239f79db42ac9cb5,5/28/2026 22:06:43,,rainfall_0001,"1780020106,78.40417,0.00,4.04,82.54",,,,
e00fce681282837e5d0586e0,5/28/2026 23:00:32,,rainfall,"1780023629,134.75694,0.00,4.03,80.91",,,,
e00fce68239f79db42ac9cb5,5/28/2026 23:00:35,,rainfall_0001,"1780023630,79.47361,0.00,4.04,82.38",,,,
e00fce68239f79db42ac9cb5,5/29/2026 0:00:35,,rainfall_0001,"1780027231,81.47778,0.00,4.04,82.38",,,,
e00fce681282837e5d0586e0,5/29/2026 0:00:37,,rainfall,"1780027229,134.88333,0.00,4.03,80.91",,,,
e00fce68239f79db42ac9cb5,5/29/2026 1:00:34,,rainfall_0001,"1780030830,82.47778,0.00,4.04,82.38",,,,
e00fce681282837e5d0586e0,5/29/2026 1:00:36,,rainfall,"1780030830,135.68472,0.00,4.03,80.91",,,,
e00fce68239f79db42ac9cb5,5/29/2026 2:00:31,,rainfall_0001,"1780034429,84.52361,0.00,4.04,82.38",,,,
e00fce681282837e5d0586e0,5/29/2026 2:00:34,,rainfall,"1780034429,134.76805,0.00,4.03,80.91",,,,
e00fce68239f79db42ac9cb5,5/29/2026 3:00:31,,rainfall_0001,"1780038030,82.37639,0.00,4.04,82.38",,,,
e00fce681282837e5d0586e0,5/29/2026 3:09:25,,rainfall,"1780038029,134.59305,0.00,4.03,80.91",,,,
e00fce68239f79db42ac9cb5,5/29/2026 4:00:31,,rainfall_0001,"1780041629,82.30000,0.00,4.04,82.38",,,,
e00fce681282837e5d0586e0,5/29/2026 4:08:30,,rainfall,"1780041630,134.67917,0.00,4.03,80.91",,,,
e00fce681282837e5d0586e0,5/29/2026 5:02:30,,rainfall,"1780045229,135.03751,0.00,4.03,80.91",,,,
e00fce681282837e5d0586e0,5/29/2026 6:00:33,,rainfall,"1780048829,135.84027,0.00,4.03,80.91",,,,
e00fce681282837e5d0586e0,5/29/2026 7:00:36,,rainfall,"1780052429,135.94028,0.00,4.03,80.91",,,,
e00fce681282837e5d0586e0,5/29/2026 8:05:01,,rainfall,"1780056030,135.42361,0.00,4.03,80.91",,,,
e00fce681282837e5d0586e0,5/29/2026 9:01:57,,rainfall,"1780059630,135.53195,0.00,4.03,80.91",,,,
e00fce681282837e5d0586e0,5/29/2026 10:00:24,,rainfall,"1780063220,135.17223,0.00,4.03,80.91",,,,
e00fce68239f79db42ac9cb5,5/29/2026 10:02:56,,rainfall_0001,"1780063213,75.59306,0.00,4.05,82.38",,,,
e00fce681282837e5d0586e0,5/29/2026 11:09:36,,rainfall,"1780066829,134.45277,0.00,4.03,80.91",,,,
e00fce681282837e5d0586e0,5/29/2026 12:02:16,,rainfall,"1780070429,134.53473,0.00,4.03,80.91",,,,
e00fce681282837e5d0586e0,5/29/2026 13:00:34,,rainfall,"1780074030,134.11528,0.00,4.03,80.91",,,,
e00fce68239f79db42ac9cb5,5/29/2026 13:04:11,,rainfall_0001,"1780074013,73.59861,0.00,4.05,82.54",,,,
e00fce68239f79db42ac9cb5,5/29/2026 14:00:32,,rainfall_0001,"1780077630,76.94028,0.00,4.05,82.54",,,,
e00fce681282837e5d0586e0,5/29/2026 14:00:42,,rainfall,"1780077629,134.17223,0.00,4.03,80.91",,,,
e00fce68239f79db42ac9cb5,5/29/2026 15:00:37,,rainfall_0001,"1780081229,76.53194,0.00,4.05,82.54",,,,
e00fce681282837e5d0586e0,5/29/2026 15:00:36,,rainfall,"1780081231,134.16112,0.00,4.03,80.91",,,,
e00fce68239f79db42ac9cb5,5/29/2026 16:00:31,,rainfall_0001,"1780084829,77.03472,0.00,4.04,82.54",,,,
e00fce681282837e5d0586e0,5/29/2026 16:00:45,,rainfall,"1780084829,133.16389,0.00,4.03,80.91",,,,
e00fce68239f79db42ac9cb5,5/29/2026 17:00:33,,rainfall_0001,"1780088430,75.49445,0.00,4.04,82.54",,,,
e00fce681282837e5d0586e0,5/29/2026 17:00:35,,rainfall,"1780088430,133.43750,0.00,4.03,80.91",,,,
e00fce681282837e5d0586e0,5/29/2026 18:00:35,,rainfall,"1780092030,133.97223,0.00,4.03,80.91",,,,
e00fce68239f79db42ac9cb5,5/29/2026 18:00:40,,rainfall_0001,"1780092029,74.57777,0.00,4.04,82.54",,,,
e00fce68239f79db42ac9cb5,5/29/2026 19:00:31,,rainfall_0001,"1780095629,75.17083,0.00,4.04,82.54",,,,
e00fce681282837e5d0586e0,5/29/2026 19:00:35,,rainfall,"1780095629,134.64861,0.00,4.03,80.91",,,,
e00fce68239f79db42ac9cb5,5/29/2026 20:00:32,,rainfall_0001,"1780099230,75.36667,0.00,4.04,82.54",,,,
e00fce681282837e5d0586e0,5/29/2026 20:00:38,,rainfall,"1780099230,135.89583,0.00,4.03,80.91",,,,
e00fce68239f79db42ac9cb5,5/29/2026 21:00:34,,rainfall_0001,"1780102829,78.04305,0.00,4.04,82.54",,,,
e00fce681282837e5d0586e0,5/29/2026 21:00:35,,rainfall,"1780102829,136.54167,0.00,4.03,80.91",,,,
e00fce68239f79db42ac9cb5,5/29/2026 22:00:32,,rainfall_0001,"1780106430,78.75972,0.00,4.04,82.54",,,,
e00fce681282837e5d0586e0,5/29/2026 22:00:37,,rainfall,"1780106430,136.94028,0.00,4.03,80.91",,,,
e00fce68239f79db42ac9cb5,5/29/2026 23:00:34,,rainfall_0001,"1780110029,81.51250,0.00,4.04,82.54",,,,
e00fce681282837e5d0586e0,5/29/2026 23:00:37,,rainfall,"1780110029,137.07083,0.00,4.03,80.91",,,,
e00fce68239f79db42ac9cb5,5/30/2026 0:00:31,,rainfall_0001,"1780113629,82.05000,0.00,4.04,82.54",,,,
e00fce681282837e5d0586e0,5/30/2026 0:00:36,,rainfall,"1780113631,136.88889,0.00,4.03,80.91",,,,
e00fce68239f79db42ac9cb5,5/30/2026 1:00:32,,rainfall_0001,"1780117229,84.36250,0.00,4.04,82.54",,,,
e00fce681282837e5d0586e0,5/30/2026 1:09:42,,rainfall,"1780117229,136.83472,0.00,4.03,80.91",,,,
e00fce681282837e5d0586e0,5/30/2026 2:03:39,,rainfall,"1780120829,136.70972,0.00,4.03,80.91",,,,
e00fce681282837e5d0586e0,5/30/2026 3:00:35,,rainfall,"1780124429,136.67361,0.00,4.03,80.91",,,,
e00fce681282837e5d0586e0,5/30/2026 4:00:38,,rainfall,"1780128030,136.17084,0.00,4.03,80.91",,,,
e00fce681282837e5d0586e0,5/30/2026 5:00:39,,rainfall,"1780131629,136.88611,0.00,4.03,80.91",,,,
e00fce681282837e5d0586e0,5/30/2026 6:00:36,,rainfall,"1780135229,136.99583,0.00,4.03,80.91",,,,
e00fce681282837e5d0586e0,5/30/2026 7:00:38,,rainfall,"1780138829,136.96666,0.00,4.03,80.91",,,,
e00fce681282837e5d0586e0,5/30/2026 8:00:38,,rainfall,"1780142429,135.47223,0.00,4.03,80.91",,,,
e00fce681282837e5d0586e0,5/30/2026 9:00:41,,rainfall,"1780146030,135.23750,0.00,4.03,80.91",,,,
e00fce681282837e5d0586e0,5/30/2026 10:00:36,,rainfall,"1780149630,135.11667,0.00,4.03,80.91",,,,
e00fce681282837e5d0586e0,5/30/2026 11:00:50,,rainfall,"1780153230,134.97778,0.00,4.03,80.91",,,,
e00fce681282837e5d0586e0,5/30/2026 12:00:36,,rainfall,"1780156829,134.80417,0.00,4.03,80.91",,,,
e00fce68239f79db42ac9cb5,5/30/2026 12:04:40,,rainfall_0001,"1780156812,97.65278,0.00,4.04,82.38",,,,
e00fce68239f79db42ac9cb5,5/30/2026 13:00:31,,rainfall_0001,"1780160429,99.45277,0.00,4.04,82.38",,,,
e00fce681282837e5d0586e0,5/30/2026 13:00:42,,rainfall,"1780160430,135.22917,0.28,4.03,80.91",,,,
e00fce68239f79db42ac9cb5,5/30/2026 14:00:33,,rainfall_0001,"1780164029,100.42917,0.28,4.04,82.38",,,,
e00fce681282837e5d0586e0,5/30/2026 14:00:37,,rainfall,"1780164029,134.58472,0.00,4.03,80.91",,,,
e00fce68239f79db42ac9cb5,5/30/2026 15:00:35,,rainfall_0001,"1780167630,79.64027,0.00,4.04,82.38",,,,
e00fce681282837e5d0586e0,5/30/2026 15:00:37,,rainfall,"1780167630,133.75555,0.00,4.03,80.91",,,,
e00fce68239f79db42ac9cb5,5/30/2026 16:00:32,,rainfall_0001,"1780171229,81.72639,0.00,4.04,82.38",,,,
e00fce681282837e5d0586e0,5/30/2026 16:00:36,,rainfall,"1780171229,132.89722,0.00,4.03,80.91",,,,
e00fce68239f79db42ac9cb5,5/30/2026 17:00:36,,rainfall_0001,"1780174829,82.02222,0.00,4.04,82.38",,,,
e00fce681282837e5d0586e0,5/30/2026 17:00:37,,rainfall,"1780174830,131.14861,0.00,4.03,80.91",,,,
e00fce68239f79db42ac9cb5,5/30/2026 18:00:33,,rainfall_0001,"1780178430,84.64306,0.00,4.04,82.38",,,,
e00fce681282837e5d0586e0,5/30/2026 18:00:37,,rainfall,"1780178430,130.88194,0.00,4.03,80.91",,,,
e00fce68239f79db42ac9cb5,5/30/2026 19:00:32,,rainfall_0001,"1780182029,84.88611,0.00,4.04,82.38",,,,
e00fce681282837e5d0586e0,5/30/2026 19:00:37,,rainfall,"1780182029,131.99722,0.00,4.03,80.91",,,,
e00fce68239f79db42ac9cb5,5/30/2026 20:00:33,,rainfall_0001,"1780185630,87.12917,0.00,4.04,82.38",,,,
e00fce681282837e5d0586e0,5/30/2026 20:04:59,,rainfall,"1780185629,133.67639,0.00,4.03,80.91",,,,
e00fce68239f79db42ac9cb5,5/30/2026 21:00:33,,rainfall_0001,"1780189229,90.11528,0.00,4.04,82.38",,,,
e00fce681282837e5d0586e0,5/30/2026 21:02:07,,rainfall,"1780189230,133.87083,0.00,4.03,80.91",,,,
e00fce681282837e5d0586e0,5/30/2026 22:00:26,,rainfall,"1780192819,133.91251,0.00,4.03,80.91",,,,
e00fce68239f79db42ac9cb5,5/30/2026 22:00:37,,rainfall_0001,"1780192830,90.54723,0.00,4.04,82.38",,,,
e00fce68239f79db42ac9cb5,5/30/2026 23:00:33,,rainfall_0001,"1780196429,93.87083,0.00,4.04,82.38",,,,
e00fce681282837e5d0586e0,5/30/2026 23:05:08,,rainfall,"1780196429,135.02638,0.00,4.03,80.91",,,,
e00fce68239f79db42ac9cb5,5/31/2026 0:00:33,,rainfall_0001,"1780200029,94.86111,0.00,4.04,82.38",,,,
e00fce681282837e5d0586e0,5/31/2026 0:02:06,,rainfall,"1780200029,134.64027,0.00,4.03,80.91",,,,
e00fce68239f79db42ac9cb5,5/31/2026 1:00:33,,rainfall_0001,"1780203630,96.02084,0.00,4.04,82.38",,,,
e00fce681282837e5d0586e0,5/31/2026 1:00:29,,rainfall,"1780203620,135.08333,0.00,4.03,80.91",,,,
e00fce68239f79db42ac9cb5,5/31/2026 2:00:35,,rainfall_0001,"1780207229,98.26527,0.00,4.04,82.38",,,,
e00fce68239f79db42ac9cb5,5/31/2026 3:00:34,,rainfall_0001,"1780210830,98.63194,0.00,4.04,82.38",,,,
e00fce681282837e5d0586e0,5/31/2026 3:02:01,,rainfall,"1780210819,135.37778,0.00,4.03,80.91",,,,
e00fce681282837e5d0586e0,5/31/2026 4:00:21,,rainfall,"1780214419,135.30695,0.00,4.03,80.91",,,,
e00fce68239f79db42ac9cb5,5/31/2026 4:00:40,,rainfall_0001,"1780214430,100.42083,0.00,4.04,82.38",,,,
e00fce681282837e5d0586e0,5/31/2026 5:00:32,,rainfall,"1780218030,135.25000,0.00,4.03,80.91",,,,
e00fce68239f79db42ac9cb5,5/31/2026 5:00:48,,rainfall_0001,"1780218029,100.64167,0.00,4.04,82.38",,,,
e00fce681282837e5d0586e0,5/31/2026 6:00:32,,rainfall,"1780221630,136.10139,0.00,4.03,80.91",,,,
e00fce681282837e5d0586e0,5/31/2026 7:00:34,,rainfall,"1780225229,135.73889,0.00,4.03,80.91",,,,
e00fce68239f79db42ac9cb5,5/31/2026 7:09:51,,rainfall_0001,"1780225216,101.07917,0.00,4.04,82.21",,,,
e00fce681282837e5d0586e0,5/31/2026 8:00:34,,rainfall,"1780228829,135.23334,0.00,4.03,80.91",,,,
e00fce68239f79db42ac9cb5,5/31/2026 8:00:34,,rainfall_0001,"1780228830,104.65417,0.00,4.04,82.21",,,,
e00fce681282837e5d0586e0,5/31/2026 9:00:31,,rainfall,"1780232429,134.97501,0.00,4.03,80.91",,,,
e00fce68239f79db42ac9cb5,5/31/2026 9:00:34,,rainfall_0001,"1780232429,103.73194,0.00,4.04,82.21",,,,
e00fce681282837e5d0586e0,5/31/2026 10:00:34,,rainfall,"1780236030,134.53751,0.00,4.03,80.91",,,,
e00fce68239f79db42ac9cb5,5/31/2026 10:00:44,,rainfall_0001,"1780236030,104.69861,0.00,4.04,82.21",,,,
e00fce681282837e5d0586e0,5/31/2026 11:00:32,,rainfall,"1780239629,134.73056,0.00,4.03,80.91",,,,
e00fce68239f79db42ac9cb5,5/31/2026 11:00:32,,rainfall_0001,"1780239629,105.41111,0.00,4.04,82.21",,,,
e00fce681282837e5d0586e0,5/31/2026 12:00:35,,rainfall,"1780243230,135.05139,0.00,4.03,80.91",,,,
e00fce681282837e5d0586e0,5/31/2026 13:00:34,,rainfall,"1780246829,134.64166,0.00,4.03,80.91",,,,
e00fce681282837e5d0586e0,5/31/2026 14:00:36,,rainfall,"1780250430,134.45000,0.00,4.03,80.91",,,,
e00fce681282837e5d0586e0,5/31/2026 15:00:33,,rainfall,"1780254029,134.05833,0.00,4.03,80.91",,,,
e00fce681282837e5d0586e0,5/31/2026 16:00:34,,rainfall,"1780257630,133.31528,0.00,4.03,80.91",,,,
e00fce681282837e5d0586e0,5/31/2026 17:00:33,,rainfall,"1780261229,133.26944,0.00,4.03,80.91",,,,
e00fce681282837e5d0586e0,5/31/2026 18:00:38,,rainfall,"1780264829,133.77499,0.00,4.03,80.91",,,,
e00fce68239f79db42ac9cb5,5/31/2026 18:04:44,,rainfall_0001,"1780264812,116.65694,0.00,4.04,82.21",,,,
e00fce681282837e5d0586e0,5/31/2026 19:00:35,,rainfall,"1780268430,134.85001,0.00,4.03,80.91",,,,
e00fce68239f79db42ac9cb5,5/31/2026 19:00:35,,rainfall_0001,"1780268430,116.62083,0.00,4.04,82.21",,,,
e00fce68239f79db42ac9cb5,5/31/2026 20:00:33,,rainfall_0001,"1780272029,116.40556,0.00,4.04,82.21",,,,
e00fce681282837e5d0586e0,5/31/2026 20:05:32,,rainfall,"1780272029,135.78055,0.00,4.03,80.91",,,,
e00fce68239f79db42ac9cb5,5/31/2026 21:00:36,,rainfall_0001,"1780275630,117.90556,0.00,4.04,82.21",,,,
e00fce681282837e5d0586e0,5/31/2026 21:02:04,,rainfall,"1780275630,136.11667,0.00,4.03,80.91",,,,
e00fce681282837e5d0586e0,5/31/2026 22:00:23,,rainfall,"1780279219,136.45416,0.00,4.03,80.91",,,,
e00fce68239f79db42ac9cb5,5/31/2026 22:00:35,,rainfall_0001,"1780279230,118.68333,0.00,4.04,82.21",,,,
e00fce68239f79db42ac9cb5,5/31/2026 23:00:34,,rainfall_0001,"1780282829,118.27917,0.00,4.04,82.21",,,,
e00fce681282837e5d0586e0,5/31/2026 23:05:13,,rainfall,"1780282829,135.64027,0.00,4.03,80.91",,,,
e00fce68239f79db42ac9cb5,6/1/2026 0:00:34,,rainfall_0001,"1780286430,121.67917,0.00,4.04,82.21",,,,
e00fce681282837e5d0586e0,6/1/2026 0:02:14,,rainfall,"1780286430,136.08472,0.00,4.03,80.91",,,,
e00fce681282837e5d0586e0,6/1/2026 1:00:33,,rainfall,"1780290029,136.23611,0.00,4.03,80.91",,,,
e00fce68239f79db42ac9cb5,6/1/2026 1:00:33,,rainfall_0001,"1780290029,121.05000,0.00,4.04,82.21",,,,
e00fce68239f79db42ac9cb5,6/1/2026 2:00:34,,rainfall_0001,"1780293630,118.09722,0.00,4.04,82.21",,,,
e00fce681282837e5d0586e0,6/1/2026 2:00:35,,rainfall,"1780293629,135.98473,0.00,4.03,80.91",,,,
e00fce681282837e5d0586e0,6/1/2026 3:00:33,,rainfall,"1780297229,135.93056,0.00,4.03,80.91",,,,
e00fce68239f79db42ac9cb5,6/1/2026 3:00:33,,rainfall_0001,"1780297229,116.33334,0.00,4.04,82.21",,,,
e00fce68239f79db42ac9cb5,6/1/2026 4:00:34,,rainfall_0001,"1780300829,113.70834,0.00,4.04,82.21",,,,
e00fce681282837e5d0586e0,6/1/2026 4:00:33,,rainfall,"1780300829,135.97084,0.00,4.03,80.91",,,,
e00fce68239f79db42ac9cb5,6/1/2026 5:00:34,,rainfall_0001,"1780304429,106.19722,0.00,4.04,82.21",,,,
e00fce681282837e5d0586e0,6/1/2026 5:00:38,,rainfall,"1780304430,136.00139,0.00,4.03,80.91",,,,
e00fce68239f79db42ac9cb5,6/1/2026 6:00:34,,rainfall_0001,"1780308029,101.08750,0.00,4.04,82.21",,,,
e00fce681282837e5d0586e0,6/1/2026 6:00:37,,rainfall,"1780308030,136.26111,0.00,4.03,80.91",,,,
e00fce68239f79db42ac9cb5,6/1/2026 7:00:34,,rainfall_0001,"1780311630,100.77639,0.00,4.04,82.21",,,,
e00fce681282837e5d0586e0,6/1/2026 7:00:39,,rainfall,"1780311629,135.99722,0.00,4.03,80.91",,,,
e00fce68239f79db42ac9cb5,6/1/2026 8:00:36,,rainfall_0001,"1780315229,100.27222,0.00,4.04,82.21",,,,
e00fce68239f79db42ac9cb5,6/1/2026 9:00:38,,rainfall_0001,"1780318829,98.07083,0.00,4.04,82.21",,,,
e00fce681282837e5d0586e0,6/1/2026 9:02:02,,rainfall,"1780318839,135.30278,0.00,4.03,80.91",,,,
e00fce681282837e5d0586e0,6/1/2026 10:00:23,,rainfall,"1780322421,134.60556,0.00,4.03,80.91",,,,
e00fce68239f79db42ac9cb5,6/1/2026 10:00:38,,rainfall_0001,"1780322430,95.30139,0.00,4.04,82.21",,,,
e00fce681282837e5d0586e0,6/1/2026 11:00:31,,rainfall,"1780326029,134.59862,0.00,4.03,80.91",,,,
e00fce68239f79db42ac9cb5,6/1/2026 11:00:34,,rainfall_0001,"1780326029,93.18333,0.00,4.04,82.21",,,,
e00fce681282837e5d0586e0,6/1/2026 12:00:36,,rainfall,"1780329629,134.82916,0.00,4.03,80.91",,,,
e00fce68239f79db42ac9cb5,6/1/2026 12:00:45,,rainfall_0001,"1780329629,92.70417,0.00,4.04,82.21",,,,
e00fce681282837e5d0586e0,6/1/2026 13:00:34,,rainfall,"1780333229,134.51250,0.00,4.03,80.91",,,,
e00fce68239f79db42ac9cb5,6/1/2026 13:00:50,,rainfall_0001,"1780333230,90.29305,0.00,4.04,82.21",,,,
e00fce681282837e5d0586e0,6/1/2026 14:00:34,,rainfall,"1780336830,134.41806,0.00,4.03,80.91",,,,
e00fce68239f79db42ac9cb5,6/1/2026 14:00:38,,rainfall_0001,"1780336829,92.50694,0.00,4.04,82.21",,,,
e00fce68239f79db42ac9cb5,6/1/2026 15:00:31,,rainfall_0001,"1780340429,92.78333,0.00,4.04,82.21",,,,
e00fce681282837e5d0586e0,6/1/2026 15:00:40,,rainfall,"1780340430,133.93472,0.00,4.03,80.91",,,,
e00fce68239f79db42ac9cb5,6/1/2026 16:00:32,,rainfall_0001,"1780344030,89.49167,0.00,4.04,82.21",,,,
e00fce681282837e5d0586e0,6/1/2026 16:00:33,,rainfall,"1780344029,133.64722,0.00,4.03,80.91",,,,
e00fce68239f79db42ac9cb5,6/1/2026 17:00:31,,rainfall_0001,"1780347629,89.66944,0.00,4.04,82.21",,,,
e00fce681282837e5d0586e0,6/1/2026 17:00:36,,rainfall,"1780347630,132.95555,0.00,4.03,80.91",,,,
e00fce681282837e5d0586e0,6/1/2026 18:00:34,,rainfall,"1780351229,133.67639,0.00,4.03,80.91",,,,
e00fce68239f79db42ac9cb5,6/1/2026 18:00:35,,rainfall_0001,"1780351229,87.30972,0.00,4.04,82.21",,,,
e00fce681282837e5d0586e0,6/1/2026 19:00:33,,rainfall,"1780354830,134.85556,0.00,4.03,80.91",,,,
e00fce68239f79db42ac9cb5,6/1/2026 19:00:34,,rainfall_0001,"1780354829,85.67361,0.00,4.04,82.21",,,,
e00fce681282837e5d0586e0,6/1/2026 20:00:39,,rainfall,"1780358429,135.80139,0.00,4.03,80.91",,,,
e00fce68239f79db42ac9cb5,6/1/2026 20:00:52,,rainfall_0001,"1780358430,85.83056,0.00,4.04,82.21",,,,
e00fce68239f79db42ac9cb5,6/1/2026 21:00:32,,rainfall_0001,"1780362029,89.16111,0.28,4.04,82.21",,,,
e00fce681282837e5d0586e0,6/1/2026 21:00:33,,rainfall,"1780362029,135.91667,0.84,4.03,80.91",,,,
e00fce68239f79db42ac9cb5,6/1/2026 22:00:32,,rainfall_0001,"1780365630,86.81944,0.56,4.04,82.21",,,,
e00fce681282837e5d0586e0,6/1/2026 22:00:35,,rainfall,"1780365631,134.25000,0.28,4.03,80.91",,,,
e00fce681282837e5d0586e0,6/1/2026 23:00:35,,rainfall,"1780369229,133.62917,0.28,4.03,80.91",,,,
e00fce68239f79db42ac9cb5,6/1/2026 23:00:35,,rainfall_0001,"1780369229,88.20277,0.28,4.04,82.21",,,,
e00fce68239f79db42ac9cb5,6/2/2026 0:00:32,,rainfall_0001,"1780372829,90.21250,0.00,4.04,82.21",,,,
e00fce681282837e5d0586e0,6/2/2026 0:00:44,,rainfall,"1780372830,133.32222,0.00,4.03,80.91",,,,
e00fce681282837e5d0586e0,6/2/2026 1:00:33,,rainfall,"1780376430,133.19861,0.00,4.03,80.91",,,,
e00fce68239f79db42ac9cb5,6/2/2026 1:00:35,,rainfall_0001,"1780376430,92.41111,0.00,4.04,82.21",,,,
e00fce681282837e5d0586e0,6/2/2026 2:00:33,,rainfall,"1780380029,133.90695,0.00,4.03,80.91",,,,
e00fce68239f79db42ac9cb5,6/2/2026 2:00:34,,rainfall_0001,"1780380029,94.10416,0.00,4.04,82.21",,,,
e00fce681282837e5d0586e0,6/2/2026 3:00:33,,rainfall,"1780383629,133.88889,0.00,4.03,80.91",,,,
e00fce68239f79db42ac9cb5,6/2/2026 3:00:33,,rainfall_0001,"1780383630,92.51667,0.28,4.04,82.21",,,,
e00fce68239f79db42ac9cb5,6/2/2026 4:00:32,,rainfall_0001,"1780387230,90.66250,0.00,4.04,82.21",,,,
e00fce681282837e5d0586e0,6/2/2026 4:00:36,,rainfall,"1780387230,134.08749,0.00,4.03,80.91",,,,
e00fce68239f79db42ac9cb5,6/2/2026 5:00:32,,rainfall_0001,"1780390829,85.97083,0.00,4.04,82.21",,,,
e00fce681282837e5d0586e0,6/2/2026 5:00:34,,rainfall,"1780390830,133.94444,0.00,4.03,80.91",,,,
e00fce68239f79db42ac9cb5,6/2/2026 6:00:33,,rainfall_0001,"1780394429,85.51389,0.00,4.04,82.21",,,,
e00fce681282837e5d0586e0,6/2/2026 6:00:34,,rainfall,"1780394430,134.22639,0.00,4.03,80.91",,,,
e00fce681282837e5d0586e0,6/2/2026 7:00:33,,rainfall,"1780398029,134.52638,0.00,4.03,80.91",,,,
e00fce68239f79db42ac9cb5,6/2/2026 7:00:36,,rainfall_0001,"1780398029,85.49445,0.00,4.04,82.21",,,,
e00fce68239f79db42ac9cb5,6/2/2026 8:00:32,,rainfall_0001,"1780401629,85.86528,0.00,4.04,82.21",,,,
e00fce681282837e5d0586e0,6/2/2026 8:00:34,,rainfall,"1780401630,135.16389,0.00,4.03,80.91",,,,
e00fce681282837e5d0586e0,6/2/2026 9:00:33,,rainfall,"1780405229,134.12917,0.00,4.03,80.91",,,,
e00fce68239f79db42ac9cb5,6/2/2026 9:00:34,,rainfall_0001,"1780405231,84.00000,0.00,4.04,82.21",,,,
e00fce68239f79db42ac9cb5,6/2/2026 10:00:32,,rainfall_0001,"1780408829,81.50555,0.00,4.04,82.21",,,,
e00fce681282837e5d0586e0,6/2/2026 10:00:34,,rainfall,"1780408830,133.74583,0.00,4.03,80.91",,,,
e00fce68239f79db42ac9cb5,6/2/2026 11:00:32,,rainfall_0001,"1780412429,81.65278,0.00,4.04,82.21",,,,
e00fce681282837e5d0586e0,6/2/2026 11:00:33,,rainfall,"1780412429,133.75555,0.00,4.03,80.91",,,,
e00fce68239f79db42ac9cb5,6/2/2026 12:00:33,,rainfall_0001,"1780416029,81.53889,0.00,4.04,82.21",,,,
e00fce681282837e5d0586e0,6/2/2026 12:00:34,,rainfall,"1780416030,133.08055,0.00,4.03,80.91",,,,
e00fce681282837e5d0586e0,6/2/2026 13:00:34,,rainfall,"1780419629,132.50972,0.00,4.03,80.91",,,,
e00fce68239f79db42ac9cb5,6/2/2026 13:00:33,,rainfall_0001,"1780419629,80.31805,0.00,4.04,82.21",,,,
e00fce68239f79db42ac9cb5,6/2/2026 14:00:36,,rainfall_0001,"1780423229,82.04166,0.00,4.04,82.21",,,,
e00fce681282837e5d0586e0,6/2/2026 14:07:17,,rainfall,"1780423230,132.18472,0.00,4.03,80.91",,,,
e00fce681282837e5d0586e0,6/2/2026 15:00:25,,rainfall,"1780426819,133.61806,0.00,4.03,80.91",,,,
e00fce68239f79db42ac9cb5,6/2/2026 15:00:32,,rainfall_0001,"1780426829,82.19722,0.00,4.04,82.21",,,,
e00fce681282837e5d0586e0,6/2/2026 16:00:31,,rainfall,"1780430430,133.77083,0.00,4.03,80.91",,,,
e00fce68239f79db42ac9cb5,6/2/2026 16:00:33,,rainfall_0001,"1780430429,82.24583,0.00,4.04,82.21",,,,
e00fce68239f79db42ac9cb5,6/2/2026 17:00:33,,rainfall_0001,"1780434029,79.66666,0.00,4.04,82.05",,,,
e00fce681282837e5d0586e0,6/2/2026 17:00:35,,rainfall,"1780434029,133.81805,0.00,4.03,80.91",,,,
e00fce681282837e5d0586e0,6/2/2026 18:00:32,,rainfall,"1780437630,133.85278,0.00,4.03,80.91",,,,
e00fce68239f79db42ac9cb5,6/2/2026 18:00:33,,rainfall_0001,"1780437630,79.50972,0.00,4.04,82.05",,,,
e00fce681282837e5d0586e0,6/2/2026 19:00:32,,rainfall,"1780441229,133.68472,0.00,4.03,80.91",,,,
e00fce68239f79db42ac9cb5,6/2/2026 19:00:36,,rainfall_0001,"1780441229,79.51945,0.00,4.04,82.05",,,,
e00fce681282837e5d0586e0,6/2/2026 20:00:32,,rainfall,"1780444829,134.94305,0.00,4.03,80.91",,,,
e00fce68239f79db42ac9cb5,6/2/2026 20:00:32,,rainfall_0001,"1780444829,79.61389,0.00,4.04,82.05",,,,
e00fce681282837e5d0586e0,6/2/2026 21:00:32,,rainfall,"1780448429,135.28334,0.00,4.03,80.91",,,,
e00fce68239f79db42ac9cb5,6/2/2026 21:00:33,,rainfall_0001,"1780448429,82.81667,0.00,4.04,82.05",,,,
e00fce681282837e5d0586e0,6/2/2026 22:00:33,,rainfall,"1780452029,134.88889,0.00,4.03,80.91",,,,
e00fce68239f79db42ac9cb5,6/2/2026 22:00:36,,rainfall_0001,"1780452029,83.24583,0.00,4.04,82.05",,,,
e00fce681282837e5d0586e0,6/2/2026 23:00:31,,rainfall,"1780455629,136.43750,0.00,4.03,80.91",,,,
e00fce68239f79db42ac9cb5,6/2/2026 23:00:33,,rainfall_0001,"1780455629,85.60694,0.00,4.04,82.05",,,,
e00fce68239f79db42ac9cb5,6/3/2026 0:00:34,,rainfall_0001,"1780459230,85.82639,0.00,4.04,82.05",,,,
e00fce681282837e5d0586e0,6/3/2026 0:00:34,,rainfall,"1780459229,136.50417,0.00,4.03,80.91",,,,
e00fce681282837e5d0586e0,6/3/2026 1:00:32,,rainfall,"1780462829,136.77361,0.00,4.03,80.91",,,,
e00fce68239f79db42ac9cb5,6/3/2026 1:00:33,,rainfall_0001,"1780462829,90.90000,0.00,4.04,82.05",,,,
e00fce681282837e5d0586e0,6/3/2026 2:00:35,,rainfall,"1780466430,136.86945,0.00,4.03,80.91",,,,
e00fce68239f79db42ac9cb5,6/3/2026 2:00:37,,rainfall_0001,"1780466430,91.10139,0.00,4.04,82.05",,,,
e00fce681282837e5d0586e0,6/3/2026 3:00:32,,rainfall,"1780470029,137.63889,0.00,4.03,80.91",,,,
e00fce68239f79db42ac9cb5,6/3/2026 3:00:36,,rainfall_0001,"1780470029,89.91944,0.00,4.04,82.05",,,,
e00fce681282837e5d0586e0,6/3/2026 4:00:33,,rainfall,"1780473629,137.64999,0.00,4.03,80.91",,,,
e00fce68239f79db42ac9cb5,6/3/2026 4:00:37,,rainfall_0001,"1780473629,86.57917,0.00,4.04,82.05",,,,
e00fce681282837e5d0586e0,6/3/2026 5:00:32,,rainfall,"1780477229,137.70694,0.00,4.03,80.91",,,,
e00fce68239f79db42ac9cb5,6/3/2026 5:00:39,,rainfall_0001,"1780477229,85.50694,0.00,4.04,82.05",,,,
e00fce681282837e5d0586e0,6/3/2026 6:00:33,,rainfall,"1780480830,137.70833,0.00,4.03,80.91",,,,
e00fce68239f79db42ac9cb5,6/3/2026 6:00:33,,rainfall_0001,"1780480829,85.55695,0.00,4.04,82.05",,,,
e00fce681282837e5d0586e0,6/3/2026 7:00:32,,rainfall,"1780484429,137.69583,0.00,4.03,80.91",,,,
e00fce68239f79db42ac9cb5,6/3/2026 7:07:22,,rainfall_0001,"1780484430,83.52778,0.00,4.04,82.05",,,,
e00fce68239f79db42ac9cb5,6/3/2026 8:00:23,,rainfall_0001,"1780488019,85.35278,0.00,4.04,82.05",,,,
e00fce681282837e5d0586e0,6/3/2026 8:00:32,,rainfall,"1780488029,136.29306,0.00,4.03,80.91",,,,
e00fce681282837e5d0586e0,6/3/2026 9:00:34,,rainfall,"1780491629,135.81250,0.00,4.03,80.91",,,,
e00fce68239f79db42ac9cb5,6/3/2026 9:00:36,,rainfall_0001,"1780491629,81.50694,0.00,4.04,82.05",,,,
e00fce68239f79db42ac9cb5,6/3/2026 10:00:32,,rainfall_0001,"1780495230,80.11667,0.00,4.04,82.05",,,,
e00fce681282837e5d0586e0,6/3/2026 10:00:32,,rainfall,"1780495229,134.86667,0.00,4.03,80.91",,,,
e00fce68239f79db42ac9cb5,6/3/2026 11:00:33,,rainfall_0001,"1780498829,79.38055,0.00,4.04,82.05",,,,
e00fce681282837e5d0586e0,6/3/2026 11:00:38,,rainfall,"1780498829,134.88055,0.00,4.03,80.91",,,,
e00fce681282837e5d0586e0,6/3/2026 12:00:32,,rainfall,"1780502429,134.91112,0.00,4.03,80.91",,,,
e00fce68239f79db42ac9cb5,6/3/2026 12:00:34,,rainfall_0001,"1780502430,77.73473,0.00,4.04,82.05",,,,
e00fce681282837e5d0586e0,6/3/2026 13:00:36,,rainfall,"1780506029,134.59445,0.00,4.03,80.91",,,,
e00fce68239f79db42ac9cb5,6/3/2026 13:00:35,,rainfall_0001,"1780506029,77.81944,0.00,4.04,82.05",,,,
e00fce681282837e5d0586e0,6/3/2026 14:00:35,,rainfall,"1780509629,133.30278,0.00,4.03,80.91",,,,
e00fce68239f79db42ac9cb5,6/3/2026 14:00:36,,rainfall_0001,"1780509629,80.01111,0.00,4.04,82.05",,,,
e00fce68239f79db42ac9cb5,6/3/2026 15:00:31,,rainfall_0001,"1780513229,80.75278,0.00,4.04,82.05",,,,
e00fce681282837e5d0586e0,6/3/2026 15:00:38,,rainfall,"1780513229,134.27222,0.00,4.03,80.91",,,,
e00fce681282837e5d0586e0,6/3/2026 16:00:36,,rainfall,"1780516829,133.64166,0.00,4.03,80.91",,,,
e00fce68239f79db42ac9cb5,6/3/2026 16:00:37,,rainfall_0001,"1780516830,80.31805,0.00,4.04,82.05",,,,
e00fce681282837e5d0586e0,6/3/2026 17:00:33,,rainfall,"1780520430,133.14861,0.00,4.03,80.91",,,,
e00fce68239f79db42ac9cb5,6/3/2026 18:00:32,,rainfall_0001,"1780524029,77.85278,0.00,4.04,82.05",,,,
e00fce681282837e5d0586e0,6/3/2026 18:00:33,,rainfall,"1780524029,132.95000,0.00,4.03,80.91",,,,
e00fce681282837e5d0586e0,6/3/2026 19:00:34,,rainfall,"1780527630,133.34862,0.00,4.03,80.91",,,,
e00fce68239f79db42ac9cb5,6/3/2026 19:00:35,,rainfall_0001,"1780527630,78.25417,0.00,4.04,82.05",,,,
e00fce68239f79db42ac9cb5,6/3/2026 20:00:32,,rainfall_0001,"1780531229,78.08056,0.00,4.04,82.05",,,,
e00fce681282837e5d0586e0,6/3/2026 20:00:37,,rainfall,"1780531229,135.86667,0.00,4.03,80.91",,,,
e00fce68239f79db42ac9cb5,6/3/2026 21:00:32,,rainfall_0001,"1780534829,80.03056,0.00,4.04,82.05",,,,
e00fce681282837e5d0586e0,6/3/2026 21:00:34,,rainfall,"1780534829,136.14583,0.00,4.03,80.91",,,,
e00fce68239f79db42ac9cb5,6/3/2026 22:00:34,,rainfall_0001,"1780538430,82.55556,0.00,4.04,82.05",,,,
e00fce681282837e5d0586e0,6/3/2026 22:00:34,,rainfall,"1780538429,135.86250,0.00,4.03,80.91",,,,
e00fce681282837e5d0586e0,6/3/2026 23:00:34,,rainfall,"1780542030,136.11528,0.00,4.03,80.91",,,,
e00fce68239f79db42ac9cb5,6/3/2026 23:00:35,,rainfall_0001,"1780542029,83.59028,0.00,4.04,82.05",,,,
e00fce68239f79db42ac9cb5,6/4/2026 0:00:33,,rainfall_0001,"1780545630,85.48055,0.00,4.04,82.05",,,,
e00fce681282837e5d0586e0,6/4/2026 0:00:35,,rainfall,"1780545630,137.08333,0.00,4.03,80.91",,,,
e00fce681282837e5d0586e0,6/4/2026 1:00:34,,rainfall,"1780549230,137.34445,0.00,4.03,80.91",,,,
e00fce68239f79db42ac9cb5,6/4/2026 1:07:33,,rainfall_0001,"1780549230,86.24445,0.00,4.04,82.05",,,,
e00fce68239f79db42ac9cb5,6/4/2026 2:00:21,,rainfall_0001,"1780552819,89.89722,0.00,4.04,82.05",,,,
e00fce681282837e5d0586e0,6/4/2026 2:00:34,,rainfall,"1780552829,137.41667,0.00,4.03,80.91",,,,
e00fce68239f79db42ac9cb5,6/4/2026 3:00:34,,rainfall_0001,"1780556430,87.25972,0.00,4.04,82.05",,,,
e00fce681282837e5d0586e0,6/4/2026 3:00:35,,rainfall,"1780556430,137.57500,0.00,4.03,80.91",,,,
e00fce681282837e5d0586e0,6/4/2026 3:00:35,,rainfall,"1780556430,137.57500,0.00,4.03,80.91",,,,
e00fce681282837e5d0586e0,6/4/2026 3:00:35,,rainfall,"1780556430,137.57500,0.00,4.03,80.91",,,,
e00fce681282837e5d0586e0,6/4/2026 4:00:35,,rainfall,"1780560029,137.65834,0.00,4.03,80.91",,,,
e00fce68239f79db42ac9cb5,6/4/2026 4:00:39,,rainfall_0001,"1780560029,85.58611,0.00,4.04,82.05",,,,
e00fce68239f79db42ac9cb5,6/4/2026 5:00:31,,rainfall_0001,"1780563629,85.19028,0.00,4.04,82.05",,,,
e00fce681282837e5d0586e0,6/4/2026 5:00:34,,rainfall,"1780563630,137.74167,0.00,4.03,80.91",,,,
e00fce681282837e5d0586e0,6/4/2026 6:00:34,,rainfall,"1780567229,138.45833,0.00,4.03,80.91",,,,
e00fce68239f79db42ac9cb5,6/4/2026 6:00:36,,rainfall_0001,"1780567230,83.18611,0.00,4.04,82.05",,,,
e00fce68239f79db42ac9cb5,6/4/2026 7:00:32,,rainfall_0001,"1780570830,82.98194,0.00,4.04,82.05",,,,
e00fce681282837e5d0586e0,6/4/2026 7:00:34,,rainfall,"1780570829,137.23889,0.00,4.03,80.91",,,,
e00fce68239f79db42ac9cb5,6/4/2026 8:00:31,,rainfall_0001,"1780574429,84.51250,0.00,4.04,82.05",,,,
e00fce681282837e5d0586e0,6/4/2026 8:00:37,,rainfall,"1780574430,136.85139,0.00,4.03,80.91",,,,
e00fce68239f79db42ac9cb5,6/4/2026 9:00:32,,rainfall_0001,"1780578029,79.72361,0.00,4.04,82.05",,,,
e00fce681282837e5d0586e0,6/4/2026 9:00:37,,rainfall,"1780578029,135.86250,0.00,4.03,80.91",,,,
e00fce681282837e5d0586e0,6/4/2026 10:00:35,,rainfall,"1780581629,135.46805,0.00,4.03,80.91",,,,
e00fce68239f79db42ac9cb5,6/4/2026 10:00:34,,rainfall_0001,"1780581631,79.12917,0.00,4.04,82.05",,,,
e00fce68239f79db42ac9cb5,6/4/2026 11:00:32,,rainfall_0001,"1780585229,77.09861,0.00,4.04,82.05",,,,
e00fce681282837e5d0586e0,6/4/2026 11:07:19,,rainfall,"1780585230,135.00833,0.00,4.03,80.91",,,,
e00fce681282837e5d0586e0,6/4/2026 12:00:22,,rainfall,"1780588819,134.15416,0.00,4.03,80.91",,,,
e00fce68239f79db42ac9cb5,6/4/2026 12:00:32,,rainfall_0001,"1780588829,76.20277,0.00,4.04,82.05",,,,
e00fce68239f79db42ac9cb5,6/4/2026 13:00:32,,rainfall_0001,"1780592430,76.90556,0.00,4.04,82.05",,,,
e00fce681282837e5d0586e0,6/4/2026 13:00:34,,rainfall,"1780592429,134.96111,0.00,4.03,80.91",,,,
e00fce68239f79db42ac9cb5,6/4/2026 14:00:34,,rainfall_0001,"1780596029,78.33889,0.00,4.04,82.05",,,,
e00fce681282837e5d0586e0,6/4/2026 14:00:36,,rainfall,"1780596030,135.27222,0.00,4.03,80.91",,,,
e00fce681282837e5d0586e0,6/4/2026 15:00:32,,rainfall,"1780599630,134.48195,0.00,4.03,80.91",,,,
e00fce68239f79db42ac9cb5,6/4/2026 15:00:38,,rainfall_0001,"1780599629,79.34861,0.00,4.04,82.05",,,,
e00fce68239f79db42ac9cb5,6/4/2026 16:00:32,,rainfall_0001,"1780603229,78.44167,0.00,4.04,82.05",,,,
e00fce681282837e5d0586e0,6/4/2026 16:00:36,,rainfall,"1780603230,133.98195,0.00,4.03,80.91",,,,
e00fce681282837e5d0586e0,6/4/2026 17:00:33,,rainfall,"1780606830,133.59723,0.00,4.03,80.91",,,,
e00fce68239f79db42ac9cb5,6/4/2026 17:07:24,,rainfall_0001,"1780606830,77.50555,0.00,4.04,82.05",,,,
e00fce68239f79db42ac9cb5,6/4/2026 18:00:21,,rainfall_0001,"1780610419,77.71806,0.00,4.04,82.05",,,,
e00fce681282837e5d0586e0,6/4/2026 18:00:34,,rainfall,"1780610429,133.79028,0.00,4.03,80.91",,,,
e00fce68239f79db42ac9cb5,6/4/2026 19:00:31,,rainfall_0001,"1780614029,76.95695,0.00,4.04,82.05",,,,
e00fce681282837e5d0586e0,6/4/2026 19:00:33,,rainfall,"1780614030,133.77083,0.00,4.03,80.91",,,,
e00fce681282837e5d0586e0,6/4/2026 20:00:36,,rainfall,"1780617630,136.87361,0.00,4.03,80.91",,,,
e00fce68239f79db42ac9cb5,6/4/2026 20:07:22,,rainfall_0001,"1780617629,78.17361,0.00,4.04,82.05",,,,
e00fce68239f79db42ac9cb5,6/4/2026 21:00:21,,rainfall_0001,"1780621219,79.59444,0.00,4.04,82.05",,,,
e00fce681282837e5d0586e0,6/4/2026 21:00:38,,rainfall,"1780621230,137.15973,0.00,4.03,80.91",,,,
e00fce68239f79db42ac9cb5,6/4/2026 22:00:32,,rainfall_0001,"1780624830,82.51111,0.00,4.04,82.05",,,,
e00fce681282837e5d0586e0,6/4/2026 22:00:37,,rainfall,"1780624830,137.10001,0.00,4.03,80.91",,,,
e00fce68239f79db42ac9cb5,6/4/2026 23:00:36,,rainfall_0001,"1780628430,83.02778,0.00,4.04,82.05",,,,
e00fce681282837e5d0586e0,6/4/2026 23:00:36,,rainfall,"1780628429,138.29584,0.00,4.03,80.91",,,,
e00fce681282837e5d0586e0,6/5/2026 0:00:33,,rainfall,"1780632029,138.41528,0.00,4.03,80.91",,,,
e00fce68239f79db42ac9cb5,6/5/2026 0:00:36,,rainfall_0001,"1780632030,85.38055,0.00,4.04,82.05",,,,
e00fce681282837e5d0586e0,6/5/2026 1:00:33,,rainfall,"1780635630,138.65695,0.00,4.03,80.91",,,,
e00fce68239f79db42ac9cb5,6/5/2026 1:00:34,,rainfall_0001,"1780635630,86.02084,0.00,4.04,82.05",,,,
e00fce68239f79db42ac9cb5,6/5/2026 2:00:32,,rainfall_0001,"1780639230,88.93472,0.00,4.04,82.05",,,,
e00fce681282837e5d0586e0,6/5/2026 2:00:36,,rainfall,"1780639230,138.47084,0.00,4.03,80.91",,,,
e00fce68239f79db42ac9cb5,6/5/2026 3:00:33,,rainfall_0001,"1780642830,86.19167,0.00,4.04,81.89",,,,
e00fce681282837e5d0586e0,6/5/2026 3:00:36,,rainfall,"1780642830,139.52499,0.00,4.03,80.91",,,,
e00fce681282837e5d0586e0,6/5/2026 4:00:36,,rainfall,"1780646431,138.64305,0.00,4.03,80.91",,,,
e00fce68239f79db42ac9cb5,6/5/2026 4:07:26,,rainfall_0001,"1780646429,86.05417,0.00,4.04,81.89",,,,
e00fce68239f79db42ac9cb5,6/5/2026 5:00:20,,rainfall_0001,"1780650018,85.52222,0.00,4.04,81.89",,,,
e00fce681282837e5d0586e0,6/5/2026 5:00:34,,rainfall,"1780650030,138.85278,0.00,4.03,80.91",,,,
e00fce68239f79db42ac9cb5,6/5/2026 6:00:35,,rainfall_0001,"1780653630,83.57222,0.00,4.04,81.89",,,,
e00fce681282837e5d0586e0,6/5/2026 6:00:36,,rainfall,"1780653629,138.63194,0.00,4.03,80.91",,,,
e00fce68239f79db42ac9cb5,6/5/2026 7:00:32,,rainfall_0001,"1780657230,83.13750,0.00,4.04,81.89",,,,
e00fce681282837e5d0586e0,6/5/2026 7:08:59,,rainfall,"1780657230,138.68333,0.00,4.03,80.91",,,,
e00fce68239f79db42ac9cb5,6/5/2026 8:00:32,,rainfall_0001,"1780660829,81.77084,0.00,4.04,81.89",,,,
e00fce681282837e5d0586e0,6/5/2026 8:02:03,,rainfall,"1780660830,137.00139,0.00,4.03,80.91",,,,
e00fce681282837e5d0586e0,6/5/2026 9:00:25,,rainfall,"1780664419,136.55417,0.00,4.03,80.91",,,,
e00fce68239f79db42ac9cb5,6/5/2026 9:00:32,,rainfall_0001,"1780664429,79.59306,0.00,4.04,81.89",,,,
e00fce68239f79db42ac9cb5,6/5/2026 10:00:31,,rainfall_0001,"1780668029,78.93056,0.00,4.04,81.89",,,,
e00fce681282837e5d0586e0,6/5/2026 10:00:34,,rainfall,"1780668029,136.11528,0.00,4.03,80.91",,,,
e00fce68239f79db42ac9cb5,6/5/2026 11:00:32,,rainfall_0001,"1780671629,77.16944,0.00,4.04,81.89",,,,
e00fce681282837e5d0586e0,6/5/2026 11:00:36,,rainfall,"1780671630,134.89861,0.00,4.03,80.91",,,,
e00fce68239f79db42ac9cb5,6/5/2026 12:00:32,,rainfall_0001,"1780675230,76.03889,0.00,4.04,81.89",,,,
e00fce681282837e5d0586e0,6/5/2026 12:00:35,,rainfall,"1780675229,135.06667,0.00,4.03,80.91",,,,
e00fce68239f79db42ac9cb5,6/5/2026 13:00:35,,rainfall_0001,"1780678830,75.65972,0.00,4.04,81.89",,,,
e00fce681282837e5d0586e0,6/5/2026 13:00:34,,rainfall,"1780678830,134.97917,0.00,4.03,80.91",,,,
e00fce68239f79db42ac9cb5,6/5/2026 14:00:32,,rainfall_0001,"1780682430,77.25972,0.00,4.04,81.89",,,,
e00fce681282837e5d0586e0,6/5/2026 14:00:34,,rainfall,"1780682429,134.86945,0.00,4.03,80.91",,,,
e00fce68239f79db42ac9cb5,6/5/2026 15:00:34,,rainfall_0001,"1780686029,78.47222,0.00,4.04,81.89",,,,
e00fce681282837e5d0586e0,6/5/2026 15:00:35,,rainfall,"1780686029,134.34862,0.00,4.03,80.91",,,,
e00fce681282837e5d0586e0,6/5/2026 16:00:34,,rainfall,"1780689629,133.95139,0.00,4.03,80.91",,,,
e00fce68239f79db42ac9cb5,6/5/2026 16:00:35,,rainfall_0001,"1780689630,77.45417,0.00,4.04,81.89",,,,
e00fce68239f79db42ac9cb5,6/5/2026 17:00:33,,rainfall_0001,"1780693229,77.30695,0.00,4.04,81.89",,,,
e00fce681282837e5d0586e0,6/5/2026 17:00:39,,rainfall,"1780693230,133.61945,0.00,4.03,80.91",,,,
e00fce68239f79db42ac9cb5,6/5/2026 18:00:34,,rainfall_0001,"1780696829,76.89722,0.00,4.04,81.89",,,,
e00fce681282837e5d0586e0,6/5/2026 18:00:34,,rainfall,"1780696829,133.34723,0.00,4.03,80.91",,,,
e00fce681282837e5d0586e0,6/5/2026 19:00:34,,rainfall,"1780700429,133.97917,0.00,4.03,80.91",,,,
e00fce68239f79db42ac9cb5,6/5/2026 19:00:42,,rainfall_0001,"1780700429,76.51250,0.00,4.04,81.89",,,,
e00fce68239f79db42ac9cb5,6/5/2026 20:00:35,,rainfall_0001,"1780704030,77.94444,0.00,4.04,81.89",,,,
e00fce681282837e5d0586e0,6/5/2026 20:00:36,,rainfall,"1780704029,136.59445,0.00,4.03,80.91",,,,
e00fce68239f79db42ac9cb5,6/5/2026 21:00:33,,rainfall_0001,"1780707630,79.37500,0.00,4.04,81.89",,,,
e00fce681282837e5d0586e0,6/5/2026 21:00:37,,rainfall,"1780707630,137.26805,0.00,4.03,80.91",,,,
e00fce68239f79db42ac9cb5,6/5/2026 22:00:33,,rainfall_0001,"1780711230,82.03611,0.00,4.04,81.89",,,,
e00fce681282837e5d0586e0,6/5/2026 22:00:38,,rainfall,"1780711230,138.01389,0.00,4.03,80.91",,,,
e00fce68239f79db42ac9cb5,6/5/2026 23:00:35,,rainfall_0001,"1780714830,82.40000,0.00,4.04,81.89",,,,
e00fce681282837e5d0586e0,6/5/2026 23:00:38,,rainfall,"1780714829,137.95139,0.00,4.03,80.91",,,,
e00fce68239f79db42ac9cb5,6/6/2026 0:00:33,,rainfall_0001,"1780718429,85.51250,0.00,4.04,81.89",,,,
e00fce681282837e5d0586e0,6/6/2026 0:00:35,,rainfall,"1780718429,138.22501,0.00,4.03,80.91",,,,
e00fce681282837e5d0586e0,6/6/2026 1:00:35,,rainfall,"1780722029,138.16945,0.00,4.03,80.91",,,,
e00fce68239f79db42ac9cb5,6/6/2026 1:00:35,,rainfall_0001,"1780722029,87.19583,0.00,4.04,81.89",,,,
e00fce68239f79db42ac9cb5,6/6/2026 2:00:37,,rainfall_0001,"1780725629,87.60416,0.00,4.04,81.89",,,,
e00fce681282837e5d0586e0,6/6/2026 2:00:38,,rainfall,"1780725630,138.23334,0.00,4.03,80.91",,,,
e00fce68239f79db42ac9cb5,6/6/2026 3:00:34,,rainfall_0001,"1780729230,90.54305,0.00,4.04,81.89",,,,
e00fce681282837e5d0586e0,6/6/2026 3:00:35,,rainfall,"1780729229,138.33055,0.00,4.03,80.91",,,,
e00fce681282837e5d0586e0,6/6/2026 4:00:36,,rainfall,"1780732830,139.13472,0.00,4.03,80.91",,,,
e00fce68239f79db42ac9cb5,6/6/2026 4:00:36,,rainfall_0001,"1780732829,92.82222,0.00,4.04,81.89",,,,
e00fce681282837e5d0586e0,6/6/2026 5:00:36,,rainfall,"1780736430,139.13333,0.00,4.03,80.91",,,,
e00fce68239f79db42ac9cb5,6/6/2026 5:00:35,,rainfall_0001,"1780736430,93.87778,0.00,4.04,81.89",,,,
e00fce68239f79db42ac9cb5,6/6/2026 6:00:33,,rainfall_0001,"1780740030,95.29723,0.00,4.04,81.89",,,,
e00fce681282837e5d0586e0,6/6/2026 6:00:35,,rainfall,"1780740029,139.14999,0.00,4.03,80.91",,,,
e00fce68239f79db42ac9cb5,6/6/2026 7:00:33,,rainfall_0001,"1780743630,95.51667,0.00,4.04,81.89",,,,
e00fce681282837e5d0586e0,6/6/2026 7:00:41,,rainfall,"1780743629,139.04028,0.00,4.03,80.91",,,,
e00fce68239f79db42ac9cb5,6/6/2026 8:00:35,,rainfall_0001,"1780747230,95.35000,0.00,4.04,81.89",,,,
e00fce681282837e5d0586e0,6/6/2026 8:00:38,,rainfall,"1780747229,137.80833,0.00,4.03,80.91",,,,
e00fce68239f79db42ac9cb5,6/6/2026 9:00:33,,rainfall_0001,"1780750829,96.87222,0.00,4.04,81.89",,,,
e00fce681282837e5d0586e0,6/6/2026 9:00:37,,rainfall,"1780750830,137.50278,0.00,4.03,80.91",,,,
e00fce681282837e5d0586e0,6/6/2026 10:00:36,,rainfall,"1780754429,136.36806,0.00,4.03,80.91",,,,
e00fce68239f79db42ac9cb5,6/6/2026 10:00:35,,rainfall_0001,"1780754429,97.32222,0.00,4.04,81.89",,,,
e00fce681282837e5d0586e0,6/6/2026 11:00:36,,rainfall,"1780758029,136.37500,0.00,4.03,80.91",,,,
e00fce68239f79db42ac9cb5,6/6/2026 11:00:37,,rainfall_0001,"1780758029,99.15278,0.00,4.04,81.89",,,,
e00fce68239f79db42ac9cb5,6/6/2026 12:00:35,,rainfall_0001,"1780761629,99.82222,0.00,4.04,81.89",,,,
e00fce681282837e5d0586e0,6/6/2026 12:00:40,,rainfall,"1780761630,135.81528,0.00,4.03,80.91",,,,
e00fce681282837e5d0586e0,6/6/2026 13:00:35,,rainfall,"1780765228,136.19028,0.00,4.03,80.91",,,,
e00fce68239f79db42ac9cb5,6/6/2026 13:00:35,,rainfall_0001,"1780765230,100.49167,0.00,4.04,81.89",,,,
e00fce68239f79db42ac9cb5,6/6/2026 14:00:34,,rainfall_0001,"1780768830,101.27778,0.00,4.04,81.89",,,,
e00fce681282837e5d0586e0,6/6/2026 14:00:37,,rainfall,"1780768829,134.59862,0.00,4.03,80.91",,,,
e00fce68239f79db42ac9cb5,6/6/2026 15:00:33,,rainfall_0001,"1780772429,103.30695,0.00,4.04,81.89",,,,
e00fce681282837e5d0586e0,6/6/2026 15:00:36,,rainfall,"1780772429,135.34584,0.00,4.03,80.75",,,,
e00fce68239f79db42ac9cb5,6/6/2026 16:00:35,,rainfall_0001,"1780776030,105.25555,0.00,4.04,81.89",,,,
e00fce681282837e5d0586e0,6/6/2026 16:00:43,,rainfall,"1780776030,135.78889,0.00,4.03,80.75",,,,
e00fce68239f79db42ac9cb5,6/6/2026 17:00:34,,rainfall_0001,"1780779630,106.06805,0.00,4.04,81.89",,,,
e00fce681282837e5d0586e0,6/6/2026 17:00:38,,rainfall,"1780779630,136.07639,0.00,4.03,80.75",,,,
e00fce681282837e5d0586e0,6/6/2026 18:00:38,,rainfall,"1780783229,135.74583,0.00,4.03,80.75",,,,
e00fce68239f79db42ac9cb5,6/6/2026 18:00:39,,rainfall_0001,"1780783229,109.75555,0.00,4.04,81.89",,,,
e00fce68239f79db42ac9cb5,6/6/2026 19:00:36,,rainfall_0001,"1780786829,113.40556,0.00,4.04,81.89",,,,
e00fce681282837e5d0586e0,6/6/2026 19:00:39,,rainfall,"1780786829,136.18333,0.00,4.03,80.75",,,,
e00fce681282837e5d0586e0,6/6/2026 20:00:36,,rainfall,"1780790428,137.49861,0.00,4.03,80.75",,,,
e00fce68239f79db42ac9cb5,6/6/2026 20:00:39,,rainfall_0001,"1780790430,115.48055,0.00,4.04,81.89",,,,
e00fce68239f79db42ac9cb5,6/6/2026 21:00:35,,rainfall_0001,"1780794029,116.20695,0.00,4.04,81.89",,,,
e00fce681282837e5d0586e0,6/6/2026 21:00:37,,rainfall,"1780794030,137.74028,0.00,4.03,80.75",,,,
e00fce681282837e5d0586e0,6/6/2026 22:00:37,,rainfall,"1780797629,138.36389,0.00,4.03,80.75",,,,
e00fce68239f79db42ac9cb5,6/6/2026 22:07:29,,rainfall_0001,"1780797629,117.04583,0.00,4.04,81.89",,,,
e00fce68239f79db42ac9cb5,6/6/2026 23:00:22,,rainfall_0001,"1780801219,116.45277,0.00,4.04,81.89",,,,
e00fce681282837e5d0586e0,6/6/2026 23:00:38,,rainfall,"1780801230,138.95139,0.00,4.03,80.75",,,,
e00fce68239f79db42ac9cb5,6/7/2026 0:00:32,,rainfall_0001,"1780804829,116.85555,0.00,4.04,81.89",,,,
e00fce681282837e5d0586e0,6/7/2026 0:07:36,,rainfall,"1780804830,138.93333,0.00,4.03,80.75",,,,
e00fce681282837e5d0586e0,6/7/2026 1:00:20,,rainfall,"1780808419,138.89999,0.00,4.03,80.75",,,,
e00fce68239f79db42ac9cb5,6/7/2026 1:00:31,,rainfall_0001,"1780808429,117.25555,0.00,4.04,81.89",,,,
e00fce681282837e5d0586e0,6/7/2026 2:00:32,,rainfall,"1780812030,138.95139,0.00,4.03,80.75",,,,
e00fce68239f79db42ac9cb5,6/7/2026 2:00:34,,rainfall_0001,"1780812029,123.20139,0.00,4.04,81.89",,,,
e00fce68239f79db42ac9cb5,6/7/2026 3:00:32,,rainfall_0001,"1780815629,119.90139,0.00,4.04,81.89",,,,
e00fce681282837e5d0586e0,6/7/2026 3:00:31,,rainfall,"1780815629,138.90555,0.00,4.03,80.75",,,,
e00fce681282837e5d0586e0,6/7/2026 4:00:31,,rainfall,"1780819229,139.22223,0.00,4.03,80.75",,,,
e00fce68239f79db42ac9cb5,6/7/2026 4:00:32,,rainfall_0001,"1780819230,121.66666,0.00,4.04,81.73",,,,
e00fce681282837e5d0586e0,6/7/2026 5:00:31,,rainfall,"1780822829,139.04861,0.00,4.03,80.75",,,,
e00fce68239f79db42ac9cb5,6/7/2026 5:00:36,,rainfall_0001,"1780822830,120.41944,0.00,4.04,81.73",,,,
e00fce68239f79db42ac9cb5,6/7/2026 6:00:32,,rainfall_0001,"1780826429,121.61250,0.00,4.04,81.73",,,,
e00fce681282837e5d0586e0,6/7/2026 6:00:33,,rainfall,"1780826430,139.18750,0.00,4.03,80.75",,,,
e00fce681282837e5d0586e0,6/7/2026 7:00:31,,rainfall,"1780830029,139.13889,0.00,4.03,80.75",,,,
e00fce68239f79db42ac9cb5,6/7/2026 7:00:39,,rainfall_0001,"1780830030,125.01389,0.00,4.04,81.73",,,,
e00fce681282837e5d0586e0,6/7/2026 8:00:31,,rainfall,"1780833629,138.91528,0.00,4.03,80.75",,,,
e00fce68239f79db42ac9cb5,6/7/2026 8:00:33,,rainfall_0001,"1780833630,119.84722,0.00,4.04,81.73",,,,
e00fce68239f79db42ac9cb5,6/7/2026 9:00:33,,rainfall_0001,"1780837230,119.90000,0.00,4.04,81.73",,,,
e00fce681282837e5d0586e0,6/7/2026 9:00:35,,rainfall,"1780837230,137.88333,0.00,4.03,80.75",,,,
e00fce68239f79db42ac9cb5,6/7/2026 10:00:34,,rainfall_0001,"1780840830,119.70277,0.00,4.04,81.73",,,,
e00fce681282837e5d0586e0,6/7/2026 10:00:35,,rainfall,"1780840829,137.30695,0.00,4.03,80.75",,,,
e00fce68239f79db42ac9cb5,6/7/2026 11:00:34,,rainfall_0001,"1780844430,121.38055,0.00,4.04,81.73",,,,
e00fce681282837e5d0586e0,6/7/2026 11:00:32,,rainfall,"1780844430,137.14444,0.00,4.03,80.75",,,,
e00fce68239f79db42ac9cb5,6/7/2026 12:00:33,,rainfall_0001,"1780848029,121.20834,0.00,4.04,81.73",,,,
e00fce681282837e5d0586e0,6/7/2026 12:00:35,,rainfall,"1780848029,137.07361,0.00,4.03,80.75",,,,
e00fce681282837e5d0586e0,6/7/2026 13:00:34,,rainfall,"1780851629,136.93056,0.00,4.03,80.75",,,,
e00fce68239f79db42ac9cb5,6/7/2026 13:07:40,,rainfall_0001,"1780851630,121.44583,0.00,4.04,81.73",,,,
e00fce68239f79db42ac9cb5,6/7/2026 14:00:22,,rainfall_0001,"1780855219,121.67917,0.00,4.04,81.89",,,,
e00fce681282837e5d0586e0,6/7/2026 14:00:35,,rainfall,"1780855229,135.80833,0.00,4.03,80.75",,,,
e00fce681282837e5d0586e0,6/7/2026 15:00:32,,rainfall,"1780858829,135.55695,0.00,4.03,80.75",,,,
e00fce68239f79db42ac9cb5,6/7/2026 15:00:36,,rainfall_0001,"1780858830,123.50972,0.00,4.04,81.73",,,,
e00fce68239f79db42ac9cb5,6/7/2026 16:00:31,,rainfall_0001,"1780862429,123.71111,0.00,4.04,81.73",,,,
e00fce681282837e5d0586e0,6/7/2026 16:00:36,,rainfall,"1780862430,136.18750,0.00,4.03,80.75",,,,
e00fce681282837e5d0586e0,6/7/2026 17:00:33,,rainfall,"1780866030,135.55972,0.00,4.03,80.75",,,,
e00fce68239f79db42ac9cb5,6/7/2026 17:00:32,,rainfall_0001,"1780866030,124.69444,0.00,4.04,81.73",,,,
e00fce681282837e5d0586e0,6/7/2026 18:00:33,,rainfall,"1780869630,136.62361,0.00,4.03,80.75",,,,
e00fce68239f79db42ac9cb5,6/7/2026 18:00:36,,rainfall_0001,"1780869630,127.28889,0.00,4.04,81.73",,,,
e00fce68239f79db42ac9cb5,6/7/2026 19:00:32,,rainfall_0001,"1780873229,130.22084,0.00,4.04,81.73",,,,
e00fce681282837e5d0586e0,6/7/2026 19:00:35,,rainfall,"1780873229,137.85001,0.00,4.03,80.75",,,,
e00fce681282837e5d0586e0,6/7/2026 20:00:34,,rainfall,"1780876830,138.82222,0.00,4.03,80.75",,,,
e00fce68239f79db42ac9cb5,6/7/2026 20:00:36,,rainfall_0001,"1780876830,130.57777,0.00,4.04,81.73",,,,
e00fce68239f79db42ac9cb5,6/7/2026 21:00:32,,rainfall_0001,"1780880430,131.12222,0.00,4.04,81.73",,,,
e00fce681282837e5d0586e0,6/7/2026 21:00:34,,rainfall,"1780880430,138.32083,0.00,4.03,80.75",,,,
e00fce68239f79db42ac9cb5,6/7/2026 22:00:32,,rainfall_0001,"1780884029,130.84027,0.00,4.04,81.73",,,,
e00fce681282837e5d0586e0,6/7/2026 22:00:38,,rainfall,"1780884029,138.95694,0.00,4.03,80.75",,,,
e00fce68239f79db42ac9cb5,6/7/2026 22:00:32,,rainfall_0001,"1780884029,130.84027,0.00,4.04,81.73",,,,
e00fce68239f79db42ac9cb5,6/7/2026 23:00:33,,rainfall_0001,"1780887630,131.05417,0.00,4.04,81.73",,,,
e00fce681282837e5d0586e0,6/7/2026 23:07:09,,rainfall,"1780887630,138.98195,0.00,4.03,80.75",,,,
e00fce681282837e5d0586e0,6/8/2026 0:00:22,,rainfall,"1780891220,139.09305,0.00,4.03,80.75",,,,
e00fce68239f79db42ac9cb5,6/8/2026 0:00:33,,rainfall_0001,"1780891230,130.98056,0.00,4.04,81.73",,,,
e00fce681282837e5d0586e0,6/8/2026 1:00:32,,rainfall,"1780894830,139.92778,0.00,4.03,80.75",,,,
e00fce68239f79db42ac9cb5,6/8/2026 1:00:34,,rainfall_0001,"1780894829,131.01111,0.00,4.04,81.73",,,,
e00fce68239f79db42ac9cb5,6/8/2026 2:00:32,,rainfall_0001,"1780898429,130.87917,0.00,4.04,81.73",,,,
e00fce681282837e5d0586e0,6/8/2026 2:00:32,,rainfall,"1780898430,139.73889,0.00,4.03,80.75",,,,
e00fce68239f79db42ac9cb5,6/8/2026 3:00:35,,rainfall_0001,"1780902030,125.00000,0.00,4.04,81.73",,,,
e00fce681282837e5d0586e0,6/8/2026 3:00:38,,rainfall,"1780902030,139.87500,0.00,4.03,80.75",,,,
e00fce681282837e5d0586e0,6/8/2026 4:00:31,,rainfall,"1780905629,140.02361,0.00,4.03,80.75",,,,
e00fce68239f79db42ac9cb5,6/8/2026 4:00:36,,rainfall_0001,"1780905629,118.50139,0.00,4.04,81.73",,,,
e00fce68239f79db42ac9cb5,6/8/2026 5:00:32,,rainfall_0001,"1780909229,116.53611,0.00,4.04,81.73",,,,
e00fce681282837e5d0586e0,6/8/2026 5:00:32,,rainfall,"1780909230,139.94028,0.00,4.03,80.75",,,,
e00fce681282837e5d0586e0,6/8/2026 6:00:36,,rainfall,"1780912829,140.20277,0.00,4.03,80.75",,,,
e00fce68239f79db42ac9cb5,6/8/2026 6:07:23,,rainfall_0001,"1780912829,115.17778,0.00,4.04,81.73",,,,
e00fce68239f79db42ac9cb5,6/8/2026 7:00:25,,rainfall_0001,"1780916420,106.05000,0.00,4.04,81.73",,,,
e00fce681282837e5d0586e0,6/8/2026 7:00:36,,rainfall,"1780916429,139.88333,0.00,4.03,80.75",,,,
e00fce681282837e5d0586e0,6/8/2026 8:00:32,,rainfall,"1780920029,139.66528,0.00,4.03,80.75",,,,
e00fce68239f79db42ac9cb5,6/8/2026 8:00:34,,rainfall_0001,"1780920029,106.49445,0.00,4.04,81.73",,,,
e00fce681282837e5d0586e0,6/8/2026 9:00:34,,rainfall,"1780923630,138.95139,0.00,4.03,80.75",,,,
e00fce68239f79db42ac9cb5,6/8/2026 9:07:27,,rainfall_0001,"1780923629,104.01111,0.00,4.04,81.73",,,,
e00fce68239f79db42ac9cb5,6/8/2026 10:00:21,,rainfall_0001,"1780927219,100.29723,0.00,4.04,81.73",,,,
e00fce681282837e5d0586e0,6/8/2026 10:00:32,,rainfall,"1780927229,138.48334,0.00,4.03,80.75",,,,
e00fce681282837e5d0586e0,6/8/2026 11:00:33,,rainfall,"1780930830,136.90555,0.00,4.03,80.75",,,,
e00fce68239f79db42ac9cb5,6/8/2026 11:00:36,,rainfall_0001,"1780930830,99.08334,0.00,4.04,81.73",,,,
e00fce681282837e5d0586e0,6/8/2026 12:00:34,,rainfall,"1780934429,136.81805,0.00,4.03,80.75",,,,
e00fce68239f79db42ac9cb5,6/8/2026 12:00:35,,rainfall_0001,"1780934430,97.22083,0.00,4.04,81.73",,,,
e00fce681282837e5d0586e0,6/8/2026 13:00:36,,rainfall,"1780938030,137.79028,0.00,4.03,80.75",,,,
e00fce68239f79db42ac9cb5,6/8/2026 13:00:35,,rainfall_0001,"1780938030,95.36806,0.00,4.04,81.73",,,,
e00fce68239f79db42ac9cb5,6/8/2026 14:00:32,,rainfall_0001,"1780941630,95.92639,0.00,4.04,81.73",,,,
e00fce681282837e5d0586e0,6/8/2026 14:00:32,,rainfall,"1780941629,137.01250,0.00,4.03,80.75",,,,
e00fce681282837e5d0586e0,6/8/2026 15:00:33,,rainfall,"1780945230,137.54028,0.00,4.03,80.75",,,,
e00fce68239f79db42ac9cb5,6/8/2026 15:00:33,,rainfall_0001,"1780945229,96.11806,0.00,4.04,81.73",,,,
e00fce68239f79db42ac9cb5,6/8/2026 16:00:31,,rainfall_0001,"1780948829,94.14306,0.00,4.04,81.73",,,,
e00fce681282837e5d0586e0,6/8/2026 16:00:33,,rainfall,"1780948829,137.49583,0.00,4.03,80.75",,,,
e00fce681282837e5d0586e0,6/8/2026 17:00:34,,rainfall,"1780952430,137.49167,0.00,4.03,80.75",,,,
e00fce68239f79db42ac9cb5,6/8/2026 17:00:37,,rainfall_0001,"1780952429,93.19305,0.00,4.04,81.73",,,,
e00fce68239f79db42ac9cb5,6/8/2026 18:00:35,,rainfall_0001,"1780956029,93.05833,0.00,4.04,81.73",,,,
e00fce681282837e5d0586e0,6/8/2026 18:00:36,,rainfall,"1780956029,138.85834,0.00,4.03,80.75",,,,
e00fce68239f79db42ac9cb5,6/8/2026 19:00:34,,rainfall_0001,"1780959629,92.07777,0.00,4.04,81.73",,,,
e00fce681282837e5d0586e0,6/8/2026 19:00:35,,rainfall,"1780959629,138.98056,0.00,4.03,80.75",,,,
e00fce68239f79db42ac9cb5,6/8/2026 20:00:33,,rainfall_0001,"1780963230,92.10278,0.00,4.04,81.73",,,,
e00fce681282837e5d0586e0,6/8/2026 20:00:33,,rainfall,"1780963229,139.63194,0.00,4.03,80.75",,,,
e00fce68239f79db42ac9cb5,6/8/2026 21:00:37,,rainfall_0001,"1780966829,93.80000,0.00,4.04,81.73",,,,
e00fce681282837e5d0586e0,6/8/2026 21:00:36,,rainfall,"1780966830,139.71249,0.00,4.03,80.75",,,,
e00fce681282837e5d0586e0,6/8/2026 22:00:33,,rainfall,"1780970429,140.32916,0.00,4.03,80.75",,,,
e00fce68239f79db42ac9cb5,6/8/2026 22:00:33,,rainfall_0001,"1780970429,95.64722,0.00,4.04,81.73",,,,
e00fce68239f79db42ac9cb5,6/8/2026 23:00:33,,rainfall_0001,"1780974030,97.05972,0.00,4.04,81.73",,,,
e00fce681282837e5d0586e0,6/8/2026 23:00:34,,rainfall,"1780974030,140.87083,0.00,4.03,80.75",,,,
e00fce68239f79db42ac9cb5,6/9/2026 0:00:32,,rainfall_0001,"1780977629,98.15556,0.00,4.04,81.73",,,,
e00fce681282837e5d0586e0,6/9/2026 0:00:36,,rainfall,"1780977629,141.12500,0.00,4.03,80.75",,,,
e00fce68239f79db42ac9cb5,6/9/2026 1:00:32,,rainfall_0001,"1780981229,100.56111,0.00,4.04,81.73",,,,
e00fce681282837e5d0586e0,6/9/2026 1:00:36,,rainfall,"1780981230,141.04306,0.00,4.03,80.75",,,,
e00fce681282837e5d0586e0,6/9/2026 2:00:34,,rainfall,"1780984830,141.15138,0.00,4.03,80.75",,,,
e00fce68239f79db42ac9cb5,6/9/2026 2:00:34,,rainfall_0001,"1780984831,100.56250,0.00,4.04,81.73",,,,
e00fce681282837e5d0586e0,6/9/2026 3:00:36,,rainfall,"1780988430,141.18333,0.00,4.03,80.75",,,,
e00fce68239f79db42ac9cb5,6/9/2026 3:00:35,,rainfall_0001,"1780988430,98.06667,0.00,4.04,81.73",,,,
e00fce68239f79db42ac9cb5,6/9/2026 4:00:34,,rainfall_0001,"1780992030,97.27639,0.00,4.04,81.73",,,,
e00fce681282837e5d0586e0,6/9/2026 4:00:34,,rainfall,"1780992030,141.14583,0.00,4.03,80.75",,,,
e00fce681282837e5d0586e0,6/9/2026 5:00:34,,rainfall,"1780995629,141.08333,0.00,4.03,80.75",,,,
e00fce68239f79db42ac9cb5,6/9/2026 5:00:32,,rainfall_0001,"1780995629,95.96250,0.00,4.04,81.73",,,,
e00fce68239f79db42ac9cb5,6/9/2026 6:00:33,,rainfall_0001,"1780999230,94.10416,0.00,4.04,81.73",,,,
e00fce681282837e5d0586e0,6/9/2026 6:00:36,,rainfall,"1780999230,141.28889,0.00,4.03,80.75",,,,
e00fce68239f79db42ac9cb5,6/9/2026 7:00:33,,rainfall_0001,"1781002829,92.37778,0.00,4.04,81.73",,,,
e00fce681282837e5d0586e0,6/9/2026 7:00:36,,rainfall,"1781002830,141.96527,0.00,4.03,80.75",,,,
e00fce68239f79db42ac9cb5,6/9/2026 8:00:34,,rainfall_0001,"1781006430,93.89027,0.00,4.04,81.73",,,,
e00fce681282837e5d0586e0,6/9/2026 8:00:37,,rainfall,"1781006429,141.97501,0.00,4.03,80.75",,,,
e00fce68239f79db42ac9cb5,6/9/2026 9:00:34,,rainfall_0001,"1781010030,92.19583,0.00,4.04,81.73",,,,
e00fce681282837e5d0586e0,6/9/2026 9:00:35,,rainfall,"1781010030,140.77083,0.00,4.03,80.75",,,,
e00fce68239f79db42ac9cb5,6/9/2026 10:00:36,,rainfall_0001,"1781013630,89.44722,0.00,4.04,81.73",,,,
e00fce681282837e5d0586e0,6/9/2026 10:00:37,,rainfall,"1781013630,140.60417,0.00,4.03,80.75",,,,
e00fce68239f79db42ac9cb5,6/9/2026 11:00:33,,rainfall_0001,"1781017229,87.63472,0.00,4.04,81.73",,,,
e00fce681282837e5d0586e0,6/9/2026 11:00:37,,rainfall,"1781017230,141.03334,0.00,4.03,80.75",,,,
e00fce681282837e5d0586e0,6/9/2026 12:00:35,,rainfall,"1781020829,140.48334,0.00,4.03,80.75",,,,
e00fce68239f79db42ac9cb5,6/9/2026 12:00:36,,rainfall_0001,"1781020830,85.29028,0.00,4.04,81.73",,,,
e00fce68239f79db42ac9cb5,6/9/2026 13:00:33,,rainfall_0001,"1781024430,84.76111,0.00,4.04,81.73",,,,
e00fce681282837e5d0586e0,6/9/2026 13:00:35,,rainfall,"1781024430,140.32083,0.00,4.03,80.75",,,,
e00fce681282837e5d0586e0,6/9/2026 14:00:35,,rainfall,"1781028030,139.94583,0.00,4.03,80.75",,,,
e00fce68239f79db42ac9cb5,6/9/2026 14:00:35,,rainfall_0001,"1781028030,87.49861,0.00,4.04,81.73",,,,
e00fce68239f79db42ac9cb5,6/9/2026 15:00:33,,rainfall_0001,"1781031629,87.29444,0.00,4.04,81.73",,,,
e00fce681282837e5d0586e0,6/9/2026 15:00:36,,rainfall,"1781031629,139.36111,0.00,4.03,80.75",,,,
e00fce681282837e5d0586e0,6/9/2026 16:00:35,,rainfall,"1781035228,139.37222,0.00,4.03,80.75",,,,
e00fce68239f79db42ac9cb5,6/9/2026 16:00:34,,rainfall_0001,"1781035230,85.21250,0.00,4.04,81.73",,,,
e00fce68239f79db42ac9cb5,6/9/2026 17:00:34,,rainfall_0001,"1781038829,84.74445,0.00,4.04,81.73",,,,
e00fce681282837e5d0586e0,6/9/2026 17:00:35,,rainfall,"1781038830,139.04306,0.00,4.03,80.75",,,,
e00fce681282837e5d0586e0,6/9/2026 18:00:35,,rainfall,"1781042429,139.37083,0.00,4.03,80.75",,,,
e00fce68239f79db42ac9cb5,6/9/2026 18:00:38,,rainfall_0001,"1781042430,85.07917,0.00,4.04,81.73",,,,
e00fce681282837e5d0586e0,6/9/2026 19:00:35,,rainfall,"1781046029,139.98889,0.00,4.03,80.75",,,,
e00fce68239f79db42ac9cb5,6/9/2026 19:00:36,,rainfall_0001,"1781046030,82.10833,0.00,4.04,81.73",,,,
e00fce68239f79db42ac9cb5,6/9/2026 20:00:34,,rainfall_0001,"1781049630,84.34028,0.00,4.04,81.73",,,,
e00fce681282837e5d0586e0,6/9/2026 20:00:36,,rainfall,"1781049629,140.76250,0.00,4.03,80.75",,,,
e00fce68239f79db42ac9cb5,6/9/2026 21:00:33,,rainfall_0001,"1781053229,85.52500,0.00,4.04,81.73",,,,
e00fce681282837e5d0586e0,6/9/2026 21:00:38,,rainfall,"1781053229,140.92778,0.00,4.03,80.75",,,,
e00fce68239f79db42ac9cb5,6/9/2026 22:00:35,,rainfall_0001,"1781056830,86.87083,0.00,4.04,81.73",,,,
e00fce681282837e5d0586e0,6/9/2026 22:00:38,,rainfall,"1781056830,141.50555,0.00,4.03,80.75",,,,
e00fce68239f79db42ac9cb5,6/9/2026 23:00:38,,rainfall_0001,"1781060431,90.32222,0.00,4.04,81.73",,,,
e00fce681282837e5d0586e0,6/9/2026 23:00:40,,rainfall,"1781060430,142.40973,0.00,4.03,80.75",,,,
e00fce68239f79db42ac9cb5,6/10/2026 0:00:36,,rainfall_0001,"1781064030,92.52639,0.00,4.04,81.73",,,,
e00fce681282837e5d0586e0,6/10/2026 0:00:36,,rainfall,"1781064030,142.30972,0.00,4.03,80.75",,,,
e00fce68239f79db42ac9cb5,6/10/2026 1:00:33,,rainfall_0001,"1781067629,93.80417,0.00,4.04,81.73",,,,
e00fce681282837e5d0586e0,6/10/2026 1:00:38,,rainfall,"1781067629,142.07500,0.00,4.03,80.75",,,,
e00fce68239f79db42ac9cb5,6/10/2026 2:00:34,,rainfall_0001,"1781071229,95.67361,0.00,4.04,81.73",,,,
e00fce681282837e5d0586e0,6/10/2026 2:00:36,,rainfall,"1781071229,142.13611,0.00,4.03,80.75",,,,
e00fce68239f79db42ac9cb5,6/10/2026 3:00:37,,rainfall_0001,"1781074830,93.83334,0.00,4.04,81.73",,,,
e00fce68239f79db42ac9cb5,6/10/2026 3:00:37,,rainfall_0001,"1781074830,93.83334,0.00,4.04,81.73",,,,
e00fce681282837e5d0586e0,6/10/2026 3:09:26,,rainfall,"1781074830,142.19722,0.00,4.03,80.75",,,,
e00fce68239f79db42ac9cb5,6/10/2026 4:00:34,,rainfall_0001,"1781078429,92.20417,0.00,4.04,81.73",,,,
e00fce681282837e5d0586e0,6/10/2026 4:01:58,,rainfall,"1781078429,142.42223,0.00,4.03,80.75",,,,
e00fce681282837e5d0586e0,6/10/2026 5:00:27,,rainfall,"1781082019,142.32222,0.00,4.03,80.75",,,,
e00fce68239f79db42ac9cb5,6/10/2026 5:00:40,,rainfall_0001,"1781082030,89.95417,0.00,4.04,81.73",,,,
e00fce68239f79db42ac9cb5,6/10/2026 6:00:34,,rainfall_0001,"1781085630,90.00000,0.00,4.04,81.73",,,,
e00fce681282837e5d0586e0,6/10/2026 6:00:39,,rainfall,"1781085630,142.36111,0.00,4.03,80.75",,,,
e00fce68239f79db42ac9cb5,6/10/2026 7:00:33,,rainfall_0001,"1781089229,86.58889,0.00,4.04,81.56",,,,
e00fce681282837e5d0586e0,6/10/2026 7:00:37,,rainfall,"1781089230,142.05278,0.00,4.03,80.75",,,,
e00fce68239f79db42ac9cb5,6/10/2026 8:00:34,,rainfall_0001,"1781092829,88.46667,0.00,4.04,81.56",,,,
e00fce681282837e5d0586e0,6/10/2026 8:00:36,,rainfall,"1781092829,142.00833,0.00,4.03,80.75",,,,
e00fce68239f79db42ac9cb5,6/10/2026 9:00:35,,rainfall_0001,"1781096430,85.12083,0.00,4.04,81.56",,,,
e00fce681282837e5d0586e0,6/10/2026 9:00:37,,rainfall,"1781096430,140.67223,0.00,4.03,80.75",,,,
e00fce68239f79db42ac9cb5,6/10/2026 10:00:37,,rainfall_0001,"1781100030,84.35139,0.00,4.04,81.56",,,,
e00fce681282837e5d0586e0,6/10/2026 10:00:37,,rainfall,"1781100029,140.53473,0.00,4.03,80.75",,,,
e00fce681282837e5d0586e0,6/10/2026 11:00:37,,rainfall,"1781103630,140.25972,0.00,4.03,80.75",,,,
e00fce68239f79db42ac9cb5,6/10/2026 11:00:36,,rainfall_0001,"1781103630,83.51806,0.00,4.04,81.56",,,,
e00fce68239f79db42ac9cb5,6/10/2026 12:00:40,,rainfall_0001,"1781107229,81.57639,0.00,4.04,81.56",,,,
e00fce681282837e5d0586e0,6/10/2026 12:00:38,,rainfall,"1781107229,138.99861,0.00,4.03,80.75",,,,
e00fce68239f79db42ac9cb5,6/10/2026 13:00:36,,rainfall_0001,"1781110830,81.50139,0.00,4.04,81.56",,,,
e00fce681282837e5d0586e0,6/10/2026 13:00:37,,rainfall,"1781110829,139.88472,0.00,4.03,80.75",,,,
e00fce68239f79db42ac9cb5,6/10/2026 14:00:37,,rainfall_0001,"1781114429,83.35973,0.00,4.04,81.56",,,,
e00fce681282837e5d0586e0,6/10/2026 14:00:37,,rainfall,"1781114429,138.49722,0.00,4.03,80.75",,,,
e00fce681282837e5d0586e0,6/10/2026 15:00:38,,rainfall,"1781118030,138.38889,0.00,4.03,80.59",,,,
e00fce68239f79db42ac9cb5,6/10/2026 15:00:38,,rainfall_0001,"1781118030,83.91250,0.00,4.04,81.56",,,,
e00fce68239f79db42ac9cb5,6/10/2026 16:00:34,,rainfall_0001,"1781121629,82.38472,0.00,4.04,81.56",,,,
e00fce681282837e5d0586e0,6/10/2026 16:00:37,,rainfall,"1781121629,138.39999,0.00,4.03,80.59",,,,
e00fce68239f79db42ac9cb5,6/10/2026 17:00:34,,rainfall_0001,"1781125229,81.60973,0.00,4.04,81.56",,,,
e00fce681282837e5d0586e0,6/10/2026 17:00:38,,rainfall,"1781125230,139.20139,0.00,4.03,80.59",,,,
e00fce681282837e5d0586e0,6/10/2026 18:00:37,,rainfall,"1781128829,139.40277,0.00,4.03,80.59",,,,
e00fce68239f79db42ac9cb5,6/10/2026 18:00:42,,rainfall_0001,"1781128829,81.38055,0.00,4.04,81.56",,,,
e00fce68239f79db42ac9cb5,6/10/2026 19:00:41,,rainfall_0001,"1781132429,81.71667,0.00,4.04,81.56",,,,
e00fce681282837e5d0586e0,6/10/2026 19:00:40,,rainfall,"1781132430,141.39583,0.00,4.03,80.59",,,,
e00fce68239f79db42ac9cb5,6/10/2026 20:00:34,,rainfall_0001,"1781136029,82.21250,0.00,4.04,81.56",,,,
e00fce681282837e5d0586e0,6/10/2026 20:00:38,,rainfall,"1781136030,142.00417,0.00,4.03,80.59",,,,
e00fce68239f79db42ac9cb5,6/10/2026 21:00:35,,rainfall_0001,"1781139630,84.67223,0.00,4.04,81.56",,,,
e00fce681282837e5d0586e0,6/10/2026 21:00:38,,rainfall,"1781139629,141.94722,0.00,4.03,80.59",,,,
e00fce68239f79db42ac9cb5,6/10/2026 22:00:34,,rainfall_0001,"1781143229,85.07083,0.00,4.04,81.56",,,,
e00fce681282837e5d0586e0,6/10/2026 22:00:40,,rainfall,"1781143230,141.93750,0.00,4.03,80.59",,,,
e00fce68239f79db42ac9cb5,6/10/2026 23:00:35,,rainfall_0001,"1781146829,87.04583,0.00,4.04,81.56",,,,
e00fce681282837e5d0586e0,6/10/2026 23:00:45,,rainfall,"1781146830,141.71666,0.00,4.03,80.59",,,,
e00fce68239f79db42ac9cb5,6/11/2026 0:00:35,,rainfall_0001,"1781150429,90.31805,0.00,4.04,81.56",,,,
e00fce681282837e5d0586e0,6/11/2026 0:00:34,,rainfall,"1781150429,142.14305,0.00,4.03,80.59",,,,
e00fce681282837e5d0586e0,6/11/2026 1:00:31,,rainfall,"1781154029,141.83888,0.00,4.03,80.59",,,,
e00fce68239f79db42ac9cb5,6/11/2026 1:00:37,,rainfall_0001,"1781154029,91.75833,0.00,4.04,81.56",,,,
e00fce681282837e5d0586e0,6/11/2026 2:00:34,,rainfall,"1781157630,141.96111,0.00,4.03,80.59",,,,
e00fce68239f79db42ac9cb5,6/11/2026 2:00:38,,rainfall_0001,"1781157630,93.89306,0.00,4.04,81.56",,,,
e00fce681282837e5d0586e0,6/11/2026 3:00:31,,rainfall,"1781161229,142.21945,0.00,4.03,80.59",,,,
e00fce68239f79db42ac9cb5,6/11/2026 3:00:37,,rainfall_0001,"1781161229,92.03472,0.00,4.04,81.56",,,,
e00fce68239f79db42ac9cb5,6/11/2026 4:00:36,,rainfall_0001,"1781164830,90.04028,0.00,4.04,81.56",,,,
e00fce681282837e5d0586e0,6/11/2026 4:00:35,,rainfall,"1781164830,142.12500,0.00,4.03,80.59",,,,
e00fce681282837e5d0586e0,6/11/2026 5:00:32,,rainfall,"1781168429,143.40138,0.00,4.03,80.59",,,,
e00fce68239f79db42ac9cb5,6/11/2026 5:00:38,,rainfall_0001,"1781168430,88.66666,0.00,4.04,81.56",,,,
e00fce681282837e5d0586e0,6/11/2026 6:00:34,,rainfall,"1781172030,143.26944,0.00,4.03,80.59",,,,
e00fce68239f79db42ac9cb5,6/11/2026 6:00:41,,rainfall_0001,"1781172029,87.30278,0.00,4.04,81.56",,,,
e00fce681282837e5d0586e0,6/11/2026 7:00:33,,rainfall,"1781175629,143.26111,0.00,4.03,80.59",,,,
e00fce68239f79db42ac9cb5,6/11/2026 7:00:36,,rainfall_0001,"1781175630,84.98750,0.00,4.04,81.56",,,,
e00fce681282837e5d0586e0,6/11/2026 8:00:36,,rainfall,"1781179230,141.73611,0.00,4.03,80.59",,,,
e00fce68239f79db42ac9cb5,6/11/2026 8:00:36,,rainfall_0001,"1781179230,85.48194,0.00,4.04,81.56",,,,
e00fce681282837e5d0586e0,6/11/2026 9:00:33,,rainfall,"1781182830,141.43611,0.00,4.03,80.59",,,,
e00fce68239f79db42ac9cb5,6/11/2026 9:00:45,,rainfall_0001,"1781182829,84.61528,0.00,4.04,81.56",,,,
e00fce68239f79db42ac9cb5,6/11/2026 10:00:31,,rainfall_0001,"1781186429,83.55695,0.00,4.04,81.56",,,,
e00fce681282837e5d0586e0,6/11/2026 10:00:35,,rainfall,"1781186430,141.50139,0.00,4.03,80.59",,,,
e00fce681282837e5d0586e0,6/11/2026 11:00:33,,rainfall,"1781190029,140.16389,0.00,4.03,80.59",,,,
e00fce68239f79db42ac9cb5,6/11/2026 11:00:33,,rainfall_0001,"1781190030,81.46250,0.00,4.04,81.56",,,,
e00fce68239f79db42ac9cb5,6/11/2026 12:00:34,,rainfall_0001,"1781193629,81.32222,0.00,4.04,81.56",,,,
e00fce681282837e5d0586e0,6/11/2026 12:00:37,,rainfall,"1781193630,140.03889,0.00,4.03,80.59",,,,
e00fce681282837e5d0586e0,6/11/2026 13:00:37,,rainfall,"1781197230,139.84862,0.00,4.03,80.59",,,,
e00fce68239f79db42ac9cb5,6/11/2026 13:00:35,,rainfall_0001,"1781197230,80.03333,0.00,4.04,81.56",,,,
e00fce68239f79db42ac9cb5,6/11/2026 14:00:32,,rainfall_0001,"1781200829,81.62361,0.00,4.04,81.56",,,,
e00fce681282837e5d0586e0,6/11/2026 14:00:33,,rainfall,"1781200830,139.70833,0.00,4.03,80.59",,,,
e00fce681282837e5d0586e0,6/11/2026 15:00:34,,rainfall,"1781204429,139.36528,0.00,4.03,80.59",,,,
e00fce68239f79db42ac9cb5,6/11/2026 15:00:35,,rainfall_0001,"1781204430,81.67083,0.00,4.04,81.56",,,,
e00fce681282837e5d0586e0,6/11/2026 16:00:35,,rainfall,"1781208031,138.93195,0.00,4.03,80.59",,,,
e00fce68239f79db42ac9cb5,6/11/2026 16:00:34,,rainfall_0001,"1781208029,81.48889,0.00,4.04,81.56",,,,
e00fce681282837e5d0586e0,6/11/2026 17:00:34,,rainfall,"1781211630,138.60278,0.00,4.03,80.59",,,,
e00fce68239f79db42ac9cb5,6/11/2026 17:00:46,,rainfall_0001,"1781211629,80.72639,0.00,4.04,81.56",,,,
e00fce68239f79db42ac9cb5,6/11/2026 18:00:33,,rainfall_0001,"1781215231,79.75555,0.00,4.04,81.56",,,,
e00fce681282837e5d0586e0,6/11/2026 18:00:34,,rainfall,"1781215230,139.58749,0.00,4.03,80.59",,,,
e00fce68239f79db42ac9cb5,6/11/2026 19:00:32,,rainfall_0001,"1781218829,79.55417,0.00,4.04,81.56",,,,
e00fce681282837e5d0586e0,6/11/2026 19:01:56,,rainfall,"1781218830,139.78055,0.00,4.03,80.59",,,,
e00fce68239f79db42ac9cb5,6/11/2026 20:00:34,,rainfall_0001,"1781222430,80.88611,0.00,4.04,81.56",,,,
e00fce681282837e5d0586e0,6/11/2026 20:00:36,,rainfall,"1781222430,142.52777,0.00,4.03,80.59",,,,
e00fce68239f79db42ac9cb5,6/11/2026 21:00:32,,rainfall_0001,"1781226029,84.30139,0.00,4.04,81.56",,,,
e00fce681282837e5d0586e0,6/11/2026 21:00:35,,rainfall,"1781226031,142.94305,0.00,4.03,80.59",,,,
e00fce681282837e5d0586e0,6/11/2026 22:00:32,,rainfall,"1781229629,143.00694,0.00,4.03,80.59",,,,
e00fce68239f79db42ac9cb5,6/11/2026 22:00:34,,rainfall_0001,"1781229629,85.05972,0.00,4.04,81.56",,,,
e00fce681282837e5d0586e0,6/11/2026 23:00:32,,rainfall,"1781233230,142.97639,0.00,4.03,80.59",,,,
e00fce68239f79db42ac9cb5,6/11/2026 23:00:35,,rainfall_0001,"1781233230,87.80278,0.00,4.04,81.56",,,,
e00fce681282837e5d0586e0,6/12/2026 0:00:37,,rainfall,"1781236830,143.06250,0.00,4.03,80.59",,,,
e00fce68239f79db42ac9cb5,6/12/2026 0:00:47,,rainfall_0001,"1781236829,89.78611,0.00,4.04,81.56",,,,
e00fce681282837e5d0586e0,6/12/2026 1:00:31,,rainfall,"1781240429,143.08333,0.00,4.03,80.59",,,,
e00fce68239f79db42ac9cb5,6/12/2026 1:00:34,,rainfall_0001,"1781240429,90.31805,0.00,4.04,81.56",,,,
e00fce681282837e5d0586e0,6/12/2026 2:00:35,,rainfall,"1781244029,143.38889,0.00,4.03,80.59",,,,
e00fce68239f79db42ac9cb5,6/12/2026 2:00:38,,rainfall_0001,"1781244029,93.70972,0.00,4.04,81.56",,,,
e00fce68239f79db42ac9cb5,6/12/2026 3:00:32,,rainfall_0001,"1781247630,90.21528,0.00,4.04,81.56",,,,
e00fce681282837e5d0586e0,6/12/2026 3:00:32,,rainfall,"1781247629,143.09862,0.00,4.03,80.59",,,,
e00fce681282837e5d0586e0,6/12/2026 4:00:34,,rainfall,"1781251229,143.37639,0.00,4.03,80.59",,,,
e00fce68239f79db42ac9cb5,6/12/2026 4:00:35,,rainfall_0001,"1781251229,89.81528,0.00,4.04,81.56",,,,
e00fce681282837e5d0586e0,6/12/2026 5:00:32,,rainfall,"1781254830,143.66667,0.00,4.03,80.59",,,,
e00fce68239f79db42ac9cb5,6/12/2026 5:00:32,,rainfall_0001,"1781254829,88.57361,0.00,4.04,81.56",,,,
e00fce681282837e5d0586e0,6/12/2026 6:00:33,,rainfall,"1781258431,143.99861,0.00,4.03,80.59",,,,
e00fce68239f79db42ac9cb5,6/12/2026 6:00:35,,rainfall_0001,"1781258429,85.90972,0.00,4.04,81.56",,,,
e00fce681282837e5d0586e0,6/12/2026 7:00:32,,rainfall,"1781262029,143.15555,0.00,4.03,80.59",,,,
e00fce68239f79db42ac9cb5,6/12/2026 7:00:34,,rainfall_0001,"1781262029,84.99583,0.00,4.04,81.56",,,,
e00fce68239f79db42ac9cb5,6/12/2026 8:00:32,,rainfall_0001,"1781265629,85.24722,0.00,4.04,81.56",,,,
e00fce681282837e5d0586e0,6/12/2026 8:00:37,,rainfall,"1781265630,142.87778,0.00,4.03,80.59",,,,
e00fce68239f79db42ac9cb5,6/12/2026 9:00:32,,rainfall_0001,"1781269229,83.55695,0.00,4.04,81.56",,,,
e00fce681282837e5d0586e0,6/12/2026 9:00:32,,rainfall,"1781269230,142.73334,0.00,4.03,80.59",,,,
e00fce681282837e5d0586e0,6/12/2026 10:00:32,,rainfall,"1781272829,142.55000,0.00,4.03,80.59",,,,
e00fce68239f79db42ac9cb5,6/12/2026 10:00:35,,rainfall_0001,"1781272829,83.10139,0.00,4.04,81.56",,,,
e00fce68239f79db42ac9cb5,6/12/2026 11:00:33,,rainfall_0001,"1781276429,81.27500,0.00,4.04,81.56",,,,
e00fce681282837e5d0586e0,6/12/2026 11:00:32,,rainfall,"1781276429,141.11667,0.00,4.03,80.59",,,,
e00fce681282837e5d0586e0,6/12/2026 12:00:33,,rainfall,"1781280030,140.25833,0.00,4.03,80.59",,,,
e00fce68239f79db42ac9cb5,6/12/2026 12:00:37,,rainfall_0001,"1781280030,81.22500,0.00,4.04,81.56",,,,
e00fce681282837e5d0586e0,6/12/2026 13:00:32,,rainfall,"1781283629,140.76527,0.00,4.03,80.59",,,,
e00fce68239f79db42ac9cb5,6/12/2026 13:00:34,,rainfall_0001,"1781283629,80.03056,0.00,4.04,81.56",,,,
e00fce681282837e5d0586e0,6/12/2026 14:00:32,,rainfall,"1781287229,140.56528,0.00,4.03,80.59",,,,
e00fce68239f79db42ac9cb5,6/12/2026 14:00:35,,rainfall_0001,"1781287230,79.65694,3.35,4.04,81.56",,,,
e00fce68239f79db42ac9cb5,6/12/2026 15:00:34,,rainfall_0001,"1781290830,78.08472,0.00,4.04,81.56",,,,
e00fce681282837e5d0586e0,6/12/2026 15:00:34,,rainfall,"1781290830,140.23334,0.00,4.03,80.59",,,,
e00fce681282837e5d0586e0,6/12/2026 16:00:33,,rainfall,"1781294430,139.09862,0.00,4.03,80.59",,,,
e00fce68239f79db42ac9cb5,6/12/2026 16:00:33,,rainfall_0001,"1781294429,77.30972,0.00,4.04,81.56",,,,
e00fce681282837e5d0586e0,6/12/2026 17:00:37,,rainfall,"1781298030,139.53195,0.00,4.03,80.59",,,,
e00fce68239f79db42ac9cb5,6/12/2026 17:00:39,,rainfall_0001,"1781298030,77.51667,0.00,4.04,81.56",,,,
e00fce68239f79db42ac9cb5,6/12/2026 18:00:33,,rainfall_0001,"1781301629,76.53472,0.00,4.04,81.56",,,,
e00fce681282837e5d0586e0,6/12/2026 18:00:33,,rainfall,"1781301629,140.80417,0.00,4.03,80.59",,,,
e00fce68239f79db42ac9cb5,6/12/2026 19:00:37,,rainfall_0001,"1781305230,76.79861,0.00,4.04,81.56",,,,
e00fce681282837e5d0586e0,6/12/2026 19:00:34,,rainfall,"1781305229,141.19167,0.00,4.03,80.59",,,,
e00fce68239f79db42ac9cb5,6/12/2026 20:00:34,,rainfall_0001,"1781308830,77.25555,0.00,4.04,81.56",,,,
e00fce681282837e5d0586e0,6/12/2026 20:00:33,,rainfall,"1781308829,143.24861,0.00,4.03,80.59",,,,
e00fce68239f79db42ac9cb5,6/12/2026 21:00:35,,rainfall_0001,"1781312429,79.56667,0.00,4.04,81.56",,,,
e00fce681282837e5d0586e0,6/12/2026 21:00:37,,rainfall,"1781312429,143.42361,0.00,4.03,80.42",,,,
e00fce68239f79db42ac9cb5,6/12/2026 22:00:35,,rainfall_0001,"1781316030,82.05000,0.00,4.04,81.56",,,,
e00fce681282837e5d0586e0,6/12/2026 22:00:36,,rainfall,"1781316029,143.61945,0.00,4.03,80.42",,,,
e00fce68239f79db42ac9cb5,6/12/2026 23:00:33,,rainfall_0001,"1781319629,85.12917,0.00,4.04,81.56",,,,
e00fce681282837e5d0586e0,6/12/2026 23:00:35,,rainfall,"1781319629,143.89999,0.00,4.03,80.42",,,,
e00fce68239f79db42ac9cb5,6/13/2026 0:00:37,,rainfall_0001,"1781323230,85.53472,0.00,4.04,81.56",,,,
e00fce681282837e5d0586e0,6/13/2026 0:00:38,,rainfall,"1781323230,143.81667,0.00,4.03,80.42",,,,
e00fce681282837e5d0586e0,6/13/2026 1:00:36,,rainfall,"1781326829,143.85556,0.00,4.03,80.42",,,,
e00fce68239f79db42ac9cb5,6/13/2026 1:00:37,,rainfall_0001,"1781326829,89.23473,0.00,4.04,81.40",,,,
e00fce681282837e5d0586e0,6/13/2026 2:00:34,,rainfall,"1781330429,143.82222,0.00,4.03,80.42",,,,
e00fce68239f79db42ac9cb5,6/13/2026 2:00:35,,rainfall_0001,"1781330430,90.21944,0.00,4.04,81.40",,,,
e00fce68239f79db42ac9cb5,6/13/2026 3:00:34,,rainfall_0001,"1781334029,175.85001,0.00,4.04,81.40",,,,
e00fce681282837e5d0586e0,6/13/2026 3:00:36,,rainfall,"1781334029,143.77083,0.00,4.03,80.42",,,,
e00fce68239f79db42ac9cb5,6/13/2026 4:00:33,,rainfall_0001,"1781337629,94.10000,0.00,4.04,81.40",,,,
e00fce681282837e5d0586e0,6/13/2026 4:00:36,,rainfall,"1781337631,143.75139,0.00,4.03,80.42",,,,
e00fce681282837e5d0586e0,6/13/2026 5:00:34,,rainfall,"1781341229,143.92639,0.00,4.03,80.42",,,,
e00fce68239f79db42ac9cb5,6/13/2026 5:00:36,,rainfall_0001,"1781341229,95.36250,0.00,4.04,81.40",,,,
e00fce681282837e5d0586e0,6/13/2026 6:00:34,,rainfall,"1781344829,143.97362,0.00,4.03,80.42",,,,
e00fce68239f79db42ac9cb5,6/13/2026 6:00:34,,rainfall_0001,"1781344830,96.20139,0.00,4.04,81.40",,,,
e00fce681282837e5d0586e0,6/13/2026 7:00:34,,rainfall,"1781348429,143.95694,0.00,4.03,80.42",,,,
e00fce68239f79db42ac9cb5,6/13/2026 7:00:34,,rainfall_0001,"1781348429,97.65417,0.00,4.04,81.40",,,,
e00fce68239f79db42ac9cb5,6/13/2026 8:00:36,,rainfall_0001,"1781352029,97.60694,0.00,4.04,81.40",,,,
e00fce681282837e5d0586e0,6/13/2026 8:00:37,,rainfall,"1781352029,143.33333,0.00,4.03,80.42",,,,
e00fce68239f79db42ac9cb5,6/13/2026 9:00:34,,rainfall_0001,"1781355629,99.41111,0.00,4.04,81.40",,,,
e00fce681282837e5d0586e0,6/13/2026 9:00:37,,rainfall,"1781355630,143.20972,0.00,4.03,80.42",,,,
e00fce681282837e5d0586e0,6/13/2026 10:00:35,,rainfall,"1781359230,142.97778,0.00,4.03,80.42",,,,
e00fce68239f79db42ac9cb5,6/13/2026 10:00:37,,rainfall_0001,"1781359229,100.23750,0.00,4.04,81.40",,,,
e00fce681282837e5d0586e0,6/13/2026 11:00:35,,rainfall,"1781362829,142.60695,0.00,4.03,80.42",,,,
e00fce68239f79db42ac9cb5,6/13/2026 11:00:34,,rainfall_0001,"1781362829,100.92778,0.00,4.04,81.40",,,,
e00fce68239f79db42ac9cb5,6/13/2026 12:00:35,,rainfall_0001,"1781366429,103.26806,0.00,4.04,81.40",,,,
e00fce681282837e5d0586e0,6/13/2026 12:00:37,,rainfall,"1781366429,142.76944,0.00,4.03,80.42",,,,
e00fce68239f79db42ac9cb5,6/13/2026 13:00:35,,rainfall_0001,"1781370029,105.26945,0.00,4.04,81.40",,,,
e00fce681282837e5d0586e0,6/13/2026 13:00:38,,rainfall,"1781370030,142.29167,0.00,4.03,80.42",,,,
e00fce681282837e5d0586e0,6/13/2026 14:00:36,,rainfall,"1781373630,144.80000,0.28,4.03,80.42",,,,
e00fce68239f79db42ac9cb5,6/13/2026 14:00:35,,rainfall_0001,"1781373630,107.99028,2.24,4.04,81.40",,,,
e00fce68239f79db42ac9cb5,6/13/2026 15:00:34,,rainfall_0001,"1781377229,105.88750,0.28,4.04,81.40",,,,
e00fce681282837e5d0586e0,6/13/2026 15:00:41,,rainfall,"1781377229,143.36250,0.00,4.03,80.42",,,,
e00fce68239f79db42ac9cb5,6/13/2026 16:00:35,,rainfall_0001,"1781380830,108.95695,0.00,4.04,81.40",,,,
e00fce681282837e5d0586e0,6/13/2026 16:00:38,,rainfall,"1781380830,143.53055,0.00,4.03,80.42",,,,
e00fce68239f79db42ac9cb5,6/13/2026 17:00:35,,rainfall_0001,"1781384429,111.05972,0.00,4.04,81.40",,,,
e00fce681282837e5d0586e0,6/13/2026 17:00:36,,rainfall,"1781384430,143.59862,0.00,4.03,80.42",,,,
e00fce681282837e5d0586e0,6/13/2026 18:00:35,,rainfall,"1781388029,142.51805,0.00,4.03,80.42",,,,
e00fce68239f79db42ac9cb5,6/13/2026 18:00:35,,rainfall_0001,"1781388029,110.54723,0.00,4.04,81.40",,,,
e00fce681282837e5d0586e0,6/13/2026 19:00:39,,rainfall,"1781391630,143.34445,0.00,4.03,80.42",,,,
e00fce68239f79db42ac9cb5,6/13/2026 19:00:38,,rainfall_0001,"1781391629,113.89722,0.00,4.04,81.40",,,,
e00fce681282837e5d0586e0,6/13/2026 20:00:36,,rainfall,"1781395230,143.36945,0.00,4.03,80.42",,,,
e00fce68239f79db42ac9cb5,6/13/2026 20:00:37,,rainfall_0001,"1781395229,116.59583,0.28,4.04,81.40",,,,
e00fce68239f79db42ac9cb5,6/13/2026 21:00:36,,rainfall_0001,"1781398830,117.08334,0.56,4.04,81.40",,,,
e00fce681282837e5d0586e0,6/13/2026 21:00:38,,rainfall,"1781398830,145.27499,0.00,4.03,80.42",,,,
e00fce68239f79db42ac9cb5,6/13/2026 22:00:38,,rainfall_0001,"1781402429,117.17361,0.00,4.04,81.40",,,,
e00fce681282837e5d0586e0,6/13/2026 22:00:38,,rainfall,"1781402429,144.86667,0.00,4.03,80.42",,,,
e00fce68239f79db42ac9cb5,6/13/2026 23:00:37,,rainfall_0001,"1781406030,117.39861,0.00,4.04,81.40",,,,
e00fce681282837e5d0586e0,6/13/2026 23:00:36,,rainfall,"1781406029,145.25417,0.00,4.03,80.42",,,,
e00fce68239f79db42ac9cb5,6/14/2026 0:00:35,,rainfall_0001,"1781409629,118.98473,0.00,4.04,81.40",,,,
e00fce681282837e5d0586e0,6/14/2026 0:00:36,,rainfall,"1781409630,145.29723,0.00,4.03,80.42",,,,
e00fce68239f79db42ac9cb5,6/14/2026 1:00:36,,rainfall_0001,"1781413230,121.20417,0.00,4.04,81.40",,,,
e00fce681282837e5d0586e0,6/14/2026 1:00:36,,rainfall,"1781413230,145.30833,0.00,4.03,80.42",,,,
e00fce681282837e5d0586e0,6/14/2026 2:00:36,,rainfall,"1781416829,144.89583,0.00,4.03,80.42",,,,
e00fce68239f79db42ac9cb5,6/14/2026 2:00:37,,rainfall_0001,"1781416829,121.66250,0.00,4.04,81.40",,,,
e00fce68239f79db42ac9cb5,6/14/2026 3:00:41,,rainfall_0001,"1781420429,124.90556,0.00,4.04,81.40",,,,
e00fce681282837e5d0586e0,6/14/2026 3:00:40,,rainfall,"1781420429,145.61528,0.00,4.03,80.42",,,,
e00fce68239f79db42ac9cb5,6/14/2026 4:00:36,,rainfall_0001,"1781424030,124.77500,0.00,4.04,81.40",,,,
e00fce681282837e5d0586e0,6/14/2026 4:00:39,,rainfall,"1781424029,145.20277,0.00,4.03,80.42",,,,
e00fce68239f79db42ac9cb5,6/14/2026 5:00:37,,rainfall_0001,"1781427628,124.97083,0.00,4.04,81.40",,,,
e00fce681282837e5d0586e0,6/14/2026 5:00:40,,rainfall,"1781427630,144.89305,0.00,4.03,80.42",,,,
e00fce68239f79db42ac9cb5,6/14/2026 6:00:36,,rainfall_0001,"1781431229,125.19861,0.00,4.04,81.40",,,,
e00fce681282837e5d0586e0,6/14/2026 6:00:38,,rainfall,"1781431229,145.33333,0.00,4.03,80.42",,,,
e00fce68239f79db42ac9cb5,6/14/2026 7:00:36,,rainfall_0001,"1781434829,125.54444,0.00,4.04,81.40",,,,
e00fce681282837e5d0586e0,6/14/2026 7:00:40,,rainfall,"1781434829,145.13333,0.00,4.03,80.42",,,,
e00fce681282837e5d0586e0,6/14/2026 8:00:38,,rainfall,"1781438430,145.05139,0.00,4.03,80.42",,,,
e00fce68239f79db42ac9cb5,6/14/2026 8:00:39,,rainfall_0001,"1781438430,123.48889,0.00,4.04,81.40",,,,
e00fce681282837e5d0586e0,6/14/2026 9:00:37,,rainfall,"1781442029,143.91806,0.00,4.03,80.42",,,,
e00fce68239f79db42ac9cb5,6/14/2026 9:00:43,,rainfall_0001,"1781442029,123.19861,0.00,4.04,81.40",,,,
e00fce68239f79db42ac9cb5,6/14/2026 10:00:32,,rainfall_0001,"1781445629,123.66666,0.00,4.04,81.40",,,,
e00fce681282837e5d0586e0,6/14/2026 10:00:37,,rainfall,"1781445630,143.14861,0.00,4.03,80.42",,,,
e00fce68239f79db42ac9cb5,6/14/2026 11:00:34,,rainfall_0001,"1781449230,123.81111,0.00,4.04,81.40",,,,
e00fce681282837e5d0586e0,6/14/2026 11:00:39,,rainfall,"1781449229,142.90555,0.00,4.03,80.42",,,,
e00fce68239f79db42ac9cb5,6/14/2026 12:00:32,,rainfall_0001,"1781452829,123.71528,0.00,4.04,81.40",,,,
e00fce681282837e5d0586e0,6/14/2026 12:00:42,,rainfall,"1781452829,143.01944,0.00,4.03,80.42",,,,
e00fce681282837e5d0586e0,6/14/2026 13:00:37,,rainfall,"1781456429,142.50000,0.00,4.03,80.42",,,,
e00fce68239f79db42ac9cb5,6/14/2026 13:01:44,,rainfall_0001,"1781456430,124.25278,0.00,4.04,81.40",,,,
e00fce68239f79db42ac9cb5,6/14/2026 14:00:36,,rainfall_0001,"1781460029,125.09583,0.00,4.04,81.40",,,,
e00fce681282837e5d0586e0,6/14/2026 14:00:38,,rainfall,"1781460030,142.86806,0.00,4.03,80.42",,,,
e00fce68239f79db42ac9cb5,6/14/2026 15:00:36,,rainfall_0001,"1781463629,125.65972,0.00,4.04,81.40",,,,
e00fce681282837e5d0586e0,6/14/2026 15:00:39,,rainfall,"1781463630,142.23889,0.00,4.03,80.42",,,,
e00fce68239f79db42ac9cb5,6/14/2026 16:00:33,,rainfall_0001,"1781467229,128.92639,0.00,4.04,81.40",,,,
e00fce681282837e5d0586e0,6/14/2026 16:00:40,,rainfall,"1781467230,144.65138,0.00,4.03,80.42",,,,
e00fce68239f79db42ac9cb5,6/14/2026 17:00:36,,rainfall_0001,"1781470830,128.81111,0.00,4.04,81.40",,,,
e00fce681282837e5d0586e0,6/14/2026 17:00:38,,rainfall,"1781470829,143.98056,0.00,4.03,80.42",,,,
e00fce68239f79db42ac9cb5,6/14/2026 18:00:32,,rainfall_0001,"1781474429,129.59305,0.00,4.04,81.40",,,,
e00fce681282837e5d0586e0,6/14/2026 18:00:39,,rainfall,"1781474429,144.08055,0.00,4.03,80.42",,,,
e00fce68239f79db42ac9cb5,6/14/2026 19:00:33,,rainfall_0001,"1781478029,130.54445,0.00,4.03,81.40",,,,
e00fce681282837e5d0586e0,6/14/2026 19:00:46,,rainfall,"1781478029,144.03889,0.00,4.03,80.42",,,,
e00fce681282837e5d0586e0,6/14/2026 20:00:32,,rainfall,"1781481629,145.25972,0.00,4.03,80.42",,,,
e00fce68239f79db42ac9cb5,6/14/2026 20:00:36,,rainfall_0001,"1781481629,131.22917,0.00,4.03,81.40",,,,
e00fce681282837e5d0586e0,6/14/2026 21:00:32,,rainfall,"1781485230,145.41528,0.00,4.03,80.42",,,,
e00fce68239f79db42ac9cb5,6/14/2026 21:00:35,,rainfall_0001,"1781485229,131.10417,0.00,4.03,81.40",,,,
e00fce681282837e5d0586e0,6/14/2026 22:00:32,,rainfall,"1781488829,145.85417,0.00,4.03,80.42",,,,
e00fce68239f79db42ac9cb5,6/14/2026 22:00:33,,rainfall_0001,"1781488829,131.34166,0.00,4.03,81.40",,,,
e00fce68239f79db42ac9cb5,6/14/2026 23:00:32,,rainfall_0001,"1781492429,131.82777,0.00,4.03,81.40",,,,
e00fce681282837e5d0586e0,6/14/2026 23:00:35,,rainfall,"1781492430,146.00833,0.00,4.03,80.42",,,,
e00fce681282837e5d0586e0,6/15/2026 0:00:32,,rainfall,"1781496029,145.74722,0.00,4.03,80.42",,,,
e00fce68239f79db42ac9cb5,6/15/2026 0:00:38,,rainfall_0001,"1781496031,131.88889,0.00,4.03,81.40",,,,
e00fce68239f79db42ac9cb5,6/15/2026 1:00:34,,rainfall_0001,"1781499630,132.04306,0.00,4.03,81.40",,,,
e00fce681282837e5d0586e0,6/15/2026 1:00:38,,rainfall,"1781499630,146.12639,0.00,4.03,80.42",,,,
e00fce68239f79db42ac9cb5,6/15/2026 2:00:33,,rainfall_0001,"1781503230,131.83194,0.00,4.03,81.40",,,,
e00fce681282837e5d0586e0,6/15/2026 2:00:34,,rainfall,"1781503229,145.94583,0.00,4.03,80.42",,,,
e00fce68239f79db42ac9cb5,6/15/2026 3:00:36,,rainfall_0001,"1781506830,130.10834,0.00,4.03,81.40",,,,
e00fce681282837e5d0586e0,6/15/2026 3:00:38,,rainfall,"1781506829,146.10695,0.00,4.03,80.42",,,,
e00fce681282837e5d0586e0,6/15/2026 4:00:32,,rainfall,"1781510429,146.20139,0.00,4.03,80.42",,,,
e00fce68239f79db42ac9cb5,6/15/2026 4:00:34,,rainfall_0001,"1781510430,122.92917,0.00,4.03,81.40",,,,
e00fce68239f79db42ac9cb5,6/15/2026 5:00:32,,rainfall_0001,"1781514029,117.21667,0.00,4.03,81.40",,,,
e00fce681282837e5d0586e0,6/15/2026 5:00:34,,rainfall,"1781514030,146.31528,0.00,4.03,80.42",,,,
e00fce681282837e5d0586e0,6/15/2026 6:00:32,,rainfall,"1781517629,147.21666,0.00,4.03,80.26",,,,
e00fce68239f79db42ac9cb5,6/15/2026 6:00:34,,rainfall_0001,"1781517629,116.28889,0.00,4.03,81.40",,,,
e00fce681282837e5d0586e0,6/15/2026 7:00:33,,rainfall,"1781521229,147.28334,0.00,4.03,80.26",,,,
e00fce68239f79db42ac9cb5,6/15/2026 7:00:36,,rainfall_0001,"1781521229,117.09306,0.00,4.03,81.40",,,,
e00fce681282837e5d0586e0,6/15/2026 8:00:32,,rainfall,"1781524829,147.03473,0.00,4.03,80.26",,,,
e00fce68239f79db42ac9cb5,6/15/2026 8:00:36,,rainfall_0001,"1781524829,116.61667,0.00,4.03,81.40",,,,
e00fce681282837e5d0586e0,6/15/2026 9:00:33,,rainfall,"1781528430,145.91251,0.00,4.03,80.26",,,,
e00fce68239f79db42ac9cb5,6/15/2026 9:00:33,,rainfall_0001,"1781528429,108.96667,0.00,4.04,81.40",,,,
e00fce681282837e5d0586e0,6/15/2026 10:00:34,,rainfall,"1781532028,145.62917,0.00,4.03,80.26",,,,
e00fce68239f79db42ac9cb5,6/15/2026 10:00:37,,rainfall_0001,"1781532030,105.58334,0.00,4.04,81.40",,,,
e00fce68239f79db42ac9cb5,6/15/2026 11:00:33,,rainfall_0001,"1781535629,103.94583,0.00,4.04,81.40",,,,
e00fce681282837e5d0586e0,6/15/2026 11:00:35,,rainfall,"1781535629,145.38055,0.00,4.03,80.26",,,,
e00fce681282837e5d0586e0,6/15/2026 12:00:33,,rainfall,"1781539230,145.50278,0.00,4.03,80.26",,,,
e00fce68239f79db42ac9cb5,6/15/2026 12:00:33,,rainfall_0001,"1781539229,101.03750,0.00,4.03,81.40",,,,
e00fce681282837e5d0586e0,6/15/2026 13:00:33,,rainfall,"1781542829,145.39305,0.00,4.03,80.26",,,,
e00fce68239f79db42ac9cb5,6/15/2026 13:00:33,,rainfall_0001,"1781542829,99.50417,0.00,4.04,81.40",,,,