UNCW CMS Pond,,,
1/28/26 12:00 AM : 6 Month,,,
,UNCW CMS Pond Node,UNCW CMS Pond Node,UNCW CMS Pond Node
,Hydros 21,Hydros 21,Hydros 21
,Port 3,Port 3,Port 3
Date & Time,Fluid Depth - cm,Temp - °C,EC - dS/m
1/28/2026 11:00,82,8,0.1
1/28/2026 11:15,82,8,0.1
1/28/2026 11:30,82,8,0.1
1/28/2026 11:45,82,8,0.1
1/28/2026 12:00,83,8,0.1
1/28/2026 12:15,83,8,0.1
1/28/2026 12:30,83,8,0.1
1/28/2026 12:45,83,8,0.1
1/28/2026 13:00,83,8,0.1
1/28/2026 13:15,83,8,0.1
1/28/2026 13:30,83,8,0.1
1/28/2026 13:45,83,8,0.1
1/28/2026 14:00,83,8,0.1
1/28/2026 14:15,83,8,0.1
1/28/2026 14:30,83,8,0.1
1/28/2026 14:45,83,8,0.1
1/28/2026 15:00,83,8,0.1
1/28/2026 15:15,83,8,0.1
1/28/2026 15:30,83,8,0.1
1/28/2026 15:45,83,8,0.1
1/28/2026 16:00,83,8,0.1
1/28/2026 16:15,83,8,0.1
1/28/2026 16:30,83,8,0.1
1/28/2026 16:45,83,8,0.1
1/28/2026 17:00,83,8,0.1
1/28/2026 17:15,83,8,0.1
1/28/2026 17:30,83,8,0.1
1/28/2026 17:45,83,8,0.1
1/28/2026 18:00,83,8,0.1
1/28/2026 18:15,83,8,0.1
1/28/2026 18:30,83,8,0.1
1/28/2026 18:45,83,8,0.1
1/28/2026 19:00,83,8,0.1
1/28/2026 19:15,83,8,0.1
1/28/2026 19:30,83,8,0.1
1/28/2026 19:45,83,8,0.1
1/28/2026 20:00,83,8,0.1
1/28/2026 20:15,83,8,0.1
1/28/2026 20:30,83,8,0.1
1/28/2026 20:45,83,8,0.1
1/28/2026 21:00,83,8,0.1
1/28/2026 21:15,83,8,0.1
1/28/2026 21:30,83,8,0.1
1/28/2026 21:45,83,8,0.1
1/28/2026 22:00,83,8,0.1
1/28/2026 22:15,83,8,0.1
1/28/2026 22:30,83,8,0.1
1/28/2026 22:45,83,8,0.1
1/28/2026 23:00,83,8,0.1
1/28/2026 23:15,83,8,0.1
1/28/2026 23:30,83,8,0.1
1/28/2026 23:45,83,8,0.1
1/29/2026 0:00,83,8,0.1
1/29/2026 0:15,83,8,0.1
1/29/2026 0:30,83,8,0.1
1/29/2026 0:45,83,8,0.1
1/29/2026 1:00,83,8,0.1
1/29/2026 1:15,83,8,0.1
1/29/2026 1:30,83,8,0.1
1/29/2026 1:45,83,8,0.1
1/29/2026 2:00,83,8,0.1
1/29/2026 2:15,83,8,0.1
1/29/2026 2:30,83,8,0.1
1/29/2026 2:45,83,8,0.1
1/29/2026 3:00,83,8,0.1
1/29/2026 3:15,83,8,0.1
1/29/2026 3:30,83,8,0.1
1/29/2026 3:45,83,7,0.1
1/29/2026 4:00,83,7,0.1
1/29/2026 4:15,83,7,0.1
1/29/2026 4:30,83,7,0.1
1/29/2026 4:45,83,7,0.1
1/29/2026 5:00,83,7,0.1
1/29/2026 5:15,83,7,0.1
1/29/2026 5:30,83,7,0.1
1/29/2026 5:45,83,7,0.1
1/29/2026 6:00,83,7,0.1
1/29/2026 6:15,83,7,0.1
1/29/2026 6:30,83,7,0.1
1/29/2026 6:45,83,7,0.1
1/29/2026 7:00,83,7,0.1
1/29/2026 7:15,83,7,0.1
1/29/2026 7:30,83,7,0.1
1/29/2026 7:45,83,7,0.1
1/29/2026 8:00,83,7,0.1
1/29/2026 8:15,83,7,0.1
1/29/2026 8:30,83,7,0.1
1/29/2026 8:45,83,7,0.1
1/29/2026 9:00,83,7,0.1
1/29/2026 9:15,83,7,0.1
1/29/2026 9:30,83,7,0.1
1/29/2026 9:45,83,7,0.1
1/29/2026 10:00,83,7,0.1
1/29/2026 10:15,83,7,0.1
1/29/2026 10:30,83,7,0.1
1/29/2026 10:45,83,7,0.1
1/29/2026 11:00,83,7,0.1
1/29/2026 11:15,83,8,0.1
1/29/2026 11:30,83,8,0.1
1/29/2026 11:45,83,8,0.1
1/29/2026 12:00,83,8,0.1
1/29/2026 12:15,83,8,0.1
1/29/2026 12:30,83,8,0.1
1/29/2026 12:45,83,8,0.1
1/29/2026 13:00,83,8,0.1
1/29/2026 13:15,83,8,0.1
1/29/2026 13:30,83,8,0.1
1/29/2026 13:45,83,8,0.1
1/29/2026 14:00,83,8,0.1
1/29/2026 14:15,83,8,0.1
1/29/2026 14:30,83,8,0.1
1/29/2026 14:45,83,8,0.1
1/29/2026 15:00,83,8,0.1
1/29/2026 15:15,83,8,0.1
1/29/2026 15:30,83,8,0.1
1/29/2026 15:45,83,8,0.1
1/29/2026 16:00,83,8,0.1
1/29/2026 16:15,83,8,0.1
1/29/2026 16:30,83,8,0.1
1/29/2026 16:45,83,8,0.1
1/29/2026 17:00,83,8,0.1
1/29/2026 17:15,83,8,0.1
1/29/2026 17:30,83,8,0.1
1/29/2026 17:45,83,8,0.1
1/29/2026 18:00,83,8,0.1
1/29/2026 18:15,83,8,0.1
1/29/2026 18:30,83,8,0.1
1/29/2026 18:45,83,8,0.1
1/29/2026 19:00,83,8,0.1
1/29/2026 19:15,83,8,0.1
1/29/2026 19:30,83,8,0.1
1/29/2026 19:45,83,8,0.1
1/29/2026 20:00,83,8,0.1
1/29/2026 20:15,83,8,0.1
1/29/2026 20:30,83,8,0.1
1/29/2026 20:45,83,8,0.1
1/29/2026 21:00,83,8,0.1
1/29/2026 21:15,83,8,0.1
1/29/2026 21:30,83,8,0.1
1/29/2026 21:45,83,8,0.1
1/29/2026 22:00,83,8,0.1
1/29/2026 22:15,83,8,0.1
1/29/2026 22:30,83,8,0.1
1/29/2026 22:45,83,8,0.1
1/29/2026 23:00,83,8,0.1
1/29/2026 23:15,83,8,0.1
1/29/2026 23:30,83,8,0.1
1/29/2026 23:45,83,8,0.1
1/30/2026 0:00,83,8,0.1
1/30/2026 0:15,83,8,0.1
1/30/2026 0:30,83,8,0.1
1/30/2026 0:45,83,8,0.1
1/30/2026 1:00,83,8,0.1
1/30/2026 1:15,83,8,0.1
1/30/2026 1:30,83,8,0.1
1/30/2026 1:45,83,8,0.1
1/30/2026 2:00,83,8,0.1
1/30/2026 2:15,83,8,0.1
1/30/2026 2:30,83,7,0.1
1/30/2026 2:45,83,7,0.1
1/30/2026 3:00,83,7,0.1
1/30/2026 3:15,83,7,0.1
1/30/2026 3:30,83,7,0.1
1/30/2026 3:45,83,7,0.1
1/30/2026 4:00,83,7,0.1
1/30/2026 4:15,83,7,0.1
1/30/2026 4:30,83,7,0.1
1/30/2026 4:45,83,7,0.1
1/30/2026 5:00,83,7,0.1
1/30/2026 5:15,83,7,0.1
1/30/2026 5:30,83,7,0.1
1/30/2026 5:45,83,7,0.1
1/30/2026 6:00,83,7,0.1
1/30/2026 6:15,83,7,0.1
1/30/2026 6:30,83,7,0.1
1/30/2026 6:45,83,7,0.1
1/30/2026 7:00,83,7,0.1
1/30/2026 7:15,83,7,0.1
1/30/2026 7:30,83,7,0.1
1/30/2026 7:45,83,7,0.1
1/30/2026 8:00,83,7,0.1
1/30/2026 8:15,83,7,0.1
1/30/2026 8:30,83,7,0.1
1/30/2026 8:45,83,7,0.1
1/30/2026 9:00,83,7,0.1
1/30/2026 9:15,83,7,0.1
1/30/2026 9:30,83,7,0.1
1/30/2026 9:45,83,7,0.1
1/30/2026 10:00,83,7,0.1
1/30/2026 10:15,83,7,0.1
1/30/2026 10:30,83,7,0.1
1/30/2026 10:45,83,8,0.1
1/30/2026 11:00,83,8,0.1
1/30/2026 11:15,83,8,0.1
1/30/2026 11:30,83,8,0.1
1/30/2026 11:45,83,8,0.1
1/30/2026 12:00,83,8,0.1
1/30/2026 12:15,83,8,0.1
1/30/2026 12:30,83,8,0.1
1/30/2026 12:45,83,8,0.1
1/30/2026 13:00,83,8,0.1
1/30/2026 13:15,83,8,0.1
1/30/2026 13:30,83,8,0.1
1/30/2026 13:45,83,8,0.1
1/30/2026 14:00,83,8,0.1
1/30/2026 14:15,83,8,0.1
1/30/2026 14:30,82,8,0.1
1/30/2026 14:45,83,8,0.1
1/30/2026 15:00,83,8,0.1
1/30/2026 15:15,83,8,0.1
1/30/2026 15:30,83,8,0.1
1/30/2026 15:45,83,8,0.1
1/30/2026 16:00,83,8,0.1
1/30/2026 16:15,83,8,0.1
1/30/2026 16:30,83,8,0.1
1/30/2026 16:45,83,8,0.1
1/30/2026 17:00,83,8,0.1
1/30/2026 17:15,83,8,0.1
1/30/2026 17:30,83,8,0.1
1/30/2026 17:45,83,8,0.1
1/30/2026 18:00,83,8,0.1
1/30/2026 18:15,83,8,0.1
1/30/2026 18:30,83,8,0.1
1/30/2026 18:45,83,8,0.1
1/30/2026 19:00,83,8,0.1
1/30/2026 19:15,83,8,0.1
1/30/2026 19:30,83,8,0.1
1/30/2026 19:45,83,8,0.1
1/30/2026 20:00,83,8,0.1
1/30/2026 20:15,83,8,0.1
1/30/2026 20:30,82,8,0.1
1/30/2026 20:45,83,8,0.1
1/30/2026 21:00,82,8,0.1
1/30/2026 21:15,83,8,0.1
1/30/2026 21:30,83,8,0.1
1/30/2026 21:45,83,8,0.1
1/30/2026 22:00,83,8,0.1
1/30/2026 22:15,83,8,0.1
1/30/2026 22:30,83,8,0.1
1/30/2026 22:45,83,8,0.1
1/30/2026 23:00,83,8,0.1
1/30/2026 23:15,82,8,0.1
1/30/2026 23:30,83,8,0.1
1/30/2026 23:45,82,8,0.1
1/31/2026 0:00,82,8,0.1
1/31/2026 0:15,82,8,0.1
1/31/2026 0:30,82,8,0.1
1/31/2026 0:45,82,8,0.1
1/31/2026 1:00,82,8,0.1
1/31/2026 1:15,83,8,0.1
1/31/2026 1:30,82,8,0.1
1/31/2026 1:45,82,7,0.1
1/31/2026 2:00,82,7,0.1
1/31/2026 2:15,83,7,0.1
1/31/2026 2:30,82,7,0.1
1/31/2026 2:45,82,7,0.1
1/31/2026 3:00,82,7,0.1
1/31/2026 3:15,82,7,0.1
1/31/2026 3:30,82,7,0.1
1/31/2026 3:45,83,7,0.1
1/31/2026 4:00,82,7,0.1
1/31/2026 4:15,82,7,0.1
1/31/2026 4:30,82,7,0.1
1/31/2026 4:45,82,7,0.1
1/31/2026 5:00,82,7,0.1
1/31/2026 5:15,82,7,0.1
1/31/2026 5:30,82,7,0.1
1/31/2026 5:45,82,7,0.1
1/31/2026 6:00,82,7,0.1
1/31/2026 6:15,82,7,0.1
1/31/2026 6:30,82,7,0.1
1/31/2026 6:45,82,7,0.1
1/31/2026 7:00,82,7,0.1
1/31/2026 7:15,82,7,0.1
1/31/2026 7:30,82,7,0.1
1/31/2026 7:45,82,7,0.1
1/31/2026 8:00,82,7,0.1
1/31/2026 8:15,82,7,0.1
1/31/2026 8:30,82,7,0.1
1/31/2026 8:45,82,7,0.1
1/31/2026 9:00,82,7,0.1
1/31/2026 9:15,82,7,0.1
1/31/2026 9:30,82,7,0.1
1/31/2026 9:45,82,7,0.1
1/31/2026 10:00,82,7,0.1
1/31/2026 10:15,82,7,0.1
1/31/2026 10:30,82,7,0.1
1/31/2026 10:45,82,7,0.1
1/31/2026 11:00,82,7,0.1
1/31/2026 11:15,82,7,0.1
1/31/2026 11:30,83,7,0.1
1/31/2026 11:45,82,7,0.1
1/31/2026 12:00,82,7,0.1
1/31/2026 12:15,82,7,0.1
1/31/2026 12:30,82,7,0.1
1/31/2026 12:45,82,7,0.1
1/31/2026 13:00,83,7,0.1
1/31/2026 13:15,82,7,0.1
1/31/2026 13:30,82,7,0.1
1/31/2026 13:45,82,7,0.1
1/31/2026 14:00,82,7,0.1
1/31/2026 14:15,82,7,0.1
1/31/2026 14:30,82,7,0.1
1/31/2026 14:45,82,7,0.1
1/31/2026 15:00,82,7,0.1
1/31/2026 15:15,82,7,0.1
1/31/2026 15:30,82,7,0.1
1/31/2026 15:45,82,7,0.1
1/31/2026 16:00,82,7,0.1
1/31/2026 16:15,82,7,0.1
1/31/2026 16:30,82,7,0.1
1/31/2026 16:45,82,7,0.1
1/31/2026 17:00,82,7,0.1
1/31/2026 17:15,82,7,0.1
1/31/2026 17:30,82,7,0.1
1/31/2026 17:45,82,7,0.1
1/31/2026 18:00,82,7,0.1
1/31/2026 18:15,82,7,0.1
1/31/2026 18:30,82,7,0.1
1/31/2026 18:45,82,7,0.1
1/31/2026 19:00,82,7,0.1
1/31/2026 19:15,82,7,0.1
1/31/2026 19:30,82,7,0.1
1/31/2026 19:45,82,7,0.1
1/31/2026 20:00,82,7,0.1
1/31/2026 20:15,82,7,0.1
1/31/2026 20:30,82,7,0.1
1/31/2026 20:45,82,7,0.1
1/31/2026 21:00,82,7,0.1
1/31/2026 21:15,82,7,0.1
1/31/2026 21:30,82,7,0.1
1/31/2026 21:45,82,6,0.1
1/31/2026 22:00,82,6,0.1
1/31/2026 22:15,82,6,0.1
1/31/2026 22:30,82,6,0.1
1/31/2026 22:45,82,6,0.1
1/31/2026 23:00,82,6,0.1
1/31/2026 23:15,82,6,0.1
1/31/2026 23:30,82,6,0.1
1/31/2026 23:45,82,6,0.1
2/1/2026 0:00,82,6,0.1
2/1/2026 0:15,82,6,0.1
2/1/2026 0:30,83,6,0.1
2/1/2026 0:45,83,6,0.1
2/1/2026 1:00,83,6,0.1
2/1/2026 1:15,83,6,0.1
2/1/2026 1:30,83,6,0.1
2/1/2026 1:45,83,6,0.1
2/1/2026 2:00,83,6,0.1
2/1/2026 2:15,83,6,0.1
2/1/2026 2:30,83,6,0.1
2/1/2026 2:45,83,6,0.1
2/1/2026 3:00,83,6,0.1
2/1/2026 3:15,83,6,0.1
2/1/2026 3:30,83,6,0.1
2/1/2026 3:45,83,6,0.1
2/1/2026 4:00,83,6,0.1
2/1/2026 4:15,83,5,0.1
2/1/2026 4:30,83,5,0.1
2/1/2026 4:45,83,5,0.1
2/1/2026 5:00,83,5,0.1
2/1/2026 5:15,83,5,0.1
2/1/2026 5:30,83,5,0.1
2/1/2026 5:45,83,5,0.1
2/1/2026 6:00,83,5,0.1
2/1/2026 6:15,83,5,0.1
2/1/2026 6:30,83,5,0.1
2/1/2026 6:45,83,5,0.1
2/1/2026 7:00,83,5,0.1
2/1/2026 7:15,83,5,0.1
2/1/2026 7:30,83,5,0.1
2/1/2026 7:45,83,5,0.1
2/1/2026 8:00,83,5,0.1
2/1/2026 8:15,84,5,0.1
2/1/2026 8:30,83,5,0.1
2/1/2026 8:45,83,5,0.1
2/1/2026 9:00,83,5,0.1
2/1/2026 9:15,84,5,0.1
2/1/2026 9:30,83,5,0.1
2/1/2026 9:45,83,5,0.1
2/1/2026 10:00,83,5,0.1
2/1/2026 10:15,84,5,0.1
2/1/2026 10:30,83,5,0.1
2/1/2026 10:45,83,5,0.1
2/1/2026 11:00,83,5,0.1
2/1/2026 11:15,84,6,0.1
2/1/2026 11:30,83,6,0.1
2/1/2026 11:45,83,6,0.1
2/1/2026 12:00,83,6,0.1
2/1/2026 12:15,83,6,0.1
2/1/2026 12:30,83,5,0.1
2/1/2026 12:45,83,6,0.1
2/1/2026 13:00,84,6,0.1
2/1/2026 13:15,83,6,0.1
2/1/2026 13:30,83,6,0.1
2/1/2026 13:45,83,6,0.1
2/1/2026 14:00,84,5,0.1
2/1/2026 14:15,84,5,0.1
2/1/2026 14:30,84,5,0.1
2/1/2026 14:45,84,5,0.1
2/1/2026 15:00,84,5,0.1
2/1/2026 15:15,84,5,0.1
2/1/2026 15:30,84,5,0.1
2/1/2026 15:45,84,5,0.1
2/1/2026 16:00,84,5,0.1
2/1/2026 16:15,84,5,0.1
2/1/2026 16:30,84,5,0.1
2/1/2026 16:45,84,5,0.1
2/1/2026 17:00,84,5,0.1
2/1/2026 17:15,84,6,0.1
2/1/2026 17:30,84,6,0.1
2/1/2026 17:45,84,6,0.1
2/1/2026 18:00,84,6,0.1
2/1/2026 18:15,84,6,0.1
2/1/2026 18:30,84,6,0.1
2/1/2026 18:45,84,6,0.1
2/1/2026 19:00,84,5,0.1
2/1/2026 19:15,84,5,0.1
2/1/2026 19:30,84,6,0.1
2/1/2026 19:45,84,6,0.1
2/1/2026 20:00,84,6,0.1
2/1/2026 20:15,84,6,0.1
2/1/2026 20:30,84,6,0.1
2/1/2026 20:45,84,6,0.1
2/1/2026 21:00,84,6,0.1
2/1/2026 21:15,84,5,0.1
2/1/2026 21:30,84,5,0.1
2/1/2026 21:45,84,5,0.1
2/1/2026 22:00,84,5,0.1
2/1/2026 22:15,84,5,0.1
2/1/2026 22:30,84,5,0.1
2/1/2026 22:45,84,5,0.1
2/1/2026 23:00,84,5,0.1
2/1/2026 23:15,84,5,0.1
2/1/2026 23:30,84,5,0.1
2/1/2026 23:45,84,5,0.1
2/2/2026 0:00,84,5,0.1
2/2/2026 0:15,84,5,0.1
2/2/2026 0:30,84,5,0.1
2/2/2026 0:45,84,5,0.1
2/2/2026 1:00,84,5,0.1
2/2/2026 1:15,84,5,0.1
2/2/2026 1:30,84,5,0.1
2/2/2026 1:45,84,5,0.1
2/2/2026 2:00,84,5,0.1
2/2/2026 2:15,84,5,0.1
2/2/2026 2:30,84,5,0.1
2/2/2026 2:45,84,5,0.1
2/2/2026 3:00,84,5,0.1
2/2/2026 3:15,84,5,0.1
2/2/2026 3:30,84,5,0.1
2/2/2026 3:45,84,5,0.1
2/2/2026 4:00,84,5,0.1
2/2/2026 4:15,84,5,0.1
2/2/2026 4:30,84,5,0.1
2/2/2026 4:45,84,5,0.1
2/2/2026 5:00,84,5,0.1
2/2/2026 5:15,84,5,0.1
2/2/2026 5:30,84,5,0.1
2/2/2026 5:45,84,5,0.1
2/2/2026 6:00,84,5,0.1
2/2/2026 6:15,84,5,0.1
2/2/2026 6:30,84,5,0.1
2/2/2026 6:45,84,5,0.1
2/2/2026 7:00,84,5,0.1
2/2/2026 7:15,84,5,0.1
2/2/2026 7:30,84,5,0.1
2/2/2026 7:45,84,5,0.1
2/2/2026 8:00,84,5,0.1
2/2/2026 8:15,84,5,0.1
2/2/2026 8:30,84,5,0.1
2/2/2026 8:45,84,5,0.1
2/2/2026 9:00,84,5,0.1
2/2/2026 9:15,84,5,0.1
2/2/2026 9:30,84,5,0.1
2/2/2026 9:45,84,5,0.1
2/2/2026 10:00,84,5,0.1
2/2/2026 10:15,84,5,0.1
2/2/2026 10:30,84,5,0.1
2/2/2026 10:45,84,5,0.1
2/2/2026 11:00,84,5,0.1
2/2/2026 11:15,84,5,0.1
2/2/2026 11:30,84,5,0.1
2/2/2026 11:45,84,5,0.1
2/2/2026 12:00,84,6,0.1
2/2/2026 12:15,84,6,0.1
2/2/2026 12:30,84,6,0.1
2/2/2026 12:45,84,6,0.1
2/2/2026 13:00,84,6,0.1
2/2/2026 13:15,84,6,0.1
2/2/2026 13:30,84,6,0.1
2/2/2026 13:45,84,6,0.1
2/2/2026 14:00,84,6,0.1
2/2/2026 14:15,84,6,0.1
2/2/2026 14:30,84,6,0.1
2/2/2026 14:45,84,6,0.1
2/2/2026 15:00,84,5,0.1
2/2/2026 15:15,84,6,0.1
2/2/2026 15:30,84,6,0.1
2/2/2026 15:45,84,6,0.1
2/2/2026 16:00,84,5,0.1
2/2/2026 16:15,84,5,0.1
2/2/2026 16:30,84,6,0.1
2/2/2026 16:45,84,6,0.1
2/2/2026 17:00,84,6,0.1
2/2/2026 17:15,84,6,0.1
2/2/2026 17:30,84,6,0.1
2/2/2026 17:45,84,6,0.1
2/2/2026 18:00,84,6,0.1
2/2/2026 18:15,84,5,0.1
2/2/2026 18:30,84,5,0.1
2/2/2026 18:45,84,6,0.1
2/2/2026 19:00,84,6,0.1
2/2/2026 19:15,84,6,0.1
2/2/2026 19:30,84,6,0.1
2/2/2026 19:45,84,6,0.1
2/2/2026 20:00,84,6,0.1
2/2/2026 20:15,84,6,0.1
2/2/2026 20:30,84,6,0.1
2/2/2026 20:45,84,6,0.1
2/2/2026 21:00,84,6,0.1
2/2/2026 21:15,84,6,0.1
2/2/2026 21:30,84,6,0.1
2/2/2026 21:45,84,6,0.1
2/2/2026 22:00,84,6,0.1
2/2/2026 22:15,84,6,0.1
2/2/2026 22:30,84,6,0.1
2/2/2026 22:45,84,6,0.1
2/2/2026 23:00,84,6,0.1
2/2/2026 23:15,84,6,0.1
2/2/2026 23:30,84,6,0.1
2/2/2026 23:45,84,6,0.1
2/3/2026 0:00,84,6,0.1
2/3/2026 0:15,84,6,0.1
2/3/2026 0:30,84,6,0.1
2/3/2026 0:45,84,6,0.1
2/3/2026 1:00,84,5,0.1
2/3/2026 1:15,84,5,0.1
2/3/2026 1:30,84,5,0.1
2/3/2026 1:45,84,5,0.1
2/3/2026 2:00,84,5,0.1
2/3/2026 2:15,84,5,0.1
2/3/2026 2:30,84,5,0.1
2/3/2026 2:45,84,5,0.1
2/3/2026 3:00,84,5,0.1
2/3/2026 3:15,84,5,0.1
2/3/2026 3:30,84,5,0.1
2/3/2026 3:45,84,5,0.1
2/3/2026 4:00,84,5,0.1
2/3/2026 4:15,84,5,0.1
2/3/2026 4:30,84,5,0.1
2/3/2026 4:45,84,5,0.1
2/3/2026 5:00,84,5,0.1
2/3/2026 5:15,84,5,0.1
2/3/2026 5:30,84,5,0.1
2/3/2026 5:45,84,5,0.1
2/3/2026 6:00,84,5,0.1
2/3/2026 6:15,84,5,0.1
2/3/2026 6:30,84,5,0.1
2/3/2026 6:45,84,5,0.1
2/3/2026 7:00,84,5,0.1
2/3/2026 7:15,84,5,0.1
2/3/2026 7:30,84,5,0.1
2/3/2026 7:45,84,5,0.1
2/3/2026 8:00,84,5,0.1
2/3/2026 8:15,84,5,0.1
2/3/2026 8:30,84,5,0.1
2/3/2026 8:45,84,5,0.1
2/3/2026 9:00,84,5,0.1
2/3/2026 9:15,84,5,0.1
2/3/2026 9:30,84,5,0.1
2/3/2026 9:45,84,5,0.1
2/3/2026 10:00,84,5,0.1
2/3/2026 10:15,84,5,0.1
2/3/2026 10:30,84,5,0.1
2/3/2026 10:45,84,5,0.1
2/3/2026 11:00,84,6,0.1
2/3/2026 11:15,84,6,0.1
2/3/2026 11:30,84,6,0.1
2/3/2026 11:45,84,6,0.1
2/3/2026 12:00,84,6,0.1
2/3/2026 12:15,84,6,0.1
2/3/2026 12:30,84,6,0.1
2/3/2026 12:45,84,6,0.1
2/3/2026 13:00,84,6,0.1
2/3/2026 13:15,84,6,0.1
2/3/2026 13:30,84,6,0.1
2/3/2026 13:45,84,6,0.1
2/3/2026 14:00,84,6,0.1
2/3/2026 14:15,84,7,0.1
2/3/2026 14:30,84,7,0.1
2/3/2026 14:45,84,7,0.1
2/3/2026 15:00,84,7,0.1
2/3/2026 15:15,84,7,0.1
2/3/2026 15:30,84,7,0.1
2/3/2026 15:45,84,7,0.1
2/3/2026 16:00,84,7,0.1
2/3/2026 16:15,84,7,0.1
2/3/2026 16:30,84,7,0.1
2/3/2026 16:45,84,6,0.1
2/3/2026 17:00,84,6,0.1
2/3/2026 17:15,84,6,0.1
2/3/2026 17:30,84,6,0.1
2/3/2026 17:45,84,6,0.1
2/3/2026 18:00,84,6,0.1
2/3/2026 18:15,84,6,0.1
2/3/2026 18:30,85,6,0.1
2/3/2026 18:45,84,6,0.1
2/3/2026 19:00,84,6,0.1
2/3/2026 19:15,84,6,0.1
2/3/2026 19:30,85,6,0.1
2/3/2026 19:45,84,6,0.1
2/3/2026 20:00,85,6,0.1
2/3/2026 20:15,85,6,0.1
2/3/2026 20:30,85,6,0.1
2/3/2026 20:45,85,6,0.1
2/3/2026 21:00,85,6,0.1
2/3/2026 21:15,85,6,0.1
2/3/2026 21:30,85,6,0.1
2/3/2026 21:45,85,6,0.1
2/3/2026 22:00,85,6,0.1
2/3/2026 22:15,85,6,0.1
2/3/2026 22:30,85,6,0.1
2/3/2026 22:45,85,6,0.1
2/3/2026 23:00,85,6,0.1
2/3/2026 23:15,85,6,0.1
2/3/2026 23:30,85,6,0.1
2/3/2026 23:45,85,6,0.1
2/4/2026 0:00,85,6,0.1
2/4/2026 0:15,85,6,0.1
2/4/2026 0:30,85,6,0.1
2/4/2026 0:45,85,6,0.1
2/4/2026 1:00,85,6,0.1
2/4/2026 1:15,85,6,0.1
2/4/2026 1:30,85,6,0.1
2/4/2026 1:45,85,6,0.1
2/4/2026 2:00,85,6,0.1
2/4/2026 2:15,85,6,0.1
2/4/2026 2:30,85,6,0.1
2/4/2026 2:45,85,6,0.1
2/4/2026 3:00,85,6,0.1
2/4/2026 3:15,85,6,0.1
2/4/2026 3:30,85,6,0.1
2/4/2026 3:45,85,6,0.1
2/4/2026 4:00,85,6,0.1
2/4/2026 4:15,85,6,0.1
2/4/2026 4:30,85,6,0.1
2/4/2026 4:45,85,6,0.1
2/4/2026 5:00,85,6,0.1
2/4/2026 5:15,85,6,0.1
2/4/2026 5:30,85,6,0.1
2/4/2026 5:45,85,6,0.1
2/4/2026 6:00,85,6,0.1
2/4/2026 6:15,85,6,0.1
2/4/2026 6:30,85,6,0.1
2/4/2026 6:45,85,6,0.1
2/4/2026 7:00,85,6,0.1
2/4/2026 7:15,85,6,0.1
2/4/2026 7:30,86,6,0.1
2/4/2026 7:45,86,6,0.1
2/4/2026 8:00,85,6,0.1
2/4/2026 8:15,85,6,0.1
2/4/2026 8:30,85,6,0.1
2/4/2026 8:45,85,6,0.1
2/4/2026 9:00,85,6,0.1
2/4/2026 9:15,86,6,0.1
2/4/2026 9:30,86,6,0.1
2/4/2026 9:45,85,6,0.1
2/4/2026 10:00,86,6,0.1
2/4/2026 10:15,86,6,0.1
2/4/2026 10:30,86,6,0.1
2/4/2026 10:45,85,6,0.1
2/4/2026 11:00,86,6,0.1
2/4/2026 11:15,86,6,0.1
2/4/2026 11:30,86,6,0.1
2/4/2026 11:45,86,6,0.1
2/4/2026 12:00,86,6,0.1
2/4/2026 12:15,86,6,0.1
2/4/2026 12:30,86,6,0.1
2/4/2026 12:45,86,6,0.1
2/4/2026 13:00,86,6,0.1
2/4/2026 13:15,86,6,0.1
2/4/2026 13:30,86,6,0.1
2/4/2026 13:45,86,6,0.1
2/4/2026 14:00,86,7,0.1
2/4/2026 14:15,86,7,0.1
2/4/2026 14:30,86,7,0.1
2/4/2026 14:45,86,6,0.1
2/4/2026 15:00,86,6,0.1
2/4/2026 15:15,86,6,0.1
2/4/2026 15:30,86,6,0.1
2/4/2026 15:45,86,6,0.1
2/4/2026 16:00,86,6,0.1
2/4/2026 16:15,86,7,0.1
2/4/2026 16:30,86,7,0.1
2/4/2026 16:45,86,6,0.1
2/4/2026 17:00,86,6,0.1
2/4/2026 17:15,86,6,0.1
2/4/2026 17:30,86,6,0.1
2/4/2026 17:45,86,6,0.1
2/4/2026 18:00,87,6,0.1
2/4/2026 18:15,87,6,0.1
2/4/2026 18:30,87,6,0.1
2/4/2026 18:45,87,6,0.1
2/4/2026 19:00,87,6,0.1
2/4/2026 19:15,87,6,0.1
2/4/2026 19:30,88,6,0.1
2/4/2026 19:45,88,7,0.1
2/4/2026 20:00,88,6,0.1
2/4/2026 20:15,89,6,0.1
2/4/2026 20:30,89,6,0.1
2/4/2026 20:45,89,6,0.1
2/4/2026 21:00,89,6,0.1
2/4/2026 21:15,89,6,0.1
2/4/2026 21:30,89,6,0.1
2/4/2026 21:45,89,6,0.1
2/4/2026 22:00,89,6,0.1
2/4/2026 22:15,90,6,0.1
2/4/2026 22:30,90,6,0.1
2/4/2026 22:45,90,7,0.1
2/4/2026 23:00,90,7,0.1
2/4/2026 23:15,90,6,0.1
2/4/2026 23:30,90,6,0.1
2/4/2026 23:45,90,6,0.1
2/5/2026 0:00,90,6,0.1
2/5/2026 0:15,90,6,0.1
2/5/2026 0:30,90,7,0.1
2/5/2026 0:45,90,6,0.1
2/5/2026 1:00,90,6,0.1
2/5/2026 1:15,90,6,0.1
2/5/2026 1:30,90,6,0.1
2/5/2026 1:45,90,6,0.1
2/5/2026 2:00,90,6,0.1
2/5/2026 2:15,90,6,0.1
2/5/2026 2:30,90,6,0.1
2/5/2026 2:45,90,6,0.1
2/5/2026 3:00,90,6,0.1
2/5/2026 3:15,90,6,0.1
2/5/2026 3:30,90,6,0.1
2/5/2026 3:45,90,6,0.1
2/5/2026 4:00,90,6,0.1
2/5/2026 4:15,91,7,0.1
2/5/2026 4:30,91,6,0.1
2/5/2026 4:45,91,6,0.1
2/5/2026 5:00,91,7,0.1
2/5/2026 5:15,91,7,0.1
2/5/2026 5:30,91,6,0.1
2/5/2026 5:45,91,6,0.1
2/5/2026 6:00,91,6,0.1
2/5/2026 6:15,91,6,0.1
2/5/2026 6:30,91,6,0.1
2/5/2026 6:45,91,6,0.1
2/5/2026 7:00,91,6,0.1
2/5/2026 7:15,91,6,0.1
2/5/2026 7:30,91,7,0.1
2/5/2026 7:45,91,7,0.1
2/5/2026 8:00,91,7,0.1
2/5/2026 8:15,91,7,0.1
2/5/2026 8:30,91,7,0.1
2/5/2026 8:45,91,7,0.1
2/5/2026 9:00,91,7,0.1
2/5/2026 9:15,91,7,0.1
2/5/2026 9:30,91,6,0.1
2/5/2026 9:45,91,6,0.1
2/5/2026 10:00,91,6,0.1
2/5/2026 10:15,91,6,0.1
2/5/2026 10:30,91,7,0.1
2/5/2026 10:45,91,7,0.1
2/5/2026 11:00,91,7,0.1
2/5/2026 11:15,91,7,0.1
2/5/2026 11:30,91,7,0.1
2/5/2026 11:45,--,--,--
2/5/2026 12:00,--,--,--
2/5/2026 12:15,--,--,--
2/5/2026 12:30,--,--,--
2/5/2026 12:45,--,--,--
2/5/2026 13:00,--,--,--
2/5/2026 13:15,--,--,--
2/5/2026 13:30,--,--,--
2/5/2026 13:45,--,--,--
2/5/2026 14:00,--,--,--
2/5/2026 14:15,--,--,--
2/5/2026 14:30,--,--,--
2/5/2026 14:45,--,--,--
2/5/2026 15:00,--,--,--
2/5/2026 15:15,--,--,--
2/5/2026 15:30,--,--,--
2/5/2026 15:45,77,8,0.1
2/5/2026 16:00,77,8,0.1
2/5/2026 16:15,77,8,0.1
2/5/2026 16:30,77,8,0.1
2/5/2026 16:45,77,8,0.1
2/5/2026 17:00,77,8,0.1
2/5/2026 17:15,77,8,0.1
2/5/2026 17:30,77,8,0.1
2/5/2026 17:45,77,8,0.1
2/5/2026 18:00,77,8,0.1
2/5/2026 18:15,77,8,0.1
2/5/2026 18:30,77,8,0.1
2/5/2026 18:45,77,8,0.1
2/5/2026 19:00,77,8,0.1
2/5/2026 19:15,77,8,0.1
2/5/2026 19:30,77,8,0.1
2/5/2026 19:45,77,8,0.1
2/5/2026 20:00,77,8,0.1
2/5/2026 20:15,77,8,0.1
2/5/2026 20:30,77,8,0.1
2/5/2026 20:45,77,8,0.1
2/5/2026 21:00,77,8,0.1
2/5/2026 21:15,77,8,0.1
2/5/2026 21:30,77,8,0.1
2/5/2026 21:45,77,8,0.1
2/5/2026 22:00,77,8,0.1
2/5/2026 22:15,77,8,0.1
2/5/2026 22:30,77,8,0.1
2/5/2026 22:45,77,8,0.1
2/5/2026 23:00,77,8,0.1
2/5/2026 23:15,77,8,0.1
2/5/2026 23:30,77,8,0.1
2/5/2026 23:45,77,8,0.1
2/6/2026 0:00,77,8,0.1
2/6/2026 0:15,77,8,0.1
2/6/2026 0:30,77,8,0.1
2/6/2026 0:45,77,8,0.1
2/6/2026 1:00,77,8,0.1
2/6/2026 1:15,77,8,0.1
2/6/2026 1:30,77,8,0.1
2/6/2026 1:45,77,8,0.1
2/6/2026 2:00,77,8,0.1
2/6/2026 2:15,77,8,0.1
2/6/2026 2:30,77,8,0.1
2/6/2026 2:45,77,8,0.1
2/6/2026 3:00,76,8,0.1
2/6/2026 3:15,76,8,0.1
2/6/2026 3:30,77,8,0.1
2/6/2026 3:45,76,8,0.1
2/6/2026 4:00,76,8,0.1
2/6/2026 4:15,76,8,0.1
2/6/2026 4:30,76,8,0.1
2/6/2026 4:45,76,8,0.1
2/6/2026 5:00,76,8,0.1
2/6/2026 5:15,76,8,0.1
2/6/2026 5:30,76,7,0.1
2/6/2026 5:45,76,7,0.1
2/6/2026 6:00,76,7,0.1
2/6/2026 6:15,76,7,0.1
2/6/2026 6:30,76,7,0.1
2/6/2026 6:45,76,7,0.1
2/6/2026 7:00,76,7,0.1
2/6/2026 7:15,76,7,0.1
2/6/2026 7:30,76,7,0.1
2/6/2026 7:45,76,7,0.1
2/6/2026 8:00,76,7,0.1
2/6/2026 8:15,76,7,0.1
2/6/2026 8:30,76,7,0.1
2/6/2026 8:45,76,7,0.1
2/6/2026 9:00,76,7,0.1
2/6/2026 9:15,76,7,0.1
2/6/2026 9:30,76,7,0.1
2/6/2026 9:45,76,7,0.1
2/6/2026 10:00,76,7,0.1
2/6/2026 10:15,76,7,0.1
2/6/2026 10:30,76,7,0.1
2/6/2026 10:45,76,7,0.1
2/6/2026 11:00,76,7,0.1
2/6/2026 11:15,76,7,0.1
2/6/2026 11:30,76,7,0.1
2/6/2026 11:45,76,8,0.1
2/6/2026 12:00,77,8,0.1
2/6/2026 12:15,77,8,0.1
2/6/2026 12:30,77,8,0.1
2/6/2026 12:45,77,8,0.1
2/6/2026 13:00,76,8,0.1
2/6/2026 13:15,77,8,0.1
2/6/2026 13:30,77,8,0.1
2/6/2026 13:45,77,8,0.1
2/6/2026 14:00,77,8,0.1
2/6/2026 14:15,77,8,0.1
2/6/2026 14:30,76,8,0.1
2/6/2026 14:45,77,8,0.1
2/6/2026 15:00,77,8,0.1
2/6/2026 15:15,77,8,0.1
2/6/2026 15:30,77,8,0.1
2/6/2026 15:45,77,8,0.1
2/6/2026 16:00,77,8,0.1
2/6/2026 16:15,76,8,0.1
2/6/2026 16:30,76,8,0.1
2/6/2026 16:45,76,8,0.1
2/6/2026 17:00,77,8,0.1
2/6/2026 17:15,77,8,0.1
2/6/2026 17:30,77,8,0.1
2/6/2026 17:45,76,8,0.1
2/6/2026 18:00,77,8,0.1
2/6/2026 18:15,77,8,0.1
2/6/2026 18:30,77,8,0.1
2/6/2026 18:45,77,8,0.1
2/6/2026 19:00,77,8,0.1
2/6/2026 19:15,77,8,0.1
2/6/2026 19:30,77,8,0.1
2/6/2026 19:45,77,8,0.1
2/6/2026 20:00,76,8,0.1
2/6/2026 20:15,77,8,0.1
2/6/2026 20:30,77,8,0.1
2/6/2026 20:45,77,8,0.1
2/6/2026 21:00,77,8,0.1
2/6/2026 21:15,77,8,0.1
2/6/2026 21:30,77,8,0.1
2/6/2026 21:45,77,8,0.1
2/6/2026 22:00,77,8,0.1
2/6/2026 22:15,76,8,0.1
2/6/2026 22:30,77,8,0.1
2/6/2026 22:45,76,8,0.1
2/6/2026 23:00,76,8,0.1
2/6/2026 23:15,76,8,0.1
2/6/2026 23:30,76,8,0.1
2/6/2026 23:45,77,8,0.1
2/7/2026 0:00,77,8,0.1
2/7/2026 0:15,76,8,0.1
2/7/2026 0:30,76,8,0.1
2/7/2026 0:45,76,8,0.1
2/7/2026 1:00,76,8,0.1
2/7/2026 1:15,76,8,0.1
2/7/2026 1:30,77,8,0.1
2/7/2026 1:45,77,8,0.1
2/7/2026 2:00,76,8,0.1
2/7/2026 2:15,77,8,0.1
2/7/2026 2:30,76,8,0.1
2/7/2026 2:45,76,8,0.1
2/7/2026 3:00,76,8,0.1
2/7/2026 3:15,77,8,0.1
2/7/2026 3:30,76,8,0.1
2/7/2026 3:45,77,8,0.1
2/7/2026 4:00,77,8,0.1
2/7/2026 4:15,77,8,0.1
2/7/2026 4:30,76,8,0.1
2/7/2026 4:45,77,8,0.1
2/7/2026 5:00,77,8,0.1
2/7/2026 5:15,76,8,0.1
2/7/2026 5:30,76,8,0.1
2/7/2026 5:45,76,8,0.1
2/7/2026 6:00,76,8,0.1
2/7/2026 6:15,76,8,0.1
2/7/2026 6:30,77,8,0.1
2/7/2026 6:45,76,8,0.1
2/7/2026 7:00,77,8,0.1
2/7/2026 7:15,76,8,0.1
2/7/2026 7:30,76,8,0.1
2/7/2026 7:45,76,8,0.1
2/7/2026 8:00,76,8,0.1
2/7/2026 8:15,76,8,0.1
2/7/2026 8:30,77,8,0.1
2/7/2026 8:45,76,8,0.1
2/7/2026 9:00,76,8,0.1
2/7/2026 9:15,76,8,0.1
2/7/2026 9:30,76,8,0.1
2/7/2026 9:45,76,8,0.1
2/7/2026 10:00,76,8,0.1
2/7/2026 10:15,77,8,0.1
2/7/2026 10:30,77,8,0.1
2/7/2026 10:45,76,8,0.1
2/7/2026 11:00,76,8,0.1
2/7/2026 11:15,76,8,0.1
2/7/2026 11:30,77,8,0.1
2/7/2026 11:45,76,8,0.1
2/7/2026 12:00,77,8,0.1
2/7/2026 12:15,77,8,0.1
2/7/2026 12:30,77,8,0.1
2/7/2026 12:45,76,8,0.1
2/7/2026 13:00,77,8,0.1
2/7/2026 13:15,77,8,0.1
2/7/2026 13:30,77,8,0.1
2/7/2026 13:45,77,8,0.1
2/7/2026 14:00,77,8,0.1
2/7/2026 14:15,76,8,0.1
2/7/2026 14:30,76,8,0.1
2/7/2026 14:45,77,8,0.1
2/7/2026 15:00,76,8,0.1
2/7/2026 15:15,76,8,0.1
2/7/2026 15:30,76,8,0.1
2/7/2026 15:45,76,8,0.1
2/7/2026 16:00,77,8,0.1
2/7/2026 16:15,76,8,0.1
2/7/2026 16:30,76,8,0.1
2/7/2026 16:45,76,8,0.1
2/7/2026 17:00,76,8,0.1
2/7/2026 17:15,76,8,0.1
2/7/2026 17:30,76,8,0.1
2/7/2026 17:45,76,8,0.1
2/7/2026 18:00,76,8,0.1
2/7/2026 18:15,76,8,0.1
2/7/2026 18:30,76,8,0.1
2/7/2026 18:45,76,8,0.1
2/7/2026 19:00,76,8,0.1
2/7/2026 19:15,76,8,0.1
2/7/2026 19:30,76,8,0.1
2/7/2026 19:45,76,9,0.1
2/7/2026 20:00,76,9,0.1
2/7/2026 20:15,76,9,0.1
2/7/2026 20:30,76,9,0.1
2/7/2026 20:45,76,8,0.1
2/7/2026 21:00,76,8,0.1
2/7/2026 21:15,76,8,0.1
2/7/2026 21:30,76,8,0.1
2/7/2026 21:45,76,8,0.1
2/7/2026 22:00,76,8,0.1
2/7/2026 22:15,76,8,0.1
2/7/2026 22:30,76,8,0.1
2/7/2026 22:45,76,8,0.1
2/7/2026 23:00,76,8,0.1
2/7/2026 23:15,76,8,0.1
2/7/2026 23:30,76,8,0.1
2/7/2026 23:45,76,8,0.1
2/8/2026 0:00,76,8,0.1
2/8/2026 0:15,76,8,0.1
2/8/2026 0:30,76,8,0.1
2/8/2026 0:45,76,8,0.1
2/8/2026 1:00,76,8,0.1
2/8/2026 1:15,76,8,0.1
2/8/2026 1:30,76,8,0.1
2/8/2026 1:45,76,8,0.1
2/8/2026 2:00,76,8,0.1
2/8/2026 2:15,76,8,0.1
2/8/2026 2:30,76,8,0.1
2/8/2026 2:45,76,8,0.1
2/8/2026 3:00,76,8,0.1
2/8/2026 3:15,75,8,0.1
2/8/2026 3:30,76,8,0.1
2/8/2026 3:45,76,8,0.1
2/8/2026 4:00,76,8,0.1
2/8/2026 4:15,76,8,0.1
2/8/2026 4:30,75,8,0.1
2/8/2026 4:45,76,8,0.1
2/8/2026 5:00,75,8,0.1
2/8/2026 5:15,75,8,0.1
2/8/2026 5:30,75,8,0.1
2/8/2026 5:45,75,8,0.1
2/8/2026 6:00,75,8,0.1
2/8/2026 6:15,76,8,0.1
2/8/2026 6:30,75,8,0.1
2/8/2026 6:45,76,8,0.1
2/8/2026 7:00,75,8,0.1
2/8/2026 7:15,76,8,0.1
2/8/2026 7:30,75,8,0.1
2/8/2026 7:45,75,8,0.1
2/8/2026 8:00,75,8,0.1
2/8/2026 8:15,75,8,0.1
2/8/2026 8:30,75,8,0.1
2/8/2026 8:45,75,8,0.1
2/8/2026 9:00,75,8,0.1
2/8/2026 9:15,75,8,0.1
2/8/2026 9:30,75,8,0.1
2/8/2026 9:45,75,8,0.1
2/8/2026 10:00,76,8,0.1
2/8/2026 10:15,75,8,0.1
2/8/2026 10:30,76,8,0.1
2/8/2026 10:45,75,8,0.1
2/8/2026 11:00,76,8,0.1
2/8/2026 11:15,76,8,0.1
2/8/2026 11:30,76,8,0.1
2/8/2026 11:45,76,8,0.1
2/8/2026 12:00,76,8,0.1
2/8/2026 12:15,76,8,0.1
2/8/2026 12:30,76,8,0.1
2/8/2026 12:45,76,8,0.1
2/8/2026 13:00,76,8,0.1
2/8/2026 13:15,76,8,0.1
2/8/2026 13:30,76,8,0.1
2/8/2026 13:45,76,8,0.1
2/8/2026 14:00,76,8,0.1
2/8/2026 14:15,76,8,0.1
2/8/2026 14:30,76,8,0.1
2/8/2026 14:45,76,8,0.1
2/8/2026 15:00,76,8,0.1
2/8/2026 15:15,76,8,0.1
2/8/2026 15:30,76,8,0.1
2/8/2026 15:45,76,8,0.1
2/8/2026 16:00,76,8,0.1
2/8/2026 16:15,76,8,0.1
2/8/2026 16:30,76,8,0.1
2/8/2026 16:45,76,8,0.1
2/8/2026 17:00,76,8,0.1
2/8/2026 17:15,76,8,0.1
2/8/2026 17:30,76,8,0.1
2/8/2026 17:45,76,8,0.1
2/8/2026 18:00,76,8,0.1
2/8/2026 18:15,76,8,0.1
2/8/2026 18:30,76,8,0.1
2/8/2026 18:45,76,8,0.1
2/8/2026 19:00,76,8,0.1
2/8/2026 19:15,76,8,0.1
2/8/2026 19:30,76,8,0.1
2/8/2026 19:45,76,8,0.1
2/8/2026 20:00,76,8,0.1
2/8/2026 20:15,76,8,0.1
2/8/2026 20:30,76,8,0.1
2/8/2026 20:45,76,8,0.1
2/8/2026 21:00,76,8,0.1
2/8/2026 21:15,76,8,0.1
2/8/2026 21:30,76,8,0.1
2/8/2026 21:45,76,8,0.1
2/8/2026 22:00,76,8,0.1
2/8/2026 22:15,76,8,0.1
2/8/2026 22:30,76,8,0.1
2/8/2026 22:45,76,8,0.1
2/8/2026 23:00,76,8,0.1
2/8/2026 23:15,76,8,0.1
2/8/2026 23:30,76,8,0.1
2/8/2026 23:45,76,8,0.1
2/9/2026 0:00,76,8,0.1
2/9/2026 0:15,76,8,0.1
2/9/2026 0:30,76,8,0.1
2/9/2026 0:45,76,8,0.1
2/9/2026 1:00,76,8,0.1
2/9/2026 1:15,76,8,0.1
2/9/2026 1:30,76,8,0.1
2/9/2026 1:45,75,8,0.1
2/9/2026 2:00,76,8,0.1
2/9/2026 2:15,75,8,0.1
2/9/2026 2:30,76,8,0.1
2/9/2026 2:45,76,8,0.1
2/9/2026 3:00,76,8,0.1
2/9/2026 3:15,76,8,0.1
2/9/2026 3:30,75,8,0.1
2/9/2026 3:45,75,8,0.1
2/9/2026 4:00,75,8,0.1
2/9/2026 4:15,75,8,0.1
2/9/2026 4:30,75,8,0.1
2/9/2026 4:45,75,8,0.1
2/9/2026 5:00,75,8,0.1
2/9/2026 5:15,75,8,0.1
2/9/2026 5:30,75,8,0.1
2/9/2026 5:45,75,8,0.1
2/9/2026 6:00,75,8,0.1
2/9/2026 6:15,75,8,0.1
2/9/2026 6:30,75,8,0.1
2/9/2026 6:45,75,8,0.1
2/9/2026 7:00,75,8,0.1
2/9/2026 7:15,75,8,0.1
2/9/2026 7:30,75,8,0.1
2/9/2026 7:45,75,8,0.1
2/9/2026 8:00,75,8,0.1
2/9/2026 8:15,75,8,0.1
2/9/2026 8:30,75,8,0.1
2/9/2026 8:45,75,8,0.1
2/9/2026 9:00,75,8,0.1
2/9/2026 9:15,75,8,0.1
2/9/2026 9:30,75,8,0.1
2/9/2026 9:45,75,8,0.1
2/9/2026 10:00,75,8,0.1
2/9/2026 10:15,75,8,0.1
2/9/2026 10:30,75,8,0.1
2/9/2026 10:45,75,8,0.1
2/9/2026 11:00,75,8,0.1
2/9/2026 11:15,75,8,0.1
2/9/2026 11:30,75,8,0.1
2/9/2026 11:45,76,8,0.1
2/9/2026 12:00,75,8,0.1
2/9/2026 12:15,75,8,0.1
2/9/2026 12:30,75,8,0.1
2/9/2026 12:45,76,8,0.1
2/9/2026 13:00,76,8,0.1
2/9/2026 13:15,76,8,0.1
2/9/2026 13:30,76,8,0.1
2/9/2026 13:45,76,8,0.1
2/9/2026 14:00,76,8,0.1
2/9/2026 14:15,76,8,0.1
2/9/2026 14:30,76,8,0.1
2/9/2026 14:45,76,8,0.1
2/9/2026 15:00,76,8,0.1
2/9/2026 15:15,76,9,0.1
2/9/2026 15:30,76,9,0.1
2/9/2026 15:45,76,9,0.1
2/9/2026 16:00,76,9,0.1
2/9/2026 16:15,76,9,0.1
2/9/2026 16:30,76,9,0.1
2/9/2026 16:45,76,9,0.1
2/9/2026 17:00,76,9,0.1
2/9/2026 17:15,76,9,0.1
2/9/2026 17:30,75,9,0.1
2/9/2026 17:45,75,9,0.1
2/9/2026 18:00,75,9,0.1
2/9/2026 18:15,75,9,0.1
2/9/2026 18:30,75,9,0.1
2/9/2026 18:45,75,9,0.1
2/9/2026 19:00,75,9,0.1
2/9/2026 19:15,75,9,0.1
2/9/2026 19:30,75,9,0.1
2/9/2026 19:45,75,9,0.1
2/9/2026 20:00,75,9,0.1
2/9/2026 20:15,75,9,0.1
2/9/2026 20:30,75,9,0.1
2/9/2026 20:45,75,9,0.1
2/9/2026 21:00,75,9,0.1
2/9/2026 21:15,75,8,0.1
2/9/2026 21:30,75,8,0.1
2/9/2026 21:45,75,8,0.1
2/9/2026 22:00,75,8,0.1
2/9/2026 22:15,75,8,0.1
2/9/2026 22:30,75,8,0.1
2/9/2026 22:45,75,8,0.1
2/9/2026 23:00,75,8,0.1
2/9/2026 23:15,75,8,0.1
2/9/2026 23:30,75,8,0.1
2/9/2026 23:45,75,8,0.1
2/10/2026 0:00,75,8,0.1
2/10/2026 0:15,75,8,0.1
2/10/2026 0:30,75,8,0.1
2/10/2026 0:45,75,8,0.1
2/10/2026 1:00,75,8,0.1
2/10/2026 1:15,75,8,0.1
2/10/2026 1:30,75,8,0.1
2/10/2026 1:45,75,8,0.1
2/10/2026 2:00,75,8,0.1
2/10/2026 2:15,75,8,0.1
2/10/2026 2:30,75,8,0.1
2/10/2026 2:45,75,8,0.1
2/10/2026 3:00,75,8,0.1
2/10/2026 3:15,75,8,0.1
2/10/2026 3:30,75,8,0.1
2/10/2026 3:45,75,8,0.1
2/10/2026 4:00,75,8,0.1
2/10/2026 4:15,75,8,0.1
2/10/2026 4:30,75,8,0.1
2/10/2026 4:45,75,8,0.1
2/10/2026 5:00,75,8,0.1
2/10/2026 5:15,75,8,0.1
2/10/2026 5:30,75,8,0.1
2/10/2026 5:45,75,8,0.1
2/10/2026 6:00,75,8,0.1
2/10/2026 6:15,75,8,0.1
2/10/2026 6:30,75,8,0.1
2/10/2026 6:45,75,8,0.1
2/10/2026 7:00,75,8,0.1
2/10/2026 7:15,75,8,0.1
2/10/2026 7:30,75,8,0.1
2/10/2026 7:45,75,8,0.1
2/10/2026 8:00,75,8,0.1
2/10/2026 8:15,75,8,0.1
2/10/2026 8:30,75,8,0.1
2/10/2026 8:45,75,8,0.1
2/10/2026 9:00,75,8,0.1
2/10/2026 9:15,75,8,0.1
2/10/2026 9:30,75,8,0.1
2/10/2026 9:45,75,8,0.1
2/10/2026 10:00,75,8,0.1
2/10/2026 10:15,75,8,0.1
2/10/2026 10:30,75,8,0.1
2/10/2026 10:45,75,8,0.1
2/10/2026 11:00,75,8,0.1
2/10/2026 11:15,75,8,0.1
2/10/2026 11:30,75,8,0.1
2/10/2026 11:45,75,8,0.1
2/10/2026 12:00,75,8,0.1
2/10/2026 12:15,75,8,0.1
2/10/2026 12:30,75,8,0.1
2/10/2026 12:45,75,8,0.1
2/10/2026 13:00,75,8,0.1
2/10/2026 13:15,75,8,0.1
2/10/2026 13:30,75,8,0.1
2/10/2026 13:45,75,8,0.1
2/10/2026 14:00,75,8,0.1
2/10/2026 14:15,75,8,0.1
2/10/2026 14:30,75,8,0.1
2/10/2026 14:45,75,8,0.1
2/10/2026 15:00,75,8,0.1
2/10/2026 15:15,75,8,0.1
2/10/2026 15:30,75,8,0.1
2/10/2026 15:45,75,8,0.1
2/10/2026 16:00,75,8,0.1
2/10/2026 16:15,75,8,0.1
2/10/2026 16:30,75,8,0.1
2/10/2026 16:45,75,8,0.1
2/10/2026 17:00,75,8,0.1
2/10/2026 17:15,75,8,0.1
2/10/2026 17:30,75,8,0.1
2/10/2026 17:45,75,8,0.1
2/10/2026 18:00,75,8,0.1
2/10/2026 18:15,75,8,0.1
2/10/2026 18:30,75,8,0.1
2/10/2026 18:45,75,8,0.1
2/10/2026 19:00,75,8,0.1
2/10/2026 19:15,75,8,0.1
2/10/2026 19:30,75,8,0.1
2/10/2026 19:45,75,8,0.1
2/10/2026 20:00,75,8,0.1
2/10/2026 20:15,75,8,0.1
2/10/2026 20:30,75,8,0.1
2/10/2026 20:45,75,8,0.1
2/10/2026 21:00,75,8,0.1
2/10/2026 21:15,75,8,0.1
2/10/2026 21:30,75,8,0.1
2/10/2026 21:45,75,8,0.1
2/10/2026 22:00,75,8,0.1
2/10/2026 22:15,75,8,0.1
2/10/2026 22:30,75,8,0.1
2/10/2026 22:45,75,8,0.1
2/10/2026 23:00,75,8,0.1
2/10/2026 23:15,75,8,0.1
2/10/2026 23:30,75,8,0.1
2/10/2026 23:45,75,8,0.1
2/11/2026 0:00,75,8,0.1
2/11/2026 0:15,75,8,0.1
2/11/2026 0:30,75,8,0.1
2/11/2026 0:45,75,8,0.1
2/11/2026 1:00,75,8,0.1
2/11/2026 1:15,75,8,0.1
2/11/2026 1:30,75,8,0.1
2/11/2026 1:45,75,8,0.1
2/11/2026 2:00,75,8,0.1
2/11/2026 2:15,75,8,0.1
2/11/2026 2:30,75,8,0.1
2/11/2026 2:45,75,8,0.1
2/11/2026 3:00,75,8,0.1
2/11/2026 3:15,75,8,0.1
2/11/2026 3:30,75,8,0.1
2/11/2026 3:45,75,9,0.1
2/11/2026 4:00,75,9,0.1
2/11/2026 4:15,75,9,0.1
2/11/2026 4:30,75,9,0.1
2/11/2026 4:45,75,9,0.1
2/11/2026 5:00,75,9,0.1
2/11/2026 5:15,75,9,0.1
2/11/2026 5:30,75,9,0.1
2/11/2026 5:45,75,9,0.1
2/11/2026 6:00,75,9,0.1
2/11/2026 6:15,75,9,0.1
2/11/2026 6:30,75,9,0.1
2/11/2026 6:45,75,9,0.1
2/11/2026 7:00,75,9,0.1
2/11/2026 7:15,75,9,0.1
2/11/2026 7:30,75,9,0.1
2/11/2026 7:45,75,9,0.1
2/11/2026 8:00,75,9,0.1
2/11/2026 8:15,75,9,0.1
2/11/2026 8:30,75,9,0.1
2/11/2026 8:45,75,9,0.1
2/11/2026 9:00,75,9,0.1
2/11/2026 9:15,75,9,0.1
2/11/2026 9:30,75,9,0.1
2/11/2026 9:45,75,9,0.1
2/11/2026 10:00,75,9,0.1
2/11/2026 10:15,75,9,0.1
2/11/2026 10:30,75,9,0.1
2/11/2026 10:45,75,9,0.1
2/11/2026 11:00,75,9,0.1
2/11/2026 11:15,75,9,0.1
2/11/2026 11:30,76,9,0.1
2/11/2026 11:45,75,9,0.1
2/11/2026 12:00,76,9,0.1
2/11/2026 12:15,76,9,0.1
2/11/2026 12:30,76,9,0.1
2/11/2026 12:45,76,9,0.1
2/11/2026 13:00,76,9,0.1
2/11/2026 13:15,76,9,0.1
2/11/2026 13:30,75,9,0.1
2/11/2026 13:45,75,9,0.1
2/11/2026 14:00,75,9,0.1
2/11/2026 14:15,76,9,0.1
2/11/2026 14:30,76,9,0.1
2/11/2026 14:45,75,9,0.1
2/11/2026 15:00,75,9,0.1
2/11/2026 15:15,75,9,0.1
2/11/2026 15:30,75,9,0.1
2/11/2026 15:45,75,9,0.1
2/11/2026 16:00,75,9,0.1
2/11/2026 16:15,75,9,0.1
2/11/2026 16:30,75,9,0.1
2/11/2026 16:45,75,9,0.1
2/11/2026 17:00,75,9,0.1
2/11/2026 17:15,75,9,0.1
2/11/2026 17:30,75,9,0.1
2/11/2026 17:45,75,9,0.1
2/11/2026 18:00,75,9,0.1
2/11/2026 18:15,75,9,0.1
2/11/2026 18:30,75,9,0.1
2/11/2026 18:45,75,9,0.1
2/11/2026 19:00,75,9,0.1
2/11/2026 19:15,75,9,0.1
2/11/2026 19:30,75,9,0.1
2/11/2026 19:45,75,9,0.1
2/11/2026 20:00,75,9,0.1
2/11/2026 20:15,76,9,0.1
2/11/2026 20:30,76,9,0.1
2/11/2026 20:45,75,9,0.1
2/11/2026 21:00,76,9,0.1
2/11/2026 21:15,75,9,0.1
2/11/2026 21:30,75,9,0.1
2/11/2026 21:45,75,9,0.1
2/11/2026 22:00,75,9,0.1
2/11/2026 22:15,75,9,0.1
2/11/2026 22:30,75,9,0.1
2/11/2026 22:45,75,9,0.1
2/11/2026 23:00,75,9,0.1
2/11/2026 23:15,75,9,0.1
2/11/2026 23:30,75,9,0.1
2/11/2026 23:45,75,9,0.1
2/12/2026 0:00,75,9,0.1
2/12/2026 0:15,75,9,0.1
2/12/2026 0:30,75,9,0.1
2/12/2026 0:45,75,9,0.1
2/12/2026 1:00,75,9,0.1
2/12/2026 1:15,75,9,0.1
2/12/2026 1:30,75,9,0.1
2/12/2026 1:45,75,9,0.1
2/12/2026 2:00,75,9,0.1
2/12/2026 2:15,75,9,0.1
2/12/2026 2:30,75,9,0.1
2/12/2026 2:45,75,9,0.1
2/12/2026 3:00,75,9,0.1
2/12/2026 3:15,75,9,0.1
2/12/2026 3:30,75,9,0.1
2/12/2026 3:45,75,9,0.1
2/12/2026 4:00,75,9,0.1
2/12/2026 4:15,75,9,0.1
2/12/2026 4:30,75,9,0.1
2/12/2026 4:45,75,9,0.1
2/12/2026 5:00,75,9,0.1
2/12/2026 5:15,75,9,0.1
2/12/2026 5:30,75,9,0.1
2/12/2026 5:45,75,9,0.1
2/12/2026 6:00,75,9,0.1
2/12/2026 6:15,75,9,0.1
2/12/2026 6:30,75,9,0.1
2/12/2026 6:45,75,9,0.1
2/12/2026 7:00,75,9,0.1
2/12/2026 7:15,75,9,0.1
2/12/2026 7:30,75,9,0.1
2/12/2026 7:45,75,9,0.1
2/12/2026 8:00,75,9,0.1
2/12/2026 8:15,75,9,0.1
2/12/2026 8:30,75,9,0.1
2/12/2026 8:45,75,9,0.1
2/12/2026 9:00,75,9,0.1
2/12/2026 9:15,75,9,0.1
2/12/2026 9:30,75,9,0.1
2/12/2026 9:45,75,9,0.1
2/12/2026 10:00,75,9,0.1
2/12/2026 10:15,75,9,0.1
2/12/2026 10:30,75,9,0.1
2/12/2026 10:45,75,9,0.1
2/12/2026 11:00,75,9,0.1
2/12/2026 11:15,75,9,0.1
2/12/2026 11:30,75,9,0.1
2/12/2026 11:45,75,9,0.1
2/12/2026 12:00,75,9,0.1
2/12/2026 12:15,75,9,0.1
2/12/2026 12:30,75,9,0.1
2/12/2026 12:45,75,9,0.1
2/12/2026 13:00,75,9,0.1
2/12/2026 13:15,75,9,0.1
2/12/2026 13:30,75,10,0.1
2/12/2026 13:45,75,10,0.1
2/12/2026 14:00,75,10,0.1
2/12/2026 14:15,75,10,0.1
2/12/2026 14:30,75,10,0.1
2/12/2026 14:45,75,10,0.1
2/12/2026 15:00,75,10,0.1
2/12/2026 15:15,75,10,0.1
2/12/2026 15:30,75,10,0.1
2/12/2026 15:45,75,10,0.1
2/12/2026 16:00,75,10,0.1
2/12/2026 16:15,75,10,0.1
2/12/2026 16:30,75,10,0.1
2/12/2026 16:45,75,10,0.1
2/12/2026 17:00,75,10,0.1
2/12/2026 17:15,75,10,0.1
2/12/2026 17:30,75,10,0.1
2/12/2026 17:45,75,10,0.1
2/12/2026 18:00,75,10,0.1
2/12/2026 18:15,75,10,0.1
2/12/2026 18:30,75,10,0.1
2/12/2026 18:45,75,10,0.1
2/12/2026 19:00,75,10,0.1
2/12/2026 19:15,75,10,0.1
2/12/2026 19:30,75,10,0.1
2/12/2026 19:45,75,10,0.1
2/12/2026 20:00,75,10,0.1
2/12/2026 20:15,75,10,0.1
2/12/2026 20:30,75,10,0.1
2/12/2026 20:45,75,10,0.1
2/12/2026 21:00,75,10,0.1
2/12/2026 21:15,75,10,0.1
2/12/2026 21:30,75,10,0.1
2/12/2026 21:45,75,10,0.1
2/12/2026 22:00,75,10,0.1
2/12/2026 22:15,75,10,0.1
2/12/2026 22:30,75,10,0.1
2/12/2026 22:45,75,10,0.1
2/12/2026 23:00,75,10,0.1
2/12/2026 23:15,75,10,0.1
2/12/2026 23:30,75,10,0.1
2/12/2026 23:45,75,10,0.1
2/13/2026 0:00,75,10,0.1
2/13/2026 0:15,75,10,0.1
2/13/2026 0:30,75,10,0.1
2/13/2026 0:45,75,10,0.1
2/13/2026 1:00,75,10,0.1
2/13/2026 1:15,75,10,0.1
2/13/2026 1:30,75,10,0.1
2/13/2026 1:45,75,10,0.1
2/13/2026 2:00,75,10,0.1
2/13/2026 2:15,75,10,0.1
2/13/2026 2:30,75,10,0.1
2/13/2026 2:45,75,10,0.1
2/13/2026 3:00,75,10,0.1
2/13/2026 3:15,75,10,0.1
2/13/2026 3:30,75,10,0.1
2/13/2026 3:45,75,10,0.1
2/13/2026 4:00,75,10,0.1
2/13/2026 4:15,75,10,0.1
2/13/2026 4:30,75,10,0.1
2/13/2026 4:45,75,10,0.1
2/13/2026 5:00,75,10,0.1
2/13/2026 5:15,75,10,0.1
2/13/2026 5:30,75,10,0.1
2/13/2026 5:45,75,10,0.1
2/13/2026 6:00,75,10,0.1
2/13/2026 6:15,75,10,0.1
2/13/2026 6:30,75,10,0.1
2/13/2026 6:45,75,10,0.1
2/13/2026 7:00,75,10,0.1
2/13/2026 7:15,75,10,0.1
2/13/2026 7:30,75,10,0.1
2/13/2026 7:45,75,10,0.1
2/13/2026 8:00,75,10,0.1
2/13/2026 8:15,75,10,0.1
2/13/2026 8:30,75,10,0.1
2/13/2026 8:45,75,10,0.1
2/13/2026 9:00,75,10,0.1
2/13/2026 9:15,75,10,0.1
2/13/2026 9:30,75,10,0.1
2/13/2026 9:45,75,10,0.1
2/13/2026 10:00,75,10,0.1
2/13/2026 10:15,75,10,0.1
2/13/2026 10:30,75,10,0.1
2/13/2026 10:45,75,10,0.1
2/13/2026 11:00,75,10,0.1
2/13/2026 11:15,75,10,0.1
2/13/2026 11:30,75,10,0.1
2/13/2026 11:45,75,10,0.1
2/13/2026 12:00,75,10,0.1
2/13/2026 12:15,75,10,0.1
2/13/2026 12:30,75,10,0.1
2/13/2026 12:45,75,10,0.1
2/13/2026 13:00,75,10,0.1
2/13/2026 13:15,75,10,0.1
2/13/2026 13:30,75,11,0.1
2/13/2026 13:45,75,11,0.1
2/13/2026 14:00,75,11,0.1
2/13/2026 14:15,75,11,0.1
2/13/2026 14:30,75,11,0.1
2/13/2026 14:45,74,11,0.1
2/13/2026 15:00,75,11,0.1
2/13/2026 15:15,75,11,0.1
2/13/2026 15:30,75,11,0.1
2/13/2026 15:45,75,11,0.1
2/13/2026 16:00,75,11,0.1
2/13/2026 16:15,75,11,0.1
2/13/2026 16:30,75,11,0.1
2/13/2026 16:45,75,11,0.1
2/13/2026 17:00,75,11,0.1
2/13/2026 17:15,75,11,0.1
2/13/2026 17:30,75,11,0.1
2/13/2026 17:45,74,11,0.1
2/13/2026 18:00,74,11,0.1
2/13/2026 18:15,75,11,0.1
2/13/2026 18:30,74,11,0.1
2/13/2026 18:45,74,11,0.1
2/13/2026 19:00,74,11,0.1
2/13/2026 19:15,74,11,0.1
2/13/2026 19:30,74,11,0.1
2/13/2026 19:45,74,11,0.1
2/13/2026 20:00,74,11,0.1
2/13/2026 20:15,74,11,0.1
2/13/2026 20:30,74,11,0.1
2/13/2026 20:45,74,11,0.1
2/13/2026 21:00,74,11,0.1
2/13/2026 21:15,74,11,0.1
2/13/2026 21:30,74,11,0.1
2/13/2026 21:45,74,11,0.1
2/13/2026 22:00,74,11,0.1
2/13/2026 22:15,74,11,0.1
2/13/2026 22:30,74,11,0.1
2/13/2026 22:45,74,11,0.1
2/13/2026 23:00,74,11,0.1
2/13/2026 23:15,74,11,0.1
2/13/2026 23:30,74,11,0.1
2/13/2026 23:45,74,11,0.1
2/14/2026 0:00,74,11,0.1
2/14/2026 0:15,74,11,0.1
2/14/2026 0:30,74,11,0.1
2/14/2026 0:45,74,11,0.1
2/14/2026 1:00,74,11,0.1
2/14/2026 1:15,74,11,0.1
2/14/2026 1:30,74,10,0.1
2/14/2026 1:45,74,10,0.1
2/14/2026 2:00,74,10,0.1
2/14/2026 2:15,74,10,0.1
2/14/2026 2:30,74,10,0.1
2/14/2026 2:45,74,10,0.1
2/14/2026 3:00,74,10,0.1
2/14/2026 3:15,74,10,0.1
2/14/2026 3:30,74,10,0.1
2/14/2026 3:45,74,10,0.1
2/14/2026 4:00,74,10,0.1
2/14/2026 4:15,74,10,0.1
2/14/2026 4:30,74,10,0.1
2/14/2026 4:45,74,10,0.1
2/14/2026 5:00,74,10,0.1
2/14/2026 5:15,74,10,0.1
2/14/2026 5:30,74,10,0.1
2/14/2026 5:45,74,10,0.1
2/14/2026 6:00,74,10,0.1
2/14/2026 6:15,74,10,0.1
2/14/2026 6:30,74,10,0.1
2/14/2026 6:45,74,10,0.1
2/14/2026 7:00,74,10,0.1
2/14/2026 7:15,74,10,0.1
2/14/2026 7:30,74,10,0.1
2/14/2026 7:45,74,10,0.1
2/14/2026 8:00,74,10,0.1
2/14/2026 8:15,74,10,0.1
2/14/2026 8:30,74,10,0.1
2/14/2026 8:45,74,10,0.1
2/14/2026 9:00,74,10,0.1
2/14/2026 9:15,74,10,0.1
2/14/2026 9:30,74,10,0.1
2/14/2026 9:45,74,10,0.1
2/14/2026 10:00,74,10,0.1
2/14/2026 10:15,74,10,0.1
2/14/2026 10:30,74,10,0.1
2/14/2026 10:45,74,10,0.1
2/14/2026 11:00,74,10,0.1
2/14/2026 11:15,74,10,0.1
2/14/2026 11:30,74,10,0.1
2/14/2026 11:45,74,10,0.1
2/14/2026 12:00,74,10,0.1
2/14/2026 12:15,74,10,0.1
2/14/2026 12:30,74,10,0.1
2/14/2026 12:45,74,10,0.1
2/14/2026 13:00,74,10,0.1
2/14/2026 13:15,74,10,0.1
2/14/2026 13:30,74,10,0.1
2/14/2026 13:45,74,11,0.1
2/14/2026 14:00,74,11,0.1
2/14/2026 14:15,74,11,0.1
2/14/2026 14:30,74,11,0.1
2/14/2026 14:45,74,11,0.1
2/14/2026 15:00,74,11,0.1
2/14/2026 15:15,74,11,0.1
2/14/2026 15:30,74,11,0.1
2/14/2026 15:45,74,11,0.1
2/14/2026 16:00,74,11,0.1
2/14/2026 16:15,74,11,0.1
2/14/2026 16:30,74,11,0.1
2/14/2026 16:45,74,11,0.1
2/14/2026 17:00,74,11,0.1
2/14/2026 17:15,74,11,0.1
2/14/2026 17:30,74,11,0.1
2/14/2026 17:45,74,11,0.1
2/14/2026 18:00,74,11,0.1
2/14/2026 18:15,74,11,0.1
2/14/2026 18:30,74,11,0.1
2/14/2026 18:45,74,11,0.1
2/14/2026 19:00,74,11,0.1
2/14/2026 19:15,74,11,0.1
2/14/2026 19:30,74,11,0.1
2/14/2026 19:45,74,11,0.1
2/14/2026 20:00,74,11,0.1
2/14/2026 20:15,74,11,0.1
2/14/2026 20:30,74,11,0.1
2/14/2026 20:45,74,11,0.1
2/14/2026 21:00,74,11,0.1
2/14/2026 21:15,74,11,0.1
2/14/2026 21:30,74,11,0.1
2/14/2026 21:45,74,11,0.1
2/14/2026 22:00,74,11,0.1
2/14/2026 22:15,74,11,0.1
2/14/2026 22:30,74,11,0.1
2/14/2026 22:45,74,11,0.1
2/14/2026 23:00,74,11,0.1
2/14/2026 23:15,74,11,0.1
2/14/2026 23:30,74,11,0.1
2/14/2026 23:45,74,11,0.1
2/15/2026 0:00,74,11,0.1
2/15/2026 0:15,74,11,0.1
2/15/2026 0:30,74,11,0.1
2/15/2026 0:45,74,11,0.1
2/15/2026 1:00,74,11,0.1
2/15/2026 1:15,74,11,0.1
2/15/2026 1:30,74,11,0.1
2/15/2026 1:45,74,11,0.1
2/15/2026 2:00,74,11,0.1
2/15/2026 2:15,74,11,0.1
2/15/2026 2:30,74,11,0.1
2/15/2026 2:45,74,11,0.1
2/15/2026 3:00,74,11,0.1
2/15/2026 3:15,74,11,0.1
2/15/2026 3:30,74,11,0.1
2/15/2026 3:45,74,11,0.1
2/15/2026 4:00,74,11,0.1
2/15/2026 4:15,74,11,0.1
2/15/2026 4:30,74,11,0.1
2/15/2026 4:45,74,11,0.1
2/15/2026 5:00,74,11,0.1
2/15/2026 5:15,74,11,0.1
2/15/2026 5:30,74,11,0.1
2/15/2026 5:45,74,11,0.1
2/15/2026 6:00,74,11,0.1
2/15/2026 6:15,74,11,0.1
2/15/2026 6:30,74,11,0.1
2/15/2026 6:45,74,11,0.1
2/15/2026 7:00,74,11,0.1
2/15/2026 7:15,74,11,0.1
2/15/2026 7:30,74,11,0.1
2/15/2026 7:45,74,11,0.1
2/15/2026 8:00,74,11,0.1
2/15/2026 8:15,74,11,0.1
2/15/2026 8:30,74,11,0.1
2/15/2026 8:45,74,11,0.1
2/15/2026 9:00,74,11,0.1
2/15/2026 9:15,74,11,0.1
2/15/2026 9:30,74,11,0.1
2/15/2026 9:45,74,11,0.1
2/15/2026 10:00,74,11,0.1
2/15/2026 10:15,74,11,0.1
2/15/2026 10:30,74,11,0.1
2/15/2026 10:45,74,11,0.1
2/15/2026 11:00,74,11,0.1
2/15/2026 11:15,74,11,0.1
2/15/2026 11:30,73,11,0.1
2/15/2026 11:45,74,11,0.1
2/15/2026 12:00,74,11,0.1
2/15/2026 12:15,74,11,0.1
2/15/2026 12:30,74,11,0.1
2/15/2026 12:45,74,11,0.1
2/15/2026 13:00,74,11,0.1
2/15/2026 13:15,74,11,0.1
2/15/2026 13:30,74,11,0.1
2/15/2026 13:45,74,11,0.1
2/15/2026 14:00,74,11,0.1
2/15/2026 14:15,74,11,0.1
2/15/2026 14:30,74,11,0.1
2/15/2026 14:45,74,11,0.1
2/15/2026 15:00,74,11,0.1
2/15/2026 15:15,74,11,0.1
2/15/2026 15:30,74,11,0.1
2/15/2026 15:45,74,11,0.1
2/15/2026 16:00,74,11,0.1
2/15/2026 16:15,74,11,0.1
2/15/2026 16:30,75,11,0.1
2/15/2026 16:45,76,11,0.1
2/15/2026 17:00,76,11,0.1
2/15/2026 17:15,76,11,0.1
2/15/2026 17:30,76,11,0.1
2/15/2026 17:45,76,11,0.1
2/15/2026 18:00,76,11,0.1
2/15/2026 18:15,76,11,0.1
2/15/2026 18:30,76,11,0.1
2/15/2026 18:45,76,11,0.1
2/15/2026 19:00,77,11,0.1
2/15/2026 19:15,78,11,0.1
2/15/2026 19:30,78,11,0.1
2/15/2026 19:45,78,11,0.1
2/15/2026 20:00,78,11,0.1
2/15/2026 20:15,78,11,0.1
2/15/2026 20:30,78,11,0.1
2/15/2026 20:45,78,11,0.1
2/15/2026 21:00,78,11,0.1
2/15/2026 21:15,79,11,0.1
2/15/2026 21:30,79,11,0.1
2/15/2026 21:45,79,11,0.1
2/15/2026 22:00,79,11,0.1
2/15/2026 22:15,79,11,0.1
2/15/2026 22:30,79,11,0.1
2/15/2026 22:45,80,11,0.1
2/15/2026 23:00,80,11,0.1
2/15/2026 23:15,79,11,0.1
2/15/2026 23:30,79,11,0.1
2/15/2026 23:45,79,11,0.1
2/16/2026 0:00,79,11,0.1
2/16/2026 0:15,79,11,0.1
2/16/2026 0:30,80,11,0.1
2/16/2026 0:45,79,11,0.1
2/16/2026 1:00,79,11,0.1
2/16/2026 1:15,79,11,0.1
2/16/2026 1:30,79,11,0.1
2/16/2026 1:45,79,11,0.1
2/16/2026 2:00,80,11,0.1
2/16/2026 2:15,80,11,0.1
2/16/2026 2:30,79,11,0.1
2/16/2026 2:45,79,11,0.1
2/16/2026 3:00,80,11,0.1
2/16/2026 3:15,80,11,0.1
2/16/2026 3:30,79,11,0.1
2/16/2026 3:45,79,11,0.1
2/16/2026 4:00,79,11,0.1
2/16/2026 4:15,80,11,0.1
2/16/2026 4:30,79,11,0.1
2/16/2026 4:45,79,11,0.1
2/16/2026 5:00,80,11,0.1
2/16/2026 5:15,79,11,0.1
2/16/2026 5:30,80,11,0.1
2/16/2026 5:45,79,11,0.1
2/16/2026 6:00,80,11,0.1
2/16/2026 6:15,80,11,0.1
2/16/2026 6:30,80,11,0.1
2/16/2026 6:45,80,11,0.1
2/16/2026 7:00,79,11,0.1
2/16/2026 7:15,80,11,0.1
2/16/2026 7:30,79,11,0.1
2/16/2026 7:45,80,11,0.1
2/16/2026 8:00,79,11,0.1
2/16/2026 8:15,80,11,0.1
2/16/2026 8:30,80,11,0.1
2/16/2026 8:45,79,11,0.1
2/16/2026 9:00,80,11,0.1
2/16/2026 9:15,79,11,0.1
2/16/2026 9:30,79,11,0.1
2/16/2026 9:45,79,11,0.1
2/16/2026 10:00,79,11,0.1
2/16/2026 10:15,79,11,0.1
2/16/2026 10:30,79,11,0.1
2/16/2026 10:45,79,11,0.1
2/16/2026 11:00,79,11,0.1
2/16/2026 11:15,79,11,0.1
2/16/2026 11:30,80,11,0.1
2/16/2026 11:45,79,11,0.1
2/16/2026 12:00,79,11,0.1
2/16/2026 12:15,80,11,0.1
2/16/2026 12:30,79,11,0.1
2/16/2026 12:45,80,11,0.1
2/16/2026 13:00,80,11,0.1
2/16/2026 13:15,80,11,0.1
2/16/2026 13:30,79,11,0.1
2/16/2026 13:45,80,11,0.1
2/16/2026 14:00,80,11,0.1
2/16/2026 14:15,79,11,0.1
2/16/2026 14:30,79,11,0.1
2/16/2026 14:45,79,11,0.1
2/16/2026 15:00,80,11,0.1
2/16/2026 15:15,80,11,0.1
2/16/2026 15:30,79,11,0.1
2/16/2026 15:45,80,11,0.1
2/16/2026 16:00,79,11,0.1
2/16/2026 16:15,80,11,0.1
2/16/2026 16:30,79,11,0.1
2/16/2026 16:45,80,11,0.1
2/16/2026 17:00,79,11,0.1
2/16/2026 17:15,79,11,0.1
2/16/2026 17:30,80,11,0.1
2/16/2026 17:45,79,11,0.1
2/16/2026 18:00,79,11,0.1
2/16/2026 18:15,79,11,0.1
2/16/2026 18:30,79,11,0.1
2/16/2026 18:45,79,11,0.1
2/16/2026 19:00,79,11,0.1
2/16/2026 19:15,79,11,0.1
2/16/2026 19:30,79,11,0.1
2/16/2026 19:45,79,11,0.1
2/16/2026 20:00,79,11,0.1
2/16/2026 20:15,79,11,0.1
2/16/2026 20:30,79,11,0.1
2/16/2026 20:45,79,11,0.1
2/16/2026 21:00,79,11,0.1
2/16/2026 21:15,79,11,0.1
2/16/2026 21:30,79,11,0.1
2/16/2026 21:45,79,11,0.1
2/16/2026 22:00,79,11,0.1
2/16/2026 22:15,79,11,0.1
2/16/2026 22:30,79,11,0.1
2/16/2026 22:45,79,11,0.1
2/16/2026 23:00,79,11,0.1
2/16/2026 23:15,79,11,0.1
2/16/2026 23:30,79,11,0.1
2/16/2026 23:45,79,11,0.1
2/17/2026 0:00,79,11,0.1
2/17/2026 0:15,79,11,0.1
2/17/2026 0:30,79,11,0.1
2/17/2026 0:45,79,11,0.1
2/17/2026 1:00,79,11,0.1
2/17/2026 1:15,79,11,0.1
2/17/2026 1:30,79,11,0.1
2/17/2026 1:45,79,11,0.1
2/17/2026 2:00,79,11,0.1
2/17/2026 2:15,79,11,0.1
2/17/2026 2:30,79,11,0.1
2/17/2026 2:45,79,11,0.1
2/17/2026 3:00,79,11,0.1
2/17/2026 3:15,79,11,0.1
2/17/2026 3:30,79,11,0.1
2/17/2026 3:45,79,11,0.1
2/17/2026 4:00,--,--,--
2/17/2026 4:15,79,11,0.1
2/17/2026 4:30,79,11,0.1
2/17/2026 4:45,79,11,0.1
2/17/2026 5:00,79,11,0.1
2/17/2026 5:15,79,11,0.1
2/17/2026 5:30,79,11,0.1
2/17/2026 5:45,79,11,0.1
2/17/2026 6:00,79,11,0.1
2/17/2026 6:15,79,11,0.1
2/17/2026 6:30,79,11,0.1
2/17/2026 6:45,79,11,0.1
2/17/2026 7:00,79,11,0.1
2/17/2026 7:15,79,11,0.1
2/17/2026 7:30,79,11,0.1
2/17/2026 7:45,79,11,0.1
2/17/2026 8:00,79,11,0.1
2/17/2026 8:15,79,11,0.1
2/17/2026 8:30,79,11,0.1
2/17/2026 8:45,79,11,0.1
2/17/2026 9:00,79,11,0.1
2/17/2026 9:15,79,11,0.1
2/17/2026 9:30,79,11,0.1
2/17/2026 9:45,79,11,0.1
2/17/2026 10:00,79,11,0.1
2/17/2026 10:15,79,11,0.1
2/17/2026 10:30,79,12,0.1
2/17/2026 10:45,79,12,0.1
2/17/2026 11:00,79,12,0.1
2/17/2026 11:15,79,12,0.1
2/17/2026 11:30,79,12,0.1
2/17/2026 11:45,79,12,0.1
2/17/2026 12:00,79,12,0.1
2/17/2026 12:15,79,12,0.1
2/17/2026 12:30,79,12,0.1
2/17/2026 12:45,79,12,0.1
2/17/2026 13:00,79,12,0.1
2/17/2026 13:15,79,12,0.1
2/17/2026 13:30,79,12,0.1
2/17/2026 13:45,79,12,0.1
2/17/2026 14:00,79,12,0.1
2/17/2026 14:15,79,12,0.1
2/17/2026 14:30,79,12,0.1
2/17/2026 14:45,79,12,0.1
2/17/2026 15:00,79,12,0.1
2/17/2026 15:15,79,12,0.1
2/17/2026 15:30,79,12,0.1
2/17/2026 15:45,79,12,0.1
2/17/2026 16:00,79,12,0.1
2/17/2026 16:15,79,12,0.1
2/17/2026 16:30,79,12,0.1
2/17/2026 16:45,79,12,0.1
2/17/2026 17:00,79,12,0.1
2/17/2026 17:15,79,12,0.1
2/17/2026 17:30,79,12,0.1
2/17/2026 17:45,79,12,0.1
2/17/2026 18:00,79,12,0.1
2/17/2026 18:15,79,12,0.1
2/17/2026 18:30,79,12,0.1
2/17/2026 18:45,79,12,0.1
2/17/2026 19:00,79,12,0.1
2/17/2026 19:15,79,12,0.1
2/17/2026 19:30,79,12,0.1
2/17/2026 19:45,79,12,0.1
2/17/2026 20:00,79,12,0.1
2/17/2026 20:15,79,12,0.1
2/17/2026 20:30,79,12,0.1
2/17/2026 20:45,79,12,0.1
2/17/2026 21:00,79,12,0.1
2/17/2026 21:15,79,12,0.1
2/17/2026 21:30,79,12,0.1
2/17/2026 21:45,79,12,0.1
2/17/2026 22:00,79,12,0.1
2/17/2026 22:15,79,12,0.1
2/17/2026 22:30,79,12,0.1
2/17/2026 22:45,79,12,0.1
2/17/2026 23:00,79,12,0.1
2/17/2026 23:15,79,12,0.1
2/17/2026 23:30,79,12,0.1
2/17/2026 23:45,79,12,0.1
2/18/2026 0:00,79,12,0.1
2/18/2026 0:15,79,12,0.1
2/18/2026 0:30,79,12,0.1
2/18/2026 0:45,79,12,0.1
2/18/2026 1:00,79,12,0.1
2/18/2026 1:15,79,12,0.1
2/18/2026 1:30,79,12,0.1
2/18/2026 1:45,79,12,0.1
2/18/2026 2:00,79,12,0.1
2/18/2026 2:15,79,12,0.1
2/18/2026 2:30,79,12,0.1
2/18/2026 2:45,79,12,0.1
2/18/2026 3:00,79,12,0.1
2/18/2026 3:15,79,12,0.1
2/18/2026 3:30,79,12,0.1
2/18/2026 3:45,79,12,0.1
2/18/2026 4:00,79,12,0.1
2/18/2026 4:15,79,12,0.1
2/18/2026 4:30,79,12,0.1
2/18/2026 4:45,79,12,0.1
2/18/2026 5:00,79,12,0.1
2/18/2026 5:15,79,12,0.1
2/18/2026 5:30,79,12,0.1
2/18/2026 5:45,79,12,0.1
2/18/2026 6:00,79,12,0.1
2/18/2026 6:15,79,12,0.1
2/18/2026 6:30,79,12,0.1
2/18/2026 6:45,79,12,0.1
2/18/2026 7:00,79,12,0.1
2/18/2026 7:15,79,12,0.1
2/18/2026 7:30,79,12,0.1
2/18/2026 7:45,79,12,0.1
2/18/2026 8:00,79,12,0.1
2/18/2026 8:15,79,12,0.1
2/18/2026 8:30,79,12,0.1
2/18/2026 8:45,79,12,0.1
2/18/2026 9:00,79,12,0.1
2/18/2026 9:15,79,12,0.1
2/18/2026 9:30,79,12,0.1
2/18/2026 9:45,79,12,0.1
2/18/2026 10:00,79,12,0.1
2/18/2026 10:15,79,12,0.1
2/18/2026 10:30,79,12,0.1
2/18/2026 10:45,79,12,0.1
2/18/2026 11:00,79,12,0.1
2/18/2026 11:15,79,12,0.1
2/18/2026 11:30,79,12,0.1
2/18/2026 11:45,79,12,0.1
2/18/2026 12:00,79,12,0.1
2/18/2026 12:15,79,12,0.1
2/18/2026 12:30,79,12,0.1
2/18/2026 12:45,79,12,0.1
2/18/2026 13:00,79,12,0.1
2/18/2026 13:15,79,12,0.1
2/18/2026 13:30,79,12,0.1
2/18/2026 13:45,79,12,0.1
2/18/2026 14:00,79,13,0.1
2/18/2026 14:15,79,13,0.1
2/18/2026 14:30,79,13,0.1
2/18/2026 14:45,79,13,0.1
2/18/2026 15:00,79,13,0.1
2/18/2026 15:15,79,13,0.1
2/18/2026 15:30,79,13,0.1
2/18/2026 15:45,79,13,0.1
2/18/2026 16:00,79,13,0.1
2/18/2026 16:15,79,13,0.1
2/18/2026 16:30,79,13,0.1
2/18/2026 16:45,79,13,0.1
2/18/2026 17:00,79,13,0.1
2/18/2026 17:15,78,13,0.1
2/18/2026 17:30,79,13,0.1
2/18/2026 17:45,79,13,0.1
2/18/2026 18:00,79,13,0.1
2/18/2026 18:15,79,13,0.1
2/18/2026 18:30,79,13,0.1
2/18/2026 18:45,79,13,0.1
2/18/2026 19:00,79,13,0.1
2/18/2026 19:15,79,13,0.1
2/18/2026 19:30,79,13,0.1
2/18/2026 19:45,79,13,0.1
2/18/2026 20:00,79,13,0.1
2/18/2026 20:15,79,13,0.1
2/18/2026 20:30,79,13,0.1
2/18/2026 20:45,79,13,0.1
2/18/2026 21:00,79,13,0.1
2/18/2026 21:15,79,13,0.1
2/18/2026 21:30,79,13,0.1
2/18/2026 21:45,79,13,0.1
2/18/2026 22:00,79,13,0.1
2/18/2026 22:15,79,13,0.1
2/18/2026 22:30,79,13,0.1
2/18/2026 22:45,79,13,0.1
2/18/2026 23:00,79,13,0.1
2/18/2026 23:15,79,13,0.1
2/18/2026 23:30,79,13,0.1
2/18/2026 23:45,79,13,0.1
2/19/2026 0:00,79,13,0.1
2/19/2026 0:15,79,13,0.1
2/19/2026 0:30,79,13,0.1
2/19/2026 0:45,79,13,0.1
2/19/2026 1:00,79,13,0.1
2/19/2026 1:15,79,13,0.1
2/19/2026 1:30,79,13,0.1
2/19/2026 1:45,79,13,0.1
2/19/2026 2:00,79,13,0.1
2/19/2026 2:15,79,13,0.1
2/19/2026 2:30,79,13,0.1
2/19/2026 2:45,79,13,0.1
2/19/2026 3:00,79,13,0.1
2/19/2026 3:15,79,13,0.1
2/19/2026 3:30,79,13,0.1
2/19/2026 3:45,79,13,0.1
2/19/2026 4:00,79,13,0.1
2/19/2026 4:15,79,13,0.1
2/19/2026 4:30,79,13,0.1
2/19/2026 4:45,79,13,0.1
2/19/2026 5:00,79,13,0.1
2/19/2026 5:15,79,13,0.1
2/19/2026 5:30,79,13,0.1
2/19/2026 5:45,79,13,0.1
2/19/2026 6:00,79,13,0.1
2/19/2026 6:15,79,13,0.1
2/19/2026 6:30,79,13,0.1
2/19/2026 6:45,79,13,0.1
2/19/2026 7:00,79,13,0.1
2/19/2026 7:15,79,13,0.1
2/19/2026 7:30,79,13,0.1
2/19/2026 7:45,79,13,0.1
2/19/2026 8:00,79,13,0.1
2/19/2026 8:15,79,13,0.1
2/19/2026 8:30,79,13,0.1
2/19/2026 8:45,79,13,0.1
2/19/2026 9:00,79,13,0.1
2/19/2026 9:15,79,13,0.1
2/19/2026 9:30,79,13,0.1
2/19/2026 9:45,79,13,0.1
2/19/2026 10:00,79,13,0.1
2/19/2026 10:15,79,13,0.1
2/19/2026 10:30,79,13,0.1
2/19/2026 10:45,78,13,0.1
2/19/2026 11:00,78,13,0.1
2/19/2026 11:15,79,13,0.1
2/19/2026 11:30,79,13,0.1
2/19/2026 11:45,79,13,0.1
2/19/2026 12:00,79,13,0.1
2/19/2026 12:15,79,13,0.1
2/19/2026 12:30,79,13,0.1
2/19/2026 12:45,79,13,0.1
2/19/2026 13:00,79,13,0.1
2/19/2026 13:15,79,13,0.1
2/19/2026 13:30,79,13,0.1
2/19/2026 13:45,78,13,0.1
2/19/2026 14:00,79,13,0.1
2/19/2026 14:15,78,13,0.1
2/19/2026 14:30,79,13,0.1
2/19/2026 14:45,78,13,0.1
2/19/2026 15:00,78,13,0.1
2/19/2026 15:15,79,13,0.1
2/19/2026 15:30,79,13,0.1
2/19/2026 15:45,79,13,0.1
2/19/2026 16:00,79,13,0.1
2/19/2026 16:15,79,13,0.1
2/19/2026 16:30,79,13,0.1
2/19/2026 16:45,78,13,0.1
2/19/2026 17:00,79,13,0.1
2/19/2026 17:15,79,13,0.1
2/19/2026 17:30,79,13,0.1
2/19/2026 17:45,79,13,0.1
2/19/2026 18:00,78,13,0.1
2/19/2026 18:15,79,13,0.1
2/19/2026 18:30,78,13,0.1
2/19/2026 18:45,79,13,0.1
2/19/2026 19:00,79,13,0.1
2/19/2026 19:15,79,13,0.1
2/19/2026 19:30,79,13,0.1
2/19/2026 19:45,79,13,0.1
2/19/2026 20:00,79,13,0.1
2/19/2026 20:15,78,13,0.1
2/19/2026 20:30,79,13,0.1
2/19/2026 20:45,79,13,0.1
2/19/2026 21:00,78,13,0.1
2/19/2026 21:15,79,13,0.1
2/19/2026 21:30,79,13,0.1
2/19/2026 21:45,79,13,0.1
2/19/2026 22:00,78,13,0.1
2/19/2026 22:15,78,13,0.1
2/19/2026 22:30,78,13,0.1
2/19/2026 22:45,79,13,0.1
2/19/2026 23:00,78,13,0.1
2/19/2026 23:15,78,13,0.1
2/19/2026 23:30,78,13,0.1
2/19/2026 23:45,78,13,0.1
2/20/2026 0:00,78,13,0.1
2/20/2026 0:15,79,13,0.1
2/20/2026 0:30,78,13,0.1
2/20/2026 0:45,79,13,0.1
2/20/2026 1:00,78,13,0.1
2/20/2026 1:15,79,13,0.1
2/20/2026 1:30,78,13,0.1
2/20/2026 1:45,78,13,0.1
2/20/2026 2:00,78,13,0.1
2/20/2026 2:15,78,13,0.1
2/20/2026 2:30,78,13,0.1
2/20/2026 2:45,78,13,0.1
2/20/2026 3:00,78,13,0.1
2/20/2026 3:15,79,13,0.1
2/20/2026 3:30,78,13,0.1
2/20/2026 3:45,78,13,0.1
2/20/2026 4:00,78,13,0.1
2/20/2026 4:15,78,13,0.1
2/20/2026 4:30,78,13,0.1
2/20/2026 4:45,78,13,0.1
2/20/2026 5:00,78,13,0.1
2/20/2026 5:15,78,13,0.1
2/20/2026 5:30,78,13,0.1
2/20/2026 5:45,78,13,0.1
2/20/2026 6:00,78,13,0.1
2/20/2026 6:15,78,13,0.1
2/20/2026 6:30,78,13,0.1
2/20/2026 6:45,78,13,0.1
2/20/2026 7:00,78,13,0.1
2/20/2026 7:15,78,13,0.1
2/20/2026 7:30,78,13,0.1
2/20/2026 7:45,78,13,0.1
2/20/2026 8:00,78,13,0.1
2/20/2026 8:15,78,13,0.1
2/20/2026 8:30,78,13,0.1
2/20/2026 8:45,78,13,0.1
2/20/2026 9:00,78,13,0.1
2/20/2026 9:15,78,13,0.1
2/20/2026 9:30,78,13,0.1
2/20/2026 9:45,78,13,0.1
2/20/2026 10:00,78,13,0.1
2/20/2026 10:15,78,13,0.1
2/20/2026 10:30,78,13,0.1
2/20/2026 10:45,78,13,0.1
2/20/2026 11:00,78,13,0.1
2/20/2026 11:15,78,13,0.1
2/20/2026 11:30,78,13,0.1
2/20/2026 11:45,78,13,0.1
2/20/2026 12:00,78,13,0.1
2/20/2026 12:15,78,13,0.1
2/20/2026 12:30,78,14,0.1
2/20/2026 12:45,78,14,0.1
2/20/2026 13:00,78,14,0.1
2/20/2026 13:15,78,14,0.1
2/20/2026 13:30,78,14,0.1
2/20/2026 13:45,78,14,0.1
2/20/2026 14:00,78,14,0.1
2/20/2026 14:15,78,14,0.1
2/20/2026 14:30,78,14,0.1
2/20/2026 14:45,78,14,0.1
2/20/2026 15:00,78,14,0.1
2/20/2026 15:15,78,14,0.1
2/20/2026 15:30,78,14,0.1
2/20/2026 15:45,78,14,0.1
2/20/2026 16:00,78,14,0.1
2/20/2026 16:15,78,14,0.1
2/20/2026 16:30,78,14,0.1
2/20/2026 16:45,78,14,0.1
2/20/2026 17:00,78,14,0.1
2/20/2026 17:15,78,14,0.1
2/20/2026 17:30,78,14,0.1
2/20/2026 17:45,78,14,0.1
2/20/2026 18:00,78,14,0.1
2/20/2026 18:15,78,14,0.1
2/20/2026 18:30,78,14,0.1
2/20/2026 18:45,78,14,0.1
2/20/2026 19:00,78,14,0.1
2/20/2026 19:15,78,14,0.1
2/20/2026 19:30,78,14,0.1
2/20/2026 19:45,78,14,0.1
2/20/2026 20:00,78,14,0.1
2/20/2026 20:15,78,14,0.1
2/20/2026 20:30,78,14,0.1
2/20/2026 20:45,78,14,0.1
2/20/2026 21:00,78,14,0.1
2/20/2026 21:15,78,14,0.1
2/20/2026 21:30,78,14,0.1
2/20/2026 21:45,78,14,0.1
2/20/2026 22:00,78,14,0.1
2/20/2026 22:15,78,14,0.1
2/20/2026 22:30,78,14,0.1
2/20/2026 22:45,78,14,0.1
2/20/2026 23:00,78,14,0.1
2/20/2026 23:15,78,14,0.1
2/20/2026 23:30,78,14,0.1
2/20/2026 23:45,78,14,0.1
2/21/2026 0:00,78,14,0.1
2/21/2026 0:15,78,14,0.1
2/21/2026 0:30,78,14,0.1
2/21/2026 0:45,78,14,0.1
2/21/2026 1:00,78,14,0.1
2/21/2026 1:15,78,14,0.1
2/21/2026 1:30,78,14,0.1
2/21/2026 1:45,78,14,0.1
2/21/2026 2:00,78,14,0.1
2/21/2026 2:15,78,14,0.1
2/21/2026 2:30,78,14,0.1
2/21/2026 2:45,78,14,0.1
2/21/2026 3:00,78,14,0.1
2/21/2026 3:15,78,14,0.1
2/21/2026 3:30,78,14,0.1
2/21/2026 3:45,78,14,0.1
2/21/2026 4:00,78,14,0.1
2/21/2026 4:15,78,14,0.1
2/21/2026 4:30,78,14,0.1
2/21/2026 4:45,78,14,0.1
2/21/2026 5:00,78,14,0.1
2/21/2026 5:15,78,14,0.1
2/21/2026 5:30,78,14,0.1
2/21/2026 5:45,78,14,0.1
2/21/2026 6:00,78,14,0.1
2/21/2026 6:15,78,14,0.1
2/21/2026 6:30,78,14,0.1
2/21/2026 6:45,78,14,0.1
2/21/2026 7:00,78,14,0.1
2/21/2026 7:15,78,14,0.1
2/21/2026 7:30,78,14,0.1
2/21/2026 7:45,78,14,0.1
2/21/2026 8:00,78,14,0.1
2/21/2026 8:15,78,14,0.1
2/21/2026 8:30,78,14,0.1
2/21/2026 8:45,78,14,0.1
2/21/2026 9:00,78,14,0.1
2/21/2026 9:15,78,14,0.1
2/21/2026 9:30,78,14,0.1
2/21/2026 9:45,78,14,0.1
2/21/2026 10:00,78,14,0.1
2/21/2026 10:15,78,14,0.1
2/21/2026 10:30,78,14,0.1
2/21/2026 10:45,78,14,0.1
2/21/2026 11:00,78,14,0.1
2/21/2026 11:15,78,14,0.1
2/21/2026 11:30,78,14,0.1
2/21/2026 11:45,78,14,0.1
2/21/2026 12:00,78,14,0.1
2/21/2026 12:15,78,14,0.1
2/21/2026 12:30,78,14,0.1
2/21/2026 12:45,78,14,0.1
2/21/2026 13:00,78,14,0.1
2/21/2026 13:15,78,14,0.1
2/21/2026 13:30,78,14,0.1
2/21/2026 13:45,78,14,0.1
2/21/2026 14:00,78,14,0.1
2/21/2026 14:15,78,14,0.1
2/21/2026 14:30,78,14,0.1
2/21/2026 14:45,78,14,0.1
2/21/2026 15:00,78,14,0.1
2/21/2026 15:15,78,14,0.1
2/21/2026 15:30,78,14,0.1
2/21/2026 15:45,78,14,0.1
2/21/2026 16:00,78,14,0.1
2/21/2026 16:15,79,14,0.1
2/21/2026 16:30,79,14,0.1
2/21/2026 16:45,79,14,0.1
2/21/2026 17:00,79,14,0.1
2/21/2026 17:15,79,14,0.1
2/21/2026 17:30,79,14,0.1
2/21/2026 17:45,79,14,0.1
2/21/2026 18:00,79,14,0.1
2/21/2026 18:15,79,14,0.1
2/21/2026 18:30,79,14,0.1
2/21/2026 18:45,79,14,0.1
2/21/2026 19:00,79,14,0.1
2/21/2026 19:15,79,14,0.1
2/21/2026 19:30,79,14,0.1
2/21/2026 19:45,79,14,0.1
2/21/2026 20:00,79,14,0.1
2/21/2026 20:15,79,14,0.1
2/21/2026 20:30,79,14,0.1
2/21/2026 20:45,79,14,0.1
2/21/2026 21:00,79,14,0.1
2/21/2026 21:15,79,14,0.1
2/21/2026 21:30,79,14,0.1
2/21/2026 21:45,79,14,0.1
2/21/2026 22:00,79,14,0.1
2/21/2026 22:15,79,14,0.1
2/21/2026 22:30,79,14,0.1
2/21/2026 22:45,79,14,0.1
2/21/2026 23:00,79,14,0.1
2/21/2026 23:15,79,14,0.1
2/21/2026 23:30,79,14,0.1
2/21/2026 23:45,79,14,0.1
2/22/2026 0:00,79,14,0.1
2/22/2026 0:15,79,14,0.1
2/22/2026 0:30,79,14,0.1
2/22/2026 0:45,79,14,0.1
2/22/2026 1:00,79,14,0.1
2/22/2026 1:15,79,14,0.1
2/22/2026 1:30,79,14,0.1
2/22/2026 1:45,79,14,0.1
2/22/2026 2:00,79,14,0.1
2/22/2026 2:15,79,14,0.1
2/22/2026 2:30,79,14,0.1
2/22/2026 2:45,79,14,0.1
2/22/2026 3:00,79,14,0.1
2/22/2026 3:15,79,14,0.1
2/22/2026 3:30,79,14,0.1
2/22/2026 3:45,79,14,0.1
2/22/2026 4:00,80,14,0.1
2/22/2026 4:15,80,14,0.1
2/22/2026 4:30,80,14,0.1
2/22/2026 4:45,80,14,0.1
2/22/2026 5:00,80,14,0.1
2/22/2026 5:15,80,14,0.1
2/22/2026 5:30,80,14,0.1
2/22/2026 5:45,80,14,0.1
2/22/2026 6:00,80,14,0.1
2/22/2026 6:15,80,14,0.1
2/22/2026 6:30,80,14,0.1
2/22/2026 6:45,80,14,0.1
2/22/2026 7:00,80,14,0.1
2/22/2026 7:15,80,14,0.1
2/22/2026 7:30,80,14,0.1
2/22/2026 7:45,80,14,0.1
2/22/2026 8:00,80,14,0.1
2/22/2026 8:15,80,14,0.1
2/22/2026 8:30,80,14,0.1
2/22/2026 8:45,80,14,0.1
2/22/2026 9:00,80,14,0.1
2/22/2026 9:15,80,14,0.1
2/22/2026 9:30,80,14,0.1
2/22/2026 9:45,80,14,0.1
2/22/2026 10:00,80,14,0.1
2/22/2026 10:15,80,14,0.1
2/22/2026 10:30,80,14,0.1
2/22/2026 10:45,80,14,0.1
2/22/2026 11:00,80,14,0.1
2/22/2026 11:15,80,14,0.1
2/22/2026 11:30,80,14,0.1
2/22/2026 11:45,80,14,0.1
2/22/2026 12:00,80,14,0.1
2/22/2026 12:15,80,14,0.1
2/22/2026 12:30,80,14,0.1
2/22/2026 12:45,80,14,0.1
2/22/2026 13:00,80,14,0.1
2/22/2026 13:15,80,14,0.1
2/22/2026 13:30,80,14,0.1
2/22/2026 13:45,80,14,0.1
2/22/2026 14:00,80,14,0.1
2/22/2026 14:15,80,14,0.1
2/22/2026 14:30,80,14,0.1
2/22/2026 14:45,80,14,0.1
2/22/2026 15:00,80,14,0.1
2/22/2026 15:15,80,14,0.1
2/22/2026 15:30,80,14,0.1
2/22/2026 15:45,80,15,0.1
2/22/2026 16:00,80,15,0.1
2/22/2026 16:15,80,15,0.1
2/22/2026 16:30,80,15,0.1
2/22/2026 16:45,80,15,0.1
2/22/2026 17:00,81,15,0.1
2/22/2026 17:15,80,15,0.1
2/22/2026 17:30,80,15,0.1
2/22/2026 17:45,80,15,0.1
2/22/2026 18:00,80,15,0.1
2/22/2026 18:15,80,14,0.1
2/22/2026 18:30,80,14,0.1
2/22/2026 18:45,80,14,0.1
2/22/2026 19:00,80,14,0.1
2/22/2026 19:15,80,14,0.1
2/22/2026 19:30,80,14,0.1
2/22/2026 19:45,80,14,0.1
2/22/2026 20:00,80,14,0.1
2/22/2026 20:15,80,14,0.1
2/22/2026 20:30,80,14,0.1
2/22/2026 20:45,80,14,0.1
2/22/2026 21:00,80,14,0.1
2/22/2026 21:15,80,14,0.1
2/22/2026 21:30,80,14,0.1
2/22/2026 21:45,80,14,0.1
2/22/2026 22:00,79,14,0.1
2/22/2026 22:15,79,14,0.1
2/22/2026 22:30,79,14,0.1
2/22/2026 22:45,80,14,0.1
2/22/2026 23:00,80,14,0.1
2/22/2026 23:15,80,14,0.1
2/22/2026 23:30,80,14,0.1
2/22/2026 23:45,80,14,0.1
2/23/2026 0:00,79,14,0.1
2/23/2026 0:15,80,14,0.1
2/23/2026 0:30,80,14,0.1
2/23/2026 0:45,80,14,0.1
2/23/2026 1:00,79,14,0.1
2/23/2026 1:15,80,14,0.1
2/23/2026 1:30,79,14,0.1
2/23/2026 1:45,79,14,0.1
2/23/2026 2:00,80,14,0.1
2/23/2026 2:15,80,14,0.1
2/23/2026 2:30,79,14,0.1
2/23/2026 2:45,79,14,0.1
2/23/2026 3:00,79,14,0.1
2/23/2026 3:15,79,14,0.1
2/23/2026 3:30,79,14,0.1
2/23/2026 3:45,80,14,0.1
2/23/2026 4:00,79,14,0.1
2/23/2026 4:15,79,13,0.1
2/23/2026 4:30,79,13,0.1
2/23/2026 4:45,79,13,0.1
2/23/2026 5:00,80,13,0.1
2/23/2026 5:15,80,13,0.1
2/23/2026 5:30,79,13,0.1
2/23/2026 5:45,79,13,0.1
2/23/2026 6:00,80,13,0.1
2/23/2026 6:15,79,13,0.1
2/23/2026 6:30,80,13,0.1
2/23/2026 6:45,79,13,0.1
2/23/2026 7:00,79,13,0.1
2/23/2026 7:15,79,13,0.1
2/23/2026 7:30,79,13,0.1
2/23/2026 7:45,80,13,0.1
2/23/2026 8:00,79,13,0.1
2/23/2026 8:15,79,13,0.1
2/23/2026 8:30,80,13,0.1
2/23/2026 8:45,79,13,0.1
2/23/2026 9:00,79,13,0.1
2/23/2026 9:15,79,13,0.1
2/23/2026 9:30,79,13,0.1
2/23/2026 9:45,80,13,0.1
2/23/2026 10:00,79,13,0.1
2/23/2026 10:15,79,13,0.1
2/23/2026 10:30,79,13,0.1
2/23/2026 10:45,79,13,0.1
2/23/2026 11:00,79,13,0.1
2/23/2026 11:15,79,13,0.1
2/23/2026 11:30,79,13,0.1
2/23/2026 11:45,79,13,0.1
2/23/2026 12:00,80,13,0.1
2/23/2026 12:15,79,13,0.1
2/23/2026 12:30,79,13,0.1
2/23/2026 12:45,79,13,0.1
2/23/2026 13:00,79,13,0.1
2/23/2026 13:15,79,13,0.1
2/23/2026 13:30,79,13,0.1
2/23/2026 13:45,79,13,0.1
2/23/2026 14:00,79,13,0.1
2/23/2026 14:15,79,13,0.1
2/23/2026 14:30,79,13,0.1
2/23/2026 14:45,79,13,0.1
2/23/2026 15:00,79,13,0.1
2/23/2026 15:15,79,13,0.1
2/23/2026 15:30,79,13,0.1
2/23/2026 15:45,79,13,0.1
2/23/2026 16:00,79,13,0.1
2/23/2026 16:15,79,13,0.1
2/23/2026 16:30,79,13,0.1
2/23/2026 16:45,79,13,0.1
2/23/2026 17:00,79,13,0.1
2/23/2026 17:15,79,13,0.1
2/23/2026 17:30,79,13,0.1
2/23/2026 17:45,79,13,0.1
2/23/2026 18:00,79,13,0.1
2/23/2026 18:15,79,13,0.1
2/23/2026 18:30,79,13,0.1
2/23/2026 18:45,79,13,0.1
2/23/2026 19:00,79,13,0.1
2/23/2026 19:15,79,13,0.1
2/23/2026 19:30,79,13,0.1
2/23/2026 19:45,79,13,0.1
2/23/2026 20:00,79,13,0.1
2/23/2026 20:15,79,13,0.1
2/23/2026 20:30,79,13,0.1
2/23/2026 20:45,79,13,0.1
2/23/2026 21:00,79,13,0.1
2/23/2026 21:15,79,13,0.1
2/23/2026 21:30,79,13,0.1
2/23/2026 21:45,79,13,0.1
2/23/2026 22:00,79,13,0.1
2/23/2026 22:15,79,13,0.1
2/23/2026 22:30,79,13,0.1
2/23/2026 22:45,79,13,0.1
2/23/2026 23:00,79,13,0.1
2/23/2026 23:15,79,13,0.1
2/23/2026 23:30,79,13,0.1
2/23/2026 23:45,79,13,0.1
2/24/2026 0:00,79,13,0.1
2/24/2026 0:15,79,13,0.1
2/24/2026 0:30,79,13,0.1
2/24/2026 0:45,79,13,0.1
2/24/2026 1:00,79,13,0.1
2/24/2026 1:15,79,13,0.1
2/24/2026 1:30,79,13,0.1
2/24/2026 1:45,79,12,0.1
2/24/2026 2:00,79,12,0.1
2/24/2026 2:15,79,12,0.1
2/24/2026 2:30,79,12,0.1
2/24/2026 2:45,79,12,0.1
2/24/2026 3:00,79,12,0.1
2/24/2026 3:15,79,12,0.1
2/24/2026 3:30,79,12,0.1
2/24/2026 3:45,79,12,0.1
2/24/2026 4:00,79,12,0.1
2/24/2026 4:15,79,12,0.1
2/24/2026 4:30,79,12,0.1
2/24/2026 4:45,79,12,0.1
2/24/2026 5:00,79,12,0.1
2/24/2026 5:15,79,12,0.1
2/24/2026 5:30,79,12,0.1
2/24/2026 5:45,79,12,0.1
2/24/2026 6:00,79,12,0.1
2/24/2026 6:15,79,12,0.1
2/24/2026 6:30,79,12,0.1
2/24/2026 6:45,79,12,0.1
2/24/2026 7:00,79,12,0.1
2/24/2026 7:15,79,12,0.1
2/24/2026 7:30,79,12,0.1
2/24/2026 7:45,79,12,0.1
2/24/2026 8:00,79,12,0.1
2/24/2026 8:15,79,12,0.1
2/24/2026 8:30,79,12,0.1
2/24/2026 8:45,79,12,0.1
2/24/2026 9:00,79,12,0.1
2/24/2026 9:15,79,12,0.1
2/24/2026 9:30,79,12,0.1
2/24/2026 9:45,79,12,0.1
2/24/2026 10:00,79,12,0.1
2/24/2026 10:15,79,12,0.1
2/24/2026 10:30,79,12,0.1
2/24/2026 10:45,79,12,0.1
2/24/2026 11:00,79,12,0.1
2/24/2026 11:15,79,12,0.1
2/24/2026 11:30,79,12,0.1
2/24/2026 11:45,79,12,0.1
2/24/2026 12:00,79,12,0.1
2/24/2026 12:15,79,12,0.1
2/24/2026 12:30,79,12,0.1
2/24/2026 12:45,79,12,0.1
2/24/2026 13:00,79,12,0.1
2/24/2026 13:15,79,12,0.1
2/24/2026 13:30,79,12,0.1
2/24/2026 13:45,79,12,0.1
2/24/2026 14:00,79,12,0.1
2/24/2026 14:15,79,12,0.1
2/24/2026 14:30,79,12,0.1
2/24/2026 14:45,79,12,0.1
2/24/2026 15:00,79,12,0.1
2/24/2026 15:15,79,12,0.1
2/24/2026 15:30,79,12,0.1
2/24/2026 15:45,79,12,0.1
2/24/2026 16:00,79,12,0.1
2/24/2026 16:15,79,12,0.1
2/24/2026 16:30,79,12,0.1
2/24/2026 16:45,79,12,0.1
2/24/2026 17:00,79,12,0.1
2/24/2026 17:15,79,12,0.1
2/24/2026 17:30,79,12,0.1
2/24/2026 17:45,79,12,0.1
2/24/2026 18:00,79,12,0.1
2/24/2026 18:15,79,12,0.1
2/24/2026 18:30,79,12,0.1
2/24/2026 18:45,79,12,0.1
2/24/2026 19:00,79,12,0.1
2/24/2026 19:15,79,12,0.1
2/24/2026 19:30,79,12,0.1
2/24/2026 19:45,79,12,0.1
2/24/2026 20:00,79,12,0.1
2/24/2026 20:15,79,12,0.1
2/24/2026 20:30,79,12,0.1
2/24/2026 20:45,79,12,0.1
2/24/2026 21:00,78,12,0.1
2/24/2026 21:15,79,12,0.1
2/24/2026 21:30,79,12,0.1
2/24/2026 21:45,79,12,0.1
2/24/2026 22:00,79,12,0.1
2/24/2026 22:15,79,12,0.1
2/24/2026 22:30,79,12,0.1
2/24/2026 22:45,79,12,0.1
2/24/2026 23:00,79,12,0.1
2/24/2026 23:15,79,12,0.1
2/24/2026 23:30,79,12,0.1
2/24/2026 23:45,79,12,0.1
2/25/2026 0:00,79,12,0.1
2/25/2026 0:15,79,12,0.1
2/25/2026 0:30,79,12,0.1
2/25/2026 0:45,79,12,0.1
2/25/2026 1:00,78,12,0.1
2/25/2026 1:15,79,12,0.1
2/25/2026 1:30,78,12,0.1
2/25/2026 1:45,78,12,0.1
2/25/2026 2:00,79,12,0.1
2/25/2026 2:15,79,12,0.1
2/25/2026 2:30,79,12,0.1
2/25/2026 2:45,79,12,0.1
2/25/2026 3:00,79,12,0.1
2/25/2026 3:15,79,12,0.1
2/25/2026 3:30,79,12,0.1
2/25/2026 3:45,79,12,0.1
2/25/2026 4:00,78,12,0.1
2/25/2026 4:15,79,12,0.1
2/25/2026 4:30,79,12,0.1
2/25/2026 4:45,78,12,0.1
2/25/2026 5:00,78,12,0.1
2/25/2026 5:15,79,12,0.1
2/25/2026 5:30,79,12,0.1
2/25/2026 5:45,78,12,0.1
2/25/2026 6:00,78,12,0.1
2/25/2026 6:15,79,12,0.1
2/25/2026 6:30,78,12,0.1
2/25/2026 6:45,78,12,0.1
2/25/2026 7:00,78,12,0.1
2/25/2026 7:15,78,12,0.1
2/25/2026 7:30,78,12,0.1
2/25/2026 7:45,78,12,0.1
2/25/2026 8:00,79,12,0.1
2/25/2026 8:15,78,12,0.1
2/25/2026 8:30,78,12,0.1
2/25/2026 8:45,78,12,0.1
2/25/2026 9:00,78,12,0.1
2/25/2026 9:15,78,12,0.1
2/25/2026 9:30,79,12,0.1
2/25/2026 9:45,79,12,0.1
2/25/2026 10:00,78,12,0.1
2/25/2026 10:15,78,12,0.1
2/25/2026 10:30,78,12,0.1
2/25/2026 10:45,78,12,0.1
2/25/2026 11:00,78,12,0.1
2/25/2026 11:15,78,12,0.1
2/25/2026 11:30,78,12,0.1
2/25/2026 11:45,78,12,0.1
2/25/2026 12:00,79,12,0.1
2/25/2026 12:15,79,12,0.1
2/25/2026 12:30,79,12,0.1
2/25/2026 12:45,79,12,0.1
2/25/2026 13:00,79,12,0.1
2/25/2026 13:15,78,12,0.1
2/25/2026 13:30,79,12,0.1
2/25/2026 13:45,78,12,0.1
2/25/2026 14:00,78,12,0.1
2/25/2026 14:15,78,12,0.1
2/25/2026 14:30,78,12,0.1
2/25/2026 14:45,79,12,0.1
2/25/2026 15:00,78,12,0.1
2/25/2026 15:15,78,12,0.1
2/25/2026 15:30,78,12,0.1
2/25/2026 15:45,78,12,0.1
2/25/2026 16:00,79,12,0.1
2/25/2026 16:15,78,12,0.1
2/25/2026 16:30,79,12,0.1
2/25/2026 16:45,78,12,0.1
2/25/2026 17:00,78,12,0.1
2/25/2026 17:15,78,12,0.1
2/25/2026 17:30,78,12,0.1
2/25/2026 17:45,78,12,0.1
2/25/2026 18:00,78,12,0.1
2/25/2026 18:15,78,12,0.1
2/25/2026 18:30,78,12,0.1
2/25/2026 18:45,78,12,0.1
2/25/2026 19:00,78,12,0.1
2/25/2026 19:15,78,12,0.1
2/25/2026 19:30,78,12,0.1
2/25/2026 19:45,78,12,0.1
2/25/2026 20:00,78,12,0.1
2/25/2026 20:15,78,12,0.1
2/25/2026 20:30,78,12,0.1
2/25/2026 20:45,78,12,0.1
2/25/2026 21:00,78,12,0.1
2/25/2026 21:15,78,12,0.1
2/25/2026 21:30,78,12,0.1
2/25/2026 21:45,78,12,0.1
2/25/2026 22:00,78,12,0.1
2/25/2026 22:15,78,12,0.1
2/25/2026 22:30,78,12,0.1
2/25/2026 22:45,78,12,0.1
2/25/2026 23:00,78,12,0.1
2/25/2026 23:15,78,12,0.1
2/25/2026 23:30,78,12,0.1
2/25/2026 23:45,78,12,0.1
2/26/2026 0:00,78,12,0.1
2/26/2026 0:15,78,12,0.1
2/26/2026 0:30,78,12,0.1
2/26/2026 0:45,78,12,0.1
2/26/2026 1:00,78,12,0.1
2/26/2026 1:15,78,12,0.1
2/26/2026 1:30,78,12,0.1
2/26/2026 1:45,78,12,0.1
2/26/2026 2:00,78,12,0.1
2/26/2026 2:15,78,12,0.1
2/26/2026 2:30,78,12,0.1
2/26/2026 2:45,78,12,0.1
2/26/2026 3:00,78,12,0.1
2/26/2026 3:15,78,12,0.1
2/26/2026 3:30,78,12,0.1
2/26/2026 3:45,78,12,0.1
2/26/2026 4:00,78,12,0.1
2/26/2026 4:15,78,12,0.1
2/26/2026 4:30,78,12,0.1
2/26/2026 4:45,78,12,0.1
2/26/2026 5:00,78,12,0.1
2/26/2026 5:15,78,12,0.1
2/26/2026 5:30,78,12,0.1
2/26/2026 5:45,78,12,0.1
2/26/2026 6:00,78,12,0.1
2/26/2026 6:15,78,12,0.1
2/26/2026 6:30,78,12,0.1
2/26/2026 6:45,78,12,0.1
2/26/2026 7:00,78,12,0.1
2/26/2026 7:15,78,12,0.1
2/26/2026 7:30,78,12,0.1
2/26/2026 7:45,78,12,0.1
2/26/2026 8:00,78,12,0.1
2/26/2026 8:15,78,12,0.1
2/26/2026 8:30,78,12,0.1
2/26/2026 8:45,78,12,0.1
2/26/2026 9:00,78,12,0.1
2/26/2026 9:15,78,12,0.1
2/26/2026 9:30,78,12,0.1
2/26/2026 9:45,78,12,0.1
2/26/2026 10:00,78,12,0.1
2/26/2026 10:15,78,12,0.1
2/26/2026 10:30,78,12,0.1
2/26/2026 10:45,78,12,0.1
2/26/2026 11:00,78,12,0.1
2/26/2026 11:15,78,12,0.1
2/26/2026 11:30,78,12,0.1
2/26/2026 11:45,78,12,0.1
2/26/2026 12:00,78,12,0.1
2/26/2026 12:15,78,12,0.1
2/26/2026 12:30,78,12,0.1
2/26/2026 12:45,78,12,0.1
2/26/2026 13:00,78,12,0.1
2/26/2026 13:15,78,12,0.1
2/26/2026 13:30,78,12,0.1
2/26/2026 13:45,78,12,0.1
2/26/2026 14:00,78,12,0.1
2/26/2026 14:15,78,12,0.1
2/26/2026 14:30,78,12,0.1
2/26/2026 14:45,78,12,0.1
2/26/2026 15:00,78,12,0.1
2/26/2026 15:15,78,12,0.1
2/26/2026 15:30,78,12,0.1
2/26/2026 15:45,78,12,0.1
2/26/2026 16:00,78,12,0.1
2/26/2026 16:15,78,12,0.1
2/26/2026 16:30,78,12,0.1
2/26/2026 16:45,78,12,0.1
2/26/2026 17:00,78,12,0.1
2/26/2026 17:15,78,12,0.1
2/26/2026 17:30,78,12,0.1
2/26/2026 17:45,78,12,0.1
2/26/2026 18:00,78,12,0.1
2/26/2026 18:15,78,12,0.1
2/26/2026 18:30,79,12,0.1
2/26/2026 18:45,79,12,0.1
2/26/2026 19:00,79,12,0.1
2/26/2026 19:15,79,12,0.1
2/26/2026 19:30,79,12,0.1
2/26/2026 19:45,79,12,0.1
2/26/2026 20:00,79,12,0.1
2/26/2026 20:15,79,12,0.1
2/26/2026 20:30,79,12,0.1
2/26/2026 20:45,79,12,0.1
2/26/2026 21:00,79,12,0.1
2/26/2026 21:15,79,12,0.1
2/26/2026 21:30,79,12,0.1
2/26/2026 21:45,79,12,0.1
2/26/2026 22:00,79,12,0.1
2/26/2026 22:15,79,12,0.1
2/26/2026 22:30,79,12,0.1
2/26/2026 22:45,79,12,0.1
2/26/2026 23:00,79,12,0.1
2/26/2026 23:15,79,12,0.1
2/26/2026 23:30,79,12,0.1
2/26/2026 23:45,79,12,0.1
2/27/2026 0:00,79,12,0.1
2/27/2026 0:15,79,12,0.1
2/27/2026 0:30,79,12,0.1
2/27/2026 0:45,79,12,0.1
2/27/2026 1:00,79,12,0.1
2/27/2026 1:15,79,12,0.1
2/27/2026 1:30,79,12,0.1
2/27/2026 1:45,79,12,0.1
2/27/2026 2:00,79,12,0.1
2/27/2026 2:15,79,12,0.1
2/27/2026 2:30,79,13,0.1
2/27/2026 2:45,79,13,0.1
2/27/2026 3:00,79,13,0.1
2/27/2026 3:15,79,13,0.1
2/27/2026 3:30,79,13,0.1
2/27/2026 3:45,79,13,0.1
2/27/2026 4:00,79,13,0.1
2/27/2026 4:15,79,13,0.1
2/27/2026 4:30,79,13,0.1
2/27/2026 4:45,79,13,0.1
2/27/2026 5:00,79,13,0.1
2/27/2026 5:15,79,13,0.1
2/27/2026 5:30,79,13,0.1
2/27/2026 5:45,79,13,0.1
2/27/2026 6:00,79,13,0.1
2/27/2026 6:15,79,13,0.1
2/27/2026 6:30,79,13,0.1
2/27/2026 6:45,80,13,0.1
2/27/2026 7:00,79,13,0.1
2/27/2026 7:15,79,13,0.1
2/27/2026 7:30,80,13,0.1
2/27/2026 7:45,79,13,0.1
2/27/2026 8:00,79,13,0.1
2/27/2026 8:15,79,13,0.1
2/27/2026 8:30,79,13,0.1
2/27/2026 8:45,80,13,0.1
2/27/2026 9:00,80,13,0.1
2/27/2026 9:15,80,13,0.1
2/27/2026 9:30,80,13,0.1
2/27/2026 9:45,81,13,0.1
2/27/2026 10:00,81,13,0.1
2/27/2026 10:15,81,13,0.1
2/27/2026 10:30,82,13,0.1
2/27/2026 10:45,82,13,0.1
2/27/2026 11:00,82,13,0.1
2/27/2026 11:15,82,13,0.1
2/27/2026 11:30,82,13,0.1
2/27/2026 11:45,82,13,0.1
2/27/2026 12:00,82,13,0.1
2/27/2026 12:15,83,13,0.1
2/27/2026 12:30,83,13,0.1
2/27/2026 12:45,83,13,0.1
2/27/2026 13:00,83,13,0.1
2/27/2026 13:15,84,13,0.1
2/27/2026 13:30,84,13,0.1
2/27/2026 13:45,85,13,0.1
2/27/2026 14:00,85,13,0.1
2/27/2026 14:15,85,13,0.1
2/27/2026 14:30,85,13,0.1
2/27/2026 14:45,85,13,0.1
2/27/2026 15:00,85,13,0.1
2/27/2026 15:15,86,13,0.1
2/27/2026 15:30,86,13,0.1
2/27/2026 15:45,86,13,0.1
2/27/2026 16:00,86,13,0.1
2/27/2026 16:15,86,13,0.1
2/27/2026 16:30,86,13,0.1
2/27/2026 16:45,86,13,0.1
2/27/2026 17:00,86,13,0.1
2/27/2026 17:15,86,13,0.1
2/27/2026 17:30,86,13,0.1
2/27/2026 17:45,86,13,0.1
2/27/2026 18:00,86,13,0.1
2/27/2026 18:15,86,13,0.1
2/27/2026 18:30,86,13,0.1
2/27/2026 18:45,86,13,0.1
2/27/2026 19:00,86,13,0.1
2/27/2026 19:15,86,13,0.1
2/27/2026 19:30,86,13,0.1
2/27/2026 19:45,86,13,0.1
2/27/2026 20:00,86,13,0.1
2/27/2026 20:15,86,13,0.1
2/27/2026 20:30,86,13,0.1
2/27/2026 20:45,86,13,0.1
2/27/2026 21:00,86,13,0.1
2/27/2026 21:15,86,13,0.1
2/27/2026 21:30,86,13,0.1
2/27/2026 21:45,86,13,0.1
2/27/2026 22:00,86,13,0.1
2/27/2026 22:15,86,13,0.1
2/27/2026 22:30,86,13,0.1
2/27/2026 22:45,86,13,0.1
2/27/2026 23:00,86,13,0.1
2/27/2026 23:15,86,13,0.1
2/27/2026 23:30,86,13,0.1
2/27/2026 23:45,86,13,0.1
2/28/2026 0:00,86,13,0.1
2/28/2026 0:15,86,13,0.1
2/28/2026 0:30,86,13,0.1
2/28/2026 0:45,86,13,0.1
2/28/2026 1:00,86,13,0.1
2/28/2026 1:15,86,13,0.1
2/28/2026 1:30,86,13,0.1
2/28/2026 1:45,86,13,0.1
2/28/2026 2:00,86,13,0.1
2/28/2026 2:15,86,13,0.1
2/28/2026 2:30,86,13,0.1
2/28/2026 2:45,86,13,0.1
2/28/2026 3:00,86,13,0.1
2/28/2026 3:15,86,13,0.1
2/28/2026 3:30,86,13,0.1
2/28/2026 3:45,86,13,0.1
2/28/2026 4:00,86,13,0.1
2/28/2026 4:15,86,13,0.1
2/28/2026 4:30,86,13,0.1
2/28/2026 4:45,86,13,0.1
2/28/2026 5:00,86,13,0.1
2/28/2026 5:15,86,13,0.1
2/28/2026 5:30,86,13,0.1
2/28/2026 5:45,86,13,0.1
2/28/2026 6:00,86,13,0.1
2/28/2026 6:15,86,13,0.1
2/28/2026 6:30,86,13,0.1
2/28/2026 6:45,86,13,0.1
2/28/2026 7:00,86,13,0.1
2/28/2026 7:15,86,13,0.1
2/28/2026 7:30,86,13,0.1
2/28/2026 7:45,86,13,0.1
2/28/2026 8:00,86,13,0.1
2/28/2026 8:15,86,13,0.1
2/28/2026 8:30,86,13,0.1
2/28/2026 8:45,86,13,0.1
2/28/2026 9:00,86,13,0.1
2/28/2026 9:15,86,13,0.1
2/28/2026 9:30,86,13,0.1
2/28/2026 9:45,86,13,0.1
2/28/2026 10:00,86,13,0.1
2/28/2026 10:15,86,13,0.1
2/28/2026 10:30,86,13,0.1
2/28/2026 10:45,86,13,0.1
2/28/2026 11:00,86,13,0.1
2/28/2026 11:15,86,13,0.1
2/28/2026 11:30,86,13,0.1
2/28/2026 11:45,86,13,0.1
2/28/2026 12:00,86,13,0.1
2/28/2026 12:15,86,13,0.1
2/28/2026 12:30,86,13,0.1
2/28/2026 12:45,86,13,0.1
2/28/2026 13:00,86,13,0.1
2/28/2026 13:15,86,13,0.1
2/28/2026 13:30,86,13,0.1
2/28/2026 13:45,86,13,0.1
2/28/2026 14:00,86,13,0.1
2/28/2026 14:15,86,13,0.1
2/28/2026 14:30,86,13,0.1
2/28/2026 14:45,86,13,0.1
2/28/2026 15:00,86,13,0.1
2/28/2026 15:15,86,13,0.1
2/28/2026 15:30,86,13,0.1
2/28/2026 15:45,86,13,0.1
2/28/2026 16:00,86,13,0.1
2/28/2026 16:15,86,13,0.1
2/28/2026 16:30,86,13,0.1
2/28/2026 16:45,86,13,0.1
2/28/2026 17:00,86,13,0.1
2/28/2026 17:15,86,13,0.1
2/28/2026 17:30,86,13,0.1
2/28/2026 17:45,86,13,0.1
2/28/2026 18:00,86,13,0.1
2/28/2026 18:15,86,13,0.1
2/28/2026 18:30,86,13,0.1
2/28/2026 18:45,86,13,0.1
2/28/2026 19:00,86,13,0.1
2/28/2026 19:15,86,13,0.1
2/28/2026 19:30,86,13,0.1
2/28/2026 19:45,86,13,0.1
2/28/2026 20:00,86,13,0.1
2/28/2026 20:15,86,13,0.1
2/28/2026 20:30,86,13,0.1
2/28/2026 20:45,86,13,0.1
2/28/2026 21:00,86,13,0.1
2/28/2026 21:15,86,13,0.1
2/28/2026 21:30,86,13,0.1
2/28/2026 21:45,86,13,0.1
2/28/2026 22:00,86,13,0.1
2/28/2026 22:15,86,13,0.1
2/28/2026 22:30,86,13,0.1
2/28/2026 22:45,86,13,0.1
2/28/2026 23:00,86,13,0.1
2/28/2026 23:15,86,13,0.1
2/28/2026 23:30,86,13,0.1
2/28/2026 23:45,86,13,0.1
3/1/2026 0:00,86,13,0.1
3/1/2026 0:15,86,13,0.1
3/1/2026 0:30,86,13,0.1
3/1/2026 0:45,86,13,0.1
3/1/2026 1:00,86,13,0.1
3/1/2026 1:15,86,13,0.1
3/1/2026 1:30,86,13,0.1
3/1/2026 1:45,86,13,0.1
3/1/2026 2:00,86,13,0.1
3/1/2026 2:15,86,13,0.1
3/1/2026 2:30,86,13,0.1
3/1/2026 2:45,86,13,0.1
3/1/2026 3:00,86,13,0.1
3/1/2026 3:15,86,13,0.1
3/1/2026 3:30,86,13,0.1
3/1/2026 3:45,86,13,0.1
3/1/2026 4:00,86,13,0.1
3/1/2026 4:15,86,13,0.1
3/1/2026 4:30,86,13,0.1
3/1/2026 4:45,86,13,0.1
3/1/2026 5:00,86,13,0.1
3/1/2026 5:15,86,13,0.1
3/1/2026 5:30,85,13,0.1
3/1/2026 5:45,86,13,0.1
3/1/2026 6:00,86,13,0.1
3/1/2026 6:15,86,13,0.1
3/1/2026 6:30,85,13,0.1
3/1/2026 6:45,86,13,0.1
3/1/2026 7:00,85,13,0.1
3/1/2026 7:15,86,13,0.1
3/1/2026 7:30,85,13,0.1
3/1/2026 7:45,86,13,0.1
3/1/2026 8:00,85,13,0.1
3/1/2026 8:15,86,13,0.1
3/1/2026 8:30,86,13,0.1
3/1/2026 8:45,85,13,0.1
3/1/2026 9:00,86,13,0.1
3/1/2026 9:15,86,13,0.1
3/1/2026 9:30,86,13,0.1
3/1/2026 9:45,86,13,0.1
3/1/2026 10:00,86,13,0.1
3/1/2026 10:15,86,13,0.1
3/1/2026 10:30,86,13,0.1
3/1/2026 10:45,86,13,0.1
3/1/2026 11:00,86,13,0.1
3/1/2026 11:15,86,13,0.1
3/1/2026 11:30,85,13,0.1
3/1/2026 11:45,86,13,0.1
3/1/2026 12:00,86,13,0.1
3/1/2026 12:15,85,13,0.1
3/1/2026 12:30,85,13,0.1
3/1/2026 12:45,85,13,0.1
3/1/2026 13:00,86,13,0.1
3/1/2026 13:15,85,13,0.1
3/1/2026 13:30,85,13,0.1
3/1/2026 13:45,86,13,0.1
3/1/2026 14:00,85,13,0.1
3/1/2026 14:15,85,13,0.1
3/1/2026 14:30,85,13,0.1
3/1/2026 14:45,85,13,0.1
3/1/2026 15:00,85,13,0.1
3/1/2026 15:15,85,13,0.1
3/1/2026 15:30,85,14,0.1
3/1/2026 15:45,85,14,0.1
3/1/2026 16:00,85,14,0.1
3/1/2026 16:15,85,14,0.1
3/1/2026 16:30,85,14,0.1
3/1/2026 16:45,85,14,0.1
3/1/2026 17:00,85,14,0.1
3/1/2026 17:15,85,14,0.1
3/1/2026 17:30,85,14,0.1
3/1/2026 17:45,85,14,0.1
3/1/2026 18:00,85,14,0.1
3/1/2026 18:15,85,14,0.1
3/1/2026 18:30,85,14,0.1
3/1/2026 18:45,85,14,0.1
3/1/2026 19:00,85,14,0.1
3/1/2026 19:15,85,14,0.1
3/1/2026 19:30,85,14,0.1
3/1/2026 19:45,85,14,0.1
3/1/2026 20:00,85,14,0.1
3/1/2026 20:15,85,14,0.1
3/1/2026 20:30,85,14,0.1
3/1/2026 20:45,85,14,0.1
3/1/2026 21:00,85,14,0.1
3/1/2026 21:15,85,14,0.1
3/1/2026 21:30,85,14,0.1
3/1/2026 21:45,85,14,0.1
3/1/2026 22:00,85,14,0.1
3/1/2026 22:15,85,14,0.1
3/1/2026 22:30,85,14,0.1
3/1/2026 22:45,85,14,0.1
3/1/2026 23:00,85,14,0.1
3/1/2026 23:15,85,14,0.1
3/1/2026 23:30,85,14,0.1
3/1/2026 23:45,85,14,0.1
3/2/2026 0:00,85,14,0.1
3/2/2026 0:15,85,14,0.1
3/2/2026 0:30,85,14,0.1
3/2/2026 0:45,85,14,0.1
3/2/2026 1:00,86,14,0.1
3/2/2026 1:15,85,14,0.1
3/2/2026 1:30,85,14,0.1
3/2/2026 1:45,85,14,0.1
3/2/2026 2:00,85,14,0.1
3/2/2026 2:15,85,14,0.1
3/2/2026 2:30,85,14,0.1
3/2/2026 2:45,85,14,0.1
3/2/2026 3:00,85,14,0.1
3/2/2026 3:15,85,14,0.1
3/2/2026 3:30,85,14,0.1
3/2/2026 3:45,85,14,0.1
3/2/2026 4:00,85,14,0.1
3/2/2026 4:15,85,14,0.1
3/2/2026 4:30,85,14,0.1
3/2/2026 4:45,85,14,0.1
3/2/2026 5:00,85,14,0.1
3/2/2026 5:15,85,14,0.1
3/2/2026 5:30,85,14,0.1
3/2/2026 5:45,85,14,0.1
3/2/2026 6:00,85,14,0.1
3/2/2026 6:15,85,14,0.1
3/2/2026 6:30,85,14,0.1
3/2/2026 6:45,85,14,0.1
3/2/2026 7:00,85,14,0.1
3/2/2026 7:15,85,14,0.1
3/2/2026 7:30,85,14,0.1
3/2/2026 7:45,85,14,0.1
3/2/2026 8:00,85,14,0.1
3/2/2026 8:15,85,14,0.1
3/2/2026 8:30,85,14,0.1
3/2/2026 8:45,85,14,0.1
3/2/2026 9:00,85,14,0.1
3/2/2026 9:15,85,14,0.1
3/2/2026 9:30,85,14,0.1
3/2/2026 9:45,85,14,0.1
3/2/2026 10:00,85,14,0.1
3/2/2026 10:15,85,14,0.1
3/2/2026 10:30,85,14,0.1
3/2/2026 10:45,85,14,0.1
3/2/2026 11:00,85,14,0.1
3/2/2026 11:15,85,14,0.1
3/2/2026 11:30,85,14,0.1
3/2/2026 11:45,85,14,0.1
3/2/2026 12:00,85,14,0.1
3/2/2026 12:15,85,14,0.1
3/2/2026 12:30,85,14,0.1
3/2/2026 12:45,85,14,0.1
3/2/2026 13:00,85,14,0.1
3/2/2026 13:15,85,14,0.1
3/2/2026 13:30,85,14,0.1
3/2/2026 13:45,85,14,0.1
3/2/2026 14:00,85,14,0.1
3/2/2026 14:15,85,14,0.1
3/2/2026 14:30,85,14,0.1
3/2/2026 14:45,85,14,0.1
3/2/2026 15:00,85,14,0.1
3/2/2026 15:15,85,14,0.1
3/2/2026 15:30,85,14,0.1
3/2/2026 15:45,85,14,0.1
3/2/2026 16:00,85,14,0.1
3/2/2026 16:15,85,14,0.1
3/2/2026 16:30,85,14,0.1
3/2/2026 16:45,85,14,0.1
3/2/2026 17:00,85,14,0.1
3/2/2026 17:15,85,14,0.1
3/2/2026 17:30,85,14,0.1
3/2/2026 17:45,85,14,0.1
3/2/2026 18:00,85,14,0.1
3/2/2026 18:15,85,14,0.1
3/2/2026 18:30,85,14,0.1
3/2/2026 18:45,85,14,0.1
3/2/2026 19:00,85,14,0.1
3/2/2026 19:15,85,14,0.1
3/2/2026 19:30,85,14,0.1
3/2/2026 19:45,85,14,0.1
3/2/2026 20:00,85,14,0.1
3/2/2026 20:15,85,14,0.1
3/2/2026 20:30,85,14,0.1
3/2/2026 20:45,85,14,0.1
3/2/2026 21:00,85,14,0.1
3/2/2026 21:15,85,14,0.1
3/2/2026 21:30,85,14,0.1
3/2/2026 21:45,85,14,0.1
3/2/2026 22:00,85,14,0.1
3/2/2026 22:15,85,14,0.1
3/2/2026 22:30,85,14,0.1
3/2/2026 22:45,85,14,0.1
3/2/2026 23:00,85,14,0.1
3/2/2026 23:15,85,14,0.1
3/2/2026 23:30,85,14,0.1
3/2/2026 23:45,85,14,0.1
3/3/2026 0:00,85,14,0.1
3/3/2026 0:15,85,14,0.1
3/3/2026 0:30,85,14,0.1
3/3/2026 0:45,85,14,0.1
3/3/2026 1:00,85,14,0.1
3/3/2026 1:15,85,14,0.1
3/3/2026 1:30,85,14,0.1
3/3/2026 1:45,85,14,0.1
3/3/2026 2:00,85,14,0.1
3/3/2026 2:15,85,14,0.1
3/3/2026 2:30,85,14,0.1
3/3/2026 2:45,85,14,0.1
3/3/2026 3:00,85,14,0.1
3/3/2026 3:15,85,14,0.1
3/3/2026 3:30,85,14,0.1
3/3/2026 3:45,85,14,0.1
3/3/2026 4:00,85,14,0.1
3/3/2026 4:15,85,14,0.1
3/3/2026 4:30,85,14,0.1
3/3/2026 4:45,85,14,0.1
3/3/2026 5:00,85,14,0.1
3/3/2026 5:15,85,14,0.1
3/3/2026 5:30,85,14,0.1
3/3/2026 5:45,85,14,0.1
3/3/2026 6:00,85,14,0.1
3/3/2026 6:15,85,14,0.1
3/3/2026 6:30,85,14,0.1
3/3/2026 6:45,85,14,0.1
3/3/2026 7:00,85,14,0.1
3/3/2026 7:15,85,14,0.1
3/3/2026 7:30,85,14,0.1
3/3/2026 7:45,85,14,0.1
3/3/2026 8:00,85,14,0.1
3/3/2026 8:15,85,14,0.1
3/3/2026 8:30,85,14,0.1
3/3/2026 8:45,85,14,0.1
3/3/2026 9:00,85,14,0.1
3/3/2026 9:15,85,14,0.1
3/3/2026 9:30,85,14,0.1
3/3/2026 9:45,85,14,0.1
3/3/2026 10:00,85,14,0.1
3/3/2026 10:15,85,14,0.1
3/3/2026 10:30,85,14,0.1
3/3/2026 10:45,85,14,0.1
3/3/2026 11:00,85,14,0.1
3/3/2026 11:15,85,14,0.1
3/3/2026 11:30,85,14,0.1
3/3/2026 11:45,85,14,0.1
3/3/2026 12:00,85,14,0.1
3/3/2026 12:15,85,14,0.1
3/3/2026 12:30,85,14,0.1
3/3/2026 12:45,85,14,0.1
3/3/2026 13:00,85,14,0.1
3/3/2026 13:15,85,14,0.1
3/3/2026 13:30,85,14,0.1
3/3/2026 13:45,85,14,0.1
3/3/2026 14:00,85,14,0.1
3/3/2026 14:15,85,14,0.1
3/3/2026 14:30,85,14,0.1
3/3/2026 14:45,85,14,0.1
3/3/2026 15:00,85,14,0.1
3/3/2026 15:15,85,14,0.1
3/3/2026 15:30,85,14,0.1
3/3/2026 15:45,85,14,0.1
3/3/2026 16:00,85,14,0.1
3/3/2026 16:15,85,14,0.1
3/3/2026 16:30,85,14,0.1
3/3/2026 16:45,85,14,0.1
3/3/2026 17:00,85,14,0.1
3/3/2026 17:15,85,14,0.1
3/3/2026 17:30,85,14,0.1
3/3/2026 17:45,85,14,0.1
3/3/2026 18:00,85,14,0.1
3/3/2026 18:15,85,14,0.1
3/3/2026 18:30,85,14,0.1
3/3/2026 18:45,85,14,0.1
3/3/2026 19:00,85,14,0.1
3/3/2026 19:15,85,14,0.1
3/3/2026 19:30,85,14,0.1
3/3/2026 19:45,85,14,0.1
3/3/2026 20:00,84,14,0.1
3/3/2026 20:15,85,14,0.1
3/3/2026 20:30,85,14,0.1
3/3/2026 20:45,85,14,0.1
3/3/2026 21:00,85,14,0.1
3/3/2026 21:15,84,14,0.1
3/3/2026 21:30,85,14,0.1
3/3/2026 21:45,85,14,0.1
3/3/2026 22:00,85,14,0.1
3/3/2026 22:15,85,14,0.1
3/3/2026 22:30,84,14,0.1
3/3/2026 22:45,84,14,0.1
3/3/2026 23:00,85,14,0.1
3/3/2026 23:15,84,14,0.1
3/3/2026 23:30,84,14,0.1
3/3/2026 23:45,85,14,0.1
3/4/2026 0:00,84,14,0.1
3/4/2026 0:15,85,14,0.1
3/4/2026 0:30,85,14,0.1
3/4/2026 0:45,84,14,0.1
3/4/2026 1:00,84,14,0.1
3/4/2026 1:15,84,14,0.1
3/4/2026 1:30,84,14,0.1
3/4/2026 1:45,85,14,0.1
3/4/2026 2:00,84,14,0.1
3/4/2026 2:15,84,14,0.1
3/4/2026 2:30,85,14,0.1
3/4/2026 2:45,84,14,0.1
3/4/2026 3:00,84,14,0.1
3/4/2026 3:15,85,14,0.1
3/4/2026 3:30,84,14,0.1
3/4/2026 3:45,84,14,0.1
3/4/2026 4:00,84,14,0.1
3/4/2026 4:15,84,14,0.1
3/4/2026 4:30,84,14,0.1
3/4/2026 4:45,84,14,0.1
3/4/2026 5:00,84,14,0.1
3/4/2026 5:15,84,14,0.1
3/4/2026 5:30,84,14,0.1
3/4/2026 5:45,84,14,0.1
3/4/2026 6:00,84,14,0.1
3/4/2026 6:15,84,14,0.1
3/4/2026 6:30,84,14,0.1
3/4/2026 6:45,84,14,0.1
3/4/2026 7:00,84,14,0.1
3/4/2026 7:15,84,14,0.1
3/4/2026 7:30,84,14,0.1
3/4/2026 7:45,84,14,0.1
3/4/2026 8:00,84,14,0.1
3/4/2026 8:15,84,14,0.1
3/4/2026 8:30,84,14,0.1
3/4/2026 8:45,84,14,0.1
3/4/2026 9:00,84,14,0.1
3/4/2026 9:15,84,14,0.1
3/4/2026 9:30,84,14,0.1
3/4/2026 9:45,84,14,0.1
3/4/2026 10:00,84,14,0.1
3/4/2026 10:15,84,14,0.1
3/4/2026 10:30,84,14,0.1
3/4/2026 10:45,84,14,0.1
3/4/2026 11:00,84,15,0.1
3/4/2026 11:15,84,15,0.1
3/4/2026 11:30,84,15,0.1
3/4/2026 11:45,84,15,0.1
3/4/2026 12:00,84,15,0.1
3/4/2026 12:15,84,15,0.1
3/4/2026 12:30,84,15,0.1
3/4/2026 12:45,84,15,0.1
3/4/2026 13:00,84,15,0.1
3/4/2026 13:15,84,15,0.1
3/4/2026 13:30,84,15,0.1
3/4/2026 13:45,84,15,0.1
3/4/2026 14:00,84,15,0.1
3/4/2026 14:15,84,15,0.1
3/4/2026 14:30,84,15,0.1
3/4/2026 14:45,84,15,0.1
3/4/2026 15:00,84,15,0.1
3/4/2026 15:15,84,15,0.1
3/4/2026 15:30,84,15,0.1
3/4/2026 15:45,84,15,0.1
3/4/2026 16:00,84,15,0.1
3/4/2026 16:15,84,15,0.1
3/4/2026 16:30,84,15,0.1
3/4/2026 16:45,84,15,0.1
3/4/2026 17:00,84,15,0.1
3/4/2026 17:15,84,15,0.1
3/4/2026 17:30,84,15,0.1
3/4/2026 17:45,84,15,0.1
3/4/2026 18:00,84,15,0.1
3/4/2026 18:15,84,15,0.1
3/4/2026 18:30,84,15,0.1
3/4/2026 18:45,84,15,0.1
3/4/2026 19:00,84,15,0.1
3/4/2026 19:15,84,15,0.1
3/4/2026 19:30,84,15,0.1
3/4/2026 19:45,84,15,0.1
3/4/2026 20:00,84,15,0.1
3/4/2026 20:15,84,15,0.1
3/4/2026 20:30,84,15,0.1
3/4/2026 20:45,84,15,0.1
3/4/2026 21:00,84,15,0.1
3/4/2026 21:15,84,15,0.1
3/4/2026 21:30,84,15,0.1
3/4/2026 21:45,84,15,0.1
3/4/2026 22:00,84,15,0.1
3/4/2026 22:15,84,15,0.1
3/4/2026 22:30,84,15,0.1
3/4/2026 22:45,84,15,0.1
3/4/2026 23:00,84,15,0.1
3/4/2026 23:15,84,15,0.1
3/4/2026 23:30,84,15,0.1
3/4/2026 23:45,84,15,0.1
3/5/2026 0:00,84,15,0.1
3/5/2026 0:15,84,15,0.1
3/5/2026 0:30,84,15,0.1
3/5/2026 0:45,84,15,0.1
3/5/2026 1:00,84,15,0.1
3/5/2026 1:15,84,15,0.1
3/5/2026 1:30,84,15,0.1
3/5/2026 1:45,84,15,0.1
3/5/2026 2:00,84,15,0.1
3/5/2026 2:15,84,15,0.1
3/5/2026 2:30,84,15,0.1
3/5/2026 2:45,84,15,0.1
3/5/2026 3:00,84,15,0.1
3/5/2026 3:15,84,15,0.1
3/5/2026 3:30,84,15,0.1
3/5/2026 3:45,84,15,0.1
3/5/2026 4:00,84,15,0.1
3/5/2026 4:15,84,15,0.1
3/5/2026 4:30,84,15,0.1
3/5/2026 4:45,84,15,0.1
3/5/2026 5:00,84,15,0.1
3/5/2026 5:15,84,15,0.1
3/5/2026 5:30,84,15,0.1
3/5/2026 5:45,84,15,0.1
3/5/2026 6:00,84,15,0.1
3/5/2026 6:15,84,15,0.1
3/5/2026 6:30,84,15,0.1
3/5/2026 6:45,84,15,0.1
3/5/2026 7:00,84,15,0.1
3/5/2026 7:15,84,15,0.1
3/5/2026 7:30,84,15,0.1
3/5/2026 7:45,84,15,0.1
3/5/2026 8:00,84,15,0.1
3/5/2026 8:15,84,15,0.1
3/5/2026 8:30,84,15,0.1
3/5/2026 8:45,84,15,0.1
3/5/2026 9:00,84,15,0.1
3/5/2026 9:15,84,15,0.1
3/5/2026 9:30,84,15,0.1
3/5/2026 9:45,84,15,0.1
3/5/2026 10:00,84,15,0.1
3/5/2026 10:15,84,15,0.1
3/5/2026 10:30,84,15,0.1
3/5/2026 10:45,84,15,0.1
3/5/2026 11:00,84,15,0.1
3/5/2026 11:15,84,15,0.1
3/5/2026 11:30,84,15,0.1
3/5/2026 11:45,84,15,0.1
3/5/2026 12:00,84,15,0.1
3/5/2026 12:15,84,15,0.1
3/5/2026 12:30,84,15,0.1
3/5/2026 12:45,84,15,0.1
3/5/2026 13:00,84,15,0.1
3/5/2026 13:15,84,15,0.1
3/5/2026 13:30,84,15,0.1
3/5/2026 13:45,84,15,0.1
3/5/2026 14:00,84,15,0.1
3/5/2026 14:15,84,15,0.1
3/5/2026 14:30,84,15,0.1
3/5/2026 14:45,84,15,0.1
3/5/2026 15:00,84,15,0.1
3/5/2026 15:15,84,15,0.1
3/5/2026 15:30,84,15,0.1
3/5/2026 15:45,84,15,0.1
3/5/2026 16:00,84,16,0.1
3/5/2026 16:15,84,16,0.1
3/5/2026 16:30,84,15,0.1
3/5/2026 16:45,84,15,0.1
3/5/2026 17:00,84,15,0.1
3/5/2026 17:15,84,16,0.1
3/5/2026 17:30,84,16,0.1
3/5/2026 17:45,84,16,0.1
3/5/2026 18:00,84,16,0.1
3/5/2026 18:15,84,16,0.1
3/5/2026 18:30,84,16,0.1
3/5/2026 18:45,84,16,0.1
3/5/2026 19:00,84,16,0.1
3/5/2026 19:15,84,16,0.1
3/5/2026 19:30,84,16,0.1
3/5/2026 19:45,84,16,0.1
3/5/2026 20:00,84,16,0.1
3/5/2026 20:15,84,16,0.1
3/5/2026 20:30,84,16,0.1
3/5/2026 20:45,84,16,0.1
3/5/2026 21:00,84,16,0.1
3/5/2026 21:15,83,16,0.1
3/5/2026 21:30,84,16,0.1
3/5/2026 21:45,84,16,0.1
3/5/2026 22:00,84,16,0.1
3/5/2026 22:15,84,16,0.1
3/5/2026 22:30,83,16,0.1
3/5/2026 22:45,84,16,0.1
3/5/2026 23:00,84,16,0.1
3/5/2026 23:15,84,16,0.1
3/5/2026 23:30,84,16,0.1
3/5/2026 23:45,84,16,0.1
3/6/2026 0:00,84,16,0.1
3/6/2026 0:15,84,16,0.1
3/6/2026 0:30,84,16,0.1
3/6/2026 0:45,84,16,0.1
3/6/2026 1:00,83,16,0.1
3/6/2026 1:15,84,16,0.1
3/6/2026 1:30,84,16,0.1
3/6/2026 1:45,84,16,0.1
3/6/2026 2:00,84,16,0.1
3/6/2026 2:15,84,16,0.1
3/6/2026 2:30,84,16,0.1
3/6/2026 2:45,84,16,0.1
3/6/2026 3:00,83,16,0.1
3/6/2026 3:15,83,16,0.1
3/6/2026 3:30,83,16,0.1
3/6/2026 3:45,84,16,0.1
3/6/2026 4:00,84,16,0.1
3/6/2026 4:15,84,16,0.1
3/6/2026 4:30,83,16,0.1
3/6/2026 4:45,83,16,0.1
3/6/2026 5:00,83,16,0.1
3/6/2026 5:15,83,16,0.1
3/6/2026 5:30,83,16,0.1
3/6/2026 5:45,83,16,0.1
3/6/2026 6:00,84,16,0.1
3/6/2026 6:15,83,16,0.1
3/6/2026 6:30,83,16,0.1
3/6/2026 6:45,83,16,0.1
3/6/2026 7:00,83,16,0.1
3/6/2026 7:15,83,16,0.1
3/6/2026 7:30,83,16,0.1
3/6/2026 7:45,83,16,0.1
3/6/2026 8:00,83,16,0.1
3/6/2026 8:15,83,16,0.1
3/6/2026 8:30,83,16,0.1
3/6/2026 8:45,83,16,0.1
3/6/2026 9:00,83,16,0.1
3/6/2026 9:15,83,16,0.1
3/6/2026 9:30,84,16,0.1
3/6/2026 9:45,83,16,0.1
3/6/2026 10:00,84,16,0.1
3/6/2026 10:15,84,16,0.1
3/6/2026 10:30,83,16,0.1
3/6/2026 10:45,83,16,0.1
3/6/2026 11:00,83,16,0.1
3/6/2026 11:15,83,16,0.1
3/6/2026 11:30,83,16,0.1
3/6/2026 11:45,83,16,0.1
3/6/2026 12:00,83,16,0.1
3/6/2026 12:15,84,16,0.1
3/6/2026 12:30,83,16,0.1
3/6/2026 12:45,83,16,0.1
3/6/2026 13:00,83,16,0.1
3/6/2026 13:15,83,16,0.1
3/6/2026 13:30,83,16,0.1
3/6/2026 13:45,83,16,0.1
3/6/2026 14:00,84,16,0.1
3/6/2026 14:15,83,16,0.1
3/6/2026 14:30,84,16,0.1
3/6/2026 14:45,83,16,0.1
3/6/2026 15:00,83,16,0.1
3/6/2026 15:15,83,16,0.1
3/6/2026 15:30,83,16,0.1
3/6/2026 15:45,83,16,0.1
3/6/2026 16:00,83,16,0.1
3/6/2026 16:15,83,16,0.1
3/6/2026 16:30,83,16,0.1
3/6/2026 16:45,83,16,0.1
3/6/2026 17:00,83,16,0.1
3/6/2026 17:15,83,16,0.1
3/6/2026 17:30,84,16,0.1
3/6/2026 17:45,83,16,0.1
3/6/2026 18:00,83,16,0.1
3/6/2026 18:15,83,16,0.1
3/6/2026 18:30,83,16,0.1
3/6/2026 18:45,83,16,0.1
3/6/2026 19:00,83,16,0.1
3/6/2026 19:15,83,16,0.1
3/6/2026 19:30,83,16,0.1
3/6/2026 19:45,83,16,0.1
3/6/2026 20:00,83,16,0.1
3/6/2026 20:15,83,16,0.1
3/6/2026 20:30,83,16,0.1
3/6/2026 20:45,83,16,0.1
3/6/2026 21:00,83,16,0.1
3/6/2026 21:15,83,16,0.1
3/6/2026 21:30,83,16,0.1
3/6/2026 21:45,83,16,0.1
3/6/2026 22:00,83,16,0.1
3/6/2026 22:15,83,16,0.1
3/6/2026 22:30,83,16,0.1
3/6/2026 22:45,83,16,0.1
3/6/2026 23:00,83,16,0.1
3/6/2026 23:15,83,16,0.1
3/6/2026 23:30,83,16,0.1
3/6/2026 23:45,83,16,0.1
3/7/2026 0:00,83,16,0.1
3/7/2026 0:15,83,16,0.1
3/7/2026 0:30,83,16,0.1
3/7/2026 0:45,83,16,0.1
3/7/2026 1:00,83,16,0.1
3/7/2026 1:15,83,16,0.1
3/7/2026 1:30,83,16,0.1
3/7/2026 1:45,83,16,0.1
3/7/2026 2:00,83,16,0.1
3/7/2026 2:15,83,16,0.1
3/7/2026 2:30,83,16,0.1
3/7/2026 2:45,83,16,0.1
3/7/2026 3:00,83,16,0.1
3/7/2026 3:15,83,16,0.1
3/7/2026 3:30,83,16,0.1
3/7/2026 3:45,83,16,0.1
3/7/2026 4:00,83,16,0.1
3/7/2026 4:15,83,16,0.1
3/7/2026 4:30,83,16,0.1
3/7/2026 4:45,83,16,0.1
3/7/2026 5:00,83,16,0.1
3/7/2026 5:15,83,16,0.1
3/7/2026 5:30,83,16,0.1
3/7/2026 5:45,83,16,0.1
3/7/2026 6:00,83,16,0.1
3/7/2026 6:15,83,16,0.1
3/7/2026 6:30,83,16,0.1
3/7/2026 6:45,83,16,0.1
3/7/2026 7:00,83,16,0.1
3/7/2026 7:15,83,16,0.1
3/7/2026 7:30,83,16,0.1
3/7/2026 7:45,83,16,0.1
3/7/2026 8:00,83,16,0.1
3/7/2026 8:15,83,16,0.1
3/7/2026 8:30,83,16,0.1
3/7/2026 8:45,83,16,0.1
3/7/2026 9:00,83,16,0.1
3/7/2026 9:15,83,17,0.1
3/7/2026 9:30,83,17,0.1
3/7/2026 9:45,83,17,0.1
3/7/2026 10:00,83,17,0.1
3/7/2026 10:15,83,17,0.1
3/7/2026 10:30,83,17,0.1
3/7/2026 10:45,83,17,0.1
3/7/2026 11:00,83,17,0.1
3/7/2026 11:15,83,17,0.1
3/7/2026 11:30,83,17,0.1
3/7/2026 11:45,83,17,0.1
3/7/2026 12:00,83,17,0.1
3/7/2026 12:15,83,17,0.1
3/7/2026 12:30,83,17,0.1
3/7/2026 12:45,83,17,0.1
3/7/2026 13:00,83,17,0.1
3/7/2026 13:15,83,17,0.1
3/7/2026 13:30,83,17,0.1
3/7/2026 13:45,83,17,0.1
3/7/2026 14:00,83,17,0.1
3/7/2026 14:15,83,17,0.1
3/7/2026 14:30,83,17,0.1
3/7/2026 14:45,83,17,0.1
3/7/2026 15:00,83,17,0.1
3/7/2026 15:15,83,17,0.1
3/7/2026 15:30,83,17,0.1
3/7/2026 15:45,83,17,0.1
3/7/2026 16:00,83,17,0.1
3/7/2026 16:15,83,17,0.1
3/7/2026 16:30,83,17,0.1
3/7/2026 16:45,83,17,0.1
3/7/2026 17:00,83,17,0.1
3/7/2026 17:15,83,17,0.1
3/7/2026 17:30,83,17,0.1
3/7/2026 17:45,83,17,0.1
3/7/2026 18:00,83,17,0.1
3/7/2026 18:15,83,17,0.1
3/7/2026 18:30,83,17,0.1
3/7/2026 18:45,83,17,0.1
3/7/2026 19:00,83,17,0.1
3/7/2026 19:15,83,17,0.1
3/7/2026 19:30,83,17,0.1
3/7/2026 19:45,83,17,0.1
3/7/2026 20:00,83,17,0.1
3/7/2026 20:15,83,17,0.1
3/7/2026 20:30,83,17,0.1
3/7/2026 20:45,83,17,0.1
3/7/2026 21:00,83,17,0.1
3/7/2026 21:15,83,17,0.1
3/7/2026 21:30,83,17,0.1
3/7/2026 21:45,83,17,0.1
3/7/2026 22:00,83,17,0.1
3/7/2026 22:15,83,17,0.1
3/7/2026 22:30,83,17,0.1
3/7/2026 22:45,83,17,0.1
3/7/2026 23:00,83,17,0.1
3/7/2026 23:15,83,17,0.1
3/7/2026 23:30,83,17,0.1
3/7/2026 23:45,83,17,0.1
3/8/2026 0:00,83,17,0.1
3/8/2026 0:15,83,17,0.1
3/8/2026 0:30,83,17,0.1
3/8/2026 0:45,83,17,0.1
3/8/2026 1:00,83,17,0.1
3/8/2026 1:15,83,17,0.1
3/8/2026 1:30,83,17,0.1
3/8/2026 1:45,83,17,0.1
3/8/2026 3:00,82,17,0.1
3/8/2026 3:15,83,17,0.1
3/8/2026 3:30,83,17,0.1
3/8/2026 3:45,83,17,0.1
3/8/2026 4:00,83,17,0.1
3/8/2026 4:15,83,17,0.1
3/8/2026 4:30,83,17,0.1
3/8/2026 4:45,83,17,0.1
3/8/2026 5:00,83,17,0.1
3/8/2026 5:15,83,17,0.1
3/8/2026 5:30,83,17,0.1
3/8/2026 5:45,83,17,0.1
3/8/2026 6:00,83,17,0.1
3/8/2026 6:15,83,17,0.1
3/8/2026 6:30,83,17,0.1
3/8/2026 6:45,82,17,0.1
3/8/2026 7:00,83,17,0.1
3/8/2026 7:15,83,17,0.1
3/8/2026 7:30,83,17,0.1
3/8/2026 7:45,83,17,0.1
3/8/2026 8:00,83,17,0.1
3/8/2026 8:15,83,17,0.1
3/8/2026 8:30,83,17,0.1
3/8/2026 8:45,83,17,0.1
3/8/2026 9:00,83,17,0.1
3/8/2026 9:15,83,17,0.1
3/8/2026 9:30,83,17,0.1
3/8/2026 9:45,83,17,0.1
3/8/2026 10:00,83,17,0.1
3/8/2026 10:15,82,17,0.1
3/8/2026 10:30,83,17,0.1
3/8/2026 10:45,82,17,0.1
3/8/2026 11:00,83,17,0.1
3/8/2026 11:15,83,17,0.1
3/8/2026 11:30,82,18,0.1
3/8/2026 11:45,82,18,0.1
3/8/2026 12:00,82,18,0.1
3/8/2026 12:15,82,18,0.1
3/8/2026 12:30,82,18,0.1
3/8/2026 12:45,83,18,0.1
3/8/2026 13:00,82,18,0.1
3/8/2026 13:15,83,18,0.1
3/8/2026 13:30,82,18,0.1
3/8/2026 13:45,82,18,0.1
3/8/2026 14:00,82,18,0.1
3/8/2026 14:15,83,18,0.1
3/8/2026 14:30,82,18,0.1
3/8/2026 14:45,82,18,0.1
3/8/2026 15:00,83,18,0.1
3/8/2026 15:15,82,18,0.1
3/8/2026 15:30,82,18,0.1
3/8/2026 15:45,82,18,0.1
3/8/2026 16:00,82,18,0.1
3/8/2026 16:15,82,18,0.1
3/8/2026 16:30,82,18,0.1
3/8/2026 16:45,82,18,0.1
3/8/2026 17:00,82,18,0.1
3/8/2026 17:15,82,18,0.1
3/8/2026 17:30,82,18,0.1
3/8/2026 17:45,82,18,0.1
3/8/2026 18:00,82,18,0.1
3/8/2026 18:15,82,18,0.1
3/8/2026 18:30,82,18,0.1
3/8/2026 18:45,82,18,0.1
3/8/2026 19:00,82,18,0.1
3/8/2026 19:15,82,18,0.1
3/8/2026 19:30,82,18,0.1
3/8/2026 19:45,84,18,0.1
3/8/2026 20:00,85,18,0.1
3/8/2026 20:15,85,18,0.1
3/8/2026 20:30,85,18,0.1
3/8/2026 20:45,86,18,0.1
3/8/2026 21:00,86,18,0.1
3/8/2026 21:15,86,18,0.1
3/8/2026 21:30,86,18,0.1
3/8/2026 21:45,86,18,0.1
3/8/2026 22:00,86,18,0.1
3/8/2026 22:15,86,18,0.1
3/8/2026 22:30,86,18,0.1
3/8/2026 22:45,86,18,0.1
3/8/2026 23:00,86,18,0.1
3/8/2026 23:15,86,18,0.1
3/8/2026 23:30,86,18,0.1
3/8/2026 23:45,86,18,0.1
3/9/2026 0:00,86,18,0.1
3/9/2026 0:15,86,18,0.1
3/9/2026 0:30,86,18,0.1
3/9/2026 0:45,86,18,0.1
3/9/2026 1:00,86,18,0.1
3/9/2026 1:15,86,18,0.1
3/9/2026 1:30,86,18,0.1
3/9/2026 1:45,86,18,0.1
3/9/2026 2:00,86,18,0.1
3/9/2026 2:15,86,18,0.1
3/9/2026 2:30,86,18,0.1
3/9/2026 2:45,86,18,0.1
3/9/2026 3:00,86,18,0.1
3/9/2026 3:15,86,18,0.1
3/9/2026 3:30,86,18,0.1
3/9/2026 3:45,87,18,0.1
3/9/2026 4:00,87,18,0.1
3/9/2026 4:15,87,18,0.1
3/9/2026 4:30,87,18,0.1
3/9/2026 4:45,87,18,0.1
3/9/2026 5:00,87,18,0.1
3/9/2026 5:15,87,18,0.1
3/9/2026 5:30,86,18,0.1
3/9/2026 5:45,87,18,0.1
3/9/2026 6:00,87,18,0.1
3/9/2026 6:15,87,18,0.1
3/9/2026 6:30,86,18,0.1
3/9/2026 6:45,86,18,0.1
3/9/2026 7:00,87,18,0.1
3/9/2026 7:15,86,18,0.1
3/9/2026 7:30,87,18,0.1
3/9/2026 7:45,86,18,0.1
3/9/2026 8:00,87,18,0.1
3/9/2026 8:15,87,18,0.1
3/9/2026 8:30,87,18,0.1
3/9/2026 8:45,87,18,0.1
3/9/2026 9:00,87,18,0.1
3/9/2026 9:15,86,18,0.1
3/9/2026 9:30,87,18,0.1
3/9/2026 9:45,87,18,0.1
3/9/2026 10:00,86,18,0.1
3/9/2026 10:15,87,18,0.1
3/9/2026 10:30,87,18,0.1
3/9/2026 10:45,87,18,0.1
3/9/2026 11:00,86,18,0.1
3/9/2026 11:15,87,18,0.1
3/9/2026 11:30,86,18,0.1
3/9/2026 11:45,87,18,0.1
3/9/2026 12:00,86,18,0.1
3/9/2026 12:15,87,18,0.1
3/9/2026 12:30,87,18,0.1
3/9/2026 12:45,87,18,0.1
3/9/2026 13:00,86,18,0.1
3/9/2026 13:15,86,18,0.1
3/9/2026 13:30,86,18,0.1
3/9/2026 13:45,86,18,0.1
3/9/2026 14:00,86,18,0.1
3/9/2026 14:15,86,18,0.1
3/9/2026 14:30,86,18,0.1
3/9/2026 14:45,86,18,0.1
3/9/2026 15:00,86,18,0.1
3/9/2026 15:15,86,18,0.1
3/9/2026 15:30,86,18,0.1
3/9/2026 15:45,86,19,0.1
3/9/2026 16:00,86,19,0.1
3/9/2026 16:15,86,19,0.1
3/9/2026 16:30,86,19,0.1
3/9/2026 16:45,86,19,0.1
3/9/2026 17:00,86,19,0.1
3/9/2026 17:15,86,19,0.1
3/9/2026 17:30,86,19,0.1
3/9/2026 17:45,86,19,0.1
3/9/2026 18:00,86,19,0.1
3/9/2026 18:15,86,19,0.1
3/9/2026 18:30,86,19,0.1
3/9/2026 18:45,86,19,0.1
3/9/2026 19:00,86,19,0.1
3/9/2026 19:15,86,19,0.1
3/9/2026 19:30,86,19,0.1
3/9/2026 19:45,86,19,0.1
3/9/2026 20:00,86,19,0.1
3/9/2026 20:15,86,19,0.1
3/9/2026 20:30,86,19,0.1
3/9/2026 20:45,86,19,0.1
3/9/2026 21:00,86,19,0.1
3/9/2026 21:15,86,19,0.1
3/9/2026 21:30,86,19,0.1
3/9/2026 21:45,86,19,0.1
3/9/2026 22:00,86,19,0.1
3/9/2026 22:15,86,19,0.1
3/9/2026 22:30,86,19,0.1
3/9/2026 22:45,86,19,0.1
3/9/2026 23:00,86,19,0.1
3/9/2026 23:15,86,19,0.1
3/9/2026 23:30,86,19,0.1
3/9/2026 23:45,86,19,0.1
3/10/2026 0:00,86,19,0.1
3/10/2026 0:15,86,19,0.1
3/10/2026 0:30,86,19,0.1
3/10/2026 0:45,86,19,0.1
3/10/2026 1:00,86,19,0.1
3/10/2026 1:15,86,19,0.1
3/10/2026 1:30,86,19,0.1
3/10/2026 1:45,86,19,0.1
3/10/2026 2:00,86,19,0.1
3/10/2026 2:15,86,19,0.1
3/10/2026 2:30,86,19,0.1
3/10/2026 2:45,86,19,0.1
3/10/2026 3:00,86,19,0.1
3/10/2026 3:15,86,19,0.1
3/10/2026 3:30,86,19,0.1
3/10/2026 3:45,86,19,0.1
3/10/2026 4:00,86,19,0.1
3/10/2026 4:15,86,19,0.1
3/10/2026 4:30,86,19,0.1
3/10/2026 4:45,86,19,0.1
3/10/2026 5:00,86,19,0.1
3/10/2026 5:15,86,19,0.1
3/10/2026 5:30,86,19,0.1
3/10/2026 5:45,86,19,0.1
3/10/2026 6:00,86,19,0.1
3/10/2026 6:15,86,19,0.1
3/10/2026 6:30,86,19,0.1
3/10/2026 6:45,86,19,0.1
3/10/2026 7:00,86,19,0.1
3/10/2026 7:15,86,19,0.1
3/10/2026 7:30,86,19,0.1
3/10/2026 7:45,86,19,0.1
3/10/2026 8:00,86,19,0.1
3/10/2026 8:15,86,19,0.1
3/10/2026 8:30,86,19,0.1
3/10/2026 8:45,86,19,0.1
3/10/2026 9:00,86,19,0.1
3/10/2026 9:15,86,19,0.1
3/10/2026 9:30,86,19,0.1
3/10/2026 9:45,86,19,0.1
3/10/2026 10:00,86,19,0.1
3/10/2026 10:15,86,19,0.1
3/10/2026 10:30,86,19,0.1
3/10/2026 10:45,86,19,0.1
3/10/2026 11:00,86,19,0.1
3/10/2026 11:15,86,19,0.1
3/10/2026 11:30,86,19,0.1
3/10/2026 11:45,86,19,0.1
3/10/2026 12:00,86,19,0.1
3/10/2026 12:15,86,19,0.1
3/10/2026 12:30,86,19,0.1
3/10/2026 12:45,86,19,0.1
3/10/2026 13:00,86,19,0.1
3/10/2026 13:15,86,19,0.1
3/10/2026 13:30,86,19,0.1
3/10/2026 13:45,86,19,0.1
3/10/2026 14:00,86,19,0.1
3/10/2026 14:15,86,19,0.1
3/10/2026 14:30,86,19,0.1
3/10/2026 14:45,86,19,0.1
3/10/2026 15:00,86,19,0.1
3/10/2026 15:15,86,19,0.1
3/10/2026 15:30,86,19,0.1
3/10/2026 15:45,86,19,0.1
3/10/2026 16:00,86,19,0.1
3/10/2026 16:15,86,19,0.1
3/10/2026 16:30,86,19,0.1
3/10/2026 16:45,86,19,0.1
3/10/2026 17:00,86,19,0.1
3/10/2026 17:15,86,19,0.1
3/10/2026 17:30,86,19,0.1
3/10/2026 17:45,86,19,0.1
3/10/2026 18:00,86,19,0.1
3/10/2026 18:15,86,19,0.1
3/10/2026 18:30,86,19,0.1
3/10/2026 18:45,86,19,0.1
3/10/2026 19:00,86,19,0.1
3/10/2026 19:15,86,19,0.1
3/10/2026 19:30,86,19,0.1
3/10/2026 19:45,86,19,0.1
3/10/2026 20:00,86,19,0.1
3/10/2026 20:15,86,19,0.1
3/10/2026 20:30,86,19,0.1
3/10/2026 20:45,86,19,0.1
3/10/2026 21:00,86,19,0.1
3/10/2026 21:15,86,19,0.1
3/10/2026 21:30,86,19,0.1
3/10/2026 21:45,86,19,0.1
3/10/2026 22:00,86,19,0.1
3/10/2026 22:15,86,19,0.1
3/10/2026 22:30,86,19,0.1
3/10/2026 22:45,86,19,0.1
3/10/2026 23:00,86,19,0.1
3/10/2026 23:15,86,19,0.1
3/10/2026 23:30,86,19,0.1
3/10/2026 23:45,86,19,0.1
3/11/2026 0:00,86,19,0.1
3/11/2026 0:15,86,19,0.1
3/11/2026 0:30,86,19,0.1
3/11/2026 0:45,86,19,0.1
3/11/2026 1:00,86,19,0.2
3/11/2026 1:15,86,19,0.2
3/11/2026 1:30,86,19,0.2
3/11/2026 1:45,86,19,0.2
3/11/2026 2:00,86,19,0.2
3/11/2026 2:15,86,19,0.2
3/11/2026 2:30,86,19,0.2
3/11/2026 2:45,86,19,0.2
3/11/2026 3:00,86,19,0.2
3/11/2026 3:15,86,19,0.2
3/11/2026 3:30,86,19,0.2
3/11/2026 3:45,86,19,0.2
3/11/2026 4:00,86,19,0.2
3/11/2026 4:15,86,19,0.2
3/11/2026 4:30,86,19,0.2
3/11/2026 4:45,86,19,0.2
3/11/2026 5:00,85,19,0.2
3/11/2026 5:15,86,19,0.2
3/11/2026 5:30,86,19,0.2
3/11/2026 5:45,86,19,0.2
3/11/2026 6:00,86,19,0.1
3/11/2026 6:15,86,19,0.1
3/11/2026 6:30,86,19,0.1
3/11/2026 6:45,86,19,0.1
3/11/2026 7:00,86,19,0.1
3/11/2026 7:15,86,19,0.1
3/11/2026 7:30,86,19,0.1
3/11/2026 7:45,86,19,0.1
3/11/2026 8:00,86,19,0.1
3/11/2026 8:15,86,19,0.1
3/11/2026 8:30,86,19,0.1
3/11/2026 8:45,86,19,0.1
3/11/2026 9:00,86,19,0.1
3/11/2026 9:15,86,19,0.1
3/11/2026 9:30,86,19,0.1
3/11/2026 9:45,86,19,0.1
3/11/2026 10:00,86,19,0.1
3/11/2026 10:15,86,19,0.1
3/11/2026 10:30,86,19,0.1
3/11/2026 10:45,86,19,0.1
3/11/2026 11:00,86,19,0.1
3/11/2026 11:15,86,19,0.1
3/11/2026 11:30,86,19,0.1
3/11/2026 11:45,86,19,0.1
3/11/2026 12:00,86,19,0.1
3/11/2026 12:15,85,19,0.1
3/11/2026 12:30,85,19,0.1
3/11/2026 12:45,86,19,0.1
3/11/2026 13:00,85,19,0.1
3/11/2026 13:15,86,19,0.1
3/11/2026 13:30,85,19,0.1
3/11/2026 13:45,86,20,0.1
3/11/2026 14:00,85,20,0.1
3/11/2026 14:15,86,20,0.1
3/11/2026 14:30,86,20,0.1
3/11/2026 14:45,86,20,0.1
3/11/2026 15:00,86,20,0.1
3/11/2026 15:15,85,20,0.1
3/11/2026 15:30,85,20,0.1
3/11/2026 15:45,86,20,0.1
3/11/2026 16:00,86,20,0.1
3/11/2026 16:15,85,20,0.1
3/11/2026 16:30,85,20,0.1
3/11/2026 16:45,86,20,0.1
3/11/2026 17:00,85,20,0.1
3/11/2026 17:15,85,20,0.1
3/11/2026 17:30,85,20,0.1
3/11/2026 17:45,85,20,0.1
3/11/2026 18:00,85,20,0.1
3/11/2026 18:15,86,20,0.1
3/11/2026 18:30,85,20,0.1
3/11/2026 18:45,85,20,0.1
3/11/2026 19:00,85,20,0.1
3/11/2026 19:15,85,20,0.1
3/11/2026 19:30,85,20,0.1
3/11/2026 19:45,85,20,0.1
3/11/2026 20:00,85,20,0.1
3/11/2026 20:15,85,20,0.1
3/11/2026 20:30,85,20,0.1
3/11/2026 20:45,85,20,0.1
3/11/2026 21:00,85,20,0.1
3/11/2026 21:15,85,20,0.1
3/11/2026 21:30,85,20,0.1
3/11/2026 21:45,85,20,0.1
3/11/2026 22:00,85,20,0.1
3/11/2026 22:15,85,20,0.1
3/11/2026 22:30,85,20,0.1
3/11/2026 22:45,86,20,0.1
3/11/2026 23:00,85,20,0.1
3/11/2026 23:15,85,20,0.1
3/11/2026 23:30,85,20,0.1
3/11/2026 23:45,85,20,0.1
3/12/2026 0:00,85,20,0.1
3/12/2026 0:15,85,20,0.1
3/12/2026 0:30,85,20,0.1
3/12/2026 0:45,85,20,0.1
3/12/2026 1:00,85,20,0.1
3/12/2026 1:15,85,20,0.1
3/12/2026 1:30,85,20,0.1
3/12/2026 1:45,85,20,0.1
3/12/2026 2:00,85,20,0.1
3/12/2026 2:15,85,20,0.1
3/12/2026 2:30,85,20,0.2
3/12/2026 2:45,85,20,0.1
3/12/2026 3:00,85,20,0.1
3/12/2026 3:15,85,20,0.2
3/12/2026 3:30,85,20,0.2
3/12/2026 3:45,86,20,0.2
3/12/2026 4:00,85,20,0.2
3/12/2026 4:15,85,20,0.1
3/12/2026 4:30,85,20,0.1
3/12/2026 4:45,85,20,0.1
3/12/2026 5:00,85,20,0.1
3/12/2026 5:15,85,20,0.1
3/12/2026 5:30,85,20,0.1
3/12/2026 5:45,85,20,0.1
3/12/2026 6:00,85,20,0.1
3/12/2026 6:15,85,20,0.1
3/12/2026 6:30,85,20,0.1
3/12/2026 6:45,85,20,0.1
3/12/2026 7:00,85,20,0.1
3/12/2026 7:15,85,20,0.1
3/12/2026 7:30,85,20,0.1
3/12/2026 7:45,85,20,0.1
3/12/2026 8:00,85,20,0.1
3/12/2026 8:15,85,20,0.1
3/12/2026 8:30,85,20,0.2
3/12/2026 8:45,85,20,0.1
3/12/2026 9:00,85,20,0.1
3/12/2026 9:15,85,20,0.1
3/12/2026 9:30,85,20,0.1
3/12/2026 9:45,85,20,0.1
3/12/2026 10:00,85,20,0.1
3/12/2026 10:15,85,20,0.1
3/12/2026 10:30,85,20,0.1
3/12/2026 10:45,85,20,0.1
3/12/2026 11:00,85,20,0.1
3/12/2026 11:15,85,20,0.1
3/12/2026 11:30,86,20,0.1
3/12/2026 11:45,85,20,0.1
3/12/2026 12:00,85,20,0.1
3/12/2026 12:15,85,20,0.1
3/12/2026 12:30,85,20,0.1
3/12/2026 12:45,85,20,0.1
3/12/2026 13:00,85,20,0.1
3/12/2026 13:15,85,20,0.1
3/12/2026 13:30,85,20,0.1
3/12/2026 13:45,85,20,0.1
3/12/2026 14:00,85,20,0.1
3/12/2026 14:15,85,20,0.1
3/12/2026 14:30,85,20,0.1
3/12/2026 14:45,85,20,0.1
3/12/2026 15:00,85,20,0.1
3/12/2026 15:15,85,20,0.1
3/12/2026 15:30,85,20,0.1
3/12/2026 15:45,85,20,0.1
3/12/2026 16:00,85,20,0.1
3/12/2026 16:15,85,20,0.1
3/12/2026 16:30,85,20,0.1
3/12/2026 16:45,85,20,0.1
3/12/2026 17:00,85,20,0.1
3/12/2026 17:15,85,20,0.1
3/12/2026 17:30,85,20,0.1
3/12/2026 17:45,85,20,0.1
3/12/2026 18:00,85,20,0.1
3/12/2026 18:15,85,20,0.1
3/12/2026 18:30,85,20,0.1
3/12/2026 18:45,85,20,0.1
3/12/2026 19:00,85,20,0.1
3/12/2026 19:15,85,20,0.1
3/12/2026 19:30,85,20,0.1
3/12/2026 19:45,85,20,0.1
3/12/2026 20:00,85,20,0.1
3/12/2026 20:15,85,20,0.1
3/12/2026 20:30,85,20,0.1
3/12/2026 20:45,85,20,0.1
3/12/2026 21:00,85,20,0.1
3/12/2026 21:15,85,20,0.1
3/12/2026 21:30,85,20,0.1
3/12/2026 21:45,85,20,0.1
3/12/2026 22:00,85,20,0.2
3/12/2026 22:15,85,20,0.2
3/12/2026 22:30,85,20,0.2
3/12/2026 22:45,85,20,0.2
3/12/2026 23:00,85,20,0.2
3/12/2026 23:15,85,20,0.2
3/12/2026 23:30,85,20,0.2
3/12/2026 23:45,85,20,0.2
3/13/2026 0:00,85,20,0.1
3/13/2026 0:15,85,20,0.1
3/13/2026 0:30,85,20,0.1
3/13/2026 0:45,85,20,0.1
3/13/2026 1:00,85,20,0.1
3/13/2026 1:15,85,20,0.1
3/13/2026 1:30,85,20,0.1
3/13/2026 1:45,85,20,0.1
3/13/2026 2:00,85,19,0.1
3/13/2026 2:15,85,19,0.1
3/13/2026 2:30,85,19,0.1
3/13/2026 2:45,85,19,0.1
3/13/2026 3:00,85,19,0.1
3/13/2026 3:15,85,19,0.1
3/13/2026 3:30,85,19,0.1
3/13/2026 3:45,85,19,0.1
3/13/2026 4:00,85,19,0.1
3/13/2026 4:15,85,19,0.1
3/13/2026 4:30,85,19,0.1
3/13/2026 4:45,85,19,0.1
3/13/2026 5:00,85,19,0.1
3/13/2026 5:15,85,19,0.1
3/13/2026 5:30,85,19,0.1
3/13/2026 5:45,85,19,0.1
3/13/2026 6:00,85,19,0.1
3/13/2026 6:15,85,19,0.1
3/13/2026 6:30,85,19,0.1
3/13/2026 6:45,85,19,0.1
3/13/2026 7:00,85,19,0.1
3/13/2026 7:15,85,19,0.1
3/13/2026 7:30,85,19,0.1
3/13/2026 7:45,85,19,0.1
3/13/2026 8:00,85,18,0.1
3/13/2026 8:15,85,18,0.1
3/13/2026 8:30,85,18,0.1
3/13/2026 8:45,85,18,0.1
3/13/2026 9:00,85,18,0.1
3/13/2026 9:15,85,18,0.1
3/13/2026 9:30,85,18,0.1
3/13/2026 9:45,85,18,0.1
3/13/2026 10:00,85,18,0.1
3/13/2026 10:15,85,18,0.1
3/13/2026 10:30,85,18,0.1
3/13/2026 10:45,85,18,0.1
3/13/2026 11:00,85,18,0.1
3/13/2026 11:15,85,18,0.1
3/13/2026 11:30,85,18,0.1
3/13/2026 11:45,85,18,0.1
3/13/2026 12:00,84,18,0.1
3/13/2026 12:15,85,18,0.1
3/13/2026 12:30,85,18,0.1
3/13/2026 12:45,85,18,0.1
3/13/2026 13:00,85,18,0.1
3/13/2026 13:15,85,18,0.1
3/13/2026 13:30,85,18,0.1
3/13/2026 13:45,84,18,0.1
3/13/2026 14:00,84,18,0.1
3/13/2026 14:15,84,18,0.1
3/13/2026 14:30,85,18,0.1
3/13/2026 14:45,84,18,0.1
3/13/2026 15:00,84,18,0.1
3/13/2026 15:15,84,18,0.1
3/13/2026 15:30,84,18,0.1
3/13/2026 15:45,84,18,0.1
3/13/2026 16:00,84,18,0.1
3/13/2026 16:15,84,18,0.1
3/13/2026 16:30,84,18,0.1
3/13/2026 16:45,85,18,0.1
3/13/2026 17:00,85,18,0.1
3/13/2026 17:15,85,18,0.1
3/13/2026 17:30,84,18,0.1
3/13/2026 17:45,84,18,0.1
3/13/2026 18:00,84,18,0.1
3/13/2026 18:15,84,18,0.1
3/13/2026 18:30,84,18,0.1
3/13/2026 18:45,84,18,0.1
3/13/2026 19:00,84,18,0.1
3/13/2026 19:15,84,18,0.1
3/13/2026 19:30,84,18,0.1
3/13/2026 19:45,84,18,0.1
3/13/2026 20:00,84,18,0.1
3/13/2026 20:15,84,18,0.1
3/13/2026 20:30,84,18,0.1
3/13/2026 20:45,84,18,0.1
3/13/2026 21:00,84,18,0.1
3/13/2026 21:15,84,18,0.1
3/13/2026 21:30,84,18,0.1
3/13/2026 21:45,84,18,0.1
3/13/2026 22:00,84,18,0.1
3/13/2026 22:15,84,18,0.1
3/13/2026 22:30,84,18,0.1
3/13/2026 22:45,84,18,0.1
3/13/2026 23:00,84,18,0.1
3/13/2026 23:15,84,18,0.1
3/13/2026 23:30,84,18,0.1
3/13/2026 23:45,84,18,0.1
3/14/2026 0:00,84,18,0.1
3/14/2026 0:15,84,18,0.1
3/14/2026 0:30,84,18,0.1
3/14/2026 0:45,84,18,0.1
3/14/2026 1:00,84,18,0.1
3/14/2026 1:15,84,18,0.1
3/14/2026 1:30,84,18,0.1
3/14/2026 1:45,84,18,0.1
3/14/2026 2:00,84,18,0.1
3/14/2026 2:15,84,18,0.1
3/14/2026 2:30,84,18,0.1
3/14/2026 2:45,84,18,0.1
3/14/2026 3:00,84,18,0.1
3/14/2026 3:15,84,18,0.1
3/14/2026 3:30,84,18,0.1
3/14/2026 3:45,84,18,0.1
3/14/2026 4:00,84,18,0.1
3/14/2026 4:15,84,18,0.1
3/14/2026 4:30,84,18,0.1
3/14/2026 4:45,84,18,0.1
3/14/2026 5:00,84,18,0.1
3/14/2026 5:15,84,18,0.1
3/14/2026 5:30,84,18,0.1
3/14/2026 5:45,84,18,0.1
3/14/2026 6:00,84,18,0.1
3/14/2026 6:15,84,18,0.1
3/14/2026 6:30,84,18,0.1
3/14/2026 6:45,84,18,0.1
3/14/2026 7:00,84,18,0.1
3/14/2026 7:15,84,18,0.1
3/14/2026 7:30,84,18,0.1
3/14/2026 7:45,84,18,0.1
3/14/2026 8:00,84,18,0.1
3/14/2026 8:15,84,18,0.1
3/14/2026 8:30,84,18,0.1
3/14/2026 8:45,84,18,0.1
3/14/2026 9:00,84,18,0.1
3/14/2026 9:15,84,18,0.1
3/14/2026 9:30,84,18,0.1
3/14/2026 9:45,84,18,0.1
3/14/2026 10:00,84,18,0.1
3/14/2026 10:15,84,18,0.1
3/14/2026 10:30,84,18,0.1
3/14/2026 10:45,84,18,0.1
3/14/2026 11:00,84,18,0.1
3/14/2026 11:15,84,18,0.1
3/14/2026 11:30,84,18,0.1
3/14/2026 11:45,84,18,0.1
3/14/2026 12:00,84,18,0.1
3/14/2026 12:15,84,18,0.1
3/14/2026 12:30,84,18,0.1
3/14/2026 12:45,84,18,0.1
3/14/2026 13:00,84,18,0.1
3/14/2026 13:15,84,18,0.1
3/14/2026 13:30,84,18,0.1
3/14/2026 13:45,84,18,0.1
3/14/2026 14:00,84,18,0.1
3/14/2026 14:15,84,18,0.1
3/14/2026 14:30,84,18,0.1
3/14/2026 14:45,84,18,0.1
3/14/2026 15:00,84,18,0.1
3/14/2026 15:15,84,18,0.1
3/14/2026 15:30,84,18,0.1
3/14/2026 15:45,84,18,0.1
3/14/2026 16:00,84,18,0.1
3/14/2026 16:15,84,18,0.1
3/14/2026 16:30,84,18,0.1
3/14/2026 16:45,84,18,0.1
3/14/2026 17:00,84,18,0.1
3/14/2026 17:15,84,18,0.1
3/14/2026 17:30,84,18,0.1
3/14/2026 17:45,84,18,0.1
3/14/2026 18:00,84,18,0.1
3/14/2026 18:15,84,18,0.1
3/14/2026 18:30,84,18,0.1
3/14/2026 18:45,84,18,0.1
3/14/2026 19:00,84,18,0.1
3/14/2026 19:15,84,18,0.1
3/14/2026 19:30,84,18,0.1
3/14/2026 19:45,84,18,0.1
3/14/2026 20:00,84,18,0.1
3/14/2026 20:15,84,18,0.1
3/14/2026 20:30,84,18,0.1
3/14/2026 20:45,84,18,0.1
3/14/2026 21:00,84,18,0.1
3/14/2026 21:15,84,18,0.1
3/14/2026 21:30,84,18,0.1
3/14/2026 21:45,84,18,0.1
3/14/2026 22:00,84,18,0.1
3/14/2026 22:15,84,18,0.1
3/14/2026 22:30,84,18,0.1
3/14/2026 22:45,84,18,0.1
3/14/2026 23:00,84,18,0.1
3/14/2026 23:15,84,18,0.1
3/14/2026 23:30,84,18,0.1
3/14/2026 23:45,84,18,0.1
3/15/2026 0:00,84,18,0.1
3/15/2026 0:15,84,18,0.1
3/15/2026 0:30,84,18,0.1
3/15/2026 0:45,84,18,0.1
3/15/2026 1:00,84,18,0.1
3/15/2026 1:15,84,18,0.2
3/15/2026 1:30,84,18,0.2
3/15/2026 1:45,84,18,0.2
3/15/2026 2:00,84,18,0.2
3/15/2026 2:15,84,18,0.2
3/15/2026 2:30,84,18,0.2
3/15/2026 2:45,84,18,0.2
3/15/2026 3:00,84,18,0.2
3/15/2026 3:15,84,18,0.2
3/15/2026 3:30,84,18,0.2
3/15/2026 3:45,84,18,0.2
3/15/2026 4:00,84,18,0.2
3/15/2026 4:15,84,18,0.2
3/15/2026 4:30,84,18,0.2
3/15/2026 4:45,84,18,0.2
3/15/2026 5:00,84,18,0.2
3/15/2026 5:15,84,18,0.2
3/15/2026 5:30,84,18,0.2
3/15/2026 5:45,84,18,0.2
3/15/2026 6:00,84,18,0.1
3/15/2026 6:15,84,18,0.1
3/15/2026 6:30,84,18,0.1
3/15/2026 6:45,84,18,0.1
3/15/2026 7:00,84,18,0.1
3/15/2026 7:15,84,18,0.1
3/15/2026 7:30,84,18,0.1
3/15/2026 7:45,84,18,0.1
3/15/2026 8:00,84,18,0.1
3/15/2026 8:15,84,18,0.1
3/15/2026 8:30,84,18,0.1
3/15/2026 8:45,84,18,0.1
3/15/2026 9:00,84,18,0.1
3/15/2026 9:15,84,18,0.1
3/15/2026 9:30,84,18,0.1
3/15/2026 9:45,84,18,0.1
3/15/2026 10:00,84,18,0.1
3/15/2026 10:15,84,18,0.1
3/15/2026 10:30,84,18,0.1
3/15/2026 10:45,84,18,0.1
3/15/2026 11:00,83,18,0.1
3/15/2026 11:15,84,18,0.1
3/15/2026 11:30,83,18,0.1
3/15/2026 11:45,84,18,0.1
3/15/2026 12:00,84,18,0.1
3/15/2026 12:15,84,18,0.1
3/15/2026 12:30,84,18,0.1
3/15/2026 12:45,84,18,0.1
3/15/2026 13:00,84,18,0.1
3/15/2026 13:15,84,18,0.1
3/15/2026 13:30,84,18,0.1
3/15/2026 13:45,84,18,0.1
3/15/2026 14:00,83,18,0.1
3/15/2026 14:15,83,18,0.1
3/15/2026 14:30,84,18,0.1
3/15/2026 14:45,84,18,0.1
3/15/2026 15:00,83,18,0.1
3/15/2026 15:15,84,18,0.1
3/15/2026 15:30,84,18,0.1
3/15/2026 15:45,84,18,0.1
3/15/2026 16:00,84,19,0.1
3/15/2026 16:15,84,19,0.1
3/15/2026 16:30,84,19,0.1
3/15/2026 16:45,84,19,0.1
3/15/2026 17:00,84,19,0.1
3/15/2026 17:15,84,18,0.1
3/15/2026 17:30,84,19,0.1
3/15/2026 17:45,84,19,0.1
3/15/2026 18:00,84,19,0.1
3/15/2026 18:15,84,19,0.1
3/15/2026 18:30,84,19,0.1
3/15/2026 18:45,84,19,0.1
3/15/2026 19:00,84,19,0.1
3/15/2026 19:15,83,19,0.1
3/15/2026 19:30,83,19,0.1
3/15/2026 19:45,84,19,0.1
3/15/2026 20:00,83,19,0.1
3/15/2026 20:15,83,19,0.1
3/15/2026 20:30,84,19,0.1
3/15/2026 20:45,83,19,0.1
3/15/2026 21:00,83,19,0.1
3/15/2026 21:15,83,19,0.1
3/15/2026 21:30,84,19,0.1
3/15/2026 21:45,83,19,0.1
3/15/2026 22:00,83,19,0.1
3/15/2026 22:15,83,19,0.1
3/15/2026 22:30,84,19,0.1
3/15/2026 22:45,84,19,0.1
3/15/2026 23:00,83,19,0.1
3/15/2026 23:15,84,19,0.1
3/15/2026 23:30,83,19,0.1
3/15/2026 23:45,83,19,0.1
3/16/2026 0:00,84,19,0.1
3/16/2026 0:15,83,19,0.1
3/16/2026 0:30,84,19,0.1
3/16/2026 0:45,84,19,0.1
3/16/2026 1:00,83,19,0.1
3/16/2026 1:15,84,19,0.1
3/16/2026 1:30,83,19,0.1
3/16/2026 1:45,83,19,0.1
3/16/2026 2:00,83,19,0.1
3/16/2026 2:15,83,19,0.1
3/16/2026 2:30,83,19,0.1
3/16/2026 2:45,83,19,0.1
3/16/2026 3:00,83,19,0.1
3/16/2026 3:15,83,19,0.1
3/16/2026 3:30,83,19,0.1
3/16/2026 3:45,84,19,0.1
3/16/2026 4:00,83,19,0.1
3/16/2026 4:15,83,19,0.1
3/16/2026 4:30,83,19,0.1
3/16/2026 4:45,83,19,0.1
3/16/2026 5:00,83,19,0.1
3/16/2026 5:15,83,19,0.1
3/16/2026 5:30,83,19,0.1
3/16/2026 5:45,83,19,0.1
3/16/2026 6:00,83,19,0.1
3/16/2026 6:15,83,19,0.1
3/16/2026 6:30,83,19,0.2
3/16/2026 6:45,83,19,0.1
3/16/2026 7:00,83,19,0.1
3/16/2026 7:15,83,19,0.1
3/16/2026 7:30,83,19,0.2
3/16/2026 7:45,83,19,0.2
3/16/2026 8:00,83,19,0.2
3/16/2026 8:15,83,19,0.2
3/16/2026 8:30,83,19,0.2
3/16/2026 8:45,83,19,0.1
3/16/2026 9:00,83,19,0.1
3/16/2026 9:15,83,19,0.1
3/16/2026 9:30,83,19,0.1
3/16/2026 9:45,83,19,0.1
3/16/2026 10:00,83,19,0.1
3/16/2026 10:15,84,19,0.1
3/16/2026 10:30,84,19,0.1
3/16/2026 10:45,84,19,0.1
3/16/2026 11:00,84,19,0.1
3/16/2026 11:15,84,19,0.1
3/16/2026 11:30,84,19,0.1
3/16/2026 11:45,84,19,0.1
3/16/2026 12:00,84,19,0.1
3/16/2026 12:15,84,19,0.1
3/16/2026 12:30,84,19,0.1
3/16/2026 12:45,84,19,0.1
3/16/2026 13:00,84,19,0.1
3/16/2026 13:15,84,19,0.1
3/16/2026 13:30,85,19,0.1
3/16/2026 13:45,86,19,0.1
3/16/2026 14:00,88,19,0.1
3/16/2026 14:15,91,19,0.1
3/16/2026 14:30,93,19,0.1
3/16/2026 14:45,96,19,0.1
3/16/2026 15:00,96,19,0.1
3/16/2026 15:15,97,19,0.1
3/16/2026 15:30,97,19,0.1
3/16/2026 15:45,98,19,0.1
3/16/2026 16:00,98,19,0.1
3/16/2026 16:15,98,19,0.1
3/16/2026 16:30,99,19,0.1
3/16/2026 16:45,98,19,0.1
3/16/2026 17:00,98,19,0.1
3/16/2026 17:15,98,19,0.1
3/16/2026 17:30,97,19,0.1
3/16/2026 17:45,97,19,0.1
3/16/2026 18:00,96,19,0.1
3/16/2026 18:15,96,19,0.1
3/16/2026 18:30,95,19,0.1
3/16/2026 18:45,95,19,0.1
3/16/2026 19:00,95,19,0.1
3/16/2026 19:15,94,19,0.1
3/16/2026 19:30,94,19,0.1
3/16/2026 19:45,93,19,0.1
3/16/2026 20:00,93,19,0.1
3/16/2026 20:15,92,19,0.1
3/16/2026 20:30,92,19,0.1
3/16/2026 20:45,91,19,0.1
3/16/2026 21:00,91,19,0.1
3/16/2026 21:15,90,19,0.1
3/16/2026 21:30,90,19,0.1
3/16/2026 21:45,90,19,0.1
3/16/2026 22:00,89,19,0.1
3/16/2026 22:15,89,19,0.1
3/16/2026 22:30,88,19,0.1
3/16/2026 22:45,88,19,0.1
3/16/2026 23:00,87,19,0.1
3/16/2026 23:15,87,19,0.1
3/16/2026 23:30,86,19,0.1
3/16/2026 23:45,86,19,0.1
3/17/2026 0:00,85,19,0.1
3/17/2026 0:15,85,19,0.1
3/17/2026 0:30,84,19,0.1
3/17/2026 0:45,84,19,0.1
3/17/2026 1:00,83,19,0.1
3/17/2026 1:15,83,19,0.1
3/17/2026 1:30,82,19,0.1
3/17/2026 1:45,82,19,0.1
3/17/2026 2:00,81,18,0.1
3/17/2026 2:15,81,18,0.1
3/17/2026 2:30,80,18,0.1
3/17/2026 2:45,80,18,0.1
3/17/2026 3:00,79,18,0.1
3/17/2026 3:15,79,18,0.1
3/17/2026 3:30,78,18,0.1
3/17/2026 3:45,78,18,0.1
3/17/2026 4:00,77,18,0.1
3/17/2026 4:15,77,18,0.1
3/17/2026 4:30,76,18,0.1
3/17/2026 4:45,76,18,0.1
3/17/2026 5:00,75,18,0.1
3/17/2026 5:15,75,18,0.1
3/17/2026 5:30,74,18,0.1
3/17/2026 5:45,74,18,0.1
3/17/2026 6:00,73,18,0.1
3/17/2026 6:15,73,18,0.1
3/17/2026 6:30,72,18,0.1
3/17/2026 6:45,72,18,0.1
3/17/2026 7:00,71,18,0.1
3/17/2026 7:15,71,18,0.1
3/17/2026 7:30,70,18,0.1
3/17/2026 7:45,70,18,0.1
3/17/2026 8:00,69,18,0.1
3/17/2026 8:15,69,17,0.1
3/17/2026 8:30,68,17,0.1
3/17/2026 8:45,68,17,0.1
3/17/2026 9:00,67,17,0.1
3/17/2026 9:15,67,17,0.1
3/17/2026 9:30,66,17,0.1
3/17/2026 9:45,66,17,0.1
3/17/2026 10:00,65,17,0.1
3/17/2026 10:15,64,17,0.1
3/17/2026 10:30,64,17,0.1
3/17/2026 10:45,64,17,0.1
3/17/2026 11:00,63,17,0.1
3/17/2026 11:15,62,17,0.1
3/17/2026 11:30,62,17,0.1
3/17/2026 11:45,61,17,0.1
3/17/2026 12:00,61,17,0.1
3/17/2026 12:15,60,17,0.1
3/17/2026 12:30,60,18,0.1
3/17/2026 12:45,59,18,0.1
3/17/2026 13:00,59,18,0.1
3/17/2026 13:15,58,18,0.1
3/17/2026 13:30,58,18,0.1
3/17/2026 13:45,57,18,0.1
3/17/2026 14:00,57,18,0.1
3/17/2026 14:15,56,18,0.1
3/17/2026 14:30,56,18,0.1
3/17/2026 14:45,55,18,0.1
3/17/2026 15:00,54,18,0.1
3/17/2026 15:15,54,18,0.1
3/17/2026 15:30,53,18,0.1
3/17/2026 15:45,53,18,0.1
3/17/2026 16:00,53,18,0.1
3/17/2026 16:15,53,18,0.1
3/17/2026 16:30,53,18,0.1
3/17/2026 16:45,53,18,0.1
3/17/2026 17:00,53,18,0.1
3/17/2026 17:15,53,18,0.1
3/17/2026 17:30,54,18,0.1
3/17/2026 17:45,54,18,0.1
3/17/2026 18:00,54,18,0.1
3/17/2026 18:15,54,18,0.1
3/17/2026 18:30,54,18,0.1
3/17/2026 18:45,54,18,0.1
3/17/2026 19:00,54,18,0.1
3/17/2026 19:15,54,18,0.1
3/17/2026 19:30,54,18,0.1
3/17/2026 19:45,54,18,0.1
3/17/2026 20:00,54,18,0.1
3/17/2026 20:15,54,18,0.1
3/17/2026 20:30,54,18,0.1
3/17/2026 20:45,54,18,0.1
3/17/2026 21:00,54,18,0.1
3/17/2026 21:15,54,18,0.1
3/17/2026 21:30,54,18,0.1
3/17/2026 21:45,54,18,0.1
3/17/2026 22:00,54,18,0.1
3/17/2026 22:15,54,18,0.1
3/17/2026 22:30,54,18,0.1
3/17/2026 22:45,54,18,0.1
3/17/2026 23:00,54,18,0.1
3/17/2026 23:15,54,18,0.1
3/17/2026 23:30,54,17,0.1
3/17/2026 23:45,54,17,0.1
3/18/2026 0:00,54,17,0.1
3/18/2026 0:15,54,17,0.1
3/18/2026 0:30,54,17,0.1
3/18/2026 0:45,54,17,0.1
3/18/2026 1:00,54,17,0.1
3/18/2026 1:15,54,17,0.1
3/18/2026 1:30,54,17,0.1
3/18/2026 1:45,54,17,0.1
3/18/2026 2:00,54,17,0.1
3/18/2026 2:15,54,17,0.1
3/18/2026 2:30,54,17,0.1
3/18/2026 2:45,54,17,0.1
3/18/2026 3:00,54,17,0.1
3/18/2026 3:15,54,17,0.1
3/18/2026 3:30,54,17,0.1
3/18/2026 3:45,54,17,0.1
3/18/2026 4:00,54,17,0.1
3/18/2026 4:15,54,17,0.1
3/18/2026 4:30,54,17,0.1
3/18/2026 4:45,54,17,0.1
3/18/2026 5:00,54,16,0.1
3/18/2026 5:15,54,16,0.1
3/18/2026 5:30,54,16,0.1
3/18/2026 5:45,54,16,0.1
3/18/2026 6:00,54,16,0.1
3/18/2026 6:15,54,16,0.1
3/18/2026 6:30,54,16,0.1
3/18/2026 6:45,54,16,0.1
3/18/2026 7:00,54,16,0.1
3/18/2026 7:15,54,16,0.1
3/18/2026 7:30,54,16,0.1
3/18/2026 7:45,54,16,0.1
3/18/2026 8:00,54,16,0.1
3/18/2026 8:15,54,16,0.1
3/18/2026 8:30,54,16,0.1
3/18/2026 8:45,54,16,0.1
3/18/2026 9:00,54,16,0.1
3/18/2026 9:15,54,16,0.1
3/18/2026 9:30,54,16,0.1
3/18/2026 9:45,54,16,0.1
3/18/2026 10:00,54,16,0.1
3/18/2026 10:15,54,16,0.1
3/18/2026 10:30,54,16,0.1
3/18/2026 10:45,54,16,0.1
3/18/2026 11:00,54,16,0.1
3/18/2026 11:15,54,16,0.1
3/18/2026 11:30,54,16,0.1
3/18/2026 11:45,54,16,0.1
3/18/2026 12:00,54,16,0.1
3/18/2026 12:15,54,16,0.1
3/18/2026 12:30,54,16,0.1
3/18/2026 12:45,54,17,0.1
3/18/2026 13:00,54,17,0.1
3/18/2026 13:15,54,17,0.1
3/18/2026 13:30,54,17,0.1
3/18/2026 13:45,54,17,0.1
3/18/2026 14:00,54,17,0.1
3/18/2026 14:15,54,17,0.1
3/18/2026 14:30,54,17,0.1
3/18/2026 14:45,54,17,0.1
3/18/2026 15:00,54,17,0.1
3/18/2026 15:15,54,17,0.1
3/18/2026 15:30,54,17,0.1
3/18/2026 15:45,54,17,0.1
3/18/2026 16:00,54,17,0.1
3/18/2026 16:15,54,18,0.1
3/18/2026 16:30,54,18,0.1
3/18/2026 16:45,54,18,0.1
3/18/2026 17:00,54,18,0.1
3/18/2026 17:15,54,18,0.1
3/18/2026 17:30,54,18,0.1
3/18/2026 17:45,54,18,0.1
3/18/2026 18:00,54,18,0.1
3/18/2026 18:15,54,18,0.1
3/18/2026 18:30,54,18,0.1
3/18/2026 18:45,54,18,0.1
3/18/2026 19:00,54,18,0.1
3/18/2026 19:15,54,18,0.1
3/18/2026 19:30,54,18,0.1
3/18/2026 19:45,54,18,0.1
3/18/2026 20:00,54,18,0.1
3/18/2026 20:15,54,17,0.1
3/18/2026 20:30,54,17,0.1
3/18/2026 20:45,54,17,0.1
3/18/2026 21:00,54,17,0.1
3/18/2026 21:15,54,17,0.1
3/18/2026 21:30,54,17,0.1
3/18/2026 21:45,54,17,0.1
3/18/2026 22:00,54,17,0.1
3/18/2026 22:15,54,17,0.1
3/18/2026 22:30,54,17,0.1
3/18/2026 22:45,54,17,0.1
3/18/2026 23:00,54,17,0.1
3/18/2026 23:15,54,17,0.1
3/18/2026 23:30,54,17,0.1
3/18/2026 23:45,54,17,0.1
3/19/2026 0:00,54,17,0.1
3/19/2026 0:15,54,17,0.1
3/19/2026 0:30,54,17,0.1
3/19/2026 0:45,54,17,0.1
3/19/2026 1:00,54,17,0.1
3/19/2026 1:15,54,17,0.1
3/19/2026 1:30,54,16,0.1
3/19/2026 1:45,54,16,0.1
3/19/2026 2:00,54,16,0.1
3/19/2026 2:15,54,16,0.1
3/19/2026 2:30,54,16,0.1
3/19/2026 2:45,54,16,0.1
3/19/2026 3:00,54,16,0.1
3/19/2026 3:15,54,16,0.1
3/19/2026 3:30,54,16,0.1
3/19/2026 3:45,54,16,0.1
3/19/2026 4:00,54,16,0.1
3/19/2026 4:15,54,16,0.1
3/19/2026 4:30,54,16,0.1
3/19/2026 4:45,54,16,0.1
3/19/2026 5:00,54,16,0.1
3/19/2026 5:15,54,16,0.1
3/19/2026 5:30,54,16,0.1
3/19/2026 5:45,54,16,0.1
3/19/2026 6:00,54,16,0.1
3/19/2026 6:15,54,16,0.1
3/19/2026 6:30,54,16,0.1
3/19/2026 6:45,54,16,0.1
3/19/2026 7:00,54,16,0.1
3/19/2026 7:15,54,16,0.1
3/19/2026 7:30,54,16,0.1
3/19/2026 7:45,54,16,0.1
3/19/2026 8:00,54,16,0.1
3/19/2026 8:15,54,16,0.1
3/19/2026 8:30,54,16,0.1
3/19/2026 8:45,54,16,0.1
3/19/2026 9:00,54,16,0.1
3/19/2026 9:15,54,16,0.1
3/19/2026 9:30,54,16,0.1
3/19/2026 9:45,54,16,0.1
3/19/2026 10:00,54,16,0.1
3/19/2026 10:15,54,16,0.1
3/19/2026 10:30,54,16,0.1
3/19/2026 10:45,54,16,0.1
3/19/2026 11:00,54,16,0.1
3/19/2026 11:15,54,16,0.1
3/19/2026 11:30,54,16,0.1
3/19/2026 11:45,54,16,0.1
3/19/2026 12:00,54,16,0.1
3/19/2026 12:15,54,16,0.1
3/19/2026 12:30,54,16,0.1
3/19/2026 12:45,54,16,0.1
3/19/2026 13:00,54,16,0.1
3/19/2026 13:15,54,17,0.1
3/19/2026 13:30,54,17,0.1
3/19/2026 13:45,54,17,0.1
3/19/2026 14:00,54,17,0.1
3/19/2026 14:15,54,17,0.1
3/19/2026 14:30,54,17,0.1
3/19/2026 14:45,54,17,0.1
3/19/2026 15:00,54,17,0.1
3/19/2026 15:15,54,17,0.1
3/19/2026 15:30,54,17,0.1
3/19/2026 15:45,54,17,0.1
3/19/2026 16:00,54,17,0.1
3/19/2026 16:15,54,18,0.1
3/19/2026 16:30,54,18,0.1
3/19/2026 16:45,54,18,0.1
3/19/2026 17:00,54,18,0.1
3/19/2026 17:15,54,18,0.1
3/19/2026 17:30,54,18,0.1
3/19/2026 17:45,54,18,0.1
3/19/2026 18:00,54,18,0.1
3/19/2026 18:15,54,18,0.1
3/19/2026 18:30,54,18,0.1
3/19/2026 18:45,54,18,0.1
3/19/2026 19:00,54,18,0.1
3/19/2026 19:15,54,18,0.1
3/19/2026 19:30,54,18,0.1
3/19/2026 19:45,54,18,0.1
3/19/2026 20:00,54,18,0.1
3/19/2026 20:15,54,18,0.1
3/19/2026 20:30,54,18,0.1
3/19/2026 20:45,54,18,0.1
3/19/2026 21:00,54,18,0.1
3/19/2026 21:15,54,18,0.1
3/19/2026 21:30,54,18,0.1
3/19/2026 21:45,54,17,0.1
3/19/2026 22:00,54,17,0.1
3/19/2026 22:15,54,17,0.1
3/19/2026 22:30,54,17,0.1
3/19/2026 22:45,54,17,0.1
3/19/2026 23:00,54,17,0.1
3/19/2026 23:15,54,17,0.1
3/19/2026 23:30,54,17,0.1
3/19/2026 23:45,54,17,0.1
3/20/2026 0:00,54,17,0.1
3/20/2026 0:15,54,17,0.1
3/20/2026 0:30,54,17,0.1
3/20/2026 0:45,54,17,0.1
3/20/2026 1:00,54,17,0.1
3/20/2026 1:15,54,17,0.1
3/20/2026 1:30,54,17,0.1
3/20/2026 1:45,54,17,0.1
3/20/2026 2:00,54,17,0.1
3/20/2026 2:15,54,17,0.1
3/20/2026 2:30,54,17,0.1
3/20/2026 2:45,54,16,0.1
3/20/2026 3:00,54,16,0.1
3/20/2026 3:15,54,16,0.1
3/20/2026 3:30,54,16,0.1
3/20/2026 3:45,54,16,0.1
3/20/2026 4:00,54,16,0.1
3/20/2026 4:15,54,16,0.1
3/20/2026 4:30,54,16,0.1
3/20/2026 4:45,54,16,0.1
3/20/2026 5:00,54,16,0.1
3/20/2026 5:15,54,16,0.1
3/20/2026 5:30,54,16,0.1
3/20/2026 5:45,54,16,0.1
3/20/2026 6:00,54,16,0.1
3/20/2026 6:15,54,16,0.1
3/20/2026 6:30,54,16,0.1
3/20/2026 6:45,54,16,0.1
3/20/2026 7:00,54,16,0.1
3/20/2026 7:15,54,16,0.1
3/20/2026 7:30,54,16,0.1
3/20/2026 7:45,54,16,0.1
3/20/2026 8:00,54,16,0.1
3/20/2026 8:15,54,16,0.1
3/20/2026 8:30,54,16,0.1
3/20/2026 8:45,54,16,0.1
3/20/2026 9:00,54,16,0.1
3/20/2026 9:15,54,16,0.1
3/20/2026 9:30,54,16,0.1
3/20/2026 9:45,54,16,0.1
3/20/2026 10:00,54,16,0.1
3/20/2026 10:15,54,16,0.1
3/20/2026 10:30,54,16,0.1
3/20/2026 10:45,54,16,0.1
3/20/2026 11:00,54,16,0.1
3/20/2026 11:15,54,16,0.1
3/20/2026 11:30,54,16,0.1
3/20/2026 11:45,54,16,0.1
3/20/2026 12:00,54,16,0.1
3/20/2026 12:15,54,16,0.1
3/20/2026 12:30,54,16,0.1
3/20/2026 12:45,54,16,0.1
3/20/2026 13:00,54,16,0.1
3/20/2026 13:15,54,17,0.1
3/20/2026 13:30,54,17,0.1
3/20/2026 13:45,54,17,0.1
3/20/2026 14:00,54,17,0.1
3/20/2026 14:15,54,17,0.1
3/20/2026 14:30,54,17,0.1
3/20/2026 14:45,54,17,0.1
3/20/2026 15:00,54,17,0.1
3/20/2026 15:15,54,17,0.1
3/20/2026 15:30,54,17,0.1
3/20/2026 15:45,54,17,0.1
3/20/2026 16:00,54,17,0.1
3/20/2026 16:15,54,17,0.1
3/20/2026 16:30,54,17,0.1
3/20/2026 16:45,54,17,0.1
3/20/2026 17:00,54,17,0.1
3/20/2026 17:15,54,17,0.1
3/20/2026 17:30,54,17,0.1
3/20/2026 17:45,54,17,0.1
3/20/2026 18:00,54,17,0.1
3/20/2026 18:15,54,17,0.1
3/20/2026 18:30,54,18,0.1
3/20/2026 18:45,54,18,0.1
3/20/2026 19:00,54,18,0.1
3/20/2026 19:15,54,18,0.1
3/20/2026 19:30,54,18,0.1
3/20/2026 19:45,54,18,0.1
3/20/2026 20:00,54,18,0.1
3/20/2026 20:15,54,18,0.1
3/20/2026 20:30,54,18,0.1
3/20/2026 20:45,54,18,0.1
3/20/2026 21:00,54,18,0.1
3/20/2026 21:15,54,18,0.1
3/20/2026 21:30,54,18,0.1
3/20/2026 21:45,54,18,0.1
3/20/2026 22:00,54,18,0.1
3/20/2026 22:15,54,18,0.1
3/20/2026 22:30,54,18,0.1
3/20/2026 22:45,54,18,0.1
3/20/2026 23:00,54,18,0.1
3/20/2026 23:15,54,18,0.1
3/20/2026 23:30,54,18,0.1
3/20/2026 23:45,54,18,0.1
3/21/2026 0:00,54,18,0.1
3/21/2026 0:15,54,18,0.1
3/21/2026 0:30,54,18,0.1
3/21/2026 0:45,54,18,0.1
3/21/2026 1:00,54,18,0.1
3/21/2026 1:15,54,18,0.1
3/21/2026 1:30,54,18,0.1
3/21/2026 1:45,54,18,0.1
3/21/2026 2:00,54,18,0.1
3/21/2026 2:15,54,18,0.1
3/21/2026 2:30,54,18,0.1
3/21/2026 2:45,54,18,0.1
3/21/2026 3:00,54,18,0.1
3/21/2026 3:15,54,18,0.1
3/21/2026 3:30,54,18,0.1
3/21/2026 3:45,54,18,0.1
3/21/2026 4:00,54,18,0.1
3/21/2026 4:15,54,18,0.1
3/21/2026 4:30,54,17,0.1
3/21/2026 4:45,54,17,0.1
3/21/2026 5:00,54,17,0.1
3/21/2026 5:15,53,17,0.1
3/21/2026 5:30,54,17,0.1
3/21/2026 5:45,54,17,0.1
3/21/2026 6:00,54,17,0.1
3/21/2026 6:15,54,17,0.1
3/21/2026 6:30,53,17,0.1
3/21/2026 6:45,54,17,0.1
3/21/2026 7:00,54,17,0.1
3/21/2026 7:15,54,17,0.1
3/21/2026 7:30,54,17,0.1
3/21/2026 7:45,54,17,0.1
3/21/2026 8:00,54,17,0.1
3/21/2026 8:15,54,17,0.1
3/21/2026 8:30,54,17,0.1
3/21/2026 8:45,53,17,0.1
3/21/2026 9:00,54,17,0.1
3/21/2026 9:15,54,17,0.1
3/21/2026 9:30,54,17,0.1
3/21/2026 9:45,54,17,0.1
3/21/2026 10:00,54,17,0.1
3/21/2026 10:15,54,17,0.1
3/21/2026 10:30,54,17,0.1
3/21/2026 10:45,54,17,0.1
3/21/2026 11:00,53,17,0.1
3/21/2026 11:15,53,17,0.1
3/21/2026 11:30,54,17,0.1
3/21/2026 11:45,54,17,0.1
3/21/2026 12:00,54,17,0.1
3/21/2026 12:15,54,17,0.1
3/21/2026 12:30,54,17,0.1
3/21/2026 12:45,54,17,0.1
3/21/2026 13:00,54,17,0.1
3/21/2026 13:15,54,17,0.1
3/21/2026 13:30,54,18,0.1
3/21/2026 13:45,53,18,0.1
3/21/2026 14:00,54,18,0.1
3/21/2026 14:15,54,18,0.1
3/21/2026 14:30,54,18,0.1
3/21/2026 14:45,54,18,0.1
3/21/2026 15:00,54,18,0.1
3/21/2026 15:15,54,18,0.1
3/21/2026 15:30,54,18,0.1
3/21/2026 15:45,54,18,0.1
3/21/2026 16:00,54,18,0.1
3/21/2026 16:15,54,18,0.1
3/21/2026 16:30,54,18,0.1
3/21/2026 16:45,54,18,0.1
3/21/2026 17:00,54,18,0.1
3/21/2026 17:15,54,18,0.1
3/21/2026 17:30,54,18,0.1
3/21/2026 17:45,54,18,0.1
3/21/2026 18:00,54,18,0.1
3/21/2026 18:15,54,18,0.1
3/21/2026 18:30,53,18,0.1
3/21/2026 18:45,53,18,0.1
3/21/2026 19:00,54,18,0.1
3/21/2026 19:15,54,18,0.1
3/21/2026 19:30,53,18,0.1
3/21/2026 19:45,53,18,0.1
3/21/2026 20:00,54,18,0.1
3/21/2026 20:15,54,18,0.1
3/21/2026 20:30,54,18,0.1
3/21/2026 20:45,54,18,0.1
3/21/2026 21:00,54,18,0.1
3/21/2026 21:15,54,18,0.1
3/21/2026 21:30,54,18,0.1
3/21/2026 21:45,54,18,0.1
3/21/2026 22:00,54,18,0.1
3/21/2026 22:15,54,18,0.1
3/21/2026 22:30,54,18,0.1
3/21/2026 22:45,54,18,0.1
3/21/2026 23:00,54,18,0.1
3/21/2026 23:15,54,18,0.1
3/21/2026 23:30,54,18,0.1
3/21/2026 23:45,53,18,0.1
3/22/2026 0:00,54,18,0.1
3/22/2026 0:15,54,18,0.1
3/22/2026 0:30,54,18,0.1
3/22/2026 0:45,54,18,0.1
3/22/2026 1:00,54,18,0.1
3/22/2026 1:15,54,18,0.1
3/22/2026 1:30,54,18,0.1
3/22/2026 1:45,54,18,0.1
3/22/2026 2:00,54,18,0.1
3/22/2026 2:15,54,18,0.1
3/22/2026 2:30,54,18,0.1
3/22/2026 2:45,54,18,0.1
3/22/2026 3:00,54,18,0.1
3/22/2026 3:15,54,18,0.1
3/22/2026 3:30,54,18,0.1
3/22/2026 3:45,54,18,0.1
3/22/2026 4:00,54,18,0.1
3/22/2026 4:15,54,18,0.1
3/22/2026 4:30,54,18,0.2
3/22/2026 4:45,54,18,0.2
3/22/2026 5:00,54,18,0.2
3/22/2026 5:15,54,18,0.2
3/22/2026 5:30,54,18,0.2
3/22/2026 5:45,54,18,0.2
3/22/2026 6:00,53,18,0.2
3/22/2026 6:15,54,18,0.2
3/22/2026 6:30,54,18,0.2
3/22/2026 6:45,54,18,0.2
3/22/2026 7:00,54,18,0.2
3/22/2026 7:15,54,18,0.2
3/22/2026 7:30,54,18,0.2
3/22/2026 7:45,53,18,0.2
3/22/2026 8:00,54,18,0.2
3/22/2026 8:15,53,18,0.2
3/22/2026 8:30,53,18,0.2
3/22/2026 8:45,54,18,0.2
3/22/2026 9:00,54,18,0.2
3/22/2026 9:15,54,18,0.2
3/22/2026 9:30,54,18,0.2
3/22/2026 9:45,54,18,0.2
3/22/2026 10:00,54,18,0.2
3/22/2026 10:15,53,18,0.2
3/22/2026 10:30,54,18,0.2
3/22/2026 10:45,53,18,0.2
3/22/2026 11:00,54,18,0.2
3/22/2026 11:15,53,18,0.2
3/22/2026 11:30,54,18,0.2
3/22/2026 11:45,54,18,0.2
3/22/2026 12:00,54,18,0.2
3/22/2026 12:15,54,19,0.2
3/22/2026 12:30,54,19,0.2
3/22/2026 12:45,54,19,0.2
3/22/2026 13:00,54,19,0.2
3/22/2026 13:15,54,19,0.2
3/22/2026 13:30,53,19,0.2
3/22/2026 13:45,54,19,0.2
3/22/2026 14:00,54,19,0.2
3/22/2026 14:15,54,19,0.2
3/22/2026 14:30,53,19,0.2
3/22/2026 14:45,54,19,0.2
3/22/2026 15:00,53,19,0.2
3/22/2026 15:15,54,19,0.2
3/22/2026 15:30,53,19,0.2
3/22/2026 15:45,54,19,0.2
3/22/2026 16:00,54,19,0.2
3/22/2026 16:15,54,19,0.2
3/22/2026 16:30,54,19,0.2
3/22/2026 16:45,54,19,0.1
3/22/2026 17:00,54,19,0.1
3/22/2026 17:15,54,19,0.1
3/22/2026 17:30,54,19,0.1
3/22/2026 17:45,54,19,0.1
3/22/2026 18:00,54,19,0.1
3/22/2026 18:15,54,19,0.1
3/22/2026 18:30,54,19,0.1
3/22/2026 18:45,54,19,0.1
3/22/2026 19:00,53,19,0.1
3/22/2026 19:15,54,19,0.1
3/22/2026 19:30,54,19,0.1
3/22/2026 19:45,53,19,0.1
3/22/2026 20:00,53,19,0.1
3/22/2026 20:15,53,19,0.1
3/22/2026 20:30,54,19,0.1
3/22/2026 20:45,54,19,0.1
3/22/2026 21:00,53,19,0.1
3/22/2026 21:15,54,19,0.1
3/22/2026 21:30,54,19,0.1
3/22/2026 21:45,53,19,0.1
3/22/2026 22:00,54,19,0.1
3/22/2026 22:15,53,19,0.1
3/22/2026 22:30,53,19,0.1
3/22/2026 22:45,54,19,0.1
3/22/2026 23:00,54,19,0.1
3/22/2026 23:15,53,19,0.1
3/22/2026 23:30,53,19,0.1
3/22/2026 23:45,53,19,0.1
3/23/2026 0:00,53,19,0.1
3/23/2026 0:15,54,19,0.1
3/23/2026 0:30,53,19,0.1
3/23/2026 0:45,53,19,0.1
3/23/2026 1:00,53,19,0.1
3/23/2026 1:15,53,19,0.1
3/23/2026 1:30,53,19,0.1
3/23/2026 1:45,54,19,0.1
3/23/2026 2:00,53,19,0.1
3/23/2026 2:15,53,19,0.1
3/23/2026 2:30,54,20,0.1
3/23/2026 2:45,53,20,0.1
3/23/2026 3:00,53,20,0.1
3/23/2026 3:15,53,20,0.1
3/23/2026 3:30,54,20,0.1
3/23/2026 3:45,53,20,0.1
3/23/2026 4:00,53,20,0.1
3/23/2026 4:15,54,20,0.1
3/23/2026 4:30,53,20,0.1
3/23/2026 4:45,53,19,0.1
3/23/2026 5:00,53,19,0.1
3/23/2026 5:15,53,19,0.1
3/23/2026 5:30,53,19,0.1
3/23/2026 5:45,53,19,0.1
3/23/2026 6:00,53,19,0.1
3/23/2026 6:15,53,19,0.1
3/23/2026 6:30,53,19,0.1
3/23/2026 6:45,53,19,0.1
3/23/2026 7:00,53,19,0.2
3/23/2026 7:15,53,19,0.2
3/23/2026 7:30,53,19,0.2
3/23/2026 7:45,53,19,0.2
3/23/2026 8:00,53,19,0.2
3/23/2026 8:15,53,19,0.2
3/23/2026 8:30,53,19,0.2
3/23/2026 8:45,53,19,0.2
3/23/2026 9:00,53,19,0.2
3/23/2026 9:15,53,19,0.2
3/23/2026 9:30,53,19,0.2
3/23/2026 9:45,53,19,0.2
3/23/2026 10:00,53,19,0.2
3/23/2026 10:15,53,19,0.2
3/23/2026 10:30,53,19,0.2
3/23/2026 10:45,53,19,0.2
3/23/2026 11:00,54,19,0.2
3/23/2026 11:15,54,19,0.2
3/23/2026 11:30,53,19,0.2
3/23/2026 11:45,53,19,0.1
3/23/2026 12:00,53,19,0.1
3/23/2026 12:15,54,20,0.1
3/23/2026 12:30,53,20,0.1
3/23/2026 12:45,53,20,0.1
3/23/2026 13:00,53,20,0.1
3/23/2026 13:15,53,20,0.1
3/23/2026 13:30,53,20,0.1
3/23/2026 13:45,53,20,0.1
3/23/2026 14:00,53,20,0.1
3/23/2026 14:15,53,20,0.2
3/23/2026 14:30,53,20,0.2
3/23/2026 14:45,53,20,0.2
3/23/2026 15:00,53,20,0.2
3/23/2026 15:15,53,20,0.2
3/23/2026 15:30,53,20,0.2
3/23/2026 15:45,54,20,0.2
3/23/2026 16:00,53,20,0.2
3/23/2026 16:15,53,20,0.2
3/23/2026 16:30,53,20,0.2
3/23/2026 16:45,54,20,0.2
3/23/2026 17:00,53,20,0.2
3/23/2026 17:15,53,20,0.2
3/23/2026 17:30,53,20,0.2
3/23/2026 17:45,53,20,0.2
3/23/2026 18:00,53,20,0.2
3/23/2026 18:15,53,20,0.2
3/23/2026 18:30,53,20,0.2
3/23/2026 18:45,53,20,0.2
3/23/2026 19:00,53,20,0.2
3/23/2026 19:15,53,20,0.2
3/23/2026 19:30,53,20,0.2
3/23/2026 19:45,53,20,0.2
3/23/2026 20:00,53,20,0.2
3/23/2026 20:15,53,20,0.2
3/23/2026 20:30,53,20,0.2
3/23/2026 20:45,53,21,0.2
3/23/2026 21:00,53,21,0.2
3/23/2026 21:15,53,21,0.2
3/23/2026 21:30,53,21,0.2
3/23/2026 21:45,53,21,0.2
3/23/2026 22:00,53,21,0.2
3/23/2026 22:15,53,21,0.2
3/23/2026 22:30,53,21,0.2
3/23/2026 22:45,53,21,0.2
3/23/2026 23:00,53,21,0.2
3/23/2026 23:15,53,21,0.2
3/23/2026 23:30,53,21,0.2
3/23/2026 23:45,53,21,0.2
3/24/2026 0:00,53,21,0.2
3/24/2026 0:15,53,21,0.2
3/24/2026 0:30,53,21,0.2
3/24/2026 0:45,53,21,0.2
3/24/2026 1:00,53,21,0.2
3/24/2026 1:15,53,21,0.2
3/24/2026 1:30,53,21,0.2
3/24/2026 1:45,53,21,0.2
3/24/2026 2:00,53,21,0.2
3/24/2026 2:15,53,21,0.2
3/24/2026 2:30,53,21,0.2
3/24/2026 2:45,53,21,0.2
3/24/2026 3:00,53,21,0.2
3/24/2026 3:15,53,21,0.2
3/24/2026 3:30,53,21,0.2
3/24/2026 3:45,53,21,0.1
3/24/2026 4:00,53,21,0.1
3/24/2026 4:15,53,20,0.1
3/24/2026 4:30,53,20,0.1
3/24/2026 4:45,53,20,0.1
3/24/2026 5:00,53,20,0.1
3/24/2026 5:15,53,20,0.1
3/24/2026 5:30,53,20,0.1
3/24/2026 5:45,53,20,0.1
3/24/2026 6:00,53,20,0.1
3/24/2026 6:15,53,20,0.1
3/24/2026 6:30,53,20,0.1
3/24/2026 6:45,53,20,0.1
3/24/2026 7:00,53,20,0.1
3/24/2026 7:15,53,20,0.1
3/24/2026 7:30,53,20,0.1
3/24/2026 7:45,53,20,0.1
3/24/2026 8:00,53,19,0.1
3/24/2026 8:15,53,19,0.1
3/24/2026 8:30,53,19,0.1
3/24/2026 8:45,53,19,0.1
3/24/2026 9:00,53,19,0.1
3/24/2026 9:15,53,19,0.1
3/24/2026 9:30,53,19,0.1
3/24/2026 9:45,53,19,0.1
3/24/2026 10:00,53,19,0.1
3/24/2026 10:15,53,19,0.1
3/24/2026 10:30,53,19,0.1
3/24/2026 10:45,53,19,0.1
3/24/2026 11:00,53,19,0.1
3/24/2026 11:15,53,19,0.1
3/24/2026 11:30,53,19,0.1
3/24/2026 11:45,53,19,0.1
3/24/2026 12:00,53,19,0.1
3/24/2026 12:15,53,19,0.1
3/24/2026 12:30,53,19,0.1
3/24/2026 12:45,53,19,0.1
3/24/2026 13:00,53,19,0.1
3/24/2026 13:15,53,19,0.1
3/24/2026 13:30,53,19,0.1
3/24/2026 13:45,53,20,0.1
3/24/2026 14:00,53,20,0.1
3/24/2026 14:15,53,20,0.1
3/24/2026 14:30,53,20,0.1
3/24/2026 14:45,53,20,0.1
3/24/2026 15:00,53,20,0.1
3/24/2026 15:15,53,20,0.1
3/24/2026 15:30,53,20,0.1
3/24/2026 15:45,53,20,0.1
3/24/2026 16:00,53,20,0.1
3/24/2026 16:15,52,20,0.1
3/24/2026 16:30,53,20,0.1
3/24/2026 16:45,53,20,0.1
3/24/2026 17:00,52,20,0.1
3/24/2026 17:15,53,20,0.1
3/24/2026 17:30,53,20,0.1
3/24/2026 17:45,53,20,0.1
3/24/2026 18:00,53,20,0.1
3/24/2026 18:15,53,20,0.1
3/24/2026 18:30,53,20,0.1
3/24/2026 18:45,53,20,0.1
3/24/2026 19:00,52,20,0.1
3/24/2026 19:15,53,20,0.1
3/24/2026 19:30,53,20,0.1
3/24/2026 19:45,53,20,0.1
3/24/2026 20:00,52,20,0.1
3/24/2026 20:15,53,20,0.1
3/24/2026 20:30,53,20,0.1
3/24/2026 20:45,53,19,0.1
3/24/2026 21:00,53,19,0.1
3/24/2026 21:15,53,19,0.1
3/24/2026 21:30,53,19,0.1
3/24/2026 21:45,53,19,0.1
3/24/2026 22:00,53,19,0.1
3/24/2026 22:15,53,19,0.1
3/24/2026 22:30,53,19,0.1
3/24/2026 22:45,52,19,0.1
3/24/2026 23:00,53,19,0.1
3/24/2026 23:15,53,19,0.1
3/24/2026 23:30,53,19,0.1
3/24/2026 23:45,53,19,0.2
3/25/2026 0:00,53,19,0.2
3/25/2026 0:15,53,19,0.2
3/25/2026 0:30,53,19,0.2
3/25/2026 0:45,53,19,0.2
3/25/2026 1:00,53,19,0.2
3/25/2026 1:15,53,19,0.2
3/25/2026 1:30,53,19,0.2
3/25/2026 1:45,53,19,0.2
3/25/2026 2:00,52,19,0.2
3/25/2026 2:15,53,18,0.2
3/25/2026 2:30,53,18,0.2
3/25/2026 2:45,53,18,0.2
3/25/2026 3:00,53,18,0.2
3/25/2026 3:15,53,18,0.2
3/25/2026 3:30,53,18,0.2
3/25/2026 3:45,52,18,0.2
3/25/2026 4:00,53,18,0.2
3/25/2026 4:15,52,18,0.2
3/25/2026 4:30,53,18,0.2
3/25/2026 4:45,53,18,0.2
3/25/2026 5:00,53,18,0.2
3/25/2026 5:15,53,18,0.2
3/25/2026 5:30,53,18,0.2
3/25/2026 5:45,52,18,0.2
3/25/2026 6:00,53,18,0.2
3/25/2026 6:15,53,18,0.2
3/25/2026 6:30,53,18,0.2
3/25/2026 6:45,53,18,0.2
3/25/2026 7:00,53,18,0.2
3/25/2026 7:15,52,18,0.2
3/25/2026 7:30,52,18,0.2
3/25/2026 7:45,52,18,0.2
3/25/2026 8:00,52,18,0.2
3/25/2026 8:15,52,18,0.2
3/25/2026 8:30,53,18,0.1
3/25/2026 8:45,53,18,0.1
3/25/2026 9:00,52,18,0.1
3/25/2026 9:15,53,18,0.1
3/25/2026 9:30,53,18,0.1
3/25/2026 9:45,52,18,0.1
3/25/2026 10:00,52,18,0.1
3/25/2026 10:15,52,18,0.1
3/25/2026 10:30,52,18,0.1
3/25/2026 10:45,52,18,0.1
3/25/2026 11:00,53,18,0.1
3/25/2026 11:15,52,18,0.1
3/25/2026 11:30,52,18,0.1
3/25/2026 11:45,53,18,0.1
3/25/2026 12:00,52,18,0.1
3/25/2026 12:15,52,18,0.1
3/25/2026 12:30,52,18,0.1
3/25/2026 12:45,52,18,0.1
3/25/2026 13:00,52,18,0.1
3/25/2026 13:15,52,18,0.1
3/25/2026 13:30,52,18,0.1
3/25/2026 13:45,52,18,0.1
3/25/2026 14:00,52,18,0.1
3/25/2026 14:15,52,18,0.1
3/25/2026 14:30,52,18,0.1
3/25/2026 14:45,52,18,0.1
3/25/2026 15:00,52,18,0.1
3/25/2026 15:15,52,18,0.1
3/25/2026 15:30,52,18,0.1
3/25/2026 15:45,52,18,0.1
3/25/2026 16:00,52,18,0.1
3/25/2026 16:15,52,19,0.1
3/25/2026 16:30,52,19,0.1
3/25/2026 16:45,52,19,0.1
3/25/2026 17:00,52,19,0.1
3/25/2026 17:15,52,19,0.1
3/25/2026 17:30,52,19,0.1
3/25/2026 17:45,52,19,0.1
3/25/2026 18:00,52,19,0.1
3/25/2026 18:15,52,19,0.1
3/25/2026 18:30,52,19,0.1
3/25/2026 18:45,52,19,0.1
3/25/2026 19:00,52,19,0.1
3/25/2026 19:15,52,19,0.1
3/25/2026 19:30,52,19,0.1
3/25/2026 19:45,52,19,0.1
3/25/2026 20:00,52,19,0.1
3/25/2026 20:15,52,19,0.1
3/25/2026 20:30,52,19,0.1
3/25/2026 20:45,52,19,0.1
3/25/2026 21:00,52,19,0.1
3/25/2026 21:15,52,19,0.1
3/25/2026 21:30,52,19,0.1
3/25/2026 21:45,52,19,0.1
3/25/2026 22:00,52,19,0.1
3/25/2026 22:15,52,19,0.1
3/25/2026 22:30,52,19,0.1
3/25/2026 22:45,52,19,0.1
3/25/2026 23:00,52,19,0.1
3/25/2026 23:15,52,19,0.1
3/25/2026 23:30,52,19,0.1
3/25/2026 23:45,52,19,0.1
3/26/2026 0:00,52,19,0.1
3/26/2026 0:15,52,19,0.1
3/26/2026 0:30,52,19,0.1
3/26/2026 0:45,52,19,0.1
3/26/2026 1:00,52,19,0.1
3/26/2026 1:15,52,19,0.1
3/26/2026 1:30,52,19,0.1
3/26/2026 1:45,52,19,0.1
3/26/2026 2:00,52,19,0.1
3/26/2026 2:15,52,19,0.1
3/26/2026 2:30,52,19,0.1
3/26/2026 2:45,52,19,0.1
3/26/2026 3:00,52,19,0.1
3/26/2026 3:15,52,19,0.1
3/26/2026 3:30,52,19,0.1
3/26/2026 3:45,52,19,0.1
3/26/2026 4:00,52,18,0.1
3/26/2026 4:15,52,18,0.1
3/26/2026 4:30,52,18,0.1
3/26/2026 4:45,52,18,0.1
3/26/2026 5:00,52,18,0.1
3/26/2026 5:15,52,18,0.1
3/26/2026 5:30,52,18,0.1
3/26/2026 5:45,52,18,0.1
3/26/2026 6:00,52,18,0.1
3/26/2026 6:15,52,18,0.1
3/26/2026 6:30,52,18,0.1
3/26/2026 6:45,52,18,0.1
3/26/2026 7:00,52,18,0.1
3/26/2026 7:15,52,18,0.1
3/26/2026 7:30,52,18,0.1
3/26/2026 7:45,52,18,0.1
3/26/2026 8:00,52,18,0.1
3/26/2026 8:15,52,18,0.1
3/26/2026 8:30,52,18,0.1
3/26/2026 8:45,52,18,0.1
3/26/2026 9:00,52,18,0.1
3/26/2026 9:15,52,18,0.1
3/26/2026 9:30,52,18,0.1
3/26/2026 9:45,52,18,0.1
3/26/2026 10:00,52,18,0.1
3/26/2026 10:15,52,18,0.1
3/26/2026 10:30,52,18,0.1
3/26/2026 10:45,52,18,0.1
3/26/2026 11:00,52,18,0.1
3/26/2026 11:15,52,18,0.1
3/26/2026 11:30,52,18,0.1
3/26/2026 11:45,52,18,0.1
3/26/2026 12:00,52,18,0.1
3/26/2026 12:15,52,18,0.1
3/26/2026 12:30,52,18,0.1
3/26/2026 12:45,52,18,0.1
3/26/2026 13:00,52,18,0.1
3/26/2026 13:15,52,19,0.1
3/26/2026 13:30,52,19,0.1
3/26/2026 13:45,52,19,0.1
3/26/2026 14:00,53,19,0.1
3/26/2026 14:15,52,19,0.1
3/26/2026 14:30,52,19,0.1
3/26/2026 14:45,52,19,0.1
3/26/2026 15:00,52,19,0.1
3/26/2026 15:15,52,19,0.1
3/26/2026 15:30,53,19,0.1
3/26/2026 15:45,52,19,0.1
3/26/2026 16:00,52,19,0.1
3/26/2026 16:15,52,19,0.1
3/26/2026 16:30,52,19,0.1
3/26/2026 16:45,52,19,0.1
3/26/2026 17:00,52,19,0.1
3/26/2026 17:15,52,19,0.1
3/26/2026 17:30,52,19,0.1
3/26/2026 17:45,52,19,0.1
3/26/2026 18:00,52,19,0.1
3/26/2026 18:15,52,19,0.1
3/26/2026 18:30,52,19,0.1
3/26/2026 18:45,52,19,0.1
3/26/2026 19:00,52,19,0.1
3/26/2026 19:15,52,19,0.1
3/26/2026 19:30,52,19,0.1
3/26/2026 19:45,52,19,0.1
3/26/2026 20:00,52,19,0.1
3/26/2026 20:15,52,19,0.1
3/26/2026 20:30,52,19,0.1
3/26/2026 20:45,52,19,0.1
3/26/2026 21:00,52,19,0.1
3/26/2026 21:15,52,19,0.1
3/26/2026 21:30,52,19,0.1
3/26/2026 21:45,52,19,0.1
3/26/2026 22:00,52,19,0.1
3/26/2026 22:15,52,19,0.1
3/26/2026 22:30,52,19,0.1
3/26/2026 22:45,52,19,0.1
3/26/2026 23:00,52,19,0.1
3/26/2026 23:15,52,19,0.1
3/26/2026 23:30,52,19,0.1
3/26/2026 23:45,52,19,0.1
3/27/2026 0:00,52,19,0.1
3/27/2026 0:15,52,19,0.1
3/27/2026 0:30,52,19,0.1
3/27/2026 0:45,52,19,0.1
3/27/2026 1:00,52,19,0.1
3/27/2026 1:15,52,19,0.1
3/27/2026 1:30,52,19,0.1
3/27/2026 1:45,52,19,0.1
3/27/2026 2:00,52,19,0.1
3/27/2026 2:15,52,19,0.1
3/27/2026 2:30,52,19,0.1
3/27/2026 2:45,52,19,0.1
3/27/2026 3:00,52,19,0.1
3/27/2026 3:15,52,19,0.1
3/27/2026 3:30,52,19,0.1
3/27/2026 3:45,52,19,0.1
3/27/2026 4:00,52,19,0.1
3/27/2026 4:15,52,19,0.1
3/27/2026 4:30,52,19,0.1
3/27/2026 4:45,52,19,0.1
3/27/2026 5:00,52,19,0.1
3/27/2026 5:15,52,19,0.1
3/27/2026 5:30,52,19,0.1
3/27/2026 5:45,52,19,0.1
3/27/2026 6:00,52,19,0.1
3/27/2026 6:15,52,19,0.1
3/27/2026 6:30,52,19,0.1
3/27/2026 6:45,52,19,0.1
3/27/2026 7:00,52,19,0.1
3/27/2026 7:15,52,19,0.1
3/27/2026 7:30,52,19,0.1
3/27/2026 7:45,52,19,0.1
3/27/2026 8:00,52,19,0.1
3/27/2026 8:15,52,19,0.1
3/27/2026 8:30,52,19,0.1
3/27/2026 8:45,52,19,0.1
3/27/2026 9:00,52,19,0.1
3/27/2026 9:15,52,19,0.1
3/27/2026 9:30,52,19,0.1
3/27/2026 9:45,52,19,0.1
3/27/2026 10:00,52,19,0.1
3/27/2026 10:15,52,19,0.1
3/27/2026 10:30,52,19,0.1
3/27/2026 10:45,52,19,0.1
3/27/2026 11:00,52,19,0.1
3/27/2026 11:15,52,19,0.1
3/27/2026 11:30,52,19,0.1
3/27/2026 11:45,52,19,0.1
3/27/2026 12:00,52,19,0.1
3/27/2026 12:15,52,19,0.1
3/27/2026 12:30,52,20,0.1
3/27/2026 12:45,52,20,0.1
3/27/2026 13:00,52,20,0.1
3/27/2026 13:15,52,20,0.1
3/27/2026 13:30,52,20,0.1
3/27/2026 13:45,52,20,0.1
3/27/2026 14:00,52,20,0.1
3/27/2026 14:15,52,20,0.1
3/27/2026 14:30,52,20,0.1
3/27/2026 14:45,52,20,0.1
3/27/2026 15:00,52,20,0.1
3/27/2026 15:15,52,20,0.1
3/27/2026 15:30,52,20,0.1
3/27/2026 15:45,52,20,0.1
3/27/2026 16:00,52,20,0.1
3/27/2026 16:15,52,20,0.1
3/27/2026 16:30,52,20,0.1
3/27/2026 16:45,52,20,0.1
3/27/2026 17:00,52,20,0.1
3/27/2026 17:15,52,20,0.1
3/27/2026 17:30,52,20,0.1
3/27/2026 17:45,52,20,0.1
3/27/2026 18:00,52,20,0.1
3/27/2026 18:15,52,20,0.1
3/27/2026 18:30,52,20,0.1
3/27/2026 18:45,53,21,0.1
3/27/2026 19:00,53,21,0.1
3/27/2026 19:15,52,21,0.1
3/27/2026 19:30,52,21,0.1
3/27/2026 19:45,52,21,0.1
3/27/2026 20:00,52,21,0.1
3/27/2026 20:15,53,21,0.1
3/27/2026 20:30,53,21,0.1
3/27/2026 20:45,52,21,0.1
3/27/2026 21:00,53,21,0.1
3/27/2026 21:15,53,21,0.1
3/27/2026 21:30,53,21,0.1
3/27/2026 21:45,53,21,0.1
3/27/2026 22:00,53,21,0.1
3/27/2026 22:15,53,21,0.1
3/27/2026 22:30,52,21,0.1
3/27/2026 22:45,53,21,0.1
3/27/2026 23:00,53,21,0.1
3/27/2026 23:15,53,21,0.1
3/27/2026 23:30,53,21,0.1
3/27/2026 23:45,53,21,0.1
3/28/2026 0:00,54,21,0.1
3/28/2026 0:15,52,21,0.1
3/28/2026 0:30,52,21,0.1
3/28/2026 0:45,53,21,0.1
3/28/2026 1:00,53,21,0.1
3/28/2026 1:15,54,21,0.1
3/28/2026 1:30,54,21,0.1
3/28/2026 1:45,54,21,0.1
3/28/2026 2:00,54,21,0.1
3/28/2026 2:15,54,21,0.1
3/28/2026 2:30,54,21,0.1
3/28/2026 2:45,54,21,0.1
3/28/2026 3:00,54,21,0.1
3/28/2026 3:15,54,21,0.1
3/28/2026 3:30,54,21,0.1
3/28/2026 3:45,54,21,0.1
3/28/2026 4:00,54,21,0.1
3/28/2026 4:15,54,21,0.1
3/28/2026 4:30,54,21,0.1
3/28/2026 4:45,54,21,0.1
3/28/2026 5:00,54,21,0.1
3/28/2026 5:15,54,21,0.1
3/28/2026 5:30,54,21,0.1
3/28/2026 5:45,54,21,0.1
3/28/2026 6:00,54,21,0.1
3/28/2026 6:15,54,21,0.1
3/28/2026 6:30,54,21,0.1
3/28/2026 6:45,54,21,0.1
3/28/2026 7:00,54,20,0.1
3/28/2026 7:15,54,20,0.1
3/28/2026 7:30,53,20,0.1
3/28/2026 7:45,54,20,0.1
3/28/2026 8:00,54,20,0.1
3/28/2026 8:15,54,20,0.1
3/28/2026 8:30,54,20,0.1
3/28/2026 8:45,54,20,0.1
3/28/2026 9:00,53,20,0.1
3/28/2026 9:15,53,20,0.1
3/28/2026 9:30,53,20,0.1
3/28/2026 9:45,53,20,0.1
3/28/2026 10:00,53,20,0.1
3/28/2026 10:15,52,20,0.1
3/28/2026 10:30,51,20,0.1
3/28/2026 10:45,51,20,0.1
3/28/2026 11:00,51,20,0.1
3/28/2026 11:15,52,20,0.1
3/28/2026 11:30,51,20,0.1
3/28/2026 11:45,53,20,0.1
3/28/2026 12:00,53,20,0.1
3/28/2026 12:15,51,20,0.1
3/28/2026 12:30,52,20,0.1
3/28/2026 12:45,52,20,0.1
3/28/2026 13:00,53,20,0.1
3/28/2026 13:15,52,20,0.1
3/28/2026 13:30,51,20,0.1
3/28/2026 13:45,51,20,0.1
3/28/2026 14:00,51,20,0.1
3/28/2026 14:15,53,20,0.1
3/28/2026 14:30,51,20,0.1
3/28/2026 14:45,51,20,0.1
3/28/2026 15:00,51,21,0.1
3/28/2026 15:15,51,21,0.1
3/28/2026 15:30,52,21,0.1
3/28/2026 15:45,52,21,0.1
3/28/2026 16:00,52,21,0.1
3/28/2026 16:15,53,21,0.1
3/28/2026 16:30,54,21,0.1
3/28/2026 16:45,52,21,0.1
3/28/2026 17:00,53,21,0.1
3/28/2026 17:15,53,21,0.1
3/28/2026 17:30,53,21,0.1
3/28/2026 17:45,53,21,0.1
3/28/2026 18:00,54,21,0.1
3/28/2026 18:15,54,21,0.1
3/28/2026 18:30,54,21,0.1
3/28/2026 18:45,54,21,0.1
3/28/2026 19:00,54,21,0.1
3/28/2026 19:15,54,21,0.1
3/28/2026 19:30,54,21,0.1
3/28/2026 19:45,54,21,0.1
3/28/2026 20:00,54,21,0.1
3/28/2026 20:15,54,21,0.1
3/28/2026 20:30,54,21,0.1
3/28/2026 20:45,54,21,0.1
3/28/2026 21:00,54,21,0.1
3/28/2026 21:15,54,20,0.1
3/28/2026 21:30,54,20,0.1
3/28/2026 21:45,54,20,0.1
3/28/2026 22:00,54,20,0.1
3/28/2026 22:15,53,20,0.1
3/28/2026 22:30,53,20,0.1
3/28/2026 22:45,53,20,0.1
3/28/2026 23:00,53,20,0.1
3/28/2026 23:15,53,20,0.1
3/28/2026 23:30,54,20,0.1
3/28/2026 23:45,53,20,0.1
3/29/2026 0:00,52,20,0.1
3/29/2026 0:15,51,20,0.1
3/29/2026 0:30,51,20,0.1
3/29/2026 0:45,52,20,0.1
3/29/2026 1:00,52,20,0.1
3/29/2026 1:15,52,19,0.1
3/29/2026 1:30,53,19,0.1
3/29/2026 1:45,53,19,0.1
3/29/2026 2:00,53,19,0.1
3/29/2026 2:15,53,19,0.1
3/29/2026 2:30,53,19,0.1
3/29/2026 2:45,53,19,0.1
3/29/2026 3:00,53,19,0.1
3/29/2026 3:15,53,19,0.1
3/29/2026 3:30,52,19,0.1
3/29/2026 3:45,53,19,0.1
3/29/2026 4:00,53,19,0.1
3/29/2026 4:15,53,19,0.1
3/29/2026 4:30,53,19,0.1
3/29/2026 4:45,53,19,0.1
3/29/2026 5:00,53,19,0.1
3/29/2026 5:15,53,19,0.1
3/29/2026 5:30,52,19,0.1
3/29/2026 5:45,53,19,0.1
3/29/2026 6:00,53,19,0.1
3/29/2026 6:15,53,19,0.1
3/29/2026 6:30,53,19,0.1
3/29/2026 6:45,53,18,0.1
3/29/2026 7:00,53,18,0.1
3/29/2026 7:15,52,18,0.1
3/29/2026 7:30,52,18,0.1
3/29/2026 7:45,51,18,0.1
3/29/2026 8:00,51,18,0.1
3/29/2026 8:15,50,18,0.1
3/29/2026 8:30,51,18,0.1
3/29/2026 8:45,51,18,0.1
3/29/2026 9:00,51,18,0.1
3/29/2026 9:15,52,18,0.1
3/29/2026 9:30,51,18,0.1
3/29/2026 9:45,50,18,0.1
3/29/2026 10:00,51,18,0.1
3/29/2026 10:15,52,18,0.1
3/29/2026 10:30,52,18,0.1
3/29/2026 10:45,50,18,0.1
3/29/2026 11:00,53,18,0.1
3/29/2026 11:15,51,18,0.1
3/29/2026 11:30,51,19,0.1
3/29/2026 11:45,50,19,0.1
3/29/2026 12:00,50,19,0.1
3/29/2026 12:15,51,19,0.1
3/29/2026 12:30,52,19,0.1
3/29/2026 12:45,51,19,0.1
3/29/2026 13:00,51,19,0.1
3/29/2026 13:15,51,19,0.1
3/29/2026 13:30,52,19,0.1
3/29/2026 13:45,52,19,0.1
3/29/2026 14:00,52,19,0.1
3/29/2026 14:15,50,19,0.1
3/29/2026 14:30,50,19,0.1
3/29/2026 14:45,50,19,0.1
3/29/2026 15:00,52,19,0.1
3/29/2026 15:15,52,19,0.1
3/29/2026 15:30,53,20,0.1
3/29/2026 15:45,53,20,0.1
3/29/2026 16:00,51,20,0.1
3/29/2026 16:15,53,20,0.1
3/29/2026 16:30,52,20,0.1
3/29/2026 16:45,50,20,0.1
3/29/2026 17:00,53,20,0.1
3/29/2026 17:15,51,20,0.1
3/29/2026 17:30,52,20,0.1
3/29/2026 17:45,52,20,0.1
3/29/2026 18:00,52,20,0.1
3/29/2026 18:15,52,20,0.1
3/29/2026 18:30,53,20,0.1
3/29/2026 18:45,53,20,0.1
3/29/2026 19:00,53,20,0.1
3/29/2026 19:15,52,20,0.1
3/29/2026 19:30,52,20,0.1
3/29/2026 19:45,52,20,0.1
3/29/2026 20:00,52,20,0.1
3/29/2026 20:15,52,20,0.1
3/29/2026 20:30,52,20,0.1
3/29/2026 20:45,52,20,0.1
3/29/2026 21:00,52,20,0.1
3/29/2026 21:15,52,20,0.1
3/29/2026 21:30,52,20,0.1
3/29/2026 21:45,53,20,0.1
3/29/2026 22:00,52,20,0.1
3/29/2026 22:15,52,20,0.1
3/29/2026 22:30,52,20,0.1
3/29/2026 22:45,52,20,0.1
3/29/2026 23:00,52,20,0.1
3/29/2026 23:15,51,20,0.1
3/29/2026 23:30,51,20,0.1
3/29/2026 23:45,50,20,0.1
3/30/2026 0:00,51,20,0.1
3/30/2026 0:15,52,20,0.1
3/30/2026 0:30,52,20,0.1
3/30/2026 0:45,53,19,0.1
3/30/2026 1:00,52,19,0.1
3/30/2026 1:15,52,19,0.1
3/30/2026 1:30,52,19,0.1
3/30/2026 1:45,52,19,0.1
3/30/2026 2:00,52,19,0.1
3/30/2026 2:15,52,19,0.1
3/30/2026 2:30,52,19,0.1
3/30/2026 2:45,52,19,0.1
3/30/2026 3:00,52,19,0.1
3/30/2026 3:15,52,19,0.1
3/30/2026 3:30,52,19,0.1
3/30/2026 3:45,52,19,0.1
3/30/2026 4:00,52,19,0.1
3/30/2026 4:15,52,19,0.1
3/30/2026 4:30,52,19,0.1
3/30/2026 4:45,52,19,0.1
3/30/2026 5:00,52,19,0.1
3/30/2026 5:15,52,19,0.1
3/30/2026 5:30,52,19,0.1
3/30/2026 5:45,52,19,0.1
3/30/2026 6:00,52,19,0.1
3/30/2026 6:15,52,19,0.1
3/30/2026 6:30,52,19,0.1
3/30/2026 6:45,52,19,0.1
3/30/2026 7:00,52,19,0.1
3/30/2026 7:15,51,19,0.1
3/30/2026 7:30,50,19,0.1
3/30/2026 7:45,50,19,0.1
3/30/2026 8:00,50,18,0.1
3/30/2026 8:15,50,18,0.1
3/30/2026 8:30,50,18,0.1
3/30/2026 8:45,50,18,0.1
3/30/2026 9:00,49,18,0.1
3/30/2026 9:15,51,19,0.1
3/30/2026 9:30,49,19,0.1
3/30/2026 9:45,51,19,0.1
3/30/2026 10:00,51,19,0.1
3/30/2026 10:15,51,19,0.1
3/30/2026 10:30,51,19,0.1
3/30/2026 10:45,51,19,0.1
3/30/2026 11:00,50,19,0.1
3/30/2026 11:15,50,19,0.1
3/30/2026 11:30,51,19,0.1
3/30/2026 11:45,50,19,0.1
3/30/2026 12:00,51,19,0.1
3/30/2026 12:15,52,19,0.1
3/30/2026 12:30,52,19,0.1
3/30/2026 12:45,51,19,0.1
3/30/2026 13:00,50,19,0.1
3/30/2026 13:15,53,19,0.1
3/30/2026 13:30,51,20,0.1
3/30/2026 13:45,51,20,0.1
3/30/2026 14:00,51,20,0.1
3/30/2026 14:15,50,20,0.1
3/30/2026 14:30,51,20,0.1
3/30/2026 14:45,50,20,0.1
3/30/2026 15:00,50,20,0.1
3/30/2026 15:15,50,20,0.1
3/30/2026 15:30,49,20,0.1
3/30/2026 15:45,50,21,0.1
3/30/2026 16:00,53,21,0.1
3/30/2026 16:15,51,21,0.1
3/30/2026 16:30,52,21,0.1
3/30/2026 16:45,51,21,0.1
3/30/2026 17:00,53,21,0.1
3/30/2026 17:15,52,21,0.1
3/30/2026 17:30,52,21,0.1
3/30/2026 17:45,52,21,0.1
3/30/2026 18:00,52,21,0.1
3/30/2026 18:15,52,21,0.1
3/30/2026 18:30,52,21,0.1
3/30/2026 18:45,52,21,0.1
3/30/2026 19:00,52,21,0.1
3/30/2026 19:15,52,21,0.1
3/30/2026 19:30,52,21,0.1
3/30/2026 19:45,52,21,0.1
3/30/2026 20:00,51,21,0.1
3/30/2026 20:15,52,21,0.1
3/30/2026 20:30,52,21,0.1
3/30/2026 20:45,52,21,0.1
3/30/2026 21:00,52,21,0.2
3/30/2026 21:15,51,21,0.2
3/30/2026 21:30,51,21,0.2
3/30/2026 21:45,50,21,0.2
3/30/2026 22:00,50,21,0.2
3/30/2026 22:15,51,21,0.2
3/30/2026 22:30,51,21,0.2
3/30/2026 22:45,51,21,0.2
3/30/2026 23:00,51,21,0.2
3/30/2026 23:15,52,21,0.2
3/30/2026 23:30,52,21,0.2
3/30/2026 23:45,52,21,0.2
3/31/2026 0:00,52,21,0.2
3/31/2026 0:15,52,21,0.2
3/31/2026 0:30,52,21,0.2
3/31/2026 0:45,52,21,0.2
3/31/2026 1:00,52,21,0.2
3/31/2026 1:15,52,21,0.2
3/31/2026 1:30,51,21,0.2
3/31/2026 1:45,52,21,0.2
3/31/2026 2:00,52,21,0.2
3/31/2026 2:15,52,21,0.2
3/31/2026 2:30,51,20,0.2
3/31/2026 2:45,51,20,0.2
3/31/2026 3:00,52,20,0.2
3/31/2026 3:15,52,20,0.2
3/31/2026 3:30,52,20,0.1
3/31/2026 3:45,51,20,0.1
3/31/2026 4:00,50,20,0.1
3/31/2026 4:15,50,20,0.1
3/31/2026 4:30,50,20,0.1
3/31/2026 4:45,51,20,0.1
3/31/2026 5:00,52,20,0.1
3/31/2026 5:15,52,20,0.2
3/31/2026 5:30,52,20,0.2
3/31/2026 5:45,52,20,0.2
3/31/2026 6:00,52,20,0.2
3/31/2026 6:15,52,20,0.2
3/31/2026 6:30,51,20,0.1
3/31/2026 6:45,52,20,0.1
3/31/2026 7:00,52,20,0.1
3/31/2026 7:15,51,20,0.2
3/31/2026 7:30,50,20,0.2
3/31/2026 7:45,50,20,0.2
3/31/2026 8:00,50,20,0.2
3/31/2026 8:15,49,20,0.2
3/31/2026 8:30,49,20,0.2
3/31/2026 8:45,49,20,0.2
3/31/2026 9:00,50,20,0.1
3/31/2026 9:15,50,20,0.1
3/31/2026 9:30,50,20,0.1
3/31/2026 9:45,51,20,0.1
3/31/2026 10:00,51,20,0.1
3/31/2026 10:15,52,20,0.1
3/31/2026 10:30,52,20,0.1
3/31/2026 10:45,50,20,0.1
3/31/2026 11:00,52,20,0.1
3/31/2026 11:15,52,20,0.1
3/31/2026 11:30,49,20,0.1
3/31/2026 11:45,53,20,0.1
3/31/2026 12:00,49,20,0.1
3/31/2026 12:15,52,20,0.1
3/31/2026 12:30,51,20,0.1
3/31/2026 12:45,50,20,0.1
3/31/2026 13:00,50,20,0.1
3/31/2026 13:15,49,20,0.1
3/31/2026 13:30,53,20,0.1
3/31/2026 13:45,49,21,0.1
3/31/2026 14:00,52,21,0.1
3/31/2026 14:15,50,21,0.1
3/31/2026 14:30,51,21,0.1
3/31/2026 14:45,52,21,0.1
3/31/2026 15:00,52,21,0.1
3/31/2026 15:15,51,21,0.1
3/31/2026 15:30,51,21,0.1
3/31/2026 15:45,51,21,0.1
3/31/2026 16:00,51,21,0.1
3/31/2026 16:15,51,21,0.1
3/31/2026 16:30,51,21,0.1
3/31/2026 16:45,51,21,0.1
3/31/2026 17:00,51,21,0.1
3/31/2026 17:15,51,21,0.1
3/31/2026 17:30,51,21,0.1
3/31/2026 17:45,51,21,0.1
3/31/2026 18:00,51,21,0.1
3/31/2026 18:15,51,21,0.1
3/31/2026 18:30,51,21,0.1
3/31/2026 18:45,51,21,0.1
3/31/2026 19:00,51,21,0.1
3/31/2026 19:15,51,21,0.1
3/31/2026 19:30,51,21,0.1
3/31/2026 19:45,51,21,0.1
3/31/2026 20:00,51,21,0.1
3/31/2026 20:15,51,21,0.1
3/31/2026 20:30,51,21,0.1
3/31/2026 20:45,51,21,0.1
3/31/2026 21:00,51,21,0.1
3/31/2026 21:15,51,22,0.1
3/31/2026 21:30,51,22,0.1
3/31/2026 21:45,51,22,0.1
3/31/2026 22:00,51,22,0.1
3/31/2026 22:15,51,22,0.1
3/31/2026 22:30,51,22,0.1
3/31/2026 22:45,51,22,0.1
3/31/2026 23:00,51,22,0.2
3/31/2026 23:15,51,22,0.1
3/31/2026 23:30,51,22,0.1
3/31/2026 23:45,51,22,0.1
4/1/2026 0:00,51,22,0.1
4/1/2026 0:15,51,22,0.1
4/1/2026 0:30,50,22,0.1
4/1/2026 0:45,51,22,0.1
4/1/2026 1:00,50,22,0.1
4/1/2026 1:15,51,22,0.1
4/1/2026 1:30,51,22,0.1
4/1/2026 1:45,50,22,0.1
4/1/2026 2:00,51,22,0.1
4/1/2026 2:15,51,22,0.1
4/1/2026 2:30,51,21,0.1
4/1/2026 2:45,51,21,0.1
4/1/2026 3:00,51,21,0.1
4/1/2026 3:15,51,21,0.1
4/1/2026 3:30,50,21,0.1
4/1/2026 3:45,51,21,0.1
4/1/2026 4:00,50,21,0.1
4/1/2026 4:15,51,21,0.2
4/1/2026 4:30,51,21,0.1
4/1/2026 4:45,51,21,0.1
4/1/2026 5:00,51,21,0.1
4/1/2026 5:15,51,21,0.1
4/1/2026 5:30,50,21,0.1
4/1/2026 5:45,51,21,0.1
4/1/2026 6:00,51,21,0.1
4/1/2026 6:15,51,21,0.1
4/1/2026 6:30,51,21,0.1
4/1/2026 6:45,50,21,0.1
4/1/2026 7:00,50,21,0.1
4/1/2026 7:15,50,21,0.1
4/1/2026 7:30,50,21,0.1
4/1/2026 7:45,50,21,0.1
4/1/2026 8:00,50,21,0.1
4/1/2026 8:15,50,21,0.1
4/1/2026 8:30,50,21,0.1
4/1/2026 8:45,50,21,0.1
4/1/2026 9:00,51,21,0.1
4/1/2026 9:15,51,21,0.1
4/1/2026 9:30,50,21,0.1
4/1/2026 9:45,50,21,0.1
4/1/2026 10:00,50,21,0.1
4/1/2026 10:15,50,21,0.1
4/1/2026 10:30,50,21,0.1
4/1/2026 10:45,50,21,0.1
4/1/2026 11:00,50,21,0.1
4/1/2026 11:15,50,21,0.1
4/1/2026 11:30,51,21,0.1
4/1/2026 11:45,50,21,0.1
4/1/2026 12:00,51,21,0.1
4/1/2026 12:15,50,21,0.1
4/1/2026 12:30,50,21,0.1
4/1/2026 12:45,50,21,0.1
4/1/2026 13:00,51,21,0.1
4/1/2026 13:15,51,21,0.1
4/1/2026 13:30,50,21,0.1
4/1/2026 13:45,50,21,0.1
4/1/2026 14:00,50,21,0.1
4/1/2026 14:15,50,21,0.1
4/1/2026 14:30,50,22,0.1
4/1/2026 14:45,50,22,0.1
4/1/2026 15:00,51,22,0.1
4/1/2026 15:15,51,22,0.1
4/1/2026 15:30,50,22,0.1
4/1/2026 15:45,50,22,0.1
4/1/2026 16:00,50,22,0.1
4/1/2026 16:15,51,22,0.1
4/1/2026 16:30,50,22,0.1
4/1/2026 16:45,50,22,0.2
4/1/2026 17:00,50,22,0.2
4/1/2026 17:15,51,22,0.2
4/1/2026 17:30,50,22,0.2
4/1/2026 17:45,50,22,0.2
4/1/2026 18:00,50,22,0.2
4/1/2026 18:15,50,22,0.2
4/1/2026 18:30,50,22,0.2
4/1/2026 18:45,50,22,0.2
4/1/2026 19:00,50,22,0.2
4/1/2026 19:15,50,22,0.2
4/1/2026 19:30,50,22,0.2
4/1/2026 19:45,50,22,0.2
4/1/2026 20:00,50,22,0.2
4/1/2026 20:15,50,22,0.2
4/1/2026 20:30,50,22,0.2
4/1/2026 20:45,50,22,0.2
4/1/2026 21:00,50,22,0.2
4/1/2026 21:15,50,22,0.2
4/1/2026 21:30,50,22,0.2
4/1/2026 21:45,50,23,0.2
4/1/2026 22:00,50,23,0.2
4/1/2026 22:15,50,23,0.2
4/1/2026 22:30,50,23,0.2
4/1/2026 22:45,50,23,0.2
4/1/2026 23:00,50,23,0.2
4/1/2026 23:15,50,23,0.2
4/1/2026 23:30,50,23,0.2
4/1/2026 23:45,50,23,0.2
4/2/2026 0:00,50,23,0.2
4/2/2026 0:15,50,23,0.2
4/2/2026 0:30,50,23,0.2
4/2/2026 0:45,50,23,0.2
4/2/2026 1:00,50,22,0.2
4/2/2026 1:15,50,22,0.2
4/2/2026 1:30,50,22,0.2
4/2/2026 1:45,50,22,0.2
4/2/2026 2:00,50,22,0.2
4/2/2026 2:15,50,22,0.2
4/2/2026 2:30,50,22,0.2
4/2/2026 2:45,50,22,0.2
4/2/2026 3:00,50,22,0.2
4/2/2026 3:15,50,22,0.2
4/2/2026 3:30,50,22,0.2
4/2/2026 3:45,50,22,0.2
4/2/2026 4:00,50,22,0.2
4/2/2026 4:15,50,22,0.2
4/2/2026 4:30,50,22,0.2
4/2/2026 4:45,50,22,0.2
4/2/2026 5:00,50,22,0.2
4/2/2026 5:15,50,22,0.2
4/2/2026 5:30,50,22,0.2
4/2/2026 5:45,50,22,0.2
4/2/2026 6:00,50,22,0.2
4/2/2026 6:15,50,22,0.2
4/2/2026 6:30,50,22,0.2
4/2/2026 6:45,50,22,0.2
4/2/2026 7:00,50,22,0.2
4/2/2026 7:15,50,22,0.2
4/2/2026 7:30,50,22,0.2
4/2/2026 7:45,50,22,0.2
4/2/2026 8:00,50,22,0.2
4/2/2026 8:15,50,22,0.2
4/2/2026 8:30,50,22,0.2
4/2/2026 8:45,50,22,0.2
4/2/2026 9:00,50,22,0.2
4/2/2026 9:15,50,22,0.2
4/2/2026 9:30,50,22,0.2
4/2/2026 9:45,50,22,0.2
4/2/2026 10:00,50,22,0.2
4/2/2026 10:15,50,22,0.2
4/2/2026 10:30,50,22,0.2
4/2/2026 10:45,50,22,0.2
4/2/2026 11:00,50,22,0.2
4/2/2026 11:15,50,22,0.2
4/2/2026 11:30,50,22,0.2
4/2/2026 11:45,50,22,0.2
4/2/2026 12:00,50,22,0.2
4/2/2026 12:15,50,22,0.2
4/2/2026 12:30,50,22,0.2
4/2/2026 12:45,50,22,0.2
4/2/2026 13:00,50,23,0.2
4/2/2026 13:15,50,23,0.2
4/2/2026 13:30,50,23,0.2
4/2/2026 13:45,50,23,0.2
4/2/2026 14:00,50,23,0.2
4/2/2026 14:15,50,23,0.2
4/2/2026 14:30,50,23,0.2
4/2/2026 14:45,50,23,0.2
4/2/2026 15:00,50,23,0.2
4/2/2026 15:15,50,24,0.2
4/2/2026 15:30,50,24,0.2
4/2/2026 15:45,50,24,0.2
4/2/2026 16:00,50,24,0.2
4/2/2026 16:15,50,24,0.2
4/2/2026 16:30,50,24,0.2
4/2/2026 16:45,50,24,0.2
4/2/2026 17:00,50,24,0.2
4/2/2026 17:15,50,24,0.2
4/2/2026 17:30,50,24,0.2
4/2/2026 17:45,50,24,0.2
4/2/2026 18:00,50,24,0.2
4/2/2026 18:15,50,24,0.2
4/2/2026 18:30,50,24,0.2
4/2/2026 18:45,50,24,0.2
4/2/2026 19:00,50,24,0.2
4/2/2026 19:15,50,24,0.2
4/2/2026 19:30,50,24,0.2
4/2/2026 19:45,50,24,0.2
4/2/2026 20:00,50,24,0.2
4/2/2026 20:15,50,24,0.2
4/2/2026 20:30,50,24,0.2
4/2/2026 20:45,50,24,0.2
4/2/2026 21:00,50,24,0.2
4/2/2026 21:15,50,24,0.2
4/2/2026 21:30,50,24,0.2
4/2/2026 21:45,50,24,0.2
4/2/2026 22:00,50,24,0.2
4/2/2026 22:15,50,24,0.2
4/2/2026 22:30,50,24,0.2
4/2/2026 22:45,50,24,0.2
4/2/2026 23:00,50,24,0.2
4/2/2026 23:15,50,24,0.2
4/2/2026 23:30,50,24,0.2
4/2/2026 23:45,50,24,0.2
4/3/2026 0:00,50,24,0.2
4/3/2026 0:15,50,24,0.2
4/3/2026 0:30,50,24,0.2
4/3/2026 0:45,50,24,0.2
4/3/2026 1:00,50,24,0.2
4/3/2026 1:15,50,24,0.2
4/3/2026 1:30,50,24,0.2
4/3/2026 1:45,50,24,0.2
4/3/2026 2:00,50,23,0.2
4/3/2026 2:15,50,23,0.2
4/3/2026 2:30,50,23,0.2
4/3/2026 2:45,50,23,0.2
4/3/2026 3:00,50,23,0.2
4/3/2026 3:15,50,23,0.2
4/3/2026 3:30,50,23,0.2
4/3/2026 3:45,50,23,0.2
4/3/2026 4:00,50,23,0.2
4/3/2026 4:15,50,23,0.2
4/3/2026 4:30,50,23,0.2
4/3/2026 4:45,50,23,0.2
4/3/2026 5:00,50,23,0.2
4/3/2026 5:15,50,23,0.2
4/3/2026 5:30,50,23,0.2
4/3/2026 5:45,49,23,0.2
4/3/2026 6:00,49,23,0.2
4/3/2026 6:15,50,23,0.2
4/3/2026 6:30,49,23,0.2
4/3/2026 6:45,50,23,0.2
4/3/2026 7:00,49,23,0.2
4/3/2026 7:15,50,23,0.2
4/3/2026 7:30,50,23,0.2
4/3/2026 7:45,49,23,0.2
4/3/2026 8:00,50,23,0.2
4/3/2026 8:15,49,22,0.2
4/3/2026 8:30,49,22,0.2
4/3/2026 8:45,50,22,0.2
4/3/2026 9:00,50,22,0.2
4/3/2026 9:15,50,22,0.2
4/3/2026 9:30,49,23,0.2
4/3/2026 9:45,50,23,0.2
4/3/2026 10:00,50,23,0.2
4/3/2026 10:15,49,23,0.2
4/3/2026 10:30,50,23,0.2
4/3/2026 10:45,50,23,0.2
4/3/2026 11:00,50,23,0.2
4/3/2026 11:15,50,23,0.2
4/3/2026 11:30,49,23,0.2
4/3/2026 11:45,50,23,0.2
4/3/2026 12:00,49,23,0.2
4/3/2026 12:15,50,23,0.2
4/3/2026 12:30,50,23,0.2
4/3/2026 12:45,50,23,0.2
4/3/2026 13:00,50,24,0.2
4/3/2026 13:15,50,24,0.2
4/3/2026 13:30,50,24,0.2
4/3/2026 13:45,50,24,0.2
4/3/2026 14:00,49,24,0.2
4/3/2026 14:15,49,24,0.2
4/3/2026 14:30,49,24,0.2
4/3/2026 14:45,49,24,0.2
4/3/2026 15:00,50,24,0.2
4/3/2026 15:15,50,24,0.2
4/3/2026 15:30,49,24,0.2
4/3/2026 15:45,50,25,0.2
4/3/2026 16:00,49,25,0.2
4/3/2026 16:15,50,25,0.2
4/3/2026 16:30,49,25,0.2
4/3/2026 16:45,50,25,0.2
4/3/2026 17:00,50,25,0.2
4/3/2026 17:15,50,25,0.2
4/3/2026 17:30,49,25,0.2
4/3/2026 17:45,49,25,0.2
4/3/2026 18:00,49,25,0.2
4/3/2026 18:15,49,25,0.2
4/3/2026 18:30,50,25,0.2
4/3/2026 18:45,49,25,0.2
4/3/2026 19:00,49,25,0.2
4/3/2026 19:15,49,25,0.2
4/3/2026 19:30,49,25,0.2
4/3/2026 19:45,49,25,0.2
4/3/2026 20:00,49,25,0.2
4/3/2026 20:15,49,25,0.2
4/3/2026 20:30,49,25,0.2
4/3/2026 20:45,49,25,0.2
4/3/2026 21:00,49,25,0.2
4/3/2026 21:15,49,25,0.2
4/3/2026 21:30,49,25,0.2
4/3/2026 21:45,49,25,0.2
4/3/2026 22:00,49,25,0.2
4/3/2026 22:15,49,25,0.2
4/3/2026 22:30,49,25,0.2
4/3/2026 22:45,49,25,0.2
4/3/2026 23:00,49,24,0.2
4/3/2026 23:15,49,24,0.2
4/3/2026 23:30,49,24,0.2
4/3/2026 23:45,49,24,0.2
4/4/2026 0:00,49,24,0.2
4/4/2026 0:15,49,24,0.2
4/4/2026 0:30,49,24,0.2
4/4/2026 0:45,49,24,0.2
4/4/2026 1:00,49,24,0.2
4/4/2026 1:15,49,24,0.2
4/4/2026 1:30,49,24,0.2
4/4/2026 1:45,49,24,0.2
4/4/2026 2:00,49,24,0.2
4/4/2026 2:15,49,24,0.2
4/4/2026 2:30,49,24,0.2
4/4/2026 2:45,49,24,0.2
4/4/2026 3:00,49,24,0.2
4/4/2026 3:15,49,24,0.2
4/4/2026 3:30,49,24,0.2
4/4/2026 3:45,49,24,0.2
4/4/2026 4:00,49,24,0.2
4/4/2026 4:15,49,24,0.2
4/4/2026 4:30,49,24,0.2
4/4/2026 4:45,49,24,0.2
4/4/2026 5:00,49,24,0.2
4/4/2026 5:15,49,24,0.2
4/4/2026 5:30,49,24,0.2
4/4/2026 5:45,49,23,0.2
4/4/2026 6:00,49,23,0.2
4/4/2026 6:15,49,23,0.2
4/4/2026 6:30,49,23,0.2
4/4/2026 6:45,49,23,0.2
4/4/2026 7:00,49,23,0.2
4/4/2026 7:15,49,23,0.2
4/4/2026 7:30,49,23,0.2
4/4/2026 7:45,49,23,0.2
4/4/2026 8:00,49,23,0.2
4/4/2026 8:15,49,23,0.2
4/4/2026 8:30,49,23,0.2
4/4/2026 8:45,49,23,0.2
4/4/2026 9:00,49,23,0.2
4/4/2026 9:15,49,23,0.2
4/4/2026 9:30,49,23,0.2
4/4/2026 9:45,49,23,0.2
4/4/2026 10:00,49,23,0.2
4/4/2026 10:15,49,23,0.2
4/4/2026 10:30,49,23,0.2
4/4/2026 10:45,49,23,0.2
4/4/2026 11:00,49,23,0.2
4/4/2026 11:15,49,24,0.2
4/4/2026 11:30,49,24,0.2
4/4/2026 11:45,49,24,0.2
4/4/2026 12:00,49,24,0.2
4/4/2026 12:15,49,24,0.2
4/4/2026 12:30,49,24,0.2
4/4/2026 12:45,49,24,0.2
4/4/2026 13:00,49,24,0.2
4/4/2026 13:15,49,24,0.2
4/4/2026 13:30,49,24,0.2
4/4/2026 13:45,49,24,0.2
4/4/2026 14:00,49,24,0.2
4/4/2026 14:15,49,25,0.2
4/4/2026 14:30,49,25,0.2
4/4/2026 14:45,49,25,0.2
4/4/2026 15:00,49,25,0.2
4/4/2026 15:15,49,25,0.2
4/4/2026 15:30,49,25,0.2
4/4/2026 15:45,49,25,0.2
4/4/2026 16:00,49,25,0.2
4/4/2026 16:15,49,25,0.2
4/4/2026 16:30,49,25,0.2
4/4/2026 16:45,49,25,0.2
4/4/2026 17:00,49,25,0.2
4/4/2026 17:15,49,26,0.2
4/4/2026 17:30,49,26,0.2
4/4/2026 17:45,49,26,0.2
4/4/2026 18:00,49,26,0.2
4/4/2026 18:15,49,26,0.2
4/4/2026 18:30,49,26,0.2
4/4/2026 18:45,49,26,0.2
4/4/2026 19:00,49,26,0.2
4/4/2026 19:15,49,25,0.2
4/4/2026 19:30,49,25,0.2
4/4/2026 19:45,49,25,0.2
4/4/2026 20:00,49,25,0.2
4/4/2026 20:15,49,25,0.2
4/4/2026 20:30,49,25,0.2
4/4/2026 20:45,49,25,0.2
4/4/2026 21:00,49,25,0.2
4/4/2026 21:15,49,25,0.2
4/4/2026 21:30,49,25,0.2
4/4/2026 21:45,49,25,0.2
4/4/2026 22:00,48,25,0.2
4/4/2026 22:15,49,25,0.2
4/4/2026 22:30,49,25,0.2
4/4/2026 22:45,49,25,0.2
4/4/2026 23:00,49,25,0.2
4/4/2026 23:15,49,25,0.2
4/4/2026 23:30,49,25,0.2
4/4/2026 23:45,49,25,0.2
4/5/2026 0:00,49,25,0.2
4/5/2026 0:15,49,25,0.2
4/5/2026 0:30,49,25,0.2
4/5/2026 0:45,49,25,0.2
4/5/2026 1:00,49,25,0.2
4/5/2026 1:15,49,25,0.2
4/5/2026 1:30,49,25,0.2
4/5/2026 1:45,49,25,0.2
4/5/2026 2:00,49,24,0.2
4/5/2026 2:15,49,24,0.2
4/5/2026 2:30,49,24,0.2
4/5/2026 2:45,49,24,0.2
4/5/2026 3:00,49,24,0.2
4/5/2026 3:15,49,24,0.2
4/5/2026 3:30,49,24,0.2
4/5/2026 3:45,48,24,0.2
4/5/2026 4:00,48,24,0.2
4/5/2026 4:15,48,24,0.2
4/5/2026 4:30,49,24,0.2
4/5/2026 4:45,49,24,0.2
4/5/2026 5:00,49,24,0.2
4/5/2026 5:15,48,24,0.2
4/5/2026 5:30,49,24,0.2
4/5/2026 5:45,49,24,0.2
4/5/2026 6:00,49,24,0.2
4/5/2026 6:15,48,24,0.2
4/5/2026 6:30,48,24,0.2
4/5/2026 6:45,48,24,0.2
4/5/2026 7:00,48,24,0.2
4/5/2026 7:15,48,24,0.2
4/5/2026 7:30,49,24,0.2
4/5/2026 7:45,49,24,0.2
4/5/2026 8:00,49,24,0.2
4/5/2026 8:15,49,24,0.2
4/5/2026 8:30,49,24,0.2
4/5/2026 8:45,49,24,0.2
4/5/2026 9:00,49,24,0.2
4/5/2026 9:15,48,24,0.2
4/5/2026 9:30,48,24,0.2
4/5/2026 9:45,48,24,0.2
4/5/2026 10:00,49,24,0.2
4/5/2026 10:15,49,24,0.2
4/5/2026 10:30,48,24,0.2
4/5/2026 10:45,48,24,0.2
4/5/2026 11:00,48,24,0.2
4/5/2026 11:15,49,24,0.2
4/5/2026 11:30,49,24,0.2
4/5/2026 11:45,49,24,0.2
4/5/2026 12:00,49,24,0.2
4/5/2026 12:15,49,24,0.2
4/5/2026 12:30,48,24,0.2
4/5/2026 12:45,49,24,0.2
4/5/2026 13:00,49,24,0.2
4/5/2026 13:15,49,24,0.2
4/5/2026 13:30,49,24,0.2
4/5/2026 13:45,49,24,0.2
4/5/2026 14:00,49,24,0.2
4/5/2026 14:15,49,24,0.2
4/5/2026 14:30,49,24,0.2
4/5/2026 14:45,49,25,0.2
4/5/2026 15:00,49,25,0.2
4/5/2026 15:15,48,25,0.2
4/5/2026 15:30,48,25,0.2
4/5/2026 15:45,48,25,0.2
4/5/2026 16:00,46,25,0.2
4/5/2026 16:15,50,25,0.2
4/5/2026 16:30,50,25,0.2
4/5/2026 16:45,48,25,0.2
4/5/2026 17:00,49,25,0.2
4/5/2026 17:15,50,25,0.2
4/5/2026 17:30,50,25,0.2
4/5/2026 17:45,50,25,0.2
4/5/2026 18:00,50,25,0.2
4/5/2026 18:15,49,25,0.2
4/5/2026 18:30,49,25,0.2
4/5/2026 18:45,50,25,0.2
4/5/2026 19:00,50,25,0.2
4/5/2026 19:15,49,25,0.2
4/5/2026 19:30,49,25,0.2
4/5/2026 19:45,48,25,0.2
4/5/2026 20:00,48,25,0.2
4/5/2026 20:15,48,25,0.2
4/5/2026 20:30,48,25,0.2
4/5/2026 20:45,49,25,0.2
4/5/2026 21:00,49,25,0.2
4/5/2026 21:15,49,25,0.2
4/5/2026 21:30,49,25,0.2
4/5/2026 21:45,50,25,0.2
4/5/2026 22:00,50,25,0.2
4/5/2026 22:15,50,25,0.2
4/5/2026 22:30,50,25,0.2
4/5/2026 22:45,49,25,0.2
4/5/2026 23:00,50,25,0.2
4/5/2026 23:15,50,25,0.2
4/5/2026 23:30,49,25,0.2
4/5/2026 23:45,49,25,0.2
4/6/2026 0:00,50,25,0.2
4/6/2026 0:15,49,25,0.2
4/6/2026 0:30,50,25,0.2
4/6/2026 0:45,50,25,0.2
4/6/2026 1:00,50,24,0.2
4/6/2026 1:15,50,24,0.2
4/6/2026 1:30,50,24,0.2
4/6/2026 1:45,50,24,0.2
4/6/2026 2:00,50,24,0.2
4/6/2026 2:15,50,24,0.2
4/6/2026 2:30,50,24,0.2
4/6/2026 2:45,51,24,0.2
4/6/2026 3:00,51,24,0.2
4/6/2026 3:15,51,24,0.2
4/6/2026 3:30,51,24,0.2
4/6/2026 3:45,50,24,0.2
4/6/2026 4:00,51,24,0.2
4/6/2026 4:15,51,24,0.2
4/6/2026 4:30,51,24,0.2
4/6/2026 4:45,51,24,0.2
4/6/2026 5:00,51,24,0.2
4/6/2026 5:15,50,24,0.2
4/6/2026 5:30,50,24,0.2
4/6/2026 5:45,51,24,0.2
4/6/2026 6:00,51,24,0.2
4/6/2026 6:15,50,24,0.2
4/6/2026 6:30,50,24,0.2
4/6/2026 6:45,51,24,0.2
4/6/2026 7:00,50,24,0.2
4/6/2026 7:15,50,23,0.2
4/6/2026 7:30,49,23,0.2
4/6/2026 7:45,49,23,0.2
4/6/2026 8:00,49,23,0.2
4/6/2026 8:15,49,23,0.2
4/6/2026 8:30,49,23,0.2
4/6/2026 8:45,48,23,0.2
4/6/2026 9:00,49,23,0.2
4/6/2026 9:15,50,23,0.2
4/6/2026 9:30,48,23,0.2
4/6/2026 9:45,48,23,0.2
4/6/2026 10:00,48,23,0.2
4/6/2026 10:15,47,23,0.2
4/6/2026 10:30,47,23,0.2
4/6/2026 10:45,49,23,0.2
4/6/2026 11:00,50,23,0.2
4/6/2026 11:15,49,23,0.2
4/6/2026 11:30,48,23,0.2
4/6/2026 11:45,47,23,0.2
4/6/2026 12:00,49,23,0.2
4/6/2026 12:15,50,23,0.2
4/6/2026 12:30,49,23,0.2
4/6/2026 12:45,48,23,0.2
4/6/2026 13:00,48,23,0.2
4/6/2026 13:15,48,23,0.2
4/6/2026 13:30,50,23,0.2
4/6/2026 13:45,50,23,0.2
4/6/2026 14:00,49,23,0.2
4/6/2026 14:15,49,24,0.2
4/6/2026 14:30,50,24,0.2
4/6/2026 14:45,49,24,0.2
4/6/2026 15:00,51,24,0.2
4/6/2026 15:15,49,24,0.2
4/6/2026 15:30,50,24,0.2
4/6/2026 15:45,49,24,0.2
4/6/2026 16:00,48,24,0.2
4/6/2026 16:15,50,24,0.2
4/6/2026 16:30,50,24,0.2
4/6/2026 16:45,50,24,0.2
4/6/2026 17:00,50,24,0.2
4/6/2026 17:15,50,24,0.2
4/6/2026 17:30,50,24,0.2
4/6/2026 17:45,50,24,0.2
4/6/2026 18:00,50,24,0.2
4/6/2026 18:15,50,24,0.2
4/6/2026 18:30,50,24,0.2
4/6/2026 18:45,50,24,0.2
4/6/2026 19:00,50,24,0.2
4/6/2026 19:15,50,24,0.2
4/6/2026 19:30,50,24,0.2
4/6/2026 19:45,50,24,0.2
4/6/2026 20:00,50,24,0.2
4/6/2026 20:15,50,24,0.2
4/6/2026 20:30,50,24,0.2
4/6/2026 20:45,50,24,0.2
4/6/2026 21:00,48,24,0.2
4/6/2026 21:15,50,23,0.2
4/6/2026 21:30,50,23,0.2
4/6/2026 21:45,50,23,0.2
4/6/2026 22:00,49,23,0.2
4/6/2026 22:15,49,23,0.2
4/6/2026 22:30,50,23,0.2
4/6/2026 22:45,50,23,0.2
4/6/2026 23:00,50,23,0.2
4/6/2026 23:15,49,23,0.2
4/6/2026 23:30,50,23,0.2
4/6/2026 23:45,50,23,0.2
4/7/2026 0:00,50,23,0.2
4/7/2026 0:15,50,23,0.2
4/7/2026 0:30,50,23,0.2
4/7/2026 0:45,50,23,0.2
4/7/2026 1:00,49,23,0.2
4/7/2026 1:15,50,23,0.2
4/7/2026 1:30,49,23,0.2
4/7/2026 1:45,49,23,0.2
4/7/2026 2:00,50,23,0.2
4/7/2026 2:15,50,23,0.2
4/7/2026 2:30,50,23,0.2
4/7/2026 2:45,50,23,0.2
4/7/2026 3:00,50,22,0.2
4/7/2026 3:15,50,22,0.2
4/7/2026 3:30,49,22,0.2
4/7/2026 3:45,49,22,0.2
4/7/2026 4:00,49,22,0.2
4/7/2026 4:15,50,22,0.2
4/7/2026 4:30,50,22,0.2
4/7/2026 4:45,50,22,0.2
4/7/2026 5:00,50,22,0.2
4/7/2026 5:15,50,22,0.2
4/7/2026 5:30,50,22,0.2
4/7/2026 5:45,50,22,0.2
4/7/2026 6:00,50,22,0.2
4/7/2026 6:15,49,22,0.2
4/7/2026 6:30,49,22,0.2
4/7/2026 6:45,49,22,0.2
4/7/2026 7:00,49,22,0.2
4/7/2026 7:15,48,22,0.2
4/7/2026 7:30,47,22,0.2
4/7/2026 7:45,47,22,0.2
4/7/2026 8:00,47,22,0.2
4/7/2026 8:15,47,22,0.2
4/7/2026 8:30,47,22,0.2
4/7/2026 8:45,47,22,0.2
4/7/2026 9:00,48,22,0.2
4/7/2026 9:15,49,22,0.2
4/7/2026 9:30,48,22,0.2
4/7/2026 9:45,48,22,0.2
4/7/2026 10:00,47,22,0.2
4/7/2026 10:15,48,22,0.2
4/7/2026 10:30,48,22,0.2
4/7/2026 10:45,48,22,0.2
4/7/2026 11:00,50,22,0.2
4/7/2026 11:15,49,22,0.2
4/7/2026 11:30,47,22,0.2
4/7/2026 11:45,49,22,0.2
4/7/2026 12:00,50,22,0.2
4/7/2026 12:15,50,22,0.2
4/7/2026 12:30,48,22,0.2
4/7/2026 12:45,47,22,0.2
4/7/2026 13:00,49,22,0.2
4/7/2026 13:15,49,22,0.2
4/7/2026 13:30,48,22,0.2
4/7/2026 13:45,49,22,0.2
4/7/2026 14:00,47,22,0.2
4/7/2026 14:15,48,22,0.2
4/7/2026 14:30,47,22,0.2
4/7/2026 14:45,49,22,0.2
4/7/2026 15:00,49,22,0.2
4/7/2026 15:15,49,22,0.2
4/7/2026 15:30,49,22,0.2
4/7/2026 15:45,48,22,0.2
4/7/2026 16:00,49,23,0.2
4/7/2026 16:15,49,23,0.2
4/7/2026 16:30,49,23,0.2
4/7/2026 16:45,48,23,0.2
4/7/2026 17:00,49,23,0.2
4/7/2026 17:15,50,23,0.2
4/7/2026 17:30,50,23,0.2
4/7/2026 17:45,49,23,0.2
4/7/2026 18:00,49,23,0.2
4/7/2026 18:15,49,23,0.2
4/7/2026 18:30,49,23,0.2
4/7/2026 18:45,49,23,0.2
4/7/2026 19:00,49,23,0.2
4/7/2026 19:15,49,22,0.2
4/7/2026 19:30,49,22,0.2
4/7/2026 19:45,49,22,0.2
4/7/2026 20:00,49,22,0.2
4/7/2026 20:15,48,22,0.2
4/7/2026 20:30,48,22,0.2
4/7/2026 20:45,48,22,0.2
4/7/2026 21:00,48,22,0.2
4/7/2026 21:15,48,22,0.2
4/7/2026 21:30,48,22,0.2
4/7/2026 21:45,48,22,0.2
4/7/2026 22:00,48,22,0.2
4/7/2026 22:15,48,22,0.2
4/7/2026 22:30,48,22,0.2
4/7/2026 22:45,48,22,0.2
4/7/2026 23:00,48,22,0.2
4/7/2026 23:15,48,22,0.2
4/7/2026 23:30,48,22,0.2
4/7/2026 23:45,48,22,0.2
4/8/2026 0:00,48,22,0.2
4/8/2026 0:15,48,22,0.2
4/8/2026 0:30,48,22,0.2
4/8/2026 0:45,48,22,0.2
4/8/2026 1:00,48,22,0.2
4/8/2026 1:15,48,22,0.2
4/8/2026 1:30,48,21,0.2
4/8/2026 1:45,48,21,0.2
4/8/2026 2:00,48,21,0.2
4/8/2026 2:15,48,21,0.2
4/8/2026 2:30,48,21,0.2
4/8/2026 2:45,48,21,0.2
4/8/2026 3:00,48,21,0.2
4/8/2026 3:15,48,21,0.2
4/8/2026 3:30,48,21,0.2
4/8/2026 3:45,48,21,0.2
4/8/2026 4:00,48,21,0.2
4/8/2026 4:15,48,21,0.2
4/8/2026 4:30,48,21,0.2
4/8/2026 4:45,48,21,0.2
4/8/2026 5:00,48,21,0.2
4/8/2026 5:15,48,21,0.2
4/8/2026 5:30,48,21,0.2
4/8/2026 5:45,48,21,0.2
4/8/2026 6:00,48,21,0.2
4/8/2026 6:15,48,21,0.2
4/8/2026 6:30,48,21,0.2
4/8/2026 6:45,48,21,0.2
4/8/2026 7:00,48,21,0.2
4/8/2026 7:15,48,21,0.2
4/8/2026 7:30,48,20,0.2
4/8/2026 7:45,48,20,0.2
4/8/2026 8:00,48,20,0.2
4/8/2026 8:15,48,20,0.2
4/8/2026 8:30,48,20,0.2
4/8/2026 8:45,48,20,0.2
4/8/2026 9:00,48,20,0.2
4/8/2026 9:15,48,20,0.2
4/8/2026 9:30,48,20,0.2
4/8/2026 9:45,48,20,0.2
4/8/2026 10:00,48,20,0.2
4/8/2026 10:15,48,20,0.2
4/8/2026 10:30,48,20,0.2
4/8/2026 10:45,48,21,0.2
4/8/2026 11:00,48,21,0.2
4/8/2026 11:15,48,21,0.2
4/8/2026 11:30,48,21,0.2
4/8/2026 11:45,48,21,0.2
4/8/2026 12:00,48,21,0.2
4/8/2026 12:15,48,21,0.2
4/8/2026 12:30,48,21,0.2
4/8/2026 12:45,48,21,0.2
4/8/2026 13:00,48,21,0.2
4/8/2026 13:15,48,21,0.2
4/8/2026 13:30,48,21,0.2
4/8/2026 13:45,48,21,0.2
4/8/2026 14:00,48,21,0.2
4/8/2026 14:15,48,22,0.2
4/8/2026 14:30,48,22,0.2
4/8/2026 14:45,48,22,0.2
4/8/2026 15:00,47,22,0.2
4/8/2026 15:15,48,22,0.2
4/8/2026 15:30,48,22,0.2
4/8/2026 15:45,48,22,0.2
4/8/2026 16:00,47,22,0.2
4/8/2026 16:15,48,22,0.2
4/8/2026 16:30,48,22,0.2
4/8/2026 16:45,48,22,0.2
4/8/2026 17:00,48,22,0.2
4/8/2026 17:15,47,22,0.2
4/8/2026 17:30,47,22,0.2
4/8/2026 17:45,48,22,0.2
4/8/2026 18:00,47,22,0.2
4/8/2026 18:15,47,22,0.2
4/8/2026 18:30,47,22,0.2
4/8/2026 18:45,47,22,0.2
4/8/2026 19:00,47,22,0.2
4/8/2026 19:15,47,22,0.2
4/8/2026 19:30,47,22,0.2
4/8/2026 19:45,47,22,0.2
4/8/2026 20:00,47,22,0.2
4/8/2026 20:15,47,22,0.2
4/8/2026 20:30,47,22,0.2
4/8/2026 20:45,47,22,0.2
4/8/2026 21:00,47,22,0.2
4/8/2026 21:15,47,22,0.2
4/8/2026 21:30,47,21,0.2
4/8/2026 21:45,47,21,0.2
4/8/2026 22:00,47,21,0.2
4/8/2026 22:15,47,21,0.2
4/8/2026 22:30,47,21,0.2
4/8/2026 22:45,47,21,0.2
4/8/2026 23:00,47,21,0.2
4/8/2026 23:15,47,21,0.2
4/8/2026 23:30,47,21,0.2
4/8/2026 23:45,47,21,0.2
4/9/2026 0:00,47,21,0.2
4/9/2026 0:15,47,21,0.2
4/9/2026 0:30,47,21,0.2
4/9/2026 0:45,47,21,0.2
4/9/2026 1:00,47,21,0.2
4/9/2026 1:15,47,21,0.2
4/9/2026 1:30,47,21,0.2
4/9/2026 1:45,47,21,0.2
4/9/2026 2:00,47,20,0.2
4/9/2026 2:15,47,20,0.2
4/9/2026 2:30,48,20,0.2
4/9/2026 2:45,48,20,0.2
4/9/2026 3:00,48,20,0.2
4/9/2026 3:15,48,20,0.2
4/9/2026 3:30,49,20,0.2
4/9/2026 3:45,49,20,0.2
4/9/2026 4:00,48,20,0.2
4/9/2026 4:15,48,20,0.2
4/9/2026 4:30,48,20,0.2
4/9/2026 4:45,48,20,0.2
4/9/2026 5:00,49,20,0.2
4/9/2026 5:15,48,20,0.2
4/9/2026 5:30,48,20,0.2
4/9/2026 5:45,48,20,0.2
4/9/2026 6:00,48,20,0.2
4/9/2026 6:15,47,20,0.2
4/9/2026 6:30,48,20,0.2
4/9/2026 6:45,48,19,0.2
4/9/2026 7:00,47,19,0.2
4/9/2026 7:15,47,19,0.2
4/9/2026 7:30,46,19,0.2
4/9/2026 7:45,46,19,0.2
4/9/2026 8:00,47,19,0.2
4/9/2026 8:15,45,19,0.2
4/9/2026 8:30,45,19,0.2
4/9/2026 8:45,46,19,0.2
4/9/2026 9:00,46,19,0.2
4/9/2026 9:15,45,19,0.2
4/9/2026 9:30,46,19,0.2
4/9/2026 9:45,48,19,0.2
4/9/2026 10:00,45,19,0.2
4/9/2026 10:15,47,20,0.2
4/9/2026 10:30,45,20,0.2
4/9/2026 10:45,47,20,0.2
4/9/2026 11:00,49,20,0.2
4/9/2026 11:15,45,20,0.2
4/9/2026 11:30,46,20,0.2
4/9/2026 11:45,47,20,0.2
4/9/2026 12:00,45,20,0.2
4/9/2026 12:15,46,20,0.2
4/9/2026 12:30,45,20,0.2
4/9/2026 12:45,47,21,0.2
4/9/2026 13:00,45,21,0.2
4/9/2026 13:15,48,21,0.2
4/9/2026 13:30,45,21,0.2
4/9/2026 13:45,45,21,0.2
4/9/2026 14:00,47,21,0.2
4/9/2026 14:15,49,21,0.2
4/9/2026 14:30,46,21,0.2
4/9/2026 14:45,45,21,0.2
4/9/2026 15:00,47,21,0.2
4/9/2026 15:15,48,21,0.2
4/9/2026 15:30,47,21,0.2
4/9/2026 15:45,46,21,0.2
4/9/2026 16:00,45,22,0.2
4/9/2026 16:15,47,22,0.2
4/9/2026 16:30,47,22,0.2
4/9/2026 16:45,47,22,0.2
4/9/2026 17:00,49,22,0.2
4/9/2026 17:15,48,22,0.2
4/9/2026 17:30,49,22,0.2
4/9/2026 17:45,49,22,0.2
4/9/2026 18:00,48,22,0.2
4/9/2026 18:15,48,22,0.2
4/9/2026 18:30,49,22,0.2
4/9/2026 18:45,48,22,0.2
4/9/2026 19:00,49,22,0.2
4/9/2026 19:15,48,22,0.2
4/9/2026 19:30,48,22,0.2
4/9/2026 19:45,49,22,0.2
4/9/2026 20:00,48,22,0.2
4/9/2026 20:15,48,22,0.2
4/9/2026 20:30,48,22,0.2
4/9/2026 20:45,49,22,0.2
4/9/2026 21:00,48,22,0.2
4/9/2026 21:15,47,22,0.2
4/9/2026 21:30,48,22,0.2
4/9/2026 21:45,48,22,0.2
4/9/2026 22:00,48,22,0.2
4/9/2026 22:15,48,22,0.2
4/9/2026 22:30,48,22,0.2
4/9/2026 22:45,48,22,0.2
4/9/2026 23:00,47,22,0.2
4/9/2026 23:15,48,22,0.2
4/9/2026 23:30,48,22,0.2
4/9/2026 23:45,48,22,0.2
4/10/2026 0:00,48,22,0.2
4/10/2026 0:15,48,22,0.2
4/10/2026 0:30,47,21,0.2
4/10/2026 0:45,47,21,0.2
4/10/2026 1:00,47,21,0.2
4/10/2026 1:15,48,21,0.2
4/10/2026 1:30,47,21,0.2
4/10/2026 1:45,48,21,0.2
4/10/2026 2:00,47,21,0.2
4/10/2026 2:15,47,21,0.2
4/10/2026 2:30,48,21,0.2
4/10/2026 2:45,47,21,0.2
4/10/2026 3:00,48,21,0.2
4/10/2026 3:15,48,21,0.2
4/10/2026 3:30,48,21,0.2
4/10/2026 3:45,48,21,0.2
4/10/2026 4:00,48,21,0.2
4/10/2026 4:15,48,21,0.2
4/10/2026 4:30,48,21,0.2
4/10/2026 4:45,48,21,0.2
4/10/2026 5:00,48,21,0.2
4/10/2026 5:15,48,21,0.2
4/10/2026 5:30,48,21,0.2
4/10/2026 5:45,48,20,0.2
4/10/2026 6:00,48,20,0.2
4/10/2026 6:15,48,20,0.2
4/10/2026 6:30,48,20,0.2
4/10/2026 6:45,48,20,0.2
4/10/2026 7:00,48,20,0.2
4/10/2026 7:15,46,20,0.2
4/10/2026 7:30,45,20,0.2
4/10/2026 7:45,45,20,0.2
4/10/2026 8:00,46,20,0.2
4/10/2026 8:15,47,20,0.2
4/10/2026 8:30,48,20,0.2
4/10/2026 8:45,49,20,0.2
4/10/2026 9:00,49,20,0.2
4/10/2026 9:15,45,20,0.2
4/10/2026 9:30,45,20,0.2
4/10/2026 9:45,47,20,0.2
4/10/2026 10:00,47,20,0.2
4/10/2026 10:15,48,20,0.2
4/10/2026 10:30,48,20,0.2
4/10/2026 10:45,47,20,0.2
4/10/2026 11:00,49,20,0.2
4/10/2026 11:15,45,20,0.2
4/10/2026 11:30,45,21,0.2
4/10/2026 11:45,48,21,0.2
4/10/2026 12:00,46,21,0.2
4/10/2026 12:15,46,21,0.2
4/10/2026 12:30,48,21,0.2
4/10/2026 12:45,45,21,0.2
4/10/2026 13:00,49,21,0.2
4/10/2026 13:15,49,21,0.2
4/10/2026 13:30,44,21,0.2
4/10/2026 13:45,48,22,0.2
4/10/2026 14:00,48,22,0.2
4/10/2026 14:15,47,22,0.2
4/10/2026 14:30,46,22,0.2
4/10/2026 14:45,46,22,0.2
4/10/2026 15:00,48,22,0.2
4/10/2026 15:15,46,22,0.2
4/10/2026 15:30,48,22,0.2
4/10/2026 15:45,48,22,0.2
4/10/2026 16:00,48,23,0.2
4/10/2026 16:15,47,23,0.2
4/10/2026 16:30,47,23,0.2
4/10/2026 16:45,49,23,0.2
4/10/2026 17:00,48,23,0.2
4/10/2026 17:15,48,23,0.2
4/10/2026 17:30,48,23,0.2
4/10/2026 17:45,48,23,0.2
4/10/2026 18:00,48,23,0.2
4/10/2026 18:15,48,23,0.2
4/10/2026 18:30,48,23,0.2
4/10/2026 18:45,48,23,0.2
4/10/2026 19:00,47,23,0.2
4/10/2026 19:15,48,23,0.2
4/10/2026 19:30,48,23,0.2
4/10/2026 19:45,48,23,0.2
4/10/2026 20:00,48,23,0.2
4/10/2026 20:15,48,23,0.2
4/10/2026 20:30,48,23,0.2
4/10/2026 20:45,48,23,0.2
4/10/2026 21:00,48,23,0.2
4/10/2026 21:15,48,23,0.2
4/10/2026 21:30,47,23,0.2
4/10/2026 21:45,48,23,0.2
4/10/2026 22:00,47,23,0.2
4/10/2026 22:15,48,23,0.2
4/10/2026 22:30,47,22,0.2
4/10/2026 22:45,48,22,0.2
4/10/2026 23:00,48,22,0.2
4/10/2026 23:15,47,22,0.2
4/10/2026 23:30,48,22,0.2
4/10/2026 23:45,48,22,0.2
4/11/2026 0:00,48,22,0.2
4/11/2026 0:15,48,22,0.2
4/11/2026 0:30,48,22,0.2
4/11/2026 0:45,48,22,0.2
4/11/2026 1:00,47,22,0.2
4/11/2026 1:15,47,22,0.2
4/11/2026 1:30,47,22,0.2
4/11/2026 1:45,47,22,0.2
4/11/2026 2:00,47,22,0.2
4/11/2026 2:15,47,22,0.2
4/11/2026 2:30,47,22,0.2
4/11/2026 2:45,47,22,0.2
4/11/2026 3:00,47,22,0.2
4/11/2026 3:15,47,21,0.2
4/11/2026 3:30,47,21,0.2
4/11/2026 3:45,47,21,0.2
4/11/2026 4:00,47,21,0.2
4/11/2026 4:15,48,21,0.2
4/11/2026 4:30,47,21,0.2
4/11/2026 4:45,47,21,0.2
4/11/2026 5:00,47,21,0.2
4/11/2026 5:15,47,21,0.2
4/11/2026 5:30,47,21,0.2
4/11/2026 5:45,47,21,0.2
4/11/2026 6:00,47,21,0.2
4/11/2026 6:15,47,21,0.2
4/11/2026 6:30,47,21,0.2
4/11/2026 6:45,47,21,0.2
4/11/2026 7:00,47,21,0.2
4/11/2026 7:15,46,21,0.2
4/11/2026 7:30,44,21,0.2
4/11/2026 7:45,44,21,0.2
4/11/2026 8:00,45,21,0.2
4/11/2026 8:15,47,21,0.2
4/11/2026 8:30,45,21,0.2
4/11/2026 8:45,47,21,0.2
4/11/2026 9:00,47,21,0.2
4/11/2026 9:15,45,21,0.2
4/11/2026 9:30,47,21,0.2
4/11/2026 9:45,46,21,0.2
4/11/2026 10:00,48,21,0.2
4/11/2026 10:15,45,21,0.2
4/11/2026 10:30,44,21,0.2
4/11/2026 10:45,44,21,0.2
4/11/2026 11:00,44,21,0.2
4/11/2026 11:15,48,21,0.2
4/11/2026 11:30,45,21,0.2
4/11/2026 11:45,44,21,0.2
4/11/2026 12:00,45,21,0.2
4/11/2026 12:15,45,21,0.2
4/11/2026 12:30,45,21,0.2
4/11/2026 12:45,45,21,0.2
4/11/2026 13:00,47,21,0.2
4/11/2026 13:15,47,22,0.2
4/11/2026 13:30,48,22,0.2
4/11/2026 13:45,46,22,0.2
4/11/2026 14:00,48,22,0.2
4/11/2026 14:15,45,22,0.2
4/11/2026 14:30,47,22,0.2
4/11/2026 14:45,46,22,0.2
4/11/2026 15:00,47,22,0.2
4/11/2026 15:15,45,22,0.2
4/11/2026 15:30,46,22,0.2
4/11/2026 15:45,47,22,0.2
4/11/2026 16:00,47,22,0.2
4/11/2026 16:15,48,22,0.2
4/11/2026 16:30,47,22,0.2
4/11/2026 16:45,46,22,0.2
4/11/2026 17:00,48,22,0.2
4/11/2026 17:15,47,22,0.2
4/11/2026 17:30,46,22,0.2
4/11/2026 17:45,47,23,0.2
4/11/2026 18:00,46,23,0.2
4/11/2026 18:15,47,23,0.2
4/11/2026 18:30,45,23,0.2
4/11/2026 18:45,48,23,0.2
4/11/2026 19:00,48,23,0.2
4/11/2026 19:15,48,23,0.2
4/11/2026 19:30,47,23,0.2
4/11/2026 19:45,48,23,0.2
4/11/2026 20:00,47,23,0.2
4/11/2026 20:15,47,23,0.2
4/11/2026 20:30,47,23,0.2
4/11/2026 20:45,47,23,0.2
4/11/2026 21:00,47,23,0.2
4/11/2026 21:15,48,23,0.2
4/11/2026 21:30,47,23,0.2
4/11/2026 21:45,47,23,0.2
4/11/2026 22:00,47,23,0.2
4/11/2026 22:15,47,23,0.2
4/11/2026 22:30,45,23,0.2
4/11/2026 22:45,46,23,0.2
4/11/2026 23:00,47,23,0.2
4/11/2026 23:15,47,23,0.2
4/11/2026 23:30,47,23,0.2
4/11/2026 23:45,47,23,0.2
4/12/2026 0:00,47,23,0.2
4/12/2026 0:15,47,23,0.2
4/12/2026 0:30,47,23,0.2
4/12/2026 0:45,47,23,0.2
4/12/2026 1:00,47,23,0.2
4/12/2026 1:15,47,23,0.2
4/12/2026 1:30,47,23,0.2
4/12/2026 1:45,46,23,0.2
4/12/2026 2:00,47,23,0.2
4/12/2026 2:15,47,23,0.2
4/12/2026 2:30,47,23,0.2
4/12/2026 2:45,47,23,0.2
4/12/2026 3:00,47,23,0.2
4/12/2026 3:15,47,23,0.2
4/12/2026 3:30,46,22,0.2
4/12/2026 3:45,47,22,0.2
4/12/2026 4:00,46,22,0.2
4/12/2026 4:15,45,22,0.2
4/12/2026 4:30,44,22,0.2
4/12/2026 4:45,44,22,0.2
4/12/2026 5:00,44,22,0.2
4/12/2026 5:15,44,22,0.2
4/12/2026 5:30,44,22,0.2
4/12/2026 5:45,44,22,0.2
4/12/2026 6:00,44,22,0.2
4/12/2026 6:15,44,22,0.2
4/12/2026 6:30,46,22,0.2
4/12/2026 6:45,47,22,0.2
4/12/2026 7:00,46,22,0.2
4/12/2026 7:15,45,22,0.2
4/12/2026 7:30,44,22,0.2
4/12/2026 7:45,45,22,0.2
4/12/2026 8:00,44,22,0.2
4/12/2026 8:15,45,22,0.2
4/12/2026 8:30,44,22,0.2
4/12/2026 8:45,47,22,0.2
4/12/2026 9:00,44,22,0.2
4/12/2026 9:15,44,22,0.2
4/12/2026 9:30,43,22,0.2
4/12/2026 9:45,46,22,0.2
4/12/2026 10:00,43,22,0.2
4/12/2026 10:15,47,22,0.2
4/12/2026 10:30,47,22,0.2
4/12/2026 10:45,45,22,0.2
4/12/2026 11:00,46,22,0.2
4/12/2026 11:15,46,22,0.2
4/12/2026 11:30,45,22,0.2
4/12/2026 11:45,46,22,0.2
4/12/2026 12:00,47,23,0.2
4/12/2026 12:15,43,23,0.2
4/12/2026 12:30,46,23,0.2
4/12/2026 12:45,43,23,0.2
4/12/2026 13:00,44,23,0.2
4/12/2026 13:15,48,23,0.2
4/12/2026 13:30,47,23,0.2
4/12/2026 13:45,47,23,0.2
4/12/2026 14:00,44,24,0.2
4/12/2026 14:15,46,24,0.2
4/12/2026 14:30,47,24,0.2
4/12/2026 14:45,47,24,0.2
4/12/2026 15:00,47,24,0.2
4/12/2026 15:15,43,24,0.2
4/12/2026 15:30,43,24,0.2
4/12/2026 15:45,46,24,0.2
4/12/2026 16:00,45,24,0.2
4/12/2026 16:15,44,24,0.2
4/12/2026 16:30,46,24,0.2
4/12/2026 16:45,46,24,0.2
4/12/2026 17:00,48,24,0.2
4/12/2026 17:15,47,25,0.2
4/12/2026 17:30,47,25,0.2
4/12/2026 17:45,47,25,0.2
4/12/2026 18:00,47,25,0.2
4/12/2026 18:15,46,25,0.2
4/12/2026 18:30,46,25,0.2
4/12/2026 18:45,46,25,0.2
4/12/2026 19:00,47,25,0.2
4/12/2026 19:15,46,25,0.2
4/12/2026 19:30,47,25,0.2
4/12/2026 19:45,46,25,0.2
4/12/2026 20:00,46,25,0.2
4/12/2026 20:15,46,24,0.2
4/12/2026 20:30,45,24,0.2
4/12/2026 20:45,46,24,0.2
4/12/2026 21:00,46,24,0.2
4/12/2026 21:15,47,24,0.2
4/12/2026 21:30,46,24,0.2
4/12/2026 21:45,44,24,0.2
4/12/2026 22:00,46,24,0.2
4/12/2026 22:15,44,24,0.2
4/12/2026 22:30,44,24,0.2
4/12/2026 22:45,44,24,0.2
4/12/2026 23:00,44,24,0.2
4/12/2026 23:15,44,24,0.2
4/12/2026 23:30,45,24,0.2
4/12/2026 23:45,45,24,0.2
4/13/2026 0:00,47,24,0.2
4/13/2026 0:15,46,24,0.2
4/13/2026 0:30,46,24,0.2
4/13/2026 0:45,44,24,0.2
4/13/2026 1:00,46,24,0.2
4/13/2026 1:15,46,24,0.2
4/13/2026 1:30,43,24,0.2
4/13/2026 1:45,45,24,0.2
4/13/2026 2:00,46,24,0.2
4/13/2026 2:15,46,24,0.2
4/13/2026 2:30,46,24,0.2
4/13/2026 2:45,46,24,0.2
4/13/2026 3:00,46,23,0.2
4/13/2026 3:15,46,23,0.2
4/13/2026 3:30,46,23,0.2
4/13/2026 3:45,46,23,0.2
4/13/2026 4:00,46,23,0.2
4/13/2026 4:15,46,23,0.2
4/13/2026 4:30,46,23,0.2
4/13/2026 4:45,47,23,0.2
4/13/2026 5:00,46,23,0.2
4/13/2026 5:15,46,23,0.2
4/13/2026 5:30,46,23,0.2
4/13/2026 5:45,46,23,0.2
4/13/2026 6:00,46,23,0.2
4/13/2026 6:15,46,23,0.2
4/13/2026 6:30,46,23,0.2
4/13/2026 6:45,46,23,0.2
4/13/2026 7:00,46,23,0.2
4/13/2026 7:15,45,23,0.2
4/13/2026 7:30,43,23,0.2
4/13/2026 7:45,43,23,0.2
4/13/2026 8:00,44,23,0.2
4/13/2026 8:15,42,23,0.2
4/13/2026 8:30,44,23,0.2
4/13/2026 8:45,43,23,0.2
4/13/2026 9:00,44,23,0.2
4/13/2026 9:15,47,23,0.2
4/13/2026 9:30,43,23,0.2
4/13/2026 9:45,44,23,0.2
4/13/2026 10:00,44,23,0.2
4/13/2026 10:15,42,23,0.2
4/13/2026 10:30,44,23,0.2
4/13/2026 10:45,43,23,0.2
4/13/2026 11:00,44,23,0.2
4/13/2026 11:15,47,23,0.2
4/13/2026 11:30,43,23,0.2
4/13/2026 11:45,44,23,0.2
4/13/2026 12:00,45,23,0.2
4/13/2026 12:15,44,23,0.2
4/13/2026 12:30,44,24,0.2
4/13/2026 12:45,43,24,0.2
4/13/2026 13:00,44,24,0.2
4/13/2026 13:15,44,24,0.2
4/13/2026 13:30,45,24,0.2
4/13/2026 13:45,45,24,0.2
4/13/2026 14:00,47,24,0.2
4/13/2026 14:15,44,24,0.2
4/13/2026 14:30,44,24,0.2
4/13/2026 14:45,45,24,0.2
4/13/2026 15:00,44,24,0.2
4/13/2026 15:15,43,25,0.2
4/13/2026 15:30,44,25,0.2
4/13/2026 15:45,47,25,0.2
4/13/2026 16:00,46,25,0.2
4/13/2026 16:15,43,25,0.2
4/13/2026 16:30,45,25,0.2
4/13/2026 16:45,44,25,0.2
4/13/2026 17:00,45,25,0.2
4/13/2026 17:15,46,25,0.2
4/13/2026 17:30,46,25,0.2
4/13/2026 17:45,46,25,0.2
4/13/2026 18:00,46,25,0.2
4/13/2026 18:15,46,25,0.2
4/13/2026 18:30,46,25,0.2
4/13/2026 18:45,46,25,0.2
4/13/2026 19:00,46,25,0.2
4/13/2026 19:15,46,25,0.2
4/13/2026 19:30,46,25,0.2
4/13/2026 19:45,45,25,0.2
4/13/2026 20:00,46,25,0.2
4/13/2026 20:15,46,25,0.2
4/13/2026 20:30,46,25,0.2
4/13/2026 20:45,46,25,0.2
4/13/2026 21:00,46,25,0.2
4/13/2026 21:15,46,25,0.2
4/13/2026 21:30,46,25,0.2
4/13/2026 21:45,46,25,0.2
4/13/2026 22:00,46,25,0.2
4/13/2026 22:15,46,25,0.2
4/13/2026 22:30,46,25,0.2
4/13/2026 22:45,45,24,0.2
4/13/2026 23:00,45,24,0.2
4/13/2026 23:15,45,24,0.2
4/13/2026 23:30,46,24,0.2
4/13/2026 23:45,46,24,0.2
4/14/2026 0:00,46,24,0.2
4/14/2026 0:15,45,24,0.2
4/14/2026 0:30,46,24,0.2
4/14/2026 0:45,46,24,0.2
4/14/2026 1:00,46,24,0.2
4/14/2026 1:15,45,24,0.2
4/14/2026 1:30,46,24,0.2
4/14/2026 1:45,45,24,0.2
4/14/2026 2:00,46,24,0.2
4/14/2026 2:15,45,24,0.2
4/14/2026 2:30,46,24,0.2
4/14/2026 2:45,45,24,0.2
4/14/2026 3:00,45,24,0.2
4/14/2026 3:15,46,24,0.2
4/14/2026 3:30,45,24,0.2
4/14/2026 3:45,45,24,0.2
4/14/2026 4:00,45,24,0.2
4/14/2026 4:15,45,24,0.2
4/14/2026 4:30,45,24,0.2
4/14/2026 4:45,45,24,0.2
4/14/2026 5:00,44,23,0.2
4/14/2026 5:15,45,23,0.2
4/14/2026 5:30,45,23,0.2
4/14/2026 5:45,45,23,0.2
4/14/2026 6:00,46,23,0.2
4/14/2026 6:15,46,23,0.2
4/14/2026 6:30,46,23,0.2
4/14/2026 6:45,45,23,0.2
4/14/2026 7:00,45,23,0.2
4/14/2026 7:15,44,23,0.2
4/14/2026 7:30,43,23,0.2
4/14/2026 7:45,43,23,0.2
4/14/2026 8:00,44,23,0.2
4/14/2026 8:15,42,23,0.2
4/14/2026 8:30,43,23,0.2
4/14/2026 8:45,44,23,0.2
4/14/2026 9:00,42,23,0.2
4/14/2026 9:15,43,23,0.2
4/14/2026 9:30,44,23,0.2
4/14/2026 9:45,43,23,0.2
4/14/2026 10:00,43,23,0.2
4/14/2026 10:15,45,23,0.2
4/14/2026 10:30,42,23,0.2
4/14/2026 10:45,44,23,0.2
4/14/2026 11:00,43,23,0.2
4/14/2026 11:15,46,23,0.2
4/14/2026 11:30,45,23,0.2
4/14/2026 11:45,45,23,0.2
4/14/2026 12:00,44,24,0.2
4/14/2026 12:15,42,24,0.2
4/14/2026 12:30,44,24,0.2
4/14/2026 12:45,47,24,0.2
4/14/2026 13:00,46,24,0.2
4/14/2026 13:15,42,24,0.2
4/14/2026 13:30,43,24,0.2
4/14/2026 13:45,46,24,0.2
4/14/2026 14:00,45,24,0.2
4/14/2026 14:15,45,24,0.2
4/14/2026 14:30,45,24,0.2
4/14/2026 14:45,45,24,0.2
4/14/2026 15:00,45,24,0.2
4/14/2026 15:15,44,24,0.2
4/14/2026 15:30,44,24,0.2
4/14/2026 15:45,44,24,0.2
4/14/2026 16:00,46,24,0.2
4/14/2026 16:15,45,25,0.2
4/14/2026 16:30,45,25,0.2
4/14/2026 16:45,42,25,0.2
4/14/2026 17:00,46,25,0.2
4/14/2026 17:15,46,25,0.2
4/14/2026 17:30,45,25,0.2
4/14/2026 17:45,46,25,0.2
4/14/2026 18:00,46,25,0.2
4/14/2026 18:15,45,25,0.2
4/14/2026 18:30,45,25,0.2
4/14/2026 18:45,46,25,0.2
4/14/2026 19:00,44,25,0.2
4/14/2026 19:15,45,25,0.2
4/14/2026 19:30,45,25,0.2
4/14/2026 19:45,46,25,0.2
4/14/2026 20:00,45,25,0.2
4/14/2026 20:15,45,25,0.2
4/14/2026 20:30,43,25,0.2
4/14/2026 20:45,44,25,0.2
4/14/2026 21:00,45,25,0.2
4/14/2026 21:15,43,25,0.2
4/14/2026 21:30,44,25,0.2
4/14/2026 21:45,46,25,0.2
4/14/2026 22:00,43,25,0.2
4/14/2026 22:15,44,25,0.2
4/14/2026 22:30,43,25,0.2
4/14/2026 22:45,45,25,0.2
4/14/2026 23:00,44,25,0.2
4/14/2026 23:15,45,25,0.2
4/14/2026 23:30,44,25,0.2
4/14/2026 23:45,43,25,0.2
4/15/2026 0:00,45,25,0.2
4/15/2026 0:15,45,25,0.2
4/15/2026 0:30,44,24,0.2
4/15/2026 0:45,42,24,0.2
4/15/2026 1:00,43,24,0.2
4/15/2026 1:15,45,24,0.2
4/15/2026 1:30,44,24,0.2
4/15/2026 1:45,45,24,0.2
4/15/2026 2:00,43,24,0.2
4/15/2026 2:15,43,24,0.2
4/15/2026 2:30,45,24,0.2
4/15/2026 2:45,45,24,0.2
4/15/2026 3:00,44,24,0.2
4/15/2026 3:15,45,24,0.2
4/15/2026 3:30,44,24,0.2
4/15/2026 3:45,45,24,0.2
4/15/2026 4:00,44,24,0.2
4/15/2026 4:15,44,24,0.2
4/15/2026 4:30,45,24,0.2
4/15/2026 4:45,44,24,0.2
4/15/2026 5:00,45,24,0.2
4/15/2026 5:15,45,24,0.2
4/15/2026 5:30,44,24,0.2
4/15/2026 5:45,45,24,0.2
4/15/2026 6:00,45,24,0.2
4/15/2026 6:15,45,24,0.2
4/15/2026 6:30,45,24,0.2
4/15/2026 6:45,44,24,0.2
4/15/2026 7:00,44,23,0.2
4/15/2026 7:15,43,23,0.2
4/15/2026 7:30,42,23,0.2
4/15/2026 7:45,42,23,0.2
4/15/2026 8:00,43,23,0.2
4/15/2026 8:15,43,23,0.2
4/15/2026 8:30,44,23,0.2
4/15/2026 8:45,43,23,0.2
4/15/2026 9:00,44,23,0.2
4/15/2026 9:15,42,23,0.2
4/15/2026 9:30,44,23,0.2
4/15/2026 9:45,46,23,0.2
4/15/2026 10:00,44,23,0.2
4/15/2026 10:15,42,23,0.2
4/15/2026 10:30,41,23,0.2
4/15/2026 10:45,42,24,0.2
4/15/2026 11:00,46,24,0.2
4/15/2026 11:15,44,24,0.2
4/15/2026 11:30,42,24,0.2
4/15/2026 11:45,45,24,0.2
4/15/2026 12:00,43,24,0.2
4/15/2026 12:15,43,24,0.2
4/15/2026 12:30,45,24,0.2
4/15/2026 12:45,42,24,0.2
4/15/2026 13:00,45,24,0.2
4/15/2026 13:15,44,24,0.2
4/15/2026 13:30,45,24,0.2
4/15/2026 13:45,43,24,0.2
4/15/2026 14:00,44,24,0.2
4/15/2026 14:15,44,24,0.2
4/15/2026 14:30,45,24,0.2
