UNCW CMS Pond,
1/27/26 12:00 AM : 6 Month,
,UNCW CMS Pond Node
,Hydros 21
,Port 1
Date & Time,Fluid Depth - cm
1/29/2026 10:15,69.7
1/29/2026 10:30,--
1/29/2026 10:45,69.6
1/29/2026 11:00,69.5
1/29/2026 11:15,69.7
1/29/2026 11:30,69.7
1/29/2026 11:45,69.6
1/29/2026 12:00,69.7
1/29/2026 12:15,69.5
1/29/2026 12:30,69.6
1/29/2026 12:45,69.7
1/29/2026 13:00,69.6
1/29/2026 13:15,69.8
1/29/2026 13:30,69.7
1/29/2026 13:45,69.8
1/29/2026 14:00,69.7
1/29/2026 14:15,69.7
1/29/2026 14:30,69.8
1/29/2026 14:45,69.6
1/29/2026 15:00,69.7
1/29/2026 15:15,69.7
1/29/2026 15:30,69.8
1/29/2026 15:45,69.6
1/29/2026 16:00,69.8
1/29/2026 16:15,69.8
1/29/2026 16:30,69.8
1/29/2026 16:45,69.6
1/29/2026 17:00,69.6
1/29/2026 17:15,69.7
1/29/2026 17:30,69.6
1/29/2026 17:45,69.7
1/29/2026 18:00,69.6
1/29/2026 18:15,69.6
1/29/2026 18:30,69.7
1/29/2026 18:45,69.7
1/29/2026 19:00,69.7
1/29/2026 19:15,69.6
1/29/2026 19:30,69.5
1/29/2026 19:45,69.6
1/29/2026 20:00,69.5
1/29/2026 20:15,69.5
1/29/2026 20:30,69.5
1/29/2026 20:45,69.5
1/29/2026 21:00,69.5
1/29/2026 21:15,69.5
1/29/2026 21:30,69.4
1/29/2026 21:45,69.3
1/29/2026 22:00,69.4
1/29/2026 22:15,69.4
1/29/2026 22:30,69.5
1/29/2026 22:45,69.5
1/29/2026 23:00,69.4
1/29/2026 23:15,69.4
1/29/2026 23:30,69.3
1/29/2026 23:45,69.4
1/30/2026 0:00,69.3
1/30/2026 0:15,69.2
1/30/2026 0:30,69.2
1/30/2026 0:45,69.4
1/30/2026 1:00,69.2
1/30/2026 1:15,69.1
1/30/2026 1:30,69.2
1/30/2026 1:45,69.2
1/30/2026 2:00,69
1/30/2026 2:15,69.1
1/30/2026 2:30,69.1
1/30/2026 2:45,69
1/30/2026 3:00,68.9
1/30/2026 3:15,69.1
1/30/2026 3:30,69
1/30/2026 3:45,69
1/30/2026 4:00,69.1
1/30/2026 4:15,69
1/30/2026 4:30,69.1
1/30/2026 4:45,69
1/30/2026 5:00,69
1/30/2026 5:15,68.9
1/30/2026 5:30,68.9
1/30/2026 5:45,69
1/30/2026 6:00,68.9
1/30/2026 6:15,68.9
1/30/2026 6:30,68.8
1/30/2026 6:45,68.8
1/30/2026 7:00,68.8
1/30/2026 7:15,68.9
1/30/2026 7:30,68.9
1/30/2026 7:45,68.8
1/30/2026 8:00,68.9
1/30/2026 8:15,68.8
1/30/2026 8:30,68.7
1/30/2026 8:45,68.8
1/30/2026 9:00,68.8
1/30/2026 9:15,68.9
1/30/2026 9:30,68.8
1/30/2026 9:45,68.8
1/30/2026 10:00,68.9
1/30/2026 10:15,69
1/30/2026 10:30,69
1/30/2026 10:45,69
1/30/2026 11:00,69.1
1/30/2026 11:15,69.1
1/30/2026 11:30,68.9
1/30/2026 11:45,69.1
1/30/2026 12:00,69.2
1/30/2026 12:15,69.2
1/30/2026 12:30,69.2
1/30/2026 12:45,69.3
1/30/2026 13:00,69.3
1/30/2026 13:15,69.3
1/30/2026 13:30,69.3
1/30/2026 13:45,69.2
1/30/2026 14:00,69.5
1/30/2026 14:15,69.2
1/30/2026 14:30,69.3
1/30/2026 14:45,69.1
1/30/2026 15:00,69.3
1/30/2026 15:15,69.3
1/30/2026 15:30,69.3
1/30/2026 15:45,69.3
1/30/2026 16:00,69.1
1/30/2026 16:15,69.2
1/30/2026 16:30,69.1
1/30/2026 16:45,69.3
1/30/2026 17:00,69.2
1/30/2026 17:15,69.2
1/30/2026 17:30,69
1/30/2026 17:45,69.1
1/30/2026 18:00,69.3
1/30/2026 18:15,69.3
1/30/2026 18:30,69.3
1/30/2026 18:45,69.3
1/30/2026 19:00,69.2
1/30/2026 19:15,69
1/30/2026 19:30,69.1
1/30/2026 19:45,69.2
1/30/2026 20:00,69.1
1/30/2026 20:15,69.1
1/30/2026 20:30,69.1
1/30/2026 20:45,69.1
1/30/2026 21:00,69.2
1/30/2026 21:15,69.1
1/30/2026 21:30,69.1
1/30/2026 21:45,69
1/30/2026 22:00,69.1
1/30/2026 22:15,68.9
1/30/2026 22:30,68.9
1/30/2026 22:45,68.9
1/30/2026 23:00,68.9
1/30/2026 23:15,68.9
1/30/2026 23:30,68.8
1/30/2026 23:45,68.9
1/31/2026 0:00,68.9
1/31/2026 0:15,68.9
1/31/2026 0:30,68.6
1/31/2026 0:45,68.7
1/31/2026 1:00,68.8
1/31/2026 1:15,68.7
1/31/2026 1:30,68.7
1/31/2026 1:45,68.6
1/31/2026 2:00,68.8
1/31/2026 2:15,68.4
1/31/2026 2:30,68.6
1/31/2026 2:45,68.5
1/31/2026 3:00,68.6
1/31/2026 3:15,68.6
1/31/2026 3:30,68.6
1/31/2026 3:45,68.5
1/31/2026 4:00,68.5
1/31/2026 4:15,68.4
1/31/2026 4:30,68.4
1/31/2026 4:45,68.3
1/31/2026 5:00,68.4
1/31/2026 5:15,68.4
1/31/2026 5:30,68.3
1/31/2026 5:45,68.4
1/31/2026 6:00,68.2
1/31/2026 6:15,68.2
1/31/2026 6:30,68.3
1/31/2026 6:45,68.3
1/31/2026 7:00,68.3
1/31/2026 7:15,68.3
1/31/2026 7:30,68.2
1/31/2026 7:45,68.3
1/31/2026 8:00,68.2
1/31/2026 8:15,68.2
1/31/2026 8:30,68.1
1/31/2026 8:45,68.3
1/31/2026 9:00,68.4
1/31/2026 9:15,68.3
1/31/2026 9:30,68.3
1/31/2026 9:45,68.4
1/31/2026 10:00,68.2
1/31/2026 10:15,68.3
1/31/2026 10:30,68.4
1/31/2026 10:45,68.4
1/31/2026 11:00,68.5
1/31/2026 11:15,68.3
1/31/2026 11:30,68.4
1/31/2026 11:45,68.3
1/31/2026 12:00,68.4
1/31/2026 12:15,68.3
1/31/2026 12:30,68.4
1/31/2026 12:45,68.4
1/31/2026 13:00,68.4
1/31/2026 13:15,68.5
1/31/2026 13:30,68.4
1/31/2026 13:45,68.3
1/31/2026 14:00,68.3
1/31/2026 14:15,68.3
1/31/2026 14:30,68.4
1/31/2026 14:45,68.3
1/31/2026 15:00,68.5
1/31/2026 15:15,68.3
1/31/2026 15:30,68.3
1/31/2026 15:45,68.3
1/31/2026 16:00,68.4
1/31/2026 16:15,68.2
1/31/2026 16:30,68.3
1/31/2026 16:45,68.2
1/31/2026 17:00,68.2
1/31/2026 17:15,68.1
1/31/2026 17:30,68.2
1/31/2026 17:45,68.3
1/31/2026 18:00,68.1
1/31/2026 18:15,68.1
1/31/2026 18:30,67.9
1/31/2026 18:45,68.1
1/31/2026 19:00,68.1
1/31/2026 19:15,67.9
1/31/2026 19:30,68
1/31/2026 19:45,68
1/31/2026 20:00,67.9
1/31/2026 20:15,67.8
1/31/2026 20:30,68
1/31/2026 20:45,68
1/31/2026 21:00,68
1/31/2026 21:15,67.9
1/31/2026 21:30,68.2
1/31/2026 21:45,68.1
1/31/2026 22:00,68.1
1/31/2026 22:15,68
1/31/2026 22:30,68.2
1/31/2026 22:45,68.2
1/31/2026 23:00,68
1/31/2026 23:15,68
1/31/2026 23:30,68.4
1/31/2026 23:45,68.3
2/1/2026 0:00,68.6
2/1/2026 0:15,68.6
2/1/2026 0:30,68.5
2/1/2026 0:45,68.7
2/1/2026 1:00,68.6
2/1/2026 1:15,68.6
2/1/2026 1:30,68.7
2/1/2026 1:45,68.7
2/1/2026 2:00,68.7
2/1/2026 2:15,68.6
2/1/2026 2:30,68.4
2/1/2026 2:45,69.1
2/1/2026 3:00,68.6
2/1/2026 3:15,68.8
2/1/2026 3:30,68.9
2/1/2026 3:45,68.9
2/1/2026 4:00,69.2
2/1/2026 4:15,69
2/1/2026 4:30,69
2/1/2026 4:45,68.7
2/1/2026 5:00,68.9
2/1/2026 5:15,68.9
2/1/2026 5:30,69.2
2/1/2026 5:45,69.1
2/1/2026 6:00,69.2
2/1/2026 6:15,69.2
2/1/2026 6:30,69.3
2/1/2026 6:45,69.1
2/1/2026 7:00,69.2
2/1/2026 7:15,69
2/1/2026 7:30,69.5
2/1/2026 7:45,69.4
2/1/2026 8:00,69.3
2/1/2026 8:15,69.3
2/1/2026 8:30,69.2
2/1/2026 8:45,69.4
2/1/2026 9:00,69.3
2/1/2026 9:15,69.2
2/1/2026 9:30,69.3
2/1/2026 9:45,69.5
2/1/2026 10:00,69.1
2/1/2026 10:15,68.9
2/1/2026 10:30,69.2
2/1/2026 10:45,69.2
2/1/2026 11:00,69.3
2/1/2026 11:15,69.4
2/1/2026 11:30,69.6
2/1/2026 11:45,69.5
2/1/2026 12:00,69.5
2/1/2026 12:15,69.5
2/1/2026 12:30,69.3
2/1/2026 12:45,69.4
2/1/2026 13:00,69.7
2/1/2026 13:15,69.4
2/1/2026 13:30,69.7
2/1/2026 13:45,69.7
2/1/2026 14:00,69.4
2/1/2026 14:15,69.5
2/1/2026 14:30,69.5
2/1/2026 14:45,69.6
2/1/2026 15:00,69.5
2/1/2026 15:15,69.6
2/1/2026 15:30,69.6
2/1/2026 15:45,69.7
2/1/2026 16:00,69.7
2/1/2026 16:15,69.8
2/1/2026 16:30,69.9
2/1/2026 16:45,69.7
2/1/2026 17:00,69.8
2/1/2026 17:15,69.8
2/1/2026 17:30,69.8
2/1/2026 17:45,69.8
2/1/2026 18:00,69.7
2/1/2026 18:15,69.9
2/1/2026 18:30,69.9
2/1/2026 18:45,69.8
2/1/2026 19:00,69.7
2/1/2026 19:15,69.8
2/1/2026 19:30,69.8
2/1/2026 19:45,69.8
2/1/2026 20:00,69.7
2/1/2026 20:15,69.8
2/1/2026 20:30,69.7
2/1/2026 20:45,69.7
2/1/2026 21:00,69.8
2/1/2026 21:15,69.6
2/1/2026 21:30,69.7
2/1/2026 21:45,69.5
2/1/2026 22:00,69.7
2/1/2026 22:15,69.7
2/1/2026 22:30,69.6
2/1/2026 22:45,69.7
2/1/2026 23:00,69.7
2/1/2026 23:15,69.7
2/1/2026 23:30,69.7
2/1/2026 23:45,69.7
2/2/2026 0:00,69.6
2/2/2026 0:15,69.7
2/2/2026 0:30,69.6
2/2/2026 0:45,69.6
2/2/2026 1:00,69.6
2/2/2026 1:15,69.5
2/2/2026 1:30,69.4
2/2/2026 1:45,69.5
2/2/2026 2:00,69.4
2/2/2026 2:15,69.4
2/2/2026 2:30,69.5
2/2/2026 2:45,69.4
2/2/2026 3:00,69.5
2/2/2026 3:15,69.5
2/2/2026 3:30,69.5
2/2/2026 3:45,69.5
2/2/2026 4:00,69.4
2/2/2026 4:15,69.4
2/2/2026 4:30,69.5
2/2/2026 4:45,69.6
2/2/2026 5:00,69.4
2/2/2026 5:15,69.4
2/2/2026 5:30,69.3
2/2/2026 5:45,69.5
2/2/2026 6:00,69.4
2/2/2026 6:15,69.4
2/2/2026 6:30,69.5
2/2/2026 6:45,69.4
2/2/2026 7:00,69.4
2/2/2026 7:15,69.4
2/2/2026 7:30,69.4
2/2/2026 7:45,69.5
2/2/2026 8:00,69.5
2/2/2026 8:15,69.3
2/2/2026 8:30,69.4
2/2/2026 8:45,69.5
2/2/2026 9:00,69.6
2/2/2026 9:15,69.5
2/2/2026 9:30,69.4
2/2/2026 9:45,69.6
2/2/2026 10:00,69.6
2/2/2026 10:15,69.6
2/2/2026 10:30,69.5
2/2/2026 10:45,69.6
2/2/2026 11:00,69.6
2/2/2026 11:15,69.7
2/2/2026 11:30,69.6
2/2/2026 11:45,69.6
2/2/2026 12:00,69.7
2/2/2026 12:15,69.8
2/2/2026 12:30,69.7
2/2/2026 12:45,69.9
2/2/2026 13:00,70
2/2/2026 13:15,69.9
2/2/2026 13:30,70
2/2/2026 13:45,70
2/2/2026 14:00,69.9
2/2/2026 14:15,70.1
2/2/2026 14:30,70.1
2/2/2026 14:45,70.1
2/2/2026 15:00,70
2/2/2026 15:15,70.1
2/2/2026 15:30,70.2
2/2/2026 15:45,70.1
2/2/2026 16:00,70
2/2/2026 16:15,70.1
2/2/2026 16:30,70.2
2/2/2026 16:45,70.1
2/2/2026 17:00,70.3
2/2/2026 17:15,70.2
2/2/2026 17:30,70.3
2/2/2026 17:45,70.2
2/2/2026 18:00,70.1
2/2/2026 18:15,70.2
2/2/2026 18:30,70.1
2/2/2026 18:45,70.2
2/2/2026 19:00,70.2
2/2/2026 19:15,70.2
2/2/2026 19:30,70.1
2/2/2026 19:45,70.2
2/2/2026 20:00,70.2
2/2/2026 20:15,70.2
2/2/2026 20:30,70.2
2/2/2026 20:45,70.1
2/2/2026 21:00,70.1
2/2/2026 21:15,70.1
2/2/2026 21:30,70.1
2/2/2026 21:45,70.2
2/2/2026 22:00,70.1
2/2/2026 22:15,70.1
2/2/2026 22:30,70.2
2/2/2026 22:45,70.1
2/2/2026 23:00,70.1
2/2/2026 23:15,70
2/2/2026 23:30,70.1
2/2/2026 23:45,70.2
2/3/2026 0:00,70.1
2/3/2026 0:15,70.1
2/3/2026 0:30,70
2/3/2026 0:45,70.1
2/3/2026 1:00,70.1
2/3/2026 1:15,70
2/3/2026 1:30,70.1
2/3/2026 1:45,70.1
2/3/2026 2:00,70
2/3/2026 2:15,69.9
2/3/2026 2:30,70
2/3/2026 2:45,69.9
2/3/2026 3:00,69.9
2/3/2026 3:15,70
2/3/2026 3:30,69.8
2/3/2026 3:45,69.9
2/3/2026 4:00,69.7
2/3/2026 4:15,69.8
2/3/2026 4:30,69.8
2/3/2026 4:45,69.8
2/3/2026 5:00,69.7
2/3/2026 5:15,69.8
2/3/2026 5:30,69.7
2/3/2026 5:45,69.7
2/3/2026 6:00,69.7
2/3/2026 6:15,69.6
2/3/2026 6:30,69.7
2/3/2026 6:45,69.8
2/3/2026 7:00,69.6
2/3/2026 7:15,69.7
2/3/2026 7:30,69.6
2/3/2026 7:45,69.6
2/3/2026 8:00,69.7
2/3/2026 8:15,69.7
2/3/2026 8:30,69.6
2/3/2026 8:45,69.7
2/3/2026 9:00,69.7
2/3/2026 9:15,69.7
2/3/2026 9:30,69.7
2/3/2026 9:45,69.8
2/3/2026 10:00,69.7
2/3/2026 10:15,69.8
2/3/2026 10:30,69.9
2/3/2026 10:45,69.9
2/3/2026 11:00,69.8
2/3/2026 11:15,69.9
2/3/2026 11:30,69.8
2/3/2026 11:45,69.8
2/3/2026 12:00,69.9
2/3/2026 12:15,70
2/3/2026 12:30,69.9
2/3/2026 12:45,70
2/3/2026 13:00,70.2
2/3/2026 13:15,70
2/3/2026 13:30,70
2/3/2026 13:45,70.1
2/3/2026 14:00,70.2
2/3/2026 14:15,70.4
2/3/2026 14:30,70.5
2/3/2026 14:45,70.3
2/3/2026 15:00,70.4
2/3/2026 15:15,70.4
2/3/2026 15:30,70.5
2/3/2026 15:45,70.5
2/3/2026 16:00,70.4
2/3/2026 16:15,70.6
2/3/2026 16:30,70.6
2/3/2026 16:45,70.6
2/3/2026 17:00,70.6
2/3/2026 17:15,70.5
2/3/2026 17:30,70.6
2/3/2026 17:45,70.6
2/3/2026 18:00,70.5
2/3/2026 18:15,70.5
2/3/2026 18:30,70.6
2/3/2026 18:45,70.6
2/3/2026 19:00,70.5
2/3/2026 19:15,70.5
2/3/2026 19:30,70.6
2/3/2026 19:45,70.5
2/3/2026 20:00,70.6
2/3/2026 20:15,70.8
2/3/2026 20:30,70.6
2/3/2026 20:45,70.7
2/3/2026 21:00,70.7
2/3/2026 21:15,70.6
2/3/2026 21:30,70.8
2/3/2026 21:45,70.6
2/3/2026 22:00,70.7
2/3/2026 22:15,70.6
2/3/2026 22:30,70.6
2/3/2026 22:45,70.6
2/3/2026 23:00,70.7
2/3/2026 23:15,70.7
2/3/2026 23:30,70.7
2/3/2026 23:45,70.6
2/4/2026 0:00,70.7
2/4/2026 0:15,70.6
2/4/2026 0:30,70.7
2/4/2026 0:45,70.8
2/4/2026 1:00,70.8
2/4/2026 1:15,70.8
2/4/2026 1:30,70.8
2/4/2026 1:45,70.7
2/4/2026 2:00,70.9
2/4/2026 2:15,70.8
2/4/2026 2:30,70.9
2/4/2026 2:45,71.1
2/4/2026 3:00,70.9
2/4/2026 3:15,71
2/4/2026 3:30,71
2/4/2026 3:45,71
2/4/2026 4:00,71.1
2/4/2026 4:15,71
2/4/2026 4:30,71.2
2/4/2026 4:45,71.1
2/4/2026 5:00,71.2
2/4/2026 5:15,71.2
2/4/2026 5:30,71.1
2/4/2026 5:45,71.3
2/4/2026 6:00,71.2
2/4/2026 6:15,71.1
2/4/2026 6:30,71.2
2/4/2026 6:45,71.3
2/4/2026 7:00,71.3
2/4/2026 7:15,71.3
2/4/2026 7:30,71.2
2/4/2026 7:45,71.3
2/4/2026 8:00,71.3
2/4/2026 8:15,71.4
2/4/2026 8:30,71.5
2/4/2026 8:45,71.4
2/4/2026 9:00,71.3
2/4/2026 9:15,71.3
2/4/2026 9:30,71.2
2/4/2026 9:45,71.5
2/4/2026 10:00,71.4
2/4/2026 10:15,71.4
2/4/2026 10:30,71.5
2/4/2026 10:45,71.6
2/4/2026 11:00,71.6
2/4/2026 11:15,71.6
2/4/2026 11:30,71.6
2/4/2026 11:45,71.6
2/4/2026 12:00,71.6
2/4/2026 12:15,71.7
2/4/2026 12:30,71.8
2/4/2026 12:45,--
2/4/2026 13:00,71.6
2/4/2026 13:15,71.6
2/4/2026 13:30,71.6
2/4/2026 13:45,71.7
2/4/2026 14:00,71.7
2/4/2026 14:15,71.8
2/4/2026 14:30,71.8
2/4/2026 14:45,71.8
2/4/2026 15:00,71.8
2/4/2026 15:15,71.8
2/4/2026 15:30,71.7
2/4/2026 15:45,71.7
2/4/2026 16:00,71.9
2/4/2026 16:15,71.9
2/4/2026 16:30,72
2/4/2026 16:45,72
2/4/2026 17:00,72.1
2/4/2026 17:15,72.1
2/4/2026 17:30,72.4
2/4/2026 17:45,72.4
2/4/2026 18:00,72.6
2/4/2026 18:15,72.9
2/4/2026 18:30,73.1
2/4/2026 18:45,73.3
2/4/2026 19:00,73.4
2/4/2026 19:15,73.6
2/4/2026 19:30,73.9
2/4/2026 19:45,74.1
2/4/2026 20:00,74.4
2/4/2026 20:15,74.4
2/4/2026 20:30,74.8
2/4/2026 20:45,74.9
2/4/2026 21:00,74.9
2/4/2026 21:15,75
2/4/2026 21:30,75.1
2/4/2026 21:45,75.3
2/4/2026 22:00,75.4
2/4/2026 22:15,75.5
2/4/2026 22:30,75.7
2/4/2026 22:45,75.6
2/4/2026 23:00,75.6
2/4/2026 23:15,75.6
2/4/2026 23:30,75.8
2/4/2026 23:45,75.8
2/5/2026 0:00,75.8
2/5/2026 0:15,75.9
2/5/2026 0:30,75.8
2/5/2026 0:45,76
2/5/2026 1:00,75.9
2/5/2026 1:15,75.9
2/5/2026 1:30,75.9
2/5/2026 1:45,75.8
2/5/2026 2:00,75.9
2/5/2026 2:15,75.9
2/5/2026 2:30,76
2/5/2026 2:45,76
2/5/2026 3:00,76.2
2/5/2026 3:15,76.3
2/5/2026 3:30,76.3
2/5/2026 3:45,76.4
2/5/2026 4:00,76.5
2/5/2026 4:15,76.6
2/5/2026 4:30,76.8
2/5/2026 4:45,76.8
2/5/2026 5:00,76.8
2/5/2026 5:15,76.9
2/5/2026 5:30,77
2/5/2026 5:45,76.9
2/5/2026 6:00,76.9
2/5/2026 6:15,76.9
2/5/2026 6:30,76.8
2/5/2026 6:45,76.9
2/5/2026 7:00,76.8
2/5/2026 7:15,76.9
2/5/2026 7:30,76.8
2/5/2026 7:45,77
2/5/2026 8:00,76.9
2/5/2026 8:15,76.9
2/5/2026 8:30,76.9
2/5/2026 8:45,77
2/5/2026 9:00,76.9
2/5/2026 9:15,76.9
2/5/2026 9:30,76.9
2/5/2026 9:45,76.7
2/5/2026 10:00,76.9
2/5/2026 10:15,76.9
2/5/2026 10:30,76.9
2/5/2026 10:45,76.9
2/5/2026 11:00,76.9
2/5/2026 11:15,76.8
2/5/2026 11:30,77
2/5/2026 11:45,77.1
2/5/2026 12:00,77
2/5/2026 12:15,77
2/5/2026 12:30,77.1
2/5/2026 12:45,77
2/5/2026 13:00,76.9
2/5/2026 13:15,77
2/5/2026 13:30,77
2/5/2026 13:45,76.9
2/5/2026 14:00,76.8
2/5/2026 14:15,77
2/5/2026 14:30,77
2/5/2026 14:45,76.8
2/5/2026 15:00,76.9
2/5/2026 15:15,76.9
2/5/2026 15:30,76.9
2/5/2026 15:45,--
2/5/2026 16:00,--
2/5/2026 16:15,--
2/5/2026 16:30,--
2/5/2026 16:45,--
2/5/2026 17:00,--
2/5/2026 17:15,--
2/5/2026 17:30,--
2/5/2026 17:45,--
2/5/2026 18:00,--
2/5/2026 18:15,--
2/5/2026 18:30,--
2/5/2026 18:45,--
2/5/2026 19:00,--
2/5/2026 19:15,--
2/5/2026 19:30,--
2/5/2026 19:45,--
2/5/2026 20:00,--
2/5/2026 20:15,--
2/5/2026 20:30,--
2/5/2026 20:45,--
2/5/2026 21:00,--
2/5/2026 21:15,--
2/5/2026 21:30,--
2/5/2026 21:45,--
2/5/2026 22:00,--
2/5/2026 22:15,--
2/5/2026 22:30,--
2/5/2026 22:45,--
2/5/2026 23:00,--
2/5/2026 23:15,--
2/5/2026 23:30,--
2/5/2026 23:45,--
2/6/2026 0:00,--
2/6/2026 0:15,--
2/6/2026 0:30,--
2/6/2026 0:45,--
2/6/2026 1:00,--
2/6/2026 1:15,--
2/6/2026 1:30,--
2/6/2026 1:45,--
2/6/2026 2:00,--
2/6/2026 2:15,--
2/6/2026 2:30,--
2/6/2026 2:45,--
2/6/2026 3:00,--
2/6/2026 3:15,--
2/6/2026 3:30,--
2/6/2026 3:45,--
2/6/2026 4:00,--
2/6/2026 4:15,--
2/6/2026 4:30,--
2/6/2026 4:45,--
2/6/2026 5:00,--
2/6/2026 5:15,--
2/6/2026 5:30,--
2/6/2026 5:45,--
2/6/2026 6:00,--
2/6/2026 6:15,--
2/6/2026 6:30,--
2/6/2026 6:45,--
2/6/2026 7:00,--
2/6/2026 7:15,--
2/6/2026 7:30,--
2/6/2026 7:45,--
2/6/2026 8:00,--
2/6/2026 8:15,--
2/6/2026 8:30,--
2/6/2026 8:45,--
2/6/2026 9:00,--
2/6/2026 9:15,--
2/6/2026 9:30,--
2/6/2026 9:45,--
2/6/2026 10:00,--
2/6/2026 10:15,--
2/6/2026 10:30,--
2/6/2026 10:45,--
2/6/2026 11:00,--
2/6/2026 11:15,--
2/6/2026 11:30,--
2/6/2026 11:45,--
2/6/2026 12:00,--
2/6/2026 12:15,--
2/6/2026 12:30,--
2/6/2026 12:45,--
2/6/2026 13:00,--
2/6/2026 13:15,--
2/6/2026 13:30,--
2/6/2026 13:45,--
2/6/2026 14:00,--
2/6/2026 14:15,--
2/6/2026 14:30,63.5
2/6/2026 14:45,64
2/6/2026 15:00,64
2/6/2026 15:15,64.4
2/6/2026 15:30,64.2
2/6/2026 15:45,64
2/6/2026 16:00,64
2/6/2026 16:15,64.2
2/6/2026 16:30,64.2
2/6/2026 16:45,64.2
2/6/2026 17:00,64.1
2/6/2026 17:15,64.1
2/6/2026 17:30,64.1
2/6/2026 17:45,64.2
2/6/2026 18:00,64.2
2/6/2026 18:15,64.2
2/6/2026 18:30,64.2
2/6/2026 18:45,64.2
2/6/2026 19:00,64.2
2/6/2026 19:15,64.2
2/6/2026 19:30,64.2
2/6/2026 19:45,64.3
2/6/2026 20:00,64.1
2/6/2026 20:15,64.2
2/6/2026 20:30,64.1
2/6/2026 20:45,64.1
2/6/2026 21:00,64.2
2/6/2026 21:15,64.2
2/6/2026 21:30,64.3
2/6/2026 21:45,64.2
2/6/2026 22:00,64.2
2/6/2026 22:15,64.3
2/6/2026 22:30,64.2
2/6/2026 22:45,64.3
2/6/2026 23:00,64.2
2/6/2026 23:15,64.3
2/6/2026 23:30,64.2
2/6/2026 23:45,64.2
2/7/2026 0:00,64.3
2/7/2026 0:15,64.4
2/7/2026 0:30,64.2
2/7/2026 0:45,64.5
2/7/2026 1:00,64.2
2/7/2026 1:15,64.1
2/7/2026 1:30,64.1
2/7/2026 1:45,64
2/7/2026 2:00,64.1
2/7/2026 2:15,64.1
2/7/2026 2:30,64.2
2/7/2026 2:45,64.4
2/7/2026 3:00,64.2
2/7/2026 3:15,64.1
2/7/2026 3:30,64.2
2/7/2026 3:45,64.3
2/7/2026 4:00,64.2
2/7/2026 4:15,64.2
2/7/2026 4:30,64.3
2/7/2026 4:45,64.3
2/7/2026 5:00,64.3
2/7/2026 5:15,64.2
2/7/2026 5:30,64.2
2/7/2026 5:45,64.3
2/7/2026 6:00,64.2
2/7/2026 6:15,64.2
2/7/2026 6:30,64.2
2/7/2026 6:45,64.2
2/7/2026 7:00,64.3
2/7/2026 7:15,64.2
2/7/2026 7:30,64
2/7/2026 7:45,64.1
2/7/2026 8:00,64.1
2/7/2026 8:15,64.1
2/7/2026 8:30,64.3
2/7/2026 8:45,64.2
2/7/2026 9:00,64.1
2/7/2026 9:15,64.3
2/7/2026 9:30,64.4
2/7/2026 9:45,63.8
2/7/2026 10:00,64.5
2/7/2026 10:15,64.1
2/7/2026 10:30,64
2/7/2026 10:45,64.3
2/7/2026 11:00,64.4
2/7/2026 11:15,64.2
2/7/2026 11:30,64
2/7/2026 11:45,64.1
2/7/2026 12:00,64.1
2/7/2026 12:15,64.3
2/7/2026 12:30,64
2/7/2026 12:45,64.1
2/7/2026 13:00,64.2
2/7/2026 13:15,64.3
2/7/2026 13:30,64.1
2/7/2026 13:45,64.3
2/7/2026 14:00,64.4
2/7/2026 14:15,64.4
2/7/2026 14:30,64.3
2/7/2026 14:45,64.3
2/7/2026 15:00,64
2/7/2026 15:15,64.1
2/7/2026 15:30,64.3
2/7/2026 15:45,63.9
2/7/2026 16:00,63.9
2/7/2026 16:15,64.1
2/7/2026 16:30,64.3
2/7/2026 16:45,63.9
2/7/2026 17:00,64.1
2/7/2026 17:15,64.1
2/7/2026 17:30,64
2/7/2026 17:45,63.9
2/7/2026 18:00,63.7
2/7/2026 18:15,63.8
2/7/2026 18:30,63.8
2/7/2026 18:45,63.9
2/7/2026 19:00,64
2/7/2026 19:15,63.8
2/7/2026 19:30,64
2/7/2026 19:45,63.8
2/7/2026 20:00,63.8
2/7/2026 20:15,63.8
2/7/2026 20:30,63.8
2/7/2026 20:45,63.8
2/7/2026 21:00,63.7
2/7/2026 21:15,63.8
2/7/2026 21:30,63.9
2/7/2026 21:45,63.9
2/7/2026 22:00,63.8
2/7/2026 22:15,63.8
2/7/2026 22:30,63.8
2/7/2026 22:45,63.7
2/7/2026 23:00,63.8
2/7/2026 23:15,63.6
2/7/2026 23:30,63.7
2/7/2026 23:45,63.7
2/8/2026 0:00,63.7
2/8/2026 0:15,63.5
2/8/2026 0:30,63.6
2/8/2026 0:45,63.7
2/8/2026 1:00,63.5
2/8/2026 1:15,63.5
2/8/2026 1:30,63.7
2/8/2026 1:45,63.6
2/8/2026 2:00,63.7
2/8/2026 2:15,63.7
2/8/2026 2:30,63.7
2/8/2026 2:45,63.6
2/8/2026 3:00,63.7
2/8/2026 3:15,63.5
2/8/2026 3:30,63.5
2/8/2026 3:45,63.6
2/8/2026 4:00,63.6
2/8/2026 4:15,63.6
2/8/2026 4:30,63.6
2/8/2026 4:45,63.5
2/8/2026 5:00,63.4
2/8/2026 5:15,63.5
2/8/2026 5:30,63.4
2/8/2026 5:45,63.4
2/8/2026 6:00,63.4
2/8/2026 6:15,63.3
2/8/2026 6:30,63.3
2/8/2026 6:45,63.4
2/8/2026 7:00,63.4
2/8/2026 7:15,63.4
2/8/2026 7:30,63.5
2/8/2026 7:45,63.3
2/8/2026 8:00,63.4
2/8/2026 8:15,63.4
2/8/2026 8:30,63.3
2/8/2026 8:45,63.6
2/8/2026 9:00,63.4
2/8/2026 9:15,63.5
2/8/2026 9:30,63.4
2/8/2026 9:45,63.5
2/8/2026 10:00,63.4
2/8/2026 10:15,63.4
2/8/2026 10:30,63.4
2/8/2026 10:45,63.4
2/8/2026 11:00,63.5
2/8/2026 11:15,63.6
2/8/2026 11:30,63.4
2/8/2026 11:45,63.5
2/8/2026 12:00,63.4
2/8/2026 12:15,63.5
2/8/2026 12:30,63.5
2/8/2026 12:45,63.3
2/8/2026 13:00,63.4
2/8/2026 13:15,63.3
2/8/2026 13:30,63.3
2/8/2026 13:45,63.4
2/8/2026 14:00,63.5
2/8/2026 14:15,63.4
2/8/2026 14:30,63.4
2/8/2026 14:45,63.4
2/8/2026 15:00,63.4
2/8/2026 15:15,63.3
2/8/2026 15:30,63.4
2/8/2026 15:45,63.3
2/8/2026 16:00,63.4
2/8/2026 16:15,63.4
2/8/2026 16:30,63.4
2/8/2026 16:45,63.4
2/8/2026 17:00,63.4
2/8/2026 17:15,63.2
2/8/2026 17:30,63.4
2/8/2026 17:45,63.2
2/8/2026 18:00,63.2
2/8/2026 18:15,63.4
2/8/2026 18:30,63.4
2/8/2026 18:45,63.3
2/8/2026 19:00,63.3
2/8/2026 19:15,63.2
2/8/2026 19:30,63.4
2/8/2026 19:45,63.4
2/8/2026 20:00,63.2
2/8/2026 20:15,63.2
2/8/2026 20:30,63.2
2/8/2026 20:45,63.3
2/8/2026 21:00,63.2
2/8/2026 21:15,63.3
2/8/2026 21:30,63.3
2/8/2026 21:45,63.3
2/8/2026 22:00,63.1
2/8/2026 22:15,63.3
2/8/2026 22:30,63.2
2/8/2026 22:45,63.3
2/8/2026 23:00,63.3
2/8/2026 23:15,63.3
2/8/2026 23:30,63.2
2/8/2026 23:45,63.3
2/9/2026 0:00,63.3
2/9/2026 0:15,63.1
2/9/2026 0:30,63.2
2/9/2026 0:45,63.2
2/9/2026 1:00,63.2
2/9/2026 1:15,63.1
2/9/2026 1:30,63.2
2/9/2026 1:45,63
2/9/2026 2:00,63.2
2/9/2026 2:15,63.2
2/9/2026 2:30,63.2
2/9/2026 2:45,63
2/9/2026 3:00,62.9
2/9/2026 3:15,63
2/9/2026 3:30,63
2/9/2026 3:45,63
2/9/2026 4:00,62.9
2/9/2026 4:15,63.1
2/9/2026 4:30,62.9
2/9/2026 4:45,63.1
2/9/2026 5:00,62.9
2/9/2026 5:15,62.9
2/9/2026 5:30,62.9
2/9/2026 5:45,62.8
2/9/2026 6:00,62.9
2/9/2026 6:15,62.9
2/9/2026 6:30,62.8
2/9/2026 6:45,62.8
2/9/2026 7:00,62.8
2/9/2026 7:15,62.8
2/9/2026 7:30,62.8
2/9/2026 7:45,62.9
2/9/2026 8:00,62.8
2/9/2026 8:15,62.8
2/9/2026 8:30,62.8
2/9/2026 8:45,62.8
2/9/2026 9:00,62.9
2/9/2026 9:15,62.9
2/9/2026 9:30,62.9
2/9/2026 9:45,63
2/9/2026 10:00,63
2/9/2026 10:15,63
2/9/2026 10:30,62.9
2/9/2026 10:45,63.1
2/9/2026 11:00,63.1
2/9/2026 11:15,63.1
2/9/2026 11:30,63.2
2/9/2026 11:45,63
2/9/2026 12:00,63
2/9/2026 12:15,63
2/9/2026 12:30,63.1
2/9/2026 12:45,63
2/9/2026 13:00,62.9
2/9/2026 13:15,63.1
2/9/2026 13:30,63.2
2/9/2026 13:45,62.9
2/9/2026 14:00,63.2
2/9/2026 14:15,63.2
2/9/2026 14:30,63.2
2/9/2026 14:45,63.1
2/9/2026 15:00,63.1
2/9/2026 15:15,63.2
2/9/2026 15:30,63
2/9/2026 15:45,63
2/9/2026 16:00,62.9
2/9/2026 16:15,63
2/9/2026 16:30,63
2/9/2026 16:45,63.1
2/9/2026 17:00,63.1
2/9/2026 17:15,63.1
2/9/2026 17:30,63.1
2/9/2026 17:45,62.9
2/9/2026 18:00,62.9
2/9/2026 18:15,62.9
2/9/2026 18:30,63
2/9/2026 18:45,63
2/9/2026 19:00,62.9
2/9/2026 19:15,62.8
2/9/2026 19:30,62.9
2/9/2026 19:45,62.9
2/9/2026 20:00,62.8
2/9/2026 20:15,62.7
2/9/2026 20:30,62.9
2/9/2026 20:45,62.8
2/9/2026 21:00,62.8
2/9/2026 21:15,62.7
2/9/2026 21:30,62.8
2/9/2026 21:45,62.8
2/9/2026 22:00,62.6
2/9/2026 22:15,62.7
2/9/2026 22:30,62.8
2/9/2026 22:45,62.7
2/9/2026 23:00,62.7
2/9/2026 23:15,62.7
2/9/2026 23:30,62.8
2/9/2026 23:45,62.9
2/10/2026 0:00,62.7
2/10/2026 0:15,62.8
2/10/2026 0:30,62.7
2/10/2026 0:45,62.9
2/10/2026 1:00,62.7
2/10/2026 1:15,62.7
2/10/2026 1:30,62.7
2/10/2026 1:45,62.8
2/10/2026 2:00,62.8
2/10/2026 2:15,62.7
2/10/2026 2:30,62.7
2/10/2026 2:45,62.8
2/10/2026 3:00,62.7
2/10/2026 3:15,62.6
2/10/2026 3:30,62.7
2/10/2026 3:45,62.8
2/10/2026 4:00,62.7
2/10/2026 4:15,62.6
2/10/2026 4:30,62.8
2/10/2026 4:45,62.5
2/10/2026 5:00,62.7
2/10/2026 5:15,62.7
2/10/2026 5:30,62.6
2/10/2026 5:45,62.6
2/10/2026 6:00,62.5
2/10/2026 6:15,62.6
2/10/2026 6:30,62.6
2/10/2026 6:45,62.8
2/10/2026 7:00,62.7
2/10/2026 7:15,62.5
2/10/2026 7:30,62.6
2/10/2026 7:45,62.6
2/10/2026 8:00,62.7
2/10/2026 8:15,62.7
2/10/2026 8:30,62.7
2/10/2026 8:45,62.6
2/10/2026 9:00,62.6
2/10/2026 9:15,62.6
2/10/2026 9:30,62.6
2/10/2026 9:45,62.6
2/10/2026 10:00,62.6
2/10/2026 10:15,62.8
2/10/2026 10:30,62.6
2/10/2026 10:45,62.7
2/10/2026 11:00,62.7
2/10/2026 11:15,62.8
2/10/2026 11:30,62.7
2/10/2026 11:45,62.7
2/10/2026 12:00,62.6
2/10/2026 12:15,62.5
2/10/2026 12:30,62.8
2/10/2026 12:45,62.8
2/10/2026 13:00,62.7
2/10/2026 13:15,62.5
2/10/2026 13:30,62.8
2/10/2026 13:45,62.7
2/10/2026 14:00,62.8
2/10/2026 14:15,62.7
2/10/2026 14:30,62.7
2/10/2026 14:45,62.7
2/10/2026 15:00,62.5
2/10/2026 15:15,62.7
2/10/2026 15:30,62.6
2/10/2026 15:45,62.7
2/10/2026 16:00,62.6
2/10/2026 16:15,62.7
2/10/2026 16:30,62.7
2/10/2026 16:45,62.8
2/10/2026 17:00,62.9
2/10/2026 17:15,62.6
2/10/2026 17:30,62.6
2/10/2026 17:45,62.5
2/10/2026 18:00,62.6
2/10/2026 18:15,62.6
2/10/2026 18:30,62.7
2/10/2026 18:45,62.6
2/10/2026 19:00,62.6
2/10/2026 19:15,62.5
2/10/2026 19:30,62.5
2/10/2026 19:45,62.6
2/10/2026 20:00,62.6
2/10/2026 20:15,62.6
2/10/2026 20:30,62.7
2/10/2026 20:45,62.7
2/10/2026 21:00,62.7
2/10/2026 21:15,--
2/10/2026 21:30,62.6
2/10/2026 21:45,62.6
2/10/2026 22:00,62.6
2/10/2026 22:15,62.8
2/10/2026 22:30,62.6
2/10/2026 22:45,62.7
2/10/2026 23:00,62.6
2/10/2026 23:15,62.8
2/10/2026 23:30,62.7
2/10/2026 23:45,62.8
2/11/2026 0:00,62.7
2/11/2026 0:15,62.8
2/11/2026 0:30,62.7
2/11/2026 0:45,62.7
2/11/2026 1:00,62.8
2/11/2026 1:15,62.5
2/11/2026 1:30,62.7
2/11/2026 1:45,62.8
2/11/2026 2:00,62.8
2/11/2026 2:15,62.5
2/11/2026 2:30,62.7
2/11/2026 2:45,62.8
2/11/2026 3:00,62.6
2/11/2026 3:15,62.9
2/11/2026 3:30,62.7
2/11/2026 3:45,62.5
2/11/2026 4:00,62.7
2/11/2026 4:15,62.7
2/11/2026 4:30,62.8
2/11/2026 4:45,62.6
2/11/2026 5:00,62.7
2/11/2026 5:15,62.7
2/11/2026 5:30,62.7
2/11/2026 5:45,62.6
2/11/2026 6:00,62.7
2/11/2026 6:15,62.7
2/11/2026 6:30,62.6
2/11/2026 6:45,62.7
2/11/2026 7:00,62.6
2/11/2026 7:15,62.7
2/11/2026 7:30,62.5
2/11/2026 7:45,62.7
2/11/2026 8:00,62.5
2/11/2026 8:15,62.6
2/11/2026 8:30,62.5
2/11/2026 8:45,62.9
2/11/2026 9:00,62.8
2/11/2026 9:15,62.8
2/11/2026 9:30,62.6
2/11/2026 9:45,62.7
2/11/2026 10:00,62.8
2/11/2026 10:15,62.9
2/11/2026 10:30,62.8
2/11/2026 10:45,62.8
2/11/2026 11:00,62.9
2/11/2026 11:15,63.1
2/11/2026 11:30,63.1
2/11/2026 11:45,63.3
2/11/2026 12:00,63.2
2/11/2026 12:15,63.2
2/11/2026 12:30,63.3
2/11/2026 12:45,63.2
2/11/2026 13:00,63.2
2/11/2026 13:15,63.3
2/11/2026 13:30,63.5
2/11/2026 13:45,63.6
2/11/2026 14:00,63.5
2/11/2026 14:15,63.5
2/11/2026 14:30,63.2
2/11/2026 14:45,63.4
2/11/2026 15:00,63.2
2/11/2026 15:15,63.3
2/11/2026 15:30,63.3
2/11/2026 15:45,63.3
2/11/2026 16:00,63.2
2/11/2026 16:15,63.3
2/11/2026 16:30,63.3
2/11/2026 16:45,63.4
2/11/2026 17:00,63.4
2/11/2026 17:15,63.3
2/11/2026 17:30,63.3
2/11/2026 17:45,63.3
2/11/2026 18:00,63.3
2/11/2026 18:15,63.2
2/11/2026 18:30,63.3
2/11/2026 18:45,63.3
2/11/2026 19:00,63.4
2/11/2026 19:15,63.3
2/11/2026 19:30,63.5
2/11/2026 19:45,63.4
2/11/2026 20:00,63.4
2/11/2026 20:15,63.4
2/11/2026 20:30,63.2
2/11/2026 20:45,63.2
2/11/2026 21:00,63.3
2/11/2026 21:15,63.3
2/11/2026 21:30,63.3
2/11/2026 21:45,63.1
2/11/2026 22:00,63.3
2/11/2026 22:15,63.1
2/11/2026 22:30,63.1
2/11/2026 22:45,63.2
2/11/2026 23:00,63.2
2/11/2026 23:15,63.2
2/11/2026 23:30,63.3
2/11/2026 23:45,63.3
2/12/2026 0:00,63.4
2/12/2026 0:15,63.2
2/12/2026 0:30,63.1
2/12/2026 0:45,63.2
2/12/2026 1:00,63.2
2/12/2026 1:15,63.3
2/12/2026 1:30,63.1
2/12/2026 1:45,63.2
2/12/2026 2:00,63.2
2/12/2026 2:15,63.2
2/12/2026 2:30,63.2
2/12/2026 2:45,63.2
2/12/2026 3:00,63.2
2/12/2026 3:15,63.2
2/12/2026 3:30,63.2
2/12/2026 3:45,63.3
2/12/2026 4:00,63.1
2/12/2026 4:15,63.2
2/12/2026 4:30,63.2
2/12/2026 4:45,63.2
2/12/2026 5:00,63.3
2/12/2026 5:15,63.2
2/12/2026 5:30,63.1
2/12/2026 5:45,63.2
2/12/2026 6:00,63.2
2/12/2026 6:15,63.2
2/12/2026 6:30,63.2
2/12/2026 6:45,63.2
2/12/2026 7:00,63.1
2/12/2026 7:15,63.2
2/12/2026 7:30,63.1
2/12/2026 7:45,63.3
2/12/2026 8:00,63.3
2/12/2026 8:15,63.3
2/12/2026 8:30,63.3
2/12/2026 8:45,63.3
2/12/2026 9:00,63.2
2/12/2026 9:15,63.2
2/12/2026 9:30,63.3
2/12/2026 9:45,63.1
2/12/2026 10:00,63.2
2/12/2026 10:15,63.4
2/12/2026 10:30,63.2
2/12/2026 10:45,63.3
2/12/2026 11:00,63.4
2/12/2026 11:15,63.5
2/12/2026 11:30,63.4
2/12/2026 11:45,63.4
2/12/2026 12:00,63.4
2/12/2026 12:15,63.2
2/12/2026 12:30,63.4
2/12/2026 12:45,63.4
2/12/2026 13:00,63.5
2/12/2026 13:15,63.5
2/12/2026 13:30,63.4
2/12/2026 13:45,63.4
2/12/2026 14:00,63.4
2/12/2026 14:15,63.4
2/12/2026 14:30,63.5
2/12/2026 14:45,63.4
2/12/2026 15:00,63.8
2/12/2026 15:15,63.4
2/12/2026 15:30,63.5
2/12/2026 15:45,63.4
2/12/2026 16:00,63.2
2/12/2026 16:15,63.1
2/12/2026 16:30,63.3
2/12/2026 16:45,63.3
2/12/2026 17:00,63.2
2/12/2026 17:15,63.3
2/12/2026 17:30,63.1
2/12/2026 17:45,63.3
2/12/2026 18:00,63.3
2/12/2026 18:15,63.3
2/12/2026 18:30,63.1
2/12/2026 18:45,63.1
2/12/2026 19:00,63.3
2/12/2026 19:15,63.2
2/12/2026 19:30,63.1
2/12/2026 19:45,63.2
2/12/2026 20:00,63.1
2/12/2026 20:15,63.1
2/12/2026 20:30,63.2
2/12/2026 20:45,63
2/12/2026 21:00,63.1
2/12/2026 21:15,63.1
2/12/2026 21:30,63
2/12/2026 21:45,63.1
2/12/2026 22:00,63
2/12/2026 22:15,62.9
2/12/2026 22:30,63
2/12/2026 22:45,63.1
2/12/2026 23:00,63
2/12/2026 23:15,63.1
2/12/2026 23:30,63.1
2/12/2026 23:45,63
2/13/2026 0:00,63.1
2/13/2026 0:15,63.1
2/13/2026 0:30,63
2/13/2026 0:45,63
2/13/2026 1:00,63
2/13/2026 1:15,62.9
2/13/2026 1:30,62.8
2/13/2026 1:45,62.8
2/13/2026 2:00,62.9
2/13/2026 2:15,63
2/13/2026 2:30,62.9
2/13/2026 2:45,62.9
2/13/2026 3:00,62.8
2/13/2026 3:15,62.9
2/13/2026 3:30,63
2/13/2026 3:45,62.8
2/13/2026 4:00,62.9
2/13/2026 4:15,63
2/13/2026 4:30,62.9
2/13/2026 4:45,63
2/13/2026 5:00,63
2/13/2026 5:15,62.9
2/13/2026 5:30,62.8
2/13/2026 5:45,62.9
2/13/2026 6:00,62.8
2/13/2026 6:15,63
2/13/2026 6:30,62.9
2/13/2026 6:45,62.8
2/13/2026 7:00,62.8
2/13/2026 7:15,62.7
2/13/2026 7:30,62.7
2/13/2026 7:45,62.8
2/13/2026 8:00,62.8
2/13/2026 8:15,62.9
2/13/2026 8:30,62.8
2/13/2026 8:45,62.9
2/13/2026 9:00,62.8
2/13/2026 9:15,62.9
2/13/2026 9:30,62.9
2/13/2026 9:45,62.9
2/13/2026 10:00,62.9
2/13/2026 10:15,62.8
2/13/2026 10:30,62.7
2/13/2026 10:45,62.7
2/13/2026 11:00,62.8
2/13/2026 11:15,63.1
2/13/2026 11:30,63
2/13/2026 11:45,62.8
2/13/2026 12:00,62.9
2/13/2026 12:15,62.9
2/13/2026 12:30,63
2/13/2026 12:45,63
2/13/2026 13:00,63
2/13/2026 13:15,63
2/13/2026 13:30,63
2/13/2026 13:45,63.1
2/13/2026 14:00,63
2/13/2026 14:15,63.1
2/13/2026 14:30,62.9
2/13/2026 14:45,63
2/13/2026 15:00,63.2
2/13/2026 15:15,63
2/13/2026 15:30,63.1
2/13/2026 15:45,62.9
2/13/2026 16:00,62.9
2/13/2026 16:15,63
2/13/2026 16:30,62.9
2/13/2026 16:45,62.9
2/13/2026 17:00,63.2
2/13/2026 17:15,63
2/13/2026 17:30,63
2/13/2026 17:45,62.8
2/13/2026 18:00,62.9
2/13/2026 18:15,62.8
2/13/2026 18:30,62.8
2/13/2026 18:45,62.8
2/13/2026 19:00,62.8
2/13/2026 19:15,62.7
2/13/2026 19:30,62.7
2/13/2026 19:45,62.8
2/13/2026 20:00,62.9
2/13/2026 20:15,62.8
2/13/2026 20:30,62.8
2/13/2026 20:45,62.8
2/13/2026 21:00,62.9
2/13/2026 21:15,62.8
2/13/2026 21:30,62.7
2/13/2026 21:45,62.6
2/13/2026 22:00,62.7
2/13/2026 22:15,62.4
2/13/2026 22:30,62.5
2/13/2026 22:45,62.5
2/13/2026 23:00,62.6
2/13/2026 23:15,62.4
2/13/2026 23:30,62.6
2/13/2026 23:45,62.4
2/14/2026 0:00,62.6
2/14/2026 0:15,62.5
2/14/2026 0:30,62.6
2/14/2026 0:45,62.5
2/14/2026 1:00,62.4
2/14/2026 1:15,62.6
2/14/2026 1:30,62.5
2/14/2026 1:45,62.5
2/14/2026 2:00,62.5
2/14/2026 2:15,62.3
2/14/2026 2:30,62.5
2/14/2026 2:45,62.3
2/14/2026 3:00,62.4
2/14/2026 3:15,62.3
2/14/2026 3:30,62.4
2/14/2026 3:45,62.3
2/14/2026 4:00,62.5
2/14/2026 4:15,62.2
2/14/2026 4:30,62.3
2/14/2026 4:45,62.1
2/14/2026 5:00,62.3
2/14/2026 5:15,62.3
2/14/2026 5:30,62.3
2/14/2026 5:45,62.2
2/14/2026 6:00,62.3
2/14/2026 6:15,62.3
2/14/2026 6:30,62.1
2/14/2026 6:45,62.2
2/14/2026 7:00,62.2
2/14/2026 7:15,62.3
2/14/2026 7:30,62.2
2/14/2026 7:45,62.1
2/14/2026 8:00,62.2
2/14/2026 8:15,62.1
2/14/2026 8:30,62
2/14/2026 8:45,62
2/14/2026 9:00,62
2/14/2026 9:15,62.1
2/14/2026 9:30,62.1
2/14/2026 9:45,62.2
2/14/2026 10:00,62.1
2/14/2026 10:15,62.3
2/14/2026 10:30,62.3
2/14/2026 10:45,62.5
2/14/2026 11:00,62.6
2/14/2026 11:15,62.6
2/14/2026 11:30,62.6
2/14/2026 11:45,62.6
2/14/2026 12:00,62.6
2/14/2026 12:15,62.6
2/14/2026 12:30,62.7
2/14/2026 12:45,62.7
2/14/2026 13:00,62.8
2/14/2026 13:15,62.8
2/14/2026 13:30,62.6
2/14/2026 13:45,62.9
2/14/2026 14:00,62.8
2/14/2026 14:15,62.7
2/14/2026 14:30,62.7
2/14/2026 14:45,62.8
2/14/2026 15:00,62.7
2/14/2026 15:15,62.6
2/14/2026 15:30,62.6
2/14/2026 15:45,62.5
2/14/2026 16:00,62.5
2/14/2026 16:15,62.9
2/14/2026 16:30,62.7
2/14/2026 16:45,62.5
2/14/2026 17:00,62.6
2/14/2026 17:15,62.3
2/14/2026 17:30,62.5
2/14/2026 17:45,62.7
2/14/2026 18:00,62.8
2/14/2026 18:15,62.6
2/14/2026 18:30,62.8
2/14/2026 18:45,62.7
2/14/2026 19:00,62.8
2/14/2026 19:15,63
2/14/2026 19:30,62.6
2/14/2026 19:45,62.7
2/14/2026 20:00,62.8
2/14/2026 20:15,62.6
2/14/2026 20:30,62.7
2/14/2026 20:45,62.8
2/14/2026 21:00,62.9
2/14/2026 21:15,62.8
2/14/2026 21:30,62.6
2/14/2026 21:45,62.7
2/14/2026 22:00,62.7
2/14/2026 22:15,62.7
2/14/2026 22:30,62.8
2/14/2026 22:45,62.8
2/14/2026 23:00,62.8
2/14/2026 23:15,62.7
2/14/2026 23:30,62.6
2/14/2026 23:45,62.8
2/15/2026 0:00,62.7
2/15/2026 0:15,62.6
2/15/2026 0:30,62.6
2/15/2026 0:45,62.7
2/15/2026 1:00,62.6
2/15/2026 1:15,62.7
2/15/2026 1:30,62.7
2/15/2026 1:45,62.6
2/15/2026 2:00,62.6
2/15/2026 2:15,62.6
2/15/2026 2:30,62.6
2/15/2026 2:45,62.6
2/15/2026 3:00,62.5
2/15/2026 3:15,62.4
2/15/2026 3:30,62.4
2/15/2026 3:45,62.6
2/15/2026 4:00,62.5
2/15/2026 4:15,62.5
2/15/2026 4:30,62.6
2/15/2026 4:45,62.6
2/15/2026 5:00,62.7
2/15/2026 5:15,62.7
2/15/2026 5:30,62.5
2/15/2026 5:45,62.5
2/15/2026 6:00,62.6
2/15/2026 6:15,62.6
2/15/2026 6:30,62.6
2/15/2026 6:45,62.6
2/15/2026 7:00,62.4
2/15/2026 7:15,62.4
2/15/2026 7:30,62.4
2/15/2026 7:45,62.4
2/15/2026 8:00,62.6
2/15/2026 8:15,62.5
2/15/2026 8:30,62.6
2/15/2026 8:45,62.5
2/15/2026 9:00,62.5
2/15/2026 9:15,62.5
2/15/2026 9:30,62.5
2/15/2026 9:45,62.4
2/15/2026 10:00,62.3
2/15/2026 10:15,62.4
2/15/2026 10:30,62.6
2/15/2026 10:45,62.6
2/15/2026 11:00,62.4
2/15/2026 11:15,62.3
2/15/2026 11:30,62.4
2/15/2026 11:45,62.4
2/15/2026 12:00,62.4
2/15/2026 12:15,62.4
2/15/2026 12:30,62.4
2/15/2026 12:45,62.5
2/15/2026 13:00,62.4
2/15/2026 13:15,62.4
2/15/2026 13:30,62.5
2/15/2026 13:45,62.4
2/15/2026 14:00,62.6
2/15/2026 14:15,62.5
2/15/2026 14:30,62.4
2/15/2026 14:45,62.5
2/15/2026 15:00,62.3
2/15/2026 15:15,62.6
2/15/2026 15:30,62.7
2/15/2026 15:45,62.8
2/15/2026 16:00,62.7
2/15/2026 16:15,63.1
2/15/2026 16:30,63.9
2/15/2026 16:45,64.7
2/15/2026 17:00,64.7
2/15/2026 17:15,64.7
2/15/2026 17:30,64.8
2/15/2026 17:45,64.7
2/15/2026 18:00,64.8
2/15/2026 18:15,64.8
2/15/2026 18:30,64.8
2/15/2026 18:45,65.3
2/15/2026 19:00,66.1
2/15/2026 19:15,66.6
2/15/2026 19:30,66.8
2/15/2026 19:45,66.7
2/15/2026 20:00,66.8
2/15/2026 20:15,67
2/15/2026 20:30,66.9
2/15/2026 20:45,67.1
2/15/2026 21:00,67.2
2/15/2026 21:15,67.7
2/15/2026 21:30,67.7
2/15/2026 21:45,68
2/15/2026 22:00,68.4
2/15/2026 22:15,68.3
2/15/2026 22:30,68.4
2/15/2026 22:45,68.5
2/15/2026 23:00,68.4
2/15/2026 23:15,68.5
2/15/2026 23:30,68.4
2/15/2026 23:45,68.4
2/16/2026 0:00,68.5
2/16/2026 0:15,68.3
2/16/2026 0:30,68.4
2/16/2026 0:45,68.4
2/16/2026 1:00,68.4
2/16/2026 1:15,68.4
2/16/2026 1:30,68.4
2/16/2026 1:45,68.4
2/16/2026 2:00,68.4
2/16/2026 2:15,68.3
2/16/2026 2:30,68.3
2/16/2026 2:45,68.2
2/16/2026 3:00,68.3
2/16/2026 3:15,68.3
2/16/2026 3:30,68.4
2/16/2026 3:45,68.3
2/16/2026 4:00,68.4
2/16/2026 4:15,68
2/16/2026 4:30,68.3
2/16/2026 4:45,68.3
2/16/2026 5:00,68.4
2/16/2026 5:15,68.4
2/16/2026 5:30,68.2
2/16/2026 5:45,68.3
2/16/2026 6:00,68.4
2/16/2026 6:15,68.3
2/16/2026 6:30,68.3
2/16/2026 6:45,68.4
2/16/2026 7:00,68.3
2/16/2026 7:15,68.5
2/16/2026 7:30,68.2
2/16/2026 7:45,68.4
2/16/2026 8:00,68.4
2/16/2026 8:15,68.5
2/16/2026 8:30,68.3
2/16/2026 8:45,68.4
2/16/2026 9:00,68.3
2/16/2026 9:15,68.3
2/16/2026 9:30,68.2
2/16/2026 9:45,68.5
2/16/2026 10:00,68.4
2/16/2026 10:15,68.6
2/16/2026 10:30,68.5
2/16/2026 10:45,68.6
2/16/2026 11:00,68.3
2/16/2026 11:15,68.6
2/16/2026 11:30,68.5
2/16/2026 11:45,68.8
2/16/2026 12:00,68.5
2/16/2026 12:15,68.5
2/16/2026 12:30,68.4
2/16/2026 12:45,68.5
2/16/2026 13:00,68.5
2/16/2026 13:15,68.8
2/16/2026 13:30,68.6
2/16/2026 13:45,68.6
2/16/2026 14:00,68.4
2/16/2026 14:15,68.5
2/16/2026 14:30,68.4
2/16/2026 14:45,68.5
2/16/2026 15:00,--
2/16/2026 15:15,--
2/16/2026 15:30,--
2/16/2026 15:45,--
2/16/2026 16:00,--
2/16/2026 16:15,--
2/16/2026 16:30,--
2/16/2026 16:45,--
2/16/2026 17:00,--
2/16/2026 17:15,--
2/16/2026 17:30,--
2/16/2026 17:45,--
2/16/2026 18:00,--
2/16/2026 18:15,--
2/16/2026 18:30,--
2/16/2026 18:45,--
2/16/2026 19:00,--
2/16/2026 19:15,--
2/16/2026 19:30,--
2/16/2026 19:45,--
2/16/2026 20:00,--
2/16/2026 20:15,--
2/16/2026 20:30,--
2/16/2026 20:45,--
2/16/2026 21:00,--
2/16/2026 21:15,--
2/16/2026 21:30,--
2/16/2026 21:45,--
2/16/2026 22:00,--
2/16/2026 22:15,--
2/16/2026 22:30,--
2/16/2026 22:45,--
2/16/2026 23:00,--
2/16/2026 23:15,--
2/16/2026 23:30,--
2/16/2026 23:45,--
2/17/2026 0:00,--
2/17/2026 0:15,--
2/17/2026 0:30,--
2/17/2026 0:45,--
2/17/2026 1:00,--
2/17/2026 1:15,--
2/17/2026 1:30,--
2/17/2026 1:45,--
2/17/2026 2:00,--
2/17/2026 2:15,--
2/17/2026 2:30,--
2/17/2026 2:45,--
2/17/2026 3:00,--
2/17/2026 3:15,--
2/17/2026 3:30,--
2/17/2026 3:45,--
2/17/2026 4:00,--
2/17/2026 4:15,--
2/17/2026 4:30,--
2/17/2026 4:45,--
2/17/2026 5:00,--
2/17/2026 5:15,--
2/17/2026 5:30,--
2/17/2026 5:45,--
2/17/2026 6:00,--
2/17/2026 6:15,--
2/17/2026 6:30,--
2/17/2026 6:45,--
2/17/2026 7:00,--
2/17/2026 7:15,--
2/17/2026 7:30,--
2/17/2026 7:45,--
2/17/2026 8:00,--
2/17/2026 8:15,--
2/17/2026 8:30,--
2/17/2026 8:45,--
2/17/2026 9:00,--
2/17/2026 9:15,--
2/17/2026 9:30,--
2/17/2026 9:45,--
2/17/2026 10:00,--
2/17/2026 10:15,--
2/17/2026 10:30,--
2/17/2026 10:45,--
2/17/2026 11:00,--
2/17/2026 11:15,--
2/17/2026 11:30,--
2/17/2026 11:45,--
2/17/2026 12:00,--
2/17/2026 12:15,--
2/17/2026 12:30,--
2/17/2026 12:45,--
2/17/2026 13:00,--
2/17/2026 13:15,--
2/17/2026 13:30,--
2/17/2026 13:45,--
2/17/2026 14:00,--
2/17/2026 14:15,--
2/17/2026 14:30,--
2/17/2026 14:45,--
2/17/2026 15:00,--
2/17/2026 15:15,--
2/17/2026 15:30,--
2/17/2026 15:45,--
2/17/2026 16:00,--
2/17/2026 16:15,--
2/17/2026 16:30,--
2/17/2026 16:45,--
2/17/2026 17:00,--
2/17/2026 17:15,--
2/17/2026 17:30,--
2/17/2026 17:45,--
2/17/2026 18:00,--
2/17/2026 18:15,--
2/17/2026 18:30,--
2/17/2026 18:45,--
2/17/2026 19:00,--
2/17/2026 19:15,--
2/17/2026 19:30,--
2/17/2026 19:45,--
2/17/2026 20:00,--
2/17/2026 20:15,--
2/17/2026 20:30,--
2/17/2026 20:45,--
2/17/2026 21:00,--
2/17/2026 21:15,--
2/17/2026 21:30,--
2/17/2026 21:45,--
2/17/2026 22:00,--
2/17/2026 22:15,--
2/17/2026 22:30,--
2/17/2026 22:45,--
2/17/2026 23:00,--
2/17/2026 23:15,--
2/17/2026 23:30,--
2/17/2026 23:45,--
2/18/2026 0:00,--
2/18/2026 0:15,--
2/18/2026 0:30,--
2/18/2026 0:45,--
2/18/2026 1:00,--
2/18/2026 1:15,--
2/18/2026 1:30,--
2/18/2026 1:45,--
2/18/2026 2:00,--
2/18/2026 2:15,--
2/18/2026 2:30,--
2/18/2026 2:45,--
2/18/2026 3:00,--
2/18/2026 3:15,--
2/18/2026 3:30,--
2/18/2026 3:45,--
2/18/2026 4:00,--
2/18/2026 4:15,--
2/18/2026 4:30,--
2/18/2026 4:45,--
2/18/2026 5:00,--
2/18/2026 5:15,--
2/18/2026 5:30,--
2/18/2026 5:45,--
2/18/2026 6:00,--
2/18/2026 6:15,--
2/18/2026 6:30,--
2/18/2026 6:45,--
2/18/2026 7:00,--
2/18/2026 7:15,--
2/18/2026 7:30,--
2/18/2026 7:45,--
2/18/2026 8:00,--
2/18/2026 8:15,--
2/18/2026 8:30,--
2/18/2026 8:45,--
2/18/2026 9:00,--
2/18/2026 9:15,--
2/18/2026 9:30,--
2/18/2026 9:45,--
2/18/2026 10:00,--
2/18/2026 10:15,--
2/18/2026 10:30,--
2/18/2026 10:45,--
2/18/2026 11:00,--
2/18/2026 11:15,--
2/18/2026 11:30,--
2/18/2026 11:45,--
2/18/2026 12:00,--
2/18/2026 12:15,--
2/18/2026 12:30,--
2/18/2026 12:45,--
2/18/2026 13:00,--
2/18/2026 13:15,--
2/18/2026 13:30,--
2/18/2026 13:45,--
2/18/2026 14:00,--
2/18/2026 14:15,--
2/18/2026 14:30,--
2/18/2026 14:45,--
2/18/2026 15:00,--
2/18/2026 15:15,--
2/18/2026 15:30,--
2/18/2026 15:45,--
2/18/2026 16:00,--
2/18/2026 16:15,--
2/18/2026 16:30,--
2/18/2026 16:45,--
2/18/2026 17:00,--
2/18/2026 17:15,--
2/18/2026 17:30,--
2/18/2026 17:45,--
2/18/2026 18:00,--
2/18/2026 18:15,--
2/18/2026 18:30,--
2/18/2026 18:45,--
2/18/2026 19:00,--
2/18/2026 19:15,--
2/18/2026 19:30,--
2/18/2026 19:45,--
2/18/2026 20:00,--
2/18/2026 20:15,--
2/18/2026 20:30,--
2/18/2026 20:45,--
2/18/2026 21:00,--
2/18/2026 21:15,--
2/18/2026 21:30,--
2/18/2026 21:45,--
2/18/2026 22:00,--
2/18/2026 22:15,--
2/18/2026 22:30,--
2/18/2026 22:45,--
2/18/2026 23:00,--
2/18/2026 23:15,--
2/18/2026 23:30,--
2/18/2026 23:45,--
2/19/2026 0:00,--
2/19/2026 0:15,--
2/19/2026 0:30,--
2/19/2026 0:45,--
2/19/2026 1:00,--
2/19/2026 1:15,--
2/19/2026 1:30,--
2/19/2026 1:45,--
2/19/2026 2:00,--
2/19/2026 2:15,--
2/19/2026 2:30,--
2/19/2026 2:45,--
2/19/2026 3:00,--
2/19/2026 3:15,--
2/19/2026 3:30,--
2/19/2026 3:45,--
2/19/2026 4:00,--
2/19/2026 4:15,--
2/19/2026 4:30,--
2/19/2026 4:45,--
2/19/2026 5:00,--
2/19/2026 5:15,--
2/19/2026 5:30,--
2/19/2026 5:45,--
2/19/2026 6:00,--
2/19/2026 6:15,--
2/19/2026 6:30,--
2/19/2026 6:45,--
2/19/2026 7:00,--
2/19/2026 7:15,--
2/19/2026 7:30,--
2/19/2026 7:45,--
2/19/2026 8:00,--
2/19/2026 8:15,--
2/19/2026 8:30,--
2/19/2026 8:45,--
2/19/2026 9:00,--
2/19/2026 9:15,--
2/19/2026 9:30,--
2/19/2026 9:45,--
2/19/2026 10:00,--
2/19/2026 10:15,--
2/19/2026 10:30,--
2/19/2026 10:45,--
2/19/2026 11:00,--
2/19/2026 11:15,--
2/19/2026 11:30,--
2/19/2026 11:45,--
2/19/2026 12:00,--
2/19/2026 12:15,--
2/19/2026 12:30,--
2/19/2026 12:45,--
2/19/2026 13:00,--
2/19/2026 13:15,--
2/19/2026 13:30,--
2/19/2026 13:45,--
2/19/2026 14:00,--
2/19/2026 14:15,--
2/19/2026 14:30,--
2/19/2026 14:45,--
2/19/2026 15:00,--
2/19/2026 15:15,--
2/19/2026 15:30,--
2/19/2026 15:45,--
2/19/2026 16:00,--
2/19/2026 16:15,--
2/19/2026 16:30,--
2/19/2026 16:45,--
2/19/2026 17:00,--
2/19/2026 17:15,--
2/19/2026 17:30,--
2/19/2026 17:45,--
2/19/2026 18:00,--
2/19/2026 18:15,--
2/19/2026 18:30,--
2/19/2026 18:45,--
2/19/2026 19:00,--
2/19/2026 19:15,--
2/19/2026 19:30,--
2/19/2026 19:45,--
2/19/2026 20:00,--
2/19/2026 20:15,--
2/19/2026 20:30,--
2/19/2026 20:45,--
2/19/2026 21:00,--
2/19/2026 21:15,--
2/19/2026 21:30,--
2/19/2026 21:45,--
2/19/2026 22:00,--
2/19/2026 22:15,--
2/19/2026 22:30,--
2/19/2026 22:45,--
2/19/2026 23:00,--
2/19/2026 23:15,--
2/19/2026 23:30,--
2/19/2026 23:45,--
2/20/2026 0:00,--
2/20/2026 0:15,--
2/20/2026 0:30,--
2/20/2026 0:45,--
2/20/2026 1:00,--
2/20/2026 1:15,--
2/20/2026 1:30,--
2/20/2026 1:45,--
2/20/2026 2:00,--
2/20/2026 2:15,--
2/20/2026 2:30,--
2/20/2026 2:45,--
2/20/2026 3:00,--
2/20/2026 3:15,--
2/20/2026 3:30,--
2/20/2026 3:45,--
2/20/2026 4:00,--
2/20/2026 4:15,--
2/20/2026 4:30,--
2/20/2026 4:45,--
2/20/2026 5:00,--
2/20/2026 5:15,--
2/20/2026 5:30,--
2/20/2026 5:45,--
2/20/2026 6:00,--
2/20/2026 6:15,--
2/20/2026 6:30,--
2/20/2026 6:45,--
2/20/2026 7:00,--
2/20/2026 7:15,--
2/20/2026 7:30,--
2/20/2026 7:45,--
2/20/2026 8:00,--
2/20/2026 8:15,--
2/20/2026 8:30,--
2/20/2026 8:45,--
2/20/2026 9:00,--
2/20/2026 9:15,--
2/20/2026 9:30,--
2/20/2026 9:45,--
2/20/2026 10:00,--
2/20/2026 10:15,--
2/20/2026 10:30,--
2/20/2026 10:45,--
2/20/2026 11:00,--
2/20/2026 11:15,--
2/20/2026 11:30,--
2/20/2026 11:45,--
2/20/2026 12:00,--
2/20/2026 12:15,--
2/20/2026 12:30,--
2/20/2026 12:45,--
2/20/2026 13:00,--
2/20/2026 13:15,--
2/20/2026 13:30,--
2/20/2026 13:45,--
2/20/2026 14:00,--
2/20/2026 14:15,--
2/20/2026 14:30,--
2/20/2026 14:45,--
2/20/2026 15:00,--
2/20/2026 15:15,--
2/20/2026 15:30,--
2/20/2026 15:45,--
2/20/2026 16:00,--
2/20/2026 16:15,--
2/20/2026 16:30,--
2/20/2026 16:45,--
2/20/2026 17:00,--
2/20/2026 17:15,--
2/20/2026 17:30,--
2/20/2026 17:45,--
2/20/2026 18:00,--
2/20/2026 18:15,--
2/20/2026 18:30,--
2/20/2026 18:45,--
2/20/2026 19:00,--
2/20/2026 19:15,--
2/20/2026 19:30,--
2/20/2026 19:45,--
2/20/2026 20:00,--
2/20/2026 20:15,--
2/20/2026 20:30,--
2/20/2026 20:45,--
2/20/2026 21:00,--
2/20/2026 21:15,--
2/20/2026 21:30,--
2/20/2026 21:45,--
2/20/2026 22:00,--
2/20/2026 22:15,--
2/20/2026 22:30,--
2/20/2026 22:45,--
2/20/2026 23:00,--
2/20/2026 23:15,--
2/20/2026 23:30,--
2/20/2026 23:45,--
2/21/2026 0:00,--
2/21/2026 0:15,--
2/21/2026 0:30,--
2/21/2026 0:45,--
2/21/2026 1:00,--
2/21/2026 1:15,--
2/21/2026 1:30,--
2/21/2026 1:45,--
2/21/2026 2:00,--
2/21/2026 2:15,--
2/21/2026 2:30,--
2/21/2026 2:45,--
2/21/2026 3:00,--
2/21/2026 3:15,--
2/21/2026 3:30,--
2/21/2026 3:45,--
2/21/2026 4:00,--
2/21/2026 4:15,--
2/21/2026 4:30,--
2/21/2026 4:45,--
2/21/2026 5:00,--
2/21/2026 5:15,--
2/21/2026 5:30,--
2/21/2026 5:45,--
2/21/2026 6:00,--
2/21/2026 6:15,--
2/21/2026 6:30,--
2/21/2026 6:45,--
2/21/2026 7:00,--
2/21/2026 7:15,--
2/21/2026 7:30,--
2/21/2026 7:45,--
2/21/2026 8:00,--
2/21/2026 8:15,--
2/21/2026 8:30,--
2/21/2026 8:45,--
2/21/2026 9:00,--
2/21/2026 9:15,--
2/21/2026 9:30,--
2/21/2026 9:45,--
2/21/2026 10:00,--
2/21/2026 10:15,--
2/21/2026 10:30,--
2/21/2026 10:45,--
2/21/2026 11:00,--
2/21/2026 11:15,--
2/21/2026 11:30,--
2/21/2026 11:45,--
2/21/2026 12:00,--
2/21/2026 12:15,--
2/21/2026 12:30,--
2/21/2026 12:45,--
2/21/2026 13:00,--
2/21/2026 13:15,--
2/21/2026 13:30,--
2/21/2026 13:45,--
2/21/2026 14:00,--
2/21/2026 14:15,--
2/21/2026 14:30,--
2/21/2026 14:45,--
2/21/2026 15:00,--
2/21/2026 15:15,--
2/21/2026 15:30,--
2/21/2026 15:45,--
2/21/2026 16:00,--
2/21/2026 16:15,--
2/21/2026 16:30,--
2/21/2026 16:45,--
2/21/2026 17:00,--
2/21/2026 17:15,--
2/21/2026 17:30,--
2/21/2026 17:45,--
2/21/2026 18:00,--
2/21/2026 18:15,--
2/21/2026 18:30,--
2/21/2026 18:45,--
2/21/2026 19:00,--
2/21/2026 19:15,--
2/21/2026 19:30,--
2/21/2026 19:45,--
2/21/2026 20:00,--
2/21/2026 20:15,--
2/21/2026 20:30,--
2/21/2026 20:45,--
2/21/2026 21:00,--
2/21/2026 21:15,--
2/21/2026 21:30,--
2/21/2026 21:45,--
2/21/2026 22:00,--
2/21/2026 22:15,--
2/21/2026 22:30,--
2/21/2026 22:45,--
2/21/2026 23:00,--
2/21/2026 23:15,--
2/21/2026 23:30,--
2/21/2026 23:45,--
2/22/2026 0:00,--
2/22/2026 0:15,--
2/22/2026 0:30,--
2/22/2026 0:45,--
2/22/2026 1:00,--
2/22/2026 1:15,--
2/22/2026 1:30,--
2/22/2026 1:45,--
2/22/2026 2:00,--
2/22/2026 2:15,--
2/22/2026 2:30,--
2/22/2026 2:45,--
2/22/2026 3:00,--
2/22/2026 3:15,--
2/22/2026 3:30,--
2/22/2026 3:45,--
2/22/2026 4:00,--
2/22/2026 4:15,--
2/22/2026 4:30,--
2/22/2026 4:45,--
2/22/2026 5:00,--
2/22/2026 5:15,--
2/22/2026 5:30,--
2/22/2026 5:45,--
2/22/2026 6:00,--
2/22/2026 6:15,--
2/22/2026 6:30,--
2/22/2026 6:45,--
2/22/2026 7:00,--
2/22/2026 7:15,--
2/22/2026 7:30,--
2/22/2026 7:45,--
2/22/2026 8:00,--
2/22/2026 8:15,--
2/22/2026 8:30,--
2/22/2026 8:45,--
2/22/2026 9:00,--
2/22/2026 9:15,--
2/22/2026 9:30,--
2/22/2026 9:45,--
2/22/2026 10:00,--
2/22/2026 10:15,--
2/22/2026 10:30,--
2/22/2026 10:45,--
2/22/2026 11:00,--
2/22/2026 11:15,--
2/22/2026 11:30,--
2/22/2026 11:45,--
2/22/2026 12:00,--
2/22/2026 12:15,--
2/22/2026 12:30,--
2/22/2026 12:45,--
2/22/2026 13:00,--
2/22/2026 13:15,--
2/22/2026 13:30,--
2/22/2026 13:45,--
2/22/2026 14:00,--
2/22/2026 14:15,--
2/22/2026 14:30,--
2/22/2026 14:45,--
2/22/2026 15:00,--
2/22/2026 15:15,--
2/22/2026 15:30,--
2/22/2026 15:45,--
2/22/2026 16:00,--
2/22/2026 16:15,--
2/22/2026 16:30,--
2/22/2026 16:45,--
2/22/2026 17:00,--
2/22/2026 17:15,--
2/22/2026 17:30,--
2/22/2026 17:45,--
2/22/2026 18:00,--
2/22/2026 18:15,--
2/22/2026 18:30,--
2/22/2026 18:45,--
2/22/2026 19:00,--
2/22/2026 19:15,--
2/22/2026 19:30,--
2/22/2026 19:45,--
2/22/2026 20:00,--
2/22/2026 20:15,--
2/22/2026 20:30,--
2/22/2026 20:45,--
2/22/2026 21:00,--
2/22/2026 21:15,--
2/22/2026 21:30,--
2/22/2026 21:45,--
2/22/2026 22:00,--
2/22/2026 22:15,--
2/22/2026 22:30,--
2/22/2026 22:45,--
2/22/2026 23:00,--
2/22/2026 23:15,--
2/22/2026 23:30,--
2/22/2026 23:45,--
2/23/2026 0:00,--
2/23/2026 0:15,--
2/23/2026 0:30,--
2/23/2026 0:45,--
2/23/2026 1:00,--
2/23/2026 1:15,--
2/23/2026 1:30,--
2/23/2026 1:45,--
2/23/2026 2:00,--
2/23/2026 2:15,--
2/23/2026 2:30,--
2/23/2026 2:45,--
2/23/2026 3:00,--
2/23/2026 3:15,--
2/23/2026 3:30,--
2/23/2026 3:45,--
2/23/2026 4:00,--
2/23/2026 4:15,--
2/23/2026 4:30,--
2/23/2026 4:45,--
2/23/2026 5:00,--
2/23/2026 5:15,--
2/23/2026 5:30,--
2/23/2026 5:45,--
2/23/2026 6:00,--
2/23/2026 6:15,--
2/23/2026 6:30,--
2/23/2026 6:45,--
2/23/2026 7:00,--
2/23/2026 7:15,--
2/23/2026 7:30,--
2/23/2026 7:45,--
2/23/2026 8:00,--
2/23/2026 8:15,--
2/23/2026 8:30,--
2/23/2026 8:45,--
2/23/2026 9:00,--
2/23/2026 9:15,--
2/23/2026 9:30,--
2/23/2026 9:45,--
2/23/2026 10:00,--
2/23/2026 10:15,--
2/23/2026 10:30,--
2/23/2026 10:45,--
2/23/2026 11:00,--
2/23/2026 11:15,--
2/23/2026 11:30,--
2/23/2026 11:45,--
2/23/2026 12:00,--
2/23/2026 12:15,--
2/23/2026 12:30,--
2/23/2026 12:45,--
2/23/2026 13:00,--
2/23/2026 13:15,--
2/23/2026 13:30,--
2/23/2026 13:45,--
2/23/2026 14:00,--
2/23/2026 14:15,--
2/23/2026 14:30,--
2/23/2026 14:45,--
2/23/2026 15:00,--
2/23/2026 15:15,--
2/23/2026 15:30,--
2/23/2026 15:45,--
2/23/2026 16:00,--
2/23/2026 16:15,--
2/23/2026 16:30,--
2/23/2026 16:45,--
2/23/2026 17:00,--
2/23/2026 17:15,--
2/23/2026 17:30,--
2/23/2026 17:45,--
2/23/2026 18:00,--
2/23/2026 18:15,--
2/23/2026 18:30,--
2/23/2026 18:45,--
2/23/2026 19:00,--
2/23/2026 19:15,--
2/23/2026 19:30,--
2/23/2026 19:45,--
2/23/2026 20:00,--
2/23/2026 20:15,--
2/23/2026 20:30,--
2/23/2026 20:45,--
2/23/2026 21:00,--
2/23/2026 21:15,--
2/23/2026 21:30,--
2/23/2026 21:45,--
2/23/2026 22:00,--
2/23/2026 22:15,--
2/23/2026 22:30,--
2/23/2026 22:45,--
2/23/2026 23:00,--
2/23/2026 23:15,--
2/23/2026 23:30,--
2/23/2026 23:45,--
2/24/2026 0:00,--
2/24/2026 0:15,--
2/24/2026 0:30,--
2/24/2026 0:45,--
2/24/2026 1:00,--
2/24/2026 1:15,--
2/24/2026 1:30,--
2/24/2026 1:45,--
2/24/2026 2:00,--
2/24/2026 2:15,--
2/24/2026 2:30,--
2/24/2026 2:45,--
2/24/2026 3:00,--
2/24/2026 3:15,--
2/24/2026 3:30,--
2/24/2026 3:45,--
2/24/2026 4:00,--
2/24/2026 4:15,--
2/24/2026 4:30,--
2/24/2026 4:45,--
2/24/2026 5:00,--
2/24/2026 5:15,--
2/24/2026 5:30,--
2/24/2026 5:45,--
2/24/2026 6:00,--
2/24/2026 6:15,--
2/24/2026 6:30,--
2/24/2026 6:45,--
2/24/2026 7:00,--
2/24/2026 7:15,--
2/24/2026 7:30,--
2/24/2026 7:45,--
2/24/2026 8:00,--
2/24/2026 8:15,--
2/24/2026 8:30,--
2/24/2026 8:45,--
2/24/2026 9:00,--
2/24/2026 9:15,--
2/24/2026 9:30,--
2/24/2026 9:45,--
2/24/2026 10:00,--
2/24/2026 10:15,--
2/24/2026 10:30,--
2/24/2026 10:45,--
2/24/2026 11:00,--
2/24/2026 11:15,--
2/24/2026 11:30,--
2/24/2026 11:45,--
2/24/2026 12:00,--
2/24/2026 12:15,--
2/24/2026 12:30,--
2/24/2026 12:45,--
2/24/2026 13:00,--
2/24/2026 13:15,--
2/24/2026 13:30,--
2/24/2026 13:45,--
2/24/2026 14:00,--
2/24/2026 14:15,--
2/24/2026 14:30,--
2/24/2026 14:45,--
2/24/2026 15:00,--
2/24/2026 15:15,--
2/24/2026 15:30,--
2/24/2026 15:45,--
2/24/2026 16:00,--
2/24/2026 16:15,--
2/24/2026 16:30,--
2/24/2026 16:45,--
2/24/2026 17:00,--
2/24/2026 17:15,--
2/24/2026 17:30,--
2/24/2026 17:45,--
2/24/2026 18:00,--
2/24/2026 18:15,--
2/24/2026 18:30,--
2/24/2026 18:45,--
2/24/2026 19:00,--
2/24/2026 19:15,--
2/24/2026 19:30,--
2/24/2026 19:45,--
2/24/2026 20:00,--
2/24/2026 20:15,--
2/24/2026 20:30,--
2/24/2026 20:45,--
2/24/2026 21:00,--
2/24/2026 21:15,--
2/24/2026 21:30,--
2/24/2026 21:45,--
2/24/2026 22:00,--
2/24/2026 22:15,--
2/24/2026 22:30,--
2/24/2026 22:45,--
2/24/2026 23:00,--
2/24/2026 23:15,--
2/24/2026 23:30,--
2/24/2026 23:45,--
2/25/2026 0:00,--
2/25/2026 0:15,--
2/25/2026 0:30,--
2/25/2026 0:45,--
2/25/2026 1:00,--
2/25/2026 1:15,--
2/25/2026 1:30,--
2/25/2026 1:45,--
2/25/2026 2:00,--
2/25/2026 2:15,--
2/25/2026 2:30,--
2/25/2026 2:45,--
2/25/2026 3:00,--
2/25/2026 3:15,--
2/25/2026 3:30,--
2/25/2026 3:45,--
2/25/2026 4:00,--
2/25/2026 4:15,--
2/25/2026 4:30,--
2/25/2026 4:45,--
2/25/2026 5:00,--
2/25/2026 5:15,--
2/25/2026 5:30,--
2/25/2026 5:45,--
2/25/2026 6:00,--
2/25/2026 6:15,--
2/25/2026 6:30,--
2/25/2026 6:45,--
2/25/2026 7:00,--
2/25/2026 7:15,--
2/25/2026 7:30,--
2/25/2026 7:45,--
2/25/2026 8:00,--
2/25/2026 8:15,--
2/25/2026 8:30,--
2/25/2026 8:45,--
2/25/2026 9:00,--
2/25/2026 9:15,--
2/25/2026 9:30,--
2/25/2026 9:45,--
2/25/2026 10:00,--
2/25/2026 10:15,--
2/25/2026 10:30,--
2/25/2026 10:45,--
2/25/2026 11:00,--
2/25/2026 11:15,--
2/25/2026 11:30,--
2/25/2026 11:45,--
2/25/2026 12:00,--
2/25/2026 12:15,--
2/25/2026 12:30,--
2/25/2026 12:45,--
2/25/2026 13:00,--
2/25/2026 13:15,--
2/25/2026 13:30,--
2/25/2026 13:45,--
2/25/2026 14:00,--
2/25/2026 14:15,--
2/25/2026 14:30,--
2/25/2026 14:45,--
2/25/2026 15:00,--
2/25/2026 15:15,--
2/25/2026 15:30,--
2/25/2026 15:45,--
2/25/2026 16:00,--
2/25/2026 16:15,--
2/25/2026 16:30,--
2/25/2026 16:45,--
2/25/2026 17:00,--
2/25/2026 17:15,--
2/25/2026 17:30,--
2/25/2026 17:45,--
2/25/2026 18:00,--
2/25/2026 18:15,--
2/25/2026 18:30,--
2/25/2026 18:45,--
2/25/2026 19:00,--
2/25/2026 19:15,--
2/25/2026 19:30,--
2/25/2026 19:45,--
2/25/2026 20:00,--
2/25/2026 20:15,--
2/25/2026 20:30,--
2/25/2026 20:45,--
2/25/2026 21:00,--
2/25/2026 21:15,--
2/25/2026 21:30,--
2/25/2026 21:45,--
2/25/2026 22:00,--
2/25/2026 22:15,--
2/25/2026 22:30,--
2/25/2026 22:45,--
2/25/2026 23:00,--
2/25/2026 23:15,--
2/25/2026 23:30,--
2/25/2026 23:45,--
2/26/2026 0:00,--
2/26/2026 0:15,--
2/26/2026 0:30,--
2/26/2026 0:45,--
2/26/2026 1:00,--
2/26/2026 1:15,--
2/26/2026 1:30,--
2/26/2026 1:45,--
2/26/2026 2:00,--
2/26/2026 2:15,--
2/26/2026 2:30,--
2/26/2026 2:45,--
2/26/2026 3:00,--
2/26/2026 3:15,--
2/26/2026 3:30,--
2/26/2026 3:45,--
2/26/2026 4:00,--
2/26/2026 4:15,--
2/26/2026 4:30,--
2/26/2026 4:45,--
2/26/2026 5:00,--
2/26/2026 5:15,--
2/26/2026 5:30,--
2/26/2026 5:45,--
2/26/2026 6:00,--
2/26/2026 6:15,--
2/26/2026 6:30,--
2/26/2026 6:45,--
2/26/2026 7:00,--
2/26/2026 7:15,--
2/26/2026 7:30,--
2/26/2026 7:45,--
2/26/2026 8:00,--
2/26/2026 8:15,--
2/26/2026 8:30,--
2/26/2026 8:45,--
2/26/2026 9:00,--
2/26/2026 9:15,--
2/26/2026 9:30,--
2/26/2026 9:45,--
2/26/2026 10:00,--
2/26/2026 10:15,--
2/26/2026 10:30,--
2/26/2026 10:45,--
2/26/2026 11:00,--
2/26/2026 11:15,--
2/26/2026 11:30,--
2/26/2026 11:45,--
2/26/2026 12:00,--
2/26/2026 12:15,--
2/26/2026 12:30,--
2/26/2026 12:45,--
2/26/2026 13:00,--
2/26/2026 13:15,--
2/26/2026 13:30,--
2/26/2026 13:45,--
2/26/2026 14:00,--
2/26/2026 14:15,--
2/26/2026 14:30,--
2/26/2026 14:45,--
2/26/2026 15:00,--
2/26/2026 15:15,--
2/26/2026 15:30,--
2/26/2026 15:45,--
2/26/2026 16:00,--
2/26/2026 16:15,--
2/26/2026 16:30,--
2/26/2026 16:45,--
2/26/2026 17:00,--
2/26/2026 17:15,--
2/26/2026 17:30,--
2/26/2026 17:45,--
2/26/2026 18:00,--
2/26/2026 18:15,--
2/26/2026 18:30,--
2/26/2026 18:45,--
2/26/2026 19:00,--
2/26/2026 19:15,--
2/26/2026 19:30,--
2/26/2026 19:45,--
2/26/2026 20:00,--
2/26/2026 20:15,--
2/26/2026 20:30,--
2/26/2026 20:45,--
2/26/2026 21:00,--
2/26/2026 21:15,--
2/26/2026 21:30,--
2/26/2026 21:45,--
2/26/2026 22:00,--
2/26/2026 22:15,--
2/26/2026 22:30,--
2/26/2026 22:45,--
2/26/2026 23:00,--
2/26/2026 23:15,--
2/26/2026 23:30,--
2/26/2026 23:45,--
2/27/2026 0:00,--
2/27/2026 0:15,--
2/27/2026 0:30,--
2/27/2026 0:45,--
2/27/2026 1:00,--
2/27/2026 1:15,--
2/27/2026 1:30,--
2/27/2026 1:45,--
2/27/2026 2:00,--
2/27/2026 2:15,--
2/27/2026 2:30,--
2/27/2026 2:45,--
2/27/2026 3:00,--
2/27/2026 3:15,--
2/27/2026 3:30,--
2/27/2026 3:45,--
2/27/2026 4:00,--
2/27/2026 4:15,--
2/27/2026 4:30,--
2/27/2026 4:45,--
2/27/2026 5:00,--
2/27/2026 5:15,--
2/27/2026 5:30,--
2/27/2026 5:45,--
2/27/2026 6:00,--
2/27/2026 6:15,--
2/27/2026 6:30,--
2/27/2026 6:45,--
2/27/2026 7:00,--
2/27/2026 7:15,--
2/27/2026 7:30,--
2/27/2026 7:45,--
2/27/2026 8:00,--
2/27/2026 8:15,--
2/27/2026 8:30,--
2/27/2026 8:45,--
2/27/2026 9:00,--
2/27/2026 9:15,--
2/27/2026 9:30,--
2/27/2026 9:45,--
2/27/2026 10:00,--
2/27/2026 10:15,--
2/27/2026 10:30,--
2/27/2026 10:45,--
2/27/2026 11:00,--
2/27/2026 11:15,--
2/27/2026 11:30,--
2/27/2026 11:45,--
2/27/2026 12:00,--
2/27/2026 12:15,--
2/27/2026 12:30,--
2/27/2026 12:45,--
2/27/2026 13:00,--
2/27/2026 13:15,--
2/27/2026 13:30,--
2/27/2026 13:45,--
2/27/2026 14:00,--
2/27/2026 14:15,--
2/27/2026 14:30,--
2/27/2026 14:45,--
2/27/2026 15:00,--
2/27/2026 15:15,--
2/27/2026 15:30,--
2/27/2026 15:45,--
2/27/2026 16:00,--
2/27/2026 16:15,--
2/27/2026 16:30,--
2/27/2026 16:45,--
2/27/2026 17:00,--
2/27/2026 17:15,--
2/27/2026 17:30,--
2/27/2026 17:45,--
2/27/2026 18:00,--
2/27/2026 18:15,--
2/27/2026 18:30,--
2/27/2026 18:45,--
2/27/2026 19:00,--
2/27/2026 19:15,--
2/27/2026 19:30,--
2/27/2026 19:45,--
2/27/2026 20:00,--
2/27/2026 20:15,--
2/27/2026 20:30,--
2/27/2026 20:45,--
2/27/2026 21:00,--
2/27/2026 21:15,--
2/27/2026 21:30,--
2/27/2026 21:45,--
2/27/2026 22:00,--
2/27/2026 22:15,--
2/27/2026 22:30,--
2/27/2026 22:45,--
2/27/2026 23:00,--
2/27/2026 23:15,--
2/27/2026 23:30,--
2/27/2026 23:45,--
2/28/2026 0:00,--
2/28/2026 0:15,--
2/28/2026 0:30,--
2/28/2026 0:45,--
2/28/2026 1:00,--
2/28/2026 1:15,--
2/28/2026 1:30,--
2/28/2026 1:45,--
2/28/2026 2:00,--
2/28/2026 2:15,--
2/28/2026 2:30,--
2/28/2026 2:45,--
2/28/2026 3:00,--
2/28/2026 3:15,--
2/28/2026 3:30,--
2/28/2026 3:45,--
2/28/2026 4:00,--
2/28/2026 4:15,--
2/28/2026 4:30,--
2/28/2026 4:45,--
2/28/2026 5:00,--
2/28/2026 5:15,--
2/28/2026 5:30,--
2/28/2026 5:45,--
2/28/2026 6:00,--
2/28/2026 6:15,--
2/28/2026 6:30,--
2/28/2026 6:45,--
2/28/2026 7:00,--
2/28/2026 7:15,--
2/28/2026 7:30,--
2/28/2026 7:45,--
2/28/2026 8:00,--
2/28/2026 8:15,--
2/28/2026 8:30,--
2/28/2026 8:45,--
2/28/2026 9:00,--
2/28/2026 9:15,--
2/28/2026 9:30,--
2/28/2026 9:45,--
2/28/2026 10:00,--
2/28/2026 10:15,--
2/28/2026 10:30,--
2/28/2026 10:45,--
2/28/2026 11:00,--
2/28/2026 11:15,--
2/28/2026 11:30,--
2/28/2026 11:45,--
2/28/2026 12:00,--
2/28/2026 12:15,--
2/28/2026 12:30,--
2/28/2026 12:45,--
2/28/2026 13:00,--
2/28/2026 13:15,--
2/28/2026 13:30,--
2/28/2026 13:45,--
2/28/2026 14:00,--
2/28/2026 14:15,--
2/28/2026 14:30,--
2/28/2026 14:45,--
2/28/2026 15:00,--
2/28/2026 15:15,--
2/28/2026 15:30,--
2/28/2026 15:45,--
2/28/2026 16:00,--
2/28/2026 16:15,--
2/28/2026 16:30,--
2/28/2026 16:45,--
2/28/2026 17:00,--
2/28/2026 17:15,--
2/28/2026 17:30,--
2/28/2026 17:45,--
2/28/2026 18:00,--
2/28/2026 18:15,--
2/28/2026 18:30,--
2/28/2026 18:45,--
2/28/2026 19:00,--
2/28/2026 19:15,--
2/28/2026 19:30,--
2/28/2026 19:45,--
2/28/2026 20:00,--
2/28/2026 20:15,--
2/28/2026 20:30,--
2/28/2026 20:45,--
2/28/2026 21:00,--
2/28/2026 21:15,--
2/28/2026 21:30,--
2/28/2026 21:45,--
2/28/2026 22:00,--
2/28/2026 22:15,--
2/28/2026 22:30,--
2/28/2026 22:45,--
2/28/2026 23:00,--
2/28/2026 23:15,--
2/28/2026 23:30,--
2/28/2026 23:45,--
3/1/2026 0:00,--
3/1/2026 0:15,--
3/1/2026 0:30,--
3/1/2026 0:45,--
3/1/2026 1:00,--
3/1/2026 1:15,--
3/1/2026 1:30,--
3/1/2026 1:45,--
3/1/2026 2:00,--
3/1/2026 2:15,--
3/1/2026 2:30,--
3/1/2026 2:45,--
3/1/2026 3:00,--
3/1/2026 3:15,--
3/1/2026 3:30,--
3/1/2026 3:45,--
3/1/2026 4:00,--
3/1/2026 4:15,--
3/1/2026 4:30,--
3/1/2026 4:45,--
3/1/2026 5:00,--
3/1/2026 5:15,--
3/1/2026 5:30,--
3/1/2026 5:45,--
3/1/2026 6:00,--
3/1/2026 6:15,--
3/1/2026 6:30,--
3/1/2026 6:45,--
3/1/2026 7:00,--
3/1/2026 7:15,--
3/1/2026 7:30,--
3/1/2026 7:45,--
3/1/2026 8:00,--
3/1/2026 8:15,--
3/1/2026 8:30,--
3/1/2026 8:45,--
3/1/2026 9:00,--
3/1/2026 9:15,--
3/1/2026 9:30,--
3/1/2026 9:45,--
3/1/2026 10:00,--
3/1/2026 10:15,--
3/1/2026 10:30,--
3/1/2026 10:45,--
3/1/2026 11:00,--
3/1/2026 11:15,--
3/1/2026 11:30,--
3/1/2026 11:45,--
3/1/2026 12:00,--
3/1/2026 12:15,--
3/1/2026 12:30,--
3/1/2026 12:45,--
3/1/2026 13:00,--
3/1/2026 13:15,--
3/1/2026 13:30,--
3/1/2026 13:45,--
3/1/2026 14:00,--
3/1/2026 14:15,--
3/1/2026 14:30,--
3/1/2026 14:45,--
3/1/2026 15:00,--
3/1/2026 15:15,--
3/1/2026 15:30,--
3/1/2026 15:45,--
3/1/2026 16:00,--
3/1/2026 16:15,--
3/1/2026 16:30,--
3/1/2026 16:45,--
3/1/2026 17:00,--
3/1/2026 17:15,--
3/1/2026 17:30,--
3/1/2026 17:45,--
3/1/2026 18:00,--
3/1/2026 18:15,--
3/1/2026 18:30,--
3/1/2026 18:45,--
3/1/2026 19:00,--
3/1/2026 19:15,--
3/1/2026 19:30,--
3/1/2026 19:45,--
3/1/2026 20:00,--
3/1/2026 20:15,--
3/1/2026 20:30,--
3/1/2026 20:45,--
3/1/2026 21:00,--
3/1/2026 21:15,--
3/1/2026 21:30,--
3/1/2026 21:45,--
3/1/2026 22:00,--
3/1/2026 22:15,--
3/1/2026 22:30,--
3/1/2026 22:45,--
3/1/2026 23:00,--
3/1/2026 23:15,--
3/1/2026 23:30,--
3/1/2026 23:45,--
3/2/2026 0:00,--
3/2/2026 0:15,--
3/2/2026 0:30,--
3/2/2026 0:45,--
3/2/2026 1:00,--
3/2/2026 1:15,--
3/2/2026 1:30,--
3/2/2026 1:45,--
3/2/2026 2:00,--
3/2/2026 2:15,--
3/2/2026 2:30,--
3/2/2026 2:45,--
3/2/2026 3:00,--
3/2/2026 3:15,--
3/2/2026 3:30,--
3/2/2026 3:45,--
3/2/2026 4:00,--
3/2/2026 4:15,--
3/2/2026 4:30,--
3/2/2026 4:45,--
3/2/2026 5:00,--
3/2/2026 5:15,--
3/2/2026 5:30,--
3/2/2026 5:45,--
3/2/2026 6:00,--
3/2/2026 6:15,--
3/2/2026 6:30,--
3/2/2026 6:45,--
3/2/2026 7:00,--
3/2/2026 7:15,--
3/2/2026 7:30,--
3/2/2026 7:45,--
3/2/2026 8:00,--
3/2/2026 8:15,--
3/2/2026 8:30,--
3/2/2026 8:45,--
3/2/2026 9:00,--
3/2/2026 9:15,--
3/2/2026 9:30,--
3/2/2026 9:45,--
3/2/2026 10:00,--
3/2/2026 10:15,--
3/2/2026 10:30,--
3/2/2026 10:45,--
3/2/2026 11:00,--
3/2/2026 11:15,--
3/2/2026 11:30,--
3/2/2026 11:45,--
3/2/2026 12:00,--
3/2/2026 12:15,--
3/2/2026 12:30,--
3/2/2026 12:45,--
3/2/2026 13:00,--
3/2/2026 13:15,--
3/2/2026 13:30,--
3/2/2026 13:45,--
3/2/2026 14:00,--
3/2/2026 14:15,--
3/2/2026 14:30,--
3/2/2026 14:45,--
3/2/2026 15:00,--
3/2/2026 15:15,--
3/2/2026 15:30,--
3/2/2026 15:45,--
3/2/2026 16:00,--
3/2/2026 16:15,--
3/2/2026 16:30,--
3/2/2026 16:45,--
3/2/2026 17:00,--
3/2/2026 17:15,--
3/2/2026 17:30,--
3/2/2026 17:45,--
3/2/2026 18:00,--
3/2/2026 18:15,--
3/2/2026 18:30,--
3/2/2026 18:45,--
3/2/2026 19:00,--
3/2/2026 19:15,--
3/2/2026 19:30,--
3/2/2026 19:45,--
3/2/2026 20:00,--
3/2/2026 20:15,--
3/2/2026 20:30,--
3/2/2026 20:45,--
3/2/2026 21:00,--
3/2/2026 21:15,--
3/2/2026 21:30,--
3/2/2026 21:45,--
3/2/2026 22:00,--
3/2/2026 22:15,--
3/2/2026 22:30,--
3/2/2026 22:45,--
3/2/2026 23:00,--
3/2/2026 23:15,--
3/2/2026 23:30,--
3/2/2026 23:45,--
3/3/2026 0:00,--
3/3/2026 0:15,--
3/3/2026 0:30,--
3/3/2026 0:45,--
3/3/2026 1:00,--
3/3/2026 1:15,--
3/3/2026 1:30,--
3/3/2026 1:45,--
3/3/2026 2:00,--
3/3/2026 2:15,--
3/3/2026 2:30,--
3/3/2026 2:45,--
3/3/2026 3:00,--
3/3/2026 3:15,--
3/3/2026 3:30,--
3/3/2026 3:45,--
3/3/2026 4:00,--
3/3/2026 4:15,--
3/3/2026 4:30,--
3/3/2026 4:45,--
3/3/2026 5:00,--
3/3/2026 5:15,--
3/3/2026 5:30,--
3/3/2026 5:45,--
3/3/2026 6:00,--
3/3/2026 6:15,--
3/3/2026 6:30,--
3/3/2026 6:45,--
3/3/2026 7:00,--
3/3/2026 7:15,--
3/3/2026 7:30,--
3/3/2026 7:45,--
3/3/2026 8:00,--
3/3/2026 8:15,--
3/3/2026 8:30,--
3/3/2026 8:45,--
3/3/2026 9:00,--
3/3/2026 9:15,--
3/3/2026 9:30,--
3/3/2026 9:45,--
3/3/2026 10:00,--
3/3/2026 10:15,--
3/3/2026 10:30,--
3/3/2026 10:45,--
3/3/2026 11:00,--
3/3/2026 11:15,--
3/3/2026 11:30,--
3/3/2026 11:45,--
3/3/2026 12:00,--
3/3/2026 12:15,--
3/3/2026 12:30,--
3/3/2026 12:45,--
3/3/2026 13:00,--
3/3/2026 13:15,--
3/3/2026 13:30,--
3/3/2026 13:45,--
3/3/2026 14:00,--
3/3/2026 14:15,--
3/3/2026 14:30,--
3/3/2026 14:45,--
3/3/2026 15:00,--
3/3/2026 15:15,--
3/3/2026 15:30,--
3/3/2026 15:45,--
3/3/2026 16:00,--
3/3/2026 16:15,--
3/3/2026 16:30,--
3/3/2026 16:45,--
3/3/2026 17:00,--
3/3/2026 17:15,--
3/3/2026 17:30,--
3/3/2026 17:45,--
3/3/2026 18:00,--
3/3/2026 18:15,--
3/3/2026 18:30,--
3/3/2026 18:45,--
3/3/2026 19:00,--
3/3/2026 19:15,--
3/3/2026 19:30,--
3/3/2026 19:45,--
3/3/2026 20:00,--
3/3/2026 20:15,--
3/3/2026 20:30,--
3/3/2026 20:45,--
3/3/2026 21:00,--
3/3/2026 21:15,--
3/3/2026 21:30,--
3/3/2026 21:45,--
3/3/2026 22:00,--
3/3/2026 22:15,--
3/3/2026 22:30,--
3/3/2026 22:45,--
3/3/2026 23:00,--
3/3/2026 23:15,--
3/3/2026 23:30,--
3/3/2026 23:45,--
3/4/2026 0:00,--
3/4/2026 0:15,--
3/4/2026 0:30,--
3/4/2026 0:45,--
3/4/2026 1:00,--
3/4/2026 1:15,--
3/4/2026 1:30,--
3/4/2026 1:45,--
3/4/2026 2:00,--
3/4/2026 2:15,--
3/4/2026 2:30,--
3/4/2026 2:45,--
3/4/2026 3:00,--
3/4/2026 3:15,--
3/4/2026 3:30,--
3/4/2026 3:45,--
3/4/2026 4:00,--
3/4/2026 4:15,--
3/4/2026 4:30,--
3/4/2026 4:45,--
3/4/2026 5:00,--
3/4/2026 5:15,--
3/4/2026 5:30,--
3/4/2026 5:45,--
3/4/2026 6:00,--
3/4/2026 6:15,--
3/4/2026 6:30,--
3/4/2026 6:45,--
3/4/2026 7:00,--
3/4/2026 7:15,--
3/4/2026 7:30,--
3/4/2026 7:45,--
3/4/2026 8:00,--
3/4/2026 8:15,--
3/4/2026 8:30,--
3/4/2026 8:45,--
3/4/2026 9:00,--
3/4/2026 9:15,--
3/4/2026 9:30,--
3/4/2026 9:45,--
3/4/2026 10:00,--
3/4/2026 10:15,--
3/4/2026 10:30,--
3/4/2026 10:45,--
3/4/2026 11:00,--
3/4/2026 11:15,--
3/4/2026 11:30,--
3/4/2026 11:45,--
3/4/2026 12:00,--
3/4/2026 12:15,--
3/4/2026 12:30,--
3/4/2026 12:45,--
3/4/2026 13:00,--
3/4/2026 13:15,--
3/4/2026 13:30,--
3/4/2026 13:45,--
3/4/2026 14:00,--
3/4/2026 14:15,--
3/4/2026 14:30,--
3/4/2026 14:45,--
3/4/2026 15:00,--
3/4/2026 15:15,--
3/4/2026 15:30,--
3/4/2026 15:45,--
3/4/2026 16:00,--
3/4/2026 16:15,--
3/4/2026 16:30,--
3/4/2026 16:45,--
3/4/2026 17:00,--
3/4/2026 17:15,--
3/4/2026 17:30,--
3/4/2026 17:45,--
3/4/2026 18:00,--
3/4/2026 18:15,--
3/4/2026 18:30,--
3/4/2026 18:45,--
3/4/2026 19:00,--
3/4/2026 19:15,--
3/4/2026 19:30,--
3/4/2026 19:45,--
3/4/2026 20:00,--
3/4/2026 20:15,--
3/4/2026 20:30,--
3/4/2026 20:45,--
3/4/2026 21:00,--
3/4/2026 21:15,--
3/4/2026 21:30,--
3/4/2026 21:45,--
3/4/2026 22:00,--
3/4/2026 22:15,--
3/4/2026 22:30,--
3/4/2026 22:45,--
3/4/2026 23:00,--
3/4/2026 23:15,--
3/4/2026 23:30,--
3/4/2026 23:45,--
3/5/2026 0:00,--
3/5/2026 0:15,--
3/5/2026 0:30,--
3/5/2026 0:45,--
3/5/2026 1:00,--
3/5/2026 1:15,--
3/5/2026 1:30,--
3/5/2026 1:45,--
3/5/2026 2:00,--
3/5/2026 2:15,--
3/5/2026 2:30,--
3/5/2026 2:45,--
3/5/2026 3:00,--
3/5/2026 3:15,--
3/5/2026 3:30,--
3/5/2026 3:45,--
3/5/2026 4:00,--
3/5/2026 4:15,--
3/5/2026 4:30,--
3/5/2026 4:45,--
3/5/2026 5:00,--
3/5/2026 5:15,--
3/5/2026 5:30,--
3/5/2026 5:45,--
3/5/2026 6:00,--
3/5/2026 6:15,--
3/5/2026 6:30,--
3/5/2026 6:45,--
3/5/2026 7:00,--
3/5/2026 7:15,--
3/5/2026 7:30,--
3/5/2026 7:45,--
3/5/2026 8:00,--
3/5/2026 8:15,--
3/5/2026 8:30,--
3/5/2026 8:45,--
3/5/2026 9:00,--
3/5/2026 9:15,--
3/5/2026 9:30,--
3/5/2026 9:45,--
3/5/2026 10:00,--
3/5/2026 10:15,--
3/5/2026 10:30,--
3/5/2026 10:45,--
3/5/2026 11:00,--
3/5/2026 11:15,--
3/5/2026 11:30,--
3/5/2026 11:45,--
3/5/2026 12:00,--
3/5/2026 12:15,--
3/5/2026 12:30,--
3/5/2026 12:45,--
3/5/2026 13:00,--
3/5/2026 13:15,--
3/5/2026 13:30,--
3/5/2026 13:45,--
3/5/2026 14:00,--
3/5/2026 14:15,--
3/5/2026 14:30,--
3/5/2026 14:45,--
3/5/2026 15:00,--
3/5/2026 15:15,--
3/5/2026 15:30,--
3/5/2026 15:45,--
3/5/2026 16:00,--
3/5/2026 16:15,--
3/5/2026 16:30,--
3/5/2026 16:45,--
3/5/2026 17:00,--
3/5/2026 17:15,--
3/5/2026 17:30,--
3/5/2026 17:45,--
3/5/2026 18:00,--
3/5/2026 18:15,--
3/5/2026 18:30,--
3/5/2026 18:45,--
3/5/2026 19:00,--
3/5/2026 19:15,--
3/5/2026 19:30,--
3/5/2026 19:45,--
3/5/2026 20:00,--
3/5/2026 20:15,--
3/5/2026 20:30,--
3/5/2026 20:45,--
3/5/2026 21:00,--
3/5/2026 21:15,--
3/5/2026 21:30,--
3/5/2026 21:45,--
3/5/2026 22:00,--
3/5/2026 22:15,--
3/5/2026 22:30,--
3/5/2026 22:45,--
3/5/2026 23:00,--
3/5/2026 23:15,--
3/5/2026 23:30,--
3/5/2026 23:45,--
3/6/2026 0:00,--
3/6/2026 0:15,--
3/6/2026 0:30,--
3/6/2026 0:45,--
3/6/2026 1:00,--
3/6/2026 1:15,--
3/6/2026 1:30,--
3/6/2026 1:45,--
3/6/2026 2:00,--
3/6/2026 2:15,--
3/6/2026 2:30,--
3/6/2026 2:45,--
3/6/2026 3:00,--
3/6/2026 3:15,--
3/6/2026 3:30,--
3/6/2026 3:45,--
3/6/2026 4:00,--
3/6/2026 4:15,--
3/6/2026 4:30,--
3/6/2026 4:45,--
3/6/2026 5:00,--
3/6/2026 5:15,--
3/6/2026 5:30,--
3/6/2026 5:45,--
3/6/2026 6:00,--
3/6/2026 6:15,--
3/6/2026 6:30,--
3/6/2026 6:45,--
3/6/2026 7:00,--
3/6/2026 7:15,--
3/6/2026 7:30,--
3/6/2026 7:45,--
3/6/2026 8:00,--
3/6/2026 8:15,--
3/6/2026 8:30,--
3/6/2026 8:45,--
3/6/2026 9:00,--
3/6/2026 9:15,--
3/6/2026 9:30,--
3/6/2026 9:45,--
3/6/2026 10:00,--
3/6/2026 10:15,--
3/6/2026 10:30,--
3/6/2026 10:45,--
3/6/2026 11:00,--
3/6/2026 11:15,--
3/6/2026 11:30,--
3/6/2026 11:45,--
3/6/2026 12:00,--
3/6/2026 12:15,--
3/6/2026 12:30,--
3/6/2026 12:45,--
3/6/2026 13:00,--
3/6/2026 13:15,--
3/6/2026 13:30,--
3/6/2026 13:45,--
3/6/2026 14:00,--
3/6/2026 14:15,--
3/6/2026 14:30,--
3/6/2026 14:45,--
3/6/2026 15:00,--
3/6/2026 15:15,--
3/6/2026 15:30,--
3/6/2026 15:45,--
3/6/2026 16:00,--
3/6/2026 16:15,--
3/6/2026 16:30,--
3/6/2026 16:45,--
3/6/2026 17:00,--
3/6/2026 17:15,--
3/6/2026 17:30,--
3/6/2026 17:45,--
3/6/2026 18:00,--
3/6/2026 18:15,--
3/6/2026 18:30,--
3/6/2026 18:45,--
3/6/2026 19:00,--
3/6/2026 19:15,--
3/6/2026 19:30,--
3/6/2026 19:45,--
3/6/2026 20:00,--
3/6/2026 20:15,--
3/6/2026 20:30,--
3/6/2026 20:45,--
3/6/2026 21:00,--
3/6/2026 21:15,--
3/6/2026 21:30,--
3/6/2026 21:45,--
3/6/2026 22:00,--
3/6/2026 22:15,--
3/6/2026 22:30,--
3/6/2026 22:45,--
3/6/2026 23:00,--
3/6/2026 23:15,--
3/6/2026 23:30,--
3/6/2026 23:45,--
3/7/2026 0:00,--
3/7/2026 0:15,--
3/7/2026 0:30,--
3/7/2026 0:45,--
3/7/2026 1:00,--
3/7/2026 1:15,--
3/7/2026 1:30,--
3/7/2026 1:45,--
3/7/2026 2:00,--
3/7/2026 2:15,--
3/7/2026 2:30,--
3/7/2026 2:45,--
3/7/2026 3:00,--
3/7/2026 3:15,--
3/7/2026 3:30,--
3/7/2026 3:45,--
3/7/2026 4:00,--
3/7/2026 4:15,--
3/7/2026 4:30,--
3/7/2026 4:45,--
3/7/2026 5:00,--
3/7/2026 5:15,--
3/7/2026 5:30,--
3/7/2026 5:45,--
3/7/2026 6:00,--
3/7/2026 6:15,--
3/7/2026 6:30,--
3/7/2026 6:45,--
3/7/2026 7:00,--
3/7/2026 7:15,--
3/7/2026 7:30,--
3/7/2026 7:45,--
3/7/2026 8:00,--
3/7/2026 8:15,--
3/7/2026 8:30,--
3/7/2026 8:45,--
3/7/2026 9:00,--
3/7/2026 9:15,--
3/7/2026 9:30,--
3/7/2026 9:45,--
3/7/2026 10:00,--
3/7/2026 10:15,--
3/7/2026 10:30,--
3/7/2026 10:45,--
3/7/2026 11:00,--
3/7/2026 11:15,--
3/7/2026 11:30,--
3/7/2026 11:45,--
3/7/2026 12:00,--
3/7/2026 12:15,--
3/7/2026 12:30,--
3/7/2026 12:45,--
3/7/2026 13:00,--
3/7/2026 13:15,--
3/7/2026 13:30,--
3/7/2026 13:45,--
3/7/2026 14:00,--
3/7/2026 14:15,--
3/7/2026 14:30,--
3/7/2026 14:45,--
3/7/2026 15:00,--
3/7/2026 15:15,--
3/7/2026 15:30,--
3/7/2026 15:45,--
3/7/2026 16:00,--
3/7/2026 16:15,--
3/7/2026 16:30,--
3/7/2026 16:45,--
3/7/2026 17:00,--
3/7/2026 17:15,--
3/7/2026 17:30,--
3/7/2026 17:45,--
3/7/2026 18:00,--
3/7/2026 18:15,--
3/7/2026 18:30,--
3/7/2026 18:45,--
3/7/2026 19:00,--
3/7/2026 19:15,--
3/7/2026 19:30,--
3/7/2026 19:45,--
3/7/2026 20:00,--
3/7/2026 20:15,--
3/7/2026 20:30,--
3/7/2026 20:45,--
3/7/2026 21:00,--
3/7/2026 21:15,--
3/7/2026 21:30,--
3/7/2026 21:45,--
3/7/2026 22:00,--
3/7/2026 22:15,--
3/7/2026 22:30,--
3/7/2026 22:45,--
3/7/2026 23:00,--
3/7/2026 23:15,--
3/7/2026 23:30,--
3/7/2026 23:45,--
3/8/2026 0:00,--
3/8/2026 0:15,--
3/8/2026 0:30,--
3/8/2026 0:45,--
3/8/2026 1:00,--
3/8/2026 1:15,--
3/8/2026 1:30,--
3/8/2026 1:45,--
3/8/2026 3:00,--
3/8/2026 3:15,--
3/8/2026 3:30,--
3/8/2026 3:45,--
3/8/2026 4:00,--
3/8/2026 4:15,--
3/8/2026 4:30,--
3/8/2026 4:45,--
3/8/2026 5:00,--
3/8/2026 5:15,--
3/8/2026 5:30,--
3/8/2026 5:45,--
3/8/2026 6:00,--
3/8/2026 6:15,--
3/8/2026 6:30,--
3/8/2026 6:45,--
3/8/2026 7:00,--
3/8/2026 7:15,--
3/8/2026 7:30,--
3/8/2026 7:45,--
3/8/2026 8:00,--
3/8/2026 8:15,--
3/8/2026 8:30,--
3/8/2026 8:45,--
3/8/2026 9:00,--
3/8/2026 9:15,--
3/8/2026 9:30,--
3/8/2026 9:45,--
3/8/2026 10:00,--
3/8/2026 10:15,--
3/8/2026 10:30,--
3/8/2026 10:45,--
3/8/2026 11:00,--
3/8/2026 11:15,--
3/8/2026 11:30,--
3/8/2026 11:45,--
3/8/2026 12:00,--
3/8/2026 12:15,--
3/8/2026 12:30,--
3/8/2026 12:45,--
3/8/2026 13:00,--
3/8/2026 13:15,--
3/8/2026 13:30,--
3/8/2026 13:45,--
3/8/2026 14:00,--
3/8/2026 14:15,--
3/8/2026 14:30,--
3/8/2026 14:45,--
3/8/2026 15:00,--
3/8/2026 15:15,--
3/8/2026 15:30,--
3/8/2026 15:45,--
3/8/2026 16:00,--
3/8/2026 16:15,--
3/8/2026 16:30,--
3/8/2026 16:45,--
3/8/2026 17:00,--
3/8/2026 17:15,--
3/8/2026 17:30,--
3/8/2026 17:45,--
3/8/2026 18:00,--
3/8/2026 18:15,--
3/8/2026 18:30,--
3/8/2026 18:45,--
3/8/2026 19:00,--
3/8/2026 19:15,--
3/8/2026 19:30,--
3/8/2026 19:45,--
3/8/2026 20:00,--
3/8/2026 20:15,--
3/8/2026 20:30,--
3/8/2026 20:45,--
3/8/2026 21:00,--
3/8/2026 21:15,--
3/8/2026 21:30,--
3/8/2026 21:45,--
3/8/2026 22:00,--
3/8/2026 22:15,--
3/8/2026 22:30,--
3/8/2026 22:45,--
3/8/2026 23:00,--
3/8/2026 23:15,--
3/8/2026 23:30,--
3/8/2026 23:45,--
3/9/2026 0:00,--
3/9/2026 0:15,--
3/9/2026 0:30,--
3/9/2026 0:45,--
3/9/2026 1:00,--
3/9/2026 1:15,--
3/9/2026 1:30,--
3/9/2026 1:45,--
3/9/2026 2:00,--
3/9/2026 2:15,--
3/9/2026 2:30,--
3/9/2026 2:45,--
3/9/2026 3:00,--
3/9/2026 3:15,--
3/9/2026 3:30,--
3/9/2026 3:45,--
3/9/2026 4:00,--
3/9/2026 4:15,--
3/9/2026 4:30,--
3/9/2026 4:45,--
3/9/2026 5:00,--
3/9/2026 5:15,--
3/9/2026 5:30,--
3/9/2026 5:45,--
3/9/2026 6:00,--
3/9/2026 6:15,--
3/9/2026 6:30,--
3/9/2026 6:45,--
3/9/2026 7:00,--
3/9/2026 7:15,--
3/9/2026 7:30,--
3/9/2026 7:45,--
3/9/2026 8:00,--
3/9/2026 8:15,--
3/9/2026 8:30,--
3/9/2026 8:45,--
3/9/2026 9:00,--
3/9/2026 9:15,--
3/9/2026 9:30,--
3/9/2026 9:45,--
3/9/2026 10:00,--
3/9/2026 10:15,--
3/9/2026 10:30,--
3/9/2026 10:45,--
3/9/2026 11:00,--
3/9/2026 11:15,--
3/9/2026 11:30,--
3/9/2026 11:45,--
3/9/2026 12:00,--
3/9/2026 12:15,--
3/9/2026 12:30,--
3/9/2026 12:45,--
3/9/2026 13:00,--
3/9/2026 13:15,--
3/9/2026 13:30,--
3/9/2026 13:45,--
3/9/2026 14:00,--
3/9/2026 14:15,--
3/9/2026 14:30,--
3/9/2026 14:45,--
3/9/2026 15:00,--
3/9/2026 15:15,--
3/9/2026 15:30,--
3/9/2026 15:45,--
3/9/2026 16:00,--
3/9/2026 16:15,--
3/9/2026 16:30,--
3/9/2026 16:45,--
3/9/2026 17:00,--
3/9/2026 17:15,--
3/9/2026 17:30,--
3/9/2026 17:45,--
3/9/2026 18:00,--
3/9/2026 18:15,--
3/9/2026 18:30,--
3/9/2026 18:45,--
3/9/2026 19:00,--
3/9/2026 19:15,--
3/9/2026 19:30,--
3/9/2026 19:45,--
3/9/2026 20:00,--
3/9/2026 20:15,--
3/9/2026 20:30,--
3/9/2026 20:45,--
3/9/2026 21:00,--
3/9/2026 21:15,--
3/9/2026 21:30,--
3/9/2026 21:45,--
3/9/2026 22:00,--
3/9/2026 22:15,--
3/9/2026 22:30,--
3/9/2026 22:45,--
3/9/2026 23:00,--
3/9/2026 23:15,--
3/9/2026 23:30,--
3/9/2026 23:45,--
3/10/2026 0:00,--
3/10/2026 0:15,--
3/10/2026 0:30,--
3/10/2026 0:45,--
3/10/2026 1:00,--
3/10/2026 1:15,--
3/10/2026 1:30,--
3/10/2026 1:45,--
3/10/2026 2:00,--
3/10/2026 2:15,--
3/10/2026 2:30,--
3/10/2026 2:45,--
3/10/2026 3:00,--
3/10/2026 3:15,--
3/10/2026 3:30,--
3/10/2026 3:45,--
3/10/2026 4:00,--
3/10/2026 4:15,--
3/10/2026 4:30,--
3/10/2026 4:45,--
3/10/2026 5:00,--
3/10/2026 5:15,--
3/10/2026 5:30,--
3/10/2026 5:45,--
3/10/2026 6:00,--
3/10/2026 6:15,--
3/10/2026 6:30,--
3/10/2026 6:45,--
3/10/2026 7:00,--
3/10/2026 7:15,--
3/10/2026 7:30,--
3/10/2026 7:45,--
3/10/2026 8:00,--
3/10/2026 8:15,--
3/10/2026 8:30,--
3/10/2026 8:45,--
3/10/2026 9:00,--
3/10/2026 9:15,--
3/10/2026 9:30,--
3/10/2026 9:45,--
3/10/2026 10:00,--
3/10/2026 10:15,--
3/10/2026 10:30,--
3/10/2026 10:45,--
3/10/2026 11:00,--
3/10/2026 11:15,--
3/10/2026 11:30,--
3/10/2026 11:45,--
3/10/2026 12:00,--
3/10/2026 12:15,--
3/10/2026 12:30,--
3/10/2026 12:45,--
3/10/2026 13:00,--
3/10/2026 13:15,--
3/10/2026 13:30,--
3/10/2026 13:45,--
3/10/2026 14:00,--
3/10/2026 14:15,--
3/10/2026 14:30,--
3/10/2026 14:45,--
3/10/2026 15:00,--
3/10/2026 15:15,--
3/10/2026 15:30,--
3/10/2026 15:45,--
3/10/2026 16:00,--
3/10/2026 16:15,--
3/10/2026 16:30,--
3/10/2026 16:45,--
3/10/2026 17:00,--
3/10/2026 17:15,--
3/10/2026 17:30,--
3/10/2026 17:45,--
3/10/2026 18:00,--
3/10/2026 18:15,--
3/10/2026 18:30,--
3/10/2026 18:45,--
3/10/2026 19:00,--
3/10/2026 19:15,--
3/10/2026 19:30,--
3/10/2026 19:45,--
3/10/2026 20:00,--
3/10/2026 20:15,--
3/10/2026 20:30,--
3/10/2026 20:45,--
3/10/2026 21:00,--
3/10/2026 21:15,--
3/10/2026 21:30,--
3/10/2026 21:45,--
3/10/2026 22:00,--
3/10/2026 22:15,--
3/10/2026 22:30,--
3/10/2026 22:45,--
3/10/2026 23:00,--
3/10/2026 23:15,--
3/10/2026 23:30,--
3/10/2026 23:45,--
3/11/2026 0:00,--
3/11/2026 0:15,--
3/11/2026 0:30,--
3/11/2026 0:45,--
3/11/2026 1:00,--
3/11/2026 1:15,--
3/11/2026 1:30,--
3/11/2026 1:45,--
3/11/2026 2:00,--
3/11/2026 2:15,--
3/11/2026 2:30,--
3/11/2026 2:45,--
3/11/2026 3:00,--
3/11/2026 3:15,--
3/11/2026 3:30,--
3/11/2026 3:45,--
3/11/2026 4:00,--
3/11/2026 4:15,--
3/11/2026 4:30,--
3/11/2026 4:45,--
3/11/2026 5:00,--
3/11/2026 5:15,--
3/11/2026 5:30,--
3/11/2026 5:45,--
3/11/2026 6:00,--
3/11/2026 6:15,--
3/11/2026 6:30,--
3/11/2026 6:45,--
3/11/2026 7:00,--
3/11/2026 7:15,--
3/11/2026 7:30,--
3/11/2026 7:45,--
3/11/2026 8:00,--
3/11/2026 8:15,--
3/11/2026 8:30,--
3/11/2026 8:45,--
3/11/2026 9:00,--
3/11/2026 9:15,--
3/11/2026 9:30,--
3/11/2026 9:45,--
3/11/2026 10:00,--
3/11/2026 10:15,--
3/11/2026 10:30,--
3/11/2026 10:45,--
3/11/2026 11:00,--
3/11/2026 11:15,--
3/11/2026 11:30,--
3/11/2026 11:45,--
3/11/2026 12:00,--
3/11/2026 12:15,--
3/11/2026 12:30,--
3/11/2026 12:45,--
3/11/2026 13:00,--
3/11/2026 13:15,--
3/11/2026 13:30,--
3/11/2026 13:45,--
3/11/2026 14:00,--
3/11/2026 14:15,--
3/11/2026 14:30,--
3/11/2026 14:45,--
3/11/2026 15:00,--
3/11/2026 15:15,--
3/11/2026 15:30,--
3/11/2026 15:45,--
3/11/2026 16:00,--
3/11/2026 16:15,--
3/11/2026 16:30,--
3/11/2026 16:45,--
3/11/2026 17:00,--
3/11/2026 17:15,--
3/11/2026 17:30,--
3/11/2026 17:45,--
3/11/2026 18:00,--
3/11/2026 18:15,--
3/11/2026 18:30,--
3/11/2026 18:45,--
3/11/2026 19:00,--
3/11/2026 19:15,--
3/11/2026 19:30,--
3/11/2026 19:45,--
3/11/2026 20:00,--
3/11/2026 20:15,--
3/11/2026 20:30,--
3/11/2026 20:45,--
3/11/2026 21:00,--
3/11/2026 21:15,--
3/11/2026 21:30,--
3/11/2026 21:45,--
3/11/2026 22:00,--
3/11/2026 22:15,--
3/11/2026 22:30,--
3/11/2026 22:45,--
3/11/2026 23:00,--
3/11/2026 23:15,--
3/11/2026 23:30,--
3/11/2026 23:45,--
3/12/2026 0:00,--
3/12/2026 0:15,--
3/12/2026 0:30,--
3/12/2026 0:45,--
3/12/2026 1:00,--
3/12/2026 1:15,--
3/12/2026 1:30,--
3/12/2026 1:45,--
3/12/2026 2:00,--
3/12/2026 2:15,--
3/12/2026 2:30,--
3/12/2026 2:45,--
3/12/2026 3:00,--
3/12/2026 3:15,--
3/12/2026 3:30,--
3/12/2026 3:45,--
3/12/2026 4:00,--
3/12/2026 4:15,--
3/12/2026 4:30,--
3/12/2026 4:45,--
3/12/2026 5:00,--
3/12/2026 5:15,--
3/12/2026 5:30,--
3/12/2026 5:45,--
3/12/2026 6:00,--
3/12/2026 6:15,--
3/12/2026 6:30,--
3/12/2026 6:45,--
3/12/2026 7:00,--
3/12/2026 7:15,--
3/12/2026 7:30,--
3/12/2026 7:45,--
3/12/2026 8:00,--
3/12/2026 8:15,--
3/12/2026 8:30,--
3/12/2026 8:45,--
3/12/2026 9:00,--
3/12/2026 9:15,--
3/12/2026 9:30,--
3/12/2026 9:45,--
3/12/2026 10:00,--
3/12/2026 10:15,--
3/12/2026 10:30,--
3/12/2026 10:45,--
3/12/2026 11:00,--
3/12/2026 11:15,--
3/12/2026 11:30,--
3/12/2026 11:45,--
3/12/2026 12:00,--
3/12/2026 12:15,--
3/12/2026 12:30,--
3/12/2026 12:45,--
3/12/2026 13:00,--
3/12/2026 13:15,--
3/12/2026 13:30,--
3/12/2026 13:45,--
3/12/2026 14:00,--
3/12/2026 14:15,--
3/12/2026 14:30,--
3/12/2026 14:45,--
3/12/2026 15:00,--
3/12/2026 15:15,--
3/12/2026 15:30,--
3/12/2026 15:45,--
3/12/2026 16:00,--
3/12/2026 16:15,--
3/12/2026 16:30,--
3/12/2026 16:45,--
3/12/2026 17:00,--
3/12/2026 17:15,--
3/12/2026 17:30,--
3/12/2026 17:45,--
3/12/2026 18:00,--
3/12/2026 18:15,--
3/12/2026 18:30,--
3/12/2026 18:45,--
3/12/2026 19:00,--
3/12/2026 19:15,--
3/12/2026 19:30,--
3/12/2026 19:45,--
3/12/2026 20:00,--
3/12/2026 20:15,--
3/12/2026 20:30,--
3/12/2026 20:45,--
3/12/2026 21:00,--
3/12/2026 21:15,--
3/12/2026 21:30,--
3/12/2026 21:45,--
3/12/2026 22:00,--
3/12/2026 22:15,--
3/12/2026 22:30,--
3/12/2026 22:45,--
3/12/2026 23:00,--
3/12/2026 23:15,--
3/12/2026 23:30,--
3/12/2026 23:45,--
3/13/2026 0:00,--
3/13/2026 0:15,--
3/13/2026 0:30,--
3/13/2026 0:45,--
3/13/2026 1:00,--
3/13/2026 1:15,--
3/13/2026 1:30,--
3/13/2026 1:45,--
3/13/2026 2:00,--
3/13/2026 2:15,--
3/13/2026 2:30,--
3/13/2026 2:45,--
3/13/2026 3:00,--
3/13/2026 3:15,--
3/13/2026 3:30,--
3/13/2026 3:45,--
3/13/2026 4:00,--
3/13/2026 4:15,--
3/13/2026 4:30,--
3/13/2026 4:45,--
3/13/2026 5:00,--
3/13/2026 5:15,--
3/13/2026 5:30,--
3/13/2026 5:45,--
3/13/2026 6:00,--
3/13/2026 6:15,--
3/13/2026 6:30,--
3/13/2026 6:45,--
3/13/2026 7:00,--
3/13/2026 7:15,--
3/13/2026 7:30,--
3/13/2026 7:45,--
3/13/2026 8:00,--
3/13/2026 8:15,--
3/13/2026 8:30,--
3/13/2026 8:45,--
3/13/2026 9:00,--
3/13/2026 9:15,--
3/13/2026 9:30,--
3/13/2026 9:45,--
3/13/2026 10:00,--
3/13/2026 10:15,--
3/13/2026 10:30,--
3/13/2026 10:45,--
3/13/2026 11:00,--
3/13/2026 11:15,--
3/13/2026 11:30,--
3/13/2026 11:45,--
3/13/2026 12:00,--
3/13/2026 12:15,--
3/13/2026 12:30,--
3/13/2026 12:45,--
3/13/2026 13:00,--
3/13/2026 13:15,--
3/13/2026 13:30,--
3/13/2026 13:45,--
3/13/2026 14:00,--
3/13/2026 14:15,--
3/13/2026 14:30,--
3/13/2026 14:45,--
3/13/2026 15:00,--
3/13/2026 15:15,--
3/13/2026 15:30,--
3/13/2026 15:45,--
3/13/2026 16:00,--
3/13/2026 16:15,--
3/13/2026 16:30,--
3/13/2026 16:45,--
3/13/2026 17:00,--
3/13/2026 17:15,--
3/13/2026 17:30,--
3/13/2026 17:45,--
3/13/2026 18:00,--
3/13/2026 18:15,--
3/13/2026 18:30,--
3/13/2026 18:45,--
3/13/2026 19:00,--
3/13/2026 19:15,--
3/13/2026 19:30,--
3/13/2026 19:45,--
3/13/2026 20:00,--
3/13/2026 20:15,--
3/13/2026 20:30,--
3/13/2026 20:45,--
3/13/2026 21:00,--
3/13/2026 21:15,--
3/13/2026 21:30,--
3/13/2026 21:45,--
3/13/2026 22:00,--
3/13/2026 22:15,--
3/13/2026 22:30,--
3/13/2026 22:45,--
3/13/2026 23:00,--
3/13/2026 23:15,--
3/13/2026 23:30,--
3/13/2026 23:45,--
3/14/2026 0:00,--
3/14/2026 0:15,--
3/14/2026 0:30,--
3/14/2026 0:45,--
3/14/2026 1:00,--
3/14/2026 1:15,--
3/14/2026 1:30,--
3/14/2026 1:45,--
3/14/2026 2:00,--
3/14/2026 2:15,--
3/14/2026 2:30,--
3/14/2026 2:45,--
3/14/2026 3:00,--
3/14/2026 3:15,--
3/14/2026 3:30,--
3/14/2026 3:45,--
3/14/2026 4:00,--
3/14/2026 4:15,--
3/14/2026 4:30,--
3/14/2026 4:45,--
3/14/2026 5:00,--
3/14/2026 5:15,--
3/14/2026 5:30,--
3/14/2026 5:45,--
3/14/2026 6:00,--
3/14/2026 6:15,--
3/14/2026 6:30,--
3/14/2026 6:45,--
3/14/2026 7:00,--
3/14/2026 7:15,--
3/14/2026 7:30,--
3/14/2026 7:45,--
3/14/2026 8:00,--
3/14/2026 8:15,--
3/14/2026 8:30,--
3/14/2026 8:45,--
3/14/2026 9:00,--
3/14/2026 9:15,--
3/14/2026 9:30,--
3/14/2026 9:45,--
3/14/2026 10:00,--
3/14/2026 10:15,--
3/14/2026 10:30,--
3/14/2026 10:45,--
3/14/2026 11:00,--
3/14/2026 11:15,--
3/14/2026 11:30,--
3/14/2026 11:45,--
3/14/2026 12:00,--
3/14/2026 12:15,--
3/14/2026 12:30,--
3/14/2026 12:45,--
3/14/2026 13:00,--
3/14/2026 13:15,--
3/14/2026 13:30,--
3/14/2026 13:45,--
3/14/2026 14:00,--
3/14/2026 14:15,--
3/14/2026 14:30,--
3/14/2026 14:45,--
3/14/2026 15:00,--
3/14/2026 15:15,--
3/14/2026 15:30,--
3/14/2026 15:45,--
3/14/2026 16:00,--
3/14/2026 16:15,--
3/14/2026 16:30,--
3/14/2026 16:45,--
3/14/2026 17:00,--
3/14/2026 17:15,--
3/14/2026 17:30,--
3/14/2026 17:45,--
3/14/2026 18:00,--
3/14/2026 18:15,--
3/14/2026 18:30,--
3/14/2026 18:45,--
3/14/2026 19:00,--
3/14/2026 19:15,--
3/14/2026 19:30,--
3/14/2026 19:45,--
3/14/2026 20:00,--
3/14/2026 20:15,--
3/14/2026 20:30,--
3/14/2026 20:45,--
3/14/2026 21:00,--
3/14/2026 21:15,--
3/14/2026 21:30,--
3/14/2026 21:45,--
3/14/2026 22:00,--
3/14/2026 22:15,--
3/14/2026 22:30,--
3/14/2026 22:45,--
3/14/2026 23:00,--
3/14/2026 23:15,--
3/14/2026 23:30,--
3/14/2026 23:45,--
3/15/2026 0:00,--
3/15/2026 0:15,--
3/15/2026 0:30,--
3/15/2026 0:45,--
3/15/2026 1:00,--
3/15/2026 1:15,--
3/15/2026 1:30,--
3/15/2026 1:45,--
3/15/2026 2:00,--
3/15/2026 2:15,--
3/15/2026 2:30,--
3/15/2026 2:45,--
3/15/2026 3:00,--
3/15/2026 3:15,--
3/15/2026 3:30,--
3/15/2026 3:45,--
3/15/2026 4:00,--
3/15/2026 4:15,--
3/15/2026 4:30,--
3/15/2026 4:45,--
3/15/2026 5:00,--
3/15/2026 5:15,--
3/15/2026 5:30,--
3/15/2026 5:45,--
3/15/2026 6:00,--
3/15/2026 6:15,--
3/15/2026 6:30,--
3/15/2026 6:45,--
3/15/2026 7:00,--
3/15/2026 7:15,--
3/15/2026 7:30,--
3/15/2026 7:45,--
3/15/2026 8:00,--
3/15/2026 8:15,--
3/15/2026 8:30,--
3/15/2026 8:45,--
3/15/2026 9:00,--
3/15/2026 9:15,--
3/15/2026 9:30,--
3/15/2026 9:45,--
3/15/2026 10:00,--
3/15/2026 10:15,--
3/15/2026 10:30,--
3/15/2026 10:45,--
3/15/2026 11:00,--
3/15/2026 11:15,--
3/15/2026 11:30,--
3/15/2026 11:45,--
3/15/2026 12:00,--
3/15/2026 12:15,--
3/15/2026 12:30,--
3/15/2026 12:45,--
3/15/2026 13:00,--
3/15/2026 13:15,--
3/15/2026 13:30,--
3/15/2026 13:45,--
3/15/2026 14:00,--
3/15/2026 14:15,--
3/15/2026 14:30,--
3/15/2026 14:45,--
3/15/2026 15:00,--
3/15/2026 15:15,--
3/15/2026 15:30,--
3/15/2026 15:45,--
3/15/2026 16:00,--
3/15/2026 16:15,--
3/15/2026 16:30,--
3/15/2026 16:45,--
3/15/2026 17:00,--
3/15/2026 17:15,--
3/15/2026 17:30,--
3/15/2026 17:45,--
3/15/2026 18:00,--
3/15/2026 18:15,--
3/15/2026 18:30,--
3/15/2026 18:45,--
3/15/2026 19:00,--
3/15/2026 19:15,--
3/15/2026 19:30,--
3/15/2026 19:45,--
3/15/2026 20:00,--
3/15/2026 20:15,--
3/15/2026 20:30,--
3/15/2026 20:45,--
3/15/2026 21:00,--
3/15/2026 21:15,--
3/15/2026 21:30,--
3/15/2026 21:45,--
3/15/2026 22:00,--
3/15/2026 22:15,--
3/15/2026 22:30,--
3/15/2026 22:45,--
3/15/2026 23:00,--
3/15/2026 23:15,--
3/15/2026 23:30,--
3/15/2026 23:45,--
3/16/2026 0:00,--
3/16/2026 0:15,--
3/16/2026 0:30,--
3/16/2026 0:45,--
3/16/2026 1:00,--
3/16/2026 1:15,--
3/16/2026 1:30,--
3/16/2026 1:45,--
3/16/2026 2:00,--
3/16/2026 2:15,--
3/16/2026 2:30,--
3/16/2026 2:45,--
3/16/2026 3:00,--
3/16/2026 3:15,--
3/16/2026 3:30,--
3/16/2026 3:45,--
3/16/2026 4:00,--
3/16/2026 4:15,--
3/16/2026 4:30,--
3/16/2026 4:45,--
3/16/2026 5:00,--
3/16/2026 5:15,--
3/16/2026 5:30,--
3/16/2026 5:45,--
3/16/2026 6:00,--
3/16/2026 6:15,--
3/16/2026 6:30,--
3/16/2026 6:45,--
3/16/2026 7:00,--
3/16/2026 7:15,--
3/16/2026 7:30,--
3/16/2026 7:45,--
3/16/2026 8:00,--
3/16/2026 8:15,--
3/16/2026 8:30,--
3/16/2026 8:45,--
3/16/2026 9:00,--
3/16/2026 9:15,--
3/16/2026 9:30,--
3/16/2026 9:45,--
3/16/2026 10:00,--
3/16/2026 10:15,--
3/16/2026 10:30,--
3/16/2026 10:45,--
3/16/2026 11:00,--
3/16/2026 11:15,--
3/16/2026 11:30,--
3/16/2026 11:45,--
3/16/2026 12:00,--
3/16/2026 12:15,--
3/16/2026 12:30,--
3/16/2026 12:45,--
3/16/2026 13:00,--
3/16/2026 13:15,--
3/16/2026 13:30,--
3/16/2026 13:45,--
3/16/2026 14:00,--
3/16/2026 14:15,--
3/16/2026 14:30,--
3/16/2026 14:45,--
3/16/2026 15:00,--
3/16/2026 15:15,--
3/16/2026 15:30,--
3/16/2026 15:45,--
3/16/2026 16:00,--
3/16/2026 16:15,--
3/16/2026 16:30,--
3/16/2026 16:45,--
3/16/2026 17:00,--
3/16/2026 17:15,--
3/16/2026 17:30,--
3/16/2026 17:45,--
3/16/2026 18:00,--
3/16/2026 18:15,--
3/16/2026 18:30,--
3/16/2026 18:45,--
3/16/2026 19:00,--
3/16/2026 19:15,--
3/16/2026 19:30,--
3/16/2026 19:45,--
3/16/2026 20:00,--
3/16/2026 20:15,--
3/16/2026 20:30,--
3/16/2026 20:45,--
3/16/2026 21:00,--
3/16/2026 21:15,--
3/16/2026 21:30,--
3/16/2026 21:45,--
3/16/2026 22:00,--
3/16/2026 22:15,--
3/16/2026 22:30,--
3/16/2026 22:45,--
3/16/2026 23:00,--
3/16/2026 23:15,--
3/16/2026 23:30,--
3/16/2026 23:45,--
3/17/2026 0:00,--
3/17/2026 0:15,--
3/17/2026 0:30,--
3/17/2026 0:45,--
3/17/2026 1:00,--
3/17/2026 1:15,--
3/17/2026 1:30,--
3/17/2026 1:45,--
3/17/2026 2:00,--
3/17/2026 2:15,--
3/17/2026 2:30,--
3/17/2026 2:45,--
3/17/2026 3:00,--
3/17/2026 3:15,--
3/17/2026 3:30,--
3/17/2026 3:45,--
3/17/2026 4:00,--
3/17/2026 4:15,--
3/17/2026 4:30,--
3/17/2026 4:45,--
3/17/2026 5:00,--
3/17/2026 5:15,--
3/17/2026 5:30,--
3/17/2026 5:45,--
3/17/2026 6:00,--
3/17/2026 6:15,--
3/17/2026 6:30,--
3/17/2026 6:45,--
3/17/2026 7:00,--
3/17/2026 7:15,--
3/17/2026 7:30,--
3/17/2026 7:45,--
3/17/2026 8:00,--
3/17/2026 8:15,--
3/17/2026 8:30,--
3/17/2026 8:45,--
3/17/2026 9:00,--
3/17/2026 9:15,--
3/17/2026 9:30,--
3/17/2026 9:45,--
3/17/2026 10:00,--
3/17/2026 10:15,--
3/17/2026 10:30,--
3/17/2026 10:45,--
3/17/2026 11:00,--
3/17/2026 11:15,--
3/17/2026 11:30,--
3/17/2026 11:45,--
3/17/2026 12:00,--
3/17/2026 12:15,--
3/17/2026 12:30,--
3/17/2026 12:45,--
3/17/2026 13:00,--
3/17/2026 13:15,--
3/17/2026 13:30,--
3/17/2026 13:45,--
3/17/2026 14:00,--
3/17/2026 14:15,--
3/17/2026 14:30,--
3/17/2026 14:45,--
3/17/2026 15:00,--
3/17/2026 15:15,--
3/17/2026 15:30,--
3/17/2026 15:45,--
3/17/2026 16:00,--
3/17/2026 16:15,--
3/17/2026 16:30,--
3/17/2026 16:45,--
3/17/2026 17:00,--
3/17/2026 17:15,--
3/17/2026 17:30,--
3/17/2026 17:45,--
3/17/2026 18:00,--
3/17/2026 18:15,--
3/17/2026 18:30,--
3/17/2026 18:45,--
3/17/2026 19:00,--
3/17/2026 19:15,--
3/17/2026 19:30,--
3/17/2026 19:45,--
3/17/2026 20:00,--
3/17/2026 20:15,--
3/17/2026 20:30,--
3/17/2026 20:45,--
3/17/2026 21:00,--
3/17/2026 21:15,--
3/17/2026 21:30,--
3/17/2026 21:45,--
3/17/2026 22:00,--
3/17/2026 22:15,--
3/17/2026 22:30,--
3/17/2026 22:45,--
3/17/2026 23:00,--
3/17/2026 23:15,--
3/17/2026 23:30,--
3/17/2026 23:45,--
3/18/2026 0:00,--
3/18/2026 0:15,--
3/18/2026 0:30,--
3/18/2026 0:45,--
3/18/2026 1:00,--
3/18/2026 1:15,--
3/18/2026 1:30,--
3/18/2026 1:45,--
3/18/2026 2:00,--
3/18/2026 2:15,--
3/18/2026 2:30,--
3/18/2026 2:45,--
3/18/2026 3:00,--
3/18/2026 3:15,--
3/18/2026 3:30,--
3/18/2026 3:45,--
3/18/2026 4:00,--
3/18/2026 4:15,--
3/18/2026 4:30,--
3/18/2026 4:45,--
3/18/2026 5:00,--
3/18/2026 5:15,--
3/18/2026 5:30,--
3/18/2026 5:45,--
3/18/2026 6:00,--
3/18/2026 6:15,--
3/18/2026 6:30,--
3/18/2026 6:45,--
3/18/2026 7:00,--
3/18/2026 7:15,--
3/18/2026 7:30,--
3/18/2026 7:45,--
3/18/2026 8:00,--
3/18/2026 8:15,--
3/18/2026 8:30,--
3/18/2026 8:45,--
3/18/2026 9:00,--
3/18/2026 9:15,--
3/18/2026 9:30,--
3/18/2026 9:45,--
3/18/2026 10:00,--
3/18/2026 10:15,--
3/18/2026 10:30,--
3/18/2026 10:45,--
3/18/2026 11:00,--
3/18/2026 11:15,--
3/18/2026 11:30,--
3/18/2026 11:45,--
3/18/2026 12:00,--
3/18/2026 12:15,--
3/18/2026 12:30,--
3/18/2026 12:45,--
3/18/2026 13:00,--
3/18/2026 13:15,--
3/18/2026 13:30,--
3/18/2026 13:45,--
3/18/2026 14:00,--
3/18/2026 14:15,--
3/18/2026 14:30,--
3/18/2026 14:45,--
3/18/2026 15:00,--
3/18/2026 15:15,--
3/18/2026 15:30,--
3/18/2026 15:45,--
3/18/2026 16:00,--
3/18/2026 16:15,--
3/18/2026 16:30,--
3/18/2026 16:45,--
3/18/2026 17:00,--
3/18/2026 17:15,--
3/18/2026 17:30,--
3/18/2026 17:45,--
3/18/2026 18:00,--
3/18/2026 18:15,--
3/18/2026 18:30,--
3/18/2026 18:45,--
3/18/2026 19:00,--
3/18/2026 19:15,--
3/18/2026 19:30,--
3/18/2026 19:45,--
3/18/2026 20:00,--
3/18/2026 20:15,--
3/18/2026 20:30,--
3/18/2026 20:45,--
3/18/2026 21:00,--
3/18/2026 21:15,--
3/18/2026 21:30,--
3/18/2026 21:45,--
3/18/2026 22:00,--
3/18/2026 22:15,--
3/18/2026 22:30,--
3/18/2026 22:45,--
3/18/2026 23:00,--
3/18/2026 23:15,--
3/18/2026 23:30,--
3/18/2026 23:45,--
3/19/2026 0:00,--
3/19/2026 0:15,--
3/19/2026 0:30,--
3/19/2026 0:45,--
3/19/2026 1:00,--
3/19/2026 1:15,--
3/19/2026 1:30,--
3/19/2026 1:45,--
3/19/2026 2:00,--
3/19/2026 2:15,--
3/19/2026 2:30,--
3/19/2026 2:45,--
3/19/2026 3:00,--
3/19/2026 3:15,--
3/19/2026 3:30,--
3/19/2026 3:45,--
3/19/2026 4:00,--
3/19/2026 4:15,--
3/19/2026 4:30,--
3/19/2026 4:45,--
3/19/2026 5:00,--
3/19/2026 5:15,--
3/19/2026 5:30,--
3/19/2026 5:45,--
3/19/2026 6:00,--
3/19/2026 6:15,--
3/19/2026 6:30,--
3/19/2026 6:45,--
3/19/2026 7:00,--
3/19/2026 7:15,--
3/19/2026 7:30,--
3/19/2026 7:45,--
3/19/2026 8:00,--
3/19/2026 8:15,--
3/19/2026 8:30,--
3/19/2026 8:45,--
3/19/2026 9:00,--
3/19/2026 9:15,--
3/19/2026 9:30,--
3/19/2026 9:45,--
3/19/2026 10:00,--
3/19/2026 10:15,--
3/19/2026 10:30,--
3/19/2026 10:45,--
3/19/2026 11:00,--
3/19/2026 11:15,--
3/19/2026 11:30,--
3/19/2026 11:45,--
3/19/2026 12:00,--
3/19/2026 12:15,--
3/19/2026 12:30,--
3/19/2026 12:45,--
3/19/2026 13:00,--
3/19/2026 13:15,--
3/19/2026 13:30,--
3/19/2026 13:45,--
3/19/2026 14:00,--
3/19/2026 14:15,--
3/19/2026 14:30,--
3/19/2026 14:45,--
3/19/2026 15:00,--
3/19/2026 15:15,--
3/19/2026 15:30,--
3/19/2026 15:45,--
3/19/2026 16:00,--
3/19/2026 16:15,--
3/19/2026 16:30,--
3/19/2026 16:45,--
3/19/2026 17:00,--
3/19/2026 17:15,--
3/19/2026 17:30,--
3/19/2026 17:45,--
3/19/2026 18:00,--
3/19/2026 18:15,--
3/19/2026 18:30,--
3/19/2026 18:45,--
3/19/2026 19:00,--
3/19/2026 19:15,--
3/19/2026 19:30,--
3/19/2026 19:45,--
3/19/2026 20:00,--
3/19/2026 20:15,--
3/19/2026 20:30,--
3/19/2026 20:45,--
3/19/2026 21:00,--
3/19/2026 21:15,--
3/19/2026 21:30,--
3/19/2026 21:45,--
3/19/2026 22:00,--
3/19/2026 22:15,--
3/19/2026 22:30,--
3/19/2026 22:45,--
3/19/2026 23:00,--
3/19/2026 23:15,--
3/19/2026 23:30,--
3/19/2026 23:45,--
3/20/2026 0:00,--
3/20/2026 0:15,--
3/20/2026 0:30,--
3/20/2026 0:45,--
3/20/2026 1:00,--
3/20/2026 1:15,--
3/20/2026 1:30,--
3/20/2026 1:45,--
3/20/2026 2:00,--
3/20/2026 2:15,--
3/20/2026 2:30,--
3/20/2026 2:45,--
3/20/2026 3:00,--
3/20/2026 3:15,--
3/20/2026 3:30,--
3/20/2026 3:45,--
3/20/2026 4:00,--
3/20/2026 4:15,--
3/20/2026 4:30,--
3/20/2026 4:45,--
3/20/2026 5:00,--
3/20/2026 5:15,--
3/20/2026 5:30,--
3/20/2026 5:45,--
3/20/2026 6:00,--
3/20/2026 6:15,--
3/20/2026 6:30,--
3/20/2026 6:45,--
3/20/2026 7:00,--
3/20/2026 7:15,--
3/20/2026 7:30,--
3/20/2026 7:45,--
3/20/2026 8:00,--
3/20/2026 8:15,--
3/20/2026 8:30,--
3/20/2026 8:45,--
3/20/2026 9:00,--
3/20/2026 9:15,--
3/20/2026 9:30,--
3/20/2026 9:45,--
3/20/2026 10:00,--
3/20/2026 10:15,--
3/20/2026 10:30,--
3/20/2026 10:45,--
3/20/2026 11:00,--
3/20/2026 11:15,--
3/20/2026 11:30,--
3/20/2026 11:45,--
3/20/2026 12:00,--
3/20/2026 12:15,--
3/20/2026 12:30,--
3/20/2026 12:45,--
3/20/2026 13:00,--
3/20/2026 13:15,--
3/20/2026 13:30,--
3/20/2026 13:45,--
3/20/2026 14:00,--
3/20/2026 14:15,--
3/20/2026 14:30,--
3/20/2026 14:45,--
3/20/2026 15:00,--
3/20/2026 15:15,--
3/20/2026 15:30,--
3/20/2026 15:45,--
3/20/2026 16:00,--
3/20/2026 16:15,--
3/20/2026 16:30,--
3/20/2026 16:45,--
3/20/2026 17:00,--
3/20/2026 17:15,--
3/20/2026 17:30,--
3/20/2026 17:45,--
3/20/2026 18:00,--
3/20/2026 18:15,--
3/20/2026 18:30,--
3/20/2026 18:45,--
3/20/2026 19:00,--
3/20/2026 19:15,--
3/20/2026 19:30,--
3/20/2026 19:45,--
3/20/2026 20:00,--
3/20/2026 20:15,--
3/20/2026 20:30,--
3/20/2026 20:45,--
3/20/2026 21:00,--
3/20/2026 21:15,--
3/20/2026 21:30,--
3/20/2026 21:45,--
3/20/2026 22:00,--
3/20/2026 22:15,--
3/20/2026 22:30,--
3/20/2026 22:45,--
3/20/2026 23:00,--
3/20/2026 23:15,--
3/20/2026 23:30,--
3/20/2026 23:45,--
3/21/2026 0:00,--
3/21/2026 0:15,--
3/21/2026 0:30,--
3/21/2026 0:45,--
3/21/2026 1:00,--
3/21/2026 1:15,--
3/21/2026 1:30,--
3/21/2026 1:45,--
3/21/2026 2:00,--
3/21/2026 2:15,--
3/21/2026 2:30,--
3/21/2026 2:45,--
3/21/2026 3:00,--
3/21/2026 3:15,--
3/21/2026 3:30,--
3/21/2026 3:45,--
3/21/2026 4:00,--
3/21/2026 4:15,--
3/21/2026 4:30,--
3/21/2026 4:45,--
3/21/2026 5:00,--
3/21/2026 5:15,--
3/21/2026 5:30,--
3/21/2026 5:45,--
3/21/2026 6:00,--
3/21/2026 6:15,--
3/21/2026 6:30,--
3/21/2026 6:45,--
3/21/2026 7:00,--
3/21/2026 7:15,--
3/21/2026 7:30,--
3/21/2026 7:45,--
3/21/2026 8:00,--
3/21/2026 8:15,--
3/21/2026 8:30,--
3/21/2026 8:45,--
3/21/2026 9:00,--
3/21/2026 9:15,--
3/21/2026 9:30,--
3/21/2026 9:45,--
3/21/2026 10:00,--
3/21/2026 10:15,--
3/21/2026 10:30,--
3/21/2026 10:45,--
3/21/2026 11:00,--
3/21/2026 11:15,--
3/21/2026 11:30,--
3/21/2026 11:45,--
3/21/2026 12:00,--
3/21/2026 12:15,--
3/21/2026 12:30,--
3/21/2026 12:45,--
3/21/2026 13:00,--
3/21/2026 13:15,--
3/21/2026 13:30,--
3/21/2026 13:45,--
3/21/2026 14:00,--
3/21/2026 14:15,--
3/21/2026 14:30,--
3/21/2026 14:45,--
3/21/2026 15:00,--
3/21/2026 15:15,--
3/21/2026 15:30,--
3/21/2026 15:45,--
3/21/2026 16:00,--
3/21/2026 16:15,--
3/21/2026 16:30,--
3/21/2026 16:45,--
3/21/2026 17:00,--
3/21/2026 17:15,--
3/21/2026 17:30,--
3/21/2026 17:45,--
3/21/2026 18:00,--
3/21/2026 18:15,--
3/21/2026 18:30,--
3/21/2026 18:45,--
3/21/2026 19:00,--
3/21/2026 19:15,--
3/21/2026 19:30,--
3/21/2026 19:45,--
3/21/2026 20:00,--
3/21/2026 20:15,--
3/21/2026 20:30,--
3/21/2026 20:45,--
3/21/2026 21:00,--
3/21/2026 21:15,--
3/21/2026 21:30,--
3/21/2026 21:45,--
3/21/2026 22:00,--
3/21/2026 22:15,--
3/21/2026 22:30,--
3/21/2026 22:45,--
3/21/2026 23:00,--
3/21/2026 23:15,--
3/21/2026 23:30,--
3/21/2026 23:45,--
3/22/2026 0:00,--
3/22/2026 0:15,--
3/22/2026 0:30,--
3/22/2026 0:45,--
3/22/2026 1:00,--
3/22/2026 1:15,--
3/22/2026 1:30,--
3/22/2026 1:45,--
3/22/2026 2:00,--
3/22/2026 2:15,--
3/22/2026 2:30,--
3/22/2026 2:45,--
3/22/2026 3:00,--
3/22/2026 3:15,--
3/22/2026 3:30,--
3/22/2026 3:45,--
3/22/2026 4:00,--
3/22/2026 4:15,--
3/22/2026 4:30,--
3/22/2026 4:45,--
3/22/2026 5:00,--
3/22/2026 5:15,--
3/22/2026 5:30,--
3/22/2026 5:45,--
3/22/2026 6:00,--
3/22/2026 6:15,--
3/22/2026 6:30,--
3/22/2026 6:45,--
3/22/2026 7:00,--
3/22/2026 7:15,--
3/22/2026 7:30,--
3/22/2026 7:45,--
3/22/2026 8:00,--
3/22/2026 8:15,--
3/22/2026 8:30,--
3/22/2026 8:45,--
3/22/2026 9:00,--
3/22/2026 9:15,--
3/22/2026 9:30,--
3/22/2026 9:45,--
3/22/2026 10:00,--
3/22/2026 10:15,--
3/22/2026 10:30,--
3/22/2026 10:45,--
3/22/2026 11:00,--
3/22/2026 11:15,--
3/22/2026 11:30,--
3/22/2026 11:45,--
3/22/2026 12:00,--
3/22/2026 12:15,--
3/22/2026 12:30,--
3/22/2026 12:45,--
3/22/2026 13:00,--
3/22/2026 13:15,--
3/22/2026 13:30,--
3/22/2026 13:45,--
3/22/2026 14:00,--
3/22/2026 14:15,--
3/22/2026 14:30,--
3/22/2026 14:45,--
3/22/2026 15:00,--
3/22/2026 15:15,--
3/22/2026 15:30,--
3/22/2026 15:45,--
3/22/2026 16:00,--
3/22/2026 16:15,--
3/22/2026 16:30,--
3/22/2026 16:45,--
3/22/2026 17:00,--
3/22/2026 17:15,--
3/22/2026 17:30,--
3/22/2026 17:45,--
3/22/2026 18:00,--
3/22/2026 18:15,--
3/22/2026 18:30,--
3/22/2026 18:45,--
3/22/2026 19:00,--
3/22/2026 19:15,--
3/22/2026 19:30,--
3/22/2026 19:45,--
3/22/2026 20:00,--
3/22/2026 20:15,--
3/22/2026 20:30,--
3/22/2026 20:45,--
3/22/2026 21:00,--
3/22/2026 21:15,--
3/22/2026 21:30,--
3/22/2026 21:45,--
3/22/2026 22:00,--
3/22/2026 22:15,--
3/22/2026 22:30,--
3/22/2026 22:45,--
3/22/2026 23:00,--
3/22/2026 23:15,--
3/22/2026 23:30,--
3/22/2026 23:45,--
3/23/2026 0:00,--
3/23/2026 0:15,--
3/23/2026 0:30,--
3/23/2026 0:45,--
3/23/2026 1:00,--
3/23/2026 1:15,--
3/23/2026 1:30,--
3/23/2026 1:45,--
3/23/2026 2:00,--
3/23/2026 2:15,--
3/23/2026 2:30,--
3/23/2026 2:45,--
3/23/2026 3:00,--
3/23/2026 3:15,--
3/23/2026 3:30,--
3/23/2026 3:45,--
3/23/2026 4:00,--
3/23/2026 4:15,--
3/23/2026 4:30,--
3/23/2026 4:45,--
3/23/2026 5:00,--
3/23/2026 5:15,--
3/23/2026 5:30,--
3/23/2026 5:45,--
3/23/2026 6:00,--
3/23/2026 6:15,--
3/23/2026 6:30,--
3/23/2026 6:45,--
3/23/2026 7:00,--
3/23/2026 7:15,--
3/23/2026 7:30,--
3/23/2026 7:45,--
3/23/2026 8:00,--
3/23/2026 8:15,--
3/23/2026 8:30,--
3/23/2026 8:45,--
3/23/2026 9:00,--
3/23/2026 9:15,--
3/23/2026 9:30,--
3/23/2026 9:45,--
3/23/2026 10:00,--
3/23/2026 10:15,--
3/23/2026 10:30,--
3/23/2026 10:45,--
3/23/2026 11:00,--
3/23/2026 11:15,--
3/23/2026 11:30,--
3/23/2026 11:45,--
3/23/2026 12:00,--
3/23/2026 12:15,--
3/23/2026 12:30,--
3/23/2026 12:45,--
3/23/2026 13:00,--
3/23/2026 13:15,--
3/23/2026 13:30,--
3/23/2026 13:45,--
3/23/2026 14:00,--
3/23/2026 14:15,--
3/23/2026 14:30,--
3/23/2026 14:45,--
3/23/2026 15:00,--
3/23/2026 15:15,--
3/23/2026 15:30,--
3/23/2026 15:45,--
3/23/2026 16:00,--
3/23/2026 16:15,--
3/23/2026 16:30,--
3/23/2026 16:45,--
3/23/2026 17:00,--
3/23/2026 17:15,--
3/23/2026 17:30,--
3/23/2026 17:45,--
3/23/2026 18:00,--
3/23/2026 18:15,--
3/23/2026 18:30,--
3/23/2026 18:45,--
3/23/2026 19:00,--
3/23/2026 19:15,--
3/23/2026 19:30,--
3/23/2026 19:45,--
3/23/2026 20:00,--
3/23/2026 20:15,--
3/23/2026 20:30,--
3/23/2026 20:45,--
3/23/2026 21:00,--
3/23/2026 21:15,--
3/23/2026 21:30,--
3/23/2026 21:45,--
3/23/2026 22:00,--
3/23/2026 22:15,--
3/23/2026 22:30,--
3/23/2026 22:45,--
3/23/2026 23:00,--
3/23/2026 23:15,--
3/23/2026 23:30,--
3/23/2026 23:45,--
3/24/2026 0:00,--
3/24/2026 0:15,--
3/24/2026 0:30,--
3/24/2026 0:45,--
3/24/2026 1:00,--
3/24/2026 1:15,--
3/24/2026 1:30,--
3/24/2026 1:45,--
3/24/2026 2:00,--
3/24/2026 2:15,--
3/24/2026 2:30,--
3/24/2026 2:45,--
3/24/2026 3:00,--
3/24/2026 3:15,--
3/24/2026 3:30,--
3/24/2026 3:45,--
3/24/2026 4:00,--
3/24/2026 4:15,--
3/24/2026 4:30,--
3/24/2026 4:45,--
3/24/2026 5:00,--
3/24/2026 5:15,--
3/24/2026 5:30,--
3/24/2026 5:45,--
3/24/2026 6:00,--
3/24/2026 6:15,--
3/24/2026 6:30,--
3/24/2026 6:45,--
3/24/2026 7:00,--
3/24/2026 7:15,--
3/24/2026 7:30,--
3/24/2026 7:45,--
3/24/2026 8:00,--
3/24/2026 8:15,--
3/24/2026 8:30,--
3/24/2026 8:45,--
3/24/2026 9:00,--
3/24/2026 9:15,--
3/24/2026 9:30,--
3/24/2026 9:45,--
3/24/2026 10:00,--
3/24/2026 10:15,--
3/24/2026 10:30,--
3/24/2026 10:45,--
3/24/2026 11:00,--
3/24/2026 11:15,--
3/24/2026 11:30,--
3/24/2026 11:45,--
3/24/2026 12:00,--
3/24/2026 12:15,--
3/24/2026 12:30,--
3/24/2026 12:45,--
3/24/2026 13:00,--
3/24/2026 13:15,--
3/24/2026 13:30,--
3/24/2026 13:45,--
3/24/2026 14:00,--
3/24/2026 14:15,--
3/24/2026 14:30,--
3/24/2026 14:45,--
3/24/2026 15:00,--
3/24/2026 15:15,--
3/24/2026 15:30,--
3/24/2026 15:45,--
3/24/2026 16:00,--
3/24/2026 16:15,--
3/24/2026 16:30,--
3/24/2026 16:45,--
3/24/2026 17:00,--
3/24/2026 17:15,--
3/24/2026 17:30,--
3/24/2026 17:45,--
3/24/2026 18:00,--
3/24/2026 18:15,--
3/24/2026 18:30,--
3/24/2026 18:45,--
3/24/2026 19:00,--
3/24/2026 19:15,--
3/24/2026 19:30,--
3/24/2026 19:45,--
3/24/2026 20:00,--
3/24/2026 20:15,--
3/24/2026 20:30,--
3/24/2026 20:45,--
3/24/2026 21:00,--
3/24/2026 21:15,--
3/24/2026 21:30,--
3/24/2026 21:45,--
3/24/2026 22:00,--
3/24/2026 22:15,--
3/24/2026 22:30,--
3/24/2026 22:45,--
3/24/2026 23:00,--
3/24/2026 23:15,--
3/24/2026 23:30,--
3/24/2026 23:45,--
3/25/2026 0:00,--
3/25/2026 0:15,--
3/25/2026 0:30,--
3/25/2026 0:45,--
3/25/2026 1:00,--
3/25/2026 1:15,--
3/25/2026 1:30,--
3/25/2026 1:45,--
3/25/2026 2:00,--
3/25/2026 2:15,--
3/25/2026 2:30,--
3/25/2026 2:45,--
3/25/2026 3:00,--
3/25/2026 3:15,--
3/25/2026 3:30,--
3/25/2026 3:45,--
3/25/2026 4:00,--
3/25/2026 4:15,--
3/25/2026 4:30,--
3/25/2026 4:45,--
3/25/2026 5:00,--
3/25/2026 5:15,--
3/25/2026 5:30,--
3/25/2026 5:45,--
3/25/2026 6:00,--
3/25/2026 6:15,--
3/25/2026 6:30,--
3/25/2026 6:45,--
3/25/2026 7:00,--
3/25/2026 7:15,--
3/25/2026 7:30,--
3/25/2026 7:45,--
3/25/2026 8:00,--
3/25/2026 8:15,--
3/25/2026 8:30,--
3/25/2026 8:45,--
3/25/2026 9:00,--
3/25/2026 9:15,--
3/25/2026 9:30,--
3/25/2026 9:45,--
3/25/2026 10:00,--
3/25/2026 10:15,--
3/25/2026 10:30,--
3/25/2026 10:45,--
3/25/2026 11:00,--
3/25/2026 11:15,--
3/25/2026 11:30,--
3/25/2026 11:45,--
3/25/2026 12:00,--
3/25/2026 12:15,--
3/25/2026 12:30,--
3/25/2026 12:45,--
3/25/2026 13:00,--
3/25/2026 13:15,--
3/25/2026 13:30,--
3/25/2026 13:45,--
3/25/2026 14:00,--
3/25/2026 14:15,--
3/25/2026 14:30,--
3/25/2026 14:45,--
3/25/2026 15:00,--
3/25/2026 15:15,--
3/25/2026 15:30,--
3/25/2026 15:45,--
3/25/2026 16:00,--
3/25/2026 16:15,--
3/25/2026 16:30,--
3/25/2026 16:45,--
3/25/2026 17:00,--
3/25/2026 17:15,--
3/25/2026 17:30,--
3/25/2026 17:45,--
3/25/2026 18:00,--
3/25/2026 18:15,--
3/25/2026 18:30,--
3/25/2026 18:45,--
3/25/2026 19:00,--
3/25/2026 19:15,--
3/25/2026 19:30,--
3/25/2026 19:45,--
3/25/2026 20:00,--
3/25/2026 20:15,--
3/25/2026 20:30,--
3/25/2026 20:45,--
3/25/2026 21:00,--
3/25/2026 21:15,--
3/25/2026 21:30,--
3/25/2026 21:45,--
3/25/2026 22:00,--
3/25/2026 22:15,--
3/25/2026 22:30,--
3/25/2026 22:45,--
3/25/2026 23:00,--
3/25/2026 23:15,--
3/25/2026 23:30,--
3/25/2026 23:45,--
3/26/2026 0:00,--
3/26/2026 0:15,--
3/26/2026 0:30,--
3/26/2026 0:45,--
3/26/2026 1:00,--
3/26/2026 1:15,--
3/26/2026 1:30,--
3/26/2026 1:45,--
3/26/2026 2:00,--
3/26/2026 2:15,--
3/26/2026 2:30,--
3/26/2026 2:45,--
3/26/2026 3:00,--
3/26/2026 3:15,--
3/26/2026 3:30,--
3/26/2026 3:45,--
3/26/2026 4:00,--
3/26/2026 4:15,--
3/26/2026 4:30,--
3/26/2026 4:45,--
3/26/2026 5:00,--
3/26/2026 5:15,--
3/26/2026 5:30,--
3/26/2026 5:45,--
3/26/2026 6:00,--
3/26/2026 6:15,--
3/26/2026 6:30,--
3/26/2026 6:45,--
3/26/2026 7:00,--
3/26/2026 7:15,--
3/26/2026 7:30,--
3/26/2026 7:45,--
3/26/2026 8:00,--
3/26/2026 8:15,--
3/26/2026 8:30,--
3/26/2026 8:45,--
3/26/2026 9:00,--
3/26/2026 9:15,--
3/26/2026 9:30,--
3/26/2026 9:45,--
3/26/2026 10:00,--
3/26/2026 10:15,--
3/26/2026 10:30,--
3/26/2026 10:45,--
3/26/2026 11:00,--
3/26/2026 11:15,--
3/26/2026 11:30,--
3/26/2026 11:45,--
3/26/2026 12:00,--
3/26/2026 12:15,--
3/26/2026 12:30,--
3/26/2026 12:45,--
3/26/2026 13:00,--
3/26/2026 13:15,--
3/26/2026 13:30,--
3/26/2026 13:45,--
3/26/2026 14:00,--
3/26/2026 14:15,--
3/26/2026 14:30,--
3/26/2026 14:45,--
3/26/2026 15:00,--
3/26/2026 15:15,--
3/26/2026 15:30,--
3/26/2026 15:45,--
3/26/2026 16:00,--
3/26/2026 16:15,--
3/26/2026 16:30,--
3/26/2026 16:45,--
3/26/2026 17:00,--
3/26/2026 17:15,--
3/26/2026 17:30,--
3/26/2026 17:45,--
3/26/2026 18:00,--
3/26/2026 18:15,--
3/26/2026 18:30,--
3/26/2026 18:45,--
3/26/2026 19:00,--
3/26/2026 19:15,--
3/26/2026 19:30,--
3/26/2026 19:45,--
3/26/2026 20:00,--
3/26/2026 20:15,--
3/26/2026 20:30,--
3/26/2026 20:45,--
3/26/2026 21:00,--
3/26/2026 21:15,--
3/26/2026 21:30,--
3/26/2026 21:45,--
3/26/2026 22:00,--
3/26/2026 22:15,--
3/26/2026 22:30,--
3/26/2026 22:45,--
3/26/2026 23:00,--
3/26/2026 23:15,--
3/26/2026 23:30,--
3/26/2026 23:45,--
3/27/2026 0:00,--
3/27/2026 0:15,--
3/27/2026 0:30,--
3/27/2026 0:45,--
3/27/2026 1:00,--
3/27/2026 1:15,--
3/27/2026 1:30,--
3/27/2026 1:45,--
3/27/2026 2:00,--
3/27/2026 2:15,--
3/27/2026 2:30,--
3/27/2026 2:45,--
3/27/2026 3:00,--
3/27/2026 3:15,--
3/27/2026 3:30,--
3/27/2026 3:45,--
3/27/2026 4:00,--
3/27/2026 4:15,--
3/27/2026 4:30,--
3/27/2026 4:45,--
3/27/2026 5:00,--
3/27/2026 5:15,--
3/27/2026 5:30,--
3/27/2026 5:45,--
3/27/2026 6:00,--
3/27/2026 6:15,--
3/27/2026 6:30,--
3/27/2026 6:45,--
3/27/2026 7:00,--
3/27/2026 7:15,--
3/27/2026 7:30,--
3/27/2026 7:45,--
3/27/2026 8:00,--
3/27/2026 8:15,--
3/27/2026 8:30,--
3/27/2026 8:45,--
3/27/2026 9:00,--
3/27/2026 9:15,--
3/27/2026 9:30,--
3/27/2026 9:45,--
3/27/2026 10:00,--
3/27/2026 10:15,--
3/27/2026 10:30,--
3/27/2026 10:45,--
3/27/2026 11:00,--
3/27/2026 11:15,--
3/27/2026 11:30,--
3/27/2026 11:45,--
3/27/2026 12:00,--
3/27/2026 12:15,--
3/27/2026 12:30,--
3/27/2026 12:45,--
3/27/2026 13:00,--
3/27/2026 13:15,--
3/27/2026 13:30,--
3/27/2026 13:45,--
3/27/2026 14:00,--
3/27/2026 14:15,--
3/27/2026 14:30,--
3/27/2026 14:45,--
3/27/2026 15:00,--
3/27/2026 15:15,--
3/27/2026 15:30,--
3/27/2026 15:45,--
3/27/2026 16:00,--
3/27/2026 16:15,--
3/27/2026 16:30,--
3/27/2026 16:45,--
3/27/2026 17:00,--
3/27/2026 17:15,--
3/27/2026 17:30,--
3/27/2026 17:45,--
3/27/2026 18:00,--
3/27/2026 18:15,--
3/27/2026 18:30,--
3/27/2026 18:45,--
3/27/2026 19:00,--
3/27/2026 19:15,--
3/27/2026 19:30,--
3/27/2026 19:45,--
3/27/2026 20:00,--
3/27/2026 20:15,--
3/27/2026 20:30,--
3/27/2026 20:45,--
3/27/2026 21:00,--
3/27/2026 21:15,--
3/27/2026 21:30,--
3/27/2026 21:45,--
3/27/2026 22:00,--
3/27/2026 22:15,--
3/27/2026 22:30,--
3/27/2026 22:45,--
3/27/2026 23:00,--
3/27/2026 23:15,--
3/27/2026 23:30,--
3/27/2026 23:45,--
3/28/2026 0:00,--
3/28/2026 0:15,--
3/28/2026 0:30,--
3/28/2026 0:45,--
3/28/2026 1:00,--
3/28/2026 1:15,--
3/28/2026 1:30,--
3/28/2026 1:45,--
3/28/2026 2:00,--
3/28/2026 2:15,--
3/28/2026 2:30,--
3/28/2026 2:45,--
3/28/2026 3:00,--
3/28/2026 3:15,--
3/28/2026 3:30,--
3/28/2026 3:45,--
3/28/2026 4:00,--
3/28/2026 4:15,--
3/28/2026 4:30,--
3/28/2026 4:45,--
3/28/2026 5:00,--
3/28/2026 5:15,--
3/28/2026 5:30,--
3/28/2026 5:45,--
3/28/2026 6:00,--
3/28/2026 6:15,--
3/28/2026 6:30,--
3/28/2026 6:45,--
3/28/2026 7:00,--
3/28/2026 7:15,--
3/28/2026 7:30,--
3/28/2026 7:45,--
3/28/2026 8:00,--
3/28/2026 8:15,--
3/28/2026 8:30,--
3/28/2026 8:45,--
3/28/2026 9:00,--
3/28/2026 9:15,--
3/28/2026 9:30,--
3/28/2026 9:45,--
3/28/2026 10:00,--
3/28/2026 10:15,--
3/28/2026 10:30,--
3/28/2026 10:45,--
3/28/2026 11:00,--
3/28/2026 11:15,--
3/28/2026 11:30,--
3/28/2026 11:45,--
3/28/2026 12:00,--
3/28/2026 12:15,--
3/28/2026 12:30,--
3/28/2026 12:45,--
3/28/2026 13:00,--
3/28/2026 13:15,--
3/28/2026 13:30,--
3/28/2026 13:45,--
3/28/2026 14:00,--
3/28/2026 14:15,--
3/28/2026 14:30,--
3/28/2026 14:45,--
3/28/2026 15:00,--
3/28/2026 15:15,--
3/28/2026 15:30,--
3/28/2026 15:45,--
3/28/2026 16:00,--
3/28/2026 16:15,--
3/28/2026 16:30,--
3/28/2026 16:45,--
3/28/2026 17:00,--
3/28/2026 17:15,--
3/28/2026 17:30,--
3/28/2026 17:45,--
3/28/2026 18:00,--
3/28/2026 18:15,--
3/28/2026 18:30,--
3/28/2026 18:45,--
3/28/2026 19:00,--
3/28/2026 19:15,--
3/28/2026 19:30,--
3/28/2026 19:45,--
3/28/2026 20:00,--
3/28/2026 20:15,--
3/28/2026 20:30,--
3/28/2026 20:45,--
3/28/2026 21:00,--
3/28/2026 21:15,--
3/28/2026 21:30,--
3/28/2026 21:45,--
3/28/2026 22:00,--
3/28/2026 22:15,--
3/28/2026 22:30,--
3/28/2026 22:45,--
3/28/2026 23:00,--
3/28/2026 23:15,--
3/28/2026 23:30,--
3/28/2026 23:45,--
3/29/2026 0:00,--
3/29/2026 0:15,--
3/29/2026 0:30,--
3/29/2026 0:45,--
3/29/2026 1:00,--
3/29/2026 1:15,--
3/29/2026 1:30,--
3/29/2026 1:45,--
3/29/2026 2:00,--
3/29/2026 2:15,--
3/29/2026 2:30,--
3/29/2026 2:45,--
3/29/2026 3:00,--
3/29/2026 3:15,--
3/29/2026 3:30,--
3/29/2026 3:45,--
3/29/2026 4:00,--
3/29/2026 4:15,--
3/29/2026 4:30,--
3/29/2026 4:45,--
3/29/2026 5:00,--
3/29/2026 5:15,--
3/29/2026 5:30,--
3/29/2026 5:45,--
3/29/2026 6:00,--
3/29/2026 6:15,--
3/29/2026 6:30,--
3/29/2026 6:45,--
3/29/2026 7:00,--
3/29/2026 7:15,--
3/29/2026 7:30,--
3/29/2026 7:45,--
3/29/2026 8:00,--
3/29/2026 8:15,--
3/29/2026 8:30,--
3/29/2026 8:45,--
3/29/2026 9:00,--
3/29/2026 9:15,--
3/29/2026 9:30,--
3/29/2026 9:45,--
3/29/2026 10:00,--
3/29/2026 10:15,--
3/29/2026 10:30,--
3/29/2026 10:45,--
3/29/2026 11:00,--
3/29/2026 11:15,--
3/29/2026 11:30,--
3/29/2026 11:45,--
3/29/2026 12:00,--
3/29/2026 12:15,--
3/29/2026 12:30,--
3/29/2026 12:45,--
3/29/2026 13:00,--
3/29/2026 13:15,--
3/29/2026 13:30,--
3/29/2026 13:45,--
3/29/2026 14:00,--
3/29/2026 14:15,--
3/29/2026 14:30,--
3/29/2026 14:45,--
3/29/2026 15:00,--
3/29/2026 15:15,--
3/29/2026 15:30,--
3/29/2026 15:45,--
3/29/2026 16:00,--
3/29/2026 16:15,--
3/29/2026 16:30,--
3/29/2026 16:45,--
3/29/2026 17:00,--
3/29/2026 17:15,--
3/29/2026 17:30,--
3/29/2026 17:45,--
3/29/2026 18:00,--
3/29/2026 18:15,--
3/29/2026 18:30,--
3/29/2026 18:45,--
3/29/2026 19:00,--
3/29/2026 19:15,--
3/29/2026 19:30,--
3/29/2026 19:45,--
3/29/2026 20:00,--
3/29/2026 20:15,--
3/29/2026 20:30,--
3/29/2026 20:45,--
3/29/2026 21:00,--
3/29/2026 21:15,--
3/29/2026 21:30,--
3/29/2026 21:45,--
3/29/2026 22:00,--
3/29/2026 22:15,--
3/29/2026 22:30,--
3/29/2026 22:45,--
3/29/2026 23:00,--
3/29/2026 23:15,--
3/29/2026 23:30,--
3/29/2026 23:45,--
3/30/2026 0:00,--
3/30/2026 0:15,--
3/30/2026 0:30,--
3/30/2026 0:45,--
3/30/2026 1:00,--
3/30/2026 1:15,--
3/30/2026 1:30,--
3/30/2026 1:45,--
3/30/2026 2:00,--
3/30/2026 2:15,--
3/30/2026 2:30,--
3/30/2026 2:45,--
3/30/2026 3:00,--
3/30/2026 3:15,--
3/30/2026 3:30,--
3/30/2026 3:45,--
3/30/2026 4:00,--
3/30/2026 4:15,--
3/30/2026 4:30,--
3/30/2026 4:45,--
3/30/2026 5:00,--
3/30/2026 5:15,--
3/30/2026 5:30,--
3/30/2026 5:45,--
3/30/2026 6:00,--
3/30/2026 6:15,--
3/30/2026 6:30,--
3/30/2026 6:45,--
3/30/2026 7:00,--
3/30/2026 7:15,--
3/30/2026 7:30,--
3/30/2026 7:45,--
3/30/2026 8:00,--
3/30/2026 8:15,--
3/30/2026 8:30,--
3/30/2026 8:45,--
3/30/2026 9:00,--
3/30/2026 9:15,--
3/30/2026 9:30,--
3/30/2026 9:45,--
3/30/2026 10:00,--
3/30/2026 10:15,--
3/30/2026 10:30,--
3/30/2026 10:45,--
3/30/2026 11:00,--
3/30/2026 11:15,--
3/30/2026 11:30,--
3/30/2026 11:45,--
3/30/2026 12:00,--
3/30/2026 12:15,--
3/30/2026 12:30,--
3/30/2026 12:45,--
3/30/2026 13:00,--
3/30/2026 13:15,--
3/30/2026 13:30,--
3/30/2026 13:45,--
3/30/2026 14:00,--
3/30/2026 14:15,--
3/30/2026 14:30,--
3/30/2026 14:45,--
3/30/2026 15:00,--
3/30/2026 15:15,--
3/30/2026 15:30,--
3/30/2026 15:45,--
3/30/2026 16:00,--
3/30/2026 16:15,--
3/30/2026 16:30,--
3/30/2026 16:45,--
3/30/2026 17:00,--
3/30/2026 17:15,--
3/30/2026 17:30,--
3/30/2026 17:45,--
3/30/2026 18:00,--
3/30/2026 18:15,--
3/30/2026 18:30,--
3/30/2026 18:45,--
3/30/2026 19:00,--
3/30/2026 19:15,--
3/30/2026 19:30,--
3/30/2026 19:45,--
3/30/2026 20:00,--
3/30/2026 20:15,--
3/30/2026 20:30,--
3/30/2026 20:45,--
3/30/2026 21:00,--
3/30/2026 21:15,--
3/30/2026 21:30,--
3/30/2026 21:45,--
3/30/2026 22:00,--
3/30/2026 22:15,--
3/30/2026 22:30,--
3/30/2026 22:45,--
3/30/2026 23:00,--
3/30/2026 23:15,--
3/30/2026 23:30,--
3/30/2026 23:45,--
3/31/2026 0:00,--
3/31/2026 0:15,--
3/31/2026 0:30,--
3/31/2026 0:45,--
3/31/2026 1:00,--
3/31/2026 1:15,--
3/31/2026 1:30,--
3/31/2026 1:45,--
3/31/2026 2:00,--
3/31/2026 2:15,--
3/31/2026 2:30,--
3/31/2026 2:45,--
3/31/2026 3:00,--
3/31/2026 3:15,--
3/31/2026 3:30,--
3/31/2026 3:45,--
3/31/2026 4:00,--
3/31/2026 4:15,--
3/31/2026 4:30,--
3/31/2026 4:45,--
3/31/2026 5:00,--
3/31/2026 5:15,--
3/31/2026 5:30,--
3/31/2026 5:45,--
3/31/2026 6:00,--
3/31/2026 6:15,--
3/31/2026 6:30,--
3/31/2026 6:45,--
3/31/2026 7:00,--
3/31/2026 7:15,--
3/31/2026 7:30,--
3/31/2026 7:45,--
3/31/2026 8:00,--
3/31/2026 8:15,--
3/31/2026 8:30,--
3/31/2026 8:45,--
3/31/2026 9:00,--
3/31/2026 9:15,--
3/31/2026 9:30,--
3/31/2026 9:45,--
3/31/2026 10:00,--
3/31/2026 10:15,--
3/31/2026 10:30,--
3/31/2026 10:45,--
3/31/2026 11:00,--
3/31/2026 11:15,--
3/31/2026 11:30,--
3/31/2026 11:45,--
3/31/2026 12:00,--
3/31/2026 12:15,--
3/31/2026 12:30,--
3/31/2026 12:45,--
3/31/2026 13:00,--
3/31/2026 13:15,--
3/31/2026 13:30,--
3/31/2026 13:45,--
3/31/2026 14:00,--
3/31/2026 14:15,--
3/31/2026 14:30,--
3/31/2026 14:45,--
3/31/2026 15:00,--
3/31/2026 15:15,--
3/31/2026 15:30,--
3/31/2026 15:45,--
3/31/2026 16:00,--
3/31/2026 16:15,--
3/31/2026 16:30,--
3/31/2026 16:45,--
3/31/2026 17:00,--
3/31/2026 17:15,--
3/31/2026 17:30,--
3/31/2026 17:45,--
3/31/2026 18:00,--
3/31/2026 18:15,--
3/31/2026 18:30,--
3/31/2026 18:45,--
3/31/2026 19:00,--
3/31/2026 19:15,--
3/31/2026 19:30,--
3/31/2026 19:45,--
3/31/2026 20:00,--
3/31/2026 20:15,--
3/31/2026 20:30,--
3/31/2026 20:45,--
3/31/2026 21:00,--
3/31/2026 21:15,--
3/31/2026 21:30,--
3/31/2026 21:45,--
3/31/2026 22:00,--
3/31/2026 22:15,--
3/31/2026 22:30,--
3/31/2026 22:45,--
3/31/2026 23:00,--
3/31/2026 23:15,--
3/31/2026 23:30,--
3/31/2026 23:45,--
4/1/2026 0:00,--
4/1/2026 0:15,--
4/1/2026 0:30,--
4/1/2026 0:45,--
4/1/2026 1:00,--
4/1/2026 1:15,--
4/1/2026 1:30,--
4/1/2026 1:45,--
4/1/2026 2:00,--
4/1/2026 2:15,--
4/1/2026 2:30,--
4/1/2026 2:45,--
4/1/2026 3:00,--
4/1/2026 3:15,--
4/1/2026 3:30,--
4/1/2026 3:45,--
4/1/2026 4:00,--
4/1/2026 4:15,--
4/1/2026 4:30,--
4/1/2026 4:45,--
4/1/2026 5:00,--
4/1/2026 5:15,--
4/1/2026 5:30,--
4/1/2026 5:45,--
4/1/2026 6:00,--
4/1/2026 6:15,--
4/1/2026 6:30,--
4/1/2026 6:45,--
4/1/2026 7:00,--
4/1/2026 7:15,--
4/1/2026 7:30,--
4/1/2026 7:45,--
4/1/2026 8:00,--
4/1/2026 8:15,--
4/1/2026 8:30,--
4/1/2026 8:45,--
4/1/2026 9:00,--
4/1/2026 9:15,--
4/1/2026 9:30,--
4/1/2026 9:45,--
4/1/2026 10:00,--
4/1/2026 10:15,--
4/1/2026 10:30,--
4/1/2026 10:45,--
4/1/2026 11:00,--
4/1/2026 11:15,--
4/1/2026 11:30,--
4/1/2026 11:45,--
4/1/2026 12:00,--
4/1/2026 12:15,--
4/1/2026 12:30,--
4/1/2026 12:45,--
4/1/2026 13:00,--
4/1/2026 13:15,--
4/1/2026 13:30,--
4/1/2026 13:45,--
4/1/2026 14:00,--
4/1/2026 14:15,--
4/1/2026 14:30,--
4/1/2026 14:45,--
4/1/2026 15:00,--
4/1/2026 15:15,--
4/1/2026 15:30,--
4/1/2026 15:45,--
4/1/2026 16:00,--
4/1/2026 16:15,--
4/1/2026 16:30,--
4/1/2026 16:45,--
4/1/2026 17:00,--
4/1/2026 17:15,--
4/1/2026 17:30,--
4/1/2026 17:45,--
4/1/2026 18:00,--
4/1/2026 18:15,--
4/1/2026 18:30,--
4/1/2026 18:45,--
4/1/2026 19:00,--
4/1/2026 19:15,--
4/1/2026 19:30,--
4/1/2026 19:45,--
4/1/2026 20:00,--
4/1/2026 20:15,--
4/1/2026 20:30,--
4/1/2026 20:45,--
4/1/2026 21:00,--
4/1/2026 21:15,--
4/1/2026 21:30,--
4/1/2026 21:45,--
4/1/2026 22:00,--
4/1/2026 22:15,--
4/1/2026 22:30,--
4/1/2026 22:45,--
4/1/2026 23:00,--
4/1/2026 23:15,--
4/1/2026 23:30,--
4/1/2026 23:45,--
4/2/2026 0:00,--
4/2/2026 0:15,--
4/2/2026 0:30,--
4/2/2026 0:45,--
4/2/2026 1:00,--
4/2/2026 1:15,--
4/2/2026 1:30,--
4/2/2026 1:45,--
4/2/2026 2:00,--
4/2/2026 2:15,--
4/2/2026 2:30,--
4/2/2026 2:45,--
4/2/2026 3:00,--
4/2/2026 3:15,--
4/2/2026 3:30,--
4/2/2026 3:45,--
4/2/2026 4:00,--
4/2/2026 4:15,--
4/2/2026 4:30,--
4/2/2026 4:45,--
4/2/2026 5:00,--
4/2/2026 5:15,--
4/2/2026 5:30,--
4/2/2026 5:45,--
4/2/2026 6:00,--
4/2/2026 6:15,--
4/2/2026 6:30,--
4/2/2026 6:45,--
4/2/2026 7:00,--
4/2/2026 7:15,--
4/2/2026 7:30,--
4/2/2026 7:45,--
4/2/2026 8:00,--
4/2/2026 8:15,--
4/2/2026 8:30,--
4/2/2026 8:45,--
4/2/2026 9:00,--
4/2/2026 9:15,--
4/2/2026 9:30,--
4/2/2026 9:45,--
4/2/2026 10:00,--
4/2/2026 10:15,--
4/2/2026 10:30,--
4/2/2026 10:45,--
4/2/2026 11:00,--
4/2/2026 11:15,--
4/2/2026 11:30,--
4/2/2026 11:45,--
4/2/2026 12:00,--
4/2/2026 12:15,--
4/2/2026 12:30,--
4/2/2026 12:45,--
4/2/2026 13:00,--
4/2/2026 13:15,--
4/2/2026 13:30,--
4/2/2026 13:45,--
4/2/2026 14:00,--
4/2/2026 14:15,--
4/2/2026 14:30,--
4/2/2026 14:45,--
4/2/2026 15:00,--
4/2/2026 15:15,--
4/2/2026 15:30,--
4/2/2026 15:45,--
4/2/2026 16:00,--
4/2/2026 16:15,--
4/2/2026 16:30,--
4/2/2026 16:45,--
4/2/2026 17:00,--
4/2/2026 17:15,--
4/2/2026 17:30,--
4/2/2026 17:45,--
4/2/2026 18:00,--
4/2/2026 18:15,--
4/2/2026 18:30,--
4/2/2026 18:45,--
4/2/2026 19:00,--
4/2/2026 19:15,--
4/2/2026 19:30,--
4/2/2026 19:45,--
4/2/2026 20:00,--
4/2/2026 20:15,--
4/2/2026 20:30,--
4/2/2026 20:45,--
4/2/2026 21:00,--
4/2/2026 21:15,--
4/2/2026 21:30,--
4/2/2026 21:45,--
4/2/2026 22:00,--
4/2/2026 22:15,--
4/2/2026 22:30,--
4/2/2026 22:45,--
4/2/2026 23:00,--
4/2/2026 23:15,--
4/2/2026 23:30,--
4/2/2026 23:45,--
4/3/2026 0:00,--
4/3/2026 0:15,--
4/3/2026 0:30,--
4/3/2026 0:45,--
4/3/2026 1:00,--
4/3/2026 1:15,--
4/3/2026 1:30,--
4/3/2026 1:45,--
4/3/2026 2:00,--
4/3/2026 2:15,--
4/3/2026 2:30,--
4/3/2026 2:45,--
4/3/2026 3:00,--
4/3/2026 3:15,--
4/3/2026 3:30,--
4/3/2026 3:45,--
4/3/2026 4:00,--
4/3/2026 4:15,--
4/3/2026 4:30,--
4/3/2026 4:45,--
4/3/2026 5:00,--
4/3/2026 5:15,--
4/3/2026 5:30,--
4/3/2026 5:45,--
4/3/2026 6:00,--
4/3/2026 6:15,--
4/3/2026 6:30,--
4/3/2026 6:45,--
4/3/2026 7:00,--
4/3/2026 7:15,--
4/3/2026 7:30,--
4/3/2026 7:45,--
4/3/2026 8:00,--
4/3/2026 8:15,--
4/3/2026 8:30,--
4/3/2026 8:45,--
4/3/2026 9:00,--
4/3/2026 9:15,--
4/3/2026 9:30,--
4/3/2026 9:45,--
4/3/2026 10:00,--
4/3/2026 10:15,--
4/3/2026 10:30,--
4/3/2026 10:45,--
4/3/2026 11:00,--
4/3/2026 11:15,--
4/3/2026 11:30,--
4/3/2026 11:45,--
4/3/2026 12:00,--
4/3/2026 12:15,--
4/3/2026 12:30,--
4/3/2026 12:45,--
4/3/2026 13:00,--
4/3/2026 13:15,--
4/3/2026 13:30,--
4/3/2026 13:45,--
4/3/2026 14:00,--
4/3/2026 14:15,--
4/3/2026 14:30,--
4/3/2026 14:45,--
4/3/2026 15:00,--
4/3/2026 15:15,--
4/3/2026 15:30,--
4/3/2026 15:45,--
4/3/2026 16:00,--
4/3/2026 16:15,--
4/3/2026 16:30,--
4/3/2026 16:45,--
4/3/2026 17:00,--
4/3/2026 17:15,--
4/3/2026 17:30,--
4/3/2026 17:45,--
4/3/2026 18:00,--
4/3/2026 18:15,--
4/3/2026 18:30,--
4/3/2026 18:45,--
4/3/2026 19:00,--
4/3/2026 19:15,--
4/3/2026 19:30,--
4/3/2026 19:45,--
4/3/2026 20:00,--
4/3/2026 20:15,--
4/3/2026 20:30,--
4/3/2026 20:45,--
4/3/2026 21:00,--
4/3/2026 21:15,--
4/3/2026 21:30,--
4/3/2026 21:45,--
4/3/2026 22:00,--
4/3/2026 22:15,--
4/3/2026 22:30,--
4/3/2026 22:45,--
4/3/2026 23:00,--
4/3/2026 23:15,--
4/3/2026 23:30,--
4/3/2026 23:45,--
4/4/2026 0:00,--
4/4/2026 0:15,--
4/4/2026 0:30,--
4/4/2026 0:45,--
4/4/2026 1:00,--
4/4/2026 1:15,--
4/4/2026 1:30,--
4/4/2026 1:45,--
4/4/2026 2:00,--
4/4/2026 2:15,--
4/4/2026 2:30,--
4/4/2026 2:45,--
4/4/2026 3:00,--
4/4/2026 3:15,--
4/4/2026 3:30,--
4/4/2026 3:45,--
4/4/2026 4:00,--
4/4/2026 4:15,--
4/4/2026 4:30,--
4/4/2026 4:45,--
4/4/2026 5:00,--
4/4/2026 5:15,--
4/4/2026 5:30,--
4/4/2026 5:45,--
4/4/2026 6:00,--
4/4/2026 6:15,--
4/4/2026 6:30,--
4/4/2026 6:45,--
4/4/2026 7:00,--
4/4/2026 7:15,--
4/4/2026 7:30,--
4/4/2026 7:45,--
4/4/2026 8:00,--
4/4/2026 8:15,--
4/4/2026 8:30,--
4/4/2026 8:45,--
4/4/2026 9:00,--
4/4/2026 9:15,--
4/4/2026 9:30,--
4/4/2026 9:45,--
4/4/2026 10:00,--
4/4/2026 10:15,--
4/4/2026 10:30,--
4/4/2026 10:45,--
4/4/2026 11:00,--
4/4/2026 11:15,--
4/4/2026 11:30,--
4/4/2026 11:45,--
4/4/2026 12:00,--
4/4/2026 12:15,--
4/4/2026 12:30,--
4/4/2026 12:45,--
4/4/2026 13:00,--
4/4/2026 13:15,--
4/4/2026 13:30,--
4/4/2026 13:45,--
4/4/2026 14:00,--
4/4/2026 14:15,--
4/4/2026 14:30,--
4/4/2026 14:45,--
4/4/2026 15:00,--
4/4/2026 15:15,--
4/4/2026 15:30,--
4/4/2026 15:45,--
4/4/2026 16:00,--
4/4/2026 16:15,--
4/4/2026 16:30,--
4/4/2026 16:45,--
4/4/2026 17:00,--
4/4/2026 17:15,--
4/4/2026 17:30,--
4/4/2026 17:45,--
4/4/2026 18:00,--
4/4/2026 18:15,--
4/4/2026 18:30,--
4/4/2026 18:45,--
4/4/2026 19:00,--
4/4/2026 19:15,--
4/4/2026 19:30,--
4/4/2026 19:45,--
4/4/2026 20:00,--
4/4/2026 20:15,--
4/4/2026 20:30,--
4/4/2026 20:45,--
4/4/2026 21:00,--
4/4/2026 21:15,--
4/4/2026 21:30,--
4/4/2026 21:45,--
4/4/2026 22:00,--
4/4/2026 22:15,--
4/4/2026 22:30,--
4/4/2026 22:45,--
4/4/2026 23:00,--
4/4/2026 23:15,--
4/4/2026 23:30,--
4/4/2026 23:45,--
4/5/2026 0:00,--
4/5/2026 0:15,--
4/5/2026 0:30,--
4/5/2026 0:45,--
4/5/2026 1:00,--
4/5/2026 1:15,--
4/5/2026 1:30,--
4/5/2026 1:45,--
4/5/2026 2:00,--
4/5/2026 2:15,--
4/5/2026 2:30,--
4/5/2026 2:45,--
4/5/2026 3:00,--
4/5/2026 3:15,--
4/5/2026 3:30,--
4/5/2026 3:45,--
4/5/2026 4:00,--
4/5/2026 4:15,--
4/5/2026 4:30,--
4/5/2026 4:45,--
4/5/2026 5:00,--
4/5/2026 5:15,--
4/5/2026 5:30,--
4/5/2026 5:45,--
4/5/2026 6:00,--
4/5/2026 6:15,--
4/5/2026 6:30,--
4/5/2026 6:45,--
4/5/2026 7:00,--
4/5/2026 7:15,--
4/5/2026 7:30,--
4/5/2026 7:45,--
4/5/2026 8:00,--
4/5/2026 8:15,--
4/5/2026 8:30,--
4/5/2026 8:45,--
4/5/2026 9:00,--
4/5/2026 9:15,--
4/5/2026 9:30,--
4/5/2026 9:45,--
4/5/2026 10:00,--
4/5/2026 10:15,--
4/5/2026 10:30,--
4/5/2026 10:45,--
4/5/2026 11:00,--
4/5/2026 11:15,--
4/5/2026 11:30,--
4/5/2026 11:45,--
4/5/2026 12:00,--
4/5/2026 12:15,--
4/5/2026 12:30,--
4/5/2026 12:45,--
4/5/2026 13:00,--
4/5/2026 13:15,--
4/5/2026 13:30,--
4/5/2026 13:45,--
4/5/2026 14:00,--
4/5/2026 14:15,--
4/5/2026 14:30,--
4/5/2026 14:45,--
4/5/2026 15:00,--
4/5/2026 15:15,--
4/5/2026 15:30,--
4/5/2026 15:45,--
4/5/2026 16:00,--
4/5/2026 16:15,--
4/5/2026 16:30,--
4/5/2026 16:45,--
4/5/2026 17:00,--
4/5/2026 17:15,--
4/5/2026 17:30,--
4/5/2026 17:45,--
4/5/2026 18:00,--
4/5/2026 18:15,--
4/5/2026 18:30,--
4/5/2026 18:45,--
4/5/2026 19:00,--
4/5/2026 19:15,--
4/5/2026 19:30,--
4/5/2026 19:45,--
4/5/2026 20:00,--
4/5/2026 20:15,--
4/5/2026 20:30,--
4/5/2026 20:45,--
4/5/2026 21:00,--
4/5/2026 21:15,--
4/5/2026 21:30,--
4/5/2026 21:45,--
4/5/2026 22:00,--
4/5/2026 22:15,--
4/5/2026 22:30,--
4/5/2026 22:45,--
4/5/2026 23:00,--
4/5/2026 23:15,--
4/5/2026 23:30,--
4/5/2026 23:45,--
4/6/2026 0:00,--
4/6/2026 0:15,--
4/6/2026 0:30,--
4/6/2026 0:45,--
4/6/2026 1:00,--
4/6/2026 1:15,--
4/6/2026 1:30,--
4/6/2026 1:45,--
4/6/2026 2:00,--
4/6/2026 2:15,--
4/6/2026 2:30,--
4/6/2026 2:45,--
4/6/2026 3:00,--
4/6/2026 3:15,--
4/6/2026 3:30,--
4/6/2026 3:45,--
4/6/2026 4:00,--
4/6/2026 4:15,--
4/6/2026 4:30,--
4/6/2026 4:45,--
4/6/2026 5:00,--
4/6/2026 5:15,--
4/6/2026 5:30,--
4/6/2026 5:45,--
4/6/2026 6:00,--
4/6/2026 6:15,--
4/6/2026 6:30,--
4/6/2026 6:45,--
4/6/2026 7:00,--
4/6/2026 7:15,--
4/6/2026 7:30,--
4/6/2026 7:45,--
4/6/2026 8:00,--
4/6/2026 8:15,--
4/6/2026 8:30,--
4/6/2026 8:45,--
4/6/2026 9:00,--
4/6/2026 9:15,--
4/6/2026 9:30,--
4/6/2026 9:45,--
4/6/2026 10:00,--
4/6/2026 10:15,--
4/6/2026 10:30,--
4/6/2026 10:45,--
4/6/2026 11:00,--
4/6/2026 11:15,--
4/6/2026 11:30,--
4/6/2026 11:45,--
4/6/2026 12:00,--
4/6/2026 12:15,--
4/6/2026 12:30,--
4/6/2026 12:45,--
4/6/2026 13:00,--
4/6/2026 13:15,--
4/6/2026 13:30,--
4/6/2026 13:45,--
4/6/2026 14:00,--
4/6/2026 14:15,--
4/6/2026 14:30,--
4/6/2026 14:45,--
4/6/2026 15:00,--
4/6/2026 15:15,--
4/6/2026 15:30,--
4/6/2026 15:45,--
4/6/2026 16:00,--
4/6/2026 16:15,--
4/6/2026 16:30,--
4/6/2026 16:45,--
4/6/2026 17:00,--
4/6/2026 17:15,--
4/6/2026 17:30,--
4/6/2026 17:45,--
4/6/2026 18:00,--
4/6/2026 18:15,--
4/6/2026 18:30,--
4/6/2026 18:45,--
4/6/2026 19:00,--
4/6/2026 19:15,--
4/6/2026 19:30,--
4/6/2026 19:45,--
4/6/2026 20:00,--
4/6/2026 20:15,--
4/6/2026 20:30,--
4/6/2026 20:45,--
4/6/2026 21:00,--
4/6/2026 21:15,--
4/6/2026 21:30,--
4/6/2026 21:45,--
4/6/2026 22:00,--
4/6/2026 22:15,--
4/6/2026 22:30,--
4/6/2026 22:45,--
4/6/2026 23:00,--
4/6/2026 23:15,--
4/6/2026 23:30,--
4/6/2026 23:45,--
4/7/2026 0:00,--
4/7/2026 0:15,--
4/7/2026 0:30,--
4/7/2026 0:45,--
4/7/2026 1:00,--
4/7/2026 1:15,--
4/7/2026 1:30,--
4/7/2026 1:45,--
4/7/2026 2:00,--
4/7/2026 2:15,--
4/7/2026 2:30,--
4/7/2026 2:45,--
4/7/2026 3:00,--
4/7/2026 3:15,--
4/7/2026 3:30,--
4/7/2026 3:45,--
4/7/2026 4:00,--
4/7/2026 4:15,--
4/7/2026 4:30,--
4/7/2026 4:45,--
4/7/2026 5:00,--
4/7/2026 5:15,--
4/7/2026 5:30,--
4/7/2026 5:45,--
4/7/2026 6:00,--
4/7/2026 6:15,--
4/7/2026 6:30,--
4/7/2026 6:45,--
4/7/2026 7:00,--
4/7/2026 7:15,--
4/7/2026 7:30,--
4/7/2026 7:45,--
4/7/2026 8:00,--
4/7/2026 8:15,--
4/7/2026 8:30,--
4/7/2026 8:45,--
4/7/2026 9:00,--
4/7/2026 9:15,--
4/7/2026 9:30,--
4/7/2026 9:45,--
4/7/2026 10:00,--
4/7/2026 10:15,--
4/7/2026 10:30,--
4/7/2026 10:45,--
4/7/2026 11:00,--
4/7/2026 11:15,--
4/7/2026 11:30,--
4/7/2026 11:45,--
4/7/2026 12:00,--
4/7/2026 12:15,--
4/7/2026 12:30,--
4/7/2026 12:45,--
4/7/2026 13:00,--
4/7/2026 13:15,--
4/7/2026 13:30,--
4/7/2026 13:45,--
4/7/2026 14:00,--
4/7/2026 14:15,--
4/7/2026 14:30,--
4/7/2026 14:45,--
4/7/2026 15:00,--
4/7/2026 15:15,--
4/7/2026 15:30,--
4/7/2026 15:45,--
4/7/2026 16:00,--
4/7/2026 16:15,--
4/7/2026 16:30,--
4/7/2026 16:45,--
4/7/2026 17:00,--
4/7/2026 17:15,--
4/7/2026 17:30,--
4/7/2026 17:45,--
4/7/2026 18:00,--
4/7/2026 18:15,--
4/7/2026 18:30,--
4/7/2026 18:45,--
4/7/2026 19:00,--
4/7/2026 19:15,--
4/7/2026 19:30,--
4/7/2026 19:45,--
4/7/2026 20:00,--
4/7/2026 20:15,--
4/7/2026 20:30,--
4/7/2026 20:45,--
4/7/2026 21:00,--
4/7/2026 21:15,--
4/7/2026 21:30,--
4/7/2026 21:45,--
4/7/2026 22:00,--
4/7/2026 22:15,--
4/7/2026 22:30,--
4/7/2026 22:45,--
4/7/2026 23:00,--
4/7/2026 23:15,--
4/7/2026 23:30,--
4/7/2026 23:45,--
4/8/2026 0:00,--
4/8/2026 0:15,--
4/8/2026 0:30,--
4/8/2026 0:45,--
4/8/2026 1:00,--
4/8/2026 1:15,--
4/8/2026 1:30,--
4/8/2026 1:45,--
4/8/2026 2:00,--
4/8/2026 2:15,--
4/8/2026 2:30,--
4/8/2026 2:45,--
4/8/2026 3:00,--
4/8/2026 3:15,--
4/8/2026 3:30,--
4/8/2026 3:45,--
4/8/2026 4:00,--
4/8/2026 4:15,--
4/8/2026 4:30,--
4/8/2026 4:45,--
4/8/2026 5:00,--
4/8/2026 5:15,--
4/8/2026 5:30,--
4/8/2026 5:45,--
4/8/2026 6:00,--
4/8/2026 6:15,--
4/8/2026 6:30,--
4/8/2026 6:45,--
4/8/2026 7:00,--
4/8/2026 7:15,--
4/8/2026 7:30,--
4/8/2026 7:45,--
4/8/2026 8:00,--
4/8/2026 8:15,--
4/8/2026 8:30,--
4/8/2026 8:45,--
4/8/2026 9:00,--
4/8/2026 9:15,--
4/8/2026 9:30,--
4/8/2026 9:45,--
4/8/2026 10:00,--
4/8/2026 10:15,--
4/8/2026 10:30,--
4/8/2026 10:45,--
4/8/2026 11:00,--
4/8/2026 11:15,--
4/8/2026 11:30,--
4/8/2026 11:45,--
4/8/2026 12:00,--
4/8/2026 12:15,--
4/8/2026 12:30,--
4/8/2026 12:45,--
4/8/2026 13:00,--
4/8/2026 13:15,--
4/8/2026 13:30,--
4/8/2026 13:45,--
4/8/2026 14:00,--
4/8/2026 14:15,--
4/8/2026 14:30,--
4/8/2026 14:45,--
4/8/2026 15:00,--
4/8/2026 15:15,--
4/8/2026 15:30,--
4/8/2026 15:45,--
4/8/2026 16:00,--
4/8/2026 16:15,--
4/8/2026 16:30,--
4/8/2026 16:45,--
4/8/2026 17:00,--
4/8/2026 17:15,--
4/8/2026 17:30,--
4/8/2026 17:45,--
4/8/2026 18:00,--
4/8/2026 18:15,--
4/8/2026 18:30,--
4/8/2026 18:45,--
4/8/2026 19:00,--
4/8/2026 19:15,--
4/8/2026 19:30,--
4/8/2026 19:45,--
4/8/2026 20:00,--
4/8/2026 20:15,--
4/8/2026 20:30,--
4/8/2026 20:45,--
4/8/2026 21:00,--
4/8/2026 21:15,--
4/8/2026 21:30,--
4/8/2026 21:45,--
4/8/2026 22:00,--
4/8/2026 22:15,--
4/8/2026 22:30,--
4/8/2026 22:45,--
4/8/2026 23:00,--
4/8/2026 23:15,--
4/8/2026 23:30,--
4/8/2026 23:45,--
4/9/2026 0:00,--
4/9/2026 0:15,--
4/9/2026 0:30,--
4/9/2026 0:45,--
4/9/2026 1:00,--
4/9/2026 1:15,--
4/9/2026 1:30,--
4/9/2026 1:45,--
4/9/2026 2:00,--
4/9/2026 2:15,--
4/9/2026 2:30,--
4/9/2026 2:45,--
4/9/2026 3:00,--
4/9/2026 3:15,--
4/9/2026 3:30,--
4/9/2026 3:45,--
4/9/2026 4:00,--
4/9/2026 4:15,--
4/9/2026 4:30,--
4/9/2026 4:45,--
4/9/2026 5:00,--
4/9/2026 5:15,--
4/9/2026 5:30,--
4/9/2026 5:45,--
4/9/2026 6:00,--
4/9/2026 6:15,--
4/9/2026 6:30,--
4/9/2026 6:45,--
4/9/2026 7:00,--
4/9/2026 7:15,--
4/9/2026 7:30,--
4/9/2026 7:45,--
4/9/2026 8:00,--
4/9/2026 8:15,--
4/9/2026 8:30,--
4/9/2026 8:45,--
4/9/2026 9:00,--
4/9/2026 9:15,--
4/9/2026 9:30,--
4/9/2026 9:45,--
4/9/2026 10:00,--
4/9/2026 10:15,--
4/9/2026 10:30,--
4/9/2026 10:45,--
4/9/2026 11:00,--
4/9/2026 11:15,--
4/9/2026 11:30,--
4/9/2026 11:45,--
4/9/2026 12:00,--
4/9/2026 12:15,--
4/9/2026 12:30,--
4/9/2026 12:45,--
4/9/2026 13:00,--
4/9/2026 13:15,--
4/9/2026 13:30,--
4/9/2026 13:45,--
4/9/2026 14:00,--
4/9/2026 14:15,--
4/9/2026 14:30,--
4/9/2026 14:45,--
4/9/2026 15:00,--
4/9/2026 15:15,--
4/9/2026 15:30,--
4/9/2026 15:45,--
4/9/2026 16:00,--
4/9/2026 16:15,--
4/9/2026 16:30,--
4/9/2026 16:45,--
4/9/2026 17:00,--
4/9/2026 17:15,--
4/9/2026 17:30,--
4/9/2026 17:45,--
4/9/2026 18:00,--
4/9/2026 18:15,--
4/9/2026 18:30,--
4/9/2026 18:45,--
4/9/2026 19:00,--
4/9/2026 19:15,--
4/9/2026 19:30,--
4/9/2026 19:45,--
4/9/2026 20:00,--
4/9/2026 20:15,--
4/9/2026 20:30,--
4/9/2026 20:45,--
4/9/2026 21:00,--
4/9/2026 21:15,--
4/9/2026 21:30,--
4/9/2026 21:45,--
4/9/2026 22:00,--
4/9/2026 22:15,--
4/9/2026 22:30,--
4/9/2026 22:45,--
4/9/2026 23:00,--
4/9/2026 23:15,--
4/9/2026 23:30,--
4/9/2026 23:45,--
4/10/2026 0:00,--
4/10/2026 0:15,--
4/10/2026 0:30,--
4/10/2026 0:45,--
4/10/2026 1:00,--
4/10/2026 1:15,--
4/10/2026 1:30,--
4/10/2026 1:45,--
4/10/2026 2:00,--
4/10/2026 2:15,--
4/10/2026 2:30,--
4/10/2026 2:45,--
4/10/2026 3:00,--
4/10/2026 3:15,--
4/10/2026 3:30,--
4/10/2026 3:45,--
4/10/2026 4:00,--
4/10/2026 4:15,--
4/10/2026 4:30,--
4/10/2026 4:45,--
4/10/2026 5:00,--
4/10/2026 5:15,--
4/10/2026 5:30,--
4/10/2026 5:45,--
4/10/2026 6:00,--
4/10/2026 6:15,--
4/10/2026 6:30,--
4/10/2026 6:45,--
4/10/2026 7:00,--
4/10/2026 7:15,--
4/10/2026 7:30,--
4/10/2026 7:45,--
4/10/2026 8:00,--
4/10/2026 8:15,--
4/10/2026 8:30,--
4/10/2026 8:45,--
4/10/2026 9:00,--
4/10/2026 9:15,--
4/10/2026 9:30,--
4/10/2026 9:45,--
4/10/2026 10:00,--
4/10/2026 10:15,--
4/10/2026 10:30,--
4/10/2026 10:45,--
4/10/2026 11:00,--
4/10/2026 11:15,--
4/10/2026 11:30,--
4/10/2026 11:45,--
4/10/2026 12:00,--
4/10/2026 12:15,--
4/10/2026 12:30,--
4/10/2026 12:45,--
4/10/2026 13:00,--
4/10/2026 13:15,--
4/10/2026 13:30,--
4/10/2026 13:45,--
4/10/2026 14:00,--
4/10/2026 14:15,--
4/10/2026 14:30,--
4/10/2026 14:45,--
4/10/2026 15:00,--
4/10/2026 15:15,--
4/10/2026 15:30,--
4/10/2026 15:45,--
4/10/2026 16:00,--
4/10/2026 16:15,--
4/10/2026 16:30,--
4/10/2026 16:45,--
4/10/2026 17:00,--
4/10/2026 17:15,--
4/10/2026 17:30,--
4/10/2026 17:45,--
4/10/2026 18:00,--
4/10/2026 18:15,--
4/10/2026 18:30,--
4/10/2026 18:45,--
4/10/2026 19:00,--
4/10/2026 19:15,--
4/10/2026 19:30,--
4/10/2026 19:45,--
4/10/2026 20:00,--
4/10/2026 20:15,--
4/10/2026 20:30,--
4/10/2026 20:45,--
4/10/2026 21:00,--
4/10/2026 21:15,--
4/10/2026 21:30,--
4/10/2026 21:45,--
4/10/2026 22:00,--
4/10/2026 22:15,--
4/10/2026 22:30,--
4/10/2026 22:45,--
4/10/2026 23:00,--
4/10/2026 23:15,--
4/10/2026 23:30,--
4/10/2026 23:45,--
4/11/2026 0:00,--
4/11/2026 0:15,--
4/11/2026 0:30,--
4/11/2026 0:45,--
4/11/2026 1:00,--
4/11/2026 1:15,--
4/11/2026 1:30,--
4/11/2026 1:45,--
4/11/2026 2:00,--
4/11/2026 2:15,--
4/11/2026 2:30,--
4/11/2026 2:45,--
4/11/2026 3:00,--
4/11/2026 3:15,--
4/11/2026 3:30,--
4/11/2026 3:45,--
4/11/2026 4:00,--
4/11/2026 4:15,--
4/11/2026 4:30,--
4/11/2026 4:45,--
4/11/2026 5:00,--
4/11/2026 5:15,--
4/11/2026 5:30,--
4/11/2026 5:45,--
4/11/2026 6:00,--
4/11/2026 6:15,--
4/11/2026 6:30,--
4/11/2026 6:45,--
4/11/2026 7:00,--
4/11/2026 7:15,--
4/11/2026 7:30,--
4/11/2026 7:45,--
4/11/2026 8:00,--
4/11/2026 8:15,--
4/11/2026 8:30,--
4/11/2026 8:45,--
4/11/2026 9:00,--
4/11/2026 9:15,--
4/11/2026 9:30,--
4/11/2026 9:45,--
4/11/2026 10:00,--
4/11/2026 10:15,--
4/11/2026 10:30,--
4/11/2026 10:45,--
4/11/2026 11:00,--
4/11/2026 11:15,--
4/11/2026 11:30,--
4/11/2026 11:45,--
4/11/2026 12:00,--
4/11/2026 12:15,--
4/11/2026 12:30,--
4/11/2026 12:45,--
4/11/2026 13:00,--
4/11/2026 13:15,--
4/11/2026 13:30,--
4/11/2026 13:45,--
4/11/2026 14:00,--
4/11/2026 14:15,--
4/11/2026 14:30,--
4/11/2026 14:45,--
4/11/2026 15:00,--
4/11/2026 15:15,--
4/11/2026 15:30,--
4/11/2026 15:45,--
4/11/2026 16:00,--
4/11/2026 16:15,--
4/11/2026 16:30,--
4/11/2026 16:45,--
4/11/2026 17:00,--
4/11/2026 17:15,--
4/11/2026 17:30,--
4/11/2026 17:45,--
4/11/2026 18:00,--
4/11/2026 18:15,--
4/11/2026 18:30,--
4/11/2026 18:45,--
4/11/2026 19:00,--
4/11/2026 19:15,--
4/11/2026 19:30,--
4/11/2026 19:45,--
4/11/2026 20:00,--
4/11/2026 20:15,--
4/11/2026 20:30,--
4/11/2026 20:45,--
4/11/2026 21:00,--
4/11/2026 21:15,--
4/11/2026 21:30,--
4/11/2026 21:45,--
4/11/2026 22:00,--
4/11/2026 22:15,--
4/11/2026 22:30,--
4/11/2026 22:45,--
4/11/2026 23:00,--
4/11/2026 23:15,--
4/11/2026 23:30,--
4/11/2026 23:45,--
4/12/2026 0:00,--
4/12/2026 0:15,--
4/12/2026 0:30,--
4/12/2026 0:45,--
4/12/2026 1:00,--
4/12/2026 1:15,--
4/12/2026 1:30,--
4/12/2026 1:45,--
4/12/2026 2:00,--
4/12/2026 2:15,--
4/12/2026 2:30,--
4/12/2026 2:45,--
4/12/2026 3:00,--
4/12/2026 3:15,--
4/12/2026 3:30,--
4/12/2026 3:45,--
4/12/2026 4:00,--
4/12/2026 4:15,--
4/12/2026 4:30,--
4/12/2026 4:45,--
4/12/2026 5:00,--
4/12/2026 5:15,--
4/12/2026 5:30,--
4/12/2026 5:45,--
4/12/2026 6:00,--
4/12/2026 6:15,--
4/12/2026 6:30,--
4/12/2026 6:45,--
4/12/2026 7:00,--
4/12/2026 7:15,--
4/12/2026 7:30,--
4/12/2026 7:45,--
4/12/2026 8:00,--
4/12/2026 8:15,--
4/12/2026 8:30,--
4/12/2026 8:45,--
4/12/2026 9:00,--
4/12/2026 9:15,--
4/12/2026 9:30,--
4/12/2026 9:45,--
4/12/2026 10:00,--
4/12/2026 10:15,--
4/12/2026 10:30,--
4/12/2026 10:45,--
4/12/2026 11:00,--
4/12/2026 11:15,--
4/12/2026 11:30,--
4/12/2026 11:45,--
4/12/2026 12:00,--
4/12/2026 12:15,--
4/12/2026 12:30,--
4/12/2026 12:45,--
4/12/2026 13:00,--
4/12/2026 13:15,--
4/12/2026 13:30,--
4/12/2026 13:45,--
4/12/2026 14:00,--
4/12/2026 14:15,--
4/12/2026 14:30,--
4/12/2026 14:45,--
4/12/2026 15:00,--
4/12/2026 15:15,--
4/12/2026 15:30,--
4/12/2026 15:45,--
4/12/2026 16:00,--
4/12/2026 16:15,--
4/12/2026 16:30,--
4/12/2026 16:45,--
4/12/2026 17:00,--
4/12/2026 17:15,--
4/12/2026 17:30,--
4/12/2026 17:45,--
4/12/2026 18:00,--
4/12/2026 18:15,--
4/12/2026 18:30,--
4/12/2026 18:45,--
4/12/2026 19:00,--
4/12/2026 19:15,--
4/12/2026 19:30,--
4/12/2026 19:45,--
4/12/2026 20:00,--
4/12/2026 20:15,--
4/12/2026 20:30,--
4/12/2026 20:45,--
4/12/2026 21:00,--
4/12/2026 21:15,--
4/12/2026 21:30,--
4/12/2026 21:45,--
4/12/2026 22:00,--
4/12/2026 22:15,--
4/12/2026 22:30,--
4/12/2026 22:45,--
4/12/2026 23:00,--
4/12/2026 23:15,--
4/12/2026 23:30,--
4/12/2026 23:45,--
4/13/2026 0:00,--
4/13/2026 0:15,--
4/13/2026 0:30,--
4/13/2026 0:45,--
4/13/2026 1:00,--
4/13/2026 1:15,--
4/13/2026 1:30,--
4/13/2026 1:45,--
4/13/2026 2:00,--
4/13/2026 2:15,--
4/13/2026 2:30,--
4/13/2026 2:45,--
4/13/2026 3:00,--
4/13/2026 3:15,--
4/13/2026 3:30,--
4/13/2026 3:45,--
4/13/2026 4:00,--
4/13/2026 4:15,--
4/13/2026 4:30,--
4/13/2026 4:45,--
4/13/2026 5:00,--
4/13/2026 5:15,--
4/13/2026 5:30,--
4/13/2026 5:45,--
4/13/2026 6:00,--
4/13/2026 6:15,--
4/13/2026 6:30,--
4/13/2026 6:45,--
4/13/2026 7:00,--
4/13/2026 7:15,--
4/13/2026 7:30,--
4/13/2026 7:45,--
4/13/2026 8:00,--
4/13/2026 8:15,--
4/13/2026 8:30,--
4/13/2026 8:45,--
4/13/2026 9:00,--
4/13/2026 9:15,--
4/13/2026 9:30,--
4/13/2026 9:45,--
4/13/2026 10:00,--
4/13/2026 10:15,--
4/13/2026 10:30,--
4/13/2026 10:45,--
4/13/2026 11:00,--
4/13/2026 11:15,--
4/13/2026 11:30,--
4/13/2026 11:45,--
4/13/2026 12:00,--
4/13/2026 12:15,--
4/13/2026 12:30,--
4/13/2026 12:45,--
4/13/2026 13:00,--
4/13/2026 13:15,--
4/13/2026 13:30,--
4/13/2026 13:45,--
4/13/2026 14:00,--
4/13/2026 14:15,--
4/13/2026 14:30,--
4/13/2026 14:45,--
4/13/2026 15:00,--
4/13/2026 15:15,--
4/13/2026 15:30,--
4/13/2026 15:45,--
4/13/2026 16:00,--
4/13/2026 16:15,--
4/13/2026 16:30,--
4/13/2026 16:45,--
4/13/2026 17:00,--
4/13/2026 17:15,--
4/13/2026 17:30,--
4/13/2026 17:45,--
4/13/2026 18:00,--
4/13/2026 18:15,--
4/13/2026 18:30,--
4/13/2026 18:45,--
4/13/2026 19:00,--
4/13/2026 19:15,--
4/13/2026 19:30,--
4/13/2026 19:45,--
4/13/2026 20:00,--
4/13/2026 20:15,--
4/13/2026 20:30,--
4/13/2026 20:45,--
4/13/2026 21:00,--
4/13/2026 21:15,--
4/13/2026 21:30,--
4/13/2026 21:45,--
4/13/2026 22:00,--
4/13/2026 22:15,--
4/13/2026 22:30,--
4/13/2026 22:45,--
4/13/2026 23:00,--
4/13/2026 23:15,--
4/13/2026 23:30,--
4/13/2026 23:45,--
4/14/2026 0:00,--
4/14/2026 0:15,--
4/14/2026 0:30,--
4/14/2026 0:45,--
4/14/2026 1:00,--
4/14/2026 1:15,--
4/14/2026 1:30,--
4/14/2026 1:45,--
4/14/2026 2:00,--
4/14/2026 2:15,--
4/14/2026 2:30,--
4/14/2026 2:45,--
4/14/2026 3:00,--
4/14/2026 3:15,--
4/14/2026 3:30,--
4/14/2026 3:45,--
4/14/2026 4:00,--
4/14/2026 4:15,--
4/14/2026 4:30,--
4/14/2026 4:45,--
4/14/2026 5:00,--
4/14/2026 5:15,--
4/14/2026 5:30,--
4/14/2026 5:45,--
4/14/2026 6:00,--
4/14/2026 6:15,--
4/14/2026 6:30,--
4/14/2026 6:45,--
4/14/2026 7:00,--
4/14/2026 7:15,--
4/14/2026 7:30,--
4/14/2026 7:45,--
4/14/2026 8:00,--
4/14/2026 8:15,--
4/14/2026 8:30,--
4/14/2026 8:45,--
4/14/2026 9:00,--
4/14/2026 9:15,--
4/14/2026 9:30,--
4/14/2026 9:45,--
4/14/2026 10:00,--
4/14/2026 10:15,--
4/14/2026 10:30,--
4/14/2026 10:45,--
4/14/2026 11:00,--
4/14/2026 11:15,--
4/14/2026 11:30,--
4/14/2026 11:45,--
4/14/2026 12:00,--
4/14/2026 12:15,--
4/14/2026 12:30,--
4/14/2026 12:45,--
4/14/2026 13:00,--
4/14/2026 13:15,--
4/14/2026 13:30,--
4/14/2026 13:45,--
4/14/2026 14:00,--
4/14/2026 14:15,--
4/14/2026 14:30,--
4/14/2026 14:45,--
4/14/2026 15:00,--
4/14/2026 15:15,--
4/14/2026 15:30,--
4/14/2026 15:45,--
4/14/2026 16:00,--
4/14/2026 16:15,--
4/14/2026 16:30,--
4/14/2026 16:45,--
4/14/2026 17:00,--
4/14/2026 17:15,--
4/14/2026 17:30,--
4/14/2026 17:45,--
4/14/2026 18:00,--
4/14/2026 18:15,--
4/14/2026 18:30,--
4/14/2026 18:45,--
4/14/2026 19:00,--
4/14/2026 19:15,--
4/14/2026 19:30,--
4/14/2026 19:45,--
4/14/2026 20:00,--
4/14/2026 20:15,--
4/14/2026 20:30,--
4/14/2026 20:45,--
4/14/2026 21:00,--
4/14/2026 21:15,--
4/14/2026 21:30,--
4/14/2026 21:45,--
4/14/2026 22:00,--
4/14/2026 22:15,--
4/14/2026 22:30,--
4/14/2026 22:45,--
4/14/2026 23:00,--
4/14/2026 23:15,--
4/14/2026 23:30,--
4/14/2026 23:45,--
4/15/2026 0:00,--
4/15/2026 0:15,--
4/15/2026 0:30,--
4/15/2026 0:45,--
4/15/2026 1:00,--
4/15/2026 1:15,--
4/15/2026 1:30,--
4/15/2026 1:45,--
4/15/2026 2:00,--
4/15/2026 2:15,--
4/15/2026 2:30,--
4/15/2026 2:45,--
4/15/2026 3:00,--
4/15/2026 3:15,--
4/15/2026 3:30,--
4/15/2026 3:45,--
4/15/2026 4:00,--
4/15/2026 4:15,--
4/15/2026 4:30,--
4/15/2026 4:45,--
4/15/2026 5:00,--
4/15/2026 5:15,--
4/15/2026 5:30,--
4/15/2026 5:45,--
4/15/2026 6:00,--
4/15/2026 6:15,--
4/15/2026 6:30,--
4/15/2026 6:45,--
4/15/2026 7:00,--
4/15/2026 7:15,--
4/15/2026 7:30,--
4/15/2026 7:45,--
4/15/2026 8:00,--
4/15/2026 8:15,--
4/15/2026 8:30,--
4/15/2026 8:45,--
4/15/2026 9:00,--
4/15/2026 9:15,--
4/15/2026 9:30,--
4/15/2026 9:45,--
4/15/2026 10:00,--
4/15/2026 10:15,--
4/15/2026 10:30,--
4/15/2026 10:45,--
4/15/2026 11:00,--
4/15/2026 11:15,--
4/15/2026 11:30,--
4/15/2026 11:45,--
4/15/2026 12:00,--
4/15/2026 12:15,--
4/15/2026 12:30,--
4/15/2026 12:45,--
4/15/2026 13:00,--
4/15/2026 13:15,--
4/15/2026 13:30,--
4/15/2026 13:45,--
4/15/2026 14:00,--
4/15/2026 14:15,--
4/15/2026 14:30,--
4/15/2026 14:45,--
4/15/2026 15:00,--
4/15/2026 15:15,--
4/15/2026 15:30,--
4/15/2026 15:45,--
4/15/2026 16:00,--
4/15/2026 16:15,--
4/15/2026 16:30,--
4/15/2026 16:45,--
4/15/2026 17:00,--
4/15/2026 17:15,--
4/15/2026 17:30,--
4/15/2026 17:45,--
4/15/2026 18:00,--
4/15/2026 18:15,--
4/15/2026 18:30,--
4/15/2026 18:45,--
4/15/2026 19:00,--
4/15/2026 19:15,--
4/15/2026 19:30,--
4/15/2026 19:45,--
4/15/2026 20:00,--
4/15/2026 20:15,--
4/15/2026 20:30,--
4/15/2026 20:45,--
4/15/2026 21:00,--
4/15/2026 21:15,--
4/15/2026 21:30,--
4/15/2026 21:45,--
4/15/2026 22:00,--
4/15/2026 22:15,--
4/15/2026 22:30,--
4/15/2026 22:45,--
4/15/2026 23:00,--
4/15/2026 23:15,--
4/15/2026 23:30,--
4/15/2026 23:45,--
4/16/2026 0:00,--
4/16/2026 0:15,--
4/16/2026 0:30,--
4/16/2026 0:45,--
4/16/2026 1:00,--
4/16/2026 1:15,--
4/16/2026 1:30,--
4/16/2026 1:45,--
4/16/2026 2:00,--
4/16/2026 2:15,--
4/16/2026 2:30,--
4/16/2026 2:45,--
4/16/2026 3:00,--
4/16/2026 3:15,--
4/16/2026 3:30,--
4/16/2026 3:45,--
4/16/2026 4:00,--
4/16/2026 4:15,--
4/16/2026 4:30,--
4/16/2026 4:45,--
4/16/2026 5:00,--
4/16/2026 5:15,--
4/16/2026 5:30,--
4/16/2026 5:45,--
4/16/2026 6:00,--
4/16/2026 6:15,--
4/16/2026 6:30,--
4/16/2026 6:45,--
4/16/2026 7:00,--
4/16/2026 7:15,--
4/16/2026 7:30,--
4/16/2026 7:45,--
4/16/2026 8:00,--
4/16/2026 8:15,--
4/16/2026 8:30,--
4/16/2026 8:45,--
4/16/2026 9:00,--
4/16/2026 9:15,--
4/16/2026 9:30,--
4/16/2026 9:45,--
4/16/2026 10:00,--
4/16/2026 10:15,--
4/16/2026 10:30,--
4/16/2026 10:45,--
4/16/2026 11:00,--
4/16/2026 11:15,--
4/16/2026 11:30,--
4/16/2026 11:45,--
4/16/2026 12:00,--
4/16/2026 12:15,--
4/16/2026 12:30,--
4/16/2026 12:45,--
4/16/2026 13:00,--
4/16/2026 13:15,--
4/16/2026 13:30,--
4/16/2026 13:45,--
4/16/2026 14:00,--
4/16/2026 14:15,--
4/16/2026 14:30,--
4/16/2026 14:45,--
4/16/2026 15:00,--
4/16/2026 15:15,--
4/16/2026 15:30,--
4/16/2026 15:45,40.3
4/16/2026 16:00,43.2
4/16/2026 16:15,44.3
4/16/2026 16:30,44.7
4/16/2026 16:45,41.8
4/16/2026 17:00,44.9
4/16/2026 17:15,43.6
4/16/2026 17:30,43.3
4/16/2026 17:45,42
4/16/2026 18:00,43.7
4/16/2026 18:15,44.5
4/16/2026 18:30,44.1
4/16/2026 18:45,43.9
4/16/2026 19:00,43.9
4/16/2026 19:15,43.9
4/16/2026 19:30,44.1
4/16/2026 19:45,44.3
4/16/2026 20:00,43.8
4/16/2026 20:15,43.5
4/16/2026 20:30,43.7
4/16/2026 20:45,43.7
4/16/2026 21:00,42.5
4/16/2026 21:15,42.6
4/16/2026 21:30,43.5
4/16/2026 21:45,42.8
4/16/2026 22:00,42.7
4/16/2026 22:15,43.2
4/16/2026 22:30,42.7
4/16/2026 22:45,42.6
4/16/2026 23:00,42.6
4/16/2026 23:15,43.3
4/16/2026 23:30,43.5
4/16/2026 23:45,43.3
4/17/2026 0:00,42.7
4/17/2026 0:15,43.2
4/17/2026 0:30,43
4/17/2026 0:45,42.5
4/17/2026 1:00,42.6
4/17/2026 1:15,42.1
4/17/2026 1:30,43.2
4/17/2026 1:45,43.1
4/17/2026 2:00,43.4
4/17/2026 2:15,43.2
4/17/2026 2:30,43.4
4/17/2026 2:45,43
4/17/2026 3:00,42.8
4/17/2026 3:15,42.8
4/17/2026 3:30,42.3
4/17/2026 3:45,42.3
4/17/2026 4:00,43.7
4/17/2026 4:15,43.8
4/17/2026 4:30,42.6
4/17/2026 4:45,43.7
4/17/2026 5:00,43.6
4/17/2026 5:15,43.5
4/17/2026 5:30,43.6
4/17/2026 5:45,42.9
4/17/2026 6:00,42.4
4/17/2026 6:15,42.8
4/17/2026 6:30,42.8
4/17/2026 6:45,43.5
4/17/2026 7:00,43.2
4/17/2026 7:15,41.6
4/17/2026 7:30,40.7
4/17/2026 7:45,41.2
4/17/2026 8:00,40.8
4/17/2026 8:15,42.8
4/17/2026 8:30,40.9
4/17/2026 8:45,41.8
4/17/2026 9:00,42
4/17/2026 9:15,42
4/17/2026 9:30,40.7
4/17/2026 9:45,--
4/17/2026 10:00,42.1
4/17/2026 10:15,42
4/17/2026 10:30,41.6
4/17/2026 10:45,42
4/17/2026 11:00,41
4/17/2026 11:15,40.2
4/17/2026 11:30,42.3
4/17/2026 11:45,44.2
4/17/2026 12:00,41
4/17/2026 12:15,44.4
4/17/2026 12:30,40.6
4/17/2026 12:45,41.2
4/17/2026 13:00,40.9
4/17/2026 13:15,44
4/17/2026 13:30,40.4
4/17/2026 13:45,42.8
4/17/2026 14:00,42
4/17/2026 14:15,42.6
4/17/2026 14:30,42.4
4/17/2026 14:45,43.9
4/17/2026 15:00,42.7
4/17/2026 15:15,43.4
4/17/2026 15:30,44
4/17/2026 15:45,42.7
4/17/2026 16:00,44.1
4/17/2026 16:15,43.9
4/17/2026 16:30,42.3
4/17/2026 16:45,40.1
4/17/2026 17:00,44
4/17/2026 17:15,43.4
4/17/2026 17:30,43.2
4/17/2026 17:45,40.3
4/17/2026 18:00,43.5
4/17/2026 18:15,42.5
4/17/2026 18:30,43.3
4/17/2026 18:45,42.9
4/17/2026 19:00,42.6
4/17/2026 19:15,43.2
4/17/2026 19:30,42.5
4/17/2026 19:45,43.2
4/17/2026 20:00,43.6
4/17/2026 20:15,43.3
4/17/2026 20:30,42.7
4/17/2026 20:45,43.3
4/17/2026 21:00,43.4
4/17/2026 21:15,43.4
4/17/2026 21:30,43.3
4/17/2026 21:45,43.2
4/17/2026 22:00,43
4/17/2026 22:15,43.1
4/17/2026 22:30,43.3
4/17/2026 22:45,42.7
4/17/2026 23:00,42.4
4/17/2026 23:15,41.4
4/17/2026 23:30,42.8
4/17/2026 23:45,42.4
4/18/2026 0:00,42.8
4/18/2026 0:15,42.9
4/18/2026 0:30,42.7
4/18/2026 0:45,42.3
4/18/2026 1:00,42.7
4/18/2026 1:15,41.4
4/18/2026 1:30,41.1
4/18/2026 1:45,42
4/18/2026 2:00,42.7
4/18/2026 2:15,43.2
4/18/2026 2:30,43.1
4/18/2026 2:45,43
4/18/2026 3:00,43
4/18/2026 3:15,42.6
4/18/2026 3:30,42.4
4/18/2026 3:45,42.2
4/18/2026 4:00,43.2
4/18/2026 4:15,42.6
4/18/2026 4:30,42.9
4/18/2026 4:45,42.7
4/18/2026 5:00,43.1
4/18/2026 5:15,42.9
4/18/2026 5:30,42.9
4/18/2026 5:45,42.6
4/18/2026 6:00,42.7
4/18/2026 6:15,42.7
4/18/2026 6:30,41.8
4/18/2026 6:45,42.2
4/18/2026 7:00,40.8
4/18/2026 7:15,39.8
4/18/2026 7:30,40
4/18/2026 7:45,40.1
4/18/2026 8:00,40.2
4/18/2026 8:15,43.3
4/18/2026 8:30,41.3
4/18/2026 8:45,39.4
4/18/2026 9:00,41.7
4/18/2026 9:15,40.8
4/18/2026 9:30,41.1
4/18/2026 9:45,41
4/18/2026 10:00,39.2
4/18/2026 10:15,39.6
4/18/2026 10:30,42.2
4/18/2026 10:45,40.7
4/18/2026 11:00,42.4
4/18/2026 11:15,39.2
4/18/2026 11:30,39.7
4/18/2026 11:45,39.2
4/18/2026 12:00,41.2
4/18/2026 12:15,40
4/18/2026 12:30,42.7
4/18/2026 12:45,41.7
4/18/2026 13:00,38.7
4/18/2026 13:15,39.8
4/18/2026 13:30,42.6
4/18/2026 13:45,40.6
4/18/2026 14:00,39.8
4/18/2026 14:15,40.8
4/18/2026 14:30,42.7
4/18/2026 14:45,39.7
4/18/2026 15:00,39.9
4/18/2026 15:15,42.4
4/18/2026 15:30,42.7
4/18/2026 15:45,40.4
4/18/2026 16:00,42.1
4/18/2026 16:15,41
4/18/2026 16:30,43
4/18/2026 16:45,39.7
4/18/2026 17:00,43.3
4/18/2026 17:15,42.7
4/18/2026 17:30,42.6
4/18/2026 17:45,40.6
4/18/2026 18:00,42.6
4/18/2026 18:15,42.4
4/18/2026 18:30,42.6
4/18/2026 18:45,42.3
4/18/2026 19:00,42.6
4/18/2026 19:15,42.1
4/18/2026 19:30,42.6
4/18/2026 19:45,41.8
4/18/2026 20:00,42.3
4/18/2026 20:15,42.5
4/18/2026 20:30,42.5
4/18/2026 20:45,42.4
4/18/2026 21:00,42
4/18/2026 21:15,41.4
4/18/2026 21:30,42.4
4/18/2026 21:45,41.7
4/18/2026 22:00,41.6
4/18/2026 22:15,41.9
4/18/2026 22:30,41.6
4/18/2026 22:45,41.5
4/18/2026 23:00,41.5
4/18/2026 23:15,42.5
4/18/2026 23:30,41.2
4/18/2026 23:45,41.2
4/19/2026 0:00,40.5
4/19/2026 0:15,40.9
4/19/2026 0:30,40.8
4/19/2026 0:45,41.2
4/19/2026 1:00,41.2
4/19/2026 1:15,40.9
4/19/2026 1:30,42.2
4/19/2026 1:45,41.8
4/19/2026 2:00,41.5
4/19/2026 2:15,40.8
4/19/2026 2:30,41.2
4/19/2026 2:45,41.7
4/19/2026 3:00,41.7
4/19/2026 3:15,42
4/19/2026 3:30,41.2
4/19/2026 3:45,40.7
4/19/2026 4:00,39.9
4/19/2026 4:15,41.4
4/19/2026 4:30,39.7
4/19/2026 4:45,40.7
4/19/2026 5:00,40.2
4/19/2026 5:15,39.4
4/19/2026 5:30,39.9
4/19/2026 5:45,40.2
4/19/2026 6:00,40.3
4/19/2026 6:15,41.7
4/19/2026 6:30,41.3
4/19/2026 6:45,42.4
4/19/2026 7:00,41.6
4/19/2026 7:15,41.5
4/19/2026 7:30,40.6
4/19/2026 7:45,41
4/19/2026 8:00,40
4/19/2026 8:15,40.9
4/19/2026 8:30,40.5
4/19/2026 8:45,42
4/19/2026 9:00,41.8
4/19/2026 9:15,39.8
4/19/2026 9:30,42.4
4/19/2026 9:45,39.6
4/19/2026 10:00,39.4
4/19/2026 10:15,42.2
4/19/2026 10:30,39.1
4/19/2026 10:45,40.6
4/19/2026 11:00,40.9
4/19/2026 11:15,40.4
4/19/2026 11:30,38.4
4/19/2026 11:45,38.5
4/19/2026 12:00,41.9
4/19/2026 12:15,42.2
4/19/2026 12:30,39
4/19/2026 12:45,42.3
4/19/2026 13:00,41.8
4/19/2026 13:15,42.3
4/19/2026 13:30,42.4
4/19/2026 13:45,42.5
4/19/2026 14:00,39.8
4/19/2026 14:15,40.3
4/19/2026 14:30,39.3
4/19/2026 14:45,42.1
4/19/2026 15:00,41.8
4/19/2026 15:15,40.8
4/19/2026 15:30,40.8
4/19/2026 15:45,42.3
4/19/2026 16:00,42.1
4/19/2026 16:15,42.1
4/19/2026 16:30,41.8
4/19/2026 16:45,41.3
4/19/2026 17:00,41.1
4/19/2026 17:15,39.2
4/19/2026 17:30,39.9
4/19/2026 17:45,38.7
4/19/2026 18:00,42.3
4/19/2026 18:15,41.2
4/19/2026 18:30,42.1
4/19/2026 18:45,41.9
4/19/2026 19:00,42.4
4/19/2026 19:15,42.2
4/19/2026 19:30,42.2
4/19/2026 19:45,42
4/19/2026 20:00,41.8
4/19/2026 20:15,41.8
4/19/2026 20:30,41.8
4/19/2026 20:45,41.8
4/19/2026 21:00,41.6
4/19/2026 21:15,42
4/19/2026 21:30,40.8
4/19/2026 21:45,41.5
4/19/2026 22:00,41.6
4/19/2026 22:15,41.5
4/19/2026 22:30,40.8
4/19/2026 22:45,41.9
4/19/2026 23:00,41.7
4/19/2026 23:15,41.7
4/19/2026 23:30,41.7
4/19/2026 23:45,41.9
4/20/2026 0:00,41.9
4/20/2026 0:15,41.6
4/20/2026 0:30,41.7
4/20/2026 0:45,41.7
4/20/2026 1:00,41.6
4/20/2026 1:15,41
4/20/2026 1:30,41.3
4/20/2026 1:45,41.4
4/20/2026 2:00,41.3
4/20/2026 2:15,41.1
4/20/2026 2:30,41.1
4/20/2026 2:45,41.2
4/20/2026 3:00,41.5
4/20/2026 3:15,41
4/20/2026 3:30,41.2
4/20/2026 3:45,41.4
4/20/2026 4:00,41.2
4/20/2026 4:15,41.4
4/20/2026 4:30,41.4
4/20/2026 4:45,41.2
4/20/2026 5:00,41.3
4/20/2026 5:15,40.8
4/20/2026 5:30,41
4/20/2026 5:45,41
4/20/2026 6:00,41.1
4/20/2026 6:15,40.6
4/20/2026 6:30,41
4/20/2026 6:45,41
4/20/2026 7:00,39.8
4/20/2026 7:15,38.5
4/20/2026 7:30,38.6
4/20/2026 7:45,38.3
4/20/2026 8:00,37.7
4/20/2026 8:15,40.3
4/20/2026 8:30,37.8
4/20/2026 8:45,38.6
4/20/2026 9:00,39.2
4/20/2026 9:15,39.5
4/20/2026 9:30,41.9
4/20/2026 9:45,41.7
4/20/2026 10:00,39.2
4/20/2026 10:15,40.3
4/20/2026 10:30,41.7
4/20/2026 10:45,40.2
4/20/2026 11:00,40.2
4/20/2026 11:15,41.9
4/20/2026 11:30,40.5
4/20/2026 11:45,40.7
4/20/2026 12:00,40.5
4/20/2026 12:15,41.1
4/20/2026 12:30,39.5
4/20/2026 12:45,40
4/20/2026 13:00,40.5
4/20/2026 13:15,38.8
4/20/2026 13:30,39.5
4/20/2026 13:45,40.2
4/20/2026 14:00,38.7
4/20/2026 14:15,41.3
4/20/2026 14:30,40.8
4/20/2026 14:45,38.6
4/20/2026 15:00,41
4/20/2026 15:15,38.4
4/20/2026 15:30,37.8
4/20/2026 15:45,41.6
4/20/2026 16:00,38.8
4/20/2026 16:15,41.3
4/20/2026 16:30,41.3
4/20/2026 16:45,41
4/20/2026 17:00,40
4/20/2026 17:15,40.7
4/20/2026 17:30,40.7
4/20/2026 17:45,37.2
4/20/2026 18:00,40.7
4/20/2026 18:15,40.8
4/20/2026 18:30,40.7
4/20/2026 18:45,41
4/20/2026 19:00,40.5
4/20/2026 19:15,41.2
4/20/2026 19:30,39.8
4/20/2026 19:45,39.6
4/20/2026 20:00,38
4/20/2026 20:15,41
4/20/2026 20:30,41
4/20/2026 20:45,40.9
4/20/2026 21:00,40.8
4/20/2026 21:15,41
4/20/2026 21:30,40.8
4/20/2026 21:45,40.6
4/20/2026 22:00,40.7
4/20/2026 22:15,40.6
4/20/2026 22:30,40.7
4/20/2026 22:45,40.7
4/20/2026 23:00,40.5
4/20/2026 23:15,39.9
4/20/2026 23:30,38.3
4/20/2026 23:45,38.3
4/21/2026 0:00,40.2
4/21/2026 0:15,40.6
4/21/2026 0:30,40.6
4/21/2026 0:45,40.7
4/21/2026 1:00,40.6
4/21/2026 1:15,40.1
4/21/2026 1:30,40.6
4/21/2026 1:45,40.5
4/21/2026 2:00,40
4/21/2026 2:15,39.7
4/21/2026 2:30,40
4/21/2026 2:45,40.2
4/21/2026 3:00,40.1
4/21/2026 3:15,40
4/21/2026 3:30,39.8
4/21/2026 3:45,40
4/21/2026 4:00,39.9
4/21/2026 4:15,39.4
4/21/2026 4:30,40.4
4/21/2026 4:45,40.1
4/21/2026 5:00,40.2
4/21/2026 5:15,40.5
4/21/2026 5:30,40.4
4/21/2026 5:45,40.3
4/21/2026 6:00,39.9
4/21/2026 6:15,40.4
4/21/2026 6:30,39.7
4/21/2026 6:45,39.6
4/21/2026 7:00,38.6
4/21/2026 7:15,37.6
4/21/2026 7:30,38.4
4/21/2026 7:45,38.1
4/21/2026 8:00,38
4/21/2026 8:15,38.3
4/21/2026 8:30,37.7
4/21/2026 8:45,39
4/21/2026 9:00,39.9
4/21/2026 9:15,41.2
4/21/2026 9:30,40.8
4/21/2026 9:45,39.8
4/21/2026 10:00,41.1
4/21/2026 10:15,40.7
4/21/2026 10:30,37.8
4/21/2026 10:45,40.5
4/21/2026 11:00,40.9
4/21/2026 11:15,41.1
4/21/2026 11:30,39.6
4/21/2026 11:45,39.3
4/21/2026 12:00,37.7
4/21/2026 12:15,39.8
4/21/2026 12:30,38.7
4/21/2026 12:45,37.3
4/21/2026 13:00,40.1
4/21/2026 13:15,38.2
4/21/2026 13:30,41.1
4/21/2026 13:45,38.4
4/21/2026 14:00,39.3
4/21/2026 14:15,41.5
4/21/2026 14:30,38.2
4/21/2026 14:45,38.5
4/21/2026 15:00,38.6
4/21/2026 15:15,37.9
4/21/2026 15:30,38.4
4/21/2026 15:45,--
4/21/2026 16:00,38.1
4/21/2026 16:15,36.8
4/21/2026 16:30,38.1
4/21/2026 16:45,37.4
4/21/2026 17:00,38.8
4/21/2026 17:15,40.9
4/21/2026 17:30,40.4
4/21/2026 17:45,36.9
4/21/2026 18:00,39.6
4/21/2026 18:15,39.7
4/21/2026 18:30,39.9
4/21/2026 18:45,40.2
4/21/2026 19:00,39.9
4/21/2026 19:15,39.7
4/21/2026 19:30,39.9
4/21/2026 19:45,40
4/21/2026 20:00,39.7
4/21/2026 20:15,40.2
4/21/2026 20:30,40.4
4/21/2026 20:45,40.3
4/21/2026 21:00,40
4/21/2026 21:15,40.1
4/21/2026 21:30,39.7
4/21/2026 21:45,38.9
4/21/2026 22:00,38.5
4/21/2026 22:15,38.5
4/21/2026 22:30,39.5
4/21/2026 22:45,39.8
4/21/2026 23:00,40.1
4/21/2026 23:15,37.6
4/21/2026 23:30,40
4/21/2026 23:45,39.1
4/22/2026 0:00,40
4/22/2026 0:15,38.4
4/22/2026 0:30,39.5
4/22/2026 0:45,38
4/22/2026 1:00,39.6
4/22/2026 1:15,36.4
4/22/2026 1:30,39.3
4/22/2026 1:45,39.8
4/22/2026 2:00,39.5
4/22/2026 2:15,39.4
4/22/2026 2:30,39.5
4/22/2026 2:45,39.5
4/22/2026 3:00,39.3
4/22/2026 3:15,39.4
4/22/2026 3:30,39.5
4/22/2026 3:45,39.8
4/22/2026 4:00,39.4
4/22/2026 4:15,39.5
4/22/2026 4:30,39
4/22/2026 4:45,39
4/22/2026 5:00,39
4/22/2026 5:15,39.1
4/22/2026 5:30,38.5
4/22/2026 5:45,39.4
4/22/2026 6:00,38.9
4/22/2026 6:15,38.9
4/22/2026 6:30,38.6
4/22/2026 6:45,37
4/22/2026 7:00,36.7
4/22/2026 7:15,36.8
4/22/2026 7:30,36.8
4/22/2026 7:45,36.8
4/22/2026 8:00,36.3
4/22/2026 8:15,36.4
4/22/2026 8:30,38.6
4/22/2026 8:45,38.7
4/22/2026 9:00,39.4
4/22/2026 9:15,40.2
4/22/2026 9:30,39.8
4/22/2026 9:45,40.3
4/22/2026 10:00,37.4
4/22/2026 10:15,39.2
4/22/2026 10:30,40.1
4/22/2026 10:45,39.5
4/22/2026 11:00,38.4
4/22/2026 11:15,38.8
4/22/2026 11:30,35.9
4/22/2026 11:45,38
4/22/2026 12:00,37.7
4/22/2026 12:15,37.6
4/22/2026 12:30,37
4/22/2026 12:45,36.6
4/22/2026 13:00,40.6
4/22/2026 13:15,38.6
4/22/2026 13:30,40.3
4/22/2026 13:45,38.2
4/22/2026 14:00,37.9
4/22/2026 14:15,40.2
4/22/2026 14:30,40.3
4/22/2026 14:45,36.7
4/22/2026 15:00,39.1
4/22/2026 15:15,37.1
4/22/2026 15:30,36.8
4/22/2026 15:45,39.3
4/22/2026 16:00,38.3
4/22/2026 16:15,36.5
4/22/2026 16:30,37.5
4/22/2026 16:45,36.9
4/22/2026 17:00,40
4/22/2026 17:15,38.8
4/22/2026 17:30,38.5
4/22/2026 17:45,36.2
4/22/2026 18:00,39.4
4/22/2026 18:15,39.4
4/22/2026 18:30,39.2
4/22/2026 18:45,39.5
4/22/2026 19:00,38.7
4/22/2026 19:15,39
4/22/2026 19:30,39.8
4/22/2026 19:45,39.2
4/22/2026 20:00,39.6
4/22/2026 20:15,39.3
4/22/2026 20:30,37.3
4/22/2026 20:45,37.8
4/22/2026 21:00,39.7
4/22/2026 21:15,37.7
4/22/2026 21:30,39.1
4/22/2026 21:45,38
4/22/2026 22:00,38.1
4/22/2026 22:15,38.5
4/22/2026 22:30,37.9
4/22/2026 22:45,39.1
4/22/2026 23:00,38.6
4/22/2026 23:15,36.8
4/22/2026 23:30,37.8
4/22/2026 23:45,38.8
4/23/2026 0:00,39
4/23/2026 0:15,39.3
4/23/2026 0:30,39
4/23/2026 0:45,36.9
4/23/2026 1:00,38.6
4/23/2026 1:15,38.8
4/23/2026 1:30,38.1
4/23/2026 1:45,38.9
4/23/2026 2:00,38.6
4/23/2026 2:15,38.7
4/23/2026 2:30,38.7
4/23/2026 2:45,37.2
4/23/2026 3:00,38.2
4/23/2026 3:15,39
4/23/2026 3:30,38.8
4/23/2026 3:45,38.1
4/23/2026 4:00,37.7
4/23/2026 4:15,38.9
4/23/2026 4:30,38.8
4/23/2026 4:45,38.2
4/23/2026 5:00,39
4/23/2026 5:15,38.8
4/23/2026 5:30,38.8
4/23/2026 5:45,38
4/23/2026 6:00,38.7
4/23/2026 6:15,38.7
4/23/2026 6:30,38.1
4/23/2026 6:45,38.1
4/23/2026 7:00,36.7
4/23/2026 7:15,36
4/23/2026 7:30,35.8
4/23/2026 7:45,36.1
4/23/2026 8:00,36
4/23/2026 8:15,35.8
4/23/2026 8:30,36.2
4/23/2026 8:45,35.2
4/23/2026 9:00,36.9
4/23/2026 9:15,35.1
4/23/2026 9:30,36.3
4/23/2026 9:45,38.3
4/23/2026 10:00,37.2
4/23/2026 10:15,36.9
4/23/2026 10:30,36.9
4/23/2026 10:45,37.5
4/23/2026 11:00,37.5
4/23/2026 11:15,39
4/23/2026 11:30,36.1
4/23/2026 11:45,35.6
4/23/2026 12:00,36.1
4/23/2026 12:15,36.6
4/23/2026 12:30,39.5
4/23/2026 12:45,38.3
4/23/2026 13:00,35.7
4/23/2026 13:15,36.5
4/23/2026 13:30,39.7
4/23/2026 13:45,36.3
4/23/2026 14:00,36.2
4/23/2026 14:15,39.3
4/23/2026 14:30,36.5
4/23/2026 14:45,37
4/23/2026 15:00,39.4
4/23/2026 15:15,38
4/23/2026 15:30,37.9
4/23/2026 15:45,39.2
4/23/2026 16:00,35.6
4/23/2026 16:15,39.1
4/23/2026 16:30,37.1
4/23/2026 16:45,35.7
4/23/2026 17:00,36.9
4/23/2026 17:15,37.8
4/23/2026 17:30,38.5
4/23/2026 17:45,35.5
4/23/2026 18:00,38
4/23/2026 18:15,38.8
4/23/2026 18:30,39
4/23/2026 18:45,38.4
4/23/2026 19:00,38.6
4/23/2026 19:15,38.7
4/23/2026 19:30,37.9
4/23/2026 19:45,38.6
4/23/2026 20:00,38.8
4/23/2026 20:15,37.6
4/23/2026 20:30,37.6
4/23/2026 20:45,38
4/23/2026 21:00,38.9
4/23/2026 21:15,36.3
4/23/2026 21:30,36.2
4/23/2026 21:45,38.1
4/23/2026 22:00,36.7
4/23/2026 22:15,37.5
4/23/2026 22:30,38.7
4/23/2026 22:45,38.4
4/23/2026 23:00,37.5
4/23/2026 23:15,38.4
4/23/2026 23:30,37.8
4/23/2026 23:45,37.9
4/24/2026 0:00,37.5
4/24/2026 0:15,37.3
4/24/2026 0:30,38
4/24/2026 0:45,37.9
4/24/2026 1:00,37
4/24/2026 1:15,36.8
4/24/2026 1:30,37.4
4/24/2026 1:45,37
4/24/2026 2:00,37.7
4/24/2026 2:15,37.8
4/24/2026 2:30,38.1
4/24/2026 2:45,37
4/24/2026 3:00,37.4
4/24/2026 3:15,37.8
4/24/2026 3:30,38.1
4/24/2026 3:45,38.2
4/24/2026 4:00,38
4/24/2026 4:15,37
4/24/2026 4:30,38.1
4/24/2026 4:45,37.9
4/24/2026 5:00,37.9
4/24/2026 5:15,38.1
4/24/2026 5:30,37.5
4/24/2026 5:45,38.1
4/24/2026 6:00,37.7
4/24/2026 6:15,37
4/24/2026 6:30,37.9
4/24/2026 6:45,36.6
4/24/2026 7:00,35.6
4/24/2026 7:15,35.3
4/24/2026 7:30,35.1
4/24/2026 7:45,34.9
4/24/2026 8:00,35
4/24/2026 8:15,34.8
4/24/2026 8:30,37.1
4/24/2026 8:45,36.8
4/24/2026 9:00,35.2
4/24/2026 9:15,35.7
4/24/2026 9:30,36.4
4/24/2026 9:45,36.6
4/24/2026 10:00,37.8
4/24/2026 10:15,35.5
4/24/2026 10:30,34.6
4/24/2026 10:45,34.5
4/24/2026 11:00,36.2
4/24/2026 11:15,37.2
4/24/2026 11:30,38.4
4/24/2026 11:45,37.8
4/24/2026 12:00,34.6
4/24/2026 12:15,38.1
4/24/2026 12:30,35.8
4/24/2026 12:45,38
4/24/2026 13:00,34.6
4/24/2026 13:15,36.4
4/24/2026 13:30,34.6
4/24/2026 13:45,38
4/24/2026 14:00,35.1
4/24/2026 14:15,37.6
4/24/2026 14:30,34.7
4/24/2026 14:45,37.6
4/24/2026 15:00,35.2
4/24/2026 15:15,37
4/24/2026 15:30,35.9
4/24/2026 15:45,36.2
4/24/2026 16:00,37.2
4/24/2026 16:15,38.4
4/24/2026 16:30,37.9
4/24/2026 16:45,35
4/24/2026 17:00,37.3
4/24/2026 17:15,38.2
4/24/2026 17:30,37.5
4/24/2026 17:45,35.1
4/24/2026 18:00,38.2
4/24/2026 18:15,38
4/24/2026 18:30,37.7
4/24/2026 18:45,37.8
4/24/2026 19:00,37.6
4/24/2026 19:15,37.8
4/24/2026 19:30,37.6
4/24/2026 19:45,37.8
4/24/2026 20:00,37.4
4/24/2026 20:15,37.8
4/24/2026 20:30,37.5
4/24/2026 20:45,36.2
4/24/2026 21:00,35.4
4/24/2026 21:15,36.1
4/24/2026 21:30,35.7
4/24/2026 21:45,36.6
4/24/2026 22:00,37.2
4/24/2026 22:15,36.3
4/24/2026 22:30,36.3
4/24/2026 22:45,37.3
4/24/2026 23:00,37.1
4/24/2026 23:15,37.2
4/24/2026 23:30,36.6
4/24/2026 23:45,37.5
4/25/2026 0:00,36.9
4/25/2026 0:15,36.1
4/25/2026 0:30,36.5
4/25/2026 0:45,36.9
4/25/2026 1:00,35
4/25/2026 1:15,37.2
4/25/2026 1:30,36.4
4/25/2026 1:45,36.5
4/25/2026 2:00,36.9
4/25/2026 2:15,37
4/25/2026 2:30,37.6
4/25/2026 2:45,34.7
4/25/2026 3:00,34.7
4/25/2026 3:15,35.9
4/25/2026 3:30,37.5
4/25/2026 3:45,36.8
4/25/2026 4:00,36.9
4/25/2026 4:15,37.3
4/25/2026 4:30,37.5
4/25/2026 4:45,37.5
4/25/2026 5:00,36.9
4/25/2026 5:15,37
4/25/2026 5:30,37.4
4/25/2026 5:45,37.3
4/25/2026 6:00,36.9
4/25/2026 6:15,37.3
4/25/2026 6:30,37.1
4/25/2026 6:45,35.7
4/25/2026 7:00,35.7
4/25/2026 7:15,34.4
4/25/2026 7:30,34.5
4/25/2026 7:45,34.3
4/25/2026 8:00,34.5
4/25/2026 8:15,35.6
4/25/2026 8:30,36.5
4/25/2026 8:45,34.4
4/25/2026 9:00,34.2
4/25/2026 9:15,34.7
4/25/2026 9:30,37.9
4/25/2026 9:45,36.3
4/25/2026 10:00,33.9
4/25/2026 10:15,36.6
4/25/2026 10:30,36.2
4/25/2026 10:45,35.6
4/25/2026 11:00,36.9
4/25/2026 11:15,38.2
4/25/2026 11:30,33.9
4/25/2026 11:45,35.8
4/25/2026 12:00,36.4
4/25/2026 12:15,37.6
4/25/2026 12:30,35.2
4/25/2026 12:45,33.6
4/25/2026 13:00,34.1
4/25/2026 13:15,36.2
4/25/2026 13:30,37.4
4/25/2026 13:45,37.6
4/25/2026 14:00,36.6
4/25/2026 14:15,35.7
4/25/2026 14:30,36.2
4/25/2026 14:45,38
4/25/2026 15:00,37
4/25/2026 15:15,36.4
4/25/2026 15:30,33.3
4/25/2026 15:45,34.4
4/25/2026 16:00,36.2
4/25/2026 16:15,36.6
4/25/2026 16:30,34.7
4/25/2026 16:45,36.1
4/25/2026 17:00,36.8
4/25/2026 17:15,37.3
4/25/2026 17:30,35.6
4/25/2026 17:45,37.6
4/25/2026 18:00,36.7
4/25/2026 18:15,36.6
4/25/2026 18:30,37
4/25/2026 18:45,37.3
4/25/2026 19:00,37.1
4/25/2026 19:15,37.5
4/25/2026 19:30,37.1
4/25/2026 19:45,37.2
4/25/2026 20:00,37.1
4/25/2026 20:15,36.6
4/25/2026 20:30,36.8
4/25/2026 20:45,36.1
4/25/2026 21:00,35.9
4/25/2026 21:15,36.1
4/25/2026 21:30,35.6
4/25/2026 21:45,35.5
4/25/2026 22:00,36.8
4/25/2026 22:15,36.6
4/25/2026 22:30,36.2
4/25/2026 22:45,36.5
4/25/2026 23:00,36
4/25/2026 23:15,35.4
4/25/2026 23:30,35.5
4/25/2026 23:45,35.3
4/26/2026 0:00,35.5
4/26/2026 0:15,36.7
4/26/2026 0:30,36.7
4/26/2026 0:45,36.4
4/26/2026 1:00,36.6
4/26/2026 1:15,36.5
4/26/2026 1:30,36.4
4/26/2026 1:45,36.5
4/26/2026 2:00,36.6
4/26/2026 2:15,36.8
4/26/2026 2:30,35.4
4/26/2026 2:45,37.1
4/26/2026 3:00,36.6
4/26/2026 3:15,36.3
4/26/2026 3:30,36.8
4/26/2026 3:45,35.7
4/26/2026 4:00,35.6
4/26/2026 4:15,36
4/26/2026 4:30,36
4/26/2026 4:45,35.7
4/26/2026 5:00,35.9
4/26/2026 5:15,35.9
4/26/2026 5:30,35.8
4/26/2026 5:45,36.6
4/26/2026 6:00,36.9
4/26/2026 6:15,36
4/26/2026 6:30,36.2
4/26/2026 6:45,36.3
4/26/2026 7:00,37.2
4/26/2026 7:15,37.2
4/26/2026 7:30,36.9
4/26/2026 7:45,38.1
4/26/2026 8:00,37.3
4/26/2026 8:15,36.7
4/26/2026 8:30,37.1
4/26/2026 8:45,38.3
4/26/2026 9:00,37.3
4/26/2026 9:15,36.3
4/26/2026 9:30,39.2
4/26/2026 9:45,37.9
4/26/2026 10:00,39
4/26/2026 10:15,39.2
4/26/2026 10:30,39.2
4/26/2026 10:45,38.5
4/26/2026 11:00,38.4
4/26/2026 11:15,39.4
4/26/2026 11:30,39.5
4/26/2026 11:45,39.2
4/26/2026 12:00,39.1
4/26/2026 12:15,40.3
4/26/2026 12:30,42.5
4/26/2026 12:45,42.2
4/26/2026 13:00,41.9
4/26/2026 13:15,39.7
4/26/2026 13:30,39.6
4/26/2026 13:45,41.9
4/26/2026 14:00,42.4
4/26/2026 14:15,40.2
4/26/2026 14:30,42.6
4/26/2026 14:45,41.6
4/26/2026 15:00,40.5
4/26/2026 15:15,42.5
4/26/2026 15:30,41.6
4/26/2026 15:45,43
4/26/2026 16:00,40.6
4/26/2026 16:15,40
4/26/2026 16:30,42.3
4/26/2026 16:45,41.7
4/26/2026 17:00,42.9
4/26/2026 17:15,41.6
4/26/2026 17:30,42.5
4/26/2026 17:45,43.1
4/26/2026 18:00,42.8
4/26/2026 18:15,43.2
4/26/2026 18:30,41.8
4/26/2026 18:45,43.1
4/26/2026 19:00,42.5
4/26/2026 19:15,41.9
4/26/2026 19:30,42.4
4/26/2026 19:45,42.7
4/26/2026 20:00,42.8
4/26/2026 20:15,42.8
4/26/2026 20:30,42.8
4/26/2026 20:45,42.1
4/26/2026 21:00,42.7
4/26/2026 21:15,42.5
4/26/2026 21:30,42.3
4/26/2026 21:45,42.4
4/26/2026 22:00,41.9
4/26/2026 22:15,42.5
4/26/2026 22:30,41.9
4/26/2026 22:45,42.1
4/26/2026 23:00,42.7
4/26/2026 23:15,42.6
4/26/2026 23:30,42.4
4/26/2026 23:45,42.3
4/27/2026 0:00,42.3
4/27/2026 0:15,42.3
4/27/2026 0:30,42.1
4/27/2026 0:45,42.2
4/27/2026 1:00,42.6
4/27/2026 1:15,42.3
4/27/2026 1:30,42.1
4/27/2026 1:45,42.5
4/27/2026 2:00,42
4/27/2026 2:15,41.8
4/27/2026 2:30,42.1
4/27/2026 2:45,42.1
4/27/2026 3:00,41.8
4/27/2026 3:15,42.1
4/27/2026 3:30,42
4/27/2026 3:45,42.2
4/27/2026 4:00,42.6
4/27/2026 4:15,41.9
4/27/2026 4:30,42.1
4/27/2026 4:45,41.8
4/27/2026 5:00,42
4/27/2026 5:15,41.3
4/27/2026 5:30,41.7
4/27/2026 5:45,41.4
4/27/2026 6:00,41.9
4/27/2026 6:15,41.9
4/27/2026 6:30,42.2
4/27/2026 6:45,41
4/27/2026 7:00,41.4
4/27/2026 7:15,41.4
4/27/2026 7:30,41.6
4/27/2026 7:45,41.3
4/27/2026 8:00,40.6
4/27/2026 8:15,41.3
4/27/2026 8:30,40.9
4/27/2026 8:45,41.5
4/27/2026 9:00,39.8
4/27/2026 9:15,41.2
4/27/2026 9:30,41.3
4/27/2026 9:45,39.2
4/27/2026 10:00,39.9
4/27/2026 10:15,40.7
4/27/2026 10:30,40.6
4/27/2026 10:45,39.7
4/27/2026 11:00,41.5
4/27/2026 11:15,39.7
4/27/2026 11:30,39.7
4/27/2026 11:45,41.2
4/27/2026 12:00,39.7
4/27/2026 12:15,41.7
4/27/2026 12:30,38.9
4/27/2026 12:45,38.7
4/27/2026 13:00,41.4
4/27/2026 13:15,42.8
4/27/2026 13:30,41.9
4/27/2026 13:45,38.9
4/27/2026 14:00,43.3
4/27/2026 14:15,38.9
4/27/2026 14:30,43.2
4/27/2026 14:45,41.9
4/27/2026 15:00,41.8
4/27/2026 15:15,40.7
4/27/2026 15:30,42.4
4/27/2026 15:45,41.8
4/27/2026 16:00,41.2
4/27/2026 16:15,40
4/27/2026 16:30,42.1
4/27/2026 16:45,41.7
4/27/2026 17:00,41
4/27/2026 17:15,40.7
4/27/2026 17:30,38.9
4/27/2026 17:45,42.8
4/27/2026 18:00,41.3
4/27/2026 18:15,40.8
4/27/2026 18:30,41.2
4/27/2026 18:45,41.4
4/27/2026 19:00,42.1
4/27/2026 19:15,41.6
4/27/2026 19:30,42.6
4/27/2026 19:45,39.9
4/27/2026 20:00,41.8
4/27/2026 20:15,40.6
4/27/2026 20:30,42.3
4/27/2026 20:45,41.2
4/27/2026 21:00,40.5
4/27/2026 21:15,40.9
4/27/2026 21:30,41.8
4/27/2026 21:45,42.2
4/27/2026 22:00,41.8
4/27/2026 22:15,40.6
4/27/2026 22:30,42
4/27/2026 22:45,41.5
4/27/2026 23:00,41.7
4/27/2026 23:15,40.8
4/27/2026 23:30,41.6
4/27/2026 23:45,42
4/28/2026 0:00,41.1
4/28/2026 0:15,41.2
4/28/2026 0:30,41
4/28/2026 0:45,40.1
4/28/2026 1:00,42.4
4/28/2026 1:15,41.6
4/28/2026 1:30,41.9
4/28/2026 1:45,41.7
4/28/2026 2:00,41.6
4/28/2026 2:15,41.6
4/28/2026 2:30,41.3
4/28/2026 2:45,41.5
4/28/2026 3:00,41.4
4/28/2026 3:15,41.3
4/28/2026 3:30,41.3
4/28/2026 3:45,41.8
4/28/2026 4:00,41.6
4/28/2026 4:15,41.4
4/28/2026 4:30,41.3
4/28/2026 4:45,41.4
4/28/2026 5:00,41.9
4/28/2026 5:15,41.6
4/28/2026 5:30,41.1
4/28/2026 5:45,41.5
4/28/2026 6:00,41.2
4/28/2026 6:15,41.5
4/28/2026 6:30,41.4
4/28/2026 6:45,40.7
4/28/2026 7:00,39.7
4/28/2026 7:15,38.8
4/28/2026 7:30,38.7
4/28/2026 7:45,38.5
4/28/2026 8:00,38.2
4/28/2026 8:15,38.7
4/28/2026 8:30,39
4/28/2026 8:45,39
4/28/2026 9:00,39.5
4/28/2026 9:15,40.1
4/28/2026 9:30,38.2
4/28/2026 9:45,39.2
4/28/2026 10:00,42
4/28/2026 10:15,41.8
4/28/2026 10:30,40.7
4/28/2026 10:45,39.4
4/28/2026 11:00,41
4/28/2026 11:15,38.5
4/28/2026 11:30,40.5
4/28/2026 11:45,38.6
4/28/2026 12:00,42.2
4/28/2026 12:15,38.7
4/28/2026 12:30,39.3
4/28/2026 12:45,39.1
4/28/2026 13:00,39.2
4/28/2026 13:15,38.7
4/28/2026 13:30,41.7
4/28/2026 13:45,42.1
4/28/2026 14:00,39.6
4/28/2026 14:15,40.7
4/28/2026 14:30,39.5
4/28/2026 14:45,37.8
4/28/2026 15:00,40.9
