UNCW CMS Pond,,,
12/16/25 00:00 : 6 Month,,,
,Hydros 21,Hydros 21,Hydros 21
,Port 3,Port 3,Port 3
,Fluid Depth - cm,Temp - °C,EC - dS/m
Date & Time,,,EC - dS/m
12/16/2025 0:00,,,--
12/16/2025 0:15,,,--
12/16/2025 0:30,,,--
12/16/2025 0:45,,,--
12/16/2025 1:00,,,--
12/16/2025 1:15,,,--
12/16/2025 1:30,,,--
12/16/2025 1:45,,,--
12/16/2025 2:00,,,--
12/16/2025 2:15,,,--
12/16/2025 2:30,,,--
12/16/2025 2:45,,,--
12/16/2025 3:00,,,--
12/16/2025 3:15,,,--
12/16/2025 3:30,,,--
12/16/2025 3:45,,,--
12/16/2025 4:00,,,--
12/16/2025 4:15,,,--
12/16/2025 4:30,,,--
12/16/2025 4:45,,,--
12/16/2025 5:00,,,--
12/16/2025 5:15,,,--
12/16/2025 5:30,,,--
12/16/2025 5:45,,,--
12/16/2025 6:00,,,--
12/16/2025 6:15,,,--
12/16/2025 6:30,,,--
12/16/2025 6:45,,,--
12/16/2025 7:00,,,--
12/16/2025 7:15,,,--
12/16/2025 7:30,,,--
12/16/2025 7:45,,,--
12/16/2025 8:00,,,--
12/16/2025 8:15,,,--
12/16/2025 8:30,,,--
12/16/2025 8:45,,,--
12/16/2025 9:00,,,--
12/16/2025 9:15,,,--
12/16/2025 9:30,,,--
12/16/2025 9:45,,,--
12/16/2025 10:00,,,--
12/16/2025 10:15,,,--
12/16/2025 10:30,,,--
12/16/2025 10:45,,,--
12/16/2025 11:00,,,--
12/16/2025 11:15,,,--
12/16/2025 11:30,,,--
12/16/2025 11:45,,,--
12/16/2025 12:00,,,--
12/16/2025 12:15,,,--
12/16/2025 12:30,,,--
12/16/2025 12:45,,,--
12/16/2025 13:00,,,--
12/16/2025 13:15,,,--
12/16/2025 13:30,,,--
12/16/2025 13:45,,,--
12/16/2025 14:00,,,--
12/16/2025 14:15,,,--
12/16/2025 14:30,,,--
12/16/2025 14:45,,,--
12/16/2025 15:00,,,--
12/16/2025 15:15,,,--
12/16/2025 15:30,,,--
12/16/2025 15:45,,,--
12/16/2025 16:00,,,--
12/16/2025 16:15,,,--
12/16/2025 16:30,,,--
12/16/2025 16:45,,,--
12/16/2025 17:00,,,--
12/16/2025 17:15,,,--
12/16/2025 17:30,,,--
12/16/2025 17:45,,,--
12/16/2025 18:00,,,--
12/16/2025 18:15,,,--
12/16/2025 18:30,,,--
12/16/2025 18:45,,,--
12/16/2025 19:00,,,--
12/16/2025 19:15,,,--
12/16/2025 19:30,,,--
12/16/2025 19:45,,,--
12/16/2025 20:00,,,--
12/16/2025 20:15,,,--
12/16/2025 20:30,,,--
12/16/2025 20:45,,,--
12/16/2025 21:00,,,--
12/16/2025 21:15,,,--
12/16/2025 21:30,,,--
12/16/2025 21:45,,,--
12/16/2025 22:00,,,--
12/16/2025 22:15,,,--
12/16/2025 22:30,,,--
12/16/2025 22:45,,,--
12/16/2025 23:00,,,--
12/16/2025 23:15,,,--
12/16/2025 23:30,,,--
12/16/2025 23:45,,,--
12/17/2025 0:00,,,--
12/17/2025 0:15,,,--
12/17/2025 0:30,,,--
12/17/2025 0:45,,,--
12/17/2025 1:00,,,--
12/17/2025 1:15,,,--
12/17/2025 1:30,,,--
12/17/2025 1:45,,,--
12/17/2025 2:00,,,--
12/17/2025 2:15,,,--
12/17/2025 2:30,,,--
12/17/2025 2:45,,,--
12/17/2025 3:00,,,--
12/17/2025 3:15,,,--
12/17/2025 3:30,,,--
12/17/2025 3:45,,,--
12/17/2025 4:00,,,--
12/17/2025 4:15,,,--
12/17/2025 4:30,,,--
12/17/2025 4:45,,,--
12/17/2025 5:00,,,--
12/17/2025 5:15,,,--
12/17/2025 5:30,,,--
12/17/2025 5:45,,,--
12/17/2025 6:00,,,--
12/17/2025 6:15,,,--
12/17/2025 6:30,,,--
12/17/2025 6:45,,,--
12/17/2025 7:00,,,--
12/17/2025 7:15,,,--
12/17/2025 7:30,,,--
12/17/2025 7:45,,,--
12/17/2025 8:00,,,--
12/17/2025 8:15,,,--
12/17/2025 8:30,,,--
12/17/2025 8:45,,,--
12/17/2025 9:00,,,--
12/17/2025 9:15,,,--
12/17/2025 9:30,,,--
12/17/2025 9:45,,,--
12/17/2025 10:00,,,--
12/17/2025 10:15,,,--
12/17/2025 10:30,,,--
12/17/2025 10:45,,,--
12/17/2025 11:00,,,--
12/17/2025 11:15,,,--
12/17/2025 11:30,,,--
12/17/2025 11:45,,,--
12/17/2025 12:00,,,--
12/17/2025 12:15,,,--
12/17/2025 12:30,,,--
12/17/2025 12:45,,,--
12/17/2025 13:00,,,--
12/17/2025 13:15,,,--
12/17/2025 13:30,,,--
12/17/2025 13:45,,,--
12/17/2025 14:00,,,--
12/17/2025 14:15,,,--
12/17/2025 14:30,,,--
12/17/2025 14:45,,,--
12/17/2025 15:00,,,--
12/17/2025 15:15,,,--
12/17/2025 15:30,,,--
12/17/2025 15:45,,,--
12/17/2025 16:00,,,--
12/17/2025 16:15,,,--
12/17/2025 16:30,,,--
12/17/2025 16:45,,,--
12/17/2025 17:00,,,--
12/17/2025 17:15,,,--
12/17/2025 17:30,,,--
12/17/2025 17:45,,,--
12/17/2025 18:00,,,--
12/17/2025 18:15,,,--
12/17/2025 18:30,,,--
12/17/2025 18:45,,,--
12/17/2025 19:00,,,--
12/17/2025 19:15,,,--
12/17/2025 19:30,,,--
12/17/2025 19:45,,,--
12/17/2025 20:00,,,--
12/17/2025 20:15,,,--
12/17/2025 20:30,,,--
12/17/2025 20:45,,,--
12/17/2025 21:00,,,--
12/17/2025 21:15,,,--
12/17/2025 21:30,,,--
12/17/2025 21:45,,,--
12/17/2025 22:00,,,--
12/17/2025 22:15,,,--
12/17/2025 22:30,,,--
12/17/2025 22:45,,,--
12/17/2025 23:00,,,--
12/17/2025 23:15,,,--
12/17/2025 23:30,,,--
12/17/2025 23:45,,,--
12/18/2025 0:00,,,--
12/18/2025 0:15,,,--
12/18/2025 0:30,,,--
12/18/2025 0:45,,,--
12/18/2025 1:00,,,--
12/18/2025 1:15,,,--
12/18/2025 1:30,,,--
12/18/2025 1:45,,,--
12/18/2025 2:00,,,--
12/18/2025 2:15,,,--
12/18/2025 2:30,,,--
12/18/2025 2:45,,,--
12/18/2025 3:00,,,--
12/18/2025 3:15,,,--
12/18/2025 3:30,,,--
12/18/2025 3:45,,,--
12/18/2025 4:00,,,--
12/18/2025 4:15,,,--
12/18/2025 4:30,,,--
12/18/2025 4:45,,,--
12/18/2025 5:00,,,--
12/18/2025 5:15,,,--
12/18/2025 5:30,,,--
12/18/2025 5:45,,,--
12/18/2025 6:00,,,--
12/18/2025 6:15,,,--
12/18/2025 6:30,,,--
12/18/2025 6:45,,,--
12/18/2025 7:00,,,--
12/18/2025 7:15,,,--
12/18/2025 7:30,,,--
12/18/2025 7:45,,,--
12/18/2025 8:00,,,--
12/18/2025 8:15,,,--
12/18/2025 8:30,,,--
12/18/2025 8:45,,,--
12/18/2025 9:00,,,--
12/18/2025 9:15,,,--
12/18/2025 9:30,,,--
12/18/2025 9:45,,,--
12/18/2025 10:00,,,--
12/18/2025 10:15,,,--
12/18/2025 10:30,,,--
12/18/2025 10:45,,,--
12/18/2025 11:00,,,--
12/18/2025 11:15,,,--
12/18/2025 11:30,,,--
12/18/2025 11:45,,,--
12/18/2025 12:00,,,--
12/18/2025 12:15,,,--
12/18/2025 12:30,,,--
12/18/2025 12:45,,,--
12/18/2025 13:00,,,--
12/18/2025 13:15,,,--
12/18/2025 13:30,,,--
12/18/2025 13:45,,,--
12/18/2025 14:00,,,--
12/18/2025 14:15,,,--
12/18/2025 14:30,,,--
12/18/2025 14:45,,,--
12/18/2025 15:00,,,--
12/18/2025 15:15,,,--
12/18/2025 15:30,,,--
12/18/2025 15:45,,,--
12/18/2025 16:00,,,--
12/18/2025 16:15,,,--
12/18/2025 16:30,,,--
12/18/2025 16:45,,,--
12/18/2025 17:00,,,--
12/18/2025 17:15,,,--
12/18/2025 17:30,,,--
12/18/2025 17:45,,,--
12/18/2025 18:00,,,--
12/18/2025 18:15,,,--
12/18/2025 18:30,,,--
12/18/2025 18:45,,,--
12/18/2025 19:00,,,--
12/18/2025 19:15,,,--
12/18/2025 19:30,,,--
12/18/2025 19:45,,,--
12/18/2025 20:00,,,--
12/18/2025 20:15,,,--
12/18/2025 20:30,,,--
12/18/2025 20:45,,,--
12/18/2025 21:00,,,--
12/18/2025 21:15,,,--
12/18/2025 21:30,,,--
12/18/2025 21:45,,,--
12/18/2025 22:00,,,--
12/18/2025 22:15,,,--
12/18/2025 22:30,,,--
12/18/2025 22:45,,,--
12/18/2025 23:00,,,--
12/18/2025 23:15,,,--
12/18/2025 23:30,,,--
12/18/2025 23:45,,,--
12/19/2025 0:00,,,--
12/19/2025 0:15,,,--
12/19/2025 0:30,,,--
12/19/2025 0:45,,,--
12/19/2025 1:00,,,--
12/19/2025 1:15,,,--
12/19/2025 1:30,,,--
12/19/2025 1:45,,,--
12/19/2025 2:00,,,--
12/19/2025 2:15,,,--
12/19/2025 2:30,,,--
12/19/2025 2:45,,,--
12/19/2025 3:00,,,--
12/19/2025 3:15,,,--
12/19/2025 3:30,,,--
12/19/2025 3:45,,,--
12/19/2025 4:00,,,--
12/19/2025 4:15,,,--
12/19/2025 4:30,,,--
12/19/2025 4:45,,,--
12/19/2025 5:00,,,--
12/19/2025 5:15,,,--
12/19/2025 5:30,,,--
12/19/2025 5:45,,,--
12/19/2025 6:00,,,--
12/19/2025 6:15,,,--
12/19/2025 6:30,,,--
12/19/2025 6:45,,,--
12/19/2025 7:00,,,--
12/19/2025 7:15,,,--
12/19/2025 7:30,,,--
12/19/2025 7:45,,,--
12/19/2025 8:00,,,--
12/19/2025 8:15,,,--
12/19/2025 8:30,,,--
12/19/2025 8:45,,,--
12/19/2025 9:00,,,--
12/19/2025 9:15,,,--
12/19/2025 9:30,,,--
12/19/2025 9:45,,,--
12/19/2025 10:00,,,--
12/19/2025 10:15,,,--
12/19/2025 10:30,,,--
12/19/2025 10:45,,,--
12/19/2025 11:00,,,--
12/19/2025 11:15,,,--
12/19/2025 11:30,,,--
12/19/2025 11:45,,,--
12/19/2025 12:00,,,--
12/19/2025 12:15,,,--
12/19/2025 12:30,,,--
12/19/2025 12:45,,,--
12/19/2025 13:00,,,--
12/19/2025 13:15,,,--
12/19/2025 13:30,,,--
12/19/2025 13:45,,,--
12/19/2025 14:00,,,--
12/19/2025 14:15,,,--
12/19/2025 14:30,,,--
12/19/2025 14:45,,,--
12/19/2025 15:00,,,--
12/19/2025 15:15,,,--
12/19/2025 15:30,,,--
12/19/2025 15:45,,,--
12/19/2025 16:00,,,--
12/19/2025 16:15,,,--
12/19/2025 16:30,,,--
12/19/2025 16:45,,,--
12/19/2025 17:00,,,--
12/19/2025 17:15,,,--
12/19/2025 17:30,,,--
12/19/2025 17:45,,,--
12/19/2025 18:00,,,--
12/19/2025 18:15,,,--
12/19/2025 18:30,,,--
12/19/2025 18:45,,,--
12/19/2025 19:00,,,--
12/19/2025 19:15,,,--
12/19/2025 19:30,,,--
12/19/2025 19:45,,,--
12/19/2025 20:00,,,--
12/19/2025 20:15,,,--
12/19/2025 20:30,,,--
12/19/2025 20:45,,,--
12/19/2025 21:00,,,--
12/19/2025 21:15,,,--
12/19/2025 21:30,,,--
12/19/2025 21:45,,,--
12/19/2025 22:00,,,--
12/19/2025 22:15,,,--
12/19/2025 22:30,,,--
12/19/2025 22:45,,,--
12/19/2025 23:00,,,--
12/19/2025 23:15,,,--
12/19/2025 23:30,,,--
12/19/2025 23:45,,,--
12/20/2025 0:00,,,--
12/20/2025 0:15,,,--
12/20/2025 0:30,,,--
12/20/2025 0:45,,,--
12/20/2025 1:00,,,--
12/20/2025 1:15,,,--
12/20/2025 1:30,,,--
12/20/2025 1:45,,,--
12/20/2025 2:00,,,--
12/20/2025 2:15,,,--
12/20/2025 2:30,,,--
12/20/2025 2:45,,,--
12/20/2025 3:00,,,--
12/20/2025 3:15,,,--
12/20/2025 3:30,,,--
12/20/2025 3:45,,,--
12/20/2025 4:00,,,--
12/20/2025 4:15,,,--
12/20/2025 4:30,,,--
12/20/2025 4:45,,,--
12/20/2025 5:00,,,--
12/20/2025 5:15,,,--
12/20/2025 5:30,,,--
12/20/2025 5:45,,,--
12/20/2025 6:00,,,--
12/20/2025 6:15,,,--
12/20/2025 6:30,,,--
12/20/2025 6:45,,,--
12/20/2025 7:00,,,--
12/20/2025 7:15,,,--
12/20/2025 7:30,,,--
12/20/2025 7:45,,,--
12/20/2025 8:00,,,--
12/20/2025 8:15,,,--
12/20/2025 8:30,,,--
12/20/2025 8:45,,,--
12/20/2025 9:00,,,--
12/20/2025 9:15,,,--
12/20/2025 9:30,,,--
12/20/2025 9:45,,,--
12/20/2025 10:00,,,--
12/20/2025 10:15,,,--
12/20/2025 10:30,,,--
12/20/2025 10:45,,,--
12/20/2025 11:00,,,--
12/20/2025 11:15,,,--
12/20/2025 11:30,,,--
12/20/2025 11:45,,,--
12/20/2025 12:00,,,--
12/20/2025 12:15,,,--
12/20/2025 12:30,,,--
12/20/2025 12:45,,,--
12/20/2025 13:00,,,--
12/20/2025 13:15,,,--
12/20/2025 13:30,,,--
12/20/2025 13:45,,,--
12/20/2025 14:00,,,--
12/20/2025 14:15,,,--
12/20/2025 14:30,,,--
12/20/2025 14:45,,,--
12/20/2025 15:00,,,--
12/20/2025 15:15,,,--
12/20/2025 15:30,,,--
12/20/2025 15:45,,,--
12/20/2025 16:00,,,--
12/20/2025 16:15,,,--
12/20/2025 16:30,,,--
12/20/2025 16:45,,,--
12/20/2025 17:00,,,--
12/20/2025 17:15,,,--
12/20/2025 17:30,,,--
12/20/2025 17:45,,,--
12/20/2025 18:00,,,--
12/20/2025 18:15,,,--
12/20/2025 18:30,,,--
12/20/2025 18:45,,,--
12/20/2025 19:00,,,--
12/20/2025 19:15,,,--
12/20/2025 19:30,,,--
12/20/2025 19:45,,,--
12/20/2025 20:00,,,--
12/20/2025 20:15,,,--
12/20/2025 20:30,,,--
12/20/2025 20:45,,,--
12/20/2025 21:00,,,--
12/20/2025 21:15,,,--
12/20/2025 21:30,,,--
12/20/2025 21:45,,,--
12/20/2025 22:00,,,--
12/20/2025 22:15,,,--
12/20/2025 22:30,,,--
12/20/2025 22:45,,,--
12/20/2025 23:00,,,--
12/20/2025 23:15,,,--
12/20/2025 23:30,,,--
12/20/2025 23:45,,,--
12/21/2025 0:00,,,--
12/21/2025 0:15,,,--
12/21/2025 0:30,,,--
12/21/2025 0:45,,,--
12/21/2025 1:00,,,--
12/21/2025 1:15,,,--
12/21/2025 1:30,,,--
12/21/2025 1:45,,,--
12/21/2025 2:00,,,--
12/21/2025 2:15,,,--
12/21/2025 2:30,,,--
12/21/2025 2:45,,,--
12/21/2025 3:00,,,--
12/21/2025 3:15,,,--
12/21/2025 3:30,,,--
12/21/2025 3:45,,,--
12/21/2025 4:00,,,--
12/21/2025 4:15,,,--
12/21/2025 4:30,,,--
12/21/2025 4:45,,,--
12/21/2025 5:00,,,--
12/21/2025 5:15,,,--
12/21/2025 5:30,,,--
12/21/2025 5:45,,,--
12/21/2025 6:00,,,--
12/21/2025 6:15,,,--
12/21/2025 6:30,,,--
12/21/2025 6:45,,,--
12/21/2025 7:00,,,--
12/21/2025 7:15,,,--
12/21/2025 7:30,,,--
12/21/2025 7:45,,,--
12/21/2025 8:00,,,--
12/21/2025 8:15,,,--
12/21/2025 8:30,,,--
12/21/2025 8:45,,,--
12/21/2025 9:00,,,--
12/21/2025 9:15,,,--
12/21/2025 9:30,,,--
12/21/2025 9:45,,,--
12/21/2025 10:00,,,--
12/21/2025 10:15,,,--
12/21/2025 10:30,,,--
12/21/2025 10:45,,,--
12/21/2025 11:00,,,--
12/21/2025 11:15,,,--
12/21/2025 11:30,,,--
12/21/2025 11:45,,,--
12/21/2025 12:00,,,--
12/21/2025 12:15,,,--
12/21/2025 12:30,,,--
12/21/2025 12:45,,,--
12/21/2025 13:00,,,--
12/21/2025 13:15,,,--
12/21/2025 13:30,,,--
12/21/2025 13:45,,,--
12/21/2025 14:00,,,--
12/21/2025 14:15,,,--
12/21/2025 14:30,,,--
12/21/2025 14:45,,,--
12/21/2025 15:00,,,--
12/21/2025 15:15,,,--
12/21/2025 15:30,,,--
12/21/2025 15:45,,,--
12/21/2025 16:00,,,--
12/21/2025 16:15,,,--
12/21/2025 16:30,,,--
12/21/2025 16:45,,,--
12/21/2025 17:00,,,--
12/21/2025 17:15,,,--
12/21/2025 17:30,,,--
12/21/2025 17:45,,,--
12/21/2025 18:00,,,--
12/21/2025 18:15,,,--
12/21/2025 18:30,,,--
12/21/2025 18:45,,,--
12/21/2025 19:00,,,--
12/21/2025 19:15,,,--
12/21/2025 19:30,,,--
12/21/2025 19:45,,,--
12/21/2025 20:00,,,--
12/21/2025 20:15,,,--
12/21/2025 20:30,,,--
12/21/2025 20:45,,,--
12/21/2025 21:00,,,--
12/21/2025 21:15,,,--
12/21/2025 21:30,,,--
12/21/2025 21:45,,,--
12/21/2025 22:00,,,--
12/21/2025 22:15,,,--
12/21/2025 22:30,,,--
12/21/2025 22:45,,,--
12/21/2025 23:00,,,--
12/21/2025 23:15,,,--
12/21/2025 23:30,,,--
12/21/2025 23:45,,,--
12/22/2025 0:00,,,--
12/22/2025 0:15,,,--
12/22/2025 0:30,,,--
12/22/2025 0:45,,,--
12/22/2025 1:00,,,--
12/22/2025 1:15,,,--
12/22/2025 1:30,,,--
12/22/2025 1:45,,,--
12/22/2025 2:00,,,--
12/22/2025 2:15,,,--
12/22/2025 2:30,,,--
12/22/2025 2:45,,,--
12/22/2025 3:00,,,--
12/22/2025 3:15,,,--
12/22/2025 3:30,,,--
12/22/2025 3:45,,,--
12/22/2025 4:00,,,--
12/22/2025 4:15,,,--
12/22/2025 4:30,,,--
12/22/2025 4:45,,,--
12/22/2025 5:00,,,--
12/22/2025 5:15,,,--
12/22/2025 5:30,,,--
12/22/2025 5:45,,,--
12/22/2025 6:00,,,--
12/22/2025 6:15,,,--
12/22/2025 6:30,,,--
12/22/2025 6:45,,,--
12/22/2025 7:00,,,--
12/22/2025 7:15,,,--
12/22/2025 7:30,,,--
12/22/2025 7:45,,,--
12/22/2025 8:00,,,--
12/22/2025 8:15,,,--
12/22/2025 8:30,,,--
12/22/2025 8:45,,,--
12/22/2025 9:00,,,--
12/22/2025 9:15,,,--
12/22/2025 9:30,,,--
12/22/2025 9:45,,,--
12/22/2025 10:00,,,--
12/22/2025 10:15,,,--
12/22/2025 10:30,,,--
12/22/2025 10:45,,,--
12/22/2025 11:00,,,--
12/22/2025 11:15,,,--
12/22/2025 11:30,,,--
12/22/2025 11:45,,,--
12/22/2025 12:00,,,--
12/22/2025 12:15,,,--
12/22/2025 12:30,,,--
12/22/2025 12:45,,,--
12/22/2025 13:00,,,--
12/22/2025 13:15,,,--
12/22/2025 13:30,,,--
12/22/2025 13:45,,,--
12/22/2025 14:00,,,--
12/22/2025 14:15,,,--
12/22/2025 14:30,,,--
12/22/2025 14:45,,,--
12/22/2025 15:00,,,--
12/22/2025 15:15,,,--
12/22/2025 15:30,,,--
12/22/2025 15:45,,,--
12/22/2025 16:00,,,--
12/22/2025 16:15,,,--
12/22/2025 16:30,,,--
12/22/2025 16:45,,,--
12/22/2025 17:00,,,--
12/22/2025 17:15,,,--
12/22/2025 17:30,,,--
12/22/2025 17:45,,,--
12/22/2025 18:00,,,--
12/22/2025 18:15,,,--
12/22/2025 18:30,,,--
12/22/2025 18:45,,,--
12/22/2025 19:00,,,--
12/22/2025 19:15,,,--
12/22/2025 19:30,,,--
12/22/2025 19:45,,,--
12/22/2025 20:00,,,--
12/22/2025 20:15,,,--
12/22/2025 20:30,,,--
12/22/2025 20:45,,,--
12/22/2025 21:00,,,--
12/22/2025 21:15,,,--
12/22/2025 21:30,,,--
12/22/2025 21:45,,,--
12/22/2025 22:00,,,--
12/22/2025 22:15,,,--
12/22/2025 22:30,,,--
12/22/2025 22:45,,,--
12/22/2025 23:00,,,--
12/22/2025 23:15,,,--
12/22/2025 23:30,,,--
12/22/2025 23:45,,,--
12/23/2025 0:00,,,--
12/23/2025 0:15,,,--
12/23/2025 0:30,,,--
12/23/2025 0:45,,,--
12/23/2025 1:00,,,--
12/23/2025 1:15,,,--
12/23/2025 1:30,,,--
12/23/2025 1:45,,,--
12/23/2025 2:00,,,--
12/23/2025 2:15,,,--
12/23/2025 2:30,,,--
12/23/2025 2:45,,,--
12/23/2025 3:00,,,--
12/23/2025 3:15,,,--
12/23/2025 3:30,,,--
12/23/2025 3:45,,,--
12/23/2025 4:00,,,--
12/23/2025 4:15,,,--
12/23/2025 4:30,,,--
12/23/2025 4:45,,,--
12/23/2025 5:00,,,--
12/23/2025 5:15,,,--
12/23/2025 5:30,,,--
12/23/2025 5:45,,,--
12/23/2025 6:00,,,--
12/23/2025 6:15,,,--
12/23/2025 6:30,,,--
12/23/2025 6:45,,,--
12/23/2025 7:00,,,--
12/23/2025 7:15,,,--
12/23/2025 7:30,,,--
12/23/2025 7:45,,,--
12/23/2025 8:00,,,--
12/23/2025 8:15,,,--
12/23/2025 8:30,,,--
12/23/2025 8:45,,,--
12/23/2025 9:00,,,--
12/23/2025 9:15,,,--
12/23/2025 9:30,,,--
12/23/2025 9:45,,,--
12/23/2025 10:00,,,--
12/23/2025 10:15,,,--
12/23/2025 10:30,,,--
12/23/2025 10:45,,,--
12/23/2025 11:00,,,--
12/23/2025 11:15,,,--
12/23/2025 11:30,,,--
12/23/2025 11:45,,,--
12/23/2025 12:00,,,--
12/23/2025 12:15,,,--
12/23/2025 12:30,,,--
12/23/2025 12:45,,,--
12/23/2025 13:00,,,--
12/23/2025 13:15,,,--
12/23/2025 13:30,,,--
12/23/2025 13:45,,,--
12/23/2025 14:00,,,--
12/23/2025 14:15,,,--
12/23/2025 14:30,,,--
12/23/2025 14:45,,,--
12/23/2025 15:00,,,--
12/23/2025 15:15,,,--
12/23/2025 15:30,,,--
12/23/2025 15:45,,,--
12/23/2025 16:00,,,--
12/23/2025 16:15,,,--
12/23/2025 16:30,,,--
12/23/2025 16:45,,,--
12/23/2025 17:00,,,--
12/23/2025 17:15,,,--
12/23/2025 17:30,,,--
12/23/2025 17:45,,,--
12/23/2025 18:00,,,--
12/23/2025 18:15,,,--
12/23/2025 18:30,,,--
12/23/2025 18:45,,,--
12/23/2025 19:00,,,--
12/23/2025 19:15,,,--
12/23/2025 19:30,,,--
12/23/2025 19:45,,,--
12/23/2025 20:00,,,--
12/23/2025 20:15,,,--
12/23/2025 20:30,,,--
12/23/2025 20:45,,,--
12/23/2025 21:00,,,--
12/23/2025 21:15,,,--
12/23/2025 21:30,,,--
12/23/2025 21:45,,,--
12/23/2025 22:00,,,--
12/23/2025 22:15,,,--
12/23/2025 22:30,,,--
12/23/2025 22:45,,,--
12/23/2025 23:00,,,--
12/23/2025 23:15,,,--
12/23/2025 23:30,,,--
12/23/2025 23:45,,,--
12/24/2025 0:00,,,--
12/24/2025 0:15,,,--
12/24/2025 0:30,,,--
12/24/2025 0:45,,,--
12/24/2025 1:00,,,--
12/24/2025 1:15,,,--
12/24/2025 1:30,,,--
12/24/2025 1:45,,,--
12/24/2025 2:00,,,--
12/24/2025 2:15,,,--
12/24/2025 2:30,,,--
12/24/2025 2:45,,,--
12/24/2025 3:00,,,--
12/24/2025 3:15,,,--
12/24/2025 3:30,,,--
12/24/2025 3:45,,,--
12/24/2025 4:00,,,--
12/24/2025 4:15,,,--
12/24/2025 4:30,,,--
12/24/2025 4:45,,,--
12/24/2025 5:00,,,--
12/24/2025 5:15,,,--
12/24/2025 5:30,,,--
12/24/2025 5:45,,,--
12/24/2025 6:00,,,--
12/24/2025 6:15,,,--
12/24/2025 6:30,,,--
12/24/2025 6:45,,,--
12/24/2025 7:00,,,--
12/24/2025 7:15,,,--
12/24/2025 7:30,,,--
12/24/2025 7:45,,,--
12/24/2025 8:00,,,--
12/24/2025 8:15,,,--
12/24/2025 8:30,,,--
12/24/2025 8:45,,,--
12/24/2025 9:00,,,--
12/24/2025 9:15,,,--
12/24/2025 9:30,,,--
12/24/2025 9:45,,,--
12/24/2025 10:00,,,--
12/24/2025 10:15,,,--
12/24/2025 10:30,,,--
12/24/2025 10:45,,,--
12/24/2025 11:00,,,--
12/24/2025 11:15,,,--
12/24/2025 11:30,,,--
12/24/2025 11:45,,,--
12/24/2025 12:00,,,--
12/24/2025 12:15,,,--
12/24/2025 12:30,,,--
12/24/2025 12:45,,,--
12/24/2025 13:00,,,--
12/24/2025 13:15,,,--
12/24/2025 13:30,,,--
12/24/2025 13:45,,,--
12/24/2025 14:00,,,--
12/24/2025 14:15,,,--
12/24/2025 14:30,,,--
12/24/2025 14:45,,,--
12/24/2025 15:00,,,--
12/24/2025 15:15,,,--
12/24/2025 15:30,,,--
12/24/2025 15:45,,,--
12/24/2025 16:00,,,--
12/24/2025 16:15,,,--
12/24/2025 16:30,,,--
12/24/2025 16:45,,,--
12/24/2025 17:00,,,--
12/24/2025 17:15,,,--
12/24/2025 17:30,,,--
12/24/2025 17:45,,,--
12/24/2025 18:00,,,--
12/24/2025 18:15,,,--
12/24/2025 18:30,,,--
12/24/2025 18:45,,,--
12/24/2025 19:00,,,--
12/24/2025 19:15,,,--
12/24/2025 19:30,,,--
12/24/2025 19:45,,,--
12/24/2025 20:00,,,--
12/24/2025 20:15,,,--
12/24/2025 20:30,,,--
12/24/2025 20:45,,,--
12/24/2025 21:00,,,--
12/24/2025 21:15,,,--
12/24/2025 21:30,,,--
12/24/2025 21:45,,,--
12/24/2025 22:00,,,--
12/24/2025 22:15,,,--
12/24/2025 22:30,,,--
12/24/2025 22:45,,,--
12/24/2025 23:00,,,--
12/24/2025 23:15,,,--
12/24/2025 23:30,,,--
12/24/2025 23:45,,,--
12/25/2025 0:00,,,--
12/25/2025 0:15,,,--
12/25/2025 0:30,,,--
12/25/2025 0:45,,,--
12/25/2025 1:00,,,--
12/25/2025 1:15,,,--
12/25/2025 1:30,,,--
12/25/2025 1:45,,,--
12/25/2025 2:00,,,--
12/25/2025 2:15,,,--
12/25/2025 2:30,,,--
12/25/2025 2:45,,,--
12/25/2025 3:00,,,--
12/25/2025 3:15,,,--
12/25/2025 3:30,,,--
12/25/2025 3:45,,,--
12/25/2025 4:00,,,--
12/25/2025 4:15,,,--
12/25/2025 4:30,,,--
12/25/2025 4:45,,,--
12/25/2025 5:00,,,--
12/25/2025 5:15,,,--
12/25/2025 5:30,,,--
12/25/2025 5:45,,,--
12/25/2025 6:00,,,--
12/25/2025 6:15,,,--
12/25/2025 6:30,,,--
12/25/2025 6:45,,,--
12/25/2025 7:00,,,--
12/25/2025 7:15,,,--
12/25/2025 7:30,,,--
12/25/2025 7:45,,,--
12/25/2025 8:00,,,--
12/25/2025 8:15,,,--
12/25/2025 8:30,,,--
12/25/2025 8:45,,,--
12/25/2025 9:00,,,--
12/25/2025 9:15,,,--
12/25/2025 9:30,,,--
12/25/2025 9:45,,,--
12/25/2025 10:00,,,--
12/25/2025 10:15,,,--
12/25/2025 10:30,,,--
12/25/2025 10:45,,,--
12/25/2025 11:00,,,--
12/25/2025 11:15,,,--
12/25/2025 11:30,,,--
12/25/2025 11:45,,,--
12/25/2025 12:00,,,--
12/25/2025 12:15,,,--
12/25/2025 12:30,,,--
12/25/2025 12:45,,,--
12/25/2025 13:00,,,--
12/25/2025 13:15,,,--
12/25/2025 13:30,,,--
12/25/2025 13:45,,,--
12/25/2025 14:00,,,--
12/25/2025 14:15,,,--
12/25/2025 14:30,,,--
12/25/2025 14:45,,,--
12/25/2025 15:00,,,--
12/25/2025 15:15,,,--
12/25/2025 15:30,,,--
12/25/2025 15:45,,,--
12/25/2025 16:00,,,--
12/25/2025 16:15,,,--
12/25/2025 16:30,,,--
12/25/2025 16:45,,,--
12/25/2025 17:00,,,--
12/25/2025 17:15,,,--
12/25/2025 17:30,,,--
12/25/2025 17:45,,,--
12/25/2025 18:00,,,--
12/25/2025 18:15,,,--
12/25/2025 18:30,,,--
12/25/2025 18:45,,,--
12/25/2025 19:00,,,--
12/25/2025 19:15,,,--
12/25/2025 19:30,,,--
12/25/2025 19:45,,,--
12/25/2025 20:00,,,--
12/25/2025 20:15,,,--
12/25/2025 20:30,,,--
12/25/2025 20:45,,,--
12/25/2025 21:00,,,--
12/25/2025 21:15,,,--
12/25/2025 21:30,,,--
12/25/2025 21:45,,,--
12/25/2025 22:00,,,--
12/25/2025 22:15,,,--
12/25/2025 22:30,,,--
12/25/2025 22:45,,,--
12/25/2025 23:00,,,--
12/25/2025 23:15,,,--
12/25/2025 23:30,,,--
12/25/2025 23:45,,,--
12/26/2025 0:00,,,--
12/26/2025 0:15,,,--
12/26/2025 0:30,,,--
12/26/2025 0:45,,,--
12/26/2025 1:00,,,--
12/26/2025 1:15,,,--
12/26/2025 1:30,,,--
12/26/2025 1:45,,,--
12/26/2025 2:00,,,--
12/26/2025 2:15,,,--
12/26/2025 2:30,,,--
12/26/2025 2:45,,,--
12/26/2025 3:00,,,--
12/26/2025 3:15,,,--
12/26/2025 3:30,,,--
12/26/2025 3:45,,,--
12/26/2025 4:00,,,--
12/26/2025 4:15,,,--
12/26/2025 4:30,,,--
12/26/2025 4:45,,,--
12/26/2025 5:00,,,--
12/26/2025 5:15,,,--
12/26/2025 5:30,,,--
12/26/2025 5:45,,,--
12/26/2025 6:00,,,--
12/26/2025 6:15,,,--
12/26/2025 6:30,,,--
12/26/2025 6:45,,,--
12/26/2025 7:00,,,--
12/26/2025 7:15,,,--
12/26/2025 7:30,,,--
12/26/2025 7:45,,,--
12/26/2025 8:00,,,--
12/26/2025 8:15,,,--
12/26/2025 8:30,,,--
12/26/2025 8:45,,,--
12/26/2025 9:00,,,--
12/26/2025 9:15,,,--
12/26/2025 9:30,,,--
12/26/2025 9:45,,,--
12/26/2025 10:00,,,--
12/26/2025 10:15,,,--
12/26/2025 10:30,,,--
12/26/2025 10:45,,,--
12/26/2025 11:00,,,--
12/26/2025 11:15,,,--
12/26/2025 11:30,,,--
12/26/2025 11:45,,,--
12/26/2025 12:00,,,--
12/26/2025 12:15,,,--
12/26/2025 12:30,,,--
12/26/2025 12:45,,,--
12/26/2025 13:00,,,--
12/26/2025 13:15,,,--
12/26/2025 13:30,,,--
12/26/2025 13:45,,,--
12/26/2025 14:00,,,--
12/26/2025 14:15,,,--
12/26/2025 14:30,,,--
12/26/2025 14:45,,,--
12/26/2025 15:00,,,--
12/26/2025 15:15,,,--
12/26/2025 15:30,,,--
12/26/2025 15:45,,,--
12/26/2025 16:00,,,--
12/26/2025 16:15,,,--
12/26/2025 16:30,,,--
12/26/2025 16:45,,,--
12/26/2025 17:00,,,--
12/26/2025 17:15,,,--
12/26/2025 17:30,,,--
12/26/2025 17:45,,,--
12/26/2025 18:00,,,--
12/26/2025 18:15,,,--
12/26/2025 18:30,,,--
12/26/2025 18:45,,,--
12/26/2025 19:00,,,--
12/26/2025 19:15,,,--
12/26/2025 19:30,,,--
12/26/2025 19:45,,,--
12/26/2025 20:00,,,--
12/26/2025 20:15,,,--
12/26/2025 20:30,,,--
12/26/2025 20:45,,,--
12/26/2025 21:00,,,--
12/26/2025 21:15,,,--
12/26/2025 21:30,,,--
12/26/2025 21:45,,,--
12/26/2025 22:00,,,--
12/26/2025 22:15,,,--
12/26/2025 22:30,,,--
12/26/2025 22:45,,,--
12/26/2025 23:00,,,--
12/26/2025 23:15,,,--
12/26/2025 23:30,,,--
12/26/2025 23:45,,,--
12/27/2025 0:00,,,--
12/27/2025 0:15,,,--
12/27/2025 0:30,,,--
12/27/2025 0:45,,,--
12/27/2025 1:00,,,--
12/27/2025 1:15,,,--
12/27/2025 1:30,,,--
12/27/2025 1:45,,,--
12/27/2025 2:00,,,--
12/27/2025 2:15,,,--
12/27/2025 2:30,,,--
12/27/2025 2:45,,,--
12/27/2025 3:00,,,--
12/27/2025 3:15,,,--
12/27/2025 3:30,,,--
12/27/2025 3:45,,,--
12/27/2025 4:00,,,--
12/27/2025 4:15,,,--
12/27/2025 4:30,,,--
12/27/2025 4:45,,,--
12/27/2025 5:00,,,--
12/27/2025 5:15,,,--
12/27/2025 5:30,,,--
12/27/2025 5:45,,,--
12/27/2025 6:00,,,--
12/27/2025 6:15,,,--
12/27/2025 6:30,,,--
12/27/2025 6:45,,,--
12/27/2025 7:00,,,--
12/27/2025 7:15,,,--
12/27/2025 7:30,,,--
12/27/2025 7:45,,,--
12/27/2025 8:00,,,--
12/27/2025 8:15,,,--
12/27/2025 8:30,,,--
12/27/2025 8:45,,,--
12/27/2025 9:00,,,--
12/27/2025 9:15,,,--
12/27/2025 9:30,,,--
12/27/2025 9:45,,,--
12/27/2025 10:00,,,--
12/27/2025 10:15,,,--
12/27/2025 10:30,,,--
12/27/2025 10:45,,,--
12/27/2025 11:00,,,--
12/27/2025 11:15,,,--
12/27/2025 11:30,,,--
12/27/2025 11:45,,,--
12/27/2025 12:00,,,--
12/27/2025 12:15,,,--
12/27/2025 12:30,,,--
12/27/2025 12:45,,,--
12/27/2025 13:00,,,--
12/27/2025 13:15,,,--
12/27/2025 13:30,,,--
12/27/2025 13:45,,,--
12/27/2025 14:00,,,--
12/27/2025 14:15,,,--
12/27/2025 14:30,,,--
12/27/2025 14:45,,,--
12/27/2025 15:00,,,--
12/27/2025 15:15,,,--
12/27/2025 15:30,,,--
12/27/2025 15:45,,,--
12/27/2025 16:00,,,--
12/27/2025 16:15,,,--
12/27/2025 16:30,,,--
12/27/2025 16:45,,,--
12/27/2025 17:00,,,--
12/27/2025 17:15,,,--
12/27/2025 17:30,,,--
12/27/2025 17:45,,,--
12/27/2025 18:00,,,--
12/27/2025 18:15,,,--
12/27/2025 18:30,,,--
12/27/2025 18:45,,,--
12/27/2025 19:00,,,--
12/27/2025 19:15,,,--
12/27/2025 19:30,,,--
12/27/2025 19:45,,,--
12/27/2025 20:00,,,--
12/27/2025 20:15,,,--
12/27/2025 20:30,,,--
12/27/2025 20:45,,,--
12/27/2025 21:00,,,--
12/27/2025 21:15,,,--
12/27/2025 21:30,,,--
12/27/2025 21:45,,,--
12/27/2025 22:00,,,--
12/27/2025 22:15,,,--
12/27/2025 22:30,,,--
12/27/2025 22:45,,,--
12/27/2025 23:00,,,--
12/27/2025 23:15,,,--
12/27/2025 23:30,,,--
12/27/2025 23:45,,,--
12/28/2025 0:00,,,--
12/28/2025 0:15,,,--
12/28/2025 0:30,,,--
12/28/2025 0:45,,,--
12/28/2025 1:00,,,--
12/28/2025 1:15,,,--
12/28/2025 1:30,,,--
12/28/2025 1:45,,,--
12/28/2025 2:00,,,--
12/28/2025 2:15,,,--
12/28/2025 2:30,,,--
12/28/2025 2:45,,,--
12/28/2025 3:00,,,--
12/28/2025 3:15,,,--
12/28/2025 3:30,,,--
12/28/2025 3:45,,,--
12/28/2025 4:00,,,--
12/28/2025 4:15,,,--
12/28/2025 4:30,,,--
12/28/2025 4:45,,,--
12/28/2025 5:00,,,--
12/28/2025 5:15,,,--
12/28/2025 5:30,,,--
12/28/2025 5:45,,,--
12/28/2025 6:00,,,--
12/28/2025 6:15,,,--
12/28/2025 6:30,,,--
12/28/2025 6:45,,,--
12/28/2025 7:00,,,--
12/28/2025 7:15,,,--
12/28/2025 7:30,,,--
12/28/2025 7:45,,,--
12/28/2025 8:00,,,--
12/28/2025 8:15,,,--
12/28/2025 8:30,,,--
12/28/2025 8:45,,,--
12/28/2025 9:00,,,--
12/28/2025 9:15,,,--
12/28/2025 9:30,,,--
12/28/2025 9:45,,,--
12/28/2025 10:00,,,--
12/28/2025 10:15,,,--
12/28/2025 10:30,,,--
12/28/2025 10:45,,,--
12/28/2025 11:00,,,--
12/28/2025 11:15,,,--
12/28/2025 11:30,,,--
12/28/2025 11:45,,,--
12/28/2025 12:00,,,--
12/28/2025 12:15,,,--
12/28/2025 12:30,,,--
12/28/2025 12:45,,,--
12/28/2025 13:00,,,--
12/28/2025 13:15,,,--
12/28/2025 13:30,,,--
12/28/2025 13:45,,,--
12/28/2025 14:00,,,--
12/28/2025 14:15,,,--
12/28/2025 14:30,,,--
12/28/2025 14:45,,,--
12/28/2025 15:00,,,--
12/28/2025 15:15,,,--
12/28/2025 15:30,,,--
12/28/2025 15:45,,,--
12/28/2025 16:00,,,--
12/28/2025 16:15,,,--
12/28/2025 16:30,,,--
12/28/2025 16:45,,,--
12/28/2025 17:00,,,--
12/28/2025 17:15,,,--
12/28/2025 17:30,,,--
12/28/2025 17:45,,,--
12/28/2025 18:00,,,--
12/28/2025 18:15,,,--
12/28/2025 18:30,,,--
12/28/2025 18:45,,,--
12/28/2025 19:00,,,--
12/28/2025 19:15,,,--
12/28/2025 19:30,,,--
12/28/2025 19:45,,,--
12/28/2025 20:00,,,--
12/28/2025 20:15,,,--
12/28/2025 20:30,,,--
12/28/2025 20:45,,,--
12/28/2025 21:00,,,--
12/28/2025 21:15,,,--
12/28/2025 21:30,,,--
12/28/2025 21:45,,,--
12/28/2025 22:00,,,--
12/28/2025 22:15,,,--
12/28/2025 22:30,,,--
12/28/2025 22:45,,,--
12/28/2025 23:00,,,--
12/28/2025 23:15,,,--
12/28/2025 23:30,,,--
12/28/2025 23:45,,,--
12/29/2025 0:00,,,--
12/29/2025 0:15,,,--
12/29/2025 0:30,,,--
12/29/2025 0:45,,,--
12/29/2025 1:00,,,--
12/29/2025 1:15,,,--
12/29/2025 1:30,,,--
12/29/2025 1:45,,,--
12/29/2025 2:00,,,--
12/29/2025 2:15,,,--
12/29/2025 2:30,,,--
12/29/2025 2:45,,,--
12/29/2025 3:00,,,--
12/29/2025 3:15,,,--
12/29/2025 3:30,,,--
12/29/2025 3:45,,,--
12/29/2025 4:00,,,--
12/29/2025 4:15,,,--
12/29/2025 4:30,,,--
12/29/2025 4:45,,,--
12/29/2025 5:00,,,--
12/29/2025 5:15,,,--
12/29/2025 5:30,,,--
12/29/2025 5:45,,,--
12/29/2025 6:00,,,--
12/29/2025 6:15,,,--
12/29/2025 6:30,,,--
12/29/2025 6:45,,,--
12/29/2025 7:00,,,--
12/29/2025 7:15,,,--
12/29/2025 7:30,,,--
12/29/2025 7:45,,,--
12/29/2025 8:00,,,--
12/29/2025 8:15,,,--
12/29/2025 8:30,,,--
12/29/2025 8:45,,,--
12/29/2025 9:00,,,--
12/29/2025 9:15,,,--
12/29/2025 9:30,,,--
12/29/2025 9:45,,,--
12/29/2025 10:00,,,--
12/29/2025 10:15,,,--
12/29/2025 10:30,,,--
12/29/2025 10:45,,,--
12/29/2025 11:00,,,--
12/29/2025 11:15,,,--
12/29/2025 11:30,,,--
12/29/2025 11:45,,,--
12/29/2025 12:00,,,--
12/29/2025 12:15,,,--
12/29/2025 12:30,,,--
12/29/2025 12:45,,,--
12/29/2025 13:00,,,--
12/29/2025 13:15,,,--
12/29/2025 13:30,,,--
12/29/2025 13:45,,,--
12/29/2025 14:00,,,--
12/29/2025 14:15,,,--
12/29/2025 14:30,,,--
12/29/2025 14:45,,,--
12/29/2025 15:00,,,--
12/29/2025 15:15,,,--
12/29/2025 15:30,,,--
12/29/2025 15:45,,,--
12/29/2025 16:00,,,--
12/29/2025 16:15,,,--
12/29/2025 16:30,,,--
12/29/2025 16:45,,,--
12/29/2025 17:00,,,--
12/29/2025 17:15,,,--
12/29/2025 17:30,,,--
12/29/2025 17:45,,,--
12/29/2025 18:00,,,--
12/29/2025 18:15,,,--
12/29/2025 18:30,,,--
12/29/2025 18:45,,,--
12/29/2025 19:00,,,--
12/29/2025 19:15,,,--
12/29/2025 19:30,,,--
12/29/2025 19:45,,,--
12/29/2025 20:00,,,--
12/29/2025 20:15,,,--
12/29/2025 20:30,,,--
12/29/2025 20:45,,,--
12/29/2025 21:00,,,--
12/29/2025 21:15,,,--
12/29/2025 21:30,,,--
12/29/2025 21:45,,,--
12/29/2025 22:00,,,--
12/29/2025 22:15,,,--
12/29/2025 22:30,,,--
12/29/2025 22:45,,,--
12/29/2025 23:00,,,--
12/29/2025 23:15,,,--
12/29/2025 23:30,,,--
12/29/2025 23:45,,,--
12/30/2025 0:00,,,--
12/30/2025 0:15,,,--
12/30/2025 0:30,,,--
12/30/2025 0:45,,,--
12/30/2025 1:00,,,--
12/30/2025 1:15,,,--
12/30/2025 1:30,,,--
12/30/2025 1:45,,,--
12/30/2025 2:00,,,--
12/30/2025 2:15,,,--
12/30/2025 2:30,,,--
12/30/2025 2:45,,,--
12/30/2025 3:00,,,--
12/30/2025 3:15,,,--
12/30/2025 3:30,,,--
12/30/2025 3:45,,,--
12/30/2025 4:00,,,--
12/30/2025 4:15,,,--
12/30/2025 4:30,,,--
12/30/2025 4:45,,,--
12/30/2025 5:00,,,--
12/30/2025 5:15,,,--
12/30/2025 5:30,,,--
12/30/2025 5:45,,,--
12/30/2025 6:00,,,--
12/30/2025 6:15,,,--
12/30/2025 6:30,,,--
12/30/2025 6:45,,,--
12/30/2025 7:00,,,--
12/30/2025 7:15,,,--
12/30/2025 7:30,,,--
12/30/2025 7:45,,,--
12/30/2025 8:00,,,--
12/30/2025 8:15,,,--
12/30/2025 8:30,,,--
12/30/2025 8:45,,,--
12/30/2025 9:00,,,--
12/30/2025 9:15,,,--
12/30/2025 9:30,,,--
12/30/2025 9:45,,,--
12/30/2025 10:00,,,--
12/30/2025 10:15,,,--
12/30/2025 10:30,,,--
12/30/2025 10:45,,,--
12/30/2025 11:00,,,--
12/30/2025 11:15,,,--
12/30/2025 11:30,,,--
12/30/2025 11:45,,,--
12/30/2025 12:00,,,--
12/30/2025 12:15,,,--
12/30/2025 12:30,,,--
12/30/2025 12:45,,,--
12/30/2025 13:00,,,--
12/30/2025 13:15,,,--
12/30/2025 13:30,,,--
12/30/2025 13:45,,,--
12/30/2025 14:00,,,--
12/30/2025 14:15,,,--
12/30/2025 14:30,,,--
12/30/2025 14:45,,,--
12/30/2025 15:00,,,--
12/30/2025 15:15,,,--
12/30/2025 15:30,,,--
12/30/2025 15:45,,,--
12/30/2025 16:00,,,--
12/30/2025 16:15,,,--
12/30/2025 16:30,,,--
12/30/2025 16:45,,,--
12/30/2025 17:00,,,--
12/30/2025 17:15,,,--
12/30/2025 17:30,,,--
12/30/2025 17:45,,,--
12/30/2025 18:00,,,--
12/30/2025 18:15,,,--
12/30/2025 18:30,,,--
12/30/2025 18:45,,,--
12/30/2025 19:00,,,--
12/30/2025 19:15,,,--
12/30/2025 19:30,,,--
12/30/2025 19:45,,,--
12/30/2025 20:00,,,--
12/30/2025 20:15,,,--
12/30/2025 20:30,,,--
12/30/2025 20:45,,,--
12/30/2025 21:00,,,--
12/30/2025 21:15,,,--
12/30/2025 21:30,,,--
12/30/2025 21:45,,,--
12/30/2025 22:00,,,--
12/30/2025 22:15,,,--
12/30/2025 22:30,,,--
12/30/2025 22:45,,,--
12/30/2025 23:00,,,--
12/30/2025 23:15,,,--
12/30/2025 23:30,,,--
12/30/2025 23:45,,,--
12/31/2025 0:00,,,--
12/31/2025 0:15,,,--
12/31/2025 0:30,,,--
12/31/2025 0:45,,,--
12/31/2025 1:00,,,--
12/31/2025 1:15,,,--
12/31/2025 1:30,,,--
12/31/2025 1:45,,,--
12/31/2025 2:00,,,--
12/31/2025 2:15,,,--
12/31/2025 2:30,,,--
12/31/2025 2:45,,,--
12/31/2025 3:00,,,--
12/31/2025 3:15,,,--
12/31/2025 3:30,,,--
12/31/2025 3:45,,,--
12/31/2025 4:00,,,--
12/31/2025 4:15,,,--
12/31/2025 4:30,,,--
12/31/2025 4:45,,,--
12/31/2025 5:00,,,--
12/31/2025 5:15,,,--
12/31/2025 5:30,,,--
12/31/2025 5:45,,,--
12/31/2025 6:00,,,--
12/31/2025 6:15,,,--
12/31/2025 6:30,,,--
12/31/2025 6:45,,,--
12/31/2025 7:00,,,--
12/31/2025 7:15,,,--
12/31/2025 7:30,,,--
12/31/2025 7:45,,,--
12/31/2025 8:00,,,--
12/31/2025 8:15,,,--
12/31/2025 8:30,,,--
12/31/2025 8:45,,,--
12/31/2025 9:00,,,--
12/31/2025 9:15,,,--
12/31/2025 9:30,,,--
12/31/2025 9:45,,,--
12/31/2025 10:00,,,--
12/31/2025 10:15,,,--
12/31/2025 10:30,,,--
12/31/2025 10:45,,,--
12/31/2025 11:00,,,--
12/31/2025 11:15,,,--
12/31/2025 11:30,,,--
12/31/2025 11:45,,,--
12/31/2025 12:00,,,--
12/31/2025 12:15,,,--
12/31/2025 12:30,,,--
12/31/2025 12:45,,,--
12/31/2025 13:00,,,--
12/31/2025 13:15,,,--
12/31/2025 13:30,,,--
12/31/2025 13:45,,,--
12/31/2025 14:00,,,--
12/31/2025 14:15,,,--
12/31/2025 14:30,,,--
12/31/2025 14:45,,,--
12/31/2025 15:00,,,--
12/31/2025 15:15,,,--
12/31/2025 15:30,,,--
12/31/2025 15:45,,,--
12/31/2025 16:00,,,--
12/31/2025 16:15,,,--
12/31/2025 16:30,,,--
12/31/2025 16:45,,,--
12/31/2025 17:00,,,--
12/31/2025 17:15,,,--
12/31/2025 17:30,,,--
12/31/2025 17:45,,,--
12/31/2025 18:00,,,--
12/31/2025 18:15,,,--
12/31/2025 18:30,,,--
12/31/2025 18:45,,,--
12/31/2025 19:00,,,--
12/31/2025 19:15,,,--
12/31/2025 19:30,,,--
12/31/2025 19:45,,,--
12/31/2025 20:00,,,--
12/31/2025 20:15,,,--
12/31/2025 20:30,,,--
12/31/2025 20:45,,,--
12/31/2025 21:00,,,--
12/31/2025 21:15,,,--
12/31/2025 21:30,,,--
12/31/2025 21:45,,,--
12/31/2025 22:00,,,--
12/31/2025 22:15,,,--
12/31/2025 22:30,,,--
12/31/2025 22:45,,,--
12/31/2025 23:00,,,--
12/31/2025 23:15,,,--
12/31/2025 23:30,,,--
12/31/2025 23:45,,,--
1/1/2026 0:00,,,--
1/1/2026 0:15,,,--
1/1/2026 0:30,,,--
1/1/2026 0:45,,,--
1/1/2026 1:00,,,--
1/1/2026 1:15,,,--
1/1/2026 1:30,,,--
1/1/2026 1:45,,,--
1/1/2026 2:00,,,--
1/1/2026 2:15,,,--
1/1/2026 2:30,,,--
1/1/2026 2:45,,,--
1/1/2026 3:00,,,--
1/1/2026 3:15,,,--
1/1/2026 3:30,,,--
1/1/2026 3:45,,,--
1/1/2026 4:00,,,--
1/1/2026 4:15,,,--
1/1/2026 4:30,,,--
1/1/2026 4:45,,,--
1/1/2026 5:00,,,--
1/1/2026 5:15,,,--
1/1/2026 5:30,,,--
1/1/2026 5:45,,,--
1/1/2026 6:00,,,--
1/1/2026 6:15,,,--
1/1/2026 6:30,,,--
1/1/2026 6:45,,,--
1/1/2026 7:00,,,--
1/1/2026 7:15,,,--
1/1/2026 7:30,,,--
1/1/2026 7:45,,,--
1/1/2026 8:00,,,--
1/1/2026 8:15,,,--
1/1/2026 8:30,,,--
1/1/2026 8:45,,,--
1/1/2026 9:00,,,--
1/1/2026 9:15,,,--
1/1/2026 9:30,,,--
1/1/2026 9:45,,,--
1/1/2026 10:00,,,--
1/1/2026 10:15,,,--
1/1/2026 10:30,,,--
1/1/2026 10:45,,,--
1/1/2026 11:00,,,--
1/1/2026 11:15,,,--
1/1/2026 11:30,,,--
1/1/2026 11:45,,,--
1/1/2026 12:00,,,--
1/1/2026 12:15,,,--
1/1/2026 12:30,,,--
1/1/2026 12:45,,,--
1/1/2026 13:00,,,--
1/1/2026 13:15,,,--
1/1/2026 13:30,,,--
1/1/2026 13:45,,,--
1/1/2026 14:00,,,--
1/1/2026 14:15,,,--
1/1/2026 14:30,,,--
1/1/2026 14:45,,,--
1/1/2026 15:00,,,--
1/1/2026 15:15,,,--
1/1/2026 15:30,,,--
1/1/2026 15:45,,,--
1/1/2026 16:00,,,--
1/1/2026 16:15,,,--
1/1/2026 16:30,,,--
1/1/2026 16:45,,,--
1/1/2026 17:00,,,--
1/1/2026 17:15,,,--
1/1/2026 17:30,,,--
1/1/2026 17:45,,,--
1/1/2026 18:00,,,--
1/1/2026 18:15,,,--
1/1/2026 18:30,,,--
1/1/2026 18:45,,,--
1/1/2026 19:00,,,--
1/1/2026 19:15,,,--
1/1/2026 19:30,,,--
1/1/2026 19:45,,,--
1/1/2026 20:00,,,--
1/1/2026 20:15,,,--
1/1/2026 20:30,,,--
1/1/2026 20:45,,,--
1/1/2026 21:00,,,--
1/1/2026 21:15,,,--
1/1/2026 21:30,,,--
1/1/2026 21:45,,,--
1/1/2026 22:00,,,--
1/1/2026 22:15,,,--
1/1/2026 22:30,,,--
1/1/2026 22:45,,,--
1/1/2026 23:00,,,--
1/1/2026 23:15,,,--
1/1/2026 23:30,,,--
1/1/2026 23:45,,,--
1/2/2026 0:00,,,--
1/2/2026 0:15,,,--
1/2/2026 0:30,,,--
1/2/2026 0:45,,,--
1/2/2026 1:00,,,--
1/2/2026 1:15,,,--
1/2/2026 1:30,,,--
1/2/2026 1:45,,,--
1/2/2026 2:00,,,--
1/2/2026 2:15,,,--
1/2/2026 2:30,,,--
1/2/2026 2:45,,,--
1/2/2026 3:00,,,--
1/2/2026 3:15,,,--
1/2/2026 3:30,,,--
1/2/2026 3:45,,,--
1/2/2026 4:00,,,--
1/2/2026 4:15,,,--
1/2/2026 4:30,,,--
1/2/2026 4:45,,,--
1/2/2026 5:00,,,--
1/2/2026 5:15,,,--
1/2/2026 5:30,,,--
1/2/2026 5:45,,,--
1/2/2026 6:00,,,--
1/2/2026 6:15,,,--
1/2/2026 6:30,,,--
1/2/2026 6:45,,,--
1/2/2026 7:00,,,--
1/2/2026 7:15,,,--
1/2/2026 7:30,,,--
1/2/2026 7:45,,,--
1/2/2026 8:00,,,--
1/2/2026 8:15,,,--
1/2/2026 8:30,,,--
1/2/2026 8:45,,,--
1/2/2026 9:00,,,--
1/2/2026 9:15,,,--
1/2/2026 9:30,,,--
1/2/2026 9:45,,,--
1/2/2026 10:00,,,--
1/2/2026 10:15,,,--
1/2/2026 10:30,,,--
1/2/2026 10:45,,,--
1/2/2026 11:00,,,--
1/2/2026 11:15,,,--
1/2/2026 11:30,,,--
1/2/2026 11:45,,,--
1/2/2026 12:00,,,--
1/2/2026 12:15,,,--
1/2/2026 12:30,,,--
1/2/2026 12:45,,,--
1/2/2026 13:00,,,--
1/2/2026 13:15,,,--
1/2/2026 13:30,,,--
1/2/2026 13:45,,,--
1/2/2026 14:00,,,--
1/2/2026 14:15,,,--
1/2/2026 14:30,,,--
1/2/2026 14:45,,,--
1/2/2026 15:00,,,--
1/2/2026 15:15,,,--
1/2/2026 15:30,,,--
1/2/2026 15:45,,,--
1/2/2026 16:00,,,--
1/2/2026 16:15,,,--
1/2/2026 16:30,,,--
1/2/2026 16:45,,,--
1/2/2026 17:00,,,--
1/2/2026 17:15,,,--
1/2/2026 17:30,,,--
1/2/2026 17:45,,,--
1/2/2026 18:00,,,--
1/2/2026 18:15,,,--
1/2/2026 18:30,,,--
1/2/2026 18:45,,,--
1/2/2026 19:00,,,--
1/2/2026 19:15,,,--
1/2/2026 19:30,,,--
1/2/2026 19:45,,,--
1/2/2026 20:00,,,--
1/2/2026 20:15,,,--
1/2/2026 20:30,,,--
1/2/2026 20:45,,,--
1/2/2026 21:00,,,--
1/2/2026 21:15,,,--
1/2/2026 21:30,,,--
1/2/2026 21:45,,,--
1/2/2026 22:00,,,--
1/2/2026 22:15,,,--
1/2/2026 22:30,,,--
1/2/2026 22:45,,,--
1/2/2026 23:00,,,--
1/2/2026 23:15,,,--
1/2/2026 23:30,,,--
1/2/2026 23:45,,,--
1/3/2026 0:00,,,--
1/3/2026 0:15,,,--
1/3/2026 0:30,,,--
1/3/2026 0:45,,,--
1/3/2026 1:00,,,--
1/3/2026 1:15,,,--
1/3/2026 1:30,,,--
1/3/2026 1:45,,,--
1/3/2026 2:00,,,--
1/3/2026 2:15,,,--
1/3/2026 2:30,,,--
1/3/2026 2:45,,,--
1/3/2026 3:00,,,--
1/3/2026 3:15,,,--
1/3/2026 3:30,,,--
1/3/2026 3:45,,,--
1/3/2026 4:00,,,--
1/3/2026 4:15,,,--
1/3/2026 4:30,,,--
1/3/2026 4:45,,,--
1/3/2026 5:00,,,--
1/3/2026 5:15,,,--
1/3/2026 5:30,,,--
1/3/2026 5:45,,,--
1/3/2026 6:00,,,--
1/3/2026 6:15,,,--
1/3/2026 6:30,,,--
1/3/2026 6:45,,,--
1/3/2026 7:00,,,--
1/3/2026 7:15,,,--
1/3/2026 7:30,,,--
1/3/2026 7:45,,,--
1/3/2026 8:00,,,--
1/3/2026 8:15,,,--
1/3/2026 8:30,,,--
1/3/2026 8:45,,,--
1/3/2026 9:00,,,--
1/3/2026 9:15,,,--
1/3/2026 9:30,,,--
1/3/2026 9:45,,,--
1/3/2026 10:00,,,--
1/3/2026 10:15,,,--
1/3/2026 10:30,,,--
1/3/2026 10:45,,,--
1/3/2026 11:00,,,--
1/3/2026 11:15,,,--
1/3/2026 11:30,,,--
1/3/2026 11:45,,,--
1/3/2026 12:00,,,--
1/3/2026 12:15,,,--
1/3/2026 12:30,,,--
1/3/2026 12:45,,,--
1/3/2026 13:00,,,--
1/3/2026 13:15,,,--
1/3/2026 13:30,,,--
1/3/2026 13:45,,,--
1/3/2026 14:00,,,--
1/3/2026 14:15,,,--
1/3/2026 14:30,,,--
1/3/2026 14:45,,,--
1/3/2026 15:00,,,--
1/3/2026 15:15,,,--
1/3/2026 15:30,,,--
1/3/2026 15:45,,,--
1/3/2026 16:00,,,--
1/3/2026 16:15,,,--
1/3/2026 16:30,,,--
1/3/2026 16:45,,,--
1/3/2026 17:00,,,--
1/3/2026 17:15,,,--
1/3/2026 17:30,,,--
1/3/2026 17:45,,,--
1/3/2026 18:00,,,--
1/3/2026 18:15,,,--
1/3/2026 18:30,,,--
1/3/2026 18:45,,,--
1/3/2026 19:00,,,--
1/3/2026 19:15,,,--
1/3/2026 19:30,,,--
1/3/2026 19:45,,,--
1/3/2026 20:00,,,--
1/3/2026 20:15,,,--
1/3/2026 20:30,,,--
1/3/2026 20:45,,,--
1/3/2026 21:00,,,--
1/3/2026 21:15,,,--
1/3/2026 21:30,,,--
1/3/2026 21:45,,,--
1/3/2026 22:00,,,--
1/3/2026 22:15,,,--
1/3/2026 22:30,,,--
1/3/2026 22:45,,,--
1/3/2026 23:00,,,--
1/3/2026 23:15,,,--
1/3/2026 23:30,,,--
1/3/2026 23:45,,,--
1/4/2026 0:00,,,--
1/4/2026 0:15,,,--
1/4/2026 0:30,,,--
1/4/2026 0:45,,,--
1/4/2026 1:00,,,--
1/4/2026 1:15,,,--
1/4/2026 1:30,,,--
1/4/2026 1:45,,,--
1/4/2026 2:00,,,--
1/4/2026 2:15,,,--
1/4/2026 2:30,,,--
1/4/2026 2:45,,,--
1/4/2026 3:00,,,--
1/4/2026 3:15,,,--
1/4/2026 3:30,,,--
1/4/2026 3:45,,,--
1/4/2026 4:00,,,--
1/4/2026 4:15,,,--
1/4/2026 4:30,,,--
1/4/2026 4:45,,,--
1/4/2026 5:00,,,--
1/4/2026 5:15,,,--
1/4/2026 5:30,,,--
1/4/2026 5:45,,,--
1/4/2026 6:00,,,--
1/4/2026 6:15,,,--
1/4/2026 6:30,,,--
1/4/2026 6:45,,,--
1/4/2026 7:00,,,--
1/4/2026 7:15,,,--
1/4/2026 7:30,,,--
1/4/2026 7:45,,,--
1/4/2026 8:00,,,--
1/4/2026 8:15,,,--
1/4/2026 8:30,,,--
1/4/2026 8:45,,,--
1/4/2026 9:00,,,--
1/4/2026 9:15,,,--
1/4/2026 9:30,,,--
1/4/2026 9:45,,,--
1/4/2026 10:00,,,--
1/4/2026 10:15,,,--
1/4/2026 10:30,,,--
1/4/2026 10:45,,,--
1/4/2026 11:00,,,--
1/4/2026 11:15,,,--
1/4/2026 11:30,,,--
1/4/2026 11:45,,,--
1/4/2026 12:00,,,--
1/4/2026 12:15,,,--
1/4/2026 12:30,,,--
1/4/2026 12:45,,,--
1/4/2026 13:00,,,--
1/4/2026 13:15,,,--
1/4/2026 13:30,,,--
1/4/2026 13:45,,,--
1/4/2026 14:00,,,--
1/4/2026 14:15,,,--
1/4/2026 14:30,,,--
1/4/2026 14:45,,,--
1/4/2026 15:00,,,--
1/4/2026 15:15,,,--
1/4/2026 15:30,,,--
1/4/2026 15:45,,,--
1/4/2026 16:00,,,--
1/4/2026 16:15,,,--
1/4/2026 16:30,,,--
1/4/2026 16:45,,,--
1/4/2026 17:00,,,--
1/4/2026 17:15,,,--
1/4/2026 17:30,,,--
1/4/2026 17:45,,,--
1/4/2026 18:00,,,--
1/4/2026 18:15,,,--
1/4/2026 18:30,,,--
1/4/2026 18:45,,,--
1/4/2026 19:00,,,--
1/4/2026 19:15,,,--
1/4/2026 19:30,,,--
1/4/2026 19:45,,,--
1/4/2026 20:00,,,--
1/4/2026 20:15,,,--
1/4/2026 20:30,,,--
1/4/2026 20:45,,,--
1/4/2026 21:00,,,--
1/4/2026 21:15,,,--
1/4/2026 21:30,,,--
1/4/2026 21:45,,,--
1/4/2026 22:00,,,--
1/4/2026 22:15,,,--
1/4/2026 22:30,,,--
1/4/2026 22:45,,,--
1/4/2026 23:00,,,--
1/4/2026 23:15,,,--
1/4/2026 23:30,,,--
1/4/2026 23:45,,,--
1/5/2026 0:00,,,--
1/5/2026 0:15,,,--
1/5/2026 0:30,,,--
1/5/2026 0:45,,,--
1/5/2026 1:00,,,--
1/5/2026 1:15,,,--
1/5/2026 1:30,,,--
1/5/2026 1:45,,,--
1/5/2026 2:00,,,--
1/5/2026 2:15,,,--
1/5/2026 2:30,,,--
1/5/2026 2:45,,,--
1/5/2026 3:00,,,--
1/5/2026 3:15,,,--
1/5/2026 3:30,,,--
1/5/2026 3:45,,,--
1/5/2026 4:00,,,--
1/5/2026 4:15,,,--
1/5/2026 4:30,,,--
1/5/2026 4:45,,,--
1/5/2026 5:00,,,--
1/5/2026 5:15,,,--
1/5/2026 5:30,,,--
1/5/2026 5:45,,,--
1/5/2026 6:00,,,--
1/5/2026 6:15,,,--
1/5/2026 6:30,,,--
1/5/2026 6:45,,,--
1/5/2026 7:00,,,--
1/5/2026 7:15,,,--
1/5/2026 7:30,,,--
1/5/2026 7:45,,,--
1/5/2026 8:00,,,--
1/5/2026 8:15,,,--
1/5/2026 8:30,,,--
1/5/2026 8:45,,,--
1/5/2026 9:00,,,--
1/5/2026 9:15,,,--
1/5/2026 9:30,,,--
1/5/2026 9:45,,,--
1/5/2026 10:00,,,--
1/5/2026 10:15,,,--
1/5/2026 10:30,,,--
1/5/2026 10:45,,,--
1/5/2026 11:00,,,--
1/5/2026 11:15,,,--
1/5/2026 11:30,,,--
1/5/2026 11:45,,,--
1/5/2026 12:00,,,--
1/5/2026 12:15,,,--
1/5/2026 12:30,,,--
1/5/2026 12:45,,,--
1/5/2026 13:00,,,--
1/5/2026 13:15,,,--
1/5/2026 13:30,,,--
1/5/2026 13:45,,,--
1/5/2026 14:00,,,--
1/5/2026 14:15,,,--
1/5/2026 14:30,,,--
1/5/2026 14:45,,,--
1/5/2026 15:00,,,--
1/5/2026 15:15,,,--
1/5/2026 15:30,,,--
1/5/2026 15:45,,,--
1/5/2026 16:00,,,--
1/5/2026 16:15,,,--
1/5/2026 16:30,,,--
1/5/2026 16:45,,,--
1/5/2026 17:00,,,--
1/5/2026 17:15,,,--
1/5/2026 17:30,,,--
1/5/2026 17:45,,,--
1/5/2026 18:00,,,--
1/5/2026 18:15,,,--
1/5/2026 18:30,,,--
1/5/2026 18:45,,,--
1/5/2026 19:00,,,--
1/5/2026 19:15,,,--
1/5/2026 19:30,,,--
1/5/2026 19:45,,,--
1/5/2026 20:00,,,--
1/5/2026 20:15,,,--
1/5/2026 20:30,,,--
1/5/2026 20:45,,,--
1/5/2026 21:00,,,--
1/5/2026 21:15,,,--
1/5/2026 21:30,,,--
1/5/2026 21:45,,,--
1/5/2026 22:00,,,--
1/5/2026 22:15,,,--
1/5/2026 22:30,,,--
1/5/2026 22:45,,,--
1/5/2026 23:00,,,--
1/5/2026 23:15,,,--
1/5/2026 23:30,,,--
1/5/2026 23:45,,,--
1/6/2026 0:00,,,--
1/6/2026 0:15,,,--
1/6/2026 0:30,,,--
1/6/2026 0:45,,,--
1/6/2026 1:00,,,--
1/6/2026 1:15,,,--
1/6/2026 1:30,,,--
1/6/2026 1:45,,,--
1/6/2026 2:00,,,--
1/6/2026 2:15,,,--
1/6/2026 2:30,,,--
1/6/2026 2:45,,,--
1/6/2026 3:00,,,--
1/6/2026 3:15,,,--
1/6/2026 3:30,,,--
1/6/2026 3:45,,,--
1/6/2026 4:00,,,--
1/6/2026 4:15,,,--
1/6/2026 4:30,,,--
1/6/2026 4:45,,,--
1/6/2026 5:00,,,--
1/6/2026 5:15,,,--
1/6/2026 5:30,,,--
1/6/2026 5:45,,,--
1/6/2026 6:00,,,--
1/6/2026 6:15,,,--
1/6/2026 6:30,,,--
1/6/2026 6:45,,,--
1/6/2026 7:00,,,--
1/6/2026 7:15,,,--
1/6/2026 7:30,,,--
1/6/2026 7:45,,,--
1/6/2026 8:00,,,--
1/6/2026 8:15,,,--
1/6/2026 8:30,,,--
1/6/2026 8:45,,,--
1/6/2026 9:00,,,--
1/6/2026 9:15,,,--
1/6/2026 9:30,,,--
1/6/2026 9:45,,,--
1/6/2026 10:00,,,--
1/6/2026 10:15,,,--
1/6/2026 10:30,,,--
1/6/2026 10:45,,,--
1/6/2026 11:00,,,--
1/6/2026 11:15,,,--
1/6/2026 11:30,,,--
1/6/2026 11:45,,,--
1/6/2026 12:00,,,--
1/6/2026 12:15,,,--
1/6/2026 12:30,,,--
1/6/2026 12:45,,,--
1/6/2026 13:00,,,--
1/6/2026 13:15,,,--
1/6/2026 13:30,,,--
1/6/2026 13:45,,,--
1/6/2026 14:00,,,--
1/6/2026 14:15,,,--
1/6/2026 14:30,,,--
1/6/2026 14:45,,,--
1/6/2026 15:00,,,--
1/6/2026 15:15,,,--
1/6/2026 15:30,,,--
1/6/2026 15:45,,,--
1/6/2026 16:00,,,--
1/6/2026 16:15,,,--
1/6/2026 16:30,,,--
1/6/2026 16:45,,,--
1/6/2026 17:00,,,--
1/6/2026 17:15,,,--
1/6/2026 17:30,,,--
1/6/2026 17:45,,,--
1/6/2026 18:00,,,--
1/6/2026 18:15,,,--
1/6/2026 18:30,,,--
1/6/2026 18:45,,,--
1/6/2026 19:00,,,--
1/6/2026 19:15,,,--
1/6/2026 19:30,,,--
1/6/2026 19:45,,,--
1/6/2026 20:00,,,--
1/6/2026 20:15,,,--
1/6/2026 20:30,,,--
1/6/2026 20:45,,,--
1/6/2026 21:00,,,--
1/6/2026 21:15,,,--
1/6/2026 21:30,,,--
1/6/2026 21:45,,,--
1/6/2026 22:00,,,--
1/6/2026 22:15,,,--
1/6/2026 22:30,,,--
1/6/2026 22:45,,,--
1/6/2026 23:00,,,--
1/6/2026 23:15,,,--
1/6/2026 23:30,,,--
1/6/2026 23:45,,,--
1/7/2026 0:00,,,--
1/7/2026 0:15,,,--
1/7/2026 0:30,,,--
1/7/2026 0:45,,,--
1/7/2026 1:00,,,--
1/7/2026 1:15,,,--
1/7/2026 1:30,,,--
1/7/2026 1:45,,,--
1/7/2026 2:00,,,--
1/7/2026 2:15,,,--
1/7/2026 2:30,,,--
1/7/2026 2:45,,,--
1/7/2026 3:00,,,--
1/7/2026 3:15,,,--
1/7/2026 3:30,,,--
1/7/2026 3:45,,,--
1/7/2026 4:00,,,--
1/7/2026 4:15,,,--
1/7/2026 4:30,,,--
1/7/2026 4:45,,,--
1/7/2026 5:00,,,--
1/7/2026 5:15,,,--
1/7/2026 5:30,,,--
1/7/2026 5:45,,,--
1/7/2026 6:00,,,--
1/7/2026 6:15,,,--
1/7/2026 6:30,,,--
1/7/2026 6:45,,,--
1/7/2026 7:00,,,--
1/7/2026 7:15,,,--
1/7/2026 7:30,,,--
1/7/2026 7:45,,,--
1/7/2026 8:00,,,--
1/7/2026 8:15,,,--
1/7/2026 8:30,,,--
1/7/2026 8:45,,,--
1/7/2026 9:00,,,--
1/7/2026 9:15,,,--
1/7/2026 9:30,,,--
1/7/2026 9:45,,,--
1/7/2026 10:00,,,--
1/7/2026 10:15,,,--
1/7/2026 10:30,,,--
1/7/2026 10:45,,,--
1/7/2026 11:00,,,--
1/7/2026 11:15,,,--
1/7/2026 11:30,,,--
1/7/2026 11:45,,,--
1/7/2026 12:00,,,--
1/7/2026 12:15,,,--
1/7/2026 12:30,,,--
1/7/2026 12:45,,,--
1/7/2026 13:00,,,--
1/7/2026 13:15,,,--
1/7/2026 13:30,,,--
1/7/2026 13:45,,,--
1/7/2026 14:00,,,--
1/7/2026 14:15,,,--
1/7/2026 14:30,,,--
1/7/2026 14:45,,,--
1/7/2026 15:00,,,--
1/7/2026 15:15,,,--
1/7/2026 15:30,,,--
1/7/2026 15:45,,,--
1/7/2026 16:00,,,--
1/7/2026 16:15,,,--
1/7/2026 16:30,,,--
1/7/2026 16:45,,,--
1/7/2026 17:00,,,--
1/7/2026 17:15,,,--
1/7/2026 17:30,,,--
1/7/2026 17:45,,,--
1/7/2026 18:00,,,--
1/7/2026 18:15,,,--
1/7/2026 18:30,,,--
1/7/2026 18:45,,,--
1/7/2026 19:00,,,--
1/7/2026 19:15,,,--
1/7/2026 19:30,,,--
1/7/2026 19:45,,,--
1/7/2026 20:00,,,--
1/7/2026 20:15,,,--
1/7/2026 20:30,,,--
1/7/2026 20:45,,,--
1/7/2026 21:00,,,--
1/7/2026 21:15,,,--
1/7/2026 21:30,,,--
1/7/2026 21:45,,,--
1/7/2026 22:00,,,--
1/7/2026 22:15,,,--
1/7/2026 22:30,,,--
1/7/2026 22:45,,,--
1/7/2026 23:00,,,--
1/7/2026 23:15,,,--
1/7/2026 23:30,,,--
1/7/2026 23:45,,,--
1/8/2026 0:00,,,--
1/8/2026 0:15,,,--
1/8/2026 0:30,,,--
1/8/2026 0:45,,,--
1/8/2026 1:00,,,--
1/8/2026 1:15,,,--
1/8/2026 1:30,,,--
1/8/2026 1:45,,,--
1/8/2026 2:00,,,--
1/8/2026 2:15,,,--
1/8/2026 2:30,,,--
1/8/2026 2:45,,,--
1/8/2026 3:00,,,--
1/8/2026 3:15,,,--
1/8/2026 3:30,,,--
1/8/2026 3:45,,,--
1/8/2026 4:00,,,--
1/8/2026 4:15,,,--
1/8/2026 4:30,,,--
1/8/2026 4:45,,,--
1/8/2026 5:00,,,--
1/8/2026 5:15,,,--
1/8/2026 5:30,,,--
1/8/2026 5:45,,,--
1/8/2026 6:00,,,--
1/8/2026 6:15,,,--
1/8/2026 6:30,,,--
1/8/2026 6:45,,,--
1/8/2026 7:00,,,--
1/8/2026 7:15,,,--
1/8/2026 7:30,,,--
1/8/2026 7:45,,,--
1/8/2026 8:00,,,--
1/8/2026 8:15,,,--
1/8/2026 8:30,,,--
1/8/2026 8:45,,,--
1/8/2026 9:00,,,--
1/8/2026 9:15,,,--
1/8/2026 9:30,,,--
1/8/2026 9:45,,,--
1/8/2026 10:00,,,--
1/8/2026 10:15,,,--
1/8/2026 10:30,,,--
1/8/2026 10:45,,,--
1/8/2026 11:00,,,--
1/8/2026 11:15,,,--
1/8/2026 11:30,,,--
1/8/2026 11:45,,,--
1/8/2026 12:00,,,--
1/8/2026 12:15,,,--
1/8/2026 12:30,,,--
1/8/2026 12:45,,,--
1/8/2026 13:00,,,--
1/8/2026 13:15,,,--
1/8/2026 13:30,,,--
1/8/2026 13:45,,,--
1/8/2026 14:00,,,--
1/8/2026 14:15,,,--
1/8/2026 14:30,,,--
1/8/2026 14:45,,,--
1/8/2026 15:00,,,--
1/8/2026 15:15,,,--
1/8/2026 15:30,,,--
1/8/2026 15:45,,,--
1/8/2026 16:00,,,--
1/8/2026 16:15,,,--
1/8/2026 16:30,,,--
1/8/2026 16:45,,,--
1/8/2026 17:00,,,--
1/8/2026 17:15,,,--
1/8/2026 17:30,,,--
1/8/2026 17:45,,,--
1/8/2026 18:00,,,--
1/8/2026 18:15,,,--
1/8/2026 18:30,,,--
1/8/2026 18:45,,,--
1/8/2026 19:00,,,--
1/8/2026 19:15,,,--
1/8/2026 19:30,,,--
1/8/2026 19:45,,,--
1/8/2026 20:00,,,--
1/8/2026 20:15,,,--
1/8/2026 20:30,,,--
1/8/2026 20:45,,,--
1/8/2026 21:00,,,--
1/8/2026 21:15,,,--
1/8/2026 21:30,,,--
1/8/2026 21:45,,,--
1/8/2026 22:00,,,--
1/8/2026 22:15,,,--
1/8/2026 22:30,,,--
1/8/2026 22:45,,,--
1/8/2026 23:00,,,--
1/8/2026 23:15,,,--
1/8/2026 23:30,,,--
1/8/2026 23:45,,,--
1/9/2026 0:00,,,--
1/9/2026 0:15,,,--
1/9/2026 0:30,,,--
1/9/2026 0:45,,,--
1/9/2026 1:00,,,--
1/9/2026 1:15,,,--
1/9/2026 1:30,,,--
1/9/2026 1:45,,,--
1/9/2026 2:00,,,--
1/9/2026 2:15,,,--
1/9/2026 2:30,,,--
1/9/2026 2:45,,,--
1/9/2026 3:00,,,--
1/9/2026 3:15,,,--
1/9/2026 3:30,,,--
1/9/2026 3:45,,,--
1/9/2026 4:00,,,--
1/9/2026 4:15,,,--
1/9/2026 4:30,,,--
1/9/2026 4:45,,,--
1/9/2026 5:00,,,--
1/9/2026 5:15,,,--
1/9/2026 5:30,,,--
1/9/2026 5:45,,,--
1/9/2026 6:00,,,--
1/9/2026 6:15,,,--
1/9/2026 6:30,,,--
1/9/2026 6:45,,,--
1/9/2026 7:00,,,--
1/9/2026 7:15,,,--
1/9/2026 7:30,,,--
1/9/2026 7:45,,,--
1/9/2026 8:00,,,--
1/9/2026 8:15,,,--
1/9/2026 8:30,,,--
1/9/2026 8:45,,,--
1/9/2026 9:00,,,--
1/9/2026 9:15,,,--
1/9/2026 9:30,,,--
1/9/2026 9:45,,,--
1/9/2026 10:00,,,--
1/9/2026 10:15,,,--
1/9/2026 10:30,,,--
1/9/2026 10:45,,,--
1/9/2026 11:00,,,--
1/9/2026 11:15,,,--
1/9/2026 11:30,,,--
1/9/2026 11:45,,,--
1/9/2026 12:00,,,--
1/9/2026 12:15,,,--
1/9/2026 12:30,,,--
1/9/2026 12:45,,,--
1/9/2026 13:00,,,--
1/9/2026 13:15,,,--
1/9/2026 13:30,,,--
1/9/2026 13:45,,,--
1/9/2026 14:00,,,--
1/9/2026 14:15,,,--
1/9/2026 14:30,,,--
1/9/2026 14:45,,,--
1/9/2026 15:00,,,--
1/9/2026 15:15,,,--
1/9/2026 15:30,,,--
1/9/2026 15:45,,,--
1/9/2026 16:00,,,--
1/9/2026 16:15,,,--
1/9/2026 16:30,,,--
1/9/2026 16:45,,,--
1/9/2026 17:00,,,--
1/9/2026 17:15,,,--
1/9/2026 17:30,,,--
1/9/2026 17:45,,,--
1/9/2026 18:00,,,--
1/9/2026 18:15,,,--
1/9/2026 18:30,,,--
1/9/2026 18:45,,,--
1/9/2026 19:00,,,--
1/9/2026 19:15,,,--
1/9/2026 19:30,,,--
1/9/2026 19:45,,,--
1/9/2026 20:00,,,--
1/9/2026 20:15,,,--
1/9/2026 20:30,,,--
1/9/2026 20:45,,,--
1/9/2026 21:00,,,--
1/9/2026 21:15,,,--
1/9/2026 21:30,,,--
1/9/2026 21:45,,,--
1/9/2026 22:00,,,--
1/9/2026 22:15,,,--
1/9/2026 22:30,,,--
1/9/2026 22:45,,,--
1/9/2026 23:00,,,--
1/9/2026 23:15,,,--
1/9/2026 23:30,,,--
1/9/2026 23:45,,,--
1/10/2026 0:00,,,--
1/10/2026 0:15,,,--
1/10/2026 0:30,,,--
1/10/2026 0:45,,,--
1/10/2026 1:00,,,--
1/10/2026 1:15,,,--
1/10/2026 1:30,,,--
1/10/2026 1:45,,,--
1/10/2026 2:00,,,--
1/10/2026 2:15,,,--
1/10/2026 2:30,,,--
1/10/2026 2:45,,,--
1/10/2026 3:00,,,--
1/10/2026 3:15,,,--
1/10/2026 3:30,,,--
1/10/2026 3:45,,,--
1/10/2026 4:00,,,--
1/10/2026 4:15,,,--
1/10/2026 4:30,,,--
1/10/2026 4:45,,,--
1/10/2026 5:00,,,--
1/10/2026 5:15,,,--
1/10/2026 5:30,,,--
1/10/2026 5:45,,,--
1/10/2026 6:00,,,--
1/10/2026 6:15,,,--
1/10/2026 6:30,,,--
1/10/2026 6:45,,,--
1/10/2026 7:00,,,--
1/10/2026 7:15,,,--
1/10/2026 7:30,,,--
1/10/2026 7:45,,,--
1/10/2026 8:00,,,--
1/10/2026 8:15,,,--
1/10/2026 8:30,,,--
1/10/2026 8:45,,,--
1/10/2026 9:00,,,--
1/10/2026 9:15,,,--
1/10/2026 9:30,,,--
1/10/2026 9:45,,,--
1/10/2026 10:00,,,--
1/10/2026 10:15,,,--
1/10/2026 10:30,,,--
1/10/2026 10:45,,,--
1/10/2026 11:00,,,--
1/10/2026 11:15,,,--
1/10/2026 11:30,,,--
1/10/2026 11:45,,,--
1/10/2026 12:00,,,--
1/10/2026 12:15,,,--
1/10/2026 12:30,,,--
1/10/2026 12:45,,,--
1/10/2026 13:00,,,--
1/10/2026 13:15,,,--
1/10/2026 13:30,,,--
1/10/2026 13:45,,,--
1/10/2026 14:00,,,--
1/10/2026 14:15,,,--
1/10/2026 14:30,,,--
1/10/2026 14:45,,,--
1/10/2026 15:00,,,--
1/10/2026 15:15,,,--
1/10/2026 15:30,,,--
1/10/2026 15:45,,,--
1/10/2026 16:00,,,--
1/10/2026 16:15,,,--
1/10/2026 16:30,,,--
1/10/2026 16:45,,,--
1/10/2026 17:00,,,--
1/10/2026 17:15,,,--
1/10/2026 17:30,,,--
1/10/2026 17:45,,,--
1/10/2026 18:00,,,--
1/10/2026 18:15,,,--
1/10/2026 18:30,,,--
1/10/2026 18:45,,,--
1/10/2026 19:00,,,--
1/10/2026 19:15,,,--
1/10/2026 19:30,,,--
1/10/2026 19:45,,,--
1/10/2026 20:00,,,--
1/10/2026 20:15,,,--
1/10/2026 20:30,,,--
1/10/2026 20:45,,,--
1/10/2026 21:00,,,--
1/10/2026 21:15,,,--
1/10/2026 21:30,,,--
1/10/2026 21:45,,,--
1/10/2026 22:00,,,--
1/10/2026 22:15,,,--
1/10/2026 22:30,,,--
1/10/2026 22:45,,,--
1/10/2026 23:00,,,--
1/10/2026 23:15,,,--
1/10/2026 23:30,,,--
1/10/2026 23:45,,,--
1/11/2026 0:00,,,--
1/11/2026 0:15,,,--
1/11/2026 0:30,,,--
1/11/2026 0:45,,,--
1/11/2026 1:00,,,--
1/11/2026 1:15,,,--
1/11/2026 1:30,,,--
1/11/2026 1:45,,,--
1/11/2026 2:00,,,--
1/11/2026 2:15,,,--
1/11/2026 2:30,,,--
1/11/2026 2:45,,,--
1/11/2026 3:00,,,--
1/11/2026 3:15,,,--
1/11/2026 3:30,,,--
1/11/2026 3:45,,,--
1/11/2026 4:00,,,--
1/11/2026 4:15,,,--
1/11/2026 4:30,,,--
1/11/2026 4:45,,,--
1/11/2026 5:00,,,--
1/11/2026 5:15,,,--
1/11/2026 5:30,,,--
1/11/2026 5:45,,,--
1/11/2026 6:00,,,--
1/11/2026 6:15,,,--
1/11/2026 6:30,,,--
1/11/2026 6:45,,,--
1/11/2026 7:00,,,--
1/11/2026 7:15,,,--
1/11/2026 7:30,,,--
1/11/2026 7:45,,,--
1/11/2026 8:00,,,--
1/11/2026 8:15,,,--
1/11/2026 8:30,,,--
1/11/2026 8:45,,,--
1/11/2026 9:00,,,--
1/11/2026 9:15,,,--
1/11/2026 9:30,,,--
1/11/2026 9:45,,,--
1/11/2026 10:00,,,--
1/11/2026 10:15,,,--
1/11/2026 10:30,,,--
1/11/2026 10:45,,,--
1/11/2026 11:00,,,--
1/11/2026 11:15,,,--
1/11/2026 11:30,,,--
1/11/2026 11:45,,,--
1/11/2026 12:00,,,--
1/11/2026 12:15,,,--
1/11/2026 12:30,,,--
1/11/2026 12:45,,,--
1/11/2026 13:00,,,--
1/11/2026 13:15,,,--
1/11/2026 13:30,,,--
1/11/2026 13:45,,,--
1/11/2026 14:00,,,--
1/11/2026 14:15,,,--
1/11/2026 14:30,,,--
1/11/2026 14:45,,,--
1/11/2026 15:00,,,--
1/11/2026 15:15,,,--
1/11/2026 15:30,,,--
1/11/2026 15:45,,,--
1/11/2026 16:00,,,--
1/11/2026 16:15,,,--
1/11/2026 16:30,,,--
1/11/2026 16:45,,,--
1/11/2026 17:00,,,--
1/11/2026 17:15,,,--
1/11/2026 17:30,,,--
1/11/2026 17:45,,,--
1/11/2026 18:00,,,--
1/11/2026 18:15,,,--
1/11/2026 18:30,,,--
1/11/2026 18:45,,,--
1/11/2026 19:00,,,--
1/11/2026 19:15,,,--
1/11/2026 19:30,,,--
1/11/2026 19:45,,,--
1/11/2026 20:00,,,--
1/11/2026 20:15,,,--
1/11/2026 20:30,,,--
1/11/2026 20:45,,,--
1/11/2026 21:00,,,--
1/11/2026 21:15,,,--
1/11/2026 21:30,,,--
1/11/2026 21:45,,,--
1/11/2026 22:00,,,--
1/11/2026 22:15,,,--
1/11/2026 22:30,,,--
1/11/2026 22:45,,,--
1/11/2026 23:00,,,--
1/11/2026 23:15,,,--
1/11/2026 23:30,,,--
1/11/2026 23:45,,,--
1/12/2026 0:00,,,--
1/12/2026 0:15,,,--
1/12/2026 0:30,,,--
1/12/2026 0:45,,,--
1/12/2026 1:00,,,--
1/12/2026 1:15,,,--
1/12/2026 1:30,,,--
1/12/2026 1:45,,,--
1/12/2026 2:00,,,--
1/12/2026 2:15,,,--
1/12/2026 2:30,,,--
1/12/2026 2:45,,,--
1/12/2026 3:00,,,--
1/12/2026 3:15,,,--
1/12/2026 3:30,,,--
1/12/2026 3:45,,,--
1/12/2026 4:00,,,--
1/12/2026 4:15,,,--
1/12/2026 4:30,,,--
1/12/2026 4:45,,,--
1/12/2026 5:00,,,--
1/12/2026 5:15,,,--
1/12/2026 5:30,,,--
1/12/2026 5:45,,,--
1/12/2026 6:00,,,--
1/12/2026 6:15,,,--
1/12/2026 6:30,,,--
1/12/2026 6:45,,,--
1/12/2026 7:00,,,--
1/12/2026 7:15,,,--
1/12/2026 7:30,,,--
1/12/2026 7:45,,,--
1/12/2026 8:00,,,--
1/12/2026 8:15,,,--
1/12/2026 8:30,,,--
1/12/2026 8:45,,,--
1/12/2026 9:00,,,--
1/12/2026 9:15,,,--
1/12/2026 9:30,,,--
1/12/2026 9:45,,,--
1/12/2026 10:00,,,--
1/12/2026 10:15,,,--
1/12/2026 10:30,,,--
1/12/2026 10:45,,,--
1/12/2026 11:00,,,--
1/12/2026 11:15,,,--
1/12/2026 11:30,,,--
1/12/2026 11:45,,,--
1/12/2026 12:00,,,--
1/12/2026 12:15,,,--
1/12/2026 12:30,,,--
1/12/2026 12:45,,,--
1/12/2026 13:00,,,--
1/12/2026 13:15,,,--
1/12/2026 13:30,,,--
1/12/2026 13:45,,,--
1/12/2026 14:00,,,--
1/12/2026 14:15,,,--
1/12/2026 14:30,,,--
1/12/2026 14:45,,,--
1/12/2026 15:00,,,--
1/12/2026 15:15,,,--
1/12/2026 15:30,,,--
1/12/2026 15:45,,,--
1/12/2026 16:00,,,--
1/12/2026 16:15,,,--
1/12/2026 16:30,,,--
1/12/2026 16:45,,,--
1/12/2026 17:00,,,--
1/12/2026 17:15,,,--
1/12/2026 17:30,,,--
1/12/2026 17:45,,,--
1/12/2026 18:00,,,--
1/12/2026 18:15,,,--
1/12/2026 18:30,,,--
1/12/2026 18:45,,,--
1/12/2026 19:00,,,--
1/12/2026 19:15,,,--
1/12/2026 19:30,,,--
1/12/2026 19:45,,,--
1/12/2026 20:00,,,--
1/12/2026 20:15,,,--
1/12/2026 20:30,,,--
1/12/2026 20:45,,,--
1/12/2026 21:00,,,--
1/12/2026 21:15,,,--
1/12/2026 21:30,,,--
1/12/2026 21:45,,,--
1/12/2026 22:00,,,--
1/12/2026 22:15,,,--
1/12/2026 22:30,,,--
1/12/2026 22:45,,,--
1/12/2026 23:00,,,--
1/12/2026 23:15,,,--
1/12/2026 23:30,,,--
1/12/2026 23:45,,,--
1/13/2026 0:00,,,--
1/13/2026 0:15,,,--
1/13/2026 0:30,,,--
1/13/2026 0:45,,,--
1/13/2026 1:00,,,--
1/13/2026 1:15,,,--
1/13/2026 1:30,,,--
1/13/2026 1:45,,,--
1/13/2026 2:00,,,--
1/13/2026 2:15,,,--
1/13/2026 2:30,,,--
1/13/2026 2:45,,,--
1/13/2026 3:00,,,--
1/13/2026 3:15,,,--
1/13/2026 3:30,,,--
1/13/2026 3:45,,,--
1/13/2026 4:00,,,--
1/13/2026 4:15,,,--
1/13/2026 4:30,,,--
1/13/2026 4:45,,,--
1/13/2026 5:00,,,--
1/13/2026 5:15,,,--
1/13/2026 5:30,,,--
1/13/2026 5:45,,,--
1/13/2026 6:00,,,--
1/13/2026 6:15,,,--
1/13/2026 6:30,,,--
1/13/2026 6:45,,,--
1/13/2026 7:00,,,--
1/13/2026 7:15,,,--
1/13/2026 7:30,,,--
1/13/2026 7:45,,,--
1/13/2026 8:00,,,--
1/13/2026 8:15,,,--
1/13/2026 8:30,,,--
1/13/2026 8:45,,,--
1/13/2026 9:00,,,--
1/13/2026 9:15,,,--
1/13/2026 9:30,,,--
1/13/2026 9:45,,,--
1/13/2026 10:00,,,--
1/13/2026 10:15,,,--
1/13/2026 10:30,,,--
1/13/2026 10:45,,,--
1/13/2026 11:00,,,--
1/13/2026 11:15,,,--
1/13/2026 11:30,,,--
1/13/2026 11:45,,,--
1/13/2026 12:00,,,--
1/13/2026 12:15,,,--
1/13/2026 12:30,,,--
1/13/2026 12:45,,,--
1/13/2026 13:00,,,--
1/13/2026 13:15,,,--
1/13/2026 13:30,,,--
1/13/2026 13:45,,,--
1/13/2026 14:00,,,--
1/13/2026 14:15,,,--
1/13/2026 14:30,,,--
1/13/2026 14:45,,,--
1/13/2026 15:00,,,--
1/13/2026 15:15,,,--
1/13/2026 15:30,,,--
1/13/2026 15:45,,,--
1/13/2026 16:00,,,--
1/13/2026 16:15,,,--
1/13/2026 16:30,,,--
1/13/2026 16:45,,,--
1/13/2026 17:00,,,--
1/13/2026 17:15,,,--
1/13/2026 17:30,,,--
1/13/2026 17:45,,,--
1/13/2026 18:00,,,--
1/13/2026 18:15,,,--
1/13/2026 18:30,,,--
1/13/2026 18:45,,,--
1/13/2026 19:00,,,--
1/13/2026 19:15,,,--
1/13/2026 19:30,,,--
1/13/2026 19:45,,,--
1/13/2026 20:00,,,--
1/13/2026 20:15,,,--
1/13/2026 20:30,,,--
1/13/2026 20:45,,,--
1/13/2026 21:00,,,--
1/13/2026 21:15,,,--
1/13/2026 21:30,,,--
1/13/2026 21:45,,,--
1/13/2026 22:00,,,--
1/13/2026 22:15,,,--
1/13/2026 22:30,,,--
1/13/2026 22:45,,,--
1/13/2026 23:00,,,--
1/13/2026 23:15,,,--
1/13/2026 23:30,,,--
1/13/2026 23:45,,,--
1/14/2026 0:00,,,--
1/14/2026 0:15,,,--
1/14/2026 0:30,,,--
1/14/2026 0:45,,,--
1/14/2026 1:00,,,--
1/14/2026 1:15,,,--
1/14/2026 1:30,,,--
1/14/2026 1:45,,,--
1/14/2026 2:00,,,--
1/14/2026 2:15,,,--
1/14/2026 2:30,,,--
1/14/2026 2:45,,,--
1/14/2026 3:00,,,--
1/14/2026 3:15,,,--
1/14/2026 3:30,,,--
1/14/2026 3:45,,,--
1/14/2026 4:00,,,--
1/14/2026 4:15,,,--
1/14/2026 4:30,,,--
1/14/2026 4:45,,,--
1/14/2026 5:00,,,--
1/14/2026 5:15,,,--
1/14/2026 5:30,,,--
1/14/2026 5:45,,,--
1/14/2026 6:00,,,--
1/14/2026 6:15,,,--
1/14/2026 6:30,,,--
1/14/2026 6:45,,,--
1/14/2026 7:00,,,--
1/14/2026 7:15,,,--
1/14/2026 7:30,,,--
1/14/2026 7:45,,,--
1/14/2026 8:00,,,--
1/14/2026 8:15,,,--
1/14/2026 8:30,,,--
1/14/2026 8:45,,,--
1/14/2026 9:00,,,--
1/14/2026 9:15,,,--
1/14/2026 9:30,,,--
1/14/2026 9:45,,,--
1/14/2026 10:00,,,--
1/14/2026 10:15,,,--
1/14/2026 10:30,,,--
1/14/2026 10:45,,,--
1/14/2026 11:00,,,--
1/14/2026 11:15,,,--
1/14/2026 11:30,,,--
1/14/2026 11:45,,,--
1/14/2026 12:00,,,--
1/14/2026 12:15,,,--
1/14/2026 12:30,,,--
1/14/2026 12:45,,,--
1/14/2026 13:00,,,--
1/14/2026 13:15,,,--
1/14/2026 13:30,,,--
1/14/2026 13:45,,,--
1/14/2026 14:00,,,--
1/14/2026 14:15,,,--
1/14/2026 14:30,,,--
1/14/2026 14:45,,,--
1/14/2026 15:00,,,--
1/14/2026 15:15,,,--
1/14/2026 15:30,,,--
1/14/2026 15:45,,,--
1/14/2026 16:00,,,--
1/14/2026 16:15,,,--
1/14/2026 16:30,,,--
1/14/2026 16:45,,,--
1/14/2026 17:00,,,--
1/14/2026 17:15,,,--
1/14/2026 17:30,,,--
1/14/2026 17:45,,,--
1/14/2026 18:00,,,--
1/14/2026 18:15,,,--
1/14/2026 18:30,,,--
1/14/2026 18:45,,,--
1/14/2026 19:00,,,--
1/14/2026 19:15,,,--
1/14/2026 19:30,,,--
1/14/2026 19:45,,,--
1/14/2026 20:00,,,--
1/14/2026 20:15,,,--
1/14/2026 20:30,,,--
1/14/2026 20:45,,,--
1/14/2026 21:00,,,--
1/14/2026 21:15,,,--
1/14/2026 21:30,,,--
1/14/2026 21:45,,,--
1/14/2026 22:00,,,--
1/14/2026 22:15,,,--
1/14/2026 22:30,,,--
1/14/2026 22:45,,,--
1/14/2026 23:00,,,--
1/14/2026 23:15,,,--
1/14/2026 23:30,,,--
1/14/2026 23:45,,,--
1/15/2026 0:00,,,--
1/15/2026 0:15,,,--
1/15/2026 0:30,,,--
1/15/2026 0:45,,,--
1/15/2026 1:00,,,--
1/15/2026 1:15,,,--
1/15/2026 1:30,,,--
1/15/2026 1:45,,,--
1/15/2026 2:00,,,--
1/15/2026 2:15,,,--
1/15/2026 2:30,,,--
1/15/2026 2:45,,,--
1/15/2026 3:00,,,--
1/15/2026 3:15,,,--
1/15/2026 3:30,,,--
1/15/2026 3:45,,,--
1/15/2026 4:00,,,--
1/15/2026 4:15,,,--
1/15/2026 4:30,,,--
1/15/2026 4:45,,,--
1/15/2026 5:00,,,--
1/15/2026 5:15,,,--
1/15/2026 5:30,,,--
1/15/2026 5:45,,,--
1/15/2026 6:00,,,--
1/15/2026 6:15,,,--
1/15/2026 6:30,,,--
1/15/2026 6:45,,,--
1/15/2026 7:00,,,--
1/15/2026 7:15,,,--
1/15/2026 7:30,,,--
1/15/2026 7:45,,,--
1/15/2026 8:00,,,--
1/15/2026 8:15,,,--
1/15/2026 8:30,,,--
1/15/2026 8:45,,,--
1/15/2026 9:00,,,--
1/15/2026 9:15,,,--
1/15/2026 9:30,,,--
1/15/2026 9:45,,,--
1/15/2026 10:00,,,--
1/15/2026 10:15,,,--
1/15/2026 10:30,,,--
1/15/2026 10:45,,,--
1/15/2026 11:00,,,--
1/15/2026 11:15,,,--
1/15/2026 11:30,,,--
1/15/2026 11:45,,,--
1/15/2026 12:00,,,--
1/15/2026 12:15,,,--
1/15/2026 12:30,,,--
1/15/2026 12:45,,,--
1/15/2026 13:00,,,--
1/15/2026 13:15,,,--
1/15/2026 13:30,,,--
1/15/2026 13:45,,,--
1/15/2026 14:00,,,--
1/15/2026 14:15,,,--
1/15/2026 14:30,,,--
1/15/2026 14:45,,,--
1/15/2026 15:00,,,--
1/15/2026 15:15,,,--
1/15/2026 15:30,,,--
1/15/2026 15:45,,,--
1/15/2026 16:00,,,--
1/15/2026 16:15,,,--
1/15/2026 16:30,,,--
1/15/2026 16:45,,,--
1/15/2026 17:00,,,--
1/15/2026 17:15,,,--
1/15/2026 17:30,,,--
1/15/2026 17:45,,,--
1/15/2026 18:00,,,--
1/15/2026 18:15,,,--
1/15/2026 18:30,,,--
1/15/2026 18:45,,,--
1/15/2026 19:00,,,--
1/15/2026 19:15,,,--
1/15/2026 19:30,,,--
1/15/2026 19:45,,,--
1/15/2026 20:00,,,--
1/15/2026 20:15,,,--
1/15/2026 20:30,,,--
1/15/2026 20:45,,,--
1/15/2026 21:00,,,--
1/15/2026 21:15,,,--
1/15/2026 21:30,,,--
1/15/2026 21:45,,,--
1/15/2026 22:00,,,--
1/15/2026 22:15,,,--
1/15/2026 22:30,,,--
1/15/2026 22:45,,,--
1/15/2026 23:00,,,--
1/15/2026 23:15,,,--
1/15/2026 23:30,,,--
1/15/2026 23:45,,,--
1/16/2026 0:00,,,--
1/16/2026 0:15,,,--
1/16/2026 0:30,,,--
1/16/2026 0:45,,,--
1/16/2026 1:00,,,--
1/16/2026 1:15,,,--
1/16/2026 1:30,,,--
1/16/2026 1:45,,,--
1/16/2026 2:00,,,--
1/16/2026 2:15,,,--
1/16/2026 2:30,,,--
1/16/2026 2:45,,,--
1/16/2026 3:00,,,--
1/16/2026 3:15,,,--
1/16/2026 3:30,,,--
1/16/2026 3:45,,,--
1/16/2026 4:00,,,--
1/16/2026 4:15,,,--
1/16/2026 4:30,,,--
1/16/2026 4:45,,,--
1/16/2026 5:00,,,--
1/16/2026 5:15,,,--
1/16/2026 5:30,,,--
1/16/2026 5:45,,,--
1/16/2026 6:00,,,--
1/16/2026 6:15,,,--
1/16/2026 6:30,,,--
1/16/2026 6:45,,,--
1/16/2026 7:00,,,--
1/16/2026 7:15,,,--
1/16/2026 7:30,,,--
1/16/2026 7:45,,,--
1/16/2026 8:00,,,--
1/16/2026 8:15,,,--
1/16/2026 8:30,,,--
1/16/2026 8:45,,,--
1/16/2026 9:00,,,--
1/16/2026 9:15,,,--
1/16/2026 9:30,,,--
1/16/2026 9:45,,,--
1/16/2026 10:00,,,--
1/16/2026 10:15,,,--
1/16/2026 10:30,,,--
1/16/2026 10:45,,,--
1/16/2026 11:00,,,--
1/16/2026 11:15,,,--
1/16/2026 11:30,,,--
1/16/2026 11:45,,,--
1/16/2026 12:00,,,--
1/16/2026 12:15,,,--
1/16/2026 12:30,,,--
1/16/2026 12:45,,,--
1/16/2026 13:00,,,--
1/16/2026 13:15,,,--
1/16/2026 13:30,,,--
1/16/2026 13:45,,,--
1/16/2026 14:00,,,--
1/16/2026 14:15,,,--
1/16/2026 14:30,,,--
1/16/2026 14:45,,,--
1/16/2026 15:00,,,--
1/16/2026 15:15,,,--
1/16/2026 15:30,,,--
1/16/2026 15:45,,,--
1/16/2026 16:00,,,--
1/16/2026 16:15,,,--
1/16/2026 16:30,,,--
1/16/2026 16:45,,,--
1/16/2026 17:00,,,--
1/16/2026 17:15,,,--
1/16/2026 17:30,,,--
1/16/2026 17:45,,,--
1/16/2026 18:00,,,--
1/16/2026 18:15,,,--
1/16/2026 18:30,,,--
1/16/2026 18:45,,,--
1/16/2026 19:00,,,--
1/16/2026 19:15,,,--
1/16/2026 19:30,,,--
1/16/2026 19:45,,,--
1/16/2026 20:00,,,--
1/16/2026 20:15,,,--
1/16/2026 20:30,,,--
1/16/2026 20:45,,,--
1/16/2026 21:00,,,--
1/16/2026 21:15,,,--
1/16/2026 21:30,,,--
1/16/2026 21:45,,,--
1/16/2026 22:00,,,--
1/16/2026 22:15,,,--
1/16/2026 22:30,,,--
1/16/2026 22:45,,,--
1/16/2026 23:00,,,--
1/16/2026 23:15,,,--
1/16/2026 23:30,,,--
1/16/2026 23:45,,,--
1/17/2026 0:00,,,--
1/17/2026 0:15,,,--
1/17/2026 0:30,,,--
1/17/2026 0:45,,,--
1/17/2026 1:00,,,--
1/17/2026 1:15,,,--
1/17/2026 1:30,,,--
1/17/2026 1:45,,,--
1/17/2026 2:00,,,--
1/17/2026 2:15,,,--
1/17/2026 2:30,,,--
1/17/2026 2:45,,,--
1/17/2026 3:00,,,--
1/17/2026 3:15,,,--
1/17/2026 3:30,,,--
1/17/2026 3:45,,,--
1/17/2026 4:00,,,--
1/17/2026 4:15,,,--
1/17/2026 4:30,,,--
1/17/2026 4:45,,,--
1/17/2026 5:00,,,--
1/17/2026 5:15,,,--
1/17/2026 5:30,,,--
1/17/2026 5:45,,,--
1/17/2026 6:00,,,--
1/17/2026 6:15,,,--
1/17/2026 6:30,,,--
1/17/2026 6:45,,,--
1/17/2026 7:00,,,--
1/17/2026 7:15,,,--
1/17/2026 7:30,,,--
1/17/2026 7:45,,,--
1/17/2026 8:00,,,--
1/17/2026 8:15,,,--
1/17/2026 8:30,,,--
1/17/2026 8:45,,,--
1/17/2026 9:00,,,--
1/17/2026 9:15,,,--
1/17/2026 9:30,,,--
1/17/2026 9:45,,,--
1/17/2026 10:00,,,--
1/17/2026 10:15,,,--
1/17/2026 10:30,,,--
1/17/2026 10:45,,,--
1/17/2026 11:00,,,--
1/17/2026 11:15,,,--
1/17/2026 11:30,,,--
1/17/2026 11:45,,,--
1/17/2026 12:00,,,--
1/17/2026 12:15,,,--
1/17/2026 12:30,,,--
1/17/2026 12:45,,,--
1/17/2026 13:00,,,--
1/17/2026 13:15,,,--
1/17/2026 13:30,,,--
1/17/2026 13:45,,,--
1/17/2026 14:00,,,--
1/17/2026 14:15,,,--
1/17/2026 14:30,,,--
1/17/2026 14:45,,,--
1/17/2026 15:00,,,--
1/17/2026 15:15,,,--
1/17/2026 15:30,,,--
1/17/2026 15:45,,,--
1/17/2026 16:00,,,--
1/17/2026 16:15,,,--
1/17/2026 16:30,,,--
1/17/2026 16:45,,,--
1/17/2026 17:00,,,--
1/17/2026 17:15,,,--
1/17/2026 17:30,,,--
1/17/2026 17:45,,,--
1/17/2026 18:00,,,--
1/17/2026 18:15,,,--
1/17/2026 18:30,,,--
1/17/2026 18:45,,,--
1/17/2026 19:00,,,--
1/17/2026 19:15,,,--
1/17/2026 19:30,,,--
1/17/2026 19:45,,,--
1/17/2026 20:00,,,--
1/17/2026 20:15,,,--
1/17/2026 20:30,,,--
1/17/2026 20:45,,,--
1/17/2026 21:00,,,--
1/17/2026 21:15,,,--
1/17/2026 21:30,,,--
1/17/2026 21:45,,,--
1/17/2026 22:00,,,--
1/17/2026 22:15,,,--
1/17/2026 22:30,,,--
1/17/2026 22:45,,,--
1/17/2026 23:00,,,--
1/17/2026 23:15,,,--
1/17/2026 23:30,,,--
1/17/2026 23:45,,,--
1/18/2026 0:00,,,--
1/18/2026 0:15,,,--
1/18/2026 0:30,,,--
1/18/2026 0:45,,,--
1/18/2026 1:00,,,--
1/18/2026 1:15,,,--
1/18/2026 1:30,,,--
1/18/2026 1:45,,,--
1/18/2026 2:00,,,--
1/18/2026 2:15,,,--
1/18/2026 2:30,,,--
1/18/2026 2:45,,,--
1/18/2026 3:00,,,--
1/18/2026 3:15,,,--
1/18/2026 3:30,,,--
1/18/2026 3:45,,,--
1/18/2026 4:00,,,--
1/18/2026 4:15,,,--
1/18/2026 4:30,,,--
1/18/2026 4:45,,,--
1/18/2026 5:00,,,--
1/18/2026 5:15,,,--
1/18/2026 5:30,,,--
1/18/2026 5:45,,,--
1/18/2026 6:00,,,--
1/18/2026 6:15,,,--
1/18/2026 6:30,,,--
1/18/2026 6:45,,,--
1/18/2026 7:00,,,--
1/18/2026 7:15,,,--
1/18/2026 7:30,,,--
1/18/2026 7:45,,,--
1/18/2026 8:00,,,--
1/18/2026 8:15,,,--
1/18/2026 8:30,,,--
1/18/2026 8:45,,,--
1/18/2026 9:00,,,--
1/18/2026 9:15,,,--
1/18/2026 9:30,,,--
1/18/2026 9:45,,,--
1/18/2026 10:00,,,--
1/18/2026 10:15,,,--
1/18/2026 10:30,,,--
1/18/2026 10:45,,,--
1/18/2026 11:00,,,--
1/18/2026 11:15,,,--
1/18/2026 11:30,,,--
1/18/2026 11:45,,,--
1/18/2026 12:00,,,--
1/18/2026 12:15,,,--
1/18/2026 12:30,,,--
1/18/2026 12:45,,,--
1/18/2026 13:00,,,--
1/18/2026 13:15,,,--
1/18/2026 13:30,,,--
1/18/2026 13:45,,,--
1/18/2026 14:00,,,--
1/18/2026 14:15,,,--
1/18/2026 14:30,,,--
1/18/2026 14:45,,,--
1/18/2026 15:00,,,--
1/18/2026 15:15,,,--
1/18/2026 15:30,,,--
1/18/2026 15:45,,,--
1/18/2026 16:00,,,--
1/18/2026 16:15,,,--
1/18/2026 16:30,,,--
1/18/2026 16:45,,,--
1/18/2026 17:00,,,--
1/18/2026 17:15,,,--
1/18/2026 17:30,,,--
1/18/2026 17:45,,,--
1/18/2026 18:00,,,--
1/18/2026 18:15,,,--
1/18/2026 18:30,,,--
1/18/2026 18:45,,,--
1/18/2026 19:00,,,--
1/18/2026 19:15,,,--
1/18/2026 19:30,,,--
1/18/2026 19:45,,,--
1/18/2026 20:00,,,--
1/18/2026 20:15,,,--
1/18/2026 20:30,,,--
1/18/2026 20:45,,,--
1/18/2026 21:00,,,--
1/18/2026 21:15,,,--
1/18/2026 21:30,,,--
1/18/2026 21:45,,,--
1/18/2026 22:00,,,--
1/18/2026 22:15,,,--
1/18/2026 22:30,,,--
1/18/2026 22:45,,,--
1/18/2026 23:00,,,--
1/18/2026 23:15,,,--
1/18/2026 23:30,,,--
1/18/2026 23:45,,,--
1/19/2026 0:00,,,--
1/19/2026 0:15,,,--
1/19/2026 0:30,,,--
1/19/2026 0:45,,,--
1/19/2026 1:00,,,--
1/19/2026 1:15,,,--
1/19/2026 1:30,,,--
1/19/2026 1:45,,,--
1/19/2026 2:00,,,--
1/19/2026 2:15,,,--
1/19/2026 2:30,,,--
1/19/2026 2:45,,,--
1/19/2026 3:00,,,--
1/19/2026 3:15,,,--
1/19/2026 3:30,,,--
1/19/2026 3:45,,,--
1/19/2026 4:00,,,--
1/19/2026 4:15,,,--
1/19/2026 4:30,,,--
1/19/2026 4:45,,,--
1/19/2026 5:00,,,--
1/19/2026 5:15,,,--
1/19/2026 5:30,,,--
1/19/2026 5:45,,,--
1/19/2026 6:00,,,--
1/19/2026 6:15,,,--
1/19/2026 6:30,,,--
1/19/2026 6:45,,,--
1/19/2026 7:00,,,--
1/19/2026 7:15,,,--
1/19/2026 7:30,,,--
1/19/2026 7:45,,,--
1/19/2026 8:00,,,--
1/19/2026 8:15,,,--
1/19/2026 8:30,,,--
1/19/2026 8:45,,,--
1/19/2026 9:00,,,--
1/19/2026 9:15,,,--
1/19/2026 9:30,,,--
1/19/2026 9:45,,,--
1/19/2026 10:00,,,--
1/19/2026 10:15,,,--
1/19/2026 10:30,,,--
1/19/2026 10:45,,,--
1/19/2026 11:00,,,--
1/19/2026 11:15,,,--
1/19/2026 11:30,,,--
1/19/2026 11:45,,,--
1/19/2026 12:00,,,--
1/19/2026 12:15,,,--
1/19/2026 12:30,,,--
1/19/2026 12:45,,,--
1/19/2026 13:00,,,--
1/19/2026 13:15,,,--
1/19/2026 13:30,,,--
1/19/2026 13:45,,,--
1/19/2026 14:00,,,--
1/19/2026 14:15,,,--
1/19/2026 14:30,,,--
1/19/2026 14:45,,,--
1/19/2026 15:00,,,--
1/19/2026 15:15,,,--
1/19/2026 15:30,,,--
1/19/2026 15:45,,,--
1/19/2026 16:00,,,--
1/19/2026 16:15,,,--
1/19/2026 16:30,,,--
1/19/2026 16:45,,,--
1/19/2026 17:00,,,--
1/19/2026 17:15,,,--
1/19/2026 17:30,,,--
1/19/2026 17:45,,,--
1/19/2026 18:00,,,--
1/19/2026 18:15,,,--
1/19/2026 18:30,,,--
1/19/2026 18:45,,,--
1/19/2026 19:00,,,--
1/19/2026 19:15,,,--
1/19/2026 19:30,,,--
1/19/2026 19:45,,,--
1/19/2026 20:00,,,--
1/19/2026 20:15,,,--
1/19/2026 20:30,,,--
1/19/2026 20:45,,,--
1/19/2026 21:00,,,--
1/19/2026 21:15,,,--
1/19/2026 21:30,,,--
1/19/2026 21:45,,,--
1/19/2026 22:00,,,--
1/19/2026 22:15,,,--
1/19/2026 22:30,,,--
1/19/2026 22:45,,,--
1/19/2026 23:00,,,--
1/19/2026 23:15,,,--
1/19/2026 23:30,,,--
1/19/2026 23:45,,,--
1/20/2026 0:00,,,--
1/20/2026 0:15,,,--
1/20/2026 0:30,,,--
1/20/2026 0:45,,,--
1/20/2026 1:00,,,--
1/20/2026 1:15,,,--
1/20/2026 1:30,,,--
1/20/2026 1:45,,,--
1/20/2026 2:00,,,--
1/20/2026 2:15,,,--
1/20/2026 2:30,,,--
1/20/2026 2:45,,,--
1/20/2026 3:00,,,--
1/20/2026 3:15,,,--
1/20/2026 3:30,,,--
1/20/2026 3:45,,,--
1/20/2026 4:00,,,--
1/20/2026 4:15,,,--
1/20/2026 4:30,,,--
1/20/2026 4:45,,,--
1/20/2026 5:00,,,--
1/20/2026 5:15,,,--
1/20/2026 5:30,,,--
1/20/2026 5:45,,,--
1/20/2026 6:00,,,--
1/20/2026 6:15,,,--
1/20/2026 6:30,,,--
1/20/2026 6:45,,,--
1/20/2026 7:00,,,--
1/20/2026 7:15,,,--
1/20/2026 7:30,,,--
1/20/2026 7:45,,,--
1/20/2026 8:00,,,--
1/20/2026 8:15,,,--
1/20/2026 8:30,,,--
1/20/2026 8:45,,,--
1/20/2026 9:00,,,--
1/20/2026 9:15,,,--
1/20/2026 9:30,,,--
1/20/2026 9:45,,,--
1/20/2026 10:00,,,--
1/20/2026 10:15,,,--
1/20/2026 10:30,,,--
1/20/2026 10:45,,,--
1/20/2026 11:00,,,--
1/20/2026 11:15,,,--
1/20/2026 11:30,,,--
1/20/2026 11:45,,,--
1/20/2026 12:00,,,--
1/20/2026 12:15,,,--
1/20/2026 12:30,,,--
1/20/2026 12:45,,,--
1/20/2026 13:00,,,--
1/20/2026 13:15,,,--
1/20/2026 13:30,,,--
1/20/2026 13:45,,,--
1/20/2026 14:00,,,--
1/20/2026 14:15,,,--
1/20/2026 14:30,,,--
1/20/2026 14:45,,,--
1/20/2026 15:00,,,--
1/20/2026 15:15,,,--
1/20/2026 15:30,,,--
1/20/2026 15:45,,,--
1/20/2026 16:00,,,--
1/20/2026 16:15,,,--
1/20/2026 16:30,,,--
1/20/2026 16:45,,,--
1/20/2026 17:00,,,--
1/20/2026 17:15,,,--
1/20/2026 17:30,,,--
1/20/2026 17:45,,,--
1/20/2026 18:00,,,--
1/20/2026 18:15,,,--
1/20/2026 18:30,,,--
1/20/2026 18:45,,,--
1/20/2026 19:00,,,--
1/20/2026 19:15,,,--
1/20/2026 19:30,,,--
1/20/2026 19:45,,,--
1/20/2026 20:00,,,--
1/20/2026 20:15,,,--
1/20/2026 20:30,,,--
1/20/2026 20:45,,,--
1/20/2026 21:00,,,--
1/20/2026 21:15,,,--
1/20/2026 21:30,,,--
1/20/2026 21:45,,,--
1/20/2026 22:00,,,--
1/20/2026 22:15,,,--
1/20/2026 22:30,,,--
1/20/2026 22:45,,,--
1/20/2026 23:00,,,--
1/20/2026 23:15,,,--
1/20/2026 23:30,,,--
1/20/2026 23:45,,,--
1/21/2026 0:00,,,--
1/21/2026 0:15,,,--
1/21/2026 0:30,,,--
1/21/2026 0:45,,,--
1/21/2026 1:00,,,--
1/21/2026 1:15,,,--
1/21/2026 1:30,,,--
1/21/2026 1:45,,,--
1/21/2026 2:00,,,--
1/21/2026 2:15,,,--
1/21/2026 2:30,,,--
1/21/2026 2:45,,,--
1/21/2026 3:00,,,--
1/21/2026 3:15,,,--
1/21/2026 3:30,,,--
1/21/2026 3:45,,,--
1/21/2026 4:00,,,--
1/21/2026 4:15,,,--
1/21/2026 4:30,,,--
1/21/2026 4:45,,,--
1/21/2026 5:00,,,--
1/21/2026 5:15,,,--
1/21/2026 5:30,,,--
1/21/2026 5:45,,,--
1/21/2026 6:00,,,--
1/21/2026 6:15,,,--
1/21/2026 6:30,,,--
1/21/2026 6:45,,,--
1/21/2026 7:00,,,--
1/21/2026 7:15,,,--
1/21/2026 7:30,,,--
1/21/2026 7:45,,,--
1/21/2026 8:00,,,--
1/21/2026 8:15,,,--
1/21/2026 8:30,,,--
1/21/2026 8:45,,,--
1/21/2026 9:00,,,--
1/21/2026 9:15,,,--
1/21/2026 9:30,,,--
1/21/2026 9:45,,,--
1/21/2026 10:00,,,--
1/21/2026 10:15,,,--
1/21/2026 10:30,,,--
1/21/2026 10:45,,,--
1/21/2026 11:00,,,--
1/21/2026 11:15,,,--
1/21/2026 11:30,,,--
1/21/2026 11:45,,,--
1/21/2026 12:00,,,--
1/21/2026 12:15,,,--
1/21/2026 12:30,,,--
1/21/2026 12:45,,,--
1/21/2026 13:00,,,--
1/21/2026 13:15,,,--
1/21/2026 13:30,,,--
1/21/2026 13:45,,,--
1/21/2026 14:00,,,--
1/21/2026 14:15,,,--
1/21/2026 14:30,,,--
1/21/2026 14:45,,,--
1/21/2026 15:00,,,--
1/21/2026 15:15,,,--
1/21/2026 15:30,,,--
1/21/2026 15:45,,,--
1/21/2026 16:00,,,--
1/21/2026 16:15,,,--
1/21/2026 16:30,,,--
1/21/2026 16:45,,,--
1/21/2026 17:00,,,--
1/21/2026 17:15,,,--
1/21/2026 17:30,,,--
1/21/2026 17:45,,,--
1/21/2026 18:00,,,--
1/21/2026 18:15,,,--
1/21/2026 18:30,,,--
1/21/2026 18:45,,,--
1/21/2026 19:00,,,--
1/21/2026 19:15,,,--
1/21/2026 19:30,,,--
1/21/2026 19:45,,,--
1/21/2026 20:00,,,--
1/21/2026 20:15,,,--
1/21/2026 20:30,,,--
1/21/2026 20:45,,,--
1/21/2026 21:00,,,--
1/21/2026 21:15,,,--
1/21/2026 21:30,,,--
1/21/2026 21:45,,,--
1/21/2026 22:00,,,--
1/21/2026 22:15,,,--
1/21/2026 22:30,,,--
1/21/2026 22:45,,,--
1/21/2026 23:00,,,--
1/21/2026 23:15,,,--
1/21/2026 23:30,,,--
1/21/2026 23:45,,,--
1/22/2026 0:00,,,--
1/22/2026 0:15,,,--
1/22/2026 0:30,,,--
1/22/2026 0:45,,,--
1/22/2026 1:00,,,--
1/22/2026 1:15,,,--
1/22/2026 1:30,,,--
1/22/2026 1:45,,,--
1/22/2026 2:00,,,--
1/22/2026 2:15,,,--
1/22/2026 2:30,,,--
1/22/2026 2:45,,,--
1/22/2026 3:00,,,--
1/22/2026 3:15,,,--
1/22/2026 3:30,,,--
1/22/2026 3:45,,,--
1/22/2026 4:00,,,--
1/22/2026 4:15,,,--
1/22/2026 4:30,,,--
1/22/2026 4:45,,,--
1/22/2026 5:00,,,--
1/22/2026 5:15,,,--
1/22/2026 5:30,,,--
1/22/2026 5:45,,,--
1/22/2026 6:00,,,--
1/22/2026 6:15,,,--
1/22/2026 6:30,,,--
1/22/2026 6:45,,,--
1/22/2026 7:00,,,--
1/22/2026 7:15,,,--
1/22/2026 7:30,,,--
1/22/2026 7:45,,,--
1/22/2026 8:00,,,--
1/22/2026 8:15,,,--
1/22/2026 8:30,,,--
1/22/2026 8:45,,,--
1/22/2026 9:00,,,--
1/22/2026 9:15,,,--
1/22/2026 9:30,,,--
1/22/2026 9:45,,,--
1/22/2026 10:00,,,--
1/22/2026 10:15,,,--
1/22/2026 10:30,,,--
1/22/2026 10:45,,,--
1/22/2026 11:00,,,--
1/22/2026 11:15,,,--
1/22/2026 11:30,,,--
1/22/2026 11:45,,,--
1/22/2026 12:00,,,--
1/22/2026 12:15,,,--
1/22/2026 12:30,,,--
1/22/2026 12:45,,,--
1/22/2026 13:00,,,--
1/22/2026 13:15,,,--
1/22/2026 13:30,,,--
1/22/2026 13:45,,,--
1/22/2026 14:00,,,--
1/22/2026 14:15,,,--
1/22/2026 14:30,,,--
1/22/2026 14:45,,,--
1/22/2026 15:00,,,--
1/22/2026 15:15,,,--
1/22/2026 15:30,,,--
1/22/2026 15:45,,,--
1/22/2026 16:00,,,--
1/22/2026 16:15,,,--
1/22/2026 16:30,,,--
1/22/2026 16:45,,,--
1/22/2026 17:00,,,--
1/22/2026 17:15,,,--
1/22/2026 17:30,,,--
1/22/2026 17:45,,,--
1/22/2026 18:00,,,--
1/22/2026 18:15,,,--
1/22/2026 18:30,,,--
1/22/2026 18:45,,,--
1/22/2026 19:00,,,--
1/22/2026 19:15,,,--
1/22/2026 19:30,,,--
1/22/2026 19:45,,,--
1/22/2026 20:00,,,--
1/22/2026 20:15,,,--
1/22/2026 20:30,,,--
1/22/2026 20:45,,,--
1/22/2026 21:00,,,--
1/22/2026 21:15,,,--
1/22/2026 21:30,,,--
1/22/2026 21:45,,,--
1/22/2026 22:00,,,--
1/22/2026 22:15,,,--
1/22/2026 22:30,,,--
1/22/2026 22:45,,,--
1/22/2026 23:00,,,--
1/22/2026 23:15,,,--
1/22/2026 23:30,,,--
1/22/2026 23:45,,,--
1/23/2026 0:00,,,--
1/23/2026 0:15,,,--
1/23/2026 0:30,,,--
1/23/2026 0:45,,,--
1/23/2026 1:00,,,--
1/23/2026 1:15,,,--
1/23/2026 1:30,,,--
1/23/2026 1:45,,,--
1/23/2026 2:00,,,--
1/23/2026 2:15,,,--
1/23/2026 2:30,,,--
1/23/2026 2:45,,,--
1/23/2026 3:00,,,--
1/23/2026 3:15,,,--
1/23/2026 3:30,,,--
1/23/2026 3:45,,,--
1/23/2026 4:00,,,--
1/23/2026 4:15,,,--
1/23/2026 4:30,,,--
1/23/2026 4:45,,,--
1/23/2026 5:00,,,--
1/23/2026 5:15,,,--
1/23/2026 5:30,,,--
1/23/2026 5:45,,,--
1/23/2026 6:00,,,--
1/23/2026 6:15,,,--
1/23/2026 6:30,,,--
1/23/2026 6:45,,,--
1/23/2026 7:00,,,--
1/23/2026 7:15,,,--
1/23/2026 7:30,,,--
1/23/2026 7:45,,,--
1/23/2026 8:00,,,--
1/23/2026 8:15,,,--
1/23/2026 8:30,,,--
1/23/2026 8:45,,,--
1/23/2026 9:00,,,--
1/23/2026 9:15,,,--
1/23/2026 9:30,,,--
1/23/2026 9:45,,,--
1/23/2026 10:00,,,--
1/23/2026 10:15,,,--
1/23/2026 10:30,,,--
1/23/2026 10:45,,,--
1/23/2026 11:00,,,--
1/23/2026 11:15,,,--
1/23/2026 11:30,,,--
1/23/2026 11:45,,,--
1/23/2026 12:00,,,--
1/23/2026 12:15,,,--
1/23/2026 12:30,,,--
1/23/2026 12:45,,,--
1/23/2026 13:00,,,--
1/23/2026 13:15,,,--
1/23/2026 13:30,,,--
1/23/2026 13:45,,,--
1/23/2026 14:00,,,--
1/23/2026 14:15,,,--
1/23/2026 14:30,,,--
1/23/2026 14:45,,,--
1/23/2026 15:00,,,--
1/23/2026 15:15,,,--
1/23/2026 15:30,,,--
1/23/2026 15:45,,,--
1/23/2026 16:00,,,--
1/23/2026 16:15,,,--
1/23/2026 16:30,,,--
1/23/2026 16:45,,,--
1/23/2026 17:00,,,--
1/23/2026 17:15,,,--
1/23/2026 17:30,,,--
1/23/2026 17:45,,,--
1/23/2026 18:00,,,--
1/23/2026 18:15,,,--
1/23/2026 18:30,,,--
1/23/2026 18:45,,,--
1/23/2026 19:00,,,--
1/23/2026 19:15,,,--
1/23/2026 19:30,,,--
1/23/2026 19:45,,,--
1/23/2026 20:00,,,--
1/23/2026 20:15,,,--
1/23/2026 20:30,,,--
1/23/2026 20:45,,,--
1/23/2026 21:00,,,--
1/23/2026 21:15,,,--
1/23/2026 21:30,,,--
1/23/2026 21:45,,,--
1/23/2026 22:00,,,--
1/23/2026 22:15,,,--
1/23/2026 22:30,,,--
1/23/2026 22:45,,,--
1/23/2026 23:00,,,--
1/23/2026 23:15,,,--
1/23/2026 23:30,,,--
1/23/2026 23:45,,,--
1/24/2026 0:00,,,--
1/24/2026 0:15,,,--
1/24/2026 0:30,,,--
1/24/2026 0:45,,,--
1/24/2026 1:00,,,--
1/24/2026 1:15,,,--
1/24/2026 1:30,,,--
1/24/2026 1:45,,,--
1/24/2026 2:00,,,--
1/24/2026 2:15,,,--
1/24/2026 2:30,,,--
1/24/2026 2:45,,,--
1/24/2026 3:00,,,--
1/24/2026 3:15,,,--
1/24/2026 3:30,,,--
1/24/2026 3:45,,,--
1/24/2026 4:00,,,--
1/24/2026 4:15,,,--
1/24/2026 4:30,,,--
1/24/2026 4:45,,,--
1/24/2026 5:00,,,--
1/24/2026 5:15,,,--
1/24/2026 5:30,,,--
1/24/2026 5:45,,,--
1/24/2026 6:00,,,--
1/24/2026 6:15,,,--
1/24/2026 6:30,,,--
1/24/2026 6:45,,,--
1/24/2026 7:00,,,--
1/24/2026 7:15,,,--
1/24/2026 7:30,,,--
1/24/2026 7:45,,,--
1/24/2026 8:00,,,--
1/24/2026 8:15,,,--
1/24/2026 8:30,,,--
1/24/2026 8:45,,,--
1/24/2026 9:00,,,--
1/24/2026 9:15,,,--
1/24/2026 9:30,,,--
1/24/2026 9:45,,,--
1/24/2026 10:00,,,--
1/24/2026 10:15,,,--
1/24/2026 10:30,,,--
1/24/2026 10:45,,,--
1/24/2026 11:00,,,--
1/24/2026 11:15,,,--
1/24/2026 11:30,,,--
1/24/2026 11:45,,,--
1/24/2026 12:00,,,--
1/24/2026 12:15,,,--
1/24/2026 12:30,,,--
1/24/2026 12:45,,,--
1/24/2026 13:00,,,--
1/24/2026 13:15,,,--
1/24/2026 13:30,,,--
1/24/2026 13:45,,,--
1/24/2026 14:00,,,--
1/24/2026 14:15,,,--
1/24/2026 14:30,,,--
1/24/2026 14:45,,,--
1/24/2026 15:00,,,--
1/24/2026 15:15,,,--
1/24/2026 15:30,,,--
1/24/2026 15:45,,,--
1/24/2026 16:00,,,--
1/24/2026 16:15,,,--
1/24/2026 16:30,,,--
1/24/2026 16:45,,,--
1/24/2026 17:00,,,--
1/24/2026 17:15,,,--
1/24/2026 17:30,,,--
1/24/2026 17:45,,,--
1/24/2026 18:00,,,--
1/24/2026 18:15,,,--
1/24/2026 18:30,,,--
1/24/2026 18:45,,,--
1/24/2026 19:00,,,--
1/24/2026 19:15,,,--
1/24/2026 19:30,,,--
1/24/2026 19:45,,,--
1/24/2026 20:00,,,--
1/24/2026 20:15,,,--
1/24/2026 20:30,,,--
1/24/2026 20:45,,,--
1/24/2026 21:00,,,--
1/24/2026 21:15,,,--
1/24/2026 21:30,,,--
1/24/2026 21:45,,,--
1/24/2026 22:00,,,--
1/24/2026 22:15,,,--
1/24/2026 22:30,,,--
1/24/2026 22:45,,,--
1/24/2026 23:00,,,--
1/24/2026 23:15,,,--
1/24/2026 23:30,,,--
1/24/2026 23:45,,,--
1/25/2026 0:00,,,--
1/25/2026 0:15,,,--
1/25/2026 0:30,,,--
1/25/2026 0:45,,,--
1/25/2026 1:00,,,--
1/25/2026 1:15,,,--
1/25/2026 1:30,,,--
1/25/2026 1:45,,,--
1/25/2026 2:00,,,--
1/25/2026 2:15,,,--
1/25/2026 2:30,,,--
1/25/2026 2:45,,,--
1/25/2026 3:00,,,--
1/25/2026 3:15,,,--
1/25/2026 3:30,,,--
1/25/2026 3:45,,,--
1/25/2026 4:00,,,--
1/25/2026 4:15,,,--
1/25/2026 4:30,,,--
1/25/2026 4:45,,,--
1/25/2026 5:00,,,--
1/25/2026 5:15,,,--
1/25/2026 5:30,,,--
1/25/2026 5:45,,,--
1/25/2026 6:00,,,--
1/25/2026 6:15,,,--
1/25/2026 6:30,,,--
1/25/2026 6:45,,,--
1/25/2026 7:00,,,--
1/25/2026 7:15,,,--
1/25/2026 7:30,,,--
1/25/2026 7:45,,,--
1/25/2026 8:00,,,--
1/25/2026 8:15,,,--
1/25/2026 8:30,,,--
1/25/2026 8:45,,,--
1/25/2026 9:00,,,--
1/25/2026 9:15,,,--
1/25/2026 9:30,,,--
1/25/2026 9:45,,,--
1/25/2026 10:00,,,--
1/25/2026 10:15,,,--
1/25/2026 10:30,,,--
1/25/2026 10:45,,,--
1/25/2026 11:00,,,--
1/25/2026 11:15,,,--
1/25/2026 11:30,,,--
1/25/2026 11:45,,,--
1/25/2026 12:00,,,--
1/25/2026 12:15,,,--
1/25/2026 12:30,,,--
1/25/2026 12:45,,,--
1/25/2026 13:00,,,--
1/25/2026 13:15,,,--
1/25/2026 13:30,,,--
1/25/2026 13:45,,,--
1/25/2026 14:00,,,--
1/25/2026 14:15,,,--
1/25/2026 14:30,,,--
1/25/2026 14:45,,,--
1/25/2026 15:00,,,--
1/25/2026 15:15,,,--
1/25/2026 15:30,,,--
1/25/2026 15:45,,,--
1/25/2026 16:00,,,--
1/25/2026 16:15,,,--
1/25/2026 16:30,,,--
1/25/2026 16:45,,,--
1/25/2026 17:00,,,--
1/25/2026 17:15,,,--
1/25/2026 17:30,,,--
1/25/2026 17:45,,,--
1/25/2026 18:00,,,--
1/25/2026 18:15,,,--
1/25/2026 18:30,,,--
1/25/2026 18:45,,,--
1/25/2026 19:00,,,--
1/25/2026 19:15,,,--
1/25/2026 19:30,,,--
1/25/2026 19:45,,,--
1/25/2026 20:00,,,--
1/25/2026 20:15,,,--
1/25/2026 20:30,,,--
1/25/2026 20:45,,,--
1/25/2026 21:00,,,--
1/25/2026 21:15,,,--
1/25/2026 21:30,,,--
1/25/2026 21:45,,,--
1/25/2026 22:00,,,--
1/25/2026 22:15,,,--
1/25/2026 22:30,,,--
1/25/2026 22:45,,,--
1/25/2026 23:00,,,--
1/25/2026 23:15,,,--
1/25/2026 23:30,,,--
1/25/2026 23:45,,,--
1/26/2026 0:00,,,--
1/26/2026 0:15,,,--
1/26/2026 0:30,,,--
1/26/2026 0:45,,,--
1/26/2026 1:00,,,--
1/26/2026 1:15,,,--
1/26/2026 1:30,,,--
1/26/2026 1:45,,,--
1/26/2026 2:00,,,--
1/26/2026 2:15,,,--
1/26/2026 2:30,,,--
1/26/2026 2:45,,,--
1/26/2026 3:00,,,--
1/26/2026 3:15,,,--
1/26/2026 3:30,,,--
1/26/2026 3:45,,,--
1/26/2026 4:00,,,--
1/26/2026 4:15,,,--
1/26/2026 4:30,,,--
1/26/2026 4:45,,,--
1/26/2026 5:00,,,--
1/26/2026 5:15,,,--
1/26/2026 5:30,,,--
1/26/2026 5:45,,,--
1/26/2026 6:00,,,--
1/26/2026 6:15,,,--
1/26/2026 6:30,,,--
1/26/2026 6:45,,,--
1/26/2026 7:00,,,--
1/26/2026 7:15,,,--
1/26/2026 7:30,,,--
1/26/2026 7:45,,,--
1/26/2026 8:00,,,--
1/26/2026 8:15,,,--
1/26/2026 8:30,,,--
1/26/2026 8:45,,,--
1/26/2026 9:00,,,--
1/26/2026 9:15,,,--
1/26/2026 9:30,,,--
1/26/2026 9:45,,,--
1/26/2026 10:00,,,--
1/26/2026 10:15,,,--
1/26/2026 10:30,,,--
1/26/2026 10:45,,,--
1/26/2026 11:00,,,--
1/26/2026 11:15,,,--
1/26/2026 11:30,,,--
1/26/2026 11:45,,,--
1/26/2026 12:00,,,--
1/26/2026 12:15,,,--
1/26/2026 12:30,,,--
1/26/2026 12:45,,,--
1/26/2026 13:00,,,--
1/26/2026 13:15,,,--
1/26/2026 13:30,,,--
1/26/2026 13:45,,,--
1/26/2026 14:00,,,--
1/26/2026 14:15,,,--
1/26/2026 14:30,,,--
1/26/2026 14:45,,,--
1/26/2026 15:00,,,--
1/26/2026 15:15,,,--
1/26/2026 15:30,,,--
1/26/2026 15:45,,,--
1/26/2026 16:00,,,--
1/26/2026 16:15,,,--
1/26/2026 16:30,,,--
1/26/2026 16:45,,,--
1/26/2026 17:00,,,--
1/26/2026 17:15,,,--
1/26/2026 17:30,,,--
1/26/2026 17:45,,,--
1/26/2026 18:00,,,--
1/26/2026 18:15,,,--
1/26/2026 18:30,,,--
1/26/2026 18:45,,,--
1/26/2026 19:00,,,--
1/26/2026 19:15,,,--
1/26/2026 19:30,,,--
1/26/2026 19:45,,,--
1/26/2026 20:00,,,--
1/26/2026 20:15,,,--
1/26/2026 20:30,,,--
1/26/2026 20:45,,,--
1/26/2026 21:00,,,--
1/26/2026 21:15,,,--
1/26/2026 21:30,,,--
1/26/2026 21:45,,,--
1/26/2026 22:00,,,--
1/26/2026 22:15,,,--
1/26/2026 22:30,,,--
1/26/2026 22:45,,,--
1/26/2026 23:00,,,--
1/26/2026 23:15,,,--
1/26/2026 23:30,,,--
1/26/2026 23:45,,,--
1/27/2026 0:00,,,--
1/27/2026 0:15,,,--
1/27/2026 0:30,,,--
1/27/2026 0:45,,,--
1/27/2026 1:00,,,--
1/27/2026 1:15,,,--
1/27/2026 1:30,,,--
1/27/2026 1:45,,,--
1/27/2026 2:00,,,--
1/27/2026 2:15,,,--
1/27/2026 2:30,,,--
1/27/2026 2:45,,,--
1/27/2026 3:00,,,--
1/27/2026 3:15,,,--
1/27/2026 3:30,,,--
1/27/2026 3:45,,,--
1/27/2026 4:00,,,--
1/27/2026 4:15,,,--
1/27/2026 4:30,,,--
1/27/2026 4:45,,,--
1/27/2026 5:00,,,--
1/27/2026 5:15,,,--
1/27/2026 5:30,,,--
1/27/2026 5:45,,,--
1/27/2026 6:00,,,--
1/27/2026 6:15,,,--
1/27/2026 6:30,,,--
1/27/2026 6:45,,,--
1/27/2026 7:00,,,--
1/27/2026 7:15,,,--
1/27/2026 7:30,,,--
1/27/2026 7:45,,,--
1/27/2026 8:00,,,--
1/27/2026 8:15,,,--
1/27/2026 8:30,,,--
1/27/2026 8:45,,,--
1/27/2026 9:00,,,--
1/27/2026 9:15,,,--
1/27/2026 9:30,,,--
1/27/2026 9:45,,,--
1/27/2026 10:00,,,--
1/27/2026 10:15,,,--
1/27/2026 10:30,,,--
1/27/2026 10:45,,,--
1/27/2026 11:00,,,--
1/27/2026 11:15,,,--
1/27/2026 11:30,,,--
1/27/2026 11:45,,,--
1/27/2026 12:00,,,--
1/27/2026 12:15,,,--
1/27/2026 12:30,,,--
1/27/2026 12:45,,,--
1/27/2026 13:00,,,--
1/27/2026 13:15,,,--
1/27/2026 13:30,,,--
1/27/2026 13:45,,,--
1/27/2026 14:00,,,--
1/27/2026 14:15,,,--
1/27/2026 14:30,,,--
1/27/2026 14:45,,,--
1/27/2026 15:00,,,--
1/27/2026 15:15,,,--
1/27/2026 15:30,,,--
1/27/2026 15:45,,,--
1/27/2026 16:00,,,--
1/27/2026 16:15,,,--
1/27/2026 16:30,,,--
1/27/2026 16:45,,,--
1/27/2026 17:00,,,--
1/27/2026 17:15,,,--
1/27/2026 17:30,,,--
1/27/2026 17:45,,,--
1/27/2026 18:00,,,--
1/27/2026 18:15,,,--
1/27/2026 18:30,,,--
1/27/2026 18:45,,,--
1/27/2026 19:00,,,--
1/27/2026 19:15,,,--
1/27/2026 19:30,,,--
1/27/2026 19:45,,,--
1/27/2026 20:00,,,--
1/27/2026 20:15,,,--
1/27/2026 20:30,,,--
1/27/2026 20:45,,,--
1/27/2026 21:00,,,--
1/27/2026 21:15,,,--
1/27/2026 21:30,,,--
1/27/2026 21:45,,,--
1/27/2026 22:00,,,--
1/27/2026 22:15,,,--
1/27/2026 22:30,,,--
1/27/2026 22:45,,,--
1/27/2026 23:00,,,--
1/27/2026 23:15,,,--
1/27/2026 23:30,,,--
1/27/2026 23:45,,,--
1/28/2026 0:00,,,--
1/28/2026 0:15,,,--
1/28/2026 0:30,,,--
1/28/2026 0:45,,,--
1/28/2026 1:00,,,--
1/28/2026 1:15,,,--
1/28/2026 1:30,,,--
1/28/2026 1:45,,,--
1/28/2026 2:00,,,--
1/28/2026 2:15,,,--
1/28/2026 2:30,,,--
1/28/2026 2:45,,,--
1/28/2026 3:00,,,--
1/28/2026 3:15,,,--
1/28/2026 3:30,,,--
1/28/2026 3:45,,,--
1/28/2026 4:00,,,--
1/28/2026 4:15,,,--
1/28/2026 4:30,,,--
1/28/2026 4:45,,,--
1/28/2026 5:00,,,--
1/28/2026 5:15,,,--
1/28/2026 5:30,,,--
1/28/2026 5:45,,,--
1/28/2026 6:00,,,--
1/28/2026 6:15,,,--
1/28/2026 6:30,,,--
1/28/2026 6:45,,,--
1/28/2026 7:00,,,--
1/28/2026 7:15,,,--
1/28/2026 7:30,,,--
1/28/2026 7:45,,,--
1/28/2026 8:00,,,--
1/28/2026 8:15,,,--
1/28/2026 8:30,,,--
1/28/2026 8:45,,,--
1/28/2026 9:00,,,--
1/28/2026 9:15,,,--
1/28/2026 9:30,,,--
1/28/2026 9:45,,,--
1/28/2026 10:00,,,--
1/28/2026 10:15,,,--
1/28/2026 10:30,,,--
1/28/2026 10:45,,,--
1/28/2026 11:00,82.296,7.777777778,0.1
1/28/2026 11:15,82.296,7.777777778,0.1
1/28/2026 11:30,82.296,7.777777778,0.1
1/28/2026 11:45,82.296,7.777777778,0.1
1/28/2026 12:00,82.296,7.777777778,0.1
1/28/2026 12:15,82.296,7.777777778,0.1
1/28/2026 12:30,82.296,7.777777778,0.1
1/28/2026 12:45,82.296,7.777777778,0.1
1/28/2026 13:00,82.296,7.777777778,0.1
1/28/2026 13:15,82.296,7.777777778,0.1
1/28/2026 13:30,82.296,7.777777778,0.1
1/28/2026 13:45,82.296,7.777777778,0.1
1/28/2026 14:00,82.296,7.777777778,0.1
1/28/2026 14:15,82.296,7.777777778,0.1
1/28/2026 14:30,82.296,7.777777778,0.1
1/28/2026 14:45,82.296,7.777777778,0.1
1/28/2026 15:00,82.296,7.777777778,0.1
1/28/2026 15:15,82.296,7.777777778,0.1
1/28/2026 15:30,82.296,7.777777778,0.1
1/28/2026 15:45,82.296,8.333333333,0.1
1/28/2026 16:00,82.296,8.333333333,0.1
1/28/2026 16:15,82.296,7.777777778,0.1
1/28/2026 16:30,82.296,7.777777778,0.1
1/28/2026 16:45,82.296,7.777777778,0.1
1/28/2026 17:00,82.296,7.777777778,0.1
1/28/2026 17:15,82.296,7.777777778,0.1
1/28/2026 17:30,82.296,7.777777778,0.1
1/28/2026 17:45,82.296,7.777777778,0.1
1/28/2026 18:00,82.296,7.777777778,0.1
1/28/2026 18:15,82.296,7.777777778,0.1
1/28/2026 18:30,82.296,7.777777778,0.1
1/28/2026 18:45,82.296,7.777777778,0.1
1/28/2026 19:00,82.296,7.777777778,0.1
1/28/2026 19:15,82.296,7.777777778,0.1
1/28/2026 19:30,82.296,7.777777778,0.1
1/28/2026 19:45,82.296,7.777777778,0.1
1/28/2026 20:00,82.296,7.777777778,0.1
1/28/2026 20:15,82.296,7.777777778,0.1
1/28/2026 20:30,82.296,7.777777778,0.1
1/28/2026 20:45,82.296,7.777777778,0.1
1/28/2026 21:00,82.296,7.777777778,0.1
1/28/2026 21:15,82.296,7.777777778,0.1
1/28/2026 21:30,82.296,7.777777778,0.1
1/28/2026 21:45,82.296,7.777777778,0.1
1/28/2026 22:00,82.296,7.777777778,0.1
1/28/2026 22:15,82.296,7.777777778,0.1
1/28/2026 22:30,82.296,7.777777778,0.1
1/28/2026 22:45,82.296,7.777777778,0.1
1/28/2026 23:00,82.296,7.777777778,0.1
1/28/2026 23:15,82.296,7.777777778,0.1
1/28/2026 23:30,82.296,7.777777778,0.1
1/28/2026 23:45,82.296,7.777777778,0.1
1/29/2026 0:00,82.296,7.777777778,0.1
1/29/2026 0:15,82.296,7.777777778,0.1
1/29/2026 0:30,82.296,7.777777778,0.1
1/29/2026 0:45,82.296,7.777777778,0.1
1/29/2026 1:00,82.296,7.777777778,0.1
1/29/2026 1:15,82.296,7.777777778,0.1
1/29/2026 1:30,82.296,7.777777778,0.1
1/29/2026 1:45,82.296,7.777777778,0.1
1/29/2026 2:00,82.296,7.777777778,0.1
1/29/2026 2:15,82.296,7.777777778,0.1
1/29/2026 2:30,82.296,7.777777778,0.1
1/29/2026 2:45,82.296,7.777777778,0.1
1/29/2026 3:00,82.296,7.777777778,0.1
1/29/2026 3:15,82.296,7.777777778,0.1
1/29/2026 3:30,82.296,7.777777778,0.1
1/29/2026 3:45,82.296,7.222222222,0.1
1/29/2026 4:00,82.296,7.222222222,0.1
1/29/2026 4:15,82.296,7.222222222,0.1
1/29/2026 4:30,82.296,7.222222222,0.1
1/29/2026 4:45,82.296,7.222222222,0.1
1/29/2026 5:00,82.296,7.222222222,0.1
1/29/2026 5:15,82.296,7.222222222,0.1
1/29/2026 5:30,82.296,7.222222222,0.1
1/29/2026 5:45,82.296,7.222222222,0.1
1/29/2026 6:00,82.296,7.222222222,0.1
1/29/2026 6:15,82.296,7.222222222,0.1
1/29/2026 6:30,82.296,7.222222222,0.1
1/29/2026 6:45,82.296,7.222222222,0.1
1/29/2026 7:00,82.296,7.222222222,0.1
1/29/2026 7:15,82.296,7.222222222,0.1
1/29/2026 7:30,82.296,7.222222222,0.1
1/29/2026 7:45,82.296,7.222222222,0.1
1/29/2026 8:00,82.296,7.222222222,0.1
1/29/2026 8:15,82.296,7.222222222,0.1
1/29/2026 8:30,82.296,7.222222222,0.1
1/29/2026 8:45,82.296,7.222222222,0.1
1/29/2026 9:00,82.296,7.222222222,0.1
1/29/2026 9:15,82.296,7.222222222,0.1
1/29/2026 9:30,82.296,7.222222222,0.1
1/29/2026 9:45,82.296,7.222222222,0.1
1/29/2026 10:00,82.296,7.222222222,0.1
1/29/2026 10:15,82.296,7.222222222,0.1
1/29/2026 10:30,82.296,7.222222222,0.1
1/29/2026 10:45,82.296,7.222222222,0.1
1/29/2026 11:00,82.296,7.222222222,0.1
1/29/2026 11:15,82.296,7.777777778,0.1
1/29/2026 11:30,82.296,7.777777778,0.1
1/29/2026 11:45,82.296,7.777777778,0.1
1/29/2026 12:00,82.296,7.777777778,0.1
1/29/2026 12:15,82.296,7.777777778,0.1
1/29/2026 12:30,82.296,7.777777778,0.1
1/29/2026 12:45,82.296,7.777777778,0.1
1/29/2026 13:00,82.296,7.777777778,0.1
1/29/2026 13:15,82.296,7.777777778,0.1
1/29/2026 13:30,82.296,7.777777778,0.1
1/29/2026 13:45,82.296,7.777777778,0.1
1/29/2026 14:00,82.296,7.777777778,0.1
1/29/2026 14:15,82.296,7.777777778,0.1
1/29/2026 14:30,82.296,7.777777778,0.1
1/29/2026 14:45,82.296,7.777777778,0.1
1/29/2026 15:00,82.296,7.777777778,0.1
1/29/2026 15:15,82.296,7.777777778,0.1
1/29/2026 15:30,82.296,7.777777778,0.1
1/29/2026 15:45,82.296,7.777777778,0.1
1/29/2026 16:00,82.296,7.777777778,0.1
1/29/2026 16:15,82.296,7.777777778,0.1
1/29/2026 16:30,82.296,7.777777778,0.1
1/29/2026 16:45,82.296,7.777777778,0.1
1/29/2026 17:00,82.296,7.777777778,0.1
1/29/2026 17:15,82.296,7.777777778,0.1
1/29/2026 17:30,82.296,7.777777778,0.1
1/29/2026 17:45,82.296,7.777777778,0.1
1/29/2026 18:00,82.296,7.777777778,0.1
1/29/2026 18:15,82.296,7.777777778,0.1
1/29/2026 18:30,82.296,7.777777778,0.1
1/29/2026 18:45,82.296,7.777777778,0.1
1/29/2026 19:00,82.296,7.777777778,0.1
1/29/2026 19:15,82.296,7.777777778,0.1
1/29/2026 19:30,82.296,7.777777778,0.1
1/29/2026 19:45,82.296,7.777777778,0.1
1/29/2026 20:00,82.296,7.777777778,0.1
1/29/2026 20:15,82.296,7.777777778,0.1
1/29/2026 20:30,82.296,7.777777778,0.1
1/29/2026 20:45,82.296,7.777777778,0.1
1/29/2026 21:00,82.296,7.777777778,0.1
1/29/2026 21:15,82.296,7.777777778,0.1
1/29/2026 21:30,82.296,7.777777778,0.1
1/29/2026 21:45,82.296,7.777777778,0.1
1/29/2026 22:00,82.296,7.777777778,0.1
1/29/2026 22:15,82.296,7.777777778,0.1
1/29/2026 22:30,82.296,7.777777778,0.1
1/29/2026 22:45,82.296,7.777777778,0.1
1/29/2026 23:00,82.296,7.777777778,0.1
1/29/2026 23:15,82.296,7.777777778,0.1
1/29/2026 23:30,82.296,7.777777778,0.1
1/29/2026 23:45,82.296,7.777777778,0.1
1/30/2026 0:00,82.296,7.777777778,0.1
1/30/2026 0:15,82.296,7.777777778,0.1
1/30/2026 0:30,82.296,7.777777778,0.1
1/30/2026 0:45,82.296,7.777777778,0.1
1/30/2026 1:00,82.296,7.777777778,0.1
1/30/2026 1:15,82.296,7.777777778,0.1
1/30/2026 1:30,82.296,7.777777778,0.1
1/30/2026 1:45,82.296,7.777777778,0.1
1/30/2026 2:00,82.296,7.777777778,0.1
1/30/2026 2:15,82.296,7.777777778,0.1
1/30/2026 2:30,82.296,7.222222222,0.1
1/30/2026 2:45,82.296,7.222222222,0.1
1/30/2026 3:00,82.296,7.222222222,0.1
1/30/2026 3:15,82.296,7.222222222,0.1
1/30/2026 3:30,82.296,7.222222222,0.1
1/30/2026 3:45,82.296,7.222222222,0.1
1/30/2026 4:00,82.296,7.222222222,0.1
1/30/2026 4:15,82.296,7.222222222,0.1
1/30/2026 4:30,82.296,7.222222222,0.1
1/30/2026 4:45,82.296,7.222222222,0.1
1/30/2026 5:00,82.296,7.222222222,0.1
1/30/2026 5:15,82.296,7.222222222,0.1
1/30/2026 5:30,82.296,7.222222222,0.1
1/30/2026 5:45,82.296,7.222222222,0.1
1/30/2026 6:00,82.296,7.222222222,0.1
1/30/2026 6:15,82.296,7.222222222,0.1
1/30/2026 6:30,82.296,7.222222222,0.1
1/30/2026 6:45,82.296,7.222222222,0.1
1/30/2026 7:00,82.296,7.222222222,0.1
1/30/2026 7:15,82.296,7.222222222,0.1
1/30/2026 7:30,82.296,7.222222222,0.1
1/30/2026 7:45,82.296,7.222222222,0.1
1/30/2026 8:00,82.296,7.222222222,0.1
1/30/2026 8:15,82.296,7.222222222,0.1
1/30/2026 8:30,82.296,7.222222222,0.1
1/30/2026 8:45,82.296,7.222222222,0.1
1/30/2026 9:00,82.296,7.222222222,0.1
1/30/2026 9:15,82.296,7.222222222,0.1
1/30/2026 9:30,82.296,7.222222222,0.1
1/30/2026 9:45,82.296,7.222222222,0.1
1/30/2026 10:00,82.296,7.222222222,0.1
1/30/2026 10:15,82.296,7.222222222,0.1
1/30/2026 10:30,82.296,7.222222222,0.1
1/30/2026 10:45,82.296,7.777777778,0.1
1/30/2026 11:00,82.296,7.777777778,0.1
1/30/2026 11:15,82.296,7.777777778,0.1
1/30/2026 11:30,82.296,7.777777778,0.1
1/30/2026 11:45,82.296,7.777777778,0.1
1/30/2026 12:00,82.296,7.777777778,0.1
1/30/2026 12:15,82.296,7.777777778,0.1
1/30/2026 12:30,82.296,7.777777778,0.1
1/30/2026 12:45,82.296,7.777777778,0.1
1/30/2026 13:00,82.296,7.777777778,0.1
1/30/2026 13:15,82.296,7.777777778,0.1
1/30/2026 13:30,82.296,7.777777778,0.1
1/30/2026 13:45,82.296,7.777777778,0.1
1/30/2026 14:00,82.296,7.777777778,0.1
1/30/2026 14:15,82.296,7.777777778,0.1
1/30/2026 14:30,82.296,7.777777778,0.1
1/30/2026 14:45,82.296,7.777777778,0.1
1/30/2026 15:00,82.296,7.777777778,0.1
1/30/2026 15:15,82.296,7.777777778,0.1
1/30/2026 15:30,82.296,7.777777778,0.1
1/30/2026 15:45,82.296,7.777777778,0.1
1/30/2026 16:00,82.296,7.777777778,0.1
1/30/2026 16:15,82.296,7.777777778,0.1
1/30/2026 16:30,82.296,7.777777778,0.1
1/30/2026 16:45,82.296,7.777777778,0.1
1/30/2026 17:00,82.296,7.777777778,0.1
1/30/2026 17:15,82.296,7.777777778,0.1
1/30/2026 17:30,82.296,7.777777778,0.1
1/30/2026 17:45,82.296,7.777777778,0.1
1/30/2026 18:00,82.296,7.777777778,0.1
1/30/2026 18:15,82.296,7.777777778,0.1
1/30/2026 18:30,82.296,7.777777778,0.1
1/30/2026 18:45,82.296,7.777777778,0.1
1/30/2026 19:00,82.296,7.777777778,0.1
1/30/2026 19:15,82.296,7.777777778,0.1
1/30/2026 19:30,82.296,7.777777778,0.1
1/30/2026 19:45,82.296,7.777777778,0.1
1/30/2026 20:00,82.296,7.777777778,0.1
1/30/2026 20:15,82.296,7.777777778,0.1
1/30/2026 20:30,82.296,7.777777778,0.1
1/30/2026 20:45,82.296,7.777777778,0.1
1/30/2026 21:00,82.296,7.777777778,0.1
1/30/2026 21:15,82.296,7.777777778,0.1
1/30/2026 21:30,82.296,7.777777778,0.1
1/30/2026 21:45,82.296,7.777777778,0.1
1/30/2026 22:00,82.296,7.777777778,0.1
1/30/2026 22:15,82.296,7.777777778,0.1
1/30/2026 22:30,82.296,7.777777778,0.1
1/30/2026 22:45,82.296,7.777777778,0.1
1/30/2026 23:00,82.296,7.777777778,0.1
1/30/2026 23:15,82.296,7.777777778,0.1
1/30/2026 23:30,82.296,7.777777778,0.1
1/30/2026 23:45,82.296,7.777777778,0.1
1/31/2026 0:00,82.296,7.777777778,0.1
1/31/2026 0:15,82.296,7.777777778,0.1
1/31/2026 0:30,82.296,7.777777778,0.1
1/31/2026 0:45,82.296,7.777777778,0.1
1/31/2026 1:00,82.296,7.777777778,0.1
1/31/2026 1:15,82.296,7.777777778,0.1
1/31/2026 1:30,82.296,7.777777778,0.1
1/31/2026 1:45,82.296,7.222222222,0.1
1/31/2026 2:00,82.296,7.222222222,0.1
1/31/2026 2:15,82.296,7.222222222,0.1
1/31/2026 2:30,82.296,7.222222222,0.1
1/31/2026 2:45,82.296,7.222222222,0.1
1/31/2026 3:00,82.296,7.222222222,0.1
1/31/2026 3:15,82.296,7.222222222,0.1
1/31/2026 3:30,82.296,7.222222222,0.1
1/31/2026 3:45,82.296,7.222222222,0.1
1/31/2026 4:00,82.296,7.222222222,0.1
1/31/2026 4:15,82.296,7.222222222,0.1
1/31/2026 4:30,82.296,7.222222222,0.1
1/31/2026 4:45,82.296,7.222222222,0.1
1/31/2026 5:00,82.296,7.222222222,0.1
1/31/2026 5:15,82.296,7.222222222,0.1
1/31/2026 5:30,82.296,7.222222222,0.1
1/31/2026 5:45,82.296,7.222222222,0.1
1/31/2026 6:00,82.296,7.222222222,0.1
1/31/2026 6:15,82.296,7.222222222,0.1
1/31/2026 6:30,82.296,7.222222222,0.1
1/31/2026 6:45,82.296,7.222222222,0.1
1/31/2026 7:00,82.296,7.222222222,0.1
1/31/2026 7:15,82.296,7.222222222,0.1
1/31/2026 7:30,82.296,7.222222222,0.1
1/31/2026 7:45,82.296,7.222222222,0.1
1/31/2026 8:00,82.296,7.222222222,0.1
1/31/2026 8:15,82.296,7.222222222,0.1
1/31/2026 8:30,82.296,7.222222222,0.1
1/31/2026 8:45,82.296,7.222222222,0.1
1/31/2026 9:00,82.296,7.222222222,0.1
1/31/2026 9:15,82.296,7.222222222,0.1
1/31/2026 9:30,82.296,7.222222222,0.1
1/31/2026 9:45,82.296,7.222222222,0.1
1/31/2026 10:00,82.296,7.222222222,0.1
1/31/2026 10:15,82.296,7.222222222,0.1
1/31/2026 10:30,82.296,7.222222222,0.1
1/31/2026 10:45,82.296,7.222222222,0.1
1/31/2026 11:00,82.296,7.222222222,0.1
1/31/2026 11:15,82.296,7.222222222,0.1
1/31/2026 11:30,82.296,7.222222222,0.1
1/31/2026 11:45,82.296,7.222222222,0.1
1/31/2026 12:00,82.296,7.222222222,0.1
1/31/2026 12:15,82.296,7.222222222,0.1
1/31/2026 12:30,82.296,7.222222222,0.1
1/31/2026 12:45,82.296,7.222222222,0.1
1/31/2026 13:00,82.296,7.222222222,0.1
1/31/2026 13:15,82.296,7.222222222,0.1
1/31/2026 13:30,82.296,7.222222222,0.1
1/31/2026 13:45,82.296,7.222222222,0.1
1/31/2026 14:00,82.296,7.222222222,0.1
1/31/2026 14:15,82.296,7.222222222,0.1
1/31/2026 14:30,82.296,7.222222222,0.1
1/31/2026 14:45,82.296,7.222222222,0.1
1/31/2026 15:00,82.296,7.222222222,0.1
1/31/2026 15:15,82.296,7.222222222,0.1
1/31/2026 15:30,82.296,7.222222222,0.1
1/31/2026 15:45,82.296,7.222222222,0.1
1/31/2026 16:00,82.296,7.222222222,0.1
1/31/2026 16:15,82.296,7.222222222,0.1
1/31/2026 16:30,82.296,7.222222222,0.1
1/31/2026 16:45,82.296,7.222222222,0.1
1/31/2026 17:00,82.296,7.222222222,0.1
1/31/2026 17:15,82.296,6.666666667,0.1
1/31/2026 17:30,82.296,6.666666667,0.1
1/31/2026 17:45,82.296,6.666666667,0.1
1/31/2026 18:00,82.296,6.666666667,0.1
1/31/2026 18:15,82.296,6.666666667,0.1
1/31/2026 18:30,82.296,6.666666667,0.1
1/31/2026 18:45,82.296,6.666666667,0.1
1/31/2026 19:00,82.296,6.666666667,0.1
1/31/2026 19:15,82.296,6.666666667,0.1
1/31/2026 19:30,82.296,6.666666667,0.1
1/31/2026 19:45,82.296,6.666666667,0.1
1/31/2026 20:00,82.296,6.666666667,0.1
1/31/2026 20:15,82.296,6.666666667,0.1
1/31/2026 20:30,82.296,6.666666667,0.1
1/31/2026 20:45,82.296,6.666666667,0.1
1/31/2026 21:00,82.296,6.666666667,0.1
1/31/2026 21:15,82.296,6.666666667,0.1
1/31/2026 21:30,82.296,6.666666667,0.1
1/31/2026 21:45,82.296,6.666666667,0.1
1/31/2026 22:00,82.296,6.666666667,0.1
1/31/2026 22:15,82.296,6.111111111,0.1
1/31/2026 22:30,82.296,6.111111111,0.1
1/31/2026 22:45,82.296,6.111111111,0.1
1/31/2026 23:00,82.296,6.111111111,0.1
1/31/2026 23:15,82.296,6.111111111,0.1
1/31/2026 23:30,82.296,6.111111111,0.1
1/31/2026 23:45,82.296,6.111111111,0.1
2/1/2026 0:00,82.296,5.555555556,0.1
2/1/2026 0:15,82.296,5.555555556,0.1
2/1/2026 0:30,82.296,5.555555556,0.1
2/1/2026 0:45,82.296,5.555555556,0.1
2/1/2026 1:00,82.296,5.555555556,0.1
2/1/2026 1:15,82.296,5.555555556,0.1
2/1/2026 1:30,82.296,5.555555556,0.1
2/1/2026 1:45,82.296,5.555555556,0.1
2/1/2026 2:00,82.296,5.555555556,0.1
2/1/2026 2:15,82.296,5.555555556,0.1
2/1/2026 2:30,82.296,5.555555556,0.1
2/1/2026 2:45,82.296,5.555555556,0.1
2/1/2026 3:00,82.296,5.555555556,0.1
2/1/2026 3:15,82.296,5.555555556,0.1
2/1/2026 3:30,82.296,5.555555556,0.1
2/1/2026 3:45,82.296,5.555555556,0.1
2/1/2026 4:00,82.296,5.555555556,0.1
2/1/2026 4:15,82.296,5.555555556,0.1
2/1/2026 4:30,82.296,5.555555556,0.1
2/1/2026 4:45,82.296,5.555555556,0.1
2/1/2026 5:00,82.296,5,0.1
2/1/2026 5:15,82.296,5,0.1
2/1/2026 5:30,82.296,5,0.1
2/1/2026 5:45,82.296,5,0.1
2/1/2026 6:00,82.296,5,0.1
2/1/2026 6:15,82.296,5,0.1
2/1/2026 6:30,82.296,5,0.1
2/1/2026 6:45,82.296,5,0.1
2/1/2026 7:00,82.296,5,0.1
2/1/2026 7:15,82.296,5,0.1
2/1/2026 7:30,82.296,5,0.1
2/1/2026 7:45,82.296,5,0.1
2/1/2026 8:00,82.296,5,0.1
2/1/2026 8:15,82.296,5,0.1
2/1/2026 8:30,82.296,5,0.1
2/1/2026 8:45,82.296,5,0.1
2/1/2026 9:00,82.296,5,0.1
2/1/2026 9:15,82.296,5,0.1
2/1/2026 9:30,82.296,5,0.1
2/1/2026 9:45,82.296,5,0.1
2/1/2026 10:00,82.296,5,0.1
2/1/2026 10:15,82.296,5,0.1
2/1/2026 10:30,82.296,5,0.1
2/1/2026 10:45,82.296,5.555555556,0.1
2/1/2026 11:00,82.296,5.555555556,0.1
2/1/2026 11:15,82.296,5.555555556,0.1
2/1/2026 11:30,82.296,5.555555556,0.1
2/1/2026 11:45,82.296,5.555555556,0.1
2/1/2026 12:00,82.296,5.555555556,0.1
2/1/2026 12:15,82.296,5.555555556,0.1
2/1/2026 12:30,82.296,5.555555556,0.1
2/1/2026 12:45,82.296,5.555555556,0.1
2/1/2026 13:00,82.296,5.555555556,0.1
2/1/2026 13:15,82.296,5.555555556,0.1
2/1/2026 13:30,82.296,5.555555556,0.1
2/1/2026 13:45,82.296,5.555555556,0.1
2/1/2026 14:00,82.296,5.555555556,0.1
2/1/2026 14:15,82.296,5.555555556,0.1
2/1/2026 14:30,82.296,5.555555556,0.1
2/1/2026 14:45,82.296,5.555555556,0.1
2/1/2026 15:00,82.296,5.555555556,0.1
2/1/2026 15:15,82.296,5.555555556,0.1
2/1/2026 15:30,82.296,5.555555556,0.1
2/1/2026 15:45,82.296,5.555555556,0.1
2/1/2026 16:00,82.296,5.555555556,0.1
2/1/2026 16:15,85.344,5.555555556,0.1
2/1/2026 16:30,82.296,5.555555556,0.1
2/1/2026 16:45,82.296,5.555555556,0.1
2/1/2026 17:00,85.344,5.555555556,0.1
2/1/2026 17:15,85.344,5.555555556,0.1
2/1/2026 17:30,85.344,5.555555556,0.1
2/1/2026 17:45,85.344,5.555555556,0.1
2/1/2026 18:00,85.344,5.555555556,0.1
2/1/2026 18:15,85.344,5.555555556,0.1
2/1/2026 18:30,85.344,5.555555556,0.1
2/1/2026 18:45,85.344,5.555555556,0.1
2/1/2026 19:00,85.344,5.555555556,0.1
2/1/2026 19:15,85.344,5.555555556,0.1
2/1/2026 19:30,82.296,5.555555556,0.1
2/1/2026 19:45,85.344,5.555555556,0.1
2/1/2026 20:00,82.296,5.555555556,0.1
2/1/2026 20:15,85.344,5.555555556,0.1
2/1/2026 20:30,85.344,5.555555556,0.1
2/1/2026 20:45,85.344,5.555555556,0.1
2/1/2026 21:00,85.344,5.555555556,0.1
2/1/2026 21:15,85.344,5.555555556,0.1
2/1/2026 21:30,85.344,5.555555556,0.1
2/1/2026 21:45,85.344,5.555555556,0.1
2/1/2026 22:00,85.344,5.555555556,0.1
2/1/2026 22:15,85.344,5.555555556,0.1
2/1/2026 22:30,85.344,5.555555556,0.1
2/1/2026 22:45,85.344,5.555555556,0.1
2/1/2026 23:00,85.344,5,0.1
2/1/2026 23:15,82.296,5,0.1
2/1/2026 23:30,85.344,5,0.1
2/1/2026 23:45,85.344,5,0.1
2/2/2026 0:00,82.296,5,0.1
2/2/2026 0:15,82.296,5,0.1
2/2/2026 0:30,82.296,5,0.1
2/2/2026 0:45,82.296,5,0.1
2/2/2026 1:00,82.296,5,0.1
2/2/2026 1:15,82.296,5,0.1
2/2/2026 1:30,85.344,5,0.1
2/2/2026 1:45,85.344,5,0.1
2/2/2026 2:00,82.296,5,0.1
2/2/2026 2:15,82.296,5,0.1
2/2/2026 2:30,82.296,5,0.1
2/2/2026 2:45,85.344,5,0.1
2/2/2026 3:00,82.296,5,0.1
2/2/2026 3:15,82.296,5,0.1
2/2/2026 3:30,82.296,5,0.1
2/2/2026 3:45,85.344,5,0.1
2/2/2026 4:00,82.296,5,0.1
2/2/2026 4:15,82.296,5,0.1
2/2/2026 4:30,82.296,5,0.1
2/2/2026 4:45,82.296,5,0.1
2/2/2026 5:00,82.296,5,0.1
2/2/2026 5:15,82.296,5,0.1
2/2/2026 5:30,82.296,5,0.1
2/2/2026 5:45,82.296,5,0.1
2/2/2026 6:00,82.296,5,0.1
2/2/2026 6:15,82.296,5,0.1
2/2/2026 6:30,82.296,5,0.1
2/2/2026 6:45,82.296,5,0.1
2/2/2026 7:00,82.296,5,0.1
2/2/2026 7:15,82.296,5,0.1
2/2/2026 7:30,82.296,5,0.1
2/2/2026 7:45,82.296,5,0.1
2/2/2026 8:00,82.296,5,0.1
2/2/2026 8:15,82.296,5,0.1
2/2/2026 8:30,82.296,5,0.1
2/2/2026 8:45,82.296,5,0.1
2/2/2026 9:00,85.344,5,0.1
2/2/2026 9:15,82.296,5,0.1
2/2/2026 9:30,82.296,5,0.1
2/2/2026 9:45,85.344,5,0.1
2/2/2026 10:00,82.296,5.555555556,0.1
2/2/2026 10:15,85.344,5.555555556,0.1
2/2/2026 10:30,82.296,5.555555556,0.1
2/2/2026 10:45,82.296,5.555555556,0.1
2/2/2026 11:00,82.296,5.555555556,0.1
2/2/2026 11:15,82.296,5.555555556,0.1
2/2/2026 11:30,85.344,5.555555556,0.1
2/2/2026 11:45,85.344,5.555555556,0.1
2/2/2026 12:00,82.296,5.555555556,0.1
2/2/2026 12:15,82.296,5.555555556,0.1
2/2/2026 12:30,85.344,5.555555556,0.1
2/2/2026 12:45,85.344,5.555555556,0.1
2/2/2026 13:00,85.344,5.555555556,0.1
2/2/2026 13:15,85.344,5.555555556,0.1
2/2/2026 13:30,85.344,5.555555556,0.1
2/2/2026 13:45,85.344,5.555555556,0.1
2/2/2026 14:00,85.344,5.555555556,0.1
2/2/2026 14:15,85.344,5.555555556,0.1
2/2/2026 14:30,85.344,5.555555556,0.1
2/2/2026 14:45,85.344,5.555555556,0.1
2/2/2026 15:00,85.344,5.555555556,0.1
2/2/2026 15:15,85.344,5.555555556,0.1
2/2/2026 15:30,85.344,5.555555556,0.1
2/2/2026 15:45,85.344,5.555555556,0.1
2/2/2026 16:00,85.344,5.555555556,0.1
2/2/2026 16:15,85.344,5.555555556,0.1
2/2/2026 16:30,85.344,5.555555556,0.1
2/2/2026 16:45,85.344,5.555555556,0.1
2/2/2026 17:00,85.344,5.555555556,0.1
2/2/2026 17:15,85.344,5.555555556,0.1
2/2/2026 17:30,85.344,5.555555556,0.1
2/2/2026 17:45,85.344,5.555555556,0.1
2/2/2026 18:00,85.344,5.555555556,0.1
2/2/2026 18:15,85.344,5.555555556,0.1
2/2/2026 18:30,85.344,5.555555556,0.1
2/2/2026 18:45,85.344,5.555555556,0.1
2/2/2026 19:00,85.344,5.555555556,0.1
2/2/2026 19:15,85.344,5.555555556,0.1
2/2/2026 19:30,85.344,5.555555556,0.1
2/2/2026 19:45,85.344,5.555555556,0.1
2/2/2026 20:00,85.344,5.555555556,0.1
2/2/2026 20:15,85.344,5.555555556,0.1
2/2/2026 20:30,85.344,5.555555556,0.1
2/2/2026 20:45,85.344,5.555555556,0.1
2/2/2026 21:00,85.344,5.555555556,0.1
2/2/2026 21:15,85.344,5.555555556,0.1
2/2/2026 21:30,85.344,5.555555556,0.1
2/2/2026 21:45,85.344,5.555555556,0.1
2/2/2026 22:00,85.344,5.555555556,0.1
2/2/2026 22:15,85.344,5.555555556,0.1
2/2/2026 22:30,85.344,5.555555556,0.1
2/2/2026 22:45,85.344,5.555555556,0.1
2/2/2026 23:00,85.344,5.555555556,0.1
2/2/2026 23:15,85.344,5.555555556,0.1
2/2/2026 23:30,85.344,5.555555556,0.1
2/2/2026 23:45,85.344,5.555555556,0.1
2/3/2026 0:00,85.344,5.555555556,0.1
2/3/2026 0:15,85.344,5.555555556,0.1
2/3/2026 0:30,85.344,5.555555556,0.1
2/3/2026 0:45,85.344,5.555555556,0.1
2/3/2026 1:00,85.344,5.555555556,0.1
2/3/2026 1:15,85.344,5.555555556,0.1
2/3/2026 1:30,85.344,5.555555556,0.1
2/3/2026 1:45,85.344,5.555555556,0.1
2/3/2026 2:00,85.344,5.555555556,0.1
2/3/2026 2:15,85.344,5.555555556,0.1
2/3/2026 2:30,85.344,5.555555556,0.1
2/3/2026 2:45,85.344,5.555555556,0.1
2/3/2026 3:00,85.344,5.555555556,0.1
2/3/2026 3:15,85.344,5,0.1
2/3/2026 3:30,85.344,5.555555556,0.1
2/3/2026 3:45,85.344,5.555555556,0.1
2/3/2026 4:00,85.344,5.555555556,0.1
2/3/2026 4:15,85.344,5,0.1
2/3/2026 4:30,85.344,5,0.1
2/3/2026 4:45,85.344,5,0.1
2/3/2026 5:00,85.344,5,0.1
2/3/2026 5:15,85.344,5,0.1
2/3/2026 5:30,85.344,5,0.1
2/3/2026 5:45,85.344,5,0.1
2/3/2026 6:00,85.344,5,0.1
2/3/2026 6:15,85.344,5,0.1
2/3/2026 6:30,85.344,5,0.1
2/3/2026 6:45,85.344,5,0.1
2/3/2026 7:00,85.344,5,0.1
2/3/2026 7:15,85.344,5,0.1
2/3/2026 7:30,85.344,5,0.1
2/3/2026 7:45,85.344,5,0.1
2/3/2026 8:00,85.344,5,0.1
2/3/2026 8:15,85.344,5,0.1
2/3/2026 8:30,85.344,5,0.1
2/3/2026 8:45,85.344,5,0.1
2/3/2026 9:00,85.344,5,0.1
2/3/2026 9:15,85.344,5,0.1
2/3/2026 9:30,85.344,5,0.1
2/3/2026 9:45,85.344,5.555555556,0.1
2/3/2026 10:00,85.344,5.555555556,0.1
2/3/2026 10:15,85.344,5.555555556,0.1
2/3/2026 10:30,85.344,5.555555556,0.1
2/3/2026 10:45,85.344,5.555555556,0.1
2/3/2026 11:00,85.344,5.555555556,0.1
2/3/2026 11:15,85.344,5.555555556,0.1
2/3/2026 11:30,85.344,5.555555556,0.1
2/3/2026 11:45,85.344,5.555555556,0.1
2/3/2026 12:00,85.344,5.555555556,0.1
2/3/2026 12:15,85.344,5.555555556,0.1
2/3/2026 12:30,85.344,5.555555556,0.1
2/3/2026 12:45,85.344,5.555555556,0.1
2/3/2026 13:00,85.344,5.555555556,0.1
2/3/2026 13:15,85.344,5.555555556,0.1
2/3/2026 13:30,85.344,5.555555556,0.1
2/3/2026 13:45,85.344,6.111111111,0.1
2/3/2026 14:00,85.344,6.666666667,0.1
2/3/2026 14:15,85.344,6.666666667,0.1
2/3/2026 14:30,85.344,6.666666667,0.1
2/3/2026 14:45,85.344,6.666666667,0.1
2/3/2026 15:00,85.344,6.666666667,0.1
2/3/2026 15:15,85.344,6.666666667,0.1
2/3/2026 15:30,85.344,6.666666667,0.1
2/3/2026 15:45,85.344,6.666666667,0.1
2/3/2026 16:00,85.344,6.666666667,0.1
2/3/2026 16:15,85.344,6.666666667,0.1
2/3/2026 16:30,85.344,6.666666667,0.1
2/3/2026 16:45,85.344,6.666666667,0.1
2/3/2026 17:00,85.344,6.111111111,0.1
2/3/2026 17:15,85.344,6.111111111,0.1
2/3/2026 17:30,85.344,6.111111111,0.1
2/3/2026 17:45,85.344,6.111111111,0.1
2/3/2026 18:00,85.344,6.111111111,0.1
2/3/2026 18:15,85.344,6.111111111,0.1
2/3/2026 18:30,85.344,6.111111111,0.1
2/3/2026 18:45,85.344,6.111111111,0.1
2/3/2026 19:00,85.344,6.111111111,0.1
2/3/2026 19:15,85.344,6.111111111,0.1
2/3/2026 19:30,85.344,6.111111111,0.1
2/3/2026 19:45,85.344,6.111111111,0.1
2/3/2026 20:00,85.344,6.111111111,0.1
2/3/2026 20:15,85.344,6.111111111,0.1
2/3/2026 20:30,85.344,6.111111111,0.1
2/3/2026 20:45,85.344,6.111111111,0.1
2/3/2026 21:00,85.344,6.111111111,0.1
2/3/2026 21:15,85.344,6.111111111,0.1
2/3/2026 21:30,85.344,6.111111111,0.1
2/3/2026 21:45,85.344,6.111111111,0.1
2/3/2026 22:00,85.344,6.111111111,0.1
2/3/2026 22:15,85.344,6.111111111,0.1
2/3/2026 22:30,85.344,6.111111111,0.1
2/3/2026 22:45,85.344,6.111111111,0.1
2/3/2026 23:00,85.344,6.111111111,0.1
2/3/2026 23:15,85.344,6.111111111,0.1
2/3/2026 23:30,85.344,6.111111111,0.1
2/3/2026 23:45,85.344,6.111111111,0.1
2/4/2026 0:00,85.344,6.111111111,0.1
2/4/2026 0:15,85.344,6.111111111,0.1
2/4/2026 0:30,85.344,6.111111111,0.1
2/4/2026 0:45,85.344,6.111111111,0.1
2/4/2026 1:00,85.344,6.111111111,0.1
2/4/2026 1:15,85.344,6.111111111,0.1
2/4/2026 1:30,85.344,6.111111111,0.1
2/4/2026 1:45,85.344,6.111111111,0.1
2/4/2026 2:00,85.344,6.111111111,0.1
2/4/2026 2:15,85.344,6.111111111,0.1
2/4/2026 2:30,85.344,6.111111111,0.1
2/4/2026 2:45,85.344,6.111111111,0.1
2/4/2026 3:00,85.344,6.111111111,0.1
2/4/2026 3:15,85.344,6.111111111,0.1
2/4/2026 3:30,85.344,6.111111111,0.1
2/4/2026 3:45,85.344,6.111111111,0.1
2/4/2026 4:00,85.344,6.111111111,0.1
2/4/2026 4:15,85.344,6.111111111,0.1
2/4/2026 4:30,85.344,6.111111111,0.1
2/4/2026 4:45,85.344,6.111111111,0.1
2/4/2026 5:00,85.344,6.111111111,0.1
2/4/2026 5:15,85.344,6.111111111,0.1
2/4/2026 5:30,85.344,6.111111111,0.1
2/4/2026 5:45,85.344,6.111111111,0.1
2/4/2026 6:00,85.344,6.111111111,0.1
2/4/2026 6:15,85.344,6.111111111,0.1
2/4/2026 6:30,85.344,6.111111111,0.1
2/4/2026 6:45,85.344,6.111111111,0.1
2/4/2026 7:00,85.344,6.111111111,0.1
2/4/2026 7:15,85.344,6.111111111,0.1
2/4/2026 7:30,85.344,6.111111111,0.1
2/4/2026 7:45,85.344,6.111111111,0.1
2/4/2026 8:00,85.344,6.111111111,0.1
2/4/2026 8:15,85.344,6.111111111,0.1
2/4/2026 8:30,85.344,6.111111111,0.1
2/4/2026 8:45,85.344,6.111111111,0.1
2/4/2026 9:00,85.344,6.111111111,0.1
2/4/2026 9:15,85.344,6.111111111,0.1
2/4/2026 9:30,85.344,6.111111111,0.1
2/4/2026 9:45,85.344,6.111111111,0.1
2/4/2026 10:00,85.344,6.111111111,0.1
2/4/2026 10:15,85.344,6.111111111,0.1
2/4/2026 10:30,85.344,6.111111111,0.1
2/4/2026 10:45,85.344,6.111111111,0.1
2/4/2026 11:00,85.344,6.111111111,0.1
2/4/2026 11:15,85.344,6.111111111,0.1
2/4/2026 11:30,85.344,6.111111111,0.1
2/4/2026 11:45,85.344,6.111111111,0.1
2/4/2026 12:00,85.344,6.111111111,0.1
2/4/2026 12:15,85.344,6.111111111,0.1
2/4/2026 12:30,85.344,6.111111111,0.1
2/4/2026 12:45,85.344,6.666666667,0.1
2/4/2026 13:00,85.344,6.111111111,0.1
2/4/2026 13:15,85.344,6.111111111,0.1
2/4/2026 13:30,85.344,6.111111111,0.1
2/4/2026 13:45,85.344,6.666666667,0.1
2/4/2026 14:00,85.344,6.666666667,0.1
2/4/2026 14:15,85.344,6.666666667,0.1
2/4/2026 14:30,85.344,6.666666667,0.1
2/4/2026 14:45,85.344,6.666666667,0.1
2/4/2026 15:00,85.344,6.111111111,0.1
2/4/2026 15:15,85.344,6.111111111,0.1
2/4/2026 15:30,85.344,6.111111111,0.1
2/4/2026 15:45,85.344,6.111111111,0.1
2/4/2026 16:00,85.344,6.666666667,0.1
2/4/2026 16:15,85.344,6.666666667,0.1
2/4/2026 16:30,85.344,6.666666667,0.1
2/4/2026 16:45,85.344,6.666666667,0.1
2/4/2026 17:00,85.344,6.666666667,0.1
2/4/2026 17:15,85.344,6.666666667,0.1
2/4/2026 17:30,85.344,6.666666667,0.1
2/4/2026 17:45,85.344,6.111111111,0.1
2/4/2026 18:00,85.344,6.111111111,0.1
2/4/2026 18:15,85.344,6.111111111,0.1
2/4/2026 18:30,88.392,6.111111111,0.1
2/4/2026 18:45,88.392,6.666666667,0.1
2/4/2026 19:00,88.392,6.666666667,0.1
2/4/2026 19:15,88.392,6.666666667,0.1
2/4/2026 19:30,88.392,6.666666667,0.1
2/4/2026 19:45,88.392,6.666666667,0.1
2/4/2026 20:00,88.392,6.666666667,0.1
2/4/2026 20:15,88.392,6.666666667,0.1
2/4/2026 20:30,88.392,6.666666667,0.1
2/4/2026 20:45,88.392,6.666666667,0.1
2/4/2026 21:00,88.392,6.666666667,0.1
2/4/2026 21:15,88.392,6.666666667,0.1
2/4/2026 21:30,88.392,6.666666667,0.1
2/4/2026 21:45,88.392,6.111111111,0.1
2/4/2026 22:00,88.392,6.111111111,0.1
2/4/2026 22:15,88.392,6.666666667,0.1
2/4/2026 22:30,88.392,6.666666667,0.1
2/4/2026 22:45,88.392,6.666666667,0.1
2/4/2026 23:00,88.392,6.666666667,0.1
2/4/2026 23:15,88.392,6.666666667,0.1
2/4/2026 23:30,88.392,6.666666667,0.1
2/4/2026 23:45,88.392,6.666666667,0.1
2/5/2026 0:00,88.392,6.666666667,0.1
2/5/2026 0:15,88.392,6.666666667,0.1
2/5/2026 0:30,88.392,6.666666667,0.1
2/5/2026 0:45,88.392,6.666666667,0.1
2/5/2026 1:00,88.392,6.666666667,0.1
2/5/2026 1:15,88.392,6.666666667,0.1
2/5/2026 1:30,88.392,6.666666667,0.1
2/5/2026 1:45,88.392,6.666666667,0.1
2/5/2026 2:00,88.392,6.666666667,0.1
2/5/2026 2:15,88.392,6.666666667,0.1
2/5/2026 2:30,91.44,6.666666667,0.1
2/5/2026 2:45,91.44,6.666666667,0.1
2/5/2026 3:00,91.44,6.111111111,0.1
2/5/2026 3:15,91.44,6.111111111,0.1
2/5/2026 3:30,91.44,6.111111111,0.1
2/5/2026 3:45,91.44,6.111111111,0.1
2/5/2026 4:00,91.44,6.666666667,0.1
2/5/2026 4:15,91.44,6.666666667,0.1
2/5/2026 4:30,91.44,6.666666667,0.1
2/5/2026 4:45,91.44,6.666666667,0.1
2/5/2026 5:00,91.44,6.666666667,0.1
2/5/2026 5:15,91.44,6.666666667,0.1
2/5/2026 5:30,91.44,6.666666667,0.1
2/5/2026 5:45,91.44,6.666666667,0.1
2/5/2026 6:00,91.44,6.666666667,0.1
2/5/2026 6:15,91.44,6.666666667,0.1
2/5/2026 6:30,91.44,6.666666667,0.1
2/5/2026 6:45,91.44,6.666666667,0.1
2/5/2026 7:00,91.44,6.666666667,0.1
2/5/2026 7:15,91.44,6.666666667,0.1
2/5/2026 7:30,91.44,6.666666667,0.1
2/5/2026 7:45,91.44,6.666666667,0.1
2/5/2026 8:00,91.44,6.666666667,0.1
2/5/2026 8:15,91.44,6.666666667,0.1
2/5/2026 8:30,91.44,6.666666667,0.1
2/5/2026 8:45,91.44,6.666666667,0.1
2/5/2026 9:00,91.44,6.666666667,0.1
2/5/2026 9:15,91.44,6.666666667,0.1
2/5/2026 9:30,91.44,6.666666667,0.1
2/5/2026 9:45,91.44,6.666666667,0.1
2/5/2026 10:00,91.44,6.666666667,0.1
2/5/2026 10:15,91.44,6.666666667,0.1
2/5/2026 10:30,91.44,6.666666667,0.1
2/5/2026 10:45,91.44,6.666666667,0.1
2/5/2026 11:00,91.44,6.666666667,0.1
2/5/2026 11:15,91.44,6.666666667,0.1
2/5/2026 11:30,91.44,6.666666667,0.1
2/5/2026 11:45,#VALUE!,#VALUE!,--
2/5/2026 12:00,#VALUE!,#VALUE!,--
2/5/2026 12:15,#VALUE!,#VALUE!,--
2/5/2026 12:30,#VALUE!,#VALUE!,--
2/5/2026 12:45,#VALUE!,#VALUE!,--
2/5/2026 13:00,#VALUE!,#VALUE!,--
2/5/2026 13:15,#VALUE!,#VALUE!,--
2/5/2026 13:30,#VALUE!,#VALUE!,--
2/5/2026 13:45,#VALUE!,#VALUE!,--
2/5/2026 14:00,#VALUE!,#VALUE!,--
2/5/2026 14:15,#VALUE!,#VALUE!,--
2/5/2026 14:30,#VALUE!,#VALUE!,--
2/5/2026 14:45,#VALUE!,#VALUE!,--
2/5/2026 15:00,#VALUE!,#VALUE!,--
2/5/2026 15:15,#VALUE!,#VALUE!,--
2/5/2026 15:30,#VALUE!,#VALUE!,--
2/5/2026 15:45,76.2,7.777777778,0.1
2/5/2026 16:00,76.2,7.777777778,0.1
2/5/2026 16:15,76.2,7.777777778,0.1
2/5/2026 16:30,76.2,7.777777778,0.1
2/5/2026 16:45,76.2,7.777777778,0.1
2/5/2026 17:00,76.2,7.777777778,0.1
2/5/2026 17:15,76.2,7.777777778,0.1
2/5/2026 17:30,76.2,7.777777778,0.1
2/5/2026 17:45,76.2,7.777777778,0.1
2/5/2026 18:00,76.2,7.777777778,0.1
2/5/2026 18:15,76.2,7.777777778,0.1
2/5/2026 18:30,76.2,7.777777778,0.1
2/5/2026 18:45,76.2,7.777777778,0.1
2/5/2026 19:00,76.2,7.777777778,0.1
2/5/2026 19:15,76.2,7.777777778,0.1
2/5/2026 19:30,76.2,7.777777778,0.1
2/5/2026 19:45,76.2,7.777777778,0.1
2/5/2026 20:00,76.2,7.777777778,0.1
2/5/2026 20:15,76.2,7.777777778,0.1
2/5/2026 20:30,76.2,7.777777778,0.1
2/5/2026 20:45,76.2,7.777777778,0.1
2/5/2026 21:00,76.2,7.777777778,0.1
2/5/2026 21:15,76.2,7.777777778,0.1
2/5/2026 21:30,76.2,7.777777778,0.1
2/5/2026 21:45,76.2,7.777777778,0.1
2/5/2026 22:00,76.2,7.777777778,0.1
2/5/2026 22:15,76.2,7.777777778,0.1
2/5/2026 22:30,76.2,7.777777778,0.1
2/5/2026 22:45,76.2,7.777777778,0.1
2/5/2026 23:00,76.2,7.777777778,0.1
2/5/2026 23:15,76.2,7.777777778,0.1
2/5/2026 23:30,76.2,7.777777778,0.1
2/5/2026 23:45,76.2,7.777777778,0.1
2/6/2026 0:00,76.2,7.777777778,0.1
2/6/2026 0:15,76.2,7.777777778,0.1
2/6/2026 0:30,76.2,7.777777778,0.1
2/6/2026 0:45,76.2,7.777777778,0.1
2/6/2026 1:00,76.2,7.777777778,0.1
2/6/2026 1:15,76.2,7.777777778,0.1
2/6/2026 1:30,76.2,7.777777778,0.1
2/6/2026 1:45,76.2,7.777777778,0.1
2/6/2026 2:00,76.2,7.777777778,0.1
2/6/2026 2:15,76.2,7.777777778,0.1
2/6/2026 2:30,76.2,7.777777778,0.1
2/6/2026 2:45,76.2,7.777777778,0.1
2/6/2026 3:00,76.2,7.777777778,0.1
2/6/2026 3:15,76.2,7.777777778,0.1
2/6/2026 3:30,76.2,7.777777778,0.1
2/6/2026 3:45,76.2,7.777777778,0.1
2/6/2026 4:00,76.2,7.777777778,0.1
2/6/2026 4:15,76.2,7.777777778,0.1
2/6/2026 4:30,76.2,7.777777778,0.1
2/6/2026 4:45,76.2,7.777777778,0.1
2/6/2026 5:00,76.2,7.777777778,0.1
2/6/2026 5:15,76.2,7.777777778,0.1
2/6/2026 5:30,76.2,7.222222222,0.1
2/6/2026 5:45,76.2,7.222222222,0.1
2/6/2026 6:00,76.2,7.222222222,0.1
2/6/2026 6:15,76.2,7.222222222,0.1
2/6/2026 6:30,76.2,7.222222222,0.1
2/6/2026 6:45,76.2,7.222222222,0.1
2/6/2026 7:00,76.2,7.222222222,0.1
2/6/2026 7:15,76.2,7.222222222,0.1
2/6/2026 7:30,76.2,7.222222222,0.1
2/6/2026 7:45,76.2,7.222222222,0.1
2/6/2026 8:00,76.2,7.222222222,0.1
2/6/2026 8:15,76.2,7.222222222,0.1
2/6/2026 8:30,76.2,7.222222222,0.1
2/6/2026 8:45,76.2,7.222222222,0.1
2/6/2026 9:00,76.2,7.222222222,0.1
2/6/2026 9:15,76.2,7.222222222,0.1
2/6/2026 9:30,76.2,7.222222222,0.1
2/6/2026 9:45,76.2,7.222222222,0.1
2/6/2026 10:00,76.2,7.222222222,0.1
2/6/2026 10:15,76.2,7.222222222,0.1
2/6/2026 10:30,76.2,7.222222222,0.1
2/6/2026 10:45,76.2,7.222222222,0.1
2/6/2026 11:00,76.2,7.222222222,0.1
2/6/2026 11:15,76.2,7.222222222,0.1
2/6/2026 11:30,76.2,7.222222222,0.1
2/6/2026 11:45,76.2,7.777777778,0.1
2/6/2026 12:00,76.2,7.777777778,0.1
2/6/2026 12:15,76.2,7.777777778,0.1
2/6/2026 12:30,76.2,7.777777778,0.1
2/6/2026 12:45,76.2,7.777777778,0.1
2/6/2026 13:00,76.2,7.777777778,0.1
2/6/2026 13:15,76.2,7.777777778,0.1
2/6/2026 13:30,76.2,7.777777778,0.1
2/6/2026 13:45,76.2,7.777777778,0.1
2/6/2026 14:00,76.2,7.777777778,0.1
2/6/2026 14:15,76.2,7.777777778,0.1
2/6/2026 14:30,76.2,7.777777778,0.1
2/6/2026 14:45,76.2,7.777777778,0.1
2/6/2026 15:00,76.2,7.777777778,0.1
2/6/2026 15:15,76.2,7.777777778,0.1
2/6/2026 15:30,76.2,7.777777778,0.1
2/6/2026 15:45,76.2,7.777777778,0.1
2/6/2026 16:00,76.2,7.777777778,0.1
2/6/2026 16:15,76.2,7.777777778,0.1
2/6/2026 16:30,76.2,7.777777778,0.1
2/6/2026 16:45,76.2,7.777777778,0.1
2/6/2026 17:00,76.2,7.777777778,0.1
2/6/2026 17:15,76.2,7.777777778,0.1
2/6/2026 17:30,76.2,7.777777778,0.1
2/6/2026 17:45,76.2,7.777777778,0.1
2/6/2026 18:00,76.2,7.777777778,0.1
2/6/2026 18:15,76.2,7.777777778,0.1
2/6/2026 18:30,76.2,7.777777778,0.1
2/6/2026 18:45,76.2,7.777777778,0.1
2/6/2026 19:00,76.2,7.777777778,0.1
2/6/2026 19:15,76.2,7.777777778,0.1
2/6/2026 19:30,76.2,7.777777778,0.1
2/6/2026 19:45,76.2,7.777777778,0.1
2/6/2026 20:00,76.2,7.777777778,0.1
2/6/2026 20:15,76.2,7.777777778,0.1
2/6/2026 20:30,76.2,7.777777778,0.1
2/6/2026 20:45,76.2,7.777777778,0.1
2/6/2026 21:00,76.2,7.777777778,0.1
2/6/2026 21:15,76.2,7.777777778,0.1
2/6/2026 21:30,76.2,7.777777778,0.1
2/6/2026 21:45,76.2,7.777777778,0.1
2/6/2026 22:00,76.2,7.777777778,0.1
2/6/2026 22:15,76.2,7.777777778,0.1
2/6/2026 22:30,76.2,7.777777778,0.1
2/6/2026 22:45,76.2,7.777777778,0.1
2/6/2026 23:00,76.2,7.777777778,0.1
2/6/2026 23:15,76.2,7.777777778,0.1
2/6/2026 23:30,76.2,7.777777778,0.1
2/6/2026 23:45,76.2,7.777777778,0.1
2/7/2026 0:00,76.2,7.777777778,0.1
2/7/2026 0:15,76.2,7.777777778,0.1
2/7/2026 0:30,76.2,7.777777778,0.1
2/7/2026 0:45,76.2,7.777777778,0.1
2/7/2026 1:00,76.2,7.777777778,0.1
2/7/2026 1:15,76.2,7.777777778,0.1
2/7/2026 1:30,76.2,7.777777778,0.1
2/7/2026 1:45,76.2,7.777777778,0.1
2/7/2026 2:00,76.2,7.777777778,0.1
2/7/2026 2:15,76.2,7.777777778,0.1
2/7/2026 2:30,76.2,7.777777778,0.1
2/7/2026 2:45,76.2,7.777777778,0.1
2/7/2026 3:00,76.2,7.777777778,0.1
2/7/2026 3:15,76.2,7.777777778,0.1
2/7/2026 3:30,76.2,7.777777778,0.1
2/7/2026 3:45,76.2,7.777777778,0.1
2/7/2026 4:00,76.2,7.777777778,0.1
2/7/2026 4:15,76.2,7.777777778,0.1
2/7/2026 4:30,76.2,7.777777778,0.1
2/7/2026 4:45,76.2,7.777777778,0.1
2/7/2026 5:00,76.2,7.777777778,0.1
2/7/2026 5:15,76.2,7.777777778,0.1
2/7/2026 5:30,76.2,7.777777778,0.1
2/7/2026 5:45,76.2,7.777777778,0.1
2/7/2026 6:00,76.2,7.777777778,0.1
2/7/2026 6:15,76.2,7.777777778,0.1
2/7/2026 6:30,76.2,7.777777778,0.1
2/7/2026 6:45,76.2,7.777777778,0.1
2/7/2026 7:00,76.2,7.777777778,0.1
2/7/2026 7:15,76.2,7.777777778,0.1
2/7/2026 7:30,76.2,7.777777778,0.1
2/7/2026 7:45,76.2,7.777777778,0.1
2/7/2026 8:00,76.2,7.777777778,0.1
2/7/2026 8:15,76.2,7.777777778,0.1
2/7/2026 8:30,76.2,7.777777778,0.1
2/7/2026 8:45,76.2,7.777777778,0.1
2/7/2026 9:00,76.2,7.777777778,0.1
2/7/2026 9:15,76.2,7.777777778,0.1
2/7/2026 9:30,76.2,7.777777778,0.1
2/7/2026 9:45,76.2,7.777777778,0.1
2/7/2026 10:00,76.2,7.777777778,0.1
2/7/2026 10:15,76.2,7.777777778,0.1
2/7/2026 10:30,76.2,7.777777778,0.1
2/7/2026 10:45,76.2,7.777777778,0.1
2/7/2026 11:00,76.2,7.777777778,0.1
2/7/2026 11:15,76.2,7.777777778,0.1
2/7/2026 11:30,76.2,7.777777778,0.1
2/7/2026 11:45,76.2,7.777777778,0.1
2/7/2026 12:00,76.2,7.777777778,0.1
2/7/2026 12:15,76.2,7.777777778,0.1
2/7/2026 12:30,76.2,8.333333333,0.1
2/7/2026 12:45,76.2,8.333333333,0.1
2/7/2026 13:00,76.2,8.333333333,0.1
2/7/2026 13:15,76.2,8.333333333,0.1
2/7/2026 13:30,76.2,8.333333333,0.1
2/7/2026 13:45,76.2,8.333333333,0.1
2/7/2026 14:00,76.2,8.333333333,0.1
2/7/2026 14:15,76.2,8.333333333,0.1
2/7/2026 14:30,76.2,8.333333333,0.1
2/7/2026 14:45,76.2,8.333333333,0.1
2/7/2026 15:00,76.2,8.333333333,0.1
2/7/2026 15:15,76.2,8.333333333,0.1
2/7/2026 15:30,76.2,8.333333333,0.1
2/7/2026 15:45,76.2,8.333333333,0.1
2/7/2026 16:00,76.2,8.333333333,0.1
2/7/2026 16:15,76.2,8.333333333,0.1
2/7/2026 16:30,76.2,8.333333333,0.1
2/7/2026 16:45,76.2,8.333333333,0.1
2/7/2026 17:00,76.2,8.333333333,0.1
2/7/2026 17:15,76.2,8.333333333,0.1
2/7/2026 17:30,76.2,8.333333333,0.1
2/7/2026 17:45,76.2,8.333333333,0.1
2/7/2026 18:00,76.2,8.333333333,0.1
2/7/2026 18:15,76.2,8.333333333,0.1
2/7/2026 18:30,76.2,8.333333333,0.1
2/7/2026 18:45,76.2,8.333333333,0.1
2/7/2026 19:00,76.2,8.333333333,0.1
2/7/2026 19:15,76.2,8.333333333,0.1
2/7/2026 19:30,76.2,8.333333333,0.1
2/7/2026 19:45,76.2,8.333333333,0.1
2/7/2026 20:00,76.2,8.333333333,0.1
2/7/2026 20:15,76.2,8.333333333,0.1
2/7/2026 20:30,76.2,8.333333333,0.1
2/7/2026 20:45,76.2,8.333333333,0.1
2/7/2026 21:00,76.2,8.333333333,0.1
2/7/2026 21:15,76.2,8.333333333,0.1
2/7/2026 21:30,76.2,8.333333333,0.1
2/7/2026 21:45,76.2,8.333333333,0.1
2/7/2026 22:00,76.2,8.333333333,0.1
2/7/2026 22:15,76.2,8.333333333,0.1
2/7/2026 22:30,76.2,8.333333333,0.1
2/7/2026 22:45,76.2,8.333333333,0.1
2/7/2026 23:00,76.2,8.333333333,0.1
2/7/2026 23:15,76.2,8.333333333,0.1
2/7/2026 23:30,76.2,8.333333333,0.1
2/7/2026 23:45,76.2,8.333333333,0.1
2/8/2026 0:00,76.2,8.333333333,0.1
2/8/2026 0:15,76.2,8.333333333,0.1
2/8/2026 0:30,76.2,8.333333333,0.1
2/8/2026 0:45,76.2,8.333333333,0.1
2/8/2026 1:00,76.2,8.333333333,0.1
2/8/2026 1:15,76.2,8.333333333,0.1
2/8/2026 1:30,76.2,8.333333333,0.1
2/8/2026 1:45,76.2,8.333333333,0.1
2/8/2026 2:00,76.2,8.333333333,0.1
2/8/2026 2:15,76.2,8.333333333,0.1
2/8/2026 2:30,76.2,8.333333333,0.1
2/8/2026 2:45,76.2,7.777777778,0.1
2/8/2026 3:00,76.2,7.777777778,0.1
2/8/2026 3:15,76.2,7.777777778,0.1
2/8/2026 3:30,76.2,7.777777778,0.1
2/8/2026 3:45,76.2,7.777777778,0.1
2/8/2026 4:00,76.2,7.777777778,0.1
2/8/2026 4:15,76.2,7.777777778,0.1
2/8/2026 4:30,76.2,7.777777778,0.1
2/8/2026 4:45,76.2,7.777777778,0.1
2/8/2026 5:00,76.2,7.777777778,0.1
2/8/2026 5:15,76.2,7.777777778,0.1
2/8/2026 5:30,76.2,7.777777778,0.1
2/8/2026 5:45,76.2,7.777777778,0.1
2/8/2026 6:00,76.2,7.777777778,0.1
2/8/2026 6:15,76.2,7.777777778,0.1
2/8/2026 6:30,76.2,7.777777778,0.1
2/8/2026 6:45,76.2,7.777777778,0.1
2/8/2026 7:00,76.2,7.777777778,0.1
2/8/2026 7:15,76.2,7.777777778,0.1
2/8/2026 7:30,76.2,7.777777778,0.1
2/8/2026 7:45,76.2,7.777777778,0.1
2/8/2026 8:00,76.2,7.777777778,0.1
2/8/2026 8:15,76.2,7.777777778,0.1
2/8/2026 8:30,76.2,7.777777778,0.1
2/8/2026 8:45,76.2,7.777777778,0.1
2/8/2026 9:00,76.2,7.777777778,0.1
2/8/2026 9:15,76.2,7.777777778,0.1
2/8/2026 9:30,76.2,7.777777778,0.1
2/8/2026 9:45,76.2,7.777777778,0.1
2/8/2026 10:00,76.2,7.777777778,0.1
2/8/2026 10:15,76.2,7.777777778,0.1
2/8/2026 10:30,76.2,7.777777778,0.1
2/8/2026 10:45,76.2,7.777777778,0.1
2/8/2026 11:00,76.2,7.777777778,0.1
2/8/2026 11:15,76.2,7.777777778,0.1
2/8/2026 11:30,76.2,7.777777778,0.1
2/8/2026 11:45,76.2,7.777777778,0.1
2/8/2026 12:00,76.2,7.777777778,0.1
2/8/2026 12:15,76.2,7.777777778,0.1
2/8/2026 12:30,76.2,7.777777778,0.1
2/8/2026 12:45,76.2,7.777777778,0.1
2/8/2026 13:00,76.2,7.777777778,0.1
2/8/2026 13:15,76.2,7.777777778,0.1
2/8/2026 13:30,76.2,7.777777778,0.1
2/8/2026 13:45,76.2,7.777777778,0.1
2/8/2026 14:00,76.2,7.777777778,0.1
2/8/2026 14:15,76.2,7.777777778,0.1
2/8/2026 14:30,76.2,7.777777778,0.1
2/8/2026 14:45,76.2,7.777777778,0.1
2/8/2026 15:00,76.2,7.777777778,0.1
2/8/2026 15:15,76.2,8.333333333,0.1
2/8/2026 15:30,76.2,8.333333333,0.1
2/8/2026 15:45,76.2,8.333333333,0.1
2/8/2026 16:00,76.2,8.333333333,0.1
2/8/2026 16:15,76.2,8.333333333,0.1
2/8/2026 16:30,76.2,8.333333333,0.1
2/8/2026 16:45,76.2,8.333333333,0.1
2/8/2026 17:00,76.2,8.333333333,0.1
2/8/2026 17:15,76.2,8.333333333,0.1
2/8/2026 17:30,76.2,8.333333333,0.1
2/8/2026 17:45,76.2,8.333333333,0.1
2/8/2026 18:00,76.2,8.333333333,0.1
2/8/2026 18:15,76.2,8.333333333,0.1
2/8/2026 18:30,76.2,8.333333333,0.1
2/8/2026 18:45,76.2,8.333333333,0.1
2/8/2026 19:00,76.2,8.333333333,0.1
2/8/2026 19:15,76.2,8.333333333,0.1
2/8/2026 19:30,76.2,8.333333333,0.1
2/8/2026 19:45,76.2,8.333333333,0.1
2/8/2026 20:00,76.2,8.333333333,0.1
2/8/2026 20:15,76.2,8.333333333,0.1
2/8/2026 20:30,76.2,8.333333333,0.1
2/8/2026 20:45,76.2,8.333333333,0.1
2/8/2026 21:00,76.2,8.333333333,0.1
2/8/2026 21:15,76.2,8.333333333,0.1
2/8/2026 21:30,76.2,8.333333333,0.1
2/8/2026 21:45,76.2,8.333333333,0.1
2/8/2026 22:00,76.2,8.333333333,0.1
2/8/2026 22:15,76.2,8.333333333,0.1
2/8/2026 22:30,76.2,8.333333333,0.1
2/8/2026 22:45,76.2,8.333333333,0.1
2/8/2026 23:00,76.2,8.333333333,0.1
2/8/2026 23:15,76.2,8.333333333,0.1
2/8/2026 23:30,76.2,8.333333333,0.1
2/8/2026 23:45,76.2,8.333333333,0.1
2/9/2026 0:00,76.2,8.333333333,0.1
2/9/2026 0:15,76.2,8.333333333,0.1
2/9/2026 0:30,76.2,8.333333333,0.1
2/9/2026 0:45,76.2,8.333333333,0.1
2/9/2026 1:00,76.2,8.333333333,0.1
2/9/2026 1:15,76.2,8.333333333,0.1
2/9/2026 1:30,76.2,8.333333333,0.1
2/9/2026 1:45,76.2,8.333333333,0.1
2/9/2026 2:00,76.2,8.333333333,0.1
2/9/2026 2:15,76.2,7.777777778,0.1
2/9/2026 2:30,76.2,7.777777778,0.1
2/9/2026 2:45,76.2,7.777777778,0.1
2/9/2026 3:00,76.2,7.777777778,0.1
2/9/2026 3:15,76.2,7.777777778,0.1
2/9/2026 3:30,76.2,7.777777778,0.1
2/9/2026 3:45,76.2,7.777777778,0.1
2/9/2026 4:00,76.2,7.777777778,0.1
2/9/2026 4:15,76.2,7.777777778,0.1
2/9/2026 4:30,76.2,7.777777778,0.1
2/9/2026 4:45,76.2,7.777777778,0.1
2/9/2026 5:00,76.2,7.777777778,0.1
2/9/2026 5:15,76.2,7.777777778,0.1
2/9/2026 5:30,76.2,7.777777778,0.1
2/9/2026 5:45,76.2,7.777777778,0.1
2/9/2026 6:00,76.2,7.777777778,0.1
2/9/2026 6:15,76.2,7.777777778,0.1
2/9/2026 6:30,76.2,7.777777778,0.1
2/9/2026 6:45,76.2,7.777777778,0.1
2/9/2026 7:00,76.2,7.777777778,0.1
2/9/2026 7:15,76.2,7.777777778,0.1
2/9/2026 7:30,76.2,7.777777778,0.1
2/9/2026 7:45,76.2,7.777777778,0.1
2/9/2026 8:00,76.2,7.777777778,0.1
2/9/2026 8:15,76.2,7.777777778,0.1
2/9/2026 8:30,76.2,7.777777778,0.1
2/9/2026 8:45,76.2,7.777777778,0.1
2/9/2026 9:00,76.2,7.777777778,0.1
2/9/2026 9:15,76.2,7.777777778,0.1
2/9/2026 9:30,76.2,7.777777778,0.1
2/9/2026 9:45,76.2,7.777777778,0.1
2/9/2026 10:00,76.2,7.777777778,0.1
2/9/2026 10:15,76.2,7.777777778,0.1
2/9/2026 10:30,76.2,7.777777778,0.1
2/9/2026 10:45,76.2,7.777777778,0.1
2/9/2026 11:00,76.2,7.777777778,0.1
2/9/2026 11:15,76.2,7.777777778,0.1
2/9/2026 11:30,76.2,7.777777778,0.1
2/9/2026 11:45,76.2,7.777777778,0.1
2/9/2026 12:00,76.2,7.777777778,0.1
2/9/2026 12:15,76.2,7.777777778,0.1
2/9/2026 12:30,76.2,7.777777778,0.1
2/9/2026 12:45,76.2,8.333333333,0.1
2/9/2026 13:00,76.2,8.333333333,0.1
2/9/2026 13:15,76.2,8.333333333,0.1
2/9/2026 13:30,76.2,8.333333333,0.1
2/9/2026 13:45,76.2,8.333333333,0.1
2/9/2026 14:00,76.2,8.333333333,0.1
2/9/2026 14:15,76.2,8.333333333,0.1
2/9/2026 14:30,76.2,8.333333333,0.1
2/9/2026 14:45,76.2,8.333333333,0.1
2/9/2026 15:00,76.2,8.333333333,0.1
2/9/2026 15:15,76.2,8.333333333,0.1
2/9/2026 15:30,76.2,8.333333333,0.1
2/9/2026 15:45,76.2,8.333333333,0.1
2/9/2026 16:00,76.2,8.333333333,0.1
2/9/2026 16:15,76.2,8.333333333,0.1
2/9/2026 16:30,76.2,8.333333333,0.1
2/9/2026 16:45,76.2,8.333333333,0.1
2/9/2026 17:00,76.2,8.888888889,0.1
2/9/2026 17:15,76.2,8.888888889,0.1
2/9/2026 17:30,76.2,8.888888889,0.1
2/9/2026 17:45,76.2,8.888888889,0.1
2/9/2026 18:00,76.2,8.888888889,0.1
2/9/2026 18:15,76.2,8.888888889,0.1
2/9/2026 18:30,76.2,8.888888889,0.1
2/9/2026 18:45,76.2,8.888888889,0.1
2/9/2026 19:00,76.2,8.888888889,0.1
2/9/2026 19:15,76.2,8.333333333,0.1
2/9/2026 19:30,76.2,8.333333333,0.1
2/9/2026 19:45,76.2,8.333333333,0.1
2/9/2026 20:00,76.2,8.333333333,0.1
2/9/2026 20:15,76.2,8.333333333,0.1
2/9/2026 20:30,76.2,8.333333333,0.1
2/9/2026 20:45,76.2,8.333333333,0.1
2/9/2026 21:00,76.2,8.333333333,0.1
2/9/2026 21:15,76.2,8.333333333,0.1
2/9/2026 21:30,76.2,8.333333333,0.1
2/9/2026 21:45,76.2,8.333333333,0.1
2/9/2026 22:00,76.2,8.333333333,0.1
2/9/2026 22:15,76.2,8.333333333,0.1
2/9/2026 22:30,76.2,8.333333333,0.1
2/9/2026 22:45,76.2,8.333333333,0.1
2/9/2026 23:00,76.2,8.333333333,0.1
2/9/2026 23:15,76.2,8.333333333,0.1
2/9/2026 23:30,76.2,8.333333333,0.1
2/9/2026 23:45,76.2,8.333333333,0.1
2/10/2026 0:00,76.2,8.333333333,0.1
2/10/2026 0:15,76.2,8.333333333,0.1
2/10/2026 0:30,76.2,8.333333333,0.1
2/10/2026 0:45,76.2,8.333333333,0.1
2/10/2026 1:00,76.2,8.333333333,0.1
2/10/2026 1:15,76.2,8.333333333,0.1
2/10/2026 1:30,76.2,8.333333333,0.1
2/10/2026 1:45,76.2,8.333333333,0.1
2/10/2026 2:00,76.2,8.333333333,0.1
2/10/2026 2:15,76.2,8.333333333,0.1
2/10/2026 2:30,76.2,8.333333333,0.1
2/10/2026 2:45,76.2,8.333333333,0.1
2/10/2026 3:00,76.2,8.333333333,0.1
2/10/2026 3:15,76.2,8.333333333,0.1
2/10/2026 3:30,76.2,8.333333333,0.1
2/10/2026 3:45,76.2,8.333333333,0.1
2/10/2026 4:00,76.2,8.333333333,0.1
2/10/2026 4:15,76.2,8.333333333,0.1
2/10/2026 4:30,76.2,8.333333333,0.1
2/10/2026 4:45,76.2,8.333333333,0.1
2/10/2026 5:00,76.2,8.333333333,0.1
2/10/2026 5:15,76.2,8.333333333,0.1
2/10/2026 5:30,76.2,8.333333333,0.1
2/10/2026 5:45,76.2,8.333333333,0.1
2/10/2026 6:00,76.2,8.333333333,0.1
2/10/2026 6:15,76.2,8.333333333,0.1
2/10/2026 6:30,76.2,8.333333333,0.1
2/10/2026 6:45,76.2,8.333333333,0.1
2/10/2026 7:00,76.2,8.333333333,0.1
2/10/2026 7:15,76.2,8.333333333,0.1
2/10/2026 7:30,76.2,7.777777778,0.1
2/10/2026 7:45,76.2,7.777777778,0.1
2/10/2026 8:00,76.2,7.777777778,0.1
2/10/2026 8:15,76.2,7.777777778,0.1
2/10/2026 8:30,76.2,7.777777778,0.1
2/10/2026 8:45,76.2,7.777777778,0.1
2/10/2026 9:00,76.2,7.777777778,0.1
2/10/2026 9:15,76.2,7.777777778,0.1
2/10/2026 9:30,76.2,7.777777778,0.1
2/10/2026 9:45,76.2,7.777777778,0.1
2/10/2026 10:00,76.2,7.777777778,0.1
2/10/2026 10:15,76.2,7.777777778,0.1
2/10/2026 10:30,76.2,8.333333333,0.1
2/10/2026 10:45,76.2,8.333333333,0.1
2/10/2026 11:00,76.2,8.333333333,0.1
2/10/2026 11:15,76.2,8.333333333,0.1
2/10/2026 11:30,76.2,8.333333333,0.1
2/10/2026 11:45,76.2,8.333333333,0.1
2/10/2026 12:00,76.2,8.333333333,0.1
2/10/2026 12:15,76.2,8.333333333,0.1
2/10/2026 12:30,76.2,8.333333333,0.1
2/10/2026 12:45,76.2,8.333333333,0.1
2/10/2026 13:00,76.2,8.333333333,0.1
2/10/2026 13:15,76.2,8.333333333,0.1
2/10/2026 13:30,76.2,8.333333333,0.1
2/10/2026 13:45,76.2,8.333333333,0.1
2/10/2026 14:00,76.2,8.333333333,0.1
2/10/2026 14:15,76.2,8.333333333,0.1
2/10/2026 14:30,76.2,8.333333333,0.1
2/10/2026 14:45,76.2,8.333333333,0.1
2/10/2026 15:00,76.2,8.333333333,0.1
2/10/2026 15:15,76.2,8.333333333,0.1
2/10/2026 15:30,76.2,8.333333333,0.1
2/10/2026 15:45,76.2,8.333333333,0.1
2/10/2026 16:00,76.2,8.333333333,0.1
2/10/2026 16:15,76.2,8.333333333,0.1
2/10/2026 16:30,76.2,8.333333333,0.1
2/10/2026 16:45,76.2,8.333333333,0.1
2/10/2026 17:00,76.2,8.333333333,0.1
2/10/2026 17:15,76.2,8.333333333,0.1
2/10/2026 17:30,76.2,8.333333333,0.1
2/10/2026 17:45,76.2,8.333333333,0.1
2/10/2026 18:00,76.2,8.333333333,0.1
2/10/2026 18:15,76.2,8.333333333,0.1
2/10/2026 18:30,76.2,8.333333333,0.1
2/10/2026 18:45,76.2,8.333333333,0.1
2/10/2026 19:00,76.2,8.333333333,0.1
2/10/2026 19:15,76.2,8.333333333,0.1
2/10/2026 19:30,76.2,8.333333333,0.1
2/10/2026 19:45,76.2,8.333333333,0.1
2/10/2026 20:00,76.2,8.333333333,0.1
2/10/2026 20:15,76.2,8.333333333,0.1
2/10/2026 20:30,76.2,8.333333333,0.1
2/10/2026 20:45,76.2,8.333333333,0.1
2/10/2026 21:00,76.2,8.333333333,0.1
2/10/2026 21:15,76.2,8.333333333,0.1
2/10/2026 21:30,76.2,8.333333333,0.1
2/10/2026 21:45,76.2,8.333333333,0.1
2/10/2026 22:00,76.2,8.333333333,0.1
2/10/2026 22:15,76.2,8.333333333,0.1
2/10/2026 22:30,76.2,8.333333333,0.1
2/10/2026 22:45,76.2,8.333333333,0.1
2/10/2026 23:00,76.2,8.333333333,0.1
2/10/2026 23:15,76.2,8.333333333,0.1
2/10/2026 23:30,76.2,8.333333333,0.1
2/10/2026 23:45,76.2,8.333333333,0.1
2/11/2026 0:00,76.2,8.333333333,0.1
2/11/2026 0:15,76.2,8.333333333,0.1
2/11/2026 0:30,76.2,8.333333333,0.1
2/11/2026 0:45,76.2,8.333333333,0.1
2/11/2026 1:00,76.2,8.333333333,0.1
2/11/2026 1:15,76.2,8.333333333,0.1
2/11/2026 1:30,76.2,8.333333333,0.1
2/11/2026 1:45,76.2,8.333333333,0.1
2/11/2026 2:00,76.2,8.333333333,0.1
2/11/2026 2:15,76.2,8.333333333,0.1
2/11/2026 2:30,76.2,8.333333333,0.1
2/11/2026 2:45,76.2,8.333333333,0.1
2/11/2026 3:00,76.2,8.333333333,0.1
2/11/2026 3:15,76.2,8.333333333,0.1
2/11/2026 3:30,76.2,8.333333333,0.1
2/11/2026 3:45,76.2,8.333333333,0.1
2/11/2026 4:00,76.2,8.333333333,0.1
2/11/2026 4:15,76.2,8.333333333,0.1
2/11/2026 4:30,76.2,8.333333333,0.1
2/11/2026 4:45,76.2,8.333333333,0.1
2/11/2026 5:00,76.2,8.333333333,0.1
2/11/2026 5:15,76.2,8.333333333,0.1
2/11/2026 5:30,76.2,8.333333333,0.1
2/11/2026 5:45,76.2,8.333333333,0.1
2/11/2026 6:00,76.2,8.333333333,0.1
2/11/2026 6:15,76.2,8.333333333,0.1
2/11/2026 6:30,76.2,8.333333333,0.1
2/11/2026 6:45,76.2,8.333333333,0.1
2/11/2026 7:00,76.2,8.333333333,0.1
2/11/2026 7:15,76.2,8.333333333,0.1
2/11/2026 7:30,76.2,8.333333333,0.1
2/11/2026 7:45,76.2,8.333333333,0.1
2/11/2026 8:00,76.2,8.333333333,0.1
2/11/2026 8:15,76.2,8.333333333,0.1
2/11/2026 8:30,76.2,8.333333333,0.1
2/11/2026 8:45,76.2,8.333333333,0.1
2/11/2026 9:00,76.2,8.333333333,0.1
2/11/2026 9:15,76.2,8.333333333,0.1
2/11/2026 9:30,76.2,8.333333333,0.1
2/11/2026 9:45,76.2,8.333333333,0.1
2/11/2026 10:00,76.2,8.333333333,0.1
2/11/2026 10:15,76.2,8.333333333,0.1
2/11/2026 10:30,76.2,8.333333333,0.1
2/11/2026 10:45,76.2,8.333333333,0.1
2/11/2026 11:00,76.2,8.333333333,0.1
2/11/2026 11:15,76.2,8.333333333,0.1
2/11/2026 11:30,76.2,8.333333333,0.1
2/11/2026 11:45,76.2,8.333333333,0.1
2/11/2026 12:00,76.2,8.888888889,0.1
2/11/2026 12:15,76.2,8.888888889,0.1
2/11/2026 12:30,76.2,8.888888889,0.1
2/11/2026 12:45,76.2,8.888888889,0.1
2/11/2026 13:00,76.2,8.888888889,0.1
2/11/2026 13:15,76.2,8.888888889,0.1
2/11/2026 13:30,76.2,8.888888889,0.1
2/11/2026 13:45,76.2,8.888888889,0.1
2/11/2026 14:00,76.2,8.888888889,0.1
2/11/2026 14:15,76.2,8.888888889,0.1
2/11/2026 14:30,76.2,8.888888889,0.1
2/11/2026 14:45,76.2,8.888888889,0.1
2/11/2026 15:00,76.2,8.888888889,0.1
2/11/2026 15:15,76.2,8.888888889,0.1
2/11/2026 15:30,76.2,8.888888889,0.1
2/11/2026 15:45,76.2,8.888888889,0.1
2/11/2026 16:00,76.2,8.888888889,0.1
2/11/2026 16:15,76.2,8.888888889,0.1
2/11/2026 16:30,76.2,8.888888889,0.1
2/11/2026 16:45,76.2,8.888888889,0.1
2/11/2026 17:00,76.2,8.888888889,0.1
2/11/2026 17:15,76.2,8.888888889,0.1
2/11/2026 17:30,76.2,8.888888889,0.1
2/11/2026 17:45,76.2,8.888888889,0.1
2/11/2026 18:00,76.2,8.888888889,0.1
2/11/2026 18:15,76.2,8.888888889,0.1
2/11/2026 18:30,76.2,8.888888889,0.1
2/11/2026 18:45,76.2,8.888888889,0.1
2/11/2026 19:00,76.2,8.888888889,0.1
2/11/2026 19:15,76.2,8.888888889,0.1
2/11/2026 19:30,76.2,8.888888889,0.1
2/11/2026 19:45,76.2,8.888888889,0.1
2/11/2026 20:00,76.2,8.888888889,0.1
2/11/2026 20:15,76.2,8.888888889,0.1
2/11/2026 20:30,76.2,8.888888889,0.1
2/11/2026 20:45,76.2,8.888888889,0.1
2/11/2026 21:00,76.2,8.888888889,0.1
2/11/2026 21:15,76.2,8.888888889,0.1
2/11/2026 21:30,76.2,8.888888889,0.1
2/11/2026 21:45,76.2,8.888888889,0.1
2/11/2026 22:00,76.2,8.888888889,0.1
2/11/2026 22:15,76.2,8.888888889,0.1
2/11/2026 22:30,76.2,8.888888889,0.1
2/11/2026 22:45,76.2,8.888888889,0.1
2/11/2026 23:00,76.2,8.888888889,0.1
2/11/2026 23:15,76.2,8.888888889,0.1
2/11/2026 23:30,76.2,8.888888889,0.1
2/11/2026 23:45,76.2,8.888888889,0.1
2/12/2026 0:00,76.2,8.888888889,0.1
2/12/2026 0:15,76.2,8.888888889,0.1
2/12/2026 0:30,76.2,8.888888889,0.1
2/12/2026 0:45,76.2,8.888888889,0.1
2/12/2026 1:00,76.2,8.888888889,0.1
2/12/2026 1:15,76.2,8.888888889,0.1
2/12/2026 1:30,76.2,8.888888889,0.1
2/12/2026 1:45,76.2,8.888888889,0.1
2/12/2026 2:00,76.2,8.888888889,0.1
2/12/2026 2:15,76.2,8.888888889,0.1
2/12/2026 2:30,76.2,8.888888889,0.1
2/12/2026 2:45,76.2,8.888888889,0.1
2/12/2026 3:00,76.2,8.888888889,0.1
2/12/2026 3:15,76.2,8.888888889,0.1
2/12/2026 3:30,76.2,8.888888889,0.1
2/12/2026 3:45,76.2,8.888888889,0.1
2/12/2026 4:00,76.2,8.888888889,0.1
2/12/2026 4:15,76.2,8.888888889,0.1
2/12/2026 4:30,76.2,8.888888889,0.1
2/12/2026 4:45,76.2,8.888888889,0.1
2/12/2026 5:00,76.2,8.888888889,0.1
2/12/2026 5:15,76.2,8.888888889,0.1
2/12/2026 5:30,76.2,8.888888889,0.1
2/12/2026 5:45,76.2,8.888888889,0.1
2/12/2026 6:00,76.2,8.888888889,0.1
2/12/2026 6:15,76.2,8.888888889,0.1
2/12/2026 6:30,76.2,8.888888889,0.1
2/12/2026 6:45,76.2,8.888888889,0.1
2/12/2026 7:00,76.2,8.888888889,0.1
2/12/2026 7:15,76.2,8.888888889,0.1
2/12/2026 7:30,76.2,8.888888889,0.1
2/12/2026 7:45,76.2,8.888888889,0.1
2/12/2026 8:00,76.2,8.888888889,0.1
2/12/2026 8:15,76.2,8.888888889,0.1
2/12/2026 8:30,76.2,8.888888889,0.1
2/12/2026 8:45,76.2,8.888888889,0.1
2/12/2026 9:00,76.2,8.888888889,0.1
2/12/2026 9:15,76.2,8.888888889,0.1
2/12/2026 9:30,76.2,8.888888889,0.1
2/12/2026 9:45,76.2,8.888888889,0.1
2/12/2026 10:00,76.2,8.888888889,0.1
2/12/2026 10:15,76.2,9.444444444,0.1
2/12/2026 10:30,76.2,9.444444444,0.1
2/12/2026 10:45,76.2,9.444444444,0.1
2/12/2026 11:00,76.2,9.444444444,0.1
2/12/2026 11:15,76.2,9.444444444,0.1
2/12/2026 11:30,76.2,9.444444444,0.1
2/12/2026 11:45,76.2,9.444444444,0.1
2/12/2026 12:00,76.2,9.444444444,0.1
2/12/2026 12:15,76.2,9.444444444,0.1
2/12/2026 12:30,76.2,9.444444444,0.1
2/12/2026 12:45,76.2,9.444444444,0.1
2/12/2026 13:00,76.2,9.444444444,0.1
2/12/2026 13:15,76.2,9.444444444,0.1
2/12/2026 13:30,76.2,9.444444444,0.1
2/12/2026 13:45,76.2,9.444444444,0.1
2/12/2026 14:00,76.2,9.444444444,0.1
2/12/2026 14:15,76.2,9.444444444,0.1
2/12/2026 14:30,76.2,9.444444444,0.1
2/12/2026 14:45,76.2,9.444444444,0.1
2/12/2026 15:00,76.2,9.444444444,0.1
2/12/2026 15:15,76.2,9.444444444,0.1
2/12/2026 15:30,76.2,9.444444444,0.1
2/12/2026 15:45,76.2,9.444444444,0.1
2/12/2026 16:00,76.2,10,0.1
2/12/2026 16:15,76.2,10,0.1
2/12/2026 16:30,76.2,9.444444444,0.1
2/12/2026 16:45,76.2,9.444444444,0.1
2/12/2026 17:00,76.2,9.444444444,0.1
2/12/2026 17:15,76.2,9.444444444,0.1
2/12/2026 17:30,76.2,9.444444444,0.1
2/12/2026 17:45,76.2,9.444444444,0.1
2/12/2026 18:00,76.2,9.444444444,0.1
2/12/2026 18:15,76.2,10,0.1
2/12/2026 18:30,76.2,10,0.1
2/12/2026 18:45,76.2,10,0.1
2/12/2026 19:00,76.2,10,0.1
2/12/2026 19:15,76.2,10,0.1
2/12/2026 19:30,76.2,10,0.1
2/12/2026 19:45,76.2,10,0.1
2/12/2026 20:00,76.2,10,0.1
2/12/2026 20:15,76.2,10,0.1
2/12/2026 20:30,76.2,10,0.1
2/12/2026 20:45,76.2,10,0.1
2/12/2026 21:00,76.2,10,0.1
2/12/2026 21:15,76.2,10,0.1
2/12/2026 21:30,76.2,10,0.1
2/12/2026 21:45,76.2,10,0.1
2/12/2026 22:00,76.2,10,0.1
2/12/2026 22:15,76.2,10,0.1
2/12/2026 22:30,76.2,10,0.1
2/12/2026 22:45,76.2,10,0.1
2/12/2026 23:00,76.2,10,0.1
2/12/2026 23:15,76.2,10,0.1
2/12/2026 23:30,76.2,10,0.1
2/12/2026 23:45,76.2,10,0.1
2/13/2026 0:00,76.2,10,0.1
2/13/2026 0:15,76.2,10,0.1
2/13/2026 0:30,76.2,10,0.1
2/13/2026 0:45,76.2,10,0.1
2/13/2026 1:00,76.2,10,0.1
2/13/2026 1:15,76.2,10,0.1
2/13/2026 1:30,76.2,10,0.1
2/13/2026 1:45,76.2,10,0.1
2/13/2026 2:00,76.2,10,0.1
2/13/2026 2:15,76.2,10,0.1
2/13/2026 2:30,76.2,10,0.1
2/13/2026 2:45,76.2,10,0.1
2/13/2026 3:00,76.2,10,0.1
2/13/2026 3:15,76.2,10,0.1
2/13/2026 3:30,76.2,10,0.1
2/13/2026 3:45,76.2,10,0.1
2/13/2026 4:00,76.2,10,0.1
2/13/2026 4:15,76.2,10,0.1
2/13/2026 4:30,76.2,10,0.1
2/13/2026 4:45,76.2,10,0.1
2/13/2026 5:00,76.2,10,0.1
2/13/2026 5:15,76.2,10,0.1
2/13/2026 5:30,76.2,10,0.1
2/13/2026 5:45,76.2,10,0.1
2/13/2026 6:00,76.2,10,0.1
2/13/2026 6:15,76.2,10,0.1
2/13/2026 6:30,76.2,10,0.1
2/13/2026 6:45,76.2,10,0.1
2/13/2026 7:00,76.2,10,0.1
2/13/2026 7:15,76.2,10,0.1
2/13/2026 7:30,76.2,10,0.1
2/13/2026 7:45,76.2,10,0.1
2/13/2026 8:00,73.152,10,0.1
2/13/2026 8:15,73.152,10,0.1
2/13/2026 8:30,73.152,10,0.1
2/13/2026 8:45,76.2,10,0.1
2/13/2026 9:00,76.2,10,0.1
2/13/2026 9:15,73.152,10,0.1
2/13/2026 9:30,73.152,10,0.1
2/13/2026 9:45,73.152,10,0.1
2/13/2026 10:00,76.2,10,0.1
2/13/2026 10:15,76.2,10,0.1
2/13/2026 10:30,76.2,10,0.1
2/13/2026 10:45,76.2,10,0.1
2/13/2026 11:00,76.2,10,0.1
2/13/2026 11:15,76.2,10,0.1
2/13/2026 11:30,76.2,10,0.1
2/13/2026 11:45,76.2,10,0.1
2/13/2026 12:00,76.2,10,0.1
2/13/2026 12:15,76.2,10,0.1
2/13/2026 12:30,76.2,10.55555556,0.1
2/13/2026 12:45,76.2,10.55555556,0.1
2/13/2026 13:00,76.2,10.55555556,0.1
2/13/2026 13:15,76.2,10.55555556,0.1
2/13/2026 13:30,76.2,10.55555556,0.1
2/13/2026 13:45,76.2,10.55555556,0.1
2/13/2026 14:00,76.2,10.55555556,0.1
2/13/2026 14:15,76.2,10.55555556,0.1
2/13/2026 14:30,76.2,10.55555556,0.1
2/13/2026 14:45,73.152,10.55555556,0.1
2/13/2026 15:00,76.2,10.55555556,0.1
2/13/2026 15:15,76.2,10.55555556,0.1
2/13/2026 15:30,76.2,10.55555556,0.1
2/13/2026 15:45,76.2,11.11111111,0.1
2/13/2026 16:00,76.2,11.11111111,0.1
2/13/2026 16:15,76.2,11.11111111,0.1
2/13/2026 16:30,76.2,11.11111111,0.1
2/13/2026 16:45,76.2,11.11111111,0.1
2/13/2026 17:00,76.2,11.11111111,0.1
2/13/2026 17:15,76.2,11.11111111,0.1
2/13/2026 17:30,76.2,11.11111111,0.1
2/13/2026 17:45,73.152,11.11111111,0.1
2/13/2026 18:00,73.152,11.11111111,0.1
2/13/2026 18:15,73.152,11.11111111,0.1
2/13/2026 18:30,73.152,11.11111111,0.1
2/13/2026 18:45,73.152,11.11111111,0.1
2/13/2026 19:00,73.152,10.55555556,0.1
2/13/2026 19:15,73.152,10.55555556,0.1
2/13/2026 19:30,73.152,10.55555556,0.1
2/13/2026 19:45,73.152,10.55555556,0.1
2/13/2026 20:00,73.152,10.55555556,0.1
2/13/2026 20:15,73.152,10.55555556,0.1
2/13/2026 20:30,73.152,10.55555556,0.1
2/13/2026 20:45,73.152,10.55555556,0.1
2/13/2026 21:00,73.152,10.55555556,0.1
2/13/2026 21:15,73.152,10.55555556,0.1
2/13/2026 21:30,73.152,10.55555556,0.1
2/13/2026 21:45,73.152,10.55555556,0.1
2/13/2026 22:00,73.152,10.55555556,0.1
2/13/2026 22:15,73.152,10.55555556,0.1
2/13/2026 22:30,73.152,10.55555556,0.1
2/13/2026 22:45,73.152,10.55555556,0.1
2/13/2026 23:00,73.152,10.55555556,0.1
2/13/2026 23:15,73.152,10.55555556,0.1
2/13/2026 23:30,73.152,10.55555556,0.1
2/13/2026 23:45,73.152,10.55555556,0.1
2/14/2026 0:00,73.152,10.55555556,0.1
2/14/2026 0:15,73.152,10.55555556,0.1
2/14/2026 0:30,73.152,10.55555556,0.1
2/14/2026 0:45,73.152,10.55555556,0.1
2/14/2026 1:00,73.152,10.55555556,0.1
2/14/2026 1:15,73.152,10.55555556,0.1
2/14/2026 1:30,73.152,10.55555556,0.1
2/14/2026 1:45,73.152,10.55555556,0.1
2/14/2026 2:00,73.152,10.55555556,0.1
2/14/2026 2:15,73.152,10.55555556,0.1
2/14/2026 2:30,73.152,10.55555556,0.1
2/14/2026 2:45,73.152,10.55555556,0.1
2/14/2026 3:00,73.152,10.55555556,0.1
2/14/2026 3:15,73.152,10,0.1
2/14/2026 3:30,73.152,10,0.1
2/14/2026 3:45,73.152,10,0.1
2/14/2026 4:00,73.152,10,0.1
2/14/2026 4:15,73.152,10,0.1
2/14/2026 4:30,73.152,10,0.1
2/14/2026 4:45,73.152,10,0.1
2/14/2026 5:00,73.152,10,0.1
2/14/2026 5:15,73.152,10,0.1
2/14/2026 5:30,73.152,10,0.1
2/14/2026 5:45,73.152,10,0.1
2/14/2026 6:00,73.152,10,0.1
2/14/2026 6:15,73.152,10,0.1
2/14/2026 6:30,73.152,10,0.1
2/14/2026 6:45,73.152,10,0.1
2/14/2026 7:00,73.152,10,0.1
2/14/2026 7:15,73.152,10,0.1
2/14/2026 7:30,73.152,9.444444444,0.1
2/14/2026 7:45,73.152,9.444444444,0.1
2/14/2026 8:00,73.152,9.444444444,0.1
2/14/2026 8:15,73.152,9.444444444,0.1
2/14/2026 8:30,73.152,9.444444444,0.1
2/14/2026 8:45,73.152,9.444444444,0.1
2/14/2026 9:00,73.152,9.444444444,0.1
2/14/2026 9:15,73.152,9.444444444,0.1
2/14/2026 9:30,73.152,9.444444444,0.1
2/14/2026 9:45,73.152,9.444444444,0.1
2/14/2026 10:00,73.152,9.444444444,0.1
2/14/2026 10:15,73.152,9.444444444,0.1
2/14/2026 10:30,73.152,9.444444444,0.1
2/14/2026 10:45,73.152,10,0.1
2/14/2026 11:00,73.152,10,0.1
2/14/2026 11:15,73.152,10,0.1
2/14/2026 11:30,73.152,10,0.1
2/14/2026 11:45,73.152,10,0.1
2/14/2026 12:00,73.152,10,0.1
2/14/2026 12:15,73.152,10,0.1
2/14/2026 12:30,73.152,10,0.1
2/14/2026 12:45,73.152,10,0.1
2/14/2026 13:00,73.152,10.55555556,0.1
2/14/2026 13:15,73.152,10.55555556,0.1
2/14/2026 13:30,73.152,10.55555556,0.1
2/14/2026 13:45,73.152,10.55555556,0.1
2/14/2026 14:00,73.152,10.55555556,0.1
2/14/2026 14:15,73.152,10.55555556,0.1
2/14/2026 14:30,73.152,10.55555556,0.1
2/14/2026 14:45,73.152,10.55555556,0.1
2/14/2026 15:00,73.152,10.55555556,0.1
2/14/2026 15:15,73.152,10.55555556,0.1
2/14/2026 15:30,73.152,10.55555556,0.1
2/14/2026 15:45,73.152,10.55555556,0.1
2/14/2026 16:00,73.152,10.55555556,0.1
2/14/2026 16:15,73.152,10.55555556,0.1
2/14/2026 16:30,73.152,10.55555556,0.1
2/14/2026 16:45,73.152,10.55555556,0.1
2/14/2026 17:00,73.152,10.55555556,0.1
2/14/2026 17:15,73.152,10.55555556,0.1
2/14/2026 17:30,73.152,10.55555556,0.1
2/14/2026 17:45,73.152,10.55555556,0.1
2/14/2026 18:00,73.152,10.55555556,0.1
2/14/2026 18:15,73.152,10.55555556,0.1
2/14/2026 18:30,73.152,10.55555556,0.1
2/14/2026 18:45,73.152,10.55555556,0.1
2/14/2026 19:00,73.152,10.55555556,0.1
2/14/2026 19:15,73.152,10.55555556,0.1
2/14/2026 19:30,73.152,10.55555556,0.1
2/14/2026 19:45,73.152,10.55555556,0.1
2/14/2026 20:00,73.152,10.55555556,0.1
2/14/2026 20:15,73.152,10.55555556,0.1
2/14/2026 20:30,73.152,10.55555556,0.1
2/14/2026 20:45,73.152,10.55555556,0.1
2/14/2026 21:00,73.152,10.55555556,0.1
2/14/2026 21:15,73.152,10.55555556,0.1
2/14/2026 21:30,73.152,10.55555556,0.1
2/14/2026 21:45,73.152,10.55555556,0.1
2/14/2026 22:00,73.152,10.55555556,0.1
2/14/2026 22:15,73.152,10.55555556,0.1
2/14/2026 22:30,73.152,10.55555556,0.1
2/14/2026 22:45,73.152,10.55555556,0.1
2/14/2026 23:00,73.152,10.55555556,0.1
2/14/2026 23:15,73.152,10.55555556,0.1
2/14/2026 23:30,73.152,10.55555556,0.1
2/14/2026 23:45,73.152,10.55555556,0.1
2/15/2026 0:00,73.152,10.55555556,0.1
2/15/2026 0:15,73.152,10.55555556,0.1
2/15/2026 0:30,73.152,10.55555556,0.1
2/15/2026 0:45,73.152,10.55555556,0.1
2/15/2026 1:00,73.152,10.55555556,0.1
2/15/2026 1:15,73.152,10.55555556,0.1
2/15/2026 1:30,73.152,10.55555556,0.1
2/15/2026 1:45,73.152,10.55555556,0.1
2/15/2026 2:00,73.152,10.55555556,0.1
2/15/2026 2:15,73.152,10.55555556,0.1
2/15/2026 2:30,73.152,10.55555556,0.1
2/15/2026 2:45,73.152,10.55555556,0.1
2/15/2026 3:00,73.152,10.55555556,0.1
2/15/2026 3:15,73.152,10.55555556,0.1
2/15/2026 3:30,73.152,10.55555556,0.1
2/15/2026 3:45,73.152,10.55555556,0.1
2/15/2026 4:00,73.152,10.55555556,0.1
2/15/2026 4:15,73.152,10.55555556,0.1
2/15/2026 4:30,73.152,10.55555556,0.1
2/15/2026 4:45,73.152,10.55555556,0.1
2/15/2026 5:00,73.152,10.55555556,0.1
2/15/2026 5:15,73.152,10.55555556,0.1
2/15/2026 5:30,73.152,10.55555556,0.1
2/15/2026 5:45,73.152,10.55555556,0.1
2/15/2026 6:00,73.152,10.55555556,0.1
2/15/2026 6:15,73.152,10.55555556,0.1
2/15/2026 6:30,73.152,10.55555556,0.1
2/15/2026 6:45,73.152,10.55555556,0.1
2/15/2026 7:00,73.152,10.55555556,0.1
2/15/2026 7:15,73.152,10.55555556,0.1
2/15/2026 7:30,73.152,10.55555556,0.1
2/15/2026 7:45,73.152,10.55555556,0.1
2/15/2026 8:00,73.152,10.55555556,0.1
2/15/2026 8:15,73.152,10.55555556,0.1
2/15/2026 8:30,73.152,10.55555556,0.1
2/15/2026 8:45,73.152,10.55555556,0.1
2/15/2026 9:00,73.152,10.55555556,0.1
2/15/2026 9:15,73.152,10.55555556,0.1
2/15/2026 9:30,73.152,10.55555556,0.1
2/15/2026 9:45,73.152,10.55555556,0.1
2/15/2026 10:00,73.152,10.55555556,0.1
2/15/2026 10:15,73.152,10.55555556,0.1
2/15/2026 10:30,73.152,10.55555556,0.1
2/15/2026 10:45,73.152,10.55555556,0.1
2/15/2026 11:00,73.152,10.55555556,0.1
2/15/2026 11:15,73.152,10.55555556,0.1
2/15/2026 11:30,73.152,10.55555556,0.1
2/15/2026 11:45,73.152,10.55555556,0.1
2/15/2026 12:00,73.152,10.55555556,0.1
2/15/2026 12:15,73.152,10.55555556,0.1
2/15/2026 12:30,73.152,10.55555556,0.1
2/15/2026 12:45,73.152,10.55555556,0.1
2/15/2026 13:00,73.152,10.55555556,0.1
2/15/2026 13:15,73.152,10.55555556,0.1
2/15/2026 13:30,73.152,10.55555556,0.1
2/15/2026 13:45,73.152,10.55555556,0.1
2/15/2026 14:00,73.152,10.55555556,0.1
2/15/2026 14:15,73.152,10.55555556,0.1
2/15/2026 14:30,73.152,10.55555556,0.1
2/15/2026 14:45,73.152,10.55555556,0.1
2/15/2026 15:00,73.152,10.55555556,0.1
2/15/2026 15:15,73.152,10.55555556,0.1
2/15/2026 15:30,73.152,10.55555556,0.1
2/15/2026 15:45,73.152,10.55555556,0.1
2/15/2026 16:00,73.152,10.55555556,0.1
2/15/2026 16:15,73.152,10.55555556,0.1
2/15/2026 16:30,76.2,10.55555556,0.1
2/15/2026 16:45,76.2,10.55555556,0.1
2/15/2026 17:00,76.2,10.55555556,0.1
2/15/2026 17:15,76.2,10.55555556,0.1
2/15/2026 17:30,76.2,10.55555556,0.1
2/15/2026 17:45,76.2,10.55555556,0.1
2/15/2026 18:00,76.2,10.55555556,0.1
2/15/2026 18:15,76.2,10.55555556,0.1
2/15/2026 18:30,76.2,10.55555556,0.1
2/15/2026 18:45,76.2,10.55555556,0.1
2/15/2026 19:00,76.2,10.55555556,0.1
2/15/2026 19:15,79.248,10.55555556,0.1
2/15/2026 19:30,79.248,10.55555556,0.1
2/15/2026 19:45,79.248,10.55555556,0.1
2/15/2026 20:00,79.248,10.55555556,0.1
2/15/2026 20:15,79.248,10.55555556,0.1
2/15/2026 20:30,79.248,10.55555556,0.1
2/15/2026 20:45,79.248,10.55555556,0.1
2/15/2026 21:00,79.248,10.55555556,0.1
2/15/2026 21:15,79.248,10.55555556,0.1
2/15/2026 21:30,79.248,10.55555556,0.1
2/15/2026 21:45,79.248,10.55555556,0.1
2/15/2026 22:00,79.248,10.55555556,0.1
2/15/2026 22:15,79.248,10.55555556,0.1
2/15/2026 22:30,79.248,10.55555556,0.1
2/15/2026 22:45,79.248,10.55555556,0.1
2/15/2026 23:00,79.248,10.55555556,0.1
2/15/2026 23:15,79.248,10.55555556,0.1
2/15/2026 23:30,79.248,10.55555556,0.1
2/15/2026 23:45,79.248,10.55555556,0.1
2/16/2026 0:00,79.248,10.55555556,0.1
2/16/2026 0:15,79.248,10.55555556,0.1
2/16/2026 0:30,79.248,10.55555556,0.1
2/16/2026 0:45,79.248,10.55555556,0.1
2/16/2026 1:00,79.248,10.55555556,0.1
2/16/2026 1:15,79.248,10.55555556,0.1
2/16/2026 1:30,79.248,10.55555556,0.1
2/16/2026 1:45,79.248,10.55555556,0.1
2/16/2026 2:00,79.248,10.55555556,0.1
2/16/2026 2:15,79.248,10.55555556,0.1
2/16/2026 2:30,79.248,10.55555556,0.1
2/16/2026 2:45,79.248,10.55555556,0.1
2/16/2026 3:00,79.248,10.55555556,0.1
2/16/2026 3:15,79.248,10.55555556,0.1
2/16/2026 3:30,79.248,10.55555556,0.1
2/16/2026 3:45,79.248,10.55555556,0.1
2/16/2026 4:00,79.248,10.55555556,0.1
2/16/2026 4:15,79.248,10.55555556,0.1
2/16/2026 4:30,79.248,10.55555556,0.1
2/16/2026 4:45,79.248,10.55555556,0.1
2/16/2026 5:00,79.248,10.55555556,0.1
2/16/2026 5:15,79.248,10.55555556,0.1
2/16/2026 5:30,79.248,10.55555556,0.1
2/16/2026 5:45,79.248,10.55555556,0.1
2/16/2026 6:00,79.248,10.55555556,0.1
2/16/2026 6:15,79.248,10.55555556,0.1
2/16/2026 6:30,79.248,10.55555556,0.1
2/16/2026 6:45,79.248,10.55555556,0.1
2/16/2026 7:00,79.248,10.55555556,0.1
2/16/2026 7:15,79.248,10.55555556,0.1
2/16/2026 7:30,79.248,10.55555556,0.1
2/16/2026 7:45,79.248,10.55555556,0.1
2/16/2026 8:00,79.248,10.55555556,0.1
2/16/2026 8:15,79.248,10.55555556,0.1
2/16/2026 8:30,79.248,10.55555556,0.1
2/16/2026 8:45,79.248,10.55555556,0.1
2/16/2026 9:00,79.248,10.55555556,0.1
2/16/2026 9:15,79.248,10.55555556,0.1
2/16/2026 9:30,79.248,10.55555556,0.1
2/16/2026 9:45,79.248,10.55555556,0.1
2/16/2026 10:00,79.248,10.55555556,0.1
2/16/2026 10:15,79.248,10.55555556,0.1
2/16/2026 10:30,79.248,10.55555556,0.1
2/16/2026 10:45,79.248,10.55555556,0.1
2/16/2026 11:00,79.248,10.55555556,0.1
2/16/2026 11:15,79.248,10.55555556,0.1
2/16/2026 11:30,79.248,10.55555556,0.1
2/16/2026 11:45,79.248,10.55555556,0.1
2/16/2026 12:00,79.248,10.55555556,0.1
2/16/2026 12:15,79.248,10.55555556,0.1
2/16/2026 12:30,79.248,10.55555556,0.1
2/16/2026 12:45,79.248,10.55555556,0.1
2/16/2026 13:00,79.248,10.55555556,0.1
2/16/2026 13:15,79.248,10.55555556,0.1
2/16/2026 13:30,79.248,11.11111111,0.1
2/16/2026 13:45,79.248,11.11111111,0.1
2/16/2026 14:00,79.248,11.11111111,0.1
2/16/2026 14:15,79.248,11.11111111,0.1
2/16/2026 14:30,79.248,11.11111111,0.1
2/16/2026 14:45,79.248,11.11111111,0.1
2/16/2026 15:00,79.248,11.11111111,0.1
2/16/2026 15:15,79.248,11.11111111,0.1
2/16/2026 15:30,79.248,11.11111111,0.1
2/16/2026 15:45,79.248,11.11111111,0.1
2/16/2026 16:00,79.248,11.11111111,0.1
2/16/2026 16:15,79.248,11.11111111,0.1
2/16/2026 16:30,79.248,11.11111111,0.1
2/16/2026 16:45,79.248,11.11111111,0.1
2/16/2026 17:00,79.248,11.11111111,0.1
2/16/2026 17:15,79.248,11.11111111,0.1
2/16/2026 17:30,79.248,11.11111111,0.1
2/16/2026 17:45,79.248,11.11111111,0.1
2/16/2026 18:00,79.248,11.11111111,0.1
2/16/2026 18:15,79.248,11.11111111,0.1
2/16/2026 18:30,79.248,11.11111111,0.1
2/16/2026 18:45,79.248,11.11111111,0.1
2/16/2026 19:00,79.248,11.11111111,0.1
2/16/2026 19:15,79.248,11.11111111,0.1
2/16/2026 19:30,79.248,11.11111111,0.1
2/16/2026 19:45,79.248,11.11111111,0.1
2/16/2026 20:00,79.248,11.11111111,0.1
2/16/2026 20:15,79.248,11.11111111,0.1
2/16/2026 20:30,79.248,11.11111111,0.1
2/16/2026 20:45,79.248,11.11111111,0.1
2/16/2026 21:00,79.248,11.11111111,0.1
2/16/2026 21:15,79.248,11.11111111,0.1
2/16/2026 21:30,79.248,11.11111111,0.1
2/16/2026 21:45,79.248,11.11111111,0.1
2/16/2026 22:00,79.248,11.11111111,0.1
2/16/2026 22:15,79.248,11.11111111,0.1
2/16/2026 22:30,79.248,11.11111111,0.1
2/16/2026 22:45,79.248,11.11111111,0.1
2/16/2026 23:00,79.248,11.11111111,0.1
2/16/2026 23:15,79.248,11.11111111,0.1
2/16/2026 23:30,79.248,11.11111111,0.1
2/16/2026 23:45,79.248,11.11111111,0.1
2/17/2026 0:00,79.248,11.11111111,0.1
2/17/2026 0:15,79.248,11.11111111,0.1
2/17/2026 0:30,79.248,11.11111111,0.1
2/17/2026 0:45,79.248,11.11111111,0.1
2/17/2026 1:00,79.248,11.11111111,0.1
2/17/2026 1:15,79.248,11.11111111,0.1
2/17/2026 1:30,79.248,11.11111111,0.1
2/17/2026 1:45,79.248,11.11111111,0.1
2/17/2026 2:00,79.248,11.11111111,0.1
2/17/2026 2:15,79.248,11.11111111,0.1
2/17/2026 2:30,79.248,11.11111111,0.1
2/17/2026 2:45,79.248,11.11111111,0.1
2/17/2026 3:00,79.248,11.11111111,0.1
2/17/2026 3:15,79.248,11.11111111,0.1
2/17/2026 3:30,79.248,11.11111111,0.1
2/17/2026 3:45,79.248,11.11111111,0.1
2/17/2026 4:00,#VALUE!,#VALUE!,--
2/17/2026 4:15,79.248,11.11111111,0.1
2/17/2026 4:30,79.248,11.11111111,0.1
2/17/2026 4:45,79.248,11.11111111,0.1
2/17/2026 5:00,79.248,11.11111111,0.1
2/17/2026 5:15,79.248,11.11111111,0.1
2/17/2026 5:30,79.248,11.11111111,0.1
2/17/2026 5:45,79.248,11.11111111,0.1
2/17/2026 6:00,79.248,11.11111111,0.1
2/17/2026 6:15,79.248,11.11111111,0.1
2/17/2026 6:30,79.248,11.11111111,0.1
2/17/2026 6:45,79.248,11.11111111,0.1
2/17/2026 7:00,79.248,11.11111111,0.1
2/17/2026 7:15,79.248,11.11111111,0.1
2/17/2026 7:30,79.248,11.11111111,0.1
2/17/2026 7:45,79.248,11.11111111,0.1
2/17/2026 8:00,79.248,11.11111111,0.1
2/17/2026 8:15,79.248,11.11111111,0.1
2/17/2026 8:30,79.248,11.11111111,0.1
2/17/2026 8:45,79.248,11.11111111,0.1
2/17/2026 9:00,79.248,11.11111111,0.1
2/17/2026 9:15,79.248,11.11111111,0.1
2/17/2026 9:30,79.248,11.11111111,0.1
2/17/2026 9:45,79.248,11.11111111,0.1
2/17/2026 10:00,79.248,11.66666667,0.1
2/17/2026 10:15,79.248,11.66666667,0.1
2/17/2026 10:30,79.248,11.66666667,0.1
2/17/2026 10:45,79.248,11.66666667,0.1
2/17/2026 11:00,79.248,11.66666667,0.1
2/17/2026 11:15,79.248,11.66666667,0.1
2/17/2026 11:30,79.248,11.66666667,0.1
2/17/2026 11:45,79.248,11.66666667,0.1
2/17/2026 12:00,79.248,11.66666667,0.1
2/17/2026 12:15,79.248,11.66666667,0.1
2/17/2026 12:30,79.248,11.66666667,0.1
2/17/2026 12:45,79.248,11.66666667,0.1
2/17/2026 13:00,79.248,11.66666667,0.1
2/17/2026 13:15,79.248,11.66666667,0.1
2/17/2026 13:30,79.248,11.66666667,0.1
2/17/2026 13:45,79.248,11.66666667,0.1
2/17/2026 14:00,79.248,12.22222222,0.1
2/17/2026 14:15,79.248,12.22222222,0.1
2/17/2026 14:30,79.248,12.22222222,0.1
2/17/2026 14:45,79.248,12.22222222,0.1
2/17/2026 15:00,79.248,12.22222222,0.1
2/17/2026 15:15,79.248,12.22222222,0.1
2/17/2026 15:30,79.248,12.22222222,0.1
2/17/2026 15:45,79.248,12.22222222,0.1
2/17/2026 16:00,79.248,12.22222222,0.1
2/17/2026 16:15,79.248,12.22222222,0.1
2/17/2026 16:30,79.248,12.22222222,0.1
2/17/2026 16:45,79.248,12.22222222,0.1
2/17/2026 17:00,79.248,12.22222222,0.1
2/17/2026 17:15,79.248,12.22222222,0.1
2/17/2026 17:30,79.248,12.22222222,0.1
2/17/2026 17:45,79.248,12.22222222,0.1
2/17/2026 18:00,79.248,12.22222222,0.1
2/17/2026 18:15,79.248,12.22222222,0.1
2/17/2026 18:30,79.248,12.22222222,0.1
2/17/2026 18:45,79.248,12.22222222,0.1
2/17/2026 19:00,79.248,12.22222222,0.1
2/17/2026 19:15,79.248,12.22222222,0.1
2/17/2026 19:30,79.248,12.22222222,0.1
2/17/2026 19:45,79.248,12.22222222,0.1
2/17/2026 20:00,79.248,12.22222222,0.1
2/17/2026 20:15,79.248,12.22222222,0.1
2/17/2026 20:30,79.248,12.22222222,0.1
2/17/2026 20:45,79.248,12.22222222,0.1
2/17/2026 21:00,79.248,12.22222222,0.1
2/17/2026 21:15,79.248,12.22222222,0.1
2/17/2026 21:30,79.248,12.22222222,0.1
2/17/2026 21:45,79.248,12.22222222,0.1
2/17/2026 22:00,79.248,12.22222222,0.1
2/17/2026 22:15,79.248,12.22222222,0.1
2/17/2026 22:30,79.248,12.22222222,0.1
2/17/2026 22:45,79.248,12.22222222,0.1
2/17/2026 23:00,79.248,12.22222222,0.1
2/17/2026 23:15,79.248,12.22222222,0.1
2/17/2026 23:30,79.248,12.22222222,0.1
2/17/2026 23:45,79.248,12.22222222,0.1
2/18/2026 0:00,79.248,12.22222222,0.1
2/18/2026 0:15,79.248,12.22222222,0.1
2/18/2026 0:30,79.248,12.22222222,0.1
2/18/2026 0:45,79.248,12.22222222,0.1
2/18/2026 1:00,79.248,12.22222222,0.1
2/18/2026 1:15,79.248,12.22222222,0.1
2/18/2026 1:30,79.248,12.22222222,0.1
2/18/2026 1:45,79.248,12.22222222,0.1
2/18/2026 2:00,79.248,12.22222222,0.1
2/18/2026 2:15,79.248,12.22222222,0.1
2/18/2026 2:30,79.248,12.22222222,0.1
2/18/2026 2:45,79.248,12.22222222,0.1
2/18/2026 3:00,79.248,12.22222222,0.1
2/18/2026 3:15,79.248,12.22222222,0.1
2/18/2026 3:30,79.248,12.22222222,0.1
2/18/2026 3:45,79.248,12.22222222,0.1
2/18/2026 4:00,79.248,12.22222222,0.1
2/18/2026 4:15,79.248,12.22222222,0.1
2/18/2026 4:30,79.248,12.22222222,0.1
2/18/2026 4:45,79.248,12.22222222,0.1
2/18/2026 5:00,79.248,12.22222222,0.1
2/18/2026 5:15,79.248,12.22222222,0.1
2/18/2026 5:30,79.248,12.22222222,0.1
2/18/2026 5:45,79.248,12.22222222,0.1
2/18/2026 6:00,79.248,12.22222222,0.1
2/18/2026 6:15,79.248,12.22222222,0.1
2/18/2026 6:30,79.248,12.22222222,0.1
2/18/2026 6:45,79.248,12.22222222,0.1
2/18/2026 7:00,79.248,12.22222222,0.1
2/18/2026 7:15,79.248,12.22222222,0.1
2/18/2026 7:30,79.248,12.22222222,0.1
2/18/2026 7:45,79.248,12.22222222,0.1
2/18/2026 8:00,79.248,12.22222222,0.1
2/18/2026 8:15,79.248,12.22222222,0.1
2/18/2026 8:30,79.248,12.22222222,0.1
2/18/2026 8:45,79.248,12.22222222,0.1
2/18/2026 9:00,79.248,12.22222222,0.1
2/18/2026 9:15,79.248,12.22222222,0.1
2/18/2026 9:30,79.248,12.22222222,0.1
2/18/2026 9:45,79.248,12.22222222,0.1
2/18/2026 10:00,79.248,12.22222222,0.1
2/18/2026 10:15,79.248,12.22222222,0.1
2/18/2026 10:30,79.248,12.22222222,0.1
2/18/2026 10:45,79.248,12.22222222,0.1
2/18/2026 11:00,79.248,12.22222222,0.1
2/18/2026 11:15,79.248,12.22222222,0.1
2/18/2026 11:30,79.248,12.22222222,0.1
2/18/2026 11:45,79.248,12.22222222,0.1
2/18/2026 12:00,79.248,12.22222222,0.1
2/18/2026 12:15,79.248,12.22222222,0.1
2/18/2026 12:30,79.248,12.22222222,0.1
2/18/2026 12:45,79.248,12.22222222,0.1
2/18/2026 13:00,79.248,12.22222222,0.1
2/18/2026 13:15,79.248,12.22222222,0.1
2/18/2026 13:30,79.248,12.22222222,0.1
2/18/2026 13:45,79.248,12.22222222,0.1
2/18/2026 14:00,79.248,12.77777778,0.1
2/18/2026 14:15,79.248,12.77777778,0.1
2/18/2026 14:30,79.248,12.77777778,0.1
2/18/2026 14:45,79.248,12.77777778,0.1
2/18/2026 15:00,79.248,12.77777778,0.1
2/18/2026 15:15,79.248,12.77777778,0.1
2/18/2026 15:30,79.248,12.77777778,0.1
2/18/2026 15:45,79.248,12.77777778,0.1
2/18/2026 16:00,79.248,12.77777778,0.1
2/18/2026 16:15,79.248,12.77777778,0.1
2/18/2026 16:30,79.248,12.77777778,0.1
2/18/2026 16:45,79.248,12.77777778,0.1
2/18/2026 17:00,79.248,12.77777778,0.1
2/18/2026 17:15,79.248,12.77777778,0.1
2/18/2026 17:30,79.248,12.77777778,0.1
2/18/2026 17:45,79.248,12.77777778,0.1
2/18/2026 18:00,79.248,12.77777778,0.1
2/18/2026 18:15,79.248,12.77777778,0.1
2/18/2026 18:30,79.248,12.77777778,0.1
2/18/2026 18:45,79.248,12.77777778,0.1
2/18/2026 19:00,79.248,12.77777778,0.1
2/18/2026 19:15,79.248,12.77777778,0.1
2/18/2026 19:30,79.248,12.77777778,0.1
2/18/2026 19:45,79.248,12.77777778,0.1
2/18/2026 20:00,79.248,12.77777778,0.1
2/18/2026 20:15,79.248,12.77777778,0.1
2/18/2026 20:30,79.248,12.77777778,0.1
2/18/2026 20:45,79.248,12.77777778,0.1
2/18/2026 21:00,79.248,12.77777778,0.1
2/18/2026 21:15,79.248,12.77777778,0.1
2/18/2026 21:30,79.248,12.77777778,0.1
2/18/2026 21:45,79.248,12.77777778,0.1
2/18/2026 22:00,79.248,12.77777778,0.1
2/18/2026 22:15,79.248,12.77777778,0.1
2/18/2026 22:30,79.248,12.77777778,0.1
2/18/2026 22:45,79.248,12.77777778,0.1
2/18/2026 23:00,79.248,12.77777778,0.1
2/18/2026 23:15,79.248,12.77777778,0.1
2/18/2026 23:30,79.248,12.77777778,0.1
2/18/2026 23:45,79.248,12.77777778,0.1
2/19/2026 0:00,79.248,12.77777778,0.1
2/19/2026 0:15,79.248,12.77777778,0.1
2/19/2026 0:30,79.248,12.77777778,0.1
2/19/2026 0:45,79.248,12.77777778,0.1
2/19/2026 1:00,79.248,12.77777778,0.1
2/19/2026 1:15,79.248,12.77777778,0.1
2/19/2026 1:30,79.248,12.77777778,0.1
2/19/2026 1:45,79.248,12.77777778,0.1
2/19/2026 2:00,79.248,12.77777778,0.1
2/19/2026 2:15,79.248,12.77777778,0.1
2/19/2026 2:30,79.248,12.77777778,0.1
2/19/2026 2:45,79.248,12.77777778,0.1
2/19/2026 3:00,79.248,12.77777778,0.1
2/19/2026 3:15,79.248,12.77777778,0.1
2/19/2026 3:30,79.248,12.77777778,0.1
2/19/2026 3:45,79.248,12.77777778,0.1
2/19/2026 4:00,79.248,12.77777778,0.1
2/19/2026 4:15,79.248,12.77777778,0.1
2/19/2026 4:30,79.248,12.77777778,0.1
2/19/2026 4:45,79.248,12.77777778,0.1
2/19/2026 5:00,79.248,12.77777778,0.1
2/19/2026 5:15,79.248,12.77777778,0.1
2/19/2026 5:30,79.248,12.77777778,0.1
2/19/2026 5:45,79.248,12.77777778,0.1
2/19/2026 6:00,79.248,12.77777778,0.1
2/19/2026 6:15,79.248,12.77777778,0.1
2/19/2026 6:30,79.248,12.77777778,0.1
2/19/2026 6:45,79.248,12.77777778,0.1
2/19/2026 7:00,79.248,12.77777778,0.1
2/19/2026 7:15,79.248,12.77777778,0.1
2/19/2026 7:30,79.248,12.77777778,0.1
2/19/2026 7:45,79.248,12.77777778,0.1
2/19/2026 8:00,79.248,12.77777778,0.1
2/19/2026 8:15,79.248,12.77777778,0.1
2/19/2026 8:30,79.248,12.77777778,0.1
2/19/2026 8:45,79.248,12.77777778,0.1
2/19/2026 9:00,79.248,12.77777778,0.1
2/19/2026 9:15,79.248,12.77777778,0.1
2/19/2026 9:30,79.248,12.77777778,0.1
2/19/2026 9:45,79.248,12.77777778,0.1
2/19/2026 10:00,79.248,12.77777778,0.1
2/19/2026 10:15,79.248,12.77777778,0.1
2/19/2026 10:30,79.248,12.77777778,0.1
2/19/2026 10:45,79.248,12.77777778,0.1
2/19/2026 11:00,79.248,12.77777778,0.1
2/19/2026 11:15,79.248,12.77777778,0.1
2/19/2026 11:30,79.248,12.77777778,0.1
2/19/2026 11:45,79.248,12.77777778,0.1
2/19/2026 12:00,79.248,12.77777778,0.1
2/19/2026 12:15,79.248,12.77777778,0.1
2/19/2026 12:30,79.248,12.77777778,0.1
2/19/2026 12:45,79.248,12.77777778,0.1
2/19/2026 13:00,79.248,12.77777778,0.1
2/19/2026 13:15,79.248,12.77777778,0.1
2/19/2026 13:30,79.248,12.77777778,0.1
2/19/2026 13:45,79.248,12.77777778,0.1
2/19/2026 14:00,79.248,12.77777778,0.1
2/19/2026 14:15,79.248,12.77777778,0.1
2/19/2026 14:30,79.248,12.77777778,0.1
2/19/2026 14:45,79.248,12.77777778,0.1
2/19/2026 15:00,79.248,12.77777778,0.1
2/19/2026 15:15,79.248,13.33333333,0.1
2/19/2026 15:30,79.248,13.33333333,0.1
2/19/2026 15:45,79.248,13.33333333,0.1
2/19/2026 16:00,79.248,13.33333333,0.1
2/19/2026 16:15,79.248,13.33333333,0.1
2/19/2026 16:30,79.248,13.33333333,0.1
2/19/2026 16:45,79.248,13.33333333,0.1
2/19/2026 17:00,79.248,13.33333333,0.1
2/19/2026 17:15,79.248,13.33333333,0.1
2/19/2026 17:30,79.248,13.33333333,0.1
2/19/2026 17:45,79.248,13.33333333,0.1
2/19/2026 18:00,79.248,13.33333333,0.1
2/19/2026 18:15,79.248,13.33333333,0.1
2/19/2026 18:30,79.248,13.33333333,0.1
2/19/2026 18:45,79.248,13.33333333,0.1
2/19/2026 19:00,79.248,13.33333333,0.1
2/19/2026 19:15,79.248,13.33333333,0.1
2/19/2026 19:30,79.248,13.33333333,0.1
2/19/2026 19:45,79.248,13.33333333,0.1
2/19/2026 20:00,79.248,13.33333333,0.1
2/19/2026 20:15,79.248,13.33333333,0.1
2/19/2026 20:30,79.248,13.33333333,0.1
2/19/2026 20:45,79.248,13.33333333,0.1
2/19/2026 21:00,79.248,13.33333333,0.1
2/19/2026 21:15,79.248,13.33333333,0.1
2/19/2026 21:30,79.248,13.33333333,0.1
2/19/2026 21:45,79.248,13.33333333,0.1
2/19/2026 22:00,79.248,13.33333333,0.1
2/19/2026 22:15,79.248,13.33333333,0.1
2/19/2026 22:30,79.248,13.33333333,0.1
2/19/2026 22:45,79.248,13.33333333,0.1
2/19/2026 23:00,79.248,13.33333333,0.1
2/19/2026 23:15,79.248,13.33333333,0.1
2/19/2026 23:30,79.248,13.33333333,0.1
2/19/2026 23:45,79.248,13.33333333,0.1
2/20/2026 0:00,79.248,13.33333333,0.1
2/20/2026 0:15,79.248,13.33333333,0.1
2/20/2026 0:30,79.248,13.33333333,0.1
2/20/2026 0:45,79.248,13.33333333,0.1
2/20/2026 1:00,79.248,13.33333333,0.1
2/20/2026 1:15,79.248,13.33333333,0.1
2/20/2026 1:30,79.248,13.33333333,0.1
2/20/2026 1:45,79.248,13.33333333,0.1
2/20/2026 2:00,79.248,13.33333333,0.1
2/20/2026 2:15,79.248,13.33333333,0.1
2/20/2026 2:30,79.248,13.33333333,0.1
2/20/2026 2:45,79.248,13.33333333,0.1
2/20/2026 3:00,79.248,13.33333333,0.1
2/20/2026 3:15,79.248,13.33333333,0.1
2/20/2026 3:30,79.248,13.33333333,0.1
2/20/2026 3:45,79.248,13.33333333,0.1
2/20/2026 4:00,79.248,13.33333333,0.1
2/20/2026 4:15,79.248,13.33333333,0.1
2/20/2026 4:30,79.248,13.33333333,0.1
2/20/2026 4:45,79.248,13.33333333,0.1
2/20/2026 5:00,79.248,13.33333333,0.1
2/20/2026 5:15,79.248,13.33333333,0.1
2/20/2026 5:30,79.248,13.33333333,0.1
2/20/2026 5:45,79.248,13.33333333,0.1
2/20/2026 6:00,79.248,13.33333333,0.1
2/20/2026 6:15,79.248,13.33333333,0.1
2/20/2026 6:30,79.248,13.33333333,0.1
2/20/2026 6:45,79.248,13.33333333,0.1
2/20/2026 7:00,79.248,13.33333333,0.1
2/20/2026 7:15,79.248,13.33333333,0.1
2/20/2026 7:30,79.248,13.33333333,0.1
2/20/2026 7:45,79.248,13.33333333,0.1
2/20/2026 8:00,79.248,13.33333333,0.1
2/20/2026 8:15,79.248,13.33333333,0.1
2/20/2026 8:30,79.248,13.33333333,0.1
2/20/2026 8:45,79.248,13.33333333,0.1
2/20/2026 9:00,79.248,13.33333333,0.1
2/20/2026 9:15,79.248,13.33333333,0.1
2/20/2026 9:30,79.248,13.33333333,0.1
2/20/2026 9:45,79.248,13.33333333,0.1
2/20/2026 10:00,79.248,13.33333333,0.1
2/20/2026 10:15,79.248,13.33333333,0.1
2/20/2026 10:30,79.248,13.33333333,0.1
2/20/2026 10:45,79.248,13.33333333,0.1
2/20/2026 11:00,79.248,13.33333333,0.1
2/20/2026 11:15,79.248,13.33333333,0.1
2/20/2026 11:30,79.248,13.33333333,0.1
2/20/2026 11:45,79.248,13.33333333,0.1
2/20/2026 12:00,79.248,13.33333333,0.1
2/20/2026 12:15,79.248,13.33333333,0.1
2/20/2026 12:30,79.248,13.33333333,0.1
2/20/2026 12:45,79.248,13.33333333,0.1
2/20/2026 13:00,79.248,13.33333333,0.1
2/20/2026 13:15,79.248,13.33333333,0.1
2/20/2026 13:30,79.248,13.88888889,0.1
2/20/2026 13:45,79.248,13.88888889,0.1
2/20/2026 14:00,79.248,13.88888889,0.1
2/20/2026 14:15,79.248,13.88888889,0.1
2/20/2026 14:30,79.248,13.88888889,0.1
2/20/2026 14:45,79.248,13.88888889,0.1
2/20/2026 15:00,79.248,13.88888889,0.1
2/20/2026 15:15,79.248,13.88888889,0.1
2/20/2026 15:30,79.248,13.88888889,0.1
2/20/2026 15:45,79.248,13.88888889,0.1
2/20/2026 16:00,79.248,13.88888889,0.1
2/20/2026 16:15,79.248,13.88888889,0.1
2/20/2026 16:30,79.248,13.88888889,0.1
2/20/2026 16:45,79.248,13.88888889,0.1
2/20/2026 17:00,79.248,13.88888889,0.1
2/20/2026 17:15,79.248,13.88888889,0.1
2/20/2026 17:30,79.248,13.88888889,0.1
2/20/2026 17:45,79.248,13.88888889,0.1
2/20/2026 18:00,79.248,13.88888889,0.1
2/20/2026 18:15,79.248,13.88888889,0.1
2/20/2026 18:30,79.248,13.88888889,0.1
2/20/2026 18:45,79.248,13.88888889,0.1
2/20/2026 19:00,79.248,13.88888889,0.1
2/20/2026 19:15,79.248,13.88888889,0.1
2/20/2026 19:30,79.248,13.88888889,0.1
2/20/2026 19:45,79.248,13.88888889,0.1
2/20/2026 20:00,79.248,13.88888889,0.1
2/20/2026 20:15,79.248,13.88888889,0.1
2/20/2026 20:30,79.248,13.88888889,0.1
2/20/2026 20:45,79.248,13.88888889,0.1
2/20/2026 21:00,79.248,13.88888889,0.1
2/20/2026 21:15,79.248,13.88888889,0.1
2/20/2026 21:30,79.248,13.88888889,0.1
2/20/2026 21:45,79.248,13.88888889,0.1
2/20/2026 22:00,79.248,13.88888889,0.1
2/20/2026 22:15,79.248,13.88888889,0.1
2/20/2026 22:30,79.248,13.88888889,0.1
2/20/2026 22:45,79.248,13.88888889,0.1
2/20/2026 23:00,79.248,13.88888889,0.1
2/20/2026 23:15,79.248,13.88888889,0.1
2/20/2026 23:30,79.248,13.88888889,0.1
2/20/2026 23:45,79.248,13.88888889,0.1
2/21/2026 0:00,79.248,13.88888889,0.1
2/21/2026 0:15,79.248,13.88888889,0.1
2/21/2026 0:30,79.248,13.88888889,0.1
2/21/2026 0:45,79.248,13.88888889,0.1
2/21/2026 1:00,79.248,13.88888889,0.1
2/21/2026 1:15,79.248,13.88888889,0.1
2/21/2026 1:30,79.248,13.88888889,0.1
2/21/2026 1:45,79.248,13.88888889,0.1
2/21/2026 2:00,79.248,13.88888889,0.1
2/21/2026 2:15,79.248,13.88888889,0.1
2/21/2026 2:30,79.248,13.88888889,0.1
2/21/2026 2:45,79.248,13.88888889,0.1
2/21/2026 3:00,79.248,13.88888889,0.1
2/21/2026 3:15,79.248,13.88888889,0.1
2/21/2026 3:30,79.248,13.88888889,0.1
2/21/2026 3:45,79.248,13.88888889,0.1
2/21/2026 4:00,79.248,13.88888889,0.1
2/21/2026 4:15,79.248,13.88888889,0.1
2/21/2026 4:30,79.248,13.88888889,0.1
2/21/2026 4:45,79.248,13.88888889,0.1
2/21/2026 5:00,79.248,13.88888889,0.1
2/21/2026 5:15,79.248,13.88888889,0.1
2/21/2026 5:30,79.248,13.88888889,0.1
2/21/2026 5:45,79.248,13.88888889,0.1
2/21/2026 6:00,79.248,13.88888889,0.1
2/21/2026 6:15,79.248,13.88888889,0.1
2/21/2026 6:30,79.248,13.88888889,0.1
2/21/2026 6:45,79.248,13.88888889,0.1
2/21/2026 7:00,79.248,13.88888889,0.1
2/21/2026 7:15,79.248,13.88888889,0.1
2/21/2026 7:30,79.248,13.88888889,0.1
2/21/2026 7:45,79.248,13.88888889,0.1
2/21/2026 8:00,79.248,13.88888889,0.1
2/21/2026 8:15,79.248,13.88888889,0.1
2/21/2026 8:30,79.248,13.88888889,0.1
2/21/2026 8:45,79.248,13.88888889,0.1
2/21/2026 9:00,79.248,13.88888889,0.1
2/21/2026 9:15,79.248,13.88888889,0.1
2/21/2026 9:30,79.248,13.88888889,0.1
2/21/2026 9:45,79.248,13.88888889,0.1
2/21/2026 10:00,79.248,13.88888889,0.1
2/21/2026 10:15,79.248,13.88888889,0.1
2/21/2026 10:30,79.248,13.88888889,0.1
2/21/2026 10:45,79.248,13.88888889,0.1
2/21/2026 11:00,79.248,13.88888889,0.1
2/21/2026 11:15,79.248,13.88888889,0.1
2/21/2026 11:30,79.248,13.88888889,0.1
2/21/2026 11:45,79.248,13.88888889,0.1
2/21/2026 12:00,79.248,13.88888889,0.1
2/21/2026 12:15,79.248,13.88888889,0.1
2/21/2026 12:30,79.248,13.88888889,0.1
2/21/2026 12:45,79.248,13.88888889,0.1
2/21/2026 13:00,79.248,14.44444444,0.1
2/21/2026 13:15,79.248,14.44444444,0.1
2/21/2026 13:30,79.248,14.44444444,0.1
2/21/2026 13:45,79.248,14.44444444,0.1
2/21/2026 14:00,79.248,14.44444444,0.1
2/21/2026 14:15,79.248,14.44444444,0.1
2/21/2026 14:30,79.248,14.44444444,0.1
2/21/2026 14:45,79.248,14.44444444,0.1
2/21/2026 15:00,79.248,14.44444444,0.1
2/21/2026 15:15,79.248,14.44444444,0.1
2/21/2026 15:30,79.248,14.44444444,0.1
2/21/2026 15:45,79.248,14.44444444,0.1
2/21/2026 16:00,79.248,14.44444444,0.1
2/21/2026 16:15,79.248,14.44444444,0.1
2/21/2026 16:30,79.248,14.44444444,0.1
2/21/2026 16:45,79.248,14.44444444,0.1
2/21/2026 17:00,79.248,14.44444444,0.1
2/21/2026 17:15,79.248,14.44444444,0.1
2/21/2026 17:30,79.248,14.44444444,0.1
2/21/2026 17:45,79.248,14.44444444,0.1
2/21/2026 18:00,79.248,14.44444444,0.1
2/21/2026 18:15,79.248,14.44444444,0.1
2/21/2026 18:30,79.248,14.44444444,0.1
2/21/2026 18:45,79.248,14.44444444,0.1
2/21/2026 19:00,79.248,14.44444444,0.1
2/21/2026 19:15,79.248,14.44444444,0.1
2/21/2026 19:30,79.248,14.44444444,0.1
2/21/2026 19:45,79.248,14.44444444,0.1
2/21/2026 20:00,79.248,14.44444444,0.1
2/21/2026 20:15,79.248,14.44444444,0.1
2/21/2026 20:30,79.248,14.44444444,0.1
2/21/2026 20:45,79.248,14.44444444,0.1
2/21/2026 21:00,79.248,14.44444444,0.1
2/21/2026 21:15,79.248,14.44444444,0.1
2/21/2026 21:30,79.248,14.44444444,0.1
2/21/2026 21:45,79.248,14.44444444,0.1
2/21/2026 22:00,79.248,14.44444444,0.1
2/21/2026 22:15,79.248,14.44444444,0.1
2/21/2026 22:30,79.248,14.44444444,0.1
2/21/2026 22:45,79.248,14.44444444,0.1
2/21/2026 23:00,79.248,14.44444444,0.1
2/21/2026 23:15,79.248,14.44444444,0.1
2/21/2026 23:30,79.248,14.44444444,0.1
2/21/2026 23:45,79.248,14.44444444,0.1
2/22/2026 0:00,79.248,14.44444444,0.1
2/22/2026 0:15,79.248,14.44444444,0.1
2/22/2026 0:30,79.248,14.44444444,0.1
2/22/2026 0:45,79.248,14.44444444,0.1
2/22/2026 1:00,79.248,14.44444444,0.1
2/22/2026 1:15,79.248,14.44444444,0.1
2/22/2026 1:30,79.248,14.44444444,0.1
2/22/2026 1:45,79.248,14.44444444,0.1
2/22/2026 2:00,79.248,14.44444444,0.1
2/22/2026 2:15,79.248,14.44444444,0.1
2/22/2026 2:30,79.248,14.44444444,0.1
2/22/2026 2:45,79.248,14.44444444,0.1
2/22/2026 3:00,79.248,14.44444444,0.1
2/22/2026 3:15,79.248,14.44444444,0.1
2/22/2026 3:30,79.248,14.44444444,0.1
2/22/2026 3:45,79.248,14.44444444,0.1
2/22/2026 4:00,79.248,14.44444444,0.1
2/22/2026 4:15,79.248,14.44444444,0.1
2/22/2026 4:30,79.248,14.44444444,0.1
2/22/2026 4:45,79.248,14.44444444,0.1
2/22/2026 5:00,79.248,14.44444444,0.1
2/22/2026 5:15,79.248,14.44444444,0.1
2/22/2026 5:30,79.248,14.44444444,0.1
2/22/2026 5:45,79.248,14.44444444,0.1
2/22/2026 6:00,79.248,14.44444444,0.1
2/22/2026 6:15,79.248,14.44444444,0.1
2/22/2026 6:30,79.248,14.44444444,0.1
2/22/2026 6:45,79.248,14.44444444,0.1
2/22/2026 7:00,79.248,14.44444444,0.1
2/22/2026 7:15,79.248,14.44444444,0.1
2/22/2026 7:30,79.248,14.44444444,0.1
2/22/2026 7:45,79.248,14.44444444,0.1
2/22/2026 8:00,79.248,14.44444444,0.1
2/22/2026 8:15,79.248,14.44444444,0.1
2/22/2026 8:30,79.248,14.44444444,0.1
2/22/2026 8:45,79.248,14.44444444,0.1
2/22/2026 9:00,79.248,14.44444444,0.1
2/22/2026 9:15,79.248,14.44444444,0.1
2/22/2026 9:30,79.248,14.44444444,0.1
2/22/2026 9:45,79.248,14.44444444,0.1
2/22/2026 10:00,79.248,14.44444444,0.1
2/22/2026 10:15,79.248,14.44444444,0.1
2/22/2026 10:30,79.248,14.44444444,0.1
2/22/2026 10:45,79.248,14.44444444,0.1
2/22/2026 11:00,79.248,14.44444444,0.1
2/22/2026 11:15,79.248,14.44444444,0.1
2/22/2026 11:30,79.248,14.44444444,0.1
2/22/2026 11:45,79.248,14.44444444,0.1
2/22/2026 12:00,79.248,14.44444444,0.1
2/22/2026 12:15,79.248,14.44444444,0.1
2/22/2026 12:30,79.248,14.44444444,0.1
2/22/2026 12:45,79.248,14.44444444,0.1
2/22/2026 13:00,79.248,14.44444444,0.1
2/22/2026 13:15,79.248,14.44444444,0.1
2/22/2026 13:30,79.248,14.44444444,0.1
2/22/2026 13:45,79.248,14.44444444,0.1
2/22/2026 14:00,79.248,14.44444444,0.1
2/22/2026 14:15,79.248,14.44444444,0.1
2/22/2026 14:30,79.248,14.44444444,0.1
2/22/2026 14:45,79.248,14.44444444,0.1
2/22/2026 15:00,79.248,14.44444444,0.1
2/22/2026 15:15,79.248,14.44444444,0.1
2/22/2026 15:30,79.248,14.44444444,0.1
2/22/2026 15:45,79.248,14.44444444,0.1
2/22/2026 16:00,79.248,14.44444444,0.1
2/22/2026 16:15,79.248,14.44444444,0.1
2/22/2026 16:30,79.248,14.44444444,0.1
2/22/2026 16:45,79.248,14.44444444,0.1
2/22/2026 17:00,79.248,14.44444444,0.1
2/22/2026 17:15,79.248,14.44444444,0.1
2/22/2026 17:30,79.248,14.44444444,0.1
2/22/2026 17:45,79.248,14.44444444,0.1
2/22/2026 18:00,79.248,14.44444444,0.1
2/22/2026 18:15,79.248,14.44444444,0.1
2/22/2026 18:30,79.248,14.44444444,0.1
2/22/2026 18:45,79.248,14.44444444,0.1
2/22/2026 19:00,79.248,14.44444444,0.1
2/22/2026 19:15,79.248,14.44444444,0.1
2/22/2026 19:30,79.248,14.44444444,0.1
2/22/2026 19:45,79.248,14.44444444,0.1
2/22/2026 20:00,79.248,14.44444444,0.1
2/22/2026 20:15,79.248,14.44444444,0.1
2/22/2026 20:30,79.248,14.44444444,0.1
2/22/2026 20:45,79.248,14.44444444,0.1
2/22/2026 21:00,79.248,14.44444444,0.1
2/22/2026 21:15,79.248,14.44444444,0.1
2/22/2026 21:30,79.248,14.44444444,0.1
2/22/2026 21:45,79.248,14.44444444,0.1
2/22/2026 22:00,79.248,14.44444444,0.1
2/22/2026 22:15,79.248,14.44444444,0.1
2/22/2026 22:30,79.248,14.44444444,0.1
2/22/2026 22:45,79.248,14.44444444,0.1
2/22/2026 23:00,79.248,14.44444444,0.1
2/22/2026 23:15,79.248,14.44444444,0.1
2/22/2026 23:30,79.248,14.44444444,0.1
2/22/2026 23:45,79.248,14.44444444,0.1
2/23/2026 0:00,79.248,14.44444444,0.1
2/23/2026 0:15,79.248,14.44444444,0.1
2/23/2026 0:30,79.248,13.88888889,0.1
2/23/2026 0:45,79.248,13.88888889,0.1
2/23/2026 1:00,79.248,13.88888889,0.1
2/23/2026 1:15,79.248,13.88888889,0.1
2/23/2026 1:30,79.248,13.88888889,0.1
2/23/2026 1:45,79.248,13.88888889,0.1
2/23/2026 2:00,79.248,13.88888889,0.1
2/23/2026 2:15,79.248,13.88888889,0.1
2/23/2026 2:30,79.248,13.88888889,0.1
2/23/2026 2:45,79.248,13.88888889,0.1
2/23/2026 3:00,79.248,13.88888889,0.1
2/23/2026 3:15,79.248,13.88888889,0.1
2/23/2026 3:30,79.248,13.33333333,0.1
2/23/2026 3:45,79.248,13.33333333,0.1
2/23/2026 4:00,79.248,13.33333333,0.1
2/23/2026 4:15,79.248,13.33333333,0.1
2/23/2026 4:30,79.248,13.33333333,0.1
2/23/2026 4:45,79.248,13.33333333,0.1
2/23/2026 5:00,79.248,13.33333333,0.1
2/23/2026 5:15,79.248,13.33333333,0.1
2/23/2026 5:30,79.248,13.33333333,0.1
2/23/2026 5:45,79.248,13.33333333,0.1
2/23/2026 6:00,79.248,13.33333333,0.1
2/23/2026 6:15,79.248,13.33333333,0.1
2/23/2026 6:30,79.248,13.33333333,0.1
2/23/2026 6:45,79.248,13.33333333,0.1
2/23/2026 7:00,79.248,12.77777778,0.1
2/23/2026 7:15,79.248,12.77777778,0.1
2/23/2026 7:30,79.248,12.77777778,0.1
2/23/2026 7:45,79.248,12.77777778,0.1
2/23/2026 8:00,79.248,12.77777778,0.1
2/23/2026 8:15,79.248,12.77777778,0.1
2/23/2026 8:30,79.248,12.77777778,0.1
2/23/2026 8:45,79.248,12.77777778,0.1
2/23/2026 9:00,79.248,12.77777778,0.1
2/23/2026 9:15,79.248,12.77777778,0.1
2/23/2026 9:30,79.248,12.77777778,0.1
2/23/2026 9:45,79.248,12.77777778,0.1
2/23/2026 10:00,79.248,12.77777778,0.1
2/23/2026 10:15,79.248,12.77777778,0.1
2/23/2026 10:30,79.248,12.77777778,0.1
2/23/2026 10:45,79.248,12.77777778,0.1
2/23/2026 11:00,79.248,12.77777778,0.1
2/23/2026 11:15,79.248,12.77777778,0.1
2/23/2026 11:30,79.248,12.77777778,0.1
2/23/2026 11:45,79.248,12.77777778,0.1
2/23/2026 12:00,79.248,12.77777778,0.1
2/23/2026 12:15,79.248,12.77777778,0.1
2/23/2026 12:30,79.248,12.77777778,0.1
2/23/2026 12:45,79.248,12.77777778,0.1
2/23/2026 13:00,79.248,12.77777778,0.1
2/23/2026 13:15,79.248,12.77777778,0.1
2/23/2026 13:30,79.248,12.77777778,0.1
2/23/2026 13:45,79.248,12.77777778,0.1
2/23/2026 14:00,79.248,12.77777778,0.1
2/23/2026 14:15,79.248,13.33333333,0.1
2/23/2026 14:30,79.248,13.33333333,0.1
2/23/2026 14:45,79.248,13.33333333,0.1
2/23/2026 15:00,79.248,13.33333333,0.1
2/23/2026 15:15,79.248,13.33333333,0.1
2/23/2026 15:30,79.248,13.33333333,0.1
2/23/2026 15:45,79.248,13.33333333,0.1
2/23/2026 16:00,79.248,13.33333333,0.1
2/23/2026 16:15,79.248,13.33333333,0.1
2/23/2026 16:30,79.248,13.33333333,0.1
2/23/2026 16:45,79.248,13.33333333,0.1
2/23/2026 17:00,79.248,13.33333333,0.1
2/23/2026 17:15,79.248,13.33333333,0.1
2/23/2026 17:30,79.248,13.33333333,0.1
2/23/2026 17:45,79.248,13.33333333,0.1
2/23/2026 18:00,79.248,13.33333333,0.1
2/23/2026 18:15,79.248,13.33333333,0.1
2/23/2026 18:30,79.248,13.33333333,0.1
2/23/2026 18:45,79.248,13.33333333,0.1
2/23/2026 19:00,79.248,13.33333333,0.1
2/23/2026 19:15,79.248,13.33333333,0.1
2/23/2026 19:30,79.248,13.33333333,0.1
2/23/2026 19:45,79.248,13.33333333,0.1
2/23/2026 20:00,79.248,13.33333333,0.1
2/23/2026 20:15,79.248,13.33333333,0.1
2/23/2026 20:30,79.248,13.33333333,0.1
2/23/2026 20:45,79.248,13.33333333,0.1
2/23/2026 21:00,79.248,12.77777778,0.1
2/23/2026 21:15,79.248,12.77777778,0.1
2/23/2026 21:30,79.248,12.77777778,0.1
2/23/2026 21:45,79.248,12.77777778,0.1
2/23/2026 22:00,79.248,12.77777778,0.1
2/23/2026 22:15,79.248,12.77777778,0.1
2/23/2026 22:30,79.248,12.77777778,0.1
2/23/2026 22:45,79.248,12.77777778,0.1
2/23/2026 23:00,79.248,12.77777778,0.1
2/23/2026 23:15,79.248,12.77777778,0.1
2/23/2026 23:30,79.248,12.77777778,0.1
2/23/2026 23:45,79.248,12.77777778,0.1
2/24/2026 0:00,79.248,12.77777778,0.1
2/24/2026 0:15,79.248,12.77777778,0.1
2/24/2026 0:30,79.248,12.77777778,0.1
2/24/2026 0:45,79.248,12.77777778,0.1
2/24/2026 1:00,79.248,12.77777778,0.1
2/24/2026 1:15,79.248,12.77777778,0.1
2/24/2026 1:30,79.248,12.77777778,0.1
2/24/2026 1:45,79.248,12.22222222,0.1
2/24/2026 2:00,79.248,12.22222222,0.1
2/24/2026 2:15,79.248,12.22222222,0.1
2/24/2026 2:30,79.248,12.22222222,0.1
2/24/2026 2:45,79.248,12.22222222,0.1
2/24/2026 3:00,79.248,12.22222222,0.1
2/24/2026 3:15,79.248,12.22222222,0.1
2/24/2026 3:30,79.248,12.22222222,0.1
2/24/2026 3:45,79.248,12.22222222,0.1
2/24/2026 4:00,79.248,12.22222222,0.1
2/24/2026 4:15,79.248,12.22222222,0.1
2/24/2026 4:30,79.248,12.22222222,0.1
2/24/2026 4:45,79.248,12.22222222,0.1
2/24/2026 5:00,79.248,12.22222222,0.1
2/24/2026 5:15,79.248,12.22222222,0.1
2/24/2026 5:30,79.248,12.22222222,0.1
2/24/2026 5:45,79.248,12.22222222,0.1
2/24/2026 6:00,79.248,12.22222222,0.1
2/24/2026 6:15,79.248,12.22222222,0.1
2/24/2026 6:30,79.248,12.22222222,0.1
2/24/2026 6:45,79.248,11.66666667,0.1
2/24/2026 7:00,79.248,11.66666667,0.1
2/24/2026 7:15,79.248,11.66666667,0.1
2/24/2026 7:30,79.248,11.66666667,0.1
2/24/2026 7:45,79.248,11.66666667,0.1
2/24/2026 8:00,79.248,11.66666667,0.1
2/24/2026 8:15,79.248,11.66666667,0.1
2/24/2026 8:30,79.248,11.66666667,0.1
2/24/2026 8:45,79.248,11.66666667,0.1
2/24/2026 9:00,79.248,11.66666667,0.1
2/24/2026 9:15,79.248,11.66666667,0.1
2/24/2026 9:30,79.248,11.66666667,0.1
2/24/2026 9:45,79.248,11.66666667,0.1
2/24/2026 10:00,79.248,11.66666667,0.1
2/24/2026 10:15,79.248,11.66666667,0.1
2/24/2026 10:30,79.248,11.66666667,0.1
2/24/2026 10:45,79.248,11.66666667,0.1
2/24/2026 11:00,79.248,11.66666667,0.1
2/24/2026 11:15,79.248,11.66666667,0.1
2/24/2026 11:30,79.248,11.66666667,0.1
2/24/2026 11:45,79.248,11.66666667,0.1
2/24/2026 12:00,79.248,12.22222222,0.1
2/24/2026 12:15,79.248,12.22222222,0.1
2/24/2026 12:30,79.248,12.22222222,0.1
2/24/2026 12:45,79.248,12.22222222,0.1
2/24/2026 13:00,79.248,12.22222222,0.1
2/24/2026 13:15,79.248,12.22222222,0.1
2/24/2026 13:30,79.248,12.22222222,0.1
2/24/2026 13:45,79.248,12.22222222,0.1
2/24/2026 14:00,79.248,12.22222222,0.1
2/24/2026 14:15,79.248,12.22222222,0.1
2/24/2026 14:30,79.248,12.22222222,0.1
2/24/2026 14:45,79.248,12.22222222,0.1
2/24/2026 15:00,79.248,12.22222222,0.1
2/24/2026 15:15,79.248,12.22222222,0.1
2/24/2026 15:30,79.248,12.22222222,0.1
2/24/2026 15:45,79.248,12.22222222,0.1
2/24/2026 16:00,79.248,12.22222222,0.1
2/24/2026 16:15,79.248,12.22222222,0.1
2/24/2026 16:30,79.248,12.22222222,0.1
2/24/2026 16:45,79.248,12.22222222,0.1
2/24/2026 17:00,79.248,12.22222222,0.1
2/24/2026 17:15,79.248,12.22222222,0.1
2/24/2026 17:30,79.248,12.22222222,0.1
2/24/2026 17:45,79.248,12.22222222,0.1
2/24/2026 18:00,79.248,12.22222222,0.1
2/24/2026 18:15,79.248,12.22222222,0.1
2/24/2026 18:30,79.248,12.22222222,0.1
2/24/2026 18:45,79.248,12.22222222,0.1
2/24/2026 19:00,79.248,12.22222222,0.1
2/24/2026 19:15,79.248,12.22222222,0.1
2/24/2026 19:30,79.248,12.22222222,0.1
2/24/2026 19:45,79.248,12.22222222,0.1
2/24/2026 20:00,79.248,12.22222222,0.1
2/24/2026 20:15,79.248,12.22222222,0.1
2/24/2026 20:30,79.248,12.22222222,0.1
2/24/2026 20:45,79.248,12.22222222,0.1
2/24/2026 21:00,79.248,12.22222222,0.1
2/24/2026 21:15,79.248,12.22222222,0.1
2/24/2026 21:30,79.248,12.22222222,0.1
2/24/2026 21:45,79.248,12.22222222,0.1
2/24/2026 22:00,79.248,12.22222222,0.1
2/24/2026 22:15,79.248,12.22222222,0.1
2/24/2026 22:30,79.248,12.22222222,0.1
2/24/2026 22:45,79.248,12.22222222,0.1
2/24/2026 23:00,79.248,12.22222222,0.1
2/24/2026 23:15,79.248,12.22222222,0.1
2/24/2026 23:30,79.248,12.22222222,0.1
2/24/2026 23:45,79.248,12.22222222,0.1
2/25/2026 0:00,79.248,12.22222222,0.1
2/25/2026 0:15,79.248,12.22222222,0.1
2/25/2026 0:30,79.248,12.22222222,0.1
2/25/2026 0:45,79.248,12.22222222,0.1
2/25/2026 1:00,79.248,12.22222222,0.1
2/25/2026 1:15,79.248,12.22222222,0.1
2/25/2026 1:30,79.248,12.22222222,0.1
2/25/2026 1:45,79.248,12.22222222,0.1
2/25/2026 2:00,79.248,12.22222222,0.1
2/25/2026 2:15,79.248,12.22222222,0.1
2/25/2026 2:30,79.248,12.22222222,0.1
2/25/2026 2:45,79.248,12.22222222,0.1
2/25/2026 3:00,79.248,12.22222222,0.1
2/25/2026 3:15,79.248,12.22222222,0.1
2/25/2026 3:30,79.248,12.22222222,0.1
2/25/2026 3:45,79.248,12.22222222,0.1
2/25/2026 4:00,79.248,12.22222222,0.1
2/25/2026 4:15,79.248,12.22222222,0.1
2/25/2026 4:30,79.248,12.22222222,0.1
2/25/2026 4:45,79.248,11.66666667,0.1
2/25/2026 5:00,79.248,11.66666667,0.1
2/25/2026 5:15,79.248,11.66666667,0.1
2/25/2026 5:30,79.248,11.66666667,0.1
2/25/2026 5:45,79.248,11.66666667,0.1
2/25/2026 6:00,79.248,11.66666667,0.1
2/25/2026 6:15,79.248,11.66666667,0.1
2/25/2026 6:30,79.248,11.66666667,0.1
2/25/2026 6:45,79.248,11.66666667,0.1
2/25/2026 7:00,79.248,11.66666667,0.1
2/25/2026 7:15,79.248,11.66666667,0.1
2/25/2026 7:30,79.248,11.66666667,0.1
2/25/2026 7:45,79.248,11.66666667,0.1
2/25/2026 8:00,79.248,11.66666667,0.1
2/25/2026 8:15,79.248,11.66666667,0.1
2/25/2026 8:30,79.248,11.66666667,0.1
2/25/2026 8:45,79.248,11.66666667,0.1
2/25/2026 9:00,79.248,11.66666667,0.1
2/25/2026 9:15,79.248,11.66666667,0.1
2/25/2026 9:30,79.248,11.66666667,0.1
2/25/2026 9:45,79.248,11.66666667,0.1
2/25/2026 10:00,79.248,11.66666667,0.1
2/25/2026 10:15,79.248,11.66666667,0.1
2/25/2026 10:30,79.248,11.66666667,0.1
2/25/2026 10:45,79.248,11.66666667,0.1
2/25/2026 11:00,79.248,11.66666667,0.1
2/25/2026 11:15,79.248,11.66666667,0.1
2/25/2026 11:30,79.248,11.66666667,0.1
2/25/2026 11:45,79.248,11.66666667,0.1
2/25/2026 12:00,79.248,11.66666667,0.1
2/25/2026 12:15,79.248,11.66666667,0.1
2/25/2026 12:30,79.248,11.66666667,0.1
2/25/2026 12:45,79.248,11.66666667,0.1
2/25/2026 13:00,79.248,11.66666667,0.1
2/25/2026 13:15,79.248,12.22222222,0.1
2/25/2026 13:30,79.248,12.22222222,0.1
2/25/2026 13:45,79.248,12.22222222,0.1
2/25/2026 14:00,79.248,12.22222222,0.1
2/25/2026 14:15,79.248,12.22222222,0.1
2/25/2026 14:30,79.248,12.22222222,0.1
2/25/2026 14:45,79.248,12.22222222,0.1
2/25/2026 15:00,79.248,12.22222222,0.1
2/25/2026 15:15,79.248,12.22222222,0.1
2/25/2026 15:30,79.248,12.22222222,0.1
2/25/2026 15:45,79.248,12.22222222,0.1
2/25/2026 16:00,79.248,12.22222222,0.1
2/25/2026 16:15,79.248,12.22222222,0.1
2/25/2026 16:30,79.248,12.22222222,0.1
2/25/2026 16:45,79.248,12.22222222,0.1
2/25/2026 17:00,79.248,12.22222222,0.1
2/25/2026 17:15,79.248,12.22222222,0.1
2/25/2026 17:30,79.248,12.22222222,0.1
2/25/2026 17:45,79.248,12.22222222,0.1
2/25/2026 18:00,79.248,12.22222222,0.1
2/25/2026 18:15,79.248,12.22222222,0.1
2/25/2026 18:30,79.248,12.22222222,0.1
2/25/2026 18:45,79.248,12.22222222,0.1
2/25/2026 19:00,79.248,12.22222222,0.1
2/25/2026 19:15,79.248,12.22222222,0.1
2/25/2026 19:30,79.248,12.22222222,0.1
2/25/2026 19:45,79.248,12.22222222,0.1
2/25/2026 20:00,79.248,12.22222222,0.1
2/25/2026 20:15,79.248,12.22222222,0.1
2/25/2026 20:30,79.248,12.22222222,0.1
2/25/2026 20:45,79.248,12.22222222,0.1
2/25/2026 21:00,79.248,12.22222222,0.1
2/25/2026 21:15,79.248,12.22222222,0.1
2/25/2026 21:30,79.248,12.22222222,0.1
2/25/2026 21:45,79.248,12.22222222,0.1
2/25/2026 22:00,79.248,12.22222222,0.1
2/25/2026 22:15,79.248,12.22222222,0.1
2/25/2026 22:30,79.248,12.22222222,0.1
2/25/2026 22:45,79.248,12.22222222,0.1
2/25/2026 23:00,79.248,12.22222222,0.1
2/25/2026 23:15,79.248,12.22222222,0.1
2/25/2026 23:30,79.248,12.22222222,0.1
2/25/2026 23:45,79.248,12.22222222,0.1
2/26/2026 0:00,79.248,12.22222222,0.1
2/26/2026 0:15,79.248,12.22222222,0.1
2/26/2026 0:30,79.248,12.22222222,0.1
2/26/2026 0:45,79.248,12.22222222,0.1
2/26/2026 1:00,79.248,12.22222222,0.1
2/26/2026 1:15,79.248,12.22222222,0.1
2/26/2026 1:30,79.248,12.22222222,0.1
2/26/2026 1:45,79.248,12.22222222,0.1
2/26/2026 2:00,79.248,12.22222222,0.1
2/26/2026 2:15,79.248,12.22222222,0.1
2/26/2026 2:30,79.248,12.22222222,0.1
2/26/2026 2:45,79.248,12.22222222,0.1
2/26/2026 3:00,79.248,12.22222222,0.1
2/26/2026 3:15,79.248,12.22222222,0.1
2/26/2026 3:30,79.248,12.22222222,0.1
2/26/2026 3:45,79.248,12.22222222,0.1
2/26/2026 4:00,79.248,12.22222222,0.1
2/26/2026 4:15,79.248,12.22222222,0.1
2/26/2026 4:30,79.248,12.22222222,0.1
2/26/2026 4:45,79.248,12.22222222,0.1
2/26/2026 5:00,79.248,12.22222222,0.1
2/26/2026 5:15,79.248,12.22222222,0.1
2/26/2026 5:30,79.248,12.22222222,0.1
2/26/2026 5:45,79.248,12.22222222,0.1
2/26/2026 6:00,79.248,12.22222222,0.1
2/26/2026 6:15,79.248,12.22222222,0.1
2/26/2026 6:30,79.248,12.22222222,0.1
2/26/2026 6:45,79.248,12.22222222,0.1
2/26/2026 7:00,79.248,12.22222222,0.1
2/26/2026 7:15,79.248,12.22222222,0.1
2/26/2026 7:30,79.248,12.22222222,0.1
2/26/2026 7:45,79.248,12.22222222,0.1
2/26/2026 8:00,79.248,12.22222222,0.1
2/26/2026 8:15,79.248,12.22222222,0.1
2/26/2026 8:30,79.248,12.22222222,0.1
2/26/2026 8:45,79.248,12.22222222,0.1
2/26/2026 9:00,79.248,12.22222222,0.1
2/26/2026 9:15,79.248,12.22222222,0.1
2/26/2026 9:30,79.248,12.22222222,0.1
2/26/2026 9:45,79.248,12.22222222,0.1
2/26/2026 10:00,79.248,12.22222222,0.1
2/26/2026 10:15,79.248,12.22222222,0.1
2/26/2026 10:30,79.248,12.22222222,0.1
2/26/2026 10:45,79.248,12.22222222,0.1
2/26/2026 11:00,79.248,12.22222222,0.1
2/26/2026 11:15,79.248,12.22222222,0.1
2/26/2026 11:30,79.248,12.22222222,0.1
2/26/2026 11:45,79.248,12.22222222,0.1
2/26/2026 12:00,79.248,12.22222222,0.1
2/26/2026 12:15,79.248,12.22222222,0.1
2/26/2026 12:30,79.248,12.22222222,0.1
2/26/2026 12:45,79.248,12.22222222,0.1
2/26/2026 13:00,79.248,12.22222222,0.1
2/26/2026 13:15,79.248,12.22222222,0.1
2/26/2026 13:30,79.248,12.22222222,0.1
2/26/2026 13:45,79.248,12.22222222,0.1
2/26/2026 14:00,79.248,12.22222222,0.1
2/26/2026 14:15,79.248,12.22222222,0.1
2/26/2026 14:30,79.248,12.22222222,0.1
2/26/2026 14:45,79.248,12.22222222,0.1
2/26/2026 15:00,79.248,12.22222222,0.1
2/26/2026 15:15,79.248,12.22222222,0.1
2/26/2026 15:30,79.248,12.22222222,0.1
2/26/2026 15:45,79.248,12.22222222,0.1
2/26/2026 16:00,79.248,12.22222222,0.1
2/26/2026 16:15,79.248,12.22222222,0.1
2/26/2026 16:30,79.248,12.22222222,0.1
2/26/2026 16:45,79.248,12.22222222,0.1
2/26/2026 17:00,79.248,12.22222222,0.1
2/26/2026 17:15,79.248,12.22222222,0.1
2/26/2026 17:30,79.248,12.22222222,0.1
2/26/2026 17:45,79.248,12.22222222,0.1
2/26/2026 18:00,79.248,12.22222222,0.1
2/26/2026 18:15,79.248,12.22222222,0.1
2/26/2026 18:30,79.248,12.22222222,0.1
2/26/2026 18:45,79.248,12.22222222,0.1
2/26/2026 19:00,79.248,12.22222222,0.1
2/26/2026 19:15,79.248,12.22222222,0.1
2/26/2026 19:30,79.248,12.22222222,0.1
2/26/2026 19:45,79.248,12.22222222,0.1
2/26/2026 20:00,79.248,12.22222222,0.1
2/26/2026 20:15,79.248,12.22222222,0.1
2/26/2026 20:30,79.248,12.22222222,0.1
2/26/2026 20:45,79.248,12.22222222,0.1
2/26/2026 21:00,79.248,12.22222222,0.1
2/26/2026 21:15,79.248,12.22222222,0.1
2/26/2026 21:30,79.248,12.22222222,0.1
2/26/2026 21:45,79.248,12.22222222,0.1
2/26/2026 22:00,79.248,12.22222222,0.1
2/26/2026 22:15,79.248,12.22222222,0.1
2/26/2026 22:30,79.248,12.22222222,0.1
2/26/2026 22:45,79.248,12.22222222,0.1
2/26/2026 23:00,79.248,12.22222222,0.1
2/26/2026 23:15,79.248,12.22222222,0.1
2/26/2026 23:30,79.248,12.22222222,0.1
2/26/2026 23:45,79.248,12.22222222,0.1
2/27/2026 0:00,79.248,12.22222222,0.1
2/27/2026 0:15,79.248,12.22222222,0.1
2/27/2026 0:30,79.248,12.22222222,0.1
2/27/2026 0:45,79.248,12.22222222,0.1
2/27/2026 1:00,79.248,12.22222222,0.1
2/27/2026 1:15,79.248,12.22222222,0.1
2/27/2026 1:30,79.248,12.22222222,0.1
2/27/2026 1:45,79.248,12.22222222,0.1
2/27/2026 2:00,79.248,12.22222222,0.1
2/27/2026 2:15,79.248,12.22222222,0.1
2/27/2026 2:30,79.248,12.77777778,0.1
2/27/2026 2:45,79.248,12.77777778,0.1
2/27/2026 3:00,79.248,12.77777778,0.1
2/27/2026 3:15,79.248,12.77777778,0.1
2/27/2026 3:30,79.248,12.77777778,0.1
2/27/2026 3:45,79.248,12.77777778,0.1
2/27/2026 4:00,79.248,12.77777778,0.1
2/27/2026 4:15,79.248,12.77777778,0.1
2/27/2026 4:30,79.248,12.77777778,0.1
2/27/2026 4:45,79.248,12.77777778,0.1
2/27/2026 5:00,79.248,12.77777778,0.1
2/27/2026 5:15,79.248,12.77777778,0.1
2/27/2026 5:30,79.248,12.77777778,0.1
2/27/2026 5:45,79.248,12.77777778,0.1
2/27/2026 6:00,79.248,12.77777778,0.1
2/27/2026 6:15,79.248,12.77777778,0.1
2/27/2026 6:30,79.248,12.77777778,0.1
2/27/2026 6:45,79.248,12.77777778,0.1
2/27/2026 7:00,79.248,12.77777778,0.1
2/27/2026 7:15,79.248,12.77777778,0.1
2/27/2026 7:30,79.248,12.77777778,0.1
2/27/2026 7:45,79.248,12.77777778,0.1
2/27/2026 8:00,79.248,12.77777778,0.1
2/27/2026 8:15,79.248,12.77777778,0.1
2/27/2026 8:30,79.248,12.77777778,0.1
2/27/2026 8:45,79.248,12.77777778,0.1
2/27/2026 9:00,79.248,12.77777778,0.1
2/27/2026 9:15,79.248,12.77777778,0.1
2/27/2026 9:30,79.248,12.77777778,0.1
2/27/2026 9:45,82.296,12.77777778,0.1
2/27/2026 10:00,82.296,12.77777778,0.1
2/27/2026 10:15,82.296,12.77777778,0.1
2/27/2026 10:30,82.296,12.77777778,0.1
2/27/2026 10:45,82.296,12.77777778,0.1
2/27/2026 11:00,82.296,12.77777778,0.1
2/27/2026 11:15,82.296,12.77777778,0.1
2/27/2026 11:30,82.296,12.77777778,0.1
2/27/2026 11:45,82.296,12.77777778,0.1
2/27/2026 12:00,82.296,12.77777778,0.1
2/27/2026 12:15,82.296,12.77777778,0.1
2/27/2026 12:30,82.296,12.77777778,0.1
2/27/2026 12:45,82.296,12.77777778,0.1
2/27/2026 13:00,82.296,12.77777778,0.1
2/27/2026 13:15,85.344,12.77777778,0.1
2/27/2026 13:30,85.344,12.77777778,0.1
2/27/2026 13:45,85.344,12.77777778,0.1
2/27/2026 14:00,85.344,12.77777778,0.1
2/27/2026 14:15,85.344,12.77777778,0.1
2/27/2026 14:30,85.344,12.77777778,0.1
2/27/2026 14:45,85.344,12.77777778,0.1
2/27/2026 15:00,85.344,12.77777778,0.1
2/27/2026 15:15,85.344,12.77777778,0.1
2/27/2026 15:30,85.344,12.77777778,0.1
2/27/2026 15:45,85.344,12.77777778,0.1
2/27/2026 16:00,85.344,12.77777778,0.1
2/27/2026 16:15,85.344,12.77777778,0.1
2/27/2026 16:30,85.344,12.77777778,0.1
2/27/2026 16:45,85.344,12.77777778,0.1
2/27/2026 17:00,85.344,12.77777778,0.1
2/27/2026 17:15,85.344,12.77777778,0.1
2/27/2026 17:30,85.344,12.77777778,0.1
2/27/2026 17:45,85.344,12.77777778,0.1
2/27/2026 18:00,85.344,12.77777778,0.1
2/27/2026 18:15,85.344,12.77777778,0.1
2/27/2026 18:30,85.344,12.77777778,0.1
2/27/2026 18:45,85.344,12.77777778,0.1
2/27/2026 19:00,85.344,12.77777778,0.1
2/27/2026 19:15,85.344,12.77777778,0.1
2/27/2026 19:30,85.344,12.77777778,0.1
2/27/2026 19:45,85.344,12.77777778,0.1
2/27/2026 20:00,85.344,12.77777778,0.1
2/27/2026 20:15,85.344,12.77777778,0.1
2/27/2026 20:30,85.344,12.77777778,0.1
2/27/2026 20:45,85.344,12.77777778,0.1
2/27/2026 21:00,85.344,12.77777778,0.1
2/27/2026 21:15,85.344,12.77777778,0.1
2/27/2026 21:30,85.344,12.77777778,0.1
2/27/2026 21:45,85.344,12.77777778,0.1
2/27/2026 22:00,85.344,12.77777778,0.1
2/27/2026 22:15,85.344,12.77777778,0.1
2/27/2026 22:30,85.344,12.77777778,0.1
2/27/2026 22:45,85.344,12.77777778,0.1
2/27/2026 23:00,85.344,12.77777778,0.1
2/27/2026 23:15,85.344,12.77777778,0.1
2/27/2026 23:30,85.344,12.77777778,0.1
2/27/2026 23:45,85.344,12.77777778,0.1
2/28/2026 0:00,85.344,12.77777778,0.1
2/28/2026 0:15,85.344,12.77777778,0.1
2/28/2026 0:30,85.344,12.77777778,0.1
2/28/2026 0:45,85.344,12.77777778,0.1
2/28/2026 1:00,85.344,12.77777778,0.1
2/28/2026 1:15,85.344,12.77777778,0.1
2/28/2026 1:30,85.344,12.77777778,0.1
2/28/2026 1:45,85.344,12.77777778,0.1
2/28/2026 2:00,85.344,12.77777778,0.1
2/28/2026 2:15,85.344,12.77777778,0.1
2/28/2026 2:30,85.344,12.77777778,0.1
2/28/2026 2:45,85.344,12.77777778,0.1
2/28/2026 3:00,85.344,12.77777778,0.1
2/28/2026 3:15,85.344,12.77777778,0.1
2/28/2026 3:30,85.344,12.77777778,0.1
2/28/2026 3:45,85.344,12.77777778,0.1
2/28/2026 4:00,85.344,12.77777778,0.1
2/28/2026 4:15,85.344,12.77777778,0.1
2/28/2026 4:30,85.344,12.77777778,0.1
2/28/2026 4:45,85.344,12.77777778,0.1
2/28/2026 5:00,85.344,12.77777778,0.1
2/28/2026 5:15,85.344,12.77777778,0.1
2/28/2026 5:30,85.344,12.77777778,0.1
2/28/2026 5:45,85.344,12.77777778,0.1
2/28/2026 6:00,85.344,12.77777778,0.1
2/28/2026 6:15,85.344,12.77777778,0.1
2/28/2026 6:30,85.344,12.77777778,0.1
2/28/2026 6:45,85.344,12.77777778,0.1
2/28/2026 7:00,85.344,12.77777778,0.1
2/28/2026 7:15,85.344,12.77777778,0.1
2/28/2026 7:30,85.344,12.77777778,0.1
2/28/2026 7:45,85.344,12.77777778,0.1
2/28/2026 8:00,85.344,12.77777778,0.1
2/28/2026 8:15,85.344,12.77777778,0.1
2/28/2026 8:30,85.344,12.77777778,0.1
2/28/2026 8:45,85.344,12.77777778,0.1
2/28/2026 9:00,85.344,12.77777778,0.1
2/28/2026 9:15,85.344,12.77777778,0.1
2/28/2026 9:30,85.344,12.77777778,0.1
2/28/2026 9:45,85.344,12.77777778,0.1
2/28/2026 10:00,85.344,12.77777778,0.1
2/28/2026 10:15,85.344,12.77777778,0.1
2/28/2026 10:30,85.344,12.77777778,0.1
2/28/2026 10:45,85.344,12.77777778,0.1
2/28/2026 11:00,85.344,12.77777778,0.1
2/28/2026 11:15,85.344,12.77777778,0.1
2/28/2026 11:30,85.344,12.77777778,0.1
2/28/2026 11:45,85.344,12.77777778,0.1
2/28/2026 12:00,85.344,12.77777778,0.1
2/28/2026 12:15,85.344,12.77777778,0.1
2/28/2026 12:30,85.344,12.77777778,0.1
2/28/2026 12:45,85.344,12.77777778,0.1
2/28/2026 13:00,85.344,12.77777778,0.1
2/28/2026 13:15,85.344,12.77777778,0.1
2/28/2026 13:30,85.344,12.77777778,0.1
2/28/2026 13:45,85.344,12.77777778,0.1
2/28/2026 14:00,85.344,12.77777778,0.1
2/28/2026 14:15,85.344,12.77777778,0.1
2/28/2026 14:30,85.344,12.77777778,0.1
2/28/2026 14:45,85.344,12.77777778,0.1
2/28/2026 15:00,85.344,12.77777778,0.1
2/28/2026 15:15,85.344,12.77777778,0.1
2/28/2026 15:30,85.344,12.77777778,0.1
2/28/2026 15:45,85.344,12.77777778,0.1
2/28/2026 16:00,85.344,12.77777778,0.1
2/28/2026 16:15,85.344,12.77777778,0.1
2/28/2026 16:30,85.344,12.77777778,0.1
2/28/2026 16:45,85.344,12.77777778,0.1
2/28/2026 17:00,85.344,12.77777778,0.1
2/28/2026 17:15,85.344,12.77777778,0.1
2/28/2026 17:30,85.344,12.77777778,0.1
2/28/2026 17:45,85.344,12.77777778,0.1
2/28/2026 18:00,85.344,12.77777778,0.1
2/28/2026 18:15,85.344,12.77777778,0.1
2/28/2026 18:30,85.344,12.77777778,0.1
2/28/2026 18:45,85.344,12.77777778,0.1
2/28/2026 19:00,85.344,12.77777778,0.1
2/28/2026 19:15,85.344,12.77777778,0.1
2/28/2026 19:30,85.344,12.77777778,0.1
2/28/2026 19:45,85.344,12.77777778,0.1
2/28/2026 20:00,85.344,12.77777778,0.1
2/28/2026 20:15,85.344,12.77777778,0.1
2/28/2026 20:30,85.344,12.77777778,0.1
2/28/2026 20:45,85.344,12.77777778,0.1
2/28/2026 21:00,85.344,12.77777778,0.1
2/28/2026 21:15,85.344,12.77777778,0.1
2/28/2026 21:30,85.344,12.77777778,0.1
2/28/2026 21:45,85.344,12.77777778,0.1
2/28/2026 22:00,85.344,12.77777778,0.1
2/28/2026 22:15,85.344,12.77777778,0.1
2/28/2026 22:30,85.344,12.77777778,0.1
2/28/2026 22:45,85.344,12.77777778,0.1
2/28/2026 23:00,85.344,12.77777778,0.1
2/28/2026 23:15,85.344,12.77777778,0.1
2/28/2026 23:30,85.344,12.77777778,0.1
2/28/2026 23:45,85.344,12.77777778,0.1
3/1/2026 0:00,85.344,12.77777778,0.1
3/1/2026 0:15,85.344,12.77777778,0.1
3/1/2026 0:30,85.344,12.77777778,0.1
3/1/2026 0:45,85.344,12.77777778,0.1
3/1/2026 1:00,85.344,12.77777778,0.1
3/1/2026 1:15,85.344,12.77777778,0.1
3/1/2026 1:30,85.344,12.77777778,0.1
3/1/2026 1:45,85.344,13.33333333,0.1
3/1/2026 2:00,85.344,13.33333333,0.1
3/1/2026 2:15,85.344,13.33333333,0.1
3/1/2026 2:30,85.344,13.33333333,0.1
3/1/2026 2:45,85.344,13.33333333,0.1
3/1/2026 3:00,85.344,13.33333333,0.1
3/1/2026 3:15,85.344,13.33333333,0.1
3/1/2026 3:30,85.344,13.33333333,0.1
3/1/2026 3:45,85.344,13.33333333,0.1
3/1/2026 4:00,85.344,13.33333333,0.1
3/1/2026 4:15,85.344,13.33333333,0.1
3/1/2026 4:30,85.344,13.33333333,0.1
3/1/2026 4:45,85.344,13.33333333,0.1
3/1/2026 5:00,85.344,13.33333333,0.1
3/1/2026 5:15,85.344,13.33333333,0.1
3/1/2026 5:30,85.344,13.33333333,0.1
3/1/2026 5:45,85.344,13.33333333,0.1
3/1/2026 6:00,85.344,13.33333333,0.1
3/1/2026 6:15,85.344,13.33333333,0.1
3/1/2026 6:30,85.344,13.33333333,0.1
3/1/2026 6:45,85.344,13.33333333,0.1
3/1/2026 7:00,85.344,13.33333333,0.1
3/1/2026 7:15,85.344,13.33333333,0.1
3/1/2026 7:30,85.344,13.33333333,0.1
3/1/2026 7:45,85.344,13.33333333,0.1
3/1/2026 8:00,85.344,13.33333333,0.1
3/1/2026 8:15,85.344,13.33333333,0.1
3/1/2026 8:30,85.344,13.33333333,0.1
3/1/2026 8:45,85.344,13.33333333,0.1
3/1/2026 9:00,85.344,13.33333333,0.1
3/1/2026 9:15,85.344,13.33333333,0.1
3/1/2026 9:30,85.344,13.33333333,0.1
3/1/2026 9:45,85.344,13.33333333,0.1
3/1/2026 10:00,85.344,13.33333333,0.1
3/1/2026 10:15,85.344,13.33333333,0.1
3/1/2026 10:30,85.344,13.33333333,0.1
3/1/2026 10:45,85.344,13.33333333,0.1
3/1/2026 11:00,85.344,13.33333333,0.1
3/1/2026 11:15,85.344,13.33333333,0.1
3/1/2026 11:30,85.344,13.33333333,0.1
3/1/2026 11:45,85.344,13.33333333,0.1
3/1/2026 12:00,85.344,13.33333333,0.1
3/1/2026 12:15,85.344,13.33333333,0.1
3/1/2026 12:30,85.344,13.33333333,0.1
3/1/2026 12:45,85.344,13.33333333,0.1
3/1/2026 13:00,85.344,13.33333333,0.1
3/1/2026 13:15,85.344,13.33333333,0.1
3/1/2026 13:30,85.344,13.33333333,0.1
3/1/2026 13:45,85.344,13.33333333,0.1
3/1/2026 14:00,85.344,13.33333333,0.1
3/1/2026 14:15,85.344,13.33333333,0.1
3/1/2026 14:30,85.344,13.33333333,0.1
3/1/2026 14:45,85.344,13.33333333,0.1
3/1/2026 15:00,85.344,13.33333333,0.1
3/1/2026 15:15,85.344,13.33333333,0.1
3/1/2026 15:30,85.344,13.33333333,0.1
3/1/2026 15:45,85.344,13.33333333,0.1
3/1/2026 16:00,85.344,13.33333333,0.1
3/1/2026 16:15,85.344,13.33333333,0.1
3/1/2026 16:30,85.344,13.33333333,0.1
3/1/2026 16:45,85.344,13.33333333,0.1
3/1/2026 17:00,85.344,13.33333333,0.1
3/1/2026 17:15,85.344,13.33333333,0.1
3/1/2026 17:30,85.344,13.33333333,0.1
3/1/2026 17:45,85.344,13.33333333,0.1
3/1/2026 18:00,85.344,13.33333333,0.1
3/1/2026 18:15,85.344,13.33333333,0.1
3/1/2026 18:30,85.344,13.33333333,0.1
3/1/2026 18:45,85.344,13.33333333,0.1
3/1/2026 19:00,85.344,13.33333333,0.1
3/1/2026 19:15,85.344,13.33333333,0.1
3/1/2026 19:30,85.344,13.33333333,0.1
3/1/2026 19:45,85.344,13.33333333,0.1
3/1/2026 20:00,85.344,13.33333333,0.1
3/1/2026 20:15,85.344,13.33333333,0.1
3/1/2026 20:30,85.344,13.33333333,0.1
3/1/2026 20:45,85.344,13.33333333,0.1
3/1/2026 21:00,85.344,13.33333333,0.1
3/1/2026 21:15,85.344,13.33333333,0.1
3/1/2026 21:30,85.344,13.33333333,0.1
3/1/2026 21:45,85.344,13.33333333,0.1
3/1/2026 22:00,85.344,13.33333333,0.1
3/1/2026 22:15,85.344,13.33333333,0.1
3/1/2026 22:30,85.344,13.33333333,0.1
3/1/2026 22:45,85.344,13.33333333,0.1
3/1/2026 23:00,85.344,13.33333333,0.1
3/1/2026 23:15,85.344,13.33333333,0.1
3/1/2026 23:30,85.344,13.33333333,0.1
3/1/2026 23:45,85.344,13.33333333,0.1
3/2/2026 0:00,85.344,13.33333333,0.1
3/2/2026 0:15,85.344,13.33333333,0.1
3/2/2026 0:30,85.344,13.33333333,0.1
3/2/2026 0:45,85.344,13.33333333,0.1
3/2/2026 1:00,85.344,13.33333333,0.1
3/2/2026 1:15,85.344,13.33333333,0.1
3/2/2026 1:30,85.344,13.33333333,0.1
3/2/2026 1:45,85.344,13.33333333,0.1
3/2/2026 2:00,85.344,13.33333333,0.1
3/2/2026 2:15,85.344,13.33333333,0.1
3/2/2026 2:30,85.344,13.33333333,0.1
3/2/2026 2:45,85.344,13.33333333,0.1
3/2/2026 3:00,85.344,13.33333333,0.1
3/2/2026 3:15,85.344,13.33333333,0.1
3/2/2026 3:30,85.344,13.33333333,0.1
3/2/2026 3:45,85.344,13.33333333,0.1
3/2/2026 4:00,85.344,13.33333333,0.1
3/2/2026 4:15,85.344,13.33333333,0.1
3/2/2026 4:30,85.344,13.33333333,0.1
3/2/2026 4:45,85.344,13.88888889,0.1
3/2/2026 5:00,85.344,13.88888889,0.1
3/2/2026 5:15,85.344,13.88888889,0.1
3/2/2026 5:30,85.344,13.88888889,0.1
3/2/2026 5:45,85.344,13.88888889,0.1
3/2/2026 6:00,85.344,13.88888889,0.1
3/2/2026 6:15,85.344,13.88888889,0.1
3/2/2026 6:30,85.344,13.88888889,0.1
3/2/2026 6:45,85.344,13.88888889,0.1
3/2/2026 7:00,85.344,13.88888889,0.1
3/2/2026 7:15,85.344,13.88888889,0.1
3/2/2026 7:30,85.344,13.88888889,0.1
3/2/2026 7:45,85.344,13.88888889,0.1
3/2/2026 8:00,85.344,13.88888889,0.1
3/2/2026 8:15,85.344,13.88888889,0.1
3/2/2026 8:30,85.344,13.88888889,0.1
3/2/2026 8:45,85.344,13.88888889,0.1
3/2/2026 9:00,85.344,13.88888889,0.1
3/2/2026 9:15,85.344,13.88888889,0.1
3/2/2026 9:30,85.344,13.88888889,0.1
3/2/2026 9:45,85.344,13.88888889,0.1
3/2/2026 10:00,85.344,13.88888889,0.1
3/2/2026 10:15,85.344,13.88888889,0.1
3/2/2026 10:30,85.344,13.88888889,0.1
3/2/2026 10:45,85.344,13.88888889,0.1
3/2/2026 11:00,85.344,13.88888889,0.1
3/2/2026 11:15,85.344,13.88888889,0.1
3/2/2026 11:30,85.344,13.88888889,0.1
3/2/2026 11:45,85.344,13.88888889,0.1
3/2/2026 12:00,85.344,13.88888889,0.1
3/2/2026 12:15,85.344,13.88888889,0.1
3/2/2026 12:30,85.344,13.88888889,0.1
3/2/2026 12:45,85.344,13.88888889,0.1
3/2/2026 13:00,85.344,13.88888889,0.1
3/2/2026 13:15,85.344,13.88888889,0.1
3/2/2026 13:30,85.344,13.88888889,0.1
3/2/2026 13:45,85.344,13.88888889,0.1
3/2/2026 14:00,85.344,13.88888889,0.1
3/2/2026 14:15,85.344,13.88888889,0.1
3/2/2026 14:30,85.344,13.88888889,0.1
3/2/2026 14:45,85.344,13.88888889,0.1
3/2/2026 15:00,85.344,13.88888889,0.1
3/2/2026 15:15,85.344,13.88888889,0.1
3/2/2026 15:30,85.344,13.88888889,0.1
3/2/2026 15:45,85.344,13.88888889,0.1
3/2/2026 16:00,85.344,13.88888889,0.1
3/2/2026 16:15,85.344,13.88888889,0.1
3/2/2026 16:30,85.344,13.88888889,0.1
3/2/2026 16:45,85.344,13.88888889,0.1
3/2/2026 17:00,85.344,13.88888889,0.1
3/2/2026 17:15,85.344,13.88888889,0.1
3/2/2026 17:30,85.344,13.88888889,0.1
3/2/2026 17:45,85.344,13.88888889,0.1
3/2/2026 18:00,85.344,13.88888889,0.1
3/2/2026 18:15,85.344,13.88888889,0.1
3/2/2026 18:30,85.344,13.88888889,0.1
3/2/2026 18:45,85.344,13.88888889,0.1
3/2/2026 19:00,85.344,13.88888889,0.1
3/2/2026 19:15,85.344,13.88888889,0.1
3/2/2026 19:30,85.344,13.88888889,0.1
3/2/2026 19:45,85.344,13.88888889,0.1
3/2/2026 20:00,85.344,13.88888889,0.1
3/2/2026 20:15,85.344,13.88888889,0.1
3/2/2026 20:30,85.344,13.88888889,0.1
3/2/2026 20:45,85.344,13.88888889,0.1
3/2/2026 21:00,85.344,13.88888889,0.1
3/2/2026 21:15,85.344,13.88888889,0.1
3/2/2026 21:30,85.344,13.88888889,0.1
3/2/2026 21:45,85.344,13.88888889,0.1
3/2/2026 22:00,85.344,13.88888889,0.1
3/2/2026 22:15,85.344,13.88888889,0.1
3/2/2026 22:30,85.344,13.88888889,0.1
3/2/2026 22:45,85.344,13.88888889,0.1
3/2/2026 23:00,85.344,13.88888889,0.1
3/2/2026 23:15,85.344,13.88888889,0.1
3/2/2026 23:30,85.344,13.88888889,0.1
3/2/2026 23:45,85.344,13.88888889,0.1
3/3/2026 0:00,85.344,13.88888889,0.1
3/3/2026 0:15,85.344,13.88888889,0.1
3/3/2026 0:30,85.344,13.88888889,0.1
3/3/2026 0:45,85.344,13.88888889,0.1
3/3/2026 1:00,85.344,13.88888889,0.1
3/3/2026 1:15,85.344,13.88888889,0.1
3/3/2026 1:30,85.344,13.88888889,0.1
3/3/2026 1:45,85.344,13.88888889,0.1
3/3/2026 2:00,85.344,13.88888889,0.1
3/3/2026 2:15,85.344,13.88888889,0.1
3/3/2026 2:30,85.344,13.88888889,0.1
3/3/2026 2:45,85.344,13.88888889,0.1
3/3/2026 3:00,85.344,13.88888889,0.1
3/3/2026 3:15,85.344,13.88888889,0.1
3/3/2026 3:30,85.344,13.88888889,0.1
3/3/2026 3:45,85.344,13.88888889,0.1
3/3/2026 4:00,85.344,13.88888889,0.1
3/3/2026 4:15,85.344,13.88888889,0.1
3/3/2026 4:30,85.344,13.88888889,0.1
3/3/2026 4:45,85.344,13.88888889,0.1
3/3/2026 5:00,85.344,13.88888889,0.1
3/3/2026 5:15,85.344,13.88888889,0.1
3/3/2026 5:30,85.344,13.88888889,0.1
3/3/2026 5:45,85.344,13.88888889,0.1
3/3/2026 6:00,85.344,13.88888889,0.1
3/3/2026 6:15,85.344,13.88888889,0.1
3/3/2026 6:30,85.344,13.88888889,0.1
3/3/2026 6:45,85.344,13.88888889,0.1
3/3/2026 7:00,85.344,13.88888889,0.1
3/3/2026 7:15,85.344,13.88888889,0.1
3/3/2026 7:30,85.344,13.88888889,0.1
3/3/2026 7:45,85.344,13.88888889,0.1
3/3/2026 8:00,85.344,13.88888889,0.1
3/3/2026 8:15,85.344,13.88888889,0.1
3/3/2026 8:30,85.344,13.88888889,0.1
3/3/2026 8:45,85.344,13.88888889,0.1
3/3/2026 9:00,85.344,13.88888889,0.1
3/3/2026 9:15,85.344,13.88888889,0.1
3/3/2026 9:30,85.344,13.88888889,0.1
3/3/2026 9:45,85.344,13.88888889,0.1
3/3/2026 10:00,85.344,13.88888889,0.1
3/3/2026 10:15,85.344,13.88888889,0.1
3/3/2026 10:30,85.344,13.88888889,0.1
3/3/2026 10:45,85.344,13.88888889,0.1
3/3/2026 11:00,85.344,13.88888889,0.1
3/3/2026 11:15,85.344,13.88888889,0.1
3/3/2026 11:30,85.344,13.88888889,0.1
3/3/2026 11:45,85.344,13.88888889,0.1
3/3/2026 12:00,85.344,13.88888889,0.1
3/3/2026 12:15,85.344,13.88888889,0.1
3/3/2026 12:30,85.344,13.88888889,0.1
3/3/2026 12:45,85.344,13.88888889,0.1
3/3/2026 13:00,85.344,13.88888889,0.1
3/3/2026 13:15,85.344,13.88888889,0.1
3/3/2026 13:30,85.344,14.44444444,0.1
3/3/2026 13:45,85.344,14.44444444,0.1
3/3/2026 14:00,85.344,14.44444444,0.1
3/3/2026 14:15,85.344,14.44444444,0.1
3/3/2026 14:30,85.344,14.44444444,0.1
3/3/2026 14:45,85.344,14.44444444,0.1
3/3/2026 15:00,85.344,14.44444444,0.1
3/3/2026 15:15,85.344,14.44444444,0.1
3/3/2026 15:30,85.344,14.44444444,0.1
3/3/2026 15:45,85.344,14.44444444,0.1
3/3/2026 16:00,85.344,14.44444444,0.1
3/3/2026 16:15,85.344,14.44444444,0.1
3/3/2026 16:30,85.344,14.44444444,0.1
3/3/2026 16:45,85.344,14.44444444,0.1
3/3/2026 17:00,85.344,14.44444444,0.1
3/3/2026 17:15,85.344,14.44444444,0.1
3/3/2026 17:30,85.344,14.44444444,0.1
3/3/2026 17:45,85.344,14.44444444,0.1
3/3/2026 18:00,85.344,14.44444444,0.1
3/3/2026 18:15,85.344,14.44444444,0.1
3/3/2026 18:30,85.344,14.44444444,0.1
3/3/2026 18:45,85.344,14.44444444,0.1
3/3/2026 19:00,85.344,14.44444444,0.1
3/3/2026 19:15,85.344,14.44444444,0.1
3/3/2026 19:30,85.344,14.44444444,0.1
3/3/2026 19:45,85.344,14.44444444,0.1
3/3/2026 20:00,85.344,14.44444444,0.1
3/3/2026 20:15,85.344,14.44444444,0.1
3/3/2026 20:30,85.344,14.44444444,0.1
3/3/2026 20:45,85.344,14.44444444,0.1
3/3/2026 21:00,85.344,14.44444444,0.1
3/3/2026 21:15,85.344,14.44444444,0.1
3/3/2026 21:30,85.344,14.44444444,0.1
3/3/2026 21:45,85.344,14.44444444,0.1
3/3/2026 22:00,85.344,14.44444444,0.1
3/3/2026 22:15,85.344,14.44444444,0.1
3/3/2026 22:30,85.344,14.44444444,0.1
3/3/2026 22:45,85.344,14.44444444,0.1
3/3/2026 23:00,85.344,14.44444444,0.1
3/3/2026 23:15,85.344,14.44444444,0.1
3/3/2026 23:30,85.344,14.44444444,0.1
3/3/2026 23:45,85.344,14.44444444,0.1
3/4/2026 0:00,85.344,14.44444444,0.1
3/4/2026 0:15,85.344,14.44444444,0.1
3/4/2026 0:30,85.344,14.44444444,0.1
3/4/2026 0:45,85.344,14.44444444,0.1
3/4/2026 1:00,85.344,14.44444444,0.1
3/4/2026 1:15,85.344,14.44444444,0.1
3/4/2026 1:30,85.344,14.44444444,0.1
3/4/2026 1:45,85.344,14.44444444,0.1
3/4/2026 2:00,85.344,14.44444444,0.1
3/4/2026 2:15,85.344,14.44444444,0.1
3/4/2026 2:30,85.344,14.44444444,0.1
3/4/2026 2:45,85.344,14.44444444,0.1
3/4/2026 3:00,85.344,14.44444444,0.1
3/4/2026 3:15,85.344,14.44444444,0.1
3/4/2026 3:30,85.344,14.44444444,0.1
3/4/2026 3:45,85.344,14.44444444,0.1
3/4/2026 4:00,85.344,14.44444444,0.1
3/4/2026 4:15,85.344,14.44444444,0.1
3/4/2026 4:30,85.344,14.44444444,0.1
3/4/2026 4:45,85.344,14.44444444,0.1
3/4/2026 5:00,85.344,14.44444444,0.1
3/4/2026 5:15,85.344,14.44444444,0.1
3/4/2026 5:30,85.344,14.44444444,0.1
3/4/2026 5:45,85.344,14.44444444,0.1
3/4/2026 6:00,85.344,14.44444444,0.1
3/4/2026 6:15,85.344,14.44444444,0.1
3/4/2026 6:30,85.344,14.44444444,0.1
3/4/2026 6:45,85.344,14.44444444,0.1
3/4/2026 7:00,85.344,14.44444444,0.1
3/4/2026 7:15,85.344,14.44444444,0.1
3/4/2026 7:30,85.344,14.44444444,0.1
3/4/2026 7:45,85.344,14.44444444,0.1
3/4/2026 8:00,85.344,14.44444444,0.1
3/4/2026 8:15,85.344,14.44444444,0.1
3/4/2026 8:30,85.344,14.44444444,0.1
3/4/2026 8:45,85.344,14.44444444,0.1
3/4/2026 9:00,85.344,14.44444444,0.1
3/4/2026 9:15,85.344,14.44444444,0.1
3/4/2026 9:30,85.344,14.44444444,0.1
3/4/2026 9:45,85.344,14.44444444,0.1
3/4/2026 10:00,85.344,14.44444444,0.1
3/4/2026 10:15,85.344,14.44444444,0.1
3/4/2026 10:30,85.344,14.44444444,0.1
3/4/2026 10:45,85.344,14.44444444,0.1
3/4/2026 11:00,85.344,14.44444444,0.1
3/4/2026 11:15,85.344,14.44444444,0.1
3/4/2026 11:30,85.344,14.44444444,0.1
3/4/2026 11:45,85.344,14.44444444,0.1
3/4/2026 12:00,85.344,14.44444444,0.1
3/4/2026 12:15,85.344,14.44444444,0.1
3/4/2026 12:30,85.344,14.44444444,0.1
3/4/2026 12:45,85.344,14.44444444,0.1
3/4/2026 13:00,85.344,14.44444444,0.1
3/4/2026 13:15,85.344,14.44444444,0.1
3/4/2026 13:30,85.344,14.44444444,0.1
3/4/2026 13:45,85.344,15,0.1
3/4/2026 14:00,85.344,15,0.1
3/4/2026 14:15,85.344,15,0.1
3/4/2026 14:30,85.344,15,0.1
3/4/2026 14:45,85.344,15,0.1
3/4/2026 15:00,85.344,15,0.1
3/4/2026 15:15,85.344,15,0.1
3/4/2026 15:30,85.344,15,0.1
3/4/2026 15:45,85.344,15,0.1
3/4/2026 16:00,85.344,15,0.1
3/4/2026 16:15,85.344,15,0.1
3/4/2026 16:30,85.344,15,0.1
3/4/2026 16:45,85.344,15,0.1
3/4/2026 17:00,85.344,15,0.1
3/4/2026 17:15,85.344,15,0.1
3/4/2026 17:30,85.344,15,0.1
3/4/2026 17:45,85.344,15,0.1
3/4/2026 18:00,85.344,15,0.1
3/4/2026 18:15,85.344,15,0.1
3/4/2026 18:30,85.344,15,0.1
3/4/2026 18:45,85.344,15,0.1
3/4/2026 19:00,85.344,15,0.1
3/4/2026 19:15,85.344,15,0.1
3/4/2026 19:30,85.344,15,0.1
3/4/2026 19:45,85.344,15,0.1
3/4/2026 20:00,85.344,15,0.1
3/4/2026 20:15,85.344,15,0.1
3/4/2026 20:30,85.344,15,0.1
3/4/2026 20:45,85.344,15,0.1
3/4/2026 21:00,85.344,15,0.1
3/4/2026 21:15,85.344,15,0.1
3/4/2026 21:30,85.344,15,0.1
3/4/2026 21:45,85.344,15,0.1
3/4/2026 22:00,85.344,15,0.1
3/4/2026 22:15,85.344,15,0.1
3/4/2026 22:30,85.344,15,0.1
3/4/2026 22:45,85.344,15,0.1
3/4/2026 23:00,85.344,15,0.1
3/4/2026 23:15,85.344,15,0.1
3/4/2026 23:30,85.344,15,0.1
3/4/2026 23:45,85.344,15,0.1
3/5/2026 0:00,85.344,15,0.1
3/5/2026 0:15,85.344,15,0.1
3/5/2026 0:30,85.344,15,0.1
3/5/2026 0:45,85.344,15,0.1
3/5/2026 1:00,85.344,15,0.1
3/5/2026 1:15,85.344,15,0.1
3/5/2026 1:30,85.344,15,0.1
3/5/2026 1:45,85.344,15,0.1
3/5/2026 2:00,85.344,15,0.1
3/5/2026 2:15,85.344,15,0.1
3/5/2026 2:30,85.344,15,0.1
3/5/2026 2:45,85.344,15,0.1
3/5/2026 3:00,85.344,15,0.1
3/5/2026 3:15,85.344,15,0.1
3/5/2026 3:30,85.344,15,0.1
3/5/2026 3:45,85.344,15,0.1
3/5/2026 4:00,85.344,15,0.1
3/5/2026 4:15,85.344,15,0.1
3/5/2026 4:30,85.344,15,0.1
3/5/2026 4:45,85.344,15,0.1
3/5/2026 5:00,85.344,15,0.1
3/5/2026 5:15,85.344,15,0.1
3/5/2026 5:30,85.344,15,0.1
3/5/2026 5:45,85.344,15,0.1
3/5/2026 6:00,85.344,15,0.1
3/5/2026 6:15,85.344,15,0.1
3/5/2026 6:30,85.344,15,0.1
3/5/2026 6:45,85.344,15,0.1
3/5/2026 7:00,85.344,15,0.1
3/5/2026 7:15,85.344,15,0.1
3/5/2026 7:30,85.344,15,0.1
3/5/2026 7:45,85.344,15,0.1
3/5/2026 8:00,85.344,15,0.1
3/5/2026 8:15,85.344,15,0.1
3/5/2026 8:30,85.344,15,0.1
3/5/2026 8:45,85.344,15,0.1
3/5/2026 9:00,85.344,15,0.1
3/5/2026 9:15,85.344,15,0.1
3/5/2026 9:30,85.344,15,0.1
3/5/2026 9:45,85.344,15,0.1
3/5/2026 10:00,85.344,15,0.1
3/5/2026 10:15,85.344,15,0.1
3/5/2026 10:30,85.344,15,0.1
3/5/2026 10:45,85.344,15,0.1
3/5/2026 11:00,85.344,15,0.1
3/5/2026 11:15,85.344,15,0.1
3/5/2026 11:30,85.344,15,0.1
3/5/2026 11:45,85.344,15,0.1
3/5/2026 12:00,85.344,15,0.1
3/5/2026 12:15,85.344,15,0.1
3/5/2026 12:30,85.344,15,0.1
3/5/2026 12:45,85.344,15,0.1
3/5/2026 13:00,85.344,15,0.1
3/5/2026 13:15,85.344,15.55555556,0.1
3/5/2026 13:30,85.344,15.55555556,0.1
3/5/2026 13:45,85.344,15.55555556,0.1
3/5/2026 14:00,85.344,15.55555556,0.1
3/5/2026 14:15,85.344,15.55555556,0.1
3/5/2026 14:30,85.344,15.55555556,0.1
3/5/2026 14:45,85.344,15.55555556,0.1
3/5/2026 15:00,85.344,15.55555556,0.1
3/5/2026 15:15,82.296,15.55555556,0.1
3/5/2026 15:30,85.344,15.55555556,0.1
3/5/2026 15:45,85.344,15.55555556,0.1
3/5/2026 16:00,85.344,15.55555556,0.1
3/5/2026 16:15,85.344,15.55555556,0.1
3/5/2026 16:30,82.296,15.55555556,0.1
3/5/2026 16:45,85.344,15.55555556,0.1
3/5/2026 17:00,85.344,15.55555556,0.1
3/5/2026 17:15,85.344,15.55555556,0.1
3/5/2026 17:30,85.344,15.55555556,0.1
3/5/2026 17:45,85.344,15.55555556,0.1
3/5/2026 18:00,82.296,15.55555556,0.1
3/5/2026 18:15,82.296,15.55555556,0.1
3/5/2026 18:30,82.296,15.55555556,0.1
3/5/2026 18:45,82.296,15.55555556,0.1
3/5/2026 19:00,82.296,15.55555556,0.1
3/5/2026 19:15,82.296,15.55555556,0.1
3/5/2026 19:30,82.296,15.55555556,0.1
3/5/2026 19:45,82.296,15.55555556,0.1
3/5/2026 20:00,82.296,15.55555556,0.1
3/5/2026 20:15,82.296,15.55555556,0.1
3/5/2026 20:30,82.296,15.55555556,0.1
3/5/2026 20:45,82.296,15.55555556,0.1
3/5/2026 21:00,82.296,15.55555556,0.1
3/5/2026 21:15,82.296,15.55555556,0.1
3/5/2026 21:30,82.296,15.55555556,0.1
3/5/2026 21:45,82.296,15.55555556,0.1
3/5/2026 22:00,82.296,15.55555556,0.1
3/5/2026 22:15,82.296,15.55555556,0.1
3/5/2026 22:30,82.296,15.55555556,0.1
3/5/2026 22:45,82.296,15.55555556,0.1
3/5/2026 23:00,82.296,15.55555556,0.1
3/5/2026 23:15,82.296,15.55555556,0.1
3/5/2026 23:30,82.296,15.55555556,0.1
3/5/2026 23:45,82.296,15.55555556,0.1
3/6/2026 0:00,82.296,15.55555556,0.1
3/6/2026 0:15,82.296,15.55555556,0.1
3/6/2026 0:30,82.296,15.55555556,0.1
3/6/2026 0:45,82.296,15.55555556,0.1
3/6/2026 1:00,82.296,15.55555556,0.1
3/6/2026 1:15,82.296,15.55555556,0.1
3/6/2026 1:30,82.296,15.55555556,0.1
3/6/2026 1:45,82.296,15.55555556,0.1
3/6/2026 2:00,82.296,15.55555556,0.1
3/6/2026 2:15,82.296,15.55555556,0.1
3/6/2026 2:30,82.296,15.55555556,0.1
3/6/2026 2:45,82.296,15.55555556,0.1
3/6/2026 3:00,82.296,15.55555556,0.1
3/6/2026 3:15,82.296,15.55555556,0.1
3/6/2026 3:30,82.296,15.55555556,0.1
3/6/2026 3:45,82.296,15.55555556,0.1
3/6/2026 4:00,82.296,15.55555556,0.1
3/6/2026 4:15,82.296,15.55555556,0.1
3/6/2026 4:30,82.296,15.55555556,0.1
3/6/2026 4:45,82.296,15.55555556,0.1
3/6/2026 5:00,82.296,15.55555556,0.1
3/6/2026 5:15,82.296,15.55555556,0.1
3/6/2026 5:30,82.296,15.55555556,0.1
3/6/2026 5:45,82.296,15.55555556,0.1
3/6/2026 6:00,82.296,15.55555556,0.1
3/6/2026 6:15,82.296,15.55555556,0.1
3/6/2026 6:30,82.296,15.55555556,0.1
3/6/2026 6:45,82.296,15.55555556,0.1
3/6/2026 7:00,82.296,15.55555556,0.1
3/6/2026 7:15,82.296,15.55555556,0.1
3/6/2026 7:30,82.296,15.55555556,0.1
3/6/2026 7:45,82.296,15.55555556,0.1
3/6/2026 8:00,82.296,15.55555556,0.1
3/6/2026 8:15,82.296,15.55555556,0.1
3/6/2026 8:30,82.296,15.55555556,0.1
3/6/2026 8:45,82.296,15.55555556,0.1
3/6/2026 9:00,82.296,15.55555556,0.1
3/6/2026 9:15,82.296,15.55555556,0.1
3/6/2026 9:30,82.296,15.55555556,0.1
3/6/2026 9:45,82.296,15.55555556,0.1
3/6/2026 10:00,82.296,15.55555556,0.1
3/6/2026 10:15,82.296,15.55555556,0.1
3/6/2026 10:30,82.296,15.55555556,0.1
3/6/2026 10:45,82.296,15.55555556,0.1
3/6/2026 11:00,82.296,15.55555556,0.1
3/6/2026 11:15,82.296,15.55555556,0.1
3/6/2026 11:30,82.296,15.55555556,0.1
3/6/2026 11:45,82.296,16.11111111,0.1
3/6/2026 12:00,82.296,16.11111111,0.1
3/6/2026 12:15,82.296,16.11111111,0.1
3/6/2026 12:30,82.296,16.11111111,0.1
3/6/2026 12:45,82.296,16.11111111,0.1
3/6/2026 13:00,82.296,16.11111111,0.1
3/6/2026 13:15,82.296,16.11111111,0.1
3/6/2026 13:30,82.296,16.11111111,0.1
3/6/2026 13:45,82.296,16.11111111,0.1
3/6/2026 14:00,82.296,16.11111111,0.1
3/6/2026 14:15,82.296,16.11111111,0.1
3/6/2026 14:30,82.296,16.11111111,0.1
3/6/2026 14:45,82.296,16.11111111,0.1
3/6/2026 15:00,82.296,16.11111111,0.1
3/6/2026 15:15,82.296,16.11111111,0.1
3/6/2026 15:30,82.296,16.11111111,0.1
3/6/2026 15:45,82.296,16.11111111,0.1
3/6/2026 16:00,82.296,16.11111111,0.1
3/6/2026 16:15,82.296,16.11111111,0.1
3/6/2026 16:30,82.296,16.11111111,0.1
3/6/2026 16:45,82.296,16.11111111,0.1
3/6/2026 17:00,82.296,16.11111111,0.1
3/6/2026 17:15,82.296,16.11111111,0.1
3/6/2026 17:30,82.296,16.11111111,0.1
3/6/2026 17:45,82.296,16.11111111,0.1
3/6/2026 18:00,82.296,16.11111111,0.1
3/6/2026 18:15,82.296,16.11111111,0.1
3/6/2026 18:30,82.296,16.11111111,0.1
3/6/2026 18:45,82.296,16.11111111,0.1
3/6/2026 19:00,82.296,16.11111111,0.1
3/6/2026 19:15,82.296,16.11111111,0.1
3/6/2026 19:30,82.296,16.11111111,0.1
3/6/2026 19:45,82.296,16.11111111,0.1
3/6/2026 20:00,82.296,16.11111111,0.1
3/6/2026 20:15,82.296,16.11111111,0.1
3/6/2026 20:30,82.296,16.11111111,0.1
3/6/2026 20:45,82.296,16.11111111,0.1
3/6/2026 21:00,82.296,16.11111111,0.1
3/6/2026 21:15,82.296,16.11111111,0.1
3/6/2026 21:30,82.296,16.11111111,0.1
3/6/2026 21:45,82.296,16.11111111,0.1
3/6/2026 22:00,82.296,16.11111111,0.1
3/6/2026 22:15,82.296,16.11111111,0.1
3/6/2026 22:30,82.296,16.11111111,0.1
3/6/2026 22:45,82.296,16.11111111,0.1
3/6/2026 23:00,82.296,16.11111111,0.1
3/6/2026 23:15,82.296,16.11111111,0.1
3/6/2026 23:30,82.296,16.11111111,0.1
3/6/2026 23:45,82.296,16.11111111,0.1
3/7/2026 0:00,82.296,16.11111111,0.1
3/7/2026 0:15,82.296,16.11111111,0.1
3/7/2026 0:30,82.296,16.11111111,0.1
3/7/2026 0:45,82.296,16.11111111,0.1
3/7/2026 1:00,82.296,16.11111111,0.1
3/7/2026 1:15,82.296,16.11111111,0.1
3/7/2026 1:30,82.296,16.11111111,0.1
3/7/2026 1:45,82.296,16.11111111,0.1
3/7/2026 2:00,82.296,16.11111111,0.1
3/7/2026 2:15,82.296,16.11111111,0.1
3/7/2026 2:30,82.296,16.11111111,0.1
3/7/2026 2:45,82.296,16.11111111,0.1
3/7/2026 3:00,82.296,16.11111111,0.1
3/7/2026 3:15,82.296,16.11111111,0.1
3/7/2026 3:30,82.296,16.11111111,0.1
3/7/2026 3:45,82.296,16.11111111,0.1
3/7/2026 4:00,82.296,16.11111111,0.1
3/7/2026 4:15,82.296,16.11111111,0.1
3/7/2026 4:30,82.296,16.66666667,0.1
3/7/2026 4:45,82.296,16.66666667,0.1
3/7/2026 5:00,82.296,16.66666667,0.1
3/7/2026 5:15,82.296,16.66666667,0.1
3/7/2026 5:30,82.296,16.66666667,0.1
3/7/2026 5:45,82.296,16.66666667,0.1
3/7/2026 6:00,82.296,16.66666667,0.1
3/7/2026 6:15,82.296,16.66666667,0.1
3/7/2026 6:30,82.296,16.66666667,0.1
3/7/2026 6:45,82.296,16.66666667,0.1
3/7/2026 7:00,82.296,16.66666667,0.1
3/7/2026 7:15,82.296,16.66666667,0.1
3/7/2026 7:30,82.296,16.66666667,0.1
3/7/2026 7:45,82.296,16.66666667,0.1
3/7/2026 8:00,82.296,16.66666667,0.1
3/7/2026 8:15,82.296,16.66666667,0.1
3/7/2026 8:30,82.296,16.66666667,0.1
3/7/2026 8:45,82.296,16.66666667,0.1
3/7/2026 9:00,82.296,16.66666667,0.1
3/7/2026 9:15,82.296,16.66666667,0.1
3/7/2026 9:30,82.296,16.66666667,0.1
3/7/2026 9:45,82.296,16.66666667,0.1
3/7/2026 10:00,82.296,16.66666667,0.1
3/7/2026 10:15,82.296,16.66666667,0.1
3/7/2026 10:30,82.296,16.66666667,0.1
3/7/2026 10:45,82.296,16.66666667,0.1
3/7/2026 11:00,82.296,16.66666667,0.1
3/7/2026 11:15,82.296,16.66666667,0.1
3/7/2026 11:30,82.296,16.66666667,0.1
3/7/2026 11:45,82.296,16.66666667,0.1
3/7/2026 12:00,82.296,16.66666667,0.1
3/7/2026 12:15,82.296,16.66666667,0.1
3/7/2026 12:30,82.296,16.66666667,0.1
3/7/2026 12:45,82.296,16.66666667,0.1
3/7/2026 13:00,82.296,16.66666667,0.1
3/7/2026 13:15,82.296,16.66666667,0.1
3/7/2026 13:30,82.296,16.66666667,0.1
3/7/2026 13:45,82.296,16.66666667,0.1
3/7/2026 14:00,82.296,16.66666667,0.1
3/7/2026 14:15,82.296,16.66666667,0.1
3/7/2026 14:30,82.296,16.66666667,0.1
3/7/2026 14:45,82.296,16.66666667,0.1
3/7/2026 15:00,82.296,17.22222222,0.1
3/7/2026 15:15,82.296,17.22222222,0.1
3/7/2026 15:30,82.296,17.22222222,0.1
3/7/2026 15:45,82.296,17.22222222,0.1
3/7/2026 16:00,82.296,17.22222222,0.1
3/7/2026 16:15,82.296,17.22222222,0.1
3/7/2026 16:30,82.296,17.22222222,0.1
3/7/2026 16:45,82.296,17.22222222,0.1
3/7/2026 17:00,82.296,17.22222222,0.1
3/7/2026 17:15,82.296,17.22222222,0.1
3/7/2026 17:30,82.296,17.22222222,0.1
3/7/2026 17:45,82.296,17.22222222,0.1
3/7/2026 18:00,82.296,17.22222222,0.1
3/7/2026 18:15,82.296,17.22222222,0.1
3/7/2026 18:30,82.296,17.22222222,0.1
3/7/2026 18:45,82.296,17.22222222,0.1
3/7/2026 19:00,82.296,17.22222222,0.1
3/7/2026 19:15,82.296,17.22222222,0.1
3/7/2026 19:30,82.296,17.22222222,0.1
3/7/2026 19:45,82.296,17.22222222,0.1
3/7/2026 20:00,82.296,17.22222222,0.1
3/7/2026 20:15,82.296,17.22222222,0.1
3/7/2026 20:30,82.296,17.22222222,0.1
3/7/2026 20:45,82.296,17.22222222,0.1
3/7/2026 21:00,82.296,17.22222222,0.1
3/7/2026 21:15,82.296,17.22222222,0.1
3/7/2026 21:30,82.296,17.22222222,0.1
3/7/2026 21:45,82.296,17.22222222,0.1
3/7/2026 22:00,82.296,17.22222222,0.1
3/7/2026 22:15,82.296,17.22222222,0.1
3/7/2026 22:30,82.296,17.22222222,0.1
3/7/2026 22:45,82.296,17.22222222,0.1
3/7/2026 23:00,82.296,17.22222222,0.1
3/7/2026 23:15,82.296,17.22222222,0.1
3/7/2026 23:30,82.296,17.22222222,0.1
3/7/2026 23:45,82.296,17.22222222,0.1
3/8/2026 0:00,82.296,17.22222222,0.1
3/8/2026 0:15,82.296,17.22222222,0.1
3/8/2026 0:30,82.296,17.22222222,0.1
3/8/2026 0:45,82.296,17.22222222,0.1
3/8/2026 1:00,82.296,17.22222222,0.1
3/8/2026 1:15,82.296,17.22222222,0.1
3/8/2026 1:30,82.296,17.22222222,0.1
3/8/2026 1:45,82.296,17.22222222,0.1
3/8/2026 3:00,82.296,17.22222222,0.1
3/8/2026 3:15,82.296,17.22222222,0.1
3/8/2026 3:30,82.296,17.22222222,0.1
3/8/2026 3:45,82.296,17.22222222,0.1
3/8/2026 4:00,82.296,17.22222222,0.1
3/8/2026 4:15,82.296,17.22222222,0.1
3/8/2026 4:30,82.296,17.22222222,0.1
3/8/2026 4:45,82.296,17.22222222,0.1
3/8/2026 5:00,82.296,17.22222222,0.1
3/8/2026 5:15,82.296,17.22222222,0.1
3/8/2026 5:30,82.296,17.22222222,0.1
3/8/2026 5:45,82.296,17.22222222,0.1
3/8/2026 6:00,82.296,17.22222222,0.1
3/8/2026 6:15,82.296,17.22222222,0.1
3/8/2026 6:30,82.296,17.22222222,0.1
3/8/2026 6:45,82.296,17.22222222,0.1
3/8/2026 7:00,82.296,17.22222222,0.1
3/8/2026 7:15,82.296,17.22222222,0.1
3/8/2026 7:30,82.296,17.22222222,0.1
3/8/2026 7:45,82.296,17.22222222,0.1
3/8/2026 8:00,82.296,17.22222222,0.1
3/8/2026 8:15,82.296,17.22222222,0.1
3/8/2026 8:30,82.296,17.22222222,0.1
3/8/2026 8:45,82.296,17.22222222,0.1
3/8/2026 9:00,82.296,17.22222222,0.1
3/8/2026 9:15,82.296,17.22222222,0.1
3/8/2026 9:30,82.296,17.22222222,0.1
3/8/2026 9:45,82.296,17.22222222,0.1
3/8/2026 10:00,82.296,17.22222222,0.1
3/8/2026 10:15,82.296,17.22222222,0.1
3/8/2026 10:30,82.296,17.22222222,0.1
3/8/2026 10:45,82.296,17.22222222,0.1
3/8/2026 11:00,82.296,17.22222222,0.1
3/8/2026 11:15,82.296,17.22222222,0.1
3/8/2026 11:30,82.296,17.77777778,0.1
3/8/2026 11:45,82.296,17.77777778,0.1
3/8/2026 12:00,82.296,17.77777778,0.1
3/8/2026 12:15,82.296,17.77777778,0.1
3/8/2026 12:30,82.296,17.77777778,0.1
3/8/2026 12:45,82.296,17.77777778,0.1
3/8/2026 13:00,82.296,17.77777778,0.1
3/8/2026 13:15,82.296,17.77777778,0.1
3/8/2026 13:30,82.296,17.77777778,0.1
3/8/2026 13:45,82.296,17.77777778,0.1
3/8/2026 14:00,82.296,17.77777778,0.1
3/8/2026 14:15,82.296,17.77777778,0.1
3/8/2026 14:30,82.296,17.77777778,0.1
3/8/2026 14:45,82.296,17.77777778,0.1
3/8/2026 15:00,82.296,17.77777778,0.1
3/8/2026 15:15,82.296,17.77777778,0.1
3/8/2026 15:30,82.296,17.77777778,0.1
3/8/2026 15:45,82.296,17.77777778,0.1
3/8/2026 16:00,82.296,17.77777778,0.1
3/8/2026 16:15,82.296,17.77777778,0.1
3/8/2026 16:30,82.296,17.77777778,0.1
3/8/2026 16:45,82.296,17.77777778,0.1
3/8/2026 17:00,82.296,17.77777778,0.1
3/8/2026 17:15,82.296,17.77777778,0.1
3/8/2026 17:30,82.296,17.77777778,0.1
3/8/2026 17:45,82.296,17.77777778,0.1
3/8/2026 18:00,82.296,17.77777778,0.1
3/8/2026 18:15,82.296,17.77777778,0.1
3/8/2026 18:30,82.296,17.77777778,0.1
3/8/2026 18:45,82.296,17.77777778,0.1
3/8/2026 19:00,82.296,17.77777778,0.1
3/8/2026 19:15,82.296,17.77777778,0.1
3/8/2026 19:30,82.296,17.77777778,0.1
3/8/2026 19:45,82.296,17.77777778,0.1
3/8/2026 20:00,85.344,17.77777778,0.1
3/8/2026 20:15,85.344,17.77777778,0.1
3/8/2026 20:30,85.344,17.77777778,0.1
3/8/2026 20:45,85.344,17.77777778,0.1
3/8/2026 21:00,85.344,17.77777778,0.1
3/8/2026 21:15,85.344,17.77777778,0.1
3/8/2026 21:30,85.344,17.77777778,0.1
3/8/2026 21:45,85.344,17.77777778,0.1
3/8/2026 22:00,85.344,17.77777778,0.1
3/8/2026 22:15,85.344,17.77777778,0.1
3/8/2026 22:30,85.344,17.77777778,0.1
3/8/2026 22:45,85.344,17.77777778,0.1
3/8/2026 23:00,85.344,17.77777778,0.1
3/8/2026 23:15,85.344,17.77777778,0.1
3/8/2026 23:30,85.344,17.77777778,0.1
3/8/2026 23:45,85.344,17.77777778,0.1
3/9/2026 0:00,85.344,17.77777778,0.1
3/9/2026 0:15,85.344,17.77777778,0.1
3/9/2026 0:30,85.344,17.77777778,0.1
3/9/2026 0:45,85.344,17.77777778,0.1
3/9/2026 1:00,85.344,17.77777778,0.1
3/9/2026 1:15,85.344,17.77777778,0.1
3/9/2026 1:30,85.344,17.77777778,0.1
3/9/2026 1:45,85.344,17.77777778,0.1
3/9/2026 2:00,85.344,17.77777778,0.1
3/9/2026 2:15,85.344,17.77777778,0.1
3/9/2026 2:30,85.344,17.77777778,0.1
3/9/2026 2:45,85.344,17.77777778,0.1
3/9/2026 3:00,85.344,17.77777778,0.1
3/9/2026 3:15,85.344,17.77777778,0.1
3/9/2026 3:30,85.344,17.77777778,0.1
3/9/2026 3:45,85.344,17.77777778,0.1
3/9/2026 4:00,85.344,17.77777778,0.1
3/9/2026 4:15,85.344,17.77777778,0.1
3/9/2026 4:30,85.344,17.77777778,0.1
3/9/2026 4:45,85.344,17.77777778,0.1
3/9/2026 5:00,85.344,17.77777778,0.1
3/9/2026 5:15,85.344,17.77777778,0.1
3/9/2026 5:30,85.344,17.77777778,0.1
3/9/2026 5:45,85.344,17.77777778,0.1
3/9/2026 6:00,85.344,17.77777778,0.1
3/9/2026 6:15,85.344,17.77777778,0.1
3/9/2026 6:30,85.344,17.77777778,0.1
3/9/2026 6:45,85.344,17.77777778,0.1
3/9/2026 7:00,85.344,17.77777778,0.1
3/9/2026 7:15,85.344,17.77777778,0.1
3/9/2026 7:30,85.344,17.77777778,0.1
3/9/2026 7:45,85.344,17.77777778,0.1
3/9/2026 8:00,85.344,17.77777778,0.1
3/9/2026 8:15,85.344,17.77777778,0.1
3/9/2026 8:30,85.344,17.77777778,0.1
3/9/2026 8:45,85.344,17.77777778,0.1
3/9/2026 9:00,85.344,17.77777778,0.1
3/9/2026 9:15,85.344,17.77777778,0.1
3/9/2026 9:30,85.344,18.33333333,0.1
3/9/2026 9:45,85.344,18.33333333,0.1
3/9/2026 10:00,85.344,18.33333333,0.1
3/9/2026 10:15,85.344,18.33333333,0.1
3/9/2026 10:30,85.344,18.33333333,0.1
3/9/2026 10:45,85.344,18.33333333,0.1
3/9/2026 11:00,85.344,18.33333333,0.1
3/9/2026 11:15,85.344,18.33333333,0.1
3/9/2026 11:30,85.344,18.33333333,0.1
3/9/2026 11:45,85.344,18.33333333,0.1
3/9/2026 12:00,85.344,18.33333333,0.1
3/9/2026 12:15,85.344,18.33333333,0.1
3/9/2026 12:30,85.344,18.33333333,0.1
3/9/2026 12:45,85.344,18.33333333,0.1
3/9/2026 13:00,85.344,18.33333333,0.1
3/9/2026 13:15,85.344,18.33333333,0.1
3/9/2026 13:30,85.344,18.33333333,0.1
3/9/2026 13:45,85.344,18.33333333,0.1
3/9/2026 14:00,85.344,18.33333333,0.1
3/9/2026 14:15,85.344,18.33333333,0.1
3/9/2026 14:30,85.344,18.33333333,0.1
3/9/2026 14:45,85.344,18.33333333,0.1
3/9/2026 15:00,85.344,18.33333333,0.1
3/9/2026 15:15,85.344,18.33333333,0.1
3/9/2026 15:30,85.344,18.33333333,0.1
3/9/2026 15:45,85.344,18.33333333,0.1
3/9/2026 16:00,85.344,18.33333333,0.1
3/9/2026 16:15,85.344,18.33333333,0.1
3/9/2026 16:30,85.344,18.33333333,0.1
3/9/2026 16:45,85.344,18.33333333,0.1
3/9/2026 17:00,85.344,18.33333333,0.1
3/9/2026 17:15,85.344,18.33333333,0.1
3/9/2026 17:30,85.344,18.33333333,0.1
3/9/2026 17:45,85.344,18.33333333,0.1
3/9/2026 18:00,85.344,18.33333333,0.1
3/9/2026 18:15,85.344,18.33333333,0.1
3/9/2026 18:30,85.344,18.33333333,0.1
3/9/2026 18:45,85.344,18.33333333,0.1
3/9/2026 19:00,85.344,18.33333333,0.1
3/9/2026 19:15,85.344,18.33333333,0.1
3/9/2026 19:30,85.344,18.33333333,0.1
3/9/2026 19:45,85.344,18.33333333,0.1
3/9/2026 20:00,85.344,18.33333333,0.1
3/9/2026 20:15,85.344,18.33333333,0.1
3/9/2026 20:30,85.344,18.33333333,0.1
3/9/2026 20:45,85.344,18.33333333,0.1
3/9/2026 21:00,85.344,18.33333333,0.1
3/9/2026 21:15,85.344,18.33333333,0.1
3/9/2026 21:30,85.344,18.33333333,0.1
3/9/2026 21:45,85.344,18.33333333,0.1
3/9/2026 22:00,85.344,18.33333333,0.1
3/9/2026 22:15,85.344,18.33333333,0.1
3/9/2026 22:30,85.344,18.33333333,0.1
3/9/2026 22:45,85.344,18.33333333,0.1
3/9/2026 23:00,85.344,18.33333333,0.1
3/9/2026 23:15,85.344,18.33333333,0.1
3/9/2026 23:30,85.344,18.33333333,0.1
3/9/2026 23:45,85.344,18.33333333,0.1
3/10/2026 0:00,85.344,18.33333333,0.1
3/10/2026 0:15,85.344,18.33333333,0.1
3/10/2026 0:30,85.344,18.33333333,0.1
3/10/2026 0:45,85.344,18.88888889,0.1
3/10/2026 1:00,85.344,18.88888889,0.1
3/10/2026 1:15,85.344,18.88888889,0.1
3/10/2026 1:30,85.344,18.88888889,0.1
3/10/2026 1:45,85.344,18.88888889,0.1
3/10/2026 2:00,85.344,18.88888889,0.1
3/10/2026 2:15,85.344,18.88888889,0.1
3/10/2026 2:30,85.344,18.88888889,0.1
3/10/2026 2:45,85.344,18.88888889,0.1
3/10/2026 3:00,85.344,18.88888889,0.1
3/10/2026 3:15,85.344,18.88888889,0.1
3/10/2026 3:30,85.344,18.88888889,0.1
3/10/2026 3:45,85.344,18.88888889,0.1
3/10/2026 4:00,85.344,18.88888889,0.1
3/10/2026 4:15,85.344,18.88888889,0.1
3/10/2026 4:30,85.344,18.88888889,0.1
3/10/2026 4:45,85.344,18.88888889,0.1
3/10/2026 5:00,85.344,18.88888889,0.1
3/10/2026 5:15,85.344,18.88888889,0.1
3/10/2026 5:30,85.344,18.88888889,0.1
3/10/2026 5:45,85.344,18.88888889,0.1
3/10/2026 6:00,85.344,18.88888889,0.1
3/10/2026 6:15,85.344,18.88888889,0.1
3/10/2026 6:30,85.344,18.88888889,0.1
3/10/2026 6:45,85.344,18.88888889,0.1
3/10/2026 7:00,85.344,18.88888889,0.1
3/10/2026 7:15,85.344,18.88888889,0.1
3/10/2026 7:30,85.344,18.88888889,0.1
3/10/2026 7:45,85.344,18.88888889,0.1
3/10/2026 8:00,85.344,18.88888889,0.1
3/10/2026 8:15,85.344,18.88888889,0.1
3/10/2026 8:30,85.344,18.88888889,0.1
3/10/2026 8:45,85.344,18.88888889,0.1
3/10/2026 9:00,85.344,18.88888889,0.1
3/10/2026 9:15,85.344,18.88888889,0.1
3/10/2026 9:30,85.344,18.88888889,0.1
3/10/2026 9:45,85.344,18.88888889,0.1
3/10/2026 10:00,85.344,18.88888889,0.1
3/10/2026 10:15,85.344,18.88888889,0.1
3/10/2026 10:30,85.344,18.88888889,0.1
3/10/2026 10:45,85.344,18.88888889,0.1
3/10/2026 11:00,85.344,18.88888889,0.1
3/10/2026 11:15,85.344,18.88888889,0.1
3/10/2026 11:30,85.344,18.88888889,0.1
3/10/2026 11:45,85.344,18.88888889,0.1
3/10/2026 12:00,85.344,18.88888889,0.1
3/10/2026 12:15,85.344,18.88888889,0.1
3/10/2026 12:30,85.344,18.88888889,0.1
3/10/2026 12:45,85.344,18.88888889,0.1
3/10/2026 13:00,85.344,18.88888889,0.1
3/10/2026 13:15,85.344,18.88888889,0.1
3/10/2026 13:30,85.344,18.88888889,0.1
3/10/2026 13:45,85.344,18.88888889,0.1
3/10/2026 14:00,85.344,18.88888889,0.1
3/10/2026 14:15,85.344,18.88888889,0.1
3/10/2026 14:30,85.344,18.88888889,0.1
3/10/2026 14:45,85.344,18.88888889,0.1
3/10/2026 15:00,85.344,18.88888889,0.1
3/10/2026 15:15,85.344,18.88888889,0.1
3/10/2026 15:30,85.344,18.88888889,0.1
3/10/2026 15:45,85.344,18.88888889,0.1
3/10/2026 16:00,85.344,18.88888889,0.1
3/10/2026 16:15,85.344,18.88888889,0.1
3/10/2026 16:30,85.344,18.88888889,0.1
3/10/2026 16:45,85.344,19.44444444,0.1
3/10/2026 17:00,85.344,19.44444444,0.1
3/10/2026 17:15,85.344,19.44444444,0.1
3/10/2026 17:30,85.344,19.44444444,0.1
3/10/2026 17:45,85.344,19.44444444,0.1
3/10/2026 18:00,85.344,19.44444444,0.1
3/10/2026 18:15,85.344,19.44444444,0.1
3/10/2026 18:30,85.344,19.44444444,0.1
3/10/2026 18:45,85.344,19.44444444,0.1
3/10/2026 19:00,85.344,19.44444444,0.1
3/10/2026 19:15,85.344,19.44444444,0.1
3/10/2026 19:30,85.344,19.44444444,0.1
3/10/2026 19:45,85.344,19.44444444,0.1
3/10/2026 20:00,85.344,19.44444444,0.1
3/10/2026 20:15,85.344,19.44444444,0.1
3/10/2026 20:30,85.344,19.44444444,0.1
3/10/2026 20:45,85.344,19.44444444,0.1
3/10/2026 21:00,85.344,19.44444444,0.1
3/10/2026 21:15,85.344,19.44444444,0.1
3/10/2026 21:30,85.344,19.44444444,0.1
3/10/2026 21:45,85.344,19.44444444,0.1
3/10/2026 22:00,85.344,19.44444444,0.1
3/10/2026 22:15,85.344,19.44444444,0.1
3/10/2026 22:30,85.344,19.44444444,0.1
3/10/2026 22:45,85.344,19.44444444,0.1
3/10/2026 23:00,85.344,19.44444444,0.1
3/10/2026 23:15,85.344,19.44444444,0.1
3/10/2026 23:30,85.344,19.44444444,0.1
3/10/2026 23:45,85.344,19.44444444,0.1
3/11/2026 0:00,85.344,19.44444444,0.1
3/11/2026 0:15,85.344,19.44444444,0.1
3/11/2026 0:30,85.344,19.44444444,0.1
3/11/2026 0:45,85.344,19.44444444,0.1
3/11/2026 1:00,85.344,19.44444444,0.2
3/11/2026 1:15,85.344,19.44444444,0.2
3/11/2026 1:30,85.344,19.44444444,0.2
3/11/2026 1:45,85.344,19.44444444,0.2
3/11/2026 2:00,85.344,19.44444444,0.2
3/11/2026 2:15,85.344,19.44444444,0.2
3/11/2026 2:30,85.344,19.44444444,0.2
3/11/2026 2:45,85.344,19.44444444,0.2
3/11/2026 3:00,85.344,19.44444444,0.2
3/11/2026 3:15,85.344,19.44444444,0.2
3/11/2026 3:30,85.344,19.44444444,0.2
3/11/2026 3:45,85.344,19.44444444,0.2
3/11/2026 4:00,85.344,19.44444444,0.2
3/11/2026 4:15,85.344,19.44444444,0.2
3/11/2026 4:30,85.344,19.44444444,0.2
3/11/2026 4:45,85.344,19.44444444,0.2
3/11/2026 5:00,85.344,19.44444444,0.2
3/11/2026 5:15,85.344,19.44444444,0.2
3/11/2026 5:30,85.344,19.44444444,0.2
3/11/2026 5:45,85.344,19.44444444,0.2
3/11/2026 6:00,85.344,19.44444444,0.1
3/11/2026 6:15,85.344,19.44444444,0.1
3/11/2026 6:30,85.344,19.44444444,0.1
3/11/2026 6:45,85.344,19.44444444,0.1
3/11/2026 7:00,85.344,19.44444444,0.1
3/11/2026 7:15,85.344,19.44444444,0.1
3/11/2026 7:30,85.344,19.44444444,0.1
3/11/2026 7:45,85.344,19.44444444,0.1
3/11/2026 8:00,85.344,19.44444444,0.1
3/11/2026 8:15,85.344,19.44444444,0.1
3/11/2026 8:30,85.344,19.44444444,0.1
3/11/2026 8:45,85.344,19.44444444,0.1
3/11/2026 9:00,85.344,19.44444444,0.1
3/11/2026 9:15,85.344,19.44444444,0.1
3/11/2026 9:30,85.344,19.44444444,0.1
3/11/2026 9:45,85.344,19.44444444,0.1
3/11/2026 10:00,85.344,19.44444444,0.1
3/11/2026 10:15,85.344,19.44444444,0.1
3/11/2026 10:30,85.344,19.44444444,0.1
3/11/2026 10:45,85.344,19.44444444,0.1
3/11/2026 11:00,85.344,19.44444444,0.1
3/11/2026 11:15,85.344,19.44444444,0.1
3/11/2026 11:30,85.344,19.44444444,0.1
3/11/2026 11:45,85.344,19.44444444,0.1
3/11/2026 12:00,85.344,19.44444444,0.1
3/11/2026 12:15,85.344,19.44444444,0.1
3/11/2026 12:30,85.344,19.44444444,0.1
3/11/2026 12:45,85.344,19.44444444,0.1
3/11/2026 13:00,85.344,19.44444444,0.1
3/11/2026 13:15,85.344,19.44444444,0.1
3/11/2026 13:30,85.344,19.44444444,0.1
3/11/2026 13:45,85.344,19.44444444,0.1
3/11/2026 14:00,85.344,19.44444444,0.1
3/11/2026 14:15,85.344,19.44444444,0.1
3/11/2026 14:30,85.344,19.44444444,0.1
3/11/2026 14:45,85.344,19.44444444,0.1
3/11/2026 15:00,85.344,19.44444444,0.1
3/11/2026 15:15,85.344,19.44444444,0.1
3/11/2026 15:30,85.344,19.44444444,0.1
3/11/2026 15:45,85.344,19.44444444,0.1
3/11/2026 16:00,85.344,19.44444444,0.1
3/11/2026 16:15,85.344,19.44444444,0.1
3/11/2026 16:30,85.344,19.44444444,0.1
3/11/2026 16:45,85.344,19.44444444,0.1
3/11/2026 17:00,85.344,19.44444444,0.1
3/11/2026 17:15,85.344,19.44444444,0.1
3/11/2026 17:30,85.344,19.44444444,0.1
3/11/2026 17:45,85.344,19.44444444,0.1
3/11/2026 18:00,85.344,19.44444444,0.1
3/11/2026 18:15,85.344,19.44444444,0.1
3/11/2026 18:30,85.344,19.44444444,0.1
3/11/2026 18:45,85.344,19.44444444,0.1
3/11/2026 19:00,85.344,19.44444444,0.1
3/11/2026 19:15,85.344,19.44444444,0.1
3/11/2026 19:30,85.344,19.44444444,0.1
3/11/2026 19:45,85.344,19.44444444,0.1
3/11/2026 20:00,85.344,19.44444444,0.1
3/11/2026 20:15,85.344,19.44444444,0.1
3/11/2026 20:30,85.344,19.44444444,0.1
3/11/2026 20:45,85.344,19.44444444,0.1
3/11/2026 21:00,85.344,19.44444444,0.1
3/11/2026 21:15,85.344,19.44444444,0.1
3/11/2026 21:30,85.344,19.44444444,0.1
3/11/2026 21:45,85.344,19.44444444,0.1
3/11/2026 22:00,85.344,19.44444444,0.1
3/11/2026 22:15,85.344,19.44444444,0.1
3/11/2026 22:30,85.344,19.44444444,0.1
3/11/2026 22:45,85.344,19.44444444,0.1
3/11/2026 23:00,85.344,19.44444444,0.1
3/11/2026 23:15,85.344,19.44444444,0.1
3/11/2026 23:30,85.344,19.44444444,0.1
3/11/2026 23:45,85.344,19.44444444,0.1
3/12/2026 0:00,85.344,19.44444444,0.1
3/12/2026 0:15,85.344,19.44444444,0.1
3/12/2026 0:30,85.344,19.44444444,0.1
3/12/2026 0:45,85.344,19.44444444,0.1
3/12/2026 1:00,85.344,19.44444444,0.1
3/12/2026 1:15,85.344,19.44444444,0.1
3/12/2026 1:30,85.344,19.44444444,0.1
3/12/2026 1:45,85.344,19.44444444,0.1
3/12/2026 2:00,85.344,19.44444444,0.1
3/12/2026 2:15,85.344,19.44444444,0.1
3/12/2026 2:30,85.344,19.44444444,0.2
3/12/2026 2:45,85.344,19.44444444,0.1
3/12/2026 3:00,85.344,19.44444444,0.1
3/12/2026 3:15,85.344,19.44444444,0.2
3/12/2026 3:30,85.344,19.44444444,0.2
3/12/2026 3:45,85.344,19.44444444,0.2
3/12/2026 4:00,85.344,19.44444444,0.2
3/12/2026 4:15,85.344,19.44444444,0.1
3/12/2026 4:30,85.344,19.44444444,0.1
3/12/2026 4:45,85.344,19.44444444,0.1
3/12/2026 5:00,85.344,19.44444444,0.1
3/12/2026 5:15,85.344,19.44444444,0.1
3/12/2026 5:30,85.344,19.44444444,0.1
3/12/2026 5:45,85.344,19.44444444,0.1
3/12/2026 6:00,85.344,19.44444444,0.1
3/12/2026 6:15,85.344,19.44444444,0.1
3/12/2026 6:30,85.344,19.44444444,0.1
3/12/2026 6:45,85.344,19.44444444,0.1
3/12/2026 7:00,85.344,19.44444444,0.1
3/12/2026 7:15,85.344,19.44444444,0.1
3/12/2026 7:30,85.344,19.44444444,0.1
3/12/2026 7:45,85.344,19.44444444,0.1
3/12/2026 8:00,85.344,19.44444444,0.1
3/12/2026 8:15,85.344,20,0.1
3/12/2026 8:30,85.344,20,0.2
3/12/2026 8:45,85.344,20,0.1
3/12/2026 9:00,85.344,20,0.1
3/12/2026 9:15,85.344,20,0.1
3/12/2026 9:30,85.344,20,0.1
3/12/2026 9:45,85.344,20,0.1
3/12/2026 10:00,85.344,20,0.1
3/12/2026 10:15,85.344,20,0.1
3/12/2026 10:30,85.344,20,0.1
3/12/2026 10:45,85.344,20,0.1
3/12/2026 11:00,85.344,20,0.1
3/12/2026 11:15,85.344,20,0.1
3/12/2026 11:30,85.344,20,0.1
3/12/2026 11:45,85.344,20,0.1
3/12/2026 12:00,85.344,20,0.1
3/12/2026 12:15,85.344,20,0.1
3/12/2026 12:30,85.344,20,0.1
3/12/2026 12:45,85.344,20,0.1
3/12/2026 13:00,85.344,20,0.1
3/12/2026 13:15,85.344,20,0.1
3/12/2026 13:30,85.344,20,0.1
3/12/2026 13:45,85.344,20,0.1
3/12/2026 14:00,85.344,20,0.1
3/12/2026 14:15,85.344,20,0.1
3/12/2026 14:30,85.344,20,0.1
3/12/2026 14:45,85.344,20,0.1
3/12/2026 15:00,85.344,20,0.1
3/12/2026 15:15,85.344,20,0.1
3/12/2026 15:30,85.344,20,0.1
3/12/2026 15:45,85.344,20,0.1
3/12/2026 16:00,85.344,20,0.1
3/12/2026 16:15,85.344,20,0.1
3/12/2026 16:30,85.344,20,0.1
3/12/2026 16:45,85.344,20,0.1
3/12/2026 17:00,85.344,20,0.1
3/12/2026 17:15,85.344,20,0.1
3/12/2026 17:30,85.344,20,0.1
3/12/2026 17:45,85.344,20,0.1
3/12/2026 18:00,85.344,20,0.1
3/12/2026 18:15,85.344,20,0.1
3/12/2026 18:30,85.344,20,0.1
3/12/2026 18:45,85.344,20,0.1
3/12/2026 19:00,85.344,20,0.1
3/12/2026 19:15,85.344,20,0.1
3/12/2026 19:30,85.344,20,0.1
3/12/2026 19:45,85.344,20,0.1
3/12/2026 20:00,85.344,20,0.1
3/12/2026 20:15,85.344,20,0.1
3/12/2026 20:30,85.344,20,0.1
3/12/2026 20:45,85.344,20,0.1
3/12/2026 21:00,85.344,20,0.1
3/12/2026 21:15,85.344,20,0.1
3/12/2026 21:30,85.344,20,0.1
3/12/2026 21:45,85.344,20,0.1
3/12/2026 22:00,85.344,20,0.2
3/12/2026 22:15,85.344,20,0.2
3/12/2026 22:30,85.344,20,0.2
3/12/2026 22:45,85.344,20,0.2
3/12/2026 23:00,85.344,20,0.2
3/12/2026 23:15,85.344,20,0.2
3/12/2026 23:30,85.344,20,0.2
3/12/2026 23:45,85.344,20,0.2
3/13/2026 0:00,85.344,20,0.1
3/13/2026 0:15,85.344,20,0.1
3/13/2026 0:30,85.344,20,0.1
3/13/2026 0:45,85.344,19.44444444,0.1
3/13/2026 1:00,85.344,19.44444444,0.1
3/13/2026 1:15,85.344,19.44444444,0.1
3/13/2026 1:30,85.344,19.44444444,0.1
3/13/2026 1:45,85.344,19.44444444,0.1
3/13/2026 2:00,85.344,19.44444444,0.1
3/13/2026 2:15,85.344,19.44444444,0.1
3/13/2026 2:30,85.344,19.44444444,0.1
3/13/2026 2:45,85.344,19.44444444,0.1
3/13/2026 3:00,85.344,19.44444444,0.1
3/13/2026 3:15,85.344,19.44444444,0.1
3/13/2026 3:30,85.344,19.44444444,0.1
3/13/2026 3:45,85.344,19.44444444,0.1
3/13/2026 4:00,85.344,19.44444444,0.1
3/13/2026 4:15,85.344,18.88888889,0.1
3/13/2026 4:30,85.344,18.88888889,0.1
3/13/2026 4:45,85.344,18.88888889,0.1
3/13/2026 5:00,85.344,18.88888889,0.1
3/13/2026 5:15,85.344,18.88888889,0.1
3/13/2026 5:30,85.344,18.88888889,0.1
3/13/2026 5:45,85.344,18.88888889,0.1
3/13/2026 6:00,85.344,18.88888889,0.1
3/13/2026 6:15,85.344,18.88888889,0.1
3/13/2026 6:30,85.344,18.88888889,0.1
3/13/2026 6:45,85.344,18.33333333,0.1
3/13/2026 7:00,85.344,18.33333333,0.1
3/13/2026 7:15,85.344,18.33333333,0.1
3/13/2026 7:30,85.344,18.33333333,0.1
3/13/2026 7:45,85.344,18.33333333,0.1
3/13/2026 8:00,85.344,18.33333333,0.1
3/13/2026 8:15,85.344,18.33333333,0.1
3/13/2026 8:30,85.344,18.33333333,0.1
3/13/2026 8:45,85.344,18.33333333,0.1
3/13/2026 9:00,85.344,18.33333333,0.1
3/13/2026 9:15,85.344,18.33333333,0.1
3/13/2026 9:30,85.344,18.33333333,0.1
3/13/2026 9:45,85.344,18.33333333,0.1
3/13/2026 10:00,85.344,18.33333333,0.1
3/13/2026 10:15,85.344,18.33333333,0.1
3/13/2026 10:30,85.344,18.33333333,0.1
3/13/2026 10:45,85.344,18.33333333,0.1
3/13/2026 11:00,85.344,18.33333333,0.1
3/13/2026 11:15,85.344,18.33333333,0.1
3/13/2026 11:30,85.344,18.33333333,0.1
3/13/2026 11:45,85.344,18.33333333,0.1
3/13/2026 12:00,85.344,18.33333333,0.1
3/13/2026 12:15,85.344,18.33333333,0.1
3/13/2026 12:30,85.344,18.33333333,0.1
3/13/2026 12:45,85.344,18.33333333,0.1
3/13/2026 13:00,85.344,18.33333333,0.1
3/13/2026 13:15,85.344,18.33333333,0.1
3/13/2026 13:30,85.344,18.33333333,0.1
3/13/2026 13:45,85.344,18.33333333,0.1
3/13/2026 14:00,85.344,18.33333333,0.1
3/13/2026 14:15,85.344,18.33333333,0.1
3/13/2026 14:30,85.344,18.33333333,0.1
3/13/2026 14:45,85.344,18.33333333,0.1
3/13/2026 15:00,85.344,18.33333333,0.1
3/13/2026 15:15,85.344,18.33333333,0.1
3/13/2026 15:30,85.344,18.33333333,0.1
3/13/2026 15:45,85.344,18.33333333,0.1
3/13/2026 16:00,85.344,18.33333333,0.1
3/13/2026 16:15,85.344,18.33333333,0.1
3/13/2026 16:30,85.344,18.33333333,0.1
3/13/2026 16:45,85.344,18.33333333,0.1
3/13/2026 17:00,85.344,18.33333333,0.1
3/13/2026 17:15,85.344,18.33333333,0.1
3/13/2026 17:30,85.344,18.33333333,0.1
3/13/2026 17:45,85.344,18.33333333,0.1
3/13/2026 18:00,85.344,18.33333333,0.1
3/13/2026 18:15,85.344,18.33333333,0.1
3/13/2026 18:30,85.344,18.33333333,0.1
3/13/2026 18:45,85.344,18.33333333,0.1
3/13/2026 19:00,85.344,18.33333333,0.1
3/13/2026 19:15,85.344,18.33333333,0.1
3/13/2026 19:30,85.344,18.33333333,0.1
3/13/2026 19:45,85.344,18.33333333,0.1
3/13/2026 20:00,85.344,18.33333333,0.1
3/13/2026 20:15,85.344,18.33333333,0.1
3/13/2026 20:30,85.344,18.33333333,0.1
3/13/2026 20:45,85.344,18.33333333,0.1
3/13/2026 21:00,85.344,18.33333333,0.1
3/13/2026 21:15,85.344,18.33333333,0.1
3/13/2026 21:30,85.344,18.33333333,0.1
3/13/2026 21:45,85.344,18.33333333,0.1
3/13/2026 22:00,85.344,18.33333333,0.1
3/13/2026 22:15,85.344,18.33333333,0.1
3/13/2026 22:30,85.344,18.33333333,0.1
3/13/2026 22:45,85.344,18.33333333,0.1
3/13/2026 23:00,85.344,18.33333333,0.1
3/13/2026 23:15,85.344,18.33333333,0.1
3/13/2026 23:30,85.344,18.33333333,0.1
3/13/2026 23:45,85.344,18.33333333,0.1
3/14/2026 0:00,85.344,18.33333333,0.1
3/14/2026 0:15,85.344,18.33333333,0.1
3/14/2026 0:30,85.344,18.33333333,0.1
3/14/2026 0:45,85.344,18.33333333,0.1
3/14/2026 1:00,85.344,18.33333333,0.1
3/14/2026 1:15,85.344,18.33333333,0.1
3/14/2026 1:30,85.344,18.33333333,0.1
3/14/2026 1:45,85.344,18.33333333,0.1
3/14/2026 2:00,85.344,18.33333333,0.1
3/14/2026 2:15,85.344,18.33333333,0.1
3/14/2026 2:30,85.344,18.33333333,0.1
3/14/2026 2:45,85.344,18.33333333,0.1
3/14/2026 3:00,85.344,18.33333333,0.1
3/14/2026 3:15,85.344,18.33333333,0.1
3/14/2026 3:30,85.344,18.33333333,0.1
3/14/2026 3:45,85.344,18.33333333,0.1
3/14/2026 4:00,85.344,18.33333333,0.1
3/14/2026 4:15,85.344,18.33333333,0.1
3/14/2026 4:30,85.344,18.33333333,0.1
3/14/2026 4:45,85.344,18.33333333,0.1
3/14/2026 5:00,85.344,18.33333333,0.1
3/14/2026 5:15,85.344,18.33333333,0.1
3/14/2026 5:30,85.344,17.77777778,0.1
3/14/2026 5:45,85.344,17.77777778,0.1
3/14/2026 6:00,85.344,17.77777778,0.1
3/14/2026 6:15,85.344,17.77777778,0.1
3/14/2026 6:30,85.344,17.77777778,0.1
3/14/2026 6:45,85.344,17.77777778,0.1
3/14/2026 7:00,85.344,17.77777778,0.1
3/14/2026 7:15,85.344,17.77777778,0.1
3/14/2026 7:30,85.344,17.77777778,0.1
3/14/2026 7:45,85.344,17.77777778,0.1
3/14/2026 8:00,85.344,17.77777778,0.1
3/14/2026 8:15,85.344,17.77777778,0.1
3/14/2026 8:30,85.344,17.77777778,0.1
3/14/2026 8:45,85.344,17.77777778,0.1
3/14/2026 9:00,85.344,17.77777778,0.1
3/14/2026 9:15,85.344,17.77777778,0.1
3/14/2026 9:30,85.344,17.77777778,0.1
3/14/2026 9:45,85.344,17.77777778,0.1
3/14/2026 10:00,85.344,17.77777778,0.1
3/14/2026 10:15,85.344,17.77777778,0.1
3/14/2026 10:30,85.344,17.77777778,0.1
3/14/2026 10:45,85.344,17.77777778,0.1
3/14/2026 11:00,85.344,17.77777778,0.1
3/14/2026 11:15,85.344,17.77777778,0.1
3/14/2026 11:30,85.344,17.77777778,0.1
3/14/2026 11:45,85.344,17.77777778,0.1
3/14/2026 12:00,85.344,17.77777778,0.1
3/14/2026 12:15,85.344,17.77777778,0.1
3/14/2026 12:30,85.344,17.77777778,0.1
3/14/2026 12:45,85.344,17.77777778,0.1
3/14/2026 13:00,85.344,17.77777778,0.1
3/14/2026 13:15,85.344,17.77777778,0.1
3/14/2026 13:30,85.344,17.77777778,0.1
3/14/2026 13:45,85.344,17.77777778,0.1
3/14/2026 14:00,85.344,17.77777778,0.1
3/14/2026 14:15,85.344,17.77777778,0.1
3/14/2026 14:30,85.344,17.77777778,0.1
3/14/2026 14:45,85.344,17.77777778,0.1
3/14/2026 15:00,85.344,18.33333333,0.1
3/14/2026 15:15,85.344,18.33333333,0.1
3/14/2026 15:30,85.344,18.33333333,0.1
3/14/2026 15:45,85.344,18.33333333,0.1
3/14/2026 16:00,85.344,18.33333333,0.1
3/14/2026 16:15,85.344,18.33333333,0.1
3/14/2026 16:30,85.344,18.33333333,0.1
3/14/2026 16:45,85.344,18.33333333,0.1
3/14/2026 17:00,85.344,18.33333333,0.1
3/14/2026 17:15,85.344,18.33333333,0.1
3/14/2026 17:30,85.344,18.33333333,0.1
3/14/2026 17:45,85.344,18.33333333,0.1
3/14/2026 18:00,85.344,18.33333333,0.1
3/14/2026 18:15,85.344,18.33333333,0.1
3/14/2026 18:30,85.344,18.33333333,0.1
3/14/2026 18:45,85.344,18.33333333,0.1
3/14/2026 19:00,85.344,18.33333333,0.1
3/14/2026 19:15,85.344,18.33333333,0.1
3/14/2026 19:30,85.344,18.33333333,0.1
3/14/2026 19:45,85.344,18.33333333,0.1
3/14/2026 20:00,85.344,18.33333333,0.1
3/14/2026 20:15,85.344,18.33333333,0.1
3/14/2026 20:30,85.344,18.33333333,0.1
3/14/2026 20:45,85.344,18.33333333,0.1
3/14/2026 21:00,85.344,18.33333333,0.1
3/14/2026 21:15,85.344,18.33333333,0.1
3/14/2026 21:30,82.296,18.33333333,0.1
3/14/2026 21:45,85.344,18.33333333,0.1
3/14/2026 22:00,82.296,18.33333333,0.1
3/14/2026 22:15,82.296,18.33333333,0.1
3/14/2026 22:30,85.344,18.33333333,0.1
3/14/2026 22:45,85.344,18.33333333,0.1
3/14/2026 23:00,85.344,18.33333333,0.1
3/14/2026 23:15,85.344,18.33333333,0.1
3/14/2026 23:30,85.344,18.33333333,0.1
3/14/2026 23:45,82.296,18.33333333,0.1
3/15/2026 0:00,85.344,18.33333333,0.1
3/15/2026 0:15,85.344,18.33333333,0.1
3/15/2026 0:30,82.296,18.33333333,0.1
3/15/2026 0:45,85.344,18.33333333,0.1
3/15/2026 1:00,85.344,18.33333333,0.1
3/15/2026 1:15,82.296,18.33333333,0.2
3/15/2026 1:30,82.296,18.33333333,0.2
3/15/2026 1:45,82.296,18.33333333,0.2
3/15/2026 2:00,85.344,18.33333333,0.2
3/15/2026 2:15,85.344,18.33333333,0.2
3/15/2026 2:30,82.296,18.33333333,0.2
3/15/2026 2:45,82.296,18.33333333,0.2
3/15/2026 3:00,85.344,18.33333333,0.2
3/15/2026 3:15,82.296,18.33333333,0.2
3/15/2026 3:30,82.296,18.33333333,0.2
3/15/2026 3:45,85.344,18.33333333,0.2
3/15/2026 4:00,82.296,18.33333333,0.2
3/15/2026 4:15,82.296,18.33333333,0.2
3/15/2026 4:30,82.296,18.33333333,0.2
3/15/2026 4:45,82.296,18.33333333,0.2
3/15/2026 5:00,82.296,18.33333333,0.2
3/15/2026 5:15,82.296,18.33333333,0.2
3/15/2026 5:30,82.296,18.33333333,0.2
3/15/2026 5:45,82.296,18.33333333,0.2
3/15/2026 6:00,82.296,18.33333333,0.1
3/15/2026 6:15,82.296,18.33333333,0.1
3/15/2026 6:30,82.296,18.33333333,0.1
3/15/2026 6:45,82.296,18.33333333,0.1
3/15/2026 7:00,82.296,18.33333333,0.1
3/15/2026 7:15,82.296,18.33333333,0.1
3/15/2026 7:30,82.296,18.33333333,0.1
3/15/2026 7:45,82.296,18.33333333,0.1
3/15/2026 8:00,82.296,18.33333333,0.1
3/15/2026 8:15,82.296,18.33333333,0.1
3/15/2026 8:30,82.296,18.33333333,0.1
3/15/2026 8:45,82.296,18.33333333,0.1
3/15/2026 9:00,82.296,18.33333333,0.1
3/15/2026 9:15,82.296,18.33333333,0.1
3/15/2026 9:30,82.296,18.33333333,0.1
3/15/2026 9:45,82.296,18.33333333,0.1
3/15/2026 10:00,82.296,18.33333333,0.1
3/15/2026 10:15,82.296,18.33333333,0.1
3/15/2026 10:30,82.296,18.33333333,0.1
3/15/2026 10:45,82.296,18.33333333,0.1
3/15/2026 11:00,82.296,18.33333333,0.1
3/15/2026 11:15,82.296,18.33333333,0.1
3/15/2026 11:30,82.296,18.33333333,0.1
3/15/2026 11:45,82.296,18.33333333,0.1
3/15/2026 12:00,82.296,18.33333333,0.1
3/15/2026 12:15,82.296,18.33333333,0.1
3/15/2026 12:30,82.296,18.33333333,0.1
3/15/2026 12:45,82.296,18.33333333,0.1
3/15/2026 13:00,82.296,18.33333333,0.1
3/15/2026 13:15,82.296,18.33333333,0.1
3/15/2026 13:30,82.296,18.33333333,0.1
3/15/2026 13:45,82.296,18.33333333,0.1
3/15/2026 14:00,82.296,18.33333333,0.1
3/15/2026 14:15,82.296,18.33333333,0.1
3/15/2026 14:30,82.296,18.33333333,0.1
3/15/2026 14:45,82.296,18.33333333,0.1
3/15/2026 15:00,82.296,18.33333333,0.1
3/15/2026 15:15,82.296,18.33333333,0.1
3/15/2026 15:30,82.296,18.33333333,0.1
3/15/2026 15:45,82.296,18.33333333,0.1
3/15/2026 16:00,82.296,18.33333333,0.1
3/15/2026 16:15,82.296,18.33333333,0.1
3/15/2026 16:30,82.296,18.33333333,0.1
3/15/2026 16:45,82.296,18.33333333,0.1
3/15/2026 17:00,82.296,18.33333333,0.1
3/15/2026 17:15,82.296,18.33333333,0.1
3/15/2026 17:30,82.296,18.33333333,0.1
3/15/2026 17:45,82.296,18.33333333,0.1
3/15/2026 18:00,82.296,18.33333333,0.1
3/15/2026 18:15,82.296,18.33333333,0.1
3/15/2026 18:30,82.296,18.33333333,0.1
3/15/2026 18:45,82.296,18.33333333,0.1
3/15/2026 19:00,82.296,18.33333333,0.1
3/15/2026 19:15,82.296,18.33333333,0.1
3/15/2026 19:30,82.296,18.33333333,0.1
3/15/2026 19:45,82.296,18.33333333,0.1
3/15/2026 20:00,82.296,18.33333333,0.1
3/15/2026 20:15,82.296,18.33333333,0.1
3/15/2026 20:30,82.296,18.33333333,0.1
3/15/2026 20:45,82.296,18.33333333,0.1
3/15/2026 21:00,82.296,18.33333333,0.1
3/15/2026 21:15,82.296,18.33333333,0.1
3/15/2026 21:30,82.296,18.33333333,0.1
3/15/2026 21:45,82.296,18.33333333,0.1
3/15/2026 22:00,82.296,18.33333333,0.1
3/15/2026 22:15,82.296,18.33333333,0.1
3/15/2026 22:30,82.296,18.33333333,0.1
3/15/2026 22:45,82.296,18.33333333,0.1
3/15/2026 23:00,82.296,18.33333333,0.1
3/15/2026 23:15,82.296,18.33333333,0.1
3/15/2026 23:30,82.296,18.33333333,0.1
3/15/2026 23:45,82.296,18.33333333,0.1
3/16/2026 0:00,82.296,18.33333333,0.1
3/16/2026 0:15,82.296,18.33333333,0.1
3/16/2026 0:30,82.296,18.33333333,0.1
3/16/2026 0:45,82.296,18.33333333,0.1
3/16/2026 1:00,82.296,18.33333333,0.1
3/16/2026 1:15,82.296,18.33333333,0.1
3/16/2026 1:30,82.296,18.88888889,0.1
3/16/2026 1:45,82.296,18.88888889,0.1
3/16/2026 2:00,82.296,18.88888889,0.1
3/16/2026 2:15,82.296,18.88888889,0.1
3/16/2026 2:30,82.296,18.88888889,0.1
3/16/2026 2:45,82.296,18.88888889,0.1
3/16/2026 3:00,82.296,18.88888889,0.1
3/16/2026 3:15,82.296,18.88888889,0.1
3/16/2026 3:30,82.296,18.88888889,0.1
3/16/2026 3:45,82.296,18.88888889,0.1
3/16/2026 4:00,82.296,18.33333333,0.1
3/16/2026 4:15,82.296,18.33333333,0.1
3/16/2026 4:30,82.296,18.33333333,0.1
3/16/2026 4:45,82.296,18.33333333,0.1
3/16/2026 5:00,82.296,18.33333333,0.1
3/16/2026 5:15,82.296,18.33333333,0.1
3/16/2026 5:30,82.296,18.33333333,0.1
3/16/2026 5:45,82.296,18.33333333,0.1
3/16/2026 6:00,82.296,18.33333333,0.1
3/16/2026 6:15,82.296,18.33333333,0.1
3/16/2026 6:30,82.296,18.33333333,0.2
3/16/2026 6:45,82.296,18.33333333,0.1
3/16/2026 7:00,82.296,18.33333333,0.1
3/16/2026 7:15,82.296,18.33333333,0.1
3/16/2026 7:30,82.296,18.33333333,0.2
3/16/2026 7:45,82.296,18.33333333,0.2
3/16/2026 8:00,82.296,18.33333333,0.2
3/16/2026 8:15,82.296,18.33333333,0.2
3/16/2026 8:30,82.296,18.33333333,0.2
3/16/2026 8:45,82.296,18.33333333,0.1
3/16/2026 9:00,82.296,18.33333333,0.1
3/16/2026 9:15,82.296,18.33333333,0.1
3/16/2026 9:30,82.296,18.33333333,0.1
3/16/2026 9:45,82.296,18.33333333,0.1
3/16/2026 10:00,82.296,18.33333333,0.1
3/16/2026 10:15,82.296,18.33333333,0.1
3/16/2026 10:30,82.296,18.33333333,0.1
3/16/2026 10:45,85.344,18.33333333,0.1
3/16/2026 11:00,82.296,18.33333333,0.1
3/16/2026 11:15,85.344,18.33333333,0.1
3/16/2026 11:30,82.296,18.33333333,0.1
3/16/2026 11:45,85.344,18.33333333,0.1
3/16/2026 12:00,82.296,18.33333333,0.1
3/16/2026 12:15,85.344,18.33333333,0.1
3/16/2026 12:30,85.344,18.33333333,0.1
3/16/2026 12:45,85.344,18.33333333,0.1
3/16/2026 13:00,85.344,18.33333333,0.1
3/16/2026 13:15,85.344,18.33333333,0.1
3/16/2026 13:30,85.344,18.33333333,0.1
3/16/2026 13:45,85.344,18.33333333,0.1
3/16/2026 14:00,88.392,18.33333333,0.1
3/16/2026 14:15,91.44,18.33333333,0.1
3/16/2026 14:30,94.488,18.33333333,0.1
3/16/2026 14:45,94.488,18.33333333,0.1
3/16/2026 15:00,97.536,18.33333333,0.1
3/16/2026 15:15,97.536,18.33333333,0.1
3/16/2026 15:30,97.536,18.33333333,0.1
3/16/2026 15:45,97.536,18.33333333,0.1
3/16/2026 16:00,97.536,18.33333333,0.1
3/16/2026 16:15,97.536,18.33333333,0.1
3/16/2026 16:30,97.536,18.33333333,0.1
3/16/2026 16:45,97.536,18.33333333,0.1
3/16/2026 17:00,97.536,18.33333333,0.1
3/16/2026 17:15,97.536,18.33333333,0.1
3/16/2026 17:30,97.536,18.33333333,0.1
3/16/2026 17:45,97.536,18.33333333,0.1
3/16/2026 18:00,97.536,18.33333333,0.1
3/16/2026 18:15,94.488,18.33333333,0.1
3/16/2026 18:30,94.488,18.33333333,0.1
3/16/2026 18:45,94.488,18.33333333,0.1
3/16/2026 19:00,94.488,18.33333333,0.1
3/16/2026 19:15,94.488,18.33333333,0.1
3/16/2026 19:30,94.488,18.33333333,0.1
3/16/2026 19:45,94.488,18.33333333,0.1
3/16/2026 20:00,91.44,18.33333333,0.1
3/16/2026 20:15,91.44,18.33333333,0.1
3/16/2026 20:30,91.44,18.33333333,0.1
3/16/2026 20:45,91.44,18.33333333,0.1
3/16/2026 21:00,91.44,18.33333333,0.1
3/16/2026 21:15,91.44,18.33333333,0.1
3/16/2026 21:30,91.44,18.33333333,0.1
3/16/2026 21:45,88.392,18.33333333,0.1
3/16/2026 22:00,88.392,18.33333333,0.1
3/16/2026 22:15,88.392,18.33333333,0.1
3/16/2026 22:30,88.392,18.33333333,0.1
3/16/2026 22:45,88.392,18.33333333,0.1
3/16/2026 23:00,88.392,18.33333333,0.1
3/16/2026 23:15,85.344,18.33333333,0.1
3/16/2026 23:30,85.344,18.33333333,0.1
3/16/2026 23:45,85.344,18.33333333,0.1
3/17/2026 0:00,85.344,18.33333333,0.1
3/17/2026 0:15,85.344,18.33333333,0.1
3/17/2026 0:30,85.344,18.33333333,0.1
3/17/2026 0:45,82.296,18.33333333,0.1
3/17/2026 1:00,82.296,18.33333333,0.1
3/17/2026 1:15,82.296,18.33333333,0.1
3/17/2026 1:30,82.296,18.33333333,0.1
3/17/2026 1:45,82.296,18.33333333,0.1
3/17/2026 2:00,82.296,18.33333333,0.1
3/17/2026 2:15,82.296,18.33333333,0.1
3/17/2026 2:30,79.248,18.33333333,0.1
3/17/2026 2:45,79.248,18.33333333,0.1
3/17/2026 3:00,79.248,18.33333333,0.1
3/17/2026 3:15,79.248,18.33333333,0.1
3/17/2026 3:30,79.248,18.33333333,0.1
3/17/2026 3:45,79.248,18.33333333,0.1
3/17/2026 4:00,76.2,18.33333333,0.1
3/17/2026 4:15,76.2,18.33333333,0.1
3/17/2026 4:30,76.2,18.33333333,0.1
3/17/2026 4:45,76.2,17.77777778,0.1
3/17/2026 5:00,76.2,17.77777778,0.1
3/17/2026 5:15,76.2,17.77777778,0.1
3/17/2026 5:30,73.152,17.77777778,0.1
3/17/2026 5:45,73.152,17.77777778,0.1
3/17/2026 6:00,73.152,17.77777778,0.1
3/17/2026 6:15,73.152,17.77777778,0.1
3/17/2026 6:30,73.152,17.77777778,0.1
3/17/2026 6:45,73.152,17.77777778,0.1
3/17/2026 7:00,70.104,17.77777778,0.1
3/17/2026 7:15,70.104,17.77777778,0.1
3/17/2026 7:30,70.104,17.77777778,0.1
3/17/2026 7:45,70.104,17.77777778,0.1
3/17/2026 8:00,70.104,17.77777778,0.1
3/17/2026 8:15,70.104,17.22222222,0.1
3/17/2026 8:30,67.056,17.22222222,0.1
3/17/2026 8:45,67.056,17.22222222,0.1
3/17/2026 9:00,67.056,17.22222222,0.1
3/17/2026 9:15,67.056,17.22222222,0.1
3/17/2026 9:30,67.056,17.22222222,0.1
3/17/2026 9:45,67.056,17.22222222,0.1
3/17/2026 10:00,64.008,17.22222222,0.1
3/17/2026 10:15,64.008,17.22222222,0.1
3/17/2026 10:30,64.008,17.22222222,0.1
3/17/2026 10:45,64.008,17.22222222,0.1
3/17/2026 11:00,64.008,17.22222222,0.1
3/17/2026 11:15,60.96,17.22222222,0.1
3/17/2026 11:30,60.96,17.22222222,0.1
3/17/2026 11:45,60.96,17.22222222,0.1
3/17/2026 12:00,60.96,17.22222222,0.1
3/17/2026 12:15,60.96,17.22222222,0.1
3/17/2026 12:30,60.96,17.77777778,0.1
3/17/2026 12:45,57.912,17.77777778,0.1
3/17/2026 13:00,57.912,17.77777778,0.1
3/17/2026 13:15,57.912,17.77777778,0.1
3/17/2026 13:30,57.912,17.77777778,0.1
3/17/2026 13:45,57.912,17.77777778,0.1
3/17/2026 14:00,57.912,17.77777778,0.1
3/17/2026 14:15,54.864,17.77777778,0.1
3/17/2026 14:30,54.864,17.77777778,0.1
3/17/2026 14:45,54.864,17.77777778,0.1
3/17/2026 15:00,54.864,17.77777778,0.1
3/17/2026 15:15,54.864,17.77777778,0.1
3/17/2026 15:30,51.816,17.77777778,0.1
3/17/2026 15:45,51.816,17.77777778,0.1
3/17/2026 16:00,51.816,17.77777778,0.1
3/17/2026 16:15,51.816,17.77777778,0.1
3/17/2026 16:30,51.816,17.77777778,0.1
3/17/2026 16:45,51.816,17.77777778,0.1
3/17/2026 17:00,54.864,18.33333333,0.1
3/17/2026 17:15,54.864,18.33333333,0.1
3/17/2026 17:30,54.864,18.33333333,0.1
3/17/2026 17:45,54.864,18.33333333,0.1
3/17/2026 18:00,54.864,18.33333333,0.1
3/17/2026 18:15,54.864,18.33333333,0.1
3/17/2026 18:30,54.864,18.33333333,0.1
3/17/2026 18:45,54.864,18.33333333,0.1
3/17/2026 19:00,54.864,18.33333333,0.1
3/17/2026 19:15,54.864,18.33333333,0.1
3/17/2026 19:30,54.864,18.33333333,0.1
3/17/2026 19:45,54.864,17.77777778,0.1
3/17/2026 20:00,54.864,17.77777778,0.1
3/17/2026 20:15,54.864,17.77777778,0.1
3/17/2026 20:30,54.864,17.77777778,0.1
3/17/2026 20:45,54.864,17.77777778,0.1
3/17/2026 21:00,54.864,17.77777778,0.1
3/17/2026 21:15,54.864,17.77777778,0.1
3/17/2026 21:30,54.864,17.77777778,0.1
3/17/2026 21:45,54.864,17.77777778,0.1
3/17/2026 22:00,54.864,17.77777778,0.1
3/17/2026 22:15,54.864,17.77777778,0.1
3/17/2026 22:30,54.864,17.77777778,0.1
3/17/2026 22:45,54.864,17.77777778,0.1
3/17/2026 23:00,54.864,17.77777778,0.1
3/17/2026 23:15,54.864,17.77777778,0.1
3/17/2026 23:30,54.864,17.22222222,0.1
3/17/2026 23:45,54.864,17.22222222,0.1
3/18/2026 0:00,54.864,17.22222222,0.1
3/18/2026 0:15,54.864,17.22222222,0.1
3/18/2026 0:30,54.864,17.22222222,0.1
3/18/2026 0:45,54.864,17.22222222,0.1
3/18/2026 1:00,54.864,17.22222222,0.1
3/18/2026 1:15,54.864,17.22222222,0.1
3/18/2026 1:30,54.864,17.22222222,0.1
3/18/2026 1:45,54.864,17.22222222,0.1
3/18/2026 2:00,54.864,17.22222222,0.1
3/18/2026 2:15,54.864,16.66666667,0.1
3/18/2026 2:30,54.864,16.66666667,0.1
3/18/2026 2:45,54.864,16.66666667,0.1
3/18/2026 3:00,54.864,16.66666667,0.1
3/18/2026 3:15,54.864,16.66666667,0.1
3/18/2026 3:30,54.864,16.66666667,0.1
3/18/2026 3:45,54.864,16.66666667,0.1
3/18/2026 4:00,54.864,16.66666667,0.1
3/18/2026 4:15,54.864,16.66666667,0.1
3/18/2026 4:30,54.864,16.66666667,0.1
3/18/2026 4:45,54.864,16.66666667,0.1
3/18/2026 5:00,54.864,16.66666667,0.1
3/18/2026 5:15,54.864,16.66666667,0.1
3/18/2026 5:30,54.864,16.11111111,0.1
3/18/2026 5:45,54.864,16.11111111,0.1
3/18/2026 6:00,54.864,16.11111111,0.1
3/18/2026 6:15,54.864,16.11111111,0.1
3/18/2026 6:30,54.864,16.11111111,0.1
3/18/2026 6:45,54.864,16.11111111,0.1
3/18/2026 7:00,54.864,16.11111111,0.1
3/18/2026 7:15,54.864,16.11111111,0.1
3/18/2026 7:30,54.864,16.11111111,0.1
3/18/2026 7:45,54.864,16.11111111,0.1
3/18/2026 8:00,54.864,16.11111111,0.1
3/18/2026 8:15,54.864,16.11111111,0.1
3/18/2026 8:30,54.864,16.11111111,0.1
3/18/2026 8:45,54.864,15.55555556,0.1
3/18/2026 9:00,54.864,16.11111111,0.1
3/18/2026 9:15,54.864,16.11111111,0.1
3/18/2026 9:30,54.864,16.11111111,0.1
3/18/2026 9:45,54.864,16.11111111,0.1
3/18/2026 10:00,54.864,16.11111111,0.1
3/18/2026 10:15,54.864,16.11111111,0.1
3/18/2026 10:30,54.864,16.11111111,0.1
3/18/2026 10:45,54.864,16.11111111,0.1
3/18/2026 11:00,54.864,16.11111111,0.1
3/18/2026 11:15,54.864,16.11111111,0.1
3/18/2026 11:30,54.864,16.11111111,0.1
3/18/2026 11:45,54.864,16.11111111,0.1
3/18/2026 12:00,54.864,16.11111111,0.1
3/18/2026 12:15,54.864,16.11111111,0.1
3/18/2026 12:30,54.864,16.66666667,0.1
3/18/2026 12:45,54.864,16.66666667,0.1
3/18/2026 13:00,54.864,16.66666667,0.1
3/18/2026 13:15,54.864,16.66666667,0.1
3/18/2026 13:30,54.864,16.66666667,0.1
3/18/2026 13:45,54.864,16.66666667,0.1
3/18/2026 14:00,54.864,16.66666667,0.1
3/18/2026 14:15,54.864,16.66666667,0.1
3/18/2026 14:30,54.864,16.66666667,0.1
3/18/2026 14:45,54.864,17.22222222,0.1
3/18/2026 15:00,54.864,17.22222222,0.1
3/18/2026 15:15,54.864,17.22222222,0.1
3/18/2026 15:30,54.864,17.22222222,0.1
3/18/2026 15:45,54.864,17.22222222,0.1
3/18/2026 16:00,54.864,17.22222222,0.1
3/18/2026 16:15,54.864,17.77777778,0.1
3/18/2026 16:30,54.864,17.77777778,0.1
3/18/2026 16:45,54.864,17.77777778,0.1
3/18/2026 17:00,54.864,17.77777778,0.1
3/18/2026 17:15,54.864,17.77777778,0.1
3/18/2026 17:30,54.864,17.77777778,0.1
3/18/2026 17:45,54.864,17.77777778,0.1
3/18/2026 18:00,54.864,17.77777778,0.1
3/18/2026 18:15,54.864,17.77777778,0.1
3/18/2026 18:30,54.864,17.77777778,0.1
3/18/2026 18:45,54.864,17.77777778,0.1
3/18/2026 19:00,54.864,17.77777778,0.1
3/18/2026 19:15,54.864,17.77777778,0.1
3/18/2026 19:30,54.864,17.77777778,0.1
3/18/2026 19:45,54.864,17.77777778,0.1
3/18/2026 20:00,54.864,17.77777778,0.1
3/18/2026 20:15,54.864,17.22222222,0.1
3/18/2026 20:30,54.864,17.22222222,0.1
3/18/2026 20:45,54.864,17.22222222,0.1
3/18/2026 21:00,54.864,17.22222222,0.1
3/18/2026 21:15,54.864,17.22222222,0.1
3/18/2026 21:30,54.864,17.22222222,0.1
3/18/2026 21:45,54.864,17.22222222,0.1
3/18/2026 22:00,54.864,17.22222222,0.1
3/18/2026 22:15,54.864,17.22222222,0.1
3/18/2026 22:30,54.864,17.22222222,0.1
3/18/2026 22:45,54.864,16.66666667,0.1
3/18/2026 23:00,54.864,16.66666667,0.1
3/18/2026 23:15,54.864,16.66666667,0.1
3/18/2026 23:30,54.864,16.66666667,0.1
3/18/2026 23:45,54.864,16.66666667,0.1
3/19/2026 0:00,54.864,16.66666667,0.1
3/19/2026 0:15,54.864,16.66666667,0.1
3/19/2026 0:30,54.864,16.66666667,0.1
3/19/2026 0:45,54.864,16.66666667,0.1
3/19/2026 1:00,54.864,16.66666667,0.1
3/19/2026 1:15,54.864,16.66666667,0.1
3/19/2026 1:30,54.864,16.66666667,0.1
3/19/2026 1:45,54.864,16.66666667,0.1
3/19/2026 2:00,54.864,16.66666667,0.1
3/19/2026 2:15,54.864,16.11111111,0.1
3/19/2026 2:30,54.864,16.11111111,0.1
3/19/2026 2:45,54.864,16.11111111,0.1
3/19/2026 3:00,54.864,16.11111111,0.1
3/19/2026 3:15,54.864,16.11111111,0.1
3/19/2026 3:30,54.864,16.11111111,0.1
3/19/2026 3:45,54.864,16.11111111,0.1
3/19/2026 4:00,54.864,16.11111111,0.1
3/19/2026 4:15,54.864,16.11111111,0.1
3/19/2026 4:30,54.864,16.11111111,0.1
3/19/2026 4:45,54.864,16.11111111,0.1
3/19/2026 5:00,54.864,16.11111111,0.1
3/19/2026 5:15,54.864,16.11111111,0.1
3/19/2026 5:30,54.864,16.11111111,0.1
3/19/2026 5:45,54.864,16.11111111,0.1
3/19/2026 6:00,54.864,15.55555556,0.1
3/19/2026 6:15,54.864,15.55555556,0.1
3/19/2026 6:30,54.864,15.55555556,0.1
3/19/2026 6:45,54.864,15.55555556,0.1
3/19/2026 7:00,54.864,15.55555556,0.1
3/19/2026 7:15,54.864,15.55555556,0.1
3/19/2026 7:30,54.864,15.55555556,0.1
3/19/2026 7:45,54.864,15.55555556,0.1
3/19/2026 8:00,54.864,15.55555556,0.1
3/19/2026 8:15,54.864,15.55555556,0.1
3/19/2026 8:30,54.864,15.55555556,0.1
3/19/2026 8:45,54.864,15.55555556,0.1
3/19/2026 9:00,54.864,15.55555556,0.1
3/19/2026 9:15,54.864,15.55555556,0.1
3/19/2026 9:30,54.864,15.55555556,0.1
3/19/2026 9:45,54.864,15.55555556,0.1
3/19/2026 10:00,54.864,15.55555556,0.1
3/19/2026 10:15,54.864,15.55555556,0.1
3/19/2026 10:30,54.864,15.55555556,0.1
3/19/2026 10:45,54.864,15.55555556,0.1
3/19/2026 11:00,54.864,16.11111111,0.1
3/19/2026 11:15,54.864,16.11111111,0.1
3/19/2026 11:30,54.864,16.11111111,0.1
3/19/2026 11:45,54.864,16.11111111,0.1
3/19/2026 12:00,54.864,16.11111111,0.1
3/19/2026 12:15,54.864,16.11111111,0.1
3/19/2026 12:30,54.864,16.11111111,0.1
3/19/2026 12:45,54.864,16.11111111,0.1
3/19/2026 13:00,54.864,16.11111111,0.1
3/19/2026 13:15,54.864,16.66666667,0.1
3/19/2026 13:30,54.864,16.66666667,0.1
3/19/2026 13:45,54.864,16.66666667,0.1
3/19/2026 14:00,54.864,16.66666667,0.1
3/19/2026 14:15,54.864,16.66666667,0.1
3/19/2026 14:30,54.864,17.22222222,0.1
3/19/2026 14:45,54.864,17.22222222,0.1
3/19/2026 15:00,54.864,17.22222222,0.1
3/19/2026 15:15,54.864,17.22222222,0.1
3/19/2026 15:30,54.864,17.22222222,0.1
3/19/2026 15:45,54.864,17.22222222,0.1
3/19/2026 16:00,54.864,17.22222222,0.1
3/19/2026 16:15,54.864,17.77777778,0.1
3/19/2026 16:30,54.864,17.77777778,0.1
3/19/2026 16:45,54.864,17.77777778,0.1
3/19/2026 17:00,54.864,17.77777778,0.1
3/19/2026 17:15,54.864,17.77777778,0.1
3/19/2026 17:30,54.864,17.77777778,0.1
3/19/2026 17:45,54.864,17.77777778,0.1
3/19/2026 18:00,54.864,17.77777778,0.1
3/19/2026 18:15,54.864,17.77777778,0.1
3/19/2026 18:30,54.864,17.77777778,0.1
3/19/2026 18:45,54.864,17.77777778,0.1
3/19/2026 19:00,54.864,17.77777778,0.1
3/19/2026 19:15,54.864,17.77777778,0.1
3/19/2026 19:30,54.864,17.77777778,0.1
3/19/2026 19:45,54.864,17.77777778,0.1
3/19/2026 20:00,54.864,17.77777778,0.1
3/19/2026 20:15,54.864,17.77777778,0.1
3/19/2026 20:30,54.864,17.77777778,0.1
3/19/2026 20:45,54.864,17.77777778,0.1
3/19/2026 21:00,54.864,17.77777778,0.1
3/19/2026 21:15,54.864,17.77777778,0.1
3/19/2026 21:30,54.864,17.77777778,0.1
3/19/2026 21:45,54.864,17.22222222,0.1
3/19/2026 22:00,54.864,17.22222222,0.1
3/19/2026 22:15,54.864,17.22222222,0.1
3/19/2026 22:30,54.864,17.22222222,0.1
3/19/2026 22:45,54.864,17.22222222,0.1
3/19/2026 23:00,54.864,17.22222222,0.1
3/19/2026 23:15,54.864,17.22222222,0.1
3/19/2026 23:30,54.864,17.22222222,0.1
3/19/2026 23:45,54.864,17.22222222,0.1
3/20/2026 0:00,54.864,16.66666667,0.1
3/20/2026 0:15,54.864,16.66666667,0.1
3/20/2026 0:30,54.864,16.66666667,0.1
3/20/2026 0:45,54.864,16.66666667,0.1
3/20/2026 1:00,54.864,16.66666667,0.1
3/20/2026 1:15,54.864,16.66666667,0.1
3/20/2026 1:30,54.864,16.66666667,0.1
3/20/2026 1:45,54.864,16.66666667,0.1
3/20/2026 2:00,54.864,16.66666667,0.1
3/20/2026 2:15,54.864,16.66666667,0.1
3/20/2026 2:30,54.864,16.66666667,0.1
3/20/2026 2:45,54.864,16.66666667,0.1
3/20/2026 3:00,54.864,16.66666667,0.1
3/20/2026 3:15,54.864,16.66666667,0.1
3/20/2026 3:30,54.864,16.11111111,0.1
3/20/2026 3:45,54.864,16.11111111,0.1
3/20/2026 4:00,54.864,16.11111111,0.1
3/20/2026 4:15,54.864,16.11111111,0.1
3/20/2026 4:30,54.864,16.11111111,0.1
3/20/2026 4:45,54.864,16.11111111,0.1
3/20/2026 5:00,54.864,16.11111111,0.1
3/20/2026 5:15,54.864,16.11111111,0.1
3/20/2026 5:30,54.864,16.11111111,0.1
3/20/2026 5:45,54.864,16.11111111,0.1
3/20/2026 6:00,54.864,16.11111111,0.1
3/20/2026 6:15,54.864,16.11111111,0.1
3/20/2026 6:30,54.864,15.55555556,0.1
3/20/2026 6:45,54.864,15.55555556,0.1
3/20/2026 7:00,54.864,15.55555556,0.1
3/20/2026 7:15,54.864,15.55555556,0.1
3/20/2026 7:30,54.864,15.55555556,0.1
3/20/2026 7:45,54.864,15.55555556,0.1
3/20/2026 8:00,54.864,15.55555556,0.1
3/20/2026 8:15,54.864,15.55555556,0.1
3/20/2026 8:30,54.864,15.55555556,0.1
3/20/2026 8:45,54.864,15.55555556,0.1
3/20/2026 9:00,54.864,15.55555556,0.1
3/20/2026 9:15,54.864,15.55555556,0.1
3/20/2026 9:30,54.864,15.55555556,0.1
3/20/2026 9:45,54.864,15.55555556,0.1
3/20/2026 10:00,54.864,15.55555556,0.1
3/20/2026 10:15,54.864,15.55555556,0.1
3/20/2026 10:30,54.864,15.55555556,0.1
3/20/2026 10:45,54.864,16.11111111,0.1
3/20/2026 11:00,54.864,16.11111111,0.1
3/20/2026 11:15,54.864,16.11111111,0.1
3/20/2026 11:30,54.864,16.11111111,0.1
3/20/2026 11:45,54.864,16.11111111,0.1
3/20/2026 12:00,54.864,16.11111111,0.1
3/20/2026 12:15,54.864,16.11111111,0.1
3/20/2026 12:30,54.864,16.11111111,0.1
3/20/2026 12:45,54.864,16.11111111,0.1
3/20/2026 13:00,54.864,16.66666667,0.1
3/20/2026 13:15,54.864,16.66666667,0.1
3/20/2026 13:30,54.864,16.66666667,0.1
3/20/2026 13:45,54.864,16.66666667,0.1
3/20/2026 14:00,54.864,16.66666667,0.1
3/20/2026 14:15,54.864,16.66666667,0.1
3/20/2026 14:30,54.864,16.66666667,0.1
3/20/2026 14:45,54.864,17.22222222,0.1
3/20/2026 15:00,54.864,17.22222222,0.1
3/20/2026 15:15,54.864,17.22222222,0.1
3/20/2026 15:30,54.864,17.22222222,0.1
3/20/2026 15:45,54.864,17.22222222,0.1
3/20/2026 16:00,54.864,17.22222222,0.1
3/20/2026 16:15,54.864,17.22222222,0.1
3/20/2026 16:30,54.864,17.22222222,0.1
3/20/2026 16:45,54.864,17.22222222,0.1
3/20/2026 17:00,54.864,17.22222222,0.1
3/20/2026 17:15,54.864,17.22222222,0.1
3/20/2026 17:30,54.864,17.22222222,0.1
3/20/2026 17:45,54.864,17.22222222,0.1
3/20/2026 18:00,54.864,17.22222222,0.1
3/20/2026 18:15,54.864,17.22222222,0.1
3/20/2026 18:30,54.864,17.77777778,0.1
3/20/2026 18:45,54.864,17.77777778,0.1
3/20/2026 19:00,54.864,17.77777778,0.1
3/20/2026 19:15,54.864,17.77777778,0.1
3/20/2026 19:30,54.864,17.77777778,0.1
3/20/2026 19:45,54.864,17.77777778,0.1
3/20/2026 20:00,54.864,17.77777778,0.1
3/20/2026 20:15,54.864,17.77777778,0.1
3/20/2026 20:30,54.864,17.77777778,0.1
3/20/2026 20:45,54.864,17.77777778,0.1
3/20/2026 21:00,54.864,17.77777778,0.1
3/20/2026 21:15,54.864,17.77777778,0.1
3/20/2026 21:30,54.864,17.77777778,0.1
3/20/2026 21:45,54.864,17.77777778,0.1
3/20/2026 22:00,54.864,17.77777778,0.1
3/20/2026 22:15,54.864,17.77777778,0.1
3/20/2026 22:30,54.864,17.77777778,0.1
3/20/2026 22:45,54.864,17.77777778,0.1
3/20/2026 23:00,54.864,17.77777778,0.1
3/20/2026 23:15,54.864,17.77777778,0.1
3/20/2026 23:30,54.864,17.77777778,0.1
3/20/2026 23:45,54.864,17.77777778,0.1
3/21/2026 0:00,54.864,17.77777778,0.1
3/21/2026 0:15,54.864,17.77777778,0.1
3/21/2026 0:30,54.864,17.77777778,0.1
3/21/2026 0:45,54.864,17.77777778,0.1
3/21/2026 1:00,54.864,17.77777778,0.1
3/21/2026 1:15,54.864,17.77777778,0.1
3/21/2026 1:30,54.864,17.77777778,0.1
3/21/2026 1:45,54.864,17.77777778,0.1
3/21/2026 2:00,54.864,17.77777778,0.1
3/21/2026 2:15,54.864,17.77777778,0.1
3/21/2026 2:30,54.864,17.77777778,0.1
3/21/2026 2:45,54.864,17.77777778,0.1
3/21/2026 3:00,54.864,17.77777778,0.1
3/21/2026 3:15,54.864,17.77777778,0.1
3/21/2026 3:30,54.864,17.77777778,0.1
3/21/2026 3:45,54.864,17.77777778,0.1
3/21/2026 4:00,54.864,17.77777778,0.1
3/21/2026 4:15,54.864,17.77777778,0.1
3/21/2026 4:30,54.864,17.22222222,0.1
3/21/2026 4:45,54.864,17.22222222,0.1
3/21/2026 5:00,54.864,17.22222222,0.1
3/21/2026 5:15,54.864,17.22222222,0.1
3/21/2026 5:30,54.864,17.22222222,0.1
3/21/2026 5:45,54.864,17.22222222,0.1
3/21/2026 6:00,54.864,17.22222222,0.1
3/21/2026 6:15,54.864,17.22222222,0.1
3/21/2026 6:30,54.864,17.22222222,0.1
3/21/2026 6:45,54.864,17.22222222,0.1
3/21/2026 7:00,54.864,17.22222222,0.1
3/21/2026 7:15,54.864,17.22222222,0.1
3/21/2026 7:30,54.864,17.22222222,0.1
3/21/2026 7:45,54.864,17.22222222,0.1
3/21/2026 8:00,54.864,17.22222222,0.1
3/21/2026 8:15,54.864,17.22222222,0.1
3/21/2026 8:30,54.864,17.22222222,0.1
3/21/2026 8:45,54.864,16.66666667,0.1
3/21/2026 9:00,54.864,16.66666667,0.1
3/21/2026 9:15,54.864,16.66666667,0.1
3/21/2026 9:30,54.864,17.22222222,0.1
3/21/2026 9:45,54.864,17.22222222,0.1
3/21/2026 10:00,54.864,17.22222222,0.1
3/21/2026 10:15,54.864,17.22222222,0.1
3/21/2026 10:30,54.864,17.22222222,0.1
3/21/2026 10:45,54.864,17.22222222,0.1
3/21/2026 11:00,54.864,17.22222222,0.1
3/21/2026 11:15,54.864,17.22222222,0.1
3/21/2026 11:30,54.864,17.22222222,0.1
3/21/2026 11:45,54.864,17.22222222,0.1
3/21/2026 12:00,54.864,17.22222222,0.1
3/21/2026 12:15,54.864,17.22222222,0.1
3/21/2026 12:30,54.864,17.22222222,0.1
3/21/2026 12:45,54.864,17.22222222,0.1
3/21/2026 13:00,54.864,17.22222222,0.1
3/21/2026 13:15,54.864,17.22222222,0.1
3/21/2026 13:30,54.864,17.77777778,0.1
3/21/2026 13:45,54.864,17.77777778,0.1
3/21/2026 14:00,54.864,17.77777778,0.1
3/21/2026 14:15,54.864,17.77777778,0.1
3/21/2026 14:30,54.864,17.77777778,0.1
3/21/2026 14:45,54.864,17.77777778,0.1
3/21/2026 15:00,54.864,17.77777778,0.1
3/21/2026 15:15,54.864,17.77777778,0.1
3/21/2026 15:30,54.864,17.77777778,0.1
3/21/2026 15:45,54.864,17.77777778,0.1
3/21/2026 16:00,54.864,17.77777778,0.1
3/21/2026 16:15,54.864,17.77777778,0.1
3/21/2026 16:30,54.864,17.77777778,0.1
3/21/2026 16:45,54.864,17.77777778,0.1
3/21/2026 17:00,54.864,17.77777778,0.1
3/21/2026 17:15,54.864,17.77777778,0.1
3/21/2026 17:30,54.864,17.77777778,0.1
3/21/2026 17:45,54.864,17.77777778,0.1
3/21/2026 18:00,54.864,17.77777778,0.1
3/21/2026 18:15,54.864,17.77777778,0.1
3/21/2026 18:30,54.864,17.77777778,0.1
3/21/2026 18:45,54.864,17.77777778,0.1
3/21/2026 19:00,54.864,17.77777778,0.1
3/21/2026 19:15,54.864,17.77777778,0.1
3/21/2026 19:30,54.864,17.77777778,0.1
3/21/2026 19:45,54.864,17.77777778,0.1
3/21/2026 20:00,54.864,17.77777778,0.1
3/21/2026 20:15,54.864,18.33333333,0.1
3/21/2026 20:30,54.864,18.33333333,0.1
3/21/2026 20:45,54.864,18.33333333,0.1
3/21/2026 21:00,54.864,18.33333333,0.1
3/21/2026 21:15,54.864,18.33333333,0.1
3/21/2026 21:30,54.864,18.33333333,0.1
3/21/2026 21:45,54.864,18.33333333,0.1
3/21/2026 22:00,54.864,18.33333333,0.1
3/21/2026 22:15,54.864,18.33333333,0.1
3/21/2026 22:30,54.864,18.33333333,0.1
3/21/2026 22:45,54.864,18.33333333,0.1
3/21/2026 23:00,54.864,18.33333333,0.1
3/21/2026 23:15,54.864,18.33333333,0.1
3/21/2026 23:30,54.864,18.33333333,0.1
3/21/2026 23:45,54.864,18.33333333,0.1
3/22/2026 0:00,54.864,18.33333333,0.1
3/22/2026 0:15,54.864,18.33333333,0.1
3/22/2026 0:30,54.864,18.33333333,0.1
3/22/2026 0:45,54.864,18.33333333,0.1
3/22/2026 1:00,54.864,18.33333333,0.1
3/22/2026 1:15,54.864,18.33333333,0.1
3/22/2026 1:30,54.864,18.33333333,0.1
3/22/2026 1:45,54.864,18.33333333,0.1
3/22/2026 2:00,54.864,18.33333333,0.1
3/22/2026 2:15,54.864,18.33333333,0.1
3/22/2026 2:30,54.864,18.33333333,0.1
3/22/2026 2:45,54.864,18.33333333,0.1
3/22/2026 3:00,54.864,18.33333333,0.1
3/22/2026 3:15,54.864,18.33333333,0.1
3/22/2026 3:30,54.864,18.33333333,0.1
3/22/2026 3:45,54.864,18.33333333,0.1
3/22/2026 4:00,54.864,18.33333333,0.1
3/22/2026 4:15,54.864,18.33333333,0.1
3/22/2026 4:30,54.864,18.33333333,0.2
3/22/2026 4:45,54.864,18.33333333,0.2
3/22/2026 5:00,54.864,18.33333333,0.2
3/22/2026 5:15,54.864,18.33333333,0.2
3/22/2026 5:30,54.864,18.33333333,0.2
3/22/2026 5:45,54.864,18.33333333,0.2
3/22/2026 6:00,54.864,18.33333333,0.2
3/22/2026 6:15,54.864,18.33333333,0.2
3/22/2026 6:30,54.864,18.33333333,0.2
3/22/2026 6:45,54.864,18.33333333,0.2
3/22/2026 7:00,54.864,18.33333333,0.2
3/22/2026 7:15,54.864,18.33333333,0.2
3/22/2026 7:30,54.864,18.33333333,0.2
3/22/2026 7:45,54.864,18.33333333,0.2
3/22/2026 8:00,54.864,18.33333333,0.2
3/22/2026 8:15,54.864,18.33333333,0.2
3/22/2026 8:30,54.864,18.33333333,0.2
3/22/2026 8:45,54.864,18.33333333,0.2
3/22/2026 9:00,54.864,18.33333333,0.2
3/22/2026 9:15,54.864,18.33333333,0.2
3/22/2026 9:30,54.864,18.33333333,0.2
3/22/2026 9:45,54.864,18.33333333,0.2
3/22/2026 10:00,54.864,18.33333333,0.2
3/22/2026 10:15,54.864,18.33333333,0.2
3/22/2026 10:30,54.864,18.33333333,0.2
3/22/2026 10:45,54.864,18.33333333,0.2
3/22/2026 11:00,54.864,18.33333333,0.2
3/22/2026 11:15,54.864,18.33333333,0.2
3/22/2026 11:30,54.864,18.33333333,0.2
3/22/2026 11:45,54.864,18.33333333,0.2
3/22/2026 12:00,54.864,18.33333333,0.2
3/22/2026 12:15,54.864,18.33333333,0.2
3/22/2026 12:30,54.864,18.33333333,0.2
3/22/2026 12:45,54.864,18.33333333,0.2
3/22/2026 13:00,54.864,18.33333333,0.2
3/22/2026 13:15,54.864,18.33333333,0.2
3/22/2026 13:30,54.864,18.88888889,0.2
3/22/2026 13:45,54.864,18.88888889,0.2
3/22/2026 14:00,54.864,18.88888889,0.2
3/22/2026 14:15,54.864,18.88888889,0.2
3/22/2026 14:30,54.864,18.88888889,0.2
3/22/2026 14:45,54.864,18.88888889,0.2
3/22/2026 15:00,54.864,18.88888889,0.2
3/22/2026 15:15,54.864,18.88888889,0.2
3/22/2026 15:30,54.864,18.88888889,0.2
3/22/2026 15:45,54.864,18.88888889,0.2
3/22/2026 16:00,54.864,18.88888889,0.2
3/22/2026 16:15,54.864,18.88888889,0.2
3/22/2026 16:30,54.864,19.44444444,0.2
3/22/2026 16:45,54.864,19.44444444,0.1
3/22/2026 17:00,54.864,19.44444444,0.1
3/22/2026 17:15,54.864,19.44444444,0.1
3/22/2026 17:30,54.864,19.44444444,0.1
3/22/2026 17:45,54.864,19.44444444,0.1
3/22/2026 18:00,54.864,19.44444444,0.1
3/22/2026 18:15,54.864,19.44444444,0.1
3/22/2026 18:30,54.864,19.44444444,0.1
3/22/2026 18:45,54.864,19.44444444,0.1
3/22/2026 19:00,54.864,19.44444444,0.1
3/22/2026 19:15,54.864,19.44444444,0.1
3/22/2026 19:30,54.864,19.44444444,0.1
3/22/2026 19:45,54.864,19.44444444,0.1
3/22/2026 20:00,54.864,19.44444444,0.1
3/22/2026 20:15,54.864,19.44444444,0.1
3/22/2026 20:30,54.864,19.44444444,0.1
3/22/2026 20:45,54.864,19.44444444,0.1
3/22/2026 21:00,54.864,19.44444444,0.1
3/22/2026 21:15,54.864,19.44444444,0.1
3/22/2026 21:30,54.864,19.44444444,0.1
3/22/2026 21:45,54.864,19.44444444,0.1
3/22/2026 22:00,54.864,19.44444444,0.1
3/22/2026 22:15,54.864,19.44444444,0.1
3/22/2026 22:30,54.864,19.44444444,0.1
3/22/2026 22:45,54.864,19.44444444,0.1
3/22/2026 23:00,54.864,19.44444444,0.1
3/22/2026 23:15,51.816,19.44444444,0.1
3/22/2026 23:30,54.864,19.44444444,0.1
3/22/2026 23:45,54.864,19.44444444,0.1
3/23/2026 0:00,54.864,19.44444444,0.1
3/23/2026 0:15,54.864,19.44444444,0.1
3/23/2026 0:30,54.864,19.44444444,0.1
3/23/2026 0:45,54.864,19.44444444,0.1
3/23/2026 1:00,54.864,19.44444444,0.1
3/23/2026 1:15,54.864,19.44444444,0.1
3/23/2026 1:30,54.864,19.44444444,0.1
3/23/2026 1:45,54.864,19.44444444,0.1
3/23/2026 2:00,54.864,19.44444444,0.1
3/23/2026 2:15,54.864,19.44444444,0.1
3/23/2026 2:30,54.864,19.44444444,0.1
3/23/2026 2:45,54.864,19.44444444,0.1
3/23/2026 3:00,54.864,19.44444444,0.1
3/23/2026 3:15,54.864,19.44444444,0.1
3/23/2026 3:30,54.864,19.44444444,0.1
3/23/2026 3:45,54.864,19.44444444,0.1
3/23/2026 4:00,54.864,19.44444444,0.1
3/23/2026 4:15,54.864,19.44444444,0.1
3/23/2026 4:30,54.864,19.44444444,0.1
3/23/2026 4:45,54.864,19.44444444,0.1
3/23/2026 5:00,54.864,19.44444444,0.1
3/23/2026 5:15,54.864,19.44444444,0.1
3/23/2026 5:30,54.864,19.44444444,0.1
3/23/2026 5:45,54.864,19.44444444,0.1
3/23/2026 6:00,54.864,19.44444444,0.1
3/23/2026 6:15,54.864,19.44444444,0.1
3/23/2026 6:30,51.816,19.44444444,0.1
3/23/2026 6:45,54.864,19.44444444,0.1
3/23/2026 7:00,51.816,19.44444444,0.2
3/23/2026 7:15,54.864,19.44444444,0.2
3/23/2026 7:30,54.864,19.44444444,0.2
3/23/2026 7:45,54.864,19.44444444,0.2
3/23/2026 8:00,54.864,19.44444444,0.2
3/23/2026 8:15,51.816,19.44444444,0.2
3/23/2026 8:30,54.864,19.44444444,0.2
3/23/2026 8:45,54.864,19.44444444,0.2
3/23/2026 9:00,54.864,19.44444444,0.2
3/23/2026 9:15,54.864,19.44444444,0.2
3/23/2026 9:30,54.864,19.44444444,0.2
3/23/2026 9:45,54.864,19.44444444,0.2
3/23/2026 10:00,54.864,19.44444444,0.2
3/23/2026 10:15,51.816,19.44444444,0.2
3/23/2026 10:30,54.864,19.44444444,0.2
3/23/2026 10:45,54.864,19.44444444,0.2
3/23/2026 11:00,54.864,19.44444444,0.2
3/23/2026 11:15,54.864,19.44444444,0.2
3/23/2026 11:30,54.864,19.44444444,0.2
3/23/2026 11:45,54.864,19.44444444,0.1
3/23/2026 12:00,54.864,19.44444444,0.1
3/23/2026 12:15,54.864,19.44444444,0.1
3/23/2026 12:30,54.864,19.44444444,0.1
3/23/2026 12:45,54.864,19.44444444,0.1
3/23/2026 13:00,54.864,19.44444444,0.1
3/23/2026 13:15,51.816,20,0.1
3/23/2026 13:30,54.864,20,0.1
3/23/2026 13:45,54.864,20,0.1
3/23/2026 14:00,54.864,20,0.1
3/23/2026 14:15,51.816,20,0.2
3/23/2026 14:30,51.816,20,0.2
3/23/2026 14:45,54.864,20,0.2
3/23/2026 15:00,54.864,20,0.2
3/23/2026 15:15,54.864,20,0.2
3/23/2026 15:30,54.864,20,0.2
3/23/2026 15:45,54.864,20,0.2
3/23/2026 16:00,54.864,20,0.2
3/23/2026 16:15,54.864,20.55555556,0.2
3/23/2026 16:30,54.864,20.55555556,0.2
3/23/2026 16:45,54.864,20.55555556,0.2
3/23/2026 17:00,54.864,20.55555556,0.2
3/23/2026 17:15,54.864,20.55555556,0.2
3/23/2026 17:30,51.816,20.55555556,0.2
3/23/2026 17:45,51.816,20.55555556,0.2
3/23/2026 18:00,51.816,20.55555556,0.2
3/23/2026 18:15,51.816,20.55555556,0.2
3/23/2026 18:30,51.816,20.55555556,0.2
3/23/2026 18:45,51.816,20.55555556,0.2
3/23/2026 19:00,54.864,20.55555556,0.2
3/23/2026 19:15,51.816,20.55555556,0.2
3/23/2026 19:30,51.816,20.55555556,0.2
3/23/2026 19:45,51.816,20.55555556,0.2
3/23/2026 20:00,51.816,20.55555556,0.2
3/23/2026 20:15,51.816,20.55555556,0.2
3/23/2026 20:30,51.816,20.55555556,0.2
3/23/2026 20:45,51.816,20.55555556,0.2
3/23/2026 21:00,51.816,20.55555556,0.2
3/23/2026 21:15,51.816,20.55555556,0.2
3/23/2026 21:30,51.816,20.55555556,0.2
3/23/2026 21:45,51.816,20.55555556,0.2
3/23/2026 22:00,51.816,20.55555556,0.2
3/23/2026 22:15,54.864,20.55555556,0.2
3/23/2026 22:30,51.816,20.55555556,0.2
3/23/2026 22:45,51.816,20.55555556,0.2
3/23/2026 23:00,51.816,20.55555556,0.2
3/23/2026 23:15,51.816,20.55555556,0.2
3/23/2026 23:30,51.816,20.55555556,0.2
3/23/2026 23:45,51.816,20.55555556,0.2
3/24/2026 0:00,54.864,20.55555556,0.2
3/24/2026 0:15,54.864,20.55555556,0.2
3/24/2026 0:30,51.816,20.55555556,0.2
3/24/2026 0:45,51.816,20.55555556,0.2
3/24/2026 1:00,51.816,20.55555556,0.2
3/24/2026 1:15,51.816,20.55555556,0.2
3/24/2026 1:30,51.816,20.55555556,0.2
3/24/2026 1:45,51.816,20.55555556,0.2
3/24/2026 2:00,51.816,20.55555556,0.2
3/24/2026 2:15,51.816,20.55555556,0.2
3/24/2026 2:30,51.816,20.55555556,0.2
3/24/2026 2:45,54.864,20.55555556,0.2
3/24/2026 3:00,51.816,20.55555556,0.2
3/24/2026 3:15,51.816,20.55555556,0.2
3/24/2026 3:30,51.816,20.55555556,0.2
3/24/2026 3:45,51.816,20.55555556,0.1
3/24/2026 4:00,51.816,20.55555556,0.1
3/24/2026 4:15,51.816,20.55555556,0.1
3/24/2026 4:30,51.816,20.55555556,0.1
3/24/2026 4:45,51.816,20.55555556,0.1
3/24/2026 5:00,51.816,20.55555556,0.1
3/24/2026 5:15,51.816,20,0.1
3/24/2026 5:30,51.816,20,0.1
3/24/2026 5:45,51.816,20,0.1
3/24/2026 6:00,51.816,20,0.1
3/24/2026 6:15,51.816,20,0.1
3/24/2026 6:30,51.816,20,0.1
3/24/2026 6:45,51.816,20,0.1
3/24/2026 7:00,51.816,20,0.1
3/24/2026 7:15,51.816,19.44444444,0.1
3/24/2026 7:30,51.816,19.44444444,0.1
3/24/2026 7:45,51.816,19.44444444,0.1
3/24/2026 8:00,51.816,19.44444444,0.1
3/24/2026 8:15,51.816,19.44444444,0.1
3/24/2026 8:30,51.816,19.44444444,0.1
3/24/2026 8:45,51.816,19.44444444,0.1
3/24/2026 9:00,51.816,19.44444444,0.1
3/24/2026 9:15,51.816,19.44444444,0.1
3/24/2026 9:30,51.816,19.44444444,0.1
3/24/2026 9:45,51.816,19.44444444,0.1
3/24/2026 10:00,51.816,19.44444444,0.1
3/24/2026 10:15,51.816,19.44444444,0.1
3/24/2026 10:30,51.816,19.44444444,0.1
3/24/2026 10:45,51.816,19.44444444,0.1
3/24/2026 11:00,51.816,19.44444444,0.1
3/24/2026 11:15,51.816,19.44444444,0.1
3/24/2026 11:30,51.816,19.44444444,0.1
3/24/2026 11:45,51.816,19.44444444,0.1
3/24/2026 12:00,51.816,19.44444444,0.1
3/24/2026 12:15,51.816,19.44444444,0.1
3/24/2026 12:30,51.816,19.44444444,0.1
3/24/2026 12:45,51.816,19.44444444,0.1
3/24/2026 13:00,51.816,19.44444444,0.1
3/24/2026 13:15,51.816,19.44444444,0.1
3/24/2026 13:30,51.816,19.44444444,0.1
3/24/2026 13:45,51.816,19.44444444,0.1
3/24/2026 14:00,51.816,19.44444444,0.1
3/24/2026 14:15,51.816,19.44444444,0.1
3/24/2026 14:30,51.816,20,0.1
3/24/2026 14:45,51.816,20,0.1
3/24/2026 15:00,51.816,20,0.1
3/24/2026 15:15,51.816,20,0.1
3/24/2026 15:30,51.816,20,0.1
3/24/2026 15:45,51.816,20,0.1
3/24/2026 16:00,51.816,20,0.1
3/24/2026 16:15,51.816,20,0.1
3/24/2026 16:30,51.816,20,0.1
3/24/2026 16:45,51.816,20,0.1
3/24/2026 17:00,51.816,20,0.1
3/24/2026 17:15,51.816,20,0.1
3/24/2026 17:30,51.816,20,0.1
3/24/2026 17:45,51.816,20,0.1
3/24/2026 18:00,51.816,20,0.1
3/24/2026 18:15,51.816,20,0.1
3/24/2026 18:30,51.816,20,0.1
3/24/2026 18:45,51.816,20,0.1
3/24/2026 19:00,51.816,20,0.1
3/24/2026 19:15,51.816,20,0.1
3/24/2026 19:30,51.816,20,0.1
3/24/2026 19:45,51.816,19.44444444,0.1
3/24/2026 20:00,51.816,19.44444444,0.1
3/24/2026 20:15,51.816,19.44444444,0.1
3/24/2026 20:30,51.816,19.44444444,0.1
3/24/2026 20:45,51.816,19.44444444,0.1
3/24/2026 21:00,51.816,19.44444444,0.1
3/24/2026 21:15,51.816,19.44444444,0.1
3/24/2026 21:30,51.816,19.44444444,0.1
3/24/2026 21:45,51.816,19.44444444,0.1
3/24/2026 22:00,51.816,19.44444444,0.1
3/24/2026 22:15,51.816,19.44444444,0.1
3/24/2026 22:30,51.816,19.44444444,0.1
3/24/2026 22:45,51.816,18.88888889,0.1
3/24/2026 23:00,51.816,18.88888889,0.1
3/24/2026 23:15,51.816,18.88888889,0.1
3/24/2026 23:30,51.816,18.88888889,0.1
3/24/2026 23:45,51.816,18.88888889,0.2
3/25/2026 0:00,51.816,18.88888889,0.2
3/25/2026 0:15,51.816,18.88888889,0.2
3/25/2026 0:30,51.816,18.88888889,0.2
3/25/2026 0:45,51.816,18.88888889,0.2
3/25/2026 1:00,51.816,18.33333333,0.2
3/25/2026 1:15,51.816,18.33333333,0.2
3/25/2026 1:30,51.816,18.33333333,0.2
3/25/2026 1:45,51.816,18.33333333,0.2
3/25/2026 2:00,51.816,18.33333333,0.2
3/25/2026 2:15,51.816,18.33333333,0.2
3/25/2026 2:30,51.816,18.33333333,0.2
3/25/2026 2:45,51.816,18.33333333,0.2
3/25/2026 3:00,51.816,18.33333333,0.2
3/25/2026 3:15,51.816,18.33333333,0.2
3/25/2026 3:30,51.816,18.33333333,0.2
3/25/2026 3:45,51.816,18.33333333,0.2
3/25/2026 4:00,51.816,18.33333333,0.2
3/25/2026 4:15,51.816,18.33333333,0.2
3/25/2026 4:30,51.816,18.33333333,0.2
3/25/2026 4:45,51.816,18.33333333,0.2
3/25/2026 5:00,51.816,18.33333333,0.2
3/25/2026 5:15,51.816,18.33333333,0.2
3/25/2026 5:30,51.816,18.33333333,0.2
3/25/2026 5:45,51.816,17.77777778,0.2
3/25/2026 6:00,51.816,17.77777778,0.2
3/25/2026 6:15,51.816,17.77777778,0.2
3/25/2026 6:30,51.816,17.77777778,0.2
3/25/2026 6:45,51.816,17.77777778,0.2
3/25/2026 7:00,51.816,17.77777778,0.2
3/25/2026 7:15,51.816,17.77777778,0.2
3/25/2026 7:30,51.816,17.77777778,0.2
3/25/2026 7:45,51.816,17.77777778,0.2
3/25/2026 8:00,51.816,17.77777778,0.2
3/25/2026 8:15,51.816,17.77777778,0.2
3/25/2026 8:30,51.816,17.77777778,0.1
3/25/2026 8:45,51.816,17.77777778,0.1
3/25/2026 9:00,51.816,17.77777778,0.1
3/25/2026 9:15,51.816,17.77777778,0.1
3/25/2026 9:30,51.816,17.77777778,0.1
3/25/2026 9:45,51.816,17.77777778,0.1
3/25/2026 10:00,51.816,17.77777778,0.1
3/25/2026 10:15,51.816,17.77777778,0.1
3/25/2026 10:30,51.816,17.77777778,0.1
3/25/2026 10:45,51.816,17.77777778,0.1
3/25/2026 11:00,51.816,17.77777778,0.1
3/25/2026 11:15,51.816,17.77777778,0.1
3/25/2026 11:30,51.816,17.77777778,0.1
3/25/2026 11:45,51.816,17.77777778,0.1
3/25/2026 12:00,51.816,17.77777778,0.1
3/25/2026 12:15,51.816,17.77777778,0.1
3/25/2026 12:30,51.816,17.77777778,0.1
3/25/2026 12:45,51.816,17.77777778,0.1
3/25/2026 13:00,51.816,17.77777778,0.1
3/25/2026 13:15,51.816,18.33333333,0.1
3/25/2026 13:30,51.816,18.33333333,0.1
3/25/2026 13:45,51.816,18.33333333,0.1
3/25/2026 14:00,51.816,18.33333333,0.1
3/25/2026 14:15,51.816,18.33333333,0.1
3/25/2026 14:30,51.816,18.33333333,0.1
3/25/2026 14:45,51.816,18.33333333,0.1
3/25/2026 15:00,51.816,18.33333333,0.1
3/25/2026 15:15,51.816,18.33333333,0.1
3/25/2026 15:30,51.816,18.33333333,0.1
3/25/2026 15:45,51.816,18.33333333,0.1
3/25/2026 16:00,51.816,18.33333333,0.1
3/25/2026 16:15,51.816,18.33333333,0.1
3/25/2026 16:30,51.816,18.33333333,0.1
3/25/2026 16:45,51.816,18.33333333,0.1
3/25/2026 17:00,51.816,18.33333333,0.1
3/25/2026 17:15,51.816,18.33333333,0.1
3/25/2026 17:30,51.816,18.33333333,0.1
3/25/2026 17:45,51.816,18.33333333,0.1
3/25/2026 18:00,51.816,18.33333333,0.1
3/25/2026 18:15,51.816,18.33333333,0.1
3/25/2026 18:30,51.816,18.33333333,0.1
3/25/2026 18:45,51.816,18.33333333,0.1
3/25/2026 19:00,51.816,18.88888889,0.1
3/25/2026 19:15,51.816,18.88888889,0.1
3/25/2026 19:30,51.816,18.88888889,0.1
3/25/2026 19:45,51.816,18.88888889,0.1
3/25/2026 20:00,51.816,18.88888889,0.1
3/25/2026 20:15,51.816,18.88888889,0.1
3/25/2026 20:30,51.816,18.88888889,0.1
3/25/2026 20:45,51.816,18.88888889,0.1
3/25/2026 21:00,51.816,18.88888889,0.1
3/25/2026 21:15,51.816,18.88888889,0.1
3/25/2026 21:30,51.816,18.88888889,0.1
3/25/2026 21:45,51.816,18.88888889,0.1
3/25/2026 22:00,51.816,18.88888889,0.1
3/25/2026 22:15,51.816,18.88888889,0.1
3/25/2026 22:30,51.816,18.88888889,0.1
3/25/2026 22:45,51.816,18.88888889,0.1
3/25/2026 23:00,51.816,18.88888889,0.1
3/25/2026 23:15,51.816,18.88888889,0.1
3/25/2026 23:30,51.816,18.88888889,0.1
3/25/2026 23:45,51.816,18.88888889,0.1
3/26/2026 0:00,51.816,18.88888889,0.1
3/26/2026 0:15,51.816,18.88888889,0.1
3/26/2026 0:30,51.816,18.88888889,0.1
3/26/2026 0:45,51.816,18.88888889,0.1
3/26/2026 1:00,51.816,18.88888889,0.1
3/26/2026 1:15,51.816,18.88888889,0.1
3/26/2026 1:30,51.816,18.88888889,0.1
3/26/2026 1:45,51.816,18.88888889,0.1
3/26/2026 2:00,51.816,18.33333333,0.1
3/26/2026 2:15,51.816,18.33333333,0.1
3/26/2026 2:30,51.816,18.33333333,0.1
3/26/2026 2:45,51.816,18.33333333,0.1
3/26/2026 3:00,51.816,18.33333333,0.1
3/26/2026 3:15,51.816,18.33333333,0.1
3/26/2026 3:30,51.816,18.33333333,0.1
3/26/2026 3:45,51.816,18.33333333,0.1
3/26/2026 4:00,51.816,18.33333333,0.1
3/26/2026 4:15,51.816,18.33333333,0.1
3/26/2026 4:30,51.816,18.33333333,0.1
3/26/2026 4:45,51.816,18.33333333,0.1
3/26/2026 5:00,51.816,18.33333333,0.1
3/26/2026 5:15,51.816,18.33333333,0.1
3/26/2026 5:30,51.816,18.33333333,0.1
3/26/2026 5:45,51.816,18.33333333,0.1
3/26/2026 6:00,51.816,18.33333333,0.1
3/26/2026 6:15,51.816,18.33333333,0.1
3/26/2026 6:30,51.816,18.33333333,0.1
3/26/2026 6:45,51.816,18.33333333,0.1
3/26/2026 7:00,51.816,18.33333333,0.1
3/26/2026 7:15,51.816,18.33333333,0.1
3/26/2026 7:30,51.816,18.33333333,0.1
3/26/2026 7:45,51.816,18.33333333,0.1
3/26/2026 8:00,51.816,18.33333333,0.1
3/26/2026 8:15,51.816,18.33333333,0.1
3/26/2026 8:30,51.816,18.33333333,0.1
3/26/2026 8:45,51.816,17.77777778,0.1
3/26/2026 9:00,51.816,17.77777778,0.1
3/26/2026 9:15,51.816,18.33333333,0.1
3/26/2026 9:30,51.816,18.33333333,0.1
3/26/2026 9:45,51.816,18.33333333,0.1
3/26/2026 10:00,51.816,18.33333333,0.1
3/26/2026 10:15,51.816,18.33333333,0.1
3/26/2026 10:30,51.816,18.33333333,0.1
3/26/2026 10:45,51.816,18.33333333,0.1
3/26/2026 11:00,51.816,18.33333333,0.1
3/26/2026 11:15,51.816,18.33333333,0.1
3/26/2026 11:30,51.816,18.33333333,0.1
3/26/2026 11:45,51.816,18.33333333,0.1
3/26/2026 12:00,51.816,18.33333333,0.1
3/26/2026 12:15,51.816,18.33333333,0.1
3/26/2026 12:30,51.816,18.33333333,0.1
3/26/2026 12:45,51.816,18.33333333,0.1
3/26/2026 13:00,51.816,18.33333333,0.1
3/26/2026 13:15,51.816,18.33333333,0.1
3/26/2026 13:30,51.816,18.33333333,0.1
3/26/2026 13:45,51.816,18.33333333,0.1
3/26/2026 14:00,51.816,18.33333333,0.1
3/26/2026 14:15,51.816,18.33333333,0.1
3/26/2026 14:30,51.816,18.88888889,0.1
3/26/2026 14:45,51.816,18.88888889,0.1
3/26/2026 15:00,51.816,18.88888889,0.1
3/26/2026 15:15,51.816,18.88888889,0.1
3/26/2026 15:30,51.816,18.88888889,0.1
3/26/2026 15:45,51.816,18.88888889,0.1
3/26/2026 16:00,51.816,18.88888889,0.1
3/26/2026 16:15,51.816,18.88888889,0.1
3/26/2026 16:30,51.816,18.88888889,0.1
3/26/2026 16:45,51.816,18.88888889,0.1
3/26/2026 17:00,51.816,18.88888889,0.1
3/26/2026 17:15,51.816,18.88888889,0.1
3/26/2026 17:30,51.816,18.88888889,0.1
3/26/2026 17:45,51.816,18.88888889,0.1
3/26/2026 18:00,51.816,18.88888889,0.1
3/26/2026 18:15,51.816,18.88888889,0.1
3/26/2026 18:30,51.816,18.88888889,0.1
3/26/2026 18:45,51.816,18.88888889,0.1
3/26/2026 19:00,51.816,19.44444444,0.1
3/26/2026 19:15,51.816,19.44444444,0.1
3/26/2026 19:30,51.816,19.44444444,0.1
3/26/2026 19:45,51.816,19.44444444,0.1
3/26/2026 20:00,51.816,19.44444444,0.1
3/26/2026 20:15,51.816,19.44444444,0.1
3/26/2026 20:30,51.816,19.44444444,0.1
3/26/2026 20:45,51.816,19.44444444,0.1
3/26/2026 21:00,51.816,19.44444444,0.1
3/26/2026 21:15,51.816,19.44444444,0.1
3/26/2026 21:30,51.816,19.44444444,0.1
3/26/2026 21:45,51.816,19.44444444,0.1
3/26/2026 22:00,51.816,19.44444444,0.1
3/26/2026 22:15,51.816,19.44444444,0.1
3/26/2026 22:30,51.816,19.44444444,0.1
3/26/2026 22:45,51.816,19.44444444,0.1
3/26/2026 23:00,51.816,19.44444444,0.1
3/26/2026 23:15,51.816,19.44444444,0.1
3/26/2026 23:30,51.816,19.44444444,0.1
3/26/2026 23:45,51.816,19.44444444,0.1
3/27/2026 0:00,51.816,19.44444444,0.1
3/27/2026 0:15,51.816,19.44444444,0.1
3/27/2026 0:30,51.816,19.44444444,0.1
3/27/2026 0:45,51.816,19.44444444,0.1
3/27/2026 1:00,51.816,19.44444444,0.1
3/27/2026 1:15,51.816,19.44444444,0.1
3/27/2026 1:30,51.816,19.44444444,0.1
3/27/2026 1:45,51.816,19.44444444,0.1
3/27/2026 2:00,51.816,19.44444444,0.1
3/27/2026 2:15,51.816,19.44444444,0.1
3/27/2026 2:30,51.816,19.44444444,0.1
3/27/2026 2:45,51.816,19.44444444,0.1
3/27/2026 3:00,51.816,19.44444444,0.1
3/27/2026 3:15,51.816,19.44444444,0.1
3/27/2026 3:30,51.816,19.44444444,0.1
3/27/2026 3:45,51.816,19.44444444,0.1
3/27/2026 4:00,51.816,19.44444444,0.1
3/27/2026 4:15,51.816,19.44444444,0.1
3/27/2026 4:30,51.816,19.44444444,0.1
3/27/2026 4:45,51.816,19.44444444,0.1
3/27/2026 5:00,51.816,19.44444444,0.1
3/27/2026 5:15,51.816,19.44444444,0.1
3/27/2026 5:30,51.816,19.44444444,0.1
3/27/2026 5:45,51.816,19.44444444,0.1
3/27/2026 6:00,51.816,19.44444444,0.1
3/27/2026 6:15,51.816,19.44444444,0.1
3/27/2026 6:30,51.816,19.44444444,0.1
3/27/2026 6:45,51.816,19.44444444,0.1
3/27/2026 7:00,51.816,19.44444444,0.1
3/27/2026 7:15,51.816,19.44444444,0.1
3/27/2026 7:30,51.816,19.44444444,0.1
3/27/2026 7:45,51.816,19.44444444,0.1
3/27/2026 8:00,51.816,19.44444444,0.1
3/27/2026 8:15,51.816,19.44444444,0.1
3/27/2026 8:30,51.816,19.44444444,0.1
3/27/2026 8:45,51.816,19.44444444,0.1
3/27/2026 9:00,51.816,19.44444444,0.1
3/27/2026 9:15,51.816,19.44444444,0.1
3/27/2026 9:30,51.816,19.44444444,0.1
3/27/2026 9:45,51.816,19.44444444,0.1
3/27/2026 10:00,51.816,19.44444444,0.1
3/27/2026 10:15,51.816,19.44444444,0.1
3/27/2026 10:30,51.816,19.44444444,0.1
3/27/2026 10:45,51.816,19.44444444,0.1
3/27/2026 11:00,51.816,19.44444444,0.1
3/27/2026 11:15,51.816,19.44444444,0.1
3/27/2026 11:30,51.816,19.44444444,0.1
3/27/2026 11:45,51.816,19.44444444,0.1
3/27/2026 12:00,51.816,19.44444444,0.1
3/27/2026 12:15,51.816,19.44444444,0.1
3/27/2026 12:30,51.816,19.44444444,0.1
3/27/2026 12:45,51.816,19.44444444,0.1
3/27/2026 13:00,51.816,19.44444444,0.1
3/27/2026 13:15,51.816,19.44444444,0.1
3/27/2026 13:30,51.816,20,0.1
3/27/2026 13:45,51.816,20,0.1
3/27/2026 14:00,51.816,20,0.1
3/27/2026 14:15,51.816,20,0.1
3/27/2026 14:30,51.816,20,0.1
3/27/2026 14:45,51.816,20,0.1
3/27/2026 15:00,51.816,20,0.1
3/27/2026 15:15,51.816,20,0.1
3/27/2026 15:30,51.816,20,0.1
3/27/2026 15:45,51.816,20,0.1
3/27/2026 16:00,51.816,20,0.1
3/27/2026 16:15,51.816,20.55555556,0.1
3/27/2026 16:30,51.816,20.55555556,0.1
3/27/2026 16:45,51.816,20.55555556,0.1
3/27/2026 17:00,51.816,20.55555556,0.1
3/27/2026 17:15,51.816,20.55555556,0.1
3/27/2026 17:30,51.816,20.55555556,0.1
3/27/2026 17:45,51.816,20.55555556,0.1
3/27/2026 18:00,51.816,20.55555556,0.1
3/27/2026 18:15,51.816,20.55555556,0.1
3/27/2026 18:30,51.816,20.55555556,0.1
3/27/2026 18:45,51.816,20.55555556,0.1
3/27/2026 19:00,51.816,20.55555556,0.1
3/27/2026 19:15,51.816,20.55555556,0.1
3/27/2026 19:30,51.816,20.55555556,0.1
3/27/2026 19:45,51.816,20.55555556,0.1
3/27/2026 20:00,51.816,20.55555556,0.1
3/27/2026 20:15,51.816,20.55555556,0.1
3/27/2026 20:30,51.816,20.55555556,0.1
3/27/2026 20:45,51.816,20.55555556,0.1
3/27/2026 21:00,51.816,20.55555556,0.1
3/27/2026 21:15,51.816,20.55555556,0.1
3/27/2026 21:30,51.816,20.55555556,0.1
3/27/2026 21:45,51.816,20.55555556,0.1
3/27/2026 22:00,51.816,20.55555556,0.1
3/27/2026 22:15,51.816,20.55555556,0.1
3/27/2026 22:30,51.816,20.55555556,0.1
3/27/2026 22:45,51.816,20.55555556,0.1
3/27/2026 23:00,51.816,20.55555556,0.1
3/27/2026 23:15,51.816,20.55555556,0.1
3/27/2026 23:30,51.816,20.55555556,0.1
3/27/2026 23:45,51.816,20.55555556,0.1
3/28/2026 0:00,54.864,20.55555556,0.1
3/28/2026 0:15,51.816,20.55555556,0.1
3/28/2026 0:30,51.816,20.55555556,0.1
3/28/2026 0:45,51.816,20.55555556,0.1
3/28/2026 1:00,51.816,20.55555556,0.1
3/28/2026 1:15,54.864,21.11111111,0.1
3/28/2026 1:30,54.864,21.11111111,0.1
3/28/2026 1:45,54.864,21.11111111,0.1
3/28/2026 2:00,54.864,21.11111111,0.1
3/28/2026 2:15,54.864,21.11111111,0.1
3/28/2026 2:30,54.864,21.11111111,0.1
3/28/2026 2:45,54.864,21.11111111,0.1
3/28/2026 3:00,54.864,21.11111111,0.1
3/28/2026 3:15,54.864,21.11111111,0.1
3/28/2026 3:30,54.864,21.11111111,0.1
3/28/2026 3:45,54.864,21.11111111,0.1
3/28/2026 4:00,54.864,21.11111111,0.1
3/28/2026 4:15,54.864,21.11111111,0.1
3/28/2026 4:30,54.864,20.55555556,0.1
3/28/2026 4:45,54.864,20.55555556,0.1
3/28/2026 5:00,54.864,20.55555556,0.1
3/28/2026 5:15,54.864,20.55555556,0.1
3/28/2026 5:30,54.864,20.55555556,0.1
3/28/2026 5:45,54.864,20.55555556,0.1
3/28/2026 6:00,54.864,20.55555556,0.1
3/28/2026 6:15,54.864,20.55555556,0.1
3/28/2026 6:30,54.864,20.55555556,0.1
3/28/2026 6:45,54.864,20.55555556,0.1
3/28/2026 7:00,54.864,20.55555556,0.1
3/28/2026 7:15,54.864,20.55555556,0.1
3/28/2026 7:30,51.816,20.55555556,0.1
3/28/2026 7:45,54.864,20.55555556,0.1
3/28/2026 8:00,54.864,20,0.1
3/28/2026 8:15,54.864,20,0.1
3/28/2026 8:30,54.864,20,0.1
3/28/2026 8:45,54.864,20,0.1
3/28/2026 9:00,51.816,20,0.1
3/28/2026 9:15,51.816,20,0.1
3/28/2026 9:30,51.816,20,0.1
3/28/2026 9:45,51.816,20,0.1
3/28/2026 10:00,51.816,20,0.1
3/28/2026 10:15,51.816,19.44444444,0.1
3/28/2026 10:30,51.816,19.44444444,0.1
3/28/2026 10:45,51.816,19.44444444,0.1
3/28/2026 11:00,51.816,19.44444444,0.1
3/28/2026 11:15,51.816,19.44444444,0.1
3/28/2026 11:30,51.816,19.44444444,0.1
3/28/2026 11:45,51.816,20,0.1
3/28/2026 12:00,51.816,20,0.1
3/28/2026 12:15,51.816,20,0.1
3/28/2026 12:30,51.816,20,0.1
3/28/2026 12:45,51.816,20,0.1
3/28/2026 13:00,51.816,20,0.1
3/28/2026 13:15,51.816,20,0.1
3/28/2026 13:30,51.816,20,0.1
3/28/2026 13:45,51.816,20,0.1
3/28/2026 14:00,51.816,20,0.1
3/28/2026 14:15,51.816,20.55555556,0.1
3/28/2026 14:30,51.816,20.55555556,0.1
3/28/2026 14:45,51.816,20.55555556,0.1
3/28/2026 15:00,51.816,20.55555556,0.1
3/28/2026 15:15,51.816,20.55555556,0.1
3/28/2026 15:30,51.816,20.55555556,0.1
3/28/2026 15:45,51.816,20.55555556,0.1
3/28/2026 16:00,51.816,20.55555556,0.1
3/28/2026 16:15,51.816,20.55555556,0.1
3/28/2026 16:30,54.864,20.55555556,0.1
3/28/2026 16:45,51.816,20.55555556,0.1
3/28/2026 17:00,51.816,20.55555556,0.1
3/28/2026 17:15,51.816,20.55555556,0.1
3/28/2026 17:30,51.816,20.55555556,0.1
3/28/2026 17:45,51.816,20.55555556,0.1
3/28/2026 18:00,54.864,20.55555556,0.1
3/28/2026 18:15,54.864,21.11111111,0.1
3/28/2026 18:30,54.864,21.11111111,0.1
3/28/2026 18:45,54.864,21.11111111,0.1
3/28/2026 19:00,54.864,20.55555556,0.1
3/28/2026 19:15,54.864,20.55555556,0.1
3/28/2026 19:30,54.864,20.55555556,0.1
3/28/2026 19:45,54.864,20.55555556,0.1
3/28/2026 20:00,54.864,20.55555556,0.1
3/28/2026 20:15,54.864,20.55555556,0.1
3/28/2026 20:30,54.864,20.55555556,0.1
3/28/2026 20:45,54.864,20.55555556,0.1
3/28/2026 21:00,54.864,20.55555556,0.1
3/28/2026 21:15,54.864,20.55555556,0.1
3/28/2026 21:30,54.864,20.55555556,0.1
3/28/2026 21:45,54.864,20.55555556,0.1
3/28/2026 22:00,54.864,20.55555556,0.1
3/28/2026 22:15,51.816,20,0.1
3/28/2026 22:30,51.816,20,0.1
3/28/2026 22:45,51.816,20,0.1
3/28/2026 23:00,51.816,20,0.1
3/28/2026 23:15,51.816,20,0.1
3/28/2026 23:30,54.864,20,0.1
3/28/2026 23:45,51.816,20,0.1
3/29/2026 0:00,51.816,20,0.1
3/29/2026 0:15,51.816,19.44444444,0.1
3/29/2026 0:30,51.816,19.44444444,0.1
3/29/2026 0:45,51.816,19.44444444,0.1
3/29/2026 1:00,51.816,19.44444444,0.1
3/29/2026 1:15,51.816,19.44444444,0.1
3/29/2026 1:30,51.816,19.44444444,0.1
3/29/2026 1:45,51.816,19.44444444,0.1
3/29/2026 2:00,51.816,19.44444444,0.1
3/29/2026 2:15,51.816,19.44444444,0.1
3/29/2026 2:30,51.816,19.44444444,0.1
3/29/2026 2:45,51.816,19.44444444,0.1
3/29/2026 3:00,51.816,19.44444444,0.1
3/29/2026 3:15,51.816,18.88888889,0.1
3/29/2026 3:30,51.816,18.88888889,0.1
3/29/2026 3:45,51.816,18.88888889,0.1
3/29/2026 4:00,51.816,18.88888889,0.1
3/29/2026 4:15,51.816,18.88888889,0.1
3/29/2026 4:30,51.816,18.88888889,0.1
3/29/2026 4:45,54.864,18.88888889,0.1
3/29/2026 5:00,51.816,18.88888889,0.1
3/29/2026 5:15,51.816,18.88888889,0.1
3/29/2026 5:30,51.816,18.88888889,0.1
3/29/2026 5:45,51.816,18.33333333,0.1
3/29/2026 6:00,51.816,18.33333333,0.1
3/29/2026 6:15,51.816,18.33333333,0.1
3/29/2026 6:30,51.816,18.33333333,0.1
3/29/2026 6:45,51.816,18.33333333,0.1
3/29/2026 7:00,51.816,18.33333333,0.1
3/29/2026 7:15,51.816,18.33333333,0.1
3/29/2026 7:30,51.816,18.33333333,0.1
3/29/2026 7:45,51.816,18.33333333,0.1
3/29/2026 8:00,51.816,18.33333333,0.1
3/29/2026 8:15,51.816,18.33333333,0.1
3/29/2026 8:30,51.816,18.33333333,0.1
3/29/2026 8:45,51.816,18.33333333,0.1
3/29/2026 9:00,51.816,18.33333333,0.1
3/29/2026 9:15,51.816,18.33333333,0.1
3/29/2026 9:30,51.816,18.33333333,0.1
3/29/2026 9:45,48.768,18.33333333,0.1
3/29/2026 10:00,51.816,18.33333333,0.1
3/29/2026 10:15,51.816,18.33333333,0.1
3/29/2026 10:30,51.816,18.33333333,0.1
3/29/2026 10:45,48.768,18.33333333,0.1
3/29/2026 11:00,51.816,18.33333333,0.1
3/29/2026 11:15,51.816,18.33333333,0.1
3/29/2026 11:30,51.816,18.33333333,0.1
3/29/2026 11:45,48.768,18.33333333,0.1
3/29/2026 12:00,51.816,18.33333333,0.1
3/29/2026 12:15,51.816,18.88888889,0.1
3/29/2026 12:30,51.816,18.88888889,0.1
3/29/2026 12:45,51.816,18.88888889,0.1
3/29/2026 13:00,51.816,18.88888889,0.1
3/29/2026 13:15,51.816,18.88888889,0.1
3/29/2026 13:30,51.816,18.88888889,0.1
3/29/2026 13:45,51.816,19.44444444,0.1
3/29/2026 14:00,51.816,19.44444444,0.1
3/29/2026 14:15,48.768,19.44444444,0.1
3/29/2026 14:30,48.768,19.44444444,0.1
3/29/2026 14:45,48.768,19.44444444,0.1
3/29/2026 15:00,51.816,19.44444444,0.1
3/29/2026 15:15,51.816,19.44444444,0.1
3/29/2026 15:30,51.816,19.44444444,0.1
3/29/2026 15:45,51.816,19.44444444,0.1
3/29/2026 16:00,51.816,19.44444444,0.1
3/29/2026 16:15,51.816,19.44444444,0.1
3/29/2026 16:30,51.816,19.44444444,0.1
3/29/2026 16:45,48.768,19.44444444,0.1
3/29/2026 17:00,51.816,19.44444444,0.1
3/29/2026 17:15,51.816,20,0.1
3/29/2026 17:30,51.816,20,0.1
3/29/2026 17:45,51.816,20,0.1
3/29/2026 18:00,51.816,20,0.1
3/29/2026 18:15,51.816,20,0.1
3/29/2026 18:30,51.816,20,0.1
3/29/2026 18:45,51.816,20,0.1
3/29/2026 19:00,51.816,20,0.1
3/29/2026 19:15,51.816,20,0.1
3/29/2026 19:30,51.816,20,0.1
3/29/2026 19:45,51.816,20,0.1
3/29/2026 20:00,51.816,20,0.1
3/29/2026 20:15,51.816,20,0.1
3/29/2026 20:30,51.816,20,0.1
3/29/2026 20:45,51.816,20,0.1
3/29/2026 21:00,51.816,20,0.1
3/29/2026 21:15,51.816,20,0.1
3/29/2026 21:30,51.816,20,0.1
3/29/2026 21:45,51.816,20,0.1
3/29/2026 22:00,51.816,20,0.1
3/29/2026 22:15,51.816,20,0.1
3/29/2026 22:30,51.816,20,0.1
3/29/2026 22:45,51.816,20,0.1
3/29/2026 23:00,51.816,20,0.1
3/29/2026 23:15,51.816,20,0.1
3/29/2026 23:30,51.816,19.44444444,0.1
3/29/2026 23:45,51.816,19.44444444,0.1
3/30/2026 0:00,51.816,19.44444444,0.1
3/30/2026 0:15,51.816,19.44444444,0.1
3/30/2026 0:30,51.816,19.44444444,0.1
3/30/2026 0:45,51.816,19.44444444,0.1
3/30/2026 1:00,51.816,19.44444444,0.1
3/30/2026 1:15,51.816,19.44444444,0.1
3/30/2026 1:30,51.816,19.44444444,0.1
3/30/2026 1:45,51.816,19.44444444,0.1
3/30/2026 2:00,51.816,19.44444444,0.1
3/30/2026 2:15,51.816,19.44444444,0.1
3/30/2026 2:30,51.816,19.44444444,0.1
3/30/2026 2:45,51.816,19.44444444,0.1
3/30/2026 3:00,51.816,19.44444444,0.1
3/30/2026 3:15,51.816,18.88888889,0.1
3/30/2026 3:30,51.816,18.88888889,0.1
3/30/2026 3:45,51.816,18.88888889,0.1
3/30/2026 4:00,51.816,18.88888889,0.1
3/30/2026 4:15,51.816,18.88888889,0.1
3/30/2026 4:30,51.816,18.88888889,0.1
3/30/2026 4:45,51.816,18.88888889,0.1
3/30/2026 5:00,51.816,18.88888889,0.1
3/30/2026 5:15,51.816,18.88888889,0.1
3/30/2026 5:30,51.816,18.88888889,0.1
3/30/2026 5:45,51.816,18.88888889,0.1
3/30/2026 6:00,51.816,18.88888889,0.1
3/30/2026 6:15,51.816,18.88888889,0.1
3/30/2026 6:30,51.816,18.33333333,0.1
3/30/2026 6:45,51.816,18.33333333,0.1
3/30/2026 7:00,51.816,18.33333333,0.1
3/30/2026 7:15,51.816,18.33333333,0.1
3/30/2026 7:30,48.768,18.33333333,0.1
3/30/2026 7:45,48.768,18.33333333,0.1
3/30/2026 8:00,48.768,18.33333333,0.1
3/30/2026 8:15,48.768,18.33333333,0.1
3/30/2026 8:30,48.768,18.33333333,0.1
3/30/2026 8:45,48.768,18.33333333,0.1
3/30/2026 9:00,48.768,18.33333333,0.1
3/30/2026 9:15,51.816,18.33333333,0.1
3/30/2026 9:30,48.768,18.33333333,0.1
3/30/2026 9:45,51.816,18.33333333,0.1
3/30/2026 10:00,51.816,18.33333333,0.1
3/30/2026 10:15,51.816,18.33333333,0.1
3/30/2026 10:30,51.816,18.33333333,0.1
3/30/2026 10:45,51.816,18.88888889,0.1
3/30/2026 11:00,51.816,18.88888889,0.1
3/30/2026 11:15,51.816,18.88888889,0.1
3/30/2026 11:30,51.816,18.88888889,0.1
3/30/2026 11:45,51.816,18.88888889,0.1
3/30/2026 12:00,51.816,18.88888889,0.1
3/30/2026 12:15,51.816,18.88888889,0.1
3/30/2026 12:30,51.816,18.88888889,0.1
3/30/2026 12:45,51.816,19.44444444,0.1
3/30/2026 13:00,48.768,19.44444444,0.1
3/30/2026 13:15,51.816,19.44444444,0.1
3/30/2026 13:30,51.816,19.44444444,0.1
3/30/2026 13:45,51.816,20,0.1
3/30/2026 14:00,51.816,20,0.1
3/30/2026 14:15,48.768,20,0.1
3/30/2026 14:30,51.816,20,0.1
3/30/2026 14:45,51.816,20,0.1
3/30/2026 15:00,48.768,20,0.1
3/30/2026 15:15,48.768,20.55555556,0.1
3/30/2026 15:30,48.768,20.55555556,0.1
3/30/2026 15:45,48.768,20.55555556,0.1
3/30/2026 16:00,51.816,20.55555556,0.1
3/30/2026 16:15,51.816,20.55555556,0.1
3/30/2026 16:30,51.816,20.55555556,0.1
3/30/2026 16:45,51.816,20.55555556,0.1
3/30/2026 17:00,51.816,20.55555556,0.1
3/30/2026 17:15,51.816,21.11111111,0.1
3/30/2026 17:30,51.816,21.11111111,0.1
3/30/2026 17:45,51.816,21.11111111,0.1
3/30/2026 18:00,51.816,21.11111111,0.1
3/30/2026 18:15,51.816,21.11111111,0.1
3/30/2026 18:30,51.816,21.11111111,0.1
3/30/2026 18:45,51.816,21.11111111,0.1
3/30/2026 19:00,51.816,21.11111111,0.1
3/30/2026 19:15,51.816,21.11111111,0.1
3/30/2026 19:30,51.816,21.11111111,0.1
3/30/2026 19:45,51.816,21.11111111,0.1
3/30/2026 20:00,51.816,21.11111111,0.1
3/30/2026 20:15,51.816,21.11111111,0.1
3/30/2026 20:30,51.816,21.11111111,0.1
3/30/2026 20:45,51.816,21.11111111,0.1
3/30/2026 21:00,51.816,21.11111111,0.2
3/30/2026 21:15,51.816,21.11111111,0.2
3/30/2026 21:30,51.816,21.11111111,0.2
3/30/2026 21:45,51.816,21.11111111,0.2
3/30/2026 22:00,51.816,21.11111111,0.2
3/30/2026 22:15,51.816,21.11111111,0.2
3/30/2026 22:30,51.816,21.11111111,0.2
3/30/2026 22:45,51.816,21.11111111,0.2
3/30/2026 23:00,51.816,21.11111111,0.2
3/30/2026 23:15,51.816,21.11111111,0.2
3/30/2026 23:30,51.816,20.55555556,0.2
3/30/2026 23:45,51.816,20.55555556,0.2
3/31/2026 0:00,51.816,20.55555556,0.2
3/31/2026 0:15,51.816,20.55555556,0.2
3/31/2026 0:30,51.816,20.55555556,0.2
3/31/2026 0:45,51.816,20.55555556,0.2
3/31/2026 1:00,51.816,20.55555556,0.2
3/31/2026 1:15,51.816,20.55555556,0.2
3/31/2026 1:30,51.816,20.55555556,0.2
3/31/2026 1:45,51.816,20.55555556,0.2
3/31/2026 2:00,51.816,20.55555556,0.2
3/31/2026 2:15,51.816,20.55555556,0.2
3/31/2026 2:30,51.816,20.55555556,0.2
3/31/2026 2:45,51.816,20.55555556,0.2
3/31/2026 3:00,51.816,20.55555556,0.2
3/31/2026 3:15,51.816,20.55555556,0.2
3/31/2026 3:30,51.816,20.55555556,0.1
3/31/2026 3:45,51.816,20.55555556,0.1
3/31/2026 4:00,48.768,20,0.1
3/31/2026 4:15,48.768,20,0.1
3/31/2026 4:30,48.768,20,0.1
3/31/2026 4:45,51.816,20,0.1
3/31/2026 5:00,51.816,20,0.1
3/31/2026 5:15,51.816,20,0.2
3/31/2026 5:30,51.816,20,0.2
3/31/2026 5:45,51.816,20,0.2
3/31/2026 6:00,51.816,20,0.2
3/31/2026 6:15,51.816,20,0.2
3/31/2026 6:30,51.816,20,0.1
3/31/2026 6:45,51.816,20,0.1
3/31/2026 7:00,51.816,20,0.1
3/31/2026 7:15,51.816,20,0.2
3/31/2026 7:30,48.768,20,0.2
3/31/2026 7:45,48.768,20,0.2
3/31/2026 8:00,48.768,19.44444444,0.2
3/31/2026 8:15,48.768,19.44444444,0.2
3/31/2026 8:30,48.768,19.44444444,0.2
3/31/2026 8:45,48.768,19.44444444,0.2
3/31/2026 9:00,48.768,19.44444444,0.1
3/31/2026 9:15,48.768,19.44444444,0.1
3/31/2026 9:30,51.816,20,0.1
3/31/2026 9:45,51.816,20,0.1
3/31/2026 10:00,51.816,20,0.1
3/31/2026 10:15,51.816,20,0.1
3/31/2026 10:30,51.816,20,0.1
3/31/2026 10:45,48.768,20,0.1
3/31/2026 11:00,51.816,20,0.1
3/31/2026 11:15,51.816,20,0.1
3/31/2026 11:30,48.768,20,0.1
3/31/2026 11:45,51.816,20,0.1
3/31/2026 12:00,48.768,20,0.1
3/31/2026 12:15,51.816,20,0.1
3/31/2026 12:30,51.816,20,0.1
3/31/2026 12:45,48.768,20,0.1
3/31/2026 13:00,51.816,20.55555556,0.1
3/31/2026 13:15,48.768,20.55555556,0.1
3/31/2026 13:30,51.816,20.55555556,0.1
3/31/2026 13:45,48.768,20.55555556,0.1
3/31/2026 14:00,51.816,20.55555556,0.1
3/31/2026 14:15,51.816,20.55555556,0.1
3/31/2026 14:30,51.816,20.55555556,0.1
3/31/2026 14:45,51.816,20.55555556,0.1
3/31/2026 15:00,51.816,20.55555556,0.1
3/31/2026 15:15,51.816,21.11111111,0.1
3/31/2026 15:30,51.816,21.11111111,0.1
3/31/2026 15:45,51.816,21.11111111,0.1
3/31/2026 16:00,51.816,21.11111111,0.1
3/31/2026 16:15,51.816,21.11111111,0.1
3/31/2026 16:30,51.816,21.11111111,0.1
3/31/2026 16:45,51.816,21.11111111,0.1
3/31/2026 17:00,51.816,21.11111111,0.1
3/31/2026 17:15,51.816,21.11111111,0.1
3/31/2026 17:30,51.816,21.11111111,0.1
3/31/2026 17:45,51.816,21.11111111,0.1
3/31/2026 18:00,51.816,21.11111111,0.1
3/31/2026 18:15,51.816,21.11111111,0.1
3/31/2026 18:30,51.816,21.11111111,0.1
3/31/2026 18:45,51.816,21.66666667,0.1
3/31/2026 19:00,51.816,21.66666667,0.1
3/31/2026 19:15,51.816,21.66666667,0.1
3/31/2026 19:30,51.816,21.66666667,0.1
3/31/2026 19:45,51.816,21.66666667,0.1
3/31/2026 20:00,51.816,21.66666667,0.1
3/31/2026 20:15,51.816,21.66666667,0.1
3/31/2026 20:30,51.816,21.66666667,0.1
3/31/2026 20:45,51.816,21.66666667,0.1
3/31/2026 21:00,51.816,21.66666667,0.1
3/31/2026 21:15,51.816,21.66666667,0.1
3/31/2026 21:30,51.816,21.66666667,0.1
3/31/2026 21:45,51.816,21.66666667,0.1
3/31/2026 22:00,51.816,21.66666667,0.1
3/31/2026 22:15,51.816,21.66666667,0.1
3/31/2026 22:30,51.816,21.66666667,0.1
3/31/2026 22:45,51.816,21.66666667,0.1
3/31/2026 23:00,51.816,21.66666667,0.2
3/31/2026 23:15,51.816,21.66666667,0.1
3/31/2026 23:30,51.816,21.66666667,0.1
3/31/2026 23:45,51.816,21.66666667,0.1
4/1/2026 0:00,51.816,21.66666667,0.1
4/1/2026 0:15,51.816,21.66666667,0.1
4/1/2026 0:30,51.816,21.66666667,0.1
4/1/2026 0:45,51.816,21.66666667,0.1
4/1/2026 1:00,51.816,21.66666667,0.1
4/1/2026 1:15,51.816,21.66666667,0.1
4/1/2026 1:30,51.816,21.66666667,0.1
4/1/2026 1:45,51.816,21.66666667,0.1
4/1/2026 2:00,51.816,21.66666667,0.1
4/1/2026 2:15,51.816,21.66666667,0.1
4/1/2026 2:30,51.816,21.66666667,0.1
4/1/2026 2:45,51.816,21.66666667,0.1
4/1/2026 3:00,51.816,21.66666667,0.1
4/1/2026 3:15,51.816,21.66666667,0.1
4/1/2026 3:30,51.816,21.66666667,0.1
4/1/2026 3:45,51.816,21.66666667,0.1
4/1/2026 4:00,51.816,21.66666667,0.1
4/1/2026 4:15,51.816,21.11111111,0.2
4/1/2026 4:30,51.816,21.11111111,0.1
4/1/2026 4:45,51.816,21.11111111,0.1
4/1/2026 5:00,51.816,21.11111111,0.1
4/1/2026 5:15,51.816,21.11111111,0.1
4/1/2026 5:30,51.816,21.11111111,0.1
4/1/2026 5:45,51.816,21.11111111,0.1
4/1/2026 6:00,51.816,21.11111111,0.1
4/1/2026 6:15,51.816,21.11111111,0.1
4/1/2026 6:30,51.816,21.11111111,0.1
4/1/2026 6:45,51.816,21.11111111,0.1
4/1/2026 7:00,51.816,21.11111111,0.1
4/1/2026 7:15,51.816,21.11111111,0.1
4/1/2026 7:30,51.816,21.11111111,0.1
4/1/2026 7:45,51.816,21.11111111,0.1
4/1/2026 8:00,51.816,21.11111111,0.1
4/1/2026 8:15,51.816,21.11111111,0.1
4/1/2026 8:30,51.816,20.55555556,0.1
4/1/2026 8:45,51.816,20.55555556,0.1
4/1/2026 9:00,51.816,20.55555556,0.1
4/1/2026 9:15,51.816,20.55555556,0.1
4/1/2026 9:30,51.816,20.55555556,0.1
4/1/2026 9:45,51.816,20.55555556,0.1
4/1/2026 10:00,51.816,21.11111111,0.1
4/1/2026 10:15,51.816,21.11111111,0.1
4/1/2026 10:30,51.816,21.11111111,0.1
4/1/2026 10:45,51.816,21.11111111,0.1
4/1/2026 11:00,51.816,21.11111111,0.1
4/1/2026 11:15,51.816,21.11111111,0.1
4/1/2026 11:30,51.816,21.11111111,0.1
4/1/2026 11:45,51.816,21.11111111,0.1
4/1/2026 12:00,51.816,21.11111111,0.1
4/1/2026 12:15,51.816,21.11111111,0.1
4/1/2026 12:30,51.816,21.11111111,0.1
4/1/2026 12:45,51.816,21.11111111,0.1
4/1/2026 13:00,51.816,21.11111111,0.1
4/1/2026 13:15,51.816,21.11111111,0.1
4/1/2026 13:30,51.816,21.66666667,0.1
4/1/2026 13:45,51.816,21.66666667,0.1
4/1/2026 14:00,51.816,21.66666667,0.1
4/1/2026 14:15,51.816,21.66666667,0.1
4/1/2026 14:30,51.816,21.66666667,0.1
4/1/2026 14:45,51.816,21.66666667,0.1
4/1/2026 15:00,51.816,21.66666667,0.1
4/1/2026 15:15,51.816,21.66666667,0.1
4/1/2026 15:30,51.816,21.66666667,0.1
4/1/2026 15:45,48.768,22.22222222,0.1
4/1/2026 16:00,51.816,22.22222222,0.1
4/1/2026 16:15,51.816,22.22222222,0.1
4/1/2026 16:30,51.816,22.22222222,0.1
4/1/2026 16:45,51.816,22.22222222,0.2
4/1/2026 17:00,51.816,22.22222222,0.2
4/1/2026 17:15,51.816,22.22222222,0.2
4/1/2026 17:30,51.816,22.22222222,0.2
4/1/2026 17:45,51.816,22.22222222,0.2
4/1/2026 18:00,51.816,22.22222222,0.2
4/1/2026 18:15,51.816,22.22222222,0.2
4/1/2026 18:30,51.816,22.22222222,0.2
4/1/2026 18:45,51.816,22.22222222,0.2
4/1/2026 19:00,51.816,22.22222222,0.2
4/1/2026 19:15,51.816,22.22222222,0.2
4/1/2026 19:30,51.816,22.22222222,0.2
4/1/2026 19:45,51.816,22.22222222,0.2
4/1/2026 20:00,51.816,22.22222222,0.2
4/1/2026 20:15,51.816,22.22222222,0.2
4/1/2026 20:30,51.816,22.22222222,0.2
4/1/2026 20:45,51.816,22.22222222,0.2
4/1/2026 21:00,51.816,22.22222222,0.2
4/1/2026 21:15,51.816,22.22222222,0.2
4/1/2026 21:30,51.816,22.22222222,0.2
4/1/2026 21:45,51.816,22.77777778,0.2
4/1/2026 22:00,51.816,22.77777778,0.2
4/1/2026 22:15,48.768,22.77777778,0.2
4/1/2026 22:30,51.816,22.77777778,0.2
4/1/2026 22:45,51.816,22.77777778,0.2
4/1/2026 23:00,48.768,22.77777778,0.2
4/1/2026 23:15,51.816,22.77777778,0.2
4/1/2026 23:30,51.816,22.77777778,0.2
4/1/2026 23:45,51.816,22.77777778,0.2
4/2/2026 0:00,51.816,22.77777778,0.2
4/2/2026 0:15,51.816,22.77777778,0.2
4/2/2026 0:30,48.768,22.77777778,0.2
4/2/2026 0:45,48.768,22.77777778,0.2
4/2/2026 1:00,48.768,22.22222222,0.2
4/2/2026 1:15,48.768,22.22222222,0.2
4/2/2026 1:30,48.768,22.22222222,0.2
4/2/2026 1:45,48.768,22.22222222,0.2
4/2/2026 2:00,48.768,22.22222222,0.2
4/2/2026 2:15,48.768,22.22222222,0.2
4/2/2026 2:30,48.768,22.22222222,0.2
4/2/2026 2:45,48.768,22.22222222,0.2
4/2/2026 3:00,48.768,22.22222222,0.2
4/2/2026 3:15,48.768,22.22222222,0.2
4/2/2026 3:30,51.816,22.22222222,0.2
4/2/2026 3:45,48.768,22.22222222,0.2
4/2/2026 4:00,48.768,22.22222222,0.2
4/2/2026 4:15,48.768,22.22222222,0.2
4/2/2026 4:30,48.768,22.22222222,0.2
4/2/2026 4:45,48.768,22.22222222,0.2
4/2/2026 5:00,48.768,22.22222222,0.2
4/2/2026 5:15,48.768,22.22222222,0.2
4/2/2026 5:30,48.768,22.22222222,0.2
4/2/2026 5:45,48.768,21.66666667,0.2
4/2/2026 6:00,51.816,21.66666667,0.2
4/2/2026 6:15,51.816,21.66666667,0.2
4/2/2026 6:30,48.768,21.66666667,0.2
4/2/2026 6:45,48.768,21.66666667,0.2
4/2/2026 7:00,48.768,21.66666667,0.2
4/2/2026 7:15,48.768,21.66666667,0.2
4/2/2026 7:30,48.768,21.66666667,0.2
4/2/2026 7:45,51.816,21.66666667,0.2
4/2/2026 8:00,48.768,21.66666667,0.2
4/2/2026 8:15,48.768,21.66666667,0.2
4/2/2026 8:30,48.768,21.66666667,0.2
4/2/2026 8:45,48.768,21.66666667,0.2
4/2/2026 9:00,48.768,21.66666667,0.2
4/2/2026 9:15,51.816,21.66666667,0.2
4/2/2026 9:30,48.768,21.66666667,0.2
4/2/2026 9:45,48.768,21.66666667,0.2
4/2/2026 10:00,48.768,21.66666667,0.2
4/2/2026 10:15,48.768,21.66666667,0.2
4/2/2026 10:30,48.768,21.66666667,0.2
4/2/2026 10:45,48.768,21.66666667,0.2
4/2/2026 11:00,48.768,21.66666667,0.2
4/2/2026 11:15,48.768,22.22222222,0.2
4/2/2026 11:30,48.768,22.22222222,0.2
4/2/2026 11:45,48.768,22.22222222,0.2
4/2/2026 12:00,48.768,22.22222222,0.2
4/2/2026 12:15,48.768,22.22222222,0.2
4/2/2026 12:30,48.768,22.22222222,0.2
4/2/2026 12:45,48.768,22.22222222,0.2
4/2/2026 13:00,48.768,22.77777778,0.2
4/2/2026 13:15,48.768,22.77777778,0.2
4/2/2026 13:30,48.768,22.77777778,0.2
4/2/2026 13:45,48.768,22.77777778,0.2
4/2/2026 14:00,48.768,22.77777778,0.2
4/2/2026 14:15,48.768,23.33333333,0.2
4/2/2026 14:30,48.768,23.33333333,0.2
4/2/2026 14:45,48.768,23.33333333,0.2
4/2/2026 15:00,48.768,23.33333333,0.2
4/2/2026 15:15,48.768,23.33333333,0.2
4/2/2026 15:30,51.816,23.33333333,0.2
4/2/2026 15:45,48.768,23.88888889,0.2
4/2/2026 16:00,48.768,23.88888889,0.2
4/2/2026 16:15,48.768,23.88888889,0.2
4/2/2026 16:30,48.768,23.88888889,0.2
4/2/2026 16:45,48.768,23.88888889,0.2
4/2/2026 17:00,48.768,23.88888889,0.2
4/2/2026 17:15,48.768,23.88888889,0.2
4/2/2026 17:30,48.768,24.44444444,0.2
4/2/2026 17:45,48.768,24.44444444,0.2
4/2/2026 18:00,48.768,24.44444444,0.2
4/2/2026 18:15,48.768,24.44444444,0.2
4/2/2026 18:30,48.768,24.44444444,0.2
4/2/2026 18:45,48.768,24.44444444,0.2
4/2/2026 19:00,48.768,24.44444444,0.2
4/2/2026 19:15,48.768,24.44444444,0.2
4/2/2026 19:30,48.768,24.44444444,0.2
4/2/2026 19:45,48.768,24.44444444,0.2
4/2/2026 20:00,48.768,24.44444444,0.2
4/2/2026 20:15,48.768,24.44444444,0.2
4/2/2026 20:30,48.768,23.88888889,0.2
4/2/2026 20:45,48.768,23.88888889,0.2
4/2/2026 21:00,48.768,23.88888889,0.2
4/2/2026 21:15,48.768,23.88888889,0.2
4/2/2026 21:30,48.768,23.88888889,0.2
4/2/2026 21:45,48.768,23.88888889,0.2
4/2/2026 22:00,48.768,23.88888889,0.2
4/2/2026 22:15,48.768,23.88888889,0.2
4/2/2026 22:30,48.768,23.88888889,0.2
4/2/2026 22:45,48.768,23.88888889,0.2
4/2/2026 23:00,48.768,23.88888889,0.2
4/2/2026 23:15,48.768,23.88888889,0.2
4/2/2026 23:30,48.768,23.88888889,0.2
4/2/2026 23:45,48.768,23.88888889,0.2
4/3/2026 0:00,48.768,23.88888889,0.2
4/3/2026 0:15,48.768,23.88888889,0.2
4/3/2026 0:30,48.768,23.33333333,0.2
4/3/2026 0:45,48.768,23.33333333,0.2
4/3/2026 1:00,48.768,23.33333333,0.2
4/3/2026 1:15,48.768,23.33333333,0.2
4/3/2026 1:30,48.768,23.33333333,0.2
4/3/2026 1:45,48.768,23.33333333,0.2
4/3/2026 2:00,48.768,23.33333333,0.2
4/3/2026 2:15,48.768,23.33333333,0.2
4/3/2026 2:30,48.768,23.33333333,0.2
4/3/2026 2:45,48.768,23.33333333,0.2
4/3/2026 3:00,48.768,23.33333333,0.2
4/3/2026 3:15,48.768,23.33333333,0.2
4/3/2026 3:30,48.768,23.33333333,0.2
4/3/2026 3:45,48.768,23.33333333,0.2
4/3/2026 4:00,48.768,23.33333333,0.2
4/3/2026 4:15,48.768,23.33333333,0.2
4/3/2026 4:30,48.768,23.33333333,0.2
4/3/2026 4:45,48.768,23.33333333,0.2
4/3/2026 5:00,48.768,22.77777778,0.2
4/3/2026 5:15,48.768,22.77777778,0.2
4/3/2026 5:30,48.768,22.77777778,0.2
4/3/2026 5:45,48.768,22.77777778,0.2
4/3/2026 6:00,48.768,22.77777778,0.2
4/3/2026 6:15,48.768,22.77777778,0.2
4/3/2026 6:30,48.768,22.77777778,0.2
4/3/2026 6:45,48.768,22.77777778,0.2
4/3/2026 7:00,48.768,22.77777778,0.2
4/3/2026 7:15,48.768,22.77777778,0.2
4/3/2026 7:30,48.768,22.77777778,0.2
4/3/2026 7:45,48.768,22.77777778,0.2
4/3/2026 8:00,48.768,22.77777778,0.2
4/3/2026 8:15,48.768,22.22222222,0.2
4/3/2026 8:30,48.768,22.22222222,0.2
4/3/2026 8:45,48.768,22.22222222,0.2
4/3/2026 9:00,48.768,22.22222222,0.2
4/3/2026 9:15,48.768,22.22222222,0.2
4/3/2026 9:30,48.768,22.77777778,0.2
4/3/2026 9:45,48.768,22.77777778,0.2
4/3/2026 10:00,48.768,22.77777778,0.2
4/3/2026 10:15,48.768,22.77777778,0.2
4/3/2026 10:30,48.768,22.77777778,0.2
4/3/2026 10:45,48.768,22.77777778,0.2
4/3/2026 11:00,48.768,22.77777778,0.2
4/3/2026 11:15,48.768,22.77777778,0.2
4/3/2026 11:30,48.768,22.77777778,0.2
4/3/2026 11:45,48.768,23.33333333,0.2
4/3/2026 12:00,48.768,23.33333333,0.2
4/3/2026 12:15,48.768,23.33333333,0.2
4/3/2026 12:30,48.768,23.33333333,0.2
4/3/2026 12:45,48.768,23.33333333,0.2
4/3/2026 13:00,48.768,23.33333333,0.2
4/3/2026 13:15,48.768,23.33333333,0.2
4/3/2026 13:30,48.768,23.88888889,0.2
4/3/2026 13:45,48.768,23.88888889,0.2
4/3/2026 14:00,48.768,23.88888889,0.2
4/3/2026 14:15,48.768,23.88888889,0.2
4/3/2026 14:30,48.768,24.44444444,0.2
4/3/2026 14:45,48.768,24.44444444,0.2
4/3/2026 15:00,48.768,24.44444444,0.2
4/3/2026 15:15,48.768,24.44444444,0.2
4/3/2026 15:30,48.768,24.44444444,0.2
4/3/2026 15:45,48.768,24.44444444,0.2
4/3/2026 16:00,48.768,24.44444444,0.2
4/3/2026 16:15,48.768,24.44444444,0.2
4/3/2026 16:30,48.768,25,0.2
4/3/2026 16:45,48.768,25,0.2
4/3/2026 17:00,48.768,25,0.2
4/3/2026 17:15,48.768,25,0.2
4/3/2026 17:30,48.768,25,0.2
4/3/2026 17:45,48.768,25,0.2
4/3/2026 18:00,48.768,25,0.2
4/3/2026 18:15,48.768,25,0.2
4/3/2026 18:30,48.768,25,0.2
4/3/2026 18:45,48.768,25,0.2
4/3/2026 19:00,48.768,25,0.2
4/3/2026 19:15,48.768,25,0.2
4/3/2026 19:30,48.768,25,0.2
4/3/2026 19:45,48.768,25,0.2
4/3/2026 20:00,48.768,25,0.2
4/3/2026 20:15,48.768,25,0.2
4/3/2026 20:30,48.768,25,0.2
4/3/2026 20:45,48.768,25,0.2
4/3/2026 21:00,48.768,25,0.2
4/3/2026 21:15,48.768,25,0.2
4/3/2026 21:30,48.768,25,0.2
4/3/2026 21:45,48.768,24.44444444,0.2
4/3/2026 22:00,48.768,24.44444444,0.2
4/3/2026 22:15,48.768,24.44444444,0.2
4/3/2026 22:30,48.768,24.44444444,0.2
4/3/2026 22:45,48.768,24.44444444,0.2
4/3/2026 23:00,48.768,24.44444444,0.2
4/3/2026 23:15,48.768,24.44444444,0.2
4/3/2026 23:30,48.768,24.44444444,0.2
4/3/2026 23:45,48.768,24.44444444,0.2
4/4/2026 0:00,48.768,24.44444444,0.2
4/4/2026 0:15,48.768,24.44444444,0.2
4/4/2026 0:30,48.768,24.44444444,0.2
4/4/2026 0:45,48.768,24.44444444,0.2
4/4/2026 1:00,48.768,24.44444444,0.2
4/4/2026 1:15,48.768,24.44444444,0.2
4/4/2026 1:30,48.768,23.88888889,0.2
4/4/2026 1:45,48.768,23.88888889,0.2
4/4/2026 2:00,48.768,23.88888889,0.2
4/4/2026 2:15,48.768,23.88888889,0.2
4/4/2026 2:30,48.768,23.88888889,0.2
4/4/2026 2:45,48.768,23.88888889,0.2
4/4/2026 3:00,48.768,23.88888889,0.2
4/4/2026 3:15,48.768,23.88888889,0.2
4/4/2026 3:30,48.768,23.88888889,0.2
4/4/2026 3:45,48.768,23.88888889,0.2
4/4/2026 4:00,48.768,23.88888889,0.2
4/4/2026 4:15,48.768,23.88888889,0.2
4/4/2026 4:30,48.768,23.33333333,0.2
4/4/2026 4:45,48.768,23.33333333,0.2
4/4/2026 5:00,48.768,23.33333333,0.2
4/4/2026 5:15,48.768,23.33333333,0.2
4/4/2026 5:30,48.768,23.33333333,0.2
4/4/2026 5:45,48.768,23.33333333,0.2
4/4/2026 6:00,48.768,23.33333333,0.2
4/4/2026 6:15,48.768,23.33333333,0.2
4/4/2026 6:30,48.768,23.33333333,0.2
4/4/2026 6:45,48.768,23.33333333,0.2
4/4/2026 7:00,48.768,23.33333333,0.2
4/4/2026 7:15,48.768,23.33333333,0.2
4/4/2026 7:30,48.768,23.33333333,0.2
4/4/2026 7:45,48.768,23.33333333,0.2
4/4/2026 8:00,48.768,23.33333333,0.2
4/4/2026 8:15,48.768,23.33333333,0.2
4/4/2026 8:30,48.768,22.77777778,0.2
4/4/2026 8:45,48.768,22.77777778,0.2
4/4/2026 9:00,48.768,23.33333333,0.2
4/4/2026 9:15,48.768,23.33333333,0.2
4/4/2026 9:30,48.768,23.33333333,0.2
4/4/2026 9:45,48.768,23.33333333,0.2
4/4/2026 10:00,48.768,23.33333333,0.2
4/4/2026 10:15,48.768,23.33333333,0.2
4/4/2026 10:30,48.768,23.33333333,0.2
4/4/2026 10:45,48.768,23.33333333,0.2
4/4/2026 11:00,48.768,23.33333333,0.2
4/4/2026 11:15,48.768,23.33333333,0.2
4/4/2026 11:30,48.768,23.33333333,0.2
4/4/2026 11:45,48.768,23.88888889,0.2
4/4/2026 12:00,48.768,23.88888889,0.2
4/4/2026 12:15,48.768,23.88888889,0.2
4/4/2026 12:30,48.768,23.88888889,0.2
4/4/2026 12:45,48.768,23.88888889,0.2
4/4/2026 13:00,48.768,23.88888889,0.2
4/4/2026 13:15,48.768,24.44444444,0.2
4/4/2026 13:30,48.768,24.44444444,0.2
4/4/2026 13:45,48.768,24.44444444,0.2
4/4/2026 14:00,48.768,24.44444444,0.2
4/4/2026 14:15,48.768,24.44444444,0.2
4/4/2026 14:30,48.768,24.44444444,0.2
4/4/2026 14:45,48.768,25,0.2
4/4/2026 15:00,48.768,25,0.2
4/4/2026 15:15,48.768,25,0.2
4/4/2026 15:30,48.768,25,0.2
4/4/2026 15:45,48.768,25,0.2
4/4/2026 16:00,48.768,25,0.2
4/4/2026 16:15,48.768,25.55555556,0.2
4/4/2026 16:30,48.768,25.55555556,0.2
4/4/2026 16:45,48.768,25.55555556,0.2
4/4/2026 17:00,48.768,25.55555556,0.2
4/4/2026 17:15,48.768,25.55555556,0.2
4/4/2026 17:30,48.768,25.55555556,0.2
4/4/2026 17:45,48.768,25.55555556,0.2
4/4/2026 18:00,48.768,25.55555556,0.2
4/4/2026 18:15,48.768,25.55555556,0.2
4/4/2026 18:30,48.768,25.55555556,0.2
4/4/2026 18:45,48.768,25.55555556,0.2
4/4/2026 19:00,48.768,25.55555556,0.2
4/4/2026 19:15,48.768,25.55555556,0.2
4/4/2026 19:30,48.768,25.55555556,0.2
4/4/2026 19:45,48.768,25.55555556,0.2
4/4/2026 20:00,48.768,25.55555556,0.2
4/4/2026 20:15,48.768,25.55555556,0.2
4/4/2026 20:30,48.768,25.55555556,0.2
4/4/2026 20:45,48.768,25.55555556,0.2
4/4/2026 21:00,48.768,25,0.2
4/4/2026 21:15,48.768,25,0.2
4/4/2026 21:30,48.768,25,0.2
4/4/2026 21:45,48.768,25,0.2
4/4/2026 22:00,48.768,25,0.2
4/4/2026 22:15,48.768,25,0.2
4/4/2026 22:30,48.768,25,0.2
4/4/2026 22:45,48.768,25,0.2
4/4/2026 23:00,48.768,25,0.2
4/4/2026 23:15,48.768,25,0.2
4/4/2026 23:30,48.768,25,0.2
4/4/2026 23:45,48.768,25,0.2
4/5/2026 0:00,48.768,25,0.2
4/5/2026 0:15,48.768,25,0.2
4/5/2026 0:30,48.768,24.44444444,0.2
4/5/2026 0:45,48.768,24.44444444,0.2
4/5/2026 1:00,48.768,24.44444444,0.2
4/5/2026 1:15,48.768,24.44444444,0.2
4/5/2026 1:30,48.768,24.44444444,0.2
4/5/2026 1:45,48.768,24.44444444,0.2
4/5/2026 2:00,48.768,24.44444444,0.2
4/5/2026 2:15,48.768,24.44444444,0.2
4/5/2026 2:30,48.768,24.44444444,0.2
4/5/2026 2:45,48.768,24.44444444,0.2
4/5/2026 3:00,48.768,24.44444444,0.2
4/5/2026 3:15,48.768,24.44444444,0.2
4/5/2026 3:30,48.768,24.44444444,0.2
4/5/2026 3:45,48.768,24.44444444,0.2
4/5/2026 4:00,48.768,24.44444444,0.2
4/5/2026 4:15,48.768,24.44444444,0.2
4/5/2026 4:30,48.768,24.44444444,0.2
4/5/2026 4:45,48.768,24.44444444,0.2
4/5/2026 5:00,48.768,24.44444444,0.2
4/5/2026 5:15,48.768,23.88888889,0.2
4/5/2026 5:30,48.768,23.88888889,0.2
4/5/2026 5:45,48.768,23.88888889,0.2
4/5/2026 6:00,48.768,23.88888889,0.2
4/5/2026 6:15,48.768,23.88888889,0.2
4/5/2026 6:30,48.768,23.88888889,0.2
4/5/2026 6:45,48.768,23.88888889,0.2
4/5/2026 7:00,48.768,23.88888889,0.2
4/5/2026 7:15,48.768,23.88888889,0.2
4/5/2026 7:30,48.768,23.88888889,0.2
4/5/2026 7:45,48.768,23.88888889,0.2
4/5/2026 8:00,48.768,23.88888889,0.2
4/5/2026 8:15,48.768,23.88888889,0.2
4/5/2026 8:30,48.768,23.88888889,0.2
4/5/2026 8:45,48.768,23.88888889,0.2
4/5/2026 9:00,48.768,23.88888889,0.2
4/5/2026 9:15,48.768,23.88888889,0.2
4/5/2026 9:30,48.768,23.88888889,0.2
4/5/2026 9:45,48.768,23.88888889,0.2
4/5/2026 10:00,48.768,23.88888889,0.2
4/5/2026 10:15,48.768,23.88888889,0.2
4/5/2026 10:30,48.768,23.88888889,0.2
4/5/2026 10:45,48.768,23.88888889,0.2
4/5/2026 11:00,48.768,23.88888889,0.2
4/5/2026 11:15,48.768,23.88888889,0.2
4/5/2026 11:30,48.768,23.88888889,0.2
4/5/2026 11:45,48.768,23.88888889,0.2
4/5/2026 12:00,48.768,23.88888889,0.2
4/5/2026 12:15,48.768,23.88888889,0.2
4/5/2026 12:30,48.768,23.88888889,0.2
4/5/2026 12:45,48.768,23.88888889,0.2
4/5/2026 13:00,48.768,23.88888889,0.2
4/5/2026 13:15,48.768,23.88888889,0.2
4/5/2026 13:30,48.768,24.44444444,0.2
4/5/2026 13:45,48.768,24.44444444,0.2
4/5/2026 14:00,48.768,24.44444444,0.2
4/5/2026 14:15,48.768,24.44444444,0.2
4/5/2026 14:30,48.768,24.44444444,0.2
4/5/2026 14:45,48.768,24.44444444,0.2
4/5/2026 15:00,48.768,24.44444444,0.2
4/5/2026 15:15,48.768,24.44444444,0.2
4/5/2026 15:30,48.768,24.44444444,0.2
4/5/2026 15:45,48.768,24.44444444,0.2
4/5/2026 16:00,45.72,25,0.2
4/5/2026 16:15,48.768,25,0.2
4/5/2026 16:30,48.768,25,0.2
4/5/2026 16:45,48.768,25,0.2
4/5/2026 17:00,48.768,25,0.2
4/5/2026 17:15,48.768,25,0.2
4/5/2026 17:30,48.768,25,0.2
4/5/2026 17:45,48.768,25,0.2
4/5/2026 18:00,48.768,25,0.2
4/5/2026 18:15,48.768,25,0.2
4/5/2026 18:30,48.768,25,0.2
4/5/2026 18:45,51.816,25,0.2
4/5/2026 19:00,48.768,25,0.2
4/5/2026 19:15,48.768,25,0.2
4/5/2026 19:30,48.768,25,0.2
4/5/2026 19:45,48.768,25,0.2
4/5/2026 20:00,48.768,25,0.2
4/5/2026 20:15,48.768,25,0.2
4/5/2026 20:30,48.768,25,0.2
4/5/2026 20:45,48.768,25,0.2
4/5/2026 21:00,48.768,25,0.2
4/5/2026 21:15,48.768,25,0.2
4/5/2026 21:30,48.768,25,0.2
4/5/2026 21:45,48.768,25,0.2
4/5/2026 22:00,48.768,25,0.2
4/5/2026 22:15,48.768,25,0.2
4/5/2026 22:30,48.768,25,0.2
4/5/2026 22:45,48.768,25,0.2
4/5/2026 23:00,48.768,25,0.2
4/5/2026 23:15,48.768,24.44444444,0.2
4/5/2026 23:30,48.768,24.44444444,0.2
4/5/2026 23:45,48.768,24.44444444,0.2
4/6/2026 0:00,48.768,24.44444444,0.2
4/6/2026 0:15,48.768,24.44444444,0.2
4/6/2026 0:30,48.768,24.44444444,0.2
4/6/2026 0:45,48.768,24.44444444,0.2
4/6/2026 1:00,48.768,24.44444444,0.2
4/6/2026 1:15,48.768,24.44444444,0.2
4/6/2026 1:30,51.816,24.44444444,0.2
4/6/2026 1:45,48.768,24.44444444,0.2
4/6/2026 2:00,48.768,24.44444444,0.2
4/6/2026 2:15,48.768,24.44444444,0.2
4/6/2026 2:30,48.768,24.44444444,0.2
4/6/2026 2:45,51.816,24.44444444,0.2
4/6/2026 3:00,51.816,24.44444444,0.2
4/6/2026 3:15,51.816,24.44444444,0.2
4/6/2026 3:30,51.816,24.44444444,0.2
4/6/2026 3:45,51.816,24.44444444,0.2
4/6/2026 4:00,51.816,24.44444444,0.2
4/6/2026 4:15,51.816,23.88888889,0.2
4/6/2026 4:30,51.816,23.88888889,0.2
4/6/2026 4:45,51.816,23.88888889,0.2
4/6/2026 5:00,51.816,23.88888889,0.2
4/6/2026 5:15,48.768,23.88888889,0.2
4/6/2026 5:30,48.768,23.88888889,0.2
4/6/2026 5:45,51.816,23.88888889,0.2
4/6/2026 6:00,51.816,23.88888889,0.2
4/6/2026 6:15,51.816,23.88888889,0.2
4/6/2026 6:30,48.768,23.33333333,0.2
4/6/2026 6:45,51.816,23.33333333,0.2
4/6/2026 7:00,51.816,23.33333333,0.2
4/6/2026 7:15,48.768,23.33333333,0.2
4/6/2026 7:30,48.768,23.33333333,0.2
4/6/2026 7:45,48.768,23.33333333,0.2
4/6/2026 8:00,48.768,23.33333333,0.2
4/6/2026 8:15,48.768,23.33333333,0.2
4/6/2026 8:30,48.768,23.33333333,0.2
4/6/2026 8:45,48.768,23.33333333,0.2
4/6/2026 9:00,48.768,23.33333333,0.2
4/6/2026 9:15,51.816,23.33333333,0.2
4/6/2026 9:30,48.768,23.33333333,0.2
4/6/2026 9:45,48.768,23.33333333,0.2
4/6/2026 10:00,48.768,22.77777778,0.2
4/6/2026 10:15,45.72,22.77777778,0.2
4/6/2026 10:30,45.72,22.77777778,0.2
4/6/2026 10:45,48.768,22.77777778,0.2
4/6/2026 11:00,48.768,23.33333333,0.2
4/6/2026 11:15,48.768,23.33333333,0.2
4/6/2026 11:30,48.768,23.33333333,0.2
4/6/2026 11:45,48.768,23.33333333,0.2
4/6/2026 12:00,48.768,23.33333333,0.2
4/6/2026 12:15,51.816,23.33333333,0.2
4/6/2026 12:30,48.768,23.33333333,0.2
4/6/2026 12:45,48.768,23.33333333,0.2
4/6/2026 13:00,48.768,23.33333333,0.2
4/6/2026 13:15,48.768,23.33333333,0.2
4/6/2026 13:30,48.768,23.33333333,0.2
4/6/2026 13:45,48.768,23.33333333,0.2
4/6/2026 14:00,48.768,23.33333333,0.2
4/6/2026 14:15,48.768,23.33333333,0.2
4/6/2026 14:30,48.768,23.33333333,0.2
4/6/2026 14:45,48.768,23.33333333,0.2
4/6/2026 15:00,51.816,23.33333333,0.2
4/6/2026 15:15,48.768,23.88888889,0.2
4/6/2026 15:30,51.816,23.88888889,0.2
4/6/2026 15:45,48.768,23.88888889,0.2
4/6/2026 16:00,48.768,23.88888889,0.2
4/6/2026 16:15,51.816,23.88888889,0.2
4/6/2026 16:30,51.816,23.88888889,0.2
4/6/2026 16:45,48.768,23.88888889,0.2
4/6/2026 17:00,48.768,23.88888889,0.2
4/6/2026 17:15,51.816,23.88888889,0.2
4/6/2026 17:30,48.768,23.88888889,0.2
4/6/2026 17:45,48.768,23.88888889,0.2
4/6/2026 18:00,48.768,23.88888889,0.2
4/6/2026 18:15,48.768,23.88888889,0.2
4/6/2026 18:30,51.816,23.88888889,0.2
4/6/2026 18:45,48.768,23.88888889,0.2
4/6/2026 19:00,48.768,23.88888889,0.2
4/6/2026 19:15,48.768,23.88888889,0.2
4/6/2026 19:30,48.768,23.88888889,0.2
4/6/2026 19:45,48.768,23.88888889,0.2
4/6/2026 20:00,48.768,23.33333333,0.2
4/6/2026 20:15,48.768,23.33333333,0.2
4/6/2026 20:30,48.768,23.33333333,0.2
4/6/2026 20:45,48.768,23.33333333,0.2
4/6/2026 21:00,48.768,23.33333333,0.2
4/6/2026 21:15,48.768,23.33333333,0.2
4/6/2026 21:30,48.768,23.33333333,0.2
4/6/2026 21:45,48.768,23.33333333,0.2
4/6/2026 22:00,48.768,23.33333333,0.2
4/6/2026 22:15,48.768,23.33333333,0.2
4/6/2026 22:30,48.768,23.33333333,0.2
4/6/2026 22:45,48.768,23.33333333,0.2
4/6/2026 23:00,51.816,23.33333333,0.2
4/6/2026 23:15,48.768,23.33333333,0.2
4/6/2026 23:30,48.768,23.33333333,0.2
4/6/2026 23:45,48.768,22.77777778,0.2
4/7/2026 0:00,51.816,22.77777778,0.2
4/7/2026 0:15,48.768,22.77777778,0.2
4/7/2026 0:30,48.768,22.77777778,0.2
4/7/2026 0:45,48.768,22.77777778,0.2
4/7/2026 1:00,48.768,22.77777778,0.2
4/7/2026 1:15,48.768,22.77777778,0.2
4/7/2026 1:30,48.768,22.77777778,0.2
4/7/2026 1:45,48.768,22.77777778,0.2
4/7/2026 2:00,48.768,22.77777778,0.2
4/7/2026 2:15,48.768,22.77777778,0.2
4/7/2026 2:30,48.768,22.77777778,0.2
4/7/2026 2:45,48.768,22.77777778,0.2
4/7/2026 3:00,48.768,22.22222222,0.2
4/7/2026 3:15,48.768,22.22222222,0.2
4/7/2026 3:30,48.768,22.22222222,0.2
4/7/2026 3:45,48.768,22.22222222,0.2
4/7/2026 4:00,48.768,22.22222222,0.2
4/7/2026 4:15,48.768,22.22222222,0.2
4/7/2026 4:30,48.768,22.22222222,0.2
4/7/2026 4:45,48.768,22.22222222,0.2
4/7/2026 5:00,48.768,22.22222222,0.2
4/7/2026 5:15,48.768,22.22222222,0.2
4/7/2026 5:30,48.768,22.22222222,0.2
4/7/2026 5:45,48.768,22.22222222,0.2
4/7/2026 6:00,48.768,22.22222222,0.2
4/7/2026 6:15,48.768,22.22222222,0.2
4/7/2026 6:30,48.768,22.22222222,0.2
4/7/2026 6:45,48.768,22.22222222,0.2
4/7/2026 7:00,48.768,22.22222222,0.2
4/7/2026 7:15,48.768,21.66666667,0.2
4/7/2026 7:30,48.768,21.66666667,0.2
4/7/2026 7:45,48.768,21.66666667,0.2
4/7/2026 8:00,45.72,21.66666667,0.2
4/7/2026 8:15,45.72,21.66666667,0.2
4/7/2026 8:30,45.72,21.66666667,0.2
4/7/2026 8:45,45.72,21.66666667,0.2
4/7/2026 9:00,48.768,21.66666667,0.2
4/7/2026 9:15,48.768,21.66666667,0.2
4/7/2026 9:30,48.768,21.66666667,0.2
4/7/2026 9:45,48.768,21.66666667,0.2
4/7/2026 10:00,48.768,21.66666667,0.2
4/7/2026 10:15,48.768,21.66666667,0.2
4/7/2026 10:30,48.768,21.66666667,0.2
4/7/2026 10:45,48.768,21.66666667,0.2
4/7/2026 11:00,48.768,22.22222222,0.2
4/7/2026 11:15,48.768,22.22222222,0.2
4/7/2026 11:30,45.72,22.22222222,0.2
4/7/2026 11:45,48.768,22.22222222,0.2
4/7/2026 12:00,48.768,22.22222222,0.2
4/7/2026 12:15,48.768,22.22222222,0.2
4/7/2026 12:30,48.768,22.22222222,0.2
4/7/2026 12:45,45.72,22.22222222,0.2
4/7/2026 13:00,48.768,22.22222222,0.2
4/7/2026 13:15,48.768,22.22222222,0.2
4/7/2026 13:30,48.768,22.22222222,0.2
4/7/2026 13:45,48.768,22.22222222,0.2
4/7/2026 14:00,45.72,22.22222222,0.2
4/7/2026 14:15,48.768,22.22222222,0.2
4/7/2026 14:30,48.768,22.22222222,0.2
4/7/2026 14:45,48.768,22.22222222,0.2
4/7/2026 15:00,48.768,22.22222222,0.2
4/7/2026 15:15,48.768,22.22222222,0.2
4/7/2026 15:30,48.768,22.22222222,0.2
4/7/2026 15:45,48.768,22.22222222,0.2
4/7/2026 16:00,48.768,22.77777778,0.2
4/7/2026 16:15,48.768,22.77777778,0.2
4/7/2026 16:30,48.768,22.77777778,0.2
4/7/2026 16:45,48.768,22.77777778,0.2
4/7/2026 17:00,48.768,22.77777778,0.2
4/7/2026 17:15,48.768,22.77777778,0.2
4/7/2026 17:30,48.768,22.77777778,0.2
4/7/2026 17:45,48.768,22.77777778,0.2
4/7/2026 18:00,48.768,22.77777778,0.2
4/7/2026 18:15,48.768,22.77777778,0.2
4/7/2026 18:30,48.768,22.77777778,0.2
4/7/2026 18:45,48.768,22.77777778,0.2
4/7/2026 19:00,48.768,22.77777778,0.2
4/7/2026 19:15,48.768,22.22222222,0.2
4/7/2026 19:30,48.768,22.22222222,0.2
4/7/2026 19:45,48.768,22.22222222,0.2
4/7/2026 20:00,48.768,22.22222222,0.2
4/7/2026 20:15,48.768,22.22222222,0.2
4/7/2026 20:30,48.768,22.22222222,0.2
4/7/2026 20:45,48.768,22.22222222,0.2
4/7/2026 21:00,48.768,22.22222222,0.2
4/7/2026 21:15,48.768,22.22222222,0.2
4/7/2026 21:30,48.768,22.22222222,0.2
4/7/2026 21:45,48.768,22.22222222,0.2
4/7/2026 22:00,48.768,22.22222222,0.2
4/7/2026 22:15,48.768,22.22222222,0.2
4/7/2026 22:30,48.768,22.22222222,0.2
4/7/2026 22:45,48.768,22.22222222,0.2
4/7/2026 23:00,48.768,22.22222222,0.2
4/7/2026 23:15,48.768,21.66666667,0.2
4/7/2026 23:30,48.768,21.66666667,0.2
4/7/2026 23:45,48.768,21.66666667,0.2
4/8/2026 0:00,48.768,21.66666667,0.2
4/8/2026 0:15,48.768,21.66666667,0.2
4/8/2026 0:30,48.768,21.66666667,0.2
4/8/2026 0:45,48.768,21.66666667,0.2
4/8/2026 1:00,48.768,21.66666667,0.2
4/8/2026 1:15,48.768,21.66666667,0.2
4/8/2026 1:30,48.768,21.66666667,0.2
4/8/2026 1:45,48.768,21.66666667,0.2
4/8/2026 2:00,48.768,21.66666667,0.2
4/8/2026 2:15,48.768,21.66666667,0.2
4/8/2026 2:30,48.768,21.66666667,0.2
4/8/2026 2:45,48.768,21.11111111,0.2
4/8/2026 3:00,48.768,21.11111111,0.2
4/8/2026 3:15,48.768,21.11111111,0.2
4/8/2026 3:30,48.768,21.11111111,0.2
4/8/2026 3:45,48.768,21.11111111,0.2
4/8/2026 4:00,48.768,21.11111111,0.2
4/8/2026 4:15,48.768,21.11111111,0.2
4/8/2026 4:30,48.768,21.11111111,0.2
4/8/2026 4:45,48.768,21.11111111,0.2
4/8/2026 5:00,48.768,21.11111111,0.2
4/8/2026 5:15,48.768,20.55555556,0.2
4/8/2026 5:30,48.768,20.55555556,0.2
4/8/2026 5:45,48.768,20.55555556,0.2
4/8/2026 6:00,48.768,20.55555556,0.2
4/8/2026 6:15,48.768,20.55555556,0.2
4/8/2026 6:30,48.768,20.55555556,0.2
4/8/2026 6:45,48.768,20.55555556,0.2
4/8/2026 7:00,48.768,20.55555556,0.2
4/8/2026 7:15,48.768,20.55555556,0.2
4/8/2026 7:30,48.768,20.55555556,0.2
4/8/2026 7:45,48.768,20.55555556,0.2
4/8/2026 8:00,48.768,20.55555556,0.2
4/8/2026 8:15,48.768,20.55555556,0.2
4/8/2026 8:30,48.768,20.55555556,0.2
4/8/2026 8:45,48.768,20.55555556,0.2
4/8/2026 9:00,48.768,20.55555556,0.2
4/8/2026 9:15,48.768,20.55555556,0.2
4/8/2026 9:30,48.768,20.55555556,0.2
4/8/2026 9:45,48.768,20.55555556,0.2
4/8/2026 10:00,48.768,20.55555556,0.2
4/8/2026 10:15,48.768,20.55555556,0.2
4/8/2026 10:30,48.768,20.55555556,0.2
4/8/2026 10:45,48.768,20.55555556,0.2
4/8/2026 11:00,48.768,20.55555556,0.2
4/8/2026 11:15,48.768,20.55555556,0.2
4/8/2026 11:30,48.768,20.55555556,0.2
4/8/2026 11:45,48.768,20.55555556,0.2
4/8/2026 12:00,48.768,20.55555556,0.2
4/8/2026 12:15,48.768,20.55555556,0.2
4/8/2026 12:30,48.768,21.11111111,0.2
4/8/2026 12:45,48.768,21.11111111,0.2
4/8/2026 13:00,48.768,21.11111111,0.2
4/8/2026 13:15,48.768,21.11111111,0.2
4/8/2026 13:30,48.768,21.11111111,0.2
4/8/2026 13:45,48.768,21.66666667,0.2
4/8/2026 14:00,48.768,21.66666667,0.2
4/8/2026 14:15,48.768,21.66666667,0.2
4/8/2026 14:30,48.768,21.66666667,0.2
4/8/2026 14:45,48.768,21.66666667,0.2
4/8/2026 15:00,48.768,21.66666667,0.2
4/8/2026 15:15,48.768,21.66666667,0.2
4/8/2026 15:30,48.768,22.22222222,0.2
4/8/2026 15:45,48.768,22.22222222,0.2
4/8/2026 16:00,48.768,22.22222222,0.2
4/8/2026 16:15,48.768,22.22222222,0.2
4/8/2026 16:30,48.768,22.22222222,0.2
4/8/2026 16:45,48.768,22.22222222,0.2
4/8/2026 17:00,48.768,22.22222222,0.2
4/8/2026 17:15,48.768,22.22222222,0.2
4/8/2026 17:30,48.768,22.22222222,0.2
4/8/2026 17:45,48.768,22.22222222,0.2
4/8/2026 18:00,48.768,22.22222222,0.2
4/8/2026 18:15,48.768,22.22222222,0.2
4/8/2026 18:30,48.768,22.22222222,0.2
4/8/2026 18:45,48.768,22.22222222,0.2
4/8/2026 19:00,48.768,22.22222222,0.2
4/8/2026 19:15,48.768,22.22222222,0.2
4/8/2026 19:30,48.768,22.22222222,0.2
4/8/2026 19:45,48.768,21.66666667,0.2
4/8/2026 20:00,48.768,21.66666667,0.2
4/8/2026 20:15,48.768,21.66666667,0.2
4/8/2026 20:30,48.768,21.66666667,0.2
4/8/2026 20:45,48.768,21.66666667,0.2
4/8/2026 21:00,48.768,21.66666667,0.2
4/8/2026 21:15,48.768,21.66666667,0.2
4/8/2026 21:30,48.768,21.66666667,0.2
4/8/2026 21:45,48.768,21.66666667,0.2
4/8/2026 22:00,45.72,21.66666667,0.2
4/8/2026 22:15,45.72,21.11111111,0.2
4/8/2026 22:30,48.768,21.11111111,0.2
4/8/2026 22:45,48.768,21.11111111,0.2
4/8/2026 23:00,48.768,21.11111111,0.2
4/8/2026 23:15,48.768,21.11111111,0.2
4/8/2026 23:30,48.768,21.11111111,0.2
4/8/2026 23:45,48.768,21.11111111,0.2
4/9/2026 0:00,48.768,21.11111111,0.2
4/9/2026 0:15,48.768,20.55555556,0.2
4/9/2026 0:30,48.768,20.55555556,0.2
4/9/2026 0:45,45.72,20.55555556,0.2
4/9/2026 1:00,45.72,20.55555556,0.2
4/9/2026 1:15,45.72,20.55555556,0.2
4/9/2026 1:30,45.72,20.55555556,0.2
4/9/2026 1:45,45.72,20.55555556,0.2
4/9/2026 2:00,48.768,20.55555556,0.2
4/9/2026 2:15,45.72,20.55555556,0.2
4/9/2026 2:30,48.768,20.55555556,0.2
4/9/2026 2:45,48.768,20,0.2
4/9/2026 3:00,48.768,20,0.2
4/9/2026 3:15,48.768,20,0.2
4/9/2026 3:30,48.768,20,0.2
4/9/2026 3:45,48.768,20,0.2
4/9/2026 4:00,48.768,20,0.2
4/9/2026 4:15,48.768,20,0.2
4/9/2026 4:30,48.768,20,0.2
4/9/2026 4:45,48.768,20,0.2
4/9/2026 5:00,48.768,20,0.2
4/9/2026 5:15,48.768,20,0.2
4/9/2026 5:30,48.768,19.44444444,0.2
4/9/2026 5:45,48.768,19.44444444,0.2
4/9/2026 6:00,48.768,19.44444444,0.2
4/9/2026 6:15,45.72,19.44444444,0.2
4/9/2026 6:30,48.768,19.44444444,0.2
4/9/2026 6:45,48.768,19.44444444,0.2
4/9/2026 7:00,45.72,19.44444444,0.2
4/9/2026 7:15,45.72,19.44444444,0.2
4/9/2026 7:30,45.72,19.44444444,0.2
4/9/2026 7:45,45.72,19.44444444,0.2
4/9/2026 8:00,45.72,19.44444444,0.2
4/9/2026 8:15,45.72,19.44444444,0.2
4/9/2026 8:30,45.72,19.44444444,0.2
4/9/2026 8:45,45.72,19.44444444,0.2
4/9/2026 9:00,45.72,19.44444444,0.2
4/9/2026 9:15,45.72,19.44444444,0.2
4/9/2026 9:30,45.72,19.44444444,0.2
4/9/2026 9:45,48.768,19.44444444,0.2
4/9/2026 10:00,45.72,19.44444444,0.2
4/9/2026 10:15,48.768,19.44444444,0.2
4/9/2026 10:30,45.72,19.44444444,0.2
4/9/2026 10:45,48.768,19.44444444,0.2
4/9/2026 11:00,48.768,20,0.2
4/9/2026 11:15,45.72,20,0.2
4/9/2026 11:30,45.72,20,0.2
4/9/2026 11:45,48.768,20,0.2
4/9/2026 12:00,45.72,20,0.2
4/9/2026 12:15,45.72,20.55555556,0.2
4/9/2026 12:30,45.72,20.55555556,0.2
4/9/2026 12:45,45.72,20.55555556,0.2
4/9/2026 13:00,45.72,20.55555556,0.2
4/9/2026 13:15,48.768,20.55555556,0.2
4/9/2026 13:30,45.72,20.55555556,0.2
4/9/2026 13:45,45.72,21.11111111,0.2
4/9/2026 14:00,45.72,21.11111111,0.2
4/9/2026 14:15,48.768,21.11111111,0.2
4/9/2026 14:30,45.72,21.11111111,0.2
4/9/2026 14:45,45.72,21.11111111,0.2
4/9/2026 15:00,45.72,21.11111111,0.2
4/9/2026 15:15,48.768,21.66666667,0.2
4/9/2026 15:30,45.72,21.66666667,0.2
4/9/2026 15:45,45.72,21.66666667,0.2
4/9/2026 16:00,45.72,21.66666667,0.2
4/9/2026 16:15,48.768,21.66666667,0.2
4/9/2026 16:30,48.768,21.66666667,0.2
4/9/2026 16:45,45.72,21.66666667,0.2
4/9/2026 17:00,48.768,21.66666667,0.2
4/9/2026 17:15,48.768,21.66666667,0.2
4/9/2026 17:30,48.768,21.66666667,0.2
4/9/2026 17:45,48.768,21.66666667,0.2
4/9/2026 18:00,48.768,21.66666667,0.2
4/9/2026 18:15,48.768,22.22222222,0.2
4/9/2026 18:30,48.768,22.22222222,0.2
4/9/2026 18:45,48.768,22.22222222,0.2
4/9/2026 19:00,48.768,22.22222222,0.2
4/9/2026 19:15,48.768,22.22222222,0.2
4/9/2026 19:30,48.768,22.22222222,0.2
4/9/2026 19:45,48.768,22.22222222,0.2
4/9/2026 20:00,48.768,22.22222222,0.2
4/9/2026 20:15,48.768,22.22222222,0.2
4/9/2026 20:30,48.768,22.22222222,0.2
4/9/2026 20:45,48.768,22.22222222,0.2
4/9/2026 21:00,48.768,22.22222222,0.2
4/9/2026 21:15,48.768,22.22222222,0.2
4/9/2026 21:30,48.768,22.22222222,0.2
4/9/2026 21:45,48.768,22.22222222,0.2
4/9/2026 22:00,48.768,22.22222222,0.2
4/9/2026 22:15,48.768,22.22222222,0.2
4/9/2026 22:30,48.768,21.66666667,0.2
4/9/2026 22:45,48.768,21.66666667,0.2
4/9/2026 23:00,48.768,21.66666667,0.2
4/9/2026 23:15,48.768,21.66666667,0.2
4/9/2026 23:30,48.768,21.66666667,0.2
4/9/2026 23:45,48.768,21.66666667,0.2
4/10/2026 0:00,48.768,21.66666667,0.2
4/10/2026 0:15,48.768,21.66666667,0.2
4/10/2026 0:30,45.72,21.66666667,0.2
4/10/2026 0:45,45.72,21.66666667,0.2
4/10/2026 1:00,45.72,21.66666667,0.2
4/10/2026 1:15,48.768,21.66666667,0.2
4/10/2026 1:30,45.72,21.11111111,0.2
4/10/2026 1:45,48.768,21.11111111,0.2
4/10/2026 2:00,45.72,21.11111111,0.2
4/10/2026 2:15,48.768,21.11111111,0.2
4/10/2026 2:30,48.768,21.11111111,0.2
4/10/2026 2:45,48.768,21.11111111,0.2
4/10/2026 3:00,48.768,21.11111111,0.2
4/10/2026 3:15,48.768,21.11111111,0.2
4/10/2026 3:30,48.768,21.11111111,0.2
4/10/2026 3:45,48.768,21.11111111,0.2
4/10/2026 4:00,48.768,20.55555556,0.2
4/10/2026 4:15,48.768,20.55555556,0.2
4/10/2026 4:30,48.768,20.55555556,0.2
4/10/2026 4:45,48.768,20.55555556,0.2
4/10/2026 5:00,48.768,20.55555556,0.2
4/10/2026 5:15,48.768,20.55555556,0.2
4/10/2026 5:30,48.768,20.55555556,0.2
4/10/2026 5:45,48.768,20.55555556,0.2
4/10/2026 6:00,48.768,20.55555556,0.2
4/10/2026 6:15,48.768,20.55555556,0.2
4/10/2026 6:30,48.768,20.55555556,0.2
4/10/2026 6:45,48.768,20,0.2
4/10/2026 7:00,48.768,20,0.2
4/10/2026 7:15,45.72,20,0.2
4/10/2026 7:30,45.72,20,0.2
4/10/2026 7:45,45.72,20,0.2
4/10/2026 8:00,45.72,20,0.2
4/10/2026 8:15,45.72,20,0.2
4/10/2026 8:30,48.768,20,0.2
4/10/2026 8:45,48.768,20,0.2
4/10/2026 9:00,48.768,20,0.2
4/10/2026 9:15,45.72,20,0.2
4/10/2026 9:30,45.72,20,0.2
4/10/2026 9:45,45.72,20,0.2
4/10/2026 10:00,45.72,20,0.2
4/10/2026 10:15,48.768,20,0.2
4/10/2026 10:30,48.768,20,0.2
4/10/2026 10:45,45.72,20.55555556,0.2
4/10/2026 11:00,48.768,20.55555556,0.2
4/10/2026 11:15,45.72,20.55555556,0.2
4/10/2026 11:30,45.72,20.55555556,0.2
4/10/2026 11:45,48.768,20.55555556,0.2
4/10/2026 12:00,45.72,20.55555556,0.2
4/10/2026 12:15,45.72,20.55555556,0.2
4/10/2026 12:30,48.768,21.11111111,0.2
4/10/2026 12:45,45.72,21.11111111,0.2
4/10/2026 13:00,48.768,21.11111111,0.2
4/10/2026 13:15,48.768,21.11111111,0.2
4/10/2026 13:30,45.72,21.66666667,0.2
4/10/2026 13:45,48.768,21.66666667,0.2
4/10/2026 14:00,48.768,21.66666667,0.2
4/10/2026 14:15,45.72,21.66666667,0.2
4/10/2026 14:30,45.72,21.66666667,0.2
4/10/2026 14:45,45.72,22.22222222,0.2
4/10/2026 15:00,48.768,22.22222222,0.2
4/10/2026 15:15,45.72,22.22222222,0.2
4/10/2026 15:30,48.768,22.22222222,0.2
4/10/2026 15:45,48.768,22.22222222,0.2
4/10/2026 16:00,48.768,22.77777778,0.2
4/10/2026 16:15,48.768,22.77777778,0.2
4/10/2026 16:30,45.72,22.77777778,0.2
4/10/2026 16:45,48.768,22.77777778,0.2
4/10/2026 17:00,48.768,22.77777778,0.2
4/10/2026 17:15,48.768,22.77777778,0.2
4/10/2026 17:30,48.768,22.77777778,0.2
4/10/2026 17:45,48.768,22.77777778,0.2
4/10/2026 18:00,48.768,22.77777778,0.2
4/10/2026 18:15,48.768,22.77777778,0.2
4/10/2026 18:30,48.768,23.33333333,0.2
4/10/2026 18:45,48.768,23.33333333,0.2
4/10/2026 19:00,48.768,23.33333333,0.2
4/10/2026 19:15,48.768,22.77777778,0.2
4/10/2026 19:30,48.768,22.77777778,0.2
4/10/2026 19:45,48.768,22.77777778,0.2
4/10/2026 20:00,48.768,22.77777778,0.2
4/10/2026 20:15,48.768,22.77777778,0.2
4/10/2026 20:30,48.768,22.77777778,0.2
4/10/2026 20:45,48.768,22.77777778,0.2
4/10/2026 21:00,48.768,22.77777778,0.2
4/10/2026 21:15,48.768,22.77777778,0.2
4/10/2026 21:30,48.768,22.77777778,0.2
4/10/2026 21:45,48.768,22.77777778,0.2
4/10/2026 22:00,48.768,22.77777778,0.2
4/10/2026 22:15,48.768,22.77777778,0.2
4/10/2026 22:30,48.768,22.22222222,0.2
4/10/2026 22:45,48.768,22.22222222,0.2
4/10/2026 23:00,48.768,22.22222222,0.2
4/10/2026 23:15,48.768,22.22222222,0.2
4/10/2026 23:30,48.768,22.22222222,0.2
4/10/2026 23:45,48.768,22.22222222,0.2
4/11/2026 0:00,48.768,22.22222222,0.2
4/11/2026 0:15,48.768,22.22222222,0.2
4/11/2026 0:30,48.768,22.22222222,0.2
4/11/2026 0:45,48.768,22.22222222,0.2
4/11/2026 1:00,48.768,22.22222222,0.2
4/11/2026 1:15,48.768,21.66666667,0.2
4/11/2026 1:30,48.768,21.66666667,0.2
4/11/2026 1:45,48.768,21.66666667,0.2
4/11/2026 2:00,48.768,21.66666667,0.2
4/11/2026 2:15,48.768,21.66666667,0.2
4/11/2026 2:30,48.768,21.66666667,0.2
4/11/2026 2:45,48.768,21.66666667,0.2
4/11/2026 3:00,45.72,21.66666667,0.2
4/11/2026 3:15,45.72,21.66666667,0.2
4/11/2026 3:30,45.72,21.66666667,0.2
4/11/2026 3:45,48.768,21.66666667,0.2
4/11/2026 4:00,48.768,21.66666667,0.2
4/11/2026 4:15,48.768,21.11111111,0.2
4/11/2026 4:30,48.768,21.11111111,0.2
4/11/2026 4:45,48.768,21.11111111,0.2
4/11/2026 5:00,45.72,21.11111111,0.2
4/11/2026 5:15,48.768,21.11111111,0.2
4/11/2026 5:30,48.768,21.11111111,0.2
4/11/2026 5:45,45.72,21.11111111,0.2
4/11/2026 6:00,45.72,21.11111111,0.2
4/11/2026 6:15,45.72,21.11111111,0.2
4/11/2026 6:30,48.768,21.11111111,0.2
4/11/2026 6:45,45.72,20.55555556,0.2
4/11/2026 7:00,45.72,20.55555556,0.2
4/11/2026 7:15,45.72,20.55555556,0.2
4/11/2026 7:30,45.72,20.55555556,0.2
4/11/2026 7:45,42.672,20.55555556,0.2
4/11/2026 8:00,45.72,20.55555556,0.2
4/11/2026 8:15,48.768,20.55555556,0.2
4/11/2026 8:30,45.72,20.55555556,0.2
4/11/2026 8:45,45.72,20.55555556,0.2
4/11/2026 9:00,45.72,20.55555556,0.2
4/11/2026 9:15,45.72,20.55555556,0.2
4/11/2026 9:30,45.72,20.55555556,0.2
4/11/2026 9:45,45.72,20.55555556,0.2
4/11/2026 10:00,48.768,20.55555556,0.2
4/11/2026 10:15,45.72,20.55555556,0.2
4/11/2026 10:30,45.72,20.55555556,0.2
4/11/2026 10:45,45.72,21.11111111,0.2
4/11/2026 11:00,45.72,21.11111111,0.2
4/11/2026 11:15,48.768,21.11111111,0.2
4/11/2026 11:30,45.72,21.11111111,0.2
4/11/2026 11:45,45.72,21.11111111,0.2
4/11/2026 12:00,45.72,21.11111111,0.2
4/11/2026 12:15,45.72,21.11111111,0.2
4/11/2026 12:30,45.72,21.11111111,0.2
4/11/2026 12:45,45.72,21.66666667,0.2
4/11/2026 13:00,45.72,21.66666667,0.2
4/11/2026 13:15,48.768,21.66666667,0.2
4/11/2026 13:30,48.768,21.66666667,0.2
4/11/2026 13:45,45.72,21.66666667,0.2
4/11/2026 14:00,48.768,21.66666667,0.2
4/11/2026 14:15,45.72,21.66666667,0.2
4/11/2026 14:30,45.72,21.66666667,0.2
4/11/2026 14:45,45.72,22.22222222,0.2
4/11/2026 15:00,45.72,22.22222222,0.2
4/11/2026 15:15,45.72,22.22222222,0.2
4/11/2026 15:30,45.72,22.22222222,0.2
4/11/2026 15:45,45.72,22.22222222,0.2
4/11/2026 16:00,45.72,22.22222222,0.2
4/11/2026 16:15,48.768,22.22222222,0.2
4/11/2026 16:30,45.72,22.22222222,0.2
4/11/2026 16:45,45.72,22.22222222,0.2
4/11/2026 17:00,48.768,22.22222222,0.2
4/11/2026 17:15,45.72,22.22222222,0.2
4/11/2026 17:30,45.72,22.22222222,0.2
4/11/2026 17:45,48.768,22.77777778,0.2
4/11/2026 18:00,45.72,22.77777778,0.2
4/11/2026 18:15,48.768,22.77777778,0.2
4/11/2026 18:30,45.72,22.77777778,0.2
4/11/2026 18:45,48.768,22.77777778,0.2
4/11/2026 19:00,48.768,22.77777778,0.2
4/11/2026 19:15,48.768,22.77777778,0.2
4/11/2026 19:30,48.768,22.77777778,0.2
4/11/2026 19:45,48.768,22.77777778,0.2
4/11/2026 20:00,48.768,22.77777778,0.2
4/11/2026 20:15,48.768,22.77777778,0.2
4/11/2026 20:30,48.768,22.77777778,0.2
4/11/2026 20:45,45.72,22.77777778,0.2
4/11/2026 21:00,45.72,22.77777778,0.2
4/11/2026 21:15,48.768,22.77777778,0.2
4/11/2026 21:30,45.72,23.33333333,0.2
4/11/2026 21:45,48.768,23.33333333,0.2
4/11/2026 22:00,48.768,23.33333333,0.2
4/11/2026 22:15,45.72,23.33333333,0.2
4/11/2026 22:30,45.72,23.33333333,0.2
4/11/2026 22:45,45.72,23.33333333,0.2
4/11/2026 23:00,45.72,23.33333333,0.2
4/11/2026 23:15,48.768,23.33333333,0.2
4/11/2026 23:30,45.72,23.33333333,0.2
4/11/2026 23:45,48.768,23.33333333,0.2
4/12/2026 0:00,45.72,23.33333333,0.2
4/12/2026 0:15,45.72,22.77777778,0.2
4/12/2026 0:30,45.72,22.77777778,0.2
4/12/2026 0:45,45.72,22.77777778,0.2
4/12/2026 1:00,45.72,22.77777778,0.2
4/12/2026 1:15,45.72,22.77777778,0.2
4/12/2026 1:30,45.72,22.77777778,0.2
4/12/2026 1:45,45.72,22.77777778,0.2
4/12/2026 2:00,45.72,22.77777778,0.2
4/12/2026 2:15,45.72,22.77777778,0.2
4/12/2026 2:30,45.72,22.77777778,0.2
4/12/2026 2:45,45.72,22.77777778,0.2
4/12/2026 3:00,45.72,22.77777778,0.2
4/12/2026 3:15,45.72,22.77777778,0.2
4/12/2026 3:30,45.72,22.22222222,0.2
4/12/2026 3:45,45.72,22.22222222,0.2
4/12/2026 4:00,45.72,22.22222222,0.2
4/12/2026 4:15,45.72,22.22222222,0.2
4/12/2026 4:30,42.672,22.22222222,0.2
4/12/2026 4:45,45.72,22.22222222,0.2
4/12/2026 5:00,45.72,22.22222222,0.2
4/12/2026 5:15,42.672,22.22222222,0.2
4/12/2026 5:30,42.672,22.22222222,0.2
4/12/2026 5:45,42.672,22.22222222,0.2
4/12/2026 6:00,42.672,22.22222222,0.2
4/12/2026 6:15,45.72,22.22222222,0.2
4/12/2026 6:30,45.72,22.22222222,0.2
4/12/2026 6:45,45.72,22.22222222,0.2
4/12/2026 7:00,45.72,22.22222222,0.2
4/12/2026 7:15,45.72,22.22222222,0.2
4/12/2026 7:30,42.672,22.22222222,0.2
4/12/2026 7:45,45.72,21.66666667,0.2
4/12/2026 8:00,42.672,21.66666667,0.2
4/12/2026 8:15,45.72,21.66666667,0.2
4/12/2026 8:30,42.672,21.66666667,0.2
4/12/2026 8:45,48.768,21.66666667,0.2
4/12/2026 9:00,42.672,21.66666667,0.2
4/12/2026 9:15,42.672,21.66666667,0.2
4/12/2026 9:30,42.672,21.66666667,0.2
4/12/2026 9:45,45.72,22.22222222,0.2
4/12/2026 10:00,42.672,22.22222222,0.2
4/12/2026 10:15,48.768,22.22222222,0.2
4/12/2026 10:30,45.72,22.22222222,0.2
4/12/2026 10:45,45.72,22.22222222,0.2
4/12/2026 11:00,45.72,22.22222222,0.2
4/12/2026 11:15,45.72,22.22222222,0.2
4/12/2026 11:30,45.72,22.22222222,0.2
4/12/2026 11:45,45.72,22.22222222,0.2
4/12/2026 12:00,48.768,22.77777778,0.2
4/12/2026 12:15,42.672,22.77777778,0.2
4/12/2026 12:30,45.72,22.77777778,0.2
4/12/2026 12:45,42.672,22.77777778,0.2
4/12/2026 13:00,45.72,22.77777778,0.2
4/12/2026 13:15,48.768,23.33333333,0.2
4/12/2026 13:30,45.72,23.33333333,0.2
4/12/2026 13:45,45.72,23.33333333,0.2
4/12/2026 14:00,42.672,23.33333333,0.2
4/12/2026 14:15,45.72,23.33333333,0.2
4/12/2026 14:30,45.72,23.88888889,0.2
4/12/2026 14:45,48.768,23.88888889,0.2
4/12/2026 15:00,45.72,23.88888889,0.2
4/12/2026 15:15,42.672,23.88888889,0.2
4/12/2026 15:30,42.672,23.88888889,0.2
4/12/2026 15:45,45.72,24.44444444,0.2
4/12/2026 16:00,45.72,24.44444444,0.2
4/12/2026 16:15,45.72,24.44444444,0.2
4/12/2026 16:30,45.72,24.44444444,0.2
4/12/2026 16:45,45.72,24.44444444,0.2
4/12/2026 17:00,48.768,24.44444444,0.2
4/12/2026 17:15,45.72,24.44444444,0.2
4/12/2026 17:30,45.72,24.44444444,0.2
4/12/2026 17:45,45.72,24.44444444,0.2
4/12/2026 18:00,45.72,24.44444444,0.2
4/12/2026 18:15,45.72,24.44444444,0.2
4/12/2026 18:30,45.72,24.44444444,0.2
4/12/2026 18:45,45.72,24.44444444,0.2
4/12/2026 19:00,45.72,24.44444444,0.2
4/12/2026 19:15,45.72,24.44444444,0.2
4/12/2026 19:30,45.72,24.44444444,0.2
4/12/2026 19:45,45.72,24.44444444,0.2
4/12/2026 20:00,45.72,24.44444444,0.2
4/12/2026 20:15,45.72,24.44444444,0.2
4/12/2026 20:30,45.72,24.44444444,0.2
4/12/2026 20:45,45.72,24.44444444,0.2
4/12/2026 21:00,45.72,24.44444444,0.2
4/12/2026 21:15,45.72,24.44444444,0.2
4/12/2026 21:30,45.72,24.44444444,0.2
4/12/2026 21:45,45.72,24.44444444,0.2
4/12/2026 22:00,45.72,24.44444444,0.2
4/12/2026 22:15,42.672,24.44444444,0.2
4/12/2026 22:30,42.672,24.44444444,0.2
4/12/2026 22:45,42.672,24.44444444,0.2
4/12/2026 23:00,42.672,23.88888889,0.2
4/12/2026 23:15,45.72,23.88888889,0.2
4/12/2026 23:30,45.72,23.88888889,0.2
4/12/2026 23:45,45.72,23.88888889,0.2
4/13/2026 0:00,45.72,23.88888889,0.2
4/13/2026 0:15,45.72,23.88888889,0.2
4/13/2026 0:30,45.72,23.88888889,0.2
4/13/2026 0:45,45.72,23.88888889,0.2
4/13/2026 1:00,45.72,23.88888889,0.2
4/13/2026 1:15,45.72,23.88888889,0.2
4/13/2026 1:30,42.672,23.88888889,0.2
4/13/2026 1:45,45.72,23.33333333,0.2
4/13/2026 2:00,45.72,23.33333333,0.2
4/13/2026 2:15,45.72,23.33333333,0.2
4/13/2026 2:30,45.72,23.33333333,0.2
4/13/2026 2:45,45.72,23.33333333,0.2
4/13/2026 3:00,45.72,23.33333333,0.2
4/13/2026 3:15,45.72,23.33333333,0.2
4/13/2026 3:30,45.72,23.33333333,0.2
4/13/2026 3:45,45.72,23.33333333,0.2
4/13/2026 4:00,45.72,23.33333333,0.2
4/13/2026 4:15,45.72,23.33333333,0.2
4/13/2026 4:30,45.72,23.33333333,0.2
4/13/2026 4:45,45.72,23.33333333,0.2
4/13/2026 5:00,45.72,23.33333333,0.2
4/13/2026 5:15,45.72,22.77777778,0.2
4/13/2026 5:30,45.72,22.77777778,0.2
4/13/2026 5:45,45.72,22.77777778,0.2
4/13/2026 6:00,45.72,22.77777778,0.2
4/13/2026 6:15,45.72,22.77777778,0.2
4/13/2026 6:30,45.72,22.77777778,0.2
4/13/2026 6:45,45.72,22.77777778,0.2
4/13/2026 7:00,45.72,22.77777778,0.2
4/13/2026 7:15,45.72,22.77777778,0.2
4/13/2026 7:30,42.672,22.77777778,0.2
4/13/2026 7:45,42.672,22.77777778,0.2
4/13/2026 8:00,42.672,22.77777778,0.2
4/13/2026 8:15,42.672,22.77777778,0.2
4/13/2026 8:30,45.72,22.77777778,0.2
4/13/2026 8:45,42.672,22.77777778,0.2
4/13/2026 9:00,45.72,22.77777778,0.2
4/13/2026 9:15,45.72,22.77777778,0.2
4/13/2026 9:30,42.672,22.77777778,0.2
4/13/2026 9:45,42.672,22.77777778,0.2
4/13/2026 10:00,45.72,22.77777778,0.2
4/13/2026 10:15,42.672,22.77777778,0.2
4/13/2026 10:30,42.672,22.77777778,0.2
4/13/2026 10:45,42.672,22.77777778,0.2
4/13/2026 11:00,42.672,22.77777778,0.2
4/13/2026 11:15,45.72,22.77777778,0.2
4/13/2026 11:30,42.672,23.33333333,0.2
4/13/2026 11:45,42.672,23.33333333,0.2
4/13/2026 12:00,45.72,23.33333333,0.2
4/13/2026 12:15,42.672,23.33333333,0.2
4/13/2026 12:30,45.72,23.33333333,0.2
4/13/2026 12:45,42.672,23.33333333,0.2
4/13/2026 13:00,42.672,23.88888889,0.2
4/13/2026 13:15,42.672,23.88888889,0.2
4/13/2026 13:30,45.72,23.88888889,0.2
4/13/2026 13:45,45.72,23.88888889,0.2
4/13/2026 14:00,45.72,23.88888889,0.2
4/13/2026 14:15,45.72,24.44444444,0.2
4/13/2026 14:30,45.72,24.44444444,0.2
4/13/2026 14:45,45.72,24.44444444,0.2
4/13/2026 15:00,45.72,24.44444444,0.2
4/13/2026 15:15,42.672,24.44444444,0.2
4/13/2026 15:30,42.672,24.44444444,0.2
4/13/2026 15:45,45.72,25,0.2
4/13/2026 16:00,45.72,25,0.2
4/13/2026 16:15,42.672,25,0.2
4/13/2026 16:30,45.72,25,0.2
4/13/2026 16:45,42.672,25,0.2
4/13/2026 17:00,45.72,25,0.2
4/13/2026 17:15,45.72,25,0.2
4/13/2026 17:30,45.72,25,0.2
4/13/2026 17:45,45.72,25,0.2
4/13/2026 18:00,45.72,25,0.2
4/13/2026 18:15,45.72,25,0.2
4/13/2026 18:30,45.72,25,0.2
4/13/2026 18:45,45.72,25,0.2
4/13/2026 19:00,45.72,25,0.2
4/13/2026 19:15,45.72,25,0.2
4/13/2026 19:30,45.72,25,0.2
4/13/2026 19:45,45.72,25,0.2
4/13/2026 20:00,45.72,25,0.2
4/13/2026 20:15,45.72,25,0.2
4/13/2026 20:30,45.72,25,0.2
4/13/2026 20:45,45.72,25,0.2
4/13/2026 21:00,45.72,25,0.2
4/13/2026 21:15,45.72,25,0.2
4/13/2026 21:30,45.72,25,0.2
4/13/2026 21:45,45.72,24.44444444,0.2
4/13/2026 22:00,45.72,24.44444444,0.2
4/13/2026 22:15,45.72,24.44444444,0.2
4/13/2026 22:30,45.72,24.44444444,0.2
4/13/2026 22:45,45.72,24.44444444,0.2
4/13/2026 23:00,45.72,24.44444444,0.2
4/13/2026 23:15,45.72,24.44444444,0.2
4/13/2026 23:30,45.72,24.44444444,0.2
4/13/2026 23:45,45.72,24.44444444,0.2
4/14/2026 0:00,45.72,24.44444444,0.2
4/14/2026 0:15,45.72,24.44444444,0.2
4/14/2026 0:30,45.72,24.44444444,0.2
4/14/2026 0:45,45.72,24.44444444,0.2
4/14/2026 1:00,45.72,23.88888889,0.2
4/14/2026 1:15,45.72,23.88888889,0.2
4/14/2026 1:30,45.72,23.88888889,0.2
4/14/2026 1:45,45.72,23.88888889,0.2
4/14/2026 2:00,45.72,23.88888889,0.2
4/14/2026 2:15,45.72,23.88888889,0.2
4/14/2026 2:30,45.72,23.88888889,0.2
4/14/2026 2:45,45.72,23.88888889,0.2
4/14/2026 3:00,45.72,23.88888889,0.2
4/14/2026 3:15,45.72,23.88888889,0.2
4/14/2026 3:30,45.72,23.88888889,0.2
4/14/2026 3:45,45.72,23.33333333,0.2
4/14/2026 4:00,45.72,23.33333333,0.2
4/14/2026 4:15,45.72,23.33333333,0.2
4/14/2026 4:30,45.72,23.33333333,0.2
4/14/2026 4:45,45.72,23.33333333,0.2
4/14/2026 5:00,45.72,23.33333333,0.2
4/14/2026 5:15,45.72,23.33333333,0.2
4/14/2026 5:30,45.72,23.33333333,0.2
4/14/2026 5:45,45.72,23.33333333,0.2
4/14/2026 6:00,45.72,23.33333333,0.2
4/14/2026 6:15,45.72,23.33333333,0.2
4/14/2026 6:30,45.72,23.33333333,0.2
4/14/2026 6:45,45.72,23.33333333,0.2
4/14/2026 7:00,45.72,23.33333333,0.2
4/14/2026 7:15,42.672,23.33333333,0.2
4/14/2026 7:30,42.672,22.77777778,0.2
4/14/2026 7:45,42.672,22.77777778,0.2
4/14/2026 8:00,42.672,22.77777778,0.2
4/14/2026 8:15,42.672,22.77777778,0.2
4/14/2026 8:30,42.672,22.77777778,0.2
4/14/2026 8:45,45.72,22.77777778,0.2
4/14/2026 9:00,42.672,22.77777778,0.2
4/14/2026 9:15,42.672,22.77777778,0.2
4/14/2026 9:30,45.72,22.77777778,0.2
4/14/2026 9:45,42.672,22.77777778,0.2
4/14/2026 10:00,42.672,23.33333333,0.2
4/14/2026 10:15,45.72,23.33333333,0.2
4/14/2026 10:30,42.672,23.33333333,0.2
4/14/2026 10:45,45.72,23.33333333,0.2
4/14/2026 11:00,42.672,23.33333333,0.2
4/14/2026 11:15,45.72,23.33333333,0.2
4/14/2026 11:30,45.72,23.33333333,0.2
4/14/2026 11:45,45.72,23.33333333,0.2
4/14/2026 12:00,42.672,23.33333333,0.2
4/14/2026 12:15,42.672,23.33333333,0.2
4/14/2026 12:30,45.72,23.33333333,0.2
4/14/2026 12:45,45.72,23.88888889,0.2
4/14/2026 13:00,45.72,23.88888889,0.2
4/14/2026 13:15,42.672,23.88888889,0.2
4/14/2026 13:30,42.672,23.88888889,0.2
4/14/2026 13:45,45.72,23.88888889,0.2
4/14/2026 14:00,45.72,23.88888889,0.2
4/14/2026 14:15,45.72,23.88888889,0.2
4/14/2026 14:30,45.72,24.44444444,0.2
4/14/2026 14:45,45.72,24.44444444,0.2
4/14/2026 15:00,45.72,24.44444444,0.2
4/14/2026 15:15,45.72,24.44444444,0.2
4/14/2026 15:30,42.672,24.44444444,0.2
4/14/2026 15:45,42.672,24.44444444,0.2
4/14/2026 16:00,45.72,24.44444444,0.2
4/14/2026 16:15,45.72,24.44444444,0.2
4/14/2026 16:30,45.72,24.44444444,0.2
4/14/2026 16:45,42.672,24.44444444,0.2
4/14/2026 17:00,45.72,25,0.2
4/14/2026 17:15,45.72,25,0.2
4/14/2026 17:30,45.72,25,0.2
4/14/2026 17:45,45.72,25,0.2
4/14/2026 18:00,45.72,25,0.2
4/14/2026 18:15,45.72,25,0.2
4/14/2026 18:30,45.72,25,0.2
4/14/2026 18:45,45.72,25,0.2
4/14/2026 19:00,45.72,25,0.2
4/14/2026 19:15,45.72,25,0.2
4/14/2026 19:30,45.72,25,0.2
4/14/2026 19:45,45.72,25,0.2
4/14/2026 20:00,45.72,25,0.2
4/14/2026 20:15,45.72,25,0.2
4/14/2026 20:30,42.672,25,0.2
4/14/2026 20:45,45.72,25,0.2
4/14/2026 21:00,45.72,25,0.2
4/14/2026 21:15,42.672,25,0.2
4/14/2026 21:30,45.72,25,0.2
4/14/2026 21:45,45.72,25,0.2
4/14/2026 22:00,42.672,25,0.2
4/14/2026 22:15,42.672,25,0.2
4/14/2026 22:30,42.672,25,0.2
4/14/2026 22:45,45.72,25,0.2
4/14/2026 23:00,42.672,25,0.2
4/14/2026 23:15,45.72,25,0.2
4/14/2026 23:30,45.72,24.44444444,0.2
4/14/2026 23:45,42.672,24.44444444,0.2
4/15/2026 0:00,45.72,24.44444444,0.2
4/15/2026 0:15,45.72,24.44444444,0.2
4/15/2026 0:30,45.72,24.44444444,0.2
4/15/2026 0:45,42.672,24.44444444,0.2
4/15/2026 1:00,42.672,24.44444444,0.2
4/15/2026 1:15,45.72,24.44444444,0.2
4/15/2026 1:30,42.672,24.44444444,0.2
4/15/2026 1:45,45.72,24.44444444,0.2
4/15/2026 2:00,42.672,24.44444444,0.2
4/15/2026 2:15,42.672,24.44444444,0.2
4/15/2026 2:30,45.72,24.44444444,0.2
4/15/2026 2:45,45.72,23.88888889,0.2
4/15/2026 3:00,45.72,23.88888889,0.2
4/15/2026 3:15,45.72,23.88888889,0.2
4/15/2026 3:30,42.672,23.88888889,0.2
4/15/2026 3:45,45.72,23.88888889,0.2
4/15/2026 4:00,42.672,23.88888889,0.2
4/15/2026 4:15,45.72,23.88888889,0.2
4/15/2026 4:30,45.72,23.88888889,0.2
4/15/2026 4:45,45.72,23.88888889,0.2
4/15/2026 5:00,45.72,23.88888889,0.2
4/15/2026 5:15,45.72,23.88888889,0.2
4/15/2026 5:30,45.72,23.88888889,0.2
4/15/2026 5:45,45.72,23.33333333,0.2
4/15/2026 6:00,45.72,23.33333333,0.2
4/15/2026 6:15,45.72,23.33333333,0.2
4/15/2026 6:30,45.72,23.33333333,0.2
4/15/2026 6:45,45.72,23.33333333,0.2
4/15/2026 7:00,45.72,23.33333333,0.2
4/15/2026 7:15,42.672,23.33333333,0.2
4/15/2026 7:30,42.672,23.33333333,0.2
4/15/2026 7:45,42.672,23.33333333,0.2
4/15/2026 8:00,42.672,23.33333333,0.2
4/15/2026 8:15,42.672,23.33333333,0.2
4/15/2026 8:30,42.672,23.33333333,0.2
4/15/2026 8:45,42.672,23.33333333,0.2
4/15/2026 9:00,45.72,23.33333333,0.2
4/15/2026 9:15,42.672,23.33333333,0.2
4/15/2026 9:30,42.672,23.33333333,0.2
4/15/2026 9:45,45.72,23.33333333,0.2
4/15/2026 10:00,42.672,23.33333333,0.2
4/15/2026 10:15,42.672,23.33333333,0.2
4/15/2026 10:30,42.672,23.33333333,0.2
4/15/2026 10:45,42.672,23.33333333,0.2
4/15/2026 11:00,45.72,23.33333333,0.2
4/15/2026 11:15,42.672,23.33333333,0.2
4/15/2026 11:30,42.672,23.33333333,0.2
4/15/2026 11:45,45.72,23.88888889,0.2
4/15/2026 12:00,42.672,23.88888889,0.2
4/15/2026 12:15,42.672,23.88888889,0.2
4/15/2026 12:30,45.72,23.88888889,0.2
4/15/2026 12:45,42.672,23.88888889,0.2
4/15/2026 13:00,45.72,23.88888889,0.2
4/15/2026 13:15,42.672,23.88888889,0.2
4/15/2026 13:30,45.72,24.44444444,0.2
4/15/2026 13:45,42.672,24.44444444,0.2
4/15/2026 14:00,42.672,24.44444444,0.2
4/15/2026 14:15,42.672,24.44444444,0.2
4/15/2026 14:30,45.72,24.44444444,0.2
4/15/2026 14:45,42.672,24.44444444,0.2
4/15/2026 15:00,42.672,24.44444444,0.2
4/15/2026 15:15,45.72,24.44444444,0.2
4/15/2026 15:30,45.72,25,0.2
4/15/2026 15:45,45.72,25,0.2
4/15/2026 16:00,45.72,25,0.2
4/15/2026 16:15,45.72,25,0.2
4/15/2026 16:30,45.72,25,0.2
4/15/2026 16:45,42.672,25,0.2
4/15/2026 17:00,45.72,25,0.2
4/15/2026 17:15,45.72,25,0.2
4/15/2026 17:30,42.672,25,0.2
4/15/2026 17:45,42.672,25,0.2
4/15/2026 18:00,45.72,25.55555556,0.2
4/15/2026 18:15,45.72,25.55555556,0.2
4/15/2026 18:30,45.72,25.55555556,0.2
4/15/2026 18:45,45.72,25.55555556,0.2
4/15/2026 19:00,45.72,25.55555556,0.2
4/15/2026 19:15,45.72,25.55555556,0.2
4/15/2026 19:30,45.72,25.55555556,0.2
4/15/2026 19:45,42.672,25.55555556,0.2
4/15/2026 20:00,42.672,25.55555556,0.2
4/15/2026 20:15,42.672,25.55555556,0.2
4/15/2026 20:30,45.72,25.55555556,0.2
4/15/2026 20:45,42.672,25.55555556,0.2
4/15/2026 21:00,42.672,25.55555556,0.2
4/15/2026 21:15,42.672,25.55555556,0.2
4/15/2026 21:30,42.672,25.55555556,0.2
4/15/2026 21:45,42.672,25.55555556,0.2
4/15/2026 22:00,45.72,25.55555556,0.2
4/15/2026 22:15,45.72,25.55555556,0.2
4/15/2026 22:30,42.672,25.55555556,0.2
4/15/2026 22:45,42.672,25.55555556,0.2
4/15/2026 23:00,45.72,25,0.2
4/15/2026 23:15,42.672,25,0.2
4/15/2026 23:30,42.672,25,0.2
4/15/2026 23:45,42.672,25,0.2
4/16/2026 0:00,42.672,25,0.2
4/16/2026 0:15,45.72,25,0.2
4/16/2026 0:30,45.72,25,0.2
4/16/2026 0:45,45.72,25,0.2
4/16/2026 1:00,42.672,25,0.2
4/16/2026 1:15,42.672,25,0.2
4/16/2026 1:30,45.72,25,0.2
4/16/2026 1:45,42.672,25,0.2
4/16/2026 2:00,42.672,24.44444444,0.2
4/16/2026 2:15,42.672,24.44444444,0.2
4/16/2026 2:30,42.672,24.44444444,0.2
4/16/2026 2:45,45.72,24.44444444,0.2
4/16/2026 3:00,42.672,24.44444444,0.2
4/16/2026 3:15,39.624,24.44444444,0.2
4/16/2026 3:30,42.672,24.44444444,0.2
4/16/2026 3:45,42.672,24.44444444,0.2
4/16/2026 4:00,45.72,24.44444444,0.2
4/16/2026 4:15,42.672,24.44444444,0.2
4/16/2026 4:30,42.672,24.44444444,0.2
4/16/2026 4:45,42.672,24.44444444,0.2
4/16/2026 5:00,42.672,24.44444444,0.2
4/16/2026 5:15,42.672,24.44444444,0.2
4/16/2026 5:30,45.72,24.44444444,0.2
4/16/2026 5:45,42.672,23.88888889,0.2
4/16/2026 6:00,42.672,23.88888889,0.2
4/16/2026 6:15,42.672,23.88888889,0.2
4/16/2026 6:30,42.672,23.88888889,0.2
4/16/2026 6:45,42.672,23.88888889,0.2
4/16/2026 7:00,42.672,23.88888889,0.2
4/16/2026 7:15,42.672,23.88888889,0.2
4/16/2026 7:30,42.672,23.88888889,0.2
4/16/2026 7:45,42.672,23.88888889,0.2
4/16/2026 8:00,42.672,23.88888889,0.2
4/16/2026 8:15,42.672,23.88888889,0.2
4/16/2026 8:30,42.672,23.88888889,0.2
4/16/2026 8:45,42.672,23.88888889,0.2
4/16/2026 9:00,42.672,23.88888889,0.2
4/16/2026 9:15,45.72,23.88888889,0.2
4/16/2026 9:30,42.672,23.88888889,0.2
4/16/2026 9:45,42.672,23.88888889,0.2
4/16/2026 10:00,42.672,23.88888889,0.2
4/16/2026 10:15,42.672,23.88888889,0.2
4/16/2026 10:30,42.672,23.88888889,0.2
4/16/2026 10:45,42.672,23.88888889,0.2
4/16/2026 11:00,42.672,23.88888889,0.2
4/16/2026 11:15,42.672,24.44444444,0.2
4/16/2026 11:30,42.672,24.44444444,0.2
4/16/2026 11:45,42.672,24.44444444,0.2
4/16/2026 12:00,39.624,24.44444444,0.2
4/16/2026 12:15,42.672,24.44444444,0.2
4/16/2026 12:30,39.624,24.44444444,0.2
4/16/2026 12:45,42.672,24.44444444,0.2
4/16/2026 13:00,45.72,25,0.2
4/16/2026 13:15,45.72,25,0.2
4/16/2026 13:30,42.672,25,0.2
4/16/2026 13:45,45.72,25,0.2
4/16/2026 14:00,45.72,25,0.2
4/16/2026 14:15,42.672,25,0.2
4/16/2026 15:45,40.3,25.6,0.17
4/16/2026 16:00,43.2,25.6,0.17
4/16/2026 16:15,44.3,25.7,0.17
4/16/2026 16:30,44.7,25.8,0.16
4/16/2026 16:45,41.8,25.8,0.17
4/16/2026 17:00,44.9,25.8,0.17
4/16/2026 17:15,43.6,25.9,0.16
4/16/2026 17:30,43.3,26,0.17
4/16/2026 17:45,42,26,0.17
4/16/2026 18:00,43.7,26.1,0.16
4/16/2026 18:15,44.5,26.2,0.17
4/16/2026 18:30,44.1,26.2,0.16
4/16/2026 18:45,43.9,26.2,0.16
4/16/2026 19:00,43.9,26.3,0.16
4/16/2026 19:15,43.9,26.3,0.16
4/16/2026 19:30,44.1,26.3,0.16
4/16/2026 19:45,44.3,26.3,0.16
4/16/2026 20:00,43.8,26.2,0.16
4/16/2026 20:15,43.5,26.2,0.16
4/16/2026 20:30,43.7,26.2,0.16
4/16/2026 20:45,43.7,26.2,0.16
4/16/2026 21:00,42.5,26.1,0.16
4/16/2026 21:15,42.6,26.1,0.16
4/16/2026 21:30,43.5,26,0.16
4/16/2026 21:45,42.8,26,0.16
4/16/2026 22:00,42.7,25.9,0.16
4/16/2026 22:15,43.2,25.9,0.16
4/16/2026 22:30,42.7,25.8,0.16
4/16/2026 22:45,42.6,25.8,0.16
4/16/2026 23:00,42.6,25.7,0.16
4/16/2026 23:15,43.3,25.7,0.16
4/16/2026 23:30,43.5,25.7,0.16
4/16/2026 23:45,43.3,25.6,0.16
4/17/2026 0:00,42.7,25.6,0.16
4/17/2026 0:15,43.2,25.5,0.16
4/17/2026 0:30,43,25.5,0.16
4/17/2026 0:45,42.5,25.4,0.16
4/17/2026 1:00,42.6,25.4,0.16
4/17/2026 1:15,42.1,25.3,0.16
4/17/2026 1:30,43.2,25.3,0.16
4/17/2026 1:45,43.1,25.2,0.16
4/17/2026 2:00,43.4,25.2,0.16
4/17/2026 2:15,43.2,25.1,0.16
4/17/2026 2:30,43.4,25.1,0.16
4/17/2026 2:45,43,25.1,0.16
4/17/2026 3:00,42.8,25,0.16
4/17/2026 3:15,42.8,25,0.16
4/17/2026 3:30,42.3,24.9,0.16
4/17/2026 3:45,42.3,24.9,0.16
4/17/2026 4:00,43.7,24.9,0.16
4/17/2026 4:15,43.8,24.8,0.16
4/17/2026 4:30,42.6,24.8,0.16
4/17/2026 4:45,43.7,24.7,0.16
4/17/2026 5:00,43.6,24.7,0.16
4/17/2026 5:15,43.5,24.6,0.16
4/17/2026 5:30,43.6,24.6,0.16
4/17/2026 5:45,42.9,24.6,0.17
4/17/2026 6:00,42.4,24.5,0.17
4/17/2026 6:15,42.8,24.5,0.17
4/17/2026 6:30,42.8,24.4,0.17
4/17/2026 6:45,43.5,24.4,0.17
4/17/2026 7:00,43.2,24.4,0.17
4/17/2026 7:15,41.6,24.3,0.17
4/17/2026 7:30,40.7,24.3,0.17
4/17/2026 7:45,41.2,24.3,0.17
4/17/2026 8:00,40.8,24.2,0.17
4/17/2026 8:15,42.8,24.2,0.17
4/17/2026 8:30,40.9,24.2,0.17
4/17/2026 8:45,41.8,24.2,0.17
4/17/2026 9:00,42,24.2,0.17
4/17/2026 9:15,42,24.2,0.17
4/17/2026 9:30,40.7,24.2,0.17
4/17/2026 9:45,--,--,--
4/17/2026 10:00,42.1,24.3,0.17
4/17/2026 10:15,42,24.3,0.17
4/17/2026 10:30,41.6,24.3,0.17
4/17/2026 10:45,42,24.4,0.17
4/17/2026 11:00,41,24.4,0.16
4/17/2026 11:15,40.2,24.5,0.16
4/17/2026 11:30,42.3,24.5,0.17
4/17/2026 11:45,44.2,24.6,0.17
4/17/2026 12:00,41,24.7,0.16
4/17/2026 12:15,44.4,24.8,0.16
4/17/2026 12:30,40.6,24.8,0.16
4/17/2026 12:45,41.2,24.9,0.17
4/17/2026 13:00,40.9,25,0.16
4/17/2026 13:15,44,25.1,0.16
4/17/2026 13:30,40.4,25.3,0.17
4/17/2026 13:45,42.8,25.4,0.16
4/17/2026 14:00,42,25.5,0.16
4/17/2026 14:15,42.6,25.7,0.16
4/17/2026 14:30,42.4,25.8,0.16
4/17/2026 14:45,43.9,25.9,0.16
4/17/2026 15:00,42.7,26.1,0.16
4/17/2026 15:15,43.4,26.2,0.16
4/17/2026 15:30,44,26.3,0.16
4/17/2026 15:45,42.7,26.4,0.16
4/17/2026 16:00,44.1,26.5,0.16
4/17/2026 16:15,43.9,26.6,0.16
4/17/2026 16:30,42.3,26.7,0.16
4/17/2026 16:45,40.1,26.8,0.16
4/17/2026 17:00,44,26.8,0.16
4/17/2026 17:15,43.4,26.9,0.16
4/17/2026 17:30,43.2,26.9,0.16
4/17/2026 17:45,40.3,26.9,0.16
4/17/2026 18:00,43.5,26.9,0.16
4/17/2026 18:15,42.5,27,0.16
4/17/2026 18:30,43.3,27,0.16
4/17/2026 18:45,42.9,27,0.16
4/17/2026 19:00,42.6,27,0.16
4/17/2026 19:15,43.2,27,0.16
4/17/2026 19:30,42.5,27,0.16
4/17/2026 19:45,43.2,27,0.16
4/17/2026 20:00,43.6,27,0.16
4/17/2026 20:15,43.3,26.9,0.16
4/17/2026 20:30,42.7,26.9,0.16
4/17/2026 20:45,43.3,26.9,0.16
4/17/2026 21:00,43.4,26.8,0.16
4/17/2026 21:15,43.4,26.8,0.16
4/17/2026 21:30,43.3,26.8,0.16
4/17/2026 21:45,43.2,26.7,0.16
4/17/2026 22:00,43,26.7,0.16
4/17/2026 22:15,43.1,26.6,0.16
4/17/2026 22:30,43.3,26.6,0.16
4/17/2026 22:45,42.7,26.5,0.16
4/17/2026 23:00,42.4,26.5,0.16
4/17/2026 23:15,41.4,26.4,0.16
4/17/2026 23:30,42.8,26.4,0.16
4/17/2026 23:45,42.4,26.3,0.16
4/18/2026 0:00,42.8,26.3,0.16
4/18/2026 0:15,42.9,26.2,0.16
4/18/2026 0:30,42.7,26.2,0.16
4/18/2026 0:45,42.3,26.1,0.16
4/18/2026 1:00,42.7,26.1,0.16
4/18/2026 1:15,41.4,26,0.16
4/18/2026 1:30,41.1,26,0.16
4/18/2026 1:45,42,25.9,0.16
4/18/2026 2:00,42.7,25.9,0.16
4/18/2026 2:15,43.2,25.8,0.16
4/18/2026 2:30,43.1,25.8,0.16
4/18/2026 2:45,43,25.7,0.16
4/18/2026 3:00,43,25.7,0.16
4/18/2026 3:15,42.6,25.6,0.16
4/18/2026 3:30,42.4,25.6,0.16
4/18/2026 3:45,42.2,25.5,0.16
4/18/2026 4:00,43.2,25.5,0.16
4/18/2026 4:15,42.6,25.5,0.16
4/18/2026 4:30,42.9,25.4,0.16
4/18/2026 4:45,42.7,25.4,0.16
4/18/2026 5:00,43.1,25.3,0.16
4/18/2026 5:15,42.9,25.2,0.16
4/18/2026 5:30,42.9,25.2,0.16
4/18/2026 5:45,42.6,25.2,0.16
4/18/2026 6:00,42.7,25.1,0.16
4/18/2026 6:15,42.7,25.1,0.16
4/18/2026 6:30,41.8,25,0.16
4/18/2026 6:45,42.2,25,0.16
4/18/2026 7:00,40.8,25,0.16
4/18/2026 7:15,39.8,24.9,0.16
4/18/2026 7:30,40,24.9,0.16
4/18/2026 7:45,40.1,24.8,0.16
4/18/2026 8:00,40.2,24.8,0.16
4/18/2026 8:15,43.3,24.8,0.16
4/18/2026 8:30,41.3,24.8,0.16
4/18/2026 8:45,39.4,24.8,0.16
4/18/2026 9:00,41.7,24.8,0.16
4/18/2026 9:15,40.8,24.8,0.16
4/18/2026 9:30,41.1,24.8,0.16
4/18/2026 9:45,41,24.9,0.16
4/18/2026 10:00,39.2,24.9,0.16
4/18/2026 10:15,39.6,24.9,0.15
4/18/2026 10:30,42.2,25,0.15
4/18/2026 10:45,40.7,25,0.15
4/18/2026 11:00,42.4,25,0.15
4/18/2026 11:15,39.2,25.1,0.15
4/18/2026 11:30,39.7,25.2,0.15
4/18/2026 11:45,39.2,25.2,0.15
4/18/2026 12:00,41.2,25.3,0.15
4/18/2026 12:15,40,25.4,0.15
4/18/2026 12:30,42.7,25.5,0.15
4/18/2026 12:45,41.7,25.5,0.15
4/18/2026 13:00,38.7,25.6,0.15
4/18/2026 13:15,39.8,25.7,0.15
4/18/2026 13:30,42.6,25.8,0.15
4/18/2026 13:45,40.6,25.8,0.15
4/18/2026 14:00,39.8,25.9,0.15
4/18/2026 14:15,40.8,26,0.15
4/18/2026 14:30,42.7,26.1,0.15
4/18/2026 14:45,39.7,26.2,0.15
4/18/2026 15:00,39.9,26.2,0.15
4/18/2026 15:15,42.4,26.3,0.15
4/18/2026 15:30,42.7,26.4,0.15
4/18/2026 15:45,40.4,26.5,0.15
4/18/2026 16:00,42.1,26.5,0.15
4/18/2026 16:15,41,26.6,0.15
4/18/2026 16:30,43,26.7,0.15
4/18/2026 16:45,39.7,26.7,0.15
4/18/2026 17:00,43.3,26.8,0.15
4/18/2026 17:15,42.7,26.9,0.15
4/18/2026 17:30,42.6,27,0.15
4/18/2026 17:45,40.6,27.1,0.15
4/18/2026 18:00,42.6,27.2,0.15
4/18/2026 18:15,42.4,27.2,0.15
4/18/2026 18:30,42.6,27.3,0.15
4/18/2026 18:45,42.3,27.3,0.15
4/18/2026 19:00,42.6,27.3,0.15
4/18/2026 19:15,42.1,27.3,0.15
4/18/2026 19:30,42.6,27.3,0.15
4/18/2026 19:45,41.8,27.3,0.15
4/18/2026 20:00,42.3,27.3,0.15
4/18/2026 20:15,42.5,27.3,0.15
4/18/2026 20:30,42.5,27.3,0.15
4/18/2026 20:45,42.4,27.3,0.15
4/18/2026 21:00,42,27.2,0.15
4/18/2026 21:15,41.4,27.2,0.15
4/18/2026 21:30,42.4,27.2,0.15
4/18/2026 21:45,41.7,27.1,0.15
4/18/2026 22:00,41.6,27.1,0.15
4/18/2026 22:15,41.9,27.1,0.15
4/18/2026 22:30,41.6,27,0.15
4/18/2026 22:45,41.5,27,0.15
4/18/2026 23:00,41.5,26.9,0.15
4/18/2026 23:15,42.5,26.9,0.15
4/18/2026 23:30,41.2,26.8,0.15
4/18/2026 23:45,41.2,26.8,0.15
4/19/2026 0:00,40.5,26.7,0.15
4/19/2026 0:15,40.9,26.7,0.15
4/19/2026 0:30,40.8,26.6,0.15
4/19/2026 0:45,41.2,26.6,0.15
4/19/2026 1:00,41.2,26.6,0.15
4/19/2026 1:15,40.9,26.5,0.15
4/19/2026 1:30,42.2,26.5,0.15
4/19/2026 1:45,41.8,26.4,0.15
4/19/2026 2:00,41.5,26.4,0.15
4/19/2026 2:15,40.8,26.3,0.15
4/19/2026 2:30,41.2,26.3,0.15
4/19/2026 2:45,41.7,26.2,0.15
4/19/2026 3:00,41.7,26.2,0.15
4/19/2026 3:15,42,26.2,0.15
4/19/2026 3:30,41.2,26.1,0.15
4/19/2026 3:45,40.7,26.1,0.15
4/19/2026 4:00,39.9,26,0.15
4/19/2026 4:15,41.4,26,0.15
4/19/2026 4:30,39.7,26,0.15
4/19/2026 4:45,40.7,25.9,0.15
4/19/2026 5:00,40.2,25.9,0.15
4/19/2026 5:15,39.4,25.8,0.15
4/19/2026 5:30,39.9,25.8,0.15
4/19/2026 5:45,40.2,25.8,0.15
4/19/2026 6:00,40.3,25.7,0.15
4/19/2026 6:15,41.7,25.7,0.15
4/19/2026 6:30,41.3,25.7,0.16
4/19/2026 6:45,42.4,25.6,0.16
4/19/2026 7:00,41.6,25.6,0.16
4/19/2026 7:15,41.5,25.6,0.16
4/19/2026 7:30,40.6,25.5,0.16
4/19/2026 7:45,41,25.5,0.16
4/19/2026 8:00,40,25.5,0.16
4/19/2026 8:15,40.9,25.4,0.16
4/19/2026 8:30,40.5,25.4,0.16
4/19/2026 8:45,42,25.4,0.16
4/19/2026 9:00,41.8,25.4,0.16
4/19/2026 9:15,39.8,25.4,0.16
4/19/2026 9:30,42.4,25.4,0.16
4/19/2026 9:45,39.6,25.4,0.16
4/19/2026 10:00,39.4,25.4,0.16
4/19/2026 10:15,42.2,25.4,0.16
4/19/2026 10:30,39.1,25.4,0.16
4/19/2026 10:45,40.6,25.5,0.16
4/19/2026 11:00,40.9,25.5,0.16
4/19/2026 11:15,40.4,25.5,0.16
4/19/2026 11:30,38.4,25.5,0.16
4/19/2026 11:45,38.5,25.5,0.16
4/19/2026 12:00,41.9,25.6,0.16
4/19/2026 12:15,42.2,25.6,0.16
4/19/2026 12:30,39,25.7,0.16
4/19/2026 12:45,42.3,25.7,0.16
4/19/2026 13:00,41.8,25.7,0.16
4/19/2026 13:15,42.3,25.8,0.16
4/19/2026 13:30,42.4,25.8,0.16
4/19/2026 13:45,42.5,25.8,0.16
4/19/2026 14:00,39.8,25.8,0.16
4/19/2026 14:15,40.3,25.9,0.16
4/19/2026 14:30,39.3,25.9,0.16
4/19/2026 14:45,42.1,25.9,0.16
4/19/2026 15:00,41.8,26,0.16
4/19/2026 15:15,40.8,26,0.16
4/19/2026 15:30,40.8,26,0.16
4/19/2026 15:45,42.3,26,0.16
4/19/2026 16:00,42.1,26,0.16
4/19/2026 16:15,42.1,26,0.16
4/19/2026 16:30,41.8,26,0.16
4/19/2026 16:45,41.3,26,0.16
4/19/2026 17:00,41.1,26,0.16
4/19/2026 17:15,39.2,25.9,0.16
4/19/2026 17:30,39.9,25.8,0.16
4/19/2026 17:45,38.7,25.8,0.16
4/19/2026 18:00,42.3,25.8,0.16
4/19/2026 18:15,41.2,25.7,0.16
4/19/2026 18:30,42.1,25.7,0.16
4/19/2026 18:45,41.9,25.6,0.16
4/19/2026 19:00,42.4,25.6,0.16
4/19/2026 19:15,42.2,25.5,0.16
4/19/2026 19:30,42.2,25.5,0.16
4/19/2026 19:45,42,25.4,0.16
4/19/2026 20:00,41.8,25.3,0.16
4/19/2026 20:15,41.8,25.3,0.16
4/19/2026 20:30,41.8,25.2,0.16
4/19/2026 20:45,41.8,25.1,0.16
4/19/2026 21:00,41.6,25.1,0.16
4/19/2026 21:15,42,25,0.16
4/19/2026 21:30,40.8,25,0.16
4/19/2026 21:45,41.5,24.9,0.16
4/19/2026 22:00,41.6,24.8,0.16
4/19/2026 22:15,41.5,24.8,0.16
4/19/2026 22:30,40.8,24.7,0.16
4/19/2026 22:45,41.9,24.7,0.16
4/19/2026 23:00,41.7,24.6,0.16
4/19/2026 23:15,41.7,24.6,0.16
4/19/2026 23:30,41.7,24.5,0.16
4/19/2026 23:45,41.9,24.5,0.16
4/20/2026 0:00,41.9,24.4,0.16
4/20/2026 0:15,41.6,24.3,0.16
4/20/2026 0:30,41.7,24.3,0.16
4/20/2026 0:45,41.7,24.2,0.16
4/20/2026 1:00,41.6,24.2,0.16
4/20/2026 1:15,41,24.1,0.16
4/20/2026 1:30,41.3,24.1,0.16
4/20/2026 1:45,41.4,24,0.16
4/20/2026 2:00,41.3,23.9,0.16
4/20/2026 2:15,41.1,23.9,0.16
4/20/2026 2:30,41.1,23.8,0.16
4/20/2026 2:45,41.2,23.8,0.16
4/20/2026 3:00,41.5,23.7,0.16
4/20/2026 3:15,41,23.7,0.16
4/20/2026 3:30,41.2,23.6,0.16
4/20/2026 3:45,41.4,23.6,0.16
4/20/2026 4:00,41.2,23.5,0.16
4/20/2026 4:15,41.4,23.5,0.16
4/20/2026 4:30,41.4,23.4,0.16
4/20/2026 4:45,41.2,23.4,0.16
4/20/2026 5:00,41.3,23.3,0.16
4/20/2026 5:15,40.8,23.3,0.16
4/20/2026 5:30,41,23.2,0.16
4/20/2026 5:45,41,23.2,0.16
4/20/2026 6:00,41.1,23.1,0.16
4/20/2026 6:15,40.6,23.1,0.16
4/20/2026 6:30,41,23,0.16
4/20/2026 6:45,41,23,0.16
4/20/2026 7:00,39.8,22.9,0.16
4/20/2026 7:15,38.5,22.9,0.16
4/20/2026 7:30,38.6,22.9,0.16
4/20/2026 7:45,38.3,22.8,0.16
4/20/2026 8:00,37.7,22.8,0.16
4/20/2026 8:15,40.3,22.8,0.16
4/20/2026 8:30,37.8,22.8,0.16
4/20/2026 8:45,38.6,22.8,0.16
4/20/2026 9:00,39.2,22.8,0.16
4/20/2026 9:15,39.5,22.8,0.16
4/20/2026 9:30,41.9,22.9,0.16
4/20/2026 9:45,41.7,22.9,0.16
4/20/2026 10:00,39.2,23,0.16
4/20/2026 10:15,40.3,23,0.16
4/20/2026 10:30,41.7,23.1,0.16
4/20/2026 10:45,40.2,23.1,0.16
4/20/2026 11:00,40.2,23.2,0.16
4/20/2026 11:15,41.9,23.3,0.16
4/20/2026 11:30,40.5,23.4,0.16
4/20/2026 11:45,40.7,23.4,0.16
4/20/2026 12:00,40.5,23.5,0.16
4/20/2026 12:15,41.1,23.6,0.16
4/20/2026 12:30,39.5,23.7,0.16
4/20/2026 12:45,40,23.8,0.16
4/20/2026 13:00,40.5,23.9,0.16
4/20/2026 13:15,38.8,24,0.16
4/20/2026 13:30,39.5,24.1,0.16
4/20/2026 13:45,40.2,24.2,0.16
4/20/2026 14:00,38.7,24.3,0.16
4/20/2026 14:15,41.3,24.4,0.16
4/20/2026 14:30,40.8,24.5,0.16
4/20/2026 14:45,38.6,24.6,0.16
4/20/2026 15:00,41,24.7,0.16
4/20/2026 15:15,38.4,24.8,0.16
4/20/2026 15:30,37.8,24.9,0.16
4/20/2026 15:45,41.6,24.9,0.16
4/20/2026 16:00,38.8,25,0.16
4/20/2026 16:15,41.3,25,0.16
4/20/2026 16:30,41.3,25,0.16
4/20/2026 16:45,41,25,0.16
4/20/2026 17:00,40,25,0.16
4/20/2026 17:15,40.7,25,0.16
4/20/2026 17:30,40.7,25,0.16
4/20/2026 17:45,37.2,25,0.16
4/20/2026 18:00,40.7,25,0.16
4/20/2026 18:15,40.8,24.9,0.16
4/20/2026 18:30,40.7,24.9,0.16
4/20/2026 18:45,41,24.8,0.16
4/20/2026 19:00,40.5,24.8,0.16
4/20/2026 19:15,41.2,24.7,0.16
4/20/2026 19:30,39.8,24.6,0.16
4/20/2026 19:45,39.6,24.6,0.16
4/20/2026 20:00,38,24.5,0.16
4/20/2026 20:15,41,24.4,0.16
4/20/2026 20:30,41,24.4,0.16
4/20/2026 20:45,40.9,24.3,0.16
4/20/2026 21:00,40.8,24.2,0.16
4/20/2026 21:15,41,24.2,0.16
4/20/2026 21:30,40.8,24.1,0.16
4/20/2026 21:45,40.6,24,0.16
4/20/2026 22:00,40.7,24,0.16
4/20/2026 22:15,40.6,23.9,0.16
4/20/2026 22:30,40.7,23.8,0.16
4/20/2026 22:45,40.7,23.8,0.16
4/20/2026 23:00,40.5,23.7,0.16
4/20/2026 23:15,39.9,23.6,0.16
4/20/2026 23:30,38.3,23.6,0.16
4/20/2026 23:45,38.3,23.5,0.16
4/21/2026 0:00,40.2,23.5,0.16
4/21/2026 0:15,40.6,23.4,0.16
4/21/2026 0:30,40.6,23.4,0.16
4/21/2026 0:45,40.7,23.3,0.16
4/21/2026 1:00,40.6,23.3,0.16
4/21/2026 1:15,40.1,23.2,0.16
4/21/2026 1:30,40.6,23.2,0.16
4/21/2026 1:45,40.5,23.1,0.16
4/21/2026 2:00,40,23.1,0.16
4/21/2026 2:15,39.7,23,0.16
4/21/2026 2:30,40,23,0.16
4/21/2026 2:45,40.2,22.9,0.16
4/21/2026 3:00,40.1,22.9,0.16
4/21/2026 3:15,40,22.8,0.16
4/21/2026 3:30,39.8,22.8,0.16
4/21/2026 3:45,40,22.8,0.16
4/21/2026 4:00,39.9,22.7,0.16
4/21/2026 4:15,39.4,22.7,0.16
4/21/2026 4:30,40.4,22.6,0.16
4/21/2026 4:45,40.1,22.6,0.16
4/21/2026 5:00,40.2,22.5,0.16
4/21/2026 5:15,40.5,22.5,0.16
4/21/2026 5:30,40.4,22.4,0.16
4/21/2026 5:45,40.3,22.4,0.16
4/21/2026 6:00,39.9,22.4,0.16
4/21/2026 6:15,40.4,22.3,0.16
4/21/2026 6:30,39.7,22.3,0.16
4/21/2026 6:45,39.6,22.2,0.16
4/21/2026 7:00,38.6,22.2,0.16
4/21/2026 7:15,37.6,22.2,0.16
4/21/2026 7:30,38.4,22.1,0.16
4/21/2026 7:45,38.1,22.1,0.16
4/21/2026 8:00,38,22.1,0.16
4/21/2026 8:15,38.3,22.1,0.16
4/21/2026 8:30,37.7,22,0.16
4/21/2026 8:45,39,22,0.16
4/21/2026 9:00,39.9,22.1,0.16
4/21/2026 9:15,41.2,22.1,0.16
4/21/2026 9:30,40.8,22.1,0.16
4/21/2026 9:45,39.8,22.2,0.16
4/21/2026 10:00,41.1,22.2,0.16
4/21/2026 10:15,40.7,22.2,0.16
4/21/2026 10:30,37.8,22.3,0.16
4/21/2026 10:45,40.5,22.3,0.16
4/21/2026 11:00,40.9,22.4,0.16
4/21/2026 11:15,41.1,22.5,0.16
4/21/2026 11:30,39.6,22.5,0.16
4/21/2026 11:45,39.3,22.6,0.16
4/21/2026 12:00,37.7,22.7,0.16
4/21/2026 12:15,39.8,22.8,0.16
4/21/2026 12:30,38.7,22.9,0.16
4/21/2026 12:45,37.3,23,0.16
4/21/2026 13:00,40.1,23.1,0.16
4/21/2026 13:15,38.2,23.2,0.16
4/21/2026 13:30,41.1,23.3,0.16
4/21/2026 13:45,38.4,23.4,0.16
4/21/2026 14:00,39.3,23.5,0.16
4/21/2026 14:15,41.5,23.6,0.16
4/21/2026 14:30,38.2,23.7,0.16
4/21/2026 14:45,38.5,23.8,0.16
4/21/2026 15:00,38.6,23.9,0.16
4/21/2026 15:15,37.9,24,0.16
4/21/2026 15:30,38.4,24.1,0.16
4/21/2026 15:45,--,--,--
4/21/2026 16:00,38.1,24.2,0.16
4/21/2026 16:15,36.8,24.3,0.16
4/21/2026 16:30,38.1,24.4,0.16
4/21/2026 16:45,37.4,24.4,0.16
4/21/2026 17:00,38.8,24.4,0.16
4/21/2026 17:15,40.9,24.5,0.16
4/21/2026 17:30,40.4,24.5,0.16
4/21/2026 17:45,36.9,24.5,0.16
4/21/2026 18:00,39.6,24.5,0.16
4/21/2026 18:15,39.7,24.5,0.16
4/21/2026 18:30,39.9,24.5,0.16
4/21/2026 18:45,40.2,24.4,0.16
4/21/2026 19:00,39.9,24.4,0.16
4/21/2026 19:15,39.7,24.3,0.16
4/21/2026 19:30,39.9,24.3,0.16
4/21/2026 19:45,40,24.2,0.16
4/21/2026 20:00,39.7,24.2,0.16
4/21/2026 20:15,40.2,24.1,0.16
4/21/2026 20:30,40.4,24,0.16
4/21/2026 20:45,40.3,24,0.16
4/21/2026 21:00,40,23.9,0.16
4/21/2026 21:15,40.1,23.8,0.16
4/21/2026 21:30,39.7,23.8,0.16
4/21/2026 21:45,38.9,23.7,0.16
4/21/2026 22:00,38.5,23.6,0.16
4/21/2026 22:15,38.5,23.6,0.16
4/21/2026 22:30,39.5,23.5,0.16
4/21/2026 22:45,39.8,23.4,0.16
4/21/2026 23:00,40.1,23.4,0.16
4/21/2026 23:15,37.6,23.3,0.16
4/21/2026 23:30,40,23.3,0.16
4/21/2026 23:45,39.1,23.2,0.16
4/22/2026 0:00,40,23.2,0.16
4/22/2026 0:15,38.4,23.1,0.16
4/22/2026 0:30,39.5,23,0.16
4/22/2026 0:45,38,23,0.16
4/22/2026 1:00,39.6,23,0.16
4/22/2026 1:15,36.4,22.9,0.16
4/22/2026 1:30,39.3,22.9,0.16
4/22/2026 1:45,39.8,22.8,0.16
4/22/2026 2:00,39.5,22.8,0.16
4/22/2026 2:15,39.4,22.7,0.16
4/22/2026 2:30,39.5,22.7,0.16
4/22/2026 2:45,39.5,22.6,0.16
4/22/2026 3:00,39.3,22.6,0.16
4/22/2026 3:15,39.4,22.5,0.16
4/22/2026 3:30,39.5,22.5,0.16
4/22/2026 3:45,39.8,22.4,0.16
4/22/2026 4:00,39.4,22.4,0.16
4/22/2026 4:15,39.5,22.3,0.16
4/22/2026 4:30,39,22.3,0.16
4/22/2026 4:45,39,22.2,0.16
4/22/2026 5:00,39,22.2,0.16
4/22/2026 5:15,39.1,22.1,0.16
4/22/2026 5:30,38.5,22.1,0.16
4/22/2026 5:45,39.4,22,0.16
4/22/2026 6:00,38.9,22,0.16
4/22/2026 6:15,38.9,22,0.16
4/22/2026 6:30,38.6,21.9,0.16
4/22/2026 6:45,37,21.9,0.16
4/22/2026 7:00,36.7,21.8,0.16
4/22/2026 7:15,36.8,21.8,0.16
4/22/2026 7:30,36.8,21.8,0.16
4/22/2026 7:45,36.8,21.8,0.16
4/22/2026 8:00,36.3,21.8,0.16
4/22/2026 8:15,36.4,21.8,0.16
4/22/2026 8:30,38.6,21.8,0.16
4/22/2026 8:45,38.7,21.8,0.16
4/22/2026 9:00,39.4,21.8,0.16
4/22/2026 9:15,40.2,21.9,0.16
4/22/2026 9:30,39.8,21.9,0.16
4/22/2026 9:45,40.3,22,0.16
4/22/2026 10:00,37.4,22.1,0.16
4/22/2026 10:15,39.2,22.1,0.16
4/22/2026 10:30,40.1,22.2,0.16
4/22/2026 10:45,39.5,22.2,0.16
4/22/2026 11:00,38.4,22.3,0.16
4/22/2026 11:15,38.8,22.3,0.16
4/22/2026 11:30,35.9,22.4,0.16
4/22/2026 11:45,38,22.5,0.16
4/22/2026 12:00,37.7,22.5,0.16
4/22/2026 12:15,37.6,22.6,0.16
4/22/2026 12:30,37,22.7,0.16
4/22/2026 12:45,36.6,22.8,0.16
4/22/2026 13:00,40.6,22.8,0.16
4/22/2026 13:15,38.6,22.9,0.16
4/22/2026 13:30,40.3,23,0.16
4/22/2026 13:45,38.2,23.1,0.16
4/22/2026 14:00,37.9,23.2,0.16
4/22/2026 14:15,40.2,23.4,0.16
4/22/2026 14:30,40.3,23.4,0.16
4/22/2026 14:45,36.7,23.5,0.16
4/22/2026 15:00,39.1,23.6,0.16
4/22/2026 15:15,37.1,23.8,0.16
4/22/2026 15:30,36.8,23.9,0.16
4/22/2026 15:45,39.3,24,0.16
4/22/2026 16:00,38.3,24.1,0.16
4/22/2026 16:15,36.5,24.1,0.16
4/22/2026 16:30,37.5,24.2,0.16
4/22/2026 16:45,36.9,24.3,0.16
4/22/2026 17:00,40,24.4,0.16
4/22/2026 17:15,38.8,24.5,0.16
4/22/2026 17:30,38.5,24.5,0.16
4/22/2026 17:45,36.2,24.6,0.16
4/22/2026 18:00,39.4,24.6,0.16
4/22/2026 18:15,39.4,24.7,0.16
4/22/2026 18:30,39.2,24.7,0.16
4/22/2026 18:45,39.5,24.7,0.16
4/22/2026 19:00,38.7,24.7,0.16
4/22/2026 19:15,39,24.7,0.16
4/22/2026 19:30,39.8,24.6,0.16
4/22/2026 19:45,39.2,24.6,0.16
4/22/2026 20:00,39.6,24.6,0.16
4/22/2026 20:15,39.3,24.5,0.16
4/22/2026 20:30,37.3,24.5,0.16
4/22/2026 20:45,37.8,24.4,0.16
4/22/2026 21:00,39.7,24.4,0.16
4/22/2026 21:15,37.7,24.3,0.16
4/22/2026 21:30,39.1,24.2,0.16
4/22/2026 21:45,38,24.2,0.16
4/22/2026 22:00,38.1,24.1,0.16
4/22/2026 22:15,38.5,24.1,0.16
4/22/2026 22:30,37.9,24,0.16
4/22/2026 22:45,39.1,24,0.16
4/22/2026 23:00,38.6,23.9,0.16
4/22/2026 23:15,36.8,23.8,0.16
4/22/2026 23:30,37.8,23.8,0.16
4/22/2026 23:45,38.8,23.7,0.16
4/23/2026 0:00,39,23.7,0.16
4/23/2026 0:15,39.3,23.6,0.16
4/23/2026 0:30,39,23.6,0.16
4/23/2026 0:45,36.9,23.5,0.16
4/23/2026 1:00,38.6,23.5,0.16
4/23/2026 1:15,38.8,23.4,0.16
4/23/2026 1:30,38.1,23.4,0.16
4/23/2026 1:45,38.9,23.3,0.16
4/23/2026 2:00,38.6,23.3,0.16
4/23/2026 2:15,38.7,23.2,0.16
4/23/2026 2:30,38.7,23.1,0.16
4/23/2026 2:45,37.2,23.1,0.16
4/23/2026 3:00,38.2,23.1,0.16
4/23/2026 3:15,39,23,0.16
4/23/2026 3:30,38.8,23,0.16
4/23/2026 3:45,38.1,22.9,0.16
4/23/2026 4:00,37.7,22.9,0.16
4/23/2026 4:15,38.9,22.8,0.16
4/23/2026 4:30,38.8,22.8,0.16
4/23/2026 4:45,38.2,22.8,0.16
4/23/2026 5:00,39,22.7,0.16
4/23/2026 5:15,38.8,22.7,0.16
4/23/2026 5:30,38.8,22.6,0.16
4/23/2026 5:45,38,22.6,0.16
4/23/2026 6:00,38.7,22.6,0.16
4/23/2026 6:15,38.7,22.5,0.16
4/23/2026 6:30,38.1,22.5,0.16
4/23/2026 6:45,38.1,22.4,0.16
4/23/2026 7:00,36.7,22.4,0.16
4/23/2026 7:15,36,22.4,0.16
4/23/2026 7:30,35.8,22.3,0.16
4/23/2026 7:45,36.1,22.3,0.16
4/23/2026 8:00,36,22.3,0.16
4/23/2026 8:15,35.8,22.3,0.16
4/23/2026 8:30,36.2,22.3,0.16
4/23/2026 8:45,35.2,22.3,0.16
4/23/2026 9:00,36.9,22.3,0.16
4/23/2026 9:15,35.1,22.3,0.16
4/23/2026 9:30,36.3,22.4,0.16
4/23/2026 9:45,38.3,22.4,0.16
4/23/2026 10:00,37.2,22.5,0.16
4/23/2026 10:15,36.9,22.5,0.16
4/23/2026 10:30,36.9,22.5,0.16
4/23/2026 10:45,37.5,22.6,0.16
4/23/2026 11:00,37.5,22.6,0.16
4/23/2026 11:15,39,22.7,0.16
4/23/2026 11:30,36.1,22.7,0.16
4/23/2026 11:45,35.6,22.8,0.16
4/23/2026 12:00,36.1,22.8,0.16
4/23/2026 12:15,36.6,22.9,0.16
4/23/2026 12:30,39.5,23,0.16
4/23/2026 12:45,38.3,23.1,0.16
4/23/2026 13:00,35.7,23.2,0.16
4/23/2026 13:15,36.5,23.3,0.16
4/23/2026 13:30,39.7,23.4,0.16
4/23/2026 13:45,36.3,23.5,0.16
4/23/2026 14:00,36.2,23.6,0.16
4/23/2026 14:15,39.3,23.7,0.16
4/23/2026 14:30,36.5,23.8,0.16
4/23/2026 14:45,37,23.9,0.16
4/23/2026 15:00,39.4,24.1,0.16
4/23/2026 15:15,38,24.2,0.16
4/23/2026 15:30,37.9,24.3,0.16
4/23/2026 15:45,39.2,24.5,0.16
4/23/2026 16:00,35.6,24.7,0.16
4/23/2026 16:15,39.1,24.9,0.16
4/23/2026 16:30,37.1,24.9,0.16
4/23/2026 16:45,35.7,25,0.16
4/23/2026 17:00,36.9,25,0.16
4/23/2026 17:15,37.8,25,0.16
4/23/2026 17:30,38.5,25.1,0.16
4/23/2026 17:45,35.5,25.1,0.16
4/23/2026 18:00,38,25.1,0.16
4/23/2026 18:15,38.8,25.2,0.16
4/23/2026 18:30,39,25.2,0.16
4/23/2026 18:45,38.4,25.3,0.16
4/23/2026 19:00,38.6,25.3,0.16
4/23/2026 19:15,38.7,25.3,0.16
4/23/2026 19:30,37.9,25.3,0.16
4/23/2026 19:45,38.6,25.3,0.16
4/23/2026 20:00,38.8,25.3,0.16
4/23/2026 20:15,37.6,25.3,0.16
4/23/2026 20:30,37.6,25.2,0.16
4/23/2026 20:45,38,25.2,0.16
4/23/2026 21:00,38.9,25.2,0.16
4/23/2026 21:15,36.3,25.1,0.16
4/23/2026 21:30,36.2,25.1,0.16
4/23/2026 21:45,38.1,25,0.16
4/23/2026 22:00,36.7,25,0.16
4/23/2026 22:15,37.5,24.9,0.16
4/23/2026 22:30,38.7,24.9,0.16
4/23/2026 22:45,38.4,24.8,0.16
4/23/2026 23:00,37.5,24.8,0.16
4/23/2026 23:15,38.4,24.7,0.16
4/23/2026 23:30,37.8,24.6,0.16
4/23/2026 23:45,37.9,24.6,0.16
4/24/2026 0:00,37.5,24.5,0.16
4/24/2026 0:15,37.3,24.4,0.16
4/24/2026 0:30,38,24.4,0.16
4/24/2026 0:45,37.9,24.3,0.16
4/24/2026 1:00,37,24.3,0.16
4/24/2026 1:15,36.8,24.2,0.16
4/24/2026 1:30,37.4,24.1,0.16
4/24/2026 1:45,37,24.1,0.16
4/24/2026 2:00,37.7,24,0.16
4/24/2026 2:15,37.8,23.9,0.16
4/24/2026 2:30,38.1,23.9,0.16
4/24/2026 2:45,37,23.8,0.16
4/24/2026 3:00,37.4,23.8,0.16
4/24/2026 3:15,37.8,23.7,0.16
4/24/2026 3:30,38.1,23.7,0.16
4/24/2026 3:45,38.2,23.6,0.16
4/24/2026 4:00,38,23.6,0.16
4/24/2026 4:15,37,23.5,0.16
4/24/2026 4:30,38.1,23.5,0.16
4/24/2026 4:45,37.9,23.4,0.16
4/24/2026 5:00,37.9,23.4,0.16
4/24/2026 5:15,38.1,23.3,0.16
4/24/2026 5:30,37.5,23.3,0.16
4/24/2026 5:45,38.1,23.2,0.16
4/24/2026 6:00,37.7,23.2,0.16
4/24/2026 6:15,37,23.1,0.16
4/24/2026 6:30,37.9,23.1,0.16
4/24/2026 6:45,36.6,23,0.16
4/24/2026 7:00,35.6,23,0.16
4/24/2026 7:15,35.3,23,0.16
4/24/2026 7:30,35.1,22.9,0.16
4/24/2026 7:45,34.9,22.9,0.16
4/24/2026 8:00,35,22.9,0.16
4/24/2026 8:15,34.8,22.9,0.16
4/24/2026 8:30,37.1,22.9,0.16
4/24/2026 8:45,36.8,22.9,0.16
4/24/2026 9:00,35.2,22.9,0.16
4/24/2026 9:15,35.7,22.9,0.16
4/24/2026 9:30,36.4,22.9,0.16
4/24/2026 9:45,36.6,23,0.16
4/24/2026 10:00,37.8,23,0.16
4/24/2026 10:15,35.5,23,0.16
4/24/2026 10:30,34.6,23.1,0.16
4/24/2026 10:45,34.5,23.1,0.16
4/24/2026 11:00,36.2,23.2,0.16
4/24/2026 11:15,37.2,23.2,0.16
4/24/2026 11:30,38.4,23.3,0.16
4/24/2026 11:45,37.8,23.3,0.16
4/24/2026 12:00,34.6,23.4,0.16
4/24/2026 12:15,38.1,23.5,0.16
4/24/2026 12:30,35.8,23.6,0.16
4/24/2026 12:45,38,23.7,0.16
4/24/2026 13:00,34.6,23.8,0.16
4/24/2026 13:15,36.4,23.8,0.16
4/24/2026 13:30,34.6,24,0.16
4/24/2026 13:45,38,24.1,0.16
4/24/2026 14:00,35.1,24.2,0.17
4/24/2026 14:15,37.6,24.3,0.17
4/24/2026 14:30,34.7,24.4,0.17
4/24/2026 14:45,37.6,24.5,0.16
4/24/2026 15:00,35.2,24.6,0.17
4/24/2026 15:15,37,24.7,0.17
4/24/2026 15:30,35.9,24.7,0.17
4/24/2026 15:45,36.2,24.8,0.16
4/24/2026 16:00,37.2,24.9,0.16
4/24/2026 16:15,38.4,25,0.17
4/24/2026 16:30,37.9,25,0.17
4/24/2026 16:45,35,25.1,0.17
4/24/2026 17:00,37.3,25.2,0.17
4/24/2026 17:15,38.2,25.3,0.16
4/24/2026 17:30,37.5,25.3,0.17
4/24/2026 17:45,35.1,25.4,0.16
4/24/2026 18:00,38.2,25.5,0.17
4/24/2026 18:15,38,25.5,0.16
4/24/2026 18:30,37.7,25.6,0.16
4/24/2026 18:45,37.8,25.6,0.16
4/24/2026 19:00,37.6,25.7,0.17
4/24/2026 19:15,37.8,25.7,0.17
4/24/2026 19:30,37.6,25.7,0.16
4/24/2026 19:45,37.8,25.7,0.17
4/24/2026 20:00,37.4,25.7,0.17
4/24/2026 20:15,37.8,25.7,0.17
4/24/2026 20:30,37.5,25.7,0.17
4/24/2026 20:45,36.2,25.6,0.17
4/24/2026 21:00,35.4,25.6,0.17
4/24/2026 21:15,36.1,25.5,0.17
4/24/2026 21:30,35.7,25.5,0.17
4/24/2026 21:45,36.6,25.4,0.17
4/24/2026 22:00,37.2,25.4,0.17
4/24/2026 22:15,36.3,25.3,0.17
4/24/2026 22:30,36.3,25.2,0.17
4/24/2026 22:45,37.3,25.2,0.17
4/24/2026 23:00,37.1,25.1,0.17
4/24/2026 23:15,37.2,25.1,0.17
4/24/2026 23:30,36.6,25,0.17
4/24/2026 23:45,37.5,25,0.17
4/25/2026 0:00,36.9,24.9,0.17
4/25/2026 0:15,36.1,24.9,0.17
4/25/2026 0:30,36.5,24.8,0.17
4/25/2026 0:45,36.9,24.8,0.17
4/25/2026 1:00,35,24.7,0.17
4/25/2026 1:15,37.2,24.6,0.17
4/25/2026 1:30,36.4,24.6,0.17
4/25/2026 1:45,36.5,24.5,0.17
4/25/2026 2:00,36.9,24.5,0.17
4/25/2026 2:15,37,24.5,0.17
4/25/2026 2:30,37.6,24.4,0.17
4/25/2026 2:45,34.7,24.4,0.17
4/25/2026 3:00,34.7,24.3,0.17
4/25/2026 3:15,35.9,24.3,0.17
4/25/2026 3:30,37.5,24.2,0.17
4/25/2026 3:45,36.8,24.2,0.17
4/25/2026 4:00,36.9,24.2,0.17
4/25/2026 4:15,37.3,24.1,0.17
4/25/2026 4:30,37.5,24.1,0.17
4/25/2026 4:45,37.5,24,0.17
4/25/2026 5:00,36.9,24,0.17
4/25/2026 5:15,37,24,0.17
4/25/2026 5:30,37.4,23.9,0.17
4/25/2026 5:45,37.3,23.9,0.17
4/25/2026 6:00,36.9,23.8,0.17
4/25/2026 6:15,37.3,23.8,0.17
4/25/2026 6:30,37.1,23.8,0.17
4/25/2026 6:45,35.7,23.7,0.17
4/25/2026 7:00,35.7,23.7,0.17
4/25/2026 7:15,34.4,23.7,0.17
4/25/2026 7:30,34.5,23.6,0.17
4/25/2026 7:45,34.3,23.6,0.17
4/25/2026 8:00,34.5,23.6,0.17
4/25/2026 8:15,35.6,23.6,0.17
4/25/2026 8:30,36.5,23.6,0.17
4/25/2026 8:45,34.4,23.6,0.17
4/25/2026 9:00,34.2,23.6,0.17
4/25/2026 9:15,34.7,23.6,0.17
4/25/2026 9:30,37.9,23.6,0.17
4/25/2026 9:45,36.3,23.7,0.17
4/25/2026 10:00,33.9,23.7,0.17
4/25/2026 10:15,36.6,23.7,0.17
4/25/2026 10:30,36.2,23.8,0.17
4/25/2026 10:45,35.6,23.8,0.17
4/25/2026 11:00,36.9,23.9,0.17
4/25/2026 11:15,38.2,23.9,0.17
4/25/2026 11:30,33.9,24,0.17
4/25/2026 11:45,35.8,24.1,0.17
4/25/2026 12:00,36.4,24.1,0.17
4/25/2026 12:15,37.6,24.2,0.17
4/25/2026 12:30,35.2,24.3,0.17
4/25/2026 12:45,33.6,24.4,0.17
4/25/2026 13:00,34.1,24.6,0.17
4/25/2026 13:15,36.2,24.8,0.17
4/25/2026 13:30,37.4,24.9,0.17
4/25/2026 13:45,37.6,25.1,0.17
4/25/2026 14:00,36.6,25.2,0.17
4/25/2026 14:15,35.7,25.4,0.17
4/25/2026 14:30,36.2,25.5,0.17
4/25/2026 14:45,38,25.7,0.17
4/25/2026 15:00,37,25.8,0.17
4/25/2026 15:15,36.4,25.8,0.17
4/25/2026 15:30,33.3,25.8,0.17
4/25/2026 15:45,34.4,25.9,0.17
4/25/2026 16:00,36.2,26,0.17
4/25/2026 16:15,36.6,26.1,0.17
4/25/2026 16:30,34.7,26.2,0.17
4/25/2026 16:45,36.1,26.2,0.17
4/25/2026 17:00,36.8,26.3,0.17
4/25/2026 17:15,37.3,26.3,0.17
4/25/2026 17:30,35.6,26.4,0.17
4/25/2026 17:45,37.6,26.4,0.17
4/25/2026 18:00,36.7,26.4,0.17
4/25/2026 18:15,36.6,26.5,0.17
4/25/2026 18:30,37,26.5,0.17
4/25/2026 18:45,37.3,26.4,0.17
4/25/2026 19:00,37.1,26.4,0.17
4/25/2026 19:15,37.5,26.4,0.17
4/25/2026 19:30,37.1,26.4,0.17
4/25/2026 19:45,37.2,26.3,0.17
4/25/2026 20:00,37.1,26.3,0.17
4/25/2026 20:15,36.6,26.2,0.17
4/25/2026 20:30,36.8,26.2,0.17
4/25/2026 20:45,36.1,26.2,0.17
4/25/2026 21:00,35.9,26.1,0.17
4/25/2026 21:15,36.1,26.1,0.17
4/25/2026 21:30,35.6,26,0.17
4/25/2026 21:45,35.5,26,0.17
4/25/2026 22:00,36.8,25.9,0.17
4/25/2026 22:15,36.6,25.9,0.17
4/25/2026 22:30,36.2,25.8,0.17
4/25/2026 22:45,36.5,25.8,0.17
4/25/2026 23:00,36,25.7,0.17
4/25/2026 23:15,35.4,25.7,0.17
4/25/2026 23:30,35.5,25.7,0.17
4/25/2026 23:45,35.3,25.6,0.17
4/26/2026 0:00,35.5,25.6,0.17
4/26/2026 0:15,36.7,25.6,0.17
4/26/2026 0:30,36.7,25.5,0.17
4/26/2026 0:45,36.4,25.5,0.17
4/26/2026 1:00,36.6,25.5,0.17
4/26/2026 1:15,36.5,25.4,0.17
4/26/2026 1:30,36.4,25.4,0.17
4/26/2026 1:45,36.5,25.4,0.17
4/26/2026 2:00,36.6,25.3,0.17
4/26/2026 2:15,36.8,25.3,0.17
4/26/2026 2:30,35.4,25.2,0.17
4/26/2026 2:45,37.1,25.2,0.17
4/26/2026 3:00,36.6,25.2,0.17
4/26/2026 3:15,36.3,25.1,0.17
4/26/2026 3:30,36.8,25.1,0.17
4/26/2026 3:45,35.7,25,0.17
4/26/2026 4:00,35.6,25,0.17
4/26/2026 4:15,36,25,0.17
4/26/2026 4:30,36,24.9,0.17
4/26/2026 4:45,35.7,24.9,0.17
4/26/2026 5:00,35.9,24.9,0.17
4/26/2026 5:15,35.9,24.8,0.17
4/26/2026 5:30,35.8,24.8,0.17
4/26/2026 5:45,36.6,24.8,0.17
4/26/2026 6:00,36.9,24.7,0.17
4/26/2026 6:15,36,24.7,0.17
4/26/2026 6:30,36.2,24.7,0.17
4/26/2026 6:45,36.3,24.6,0.17
4/26/2026 7:00,37.2,24.6,0.17
4/26/2026 7:15,37.2,24.5,0.17
4/26/2026 7:30,36.9,24.5,0.17
4/26/2026 7:45,38.1,24.5,0.17
4/26/2026 8:00,37.3,24.4,0.17
4/26/2026 8:15,36.7,24.4,0.17
4/26/2026 8:30,37.1,24.4,0.17
4/26/2026 8:45,38.3,24.4,0.17
4/26/2026 9:00,37.3,24.3,0.17
4/26/2026 9:15,36.3,24.3,0.17
4/26/2026 9:30,39.2,24.3,0.17
4/26/2026 9:45,37.9,24.3,0.17
4/26/2026 10:00,39,24.3,0.17
4/26/2026 10:15,39.2,24.3,0.17
4/26/2026 10:30,39.2,24.3,0.17
4/26/2026 10:45,38.5,24.3,0.17
4/26/2026 11:00,38.4,24.3,0.17
4/26/2026 11:15,39.4,24.2,0.17
4/26/2026 11:30,39.5,24.2,0.17
4/26/2026 11:45,39.2,24.2,0.17
4/26/2026 12:00,39.1,24.2,0.17
4/26/2026 12:15,40.3,24.2,0.17
4/26/2026 12:30,42.5,24.2,0.17
4/26/2026 12:45,42.2,24.2,0.17
4/26/2026 13:00,41.9,24.3,0.17
4/26/2026 13:15,39.7,24.3,0.17
4/26/2026 13:30,39.6,24.3,0.17
4/26/2026 13:45,41.9,24.3,0.17
4/26/2026 14:00,42.4,24.4,0.17
4/26/2026 14:15,40.2,24.4,0.17
4/26/2026 14:30,42.6,24.5,0.17
4/26/2026 14:45,41.6,24.5,0.17
4/26/2026 15:00,40.5,24.5,0.17
4/26/2026 15:15,42.5,24.5,0.17
4/26/2026 15:30,41.6,24.5,0.17
4/26/2026 15:45,43,24.5,0.17
4/26/2026 16:00,40.6,24.5,0.17
4/26/2026 16:15,40,24.4,0.17
4/26/2026 16:30,42.3,24.4,0.17
4/26/2026 16:45,41.7,24.4,0.17
4/26/2026 17:00,42.9,24.4,0.17
4/26/2026 17:15,41.6,24.4,0.17
4/26/2026 17:30,42.5,24.3,0.17
4/26/2026 17:45,43.1,24.3,0.17
4/26/2026 18:00,42.8,24.3,0.17
4/26/2026 18:15,43.2,24.3,0.17
4/26/2026 18:30,41.8,24.2,0.17
4/26/2026 18:45,43.1,24.2,0.17
4/26/2026 19:00,42.5,24.2,0.17
4/26/2026 19:15,41.9,24.1,0.17
4/26/2026 19:30,42.4,24.1,0.17
4/26/2026 19:45,42.7,24,0.17
4/26/2026 20:00,42.8,24,0.17
4/26/2026 20:15,42.8,23.9,0.17
4/26/2026 20:30,42.8,23.9,0.17
4/26/2026 20:45,42.1,23.8,0.17
4/26/2026 21:00,42.7,23.8,0.17
4/26/2026 21:15,42.5,23.7,0.17
4/26/2026 21:30,42.3,23.7,0.17
4/26/2026 21:45,42.4,23.6,0.17
4/26/2026 22:00,41.9,23.6,0.17
4/26/2026 22:15,42.5,23.6,0.17
4/26/2026 22:30,41.9,23.5,0.17
4/26/2026 22:45,42.1,23.5,0.17
4/26/2026 23:00,42.7,23.4,0.17
4/26/2026 23:15,42.6,23.4,0.17
4/26/2026 23:30,42.4,23.4,0.17
4/26/2026 23:45,42.3,23.3,0.17
4/27/2026 0:00,42.3,23.3,0.17
4/27/2026 0:15,42.3,23.3,0.17
4/27/2026 0:30,42.1,23.2,0.17
4/27/2026 0:45,42.2,23.2,0.17
4/27/2026 1:00,42.6,23.1,0.17
4/27/2026 1:15,42.3,23.1,0.17
4/27/2026 1:30,42.1,23,0.17
4/27/2026 1:45,42.5,23,0.17
4/27/2026 2:00,42,23,0.17
4/27/2026 2:15,41.8,22.9,0.17
4/27/2026 2:30,42.1,22.9,0.17
4/27/2026 2:45,42.1,22.9,0.17
4/27/2026 3:00,41.8,22.8,0.17
4/27/2026 3:15,42.1,22.8,0.17
4/27/2026 3:30,42,22.8,0.17
4/27/2026 3:45,42.2,22.7,0.17
4/27/2026 4:00,42.6,22.7,0.17
4/27/2026 4:15,41.9,22.7,0.17
4/27/2026 4:30,42.1,22.6,0.17
4/27/2026 4:45,41.8,22.6,0.17
4/27/2026 5:00,42,22.6,0.17
4/27/2026 5:15,41.3,22.5,0.17
4/27/2026 5:30,41.7,22.5,0.17
4/27/2026 5:45,41.4,22.5,0.17
4/27/2026 6:00,41.9,22.4,0.17
4/27/2026 6:15,41.9,22.4,0.17
4/27/2026 6:30,42.2,22.4,0.17
4/27/2026 6:45,41,22.3,0.17
4/27/2026 7:00,41.4,22.3,0.17
4/27/2026 7:15,41.4,22.3,0.17
4/27/2026 7:30,41.6,22.2,0.17
4/27/2026 7:45,41.3,22.2,0.17
4/27/2026 8:00,40.6,22.2,0.17
4/27/2026 8:15,41.3,22.2,0.17
4/27/2026 8:30,40.9,22.2,0.17
4/27/2026 8:45,41.5,22.1,0.17
4/27/2026 9:00,39.8,22.1,0.17
4/27/2026 9:15,41.2,22.1,0.17
4/27/2026 9:30,41.3,22.1,0.17
4/27/2026 9:45,39.2,22.1,0.17
4/27/2026 10:00,39.9,22.1,0.17
4/27/2026 10:15,40.7,22.1,0.17
4/27/2026 10:30,40.6,22.1,0.17
4/27/2026 10:45,39.7,22.1,0.17
4/27/2026 11:00,41.5,22.1,0.17
4/27/2026 11:15,39.7,22.1,0.17
4/27/2026 11:30,39.7,22.1,0.17
4/27/2026 11:45,41.2,22.1,0.17
4/27/2026 12:00,39.7,22.1,0.17
4/27/2026 12:15,41.7,22.1,0.17
4/27/2026 12:30,38.9,22.1,0.17
4/27/2026 12:45,38.7,22.1,0.17
4/27/2026 13:00,41.4,22.2,0.17
4/27/2026 13:15,42.8,22.2,0.17
4/27/2026 13:30,41.9,22.3,0.17
4/27/2026 13:45,38.9,22.4,0.17
4/27/2026 14:00,43.3,22.5,0.17
4/27/2026 14:15,38.9,22.6,0.17
4/27/2026 14:30,43.2,22.7,0.17
4/27/2026 14:45,41.9,22.8,0.17
4/27/2026 15:00,41.8,22.9,0.17
4/27/2026 15:15,40.7,23,0.17
4/27/2026 15:30,42.4,23.1,0.17
4/27/2026 15:45,41.8,23.1,0.17
4/27/2026 16:00,41.2,23.2,0.17
4/27/2026 16:15,40,23.3,0.17
4/27/2026 16:30,42.1,23.4,0.17
4/27/2026 16:45,41.7,23.5,0.17
4/27/2026 17:00,41,23.5,0.17
4/27/2026 17:15,40.7,23.6,0.17
4/27/2026 17:30,38.9,23.6,0.17
4/27/2026 17:45,42.8,23.7,0.17
4/27/2026 18:00,41.3,23.7,0.17
4/27/2026 18:15,40.8,23.7,0.17
4/27/2026 18:30,41.2,23.7,0.17
4/27/2026 18:45,41.4,23.7,0.17
4/27/2026 19:00,42.1,23.6,0.17
4/27/2026 19:15,41.6,23.6,0.17
4/27/2026 19:30,42.6,23.6,0.17
4/27/2026 19:45,39.9,23.5,0.17
4/27/2026 20:00,41.8,23.5,0.17
4/27/2026 20:15,40.6,23.4,0.17
4/27/2026 20:30,42.3,23.4,0.17
4/27/2026 20:45,41.2,23.3,0.17
4/27/2026 21:00,40.5,23.3,0.17
4/27/2026 21:15,40.9,23.2,0.17
4/27/2026 21:30,41.8,23.2,0.17
4/27/2026 21:45,42.2,23.1,0.17
4/27/2026 22:00,41.8,23.1,0.17
4/27/2026 22:15,40.6,23,0.17
4/27/2026 22:30,42,23,0.17
4/27/2026 22:45,41.5,22.9,0.17
4/27/2026 23:00,41.7,22.9,0.17
4/27/2026 23:15,40.8,22.8,0.17
4/27/2026 23:30,41.6,22.8,0.17
4/27/2026 23:45,42,22.7,0.17
4/28/2026 0:00,41.1,22.7,0.17
4/28/2026 0:15,41.2,22.6,0.17
4/28/2026 0:30,41,22.6,0.17
4/28/2026 0:45,40.1,22.5,0.17
4/28/2026 1:00,42.4,22.5,0.17
4/28/2026 1:15,41.6,22.5,0.17
4/28/2026 1:30,41.9,22.4,0.17
4/28/2026 1:45,41.7,22.4,0.17
4/28/2026 2:00,41.6,22.3,0.17
4/28/2026 2:15,41.6,22.2,0.17
4/28/2026 2:30,41.3,22.2,0.17
4/28/2026 2:45,41.5,22.1,0.17
4/28/2026 3:00,41.4,22.1,0.17
4/28/2026 3:15,41.3,22,0.17
4/28/2026 3:30,41.3,22,0.17
4/28/2026 3:45,41.8,21.9,0.17
4/28/2026 4:00,41.6,21.9,0.17
4/28/2026 4:15,41.4,21.9,0.17
4/28/2026 4:30,41.3,21.8,0.17
4/28/2026 4:45,41.4,21.8,0.17
4/28/2026 5:00,41.9,21.7,0.17
4/28/2026 5:15,41.6,21.7,0.17
4/28/2026 5:30,41.1,21.6,0.17
4/28/2026 5:45,41.5,21.6,0.17
4/28/2026 6:00,41.2,21.6,0.17
4/28/2026 6:15,41.5,21.5,0.17
4/28/2026 6:30,41.4,21.5,0.17
4/28/2026 6:45,40.7,21.4,0.17
4/28/2026 7:00,39.7,21.4,0.17
4/28/2026 7:15,38.8,21.4,0.17
4/28/2026 7:30,38.7,21.3,0.17
4/28/2026 7:45,38.5,21.3,0.17
4/28/2026 8:00,38.2,21.3,0.17
4/28/2026 8:15,38.7,21.3,0.17
4/28/2026 8:30,39,21.3,0.17
4/28/2026 8:45,39,21.3,0.17
4/28/2026 9:00,39.5,21.3,0.17
4/28/2026 9:15,40.1,21.4,0.17
4/28/2026 9:30,38.2,21.4,0.17
4/28/2026 9:45,39.2,21.5,0.17
4/28/2026 10:00,42,21.5,0.17
4/28/2026 10:15,41.8,21.6,0.17
4/28/2026 10:30,40.7,21.6,0.17
4/28/2026 10:45,39.4,21.7,0.17
4/28/2026 11:00,41,21.7,0.17
4/28/2026 11:15,38.5,21.8,0.17
4/28/2026 11:30,40.5,21.9,0.17
4/28/2026 11:45,38.6,21.9,0.17
4/28/2026 12:00,42.2,22,0.17
4/28/2026 12:15,38.7,22.1,0.17
4/28/2026 12:30,39.3,22.1,0.17
4/28/2026 12:45,39.1,22.2,0.17
4/28/2026 13:00,39.2,22.3,0.17
4/28/2026 13:15,38.7,22.4,0.17
4/28/2026 13:30,41.7,22.5,0.17
4/28/2026 13:45,42.1,22.7,0.17
4/28/2026 14:00,39.6,22.8,0.17
4/28/2026 14:15,40.7,22.9,0.17
4/28/2026 14:30,39.5,23,0.17
4/28/2026 14:45,37.8,23.1,0.17
4/28/2026 15:00,40.9,23.1,0.17
4/28/2026 15:15,40.7,23.2,0.17
4/28/2026 15:30,40.9,23.3,0.17
4/28/2026 15:45,38.4,23.3,0.17
4/28/2026 16:00,41.5,23.4,0.17
4/28/2026 16:15,41.9,23.4,0.17
4/28/2026 16:30,41.8,23.5,0.17
4/28/2026 16:45,37.9,23.5,0.17
4/28/2026 17:00,41.9,23.6,0.17
4/28/2026 17:15,39.7,23.6,0.17
4/28/2026 17:30,39.3,23.7,0.17
4/28/2026 17:45,42,23.7,0.17
4/28/2026 18:00,41,23.8,0.17
4/28/2026 18:15,40.4,23.8,0.17
4/28/2026 18:30,41.7,23.8,0.17
4/28/2026 18:45,40.7,23.9,0.17
4/28/2026 19:00,40.7,23.9,0.17
4/28/2026 19:15,41.3,24,0.17
4/28/2026 19:30,41.6,24,0.17
4/28/2026 19:45,41,24,0.17
4/28/2026 20:00,41.3,24,0.17
4/28/2026 20:15,40.4,24,0.17
4/28/2026 20:30,40.5,24,0.17
4/28/2026 20:45,41.2,23.9,0.17
4/28/2026 21:00,41.1,23.9,0.17
4/28/2026 21:15,41.3,23.9,0.17
4/28/2026 21:30,41.3,23.8,0.17
4/28/2026 21:45,40.9,23.8,0.17
4/28/2026 22:00,41,23.8,0.17
4/28/2026 22:15,41.2,23.7,0.17
4/28/2026 22:30,40.5,23.7,0.17
4/28/2026 22:45,40.8,23.7,0.17
4/28/2026 23:00,40.7,23.6,0.17
4/28/2026 23:15,41,23.6,0.17
4/28/2026 23:30,41.1,23.5,0.17
4/28/2026 23:45,40.2,23.5,0.17
4/29/2026 0:00,38.2,23.4,0.17
4/29/2026 0:15,39.6,23.4,0.17
4/29/2026 0:30,40.3,23.4,0.17
4/29/2026 0:45,39.9,23.3,0.17
4/29/2026 1:00,40,23.3,0.17
4/29/2026 1:15,39.5,23.2,0.17
4/29/2026 1:30,39.7,23.2,0.17
4/29/2026 1:45,39.7,23.1,0.17
4/29/2026 2:00,39.9,23.1,0.17
4/29/2026 2:15,39.2,23.1,0.17
4/29/2026 2:30,38.9,23,0.17
4/29/2026 2:45,38.9,23,0.17
4/29/2026 3:00,39,22.9,0.17
4/29/2026 3:15,39.2,22.9,0.17
4/29/2026 3:30,39.2,22.9,0.17
4/29/2026 3:45,39.1,22.8,0.17
4/29/2026 4:00,39.6,22.8,0.17
4/29/2026 4:15,40.1,22.8,0.17
4/29/2026 4:30,40.5,22.7,0.17
4/29/2026 4:45,40.6,22.7,0.17
4/29/2026 5:00,39.8,22.7,0.17
4/29/2026 5:15,40.6,22.6,0.17
4/29/2026 5:30,40.8,22.6,0.17
4/29/2026 5:45,40.9,22.6,0.17
4/29/2026 6:00,40.4,22.5,0.17
4/29/2026 6:15,40.6,22.5,0.17
4/29/2026 6:30,40.5,22.5,0.17
4/29/2026 6:45,38.3,22.4,0.17
4/29/2026 7:00,38.3,22.4,0.17
4/29/2026 7:15,38.1,22.4,0.17
4/29/2026 7:30,38.3,22.3,0.17
4/29/2026 7:45,38.4,22.3,0.17
4/29/2026 8:00,39.8,22.3,0.17
4/29/2026 8:15,37.8,22.3,0.17
4/29/2026 8:30,38.1,22.3,0.17
4/29/2026 8:45,38.1,22.3,0.17
4/29/2026 9:00,39.5,22.3,0.17
4/29/2026 9:15,38,22.3,0.17
4/29/2026 9:30,39.7,22.3,0.17
4/29/2026 9:45,38.1,22.3,0.17
4/29/2026 10:00,40.2,22.3,0.17
4/29/2026 10:15,37.6,22.4,0.17
4/29/2026 10:30,38.8,22.4,0.17
4/29/2026 10:45,40.2,22.4,0.17
4/29/2026 11:00,40.9,22.4,0.17
4/29/2026 11:15,38.5,22.5,0.17
4/29/2026 11:30,40.7,22.5,0.17
4/29/2026 11:45,40.5,22.5,0.17
4/29/2026 12:00,39.2,22.5,0.17
4/29/2026 12:15,39,22.6,0.17
4/29/2026 12:30,37.7,22.6,0.17
4/29/2026 12:45,37.8,22.6,0.17
4/29/2026 13:00,40.4,22.6,0.17
4/29/2026 13:15,38.9,22.6,0.17
4/29/2026 13:30,37.6,22.6,0.17
4/29/2026 13:45,38.9,22.7,0.17
4/29/2026 14:00,40.1,22.7,0.17
4/29/2026 14:15,41,22.7,0.17
4/29/2026 14:30,38.8,22.7,0.17
4/29/2026 14:45,38,22.7,0.17
4/29/2026 15:00,40.5,22.8,0.17
4/29/2026 15:15,38,22.8,0.17
4/29/2026 15:30,39.6,22.9,0.17
4/29/2026 15:45,39.4,22.9,0.17
4/29/2026 16:00,38.8,23,0.17
4/29/2026 16:15,39,23,0.17
4/29/2026 16:30,41.2,23,0.17
4/29/2026 16:45,38.1,23.1,0.17
4/29/2026 17:00,41.1,23.1,0.17
4/29/2026 17:15,38.4,23.1,0.17
4/29/2026 17:30,37.6,23.2,0.17
4/29/2026 17:45,41.8,23.2,0.17
4/29/2026 18:00,40.9,23.2,0.17
4/29/2026 18:15,40.9,23.3,0.17
4/29/2026 18:30,40.9,23.3,0.17
4/29/2026 18:45,40.8,23.3,0.17
4/29/2026 19:00,40.9,23.4,0.17
4/29/2026 19:15,40.8,23.4,0.17
4/29/2026 19:30,40.4,23.4,0.17
4/29/2026 19:45,39.8,23.4,0.17
4/29/2026 20:00,40.8,23.4,0.17
4/29/2026 20:15,39.1,23.4,0.17
4/29/2026 20:30,39.8,23.4,0.17
4/29/2026 20:45,39.6,23.4,0.17
4/29/2026 21:00,39.7,23.4,0.17
4/29/2026 21:15,40.9,23.3,0.17
4/29/2026 21:30,39.8,23.3,0.17
4/29/2026 21:45,39.9,23.3,0.17
4/29/2026 22:00,40.7,23.3,0.17
4/29/2026 22:15,40.7,23.2,0.17
4/29/2026 22:30,40.6,23.2,0.17
4/29/2026 22:45,39.7,23.2,0.17
4/29/2026 23:00,39.7,23.1,0.17
4/29/2026 23:15,38.8,23.1,0.17
4/29/2026 23:30,39,23.1,0.17
4/29/2026 23:45,38.7,23.1,0.17
4/30/2026 0:00,38.7,23,0.17
4/30/2026 0:15,37.8,23,0.17
4/30/2026 0:30,39.2,23,0.17
4/30/2026 0:45,39.2,23,0.17
4/30/2026 1:00,38.5,22.9,0.17
4/30/2026 1:15,38,22.9,0.17
4/30/2026 1:30,38.1,22.9,0.17
4/30/2026 1:45,38.3,22.9,0.17
4/30/2026 2:00,37.8,22.9,0.17
4/30/2026 2:15,38.5,22.8,0.17
4/30/2026 2:30,38.3,22.8,0.17
4/30/2026 2:45,38.7,22.8,0.17
4/30/2026 3:00,39.9,22.8,0.17
4/30/2026 3:15,38.4,22.8,0.17
4/30/2026 3:30,38.2,22.8,0.17
4/30/2026 3:45,39.2,22.8,0.17
4/30/2026 4:00,38.5,22.7,0.17
4/30/2026 4:15,39.4,22.7,0.17
4/30/2026 4:30,40.7,22.7,0.17
4/30/2026 4:45,40.4,22.7,0.17
4/30/2026 5:00,40.7,22.7,0.17
4/30/2026 5:15,40.4,22.7,0.17
4/30/2026 5:30,40.5,22.7,0.17
4/30/2026 5:45,40.4,22.7,0.17
4/30/2026 6:00,40.3,22.6,0.17
4/30/2026 6:15,40.4,22.6,0.17
4/30/2026 6:30,40.2,22.6,0.17
4/30/2026 6:45,39.3,22.6,0.17
4/30/2026 7:00,38.4,22.6,0.17
4/30/2026 7:15,37.2,22.5,0.17
4/30/2026 7:30,38.9,22.5,0.17
4/30/2026 7:45,38.5,22.5,0.17
4/30/2026 8:00,37.7,22.5,0.17
4/30/2026 8:15,38.1,22.5,0.17
4/30/2026 8:30,37.1,22.5,0.17
4/30/2026 8:45,38.8,22.5,0.17
4/30/2026 9:00,40.6,22.5,0.17
4/30/2026 9:15,40.5,22.5,0.17
4/30/2026 9:30,40.8,22.5,0.17
4/30/2026 9:45,40.6,22.5,0.17
4/30/2026 10:00,40.4,22.5,0.17
4/30/2026 10:15,38.8,22.5,0.17
4/30/2026 10:30,39.5,22.5,0.17
4/30/2026 10:45,39.2,22.4,0.17
4/30/2026 11:00,38,22.4,0.17
4/30/2026 11:15,40.6,22.4,0.17
4/30/2026 11:30,41,22.4,0.17
4/30/2026 11:45,38.5,22.4,0.17
4/30/2026 12:00,37.9,22.4,0.17
4/30/2026 12:15,39.3,22.5,0.17
4/30/2026 12:30,38.5,22.5,0.17
4/30/2026 12:45,41.7,22.6,0.17
4/30/2026 13:00,41.4,22.6,0.17
4/30/2026 13:15,39.8,22.6,0.17
4/30/2026 13:30,40.1,22.7,0.17
4/30/2026 13:45,40.1,22.7,0.17
4/30/2026 14:00,39.5,22.7,0.17
4/30/2026 14:15,41.6,22.8,0.17
4/30/2026 14:30,41.3,22.8,0.17
4/30/2026 14:45,40.2,22.8,0.17
4/30/2026 15:00,40.6,22.9,0.17
4/30/2026 15:15,38,22.9,0.17
4/30/2026 15:30,41.4,23,0.17
4/30/2026 15:45,41.4,23.1,0.17
4/30/2026 16:00,39.6,23.1,0.17
4/30/2026 16:15,41.1,23.2,0.17
4/30/2026 16:30,39.2,23.2,0.17
4/30/2026 16:45,41.5,23.3,0.17
4/30/2026 17:00,38.6,23.3,0.17
4/30/2026 17:15,40.8,23.4,0.17
4/30/2026 17:30,38.5,23.4,0.17
4/30/2026 17:45,42,23.4,0.17
4/30/2026 18:00,41.1,23.5,0.17
4/30/2026 18:15,41.5,23.5,0.17
4/30/2026 18:30,40.7,23.5,0.17
4/30/2026 18:45,41.4,23.5,0.17
4/30/2026 19:00,41,23.5,0.17
4/30/2026 19:15,41.2,23.5,0.17
4/30/2026 19:30,41.2,23.5,0.17
4/30/2026 19:45,41.5,23.5,0.17
4/30/2026 20:00,41.4,23.5,0.17
4/30/2026 20:15,41.3,23.4,0.17
4/30/2026 20:30,40.9,23.4,0.17
4/30/2026 20:45,41.2,23.4,0.17
4/30/2026 21:00,41.2,23.3,0.17
4/30/2026 21:15,41.1,23.3,0.17
4/30/2026 21:30,41.4,23.2,0.17
4/30/2026 21:45,41,23.2,0.17
4/30/2026 22:00,41.1,23.1,0.17
4/30/2026 22:15,40.7,23.1,0.17
4/30/2026 22:30,41,23.1,0.17
4/30/2026 22:45,40.8,23,0.17
4/30/2026 23:00,40.9,23,0.17
4/30/2026 23:15,40.9,22.9,0.17
4/30/2026 23:30,40.9,22.9,0.17
4/30/2026 23:45,41,22.8,0.17
5/1/2026 0:00,41.1,22.8,0.17
5/1/2026 0:15,40.7,22.8,0.17
5/1/2026 0:30,40.9,22.7,0.17
5/1/2026 0:45,40.5,22.7,0.17
5/1/2026 1:00,40.8,22.7,0.17
5/1/2026 1:15,40.8,22.6,0.17
5/1/2026 1:30,41.1,22.6,0.17
5/1/2026 1:45,40.1,22.5,0.17
5/1/2026 2:00,40.5,22.5,0.17
5/1/2026 2:15,40.4,22.5,0.17
5/1/2026 2:30,40.9,22.4,0.17
5/1/2026 2:45,40.9,22.4,0.17
5/1/2026 3:00,40.7,22.4,0.17
5/1/2026 3:15,40.3,22.3,0.17
5/1/2026 3:30,41.2,22.3,0.17
5/1/2026 3:45,40.6,22.3,0.17
5/1/2026 4:00,40.7,22.2,0.17
5/1/2026 4:15,40.3,22.2,0.17
5/1/2026 4:30,40.1,22.2,0.17
5/1/2026 4:45,39.7,22.1,0.17
5/1/2026 5:00,41.1,22.1,0.17
5/1/2026 5:15,41.2,22.1,0.17
5/1/2026 5:30,40.9,22,0.17
5/1/2026 5:45,40.7,22,0.17
5/1/2026 6:00,40.6,22,0.17
5/1/2026 6:15,40.1,21.9,0.17
5/1/2026 6:30,38.5,21.9,0.17
5/1/2026 6:45,38.5,21.9,0.17
5/1/2026 7:00,38.1,21.8,0.17
5/1/2026 7:15,37.9,21.8,0.17
5/1/2026 7:30,37.6,21.8,0.17
5/1/2026 7:45,38.4,21.8,0.17
5/1/2026 8:00,37.9,21.8,0.17
5/1/2026 8:15,38.8,21.7,0.17
5/1/2026 8:30,37.6,21.7,0.17
5/1/2026 8:45,38.1,21.7,0.17
5/1/2026 9:00,40.8,21.7,0.17
5/1/2026 9:15,37.3,21.8,0.17
5/1/2026 9:30,40.8,21.8,0.17
5/1/2026 9:45,39.8,21.8,0.17
5/1/2026 10:00,37.4,21.8,0.17
5/1/2026 10:15,38,21.8,0.17
5/1/2026 10:30,41,21.9,0.17
5/1/2026 10:45,39.8,21.9,0.17
5/1/2026 11:00,38.9,21.9,0.17
5/1/2026 11:15,39.3,21.9,0.17
5/1/2026 11:30,41.2,22,0.17
5/1/2026 11:45,39.8,22,0.17
5/1/2026 12:00,37.6,22,0.17
5/1/2026 12:15,39.7,22,0.17
5/1/2026 12:30,39.9,22,0.17
5/1/2026 12:45,38.6,22,0.17
5/1/2026 13:00,38.7,22,0.17
5/1/2026 13:15,39.1,22,0.17
5/1/2026 13:30,40.1,22,0.17
5/1/2026 13:45,39.7,22.1,0.17
5/1/2026 14:00,40.4,22.1,0.17
5/1/2026 14:15,38.6,22.1,0.17
5/1/2026 14:30,37.8,22.1,0.17
5/1/2026 14:45,37.9,22.1,0.17
5/1/2026 15:00,38.3,22.1,0.17
5/1/2026 15:15,39.4,22.1,0.17
5/1/2026 15:30,41,22.1,0.17
5/1/2026 15:45,39.5,22.1,0.17
5/1/2026 16:00,39.4,22.1,0.17
5/1/2026 16:15,39.6,22.1,0.17
5/1/2026 16:30,38.6,22.2,0.17
5/1/2026 16:45,37.6,22.2,0.17
5/1/2026 17:00,41.2,22.2,0.17
5/1/2026 17:15,40,22.2,0.17
5/1/2026 17:30,40.1,22.2,0.17
5/1/2026 17:45,39.4,22.2,0.17
5/1/2026 18:00,40.7,22.2,0.17
5/1/2026 18:15,39.6,22.2,0.17
5/1/2026 18:30,40.8,22.2,0.17
5/1/2026 18:45,40.1,22.2,0.17
5/1/2026 19:00,40.3,22.2,0.17
5/1/2026 19:15,40.6,22.2,0.17
5/1/2026 19:30,40.5,22.1,0.17
5/1/2026 19:45,40.2,22.1,0.17
5/1/2026 20:00,40.3,22.1,0.17
5/1/2026 20:15,40.2,22.1,0.17
5/1/2026 20:30,40.3,22,0.17
5/1/2026 20:45,39.4,22,0.17
5/1/2026 21:00,39.2,22,0.17
5/1/2026 21:15,39.1,22,0.17
5/1/2026 21:30,38.7,21.9,0.17
5/1/2026 21:45,38.6,21.9,0.17
5/1/2026 22:00,38.7,21.9,0.17
5/1/2026 22:15,38.1,21.9,0.17
5/1/2026 22:30,38.2,21.9,0.17
5/1/2026 22:45,38.3,21.8,0.17
5/1/2026 23:00,38.3,21.8,0.17
5/1/2026 23:15,38.2,21.8,0.17
5/1/2026 23:30,38.6,21.8,0.18
5/1/2026 23:45,38.7,21.8,0.17
5/2/2026 0:00,39.2,21.8,0.17
5/2/2026 0:15,40.6,21.8,0.18
5/2/2026 0:30,40.2,21.7,0.17
5/2/2026 0:45,40.2,21.7,0.17
5/2/2026 1:00,40.3,21.7,0.17
5/2/2026 1:15,40.4,21.7,0.17
5/2/2026 1:30,40,21.7,0.17
5/2/2026 1:45,40.3,21.7,0.17
5/2/2026 2:00,40.2,21.7,0.17
5/2/2026 2:15,40.5,21.6,0.17
5/2/2026 2:30,40.3,21.6,0.17
5/2/2026 2:45,39.8,21.6,0.17
5/2/2026 3:00,40,21.6,0.17
5/2/2026 3:15,39.7,21.5,0.17
5/2/2026 3:30,39.5,21.5,0.17
5/2/2026 3:45,39.6,21.5,0.17
5/2/2026 4:00,38.8,21.5,0.17
5/2/2026 4:15,39.2,21.5,0.17
5/2/2026 4:30,39.2,21.4,0.17
5/2/2026 4:45,40,21.4,0.18
5/2/2026 5:00,40.7,21.4,0.17
5/2/2026 5:15,40.1,21.4,0.17
5/2/2026 5:30,40,21.4,0.17
5/2/2026 5:45,39.4,21.3,0.17
5/2/2026 6:00,39.5,21.3,0.18
5/2/2026 6:15,39.3,21.3,0.17
5/2/2026 6:30,39.5,21.3,0.17
5/2/2026 6:45,39.8,21.2,0.17
5/2/2026 7:00,40.4,21.2,0.17
5/2/2026 7:15,39.6,21.2,0.17
5/2/2026 7:30,40.1,21.2,0.17
5/2/2026 7:45,40.2,21.2,0.17
5/2/2026 8:00,40.8,21.2,0.17
5/2/2026 8:15,38.1,21.1,0.17
5/2/2026 8:30,38.3,21.1,0.17
5/2/2026 8:45,38.4,21.1,0.17
5/2/2026 9:00,39.2,21.1,0.17
5/2/2026 9:15,37.6,21.1,0.17
5/2/2026 9:30,38.8,21.1,0.17
5/2/2026 9:45,38.5,21.1,0.17
5/2/2026 10:00,39.4,21.1,0.17
5/2/2026 10:15,40,21.2,0.17
5/2/2026 10:30,40.9,21.2,0.17
5/2/2026 10:45,41,21.2,0.17
5/2/2026 11:00,41.3,21.2,0.17
5/2/2026 11:15,39.3,21.2,0.17
5/2/2026 11:30,40.1,21.2,0.17
5/2/2026 11:45,38.6,21.2,0.17
5/2/2026 12:00,40.1,21.2,0.17
5/2/2026 12:15,41.5,21.2,0.17
5/2/2026 12:30,41.1,21.1,0.17
5/2/2026 12:45,40.3,21.1,0.17
5/2/2026 13:00,40.7,21.1,0.17
5/2/2026 13:15,40.5,21.1,0.17
5/2/2026 13:30,40.6,21.1,0.17
5/2/2026 13:45,42.8,21.1,0.17
5/2/2026 14:00,42.4,21.1,0.17
5/2/2026 14:15,42,21.1,0.17
5/2/2026 14:30,42.2,21.1,0.17
5/2/2026 14:45,41.1,21.1,0.17
5/2/2026 15:00,41.5,21.1,0.17
5/2/2026 15:15,42.1,21.1,0.17
5/2/2026 15:30,43.5,21.1,0.17
5/2/2026 15:45,41.6,21.1,0.17
5/2/2026 16:00,41.1,21.1,0.17
5/2/2026 16:15,42.7,21.1,0.17
5/2/2026 16:30,42.3,21.1,0.17
5/2/2026 16:45,42.3,21.1,0.17
5/2/2026 17:00,42.6,21.1,0.17
5/2/2026 17:15,43.6,21.1,0.17
5/2/2026 17:30,43.2,21,0.17
5/2/2026 17:45,42.5,21,0.17
5/2/2026 18:00,43.7,21,0.17
5/2/2026 18:15,43.8,21,0.17
5/2/2026 18:30,43.9,21,0.17
5/2/2026 18:45,43.9,21,0.17
5/2/2026 19:00,43.5,21,0.17
5/2/2026 19:15,43.9,20.9,0.17
5/2/2026 19:30,44.2,20.9,0.17
5/2/2026 19:45,44.2,20.9,0.17
5/2/2026 20:00,44,20.9,0.17
5/2/2026 20:15,44,20.9,0.17
5/2/2026 20:30,44.1,20.9,0.17
5/2/2026 20:45,43.6,20.9,0.17
5/2/2026 21:00,44.5,20.8,0.17
5/2/2026 21:15,43.8,20.8,0.17
5/2/2026 21:30,44.1,20.8,0.17
5/2/2026 21:45,44.2,20.8,0.17
5/2/2026 22:00,43.9,20.8,0.17
5/2/2026 22:15,43.9,20.8,0.17
5/2/2026 22:30,44.1,20.7,0.17
5/2/2026 22:45,44.3,20.7,0.17
5/2/2026 23:00,43.7,20.7,0.17
5/2/2026 23:15,43.9,20.7,0.17
5/2/2026 23:30,43.6,20.7,0.17
5/2/2026 23:45,44.2,20.6,0.17
5/3/2026 0:00,43.8,20.6,0.17
5/3/2026 0:15,43.6,20.6,0.17
5/3/2026 0:30,43.9,20.6,0.17
5/3/2026 0:45,44.3,20.6,0.18
5/3/2026 1:00,44.1,20.5,0.17
5/3/2026 1:15,43.9,20.5,0.17
5/3/2026 1:30,43.8,20.5,0.17
5/3/2026 1:45,43.8,20.5,0.17
5/3/2026 2:00,43.8,20.4,0.17
5/3/2026 2:15,43.6,20.4,0.17
5/3/2026 2:30,43.8,20.4,0.17
5/3/2026 2:45,43.8,20.3,0.17
5/3/2026 3:00,43.6,20.3,0.18
5/3/2026 3:15,43.8,20.3,0.17
5/3/2026 3:30,43.8,20.3,0.18
5/3/2026 3:45,43.9,20.2,0.17
5/3/2026 4:00,43.5,20.2,0.18
5/3/2026 4:15,43.5,20.2,0.18
5/3/2026 4:30,43.7,20.1,0.18
5/3/2026 4:45,43.4,20.1,0.18
5/3/2026 5:00,43.5,20.1,0.18
5/3/2026 5:15,43.7,20,0.18
5/3/2026 5:30,43.5,20,0.18
5/3/2026 5:45,43.3,20,0.18
5/3/2026 6:00,42.5,20,0.18
5/3/2026 6:15,43.8,19.9,0.18
5/3/2026 6:30,43.3,19.9,0.18
5/3/2026 6:45,43.1,19.9,0.18
5/3/2026 7:00,42.8,19.9,0.18
5/3/2026 7:15,41.1,19.8,0.18
5/3/2026 7:30,42.2,19.8,0.18
5/3/2026 7:45,42.1,19.8,0.18
5/3/2026 8:00,43.8,19.8,0.18
5/3/2026 8:15,40.7,19.7,0.18
5/3/2026 8:30,40.8,19.7,0.18
5/3/2026 8:45,40.4,19.8,0.18
5/3/2026 9:00,41.4,19.8,0.18
5/3/2026 9:15,43,19.8,0.18
5/3/2026 9:30,41.2,19.8,0.18
5/3/2026 9:45,44.9,19.9,0.18
5/3/2026 10:00,40.5,19.9,0.18
5/3/2026 10:15,44.4,20,0.18
5/3/2026 10:30,42.6,20,0.18
5/3/2026 10:45,42.2,20,0.18
5/3/2026 11:00,43.9,20.1,0.18
5/3/2026 11:15,41,20.2,0.18
5/3/2026 11:30,40.4,20.2,0.18
5/3/2026 11:45,42.5,20.3,0.18
5/3/2026 12:00,41.5,20.4,0.18
5/3/2026 12:15,41.7,20.4,0.18
5/3/2026 12:30,40,20.5,0.18
5/3/2026 12:45,43.7,20.6,0.18
5/3/2026 13:00,42,20.6,0.18
5/3/2026 13:15,41.4,20.7,0.18
5/3/2026 13:30,43.3,20.8,0.18
5/3/2026 13:45,42,20.9,0.18
5/3/2026 14:00,43.9,20.9,0.18
5/3/2026 14:15,43.5,21,0.18
5/3/2026 14:30,42.2,21.1,0.18
5/3/2026 14:45,41.7,21.2,0.18
5/3/2026 15:00,42.9,21.3,0.18
5/3/2026 15:15,40.8,21.4,0.18
5/3/2026 15:30,41,21.4,0.18
5/3/2026 15:45,41.3,21.5,0.18
5/3/2026 16:00,41.7,21.6,0.18
5/3/2026 16:15,42.3,21.7,0.18
5/3/2026 16:30,41.9,21.7,0.18
5/3/2026 16:45,42.7,21.8,0.18
5/3/2026 17:00,41.8,21.9,0.18
5/3/2026 17:15,43.2,21.9,0.18
5/3/2026 17:30,40.4,22,0.18
5/3/2026 17:45,44.3,22,0.18
5/3/2026 18:00,43.4,22.1,0.18
5/3/2026 18:15,42.9,22.1,0.18
5/3/2026 18:30,43.6,22.2,0.18
5/3/2026 18:45,43.4,22.2,0.18
5/3/2026 19:00,43.5,22.3,0.18
5/3/2026 19:15,43.9,22.4,0.18
5/3/2026 19:30,43.8,22.4,0.18
5/3/2026 19:45,43.8,22.5,0.18
5/3/2026 20:00,42.8,22.5,0.18
5/3/2026 20:15,43.7,22.5,0.18
5/3/2026 20:30,43.6,22.5,0.18
5/3/2026 20:45,42.8,22.5,0.18
5/3/2026 21:00,43.4,22.5,0.18
5/3/2026 21:15,43.5,22.5,0.18
5/3/2026 21:30,43,22.5,0.18
5/3/2026 21:45,43.2,22.4,0.18
5/3/2026 22:00,43.4,22.4,0.18
5/3/2026 22:15,43.1,22.4,0.18
5/3/2026 22:30,43.4,22.3,0.18
5/3/2026 22:45,43.4,22.3,0.18
5/3/2026 23:00,43.1,22.2,0.18
5/3/2026 23:15,42.9,22.2,0.18
5/3/2026 23:30,43.2,22.1,0.18
5/3/2026 23:45,43.2,22.1,0.18
5/4/2026 0:00,43.1,22,0.18
5/4/2026 0:15,43,22,0.18
5/4/2026 0:30,42.9,21.9,0.18
5/4/2026 0:45,42.8,21.8,0.18
5/4/2026 1:00,42.8,21.8,0.18
5/4/2026 1:15,42.7,21.7,0.18
5/4/2026 1:30,42.8,21.7,0.18
5/4/2026 1:45,42.9,21.7,0.18
5/4/2026 2:00,42.8,21.6,0.18
5/4/2026 2:15,42.6,21.6,0.18
5/4/2026 2:30,42.4,21.5,0.18
5/4/2026 2:45,42.5,21.5,0.18
5/4/2026 3:00,42.9,21.4,0.18
5/4/2026 3:15,42.5,21.4,0.18
5/4/2026 3:30,42.9,21.3,0.18
5/4/2026 3:45,42.4,21.2,0.18
5/4/2026 4:00,42.8,21.2,0.18
5/4/2026 4:15,42.6,21.2,0.18
5/4/2026 4:30,42.8,21.1,0.18
5/4/2026 4:45,42.5,21.1,0.18
5/4/2026 5:00,41.8,21,0.18
5/4/2026 5:15,42.4,21,0.18
5/4/2026 5:30,41.9,20.9,0.18
5/4/2026 5:45,42.7,20.9,0.18
5/4/2026 6:00,42.6,20.8,0.18
5/4/2026 6:15,42.2,20.8,0.18
5/4/2026 6:30,41.9,20.8,0.18
5/4/2026 6:45,40.9,20.7,0.18
5/4/2026 7:00,40.2,20.7,0.18
5/4/2026 7:15,40.2,20.6,0.18
5/4/2026 7:30,40,20.6,0.18
5/4/2026 7:45,40.3,20.6,0.18
5/4/2026 8:00,42,20.6,0.18
5/4/2026 8:15,39.3,20.5,0.18
5/4/2026 8:30,42.4,20.5,0.18
5/4/2026 8:45,40,20.6,0.18
5/4/2026 9:00,40.2,20.6,0.18
5/4/2026 9:15,41.3,20.6,0.18
5/4/2026 9:30,43.4,20.6,0.18
5/4/2026 9:45,43.4,20.7,0.18
5/4/2026 10:00,41.8,20.7,0.18
5/4/2026 10:15,42.7,20.8,0.18
5/4/2026 10:30,40.7,20.8,0.18
5/4/2026 10:45,40.6,20.9,0.18
5/4/2026 11:00,40.8,20.9,0.18
5/4/2026 11:15,43.5,21,0.18
5/4/2026 11:30,42.5,21.1,0.18
5/4/2026 11:45,43.3,21.2,0.18
5/4/2026 12:00,40,21.3,0.18
5/4/2026 12:15,40.4,21.4,0.18
5/4/2026 12:30,43,21.6,0.18
5/4/2026 12:45,41.5,21.7,0.18
5/4/2026 13:00,39.9,21.8,0.18
5/4/2026 13:15,41.2,21.9,0.18
5/4/2026 13:30,42.8,22,0.18
5/4/2026 13:45,42.4,22.1,0.18
5/4/2026 14:00,41.6,22.3,0.18
5/4/2026 14:15,42.3,22.4,0.18
5/4/2026 14:30,43.1,22.5,0.18
5/4/2026 14:45,40.7,22.6,0.18
5/4/2026 15:00,41.5,22.7,0.18
5/4/2026 15:15,41.9,22.8,0.18
5/4/2026 15:30,40,22.9,0.18
5/4/2026 15:45,40,23,0.18
5/4/2026 16:00,41.9,23.1,0.18
5/4/2026 16:15,41.1,23.2,0.18
5/4/2026 16:30,42.4,23.3,0.18
5/4/2026 16:45,41.7,23.3,0.18
5/4/2026 17:00,42.4,23.4,0.18
5/4/2026 17:15,40.3,23.5,0.18
5/4/2026 17:30,41.1,23.5,0.18
5/4/2026 17:45,43.2,23.5,0.18
5/4/2026 18:00,42.6,23.6,0.18
5/4/2026 18:15,42.1,23.6,0.18
5/4/2026 18:30,42.7,23.6,0.18
5/4/2026 18:45,42.4,23.6,0.18
5/4/2026 19:00,42.7,23.5,0.18
5/4/2026 19:15,42.7,23.5,0.18
5/4/2026 19:30,42.6,23.5,0.18
5/4/2026 19:45,42.7,23.4,0.18
5/4/2026 20:00,42.9,23.4,0.18
5/4/2026 20:15,43,23.4,0.18
5/4/2026 20:30,42.6,23.3,0.18
5/4/2026 20:45,42.6,23.3,0.18
5/4/2026 21:00,42.7,23.2,0.18
5/4/2026 21:15,42.8,23.2,0.18
5/4/2026 21:30,42.5,23.1,0.18
5/4/2026 21:45,42.3,23.1,0.18
5/4/2026 22:00,42.5,23,0.18
5/4/2026 22:15,42.4,23,0.18
5/4/2026 22:30,42.5,22.9,0.18
5/4/2026 22:45,42.5,22.9,0.18
5/4/2026 23:00,42.1,22.8,0.18
5/4/2026 23:15,41.6,22.8,0.18
5/4/2026 23:30,42,22.7,0.18
5/4/2026 23:45,42.2,22.7,0.18
5/5/2026 0:00,42.5,22.6,0.18
5/5/2026 0:15,42.5,22.6,0.18
5/5/2026 0:30,42.1,22.5,0.18
5/5/2026 0:45,41.9,22.5,0.18
5/5/2026 1:00,42.2,22.5,0.18
5/5/2026 1:15,41.6,22.4,0.18
5/5/2026 1:30,41.9,22.4,0.18
5/5/2026 1:45,41.9,22.3,0.18
5/5/2026 2:00,41.9,22.3,0.18
5/5/2026 2:15,42.2,22.2,0.18
5/5/2026 2:30,42.3,22.2,0.18
5/5/2026 2:45,42.1,22.2,0.18
5/5/2026 3:00,42.3,22.1,0.18
5/5/2026 3:15,42.1,22.1,0.18
5/5/2026 3:30,41.9,22,0.18
5/5/2026 3:45,41.8,22,0.18
5/5/2026 4:00,42,22,0.18
5/5/2026 4:15,42.1,21.9,0.18
5/5/2026 4:30,42.1,21.9,0.18
5/5/2026 4:45,42.1,21.8,0.18
5/5/2026 5:00,42.2,21.8,0.18
5/5/2026 5:15,42.1,21.8,0.18
5/5/2026 5:30,42.2,21.7,0.18
5/5/2026 5:45,41.8,21.7,0.18
5/5/2026 6:00,42.2,21.7,0.18
5/5/2026 6:15,41.9,21.6,0.18
5/5/2026 6:30,40.5,21.6,0.18
5/5/2026 6:45,39.5,21.6,0.18
5/5/2026 7:00,39.5,21.5,0.18
5/5/2026 7:15,39.8,21.5,0.18
5/5/2026 7:30,39.2,21.5,0.18
5/5/2026 7:45,38.9,21.5,0.18
5/5/2026 8:00,39.5,21.4,0.18
5/5/2026 8:15,39.1,21.4,0.18
5/5/2026 8:30,42.8,21.4,0.18
5/5/2026 8:45,41.4,21.4,0.18
5/5/2026 9:00,39.9,21.5,0.18
5/5/2026 9:15,38.7,21.5,0.18
5/5/2026 9:30,42.7,21.5,0.18
5/5/2026 9:45,38.9,21.6,0.18
5/5/2026 10:00,40,21.6,0.18
5/5/2026 10:15,39.2,21.6,0.18
5/5/2026 10:30,41,21.7,0.18
5/5/2026 10:45,39.9,21.7,0.18
5/5/2026 11:00,42.4,21.8,0.18
5/5/2026 11:15,39.9,21.8,0.18
5/5/2026 11:30,41.9,21.9,0.18
5/5/2026 11:45,39.5,22,0.18
5/5/2026 12:00,41.8,22.2,0.18
5/5/2026 12:15,42.4,22.3,0.18
5/5/2026 12:30,40.9,22.4,0.18
5/5/2026 12:45,41.9,22.5,0.18
5/5/2026 13:00,41.6,22.7,0.18
5/5/2026 13:15,41.9,22.8,0.18
5/5/2026 13:30,41.6,22.9,0.18
5/5/2026 13:45,38.8,23.1,0.18
5/5/2026 14:00,41.8,23.2,0.18
5/5/2026 14:15,42.8,23.4,0.18
5/5/2026 14:30,42.2,23.5,0.18
5/5/2026 14:45,40.4,23.6,0.18
5/5/2026 15:00,41.7,23.7,0.18
5/5/2026 15:15,41.6,23.8,0.18
5/5/2026 15:30,39.2,23.9,0.18
5/5/2026 15:45,43,24,0.18
5/5/2026 16:00,42.7,24.1,0.18
5/5/2026 16:15,40.3,24.2,0.18
5/5/2026 16:30,40.8,24.3,0.18
5/5/2026 16:45,41.2,24.4,0.18
5/5/2026 17:00,40.9,24.4,0.18
5/5/2026 17:15,40.1,24.5,0.18
5/5/2026 17:30,40.5,24.5,0.18
5/5/2026 17:45,42.6,24.6,0.18
5/5/2026 18:00,42.3,24.6,0.18
5/5/2026 18:15,42.5,24.6,0.18
5/5/2026 18:30,41.5,24.6,0.18
5/5/2026 18:45,42,24.6,0.18
5/5/2026 19:00,42,24.6,0.18
5/5/2026 19:15,42,24.5,0.18
5/5/2026 19:30,42.2,24.5,0.18
5/5/2026 19:45,41.3,24.5,0.18
5/5/2026 20:00,42.5,24.4,0.18
5/5/2026 20:15,42.2,24.4,0.18
5/5/2026 20:30,41.8,24.4,0.18
5/5/2026 20:45,42,24.3,0.18
5/5/2026 21:00,41.9,24.3,0.18
5/5/2026 21:15,41.7,24.2,0.18
5/5/2026 21:30,41.8,24.2,0.18
5/5/2026 21:45,41.6,24.2,0.18
5/5/2026 22:00,42,24.1,0.18
5/5/2026 22:15,42,24.1,0.18
5/5/2026 22:30,40,24,0.18
5/5/2026 22:45,39.4,24,0.18
5/5/2026 23:00,39.2,23.9,0.18
5/5/2026 23:15,39,23.9,0.18
5/5/2026 23:30,40.4,23.8,0.18
5/5/2026 23:45,41.8,23.8,0.18
5/6/2026 0:00,41.6,23.8,0.18
5/6/2026 0:15,41.6,23.7,0.18
5/6/2026 0:30,41.4,23.7,0.18
5/6/2026 0:45,41.4,23.7,0.18
5/6/2026 1:00,41.3,23.6,0.18
5/6/2026 1:15,41.4,23.6,0.18
5/6/2026 1:30,41.1,23.5,0.18
5/6/2026 1:45,41.7,23.5,0.18
5/6/2026 2:00,41.6,23.4,0.18
5/6/2026 2:15,41.4,23.4,0.18
5/6/2026 2:30,41,23.4,0.18
5/6/2026 2:45,41.2,23.3,0.18
5/6/2026 3:00,40.7,23.3,0.18
5/6/2026 3:15,39.8,23.2,0.18
5/6/2026 3:30,40.7,23.2,0.18
5/6/2026 3:45,41.1,23.1,0.18
5/6/2026 4:00,41.4,23.1,0.18
5/6/2026 4:15,41.2,23.1,0.18
5/6/2026 4:30,41,23,0.18
5/6/2026 4:45,41.3,23,0.18
5/6/2026 5:00,40.9,23,0.18
5/6/2026 5:15,39.6,22.9,0.18
5/6/2026 5:30,39.9,22.9,0.18
5/6/2026 5:45,39.2,22.9,0.18
5/6/2026 6:00,38.7,22.8,0.18
5/6/2026 6:15,39.2,22.8,0.18
5/6/2026 6:30,39.3,22.8,0.18
5/6/2026 6:45,39.4,22.7,0.18
5/6/2026 7:00,38.7,22.7,0.18
5/6/2026 7:15,38.4,22.7,0.18
5/6/2026 7:30,38.1,22.7,0.18
5/6/2026 7:45,39.2,22.7,0.18
5/6/2026 8:00,42,22.7,0.18
5/6/2026 8:15,39.3,22.7,0.18
5/6/2026 8:30,40.6,22.7,0.18
5/6/2026 8:45,38.2,22.7,0.18
5/6/2026 9:00,38.4,22.7,0.18
5/6/2026 9:15,38.7,22.7,0.18
5/6/2026 9:30,42.3,22.7,0.18
5/6/2026 9:45,39,22.8,0.18
5/6/2026 10:00,40.3,22.8,0.18
5/6/2026 10:15,41,22.8,0.19
5/6/2026 10:30,42,22.9,0.18
5/6/2026 10:45,40.9,23,0.18
5/6/2026 11:00,38,23,0.19
5/6/2026 11:15,39.4,23.1,0.19
5/6/2026 11:30,37.8,23.2,0.19
5/6/2026 11:45,37.9,23.3,0.19
5/6/2026 12:00,39.1,23.4,0.19
5/6/2026 12:15,37.8,23.4,0.18
5/6/2026 12:30,37.8,23.5,0.18
5/6/2026 12:45,38.9,23.7,0.19
5/6/2026 13:00,41.9,23.8,0.19
5/6/2026 13:15,40.5,23.9,0.19
5/6/2026 13:30,39.6,24,0.19
5/6/2026 13:45,40.5,24.1,0.19
5/6/2026 14:00,37.5,24.1,0.19
5/6/2026 14:15,41.2,24.3,0.19
5/6/2026 14:30,41.7,24.3,0.19
5/6/2026 14:45,38.2,24.4,0.19
5/6/2026 15:00,42.5,24.5,0.19
5/6/2026 15:15,39.9,24.6,0.19
5/6/2026 15:30,41,24.8,0.19
5/6/2026 15:45,41.2,24.9,0.19
5/6/2026 16:00,41.4,25,0.19
5/6/2026 16:15,40.9,25.1,0.19
5/6/2026 16:30,41.8,25.1,0.19
5/6/2026 16:45,39.5,25.2,0.19
5/6/2026 17:00,41.7,25.2,0.19
5/6/2026 17:15,41,25.3,0.19
5/6/2026 17:30,41.6,25.3,0.19
5/6/2026 17:45,40.9,25.3,0.19
5/6/2026 18:00,41.5,25.3,0.19
5/6/2026 18:15,38.8,25.4,0.19
5/6/2026 18:30,41.3,25.4,0.19
5/6/2026 18:45,41.5,25.4,0.19
5/6/2026 19:00,40.9,25.4,0.19
5/6/2026 19:15,41.6,25.3,0.19
5/6/2026 19:30,41.2,25.3,0.19
5/6/2026 19:45,41.3,25.3,0.19
5/6/2026 20:00,41.1,25.2,0.19
5/6/2026 20:15,40.9,25.2,0.19
5/6/2026 20:30,40.6,25.2,0.19
5/6/2026 20:45,40.7,25.1,0.19
5/6/2026 21:00,40.4,25.1,0.19
5/6/2026 21:15,39.9,25,0.19
5/6/2026 21:30,40.7,25,0.19
5/6/2026 21:45,41.2,25,0.19
5/6/2026 22:00,39.9,24.9,0.19
5/6/2026 22:15,40.1,24.9,0.19
5/6/2026 22:30,39.6,24.9,0.19
5/6/2026 22:45,39.3,24.8,0.19
5/6/2026 23:00,39.9,24.8,0.19
5/6/2026 23:15,39.4,24.7,0.19
5/6/2026 23:30,39.3,24.7,0.19
5/6/2026 23:45,38.5,24.7,0.19
5/7/2026 0:00,38.8,24.6,0.19
5/7/2026 0:15,39.2,24.6,0.19
5/7/2026 0:30,40.6,24.6,0.19
5/7/2026 0:45,40.9,24.5,0.19
5/7/2026 1:00,39,24.5,0.19
5/7/2026 1:15,39.4,24.5,0.19
5/7/2026 1:30,37.9,24.5,0.19
5/7/2026 1:45,38.3,24.4,0.19
5/7/2026 2:00,41.2,24.4,0.19
5/7/2026 2:15,40.3,24.4,0.19
5/7/2026 2:30,40.1,24.4,0.19
5/7/2026 2:45,39.5,24.4,0.19
5/7/2026 3:00,40.3,24.3,0.19
5/7/2026 3:15,40.3,24.3,0.19
5/7/2026 3:30,40.4,24.3,0.19
5/7/2026 3:45,40.2,24.3,0.19
5/7/2026 4:00,41.1,24.2,0.19
5/7/2026 4:15,41.2,24.2,0.19
5/7/2026 4:30,41.1,24.2,0.19
5/7/2026 4:45,41.1,24.2,0.19
5/7/2026 5:00,41.2,24.1,0.19
5/7/2026 5:15,40.6,24.1,0.19
5/7/2026 5:30,40.7,24.1,0.19
5/7/2026 5:45,41.2,24.1,0.19
5/7/2026 6:00,41.1,24.1,0.19
5/7/2026 6:15,40.4,24,0.19
5/7/2026 6:30,40.8,24,0.19
5/7/2026 6:45,40.9,24,0.19
5/7/2026 7:00,40.1,24,0.19
5/7/2026 7:15,40.4,24,0.19
5/7/2026 7:30,40,24,0.19
5/7/2026 7:45,40.1,23.9,0.19
5/7/2026 8:00,39.9,23.9,0.19
5/7/2026 8:15,39.7,23.9,0.19
5/7/2026 8:30,40.3,23.9,0.19
5/7/2026 8:45,39.7,23.9,0.19
5/7/2026 9:00,39.9,23.9,0.19
5/7/2026 9:15,39.3,23.9,0.19
5/7/2026 9:30,39.1,23.9,0.19
5/7/2026 9:45,39.8,23.9,0.19
5/7/2026 10:00,42.1,23.9,0.19
5/7/2026 10:15,42.3,23.9,0.19
5/7/2026 10:30,40.1,23.9,0.19
5/7/2026 10:45,42.5,24,0.19
5/7/2026 11:00,39,24,0.19
5/7/2026 11:15,39.3,24,0.19
5/7/2026 11:30,41.1,24,0.19
5/7/2026 11:45,42.5,24,0.19
5/7/2026 12:00,42.3,24,0.19
5/7/2026 12:15,41.1,24,0.19
5/7/2026 12:30,42.1,24,0.19
5/7/2026 12:45,41.3,24,0.19
5/7/2026 13:00,40.6,24,0.19
5/7/2026 13:15,39.6,24,0.19
5/7/2026 13:30,41.1,24,0.19
5/7/2026 13:45,41,24,0.19
5/7/2026 14:00,39.6,24,0.19
5/7/2026 14:15,41.2,24,0.19
5/7/2026 14:30,40,24.1,0.19
5/7/2026 14:45,40.9,24.1,0.19
5/7/2026 15:00,39.4,24.1,0.19
5/7/2026 15:15,42.9,24.1,0.19
5/7/2026 15:30,42.8,24.1,0.19
5/7/2026 15:45,42.6,24.1,0.19
5/7/2026 16:00,39.8,24.1,0.19
5/7/2026 16:15,40.8,24.1,0.19
5/7/2026 16:30,39.1,24.1,0.19
5/7/2026 16:45,40.3,24.2,0.19
5/7/2026 17:00,39.9,24.2,0.19
5/7/2026 17:15,40,24.2,0.19
5/7/2026 17:30,43,24.2,0.19
5/7/2026 17:45,42.7,24.3,0.19
5/7/2026 18:00,41.4,24.3,0.19
5/7/2026 18:15,40.4,24.3,0.19
5/7/2026 18:30,42.4,24.3,0.19
5/7/2026 18:45,42.3,24.3,0.19
5/7/2026 19:00,42.1,24.3,0.19
5/7/2026 19:15,42.8,24.3,0.19
5/7/2026 19:30,42.6,24.3,0.19
5/7/2026 19:45,42.6,24.3,0.19
5/7/2026 20:00,42.7,24.3,0.19
5/7/2026 20:15,42.5,24.3,0.19
5/7/2026 20:30,41.8,24.2,0.19
5/7/2026 20:45,42.6,24.2,0.19
5/7/2026 21:00,42.6,24.2,0.19
5/7/2026 21:15,41.4,24.2,0.19
5/7/2026 21:30,41.8,24.1,0.19
5/7/2026 21:45,40.2,24.1,0.19
5/7/2026 22:00,43.1,24.1,0.19
5/7/2026 22:15,42.6,24.1,0.19
5/7/2026 22:30,42.7,24,0.19
5/7/2026 22:45,42.5,24,0.19
5/7/2026 23:00,42.3,24,0.19
5/7/2026 23:15,41.9,23.9,0.19
5/7/2026 23:30,42.4,23.9,0.19
5/7/2026 23:45,42,23.9,0.19
5/8/2026 0:00,42.3,23.8,0.19
5/8/2026 0:15,41.2,23.8,0.19
5/8/2026 0:30,42.5,23.8,0.19
5/8/2026 0:45,42.5,23.7,0.19
5/8/2026 1:00,41.6,23.7,0.19
5/8/2026 1:15,42.5,23.6,0.19
5/8/2026 1:30,42.6,23.6,0.19
5/8/2026 1:45,40.4,23.6,0.19
5/8/2026 2:00,42.8,23.5,0.19
5/8/2026 2:15,42.2,23.5,0.19
5/8/2026 2:30,41.8,23.4,0.19
5/8/2026 2:45,42.2,23.4,0.19
5/8/2026 3:00,42,23.4,0.19
5/8/2026 3:15,42.2,23.3,0.19
5/8/2026 3:30,42.2,23.3,0.19
5/8/2026 3:45,42.2,23.2,0.19
5/8/2026 4:00,42.2,23.2,0.19
5/8/2026 4:15,41.7,23.1,0.19
5/8/2026 4:30,42,23.1,0.19
5/8/2026 4:45,42.3,23,0.19
5/8/2026 5:00,42.1,23,0.19
5/8/2026 5:15,41.9,23,0.19
5/8/2026 5:30,41,22.9,0.19
5/8/2026 5:45,41.8,22.9,0.19
5/8/2026 6:00,41.9,22.8,0.19
5/8/2026 6:15,41.7,22.8,0.19
5/8/2026 6:30,40.5,22.8,0.19
5/8/2026 6:45,40.3,22.7,0.19
5/8/2026 7:00,39.5,22.7,0.19
5/8/2026 7:15,40,22.7,0.19
5/8/2026 7:30,39.5,22.6,0.19
5/8/2026 7:45,39.6,22.6,0.19
5/8/2026 8:00,41.1,22.6,0.19
5/8/2026 8:15,39.3,22.6,0.19
5/8/2026 8:30,42.3,22.6,0.19
5/8/2026 8:45,38.9,22.6,0.19
5/8/2026 9:00,39.6,22.6,0.19
5/8/2026 9:15,39.6,22.7,0.19
5/8/2026 9:30,42,22.7,0.19
5/8/2026 9:45,38.7,22.7,0.19
5/8/2026 10:00,43.1,22.8,0.19
5/8/2026 10:15,43.1,22.8,0.19
5/8/2026 10:30,41.9,22.9,0.19
5/8/2026 10:45,40.4,22.9,0.19
5/8/2026 11:00,39.1,23,0.19
5/8/2026 11:15,38.4,23,0.19
5/8/2026 11:30,42.2,23.1,0.19
5/8/2026 11:45,41.4,23.2,0.19
5/8/2026 12:00,42.3,23.3,0.19
5/8/2026 12:15,39.6,23.3,0.19
5/8/2026 12:30,41.8,23.4,0.19
5/8/2026 12:45,41.1,23.4,0.19
5/8/2026 13:00,42.2,23.5,0.19
5/8/2026 13:15,40.2,23.5,0.19
5/8/2026 13:30,42.9,23.6,0.19
5/8/2026 13:45,42.4,23.7,0.19
5/8/2026 14:00,43,23.8,0.19
5/8/2026 14:15,38.4,23.8,0.19
5/8/2026 14:30,40,23.9,0.19
5/8/2026 14:45,42.5,24,0.19
5/8/2026 15:00,39.1,24.1,0.19
5/8/2026 15:15,39.8,24.2,0.19
5/8/2026 15:30,40.2,24.3,0.19
5/8/2026 15:45,42.1,24.4,0.19
5/8/2026 16:00,42,24.5,0.19
5/8/2026 16:15,39.1,24.6,0.19
5/8/2026 16:30,40,24.6,0.19
5/8/2026 16:45,38.7,24.7,0.19
5/8/2026 17:00,41.5,24.7,0.19
5/8/2026 17:15,42.1,24.7,0.19
5/8/2026 17:30,38.9,24.8,0.19
5/8/2026 17:45,42.1,24.8,0.19
5/8/2026 18:00,40.8,24.8,0.19
5/8/2026 18:15,40.3,24.8,0.19
5/8/2026 18:30,41.8,24.8,0.19
5/8/2026 18:45,41.6,24.8,0.19
5/8/2026 19:00,41.7,24.7,0.19
5/8/2026 19:15,41.7,24.7,0.19
5/8/2026 19:30,41.9,24.7,0.19
5/8/2026 19:45,41.4,24.6,0.19
5/8/2026 20:00,41.2,24.6,0.19
5/8/2026 20:15,41.5,24.5,0.19
5/8/2026 20:30,41.5,24.5,0.19
5/8/2026 20:45,38.6,24.4,0.19
5/8/2026 21:00,39.2,24.4,0.19
5/8/2026 21:15,40.9,24.3,0.19
5/8/2026 21:30,40.1,24.3,0.19
5/8/2026 21:45,42,24.2,0.19
5/8/2026 22:00,41.6,24.2,0.19
5/8/2026 22:15,41.6,24.2,0.19
5/8/2026 22:30,41.5,24.1,0.19
5/8/2026 22:45,41.1,24.1,0.19
5/8/2026 23:00,41.4,24,0.19
5/8/2026 23:15,41.3,24,0.19
5/8/2026 23:30,41.5,23.9,0.19
5/8/2026 23:45,41,23.9,0.19
5/9/2026 0:00,40.4,23.9,0.19
5/9/2026 0:15,40.7,23.8,0.19
5/9/2026 0:30,40.9,23.8,0.19
5/9/2026 0:45,40.4,23.7,0.19
5/9/2026 1:00,41.2,23.7,0.19
5/9/2026 1:15,41.3,23.7,0.19
5/9/2026 1:30,41.3,23.6,0.19
5/9/2026 1:45,41,23.6,0.19
5/9/2026 2:00,41.3,23.6,0.19
5/9/2026 2:15,40.5,23.5,0.19
5/9/2026 2:30,41.1,23.5,0.19
5/9/2026 2:45,40.3,23.5,0.19
5/9/2026 3:00,40.5,23.4,0.19
5/9/2026 3:15,40.6,23.4,0.19
5/9/2026 3:30,40,23.4,0.19
5/9/2026 3:45,40.7,23.3,0.19
5/9/2026 4:00,40.6,23.3,0.19
5/9/2026 4:15,40.1,23.3,0.19
5/9/2026 4:30,38.9,23.2,0.19
5/9/2026 4:45,39.4,23.2,0.19
5/9/2026 5:00,38.6,23.2,0.19
5/9/2026 5:15,39,23.1,0.19
5/9/2026 5:30,38.7,23.1,0.19
5/9/2026 5:45,39,23.1,0.19
5/9/2026 6:00,39.2,23.1,0.19
5/9/2026 6:15,39,23,0.19
5/9/2026 6:30,38.6,23,0.19
5/9/2026 6:45,38.7,23,0.19
5/9/2026 7:00,38.9,23,0.19
5/9/2026 7:15,38.3,23,0.19
5/9/2026 7:30,38.3,23,0.19
5/9/2026 7:45,38.5,22.9,0.19
5/9/2026 8:00,38.5,22.9,0.19
5/9/2026 8:15,38.4,22.9,0.19
5/9/2026 8:30,38.4,22.9,0.19
5/9/2026 8:45,38.2,22.9,0.19
5/9/2026 9:00,40.6,23,0.19
5/9/2026 9:15,40.7,23,0.19
5/9/2026 9:30,39.5,23,0.19
5/9/2026 9:45,40.1,23,0.19
5/9/2026 10:00,37.9,23,0.19
5/9/2026 10:15,40.5,23,0.19
5/9/2026 10:30,41.8,23,0.19
5/9/2026 10:45,41.4,23,0.19
5/9/2026 11:00,41.7,23.1,0.19
5/9/2026 11:15,37.8,23.1,0.19
5/9/2026 11:30,41.8,23.1,0.19
5/9/2026 11:45,40.6,23.1,0.19
5/9/2026 12:00,37.8,23.2,0.19
5/9/2026 12:15,38.1,23.2,0.19
5/9/2026 12:30,38.6,23.3,0.19
5/9/2026 12:45,40.4,23.3,0.19
5/9/2026 13:00,42.3,23.4,0.19
5/9/2026 13:15,40.5,23.5,0.19
5/9/2026 13:30,42,23.6,0.19
5/9/2026 13:45,39.8,23.7,0.19
5/9/2026 14:00,41.4,23.8,0.19
5/9/2026 14:15,42,23.9,0.19
5/9/2026 14:30,38.5,23.9,0.19
5/9/2026 14:45,42.6,24,0.19
5/9/2026 15:00,38.4,24.1,0.19
5/9/2026 15:15,40,24.1,0.19
5/9/2026 15:30,39.9,24.2,0.19
5/9/2026 15:45,41.7,24.2,0.19
5/9/2026 16:00,41,24.2,0.19
5/9/2026 16:15,41,24.3,0.19
5/9/2026 16:30,40.9,24.3,0.19
5/9/2026 16:45,40.1,24.4,0.19
5/9/2026 17:00,38.5,24.4,0.19
5/9/2026 17:15,38.7,24.4,0.19
5/9/2026 17:30,38.6,24.4,0.19
5/9/2026 17:45,39.6,24.4,0.19
5/9/2026 18:00,40.5,24.5,0.19
5/9/2026 18:15,41.7,24.4,0.19
5/9/2026 18:30,41.4,24.4,0.19
5/9/2026 18:45,41.6,24.4,0.19
5/9/2026 19:00,41.3,24.4,0.19
5/9/2026 19:15,40.2,24.4,0.19
5/9/2026 19:30,41.3,24.4,0.19
5/9/2026 19:45,40.5,24.4,0.19
5/9/2026 20:00,41.5,24.4,0.19
5/9/2026 20:15,41.2,24.4,0.19
5/9/2026 20:30,41.4,24.4,0.19
5/9/2026 20:45,41.1,24.4,0.19
5/9/2026 21:00,41.1,24.4,0.19
5/9/2026 21:15,41.2,24.3,0.19
5/9/2026 21:30,41.2,24.3,0.19
5/9/2026 21:45,41.3,24.3,0.19
5/9/2026 22:00,41.3,24.2,0.19
5/9/2026 22:15,41.4,24.2,0.19
5/9/2026 22:30,41.1,24.2,0.19
5/9/2026 22:45,40.7,24.1,0.19
5/9/2026 23:00,40.4,24.1,0.19
5/9/2026 23:15,40,24.1,0.19
5/9/2026 23:30,40.4,24.1,0.19
5/9/2026 23:45,40.6,24,0.19
5/10/2026 0:00,40.6,24,0.19
5/10/2026 0:15,40,24,0.19
5/10/2026 0:30,39.8,23.9,0.19
5/10/2026 0:45,40,23.9,0.19
5/10/2026 1:00,40.8,23.9,0.19
5/10/2026 1:15,41.3,23.9,0.19
5/10/2026 1:30,41.1,23.8,0.19
5/10/2026 1:45,41.4,23.8,0.19
5/10/2026 2:00,41.2,23.8,0.19
5/10/2026 2:15,40.8,23.7,0.19
5/10/2026 2:30,41,23.7,0.19
5/10/2026 2:45,40.5,23.7,0.19
5/10/2026 3:00,40.6,23.7,0.19
5/10/2026 3:15,40.3,23.6,0.19
5/10/2026 3:30,40.4,23.6,0.19
5/10/2026 3:45,40.2,23.6,0.19
5/10/2026 4:00,40.3,23.6,0.19
5/10/2026 4:15,40.4,23.5,0.19
5/10/2026 4:30,40.6,23.5,0.19
5/10/2026 4:45,40.7,23.5,0.19
5/10/2026 5:00,41.1,23.5,0.19
5/10/2026 5:15,41.1,23.5,0.19
5/10/2026 5:30,40.8,23.4,0.19
5/10/2026 5:45,40.8,23.4,0.19
5/10/2026 6:00,41,23.4,0.19
5/10/2026 6:15,40.8,23.4,0.19
5/10/2026 6:30,40.9,23.4,0.19
5/10/2026 6:45,40.2,23.3,0.19
5/10/2026 7:00,39.9,23.3,0.19
5/10/2026 7:15,38.9,23.3,0.19
5/10/2026 7:30,38.1,23.3,0.19
5/10/2026 7:45,38.2,23.3,0.19
5/10/2026 8:00,38.5,23.3,0.19
5/10/2026 8:15,37.8,23.3,0.19
5/10/2026 8:30,38.3,23.3,0.19
5/10/2026 8:45,38.3,23.3,0.19
5/10/2026 9:00,39.3,23.3,0.19
5/10/2026 9:15,38.2,23.3,0.19
5/10/2026 9:30,40.8,23.3,0.19
5/10/2026 9:45,39.3,23.4,0.19
5/10/2026 10:00,38.3,23.4,0.19
5/10/2026 10:15,37.2,23.4,0.19
5/10/2026 10:30,39.2,23.4,0.19
5/10/2026 10:45,40.8,23.5,0.19
5/10/2026 11:00,37.2,23.5,0.19
5/10/2026 11:15,41.4,23.6,0.19
5/10/2026 11:30,40.2,23.6,0.19
5/10/2026 11:45,37.2,23.6,0.19
5/10/2026 12:00,37.3,23.7,0.19
5/10/2026 12:15,37.8,23.7,0.19
5/10/2026 12:30,37.2,23.8,0.19
5/10/2026 12:45,40.1,23.9,0.19
5/10/2026 13:00,40.6,24.1,0.19
5/10/2026 13:15,41.7,24.2,0.19
5/10/2026 13:30,38.4,24.3,0.19
5/10/2026 13:45,38.1,24.5,0.19
5/10/2026 14:00,37.4,24.6,0.19
5/10/2026 14:15,40.4,24.7,0.19
5/10/2026 14:30,39.9,24.9,0.19
5/10/2026 14:45,40.9,25,0.19
5/10/2026 15:00,40.5,25.1,0.19
5/10/2026 15:15,38.9,25.3,0.19
5/10/2026 15:30,40.7,25.4,0.19
5/10/2026 15:45,40,25.5,0.19
5/10/2026 16:00,39.4,25.6,0.19
5/10/2026 16:15,39.3,25.7,0.19
5/10/2026 16:30,41.7,25.8,0.19
5/10/2026 16:45,41.6,25.8,0.19
5/10/2026 17:00,41.9,25.9,0.19
5/10/2026 17:15,40,25.9,0.19
5/10/2026 17:30,40.8,25.9,0.19
5/10/2026 17:45,41.7,26,0.19
5/10/2026 18:00,41.2,26,0.19
5/10/2026 18:15,40.8,26,0.19
5/10/2026 18:30,40.8,26,0.19
5/10/2026 18:45,40.9,26,0.19
5/10/2026 19:00,40.7,26,0.19
5/10/2026 19:15,40.9,26,0.19
5/10/2026 19:30,40.7,25.9,0.19
5/10/2026 19:45,41.2,25.9,0.19
5/10/2026 20:00,40.9,25.9,0.19
5/10/2026 20:15,41.1,25.8,0.19
5/10/2026 20:30,40,25.8,0.19
5/10/2026 20:45,41.1,25.8,0.19
5/10/2026 21:00,40.8,25.7,0.19
5/10/2026 21:15,40.8,25.7,0.19
5/10/2026 21:30,39.8,25.7,0.19
5/10/2026 21:45,40.6,25.6,0.19
5/10/2026 22:00,40.8,25.6,0.19
5/10/2026 22:15,40.4,25.6,0.19
5/10/2026 22:30,40.4,25.5,0.19
5/10/2026 22:45,40.7,25.5,0.19
5/10/2026 23:00,40.7,25.4,0.19
5/10/2026 23:15,40.6,25.4,0.19
5/10/2026 23:30,38.6,25.4,0.19
5/10/2026 23:45,37.4,25.3,0.19
5/11/2026 0:00,40.4,25.3,0.19
5/11/2026 0:15,39.7,25.2,0.19
5/11/2026 0:30,39.7,25.2,0.19
5/11/2026 0:45,40.7,25.1,0.19
5/11/2026 1:00,40.3,25.1,0.19
5/11/2026 1:15,40.2,25.1,0.19
5/11/2026 1:30,38.5,25,0.19
5/11/2026 1:45,38.7,25,0.19
5/11/2026 2:00,39.7,25,0.19
5/11/2026 2:15,40.3,24.9,0.19
5/11/2026 2:30,40.3,24.9,0.19
5/11/2026 2:45,40,24.9,0.19
5/11/2026 3:00,40.1,24.8,0.19
5/11/2026 3:15,39.3,24.8,0.19
5/11/2026 3:30,39.4,24.7,0.19
5/11/2026 3:45,39.2,24.7,0.19
5/11/2026 4:00,39.2,24.7,0.19
5/11/2026 4:15,39.4,24.6,0.19
5/11/2026 4:30,39.7,24.6,0.19
5/11/2026 4:45,38.7,24.6,0.19
5/11/2026 5:00,39.3,24.5,0.19
5/11/2026 5:15,39,24.5,0.19
5/11/2026 5:30,38.6,24.5,0.19
5/11/2026 5:45,37.7,24.4,0.19
5/11/2026 6:00,39.5,24.4,0.19
5/11/2026 6:15,40,24.4,0.19
5/11/2026 6:30,39.4,24.3,0.19
5/11/2026 6:45,39.1,24.3,0.19
5/11/2026 7:00,37.6,24.3,0.19
5/11/2026 7:15,37.6,24.2,0.19
5/11/2026 7:30,37.8,24.2,0.19
5/11/2026 7:45,37.8,24.2,0.19
5/11/2026 8:00,38.5,24.2,0.19
5/11/2026 8:15,37.2,24.2,0.19
5/11/2026 8:30,38.6,24.2,0.19
5/11/2026 8:45,37.3,24.2,0.19
5/11/2026 9:00,39.2,24.2,0.19
5/11/2026 9:15,37.2,24.3,0.19
5/11/2026 9:30,39.6,24.3,0.19
5/11/2026 9:45,36.8,24.3,0.19
5/11/2026 10:00,37.6,24.3,0.19
5/11/2026 10:15,38.2,24.4,0.19
5/11/2026 10:30,38.8,24.4,0.19
5/11/2026 10:45,40.7,24.5,0.19
5/11/2026 11:00,40.4,24.5,0.19
5/11/2026 11:15,38.1,24.5,0.19
5/11/2026 11:30,38.7,24.6,0.19
5/11/2026 11:45,36.6,24.6,0.19
5/11/2026 12:00,40.8,24.7,0.19
5/11/2026 12:15,40.4,24.8,0.19
5/11/2026 12:30,41.2,24.8,0.19
5/11/2026 12:45,40.9,24.9,0.19
5/11/2026 13:00,40.8,25,0.19
5/11/2026 13:15,42.8,25.1,0.19
5/11/2026 13:30,41.2,25.1,0.19
5/11/2026 13:45,41.4,25,0.19
5/11/2026 14:00,43.9,25,0.19
5/11/2026 14:15,42.8,25,0.19
5/11/2026 14:30,41.6,25.1,0.19
5/11/2026 14:45,41.8,25.2,0.19
5/11/2026 15:00,45.5,25.2,0.19
5/11/2026 15:15,43.3,25.3,0.19
5/11/2026 15:30,41.3,25.3,0.19
5/11/2026 15:45,44.2,25.3,0.19
5/11/2026 16:00,43.8,25.3,0.19
5/11/2026 16:15,45,25.3,0.19
5/11/2026 16:30,44.7,25.4,0.19
5/11/2026 16:45,44.3,25.4,0.19
5/11/2026 17:00,44.8,25.4,0.19
5/11/2026 17:15,45,25.4,0.19
5/11/2026 17:30,43.7,25.4,0.19
5/11/2026 17:45,44.8,25.4,0.19
5/11/2026 18:00,45.2,25.4,0.19
5/11/2026 18:15,44.8,25.4,0.19
5/11/2026 18:30,44.8,25.4,0.19
5/11/2026 18:45,45.4,25.4,0.19
5/11/2026 19:00,45.4,25.4,0.19
5/11/2026 19:15,44.5,25.4,0.19
5/11/2026 19:30,45,25.4,0.19
5/11/2026 19:45,45.1,25.3,0.19
5/11/2026 20:00,45.1,25.3,0.19
5/11/2026 20:15,44.2,25.2,0.19
5/11/2026 20:30,44.1,25.2,0.19
5/11/2026 20:45,45,25.2,0.19
5/11/2026 21:00,43.9,25.1,0.19
5/11/2026 21:15,44.9,25.1,0.19
5/11/2026 21:30,44.6,25,0.19
5/11/2026 21:45,45,25,0.19
5/11/2026 22:00,44.9,24.9,0.19
5/11/2026 22:15,44.8,24.9,0.19
5/11/2026 22:30,44.8,24.9,0.19
5/11/2026 22:45,44.7,24.8,0.19
5/11/2026 23:00,44.6,24.8,0.19
5/11/2026 23:15,44.4,24.7,0.19
5/11/2026 23:30,44.4,24.7,0.19
5/11/2026 23:45,45.4,24.6,0.19
5/12/2026 0:00,45,24.6,0.19
5/12/2026 0:15,44.5,24.5,0.19
5/12/2026 0:30,44.6,24.5,0.19
5/12/2026 0:45,44.4,24.4,0.19
5/12/2026 1:00,44.8,24.4,0.19
5/12/2026 1:15,44.7,24.3,0.19
5/12/2026 1:30,44.1,24.3,0.19
5/12/2026 1:45,44.2,24.3,0.19
5/12/2026 2:00,44.6,24.2,0.19
5/12/2026 2:15,44.3,24.2,0.19
5/12/2026 2:30,44.3,24.1,0.19
5/12/2026 2:45,44,24.1,0.19
5/12/2026 3:00,44.5,24,0.19
5/12/2026 3:15,44.2,24,0.19
5/12/2026 3:30,45.1,23.9,0.19
5/12/2026 3:45,44.7,23.9,0.19
5/12/2026 4:00,44.5,23.9,0.19
5/12/2026 4:15,44.2,23.8,0.19
5/12/2026 4:30,44.4,23.8,0.19
5/12/2026 4:45,44.6,23.7,0.19
5/12/2026 5:00,43.9,23.7,0.19
5/12/2026 5:15,43.9,23.7,0.19
5/12/2026 5:30,44.4,23.6,0.19
5/12/2026 5:45,44.2,23.6,0.19
5/12/2026 6:00,44.5,23.5,0.19
5/12/2026 6:15,43.9,23.5,0.19
5/12/2026 6:30,43.5,23.4,0.19
5/12/2026 6:45,43.9,23.4,0.19
5/12/2026 7:00,41.9,23.4,0.19
5/12/2026 7:15,42.4,23.3,0.19
5/12/2026 7:30,41.9,23.3,0.19
5/12/2026 7:45,42.5,23.3,0.19
5/12/2026 8:00,43.7,23.2,0.19
5/12/2026 8:15,44.4,23.2,0.19
5/12/2026 8:30,43.7,23.2,0.19
5/12/2026 8:45,41.7,23.2,0.19
5/12/2026 9:00,42.2,23.2,0.19
5/12/2026 9:15,45,23.2,0.19
5/12/2026 9:30,41.3,23.2,0.19
5/12/2026 9:45,43.7,23.2,0.19
5/12/2026 10:00,43,23.2,0.19
5/12/2026 10:15,42.9,23.2,0.19
5/12/2026 10:30,41.4,23.2,0.19
5/12/2026 10:45,41.9,23.2,0.19
5/12/2026 11:00,42.7,23.2,0.19
5/12/2026 11:15,44,23.3,0.19
5/12/2026 11:30,44.2,23.3,0.19
5/12/2026 11:45,42.7,23.3,0.19
5/12/2026 12:00,44.6,23.3,0.19
5/12/2026 12:15,41.5,23.3,0.19
5/12/2026 12:30,41.7,23.3,0.19
5/12/2026 12:45,42.6,23.4,0.19
5/12/2026 13:00,43,23.4,0.19
5/12/2026 13:15,43.4,23.4,0.19
5/12/2026 13:30,42.7,23.4,0.19
5/12/2026 13:45,42.9,23.4,0.19
5/12/2026 14:00,42.6,23.4,0.19
5/12/2026 14:15,41.9,23.4,0.19
5/12/2026 14:30,41.5,23.5,0.19
5/12/2026 14:45,43.3,23.5,0.19
5/12/2026 15:00,43.2,23.5,0.19
5/12/2026 15:15,41.2,23.5,0.19
5/12/2026 15:30,42.2,23.5,0.19
5/12/2026 15:45,43.2,23.5,0.19
5/12/2026 16:00,40.8,23.5,0.19
5/12/2026 16:15,42.8,23.6,0.19
5/12/2026 16:30,41.5,23.6,0.19
5/12/2026 16:45,42.8,23.6,0.19
5/12/2026 17:00,44.4,23.7,0.19
5/12/2026 17:15,42.1,23.7,0.19
5/12/2026 17:30,44.5,23.7,0.19
5/12/2026 17:45,45.1,23.7,0.19
5/12/2026 18:00,44.3,23.7,0.19
5/12/2026 18:15,42.7,23.7,0.19
5/12/2026 18:30,43.6,23.7,0.19
5/12/2026 18:45,43.6,23.7,0.19
5/12/2026 19:00,43.9,23.7,0.19
5/12/2026 19:15,43.8,23.7,0.19
5/12/2026 19:30,43.9,23.6,0.19
5/12/2026 19:45,43.3,23.6,0.19
5/12/2026 20:00,43.9,23.5,0.19
5/12/2026 20:15,43.8,23.5,0.19
5/12/2026 20:30,42.6,23.5,0.19
5/12/2026 20:45,43.5,23.4,0.19
5/12/2026 21:00,42.9,23.4,0.19
5/12/2026 21:15,44.3,23.3,0.19
5/12/2026 21:30,43.3,23.3,0.19
5/12/2026 21:45,43,23.3,0.19
5/12/2026 22:00,42.5,23.2,0.19
5/12/2026 22:15,43.2,23.2,0.19
5/12/2026 22:30,42.4,23.2,0.19
5/12/2026 22:45,43.4,23.1,0.19
5/12/2026 23:00,43,23.1,0.19
5/12/2026 23:15,42.7,23.1,0.19
5/12/2026 23:30,41.8,23,0.19
5/12/2026 23:45,42.9,23,0.19
5/13/2026 0:00,41.7,23,0.19
5/13/2026 0:15,41.6,23,0.19
5/13/2026 0:30,42.1,22.9,0.19
5/13/2026 0:45,41.2,22.9,0.19
5/13/2026 1:00,41.2,22.9,0.19
5/13/2026 1:15,41,22.9,0.19
5/13/2026 1:30,41.6,22.9,0.19
5/13/2026 1:45,41.5,22.8,0.19
5/13/2026 2:00,41.2,22.8,0.19
5/13/2026 2:15,40.9,22.8,0.19
5/13/2026 2:30,41.7,22.8,0.19
5/13/2026 2:45,41.8,22.8,0.19
5/13/2026 3:00,41.8,22.8,0.19
5/13/2026 3:15,41.9,22.7,0.19
5/13/2026 3:30,42.6,22.7,0.19
5/13/2026 3:45,42.8,22.7,0.19
5/13/2026 4:00,42.5,22.7,0.19
5/13/2026 4:15,41.7,22.7,0.19
5/13/2026 4:30,42.3,22.6,0.19
5/13/2026 4:45,41.7,22.6,0.19
5/13/2026 5:00,41.2,22.6,0.19
5/13/2026 5:15,41.5,22.6,0.19
5/13/2026 5:30,41.7,22.5,0.19
5/13/2026 5:45,41.9,22.5,0.19
5/13/2026 6:00,42,22.5,0.19
5/13/2026 6:15,42.5,22.5,0.19
5/13/2026 6:30,42.3,22.4,0.19
5/13/2026 6:45,42,22.4,0.19
5/13/2026 7:00,41.9,22.4,0.19
5/13/2026 7:15,40.6,22.4,0.19
5/13/2026 7:30,41.1,22.3,0.19
5/13/2026 7:45,41.4,22.3,0.19
5/13/2026 8:00,43.7,22.3,0.19
5/13/2026 8:15,40,22.3,0.19
5/13/2026 8:30,44.5,22.3,0.19
5/13/2026 8:45,44,22.3,0.19
5/13/2026 9:00,44.4,22.3,0.19
5/13/2026 9:15,44.2,22.4,0.19
5/13/2026 9:30,40,22.4,0.19
5/13/2026 9:45,40,22.4,0.19
5/13/2026 10:00,44.4,22.5,0.19
5/13/2026 10:15,40.5,22.5,0.19
5/13/2026 10:30,40.6,22.6,0.19
5/13/2026 10:45,41,22.7,0.19
5/13/2026 11:00,43.5,22.7,0.19
5/13/2026 11:15,40.5,22.8,0.19
5/13/2026 11:30,40.8,22.9,0.19
5/13/2026 11:45,42,23,0.19
5/13/2026 12:00,44.4,23.1,0.19
5/13/2026 12:15,43.9,23.2,0.19
5/13/2026 12:30,40.3,23.3,0.19
5/13/2026 12:45,39.8,23.4,0.19
5/13/2026 13:00,43.5,23.5,0.19
5/13/2026 13:15,42.2,23.7,0.19
5/13/2026 13:30,40.6,23.8,0.19
5/13/2026 13:45,44.2,23.9,0.19
5/13/2026 14:00,41.1,24,0.19
5/13/2026 14:15,40.8,24.1,0.19
5/13/2026 14:30,39.5,24.1,0.19
5/13/2026 14:45,39.8,24.2,0.19
5/13/2026 15:00,42,24.4,0.19
5/13/2026 15:15,44.1,24.5,0.19
5/13/2026 15:30,41.6,24.6,0.19
5/13/2026 15:45,40.8,24.7,0.19
5/13/2026 16:00,43.3,24.8,0.19
5/13/2026 16:15,40.8,24.9,0.19
5/13/2026 16:30,42.8,25,0.19
5/13/2026 16:45,41.1,25.1,0.19
5/13/2026 17:00,43.8,25.1,0.19
5/13/2026 17:15,41.5,25.2,0.19
5/13/2026 17:30,43.8,25.3,0.19
5/13/2026 17:45,41.8,25.3,0.19
5/13/2026 18:00,41.9,25.4,0.19
5/13/2026 18:15,43.1,25.4,0.19
5/13/2026 18:30,42.3,25.4,0.19
5/13/2026 18:45,41.9,25.4,0.19
5/13/2026 19:00,43.1,25.4,0.19
5/13/2026 19:15,43.3,25.4,0.19
5/13/2026 19:30,42.9,25.4,0.19
5/13/2026 19:45,41.7,25.4,0.19
5/13/2026 20:00,43.1,25.4,0.19
5/13/2026 20:15,43.2,25.3,0.19
5/13/2026 20:30,42.4,25.3,0.19
5/13/2026 20:45,43.6,25.3,0.19
5/13/2026 21:00,43.3,25.3,0.19
5/13/2026 21:15,43.2,25.2,0.19
5/13/2026 21:30,41.5,25.2,0.19
5/13/2026 21:45,43.1,25.2,0.19
5/13/2026 22:00,43.3,25.1,0.19
5/13/2026 22:15,42.3,25.1,0.19
5/13/2026 22:30,43.1,25.1,0.19
5/13/2026 22:45,43.1,25,0.19
5/13/2026 23:00,43.1,25,0.19
5/13/2026 23:15,43.2,25,0.19
5/13/2026 23:30,43.1,24.9,0.19
5/13/2026 23:45,43,24.9,0.19
5/14/2026 0:00,43.2,24.9,0.19
5/14/2026 0:15,43.1,24.8,0.19
5/14/2026 0:30,42.9,24.8,0.19
5/14/2026 0:45,42.9,24.7,0.19
5/14/2026 1:00,42.9,24.7,0.19
5/14/2026 1:15,42.8,24.6,0.19
5/14/2026 1:30,42.9,24.6,0.19
5/14/2026 1:45,42.8,24.5,0.19
5/14/2026 2:00,42.8,24.5,0.19
5/14/2026 2:15,42.8,24.4,0.19
5/14/2026 2:30,42.9,24.4,0.19
5/14/2026 2:45,42.6,24.3,0.19
5/14/2026 3:00,42.8,24.3,0.19
5/14/2026 3:15,42.8,24.3,0.19
5/14/2026 3:30,42.8,24.2,0.19
5/14/2026 3:45,43,24.2,0.19
5/14/2026 4:00,42.7,24.1,0.19
5/14/2026 4:15,42.7,24.1,0.19
5/14/2026 4:30,42.6,24,0.19
5/14/2026 4:45,42.7,24,0.19
5/14/2026 5:00,42.7,23.9,0.19
5/14/2026 5:15,42.7,23.9,0.19
5/14/2026 5:30,42.5,23.8,0.19
5/14/2026 5:45,42.6,23.8,0.19
5/14/2026 6:00,42.5,23.8,0.19
5/14/2026 6:15,42.3,23.7,0.19
5/14/2026 6:30,41.7,23.7,0.19
5/14/2026 6:45,40,23.6,0.19
5/14/2026 7:00,40.4,23.6,0.19
5/14/2026 7:15,40.4,23.6,0.19
5/14/2026 7:30,40.5,23.6,0.19
5/14/2026 7:45,39.8,23.6,0.19
5/14/2026 8:00,41.9,23.5,0.19
5/14/2026 8:15,40.3,23.5,0.19
5/14/2026 8:30,42.6,23.5,0.19
5/14/2026 8:45,41.2,23.6,0.19
5/14/2026 9:00,42.7,23.6,0.19
5/14/2026 9:15,42.2,23.6,0.18
5/14/2026 9:30,41.5,23.6,0.18
5/14/2026 9:45,42.3,23.7,0.18
5/14/2026 10:00,42.6,23.7,0.18
5/14/2026 10:15,39.7,23.7,0.18
5/14/2026 10:30,40.7,23.8,0.18
5/14/2026 10:45,39.1,23.8,0.18
5/14/2026 11:00,42.6,23.9,0.18
5/14/2026 11:15,41.3,23.9,0.18
5/14/2026 11:30,42.6,24,0.18
5/14/2026 11:45,39.5,24.1,0.18
5/14/2026 12:00,43.6,24.1,0.18
5/14/2026 12:15,42.6,24.2,0.18
5/14/2026 12:30,43.1,24.3,0.18
5/14/2026 12:45,43.6,24.4,0.18
5/14/2026 13:00,42.7,24.5,0.18
5/14/2026 13:15,40.8,24.6,0.18
5/14/2026 13:30,43.5,24.6,0.18
5/14/2026 13:45,43.4,24.7,0.18
5/14/2026 14:00,39.5,24.8,0.18
5/14/2026 14:15,43.1,24.9,0.18
5/14/2026 14:30,40.1,25,0.18
5/14/2026 14:45,42.4,25,0.18
5/14/2026 15:00,40.2,25.1,0.18
5/14/2026 15:15,38.9,25.1,0.18
5/14/2026 15:30,42.2,25.2,0.18
5/14/2026 15:45,41,25.2,0.18
5/14/2026 16:00,40.6,25.3,0.18
5/14/2026 16:15,39,25.4,0.18
5/14/2026 16:30,42.5,25.4,0.18
5/14/2026 16:45,42.8,25.5,0.18
5/14/2026 17:00,39.2,25.5,0.19
5/14/2026 17:15,43.2,25.5,0.18
5/14/2026 17:30,43.5,25.6,0.18
5/14/2026 17:45,43.3,25.6,0.18
5/14/2026 18:00,42.7,25.6,0.19
5/14/2026 18:15,41.9,25.7,0.18
5/14/2026 18:30,43.1,25.7,0.19
5/14/2026 18:45,40.5,25.8,0.18
5/14/2026 19:00,42.6,25.8,0.18
5/14/2026 19:15,42.4,25.8,0.18
5/14/2026 19:30,42.9,25.9,0.18
5/14/2026 19:45,42.1,25.9,0.18
5/14/2026 20:00,42.7,25.9,0.18
5/14/2026 20:15,42.8,25.9,0.19
5/14/2026 20:30,42.2,25.9,0.18
5/14/2026 20:45,43,25.8,0.18
5/14/2026 21:00,42.7,25.8,0.18
5/14/2026 21:15,42.8,25.8,0.18
5/14/2026 21:30,42.8,25.7,0.18
5/14/2026 21:45,42.8,25.6,0.18
5/14/2026 22:00,42.2,25.6,0.18
5/14/2026 22:15,42.3,25.5,0.18
5/14/2026 22:30,42,25.5,0.18
5/14/2026 22:45,42.7,25.4,0.18
5/14/2026 23:00,41.7,25.3,0.18
5/14/2026 23:15,42.3,25.2,0.18
5/14/2026 23:30,42,25.2,0.18
5/14/2026 23:45,42.2,25.1,0.18
5/15/2026 0:00,42.2,25,0.18
5/15/2026 0:15,41.7,25,0.18
5/15/2026 0:30,42.3,24.9,0.18
5/15/2026 0:45,41.6,24.8,0.18
5/15/2026 1:00,41.7,24.8,0.18
5/15/2026 1:15,42,24.7,0.18
5/15/2026 1:30,42.8,24.6,0.18
5/15/2026 1:45,41.8,24.5,0.18
5/15/2026 2:00,42,24.5,0.18
5/15/2026 2:15,42.4,24.4,0.18
5/15/2026 2:30,41.9,24.3,0.18
5/15/2026 2:45,42.1,24.3,0.18
5/15/2026 3:00,42.4,24.2,0.18
5/15/2026 3:15,41.9,24.1,0.18
5/15/2026 3:30,41.7,24.1,0.18
5/15/2026 3:45,41.3,24,0.18
5/15/2026 4:00,42.3,23.9,0.18
5/15/2026 4:15,42.2,23.9,0.18
5/15/2026 4:30,42.1,23.8,0.18
5/15/2026 4:45,41.9,23.7,0.18
5/15/2026 5:00,42,23.7,0.18
5/15/2026 5:15,42,23.6,0.18
5/15/2026 5:30,42.2,23.5,0.18
5/15/2026 5:45,41.4,23.5,0.18
5/15/2026 6:00,41.5,23.4,0.18
5/15/2026 6:15,41.6,23.4,0.18
5/15/2026 6:30,41.4,23.3,0.18
5/15/2026 6:45,40.3,23.3,0.18
5/15/2026 7:00,39,23.2,0.18
5/15/2026 7:15,39.3,23.2,0.18
5/15/2026 7:30,39.1,23.1,0.18
5/15/2026 7:45,38.5,23.1,0.18
5/15/2026 8:00,41.4,23,0.18
5/15/2026 8:15,39.6,23,0.18
5/15/2026 8:30,38.8,23,0.18
5/15/2026 8:45,38.9,23,0.18
5/15/2026 9:00,40.1,23.1,0.18
5/15/2026 9:15,40.5,23.1,0.18
5/15/2026 9:30,41.8,23.1,0.18
5/15/2026 9:45,39.3,23.2,0.18
5/15/2026 10:00,39.9,23.2,0.18
5/15/2026 10:15,39.5,23.3,0.18
5/15/2026 10:30,40.8,23.3,0.18
5/15/2026 10:45,42.1,23.4,0.17
5/15/2026 11:00,39.4,23.5,0.17
5/15/2026 11:15,39.3,23.5,0.17
5/15/2026 11:30,38.8,23.6,0.17
5/15/2026 11:45,38.7,23.7,0.17
5/15/2026 12:00,38.3,23.7,0.17
5/15/2026 12:15,41.6,23.8,0.17
5/15/2026 12:30,42.9,23.9,0.17
5/15/2026 12:45,41.6,24,0.17
5/15/2026 13:00,41.7,24.1,0.17
5/15/2026 13:15,38.3,24.2,0.17
5/15/2026 13:30,39.3,24.3,0.17
5/15/2026 13:45,38.1,24.4,0.17
5/15/2026 14:00,40.8,24.5,0.17
5/15/2026 14:15,40.2,24.6,0.17
5/15/2026 14:30,38.2,24.7,0.17
5/15/2026 14:45,41,24.8,0.17
5/15/2026 15:00,41.4,25,0.17
5/15/2026 15:15,40.3,25.2,0.17
5/15/2026 15:30,41.1,25.3,0.17
5/15/2026 15:45,40.4,25.5,0.17
5/15/2026 16:00,40.4,25.6,0.17
5/15/2026 16:15,42.1,25.6,0.17
5/15/2026 16:30,41.8,25.7,0.17
5/15/2026 16:45,40.8,25.7,0.17
5/15/2026 17:00,40.8,25.8,0.17
5/15/2026 17:15,41.1,25.9,0.17
5/15/2026 17:30,41.8,25.9,0.17
5/15/2026 17:45,41.6,26,0.16
5/15/2026 18:00,41.7,26,0.16
5/15/2026 18:15,41.8,26,0.16
5/15/2026 18:30,41.5,25.9,0.16
5/15/2026 18:45,41.4,25.9,0.16
5/15/2026 19:00,41.4,25.8,0.16
5/15/2026 19:15,40.2,25.8,0.16
5/15/2026 19:30,41.1,25.7,0.16
5/15/2026 19:45,41.1,25.7,0.16
5/15/2026 20:00,40.4,25.6,0.16
5/15/2026 20:15,41.5,25.6,0.16
5/15/2026 20:30,41.6,25.5,0.16
5/15/2026 20:45,41.4,25.5,0.16
5/15/2026 21:00,41.2,25.4,0.16
5/15/2026 21:15,41.2,25.3,0.16
5/15/2026 21:30,41.4,25.3,0.16
5/15/2026 21:45,41.3,25.2,0.16
5/15/2026 22:00,41.5,25.1,0.16
5/15/2026 22:15,41.2,25.1,0.16
5/15/2026 22:30,40.9,25,0.16
5/15/2026 22:45,41,24.9,0.16
5/15/2026 23:00,41.2,24.9,0.16
5/15/2026 23:15,39.9,24.8,0.16
5/15/2026 23:30,41.4,24.8,0.16
5/15/2026 23:45,41.1,24.7,0.16
5/16/2026 0:00,40.4,24.6,0.16
5/16/2026 0:15,41.3,24.6,0.16
5/16/2026 0:30,41.4,24.5,0.16
5/16/2026 0:45,40.9,24.5,0.16
5/16/2026 1:00,41,24.4,0.16
5/16/2026 1:15,41.1,24.4,0.16
5/16/2026 1:30,41,24.3,0.16
5/16/2026 1:45,40.7,24.3,0.16
5/16/2026 2:00,40.4,24.2,0.16
5/16/2026 2:15,40.7,24.2,0.16
5/16/2026 2:30,40.7,24.1,0.16
5/16/2026 2:45,40.8,24.1,0.16
5/16/2026 3:00,40.2,24,0.16
5/16/2026 3:15,40.2,24,0.16
5/16/2026 3:30,40.5,23.9,0.16
5/16/2026 3:45,40.6,23.9,0.16
5/16/2026 4:00,40.9,23.8,0.16
5/16/2026 4:15,41,23.8,0.16
5/16/2026 4:30,41,23.7,0.16
5/16/2026 4:45,40.8,23.7,0.16
5/16/2026 5:00,40.6,23.7,0.16
5/16/2026 5:15,40.6,23.6,0.16
5/16/2026 5:30,40.7,23.6,0.16
5/16/2026 5:45,40.7,23.5,0.16
5/16/2026 6:00,40.2,23.5,0.16
5/16/2026 6:15,40.3,23.5,0.16
5/16/2026 6:30,39.5,23.4,0.16
5/16/2026 6:45,38.5,23.4,0.16
5/16/2026 7:00,37.9,23.4,0.16
5/16/2026 7:15,38,23.3,0.16
5/16/2026 7:30,38,23.3,0.16
5/16/2026 7:45,37.4,23.3,0.16
5/16/2026 8:00,39.7,23.3,0.16
5/16/2026 8:15,38.1,23.3,0.16
5/16/2026 8:30,40.2,23.3,0.16
5/16/2026 8:45,39.8,23.3,0.16
5/16/2026 9:00,42.2,23.4,0.16
5/16/2026 9:15,39.8,23.4,0.16
5/16/2026 9:30,38,23.5,0.16
5/16/2026 9:45,40.3,23.5,0.16
5/16/2026 10:00,39.2,23.6,0.16
5/16/2026 10:15,39.3,23.7,0.16
5/16/2026 10:30,41.1,23.7,0.16
5/16/2026 10:45,39.1,23.8,0.16
5/16/2026 11:00,40.5,23.9,0.16
5/16/2026 11:15,37.8,24,0.16
5/16/2026 11:30,38.8,24.1,0.16
5/16/2026 11:45,39,24.1,0.16
5/16/2026 12:00,41.1,24.2,0.15
5/16/2026 12:15,39.2,24.3,0.15
5/16/2026 12:30,40.9,24.4,0.15
5/16/2026 12:45,40.5,24.5,0.15
5/16/2026 13:00,38.4,24.6,0.15
5/16/2026 13:15,40.2,24.7,0.15
5/16/2026 13:30,38.3,24.9,0.15
5/16/2026 13:45,39.7,25,0.15
5/16/2026 14:00,40.8,25.1,0.15
5/16/2026 14:15,38.4,25.2,0.15
5/16/2026 14:30,40.7,25.3,0.15
5/16/2026 14:45,38.7,25.4,0.15
5/16/2026 15:00,39.5,25.5,0.15
5/16/2026 15:15,41.4,25.6,0.15
5/16/2026 15:30,39.6,25.7,0.15
5/16/2026 15:45,38.5,25.8,0.15
5/16/2026 16:00,39,25.9,0.15
5/16/2026 16:15,41.3,26,0.15
5/16/2026 16:30,40.5,26,0.15
5/16/2026 16:45,40.9,26.1,0.15
5/16/2026 17:00,39.7,26.1,0.15
5/16/2026 17:15,41,26.2,0.15
5/16/2026 17:30,40.7,26.2,0.15
5/16/2026 17:45,41,26.2,0.15
5/16/2026 18:00,40.4,26.2,0.15
5/16/2026 18:15,39.8,26.2,0.15
5/16/2026 18:30,40.6,26.2,0.15
5/16/2026 18:45,40.2,26.2,0.15
5/16/2026 19:00,40.5,26.1,0.15
5/16/2026 19:15,40.6,26.1,0.15
5/16/2026 19:30,40.3,26.1,0.15
5/16/2026 19:45,40.6,26,0.15
5/16/2026 20:00,40.2,26,0.15
5/16/2026 20:15,40.2,25.9,0.15
5/16/2026 20:30,38.3,25.9,0.15
5/16/2026 20:45,39.6,25.8,0.15
5/16/2026 21:00,40.4,25.8,0.15
5/16/2026 21:15,39.6,25.8,0.15
5/16/2026 21:30,40.4,25.7,0.15
5/16/2026 21:45,38.7,25.7,0.15
5/16/2026 22:00,39.5,25.6,0.15
5/16/2026 22:15,40.5,25.6,0.15
5/16/2026 22:30,39.5,25.6,0.15
5/16/2026 22:45,39.1,25.5,0.15
5/16/2026 23:00,40.2,25.5,0.15
5/16/2026 23:15,39.8,25.4,0.15
5/16/2026 23:30,40.3,25.4,0.15
5/16/2026 23:45,39.8,25.4,0.15
5/17/2026 0:00,39.8,25.3,0.15
5/17/2026 0:15,39.6,25.3,0.15
5/17/2026 0:30,40.4,25.3,0.15
5/17/2026 0:45,40.3,25.2,0.15
5/17/2026 1:00,40,25.2,0.15
5/17/2026 1:15,39.5,25.1,0.15
5/17/2026 1:30,40.1,25.1,0.15
5/17/2026 1:45,39.9,25.1,0.15
5/17/2026 2:00,40.1,25,0.15
5/17/2026 2:15,40.1,25,0.15
5/17/2026 2:30,40,25,0.15
5/17/2026 2:45,39.7,24.9,0.15
5/17/2026 3:00,39.8,24.9,0.15
5/17/2026 3:15,39.7,24.9,0.15
5/17/2026 3:30,39.8,24.8,0.15
5/17/2026 3:45,39.6,24.8,0.16
5/17/2026 4:00,39.9,24.8,0.15
5/17/2026 4:15,39.7,24.7,0.15
5/17/2026 4:30,39.9,24.7,0.15
5/17/2026 4:45,39.9,24.7,0.15
5/17/2026 5:00,39.7,24.6,0.15
5/17/2026 5:15,39.7,24.6,0.15
5/17/2026 5:30,39.5,24.6,0.16
5/17/2026 5:45,39.9,24.5,0.16
5/17/2026 6:00,39.7,24.5,0.15
5/17/2026 6:15,39.5,24.5,0.16
5/17/2026 6:30,38.7,24.4,0.16
5/17/2026 6:45,37.4,24.4,0.16
5/17/2026 7:00,37.1,24.4,0.16
5/17/2026 7:15,37,24.3,0.16
5/17/2026 7:30,36.8,24.3,0.16
5/17/2026 7:45,37,24.3,0.16
5/17/2026 8:00,39.2,24.3,0.16
5/17/2026 8:15,36.5,24.3,0.16
5/17/2026 8:30,37.2,24.3,0.16
5/17/2026 8:45,40.7,24.3,0.16
5/17/2026 9:00,37.8,24.3,0.16
5/17/2026 9:15,40.3,24.4,0.16
5/17/2026 9:30,38.7,24.4,0.16
5/17/2026 9:45,40.2,24.5,0.16
5/17/2026 10:00,38.9,24.5,0.16
5/17/2026 10:15,36.7,24.6,0.16
5/17/2026 10:30,40,24.7,0.16
5/17/2026 10:45,40.2,24.8,0.16
5/17/2026 11:00,39.8,24.9,0.16
5/17/2026 11:15,--,--,--
5/17/2026 11:30,38.4,25,0.16
5/17/2026 11:45,38,25.1,0.16
5/17/2026 12:00,36.9,25.2,0.16
5/17/2026 12:15,38.6,25.3,0.16
5/17/2026 12:30,40.2,25.4,0.16
5/17/2026 12:45,38.4,25.5,0.16
5/17/2026 13:00,38.6,25.6,0.16
5/17/2026 13:15,38.2,25.7,0.16
5/17/2026 13:30,39.1,25.8,0.16
5/17/2026 13:45,38.7,25.9,0.16
5/17/2026 14:00,39.3,26.1,0.16
5/17/2026 14:15,38.3,26.2,0.16
5/17/2026 14:30,40.3,26.4,0.16
5/17/2026 14:45,39.9,26.5,0.16
5/17/2026 15:00,39.9,26.6,0.16
5/17/2026 15:15,37.5,26.7,0.16
5/17/2026 15:30,40,26.8,0.16
5/17/2026 15:45,39.2,27,0.16
5/17/2026 16:00,38.8,27.1,0.16
5/17/2026 16:15,40.7,27.1,0.16
5/17/2026 16:30,36.8,27.2,0.16
5/17/2026 16:45,38.6,27.3,0.16
5/17/2026 17:00,39.3,27.3,0.16
5/17/2026 17:15,40.4,27.4,0.16
5/17/2026 17:30,39.7,27.4,0.16
5/17/2026 17:45,39.5,27.4,0.16
5/17/2026 18:00,39.5,27.5,0.16
5/17/2026 18:15,39.1,27.5,0.16
5/17/2026 18:30,38.8,27.4,0.16
5/17/2026 18:45,38.4,27.4,0.16
5/17/2026 19:00,39.4,27.4,0.16
5/17/2026 19:15,39.5,27.4,0.16
5/17/2026 19:30,39.5,27.3,0.16
5/17/2026 19:45,39.7,27.3,0.16
5/17/2026 20:00,39.6,27.3,0.16
5/17/2026 20:15,40.1,27.3,0.16
5/17/2026 20:30,38.9,27.2,0.16
5/17/2026 20:45,39.5,27.2,0.16
5/17/2026 21:00,39.8,27.2,0.16
5/17/2026 21:15,39.9,27.1,0.16
5/17/2026 21:30,39.6,27.1,0.16
5/17/2026 21:45,39.4,27.1,0.16
5/17/2026 22:00,39.1,27,0.16
5/17/2026 22:15,39.7,27,0.16
5/17/2026 22:30,39.2,26.9,0.16
5/17/2026 22:45,39.4,26.9,0.16
5/17/2026 23:00,39,26.8,0.16
5/17/2026 23:15,39.5,26.8,0.16
5/17/2026 23:30,39.4,26.7,0.16
5/17/2026 23:45,39.2,26.7,0.16
5/18/2026 0:00,39.4,26.7,0.16
5/18/2026 0:15,39.4,26.6,0.16
5/18/2026 0:30,39.2,26.6,0.16
5/18/2026 0:45,39.2,26.5,0.16
5/18/2026 1:00,39.1,26.5,0.16
5/18/2026 1:15,39.4,26.5,0.16
5/18/2026 1:30,39.1,26.4,0.16
5/18/2026 1:45,39,26.4,0.16
5/18/2026 2:00,39,26.3,0.16
5/18/2026 2:15,38.8,26.3,0.16
5/18/2026 2:30,38.7,26.2,0.16
5/18/2026 2:45,38.6,26.2,0.16
5/18/2026 3:00,38.9,26.2,0.16
5/18/2026 3:15,38.8,26.1,0.16
5/18/2026 3:30,38.9,26.1,0.16
5/18/2026 3:45,38.9,26.1,0.16
5/18/2026 4:00,38.5,26,0.16
5/18/2026 4:15,38.9,26,0.16
5/18/2026 4:30,38.8,26,0.16
5/18/2026 4:45,38.8,25.9,0.16
5/18/2026 5:00,37.4,25.9,0.16
5/18/2026 5:15,36.9,25.8,0.16
5/18/2026 5:30,37.4,25.8,0.16
5/18/2026 5:45,37.5,25.8,0.16
5/18/2026 6:00,37.7,25.8,0.16
5/18/2026 6:15,38.3,25.7,0.16
5/18/2026 6:30,38.1,25.7,0.16
5/18/2026 6:45,37.4,25.7,0.16
5/18/2026 7:00,36.4,25.6,0.16
5/18/2026 7:15,36.3,25.6,0.16
5/18/2026 7:30,36.1,25.6,0.16
5/18/2026 7:45,36.3,25.6,0.16
5/18/2026 8:00,37.2,25.6,0.16
5/18/2026 8:15,36.1,25.6,0.16
5/18/2026 8:30,36.2,25.6,0.16
5/18/2026 8:45,36.3,25.6,0.16
5/18/2026 9:00,38.8,25.6,0.16
5/18/2026 9:15,36.4,25.6,0.16
5/18/2026 9:30,40.3,25.7,0.16
5/18/2026 9:45,35.4,25.7,0.16
5/18/2026 10:00,36.1,25.7,0.16
5/18/2026 10:15,35.9,25.8,0.16
5/18/2026 10:30,37.9,25.9,0.16
5/18/2026 10:45,36,25.9,0.16
5/18/2026 11:00,40.1,26,0.16
5/18/2026 11:15,38.9,26,0.16
5/18/2026 11:30,40.3,26.1,0.16
5/18/2026 11:45,40.2,26.1,0.16
5/18/2026 12:00,37.2,26.2,0.16
5/18/2026 12:15,38.1,26.3,0.16
5/18/2026 12:30,38.7,26.4,0.16
5/18/2026 12:45,38.7,26.6,0.16
5/18/2026 13:00,36.4,26.8,0.16
5/18/2026 13:15,37.1,27,0.16
5/18/2026 13:30,39,27.1,0.16
5/18/2026 13:45,37,27.3,0.15
5/18/2026 14:00,39.3,27.5,0.15
5/18/2026 14:15,36.1,27.6,0.15
5/18/2026 14:30,36.8,27.7,0.15
5/18/2026 14:45,38.7,27.9,0.15
5/18/2026 15:00,37,28,0.15
5/18/2026 15:15,38.3,28.1,0.15
5/18/2026 15:30,36.1,28.2,0.15
5/18/2026 15:45,38.2,28.3,0.15
5/18/2026 16:00,38.4,28.4,0.15
5/18/2026 16:15,38,28.5,0.15
5/18/2026 16:30,38.4,28.5,0.15
5/18/2026 16:45,36.9,28.6,0.15
5/18/2026 17:00,38.8,28.7,0.15
5/18/2026 17:15,38.4,28.7,0.15
5/18/2026 17:30,38.5,28.8,0.15
5/18/2026 17:45,38.3,28.8,0.15
5/18/2026 18:00,38.3,28.9,0.15
5/18/2026 18:15,39,28.9,0.15
5/18/2026 18:30,38.6,28.8,0.15
5/18/2026 18:45,38.5,28.8,0.15
5/18/2026 19:00,38.3,28.8,0.15
5/18/2026 19:15,38.8,28.8,0.15
5/18/2026 19:30,38.9,28.7,0.15
5/18/2026 19:45,38.4,28.7,0.15
5/18/2026 20:00,39,28.6,0.15
5/18/2026 20:15,37.5,28.6,0.15
5/18/2026 20:30,39.3,28.6,0.15
5/18/2026 20:45,38.4,28.5,0.15
5/18/2026 21:00,38.6,28.5,0.15
5/18/2026 21:15,38.6,28.5,0.15
5/18/2026 21:30,38.8,28.4,0.15
5/18/2026 21:45,37.6,28.4,0.15
5/18/2026 22:00,38.1,28.3,0.15
5/18/2026 22:15,38.2,28.3,0.16
5/18/2026 22:30,38.9,28.2,0.15
5/18/2026 22:45,38.1,28.2,0.16
5/18/2026 23:00,39,28.1,0.16
5/18/2026 23:15,38.2,28.1,0.15
5/18/2026 23:30,38.8,28,0.16
5/18/2026 23:45,38.6,28,0.16
5/19/2026 0:00,38.5,27.9,0.16
5/19/2026 0:15,38.6,27.9,0.16
5/19/2026 0:30,38.4,27.8,0.16
5/19/2026 0:45,38.7,27.8,0.16
5/19/2026 1:00,38.5,27.7,0.16
5/19/2026 1:15,38.3,27.6,0.16
5/19/2026 1:30,38.4,27.6,0.16
5/19/2026 1:45,38.2,27.5,0.16
5/19/2026 2:00,38.2,27.5,0.16
5/19/2026 2:15,38.5,27.4,0.16
5/19/2026 2:30,38.2,27.4,0.16
5/19/2026 2:45,38.1,27.3,0.16
5/19/2026 3:00,38.2,27.2,0.16
5/19/2026 3:15,38.1,27.2,0.16
5/19/2026 3:30,38.4,27.1,0.16
5/19/2026 3:45,38.3,27.1,0.16
5/19/2026 4:00,38.4,27,0.16
5/19/2026 4:15,38.4,27,0.16
5/19/2026 4:30,38.4,26.9,0.16
5/19/2026 4:45,38.3,26.9,0.16
5/19/2026 5:00,38.4,26.8,0.16
5/19/2026 5:15,38.3,26.8,0.16
5/19/2026 5:30,38.5,26.7,0.16
5/19/2026 5:45,38.4,26.7,0.16
5/19/2026 6:00,38.2,26.6,0.16
5/19/2026 6:15,37.7,26.6,0.16
5/19/2026 6:30,36.8,26.6,0.16
5/19/2026 6:45,35.9,26.5,0.16
5/19/2026 7:00,35.4,26.5,0.16
5/19/2026 7:15,35.8,26.4,0.16
5/19/2026 7:30,35.2,26.4,0.16
5/19/2026 7:45,35.3,26.4,0.16
5/19/2026 8:00,35,26.3,0.16
5/19/2026 8:15,35.4,26.3,0.16
5/19/2026 8:30,35.7,26.3,0.16
5/19/2026 8:45,34.9,26.3,0.16
5/19/2026 9:00,38.7,26.4,0.16
5/19/2026 9:15,36.4,26.4,0.16
5/19/2026 9:30,38,26.5,0.16
5/19/2026 9:45,35.3,26.5,0.16
5/19/2026 10:00,36.9,26.6,0.16
5/19/2026 10:15,34.9,26.6,0.16
5/19/2026 10:30,39,26.7,0.16
5/19/2026 10:45,35.5,26.8,0.16
5/19/2026 11:00,35.4,26.9,0.16
5/19/2026 11:15,37.3,27,0.16
5/19/2026 11:30,38.9,27,0.16
5/19/2026 11:45,36.9,27.1,0.16
5/19/2026 12:00,36.9,27.2,0.16
5/19/2026 12:15,37.6,27.3,0.16
5/19/2026 12:30,37.1,27.5,0.15
5/19/2026 12:45,34.7,27.5,0.15
5/19/2026 13:00,38.7,27.6,0.15
5/19/2026 13:15,36.3,27.7,0.15
5/19/2026 13:30,35.7,27.8,0.15
5/19/2026 13:45,36.9,28,0.15
5/19/2026 14:00,38.2,28.1,0.15
5/19/2026 14:15,35.2,28.2,0.15
5/19/2026 14:30,36.8,28.3,0.15
5/19/2026 14:45,37.6,28.4,0.15
5/19/2026 15:00,36.6,28.5,0.15
5/19/2026 15:15,35.7,28.6,0.15
5/19/2026 15:30,38.1,28.6,0.15
5/19/2026 15:45,37.4,28.7,0.15
5/19/2026 16:00,37.3,28.8,0.15
5/19/2026 16:15,36.3,28.9,0.15
5/19/2026 16:30,35.9,29,0.15
5/19/2026 16:45,38.1,29,0.15
5/19/2026 17:00,37.4,29.1,0.15
5/19/2026 17:15,37.2,29.1,0.15
5/19/2026 17:30,38.1,29.1,0.15
5/19/2026 17:45,37.5,29.1,0.15
5/19/2026 18:00,38,29.1,0.15
5/19/2026 18:15,38.5,29.1,0.15
5/19/2026 18:30,37.3,29.1,0.15
5/19/2026 18:45,37.7,29,0.15
5/19/2026 19:00,38.1,29,0.15
5/19/2026 19:15,38.2,29,0.15
5/19/2026 19:30,37.6,28.9,0.15
5/19/2026 19:45,38.3,28.9,0.15
5/19/2026 20:00,37.5,28.8,0.15
5/19/2026 20:15,38.1,28.8,0.15
5/19/2026 20:30,38.2,28.7,0.15
5/19/2026 20:45,38,28.7,0.15
5/19/2026 21:00,38,28.6,0.16
5/19/2026 21:15,38.1,28.6,0.16
5/19/2026 21:30,35.2,28.5,0.16
5/19/2026 21:45,35.3,28.5,0.16
5/19/2026 22:00,35,28.5,0.16
5/19/2026 22:15,35,28.4,0.16
5/19/2026 22:30,35.3,28.4,0.16
5/19/2026 22:45,37.8,28.3,0.16
5/19/2026 23:00,36.5,28.3,0.16
5/19/2026 23:15,37.8,28.2,0.16
5/19/2026 23:30,38,28.2,0.16
5/19/2026 23:45,37.9,28.2,0.16
5/20/2026 0:00,36.5,28.1,0.16
5/20/2026 0:15,38,28.1,0.16
5/20/2026 0:30,38.1,28,0.16
5/20/2026 0:45,37.6,28,0.16
5/20/2026 1:00,37.7,27.9,0.16
5/20/2026 1:15,37.7,27.9,0.16
5/20/2026 1:30,37.8,27.8,0.16
5/20/2026 1:45,37.2,27.8,0.16
5/20/2026 2:00,36.9,27.7,0.16
5/20/2026 2:15,38,27.7,0.16
5/20/2026 2:30,37.8,27.7,0.16
5/20/2026 2:45,37.7,27.6,0.16
5/20/2026 3:00,37.7,27.6,0.16
5/20/2026 3:15,37.6,27.5,0.16
5/20/2026 3:30,37.5,27.5,0.16
5/20/2026 3:45,37.6,27.4,0.16
5/20/2026 4:00,37.7,27.4,0.16
5/20/2026 4:15,37.5,27.3,0.16
5/20/2026 4:30,37.5,27.3,0.16
5/20/2026 4:45,37.2,27.2,0.16
5/20/2026 5:00,37.4,27.2,0.16
5/20/2026 5:15,37.4,27.1,0.16
5/20/2026 5:30,37,27.1,0.16
5/20/2026 5:45,37.5,27.1,0.16
5/20/2026 6:00,37.1,27,0.16
5/20/2026 6:15,37,27,0.16
5/20/2026 6:30,36.4,26.9,0.16
5/20/2026 6:45,35.6,26.9,0.16
5/20/2026 7:00,34.6,26.9,0.16
5/20/2026 7:15,34.9,26.8,0.16
5/20/2026 7:30,34.4,26.8,0.16
5/20/2026 7:45,34.5,26.8,0.16
5/20/2026 8:00,34,26.8,0.16
5/20/2026 8:15,33.8,26.7,0.16
5/20/2026 8:30,38.3,26.7,0.16
5/20/2026 8:45,36.7,26.8,0.16
5/20/2026 9:00,37.5,26.8,0.16
5/20/2026 9:15,35.5,26.8,0.16
5/20/2026 9:30,34.3,26.9,0.16
5/20/2026 9:45,35.5,26.9,0.16
5/20/2026 10:00,37.7,27,0.16
5/20/2026 10:15,37,27,0.16
5/20/2026 10:30,36.7,27.1,0.16
5/20/2026 10:45,34.2,27.2,0.16
5/20/2026 11:00,37,27.3,0.16
5/20/2026 11:15,36.9,27.4,0.16
5/20/2026 11:30,36.5,27.5,0.16
5/20/2026 11:45,34.4,27.6,0.16
5/20/2026 12:00,37.8,27.7,0.16
5/20/2026 12:15,36.5,27.8,0.16
5/20/2026 12:30,37.2,28,0.16
5/20/2026 12:45,37,28.1,0.16
5/20/2026 13:00,36.5,28.2,0.16
5/20/2026 13:15,35,28.4,0.16
5/20/2026 13:30,36.8,28.5,0.16
5/20/2026 13:45,37.4,28.6,0.16
5/20/2026 14:00,36.4,28.7,0.16
5/20/2026 14:15,34,28.8,0.16
5/20/2026 14:30,35.5,28.9,0.16
5/20/2026 14:45,35.2,29,0.16
5/20/2026 15:00,36.8,29.1,0.16
5/20/2026 15:15,35.1,29.2,0.16
5/20/2026 15:30,37.6,29.3,0.16
5/20/2026 15:45,36.2,29.4,0.16
5/20/2026 16:00,36,29.5,0.15
5/20/2026 16:15,36.1,29.6,0.16
5/20/2026 16:30,37.1,29.7,0.15
5/20/2026 16:45,35.7,29.7,0.16
5/20/2026 17:00,37.8,29.8,0.15
5/20/2026 17:15,35.4,29.8,0.15
5/20/2026 17:30,36.7,29.9,0.15
5/20/2026 17:45,36.7,29.9,0.15
5/20/2026 18:00,37.2,29.9,0.15
5/20/2026 18:15,36.3,29.9,0.15
5/20/2026 18:30,36.7,29.8,0.15
5/20/2026 18:45,36.5,29.8,0.15
5/20/2026 19:00,36.8,29.7,0.15
5/20/2026 19:15,36.2,29.7,0.15
5/20/2026 19:30,36.8,29.7,0.15
5/20/2026 19:45,36.6,29.6,0.15
5/20/2026 20:00,36.5,29.6,0.16
5/20/2026 20:15,37.3,29.6,0.16
5/20/2026 20:30,37.1,29.5,0.16
5/20/2026 20:45,36.9,29.5,0.16
5/20/2026 21:00,36.3,29.4,0.16
5/20/2026 21:15,36.7,29.4,0.16
5/20/2026 21:30,37.1,29.3,0.16
5/20/2026 21:45,36.1,29.3,0.16
5/20/2026 22:00,36.4,29.3,0.16
5/20/2026 22:15,36.7,29.2,0.16
5/20/2026 22:30,36.3,29.2,0.16
5/20/2026 22:45,36.8,29.2,0.16
5/20/2026 23:00,36.8,29.1,0.16
5/20/2026 23:15,36.6,29.1,0.16
5/20/2026 23:30,36.4,29,0.16
5/20/2026 23:45,36.5,29,0.16
5/21/2026 0:00,36.9,28.9,0.16
5/21/2026 0:15,36.5,28.9,0.16
5/21/2026 0:30,36.8,28.8,0.16
5/21/2026 0:45,36.4,28.8,0.16
5/21/2026 1:00,36.6,28.8,0.16
5/21/2026 1:15,36.4,28.7,0.16
5/21/2026 1:30,36.3,28.7,0.16
5/21/2026 1:45,36.7,28.6,0.16
5/21/2026 2:00,35.8,28.6,0.16
5/21/2026 2:15,36.4,28.5,0.16
5/21/2026 2:30,36.6,28.5,0.16
5/21/2026 2:45,36.7,28.5,0.16
5/21/2026 3:00,36.8,28.4,0.16
5/21/2026 3:15,36.9,28.4,0.16
5/21/2026 3:30,36.7,28.4,0.16
5/21/2026 3:45,36.6,28.3,0.16
5/21/2026 4:00,36.5,28.3,0.16
5/21/2026 4:15,36.6,28.2,0.16
5/21/2026 4:30,36.5,28.2,0.16
5/21/2026 4:45,36.5,28.1,0.16
5/21/2026 5:00,36.4,28.1,0.16
5/21/2026 5:15,36.5,28.1,0.16
5/21/2026 5:30,36.6,28,0.16
5/21/2026 5:45,36.6,28,0.16
5/21/2026 6:00,36.4,27.9,0.16
5/21/2026 6:15,36.2,27.9,0.16
5/21/2026 6:30,35.6,27.9,0.16
5/21/2026 6:45,34.3,27.8,0.16
5/21/2026 7:00,33.7,27.8,0.16
5/21/2026 7:15,33.7,27.7,0.16
5/21/2026 7:30,33.4,27.7,0.16
5/21/2026 7:45,34,27.7,0.16
5/21/2026 8:00,34.1,27.7,0.16
5/21/2026 8:15,33.1,27.7,0.16
5/21/2026 8:30,36,27.7,0.16
5/21/2026 8:45,36.3,27.7,0.16
5/21/2026 9:00,34.5,27.8,0.16
5/21/2026 9:15,37,27.8,0.16
5/21/2026 9:30,34.6,27.9,0.16
5/21/2026 9:45,35.5,28,0.16
5/21/2026 10:00,33.3,28,0.16
5/21/2026 10:15,33.3,28.1,0.16
5/21/2026 10:30,37.6,28.1,0.16
5/21/2026 10:45,36.1,28.2,0.16
5/21/2026 11:00,32.8,28.3,0.16
5/21/2026 11:15,32.8,28.4,0.16
5/21/2026 11:30,34.7,28.5,0.16
5/21/2026 11:45,36,28.7,0.16
5/21/2026 12:00,35.5,28.8,0.16
5/21/2026 12:15,33.8,28.9,0.16
5/21/2026 12:30,32.7,29,0.16
5/21/2026 12:45,33.5,29.1,0.16
5/21/2026 13:00,34.6,29.3,0.16
5/21/2026 13:15,34.1,29.4,0.16
5/21/2026 13:30,36,29.5,0.16
5/21/2026 13:45,35.1,29.6,0.16
5/21/2026 14:00,36.2,29.7,0.16
5/21/2026 14:15,37.1,29.7,0.16
5/21/2026 14:30,34.3,29.8,0.16
5/21/2026 14:45,34.3,29.9,0.16
5/21/2026 15:00,33.9,30,0.16
5/21/2026 15:15,33.5,30.1,0.16
5/21/2026 15:30,35.5,30.1,0.16
5/21/2026 15:45,35.8,30.2,0.16
5/21/2026 16:00,35.5,30.2,0.16
5/21/2026 16:15,33.6,30.3,0.16
5/21/2026 16:30,35.6,30.3,0.16
5/21/2026 16:45,35.4,30.3,0.16
5/21/2026 17:00,36,30.4,0.16
5/21/2026 17:15,34.4,30.4,0.16
5/21/2026 17:30,36.4,30.4,0.16
5/21/2026 17:45,35.9,30.3,0.16
5/21/2026 18:00,35.5,30.3,0.16
5/21/2026 18:15,35.2,30.2,0.16
5/21/2026 18:30,36.2,30.2,0.16
5/21/2026 18:45,35.4,30.1,0.16
5/21/2026 19:00,36,30.1,0.16
5/21/2026 19:15,35.4,30,0.16
5/21/2026 19:30,36.1,30,0.16
5/21/2026 19:45,36.1,29.9,0.16
5/21/2026 20:00,35.6,29.9,0.16
5/21/2026 20:15,35.6,29.8,0.16
5/21/2026 20:30,36,29.8,0.16
5/21/2026 20:45,36.1,29.7,0.16
5/21/2026 21:00,35.7,29.7,0.16
5/21/2026 21:15,35.8,29.6,0.16
5/21/2026 21:30,35.6,29.6,0.16
5/21/2026 21:45,35.7,29.5,0.16
5/21/2026 22:00,35.7,29.5,0.16
5/21/2026 22:15,35.8,29.4,0.16
5/21/2026 22:30,34.8,29.4,0.16
5/21/2026 22:45,35.5,29.3,0.16
5/21/2026 23:00,34.3,29.3,0.16
5/21/2026 23:15,35.6,29.3,0.16
5/21/2026 23:30,36.1,29.2,0.16
5/21/2026 23:45,36.1,29.2,0.16
5/22/2026 0:00,35.7,29.1,0.16
5/22/2026 0:15,35.6,29.1,0.16
5/22/2026 0:30,35,29,0.16
5/22/2026 0:45,34.8,29,0.16
5/22/2026 1:00,32.9,29,0.16
5/22/2026 1:15,34.9,28.9,0.16
5/22/2026 1:30,35.3,28.9,0.16
5/22/2026 1:45,33,28.9,0.16
5/22/2026 2:00,35.3,28.8,0.16
5/22/2026 2:15,35.5,28.8,0.16
5/22/2026 2:30,35.8,28.8,0.16
5/22/2026 2:45,35.1,28.7,0.16
5/22/2026 3:00,35.7,28.7,0.16
5/22/2026 3:15,35.5,28.7,0.16
5/22/2026 3:30,34.7,28.6,0.16
5/22/2026 3:45,34.2,28.6,0.16
5/22/2026 4:00,33.4,28.6,0.16
5/22/2026 4:15,33,28.5,0.16
5/22/2026 4:30,35,28.5,0.16
5/22/2026 4:45,35.8,28.5,0.16
5/22/2026 5:00,35.7,28.5,0.16
5/22/2026 5:15,35.6,28.4,0.16
5/22/2026 5:30,35.5,28.4,0.16
5/22/2026 5:45,34.2,28.4,0.16
5/22/2026 6:00,33.3,28.3,0.16
5/22/2026 6:15,33.1,28.3,0.16
5/22/2026 6:30,34.8,28.3,0.16
5/22/2026 6:45,33.7,28.2,0.16
5/22/2026 7:00,33.9,28.2,0.16
5/22/2026 7:15,33.3,28.2,0.16
5/22/2026 7:30,33.5,28.2,0.16
5/22/2026 7:45,32.4,28.2,0.16
5/22/2026 8:00,33,28.2,0.16
5/22/2026 8:15,35.6,28.2,0.16
5/22/2026 8:30,34.9,28.2,0.16
5/22/2026 8:45,36.2,28.2,0.16
5/22/2026 9:00,34.6,28.2,0.16
5/22/2026 9:15,33.2,28.2,0.16
5/22/2026 9:30,33.8,28.3,0.16
5/22/2026 9:45,35.2,28.4,0.16
5/22/2026 10:00,35.1,28.5,0.16
5/22/2026 10:15,35.8,28.5,0.16
5/22/2026 10:30,35.6,28.6,0.16
5/22/2026 10:45,36.3,28.6,0.16
5/22/2026 11:00,31.6,28.6,0.16
5/22/2026 11:15,31.8,28.7,0.16
5/22/2026 11:30,35.8,28.7,0.16
5/22/2026 11:45,33,28.8,0.16
5/22/2026 12:00,35.7,28.8,0.16
5/22/2026 12:15,32.2,28.8,0.16
5/22/2026 12:30,33.6,28.8,0.16
5/22/2026 12:45,35.4,28.8,0.16
5/22/2026 13:00,36.2,28.8,0.16
5/22/2026 13:15,35.8,28.8,0.16
5/22/2026 13:30,36.2,28.9,0.16
5/22/2026 13:45,36.1,28.9,0.16
5/22/2026 14:00,35.5,28.9,0.16
5/22/2026 14:15,33.9,29,0.16
5/22/2026 14:30,33.2,29,0.16
5/22/2026 14:45,36.2,29,0.16
5/22/2026 15:00,34.6,29,0.16
5/22/2026 15:15,33.1,29,0.16
5/22/2026 15:30,35.1,29,0.16
5/22/2026 15:45,34.1,29.1,0.16
5/22/2026 16:00,33.1,29.1,0.16
5/22/2026 16:15,34,29.1,0.16
5/22/2026 16:30,35,29.1,0.16
5/22/2026 16:45,35.3,29.2,0.16
5/22/2026 17:00,34.1,29.2,0.16
5/22/2026 17:15,35.7,29.2,0.16
5/22/2026 17:30,35.2,29.2,0.16
5/22/2026 17:45,35.9,29.2,0.16
5/22/2026 18:00,34.5,29.2,0.16
5/22/2026 18:15,36.2,29.2,0.16
5/22/2026 18:30,35.7,29.2,0.16
5/22/2026 18:45,35.8,29.2,0.16
5/22/2026 19:00,35.6,29.1,0.17
5/22/2026 19:15,35.4,29.1,0.17
5/22/2026 19:30,35.6,29.1,0.17
5/22/2026 19:45,36,29.1,0.17
5/22/2026 20:00,35.8,29,0.17
5/22/2026 20:15,35.6,29,0.17
5/22/2026 20:30,35.8,29,0.17
5/22/2026 20:45,35.7,28.9,0.17
5/22/2026 21:00,35,28.9,0.17
5/22/2026 21:15,35.5,28.9,0.17
5/22/2026 21:30,35.3,28.8,0.17
5/22/2026 21:45,35.1,28.8,0.17
5/22/2026 22:00,35,28.8,0.17
5/22/2026 22:15,34.9,28.7,0.17
5/22/2026 22:30,35.5,28.7,0.17
5/22/2026 22:45,34.6,28.7,0.17
5/22/2026 23:00,35.2,28.6,0.17
5/22/2026 23:15,35.4,28.6,0.17
5/22/2026 23:30,35.9,28.6,0.17
5/22/2026 23:45,34.5,28.6,0.17
5/23/2026 0:00,36,28.5,0.17
5/23/2026 0:15,34.3,28.5,0.17
5/23/2026 0:30,33.4,28.5,0.17
5/23/2026 0:45,34.9,28.4,0.17
5/23/2026 1:00,35.8,28.4,0.17
5/23/2026 1:15,34.7,28.4,0.17
5/23/2026 1:30,34.9,28.4,0.17
5/23/2026 1:45,34.5,28.3,0.17
5/23/2026 2:00,32.6,28.3,0.17
5/23/2026 2:15,33.8,28.3,0.17
5/23/2026 2:30,34.9,28.3,0.17
5/23/2026 2:45,33.5,28.2,0.17
5/23/2026 3:00,--,--,--
5/23/2026 3:15,33.6,28.2,0.17
5/23/2026 3:30,33.1,28.2,0.17
5/23/2026 3:45,33.5,28.1,0.17
5/23/2026 4:00,33.6,28.1,0.17
5/23/2026 4:15,34.9,28.1,0.17
5/23/2026 4:30,34.4,28.1,0.17
5/23/2026 4:45,35.2,28,0.17
5/23/2026 5:00,33.3,28,0.17
5/23/2026 5:15,35.4,28,0.17
5/23/2026 5:30,34.7,28,0.17
5/23/2026 5:45,34.3,27.9,0.17
5/23/2026 6:00,34.3,27.9,0.17
5/23/2026 6:15,33.9,27.9,0.17
5/23/2026 6:30,34,27.8,0.17
5/23/2026 6:45,32.6,27.8,0.17
5/23/2026 7:00,32.5,27.8,0.17
5/23/2026 7:15,32.4,27.8,0.17
5/23/2026 7:30,32.4,27.7,0.17
5/23/2026 7:45,32.6,27.7,0.17
5/23/2026 8:00,35.7,27.7,0.17
5/23/2026 8:15,32,27.7,0.17
5/23/2026 8:30,33.5,27.7,0.17
5/23/2026 8:45,35.6,27.8,0.18
5/23/2026 9:00,34.4,27.8,0.18
5/23/2026 9:15,32.4,27.9,0.18
5/23/2026 9:30,32,27.9,0.18
5/23/2026 9:45,31.9,28,0.18
5/23/2026 10:00,31.8,28,0.18
5/23/2026 10:15,33.4,28.1,0.18
5/23/2026 10:30,34.8,28.2,0.18
5/23/2026 10:45,32.5,28.2,0.18
5/23/2026 11:00,32.7,28.3,0.18
5/23/2026 11:15,36,28.4,0.18
5/23/2026 11:30,31.9,28.4,0.18
5/23/2026 11:45,32.9,28.5,0.18
5/23/2026 12:00,33.6,28.6,0.18
5/23/2026 12:15,36,28.7,0.18
5/23/2026 12:30,32.4,28.9,0.18
5/23/2026 12:45,32.7,29,0.18
5/23/2026 13:00,34.7,29.1,0.18
5/23/2026 13:15,33.8,29.2,0.18
5/23/2026 13:30,34.9,29.3,0.18
5/23/2026 13:45,35.2,29.4,0.18
5/23/2026 14:00,31.9,29.5,0.18
5/23/2026 14:15,34.3,29.6,0.18
5/23/2026 14:30,34.8,29.7,0.18
5/23/2026 14:45,35.7,29.8,0.18
5/23/2026 15:00,35.8,29.9,0.18
5/23/2026 15:15,35.4,30,0.18
5/23/2026 15:30,35,30.1,0.18
5/23/2026 15:45,35,30.2,0.18
5/23/2026 16:00,33.7,30.3,0.18
5/23/2026 16:15,34.9,30.3,0.18
5/23/2026 16:30,32.2,30.4,0.18
5/23/2026 16:45,31.9,30.4,0.18
5/23/2026 17:00,35.4,30.4,0.18
5/23/2026 17:15,34.8,30.5,0.18
5/23/2026 17:30,35.5,30.5,0.18
5/23/2026 17:45,33.9,30.5,0.18
5/23/2026 18:00,34.4,30.5,0.18
5/23/2026 18:15,34.7,30.5,0.18
5/23/2026 18:30,33.1,30.4,0.18
5/23/2026 18:45,34.8,30.4,0.18
5/23/2026 19:00,34.9,30.4,0.18
5/23/2026 19:15,34.7,30.3,0.18
5/23/2026 19:30,34.5,30.3,0.18
5/23/2026 19:45,34.7,30.3,0.18
5/23/2026 20:00,34.5,30.2,0.18
5/23/2026 20:15,34.1,30.2,0.18
5/23/2026 20:30,33.3,30.1,0.18
5/23/2026 20:45,32.7,30.1,0.18
5/23/2026 21:00,33.4,30,0.18
5/23/2026 21:15,34.7,30,0.18
5/23/2026 21:30,34.3,30,0.18
5/23/2026 21:45,34.3,29.9,0.18
5/23/2026 22:00,34.2,29.9,0.18
5/23/2026 22:15,33.3,29.8,0.18
5/23/2026 22:30,33.4,29.8,0.18
5/23/2026 22:45,33.4,29.7,0.19
5/23/2026 23:00,34,29.7,0.18
5/23/2026 23:15,33.4,29.7,0.19
5/23/2026 23:30,32,29.6,0.18
5/23/2026 23:45,32,29.6,0.19
5/24/2026 0:00,32.6,29.6,0.19
5/24/2026 0:15,33.3,29.5,0.19
5/24/2026 0:30,33.2,29.5,0.19
5/24/2026 0:45,34.3,29.4,0.19
5/24/2026 1:00,33.3,29.4,0.19
5/24/2026 1:15,33.5,29.4,0.19
5/24/2026 1:30,34.1,29.3,0.19
5/24/2026 1:45,32.8,29.3,0.19
5/24/2026 2:00,34.2,29.3,0.19
5/24/2026 2:15,33.6,29.2,0.19
5/24/2026 2:30,33.2,29.2,0.19
5/24/2026 2:45,34.2,29.2,0.19
5/24/2026 3:00,33.9,29.1,0.19
5/24/2026 3:15,34.2,29.1,0.19
5/24/2026 3:30,34.1,29.1,0.19
5/24/2026 3:45,34.7,29,0.19
5/24/2026 4:00,33.8,29,0.19
5/24/2026 4:15,33.9,29,0.19
5/24/2026 4:30,33.1,28.9,0.19
5/24/2026 4:45,33.1,28.9,0.19
5/24/2026 5:00,34,28.9,0.19
5/24/2026 5:15,34.8,28.8,0.19
5/24/2026 5:30,32.8,28.8,0.19
5/24/2026 5:45,33.8,28.7,0.19
5/24/2026 6:00,34.7,28.7,0.19
5/24/2026 6:15,34.2,28.7,0.19
5/24/2026 6:30,34.2,28.6,0.19
5/24/2026 6:45,31.4,28.6,0.19
5/24/2026 7:00,32,28.6,0.19
5/24/2026 7:15,32.6,28.6,0.19
5/24/2026 7:30,31.5,28.5,0.19
5/24/2026 7:45,31.2,28.5,0.19
5/24/2026 8:00,35.3,28.5,0.19
5/24/2026 8:15,30.6,28.5,0.19
5/24/2026 8:30,35.1,28.5,0.19
5/24/2026 8:45,34.7,28.5,0.19
5/24/2026 9:00,30.4,28.5,0.19
5/24/2026 9:15,34.9,28.5,0.19
5/24/2026 9:30,34.2,28.6,0.19
5/24/2026 9:45,31.3,28.6,0.19
5/24/2026 10:00,35.4,28.6,0.19
5/24/2026 10:15,34.1,28.7,0.19
5/24/2026 10:30,30.3,28.7,0.19
5/24/2026 10:45,33.5,28.8,0.19
5/24/2026 11:00,32.2,28.9,0.19
5/24/2026 11:15,33.2,29,0.19
5/24/2026 11:30,31.7,29,0.19
5/24/2026 11:45,31,29.1,0.19
5/24/2026 12:00,31.7,29.2,0.19
5/24/2026 12:15,35.1,29.2,0.19
5/24/2026 12:30,31.7,29.3,0.19
5/24/2026 12:45,34.7,29.3,0.19
5/24/2026 13:00,35.1,29.4,0.19
5/24/2026 13:15,33.4,29.5,0.19
5/24/2026 13:30,32.3,29.6,0.19
5/24/2026 13:45,31.5,29.7,0.19
5/24/2026 14:00,30.4,29.7,0.19
5/24/2026 14:15,34.8,29.8,0.19
5/24/2026 14:30,31.2,29.9,0.19
5/24/2026 14:45,34.1,30,0.19
5/24/2026 15:00,33.8,30.1,0.19
5/24/2026 15:15,34.6,30.2,0.19
5/24/2026 15:30,31.5,30.2,0.19
5/24/2026 15:45,34.6,30.3,0.19
5/24/2026 16:00,33.3,30.3,0.19
5/24/2026 16:15,34.5,30.3,0.19
5/24/2026 16:30,32.4,30.4,0.19
5/24/2026 16:45,33.7,30.4,0.19
5/24/2026 17:00,32.1,30.4,0.19
5/24/2026 17:15,33.8,30.4,0.19
5/24/2026 17:30,34,30.4,0.19
5/24/2026 17:45,34.3,30.3,0.19
5/24/2026 18:00,34.1,30.3,0.19
5/24/2026 18:15,33.7,30.3,0.19
5/24/2026 18:30,34.1,30.3,0.19
5/24/2026 18:45,33.2,30.2,0.19
5/24/2026 19:00,33,30.2,0.19
5/24/2026 19:15,32.9,30.1,0.19
5/24/2026 19:30,33,30.1,0.19
5/24/2026 19:45,32.7,30,0.19
5/24/2026 20:00,33.3,30,0.19
5/24/2026 20:15,34.6,29.9,0.19
5/24/2026 20:30,34.5,29.9,0.19
5/24/2026 20:45,33.2,29.9,0.19
5/24/2026 21:00,33.8,29.8,0.19
5/24/2026 21:15,34.1,29.7,0.19
5/24/2026 21:30,34.5,29.7,0.19
5/24/2026 21:45,34,29.7,0.19
5/24/2026 22:00,33.3,29.6,0.19
5/24/2026 22:15,33.5,29.6,0.19
5/24/2026 22:30,33,29.5,0.19
5/24/2026 22:45,31.2,29.5,0.19
5/24/2026 23:00,32.4,29.4,0.19
5/24/2026 23:15,33,29.4,0.19
5/24/2026 23:30,33.9,29.4,0.19
5/24/2026 23:45,33.2,29.4,0.19
5/25/2026 0:00,32.4,29.3,0.19
5/25/2026 0:15,34.1,29.3,0.19
5/25/2026 0:30,33.8,29.3,0.19
5/25/2026 0:45,33.3,29.2,0.19
5/25/2026 1:00,33.3,29.2,0.19
5/25/2026 1:15,34,29.2,0.19
5/25/2026 1:30,34,29.1,0.19
5/25/2026 1:45,33.7,29.1,0.19
5/25/2026 2:00,32.8,29,0.19
5/25/2026 2:15,32.6,29,0.19
5/25/2026 2:30,33,29,0.19
5/25/2026 2:45,33,28.9,0.19
5/25/2026 3:00,33.3,28.9,0.19
5/25/2026 3:15,34.1,28.9,0.19
5/25/2026 3:30,33.8,28.8,0.19
5/25/2026 3:45,33.8,28.8,0.19
5/25/2026 4:00,33.3,28.8,0.19
5/25/2026 4:15,33.7,28.8,0.19
5/25/2026 4:30,33.6,28.7,0.19
5/25/2026 4:45,33.5,28.7,0.19
5/25/2026 5:00,31.7,28.6,0.19
5/25/2026 5:15,33.2,28.6,0.19
5/25/2026 5:30,32.9,28.6,0.19
5/25/2026 5:45,33.4,28.5,0.19
5/25/2026 6:00,33.7,28.5,0.19
5/25/2026 6:15,33.5,28.5,0.19
5/25/2026 6:30,33,28.4,0.19
5/25/2026 6:45,31.6,28.4,0.19
5/25/2026 7:00,30.8,28.4,0.19
5/25/2026 7:15,30.8,28.4,0.19
5/25/2026 7:30,31.8,28.4,0.19
5/25/2026 7:45,30.7,28.4,0.19
5/25/2026 8:00,33.1,28.4,0.19
5/25/2026 8:15,31.1,28.4,0.19
5/25/2026 8:30,31.3,28.4,0.19
5/25/2026 8:45,35,28.4,0.19
5/25/2026 9:00,30.7,28.4,0.19
5/25/2026 9:15,34,28.5,0.19
5/25/2026 9:30,33.2,28.6,0.19
5/25/2026 9:45,32.4,28.6,0.19
5/25/2026 10:00,30.8,28.7,0.19
5/25/2026 10:15,32.8,28.8,0.19
5/25/2026 10:30,34.5,28.8,0.19
5/25/2026 10:45,32.1,28.9,0.19
5/25/2026 11:00,33.4,29,0.19
5/25/2026 11:15,30.2,29.1,0.19
5/25/2026 11:30,30.9,29.2,0.19
5/25/2026 11:45,34.4,29.2,0.19
5/25/2026 12:00,32.1,29.3,0.19
5/25/2026 12:15,34.1,29.4,0.19
5/25/2026 12:30,32.1,29.4,0.19
5/25/2026 12:45,33,29.5,0.19
5/25/2026 13:00,34.1,29.6,0.19
5/25/2026 13:15,32,29.6,0.19
5/25/2026 13:30,31.8,29.7,0.19
5/25/2026 13:45,32.9,29.8,0.19
5/25/2026 14:00,30.1,29.9,0.19
5/25/2026 14:15,33.3,30,0.19
5/25/2026 14:30,30.7,30.1,0.19
5/25/2026 14:45,32.9,30.2,0.19
5/25/2026 15:00,34.3,30.3,0.19
5/25/2026 15:15,30.8,30.4,0.19
5/25/2026 15:30,32.8,30.4,0.19
5/25/2026 15:45,32.3,30.5,0.19
5/25/2026 16:00,31.2,30.5,0.19
5/25/2026 16:15,32.8,30.5,0.19
5/25/2026 16:30,34.4,30.5,0.19
5/25/2026 16:45,32.8,30.5,0.19
5/25/2026 17:00,32.2,30.6,0.19
5/25/2026 17:15,30.7,30.5,0.19
5/25/2026 17:30,33,30.5,0.19
5/25/2026 17:45,32.5,30.5,0.19
5/25/2026 18:00,32.9,30.5,0.19
5/25/2026 18:15,33.9,30.5,0.19
5/25/2026 18:30,33.4,30.4,0.19
5/25/2026 18:45,33.3,30.4,0.19
5/25/2026 19:00,33.5,30.4,0.19
5/25/2026 19:15,33.3,30.4,0.19
5/25/2026 19:30,33.6,30.3,0.19
5/25/2026 19:45,33.7,30.3,0.19
5/25/2026 20:00,33.4,30.2,0.19
5/25/2026 20:15,33.6,30.2,0.19
5/25/2026 20:30,33.2,30.2,0.19
5/25/2026 20:45,33,30.1,0.19
5/25/2026 21:00,31.8,30.1,0.19
5/25/2026 21:15,31.8,30,0.19
5/25/2026 21:30,32.3,30,0.19
5/25/2026 21:45,33.7,30,0.19
5/25/2026 22:00,33.3,29.9,0.19
5/25/2026 22:15,33.1,29.9,0.19
5/25/2026 22:30,32.5,29.8,0.19
5/25/2026 22:45,32.7,29.8,0.19
5/25/2026 23:00,31.4,29.7,0.19
5/25/2026 23:15,31.9,29.7,0.19
5/25/2026 23:30,33.4,29.6,0.19
5/25/2026 23:45,33.6,29.6,0.19
5/26/2026 0:00,33.4,29.6,0.19
5/26/2026 0:15,32.4,29.5,0.19
5/26/2026 0:30,32.1,29.5,0.19
5/26/2026 0:45,32.7,29.4,0.19
5/26/2026 1:00,32.8,29.4,0.19
5/26/2026 1:15,31.4,29.4,0.19
5/26/2026 1:30,32.9,29.3,0.19
5/26/2026 1:45,33.4,29.3,0.19
5/26/2026 2:00,33.2,29.3,0.19
5/26/2026 2:15,33.5,29.2,0.19
5/26/2026 2:30,33.2,29.2,0.19
5/26/2026 2:45,32.3,29.2,0.19
5/26/2026 3:00,32.6,29.1,0.19
5/26/2026 3:15,32.7,29.1,0.19
5/26/2026 3:30,32.9,29.1,0.19
5/26/2026 3:45,31.9,29.1,0.19
5/26/2026 4:00,33.1,29,0.19
5/26/2026 4:15,33.2,29,0.19
5/26/2026 4:30,32.5,29,0.19
5/26/2026 4:45,31.5,28.9,0.19
5/26/2026 5:00,30.5,28.9,0.19
5/26/2026 5:15,33,28.9,0.19
5/26/2026 5:30,32.4,28.8,0.19
5/26/2026 5:45,31.3,28.8,0.19
5/26/2026 6:00,30.8,28.8,0.19
5/26/2026 6:15,30.7,28.8,0.19
5/26/2026 6:30,30.1,28.7,0.18
5/26/2026 6:45,32.4,28.7,0.18
5/26/2026 7:00,31.8,28.7,0.18
5/26/2026 7:15,30,28.6,0.18
5/26/2026 7:30,30.8,28.6,0.18
5/26/2026 7:45,29.9,28.6,0.18
5/26/2026 8:00,30.6,28.6,0.18
5/26/2026 8:15,30.1,28.6,0.18
5/26/2026 8:30,32.2,28.6,0.18
5/26/2026 8:45,33.2,28.6,0.18
5/26/2026 9:00,32,28.6,0.18
5/26/2026 9:15,29.8,28.7,0.18
5/26/2026 9:30,33.8,28.8,0.18
5/26/2026 9:45,32.4,28.8,0.18
5/26/2026 10:00,32.4,28.9,0.18
5/26/2026 10:15,30.3,28.9,0.18
5/26/2026 10:30,30.9,29,0.18
5/26/2026 10:45,30.5,29.1,0.18
5/26/2026 11:00,30.3,29.2,0.18
5/26/2026 11:15,29.5,29.3,0.18
5/26/2026 11:30,29.2,29.4,0.18
5/26/2026 11:45,31.4,29.5,0.18
5/26/2026 12:00,30.7,29.6,0.18
5/26/2026 12:15,30.9,29.6,0.18
5/26/2026 12:30,34.2,29.7,0.18
5/26/2026 12:45,29.8,29.9,0.18
5/26/2026 13:00,34.4,30,0.18
5/26/2026 13:15,33.3,30,0.18
5/26/2026 13:30,29.4,30.1,0.18
5/26/2026 13:45,29.9,30.2,0.18
5/26/2026 14:00,30.7,30.3,0.18
5/26/2026 14:15,33.7,30.4,0.18
5/26/2026 14:30,31.8,30.5,0.18
5/26/2026 14:45,29.3,30.6,0.18
5/26/2026 15:00,30.5,30.7,0.18
5/26/2026 15:15,32.3,30.8,0.18
5/26/2026 15:30,29.3,30.9,0.18
5/26/2026 15:45,29.5,31,0.18
5/26/2026 16:00,29.5,31.1,0.18
5/26/2026 16:15,32.9,31.1,0.18
5/26/2026 16:30,28.8,31.2,0.18
5/26/2026 16:45,29.2,31.2,0.18
5/26/2026 17:00,30.5,31.2,0.18
5/26/2026 17:15,32.4,31.2,0.18
5/26/2026 17:30,32.7,31.2,0.18
5/26/2026 17:45,31.3,31.2,0.18
5/26/2026 18:00,32.7,31.2,0.18
5/26/2026 18:15,31.5,31.2,0.18
5/26/2026 18:30,31.5,31.1,0.18
5/26/2026 18:45,32.2,31.1,0.18
5/26/2026 19:00,31.9,31,0.18
5/26/2026 19:15,31.4,31,0.18
5/26/2026 19:30,32.2,31,0.18
5/26/2026 19:45,32.4,30.9,0.18
5/26/2026 20:00,32.6,30.9,0.18
5/26/2026 20:15,31,30.8,0.18
5/26/2026 20:30,32,30.7,0.18
5/26/2026 20:45,32.5,30.7,0.18
5/26/2026 21:00,32.2,30.6,0.18
5/26/2026 21:15,31.9,30.6,0.18
5/26/2026 21:30,31,30.5,0.18
5/26/2026 21:45,32.1,30.5,0.18
5/26/2026 22:00,32.5,30.4,0.18
5/26/2026 22:15,32.8,30.4,0.18
5/26/2026 22:30,32.4,30.3,0.18
5/26/2026 22:45,32.5,30.3,0.18
5/26/2026 23:00,32.5,30.2,0.18
5/26/2026 23:15,31.2,30.2,0.18
5/26/2026 23:30,32.8,30.1,0.18
5/26/2026 23:45,30.1,30.1,0.18
5/27/2026 0:00,30.3,30,0.18
5/27/2026 0:15,31.2,30,0.18
5/27/2026 0:30,30.9,29.9,0.18
5/27/2026 0:45,32.5,29.9,0.18
5/27/2026 1:00,30.6,29.9,0.18
5/27/2026 1:15,31.7,29.8,0.18
5/27/2026 1:30,32.6,29.8,0.18
5/27/2026 1:45,31.3,29.7,0.18
5/27/2026 2:00,30.2,29.7,0.18
5/27/2026 2:15,32.3,29.6,0.18
5/27/2026 2:30,31.5,29.6,0.18
5/27/2026 2:45,32.4,29.6,0.18
5/27/2026 3:00,32.4,29.5,0.18
5/27/2026 3:15,31.8,29.5,0.18
5/27/2026 3:30,32,29.4,0.18
5/27/2026 3:45,32,29.4,0.18
5/27/2026 4:00,32,29.4,0.18
5/27/2026 4:15,31.7,29.3,0.18
5/27/2026 4:30,31.7,29.3,0.18
5/27/2026 4:45,32,29.3,0.18
5/27/2026 5:00,32.1,29.3,0.18
5/27/2026 5:15,31.9,29.2,0.18
5/27/2026 5:30,31,29.2,0.18
5/27/2026 5:45,31,29.1,0.18
5/27/2026 6:00,31.3,29.1,0.18
5/27/2026 6:15,30.2,29.1,0.18
5/27/2026 6:30,29.7,29,0.18
5/27/2026 6:45,29.2,29,0.18
5/27/2026 7:00,29.3,29,0.18
5/27/2026 7:15,29.8,29,0.18
5/27/2026 7:30,29,28.9,0.18
5/27/2026 7:45,29.2,28.9,0.18
5/27/2026 8:00,31.7,28.9,0.18
5/27/2026 8:15,32.2,28.9,0.18
5/27/2026 8:30,31.4,29,0.18
5/27/2026 8:45,32.9,29,0.18
5/27/2026 9:00,33.2,29,0.18
5/27/2026 9:15,30.6,29,0.18
5/27/2026 9:30,33.1,29.1,0.18
5/27/2026 9:45,33,29.1,0.18
5/27/2026 10:00,29.7,29.2,0.18
5/27/2026 10:15,32.8,29.2,0.18
5/27/2026 10:30,33.1,29.3,0.18
5/27/2026 10:45,32.1,29.3,0.18
5/27/2026 11:00,33,29.4,0.18
5/27/2026 11:15,28.6,29.5,0.18
5/27/2026 11:30,29.7,29.6,0.18
5/27/2026 11:45,31.7,29.7,0.18
5/27/2026 12:00,32.9,29.7,0.18
5/27/2026 12:15,31.3,29.8,0.18
5/27/2026 12:30,28.7,29.9,0.18
5/27/2026 12:45,30.7,30,0.18
5/27/2026 13:00,33.4,30.1,0.18
5/27/2026 13:15,31.3,30.2,0.18
5/27/2026 13:30,30.1,30.3,0.18
5/27/2026 13:45,28.2,30.4,0.18
5/27/2026 14:00,31,30.5,0.18
5/27/2026 14:15,31.4,30.6,0.18
5/27/2026 14:30,33.1,30.7,0.18
5/27/2026 14:45,34.4,30.8,0.18
5/27/2026 15:00,31.4,30.9,0.18
5/27/2026 15:15,33.4,31,0.18
5/27/2026 15:30,29.9,31.1,0.18
5/27/2026 15:45,25.9,31.2,0.18
5/27/2026 16:00,32.7,31.3,0.18
5/27/2026 16:15,34.1,31.3,0.18
5/27/2026 16:30,33.5,31.3,0.18
5/27/2026 16:45,33.2,31.3,0.18
5/27/2026 17:00,32.6,31.3,0.18
5/27/2026 17:15,32,31.2,0.18
5/27/2026 17:30,33.2,31.2,0.18
5/27/2026 17:45,33.3,31.2,0.18
5/27/2026 18:00,30.4,31.1,0.18
5/27/2026 18:15,27.4,31,0.18
5/27/2026 18:30,28.4,31,0.18
5/27/2026 18:45,28.6,31,0.18
5/27/2026 19:00,29.3,30.9,0.18
5/27/2026 19:15,30.8,30.9,0.18
5/27/2026 19:30,31.8,30.8,0.18
5/27/2026 19:45,31.7,30.8,0.18
5/27/2026 20:00,31.8,30.7,0.18
5/27/2026 20:15,31.4,30.7,0.18
5/27/2026 20:30,31.2,30.6,0.18
5/27/2026 20:45,31.1,30.6,0.18
5/27/2026 21:00,30,30.5,0.18
5/27/2026 21:15,31,30.5,0.18
5/27/2026 21:30,32.2,30.4,0.17
5/27/2026 21:45,32.1,30.4,0.18
5/27/2026 22:00,32.1,30.3,0.17
5/27/2026 22:15,30,30.3,0.17
5/27/2026 22:30,30.5,30.2,0.17
5/27/2026 22:45,29.7,30.2,0.17
5/27/2026 23:00,29.5,30.2,0.17
5/27/2026 23:15,29.9,30.1,0.17
5/27/2026 23:30,29.6,30.1,0.17
5/27/2026 23:45,29.6,30,0.17
5/28/2026 0:00,29,30,0.17
5/28/2026 0:15,29.6,30,0.17
5/28/2026 0:30,29.1,29.9,0.17
5/28/2026 0:45,29.9,29.9,0.17
5/28/2026 1:00,29.8,29.9,0.17
5/28/2026 1:15,30.3,29.8,0.17
5/28/2026 1:30,30.1,29.8,0.17
5/28/2026 1:45,29.2,29.7,0.17
5/28/2026 2:00,30.4,29.7,0.17
5/28/2026 2:15,29.5,29.7,0.17
5/28/2026 2:30,28.7,29.6,0.17
5/28/2026 2:45,29.7,29.6,0.17
5/28/2026 3:00,28.7,29.6,0.17
5/28/2026 3:15,29.1,29.5,0.17
5/28/2026 3:30,29.1,29.5,0.17
5/28/2026 3:45,30.6,29.5,0.17
5/28/2026 4:00,30.1,29.4,0.17
5/28/2026 4:15,30.7,29.4,0.17
5/28/2026 4:30,30.9,29.4,0.17
5/28/2026 4:45,30.6,29.4,0.17
5/28/2026 5:00,30.5,29.3,0.17
5/28/2026 5:15,30.7,29.3,0.17
5/28/2026 5:30,30.5,29.3,0.17
5/28/2026 5:45,31.1,29.2,0.17
5/28/2026 6:00,31.2,29.2,0.17
5/28/2026 6:15,30.4,29.2,0.17
5/28/2026 6:30,28.8,29.1,0.17
5/28/2026 6:45,28.7,29.1,0.17
5/28/2026 7:00,28.9,29.1,0.17
5/28/2026 7:15,28.4,29.1,0.17
5/28/2026 7:30,28.1,29,0.17
5/28/2026 7:45,31,29,0.17
5/28/2026 8:00,28.2,29,0.17
5/28/2026 8:15,30.8,29,0.17
5/28/2026 8:30,28.1,29,0.17
5/28/2026 8:45,28.9,29,0.17
5/28/2026 9:00,31.7,29.1,0.17
5/28/2026 9:15,31.5,29.1,0.17
5/28/2026 9:30,29.8,29.2,0.17
5/28/2026 9:45,30.9,29.2,0.17
5/28/2026 10:00,30.1,29.2,0.17
5/28/2026 10:15,28.8,29.2,0.17
5/28/2026 10:30,29.2,29.3,0.17
5/28/2026 10:45,29.3,29.3,0.17
5/28/2026 11:00,30.3,29.3,0.17
5/28/2026 11:15,30.3,29.4,0.17
5/28/2026 11:30,27.4,29.5,0.17
5/28/2026 11:45,29.2,29.5,0.17
5/28/2026 12:00,27.6,29.6,0.17
5/28/2026 12:15,28.7,29.7,0.17
5/28/2026 12:30,31.5,29.7,0.17
5/28/2026 12:45,27.1,29.8,0.17
5/28/2026 13:00,27.4,29.9,0.17
5/28/2026 13:15,31.8,30,0.17
5/28/2026 13:30,31,30.1,0.17
5/28/2026 13:45,31.9,30.2,0.17
5/28/2026 14:00,29.9,30.3,0.17
5/28/2026 14:15,28.1,30.3,0.17
5/28/2026 14:30,28.3,30.4,0.17
5/28/2026 14:45,28.1,30.5,0.17
5/28/2026 15:00,29.1,30.6,0.17
5/28/2026 15:15,31.7,30.7,0.17
5/28/2026 15:30,31.5,30.7,0.17
5/28/2026 15:45,28,30.8,0.17
5/28/2026 16:00,30.9,30.8,0.17
5/28/2026 16:15,29.5,30.8,0.17
5/28/2026 16:30,29.5,30.9,0.17
5/28/2026 16:45,27.8,30.9,0.17
5/28/2026 17:00,28.9,30.9,0.17
5/28/2026 17:15,31.5,31,0.17
5/28/2026 17:30,30.6,31,0.17
5/28/2026 17:45,29.9,31,0.17
5/28/2026 18:00,29.8,31,0.17
5/28/2026 18:15,28,30.9,0.17
5/28/2026 18:30,28.4,30.9,0.17
5/28/2026 18:45,29.9,30.9,0.17
5/28/2026 19:00,28.8,30.8,0.17
5/28/2026 19:15,28.4,30.8,0.17
5/28/2026 19:30,30.1,30.7,0.17
5/28/2026 19:45,30.4,30.7,0.17
5/28/2026 20:00,30.7,30.7,0.17
5/28/2026 20:15,30.8,30.7,0.17
5/28/2026 20:30,30.4,30.6,0.17
5/28/2026 20:45,30.7,30.6,0.17
5/28/2026 21:00,30.7,30.5,0.17
5/28/2026 21:15,30.7,30.5,0.17
5/28/2026 21:30,30.7,30.4,0.17
5/28/2026 21:45,30.4,30.4,0.17
5/28/2026 22:00,30.7,30.3,0.17
5/28/2026 22:15,30.6,30.3,0.17
5/28/2026 22:30,30.7,30.2,0.17
5/28/2026 22:45,30.8,30.2,0.17
5/28/2026 23:00,30.9,30.1,0.17
5/28/2026 23:15,30.3,30.1,0.17
5/28/2026 23:30,30.7,30,0.17
5/28/2026 23:45,29.4,30,0.17
5/29/2026 0:00,30.6,30,0.17
5/29/2026 0:15,30.3,29.9,0.17
5/29/2026 0:30,30.5,29.9,0.17
5/29/2026 0:45,30.3,29.8,0.17
5/29/2026 1:00,29.9,29.8,0.17
5/29/2026 1:15,29,29.7,0.17
5/29/2026 1:30,27.4,29.7,0.17
5/29/2026 1:45,27.7,29.6,0.17
5/29/2026 2:00,28.8,29.6,0.17
5/29/2026 2:15,27.8,29.5,0.17
5/29/2026 2:30,29.3,29.5,0.17
5/29/2026 2:45,30,29.4,0.17
5/29/2026 3:00,28.6,29.4,0.17
5/29/2026 3:15,29.4,29.3,0.17
5/29/2026 3:30,28.4,29.3,0.17
5/29/2026 3:45,28.6,29.3,0.17
5/29/2026 4:00,29.5,29.2,0.17
5/29/2026 4:15,30.1,29.2,0.17
5/29/2026 4:30,30,29.1,0.17
5/29/2026 4:45,29.8,29.1,0.17
5/29/2026 5:00,29.9,29,0.17
5/29/2026 5:15,30.1,29,0.17
5/29/2026 5:30,30.1,29,0.17
5/29/2026 5:45,30.6,28.9,0.17
5/29/2026 6:00,29.2,28.9,0.17
5/29/2026 6:15,29.8,28.9,0.17
5/29/2026 6:30,30.2,28.9,0.17
5/29/2026 6:45,29.9,28.8,0.17
5/29/2026 7:00,28.3,28.8,0.17
5/29/2026 7:15,27,28.8,0.17
5/29/2026 7:30,29.7,28.7,0.17
5/29/2026 7:45,29.1,28.7,0.17
5/29/2026 8:00,27.7,28.7,0.17
5/29/2026 8:15,26.8,28.7,0.17
5/29/2026 8:30,29.3,28.7,0.17
5/29/2026 8:45,27.6,28.7,0.17
5/29/2026 9:00,27.4,28.8,0.17
5/29/2026 9:15,28,28.8,0.17
5/29/2026 9:30,26.4,28.9,0.17
5/29/2026 9:45,27.3,28.9,0.17
5/29/2026 10:00,28.7,29,0.17
5/29/2026 10:15,27.3,29.1,0.17
5/29/2026 10:30,26.7,29.1,0.17
5/29/2026 10:45,26.5,29.2,0.17
5/29/2026 11:00,31,29.3,0.17
5/29/2026 11:15,28.2,29.3,0.17
5/29/2026 11:30,29,29.4,0.17
5/29/2026 11:45,28.6,29.4,0.17
5/29/2026 12:00,30.7,29.5,0.17
5/29/2026 12:15,29.2,29.6,0.17
5/29/2026 12:30,31.2,29.6,0.17
5/29/2026 12:45,28.3,29.7,0.17
5/29/2026 13:00,30.3,29.7,0.17
5/29/2026 13:15,26.1,29.8,0.17
5/29/2026 13:30,26.7,29.9,0.17
5/29/2026 13:45,26.9,29.9,0.17
5/29/2026 14:00,31,30,0.17
5/29/2026 14:15,29.4,30.1,0.17
5/29/2026 14:30,26.5,30.2,0.17
5/29/2026 14:45,30.5,30.2,0.17
5/29/2026 15:00,29.4,30.3,0.17
5/29/2026 15:15,29.6,30.4,0.17
5/29/2026 15:30,28.9,30.4,0.17
5/29/2026 15:45,27,30.5,0.17
5/29/2026 16:00,30.3,30.6,0.17
5/29/2026 16:15,29.5,30.6,0.17
5/29/2026 16:30,28.4,30.7,0.17
5/29/2026 16:45,30,30.7,0.17
5/29/2026 17:00,30.6,30.8,0.17
5/29/2026 17:15,29.1,30.8,0.17
5/29/2026 17:30,30.1,30.8,0.17
5/29/2026 17:45,29,30.8,0.17
5/29/2026 18:00,29.2,30.8,0.17
5/29/2026 18:15,29.5,30.7,0.17
5/29/2026 18:30,28.9,30.7,0.17
5/29/2026 18:45,29.5,30.6,0.17
5/29/2026 19:00,29.7,30.6,0.17
5/29/2026 19:15,29.5,30.5,0.17
5/29/2026 19:30,29.7,30.5,0.17
5/29/2026 19:45,29.6,30.4,0.17
5/29/2026 20:00,29.3,30.4,0.17
5/29/2026 20:15,28.4,30.3,0.17
5/29/2026 20:30,28.4,30.3,0.17
5/29/2026 20:45,29.6,30.3,0.17
5/29/2026 21:00,29.9,30.2,0.17
5/29/2026 21:15,28.8,30.1,0.17
5/29/2026 21:30,29.8,30.1,0.17
5/29/2026 21:45,29.6,30,0.17
5/29/2026 22:00,29.5,30,0.17
5/29/2026 22:15,29,29.9,0.17
5/29/2026 22:30,29.7,29.9,0.17
5/29/2026 22:45,28.9,29.8,0.17
5/29/2026 23:00,29.2,29.7,0.17
5/29/2026 23:15,29,29.7,0.17
5/29/2026 23:30,29.1,29.7,0.17
5/29/2026 23:45,28.7,29.6,0.17
5/30/2026 0:00,29,29.6,0.17
5/30/2026 0:15,28.7,29.5,0.17
5/30/2026 0:30,28.6,29.5,0.17
5/30/2026 0:45,28.7,29.4,0.17
5/30/2026 1:00,29.1,29.4,0.17
5/30/2026 1:15,29.2,29.4,0.17
5/30/2026 1:30,28.6,29.3,0.17
5/30/2026 1:45,28.9,29.3,0.17
5/30/2026 2:00,29.1,29.3,0.17
5/30/2026 2:15,28.8,29.2,0.17
5/30/2026 2:30,28.3,29.2,0.17
5/30/2026 2:45,28.1,29.2,0.17
5/30/2026 3:00,27.3,29.1,0.17
5/30/2026 3:15,27.7,29.1,0.17
5/30/2026 3:30,27,29,0.17
5/30/2026 3:45,26.4,29,0.17
5/30/2026 4:00,26.8,29,0.17
5/30/2026 4:15,27.5,28.9,0.17
5/30/2026 4:30,28.1,28.9,0.17
5/30/2026 4:45,27.7,28.9,0.17
5/30/2026 5:00,28,28.9,0.17
5/30/2026 5:15,28.2,28.8,0.17
5/30/2026 5:30,28.4,28.8,0.17
5/30/2026 5:45,28,28.8,0.17
5/30/2026 6:00,28.3,28.8,0.17
5/30/2026 6:15,28,28.7,0.17
5/30/2026 6:30,26.8,28.7,0.17
5/30/2026 6:45,26.3,28.7,0.17
5/30/2026 7:00,26,28.7,0.17
5/30/2026 7:15,26.6,28.7,0.17
5/30/2026 7:30,26.2,28.7,0.17
5/30/2026 7:45,27.1,28.7,0.17
5/30/2026 8:00,26.5,28.7,0.17
5/30/2026 8:15,27.1,28.7,0.17
5/30/2026 8:30,26.7,28.7,0.17
5/30/2026 8:45,27.1,28.7,0.17
5/30/2026 9:00,27.5,28.7,0.17
5/30/2026 9:15,26.5,28.8,0.17
5/30/2026 9:30,26.3,28.8,0.17
5/30/2026 9:45,27.3,28.8,0.17
5/30/2026 10:00,27.1,28.8,0.17
5/30/2026 10:15,26.2,28.8,0.17
5/30/2026 10:30,26.7,28.8,0.17
5/30/2026 10:45,28.6,28.9,0.17
5/30/2026 11:00,27.3,28.9,0.17
5/30/2026 11:15,26.8,29,0.17
5/30/2026 11:30,29.4,29,0.17
5/30/2026 11:45,28,29,0.17
5/30/2026 12:00,28,29.1,0.17
5/30/2026 12:15,27.9,29.1,0.17
5/30/2026 12:30,27.4,29.1,0.17
5/30/2026 12:45,29.9,29.2,0.17
5/30/2026 13:00,29.6,29.2,0.17
5/30/2026 13:15,28.5,29.2,0.17
5/30/2026 13:30,28.7,29.2,0.17
5/30/2026 13:45,31.8,29.2,0.17
5/30/2026 14:00,31.2,29.2,0.17
5/30/2026 14:15,30.7,29.2,0.17
5/30/2026 14:30,29.2,29.1,0.17
5/30/2026 14:45,29.8,29.1,0.17
5/30/2026 15:00,29.7,29,0.17
5/30/2026 15:15,29.9,29,0.17
5/30/2026 15:30,29.5,29,0.17
5/30/2026 15:45,28.8,28.9,0.17
5/30/2026 16:00,32.9,28.9,0.17
5/30/2026 16:15,31.1,29,0.17
5/30/2026 16:30,30,29,0.17
5/30/2026 16:45,32.3,29,0.17
5/30/2026 17:00,33.5,29,0.17
5/30/2026 17:15,32.3,29.1,0.17
5/30/2026 17:30,32.4,29.1,0.17
5/30/2026 17:45,31.7,29.1,0.17
5/30/2026 18:00,32.6,29.1,0.17
5/30/2026 18:15,32.4,29.1,0.17
5/30/2026 18:30,29.5,29.1,0.17
5/30/2026 18:45,29.7,29.1,0.17
5/30/2026 19:00,32.3,29.1,0.17
5/30/2026 19:15,32.3,29.1,0.17
5/30/2026 19:30,32.5,29.1,0.17
5/30/2026 19:45,32.7,29.1,0.17
5/30/2026 20:00,32.2,29.1,0.17
5/30/2026 20:15,32.2,29.1,0.17
5/30/2026 20:30,31.6,29,0.17
5/30/2026 20:45,31.5,29,0.17
5/30/2026 21:00,29.7,29,0.17
5/30/2026 21:15,31,28.9,0.17
5/30/2026 21:30,32.5,28.9,0.17
5/30/2026 21:45,32.1,28.9,0.17
5/30/2026 22:00,30.8,28.8,0.17
5/30/2026 22:15,32.6,28.8,0.17
5/30/2026 22:30,32.3,28.7,0.17
5/30/2026 22:45,30.8,28.7,0.17
5/30/2026 23:00,32.2,28.6,0.17
5/30/2026 23:15,32.3,28.5,0.17
5/30/2026 23:30,31.5,28.5,0.17
5/30/2026 23:45,31.5,28.4,0.17
5/31/2026 0:00,31.6,28.4,0.17
5/31/2026 0:15,31.8,28.3,0.17
5/31/2026 0:30,31.5,28.3,0.17
5/31/2026 0:45,31.7,28.2,0.17
5/31/2026 1:00,30.9,28.1,0.17
5/31/2026 1:15,30.5,28.1,0.17
5/31/2026 1:30,32,28,0.17
5/31/2026 1:45,31.7,28,0.17
5/31/2026 2:00,31.8,27.9,0.17
5/31/2026 2:15,31,27.9,0.17
5/31/2026 2:30,30.6,27.8,0.17
5/31/2026 2:45,31.4,27.8,0.17
5/31/2026 3:00,31.1,27.7,0.17
5/31/2026 3:15,32.1,27.7,0.17
5/31/2026 3:30,31.4,27.6,0.17
5/31/2026 3:45,31.5,27.6,0.17
5/31/2026 4:00,31.5,27.5,0.17
5/31/2026 4:15,31.5,27.5,0.17
5/31/2026 4:30,31.4,27.4,0.17
5/31/2026 4:45,30.9,27.4,0.17
5/31/2026 5:00,30.6,27.3,0.17
5/31/2026 5:15,31.9,27.3,0.17
5/31/2026 5:30,31.8,27.2,0.17
5/31/2026 5:45,30.9,27.2,0.17
5/31/2026 6:00,31.1,27.1,0.17
5/31/2026 6:15,31.2,27.1,0.17
5/31/2026 6:30,31.2,27.1,0.17
5/31/2026 6:45,30.2,27,0.17
5/31/2026 7:00,30.5,27,0.17
5/31/2026 7:15,28.8,26.9,0.17
5/31/2026 7:30,27.9,26.9,0.17
5/31/2026 7:45,29.6,26.8,0.17
5/31/2026 8:00,31.5,26.8,0.17
5/31/2026 8:15,29.7,26.8,0.17
5/31/2026 8:30,30.6,26.8,0.17
5/31/2026 8:45,28,26.8,0.17
5/31/2026 9:00,32.2,26.8,0.17
5/31/2026 9:15,29.2,26.8,0.17
5/31/2026 9:30,32.5,26.8,0.17
5/31/2026 9:45,30.7,26.9,0.17
5/31/2026 10:00,28.3,27,0.17
5/31/2026 10:15,32.3,27,0.17
5/31/2026 10:30,30.1,27.1,0.17
5/31/2026 10:45,29.6,27.2,0.17
5/31/2026 11:00,31.1,27.2,0.17
5/31/2026 11:15,31.6,27.3,0.17
5/31/2026 11:30,30.6,27.4,0.17
5/31/2026 11:45,32.6,27.4,0.17
5/31/2026 12:00,27.7,27.5,0.17
5/31/2026 12:15,30.8,27.5,0.17
5/31/2026 12:30,28.3,27.6,0.17
5/31/2026 12:45,30.4,27.7,0.17
5/31/2026 13:00,28.4,27.8,0.17
5/31/2026 13:15,31.2,27.8,0.17
5/31/2026 13:30,28.5,27.9,0.17
5/31/2026 13:45,30.5,28,0.17
5/31/2026 14:00,31.9,28.1,0.17
5/31/2026 14:15,28.9,28.2,0.17
5/31/2026 14:30,30.1,28.2,0.17
5/31/2026 14:45,30.9,28.3,0.17
5/31/2026 15:00,32.1,28.4,0.17
5/31/2026 15:15,31.1,28.4,0.17
5/31/2026 15:30,31.4,28.4,0.17
5/31/2026 15:45,28.3,28.5,0.17
5/31/2026 16:00,31.8,28.5,0.17
5/31/2026 16:15,30.2,28.6,0.17
5/31/2026 16:30,28.1,28.6,0.17
5/31/2026 16:45,30.6,28.6,0.17
5/31/2026 17:00,29.7,28.6,0.17
5/31/2026 17:15,31.4,28.7,0.17
5/31/2026 17:30,31.4,28.7,0.17
5/31/2026 17:45,29.4,28.6,0.17
5/31/2026 18:00,30.7,28.6,0.17
5/31/2026 18:15,29.9,28.6,0.17
5/31/2026 18:30,29.1,28.5,0.17
5/31/2026 18:45,31,28.4,0.17
5/31/2026 19:00,31.1,28.4,0.17
5/31/2026 19:15,30.8,28.4,0.17
5/31/2026 19:30,30.3,28.3,0.17
5/31/2026 19:45,30.7,28.3,0.17
5/31/2026 20:00,30.8,28.2,0.17
5/31/2026 20:15,30.2,28.1,0.17
5/31/2026 20:30,29.6,28.1,0.17
5/31/2026 20:45,30.2,28,0.17
5/31/2026 21:00,29.8,28,0.17
5/31/2026 21:15,29.1,27.9,0.17
5/31/2026 21:30,29.6,27.9,0.17
5/31/2026 21:45,30.5,27.8,0.17
5/31/2026 22:00,29.7,27.8,0.17
5/31/2026 22:15,28.3,27.8,0.17
5/31/2026 22:30,28.5,27.7,0.17
5/31/2026 22:45,27.9,27.7,0.17
5/31/2026 23:00,28,27.6,0.17
5/31/2026 23:15,28.6,27.6,0.17
5/31/2026 23:30,29.4,27.6,0.17
5/31/2026 23:45,28.5,27.6,0.17
6/1/2026 0:00,29.2,27.5,0.17
6/1/2026 0:15,29,27.5,0.17
6/1/2026 0:30,30.4,27.5,0.17
6/1/2026 0:45,27.5,27.5,0.17
6/1/2026 1:00,27.8,27.4,0.17
6/1/2026 1:15,28.4,27.4,0.17
6/1/2026 1:30,27.9,27.4,0.17
6/1/2026 1:45,28.1,27.4,0.17
6/1/2026 2:00,28,27.3,0.17
6/1/2026 2:15,28.2,27.3,0.17
6/1/2026 2:30,28,27.3,0.17
6/1/2026 2:45,28.2,27.3,0.17
6/1/2026 3:00,27.9,27.2,0.17
6/1/2026 3:15,28.3,27.2,0.17
6/1/2026 3:30,28.1,27.2,0.17
6/1/2026 3:45,28.1,27.2,0.17
6/1/2026 4:00,28.8,27.1,0.17
6/1/2026 4:15,29.1,27.1,0.17
6/1/2026 4:30,29.6,27.1,0.17
6/1/2026 4:45,29.8,27.1,0.17
6/1/2026 5:00,29.1,27,0.17
6/1/2026 5:15,29,27,0.17
6/1/2026 5:30,30.5,27,0.17
6/1/2026 5:45,29.9,26.9,0.17
6/1/2026 6:00,29.5,26.9,0.17
6/1/2026 6:15,30.1,26.9,0.17
6/1/2026 6:30,28.4,26.9,0.17
6/1/2026 6:45,28,26.8,0.17
6/1/2026 7:00,27.4,26.8,0.17
6/1/2026 7:15,27.5,26.8,0.17
6/1/2026 7:30,27.9,26.8,0.17
6/1/2026 7:45,30.2,26.8,0.17
6/1/2026 8:00,27.8,26.8,0.17
6/1/2026 8:15,30.5,26.8,0.17
6/1/2026 8:30,31.4,26.8,0.17
6/1/2026 8:45,31.2,26.8,0.17
6/1/2026 9:00,30.8,26.9,0.17
6/1/2026 9:15,30.6,26.9,0.17
6/1/2026 9:30,29.5,27,0.17
6/1/2026 9:45,26.7,27.1,0.17
6/1/2026 10:00,26.8,27.2,0.17
6/1/2026 10:15,28.5,27.2,0.17
6/1/2026 10:30,26.5,27.3,0.17
6/1/2026 10:45,31.4,27.4,0.17
6/1/2026 11:00,29,27.5,0.17
6/1/2026 11:15,27,27.6,0.17
6/1/2026 11:30,26.9,27.6,0.18
6/1/2026 11:45,31.2,27.7,0.18
6/1/2026 12:00,27.2,27.8,0.18
6/1/2026 12:15,27.2,27.9,0.18
6/1/2026 12:30,27.8,28,0.18
6/1/2026 12:45,27.2,28.1,0.17
6/1/2026 13:00,27.4,28.2,0.18
6/1/2026 13:15,29.9,28.3,0.18
6/1/2026 13:30,27.8,28.4,0.18
6/1/2026 13:45,28.3,28.5,0.18
6/1/2026 14:00,26.5,28.6,0.18
6/1/2026 14:15,31.5,28.6,0.18
6/1/2026 14:30,27.2,28.7,0.18
6/1/2026 14:45,28.8,28.8,0.17
6/1/2026 15:00,27.4,28.9,0.17
6/1/2026 15:15,26.9,28.9,0.18
6/1/2026 15:30,30.5,29,0.18
6/1/2026 15:45,29.9,29.1,0.18
6/1/2026 16:00,28.5,29.1,0.18
6/1/2026 16:15,30.5,29.2,0.18
6/1/2026 16:30,28.8,29.2,0.18
6/1/2026 16:45,31,29.3,0.18
6/1/2026 17:00,30.1,29.3,0.18
6/1/2026 17:15,29.9,29.3,0.18
6/1/2026 17:30,29.6,29.3,0.18
6/1/2026 17:45,29.5,29.4,0.18
6/1/2026 18:00,28.8,29.4,0.18
6/1/2026 18:15,29.7,29.3,0.18
6/1/2026 18:30,29.4,29.3,0.18
6/1/2026 18:45,29.3,29.3,0.18
6/1/2026 19:00,27.7,29.2,0.18
6/1/2026 19:15,28.3,29.2,0.18
6/1/2026 19:30,29.9,29.2,0.18
6/1/2026 19:45,29.3,29.2,0.18
6/1/2026 20:00,29.6,29.1,0.18
6/1/2026 20:15,29.2,29.1,0.18
6/1/2026 20:30,29.3,29,0.18
6/1/2026 20:45,30,29,0.18
6/1/2026 21:00,29.1,28.9,0.18
6/1/2026 21:15,29.7,28.9,0.18
6/1/2026 21:30,31.5,28.9,0.18
6/1/2026 21:45,31.9,28.8,0.18
6/1/2026 22:00,32.2,28.7,0.18
6/1/2026 22:15,31.8,28.7,0.18
6/1/2026 22:30,32.1,28.6,0.18
6/1/2026 22:45,31,28.6,0.18
6/1/2026 23:00,32.3,28.5,0.18
6/1/2026 23:15,32.7,28.5,0.18
6/1/2026 23:30,32.5,28.5,0.18
6/1/2026 23:45,32.1,28.4,0.18
6/2/2026 0:00,32,28.4,0.18
6/2/2026 0:15,32.6,28.4,0.18
6/2/2026 0:30,32.5,28.3,0.18
6/2/2026 0:45,32.2,28.3,0.18
6/2/2026 1:00,31.7,28.3,0.18
6/2/2026 1:15,32,28.2,0.18
6/2/2026 1:30,33.3,28.2,0.18
6/2/2026 1:45,32.5,28.2,0.18
6/2/2026 2:00,32,28.2,0.18
6/2/2026 2:15,32.6,28.1,0.18
6/2/2026 2:30,33.1,28.1,0.18
6/2/2026 2:45,32.3,28.1,0.18
6/2/2026 3:00,32.1,28.1,0.18
6/2/2026 3:15,32.3,28,0.18
6/2/2026 3:30,32.4,28,0.18
6/2/2026 3:45,33.2,28,0.18
6/2/2026 4:00,33.1,27.9,0.18
6/2/2026 4:15,32.8,27.9,0.18
6/2/2026 4:30,32.8,27.9,0.18
6/2/2026 4:45,32.4,27.8,0.18
6/2/2026 5:00,33,27.8,0.18
6/2/2026 5:15,32.4,27.7,0.18
6/2/2026 5:30,32.9,27.7,0.18
6/2/2026 5:45,31.9,27.7,0.18
6/2/2026 6:00,32.4,27.6,0.18
6/2/2026 6:15,32.3,27.6,0.18
6/2/2026 6:30,32.7,27.6,0.18
6/2/2026 6:45,32.8,27.5,0.18
6/2/2026 7:00,31.9,27.5,0.18
6/2/2026 7:15,31.8,27.4,0.18
6/2/2026 7:30,31.1,27.4,0.18
6/2/2026 7:45,32.2,27.4,0.18
6/2/2026 8:00,32.3,27.3,0.18
6/2/2026 8:15,29.1,27.3,0.18
6/2/2026 8:30,31,27.3,0.18
6/2/2026 8:45,33.6,27.3,0.18
6/2/2026 9:00,33.4,27.3,0.18
6/2/2026 9:15,29.5,27.3,0.18
6/2/2026 9:30,29.7,27.4,0.18
6/2/2026 9:45,30.1,27.4,0.18
6/2/2026 10:00,33.6,27.5,0.18
6/2/2026 10:15,33.6,27.5,0.18
6/2/2026 10:30,32.9,27.6,0.18
6/2/2026 10:45,29,27.6,0.18
6/2/2026 11:00,32.3,27.7,0.18
6/2/2026 11:15,30.8,27.7,0.18
6/2/2026 11:30,33.3,27.8,0.18
6/2/2026 11:45,29.7,27.9,0.18
6/2/2026 12:00,30.7,27.9,0.18
6/2/2026 12:15,30.2,28,0.18
6/2/2026 12:30,29.9,28.1,0.18
6/2/2026 12:45,31.4,28.2,0.18
6/2/2026 13:00,30.9,28.3,0.18
6/2/2026 13:15,32.8,28.3,0.18
6/2/2026 13:30,31.4,28.4,0.18
6/2/2026 13:45,31.7,28.5,0.18
6/2/2026 14:00,31.7,28.6,0.18
6/2/2026 14:15,32.3,28.7,0.18
6/2/2026 14:30,30.4,28.7,0.18
6/2/2026 14:45,31.3,28.8,0.18
6/2/2026 15:00,32.3,28.8,0.18
6/2/2026 15:15,32.5,28.9,0.18
6/2/2026 15:30,32.5,28.9,0.18
6/2/2026 15:45,31.9,28.9,0.18
6/2/2026 16:00,31.4,28.8,0.18
6/2/2026 16:15,31,28.8,0.18
6/2/2026 16:30,29.6,28.8,0.18
6/2/2026 16:45,30,28.7,0.18
6/2/2026 17:00,31.9,28.7,0.18
6/2/2026 17:15,32.4,28.6,0.18
6/2/2026 17:30,32.5,28.6,0.18
6/2/2026 17:45,31.6,28.6,0.18
6/2/2026 18:00,31.9,28.5,0.18
6/2/2026 18:15,32.2,28.5,0.18
6/2/2026 18:30,31.3,28.4,0.18
6/2/2026 18:45,32,28.4,0.18
6/2/2026 19:00,32.1,28.3,0.18
6/2/2026 19:15,32.1,28.3,0.18
6/2/2026 19:30,32.3,28.2,0.18
6/2/2026 19:45,32.4,28.1,0.18
6/2/2026 20:00,32.1,28.1,0.18
6/2/2026 20:15,32.6,28,0.18
6/2/2026 20:30,32.4,27.9,0.18
6/2/2026 20:45,32,27.8,0.18
6/2/2026 21:00,29.2,27.8,0.18
6/2/2026 21:15,30.5,27.7,0.18
6/2/2026 21:30,31.7,27.6,0.18
6/2/2026 21:45,31.3,27.5,0.18
6/2/2026 22:00,30.8,27.5,0.18
6/2/2026 22:15,32.4,27.4,0.18
6/2/2026 22:30,31.3,27.3,0.18
6/2/2026 22:45,30.6,27.2,0.18
6/2/2026 23:00,31.7,27.2,0.18
6/2/2026 23:15,31,27.1,0.18
6/2/2026 23:30,32.1,27.1,0.18
6/2/2026 23:45,29.9,27,0.18
6/3/2026 0:00,32,26.9,0.18
6/3/2026 0:15,31.3,26.9,0.18
6/3/2026 0:30,30.4,26.8,0.18
6/3/2026 0:45,31.8,26.8,0.18
6/3/2026 1:00,31.4,26.7,0.18
6/3/2026 1:15,30.3,26.6,0.18
6/3/2026 1:30,30.8,26.6,0.18
6/3/2026 1:45,30.9,26.5,0.18
6/3/2026 2:00,31.9,26.5,0.18
6/3/2026 2:15,31.9,26.4,0.18
6/3/2026 2:30,31.1,26.4,0.18
6/3/2026 2:45,32,26.3,0.18
6/3/2026 3:00,31.7,26.3,0.18
6/3/2026 3:15,31.5,26.2,0.18
6/3/2026 3:30,31.5,26.1,0.18
6/3/2026 3:45,31.1,26.1,0.18
6/3/2026 4:00,30.9,26,0.18
6/3/2026 4:15,31.1,26,0.18
6/3/2026 4:30,31.3,25.9,0.18
6/3/2026 4:45,31.5,25.9,0.18
6/3/2026 5:00,31.2,25.8,0.18
6/3/2026 5:15,30.9,25.8,0.18
6/3/2026 5:30,31.1,25.7,0.18
6/3/2026 5:45,31.4,25.7,0.18
6/3/2026 6:00,31,25.6,0.18
6/3/2026 6:15,30.5,25.6,0.18
6/3/2026 6:30,29.3,25.5,0.18
6/3/2026 6:45,28.8,25.5,0.18
6/3/2026 7:00,28.5,25.5,0.18
6/3/2026 7:15,28.2,25.4,0.18
6/3/2026 7:30,28.1,25.4,0.18
6/3/2026 7:45,32.1,25.4,0.18
6/3/2026 8:00,29.7,25.4,0.18
6/3/2026 8:15,28.3,25.4,0.18
6/3/2026 8:30,29.4,25.4,0.18
6/3/2026 8:45,29,25.4,0.18
6/3/2026 9:00,30.5,25.4,0.18
6/3/2026 9:15,28.8,25.5,0.18
6/3/2026 9:30,28.4,25.6,0.18
6/3/2026 9:45,28.5,25.6,0.18
6/3/2026 10:00,32.3,25.7,0.18
6/3/2026 10:15,32.6,25.8,0.18
6/3/2026 10:30,29.6,25.8,0.18
6/3/2026 10:45,28.9,25.9,0.18
6/3/2026 11:00,31.8,26,0.18
6/3/2026 11:15,27.8,26.1,0.18
6/3/2026 11:30,32.3,26.1,0.18
6/3/2026 11:45,30.8,26.2,0.18
6/3/2026 12:00,31.7,26.3,0.18
6/3/2026 12:15,32.2,26.4,0.18
6/3/2026 12:30,30.2,26.5,0.18
6/3/2026 12:45,28.5,26.6,0.18
6/3/2026 13:00,27.5,26.7,0.18
6/3/2026 13:15,30.4,26.8,0.18
6/3/2026 13:30,28.5,27,0.18
6/3/2026 13:45,32.3,27.1,0.18
6/3/2026 14:00,28.4,27.2,0.18
6/3/2026 14:15,28.7,27.3,0.18
6/3/2026 14:30,31,27.4,0.18
6/3/2026 14:45,30.1,27.5,0.18
6/3/2026 15:00,31.3,27.6,0.18
6/3/2026 15:15,32.5,27.7,0.18
6/3/2026 15:30,31.6,27.7,0.18
6/3/2026 15:45,27.4,27.8,0.18
6/3/2026 16:00,28.6,27.8,0.18
6/3/2026 16:15,31.5,27.9,0.18
6/3/2026 16:30,29.3,27.9,0.18
6/3/2026 16:45,31.4,27.9,0.18
6/3/2026 17:00,31.8,27.9,0.18
6/3/2026 17:15,31,28,0.18
6/3/2026 17:30,31.5,28,0.18
6/3/2026 17:45,30.2,28,0.18
6/3/2026 18:00,29.5,28,0.18
6/3/2026 18:15,30.8,27.9,0.18
6/3/2026 18:30,30,27.9,0.18
6/3/2026 18:45,30,27.8,0.18
6/3/2026 19:00,31.1,27.8,0.18
6/3/2026 19:15,31.2,27.7,0.18
6/3/2026 19:30,31.2,27.7,0.18
6/3/2026 19:45,30.2,27.7,0.18
6/3/2026 20:00,31,27.6,0.18
6/3/2026 20:15,31.5,27.6,0.18
6/3/2026 20:30,31.2,27.5,0.18
6/3/2026 20:45,31.1,27.5,0.18
6/3/2026 21:00,30.5,27.4,0.18
6/3/2026 21:15,28,27.3,0.18
6/3/2026 21:30,31.2,27.3,0.18
6/3/2026 21:45,27.3,27.2,0.18
6/3/2026 22:00,29.3,27.1,0.18
6/3/2026 22:15,30.4,27.1,0.18
6/3/2026 22:30,27.5,27,0.18
6/3/2026 22:45,29.5,27,0.18
6/3/2026 23:00,29.9,26.9,0.18
6/3/2026 23:15,31,26.9,0.18
6/3/2026 23:30,30.9,26.8,0.18
6/3/2026 23:45,31,26.8,0.18
6/4/2026 0:00,30.7,26.7,0.18
6/4/2026 0:15,30.7,26.7,0.18
6/4/2026 0:30,30.8,26.6,0.18
6/4/2026 0:45,30.7,26.6,0.18
6/4/2026 1:00,30.6,26.5,0.18
6/4/2026 1:15,30.7,26.4,0.18
6/4/2026 1:30,30.4,26.4,0.18
6/4/2026 1:45,30.3,26.3,0.18
6/4/2026 2:00,30.2,26.3,0.18
6/4/2026 2:15,30.5,26.2,0.18
6/4/2026 2:30,30.2,26.2,0.18
6/4/2026 2:45,30.4,26.1,0.18
6/4/2026 3:00,30.4,26,0.18
6/4/2026 3:15,30.1,26,0.18
6/4/2026 3:30,30.3,25.9,0.18
6/4/2026 3:45,30,25.9,0.18
6/4/2026 4:00,29.9,25.8,0.18
6/4/2026 4:15,30,25.8,0.18
6/4/2026 4:30,30.3,25.7,0.18
6/4/2026 4:45,30.5,25.7,0.18
6/4/2026 5:00,30.6,25.6,0.18
6/4/2026 5:15,30.4,25.6,0.18
6/4/2026 5:30,30.5,25.5,0.18
6/4/2026 5:45,29.9,25.5,0.18
6/4/2026 6:00,30.1,25.5,0.18
6/4/2026 6:15,29.7,25.4,0.18
6/4/2026 6:30,29.1,25.4,0.18
6/4/2026 6:45,27.7,25.3,0.18
6/4/2026 7:00,27.5,25.3,0.18
6/4/2026 7:15,27.6,25.3,0.18
6/4/2026 7:30,27,25.2,0.18
6/4/2026 7:45,30.6,25.2,0.18
6/4/2026 8:00,27.2,25.2,0.18
6/4/2026 8:15,26.8,25.2,0.18
6/4/2026 8:30,29,25.2,0.18
6/4/2026 8:45,28.4,25.3,0.18
6/4/2026 9:00,26.9,25.3,0.18
6/4/2026 9:15,27.6,25.4,0.18
6/4/2026 9:30,29.4,25.5,0.18
6/4/2026 9:45,26.6,25.6,0.18
6/4/2026 10:00,27.3,25.6,0.18
6/4/2026 10:15,28.9,25.7,0.18
6/4/2026 10:30,27,25.8,0.18
6/4/2026 10:45,27.1,25.8,0.18
6/4/2026 11:00,27,25.9,0.18
6/4/2026 11:15,30.8,26,0.18
6/4/2026 11:30,30.4,26.1,0.18
6/4/2026 11:45,28.7,26.2,0.18
6/4/2026 12:00,30.6,26.3,0.18
6/4/2026 12:15,30,26.4,0.18
6/4/2026 12:30,29.1,26.5,0.18
6/4/2026 12:45,30.4,26.7,0.18
6/4/2026 13:00,28.6,26.8,0.18
6/4/2026 13:15,29.4,27,0.18
6/4/2026 13:30,29.6,27.1,0.18
6/4/2026 13:45,30.6,27.2,0.18
6/4/2026 14:00,30,27.3,0.18
6/4/2026 14:15,28.7,27.5,0.18
6/4/2026 14:30,30.9,27.6,0.18
6/4/2026 14:45,30.7,27.7,0.18
6/4/2026 15:00,29.4,27.8,0.18
6/4/2026 15:15,28.5,27.9,0.18
6/4/2026 15:30,29.3,28,0.18
6/4/2026 15:45,28.8,28.1,0.18
6/4/2026 16:00,28.1,28.2,0.18
6/4/2026 16:15,29.8,28.3,0.18
6/4/2026 16:30,28.2,28.3,0.18
6/4/2026 16:45,29.5,28.4,0.18
6/4/2026 17:00,30.4,28.5,0.18
6/4/2026 17:15,30,28.5,0.18
6/4/2026 17:30,30,28.5,0.18
6/4/2026 17:45,28.4,28.6,0.18
6/4/2026 18:00,29.4,28.6,0.18
6/4/2026 18:15,29.9,28.5,0.18
6/4/2026 18:30,28.9,28.5,0.18
6/4/2026 18:45,29,28.5,0.18
6/4/2026 19:00,29,28.4,0.18
6/4/2026 19:15,29.5,28.4,0.18
6/4/2026 19:30,30.5,28.4,0.18
6/4/2026 19:45,28.2,28.3,0.18
6/4/2026 20:00,29.8,28.3,0.18
6/4/2026 20:15,30,28.2,0.18
6/4/2026 20:30,29.8,28.2,0.18
6/4/2026 20:45,29.7,28.1,0.18
6/4/2026 21:00,29.8,28,0.18
6/4/2026 21:15,29.7,28,0.18
6/4/2026 21:30,29.6,27.9,0.18
6/4/2026 21:45,29.3,27.8,0.18
6/4/2026 22:00,29.2,27.8,0.18
6/4/2026 22:15,29.6,27.7,0.18
6/4/2026 22:30,29.8,27.6,0.18
6/4/2026 22:45,29.7,27.6,0.18
6/4/2026 23:00,29.5,27.5,0.18
6/4/2026 23:15,29.6,27.4,0.18
6/4/2026 23:30,29.4,27.4,0.18
6/4/2026 23:45,29.7,27.3,0.18
6/5/2026 0:00,29.5,27.2,0.18
6/5/2026 0:15,29.5,27.2,0.18
6/5/2026 0:30,29.3,27.1,0.18
6/5/2026 0:45,29.5,27.1,0.18
6/5/2026 1:00,29.6,27,0.18
6/5/2026 1:15,29.3,26.9,0.18
6/5/2026 1:30,29.2,26.9,0.18
6/5/2026 1:45,29.1,26.8,0.18
6/5/2026 2:00,29.3,26.8,0.18
6/5/2026 2:15,29.1,26.7,0.18
6/5/2026 2:30,29,26.7,0.18
6/5/2026 2:45,29.2,26.6,0.18
6/5/2026 3:00,29.3,26.6,0.18
6/5/2026 3:15,29,26.5,0.18
6/5/2026 3:30,28.9,26.5,0.18
6/5/2026 3:45,29.1,26.4,0.18
6/5/2026 4:00,29,26.3,0.18
6/5/2026 4:15,29.2,26.3,0.18
6/5/2026 4:30,29.3,26.3,0.18
6/5/2026 4:45,29.2,26.2,0.18
6/5/2026 5:00,29.1,26.2,0.18
6/5/2026 5:15,29,26.1,0.18
6/5/2026 5:30,29,26.1,0.18
6/5/2026 5:45,29,26,0.18
6/5/2026 6:00,29.1,26,0.18
6/5/2026 6:15,28.6,25.9,0.18
6/5/2026 6:30,27.5,25.9,0.18
6/5/2026 6:45,26.3,25.9,0.18
6/5/2026 7:00,26.3,25.8,0.18
6/5/2026 7:15,26.4,25.8,0.18
6/5/2026 7:30,25.6,25.8,0.18
6/5/2026 7:45,29.3,25.7,0.18
6/5/2026 8:00,25.9,25.7,0.18
6/5/2026 8:15,25.9,25.7,0.18
6/5/2026 8:30,25.5,25.7,0.18
6/5/2026 8:45,30,25.8,0.18
6/5/2026 9:00,29.4,25.8,0.18
6/5/2026 9:15,25.6,25.9,0.18
6/5/2026 9:30,26.7,26,0.18
6/5/2026 9:45,28.7,26,0.18
6/5/2026 10:00,26.8,26.1,0.18
6/5/2026 10:15,26.2,26.2,0.18
6/5/2026 10:30,27.3,26.2,0.18
6/5/2026 10:45,26.6,26.3,0.18
6/5/2026 11:00,29.1,26.4,0.18
6/5/2026 11:15,25.4,26.5,0.18
6/5/2026 11:30,29.3,26.6,0.18
6/5/2026 11:45,25.8,26.7,0.18
6/5/2026 12:00,27.6,26.8,0.18
6/5/2026 12:15,27.7,26.9,0.18
6/5/2026 12:30,29.7,27,0.18
6/5/2026 12:45,27.7,27.1,0.18
6/5/2026 13:00,28.5,27.3,0.18
6/5/2026 13:15,28.1,27.5,0.18
6/5/2026 13:30,25.8,27.6,0.18
6/5/2026 13:45,28.7,27.8,0.18
6/5/2026 14:00,26.7,28,0.18
6/5/2026 14:15,29.1,28.1,0.18
6/5/2026 14:30,28.2,28.2,0.18
6/5/2026 14:45,26.4,28.4,0.18
6/5/2026 15:00,27.5,28.5,0.18
6/5/2026 15:15,29.5,28.6,0.18
6/5/2026 15:30,29.1,28.7,0.18
6/5/2026 15:45,27.5,28.8,0.18
6/5/2026 16:00,28.4,28.9,0.18
6/5/2026 16:15,27.4,29,0.18
6/5/2026 16:30,27.4,29.1,0.18
6/5/2026 16:45,29,29.1,0.18
6/5/2026 17:00,28.3,29.2,0.18
6/5/2026 17:15,28.5,29.2,0.18
6/5/2026 17:30,28.9,29.3,0.18
6/5/2026 17:45,28.3,29.3,0.18
6/5/2026 18:00,28.5,29.3,0.18
6/5/2026 18:15,28.5,29.3,0.18
6/5/2026 18:30,28.8,29.2,0.18
6/5/2026 18:45,28.5,29.2,0.18
6/5/2026 19:00,28,29.1,0.18
6/5/2026 19:15,28.4,29.1,0.18
6/5/2026 19:30,28.7,29.1,0.18
6/5/2026 19:45,27.9,29,0.18
6/5/2026 20:00,27.9,29,0.18
6/5/2026 20:15,28.3,28.9,0.19
6/5/2026 20:30,26.3,28.9,0.19
6/5/2026 20:45,29.4,28.8,0.19
6/5/2026 21:00,--,--,--
6/5/2026 21:15,28.5,28.7,0.19
6/5/2026 21:30,28.3,28.6,0.19
6/5/2026 21:45,29,28.5,0.19
6/5/2026 22:00,28.8,28.5,0.19
6/5/2026 22:15,28.8,28.4,0.19
6/5/2026 22:30,29,28.4,0.19
6/5/2026 22:45,28.6,28.3,0.19
6/5/2026 23:00,28.8,28.2,0.19
6/5/2026 23:15,28.3,28.2,0.19
6/5/2026 23:30,28.6,28.1,0.19
6/5/2026 23:45,28.5,28,0.19
6/6/2026 0:00,28.6,28,0.19
6/6/2026 0:15,28.3,27.9,0.19
6/6/2026 0:30,28.1,27.9,0.19
6/6/2026 0:45,28.1,27.8,0.19
6/6/2026 1:00,28.1,27.7,0.19
6/6/2026 1:15,27.7,27.7,0.19
6/6/2026 1:30,28.1,27.6,0.19
6/6/2026 1:45,27.9,27.6,0.19
6/6/2026 2:00,28,27.5,0.19
6/6/2026 2:15,28.4,27.5,0.19
6/6/2026 2:30,28.3,27.5,0.19
6/6/2026 2:45,28.2,27.4,0.19
6/6/2026 3:00,28.4,27.4,0.19
6/6/2026 3:15,28.3,27.3,0.19
6/6/2026 3:30,28.3,27.3,0.19
6/6/2026 3:45,28.2,27.3,0.19
6/6/2026 4:00,28.4,27.2,0.19
6/6/2026 4:15,28.4,27.2,0.19
6/6/2026 4:30,28.2,27.1,0.19
6/6/2026 4:45,27.7,27.1,0.19
6/6/2026 5:00,28.2,27.1,0.19
6/6/2026 5:15,28.2,27,0.19
6/6/2026 5:30,28.3,27,0.19
6/6/2026 5:45,28.2,26.9,0.19
6/6/2026 6:00,28.3,26.9,0.19
6/6/2026 6:15,27.7,26.8,0.19
6/6/2026 6:30,27.3,26.8,0.19
6/6/2026 6:45,26.5,26.8,0.19
6/6/2026 7:00,25.3,26.7,0.19
6/6/2026 7:15,25.5,26.7,0.19
6/6/2026 7:30,24.9,26.7,0.19
6/6/2026 7:45,28.5,26.7,0.19
6/6/2026 8:00,26,26.7,0.19
6/6/2026 8:15,25.4,26.7,0.19
6/6/2026 8:30,27,26.7,0.19
6/6/2026 8:45,25.9,26.7,0.18
6/6/2026 9:00,27.6,26.7,0.19
6/6/2026 9:15,27.5,26.8,0.19
6/6/2026 9:30,25.3,26.8,0.19
6/6/2026 9:45,28.7,26.9,0.19
6/6/2026 10:00,28,27,0.19
6/6/2026 10:15,24.5,27,0.19
6/6/2026 10:30,25.3,27.1,0.19
6/6/2026 10:45,24.5,27.2,0.19
6/6/2026 11:00,26,27.3,0.19
6/6/2026 11:15,27.7,27.3,0.19
6/6/2026 11:30,25.6,27.4,0.19
6/6/2026 11:45,28.7,27.5,0.19
6/6/2026 12:00,27.7,27.6,0.19
6/6/2026 12:15,25.7,27.7,0.19
6/6/2026 12:30,25.1,27.8,0.19
6/6/2026 12:45,25.2,28,0.19
6/6/2026 13:00,29.3,28.1,0.19
6/6/2026 13:15,24.5,28.3,0.19
6/6/2026 13:30,26.6,28.4,0.19
6/6/2026 13:45,27.7,28.5,0.19
6/6/2026 14:00,25.8,28.6,0.19
6/6/2026 14:15,28.1,28.7,0.19
6/6/2026 14:30,28.4,28.9,0.19
6/6/2026 14:45,27.6,29,0.19
6/6/2026 15:00,24.8,29,0.19
6/6/2026 15:15,25.1,29.1,0.19
6/6/2026 15:30,27.1,29.2,0.19
6/6/2026 15:45,25.1,29.2,0.19
6/6/2026 16:00,26.7,29.3,0.19
6/6/2026 16:15,25,29.3,0.19
6/6/2026 16:30,28.1,29.3,0.19
6/6/2026 16:45,27.9,29.4,0.19
6/6/2026 17:00,27.6,29.4,0.19
6/6/2026 17:15,26.9,29.4,0.19
6/6/2026 17:30,27,29.4,0.19
6/6/2026 17:45,28.1,29.4,0.19
6/6/2026 18:00,27,29.4,0.19
6/6/2026 18:15,27.3,29.4,0.19
6/6/2026 18:30,27.6,29.4,0.19
6/6/2026 18:45,28,29.4,0.19
6/6/2026 19:00,27.8,29.3,0.19
6/6/2026 19:15,27.9,29.3,0.19
6/6/2026 19:30,27.5,29.2,0.19
6/6/2026 19:45,27,29.2,0.19
6/6/2026 20:00,26.9,29.2,0.19
6/6/2026 20:15,27.2,29.1,0.19
6/6/2026 20:30,27.5,29,0.19
6/6/2026 20:45,26.4,29,0.19
6/6/2026 21:00,26.3,28.9,0.19
6/6/2026 21:15,27.4,28.9,0.19
6/6/2026 21:30,26.9,28.8,0.19
6/6/2026 21:45,25.2,28.8,0.19
6/6/2026 22:00,24.6,28.7,0.19
6/6/2026 22:15,24.9,28.6,0.19
6/6/2026 22:30,27.5,28.6,0.19
6/6/2026 22:45,25.4,28.6,0.19
6/6/2026 23:00,26.2,28.5,0.19
6/6/2026 23:15,26.6,28.5,0.19
6/6/2026 23:30,27.8,28.4,0.19
6/6/2026 23:45,27.1,28.4,0.19
6/7/2026 0:00,27.1,28.3,0.19
6/7/2026 0:15,24.9,28.3,0.19
6/7/2026 0:30,24.5,28.2,0.19
6/7/2026 0:45,24.6,28.2,0.19
6/7/2026 1:00,27,28.1,0.19
6/7/2026 1:15,27.2,28.1,0.19
6/7/2026 1:30,27.2,28.1,0.19
6/7/2026 1:45,25.9,28,0.19
6/7/2026 2:00,27.5,28,0.19
6/7/2026 2:15,27.1,27.9,0.19
6/7/2026 2:30,26.2,27.9,0.19
6/7/2026 2:45,27.1,27.9,0.19
6/7/2026 3:00,27.2,27.8,0.19
6/7/2026 3:15,27.4,27.8,0.19
6/7/2026 3:30,26.1,27.7,0.19
6/7/2026 3:45,27.2,27.7,0.19
6/7/2026 4:00,27,27.7,0.19
6/7/2026 4:15,27.2,27.6,0.19
6/7/2026 4:30,27.1,27.6,0.19
6/7/2026 4:45,27.4,27.6,0.19
6/7/2026 5:00,27.1,27.5,0.19
6/7/2026 5:15,27.2,27.5,0.19
6/7/2026 5:30,27.1,27.4,0.19
6/7/2026 5:45,26.7,27.4,0.19
6/7/2026 6:00,26.4,27.4,0.19
6/7/2026 6:15,25.5,27.3,0.19
6/7/2026 6:30,24.5,27.3,0.19
6/7/2026 6:45,25.1,27.3,0.19
6/7/2026 7:00,24.4,27.2,0.19
6/7/2026 7:15,24.3,27.2,0.19
6/7/2026 7:30,24.1,27.2,0.19
6/7/2026 7:45,27.3,27.2,0.19
6/7/2026 8:00,24,27.2,0.19
6/7/2026 8:15,24.8,27.2,0.19
6/7/2026 8:30,25,27.2,0.19
6/7/2026 8:45,24.4,27.2,0.19
6/7/2026 9:00,25.7,27.2,0.19
6/7/2026 9:15,28,27.3,0.19
6/7/2026 9:30,25,27.3,0.19
6/7/2026 9:45,25.5,27.4,0.19
6/7/2026 10:00,25.6,27.4,0.19
6/7/2026 10:15,24.3,27.5,0.19
6/7/2026 10:30,24,27.6,0.19
6/7/2026 10:45,25.1,27.6,0.19
6/7/2026 11:00,26.7,27.7,0.19
6/7/2026 11:15,26.5,27.8,0.19
6/7/2026 11:30,24.5,27.9,0.19
6/7/2026 11:45,23.6,28,0.19
6/7/2026 12:00,24.7,28.1,0.19
6/7/2026 12:15,24.3,28.2,0.19
6/7/2026 12:30,21.7,28.3,0.19
6/7/2026 12:45,21.2,28.4,0.19
6/7/2026 13:00,31.2,28.5,0.19
6/7/2026 13:15,29.6,28.7,0.19
6/7/2026 13:30,23.7,28.8,0.19
6/7/2026 13:45,23.1,28.9,0.19
6/7/2026 14:00,22.3,29,0.19
6/7/2026 14:15,26.3,29.2,0.19
6/7/2026 14:30,23.6,29.3,0.19
6/7/2026 14:45,22,29.4,0.19
6/7/2026 15:00,22.9,29.5,0.19
6/7/2026 15:15,27.5,29.6,0.19
6/7/2026 15:30,21.6,29.7,0.19
6/7/2026 15:45,27.9,29.8,0.19
6/7/2026 16:00,28.4,29.9,0.19
6/7/2026 16:15,27.8,29.9,0.19
6/7/2026 16:30,21.9,30,0.19
6/7/2026 16:45,28.8,30,0.19
6/7/2026 17:00,25.6,30.1,0.19
6/7/2026 17:15,28.1,30.1,0.19
6/7/2026 17:30,27.4,30.1,0.19
6/7/2026 17:45,26.8,30.1,0.19
6/7/2026 18:00,28.2,30.1,0.19
6/7/2026 18:15,27.8,30.1,0.19
6/7/2026 18:30,28.4,30.1,0.19
6/7/2026 18:45,28.7,30,0.19
6/7/2026 19:00,28.6,30,0.19
6/7/2026 19:15,28.4,29.9,0.19
6/7/2026 19:30,27.2,29.9,0.19
6/7/2026 19:45,27.8,29.9,0.19
6/7/2026 20:00,27.7,29.8,0.19
6/7/2026 20:15,27.9,29.7,0.19
6/7/2026 20:30,27.6,29.7,0.19
6/7/2026 20:45,28.1,29.6,0.19
6/7/2026 21:00,28.2,29.6,0.19
6/7/2026 21:15,26.2,29.5,0.19
6/7/2026 21:30,26.8,29.4,0.19
6/7/2026 21:45,26.8,29.4,0.19
6/7/2026 22:00,27.3,29.3,0.19
6/7/2026 22:15,25.7,29.2,0.19
6/7/2026 22:30,27.3,29.2,0.19
6/7/2026 22:45,26.5,29.1,0.19
6/7/2026 23:00,26.3,29.1,0.19
6/7/2026 23:15,25,29,0.19
6/7/2026 23:30,25.4,29,0.19
6/7/2026 23:45,26.4,28.9,0.19
6/8/2026 0:00,26,28.9,0.19
6/8/2026 0:15,25.6,28.8,0.19
6/8/2026 0:30,25.5,28.8,0.19
6/8/2026 0:45,25.4,28.7,0.19
6/8/2026 1:00,26.3,28.7,0.19
6/8/2026 1:15,25.8,28.6,0.19
6/8/2026 1:30,25.1,28.6,0.19
6/8/2026 1:45,24.5,28.5,0.19
6/8/2026 2:00,26.3,28.5,0.19
6/8/2026 2:15,26.3,28.5,0.19
6/8/2026 2:30,26,28.4,0.19
6/8/2026 2:45,25.3,28.4,0.19
6/8/2026 3:00,26.1,28.4,0.19
6/8/2026 3:15,24.3,28.3,0.19
6/8/2026 3:30,25.8,28.3,0.19
6/8/2026 3:45,25.7,28.3,0.19
6/8/2026 4:00,26.3,28.2,0.19
6/8/2026 4:15,26.1,28.2,0.19
6/8/2026 4:30,26.2,28.2,0.19
6/8/2026 4:45,26.4,28.1,0.19
6/8/2026 5:00,26.3,28.1,0.19
6/8/2026 5:15,26.2,28.1,0.19
6/8/2026 5:30,26.2,28,0.19
6/8/2026 5:45,26.3,28,0.19
6/8/2026 6:00,25.3,28,0.19
6/8/2026 6:15,24.6,27.9,0.19
6/8/2026 6:30,23,27.9,0.19
6/8/2026 6:45,23.2,27.9,0.19
6/8/2026 7:00,23.6,27.8,0.19
6/8/2026 7:15,23.4,27.8,0.19
6/8/2026 7:30,23.7,27.8,0.18
6/8/2026 7:45,26,27.8,0.19
6/8/2026 8:00,26.5,27.8,0.19
6/8/2026 8:15,23.8,27.8,0.19
6/8/2026 8:30,25.5,27.8,0.19
6/8/2026 8:45,25.7,27.8,0.19
6/8/2026 9:00,23.5,27.9,0.19
6/8/2026 9:15,24.1,27.9,0.19
6/8/2026 9:30,22.9,27.9,0.19
6/8/2026 9:45,23.3,28,0.19
6/8/2026 10:00,25.2,28,0.19
6/8/2026 10:15,22.8,28.1,0.19
6/8/2026 10:30,22.3,28.1,0.19
6/8/2026 10:45,22.4,28.2,0.19
6/8/2026 11:00,22.5,28.3,0.19
6/8/2026 11:15,24.2,28.4,0.19
6/8/2026 11:30,25.9,28.5,0.19
6/8/2026 11:45,24.1,28.6,0.19
6/8/2026 12:00,26.9,28.6,0.19
6/8/2026 12:15,25.8,28.7,0.19
6/8/2026 12:30,25.8,28.9,0.19
6/8/2026 12:45,26,29.1,0.19
6/8/2026 13:00,23.6,29.2,0.19
6/8/2026 13:15,23.8,29.4,0.19
6/8/2026 13:30,25.8,29.5,0.19
6/8/2026 13:45,25.5,29.7,0.19
6/8/2026 14:00,22.8,29.8,0.19
6/8/2026 14:15,25,29.9,0.19
6/8/2026 14:30,26.2,30.1,0.19
6/8/2026 14:45,25.5,30.2,0.19
6/8/2026 15:00,22.3,30.3,0.19
6/8/2026 15:15,26.3,30.4,0.19
6/8/2026 15:30,24.3,30.5,0.19
6/8/2026 15:45,25.7,30.6,0.19
6/8/2026 16:00,22.8,30.6,0.19
6/8/2026 16:15,24.6,30.7,0.19
6/8/2026 16:30,26,30.7,0.19
6/8/2026 16:45,26.1,30.7,0.19
6/8/2026 17:00,22.6,30.8,0.19
6/8/2026 17:15,25.6,30.8,0.19
6/8/2026 17:30,25.6,30.8,0.19
6/8/2026 17:45,25,30.8,0.19
6/8/2026 18:00,25.1,30.7,0.19
6/8/2026 18:15,25.9,30.7,0.19
6/8/2026 18:30,25.2,30.7,0.19
6/8/2026 18:45,24.7,30.6,0.19
6/8/2026 19:00,25.1,30.6,0.19
6/8/2026 19:15,25.9,30.5,0.19
6/8/2026 19:30,25.1,30.5,0.19
6/8/2026 19:45,25.7,30.4,0.19
6/8/2026 20:00,24.3,30.3,0.19
6/8/2026 20:15,25.5,30.3,0.19
6/8/2026 20:30,25.2,30.2,0.19
6/8/2026 20:45,25.3,30.1,0.19
6/8/2026 21:00,25.7,30,0.19
6/8/2026 21:15,24.9,29.9,0.19
6/8/2026 21:30,25,29.9,0.19
6/8/2026 21:45,25.3,29.8,0.19
6/8/2026 22:00,25.7,29.7,0.19
6/8/2026 22:15,25.7,29.6,0.19
6/8/2026 22:30,25.5,29.6,0.19
6/8/2026 22:45,25.5,29.5,0.19
6/8/2026 23:00,25.3,29.4,0.19
6/8/2026 23:15,24.8,29.4,0.19
6/8/2026 23:30,24.5,29.3,0.19
6/8/2026 23:45,25.2,29.2,0.19
6/9/2026 0:00,25.7,29.2,0.19
6/9/2026 0:15,24.4,29.1,0.19
6/9/2026 0:30,24.3,29.1,0.19
6/9/2026 0:45,22.8,29,0.19
6/9/2026 1:00,23.6,28.9,0.19
6/9/2026 1:15,24.3,28.9,0.19
6/9/2026 1:30,24.6,28.8,0.19
6/9/2026 1:45,23.8,28.8,0.19
6/9/2026 2:00,24.4,28.8,0.19
6/9/2026 2:15,24.2,28.7,0.19
6/9/2026 2:30,23.5,28.7,0.19
6/9/2026 2:45,23.9,28.6,0.19
6/9/2026 3:00,23.6,28.6,0.19
6/9/2026 3:15,24.1,28.6,0.19
6/9/2026 3:30,23.8,28.5,0.19
6/9/2026 3:45,24.7,28.5,0.19
6/9/2026 4:00,25.3,28.4,0.19
6/9/2026 4:15,25.2,28.4,0.19
6/9/2026 4:30,24.2,28.4,0.19
6/9/2026 4:45,24.8,28.4,0.19
6/9/2026 5:00,24.7,28.3,0.19
6/9/2026 5:15,24.6,28.3,0.19
6/9/2026 5:30,24.4,28.2,0.19
6/9/2026 5:45,24.7,28.2,0.19
6/9/2026 6:00,25,28.2,0.19
6/9/2026 6:15,24.5,28.1,0.19
6/9/2026 6:30,24.3,28.1,0.19
6/9/2026 6:45,24.3,28.1,0.19
6/9/2026 7:00,23.8,28.1,0.19
6/9/2026 7:15,24.1,28,0.19
6/9/2026 7:30,23,28,0.19
6/9/2026 7:45,21.5,28,0.19
6/9/2026 8:00,23.5,28,0.19
6/9/2026 8:15,22.6,28,0.19
6/9/2026 8:30,22,27.9,0.19
6/9/2026 8:45,24.6,27.9,0.19
6/9/2026 9:00,21.7,27.9,0.19
6/9/2026 9:15,21.8,28,0.19
6/9/2026 9:30,22.5,28,0.19
6/9/2026 9:45,23.6,28,0.19
6/9/2026 10:00,22.5,28,0.19
6/9/2026 10:15,24.5,28,0.19
6/9/2026 10:30,24.3,28,0.19
6/9/2026 10:45,25.1,28.1,0.19
6/9/2026 11:00,22.1,28.1,0.19
6/9/2026 11:15,21.7,28.1,0.19
6/9/2026 11:30,25.4,28.2,0.19
6/9/2026 11:45,23.8,28.2,0.19
6/9/2026 12:00,23,28.2,0.19
6/9/2026 12:15,22.2,28.3,0.19
6/9/2026 12:30,23.2,28.3,0.19
6/9/2026 12:45,21.4,28.4,0.19
6/9/2026 13:00,23.3,28.4,0.19
6/9/2026 13:15,23,28.4,0.19
6/9/2026 13:30,23.7,28.5,0.19
6/9/2026 13:45,24.8,28.5,0.19
6/9/2026 14:00,24.4,28.6,0.19
6/9/2026 14:15,21.2,28.6,0.19
6/9/2026 14:30,21.4,28.7,0.19
6/9/2026 14:45,21.8,28.7,0.19
6/9/2026 15:00,24.3,28.8,0.19
6/9/2026 15:15,24.3,28.9,0.19
6/9/2026 15:30,22.3,29,0.19
6/9/2026 15:45,25.1,29,0.19
6/9/2026 16:00,24.1,29.1,0.19
6/9/2026 16:15,24.9,29.2,0.19
6/9/2026 16:30,25.4,29.3,0.19
6/9/2026 16:45,24.4,29.4,0.19
6/9/2026 17:00,22.6,29.4,0.19
6/9/2026 17:15,24.6,29.5,0.19
6/9/2026 17:30,25,29.5,0.19
6/9/2026 17:45,22,29.6,0.19
6/9/2026 18:00,22.8,29.6,0.19
6/9/2026 18:15,24.3,29.6,0.19
6/9/2026 18:30,24.2,29.6,0.19
6/9/2026 18:45,24.2,29.6,0.19
6/9/2026 19:00,23.8,29.6,0.19
6/9/2026 19:15,24.1,29.6,0.19
6/9/2026 19:30,24.1,29.6,0.19
6/9/2026 19:45,24.3,29.5,0.19
6/9/2026 20:00,24.5,29.5,0.19
6/9/2026 20:15,24.2,29.5,0.19
6/9/2026 20:30,23.7,29.4,0.19
6/9/2026 20:45,24.4,29.4,0.19
6/9/2026 21:00,23.2,29.4,0.19
6/9/2026 21:15,22.9,29.3,0.19
6/9/2026 21:30,24,29.3,0.19
6/9/2026 21:45,24.4,29.2,0.19
6/9/2026 22:00,24.3,29.2,0.19
6/9/2026 22:15,24.3,29.2,0.19
6/9/2026 22:30,23.7,29.1,0.19
6/9/2026 22:45,24.1,29.1,0.19
6/9/2026 23:00,24.3,29,0.19
6/9/2026 23:15,24.5,29,0.19
6/9/2026 23:30,24.1,29,0.19
6/9/2026 23:45,24.6,28.9,0.19
6/10/2026 0:00,24.4,28.9,0.19
6/10/2026 0:15,24.2,28.8,0.19
6/10/2026 0:30,24.4,28.8,0.19
6/10/2026 0:45,23,28.8,0.19
6/10/2026 1:00,21.9,28.7,0.19
6/10/2026 1:15,21.5,28.7,0.19
6/10/2026 1:30,22.5,28.6,0.19
6/10/2026 1:45,24.5,28.6,0.19
6/10/2026 2:00,24.3,28.6,0.19
6/10/2026 2:15,24.2,28.5,0.19
6/10/2026 2:30,24.1,28.5,0.19
6/10/2026 2:45,23.4,28.5,0.19
6/10/2026 3:00,22.8,28.4,0.19
6/10/2026 3:15,22.4,28.4,0.19
6/10/2026 3:30,23.8,28.4,0.19
6/10/2026 3:45,24.2,28.4,0.19
6/10/2026 4:00,24,28.3,0.19
6/10/2026 4:15,23.7,28.3,0.19
6/10/2026 4:30,23.7,28.3,0.19
6/10/2026 4:45,23.4,28.2,0.19
6/10/2026 5:00,23.5,28.2,0.19
6/10/2026 5:15,23.5,28.2,0.19
6/10/2026 5:30,23.9,28.1,0.19
6/10/2026 5:45,23.8,28.1,0.19
6/10/2026 6:00,23.1,28.1,0.19
6/10/2026 6:15,21.4,28.1,0.19
6/10/2026 6:30,21.3,28,0.19
6/10/2026 6:45,21,28,0.19
6/10/2026 7:00,21.4,28,0.19
6/10/2026 7:15,21.1,28,0.19
6/10/2026 7:30,21.2,28,0.19
6/10/2026 7:45,21.4,28,0.19
6/10/2026 8:00,21,28,0.19
6/10/2026 8:15,20.9,28,0.19
6/10/2026 8:30,23.3,28,0.19
6/10/2026 8:45,22.3,28,0.19
6/10/2026 9:00,21.6,28.1,0.19
6/10/2026 9:15,24,28.1,0.19
6/10/2026 9:30,20.9,28.1,0.19
6/10/2026 9:45,23.3,28.2,0.19
6/10/2026 10:00,21.6,28.2,0.19
6/10/2026 10:15,21.8,28.2,0.19
6/10/2026 10:30,22.7,28.3,0.19
6/10/2026 10:45,22,28.3,0.19
6/10/2026 11:00,20.5,28.4,0.19
6/10/2026 11:15,20.4,28.4,0.19
6/10/2026 11:30,24.4,28.5,0.19
6/10/2026 11:45,24.5,28.5,0.19
6/10/2026 12:00,21.2,28.6,0.19
6/10/2026 12:15,20.6,28.7,0.19
6/10/2026 12:30,25.3,28.8,0.19
6/10/2026 12:45,20.7,28.9,0.19
6/10/2026 13:00,24.2,29,0.19
6/10/2026 13:15,22.9,29.1,0.19
6/10/2026 13:30,24.9,29.3,0.19
6/10/2026 13:45,23.5,29.4,0.19
6/10/2026 14:00,21.1,29.5,0.19
6/10/2026 14:15,21.6,29.6,0.19
6/10/2026 14:30,22.7,29.7,0.19
6/10/2026 14:45,21.5,29.8,0.19
6/10/2026 15:00,21.2,29.9,0.19
6/10/2026 15:15,21.8,30,0.19
6/10/2026 15:30,24.5,30.2,0.19
6/10/2026 15:45,22.4,30.2,0.19
6/10/2026 16:00,24.2,30.3,0.19
6/10/2026 16:15,23.5,30.4,0.19
6/10/2026 16:30,24.2,30.5,0.19
6/10/2026 16:45,23.9,30.6,0.19
6/10/2026 17:00,24.1,30.6,0.19
6/10/2026 17:15,22.9,30.6,0.19
6/10/2026 17:30,24.3,30.7,0.19
6/10/2026 17:45,23,30.7,0.19
6/10/2026 18:00,23.6,30.7,0.19
6/10/2026 18:15,23.8,30.7,0.19
6/10/2026 18:30,23.7,30.6,0.19
6/10/2026 18:45,23.5,30.6,0.19
6/10/2026 19:00,23,30.6,0.19
6/10/2026 19:15,22.8,30.5,0.19
6/10/2026 19:30,23.7,30.5,0.19
6/10/2026 19:45,23,30.4,0.19
6/10/2026 20:00,23.2,30.4,0.19
6/10/2026 20:15,23.6,30.3,0.19
6/10/2026 20:30,23,30.3,0.19
6/10/2026 20:45,23.1,30.2,0.19
6/10/2026 21:00,22.5,30.1,0.19
6/10/2026 21:15,23.4,30.1,0.19
6/10/2026 21:30,23.4,30,0.19
6/10/2026 21:45,23,30,0.19
6/10/2026 22:00,22.7,29.9,0.19
6/10/2026 22:15,23.2,29.9,0.19
6/10/2026 22:30,23.6,29.8,0.19
6/10/2026 22:45,21.9,29.7,0.19
6/10/2026 23:00,23.2,29.7,0.19
6/10/2026 23:15,22.6,29.6,0.19
6/10/2026 23:30,23.1,29.6,0.19
6/10/2026 23:45,22.7,29.5,0.19
6/11/2026 0:00,21.5,29.5,0.19
6/11/2026 0:15,22.9,29.4,0.19
6/11/2026 0:30,20.6,29.4,0.19
6/11/2026 0:45,22.4,29.4,0.19
6/11/2026 1:00,21.6,29.3,0.19
6/11/2026 1:15,22.1,29.3,0.19
6/11/2026 1:30,22.5,29.2,0.19
6/11/2026 1:45,22.7,29.2,0.19
6/11/2026 2:00,22.9,29.1,0.19
6/11/2026 2:15,22.9,29.1,0.19
6/11/2026 2:30,21.8,29.1,0.19
6/11/2026 2:45,22,29,0.19
6/11/2026 3:00,23.3,29,0.19
6/11/2026 3:15,22.5,29,0.19
6/11/2026 3:30,22.4,28.9,0.19
6/11/2026 3:45,22.6,28.9,0.19
6/11/2026 4:00,23.3,28.9,0.19
6/11/2026 4:15,22.1,28.8,0.19
6/11/2026 4:30,22.6,28.8,0.19
6/11/2026 4:45,22.7,28.8,0.19
6/11/2026 5:00,22.1,28.8,0.19
6/11/2026 5:15,23,28.7,0.19
6/11/2026 5:30,22.8,28.7,0.19
6/11/2026 5:45,23,28.7,0.19
6/11/2026 6:00,22.6,28.6,0.19
6/11/2026 6:15,22.4,28.6,0.19
6/11/2026 6:30,21.1,28.6,0.19
6/11/2026 6:45,20.5,28.5,0.19
6/11/2026 7:00,20.3,28.5,0.19
6/11/2026 7:15,20,28.5,0.19
6/11/2026 7:30,22.1,28.5,0.19
6/11/2026 7:45,23.6,28.5,0.19
6/11/2026 8:00,22.5,28.5,0.19
6/11/2026 8:15,20.4,28.5,0.19
6/11/2026 8:30,20.7,28.5,0.19
6/11/2026 8:45,22.2,28.5,0.19
6/11/2026 9:00,22.9,28.5,0.19
6/11/2026 9:15,19.6,28.6,0.19
6/11/2026 9:30,23,28.6,0.19
6/11/2026 9:45,22.7,28.7,0.19
6/11/2026 10:00,22,28.7,0.19
6/11/2026 10:15,19.7,28.8,0.19
6/11/2026 10:30,22.4,28.9,0.19
6/11/2026 10:45,20.3,28.9,0.19
6/11/2026 11:00,22.9,29,0.19
6/11/2026 11:15,21.2,29.1,0.19
6/11/2026 11:30,22.7,29.2,0.19
6/11/2026 11:45,22.1,29.3,0.19
6/11/2026 12:00,20.7,29.4,0.19
6/11/2026 12:15,20.1,29.5,0.19
6/11/2026 12:30,22.7,29.6,0.19
6/11/2026 12:45,19.8,29.8,0.19
6/11/2026 13:00,20.7,29.9,0.19
6/11/2026 13:15,18.9,30,0.19
6/11/2026 13:30,22.1,30.2,0.19
6/11/2026 13:45,22.6,30.3,0.19
6/11/2026 14:00,20.8,30.4,0.19
6/11/2026 14:15,22.2,30.5,0.19
6/11/2026 14:30,22.8,30.7,0.19
6/11/2026 14:45,22.7,30.8,0.19
6/11/2026 15:00,22,30.9,0.19
6/11/2026 15:15,22.8,31,0.19
6/11/2026 15:30,20.8,31,0.19
6/11/2026 15:45,21.5,31.1,0.19
6/11/2026 16:00,22.9,31.2,0.19
6/11/2026 16:15,22.6,31.3,0.19
6/11/2026 16:30,22.3,31.3,0.19
6/11/2026 16:45,23.2,31.4,0.19
6/11/2026 17:00,19.7,31.5,0.19
6/11/2026 17:15,21.9,31.5,0.19
6/11/2026 17:30,22.7,31.5,0.19
6/11/2026 17:45,21.8,31.5,0.19
6/11/2026 18:00,22.7,31.5,0.19
6/11/2026 18:15,22.3,31.5,0.19
6/11/2026 18:30,22.5,31.4,0.19
6/11/2026 18:45,21.6,31.4,0.19
6/11/2026 19:00,22.6,31.4,0.19
6/11/2026 19:15,22.5,31.3,0.19
6/11/2026 19:30,23,31.3,0.19
6/11/2026 19:45,22.2,31.2,0.19
6/11/2026 20:00,21.9,31.2,0.19
6/11/2026 20:15,22.4,31.1,0.19
6/11/2026 20:30,22.6,31,0.19
6/11/2026 20:45,20.4,31,0.19
6/11/2026 21:00,22.4,30.9,0.19
6/11/2026 21:15,20.6,30.9,0.19
6/11/2026 21:30,22.2,30.8,0.19
6/11/2026 21:45,20.5,30.7,0.19
6/11/2026 22:00,21.7,30.7,0.19
6/11/2026 22:15,20.8,30.6,0.19
6/11/2026 22:30,20.6,30.5,0.19
6/11/2026 22:45,21.4,30.5,0.19
6/11/2026 23:00,20.6,30.4,0.19
6/11/2026 23:15,20.5,30.3,0.19
6/11/2026 23:30,22.6,30.3,0.19
6/11/2026 23:45,20.2,30.2,0.19
6/12/2026 0:00,22.6,30.2,0.19
6/12/2026 0:15,20.7,30.1,0.19
6/12/2026 0:30,21.1,30.1,0.19
6/12/2026 0:45,20,30,0.19
6/12/2026 1:00,21.9,30,0.19
6/12/2026 1:15,21.1,29.9,0.19
6/12/2026 1:30,22.4,29.9,0.19
6/12/2026 1:45,20.4,29.8,0.19
6/12/2026 2:00,20.4,29.8,0.19
6/12/2026 2:15,20.1,29.7,0.19
6/12/2026 2:30,20.4,29.7,0.19
6/12/2026 2:45,21.6,29.6,0.19
6/12/2026 3:00,21.3,29.6,0.19
6/12/2026 3:15,20.4,29.6,0.19
6/12/2026 3:30,21.5,29.5,0.19
6/12/2026 3:45,20.4,29.5,0.19
6/12/2026 4:00,21.1,29.5,0.19
6/12/2026 4:15,22.1,29.4,0.19
6/12/2026 4:30,21.1,29.4,0.19
6/12/2026 4:45,21.2,29.4,0.19
6/12/2026 5:00,20.6,29.3,0.19
6/12/2026 5:15,22.3,29.3,0.19
6/12/2026 5:30,21.3,29.3,0.19
6/12/2026 5:45,21.9,29.3,0.19
6/12/2026 6:00,21.1,29.2,0.19
6/12/2026 6:15,20.4,29.2,0.19
6/12/2026 6:30,19.7,29.2,0.19
6/12/2026 6:45,19.2,29.1,0.19
6/12/2026 7:00,19.1,29.1,0.19
6/12/2026 7:15,18.9,29.1,0.19
6/12/2026 7:30,19.8,29.1,0.19
6/12/2026 7:45,22.4,29,0.19
6/12/2026 8:00,20.6,29,0.19
6/12/2026 8:15,22,29,0.19
6/12/2026 8:30,21.2,29,0.19
6/12/2026 8:45,19.7,29.1,0.19
6/12/2026 9:00,20.2,29.1,0.19
6/12/2026 9:15,20.9,29.2,0.19
6/12/2026 9:30,21.4,29.2,0.19
6/12/2026 9:45,19,29.3,0.19
6/12/2026 10:00,22.3,29.3,0.19
6/12/2026 10:15,18.8,29.4,0.19
6/12/2026 10:30,19,29.5,0.19
6/12/2026 10:45,21.9,29.6,0.19
6/12/2026 11:00,20,29.6,0.19
6/12/2026 11:15,18.3,29.7,0.19
6/12/2026 11:30,19.7,29.9,0.19
6/12/2026 11:45,21,30,0.19
6/12/2026 12:00,23.1,30.1,0.19
6/12/2026 12:15,19.8,30.2,0.19
6/12/2026 12:30,18.4,30.3,0.19
6/12/2026 12:45,19.6,30.4,0.19
6/12/2026 13:00,23.4,30.6,0.19
6/12/2026 13:15,20.1,30.7,0.19
6/12/2026 13:30,17.9,30.8,0.19
6/12/2026 13:45,19.5,31,0.19
6/12/2026 14:00,20.5,31.2,0.19
6/12/2026 14:15,23,31.3,0.19
6/12/2026 14:30,18.8,31.4,0.19
6/12/2026 14:45,19.9,31.5,0.19
6/12/2026 15:00,18.7,31.6,0.19
6/12/2026 15:15,20.2,31.7,0.19
6/12/2026 15:30,20.2,31.8,0.19
6/12/2026 15:45,20.2,31.9,0.19
6/12/2026 16:00,20,31.9,0.19
6/12/2026 16:15,19.6,32,0.19
6/12/2026 16:30,21,32.1,0.19
6/12/2026 16:45,21.4,32.2,0.19
6/12/2026 17:00,20.8,32.2,0.19
6/12/2026 17:15,21.7,32.3,0.19
6/12/2026 17:30,21.3,32.3,0.19
6/12/2026 17:45,22.1,32.3,0.19
6/12/2026 18:00,21.8,32.3,0.19
6/12/2026 18:15,21.6,32.2,0.19
6/12/2026 18:30,21.7,32.2,0.19
6/12/2026 18:45,22.1,32.1,0.19
6/12/2026 19:00,21.9,32.1,0.19
6/12/2026 19:15,21.4,32,0.19
6/12/2026 19:30,21.2,32,0.19
6/12/2026 19:45,21.4,31.9,0.19
6/12/2026 20:00,21.6,31.9,0.19
6/12/2026 20:15,21,31.8,0.19
6/12/2026 20:30,21.3,31.8,0.19
6/12/2026 20:45,21.3,31.7,0.19
6/12/2026 21:00,21,31.7,0.19
6/12/2026 21:15,20.4,31.6,0.19
6/12/2026 21:30,20.7,31.6,0.19
6/12/2026 21:45,19.6,31.5,0.19
6/12/2026 22:00,20.3,31.4,0.19
6/12/2026 22:15,20.4,31.4,0.19
6/12/2026 22:30,20.6,31.3,0.19
6/12/2026 22:45,21,31.2,0.19
6/12/2026 23:00,21,31.2,0.19
6/12/2026 23:15,20.2,31.1,0.19
6/12/2026 23:30,20.3,31.1,0.19
6/12/2026 23:45,20.6,31,0.19
6/13/2026 0:00,20.8,31,0.19
6/13/2026 0:15,19.7,30.9,0.19
6/13/2026 0:30,20.2,30.9,0.19
6/13/2026 0:45,19.9,30.8,0.19
6/13/2026 1:00,19.7,30.7,0.19
6/13/2026 1:15,20.6,30.7,0.19
6/13/2026 1:30,20.5,30.7,0.19
6/13/2026 1:45,20.7,30.6,0.19
6/13/2026 2:00,20.5,30.6,0.19
6/13/2026 2:15,20.7,30.5,0.19
6/13/2026 2:30,19.7,30.5,0.19
6/13/2026 2:45,18.7,30.4,0.19
6/13/2026 3:00,19.8,30.4,0.19
6/13/2026 3:15,19.2,30.4,0.19
6/13/2026 3:30,19.4,30.3,0.19
6/13/2026 3:45,19.5,30.3,0.19
6/13/2026 4:00,20.3,30.3,0.19
6/13/2026 4:15,20,30.3,0.19
6/13/2026 4:30,20.5,30.2,0.19
6/13/2026 4:45,20.9,30.2,0.19
6/13/2026 5:00,20.9,30.2,0.19
6/13/2026 5:15,21.4,30.1,0.19
6/13/2026 5:30,20.5,30.1,0.19
6/13/2026 5:45,20.8,30.1,0.19
6/13/2026 6:00,21,30,0.19
6/13/2026 6:15,21.1,30,0.19
6/13/2026 6:30,20.5,30,0.19
6/13/2026 6:45,19.5,29.9,0.19
6/13/2026 7:00,19,29.9,0.19
6/13/2026 7:15,18.4,29.9,0.19
6/13/2026 7:30,18.2,29.9,0.19
6/13/2026 7:45,19,29.9,0.19
6/13/2026 8:00,17.9,29.9,0.19
6/13/2026 8:15,19.9,29.9,0.19
6/13/2026 8:30,16.5,29.9,0.19
6/13/2026 8:45,17.6,29.9,0.19
6/13/2026 9:00,19.1,29.9,0.19
6/13/2026 9:15,19,30,0.19
6/13/2026 9:30,20.8,30,0.19
6/13/2026 9:45,20.1,30.1,0.19
6/13/2026 10:00,17.2,30.1,0.19
6/13/2026 10:15,19.1,30.2,0.19
6/13/2026 10:30,20.1,30.3,0.19
6/13/2026 10:45,20.1,30.4,0.19
6/13/2026 11:00,20.1,30.5,0.19
6/13/2026 11:15,19.5,30.6,0.19
6/13/2026 11:30,19.9,30.7,0.19
6/13/2026 11:45,17.9,30.8,0.19
6/13/2026 12:00,18.7,30.9,0.19
6/13/2026 12:15,18.7,31,0.19
6/13/2026 12:30,20.2,31.1,0.19
6/13/2026 12:45,19.8,31.2,0.18
6/13/2026 13:00,18.3,31.4,0.18
6/13/2026 13:15,18.7,31.5,0.18
6/13/2026 13:30,21,31.6,0.18
6/13/2026 13:45,22.1,31.7,0.18
6/13/2026 14:00,21.5,31.8,0.18
6/13/2026 14:15,21.4,31.8,0.18
6/13/2026 14:30,20,31.8,0.18
6/13/2026 14:45,17.6,31.8,0.18
6/13/2026 15:00,16,31.7,0.18
6/13/2026 15:15,20.8,31.7,0.18
6/13/2026 15:30,20.8,31.7,0.18
6/13/2026 15:45,20,31.7,0.18
6/13/2026 16:00,18.7,31.7,0.18
6/13/2026 16:15,18.3,31.7,0.18
6/13/2026 16:30,19.4,31.7,0.18
6/13/2026 16:45,19.5,31.7,0.18
6/13/2026 17:00,18.5,31.7,0.18
6/13/2026 17:15,17.7,31.6,0.18
6/13/2026 17:30,18.1,31.6,0.18
6/13/2026 17:45,18.3,31.6,0.18
6/13/2026 18:00,20.5,31.6,0.18
6/13/2026 18:15,21.1,31.6,0.18
6/13/2026 18:30,20,31.6,0.18
6/13/2026 18:45,20.3,31.6,0.18
6/13/2026 19:00,21.3,31.6,0.18
6/13/2026 19:15,20.9,31.6,0.18
6/13/2026 19:30,21.1,31.5,0.18
6/13/2026 19:45,21,31.5,0.18
6/13/2026 20:00,21.2,31.5,0.18
6/13/2026 20:15,21,31.4,0.18
6/13/2026 20:30,20.7,31.4,0.18
6/13/2026 20:45,20.6,31.3,0.18
6/13/2026 21:00,20,31.3,0.18
6/13/2026 21:15,19.8,31.2,0.18
6/13/2026 21:30,20.2,31.2,0.18
6/13/2026 21:45,20.6,31.1,0.18
6/13/2026 22:00,21,31,0.18
6/13/2026 22:15,21.2,31,0.18
6/13/2026 22:30,21.1,30.9,0.18
6/13/2026 22:45,19.2,30.9,0.18
6/13/2026 23:00,19.9,30.8,0.18
6/13/2026 23:15,20.6,30.8,0.18
6/13/2026 23:30,20.4,30.7,0.18
6/13/2026 23:45,19.6,30.7,0.18
6/14/2026 0:00,19.5,30.7,0.18
6/14/2026 0:15,19.6,30.6,0.18
6/14/2026 0:30,20.1,30.6,0.18
6/14/2026 0:45,19.7,30.5,0.18
6/14/2026 1:00,19.3,30.5,0.18
6/14/2026 1:15,18.4,30.5,0.18
6/14/2026 1:30,18.5,30.4,0.18
6/14/2026 1:45,18.4,30.4,0.18
6/14/2026 2:00,18.1,30.4,0.18
6/14/2026 2:15,18.3,30.4,0.18
6/14/2026 2:30,18.9,30.3,0.18
6/14/2026 2:45,19.6,30.3,0.18
6/14/2026 3:00,19.9,30.3,0.18
6/14/2026 3:15,19.6,30.3,0.18
6/14/2026 3:30,19.8,30.2,0.18
6/14/2026 3:45,19.4,30.2,0.18
6/14/2026 4:00,19.9,30.2,0.18
6/14/2026 4:15,19.8,30.1,0.18
6/14/2026 4:30,19.7,30.1,0.18
6/14/2026 4:45,19.2,30.1,0.18
6/14/2026 5:00,19.4,30.1,0.18
6/14/2026 5:15,18.5,30,0.18
6/14/2026 5:30,18.6,30,0.18
6/14/2026 5:45,18.7,30,0.18
6/14/2026 6:00,19,30,0.18
6/14/2026 6:15,18.6,30,0.18
6/14/2026 6:30,18.4,29.9,0.18
6/14/2026 6:45,17.7,29.9,0.18
6/14/2026 7:00,17,29.9,0.18
6/14/2026 7:15,17.1,29.9,0.18
6/14/2026 7:30,18.7,29.9,0.18
6/14/2026 7:45,18.4,29.9,0.18
6/14/2026 8:00,17.6,29.9,0.18
6/14/2026 8:15,19.5,29.9,0.18
6/14/2026 8:30,18.5,29.9,0.18
6/14/2026 8:45,18.4,29.9,0.18
6/14/2026 9:00,17.4,29.9,0.18
6/14/2026 9:15,17.9,30,0.18
6/14/2026 9:30,17.2,30,0.18
6/14/2026 9:45,19.4,30.1,0.18
6/14/2026 10:00,20.2,30.1,0.18
6/14/2026 10:15,16.9,30.2,0.18
6/14/2026 10:30,17.8,30.3,0.18
6/14/2026 10:45,20.1,30.3,0.18
6/14/2026 11:00,18.3,30.4,0.18
6/14/2026 11:15,16.8,30.5,0.18
6/14/2026 11:30,17.9,30.6,0.18
6/14/2026 11:45,17.8,30.7,0.18
6/14/2026 12:00,20.9,30.8,0.18
6/14/2026 12:15,19.8,31,0.18
6/14/2026 12:30,19.5,31.1,0.18
6/14/2026 12:45,18.3,31.2,0.18
6/14/2026 13:00,17.8,31.4,0.18
6/14/2026 13:15,18.8,31.5,0.18
6/14/2026 13:30,19.3,31.7,0.18
6/14/2026 13:45,17.1,31.8,0.18
6/14/2026 14:00,18.8,31.9,0.18
6/14/2026 14:15,19.6,32,0.18
6/14/2026 14:30,19.2,32.2,0.18
6/14/2026 14:45,19.7,32.3,0.18
6/14/2026 15:00,17.8,32.4,0.18
6/14/2026 15:15,20.2,32.5,0.18
6/14/2026 15:30,15.9,32.6,0.18
6/14/2026 15:45,21.5,32.6,0.18
6/14/2026 16:00,20.8,32.7,0.18
6/14/2026 16:15,20.6,32.7,0.18
6/14/2026 16:30,20,32.7,0.18
6/14/2026 16:45,17.2,32.7,0.18
6/14/2026 17:00,17.2,32.6,0.18
6/14/2026 17:15,18.2,32.6,0.18
6/14/2026 17:30,18.7,32.5,0.18
6/14/2026 17:45,19.8,32.5,0.18
6/14/2026 18:00,20.3,32.4,0.18
6/14/2026 18:15,19.5,32.4,0.18
6/14/2026 18:30,19.5,32.3,0.18
6/14/2026 18:45,19.9,32.3,0.18
6/14/2026 19:00,20.7,32.2,0.18
6/14/2026 19:15,20,32.2,0.18
6/14/2026 19:30,20.3,32.1,0.18
6/14/2026 19:45,20.4,32,0.18
6/14/2026 20:00,20.5,32,0.18
6/14/2026 20:15,19.8,31.9,0.18
6/14/2026 20:30,20,31.8,0.18
6/14/2026 20:45,19.6,31.8,0.18
6/14/2026 21:00,19.5,31.7,0.18
6/14/2026 21:15,19.2,31.6,0.18
6/14/2026 21:30,19.3,31.6,0.18
6/14/2026 21:45,19.4,31.5,0.18
6/14/2026 22:00,19.5,31.5,0.18
6/14/2026 22:15,19.8,31.4,0.18
6/14/2026 22:30,19.8,31.4,0.18
6/14/2026 22:45,18.8,31.3,0.18
6/14/2026 23:00,18.8,31.3,0.18
6/14/2026 23:15,19,31.2,0.17
6/14/2026 23:30,19.1,31.2,0.17
6/14/2026 23:45,17.1,31.1,0.17
6/15/2026 0:00,19,31.1,0.17
6/15/2026 0:15,17.8,31,0.17
6/15/2026 0:30,18.1,31,0.17
6/15/2026 0:45,18.5,30.9,0.17
6/15/2026 1:00,18.3,30.9,0.17
6/15/2026 1:15,19,30.8,0.17
6/15/2026 1:30,18.2,30.8,0.17
6/15/2026 1:45,17.8,30.7,0.17
6/15/2026 2:00,18.1,30.7,0.17
6/15/2026 2:15,18.2,30.7,0.17
6/15/2026 2:30,18.5,30.6,0.17
6/15/2026 2:45,17.8,30.6,0.17
6/15/2026 3:00,17.5,30.6,0.17
6/15/2026 3:15,17.7,30.5,0.17
6/15/2026 3:30,17.8,30.5,0.17
6/15/2026 3:45,17.7,30.4,0.17
6/15/2026 4:00,18.7,30.4,0.17
6/15/2026 4:15,19,30.4,0.17
6/15/2026 4:30,19.2,30.3,0.17
6/15/2026 4:45,19.1,30.3,0.17
6/15/2026 5:00,18.5,30.3,0.17
6/15/2026 5:15,19.1,30.2,0.17
6/15/2026 5:30,18.7,30.2,0.17
6/15/2026 5:45,19.2,30.1,0.17
6/15/2026 6:00,19.1,30.1,0.17
6/15/2026 6:15,19,30.1,0.17
6/15/2026 6:30,18.4,30,0.17
6/15/2026 6:45,18.2,30,0.17
6/15/2026 7:00,17.7,30,0.17
6/15/2026 7:15,16.2,29.9,0.17
6/15/2026 7:30,16.3,29.9,0.17
6/15/2026 7:45,18.4,29.9,0.17
6/15/2026 8:00,16.5,29.9,0.17
6/15/2026 8:15,16.3,29.8,0.17
6/15/2026 8:30,15.3,29.8,0.17
6/15/2026 8:45,15.5,29.8,0.17
6/15/2026 9:00,14.9,29.9,0.17
6/15/2026 9:15,15.6,29.9,0.17
6/15/2026 9:30,19.1,30,0.17
6/15/2026 9:45,20.2,30,0.17
6/15/2026 10:00,14.8,30.1,0.17
6/15/2026 10:15,14.6,30.1,0.17
6/15/2026 10:30,15.7,30.2,0.17
6/15/2026 10:45,19.3,30.3,0.17
6/15/2026 11:00,14.5,30.3,0.17
6/15/2026 11:15,13.8,30.4,0.17
6/15/2026 11:30,13.6,30.5,0.17
6/15/2026 11:45,20,30.6,0.17
6/15/2026 12:00,20.1,30.6,0.17
6/15/2026 12:15,21,30.7,0.17
6/15/2026 12:30,13.6,30.8,0.17
6/15/2026 12:45,17.1,30.8,0.17
6/15/2026 13:00,19.4,30.9,0.17
6/15/2026 13:15,17.6,31,0.17
6/15/2026 13:30,15.6,31.1,0.17
6/15/2026 13:45,15.4,31.2,0.17
6/15/2026 14:00,14.6,31.3,0.17
6/15/2026 14:15,18.1,31.4,0.17
6/15/2026 14:30,16.6,31.5,0.17
6/15/2026 14:45,18.3,31.6,0.17
6/15/2026 15:00,17.7,31.7,0.17
6/15/2026 15:15,19.1,31.8,0.17
6/15/2026 15:30,15.5,31.8,0.17
6/15/2026 15:45,16.8,31.9,0.17
6/15/2026 16:00,16.8,32,0.17
6/15/2026 16:15,20.2,32,0.17
6/15/2026 16:30,16.5,32.1,0.17
6/15/2026 16:45,18,32.2,0.17
6/15/2026 17:00,17,32.2,0.17
6/15/2026 17:15,18.5,32.3,0.17
6/15/2026 17:30,17.2,32.3,0.17
6/15/2026 17:45,18.4,32.2,0.17
6/15/2026 18:00,18.1,32.2,0.17
6/15/2026 18:15,16.2,32.1,0.17
6/15/2026 18:30,15.8,32.1,0.17
6/15/2026 18:45,16.4,32.1,0.17
6/15/2026 19:00,18.3,32,0.17
6/15/2026 19:15,18.9,32,0.17
6/15/2026 19:30,19.3,32,0.17
6/15/2026 19:45,19.5,31.9,0.17
6/15/2026 20:00,18.9,31.9,0.17
6/15/2026 20:15,18.3,31.8,0.17
6/15/2026 20:30,18.5,31.8,0.17
6/15/2026 20:45,18,31.7,0.17
6/15/2026 21:00,17.9,31.7,0.17
6/15/2026 21:15,18.3,31.6,0.17
6/15/2026 21:30,18,31.5,0.17
6/15/2026 21:45,18.7,31.5,0.17
6/15/2026 22:00,17.2,31.4,0.17
6/15/2026 22:15,18.1,31.4,0.17
6/15/2026 22:30,17.2,31.3,0.17
6/15/2026 22:45,17.5,31.2,0.17
6/15/2026 23:00,16.7,31.2,0.17
6/15/2026 23:15,17,31.1,0.17
6/15/2026 23:30,17,31.1,0.17
6/15/2026 23:45,17.1,31,0.17
6/16/2026 0:00,16.1,31,0.17
6/16/2026 0:15,17.4,31,0.17
6/16/2026 0:30,18.1,30.9,0.17
6/16/2026 0:45,18.6,30.9,0.17
6/16/2026 1:00,18.8,30.8,0.17
6/16/2026 1:15,18.7,30.8,0.17
6/16/2026 1:30,18.8,30.7,0.17
6/16/2026 1:45,18.5,30.7,0.17
6/16/2026 2:00,18.7,30.7,0.17
6/16/2026 2:15,18.7,30.6,0.17
6/16/2026 2:30,18.6,30.6,0.17
6/16/2026 2:45,18.8,30.5,0.17
6/16/2026 3:00,18.6,30.5,0.17
6/16/2026 3:15,18.5,30.4,0.17
6/16/2026 3:30,17.8,30.4,0.17
6/16/2026 3:45,17.6,30.4,0.17
6/16/2026 4:00,17.5,30.3,0.17
6/16/2026 4:15,17.8,30.3,0.17
6/16/2026 4:30,17.9,30.2,0.17
6/16/2026 4:45,17.8,30.2,0.17
6/16/2026 5:00,17.8,30.2,0.17
6/16/2026 5:15,18.5,30.1,0.17
6/16/2026 5:30,18.4,30.1,0.17
6/16/2026 5:45,18.6,30.1,0.17
6/16/2026 6:00,18.6,30,0.17
6/16/2026 6:15,17.4,30,0.17
6/16/2026 6:30,17.6,29.9,0.17
6/16/2026 6:45,17.2,29.9,0.17
6/16/2026 7:00,16.9,29.9,0.17
6/16/2026 7:15,16.7,29.8,0.17
6/16/2026 7:30,16.6,29.8,0.17
6/16/2026 7:45,15.8,29.7,0.17
