
c:/Users/ppita/Documents/Particle/Open-Water-Level-and-Rainfall-Sensor/Firmware/readRainfall_stripped/target/6.3.3/boron/readRainfall_stripped.elf:     file format elf32-littlearm

Sections:
Idx Name          Size      VMA       LMA       File off  Algn
  0 .module_info  00000018  000b4000  000b4000  00004000  2**0
                  CONTENTS, ALLOC, LOAD, READONLY, DATA
  1 .dynalib      00000004  000b4018  000b4018  00004018  2**2
                  CONTENTS, ALLOC, LOAD, READONLY, DATA
  2 .text         00002f2c  000b401c  000b401c  0000401c  2**2
                  CONTENTS, ALLOC, LOAD, READONLY, CODE
  3 .note.gnu.build-id 00000024  000b6f48  000b6f48  00006f48  2**2
                  CONTENTS, ALLOC, LOAD, READONLY, DATA
  4 .data         00000070  2003de40  000b6f6c  0000de40  2**2
                  CONTENTS, ALLOC, LOAD, DATA
  5 .bss          0000014c  2003deb0  2003deb0  0001deb0  2**2
                  ALLOC
  6 .backup       00000004  2003f400  000b6fdc  0000f400  2**2
                  CONTENTS, ALLOC, LOAD, DATA
  7 .module_info_product 00000006  000b6fe0  000b6fe0  00016fe0  2**0
                  ALLOC
  8 .module_info_suffix 00000024  000b6fe6  000b6fe6  00016fe6  2**0
                  CONTENTS, ALLOC, LOAD, READONLY, DATA
  9 .module_info_crc 00000004  000b700a  000b700a  0001700a  2**0
                  CONTENTS, ALLOC, LOAD, READONLY, DATA
 10 .debug_info   001c7c15  00000000  00000000  0001700e  2**0
                  CONTENTS, READONLY, DEBUGGING, OCTETS
 11 .debug_abbrev 00015761  00000000  00000000  001dec23  2**0
                  CONTENTS, READONLY, DEBUGGING, OCTETS
 12 .debug_loc    00078134  00000000  00000000  001f4384  2**0
                  CONTENTS, READONLY, DEBUGGING, OCTETS
 13 .debug_aranges 000037a8  00000000  00000000  0026c4b8  2**0
                  CONTENTS, READONLY, DEBUGGING, OCTETS
 14 .debug_ranges 00012f20  00000000  00000000  0026fc60  2**0
                  CONTENTS, READONLY, DEBUGGING, OCTETS
 15 .debug_macro  0005825e  00000000  00000000  00282b80  2**0
                  CONTENTS, READONLY, DEBUGGING, OCTETS
 16 .debug_line   000542c6  00000000  00000000  002dadde  2**0
                  CONTENTS, READONLY, DEBUGGING, OCTETS
 17 .debug_str    001f2a09  00000000  00000000  0032f0a4  2**0
                  CONTENTS, READONLY, DEBUGGING, OCTETS
 18 .debug_frame  0000a344  00000000  00000000  00521ab0  2**2
                  CONTENTS, READONLY, DEBUGGING, OCTETS

Disassembly of section .text:

000b401c <strcmp>:
   b401c:	f810 2b01 	ldrb.w	r2, [r0], #1
   b4020:	f811 3b01 	ldrb.w	r3, [r1], #1
   b4024:	2a01      	cmp	r2, #1
   b4026:	bf28      	it	cs
   b4028:	429a      	cmpcs	r2, r3
   b402a:	d0f7      	beq.n	b401c <strcmp>
   b402c:	1ad0      	subs	r0, r2, r3
   b402e:	4770      	bx	lr

000b4030 <strlen>:
   b4030:	4603      	mov	r3, r0
   b4032:	f813 2b01 	ldrb.w	r2, [r3], #1
   b4036:	2a00      	cmp	r2, #0
   b4038:	d1fb      	bne.n	b4032 <strlen+0x2>
   b403a:	1a18      	subs	r0, r3, r0
   b403c:	3801      	subs	r0, #1
   b403e:	4770      	bx	lr

000b4040 <module_user_pre_init>:
/**
 * Initializes this user module. Returns the start of the heap.
 */
void* module_user_pre_init() {

    if ( (&link_global_data_start!=&link_global_data_initial_values) && (link_global_data_size != 0))
   b4040:	4809      	ldr	r0, [pc, #36]	; (b4068 <module_user_pre_init+0x28>)
   b4042:	490a      	ldr	r1, [pc, #40]	; (b406c <module_user_pre_init+0x2c>)
   b4044:	4288      	cmp	r0, r1
void* module_user_pre_init() {
   b4046:	b508      	push	{r3, lr}
    if ( (&link_global_data_start!=&link_global_data_initial_values) && (link_global_data_size != 0))
   b4048:	d005      	beq.n	b4056 <module_user_pre_init+0x16>
   b404a:	4a09      	ldr	r2, [pc, #36]	; (b4070 <module_user_pre_init+0x30>)
   b404c:	4282      	cmp	r2, r0
   b404e:	d002      	beq.n	b4056 <module_user_pre_init+0x16>
    {
        memcpy(&link_global_data_start, &link_global_data_initial_values, link_global_data_size);
   b4050:	1a12      	subs	r2, r2, r0
   b4052:	f002 fb8f 	bl	b6774 <memcpy>
    }

    memset(&link_bss_location, 0, link_bss_size );
   b4056:	4807      	ldr	r0, [pc, #28]	; (b4074 <module_user_pre_init+0x34>)
   b4058:	4a07      	ldr	r2, [pc, #28]	; (b4078 <module_user_pre_init+0x38>)
   b405a:	2100      	movs	r1, #0
   b405c:	1a12      	subs	r2, r2, r0
   b405e:	f002 fbb1 	bl	b67c4 <memset>
    return &link_global_data_start;
}
   b4062:	4801      	ldr	r0, [pc, #4]	; (b4068 <module_user_pre_init+0x28>)
   b4064:	bd08      	pop	{r3, pc}
   b4066:	bf00      	nop
   b4068:	2003de40 	.word	0x2003de40
   b406c:	000b6f6c 	.word	0x000b6f6c
   b4070:	2003deb0 	.word	0x2003deb0
   b4074:	2003deb0 	.word	0x2003deb0
   b4078:	2003dffc 	.word	0x2003dffc

000b407c <module_user_init>:
extern constructor_ptr_t link_constructors_location[];
extern constructor_ptr_t link_constructors_end;
#define link_constructors_size   ((unsigned long)&link_constructors_end  -  (unsigned long)&link_constructors_location )

void module_user_init()
{
   b407c:	b570      	push	{r4, r5, r6, lr}
    module_user_init_hook();

    // invoke constructors
    for (size_t ctor_num=0; ctor_num < link_constructors_size/sizeof(constructor_ptr_t); ctor_num++ )
   b407e:	4e07      	ldr	r6, [pc, #28]	; (b409c <module_user_init+0x20>)
   b4080:	4c07      	ldr	r4, [pc, #28]	; (b40a0 <module_user_init+0x24>)
    module_user_init_hook();
   b4082:	f001 fdf1 	bl	b5c68 <module_user_init_hook>
    for (size_t ctor_num=0; ctor_num < link_constructors_size/sizeof(constructor_ptr_t); ctor_num++ )
   b4086:	1ba4      	subs	r4, r4, r6
   b4088:	08a4      	lsrs	r4, r4, #2
   b408a:	2500      	movs	r5, #0
   b408c:	42ac      	cmp	r4, r5
   b408e:	d100      	bne.n	b4092 <module_user_init+0x16>
    {
        link_constructors_location[ctor_num]();
    }
}
   b4090:	bd70      	pop	{r4, r5, r6, pc}
        link_constructors_location[ctor_num]();
   b4092:	f856 3b04 	ldr.w	r3, [r6], #4
   b4096:	4798      	blx	r3
    for (size_t ctor_num=0; ctor_num < link_constructors_size/sizeof(constructor_ptr_t); ctor_num++ )
   b4098:	3501      	adds	r5, #1
   b409a:	e7f7      	b.n	b408c <module_user_init+0x10>
   b409c:	000b6f18 	.word	0x000b6f18
   b40a0:	000b6f48 	.word	0x000b6f48

000b40a4 <module_user_setup>:

/**
 * Export these functions with a fuller name so they don't clash with the setup/loop wrappers in the system module.
 */
void module_user_setup() {
    setup();
   b40a4:	f001 bd7a 	b.w	b5b9c <setup>

000b40a8 <module_user_loop>:
}

void module_user_loop() {
   b40a8:	b508      	push	{r3, lr}
    loop();
   b40aa:	f000 f861 	bl	b4170 <loop>
    _post_loop();
}
   b40ae:	e8bd 4008 	ldmia.w	sp!, {r3, lr}
    _post_loop();
   b40b2:	f001 bd91 	b.w	b5bd8 <_post_loop>

000b40b6 <_Znwj>:
 * Implement C++ new/delete operators using the heap
 */

void *operator new(size_t size)
{
	return malloc(size);
   b40b6:	f000 bb6d 	b.w	b4794 <malloc>

000b40ba <_Znaj>:
   b40ba:	f000 bb6b 	b.w	b4794 <malloc>

000b40be <_ZdlPvj>:
	free(p);
}

void operator delete(void *p, size_t size)
{
	free(p);
   b40be:	f000 bb71 	b.w	b47a4 <free>
	...

000b40c4 <__cxa_pure_virtual>:
int __wrap_printf(const char* fmt, ...) {
    return -1;
}

/* Default implementation for call made to pure virtual function. */
void __cxa_pure_virtual() {
   b40c4:	b500      	push	{lr}
   b40c6:	b08d      	sub	sp, #52	; 0x34
  PANIC(PureVirtualCall,"Call on pure virtual");
   b40c8:	222c      	movs	r2, #44	; 0x2c
   b40ca:	2100      	movs	r1, #0
   b40cc:	a801      	add	r0, sp, #4
   b40ce:	4674      	mov	r4, lr
   b40d0:	f002 fb78 	bl	b67c4 <memset>
   b40d4:	4b05      	ldr	r3, [pc, #20]	; (b40ec <__cxa_pure_virtual+0x28>)
   b40d6:	9301      	str	r3, [sp, #4]
   b40d8:	4b05      	ldr	r3, [pc, #20]	; (b40f0 <__cxa_pure_virtual+0x2c>)
   b40da:	9302      	str	r3, [sp, #8]
   b40dc:	9404      	str	r4, [sp, #16]
}

__attribute__((always_inline)) static inline uint32_t __get_PC(void) { 
    uint32_t result; 

    asm volatile ("mov %0, pc\n" : "=r" (result) ); 
   b40de:	467b      	mov	r3, pc
   b40e0:	2100      	movs	r1, #0
   b40e2:	a801      	add	r0, sp, #4
   b40e4:	9303      	str	r3, [sp, #12]
   b40e6:	f000 faa7 	bl	b4638 <panic_ext>
  while (1);
   b40ea:	e7fe      	b.n	b40ea <__cxa_pure_virtual+0x26>
   b40ec:	000c002c 	.word	0x000c002c
   b40f0:	000b69ec 	.word	0x000b69ec

000b40f4 <__register_exitproc>:
int __cxa_atexit(void (*f)(void *), void *p, void *d) {
    return 0;
}

void __register_exitproc(int type, void (*fn)(void), void* arg, void* d) {
}
   b40f4:	4770      	bx	lr

000b40f6 <_ZN5spark10LogHandler5writeEPKcj>:
    }
}

inline void spark::LogHandler::write(const char *data, size_t size) {
    // Default implementation does nothing
}
   b40f6:	4770      	bx	lr

000b40f8 <_ZN5spark16SerialLogHandlerD1Ev>:
            StreamLogHandler(Serial, level, filters) {
        Serial.begin(baud);
        LogManager::instance()->addHandler(this);
    }

    virtual ~SerialLogHandler() {
   b40f8:	4b0a      	ldr	r3, [pc, #40]	; (b4124 <_ZN5spark16SerialLogHandlerD1Ev+0x2c>)
   b40fa:	b510      	push	{r4, lr}
   b40fc:	4604      	mov	r4, r0
   b40fe:	6003      	str	r3, [r0, #0]
        LogManager::instance()->removeHandler(this);
   b4100:	f000 feec 	bl	b4edc <_ZN5spark10LogManager8instanceEv>
   b4104:	4621      	mov	r1, r4
   b4106:	f001 f936 	bl	b5376 <_ZN5spark10LogManager13removeHandlerEPNS_10LogHandlerE>
        Serial.end();
   b410a:	f001 feb9 	bl	b5e80 <_Z16_fetch_usbserialv>
   b410e:	f001 feab 	bl	b5e68 <_ZN9USBSerial3endEv>
    virtual ~LogHandler() = default;
   b4112:	4620      	mov	r0, r4
   b4114:	4b04      	ldr	r3, [pc, #16]	; (b4128 <_ZN5spark16SerialLogHandlerD1Ev+0x30>)
   b4116:	f840 3b04 	str.w	r3, [r0], #4
   b411a:	f000 ffb5 	bl	b5088 <_ZN5spark6detail9LogFilterD1Ev>
    }
   b411e:	4620      	mov	r0, r4
   b4120:	bd10      	pop	{r4, pc}
   b4122:	bf00      	nop
   b4124:	000b6a90 	.word	0x000b6a90
   b4128:	000b6a78 	.word	0x000b6a78

000b412c <_ZN5spark16SerialLogHandlerD0Ev>:
    virtual ~SerialLogHandler() {
   b412c:	b510      	push	{r4, lr}
   b412e:	4604      	mov	r4, r0
    }
   b4130:	f7ff ffe2 	bl	b40f8 <_ZN5spark16SerialLogHandlerD1Ev>
   b4134:	4620      	mov	r0, r4
   b4136:	2124      	movs	r1, #36	; 0x24
   b4138:	f7ff ffc1 	bl	b40be <_ZdlPvj>
   b413c:	4620      	mov	r0, r4
   b413e:	bd10      	pop	{r4, pc}

000b4140 <_ZNK5spark6Logger4infoEPKcz>:
    va_start(args, fmt);
    log(LOG_LEVEL_TRACE, fmt, args);
    va_end(args);
}

inline void spark::Logger::info(const char *fmt, ...) const {
   b4140:	b40e      	push	{r1, r2, r3}
   b4142:	b500      	push	{lr}
   b4144:	b08c      	sub	sp, #48	; 0x30
   b4146:	aa0d      	add	r2, sp, #52	; 0x34
}

inline void spark::Logger::log(LogLevel level, const char *fmt, va_list args) const {
    LogAttributes attr;
    attr.size = sizeof(LogAttributes);
    attr.flags = 0;
   b4148:	f04f 0c20 	mov.w	ip, #32
inline void spark::Logger::info(const char *fmt, ...) const {
   b414c:	f852 1b04 	ldr.w	r1, [r2], #4
    va_start(args, fmt);
   b4150:	9203      	str	r2, [sp, #12]
    log_message_v(level, name_, &attr, nullptr, fmt, args);
   b4152:	e9cd 1200 	strd	r1, r2, [sp]
    attr.flags = 0;
   b4156:	2300      	movs	r3, #0
    log_message_v(level, name_, &attr, nullptr, fmt, args);
   b4158:	6801      	ldr	r1, [r0, #0]
   b415a:	aa04      	add	r2, sp, #16
   b415c:	201e      	movs	r0, #30
    attr.flags = 0;
   b415e:	e9cd c304 	strd	ip, r3, [sp, #16]
    log_message_v(level, name_, &attr, nullptr, fmt, args);
   b4162:	f000 fa51 	bl	b4608 <log_message_v>
}
   b4166:	b00c      	add	sp, #48	; 0x30
   b4168:	f85d eb04 	ldr.w	lr, [sp], #4
   b416c:	b003      	add	sp, #12
   b416e:	4770      	bx	lr

000b4170 <loop>:
//     Serial.println("\nI2C Scanner");
// }


void loop()
{
   b4170:	e92d 41f3 	stmdb	sp!, {r0, r1, r4, r5, r6, r7, r8, lr}
    byte error, address;
    int nDevices;

    Log.info("Scanning...");
   b4174:	492a      	ldr	r1, [pc, #168]	; (b4220 <loop+0xb0>)
   b4176:	482b      	ldr	r0, [pc, #172]	; (b4224 <loop+0xb4>)

            nDevices++;
        }
        else if (error==4)
        {
            Log.info("Unknown error at address 0x");
   b4178:	4d2a      	ldr	r5, [pc, #168]	; (b4224 <loop+0xb4>)
   b417a:	f8df 80c4 	ldr.w	r8, [pc, #196]	; b4240 <loop+0xd0>
            if (address<16)
                Log.info("0");
            char addrBuf[5];
            snprintf(addrBuf, sizeof(addrBuf), "%02X", address);
   b417e:	4f2a      	ldr	r7, [pc, #168]	; (b4228 <loop+0xb8>)
    Log.info("Scanning...");
   b4180:	f7ff ffde 	bl	b4140 <_ZNK5spark6Logger4infoEPKcz>
   b4184:	2401      	movs	r4, #1
    nDevices = 0;
   b4186:	2600      	movs	r6, #0
        Wire.beginTransmission(address);
   b4188:	f002 fabe 	bl	b6708 <_Z19__fetch_global_Wirev>
   b418c:	b2e1      	uxtb	r1, r4
   b418e:	f002 f967 	bl	b6460 <_ZN7TwoWire17beginTransmissionEh>
        error = Wire.endTransmission();
   b4192:	f002 fab9 	bl	b6708 <_Z19__fetch_global_Wirev>
   b4196:	f002 f96b 	bl	b6470 <_ZN7TwoWire15endTransmissionEv>
        if (error == 0)
   b419a:	bb38      	cbnz	r0, b41ec <loop+0x7c>
            Log.info("I2C device found at address 0x");
   b419c:	4923      	ldr	r1, [pc, #140]	; (b422c <loop+0xbc>)
   b419e:	4821      	ldr	r0, [pc, #132]	; (b4224 <loop+0xb4>)
   b41a0:	f7ff ffce 	bl	b4140 <_ZNK5spark6Logger4infoEPKcz>
            if (address<16)
   b41a4:	2c0f      	cmp	r4, #15
   b41a6:	d803      	bhi.n	b41b0 <loop+0x40>
                Log.info("0");
   b41a8:	4921      	ldr	r1, [pc, #132]	; (b4230 <loop+0xc0>)
   b41aa:	4628      	mov	r0, r5
   b41ac:	f7ff ffc8 	bl	b4140 <_ZNK5spark6Logger4infoEPKcz>
            snprintf(buf, sizeof(buf), "%02X", address);
   b41b0:	4623      	mov	r3, r4
   b41b2:	463a      	mov	r2, r7
   b41b4:	2105      	movs	r1, #5
   b41b6:	4668      	mov	r0, sp
   b41b8:	f000 fb04 	bl	b47c4 <snprintf>
            Log.info(buf);
   b41bc:	4669      	mov	r1, sp
   b41be:	4628      	mov	r0, r5
   b41c0:	f7ff ffbe 	bl	b4140 <_ZNK5spark6Logger4infoEPKcz>
            Log.info("  !");
   b41c4:	491b      	ldr	r1, [pc, #108]	; (b4234 <loop+0xc4>)
   b41c6:	4628      	mov	r0, r5
   b41c8:	f7ff ffba 	bl	b4140 <_ZNK5spark6Logger4infoEPKcz>
            nDevices++;
   b41cc:	3601      	adds	r6, #1
    for(address = 1; address < 127; address++ )
   b41ce:	3401      	adds	r4, #1
   b41d0:	2c7f      	cmp	r4, #127	; 0x7f
   b41d2:	d1d9      	bne.n	b4188 <loop+0x18>
            Log.info(addrBuf);
        }
    }
    if (nDevices == 0)
   b41d4:	bb0e      	cbnz	r6, b421a <loop+0xaa>
        Log.info("No I2C devices found\n");
   b41d6:	4918      	ldr	r1, [pc, #96]	; (b4238 <loop+0xc8>)
    else
        Log.info("done\n");
   b41d8:	4812      	ldr	r0, [pc, #72]	; (b4224 <loop+0xb4>)
   b41da:	f7ff ffb1 	bl	b4140 <_ZNK5spark6Logger4infoEPKcz>

    delay(5000);           // wait 5 seconds for next scan
   b41de:	f241 3088 	movw	r0, #5000	; 0x1388
   b41e2:	b002      	add	sp, #8
   b41e4:	e8bd 41f0 	ldmia.w	sp!, {r4, r5, r6, r7, r8, lr}
    delay(5000);           // wait 5 seconds for next scan
   b41e8:	f001 bcc8 	b.w	b5b7c <delay>
        else if (error==4)
   b41ec:	2804      	cmp	r0, #4
   b41ee:	d1ee      	bne.n	b41ce <loop+0x5e>
            Log.info("Unknown error at address 0x");
   b41f0:	480c      	ldr	r0, [pc, #48]	; (b4224 <loop+0xb4>)
   b41f2:	4641      	mov	r1, r8
   b41f4:	f7ff ffa4 	bl	b4140 <_ZNK5spark6Logger4infoEPKcz>
            if (address<16)
   b41f8:	2c0f      	cmp	r4, #15
   b41fa:	d803      	bhi.n	b4204 <loop+0x94>
                Log.info("0");
   b41fc:	490c      	ldr	r1, [pc, #48]	; (b4230 <loop+0xc0>)
   b41fe:	4628      	mov	r0, r5
   b4200:	f7ff ff9e 	bl	b4140 <_ZNK5spark6Logger4infoEPKcz>
            snprintf(addrBuf, sizeof(addrBuf), "%02X", address);
   b4204:	4623      	mov	r3, r4
   b4206:	463a      	mov	r2, r7
   b4208:	2105      	movs	r1, #5
   b420a:	4668      	mov	r0, sp
   b420c:	f000 fada 	bl	b47c4 <snprintf>
            Log.info(addrBuf);
   b4210:	4669      	mov	r1, sp
   b4212:	4628      	mov	r0, r5
   b4214:	f7ff ff94 	bl	b4140 <_ZNK5spark6Logger4infoEPKcz>
   b4218:	e7d9      	b.n	b41ce <loop+0x5e>
        Log.info("done\n");
   b421a:	4908      	ldr	r1, [pc, #32]	; (b423c <loop+0xcc>)
   b421c:	e7dc      	b.n	b41d8 <loop+0x68>
   b421e:	bf00      	nop
   b4220:	000b6a01 	.word	0x000b6a01
   b4224:	2003df1c 	.word	0x2003df1c
   b4228:	000b6a2e 	.word	0x000b6a2e
   b422c:	000b6a0d 	.word	0x000b6a0d
   b4230:	000b6a2c 	.word	0x000b6a2c
   b4234:	000b6a33 	.word	0x000b6a33
   b4238:	000b6a53 	.word	0x000b6a53
   b423c:	000b6a69 	.word	0x000b6a69
   b4240:	000b6a37 	.word	0x000b6a37

000b4244 <_ZN5spark6VectorINS_17LogCategoryFilterENS_16DefaultAllocatorEED1Ev>:
inline spark::Vector<T, AllocatorT>::Vector(Vector<T, AllocatorT>&& vector) : Vector() {
    swap(*this, vector);
}

template<typename T, typename AllocatorT>
inline spark::Vector<T, AllocatorT>::~Vector() {
   b4244:	b570      	push	{r4, r5, r6, lr}
    destruct(data_, data_ + size_);
   b4246:	e9d0 5300 	ldrd	r5, r3, [r0]
   b424a:	2614      	movs	r6, #20
inline spark::Vector<T, AllocatorT>::~Vector() {
   b424c:	4604      	mov	r4, r0
    destruct(data_, data_ + size_);
   b424e:	fb06 5603 	mla	r6, r6, r3, r5
        for (; p != end; ++p) {
   b4252:	42ae      	cmp	r6, r5
   b4254:	d004      	beq.n	b4260 <_ZN5spark6VectorINS_17LogCategoryFilterENS_16DefaultAllocatorEED1Ev+0x1c>
class LogCategoryFilter {
   b4256:	4628      	mov	r0, r5
   b4258:	f000 fba2 	bl	b49a0 <_ZN6StringD1Ev>
   b425c:	3514      	adds	r5, #20
   b425e:	e7f8      	b.n	b4252 <_ZN5spark6VectorINS_17LogCategoryFilterENS_16DefaultAllocatorEED1Ev+0xe>
    ::free(ptr);
   b4260:	6820      	ldr	r0, [r4, #0]
   b4262:	f000 fa9f 	bl	b47a4 <free>
    AllocatorT::free(data_);
}
   b4266:	4620      	mov	r0, r4
   b4268:	bd70      	pop	{r4, r5, r6, pc}

000b426a <_ZN5spark6VectorINS_17LogCategoryFilterENS_16DefaultAllocatorEE4moveIS1_Li0EEEvPS1_S5_S5_>:
        if (dest > p && dest < end) {
   b426a:	4288      	cmp	r0, r1
    static void move(T* dest, T* p, T* end) {
   b426c:	b5f8      	push	{r3, r4, r5, r6, r7, lr}
   b426e:	4604      	mov	r4, r0
   b4270:	460d      	mov	r5, r1
   b4272:	4616      	mov	r6, r2
        if (dest > p && dest < end) {
   b4274:	d916      	bls.n	b42a4 <_ZN5spark6VectorINS_17LogCategoryFilterENS_16DefaultAllocatorEE4moveIS1_Li0EEEvPS1_S5_S5_+0x3a>
   b4276:	4290      	cmp	r0, r2
   b4278:	d215      	bcs.n	b42a6 <_ZN5spark6VectorINS_17LogCategoryFilterENS_16DefaultAllocatorEE4moveIS1_Li0EEEvPS1_S5_S5_+0x3c>
            --end;
   b427a:	f1a2 0614 	sub.w	r6, r2, #20
            dest += end - p - 1;
   b427e:	1a75      	subs	r5, r6, r1
   b4280:	f1a1 0714 	sub.w	r7, r1, #20
   b4284:	442c      	add	r4, r5
            for (; end != p; --end, --dest) {
   b4286:	42b7      	cmp	r7, r6
   b4288:	d01c      	beq.n	b42c4 <_ZN5spark6VectorINS_17LogCategoryFilterENS_16DefaultAllocatorEE4moveIS1_Li0EEEvPS1_S5_S5_+0x5a>
                new(dest) T(std::move(*end));
   b428a:	b12c      	cbz	r4, b4298 <_ZN5spark6VectorINS_17LogCategoryFilterENS_16DefaultAllocatorEE4moveIS1_Li0EEEvPS1_S5_S5_+0x2e>
   b428c:	4631      	mov	r1, r6
   b428e:	4620      	mov	r0, r4
   b4290:	f000 fbef 	bl	b4a72 <_ZN6StringC1EOS_>
   b4294:	7c33      	ldrb	r3, [r6, #16]
   b4296:	7423      	strb	r3, [r4, #16]
   b4298:	4630      	mov	r0, r6
   b429a:	f000 fb81 	bl	b49a0 <_ZN6StringD1Ev>
            for (; end != p; --end, --dest) {
   b429e:	3e14      	subs	r6, #20
   b42a0:	3c14      	subs	r4, #20
   b42a2:	e7f0      	b.n	b4286 <_ZN5spark6VectorINS_17LogCategoryFilterENS_16DefaultAllocatorEE4moveIS1_Li0EEEvPS1_S5_S5_+0x1c>
        } else if (dest != p) {
   b42a4:	d00e      	beq.n	b42c4 <_ZN5spark6VectorINS_17LogCategoryFilterENS_16DefaultAllocatorEE4moveIS1_Li0EEEvPS1_S5_S5_+0x5a>
            for (; p != end; ++p, ++dest) {
   b42a6:	42b5      	cmp	r5, r6
   b42a8:	d00c      	beq.n	b42c4 <_ZN5spark6VectorINS_17LogCategoryFilterENS_16DefaultAllocatorEE4moveIS1_Li0EEEvPS1_S5_S5_+0x5a>
                new(dest) T(std::move(*p));
   b42aa:	b12c      	cbz	r4, b42b8 <_ZN5spark6VectorINS_17LogCategoryFilterENS_16DefaultAllocatorEE4moveIS1_Li0EEEvPS1_S5_S5_+0x4e>
   b42ac:	4629      	mov	r1, r5
   b42ae:	4620      	mov	r0, r4
   b42b0:	f000 fbdf 	bl	b4a72 <_ZN6StringC1EOS_>
   b42b4:	7c2b      	ldrb	r3, [r5, #16]
   b42b6:	7423      	strb	r3, [r4, #16]
   b42b8:	4628      	mov	r0, r5
   b42ba:	f000 fb71 	bl	b49a0 <_ZN6StringD1Ev>
            for (; p != end; ++p, ++dest) {
   b42be:	3514      	adds	r5, #20
   b42c0:	3414      	adds	r4, #20
   b42c2:	e7f0      	b.n	b42a6 <_ZN5spark6VectorINS_17LogCategoryFilterENS_16DefaultAllocatorEE4moveIS1_Li0EEEvPS1_S5_S5_+0x3c>
    }
   b42c4:	bdf8      	pop	{r3, r4, r5, r6, r7, pc}

000b42c6 <_ZN5spark6VectorINS_17LogCategoryFilterENS_16DefaultAllocatorEEC1ERKS3_>:
inline spark::Vector<T, AllocatorT>::Vector(const Vector<T, AllocatorT>& vector) : Vector() {
   b42c6:	e92d 41f0 	stmdb	sp!, {r4, r5, r6, r7, r8, lr}
        capacity_(0) {
   b42ca:	2300      	movs	r3, #0
   b42cc:	e9c0 3300 	strd	r3, r3, [r0]
   b42d0:	6083      	str	r3, [r0, #8]
    if (vector.size_ > 0 && realloc(vector.size_)) {
   b42d2:	684f      	ldr	r7, [r1, #4]
   b42d4:	429f      	cmp	r7, r3
inline spark::Vector<T, AllocatorT>::Vector(const Vector<T, AllocatorT>& vector) : Vector() {
   b42d6:	4604      	mov	r4, r0
   b42d8:	460e      	mov	r6, r1
    if (vector.size_ > 0 && realloc(vector.size_)) {
   b42da:	dd23      	ble.n	b4324 <_ZN5spark6VectorINS_17LogCategoryFilterENS_16DefaultAllocatorEEC1ERKS3_+0x5e>
            d = (T*)AllocatorT::malloc(n * sizeof(T));
   b42dc:	f04f 0814 	mov.w	r8, #20
    return ::malloc(size);
   b42e0:	fb08 f007 	mul.w	r0, r8, r7
   b42e4:	f000 fa56 	bl	b4794 <malloc>
            if (!d) {
   b42e8:	4605      	mov	r5, r0
   b42ea:	b1d8      	cbz	r0, b4324 <_ZN5spark6VectorINS_17LogCategoryFilterENS_16DefaultAllocatorEEC1ERKS3_+0x5e>
            move(d, data_, data_ + size_);
   b42ec:	e9d4 1200 	ldrd	r1, r2, [r4]
   b42f0:	fb08 1202 	mla	r2, r8, r2, r1
   b42f4:	f7ff ffb9 	bl	b426a <_ZN5spark6VectorINS_17LogCategoryFilterENS_16DefaultAllocatorEE4moveIS1_Li0EEEvPS1_S5_S5_>
    ::free(ptr);
   b42f8:	6820      	ldr	r0, [r4, #0]
   b42fa:	f000 fa53 	bl	b47a4 <free>
        data_ = d;
   b42fe:	6025      	str	r5, [r4, #0]
        capacity_ = n;
   b4300:	60a7      	str	r7, [r4, #8]
        copy(data_, vector.data_, vector.data_ + vector.size_);
   b4302:	e9d6 7300 	ldrd	r7, r3, [r6]
   b4306:	fb08 7803 	mla	r8, r8, r3, r7
        for (; it != end; ++it, ++dest) {
   b430a:	45b8      	cmp	r8, r7
   b430c:	d008      	beq.n	b4320 <_ZN5spark6VectorINS_17LogCategoryFilterENS_16DefaultAllocatorEEC1ERKS3_+0x5a>
   b430e:	4639      	mov	r1, r7
   b4310:	4628      	mov	r0, r5
   b4312:	f000 fbc8 	bl	b4aa6 <_ZN6StringC1ERKS_>
   b4316:	7c3b      	ldrb	r3, [r7, #16]
   b4318:	742b      	strb	r3, [r5, #16]
   b431a:	3714      	adds	r7, #20
   b431c:	3514      	adds	r5, #20
   b431e:	e7f4      	b.n	b430a <_ZN5spark6VectorINS_17LogCategoryFilterENS_16DefaultAllocatorEEC1ERKS3_+0x44>
        size_ = vector.size_;
   b4320:	6873      	ldr	r3, [r6, #4]
   b4322:	6063      	str	r3, [r4, #4]
}
   b4324:	4620      	mov	r0, r4
   b4326:	e8bd 81f0 	ldmia.w	sp!, {r4, r5, r6, r7, r8, pc}
	...

000b432c <_GLOBAL__sub_I_SystemMode>:
   b432c:	b570      	push	{r4, r5, r6, lr}

class SystemSleepResult {
public:
    SystemSleepResult()
            : wakeupSource_(nullptr),
              error_(SYSTEM_ERROR_NONE) {
   b432e:	4b24      	ldr	r3, [pc, #144]	; (b43c0 <_GLOBAL__sub_I_SystemMode+0x94>)
    SleepResult() {}
   b4330:	4a24      	ldr	r2, [pc, #144]	; (b43c4 <_GLOBAL__sub_I_SystemMode+0x98>)
   b4332:	609a      	str	r2, [r3, #8]
              error_(SYSTEM_ERROR_NONE) {
   b4334:	2400      	movs	r4, #0
   b4336:	b08c      	sub	sp, #48	; 0x30
   b4338:	e9c3 4400 	strd	r4, r4, [r3]

class SystemClass {
public:

    SystemClass(System_Mode_TypeDef mode = DEFAULT) {
        set_system_mode(mode);
   b433c:	2002      	movs	r0, #2
   b433e:	f000 f985 	bl	b464c <set_system_mode>
SYSTEM_THREAD(ENABLED);
   b4342:	4621      	mov	r1, r4
   b4344:	2001      	movs	r0, #1
   b4346:	f000 f991 	bl	b466c <system_thread_set_state>
        capacity_(0) {
   b434a:	e9cd 4400 	strd	r4, r4, [sp]
   b434e:	9402      	str	r4, [sp, #8]
            StreamLogHandler(Serial, level, filters) {
   b4350:	f001 fd96 	bl	b5e80 <_Z16_fetch_usbserialv>
        filter_(level, filters) {
   b4354:	4c1c      	ldr	r4, [pc, #112]	; (b43c8 <_GLOBAL__sub_I_SystemMode+0x9c>)
   b4356:	4605      	mov	r5, r0
   b4358:	4669      	mov	r1, sp
   b435a:	a803      	add	r0, sp, #12
   b435c:	f7ff ffb3 	bl	b42c6 <_ZN5spark6VectorINS_17LogCategoryFilterENS_16DefaultAllocatorEEC1ERKS3_>
   b4360:	4626      	mov	r6, r4
        stream_(&stream) {
   b4362:	a903      	add	r1, sp, #12
   b4364:	a806      	add	r0, sp, #24
   b4366:	f7ff ffae 	bl	b42c6 <_ZN5spark6VectorINS_17LogCategoryFilterENS_16DefaultAllocatorEEC1ERKS3_>
        filter_(level, filters) {
   b436a:	4b18      	ldr	r3, [pc, #96]	; (b43cc <_GLOBAL__sub_I_SystemMode+0xa0>)
   b436c:	f846 3b04 	str.w	r3, [r6], #4
   b4370:	a906      	add	r1, sp, #24
   b4372:	a809      	add	r0, sp, #36	; 0x24
   b4374:	f7ff ffa7 	bl	b42c6 <_ZN5spark6VectorINS_17LogCategoryFilterENS_16DefaultAllocatorEEC1ERKS3_>
   b4378:	aa09      	add	r2, sp, #36	; 0x24
   b437a:	211e      	movs	r1, #30
   b437c:	4630      	mov	r0, r6
   b437e:	f001 f8dd 	bl	b553c <_ZN5spark6detail9LogFilterC1E8LogLevelNS_6VectorINS_17LogCategoryFilterENS_16DefaultAllocatorEEE>
   b4382:	a809      	add	r0, sp, #36	; 0x24
   b4384:	f7ff ff5e 	bl	b4244 <_ZN5spark6VectorINS_17LogCategoryFilterENS_16DefaultAllocatorEED1Ev>
        stream_(&stream) {
   b4388:	a806      	add	r0, sp, #24
   b438a:	f7ff ff5b 	bl	b4244 <_ZN5spark6VectorINS_17LogCategoryFilterENS_16DefaultAllocatorEED1Ev>
   b438e:	4b10      	ldr	r3, [pc, #64]	; (b43d0 <_GLOBAL__sub_I_SystemMode+0xa4>)
   b4390:	6023      	str	r3, [r4, #0]
   b4392:	6225      	str	r5, [r4, #32]
   b4394:	a803      	add	r0, sp, #12
   b4396:	f7ff ff55 	bl	b4244 <_ZN5spark6VectorINS_17LogCategoryFilterENS_16DefaultAllocatorEED1Ev>
   b439a:	4b0e      	ldr	r3, [pc, #56]	; (b43d4 <_GLOBAL__sub_I_SystemMode+0xa8>)
   b439c:	6023      	str	r3, [r4, #0]
        Serial.begin();
   b439e:	f001 fd6f 	bl	b5e80 <_Z16_fetch_usbserialv>
   b43a2:	f44f 5116 	mov.w	r1, #9600	; 0x2580
   b43a6:	f001 fd5b 	bl	b5e60 <_ZN9USBSerial5beginEl>
        LogManager::instance()->addHandler(this);
   b43aa:	f000 fd97 	bl	b4edc <_ZN5spark10LogManager8instanceEv>
   b43ae:	4621      	mov	r1, r4
   b43b0:	f000 ff9a 	bl	b52e8 <_ZN5spark10LogManager10addHandlerEPNS_10LogHandlerE>
SerialLogHandler logHandler(LOG_LEVEL_INFO);
   b43b4:	4668      	mov	r0, sp
   b43b6:	f7ff ff45 	bl	b4244 <_ZN5spark6VectorINS_17LogCategoryFilterENS_16DefaultAllocatorEED1Ev>
   b43ba:	b00c      	add	sp, #48	; 0x30
   b43bc:	bd70      	pop	{r4, r5, r6, pc}
   b43be:	bf00      	nop
   b43c0:	2003deb0 	.word	0x2003deb0
   b43c4:	ffff0000 	.word	0xffff0000
   b43c8:	2003debc 	.word	0x2003debc
   b43cc:	000b6a78 	.word	0x000b6a78
   b43d0:	000b6bc0 	.word	0x000b6bc0
   b43d4:	000b6a90 	.word	0x000b6a90

000b43d8 <netdb_freeaddrinfo>:

DYNALIB_BEGIN(hal_netdb)

DYNALIB_FN(0, hal_netdb, netdb_gethostbyname, struct hostent*(const char*))
DYNALIB_FN(1, hal_netdb, netdb_gethostbyname_r, int(const char*, struct hostent*, char*, size_t, struct hostent**, int*))
DYNALIB_FN(2, hal_netdb, netdb_freeaddrinfo, void(struct addrinfo*))
   b43d8:	b508      	push	{r3, lr}
   b43da:	4b02      	ldr	r3, [pc, #8]	; (b43e4 <netdb_freeaddrinfo+0xc>)
   b43dc:	681b      	ldr	r3, [r3, #0]
   b43de:	689b      	ldr	r3, [r3, #8]
   b43e0:	9301      	str	r3, [sp, #4]
   b43e2:	bd08      	pop	{r3, pc}
   b43e4:	00030268 	.word	0x00030268

000b43e8 <netdb_getaddrinfo_ex>:
DYNALIB_FN(3, hal_netdb, netdb_getaddrinfo, int(const char*, const char*, const struct addrinfo*, struct addrinfo**))
DYNALIB_FN(4, hal_netdb, netdb_getnameinfo, int(const struct sockaddr*, socklen_t, char*, socklen_t, char*, socklen_t, int))
DYNALIB_FN(5, hal_netdb, netdb_getaddrinfo_ex, int(const char*, const char*, const struct addrinfo*, struct addrinfo**, if_t))
   b43e8:	b508      	push	{r3, lr}
   b43ea:	4b02      	ldr	r3, [pc, #8]	; (b43f4 <netdb_getaddrinfo_ex+0xc>)
   b43ec:	681b      	ldr	r3, [r3, #0]
   b43ee:	695b      	ldr	r3, [r3, #20]
   b43f0:	9301      	str	r3, [sp, #4]
   b43f2:	bd08      	pop	{r3, pc}
   b43f4:	00030268 	.word	0x00030268

000b43f8 <if_get_by_index>:
DYNALIB_FN(1, hal_ifapi, if_free_list, int(struct if_list*))
DYNALIB_FN(2, hal_ifapi, if_get_name_index, int(struct if_nameindex**))
DYNALIB_FN(3, hal_ifapi, if_free_name_index, int(struct if_nameindex*))
DYNALIB_FN(4, hal_ifapi, if_name_to_index, int(const char*, uint8_t*))
DYNALIB_FN(5, hal_ifapi, if_index_to_name, int(uint8_t, char*))
DYNALIB_FN(6, hal_ifapi, if_get_by_index, int(uint8_t, if_t*))
   b43f8:	b508      	push	{r3, lr}
   b43fa:	4b02      	ldr	r3, [pc, #8]	; (b4404 <if_get_by_index+0xc>)
   b43fc:	681b      	ldr	r3, [r3, #0]
   b43fe:	699b      	ldr	r3, [r3, #24]
   b4400:	9301      	str	r3, [sp, #4]
   b4402:	bd08      	pop	{r3, pc}
   b4404:	0003026c 	.word	0x0003026c

000b4408 <HAL_RNG_GetRandomNumber>:

DYNALIB_BEGIN(hal)

#if PLATFORM_ID > PLATFORM_GCC
DYNALIB_FN(0, hal, HAL_RNG_Configuration, void(void))
DYNALIB_FN(1, hal, HAL_RNG_GetRandomNumber, uint32_t(void))
   b4408:	b508      	push	{r3, lr}
   b440a:	4b02      	ldr	r3, [pc, #8]	; (b4414 <HAL_RNG_GetRandomNumber+0xc>)
   b440c:	681b      	ldr	r3, [r3, #0]
   b440e:	685b      	ldr	r3, [r3, #4]
   b4410:	9301      	str	r3, [sp, #4]
   b4412:	bd08      	pop	{r3, pc}
   b4414:	00030218 	.word	0x00030218

000b4418 <HAL_Timer_Get_Milli_Seconds>:
#endif // PLATFORM_ID > PLATFORM_GCC

DYNALIB_FN(BASE_IDX + 0, hal, HAL_Delay_Milliseconds, void(uint32_t))
DYNALIB_FN(BASE_IDX + 1, hal, HAL_Delay_Microseconds, void(uint32_t))
DYNALIB_FN(BASE_IDX + 2, hal, HAL_Timer_Get_Micro_Seconds, system_tick_t(void))
DYNALIB_FN(BASE_IDX + 3, hal, HAL_Timer_Get_Milli_Seconds, system_tick_t(void))
   b4418:	b508      	push	{r3, lr}
   b441a:	4b02      	ldr	r3, [pc, #8]	; (b4424 <HAL_Timer_Get_Milli_Seconds+0xc>)
   b441c:	681b      	ldr	r3, [r3, #0]
   b441e:	695b      	ldr	r3, [r3, #20]
   b4420:	9301      	str	r3, [sp, #4]
   b4422:	bd08      	pop	{r3, pc}
   b4424:	00030218 	.word	0x00030218

000b4428 <os_mutex_recursive_create>:
DYNALIB_FN(13, hal_concurrent, os_mutex_destroy, int(os_mutex_t))
DYNALIB_FN(14, hal_concurrent, os_mutex_lock, int(os_mutex_t))
DYNALIB_FN(15, hal_concurrent, os_mutex_trylock, int(os_mutex_t))
DYNALIB_FN(16, hal_concurrent, os_mutex_unlock, int(os_mutex_t))

DYNALIB_FN(17, hal_concurrent, os_mutex_recursive_create, int(os_mutex_recursive_t*))
   b4428:	b508      	push	{r3, lr}
   b442a:	4b02      	ldr	r3, [pc, #8]	; (b4434 <os_mutex_recursive_create+0xc>)
   b442c:	681b      	ldr	r3, [r3, #0]
   b442e:	6c5b      	ldr	r3, [r3, #68]	; 0x44
   b4430:	9301      	str	r3, [sp, #4]
   b4432:	bd08      	pop	{r3, pc}
   b4434:	00030248 	.word	0x00030248

000b4438 <os_mutex_recursive_destroy>:
DYNALIB_FN(18, hal_concurrent, os_mutex_recursive_destroy, int(os_mutex_recursive_t))
   b4438:	b508      	push	{r3, lr}
   b443a:	4b02      	ldr	r3, [pc, #8]	; (b4444 <os_mutex_recursive_destroy+0xc>)
   b443c:	681b      	ldr	r3, [r3, #0]
   b443e:	6c9b      	ldr	r3, [r3, #72]	; 0x48
   b4440:	9301      	str	r3, [sp, #4]
   b4442:	bd08      	pop	{r3, pc}
   b4444:	00030248 	.word	0x00030248

000b4448 <os_mutex_recursive_lock>:
DYNALIB_FN(19, hal_concurrent, os_mutex_recursive_lock, int(os_mutex_recursive_t))
   b4448:	b508      	push	{r3, lr}
   b444a:	4b02      	ldr	r3, [pc, #8]	; (b4454 <os_mutex_recursive_lock+0xc>)
   b444c:	681b      	ldr	r3, [r3, #0]
   b444e:	6cdb      	ldr	r3, [r3, #76]	; 0x4c
   b4450:	9301      	str	r3, [sp, #4]
   b4452:	bd08      	pop	{r3, pc}
   b4454:	00030248 	.word	0x00030248

000b4458 <os_mutex_recursive_unlock>:
DYNALIB_FN(20, hal_concurrent, os_mutex_recursive_trylock, int(os_mutex_recursive_t))
DYNALIB_FN(21, hal_concurrent, os_mutex_recursive_unlock, int(os_mutex_recursive_t))
   b4458:	b508      	push	{r3, lr}
   b445a:	4b02      	ldr	r3, [pc, #8]	; (b4464 <os_mutex_recursive_unlock+0xc>)
   b445c:	681b      	ldr	r3, [r3, #0]
   b445e:	6d5b      	ldr	r3, [r3, #84]	; 0x54
   b4460:	9301      	str	r3, [sp, #4]
   b4462:	bd08      	pop	{r3, pc}
   b4464:	00030248 	.word	0x00030248

000b4468 <inet_inet_ntop>:
DYNALIB_FN(0, hal_inet, inet_inet_addr, in_addr_t(const char*))
DYNALIB_FN(1, hal_inet, inet_inet_aton, int(const char*, struct in_addr*))
DYNALIB_FN(2, hal_inet, inet_inet_network, in_addr_t(const char*))
DYNALIB_FN(3, hal_inet, inet_inet_ntoa, char*(struct in_addr))
DYNALIB_FN(4, hal_inet, inet_inet_ntoa_r, char*(struct in_addr, char*, socklen_t))
DYNALIB_FN(5, hal_inet, inet_inet_ntop, const char*(int, const void*, char*, socklen_t))
   b4468:	b508      	push	{r3, lr}
   b446a:	4b02      	ldr	r3, [pc, #8]	; (b4474 <inet_inet_ntop+0xc>)
   b446c:	681b      	ldr	r3, [r3, #0]
   b446e:	695b      	ldr	r3, [r3, #20]
   b4470:	9301      	str	r3, [sp, #4]
   b4472:	bd08      	pop	{r3, pc}
   b4474:	00030264 	.word	0x00030264

000b4478 <hal_usart_end>:
#define BASE_IDX 0
#endif

DYNALIB_FN(BASE_IDX + 0, hal_usart, hal_usart_init, void(hal_usart_interface_t, hal_usart_ring_buffer_t*, hal_usart_ring_buffer_t*))
DYNALIB_FN(BASE_IDX + 1, hal_usart, hal_usart_begin, void(hal_usart_interface_t, uint32_t))
DYNALIB_FN(BASE_IDX + 2, hal_usart, hal_usart_end, void(hal_usart_interface_t))
   b4478:	b508      	push	{r3, lr}
   b447a:	4b02      	ldr	r3, [pc, #8]	; (b4484 <hal_usart_end+0xc>)
   b447c:	681b      	ldr	r3, [r3, #0]
   b447e:	689b      	ldr	r3, [r3, #8]
   b4480:	9301      	str	r3, [sp, #4]
   b4482:	bd08      	pop	{r3, pc}
   b4484:	0003023c 	.word	0x0003023c

000b4488 <hal_usart_write>:
DYNALIB_FN(BASE_IDX + 3, hal_usart, hal_usart_write, uint32_t(hal_usart_interface_t, uint8_t))
   b4488:	b508      	push	{r3, lr}
   b448a:	4b02      	ldr	r3, [pc, #8]	; (b4494 <hal_usart_write+0xc>)
   b448c:	681b      	ldr	r3, [r3, #0]
   b448e:	68db      	ldr	r3, [r3, #12]
   b4490:	9301      	str	r3, [sp, #4]
   b4492:	bd08      	pop	{r3, pc}
   b4494:	0003023c 	.word	0x0003023c

000b4498 <hal_usart_available>:
DYNALIB_FN(BASE_IDX + 4, hal_usart, hal_usart_available, int32_t(hal_usart_interface_t))
   b4498:	b508      	push	{r3, lr}
   b449a:	4b02      	ldr	r3, [pc, #8]	; (b44a4 <hal_usart_available+0xc>)
   b449c:	681b      	ldr	r3, [r3, #0]
   b449e:	691b      	ldr	r3, [r3, #16]
   b44a0:	9301      	str	r3, [sp, #4]
   b44a2:	bd08      	pop	{r3, pc}
   b44a4:	0003023c 	.word	0x0003023c

000b44a8 <hal_usart_read>:
DYNALIB_FN(BASE_IDX + 5, hal_usart, hal_usart_read, int32_t(hal_usart_interface_t))
   b44a8:	b508      	push	{r3, lr}
   b44aa:	4b02      	ldr	r3, [pc, #8]	; (b44b4 <hal_usart_read+0xc>)
   b44ac:	681b      	ldr	r3, [r3, #0]
   b44ae:	695b      	ldr	r3, [r3, #20]
   b44b0:	9301      	str	r3, [sp, #4]
   b44b2:	bd08      	pop	{r3, pc}
   b44b4:	0003023c 	.word	0x0003023c

000b44b8 <hal_usart_peek>:
DYNALIB_FN(BASE_IDX + 6, hal_usart, hal_usart_peek, int32_t(hal_usart_interface_t))
   b44b8:	b508      	push	{r3, lr}
   b44ba:	4b02      	ldr	r3, [pc, #8]	; (b44c4 <hal_usart_peek+0xc>)
   b44bc:	681b      	ldr	r3, [r3, #0]
   b44be:	699b      	ldr	r3, [r3, #24]
   b44c0:	9301      	str	r3, [sp, #4]
   b44c2:	bd08      	pop	{r3, pc}
   b44c4:	0003023c 	.word	0x0003023c

000b44c8 <hal_usart_flush>:
DYNALIB_FN(BASE_IDX + 7, hal_usart, hal_usart_flush, void(hal_usart_interface_t))
   b44c8:	b508      	push	{r3, lr}
   b44ca:	4b02      	ldr	r3, [pc, #8]	; (b44d4 <hal_usart_flush+0xc>)
   b44cc:	681b      	ldr	r3, [r3, #0]
   b44ce:	69db      	ldr	r3, [r3, #28]
   b44d0:	9301      	str	r3, [sp, #4]
   b44d2:	bd08      	pop	{r3, pc}
   b44d4:	0003023c 	.word	0x0003023c

000b44d8 <hal_usart_available_data_for_write>:
DYNALIB_FN(BASE_IDX + 8, hal_usart, hal_usart_is_enabled, bool(hal_usart_interface_t))
DYNALIB_FN(BASE_IDX + 9, hal_usart, hal_usart_half_duplex, void(hal_usart_interface_t, bool))
DYNALIB_FN(BASE_IDX + 10, hal_usart, hal_usart_available_data_for_write, int32_t(hal_usart_interface_t))
   b44d8:	b508      	push	{r3, lr}
   b44da:	4b02      	ldr	r3, [pc, #8]	; (b44e4 <hal_usart_available_data_for_write+0xc>)
   b44dc:	681b      	ldr	r3, [r3, #0]
   b44de:	6a9b      	ldr	r3, [r3, #40]	; 0x28
   b44e0:	9301      	str	r3, [sp, #4]
   b44e2:	bd08      	pop	{r3, pc}
   b44e4:	0003023c 	.word	0x0003023c

000b44e8 <hal_usart_begin_config>:
#define BASE_IDX2 (BASE_IDX+13)
#else
#define BASE_IDX2 (BASE_IDX+11)
#endif

DYNALIB_FN(BASE_IDX2 + 0, hal_usart, hal_usart_begin_config, void(hal_usart_interface_t serial, uint32_t baud, uint32_t config, void *ptr))
   b44e8:	b508      	push	{r3, lr}
   b44ea:	4b02      	ldr	r3, [pc, #8]	; (b44f4 <hal_usart_begin_config+0xc>)
   b44ec:	681b      	ldr	r3, [r3, #0]
   b44ee:	6adb      	ldr	r3, [r3, #44]	; 0x2c
   b44f0:	9301      	str	r3, [sp, #4]
   b44f2:	bd08      	pop	{r3, pc}
   b44f4:	0003023c 	.word	0x0003023c

000b44f8 <hal_usart_init_ex>:
DYNALIB_FN(BASE_IDX2 + 1, hal_usart, hal_usart_write_nine_bits, uint32_t(hal_usart_interface_t serial, uint16_t data))
DYNALIB_FN(BASE_IDX2 + 2, hal_usart, hal_usart_send_break, void(hal_usart_interface_t, void*))
DYNALIB_FN(BASE_IDX2 + 3, hal_usart, hal_usart_break_detected, uint8_t(hal_usart_interface_t))
DYNALIB_FN(BASE_IDX2 + 4, hal_usart, hal_usart_sleep, int(hal_usart_interface_t serial, bool, void*))
DYNALIB_FN(BASE_IDX2 + 5, hal_usart, hal_usart_init_ex, int(hal_usart_interface_t, const hal_usart_buffer_config_t*, void*))
   b44f8:	b508      	push	{r3, lr}
   b44fa:	4b02      	ldr	r3, [pc, #8]	; (b4504 <hal_usart_init_ex+0xc>)
   b44fc:	681b      	ldr	r3, [r3, #0]
   b44fe:	6c1b      	ldr	r3, [r3, #64]	; 0x40
   b4500:	9301      	str	r3, [sp, #4]
   b4502:	bd08      	pop	{r3, pc}
   b4504:	0003023c 	.word	0x0003023c

000b4508 <hal_i2c_begin_transmission>:
DYNALIB_FN(1, hal_i2c, hal_i2c_enable_dma_mode, void(hal_i2c_interface_t, bool, void*))
DYNALIB_FN(2, hal_i2c, hal_i2c_stretch_clock, void(hal_i2c_interface_t, bool, void*))
DYNALIB_FN(3, hal_i2c, hal_i2c_begin, void(hal_i2c_interface_t, hal_i2c_mode_t, uint8_t, void*))
DYNALIB_FN(4, hal_i2c, hal_i2c_end, void(hal_i2c_interface_t, void*))
DYNALIB_FN(5, hal_i2c, hal_i2c_request, uint32_t(hal_i2c_interface_t, uint8_t, uint8_t, uint8_t, void*))
DYNALIB_FN(6, hal_i2c, hal_i2c_begin_transmission, void(hal_i2c_interface_t, uint8_t, const hal_i2c_transmission_config_t*))
   b4508:	b508      	push	{r3, lr}
   b450a:	4b02      	ldr	r3, [pc, #8]	; (b4514 <hal_i2c_begin_transmission+0xc>)
   b450c:	681b      	ldr	r3, [r3, #0]
   b450e:	699b      	ldr	r3, [r3, #24]
   b4510:	9301      	str	r3, [sp, #4]
   b4512:	bd08      	pop	{r3, pc}
   b4514:	00030228 	.word	0x00030228

000b4518 <hal_i2c_end_transmission>:
DYNALIB_FN(7, hal_i2c, hal_i2c_end_transmission, uint8_t(hal_i2c_interface_t, uint8_t, void*))
   b4518:	b508      	push	{r3, lr}
   b451a:	4b02      	ldr	r3, [pc, #8]	; (b4524 <hal_i2c_end_transmission+0xc>)
   b451c:	681b      	ldr	r3, [r3, #0]
   b451e:	69db      	ldr	r3, [r3, #28]
   b4520:	9301      	str	r3, [sp, #4]
   b4522:	bd08      	pop	{r3, pc}
   b4524:	00030228 	.word	0x00030228

000b4528 <hal_i2c_write>:
DYNALIB_FN(8, hal_i2c, hal_i2c_write, uint32_t(hal_i2c_interface_t, uint8_t, void*))
   b4528:	b508      	push	{r3, lr}
   b452a:	4b02      	ldr	r3, [pc, #8]	; (b4534 <hal_i2c_write+0xc>)
   b452c:	681b      	ldr	r3, [r3, #0]
   b452e:	6a1b      	ldr	r3, [r3, #32]
   b4530:	9301      	str	r3, [sp, #4]
   b4532:	bd08      	pop	{r3, pc}
   b4534:	00030228 	.word	0x00030228

000b4538 <hal_i2c_available>:
DYNALIB_FN(9, hal_i2c, hal_i2c_available, int32_t(hal_i2c_interface_t, void*))
   b4538:	b508      	push	{r3, lr}
   b453a:	4b02      	ldr	r3, [pc, #8]	; (b4544 <hal_i2c_available+0xc>)
   b453c:	681b      	ldr	r3, [r3, #0]
   b453e:	6a5b      	ldr	r3, [r3, #36]	; 0x24
   b4540:	9301      	str	r3, [sp, #4]
   b4542:	bd08      	pop	{r3, pc}
   b4544:	00030228 	.word	0x00030228

000b4548 <hal_i2c_read>:
DYNALIB_FN(10, hal_i2c, hal_i2c_read, int32_t(hal_i2c_interface_t, void*))
   b4548:	b508      	push	{r3, lr}
   b454a:	4b02      	ldr	r3, [pc, #8]	; (b4554 <hal_i2c_read+0xc>)
   b454c:	681b      	ldr	r3, [r3, #0]
   b454e:	6a9b      	ldr	r3, [r3, #40]	; 0x28
   b4550:	9301      	str	r3, [sp, #4]
   b4552:	bd08      	pop	{r3, pc}
   b4554:	00030228 	.word	0x00030228

000b4558 <hal_i2c_peek>:
DYNALIB_FN(11, hal_i2c, hal_i2c_peek, int32_t(hal_i2c_interface_t, void*))
   b4558:	b508      	push	{r3, lr}
   b455a:	4b02      	ldr	r3, [pc, #8]	; (b4564 <hal_i2c_peek+0xc>)
   b455c:	681b      	ldr	r3, [r3, #0]
   b455e:	6adb      	ldr	r3, [r3, #44]	; 0x2c
   b4560:	9301      	str	r3, [sp, #4]
   b4562:	bd08      	pop	{r3, pc}
   b4564:	00030228 	.word	0x00030228

000b4568 <hal_i2c_flush>:
DYNALIB_FN(12, hal_i2c, hal_i2c_flush, void(hal_i2c_interface_t, void*))
   b4568:	b508      	push	{r3, lr}
   b456a:	4b02      	ldr	r3, [pc, #8]	; (b4574 <hal_i2c_flush+0xc>)
   b456c:	681b      	ldr	r3, [r3, #0]
   b456e:	6b1b      	ldr	r3, [r3, #48]	; 0x30
   b4570:	9301      	str	r3, [sp, #4]
   b4572:	bd08      	pop	{r3, pc}
   b4574:	00030228 	.word	0x00030228

000b4578 <hal_i2c_init>:
DYNALIB_FN(13, hal_i2c, hal_i2c_is_enabled, bool(hal_i2c_interface_t, void*))
DYNALIB_FN(14, hal_i2c, hal_i2c_set_callback_on_received, void(hal_i2c_interface_t, void(*)(int), void*))
DYNALIB_FN(15, hal_i2c, hal_i2c_set_callback_on_requested, void(hal_i2c_interface_t, void(*)(void), void*))
DYNALIB_FN(16, hal_i2c, hal_i2c_init, int(hal_i2c_interface_t, const hal_i2c_config_t*))
   b4578:	b508      	push	{r3, lr}
   b457a:	4b02      	ldr	r3, [pc, #8]	; (b4584 <hal_i2c_init+0xc>)
   b457c:	681b      	ldr	r3, [r3, #0]
   b457e:	6c1b      	ldr	r3, [r3, #64]	; 0x40
   b4580:	9301      	str	r3, [sp, #4]
   b4582:	bd08      	pop	{r3, pc}
   b4584:	00030228 	.word	0x00030228

000b4588 <HAL_USB_USART_Init>:
// GNINRAW

DYNALIB_BEGIN(hal_usb)

#ifdef USB_CDC_ENABLE
DYNALIB_FN(0, hal_usb, HAL_USB_USART_Init, void(HAL_USB_USART_Serial, const HAL_USB_USART_Config*))
   b4588:	b508      	push	{r3, lr}
   b458a:	4b02      	ldr	r3, [pc, #8]	; (b4594 <HAL_USB_USART_Init+0xc>)
   b458c:	681b      	ldr	r3, [r3, #0]
   b458e:	681b      	ldr	r3, [r3, #0]
   b4590:	9301      	str	r3, [sp, #4]
   b4592:	bd08      	pop	{r3, pc}
   b4594:	0003024c 	.word	0x0003024c

000b4598 <HAL_USB_USART_Begin>:
DYNALIB_FN(1, hal_usb, HAL_USB_USART_Begin, void(HAL_USB_USART_Serial, uint32_t, void *))
   b4598:	b508      	push	{r3, lr}
   b459a:	4b02      	ldr	r3, [pc, #8]	; (b45a4 <HAL_USB_USART_Begin+0xc>)
   b459c:	681b      	ldr	r3, [r3, #0]
   b459e:	685b      	ldr	r3, [r3, #4]
   b45a0:	9301      	str	r3, [sp, #4]
   b45a2:	bd08      	pop	{r3, pc}
   b45a4:	0003024c 	.word	0x0003024c

000b45a8 <HAL_USB_USART_End>:
DYNALIB_FN(2, hal_usb, HAL_USB_USART_End, void(HAL_USB_USART_Serial))
   b45a8:	b508      	push	{r3, lr}
   b45aa:	4b02      	ldr	r3, [pc, #8]	; (b45b4 <HAL_USB_USART_End+0xc>)
   b45ac:	681b      	ldr	r3, [r3, #0]
   b45ae:	689b      	ldr	r3, [r3, #8]
   b45b0:	9301      	str	r3, [sp, #4]
   b45b2:	bd08      	pop	{r3, pc}
   b45b4:	0003024c 	.word	0x0003024c

000b45b8 <HAL_USB_USART_Available_Data>:
DYNALIB_FN(3, hal_usb, HAL_USB_USART_Baud_Rate, unsigned int(HAL_USB_USART_Serial))
DYNALIB_FN_WRAP(4, hal_usb, HAL_USB_USART_Available_Data, protected, int32_t(HAL_USB_USART_Serial))
   b45b8:	b508      	push	{r3, lr}
   b45ba:	4b02      	ldr	r3, [pc, #8]	; (b45c4 <HAL_USB_USART_Available_Data+0xc>)
   b45bc:	681b      	ldr	r3, [r3, #0]
   b45be:	691b      	ldr	r3, [r3, #16]
   b45c0:	9301      	str	r3, [sp, #4]
   b45c2:	bd08      	pop	{r3, pc}
   b45c4:	0003024c 	.word	0x0003024c

000b45c8 <HAL_USB_USART_Available_Data_For_Write>:
DYNALIB_FN_WRAP(5, hal_usb, HAL_USB_USART_Available_Data_For_Write, protected, int32_t(HAL_USB_USART_Serial))
   b45c8:	b508      	push	{r3, lr}
   b45ca:	4b02      	ldr	r3, [pc, #8]	; (b45d4 <HAL_USB_USART_Available_Data_For_Write+0xc>)
   b45cc:	681b      	ldr	r3, [r3, #0]
   b45ce:	695b      	ldr	r3, [r3, #20]
   b45d0:	9301      	str	r3, [sp, #4]
   b45d2:	bd08      	pop	{r3, pc}
   b45d4:	0003024c 	.word	0x0003024c

000b45d8 <HAL_USB_USART_Receive_Data>:
DYNALIB_FN_WRAP(6, hal_usb, HAL_USB_USART_Receive_Data, protected, int32_t(HAL_USB_USART_Serial, uint8_t))
   b45d8:	b508      	push	{r3, lr}
   b45da:	4b02      	ldr	r3, [pc, #8]	; (b45e4 <HAL_USB_USART_Receive_Data+0xc>)
   b45dc:	681b      	ldr	r3, [r3, #0]
   b45de:	699b      	ldr	r3, [r3, #24]
   b45e0:	9301      	str	r3, [sp, #4]
   b45e2:	bd08      	pop	{r3, pc}
   b45e4:	0003024c 	.word	0x0003024c

000b45e8 <HAL_USB_USART_Send_Data>:
DYNALIB_FN_WRAP(7, hal_usb, HAL_USB_USART_Send_Data, protected, int32_t(HAL_USB_USART_Serial, uint8_t))
   b45e8:	b508      	push	{r3, lr}
   b45ea:	4b02      	ldr	r3, [pc, #8]	; (b45f4 <HAL_USB_USART_Send_Data+0xc>)
   b45ec:	681b      	ldr	r3, [r3, #0]
   b45ee:	69db      	ldr	r3, [r3, #28]
   b45f0:	9301      	str	r3, [sp, #4]
   b45f2:	bd08      	pop	{r3, pc}
   b45f4:	0003024c 	.word	0x0003024c

000b45f8 <HAL_USB_USART_Flush_Data>:
DYNALIB_FN_WRAP(8, hal_usb, HAL_USB_USART_Flush_Data, protected, void(HAL_USB_USART_Serial))
   b45f8:	b508      	push	{r3, lr}
   b45fa:	4b02      	ldr	r3, [pc, #8]	; (b4604 <HAL_USB_USART_Flush_Data+0xc>)
   b45fc:	681b      	ldr	r3, [r3, #0]
   b45fe:	6a1b      	ldr	r3, [r3, #32]
   b4600:	9301      	str	r3, [sp, #4]
   b4602:	bd08      	pop	{r3, pc}
   b4604:	0003024c 	.word	0x0003024c

000b4608 <log_message_v>:
DYNALIB_FN(17, services, LED_RGB_SetChangeHandler, void(led_update_handler_fn, void*))
DYNALIB_FN(18, services, log_print_direct_, void(int, void*, const char*, ...)) // Deprecated
DYNALIB_FN(19, services, LED_GetColor, uint32_t(uint32_t, void*))

DYNALIB_FN(20, services, log_message, void(int, const char*, LogAttributes*, void*, const char*, ...))
DYNALIB_FN(21, services, log_message_v, void(int, const char*, LogAttributes*, void*, const char*, va_list))
   b4608:	b508      	push	{r3, lr}
   b460a:	4b02      	ldr	r3, [pc, #8]	; (b4614 <log_message_v+0xc>)
   b460c:	681b      	ldr	r3, [r3, #0]
   b460e:	6d5b      	ldr	r3, [r3, #84]	; 0x54
   b4610:	9301      	str	r3, [sp, #4]
   b4612:	bd08      	pop	{r3, pc}
   b4614:	00030260 	.word	0x00030260

000b4618 <log_level_name>:
DYNALIB_FN(22, services, log_write, void(int, const char*, const char*, size_t, void*))
DYNALIB_FN(23, services, log_printf, void(int, const char*, void*, const char*, ...))
DYNALIB_FN(24, services, log_printf_v, void(int, const char*, void*, const char*, va_list))
DYNALIB_FN(25, services, log_dump, void(int, const char*, const void*, size_t, int, void*))
DYNALIB_FN(26, services, log_enabled, int(int, const char*, void*))
DYNALIB_FN(27, services, log_level_name, const char*(int, void*))
   b4618:	b508      	push	{r3, lr}
   b461a:	4b02      	ldr	r3, [pc, #8]	; (b4624 <log_level_name+0xc>)
   b461c:	681b      	ldr	r3, [r3, #0]
   b461e:	6edb      	ldr	r3, [r3, #108]	; 0x6c
   b4620:	9301      	str	r3, [sp, #4]
   b4622:	bd08      	pop	{r3, pc}
   b4624:	00030260 	.word	0x00030260

000b4628 <log_set_callbacks>:
DYNALIB_FN(28, services, log_set_callbacks, void(log_message_callback_type, log_write_callback_type, log_enabled_callback_type, void*))
   b4628:	b508      	push	{r3, lr}
   b462a:	4b02      	ldr	r3, [pc, #8]	; (b4634 <log_set_callbacks+0xc>)
   b462c:	681b      	ldr	r3, [r3, #0]
   b462e:	6f1b      	ldr	r3, [r3, #112]	; 0x70
   b4630:	9301      	str	r3, [sp, #4]
   b4632:	bd08      	pop	{r3, pc}
   b4634:	00030260 	.word	0x00030260

000b4638 <panic_ext>:
DYNALIB_FN(48, services, devicetree_tree_lock, int(void*))
DYNALIB_FN(49, services, devicetree_tree_get, int(void*, uint32_t, void*))
DYNALIB_FN(50, services, devicetree_string_dictionary_lookup, const char*(uint32_t, void*))
DYNALIB_FN(51, services, devicetree_hash_string, uint32_t(const char*, size_t))
DYNALIB_FN(52, services, security_mode_get, int(void*))
DYNALIB_FN(53, services, panic_ext, void(const PanicData*, void*))
   b4638:	b508      	push	{r3, lr}
   b463a:	4b03      	ldr	r3, [pc, #12]	; (b4648 <panic_ext+0x10>)
   b463c:	681b      	ldr	r3, [r3, #0]
   b463e:	f8d3 30d4 	ldr.w	r3, [r3, #212]	; 0xd4
   b4642:	9301      	str	r3, [sp, #4]
   b4644:	bd08      	pop	{r3, pc}
   b4646:	0000      	.short	0x0000
   b4648:	00030260 	.word	0x00030260

000b464c <set_system_mode>:
#endif

DYNALIB_BEGIN(system)

DYNALIB_FN(0, system, system_mode, System_Mode_TypeDef(void))
DYNALIB_FN(1, system, set_system_mode, void(System_Mode_TypeDef))
   b464c:	b508      	push	{r3, lr}
   b464e:	4b02      	ldr	r3, [pc, #8]	; (b4658 <set_system_mode+0xc>)
   b4650:	681b      	ldr	r3, [r3, #0]
   b4652:	685b      	ldr	r3, [r3, #4]
   b4654:	9301      	str	r3, [sp, #4]
   b4656:	bd08      	pop	{r3, pc}
   b4658:	00030220 	.word	0x00030220

000b465c <system_delay_ms>:

DYNALIB_FN(2, system, set_ymodem_serial_flash_update_handler_deprecated, void(void*))
DYNALIB_FN(3, system, system_firmwareUpdate_deprecated, bool(Stream*, void*))
DYNALIB_FN(4, system, system_fileTransfer_deprecated, bool(system_file_transfer_t*, void*))

DYNALIB_FN(5, system, system_delay_ms, void(unsigned long, bool))
   b465c:	b508      	push	{r3, lr}
   b465e:	4b02      	ldr	r3, [pc, #8]	; (b4668 <system_delay_ms+0xc>)
   b4660:	681b      	ldr	r3, [r3, #0]
   b4662:	695b      	ldr	r3, [r3, #20]
   b4664:	9301      	str	r3, [sp, #4]
   b4666:	bd08      	pop	{r3, pc}
   b4668:	00030220 	.word	0x00030220

000b466c <system_thread_set_state>:
DYNALIB_FN(6, system, system_sleep, int(Spark_Sleep_TypeDef, long, uint32_t, void*))
DYNALIB_FN(7, system, system_sleep_pin, int(uint16_t, uint16_t, long, uint32_t, void*))
DYNALIB_FN(8, system, system_subscribe_event, int(system_event_t, system_event_handler_t*, SystemEventContext*))
DYNALIB_FN(9, system, system_unsubscribe_event, void(system_event_t, system_event_handler_t*, const SystemEventContext*))
DYNALIB_FN(10, system, system_button_pushed_duration, uint16_t(uint8_t, void*))
DYNALIB_FN(11, system, system_thread_set_state, void(spark::feature::State, void*))
   b466c:	b508      	push	{r3, lr}
   b466e:	4b02      	ldr	r3, [pc, #8]	; (b4678 <system_thread_set_state+0xc>)
   b4670:	681b      	ldr	r3, [r3, #0]
   b4672:	6adb      	ldr	r3, [r3, #44]	; 0x2c
   b4674:	9301      	str	r3, [sp, #4]
   b4676:	bd08      	pop	{r3, pc}
   b4678:	00030220 	.word	0x00030220

000b467c <system_ctrl_set_app_request_handler>:
DYNALIB_FN(BASE_IDX + 6, system, led_pattern_period, uint16_t(int, int, void*))
DYNALIB_FN(BASE_IDX + 7, system, system_set_tester_handlers, int(system_tester_handlers_t*, void*))
DYNALIB_FN(BASE_IDX + 8, system, system_format_diag_data, int(const uint16_t*, size_t, unsigned, appender_fn, void*, void*))

// Control requests
DYNALIB_FN(BASE_IDX + 9, system, system_ctrl_set_app_request_handler, int(ctrl_request_handler_fn, void*))
   b467c:	b508      	push	{r3, lr}
   b467e:	4b03      	ldr	r3, [pc, #12]	; (b468c <system_ctrl_set_app_request_handler+0x10>)
   b4680:	681b      	ldr	r3, [r3, #0]
   b4682:	f8d3 3088 	ldr.w	r3, [r3, #136]	; 0x88
   b4686:	9301      	str	r3, [sp, #4]
   b4688:	bd08      	pop	{r3, pc}
   b468a:	0000      	.short	0x0000
   b468c:	00030220 	.word	0x00030220

000b4690 <system_ctrl_set_result>:
DYNALIB_FN(BASE_IDX + 10, system, system_ctrl_alloc_reply_data, int(ctrl_request*, size_t, void*))
DYNALIB_FN(BASE_IDX + 11, system, system_ctrl_free_request_data, void(ctrl_request*, void*))
DYNALIB_FN(BASE_IDX + 12, system, system_ctrl_set_result, void(ctrl_request*, int, ctrl_completion_handler_fn, void*, void*))
   b4690:	b508      	push	{r3, lr}
   b4692:	4b03      	ldr	r3, [pc, #12]	; (b46a0 <system_ctrl_set_result+0x10>)
   b4694:	681b      	ldr	r3, [r3, #0]
   b4696:	f8d3 3094 	ldr.w	r3, [r3, #148]	; 0x94
   b469a:	9301      	str	r3, [sp, #4]
   b469c:	bd08      	pop	{r3, pc}
   b469e:	0000      	.short	0x0000
   b46a0:	00030220 	.word	0x00030220

000b46a4 <network_connect>:
#endif

DYNALIB_BEGIN(system_net)

DYNALIB_FN(0, system_net, network_config, const void*(network_handle_t, uint32_t, void*))
DYNALIB_FN(1, system_net, network_connect, void(network_handle_t, uint32_t, uint32_t, void*))
   b46a4:	b508      	push	{r3, lr}
   b46a6:	4b02      	ldr	r3, [pc, #8]	; (b46b0 <network_connect+0xc>)
   b46a8:	681b      	ldr	r3, [r3, #0]
   b46aa:	685b      	ldr	r3, [r3, #4]
   b46ac:	9301      	str	r3, [sp, #4]
   b46ae:	bd08      	pop	{r3, pc}
   b46b0:	00030240 	.word	0x00030240

000b46b4 <network_connecting>:
DYNALIB_FN(2, system_net, network_connecting, bool(network_handle_t, uint32_t, void*))
   b46b4:	b508      	push	{r3, lr}
   b46b6:	4b02      	ldr	r3, [pc, #8]	; (b46c0 <network_connecting+0xc>)
   b46b8:	681b      	ldr	r3, [r3, #0]
   b46ba:	689b      	ldr	r3, [r3, #8]
   b46bc:	9301      	str	r3, [sp, #4]
   b46be:	bd08      	pop	{r3, pc}
   b46c0:	00030240 	.word	0x00030240

000b46c4 <network_disconnect>:
DYNALIB_FN(3, system_net, network_disconnect, void(network_handle_t, uint32_t, void*))
   b46c4:	b508      	push	{r3, lr}
   b46c6:	4b02      	ldr	r3, [pc, #8]	; (b46d0 <network_disconnect+0xc>)
   b46c8:	681b      	ldr	r3, [r3, #0]
   b46ca:	68db      	ldr	r3, [r3, #12]
   b46cc:	9301      	str	r3, [sp, #4]
   b46ce:	bd08      	pop	{r3, pc}
   b46d0:	00030240 	.word	0x00030240

000b46d4 <network_ready>:
DYNALIB_FN(4, system_net, network_ready, bool(network_handle_t, uint32_t, void*))
   b46d4:	b508      	push	{r3, lr}
   b46d6:	4b02      	ldr	r3, [pc, #8]	; (b46e0 <network_ready+0xc>)
   b46d8:	681b      	ldr	r3, [r3, #0]
   b46da:	691b      	ldr	r3, [r3, #16]
   b46dc:	9301      	str	r3, [sp, #4]
   b46de:	bd08      	pop	{r3, pc}
   b46e0:	00030240 	.word	0x00030240

000b46e4 <network_on>:
DYNALIB_FN(5, system_net, network_on, void(network_handle_t, uint32_t, uint32_t, void*))
   b46e4:	b508      	push	{r3, lr}
   b46e6:	4b02      	ldr	r3, [pc, #8]	; (b46f0 <network_on+0xc>)
   b46e8:	681b      	ldr	r3, [r3, #0]
   b46ea:	695b      	ldr	r3, [r3, #20]
   b46ec:	9301      	str	r3, [sp, #4]
   b46ee:	bd08      	pop	{r3, pc}
   b46f0:	00030240 	.word	0x00030240

000b46f4 <network_off>:
DYNALIB_FN(6, system_net, network_off, void(network_handle_t, uint32_t, uint32_t, void*))
   b46f4:	b508      	push	{r3, lr}
   b46f6:	4b02      	ldr	r3, [pc, #8]	; (b4700 <network_off+0xc>)
   b46f8:	681b      	ldr	r3, [r3, #0]
   b46fa:	699b      	ldr	r3, [r3, #24]
   b46fc:	9301      	str	r3, [sp, #4]
   b46fe:	bd08      	pop	{r3, pc}
   b4700:	00030240 	.word	0x00030240

000b4704 <network_listen>:
DYNALIB_FN(7, system_net, network_listen, void(network_handle_t, uint32_t, void*))
   b4704:	b508      	push	{r3, lr}
   b4706:	4b02      	ldr	r3, [pc, #8]	; (b4710 <network_listen+0xc>)
   b4708:	681b      	ldr	r3, [r3, #0]
   b470a:	69db      	ldr	r3, [r3, #28]
   b470c:	9301      	str	r3, [sp, #4]
   b470e:	bd08      	pop	{r3, pc}
   b4710:	00030240 	.word	0x00030240

000b4714 <network_listening>:
DYNALIB_FN(8, system_net, network_listening, bool(network_handle_t, uint32_t, void*))
   b4714:	b508      	push	{r3, lr}
   b4716:	4b02      	ldr	r3, [pc, #8]	; (b4720 <network_listening+0xc>)
   b4718:	681b      	ldr	r3, [r3, #0]
   b471a:	6a1b      	ldr	r3, [r3, #32]
   b471c:	9301      	str	r3, [sp, #4]
   b471e:	bd08      	pop	{r3, pc}
   b4720:	00030240 	.word	0x00030240

000b4724 <network_set_listen_timeout>:
DYNALIB_FN(9, system_net, network_has_credentials, bool(network_handle_t, uint32_t, void*))
DYNALIB_FN(10, system_net, network_set_credentials, int(network_handle_t, uint32_t, NetworkCredentials*, void*))
DYNALIB_FN(11, system_net, network_clear_credentials, bool(network_handle_t, uint32_t, NetworkCredentials*, void*))
DYNALIB_FN(12, system_net, network_set_listen_timeout, void(network_handle_t, uint16_t, void*))
   b4724:	b508      	push	{r3, lr}
   b4726:	4b02      	ldr	r3, [pc, #8]	; (b4730 <network_set_listen_timeout+0xc>)
   b4728:	681b      	ldr	r3, [r3, #0]
   b472a:	6b1b      	ldr	r3, [r3, #48]	; 0x30
   b472c:	9301      	str	r3, [sp, #4]
   b472e:	bd08      	pop	{r3, pc}
   b4730:	00030240 	.word	0x00030240

000b4734 <network_get_listen_timeout>:
DYNALIB_FN(13, system_net, network_get_listen_timeout, uint16_t(network_handle_t, uint32_t, void*))
   b4734:	b508      	push	{r3, lr}
   b4736:	4b02      	ldr	r3, [pc, #8]	; (b4740 <network_get_listen_timeout+0xc>)
   b4738:	681b      	ldr	r3, [r3, #0]
   b473a:	6b5b      	ldr	r3, [r3, #52]	; 0x34
   b473c:	9301      	str	r3, [sp, #4]
   b473e:	bd08      	pop	{r3, pc}
   b4740:	00030240 	.word	0x00030240

000b4744 <network_is_on>:
DYNALIB_FN(14, system_net, network_set_hostname, int(network_handle_t, uint32_t, const char*, void*))
DYNALIB_FN(15, system_net, network_get_hostname, int(network_handle_t, uint32_t, char*, size_t, void*))
DYNALIB_FN(16, system_net, network_is_on, bool(network_handle_t, void*))
   b4744:	b508      	push	{r3, lr}
   b4746:	4b02      	ldr	r3, [pc, #8]	; (b4750 <network_is_on+0xc>)
   b4748:	681b      	ldr	r3, [r3, #0]
   b474a:	6c1b      	ldr	r3, [r3, #64]	; 0x40
   b474c:	9301      	str	r3, [sp, #4]
   b474e:	bd08      	pop	{r3, pc}
   b4750:	00030240 	.word	0x00030240

000b4754 <network_is_off>:
DYNALIB_FN(17, system_net, network_is_off, bool(network_handle_t, void*))
   b4754:	b508      	push	{r3, lr}
   b4756:	4b02      	ldr	r3, [pc, #8]	; (b4760 <network_is_off+0xc>)
   b4758:	681b      	ldr	r3, [r3, #0]
   b475a:	6c5b      	ldr	r3, [r3, #68]	; 0x44
   b475c:	9301      	str	r3, [sp, #4]
   b475e:	bd08      	pop	{r3, pc}
   b4760:	00030240 	.word	0x00030240

000b4764 <network_prefer>:
DYNALIB_FN(18, system_net, network_set_configuration, int(network_handle_t, const network_configuration_t*, void*))
DYNALIB_FN(19, system_net, network_get_configuration, int(network_handle_t, network_configuration_t**, size_t*, const char*, size_t, void*))
DYNALIB_FN(20, system_net, network_free_configuration, int(network_configuration_t*, size_t, void*))
DYNALIB_FN(21, system_net, network_prefer, network_handle_t(network_handle_t, bool, void*))
   b4764:	b508      	push	{r3, lr}
   b4766:	4b02      	ldr	r3, [pc, #8]	; (b4770 <network_prefer+0xc>)
   b4768:	681b      	ldr	r3, [r3, #0]
   b476a:	6d5b      	ldr	r3, [r3, #84]	; 0x54
   b476c:	9301      	str	r3, [sp, #4]
   b476e:	bd08      	pop	{r3, pc}
   b4770:	00030240 	.word	0x00030240

000b4774 <network_is_preferred>:
DYNALIB_FN(22, system_net, network_is_preferred, bool(network_handle_t, void*))
   b4774:	b508      	push	{r3, lr}
   b4776:	4b02      	ldr	r3, [pc, #8]	; (b4780 <network_is_preferred+0xc>)
   b4778:	681b      	ldr	r3, [r3, #0]
   b477a:	6d9b      	ldr	r3, [r3, #88]	; 0x58
   b477c:	9301      	str	r3, [sp, #4]
   b477e:	bd08      	pop	{r3, pc}
   b4780:	00030240 	.word	0x00030240

000b4784 <spark_set_random_seed_from_cloud_handler>:
DYNALIB_FN(10, system_cloud, spark_unsubscribe, void(void*))
DYNALIB_FN(11, system_cloud, spark_sync_time, bool(void*))
DYNALIB_FN(12, system_cloud, spark_sync_time_pending, bool(void*))
DYNALIB_FN(13, system_cloud, spark_sync_time_last, system_tick_t(time32_t*, time_t*))
DYNALIB_FN(14, system_cloud, spark_set_connection_property, int(unsigned, unsigned, const void*, void*))
DYNALIB_FN(15, system_cloud, spark_set_random_seed_from_cloud_handler, int(void (*handler)(unsigned int), void*))
   b4784:	b508      	push	{r3, lr}
   b4786:	4b02      	ldr	r3, [pc, #8]	; (b4790 <spark_set_random_seed_from_cloud_handler+0xc>)
   b4788:	681b      	ldr	r3, [r3, #0]
   b478a:	6bdb      	ldr	r3, [r3, #60]	; 0x3c
   b478c:	9301      	str	r3, [sp, #4]
   b478e:	bd08      	pop	{r3, pc}
   b4790:	00030244 	.word	0x00030244

000b4794 <malloc>:
#include "hal_platform.h"
#endif // defined(DYNALIB_EXPORT) || defined(DYNALIB_IMPORT)

DYNALIB_BEGIN(rt)

DYNALIB_FN(0, rt, malloc, void*(size_t))
   b4794:	b508      	push	{r3, lr}
   b4796:	4b02      	ldr	r3, [pc, #8]	; (b47a0 <malloc+0xc>)
   b4798:	681b      	ldr	r3, [r3, #0]
   b479a:	681b      	ldr	r3, [r3, #0]
   b479c:	9301      	str	r3, [sp, #4]
   b479e:	bd08      	pop	{r3, pc}
   b47a0:	0003021c 	.word	0x0003021c

000b47a4 <free>:
DYNALIB_FN(1, rt, free, void(void*))
   b47a4:	b508      	push	{r3, lr}
   b47a6:	4b02      	ldr	r3, [pc, #8]	; (b47b0 <free+0xc>)
   b47a8:	681b      	ldr	r3, [r3, #0]
   b47aa:	685b      	ldr	r3, [r3, #4]
   b47ac:	9301      	str	r3, [sp, #4]
   b47ae:	bd08      	pop	{r3, pc}
   b47b0:	0003021c 	.word	0x0003021c

000b47b4 <realloc>:
DYNALIB_FN(2, rt, realloc, void*(void*, size_t))
   b47b4:	b508      	push	{r3, lr}
   b47b6:	4b02      	ldr	r3, [pc, #8]	; (b47c0 <realloc+0xc>)
   b47b8:	681b      	ldr	r3, [r3, #0]
   b47ba:	689b      	ldr	r3, [r3, #8]
   b47bc:	9301      	str	r3, [sp, #4]
   b47be:	bd08      	pop	{r3, pc}
   b47c0:	0003021c 	.word	0x0003021c

000b47c4 <snprintf>:
DYNALIB_FN(3, rt, sprintf, int(char*, const char*, ...))
DYNALIB_FN(4, rt, siprintf, int(char*, const char*, ...))
DYNALIB_FN(5, rt, sscanf, int(const char*, const char*, ...))
DYNALIB_FN(6, rt, siscanf, int(const char*, const char*, ...))
DYNALIB_FN(7, rt, snprintf, int(char*, size_t, const char*, ...))
   b47c4:	b508      	push	{r3, lr}
   b47c6:	4b02      	ldr	r3, [pc, #8]	; (b47d0 <snprintf+0xc>)
   b47c8:	681b      	ldr	r3, [r3, #0]
   b47ca:	69db      	ldr	r3, [r3, #28]
   b47cc:	9301      	str	r3, [sp, #4]
   b47ce:	bd08      	pop	{r3, pc}
   b47d0:	0003021c 	.word	0x0003021c

000b47d4 <vsnprintf>:
DYNALIB_FN(8, rt, sniprintf, int(char*, size_t, const char*, ...))
DYNALIB_FN(9, rt, vsnprintf, int(char*, size_t, const char*, va_list))
   b47d4:	b508      	push	{r3, lr}
   b47d6:	4b02      	ldr	r3, [pc, #8]	; (b47e0 <vsnprintf+0xc>)
   b47d8:	681b      	ldr	r3, [r3, #0]
   b47da:	6a5b      	ldr	r3, [r3, #36]	; 0x24
   b47dc:	9301      	str	r3, [sp, #4]
   b47de:	bd08      	pop	{r3, pc}
   b47e0:	0003021c 	.word	0x0003021c

000b47e4 <__errno>:
DYNALIB_FN(10, rt, vsniprintf, int(char*, size_t, const char*, va_list))
DYNALIB_FN(11, rt, abort, void(void))
DYNALIB_FN(12, rt, _malloc_r, void*(struct _reent*, size_t))
DYNALIB_FN(13, rt, _free_r, void(struct _reent*, void*))
DYNALIB_FN(14, rt, _realloc_r, void*(struct _reent*, void*, size_t))
DYNALIB_FN(15, rt, __errno, int*())
   b47e4:	b508      	push	{r3, lr}
   b47e6:	4b02      	ldr	r3, [pc, #8]	; (b47f0 <__errno+0xc>)
   b47e8:	681b      	ldr	r3, [r3, #0]
   b47ea:	6bdb      	ldr	r3, [r3, #60]	; 0x3c
   b47ec:	9301      	str	r3, [sp, #4]
   b47ee:	bd08      	pop	{r3, pc}
   b47f0:	0003021c 	.word	0x0003021c

000b47f4 <__assert_func>:

#if defined(DYNALIB_EXPORT) || defined(DYNALIB_IMPORT)
DYNALIB_FN(16, rt, __assert_func, void(const char*, int, const char*, const char*))
   b47f4:	b508      	push	{r3, lr}
   b47f6:	4b02      	ldr	r3, [pc, #8]	; (b4800 <__assert_func+0xc>)
   b47f8:	681b      	ldr	r3, [r3, #0]
   b47fa:	6c1b      	ldr	r3, [r3, #64]	; 0x40
   b47fc:	9301      	str	r3, [sp, #4]
   b47fe:	bd08      	pop	{r3, pc}
   b4800:	0003021c 	.word	0x0003021c

000b4804 <newlib_impure_ptr_callback>:
DYNALIB_FN(17, rt, newlib_impure_ptr_callback, void(void (*)(struct _reent*, size_t, uint32_t, void*), void*))
   b4804:	b508      	push	{r3, lr}
   b4806:	4b02      	ldr	r3, [pc, #8]	; (b4810 <newlib_impure_ptr_callback+0xc>)
   b4808:	681b      	ldr	r3, [r3, #0]
   b480a:	6c5b      	ldr	r3, [r3, #68]	; 0x44
   b480c:	9301      	str	r3, [sp, #4]
   b480e:	bd08      	pop	{r3, pc}
   b4810:	0003021c 	.word	0x0003021c

000b4814 <__cxa_guard_acquire>:

DYNALIB_FN(18, rt, strftime, size_t(char* __restrict, size_t, const char* __restrict, const struct tm* __restrict))
DYNALIB_FN(19, rt, localtime_r, struct tm*(const time_t* __restrict, struct tm* __restrict))
DYNALIB_FN(20, rt, gmtime_r, struct tm*(const time_t* __restrict, struct tm* __restrict))
DYNALIB_FN(21, rt, mktime, time_t(struct tm*))
DYNALIB_FN(22, rt, __cxa_guard_acquire, int(__guard*))
   b4814:	b508      	push	{r3, lr}
   b4816:	4b02      	ldr	r3, [pc, #8]	; (b4820 <__cxa_guard_acquire+0xc>)
   b4818:	681b      	ldr	r3, [r3, #0]
   b481a:	6d9b      	ldr	r3, [r3, #88]	; 0x58
   b481c:	9301      	str	r3, [sp, #4]
   b481e:	bd08      	pop	{r3, pc}
   b4820:	0003021c 	.word	0x0003021c

000b4824 <__cxa_guard_release>:
DYNALIB_FN(23, rt, __cxa_guard_release, void(__guard*))
   b4824:	b508      	push	{r3, lr}
   b4826:	4b02      	ldr	r3, [pc, #8]	; (b4830 <__cxa_guard_release+0xc>)
   b4828:	681b      	ldr	r3, [r3, #0]
   b482a:	6ddb      	ldr	r3, [r3, #92]	; 0x5c
   b482c:	9301      	str	r3, [sp, #4]
   b482e:	bd08      	pop	{r3, pc}
   b4830:	0003021c 	.word	0x0003021c

000b4834 <_ZN5spark13EthernetClass9listeningEv>:
    uint16_t getListenTimeout(void) {
        return network_get_listen_timeout(*this, 0, NULL);
    }

    bool listening(void) {
        return network_listening(*this, 0, NULL);
   b4834:	2200      	movs	r2, #0
   b4836:	6840      	ldr	r0, [r0, #4]
   b4838:	4611      	mov	r1, r2
   b483a:	f7ff bf6b 	b.w	b4714 <network_listening>

000b483e <_ZN5spark13EthernetClass16getListenTimeoutEv>:
        return network_get_listen_timeout(*this, 0, NULL);
   b483e:	2200      	movs	r2, #0
   b4840:	6840      	ldr	r0, [r0, #4]
   b4842:	4611      	mov	r1, r2
   b4844:	f7ff bf76 	b.w	b4734 <network_get_listen_timeout>

000b4848 <_ZN5spark13EthernetClass16setListenTimeoutEt>:
        network_set_listen_timeout(*this, timeout, NULL);
   b4848:	6840      	ldr	r0, [r0, #4]
   b484a:	2200      	movs	r2, #0
   b484c:	f7ff bf6a 	b.w	b4724 <network_set_listen_timeout>

000b4850 <_ZN5spark13EthernetClass6listenEb>:
        network_listen(*this, begin ? 0 : 1, NULL);
   b4850:	6840      	ldr	r0, [r0, #4]
   b4852:	2200      	movs	r2, #0
   b4854:	f081 0101 	eor.w	r1, r1, #1
   b4858:	f7ff bf54 	b.w	b4704 <network_listen>

000b485c <_ZN5spark13EthernetClass3offEv>:
        network_off(*this, 0, 0, NULL);
   b485c:	2300      	movs	r3, #0
   b485e:	6840      	ldr	r0, [r0, #4]
   b4860:	461a      	mov	r2, r3
   b4862:	4619      	mov	r1, r3
   b4864:	f7ff bf46 	b.w	b46f4 <network_off>

000b4868 <_ZN5spark13EthernetClass2onEv>:
        network_on(*this, 0, 0, NULL);
   b4868:	2300      	movs	r3, #0
   b486a:	6840      	ldr	r0, [r0, #4]
   b486c:	461a      	mov	r2, r3
   b486e:	4619      	mov	r1, r3
   b4870:	f7ff bf38 	b.w	b46e4 <network_on>

000b4874 <_ZN5spark13EthernetClass5readyEv>:
    }

    bool ready() {
        return network_ready(*this, 0,  NULL);
   b4874:	2200      	movs	r2, #0
   b4876:	6840      	ldr	r0, [r0, #4]
   b4878:	4611      	mov	r1, r2
   b487a:	f7ff bf2b 	b.w	b46d4 <network_ready>

000b487e <_ZN5spark13EthernetClass10connectingEv>:
        return network_connecting(*this, 0, NULL);
   b487e:	2200      	movs	r2, #0
   b4880:	6840      	ldr	r0, [r0, #4]
   b4882:	4611      	mov	r1, r2
   b4884:	f7ff bf16 	b.w	b46b4 <network_connecting>

000b4888 <_ZN5spark13EthernetClass10disconnectEv>:
        network_disconnect(*this, NETWORK_DISCONNECT_REASON_USER, NULL);
   b4888:	6840      	ldr	r0, [r0, #4]
   b488a:	2200      	movs	r2, #0
   b488c:	2102      	movs	r1, #2
   b488e:	f7ff bf19 	b.w	b46c4 <network_disconnect>

000b4892 <_ZN5spark13EthernetClass7connectEj>:
        network_connect(*this, flags, 0, NULL);
   b4892:	2300      	movs	r3, #0
   b4894:	6840      	ldr	r0, [r0, #4]
   b4896:	461a      	mov	r2, r3
   b4898:	f7ff bf04 	b.w	b46a4 <network_connect>

000b489c <_GLOBAL__sub_I__ZN5spark8EthernetE>:
    static NetworkClass& from(network_interface_t nif);

    virtual IPAddress resolve(const char* name, bool flushCache = false);

    explicit NetworkClass(network_interface_t iface)
            : iface_(iface) {
   b489c:	4b02      	ldr	r3, [pc, #8]	; (b48a8 <_GLOBAL__sub_I__ZN5spark8EthernetE+0xc>)
   b489e:	2203      	movs	r2, #3
   b48a0:	605a      	str	r2, [r3, #4]
            NetworkClass(NETWORK_INTERFACE_ETHERNET) {
   b48a2:	4a02      	ldr	r2, [pc, #8]	; (b48ac <_GLOBAL__sub_I__ZN5spark8EthernetE+0x10>)
   b48a4:	601a      	str	r2, [r3, #0]

namespace spark {

EthernetClass Ethernet;

} // spark
   b48a6:	4770      	bx	lr
   b48a8:	2003dee0 	.word	0x2003dee0
   b48ac:	000b6aa8 	.word	0x000b6aa8

000b48b0 <_ZNSt12__shared_ptrIN5spark6detail8JSONDataELN9__gnu_cxx12_Lock_policyE0EEC1ERKS5_>:
	{
	  _M_refcount._M_swap(__r._M_refcount);
	  __r._M_ptr = 0;
	}

      __shared_ptr(const __shared_ptr&) noexcept = default;
   b48b0:	680b      	ldr	r3, [r1, #0]
   b48b2:	6003      	str	r3, [r0, #0]
      : _M_pi(__r._M_pi)
   b48b4:	684b      	ldr	r3, [r1, #4]
   b48b6:	6043      	str	r3, [r0, #4]
	if (_M_pi != 0)
   b48b8:	b113      	cbz	r3, b48c0 <_ZNSt12__shared_ptrIN5spark6detail8JSONDataELN9__gnu_cxx12_Lock_policyE0EEC1ERKS5_+0x10>
    { ++_M_use_count; }
   b48ba:	685a      	ldr	r2, [r3, #4]
   b48bc:	3201      	adds	r2, #1
   b48be:	605a      	str	r2, [r3, #4]
      __shared_ptr(const __shared_ptr&) noexcept = default;
   b48c0:	4770      	bx	lr

000b48c2 <_ZNSt14__shared_countILN9__gnu_cxx12_Lock_policyE0EED1Ev>:
      ~__shared_count() noexcept
   b48c2:	b538      	push	{r3, r4, r5, lr}
	if (_M_pi != nullptr)
   b48c4:	6804      	ldr	r4, [r0, #0]
      ~__shared_count() noexcept
   b48c6:	4605      	mov	r5, r0
	if (_M_pi != nullptr)
   b48c8:	b17c      	cbz	r4, b48ea <_ZNSt14__shared_countILN9__gnu_cxx12_Lock_policyE0EED1Ev+0x28>
      if (--_M_use_count == 0)
   b48ca:	6863      	ldr	r3, [r4, #4]
   b48cc:	3b01      	subs	r3, #1
   b48ce:	6063      	str	r3, [r4, #4]
   b48d0:	b95b      	cbnz	r3, b48ea <_ZNSt14__shared_countILN9__gnu_cxx12_Lock_policyE0EED1Ev+0x28>
          _M_dispose();
   b48d2:	6823      	ldr	r3, [r4, #0]
   b48d4:	4620      	mov	r0, r4
   b48d6:	689b      	ldr	r3, [r3, #8]
   b48d8:	4798      	blx	r3
          if (--_M_weak_count == 0)
   b48da:	68a3      	ldr	r3, [r4, #8]
   b48dc:	3b01      	subs	r3, #1
   b48de:	60a3      	str	r3, [r4, #8]
   b48e0:	b91b      	cbnz	r3, b48ea <_ZNSt14__shared_countILN9__gnu_cxx12_Lock_policyE0EED1Ev+0x28>
            _M_destroy();
   b48e2:	6823      	ldr	r3, [r4, #0]
   b48e4:	4620      	mov	r0, r4
   b48e6:	68db      	ldr	r3, [r3, #12]
   b48e8:	4798      	blx	r3
      }
   b48ea:	4628      	mov	r0, r5
   b48ec:	bd38      	pop	{r3, r4, r5, pc}
	...

000b48f0 <_GLOBAL__sub_I__ZN8particle10CloudEvent15s_subscriptionsE>:
// spark::Vector
template<typename T, typename AllocatorT>
inline spark::Vector<T, AllocatorT>::Vector() :
        data_(nullptr),
        size_(0),
        capacity_(0) {
   b48f0:	4b02      	ldr	r3, [pc, #8]	; (b48fc <_GLOBAL__sub_I__ZN8particle10CloudEvent15s_subscriptionsE+0xc>)
   b48f2:	2200      	movs	r2, #0
   b48f4:	e9c3 2200 	strd	r2, r2, [r3]
   b48f8:	609a      	str	r2, [r3, #8]
        // Keep the reference around until the application callback is called
        d.unwrap();
    }
}

} // namespace particle
   b48fa:	4770      	bx	lr
   b48fc:	2003dee8 	.word	0x2003dee8

000b4900 <_ZN8particle11TetherClass9listeningEv>:
    uint16_t getListenTimeout(void) {
        return network_get_listen_timeout(*this, 0, NULL);
    }

    bool listening(void) {
        return network_listening(*this, 0, NULL);
   b4900:	2200      	movs	r2, #0
   b4902:	6840      	ldr	r0, [r0, #4]
   b4904:	4611      	mov	r1, r2
   b4906:	f7ff bf05 	b.w	b4714 <network_listening>

000b490a <_ZN8particle11TetherClass16getListenTimeoutEv>:
        return network_get_listen_timeout(*this, 0, NULL);
   b490a:	2200      	movs	r2, #0
   b490c:	6840      	ldr	r0, [r0, #4]
   b490e:	4611      	mov	r1, r2
   b4910:	f7ff bf10 	b.w	b4734 <network_get_listen_timeout>

000b4914 <_ZN8particle11TetherClass16setListenTimeoutEt>:
        network_set_listen_timeout(*this, timeout, NULL);
   b4914:	6840      	ldr	r0, [r0, #4]
   b4916:	2200      	movs	r2, #0
   b4918:	f7ff bf04 	b.w	b4724 <network_set_listen_timeout>

000b491c <_ZN8particle11TetherClass6listenEb>:
        network_listen(*this, begin ? 0 : 1, NULL);
   b491c:	6840      	ldr	r0, [r0, #4]
   b491e:	2200      	movs	r2, #0
   b4920:	f081 0101 	eor.w	r1, r1, #1
   b4924:	f7ff beee 	b.w	b4704 <network_listen>

000b4928 <_ZN8particle11TetherClass3offEv>:
        network_off(*this, 0, 0, NULL);
   b4928:	2300      	movs	r3, #0
   b492a:	6840      	ldr	r0, [r0, #4]
   b492c:	461a      	mov	r2, r3
   b492e:	4619      	mov	r1, r3
   b4930:	f7ff bee0 	b.w	b46f4 <network_off>

000b4934 <_ZN8particle11TetherClass2onEv>:
        network_on(*this, 0, 0, NULL);
   b4934:	2300      	movs	r3, #0
   b4936:	6840      	ldr	r0, [r0, #4]
   b4938:	461a      	mov	r2, r3
   b493a:	4619      	mov	r1, r3
   b493c:	f7ff bed2 	b.w	b46e4 <network_on>

000b4940 <_ZN8particle11TetherClass5readyEv>:
    }

    bool ready() {
        return network_ready(*this, 0,  NULL);
   b4940:	2200      	movs	r2, #0
   b4942:	6840      	ldr	r0, [r0, #4]
   b4944:	4611      	mov	r1, r2
   b4946:	f7ff bec5 	b.w	b46d4 <network_ready>

000b494a <_ZN8particle11TetherClass10connectingEv>:
        return network_connecting(*this, 0, NULL);
   b494a:	2200      	movs	r2, #0
   b494c:	6840      	ldr	r0, [r0, #4]
   b494e:	4611      	mov	r1, r2
   b4950:	f7ff beb0 	b.w	b46b4 <network_connecting>

000b4954 <_ZN8particle11TetherClass10disconnectEv>:
        network_disconnect(*this, NETWORK_DISCONNECT_REASON_USER, NULL);
   b4954:	6840      	ldr	r0, [r0, #4]
   b4956:	2200      	movs	r2, #0
   b4958:	2102      	movs	r1, #2
   b495a:	f7ff beb3 	b.w	b46c4 <network_disconnect>

000b495e <_ZN8particle11TetherClass7connectEj>:
        network_connect(*this, flags, 0, NULL);
   b495e:	2300      	movs	r3, #0
   b4960:	6840      	ldr	r0, [r0, #4]
   b4962:	461a      	mov	r2, r3
   b4964:	f7ff be9e 	b.w	b46a4 <network_connect>

000b4968 <_GLOBAL__sub_I__ZN8particle6TetherE>:
   b4968:	4b02      	ldr	r3, [pc, #8]	; (b4974 <_GLOBAL__sub_I__ZN8particle6TetherE+0xc>)
   b496a:	2206      	movs	r2, #6
   b496c:	605a      	str	r2, [r3, #4]
            NetworkClass(NETWORK_INTERFACE_PPP_SERVER) {
   b496e:	4a02      	ldr	r2, [pc, #8]	; (b4978 <_GLOBAL__sub_I__ZN8particle6TetherE+0x10>)
   b4970:	601a      	str	r2, [r3, #0]
        return if_request(iface, IF_REQ_DRIVER_SPECIFIC, &settings, sizeof(settings), nullptr);
    }
    return SYSTEM_ERROR_NOT_FOUND;
}

} // spark
   b4972:	4770      	bx	lr
   b4974:	2003def4 	.word	0x2003def4
   b4978:	000b6aec 	.word	0x000b6aec

000b497c <_GLOBAL__sub_I_System>:
} // namespace particle

// particle::Flag<TagT, ValueT>
template<typename TagT, typename ValueT>
inline particle::Flag<TagT, ValueT>::Flag(ValueT val) :
        val_(val) {
   b497c:	4b05      	ldr	r3, [pc, #20]	; (b4994 <_GLOBAL__sub_I_System+0x18>)
   b497e:	2202      	movs	r2, #2
   b4980:	601a      	str	r2, [r3, #0]

class SystemSleepResult {
public:
    SystemSleepResult()
            : wakeupSource_(nullptr),
              error_(SYSTEM_ERROR_NONE) {
   b4982:	4b05      	ldr	r3, [pc, #20]	; (b4998 <_GLOBAL__sub_I_System+0x1c>)
    SleepResult() {}
   b4984:	4a05      	ldr	r2, [pc, #20]	; (b499c <_GLOBAL__sub_I_System+0x20>)
   b4986:	609a      	str	r2, [r3, #8]
              error_(SYSTEM_ERROR_NONE) {
   b4988:	2000      	movs	r0, #0
   b498a:	e9c3 0000 	strd	r0, r0, [r3]

class SystemClass {
public:

    SystemClass(System_Mode_TypeDef mode = DEFAULT) {
        set_system_mode(mode);
   b498e:	f7ff be5d 	b.w	b464c <set_system_mode>
   b4992:	bf00      	nop
   b4994:	2003df08 	.word	0x2003df08
   b4998:	2003defc 	.word	0x2003defc
   b499c:	ffff0000 	.word	0xffff0000

000b49a0 <_ZN6StringD1Ev>:
    init();
    char buf[33] = {};
    dtoa(value, decimalPlaces, buf);
  *this = buf;
}
String::~String()
   b49a0:	b510      	push	{r4, lr}
   b49a2:	4604      	mov	r4, r0
{
    free(buffer);
   b49a4:	6800      	ldr	r0, [r0, #0]
   b49a6:	f7ff fefd 	bl	b47a4 <free>
}
   b49aa:	4620      	mov	r0, r4
   b49ac:	bd10      	pop	{r4, pc}

000b49ae <_ZN6String10invalidateEv>:
    len = 0;
    flags = 0;
}

void String::invalidate(void)
{
   b49ae:	b510      	push	{r4, lr}
   b49b0:	4604      	mov	r4, r0
    if (buffer) {
   b49b2:	6800      	ldr	r0, [r0, #0]
   b49b4:	b108      	cbz	r0, b49ba <_ZN6String10invalidateEv+0xc>
        free(buffer);
   b49b6:	f7ff fef5 	bl	b47a4 <free>
    }
    buffer = nullptr;
   b49ba:	2300      	movs	r3, #0
    capacity_ = len = 0;
   b49bc:	e9c4 3301 	strd	r3, r3, [r4, #4]
    buffer = nullptr;
   b49c0:	6023      	str	r3, [r4, #0]
}
   b49c2:	bd10      	pop	{r4, pc}

000b49c4 <_ZN6String12changeBufferEj>:
    len = size;
    return true;
}

unsigned char String::changeBuffer(unsigned int maxStrLen)
{
   b49c4:	b538      	push	{r3, r4, r5, lr}
   b49c6:	4604      	mov	r4, r0
   b49c8:	460d      	mov	r5, r1
    char *newbuffer = (char *)realloc(buffer, maxStrLen + 1);
   b49ca:	6800      	ldr	r0, [r0, #0]
   b49cc:	3101      	adds	r1, #1
   b49ce:	f7ff fef1 	bl	b47b4 <realloc>
    if (newbuffer) {
   b49d2:	b110      	cbz	r0, b49da <_ZN6String12changeBufferEj+0x16>
        buffer = newbuffer;
        capacity_ = maxStrLen;
   b49d4:	e9c4 0500 	strd	r0, r5, [r4]
        return 1;
   b49d8:	2001      	movs	r0, #1
    }
    return 0;
}
   b49da:	bd38      	pop	{r3, r4, r5, pc}

000b49dc <_ZN6String7reserveEj>:
{
   b49dc:	b510      	push	{r4, lr}
    if (buffer && capacity_ >= size) {
   b49de:	6803      	ldr	r3, [r0, #0]
{
   b49e0:	4604      	mov	r4, r0
    if (buffer && capacity_ >= size) {
   b49e2:	b123      	cbz	r3, b49ee <_ZN6String7reserveEj+0x12>
   b49e4:	6843      	ldr	r3, [r0, #4]
   b49e6:	428b      	cmp	r3, r1
   b49e8:	d301      	bcc.n	b49ee <_ZN6String7reserveEj+0x12>
   b49ea:	2001      	movs	r0, #1
}
   b49ec:	bd10      	pop	{r4, pc}
    if (changeBuffer(size)) {
   b49ee:	4620      	mov	r0, r4
   b49f0:	f7ff ffe8 	bl	b49c4 <_ZN6String12changeBufferEj>
   b49f4:	2800      	cmp	r0, #0
   b49f6:	d0f9      	beq.n	b49ec <_ZN6String7reserveEj+0x10>
        if (len == 0) {
   b49f8:	68a3      	ldr	r3, [r4, #8]
   b49fa:	2b00      	cmp	r3, #0
   b49fc:	d1f5      	bne.n	b49ea <_ZN6String7reserveEj+0xe>
            buffer[0] = 0;
   b49fe:	6822      	ldr	r2, [r4, #0]
   b4a00:	7013      	strb	r3, [r2, #0]
   b4a02:	e7f2      	b.n	b49ea <_ZN6String7reserveEj+0xe>

000b4a04 <_ZN6String4copyEPKcj>:
/*********************************************/
/*  Copy and Move                            */
/*********************************************/

String & String::copy(const char *cstr, unsigned int length)
{
   b4a04:	b537      	push	{r0, r1, r2, r4, r5, lr}
   b4a06:	460d      	mov	r5, r1
    if (!reserve(length)) {
   b4a08:	4611      	mov	r1, r2
   b4a0a:	9201      	str	r2, [sp, #4]
{
   b4a0c:	4604      	mov	r4, r0
    if (!reserve(length)) {
   b4a0e:	f7ff ffe5 	bl	b49dc <_ZN6String7reserveEj>
   b4a12:	9a01      	ldr	r2, [sp, #4]
   b4a14:	b928      	cbnz	r0, b4a22 <_ZN6String4copyEPKcj+0x1e>
        invalidate();
   b4a16:	4620      	mov	r0, r4
   b4a18:	f7ff ffc9 	bl	b49ae <_ZN6String10invalidateEv>
    }
    len = length;
    memcpy(buffer, cstr, length);
    buffer[len] = 0;
    return *this;
}
   b4a1c:	4620      	mov	r0, r4
   b4a1e:	b003      	add	sp, #12
   b4a20:	bd30      	pop	{r4, r5, pc}
    len = length;
   b4a22:	60a2      	str	r2, [r4, #8]
    memcpy(buffer, cstr, length);
   b4a24:	4629      	mov	r1, r5
   b4a26:	6820      	ldr	r0, [r4, #0]
   b4a28:	f001 fea4 	bl	b6774 <memcpy>
    buffer[len] = 0;
   b4a2c:	6822      	ldr	r2, [r4, #0]
   b4a2e:	68a3      	ldr	r3, [r4, #8]
   b4a30:	2100      	movs	r1, #0
   b4a32:	54d1      	strb	r1, [r2, r3]
    return *this;
   b4a34:	e7f2      	b.n	b4a1c <_ZN6String4copyEPKcj+0x18>

000b4a36 <_ZN6String4moveERS_>:
    return copy(reinterpret_cast<const char*>(pstr), length);
}

#ifdef __GXX_EXPERIMENTAL_CXX0X__
void String::move(String &rhs)
{
   b4a36:	b538      	push	{r3, r4, r5, lr}
   b4a38:	4605      	mov	r5, r0
    if (buffer) {
   b4a3a:	6800      	ldr	r0, [r0, #0]
{
   b4a3c:	460c      	mov	r4, r1
    if (buffer) {
   b4a3e:	b170      	cbz	r0, b4a5e <_ZN6String4moveERS_+0x28>
        if (capacity_ >= rhs.len && rhs.buffer) {
   b4a40:	686a      	ldr	r2, [r5, #4]
   b4a42:	688b      	ldr	r3, [r1, #8]
   b4a44:	429a      	cmp	r2, r3
   b4a46:	d308      	bcc.n	b4a5a <_ZN6String4moveERS_+0x24>
   b4a48:	6809      	ldr	r1, [r1, #0]
   b4a4a:	b131      	cbz	r1, b4a5a <_ZN6String4moveERS_+0x24>
            strcpy(buffer, rhs.buffer);
   b4a4c:	f001 ff07 	bl	b685e <strcpy>
            len = rhs.len;
   b4a50:	68a3      	ldr	r3, [r4, #8]
   b4a52:	60ab      	str	r3, [r5, #8]
            rhs.len = 0;
   b4a54:	2300      	movs	r3, #0
    buffer = rhs.buffer;
    capacity_ = rhs.capacity_;
    len = rhs.len;
    rhs.buffer = nullptr;
    rhs.capacity_ = 0;
    rhs.len = 0;
   b4a56:	60a3      	str	r3, [r4, #8]
}
   b4a58:	bd38      	pop	{r3, r4, r5, pc}
            free(buffer);
   b4a5a:	f7ff fea3 	bl	b47a4 <free>
    buffer = rhs.buffer;
   b4a5e:	6823      	ldr	r3, [r4, #0]
   b4a60:	602b      	str	r3, [r5, #0]
    capacity_ = rhs.capacity_;
   b4a62:	6863      	ldr	r3, [r4, #4]
   b4a64:	606b      	str	r3, [r5, #4]
    len = rhs.len;
   b4a66:	68a3      	ldr	r3, [r4, #8]
   b4a68:	60ab      	str	r3, [r5, #8]
    rhs.buffer = nullptr;
   b4a6a:	2300      	movs	r3, #0
    rhs.capacity_ = 0;
   b4a6c:	e9c4 3300 	strd	r3, r3, [r4]
   b4a70:	e7f1      	b.n	b4a56 <_ZN6String4moveERS_+0x20>

000b4a72 <_ZN6StringC1EOS_>:
String::String(String &&rval)
   b4a72:	b510      	push	{r4, lr}
    buffer = nullptr;
   b4a74:	2300      	movs	r3, #0
    capacity_ = 0;
   b4a76:	e9c0 3300 	strd	r3, r3, [r0]
String::String(String &&rval)
   b4a7a:	4604      	mov	r4, r0
    len = 0;
   b4a7c:	6083      	str	r3, [r0, #8]
    flags = 0;
   b4a7e:	7303      	strb	r3, [r0, #12]
    move(rval);
   b4a80:	f7ff ffd9 	bl	b4a36 <_ZN6String4moveERS_>
}
   b4a84:	4620      	mov	r0, r4
   b4a86:	bd10      	pop	{r4, pc}

000b4a88 <_ZN6StringaSERKS_>:
#endif

String & String::operator = (const String &rhs)
{
    if (this == &rhs) {
   b4a88:	4288      	cmp	r0, r1
{
   b4a8a:	b510      	push	{r4, lr}
   b4a8c:	4604      	mov	r4, r0
    if (this == &rhs) {
   b4a8e:	d005      	beq.n	b4a9c <_ZN6StringaSERKS_+0x14>
        return *this;
    }

    if (rhs.buffer) {
   b4a90:	680b      	ldr	r3, [r1, #0]
   b4a92:	b12b      	cbz	r3, b4aa0 <_ZN6StringaSERKS_+0x18>
        copy(rhs.buffer, rhs.len);
   b4a94:	688a      	ldr	r2, [r1, #8]
   b4a96:	4619      	mov	r1, r3
   b4a98:	f7ff ffb4 	bl	b4a04 <_ZN6String4copyEPKcj>
    else {
        invalidate();
    }

    return *this;
}
   b4a9c:	4620      	mov	r0, r4
   b4a9e:	bd10      	pop	{r4, pc}
        invalidate();
   b4aa0:	f7ff ff85 	bl	b49ae <_ZN6String10invalidateEv>
   b4aa4:	e7fa      	b.n	b4a9c <_ZN6StringaSERKS_+0x14>

000b4aa6 <_ZN6StringC1ERKS_>:
String::String(const String &value)
   b4aa6:	b510      	push	{r4, lr}
    buffer = nullptr;
   b4aa8:	2300      	movs	r3, #0
String::String(const String &value)
   b4aaa:	4604      	mov	r4, r0
    capacity_ = 0;
   b4aac:	e9c0 3300 	strd	r3, r3, [r0]
    len = 0;
   b4ab0:	6083      	str	r3, [r0, #8]
    flags = 0;
   b4ab2:	7303      	strb	r3, [r0, #12]
    *this = value;
   b4ab4:	f7ff ffe8 	bl	b4a88 <_ZN6StringaSERKS_>
}
   b4ab8:	4620      	mov	r0, r4
   b4aba:	bd10      	pop	{r4, pc}

000b4abc <_ZNSt16_Sp_counted_baseILN9__gnu_cxx12_Lock_policyE0EE10_M_releaseEv>:
    {
   b4abc:	b510      	push	{r4, lr}
      if (--_M_use_count == 0)
   b4abe:	6843      	ldr	r3, [r0, #4]
   b4ac0:	3b01      	subs	r3, #1
    {
   b4ac2:	4604      	mov	r4, r0
      if (--_M_use_count == 0)
   b4ac4:	6043      	str	r3, [r0, #4]
   b4ac6:	b963      	cbnz	r3, b4ae2 <_ZNSt16_Sp_counted_baseILN9__gnu_cxx12_Lock_policyE0EE10_M_releaseEv+0x26>
          _M_dispose();
   b4ac8:	6803      	ldr	r3, [r0, #0]
   b4aca:	689b      	ldr	r3, [r3, #8]
   b4acc:	4798      	blx	r3
          if (--_M_weak_count == 0)
   b4ace:	68a3      	ldr	r3, [r4, #8]
   b4ad0:	3b01      	subs	r3, #1
   b4ad2:	60a3      	str	r3, [r4, #8]
   b4ad4:	b92b      	cbnz	r3, b4ae2 <_ZNSt16_Sp_counted_baseILN9__gnu_cxx12_Lock_policyE0EE10_M_releaseEv+0x26>
            _M_destroy();
   b4ad6:	6823      	ldr	r3, [r4, #0]
   b4ad8:	4620      	mov	r0, r4
   b4ada:	68db      	ldr	r3, [r3, #12]
    }
   b4adc:	e8bd 4010 	ldmia.w	sp!, {r4, lr}
            _M_destroy();
   b4ae0:	4718      	bx	r3
    }
   b4ae2:	bd10      	pop	{r4, pc}

000b4ae4 <_ZN5spark6VectorI6StringNS_16DefaultAllocatorEED1Ev>:
inline spark::Vector<T, AllocatorT>::Vector(Vector<T, AllocatorT>&& vector) : Vector() {
    swap(*this, vector);
}

template<typename T, typename AllocatorT>
inline spark::Vector<T, AllocatorT>::~Vector() {
   b4ae4:	b570      	push	{r4, r5, r6, lr}
    destruct(data_, data_ + size_);
   b4ae6:	e9d0 5300 	ldrd	r5, r3, [r0]
inline spark::Vector<T, AllocatorT>::~Vector() {
   b4aea:	4604      	mov	r4, r0
    destruct(data_, data_ + size_);
   b4aec:	eb05 1603 	add.w	r6, r5, r3, lsl #4
        for (; p != end; ++p) {
   b4af0:	42ae      	cmp	r6, r5
   b4af2:	d004      	beq.n	b4afe <_ZN5spark6VectorI6StringNS_16DefaultAllocatorEED1Ev+0x1a>
            p->~T();
   b4af4:	4628      	mov	r0, r5
   b4af6:	f7ff ff53 	bl	b49a0 <_ZN6StringD1Ev>
        for (; p != end; ++p) {
   b4afa:	3510      	adds	r5, #16
   b4afc:	e7f8      	b.n	b4af0 <_ZN5spark6VectorI6StringNS_16DefaultAllocatorEED1Ev+0xc>
    ::free(ptr);
   b4afe:	6820      	ldr	r0, [r4, #0]
   b4b00:	f7ff fe50 	bl	b47a4 <free>
    AllocatorT::free(data_);
}
   b4b04:	4620      	mov	r0, r4
   b4b06:	bd70      	pop	{r4, r5, r6, pc}

000b4b08 <_GLOBAL__sub_I__ZN8particle3ble13WiringBleLock6mutex_E>:
    /**
     * Creates a shared mutex.
     */
    RecursiveMutex(os_mutex_recursive_t handle) : handle_(handle) {}

    RecursiveMutex() : handle_(nullptr)
   b4b08:	4802      	ldr	r0, [pc, #8]	; (b4b14 <_GLOBAL__sub_I__ZN8particle3ble13WiringBleLock6mutex_E+0xc>)
   b4b0a:	2300      	movs	r3, #0
   b4b0c:	6003      	str	r3, [r0, #0]
    {
        os_mutex_recursive_create(&handle_);
   b4b0e:	f7ff bc8b 	b.w	b4428 <os_mutex_recursive_create>
   b4b12:	bf00      	nop
   b4b14:	2003df0c 	.word	0x2003df0c

000b4b18 <_ZN5spark16JSONStreamWriter5writeEPKcj>:

inline Print* spark::JSONStreamWriter::stream() const {
    return &strm_;
}

inline void spark::JSONStreamWriter::write(const char *data, size_t size) {
   b4b18:	b510      	push	{r4, lr}
   b4b1a:	4604      	mov	r4, r0
    bytesWritten_ += strm_.write((const uint8_t*)data, size);
   b4b1c:	6880      	ldr	r0, [r0, #8]
   b4b1e:	6803      	ldr	r3, [r0, #0]
   b4b20:	68db      	ldr	r3, [r3, #12]
   b4b22:	4798      	blx	r3
   b4b24:	68e3      	ldr	r3, [r4, #12]
   b4b26:	4418      	add	r0, r3
   b4b28:	60e0      	str	r0, [r4, #12]
}
   b4b2a:	bd10      	pop	{r4, pc}

000b4b2c <_ZN5Print5writeEPKhj>:

// Public Methods //////////////////////////////////////////////////////////////

/* default implementation: may be overridden */
size_t Print::write(const uint8_t *buffer, size_t size)
{
   b4b2c:	b5f8      	push	{r3, r4, r5, r6, r7, lr}
   b4b2e:	4606      	mov	r6, r0
   b4b30:	460d      	mov	r5, r1
  size_t n = 0;
   b4b32:	188f      	adds	r7, r1, r2
   b4b34:	2400      	movs	r4, #0
  while (size--) {
   b4b36:	42bd      	cmp	r5, r7
   b4b38:	d00c      	beq.n	b4b54 <_ZN5Print5writeEPKhj+0x28>
     int chunk = write(*buffer++);
   b4b3a:	6833      	ldr	r3, [r6, #0]
   b4b3c:	f815 1b01 	ldrb.w	r1, [r5], #1
   b4b40:	689b      	ldr	r3, [r3, #8]
   b4b42:	4630      	mov	r0, r6
   b4b44:	4798      	blx	r3
     if (chunk>=0)
   b4b46:	1e03      	subs	r3, r0, #0
   b4b48:	db01      	blt.n	b4b4e <_ZN5Print5writeEPKhj+0x22>
         n += chunk;
   b4b4a:	441c      	add	r4, r3
  while (size--) {
   b4b4c:	e7f3      	b.n	b4b36 <_ZN5Print5writeEPKhj+0xa>
     int chunk = write(*buffer++);
   b4b4e:	2c00      	cmp	r4, #0
   b4b50:	bf08      	it	eq
   b4b52:	461c      	moveq	r4, r3
             n = chunk;
         break;
     }
  }
  return n;
}
   b4b54:	4620      	mov	r0, r4
   b4b56:	bdf8      	pop	{r3, r4, r5, r6, r7, pc}

000b4b58 <_ZN5spark16JSONStreamWriterD1Ev>:
class JSONStreamWriter: public JSONWriter {
   b4b58:	4770      	bx	lr

000b4b5a <_ZN5spark16JSONStreamWriterD0Ev>:
   b4b5a:	b510      	push	{r4, lr}
   b4b5c:	2110      	movs	r1, #16
   b4b5e:	4604      	mov	r4, r0
   b4b60:	f7ff faad 	bl	b40be <_ZdlPvj>
   b4b64:	4620      	mov	r0, r4
   b4b66:	bd10      	pop	{r4, pc}

000b4b68 <_ZN5Print5writeEPKc>:

    int getWriteError() const { return write_error; }
    void clearWriteError() { setWriteError(0); }

    virtual size_t write(uint8_t) = 0;
    size_t write(const char *str) {
   b4b68:	b513      	push	{r0, r1, r4, lr}
   b4b6a:	4604      	mov	r4, r0
      if (str == NULL) return 0;
      return write((const uint8_t *)str, strlen(str));
    }
   b4b6c:	4608      	mov	r0, r1
      if (str == NULL) return 0;
   b4b6e:	b159      	cbz	r1, b4b88 <_ZN5Print5writeEPKc+0x20>
      return write((const uint8_t *)str, strlen(str));
   b4b70:	9101      	str	r1, [sp, #4]
   b4b72:	f7ff fa5d 	bl	b4030 <strlen>
   b4b76:	6823      	ldr	r3, [r4, #0]
   b4b78:	9901      	ldr	r1, [sp, #4]
   b4b7a:	68db      	ldr	r3, [r3, #12]
   b4b7c:	4602      	mov	r2, r0
   b4b7e:	4620      	mov	r0, r4
    }
   b4b80:	b002      	add	sp, #8
   b4b82:	e8bd 4010 	ldmia.w	sp!, {r4, lr}
      return write((const uint8_t *)str, strlen(str));
   b4b86:	4718      	bx	r3
    }
   b4b88:	b002      	add	sp, #8
   b4b8a:	bd10      	pop	{r4, pc}

000b4b8c <_ZN5Print5printEc>:
  return write(str);
}

size_t Print::print(char c)
{
  return write(c);
   b4b8c:	6803      	ldr	r3, [r0, #0]
   b4b8e:	689b      	ldr	r3, [r3, #8]
   b4b90:	4718      	bx	r3

000b4b92 <_ZN5Print11printNumberEmh>:
  return println(reinterpret_cast<const char*>(str));
}

// Private Methods /////////////////////////////////////////////////////////////

size_t Print::printNumber(unsigned long n, uint8_t base) {
   b4b92:	b530      	push	{r4, r5, lr}
   b4b94:	b08b      	sub	sp, #44	; 0x2c
  char buf[8 * sizeof(n) + 1]; // Assumes 8-bit chars plus zero byte.
  char *str = &buf[sizeof(buf) - 1];

  *str = '\0';
   b4b96:	2300      	movs	r3, #0

  // prevent crash if called with base == 1
  if (base < 2) base = 10;
   b4b98:	2a01      	cmp	r2, #1
  *str = '\0';
   b4b9a:	f88d 3024 	strb.w	r3, [sp, #36]	; 0x24
  if (base < 2) base = 10;
   b4b9e:	bf98      	it	ls
   b4ba0:	220a      	movls	r2, #10
   b4ba2:	ac09      	add	r4, sp, #36	; 0x24

  do {
   decltype(n) m = n;
   n /= base;
   b4ba4:	460d      	mov	r5, r1
   b4ba6:	fbb1 f1f2 	udiv	r1, r1, r2
   char c = m - base * n;
   b4baa:	fb01 5312 	mls	r3, r1, r2, r5
   b4bae:	f003 03ff 	and.w	r3, r3, #255	; 0xff
   *--str = c < 10 ? c + '0' : c + 'A' - 10;
   b4bb2:	2b09      	cmp	r3, #9
   b4bb4:	bf94      	ite	ls
   b4bb6:	3330      	addls	r3, #48	; 0x30
   b4bb8:	3337      	addhi	r3, #55	; 0x37
   b4bba:	b2db      	uxtb	r3, r3
  } while(n);
   b4bbc:	42aa      	cmp	r2, r5
   *--str = c < 10 ? c + '0' : c + 'A' - 10;
   b4bbe:	f804 3d01 	strb.w	r3, [r4, #-1]!
  } while(n);
   b4bc2:	d9ef      	bls.n	b4ba4 <_ZN5Print11printNumberEmh+0x12>

  return write(str);
   b4bc4:	4621      	mov	r1, r4
   b4bc6:	f7ff ffcf 	bl	b4b68 <_ZN5Print5writeEPKc>
}
   b4bca:	b00b      	add	sp, #44	; 0x2c
   b4bcc:	bd30      	pop	{r4, r5, pc}

000b4bce <_ZN6Stream9timedReadEv>:
#define PARSE_TIMEOUT 1000  // default number of milli-seconds to wait
#define NO_SKIP_CHAR  1  // a magic char not found in a valid ASCII numeric field

// private method to read stream with timeout
int Stream::timedRead()
{
   b4bce:	b510      	push	{r4, lr}
   b4bd0:	4604      	mov	r4, r0

#ifdef __cplusplus
extern "C" {
#endif

inline system_tick_t millis(void) { return HAL_Timer_Get_Milli_Seconds(); }
   b4bd2:	f7ff fc21 	bl	b4418 <HAL_Timer_Get_Milli_Seconds>
  int c;
  _startMillis = millis();
   b4bd6:	60e0      	str	r0, [r4, #12]
  do {
    c = read();
   b4bd8:	6823      	ldr	r3, [r4, #0]
   b4bda:	4620      	mov	r0, r4
   b4bdc:	695b      	ldr	r3, [r3, #20]
   b4bde:	4798      	blx	r3
    if (c >= 0) return c;
   b4be0:	2800      	cmp	r0, #0
   b4be2:	da08      	bge.n	b4bf6 <_ZN6Stream9timedReadEv+0x28>
   b4be4:	f7ff fc18 	bl	b4418 <HAL_Timer_Get_Milli_Seconds>
  } while(millis() - _startMillis < _timeout);
   b4be8:	68e3      	ldr	r3, [r4, #12]
   b4bea:	1ac0      	subs	r0, r0, r3
   b4bec:	68a3      	ldr	r3, [r4, #8]
   b4bee:	4298      	cmp	r0, r3
   b4bf0:	d3f2      	bcc.n	b4bd8 <_ZN6Stream9timedReadEv+0xa>
  return -1;     // -1 indicates timeout
   b4bf2:	f04f 30ff 	mov.w	r0, #4294967295
}
   b4bf6:	bd10      	pop	{r4, pc}

000b4bf8 <_ZN6Stream9readBytesEPcj>:
// terminates if length characters have been read, or timeout (see setTimeout)
// returns the number of characters placed in the buffer
// the buffer is NOT null terminated.
//
size_t Stream::readBytes(char *buffer, size_t length)
{
   b4bf8:	e92d 41f0 	stmdb	sp!, {r4, r5, r6, r7, r8, lr}
   b4bfc:	4607      	mov	r7, r0
   b4bfe:	460c      	mov	r4, r1
   b4c00:	188e      	adds	r6, r1, r2
   b4c02:	460d      	mov	r5, r1
  size_t count = 0;
  while (count < length) {
   b4c04:	42b5      	cmp	r5, r6
   b4c06:	eba5 0804 	sub.w	r8, r5, r4
   b4c0a:	d007      	beq.n	b4c1c <_ZN6Stream9readBytesEPcj+0x24>
    int c = timedRead();
   b4c0c:	4638      	mov	r0, r7
   b4c0e:	f7ff ffde 	bl	b4bce <_ZN6Stream9timedReadEv>
    if (c < 0) break;
   b4c12:	1e03      	subs	r3, r0, #0
   b4c14:	db02      	blt.n	b4c1c <_ZN6Stream9readBytesEPcj+0x24>
    *buffer++ = (char)c;
   b4c16:	f805 3b01 	strb.w	r3, [r5], #1
  while (count < length) {
   b4c1a:	e7f3      	b.n	b4c04 <_ZN6Stream9readBytesEPcj+0xc>
    count++;
  }
  return count;
}
   b4c1c:	4640      	mov	r0, r8
   b4c1e:	e8bd 81f0 	ldmia.w	sp!, {r4, r5, r6, r7, r8, pc}

000b4c22 <_ZN5spark20JSONStreamLogHandler5writeEPKcj>:
}

// spark::JSONStreamLogHandler
inline void spark::JSONStreamLogHandler::write(const char *data, size_t size) {
    // This handler doesn't support direct logging
}
   b4c22:	4770      	bx	lr

000b4c24 <_ZN5spark17LogHandlerFactory14destroyHandlerEPNS_10LogHandlerE>:

#if Wiring_LogConfig

// spark::LogHandlerFactory
inline void spark::LogHandlerFactory::destroyHandler(LogHandler *handler) {
    delete handler;
   b4c24:	4608      	mov	r0, r1
   b4c26:	b111      	cbz	r1, b4c2e <_ZN5spark17LogHandlerFactory14destroyHandlerEPNS_10LogHandlerE+0xa>
   b4c28:	680b      	ldr	r3, [r1, #0]
   b4c2a:	685b      	ldr	r3, [r3, #4]
   b4c2c:	4718      	bx	r3
}
   b4c2e:	4770      	bx	lr

000b4c30 <__tcf_0>:
    }
    return nullptr; // Unknown handler type
}

spark::DefaultLogHandlerFactory* spark::DefaultLogHandlerFactory::instance() {
    static DefaultLogHandlerFactory factory;
   b4c30:	4770      	bx	lr

000b4c32 <_ZN5spark26DefaultOutputStreamFactoryD1Ev>:
class DefaultOutputStreamFactory: public OutputStreamFactory {
   b4c32:	4770      	bx	lr

000b4c34 <_ZN5spark24DefaultLogHandlerFactoryD1Ev>:
class DefaultLogHandlerFactory: public LogHandlerFactory {
   b4c34:	4770      	bx	lr

000b4c36 <_ZN12_GLOBAL__N_119nextSubcategoryNameERPKcRj>:
const char* nextSubcategoryName(const char* &category, size_t &size) {
   b4c36:	b538      	push	{r3, r4, r5, lr}
   b4c38:	4604      	mov	r4, r0
   b4c3a:	460d      	mov	r5, r1
    const char *s = strchrnul(category, '.');
   b4c3c:	6800      	ldr	r0, [r0, #0]
   b4c3e:	212e      	movs	r1, #46	; 0x2e
   b4c40:	f001 fe03 	bl	b684a <strchrnul>
    size = s - category;
   b4c44:	6823      	ldr	r3, [r4, #0]
   b4c46:	1ac3      	subs	r3, r0, r3
   b4c48:	602b      	str	r3, [r5, #0]
    if (size) {
   b4c4a:	b123      	cbz	r3, b4c56 <_ZN12_GLOBAL__N_119nextSubcategoryNameERPKcRj+0x20>
        if (*s) {
   b4c4c:	7803      	ldrb	r3, [r0, #0]
   b4c4e:	b103      	cbz	r3, b4c52 <_ZN12_GLOBAL__N_119nextSubcategoryNameERPKcRj+0x1c>
            ++s;
   b4c50:	3001      	adds	r0, #1
#if __cplusplus < 201103L
      // concept requirements
      __glibcxx_function_requires(_SGIAssignableConcept<_Tp>)
#endif
      _Tp __tmp = _GLIBCXX_MOVE(__a);
      __a = _GLIBCXX_MOVE(__b);
   b4c52:	6823      	ldr	r3, [r4, #0]
      __b = _GLIBCXX_MOVE(__tmp);
   b4c54:	6020      	str	r0, [r4, #0]
}
   b4c56:	4618      	mov	r0, r3
   b4c58:	bd38      	pop	{r3, r4, r5, pc}

000b4c5a <_ZN5spark24DefaultLogHandlerFactoryD0Ev>:
   b4c5a:	b510      	push	{r4, lr}
   b4c5c:	2104      	movs	r1, #4
   b4c5e:	4604      	mov	r4, r0
   b4c60:	f7ff fa2d 	bl	b40be <_ZdlPvj>
   b4c64:	4620      	mov	r0, r4
   b4c66:	bd10      	pop	{r4, pc}

000b4c68 <_ZN5spark26DefaultOutputStreamFactoryD0Ev>:
class DefaultOutputStreamFactory: public OutputStreamFactory {
   b4c68:	b510      	push	{r4, lr}
   b4c6a:	2104      	movs	r1, #4
   b4c6c:	4604      	mov	r4, r0
   b4c6e:	f7ff fa26 	bl	b40be <_ZdlPvj>
   b4c72:	4620      	mov	r0, r4
   b4c74:	bd10      	pop	{r4, pc}

000b4c76 <_ZN14RecursiveMutex4lockEv.isra.0>:
            os_mutex_recursive_destroy(handle_);
            handle_ = nullptr;
        }
    }

    void lock() { os_mutex_recursive_lock(handle_); }
   b4c76:	f7ff bbe7 	b.w	b4448 <os_mutex_recursive_lock>

000b4c7a <_ZNK5spark10JSONStringeqEPKc.isra.0>:
inline bool spark::JSONString::operator==(const char *str) const {
   b4c7a:	b508      	push	{r3, lr}
    return strcmp(s_, str) == 0;
   b4c7c:	f7ff f9ce 	bl	b401c <strcmp>
}
   b4c80:	fab0 f080 	clz	r0, r0
   b4c84:	0940      	lsrs	r0, r0, #5
   b4c86:	bd08      	pop	{r3, pc}

000b4c88 <__tcf_1>:
   b4c88:	4770      	bx	lr

000b4c8a <_ZN5spark26DefaultOutputStreamFactory13destroyStreamEP5Print>:
    }
#endif // PLATFORM_ID != PLATFORM_GCC
    return nullptr;
}

void spark::DefaultOutputStreamFactory::destroyStream(Print *stream) {
   b4c8a:	b510      	push	{r4, lr}
   b4c8c:	460c      	mov	r4, r1
#if PLATFORM_ID != PLATFORM_GCC
    if (stream == &Serial) {
   b4c8e:	f001 f8f7 	bl	b5e80 <_Z16_fetch_usbserialv>
   b4c92:	4284      	cmp	r4, r0
   b4c94:	d010      	beq.n	b4cb8 <_ZN5spark26DefaultOutputStreamFactory13destroyStreamEP5Print+0x2e>
    if (stream == &USBSerial1) {
        USBSerial1.end();
        return;
    }
#endif
    if (stream == &Serial1) {
   b4c96:	f001 fcf7 	bl	b6688 <_Z22__fetch_global_Serial1v>
   b4c9a:	4284      	cmp	r4, r0
   b4c9c:	d105      	bne.n	b4caa <_ZN5spark26DefaultOutputStreamFactory13destroyStreamEP5Print+0x20>
        Serial1.end();
   b4c9e:	f001 fcf3 	bl	b6688 <_Z22__fetch_global_Serial1v>
        return;
    }
#endif // PLATFORM_ID != PLATFORM_GCC
    OutputStreamFactory::destroyStream(stream);
}
   b4ca2:	e8bd 4010 	ldmia.w	sp!, {r4, lr}
        Serial1.end();
   b4ca6:	f001 bb8e 	b.w	b63c6 <_ZN11USARTSerial3endEv>

// spark::OutputStreamFactory
inline void spark::OutputStreamFactory::destroyStream(Print *stream) {
    delete stream;
   b4caa:	b12c      	cbz	r4, b4cb8 <_ZN5spark26DefaultOutputStreamFactory13destroyStreamEP5Print+0x2e>
   b4cac:	6823      	ldr	r3, [r4, #0]
   b4cae:	4620      	mov	r0, r4
   b4cb0:	685b      	ldr	r3, [r3, #4]
}
   b4cb2:	e8bd 4010 	ldmia.w	sp!, {r4, lr}
   b4cb6:	4718      	bx	r3
   b4cb8:	bd10      	pop	{r4, pc}

000b4cba <_ZN5spark10JSONWriter5valueEPKc>:
inline spark::JSONWriter& spark::JSONWriter::value(const char *val) {
   b4cba:	b513      	push	{r0, r1, r4, lr}
   b4cbc:	4604      	mov	r4, r0
    return value(val, strlen(val));
   b4cbe:	4608      	mov	r0, r1
   b4cc0:	9101      	str	r1, [sp, #4]
   b4cc2:	f7ff f9b5 	bl	b4030 <strlen>
   b4cc6:	9901      	ldr	r1, [sp, #4]
   b4cc8:	4602      	mov	r2, r0
   b4cca:	4620      	mov	r0, r4
}
   b4ccc:	b002      	add	sp, #8
   b4cce:	e8bd 4010 	ldmia.w	sp!, {r4, lr}
    return value(val, strlen(val));
   b4cd2:	f001 bac3 	b.w	b625c <_ZN5spark10JSONWriter5valueEPKcj>

000b4cd6 <_ZN5spark16StreamLogHandler5writeEPKc>:
inline void spark::StreamLogHandler::write(const char *str) {
   b4cd6:	b513      	push	{r0, r1, r4, lr}
   b4cd8:	4604      	mov	r4, r0
    write(str, strlen(str));
   b4cda:	4608      	mov	r0, r1
   b4cdc:	9101      	str	r1, [sp, #4]
   b4cde:	f7ff f9a7 	bl	b4030 <strlen>
   b4ce2:	6823      	ldr	r3, [r4, #0]
   b4ce4:	9901      	ldr	r1, [sp, #4]
   b4ce6:	68db      	ldr	r3, [r3, #12]
   b4ce8:	4602      	mov	r2, r0
   b4cea:	4620      	mov	r0, r4
}
   b4cec:	b002      	add	sp, #8
   b4cee:	e8bd 4010 	ldmia.w	sp!, {r4, lr}
    write(str, strlen(str));
   b4cf2:	4718      	bx	r3

000b4cf4 <_ZN5spark16StreamLogHandler5writeEc>:
inline void spark::StreamLogHandler::write(char c) {
   b4cf4:	b507      	push	{r0, r1, r2, lr}
    write(&c, 1);
   b4cf6:	6803      	ldr	r3, [r0, #0]
inline void spark::StreamLogHandler::write(char c) {
   b4cf8:	f88d 1007 	strb.w	r1, [sp, #7]
    write(&c, 1);
   b4cfc:	68db      	ldr	r3, [r3, #12]
   b4cfe:	2201      	movs	r2, #1
   b4d00:	f10d 0107 	add.w	r1, sp, #7
   b4d04:	4798      	blx	r3
}
   b4d06:	b003      	add	sp, #12
   b4d08:	f85d fb04 	ldr.w	pc, [sp], #4

000b4d0c <_ZN5spark6detail9LogFilter9nodeIndexERKNS_6VectorINS1_4NodeENS_16DefaultAllocatorEEEPKcjRb>:
int spark::detail::LogFilter::nodeIndex(const Vector<Node> &nodes, const char *name, size_t size, bool &found) {
   b4d0c:	e92d 4ff7 	stmdb	sp!, {r0, r1, r2, r4, r5, r6, r7, r8, r9, sl, fp, lr}
    return data_ + size_;
}

template<typename T, typename AllocatorT>
inline typename spark::Vector<T, AllocatorT>::ConstIterator spark::Vector<T, AllocatorT>::end() const {
    return data_ + size_;
   b4d10:	e9d0 8400 	ldrd	r8, r4, [r0]
   b4d14:	f04f 0a14 	mov.w	sl, #20
   b4d18:	9300      	str	r3, [sp, #0]
   b4d1a:	fb0a f404 	mul.w	r4, sl, r4
               random_access_iterator_tag)
    {
      // concept requirements
      __glibcxx_function_requires(_RandomAccessIteratorConcept<
				  _RandomAccessIterator>)
      return __last - __first;
   b4d1e:	4b18      	ldr	r3, [pc, #96]	; (b4d80 <_ZN5spark6detail9LogFilter9nodeIndexERKNS_6VectorINS1_4NodeENS_16DefaultAllocatorEEEPKcjRb+0x74>)
   b4d20:	10a4      	asrs	r4, r4, #2
   b4d22:	4617      	mov	r7, r2
   b4d24:	435c      	muls	r4, r3
   b4d26:	4645      	mov	r5, r8
      typedef typename iterator_traits<_ForwardIterator>::difference_type
	_DistanceType;

      _DistanceType __len = std::distance(__first, __last);

      while (__len > 0)
   b4d28:	2c00      	cmp	r4, #0
   b4d2a:	dd21      	ble.n	b4d70 <_ZN5spark6detail9LogFilter9nodeIndexERKNS_6VectorINS1_4NodeENS_16DefaultAllocatorEEEPKcjRb+0x64>
	{
	  _DistanceType __half = __len >> 1;
   b4d2c:	1066      	asrs	r6, r4, #1
      if (__builtin_constant_p(__n) && __n == 1)
	++__i;
      else if (__builtin_constant_p(__n) && __n == -1)
	--__i;
      else
	__i += __n;
   b4d2e:	fb0a f006 	mul.w	r0, sl, r6
   b4d32:	eb05 0900 	add.w	r9, r5, r0
                const int cmp = strncmp(node.name, value.first, std::min<size_t>(node.size, value.second));
   b4d36:	463a      	mov	r2, r7
   b4d38:	f8b9 b004 	ldrh.w	fp, [r9, #4]
   b4d3c:	5828      	ldr	r0, [r5, r0]
   b4d3e:	9101      	str	r1, [sp, #4]
   b4d40:	455f      	cmp	r7, fp
   b4d42:	bf28      	it	cs
   b4d44:	465a      	movcs	r2, fp
   b4d46:	f001 fd92 	bl	b686e <strncmp>
                if (cmp == 0) {
   b4d4a:	2800      	cmp	r0, #0
   b4d4c:	9901      	ldr	r1, [sp, #4]
   b4d4e:	f04f 0301 	mov.w	r3, #1
   b4d52:	d10b      	bne.n	b4d6c <_ZN5spark6detail9LogFilter9nodeIndexERKNS_6VectorINS1_4NodeENS_16DefaultAllocatorEEEPKcjRb+0x60>
                    if (node.size == value.second) { // Lengths are equal
   b4d54:	455f      	cmp	r7, fp
   b4d56:	d103      	bne.n	b4d60 <_ZN5spark6detail9LogFilter9nodeIndexERKNS_6VectorINS1_4NodeENS_16DefaultAllocatorEEEPKcjRb+0x54>
                        found = true; // Allows caller code to avoid extra call to strncmp()
   b4d58:	9a00      	ldr	r2, [sp, #0]
   b4d5a:	7013      	strb	r3, [r2, #0]
int spark::detail::LogFilter::nodeIndex(const Vector<Node> &nodes, const char *name, size_t size, bool &found) {
   b4d5c:	4634      	mov	r4, r6
   b4d5e:	e7e3      	b.n	b4d28 <_ZN5spark6detail9LogFilter9nodeIndexERKNS_6VectorINS1_4NodeENS_16DefaultAllocatorEEEPKcjRb+0x1c>
	  _ForwardIterator __middle = __first;
	  std::advance(__middle, __half);
	  if (__comp(__middle, __val))
   b4d60:	d9fc      	bls.n	b4d5c <_ZN5spark6detail9LogFilter9nodeIndexERKNS_6VectorINS1_4NodeENS_16DefaultAllocatorEEEPKcjRb+0x50>
	    {
	      __first = __middle;
	      ++__first;
	      __len = __len - __half - 1;
   b4d62:	1ba6      	subs	r6, r4, r6
	      ++__first;
   b4d64:	f109 0514 	add.w	r5, r9, #20
	      __len = __len - __half - 1;
   b4d68:	3e01      	subs	r6, #1
   b4d6a:	e7f7      	b.n	b4d5c <_ZN5spark6detail9LogFilter9nodeIndexERKNS_6VectorINS1_4NodeENS_16DefaultAllocatorEEEPKcjRb+0x50>
	  if (__comp(__middle, __val))
   b4d6c:	dbf9      	blt.n	b4d62 <_ZN5spark6detail9LogFilter9nodeIndexERKNS_6VectorINS1_4NodeENS_16DefaultAllocatorEEEPKcjRb+0x56>
   b4d6e:	e7f5      	b.n	b4d5c <_ZN5spark6detail9LogFilter9nodeIndexERKNS_6VectorINS1_4NodeENS_16DefaultAllocatorEEEPKcjRb+0x50>
      return __last - __first;
   b4d70:	eba5 0508 	sub.w	r5, r5, r8
}
   b4d74:	4802      	ldr	r0, [pc, #8]	; (b4d80 <_ZN5spark6detail9LogFilter9nodeIndexERKNS_6VectorINS1_4NodeENS_16DefaultAllocatorEEEPKcjRb+0x74>)
   b4d76:	10ad      	asrs	r5, r5, #2
   b4d78:	4368      	muls	r0, r5
   b4d7a:	b003      	add	sp, #12
   b4d7c:	e8bd 8ff0 	ldmia.w	sp!, {r4, r5, r6, r7, r8, r9, sl, fp, pc}
   b4d80:	cccccccd 	.word	0xcccccccd

000b4d84 <_ZNK5spark6detail9LogFilter5levelEPKc>:
LogLevel spark::detail::LogFilter::level(const char *category) const {
   b4d84:	b57f      	push	{r0, r1, r2, r3, r4, r5, r6, lr}
    if (!nodes_.isEmpty() && category) {
   b4d86:	6903      	ldr	r3, [r0, #16]
    LogLevel level = level_; // Default level
   b4d88:	7e05      	ldrb	r5, [r0, #24]
LogLevel spark::detail::LogFilter::level(const char *category) const {
   b4d8a:	9101      	str	r1, [sp, #4]
    if (!nodes_.isEmpty() && category) {
   b4d8c:	b303      	cbz	r3, b4dd0 <_ZNK5spark6detail9LogFilter5levelEPKc+0x4c>
   b4d8e:	b1f9      	cbz	r1, b4dd0 <_ZNK5spark6detail9LogFilter5levelEPKc+0x4c>
        size_t size = 0; // Name length
   b4d90:	2600      	movs	r6, #0
        const Vector<Node> *pNodes = &nodes_; // Root nodes
   b4d92:	f100 040c 	add.w	r4, r0, #12
        size_t size = 0; // Name length
   b4d96:	9603      	str	r6, [sp, #12]
        while ((name = nextSubcategoryName(category, size))) {
   b4d98:	a903      	add	r1, sp, #12
   b4d9a:	a801      	add	r0, sp, #4
   b4d9c:	f7ff ff4b 	bl	b4c36 <_ZN12_GLOBAL__N_119nextSubcategoryNameERPKcRj>
   b4da0:	4601      	mov	r1, r0
   b4da2:	b1a8      	cbz	r0, b4dd0 <_ZNK5spark6detail9LogFilter5levelEPKc+0x4c>
            const int index = nodeIndex(*pNodes, name, size, found);
   b4da4:	f10d 030b 	add.w	r3, sp, #11
   b4da8:	9a03      	ldr	r2, [sp, #12]
            bool found = false;
   b4daa:	f88d 600b 	strb.w	r6, [sp, #11]
            const int index = nodeIndex(*pNodes, name, size, found);
   b4dae:	4620      	mov	r0, r4
   b4db0:	f7ff ffac 	bl	b4d0c <_ZN5spark6detail9LogFilter9nodeIndexERKNS_6VectorINS1_4NodeENS_16DefaultAllocatorEEEPKcjRb>
            if (!found) {
   b4db4:	f89d 300b 	ldrb.w	r3, [sp, #11]
   b4db8:	b153      	cbz	r3, b4dd0 <_ZNK5spark6detail9LogFilter5levelEPKc+0x4c>
    return data_[i];
   b4dba:	6823      	ldr	r3, [r4, #0]
   b4dbc:	2414      	movs	r4, #20
   b4dbe:	fb04 3400 	mla	r4, r4, r0, r3
            pNodes = &node.nodes;
   b4dc2:	3408      	adds	r4, #8
            if (node.level >= 0) {
   b4dc4:	f934 3c02 	ldrsh.w	r3, [r4, #-2]
   b4dc8:	2b00      	cmp	r3, #0
                level = (LogLevel)node.level;
   b4dca:	bfa8      	it	ge
   b4dcc:	b2dd      	uxtbge	r5, r3
        while ((name = nextSubcategoryName(category, size))) {
   b4dce:	e7e3      	b.n	b4d98 <_ZNK5spark6detail9LogFilter5levelEPKc+0x14>
}
   b4dd0:	4628      	mov	r0, r5
   b4dd2:	b004      	add	sp, #16
   b4dd4:	bd70      	pop	{r4, r5, r6, pc}

000b4dd6 <_ZN5spark16StreamLogHandler6printfEPKcz>:
void spark::StreamLogHandler::printf(const char *fmt, ...) {
   b4dd6:	b40e      	push	{r1, r2, r3}
   b4dd8:	b5f0      	push	{r4, r5, r6, r7, lr}
   b4dda:	b08c      	sub	sp, #48	; 0x30
   b4ddc:	af00      	add	r7, sp, #0
   b4dde:	f107 0544 	add.w	r5, r7, #68	; 0x44
   b4de2:	4604      	mov	r4, r0
   b4de4:	f855 2b04 	ldr.w	r2, [r5], #4
    int n = vsnprintf(buf, sizeof(buf), fmt, args);
   b4de8:	607a      	str	r2, [r7, #4]
   b4dea:	462b      	mov	r3, r5
   b4dec:	2120      	movs	r1, #32
   b4dee:	f107 0010 	add.w	r0, r7, #16
    va_start(args, fmt);
   b4df2:	60fd      	str	r5, [r7, #12]
    int n = vsnprintf(buf, sizeof(buf), fmt, args);
   b4df4:	f7ff fcee 	bl	b47d4 <vsnprintf>
    if ((size_t)n >= sizeof(buf)) {
   b4df8:	281f      	cmp	r0, #31
   b4dfa:	687a      	ldr	r2, [r7, #4]
   b4dfc:	d91a      	bls.n	b4e34 <_ZN5spark16StreamLogHandler6printfEPKcz+0x5e>
        char buf[n + 1]; // Use a larger buffer
   b4dfe:	f100 0308 	add.w	r3, r0, #8
   b4e02:	f023 0307 	bic.w	r3, r3, #7
        }
   b4e06:	466e      	mov	r6, sp
        char buf[n + 1]; // Use a larger buffer
   b4e08:	ebad 0d03 	sub.w	sp, sp, r3
        n = vsnprintf(buf, sizeof(buf), fmt, args);
   b4e0c:	1c41      	adds	r1, r0, #1
   b4e0e:	462b      	mov	r3, r5
   b4e10:	4668      	mov	r0, sp
        va_start(args, fmt);
   b4e12:	60fd      	str	r5, [r7, #12]
        n = vsnprintf(buf, sizeof(buf), fmt, args);
   b4e14:	f7ff fcde 	bl	b47d4 <vsnprintf>
        if (n > 0) {
   b4e18:	1e02      	subs	r2, r0, #0
   b4e1a:	dd04      	ble.n	b4e26 <_ZN5spark16StreamLogHandler6printfEPKcz+0x50>
            write(buf, n);
   b4e1c:	6823      	ldr	r3, [r4, #0]
   b4e1e:	4669      	mov	r1, sp
   b4e20:	68db      	ldr	r3, [r3, #12]
   b4e22:	4620      	mov	r0, r4
   b4e24:	4798      	blx	r3
   b4e26:	46b5      	mov	sp, r6
}
   b4e28:	3730      	adds	r7, #48	; 0x30
   b4e2a:	46bd      	mov	sp, r7
   b4e2c:	e8bd 40f0 	ldmia.w	sp!, {r4, r5, r6, r7, lr}
   b4e30:	b003      	add	sp, #12
   b4e32:	4770      	bx	lr
    } else if (n > 0) {
   b4e34:	2800      	cmp	r0, #0
   b4e36:	d0f7      	beq.n	b4e28 <_ZN5spark16StreamLogHandler6printfEPKcz+0x52>
        write(buf, n);
   b4e38:	6823      	ldr	r3, [r4, #0]
   b4e3a:	4602      	mov	r2, r0
   b4e3c:	68db      	ldr	r3, [r3, #12]
   b4e3e:	f107 0110 	add.w	r1, r7, #16
   b4e42:	4620      	mov	r0, r4
   b4e44:	4798      	blx	r3
}
   b4e46:	e7ef      	b.n	b4e28 <_ZN5spark16StreamLogHandler6printfEPKcz+0x52>

000b4e48 <_ZN5spark24DefaultLogHandlerFactory8instanceEv>:
spark::DefaultLogHandlerFactory* spark::DefaultLogHandlerFactory::instance() {
   b4e48:	b510      	push	{r4, lr}
    static DefaultLogHandlerFactory factory;
   b4e4a:	4c09      	ldr	r4, [pc, #36]	; (b4e70 <_ZN5spark24DefaultLogHandlerFactory8instanceEv+0x28>)
   b4e4c:	7823      	ldrb	r3, [r4, #0]
   b4e4e:	f3bf 8f5b 	dmb	ish
   b4e52:	07db      	lsls	r3, r3, #31
   b4e54:	d409      	bmi.n	b4e6a <_ZN5spark24DefaultLogHandlerFactory8instanceEv+0x22>
   b4e56:	4620      	mov	r0, r4
   b4e58:	f7ff fcdc 	bl	b4814 <__cxa_guard_acquire>
   b4e5c:	b128      	cbz	r0, b4e6a <_ZN5spark24DefaultLogHandlerFactory8instanceEv+0x22>
   b4e5e:	4620      	mov	r0, r4
   b4e60:	f7ff fce0 	bl	b4824 <__cxa_guard_release>
   b4e64:	4803      	ldr	r0, [pc, #12]	; (b4e74 <_ZN5spark24DefaultLogHandlerFactory8instanceEv+0x2c>)
   b4e66:	f001 fc77 	bl	b6758 <atexit>
}
   b4e6a:	4803      	ldr	r0, [pc, #12]	; (b4e78 <_ZN5spark24DefaultLogHandlerFactory8instanceEv+0x30>)
   b4e6c:	bd10      	pop	{r4, pc}
   b4e6e:	bf00      	nop
   b4e70:	2003df14 	.word	0x2003df14
   b4e74:	000b4c31 	.word	0x000b4c31
   b4e78:	2003de40 	.word	0x2003de40

000b4e7c <_ZN5spark26DefaultOutputStreamFactory8instanceEv>:

spark::DefaultOutputStreamFactory* spark::DefaultOutputStreamFactory::instance() {
   b4e7c:	b510      	push	{r4, lr}
    static DefaultOutputStreamFactory factory;
   b4e7e:	4c09      	ldr	r4, [pc, #36]	; (b4ea4 <_ZN5spark26DefaultOutputStreamFactory8instanceEv+0x28>)
   b4e80:	7823      	ldrb	r3, [r4, #0]
   b4e82:	f3bf 8f5b 	dmb	ish
   b4e86:	07db      	lsls	r3, r3, #31
   b4e88:	d409      	bmi.n	b4e9e <_ZN5spark26DefaultOutputStreamFactory8instanceEv+0x22>
   b4e8a:	4620      	mov	r0, r4
   b4e8c:	f7ff fcc2 	bl	b4814 <__cxa_guard_acquire>
   b4e90:	b128      	cbz	r0, b4e9e <_ZN5spark26DefaultOutputStreamFactory8instanceEv+0x22>
   b4e92:	4620      	mov	r0, r4
   b4e94:	f7ff fcc6 	bl	b4824 <__cxa_guard_release>
   b4e98:	4803      	ldr	r0, [pc, #12]	; (b4ea8 <_ZN5spark26DefaultOutputStreamFactory8instanceEv+0x2c>)
   b4e9a:	f001 fc5d 	bl	b6758 <atexit>
    return &factory;
}
   b4e9e:	4803      	ldr	r0, [pc, #12]	; (b4eac <_ZN5spark26DefaultOutputStreamFactory8instanceEv+0x30>)
   b4ea0:	bd10      	pop	{r4, pc}
   b4ea2:	bf00      	nop
   b4ea4:	2003df18 	.word	0x2003df18
   b4ea8:	000b4c89 	.word	0x000b4c89
   b4eac:	2003de44 	.word	0x2003de44

000b4eb0 <_ZN5spark10LogManagerC1Ev>:
    Print *stream;
};

#endif // Wiring_LogConfig

spark::LogManager::LogManager() {
   b4eb0:	b538      	push	{r3, r4, r5, lr}
        capacity_(0) {
   b4eb2:	2500      	movs	r5, #0
   b4eb4:	4604      	mov	r4, r0
   b4eb6:	e9c0 5500 	strd	r5, r5, [r0]
   b4eba:	e9c0 5504 	strd	r5, r5, [r0, #16]
   b4ebe:	6085      	str	r5, [r0, #8]
   b4ec0:	6185      	str	r5, [r0, #24]
    RecursiveMutex() : handle_(nullptr)
   b4ec2:	f840 5f24 	str.w	r5, [r0, #36]!
        os_mutex_recursive_create(&handle_);
   b4ec6:	f7ff faaf 	bl	b4428 <os_mutex_recursive_create>
#if Wiring_LogConfig
    handlerFactory_ = DefaultLogHandlerFactory::instance();
   b4eca:	f7ff ffbd 	bl	b4e48 <_ZN5spark24DefaultLogHandlerFactory8instanceEv>
   b4ece:	61e0      	str	r0, [r4, #28]
    streamFactory_ = DefaultOutputStreamFactory::instance();
   b4ed0:	f7ff ffd4 	bl	b4e7c <_ZN5spark26DefaultOutputStreamFactory8instanceEv>
#endif
    outputActive_ = false;
   b4ed4:	7325      	strb	r5, [r4, #12]
    streamFactory_ = DefaultOutputStreamFactory::instance();
   b4ed6:	6220      	str	r0, [r4, #32]
}
   b4ed8:	4620      	mov	r0, r4
   b4eda:	bd38      	pop	{r3, r4, r5, pc}

000b4edc <_ZN5spark10LogManager8instanceEv>:
            resetSystemCallbacks();
        }
    }
}

spark::LogManager* spark::LogManager::instance() {
   b4edc:	b510      	push	{r4, lr}
    static LogManager mgr;
   b4ede:	4c0a      	ldr	r4, [pc, #40]	; (b4f08 <_ZN5spark10LogManager8instanceEv+0x2c>)
   b4ee0:	7823      	ldrb	r3, [r4, #0]
   b4ee2:	f3bf 8f5b 	dmb	ish
   b4ee6:	07db      	lsls	r3, r3, #31
   b4ee8:	d40c      	bmi.n	b4f04 <_ZN5spark10LogManager8instanceEv+0x28>
   b4eea:	4620      	mov	r0, r4
   b4eec:	f7ff fc92 	bl	b4814 <__cxa_guard_acquire>
   b4ef0:	b140      	cbz	r0, b4f04 <_ZN5spark10LogManager8instanceEv+0x28>
   b4ef2:	4806      	ldr	r0, [pc, #24]	; (b4f0c <_ZN5spark10LogManager8instanceEv+0x30>)
   b4ef4:	f7ff ffdc 	bl	b4eb0 <_ZN5spark10LogManagerC1Ev>
   b4ef8:	4620      	mov	r0, r4
   b4efa:	f7ff fc93 	bl	b4824 <__cxa_guard_release>
   b4efe:	4804      	ldr	r0, [pc, #16]	; (b4f10 <_ZN5spark10LogManager8instanceEv+0x34>)
   b4f00:	f001 fc2a 	bl	b6758 <atexit>
    return &mgr;
}
   b4f04:	4801      	ldr	r0, [pc, #4]	; (b4f0c <_ZN5spark10LogManager8instanceEv+0x30>)
   b4f06:	bd10      	pop	{r4, pc}
   b4f08:	2003df10 	.word	0x2003df10
   b4f0c:	2003df20 	.word	0x2003df20
   b4f10:	000b5455 	.word	0x000b5455

000b4f14 <_ZN5spark10LogManager18setSystemCallbacksEv>:
}

#endif // Wiring_LogConfig

void spark::LogManager::setSystemCallbacks() {
    log_set_callbacks(logMessage, logWrite, logEnabled, nullptr);
   b4f14:	4a02      	ldr	r2, [pc, #8]	; (b4f20 <_ZN5spark10LogManager18setSystemCallbacksEv+0xc>)
   b4f16:	4903      	ldr	r1, [pc, #12]	; (b4f24 <_ZN5spark10LogManager18setSystemCallbacksEv+0x10>)
   b4f18:	4803      	ldr	r0, [pc, #12]	; (b4f28 <_ZN5spark10LogManager18setSystemCallbacksEv+0x14>)
   b4f1a:	2300      	movs	r3, #0
   b4f1c:	f7ff bb84 	b.w	b4628 <log_set_callbacks>
   b4f20:	000b5239 	.word	0x000b5239
   b4f24:	000b51c5 	.word	0x000b51c5
   b4f28:	000b5145 	.word	0x000b5145

000b4f2c <_ZN5spark10LogManager20resetSystemCallbacksEv>:
}

void spark::LogManager::resetSystemCallbacks() {
    log_set_callbacks(nullptr, nullptr, nullptr, nullptr);
   b4f2c:	2300      	movs	r3, #0
   b4f2e:	461a      	mov	r2, r3
   b4f30:	4619      	mov	r1, r3
   b4f32:	4618      	mov	r0, r3
   b4f34:	f7ff bb78 	b.w	b4628 <log_set_callbacks>

000b4f38 <_ZN5spark18JSONObjectIteratorC1ERKNS_9JSONValueE>:
inline spark::JSONObjectIterator::JSONObjectIterator(const JSONValue &value) :
   b4f38:	b537      	push	{r0, r1, r2, r4, r5, lr}
        JSONObjectIterator(value.t_, value.d_) {
   b4f3a:	688d      	ldr	r5, [r1, #8]
inline spark::JSONObjectIterator::JSONObjectIterator(const JSONValue &value) :
   b4f3c:	4604      	mov	r4, r0
       *  @brief  Construct an empty %shared_ptr.
       *  @post   use_count()==0 && get()==0
       */
      constexpr shared_ptr() noexcept : __shared_ptr<_Tp>() { }

      shared_ptr(const shared_ptr&) noexcept = default; ///< Copy constructor
   b4f3e:	4668      	mov	r0, sp
   b4f40:	f7ff fcb6 	bl	b48b0 <_ZNSt12__shared_ptrIN5spark6detail8JSONDataELN9__gnu_cxx12_Lock_policyE0EEC1ERKS5_>
        JSONObjectIterator(value.t_, value.d_) {
   b4f44:	466a      	mov	r2, sp
   b4f46:	4629      	mov	r1, r5
   b4f48:	4620      	mov	r0, r4
   b4f4a:	f001 f8a7 	bl	b609c <_ZN5spark18JSONObjectIteratorC1EPK9jsmntok_tSt10shared_ptrINS_6detail8JSONDataEE>
      __shared_ptr& operator=(const __shared_ptr&) noexcept = default;
      ~__shared_ptr() = default;
   b4f4e:	a801      	add	r0, sp, #4
   b4f50:	f7ff fcb7 	bl	b48c2 <_ZNSt14__shared_countILN9__gnu_cxx12_Lock_policyE0EED1Ev>
}
   b4f54:	4620      	mov	r0, r4
   b4f56:	b003      	add	sp, #12
   b4f58:	bd30      	pop	{r4, r5, pc}

000b4f5a <_ZNK5spark18JSONObjectIterator4nameEv>:
inline spark::JSONString spark::JSONObjectIterator::name() const {
   b4f5a:	b537      	push	{r0, r1, r2, r4, r5, lr}
    return JSONString(k_, d_);
   b4f5c:	68cd      	ldr	r5, [r1, #12]
inline spark::JSONString spark::JSONObjectIterator::name() const {
   b4f5e:	4604      	mov	r4, r0
   b4f60:	4668      	mov	r0, sp
   b4f62:	f7ff fca5 	bl	b48b0 <_ZNSt12__shared_ptrIN5spark6detail8JSONDataELN9__gnu_cxx12_Lock_policyE0EEC1ERKS5_>
    return JSONString(k_, d_);
   b4f66:	466a      	mov	r2, sp
   b4f68:	4629      	mov	r1, r5
   b4f6a:	4620      	mov	r0, r4
   b4f6c:	f001 f872 	bl	b6054 <_ZN5spark10JSONStringC1EPK9jsmntok_tSt10shared_ptrINS_6detail8JSONDataEE>
   b4f70:	a801      	add	r0, sp, #4
   b4f72:	f7ff fca6 	bl	b48c2 <_ZNSt14__shared_countILN9__gnu_cxx12_Lock_policyE0EED1Ev>
}
   b4f76:	4620      	mov	r0, r4
   b4f78:	b003      	add	sp, #12
   b4f7a:	bd30      	pop	{r4, r5, pc}

000b4f7c <_ZNK5spark18JSONObjectIterator5valueEv>:
inline spark::JSONValue spark::JSONObjectIterator::value() const {
   b4f7c:	b537      	push	{r0, r1, r2, r4, r5, lr}
    return JSONValue(v_, d_);
   b4f7e:	690d      	ldr	r5, [r1, #16]
inline spark::JSONValue spark::JSONObjectIterator::value() const {
   b4f80:	4604      	mov	r4, r0
   b4f82:	4668      	mov	r0, sp
   b4f84:	f7ff fc94 	bl	b48b0 <_ZNSt12__shared_ptrIN5spark6detail8JSONDataELN9__gnu_cxx12_Lock_policyE0EEC1ERKS5_>
    return JSONValue(v_, d_);
   b4f88:	466a      	mov	r2, sp
   b4f8a:	4629      	mov	r1, r5
   b4f8c:	4620      	mov	r0, r4
   b4f8e:	f001 f80a 	bl	b5fa6 <_ZN5spark9JSONValueC1EPK9jsmntok_tSt10shared_ptrINS_6detail8JSONDataEE>
   b4f92:	a801      	add	r0, sp, #4
   b4f94:	f7ff fc95 	bl	b48c2 <_ZNSt14__shared_countILN9__gnu_cxx12_Lock_policyE0EED1Ev>
}
   b4f98:	4620      	mov	r0, r4
   b4f9a:	b003      	add	sp, #12
   b4f9c:	bd30      	pop	{r4, r5, pc}
	...

000b4fa0 <_ZN5spark26DefaultOutputStreamFactory9getParamsERKNS_9JSONValueEPi>:
void spark::DefaultOutputStreamFactory::getParams(const JSONValue &params, int *baudRate) {
   b4fa0:	b570      	push	{r4, r5, r6, lr}
   b4fa2:	b08a      	sub	sp, #40	; 0x28
   b4fa4:	460d      	mov	r5, r1
    JSONObjectIterator it(params);
   b4fa6:	4601      	mov	r1, r0
   b4fa8:	a804      	add	r0, sp, #16
   b4faa:	f7ff ffc5 	bl	b4f38 <_ZN5spark18JSONObjectIteratorC1ERKNS_9JSONValueE>
        if (it.name() == "baud" && baudRate) {
   b4fae:	4e14      	ldr	r6, [pc, #80]	; (b5000 <_ZN5spark26DefaultOutputStreamFactory9getParamsERKNS_9JSONValueEPi+0x60>)
    while (it.next()) {
   b4fb0:	a804      	add	r0, sp, #16
   b4fb2:	f001 f88b 	bl	b60cc <_ZN5spark18JSONObjectIterator4nextEv>
   b4fb6:	b1e8      	cbz	r0, b4ff4 <_ZN5spark26DefaultOutputStreamFactory9getParamsERKNS_9JSONValueEPi+0x54>
        if (it.name() == "baud" && baudRate) {
   b4fb8:	a904      	add	r1, sp, #16
   b4fba:	4668      	mov	r0, sp
   b4fbc:	f7ff ffcd 	bl	b4f5a <_ZNK5spark18JSONObjectIterator4nameEv>
   b4fc0:	9802      	ldr	r0, [sp, #8]
   b4fc2:	4631      	mov	r1, r6
   b4fc4:	f7ff fe59 	bl	b4c7a <_ZNK5spark10JSONStringeqEPKc.isra.0>
   b4fc8:	4604      	mov	r4, r0
   b4fca:	b110      	cbz	r0, b4fd2 <_ZN5spark26DefaultOutputStreamFactory9getParamsERKNS_9JSONValueEPi+0x32>
   b4fcc:	1e2c      	subs	r4, r5, #0
   b4fce:	bf18      	it	ne
   b4fd0:	2401      	movne	r4, #1
   b4fd2:	a801      	add	r0, sp, #4
   b4fd4:	f7ff fc75 	bl	b48c2 <_ZNSt14__shared_countILN9__gnu_cxx12_Lock_policyE0EED1Ev>
   b4fd8:	2c00      	cmp	r4, #0
   b4fda:	d0e9      	beq.n	b4fb0 <_ZN5spark26DefaultOutputStreamFactory9getParamsERKNS_9JSONValueEPi+0x10>
            *baudRate = it.value().toInt();
   b4fdc:	a904      	add	r1, sp, #16
   b4fde:	4668      	mov	r0, sp
   b4fe0:	f7ff ffcc 	bl	b4f7c <_ZNK5spark18JSONObjectIterator5valueEv>
   b4fe4:	4668      	mov	r0, sp
   b4fe6:	f001 f814 	bl	b6012 <_ZNK5spark9JSONValue5toIntEv>
   b4fea:	6028      	str	r0, [r5, #0]
   b4fec:	a801      	add	r0, sp, #4
   b4fee:	f7ff fc68 	bl	b48c2 <_ZNSt14__shared_countILN9__gnu_cxx12_Lock_policyE0EED1Ev>
   b4ff2:	e7dd      	b.n	b4fb0 <_ZN5spark26DefaultOutputStreamFactory9getParamsERKNS_9JSONValueEPi+0x10>
   b4ff4:	a805      	add	r0, sp, #20
   b4ff6:	f7ff fc64 	bl	b48c2 <_ZNSt14__shared_countILN9__gnu_cxx12_Lock_policyE0EED1Ev>
}
   b4ffa:	b00a      	add	sp, #40	; 0x28
   b4ffc:	bd70      	pop	{r4, r5, r6, pc}
   b4ffe:	bf00      	nop
   b5000:	000b6b40 	.word	0x000b6b40

000b5004 <_ZN5spark26DefaultOutputStreamFactory12createStreamEPKcRKNS_9JSONValueE>:
Print* spark::DefaultOutputStreamFactory::createStream(const char *type, const JSONValue &params) {
   b5004:	b537      	push	{r0, r1, r2, r4, r5, lr}
   b5006:	460c      	mov	r4, r1
    if (strcmp(type, "Serial") == 0) {
   b5008:	4620      	mov	r0, r4
   b500a:	4913      	ldr	r1, [pc, #76]	; (b5058 <_ZN5spark26DefaultOutputStreamFactory12createStreamEPKcRKNS_9JSONValueE+0x54>)
Print* spark::DefaultOutputStreamFactory::createStream(const char *type, const JSONValue &params) {
   b500c:	4615      	mov	r5, r2
    if (strcmp(type, "Serial") == 0) {
   b500e:	f7ff f805 	bl	b401c <strcmp>
   b5012:	b950      	cbnz	r0, b502a <_ZN5spark26DefaultOutputStreamFactory12createStreamEPKcRKNS_9JSONValueE+0x26>
        Serial.begin();
   b5014:	f000 ff34 	bl	b5e80 <_Z16_fetch_usbserialv>
   b5018:	f44f 5116 	mov.w	r1, #9600	; 0x2580
   b501c:	f000 ff20 	bl	b5e60 <_ZN9USBSerial5beginEl>
}
   b5020:	b003      	add	sp, #12
   b5022:	e8bd 4030 	ldmia.w	sp!, {r4, r5, lr}
        return &Serial;
   b5026:	f000 bf2b 	b.w	b5e80 <_Z16_fetch_usbserialv>
    if (strcmp(type, "Serial1") == 0) {
   b502a:	490c      	ldr	r1, [pc, #48]	; (b505c <_ZN5spark26DefaultOutputStreamFactory12createStreamEPKcRKNS_9JSONValueE+0x58>)
   b502c:	4620      	mov	r0, r4
   b502e:	f7fe fff5 	bl	b401c <strcmp>
   b5032:	b978      	cbnz	r0, b5054 <_ZN5spark26DefaultOutputStreamFactory12createStreamEPKcRKNS_9JSONValueE+0x50>
        int baud = 9600;
   b5034:	f44f 5316 	mov.w	r3, #9600	; 0x2580
        getParams(params, &baud);
   b5038:	a901      	add	r1, sp, #4
   b503a:	4628      	mov	r0, r5
        int baud = 9600;
   b503c:	9301      	str	r3, [sp, #4]
        getParams(params, &baud);
   b503e:	f7ff ffaf 	bl	b4fa0 <_ZN5spark26DefaultOutputStreamFactory9getParamsERKNS_9JSONValueEPi>
        Serial1.begin(baud);
   b5042:	f001 fb21 	bl	b6688 <_Z22__fetch_global_Serial1v>
   b5046:	9901      	ldr	r1, [sp, #4]
   b5048:	f001 f9ba 	bl	b63c0 <_ZN11USARTSerial5beginEm>
        return &Serial1;
   b504c:	f001 fb1c 	bl	b6688 <_Z22__fetch_global_Serial1v>
}
   b5050:	b003      	add	sp, #12
   b5052:	bd30      	pop	{r4, r5, pc}
    return nullptr;
   b5054:	2000      	movs	r0, #0
   b5056:	e7fb      	b.n	b5050 <_ZN5spark26DefaultOutputStreamFactory12createStreamEPKcRKNS_9JSONValueE+0x4c>
   b5058:	000b6b45 	.word	0x000b6b45
   b505c:	000b6b4c 	.word	0x000b6b4c

000b5060 <_ZN5spark6VectorINS_6detail9LogFilter4NodeENS_16DefaultAllocatorEED1Ev>:
inline spark::Vector<T, AllocatorT>::~Vector() {
   b5060:	b570      	push	{r4, r5, r6, lr}
    destruct(data_, data_ + size_);
   b5062:	e9d0 5300 	ldrd	r5, r3, [r0]
   b5066:	2614      	movs	r6, #20
inline spark::Vector<T, AllocatorT>::~Vector() {
   b5068:	4604      	mov	r4, r0
    destruct(data_, data_ + size_);
   b506a:	fb06 5603 	mla	r6, r6, r3, r5
        for (; p != end; ++p) {
   b506e:	42ae      	cmp	r6, r5
   b5070:	d005      	beq.n	b507e <_ZN5spark6VectorINS_6detail9LogFilter4NodeENS_16DefaultAllocatorEED1Ev+0x1e>
struct spark::detail::LogFilter::Node {
   b5072:	f105 0008 	add.w	r0, r5, #8
   b5076:	f7ff fff3 	bl	b5060 <_ZN5spark6VectorINS_6detail9LogFilter4NodeENS_16DefaultAllocatorEED1Ev>
   b507a:	3514      	adds	r5, #20
   b507c:	e7f7      	b.n	b506e <_ZN5spark6VectorINS_6detail9LogFilter4NodeENS_16DefaultAllocatorEED1Ev+0xe>
    ::free(ptr);
   b507e:	6820      	ldr	r0, [r4, #0]
   b5080:	f7ff fb90 	bl	b47a4 <free>
}
   b5084:	4620      	mov	r0, r4
   b5086:	bd70      	pop	{r4, r5, r6, pc}

000b5088 <_ZN5spark6detail9LogFilterD1Ev>:
spark::detail::LogFilter::~LogFilter() {
   b5088:	b510      	push	{r4, lr}
   b508a:	4604      	mov	r4, r0
   b508c:	300c      	adds	r0, #12
   b508e:	f7ff ffe7 	bl	b5060 <_ZN5spark6VectorINS_6detail9LogFilter4NodeENS_16DefaultAllocatorEED1Ev>
   b5092:	4620      	mov	r0, r4
   b5094:	f7ff fd26 	bl	b4ae4 <_ZN5spark6VectorI6StringNS_16DefaultAllocatorEED1Ev>
}
   b5098:	4620      	mov	r0, r4
   b509a:	bd10      	pop	{r4, pc}

000b509c <_ZN5spark16StreamLogHandlerD1Ev>:
class StreamLogHandler: public LogHandler {
   b509c:	b510      	push	{r4, lr}
    virtual ~LogHandler() = default;
   b509e:	4b04      	ldr	r3, [pc, #16]	; (b50b0 <_ZN5spark16StreamLogHandlerD1Ev+0x14>)
class StreamLogHandler: public LogHandler {
   b50a0:	4604      	mov	r4, r0
    virtual ~LogHandler() = default;
   b50a2:	f840 3b04 	str.w	r3, [r0], #4
   b50a6:	f7ff ffef 	bl	b5088 <_ZN5spark6detail9LogFilterD1Ev>
class StreamLogHandler: public LogHandler {
   b50aa:	4620      	mov	r0, r4
   b50ac:	bd10      	pop	{r4, pc}
   b50ae:	bf00      	nop
   b50b0:	000b6a78 	.word	0x000b6a78

000b50b4 <_ZN5spark16StreamLogHandlerD0Ev>:
   b50b4:	b510      	push	{r4, lr}
   b50b6:	4604      	mov	r4, r0
   b50b8:	f7ff fff0 	bl	b509c <_ZN5spark16StreamLogHandlerD1Ev>
   b50bc:	4620      	mov	r0, r4
   b50be:	2124      	movs	r1, #36	; 0x24
   b50c0:	f7fe fffd 	bl	b40be <_ZdlPvj>
   b50c4:	4620      	mov	r0, r4
   b50c6:	bd10      	pop	{r4, pc}

000b50c8 <_ZN5spark20JSONStreamLogHandlerD1Ev>:
class JSONStreamLogHandler: public StreamLogHandler {
   b50c8:	b510      	push	{r4, lr}
   b50ca:	4b03      	ldr	r3, [pc, #12]	; (b50d8 <_ZN5spark20JSONStreamLogHandlerD1Ev+0x10>)
   b50cc:	6003      	str	r3, [r0, #0]
   b50ce:	4604      	mov	r4, r0
   b50d0:	f7ff ffe4 	bl	b509c <_ZN5spark16StreamLogHandlerD1Ev>
   b50d4:	4620      	mov	r0, r4
   b50d6:	bd10      	pop	{r4, pc}
   b50d8:	000b6bd8 	.word	0x000b6bd8

000b50dc <_ZN5spark20JSONStreamLogHandlerD0Ev>:
   b50dc:	b510      	push	{r4, lr}
   b50de:	4604      	mov	r4, r0
   b50e0:	f7ff fff2 	bl	b50c8 <_ZN5spark20JSONStreamLogHandlerD1Ev>
   b50e4:	4620      	mov	r0, r4
   b50e6:	2124      	movs	r1, #36	; 0x24
   b50e8:	f7fe ffe9 	bl	b40be <_ZdlPvj>
   b50ec:	4620      	mov	r0, r4
   b50ee:	bd10      	pop	{r4, pc}

000b50f0 <_ZN5spark6detail9LogFilter4NodeC1EOS2_>:
struct spark::detail::LogFilter::Node {
   b50f0:	680a      	ldr	r2, [r1, #0]
   b50f2:	6002      	str	r2, [r0, #0]
   b50f4:	684a      	ldr	r2, [r1, #4]
   b50f6:	6042      	str	r2, [r0, #4]
        capacity_(0) {
   b50f8:	2200      	movs	r2, #0
   b50fa:	e9c0 2202 	strd	r2, r2, [r0, #8]
   b50fe:	b510      	push	{r4, lr}
   b5100:	6102      	str	r2, [r0, #16]
      __a = _GLIBCXX_MOVE(__b);
   b5102:	688c      	ldr	r4, [r1, #8]
   b5104:	6084      	str	r4, [r0, #8]
   b5106:	68cc      	ldr	r4, [r1, #12]
   b5108:	60c4      	str	r4, [r0, #12]
   b510a:	690c      	ldr	r4, [r1, #16]
      __b = _GLIBCXX_MOVE(__tmp);
   b510c:	608a      	str	r2, [r1, #8]
   b510e:	60ca      	str	r2, [r1, #12]
      __a = _GLIBCXX_MOVE(__b);
   b5110:	6104      	str	r4, [r0, #16]
      __b = _GLIBCXX_MOVE(__tmp);
   b5112:	610a      	str	r2, [r1, #16]
   b5114:	bd10      	pop	{r4, pc}

000b5116 <_ZN5spark6VectorINS_17LogCategoryFilterENS_16DefaultAllocatorEEC1EOS3_>:
   b5116:	2200      	movs	r2, #0
   b5118:	e9c0 2200 	strd	r2, r2, [r0]
inline spark::Vector<T, AllocatorT>::Vector(Vector<T, AllocatorT>&& vector) : Vector() {
   b511c:	b510      	push	{r4, lr}
        capacity_(0) {
   b511e:	6082      	str	r2, [r0, #8]
      __a = _GLIBCXX_MOVE(__b);
   b5120:	680c      	ldr	r4, [r1, #0]
   b5122:	6004      	str	r4, [r0, #0]
   b5124:	684c      	ldr	r4, [r1, #4]
   b5126:	6044      	str	r4, [r0, #4]
   b5128:	688c      	ldr	r4, [r1, #8]
      __b = _GLIBCXX_MOVE(__tmp);
   b512a:	600a      	str	r2, [r1, #0]
   b512c:	604a      	str	r2, [r1, #4]
      __a = _GLIBCXX_MOVE(__b);
   b512e:	6084      	str	r4, [r0, #8]
      __b = _GLIBCXX_MOVE(__tmp);
   b5130:	608a      	str	r2, [r1, #8]
}
   b5132:	bd10      	pop	{r4, pc}

000b5134 <_ZNSt10lock_guardI14RecursiveMutexED1Ev>:
      { _M_device.lock(); }

      lock_guard(mutex_type& __m, adopt_lock_t) noexcept : _M_device(__m)
      { } // calling thread owns mutex

      ~lock_guard()
   b5134:	b510      	push	{r4, lr}
    bool trylock() { return os_mutex_recursive_trylock(handle_)==0; }
    bool try_lock() { return trylock(); }
    void unlock() { os_mutex_recursive_unlock(handle_); }
   b5136:	6803      	ldr	r3, [r0, #0]
   b5138:	4604      	mov	r4, r0
   b513a:	6818      	ldr	r0, [r3, #0]
   b513c:	f7ff f98c 	bl	b4458 <os_mutex_recursive_unlock>
      { _M_device.unlock(); }
   b5140:	4620      	mov	r0, r4
   b5142:	bd10      	pop	{r4, pc}

000b5144 <_ZN5spark10LogManager10logMessageEPKciS2_PK13LogAttributesPv>:
}

void spark::LogManager::logMessage(const char *msg, int level, const char *category, const LogAttributes *attr, void *reserved) {
   b5144:	e92d 4ff0 	stmdb	sp!, {r4, r5, r6, r7, r8, r9, sl, fp, lr}
   b5148:	b087      	sub	sp, #28
   b514a:	4680      	mov	r8, r0
   b514c:	9303      	str	r3, [sp, #12]
    #endif /* nRF52840 */

#if defined(STM32F10X_MD) || defined(STM32F10X_HD) || defined(STM32F2XX) || defined(nRF52840)

static inline bool hal_interrupt_is_isr() {
	return (SCB->ICSR & SCB_ICSR_VECTACTIVE_Msk) != 0;
   b514e:	4b1c      	ldr	r3, [pc, #112]	; (b51c0 <_ZN5spark10LogManager10logMessageEPKciS2_PK13LogAttributesPv+0x7c>)
   b5150:	685b      	ldr	r3, [r3, #4]
   b5152:	f3c3 0308 	ubfx	r3, r3, #0, #9
   b5156:	4689      	mov	r9, r1
   b5158:	4616      	mov	r6, r2
#ifndef LOG_FROM_ISR
    if (hal_interrupt_is_isr()) {
   b515a:	b96b      	cbnz	r3, b5178 <_ZN5spark10LogManager10logMessageEPKciS2_PK13LogAttributesPv+0x34>
        return;
    }
#endif
    LogManager *that = instance();
   b515c:	f7ff febe 	bl	b4edc <_ZN5spark10LogManager8instanceEv>
   b5160:	4604      	mov	r4, r0
    LOG_WITH_LOCK(that->mutex_) {
   b5162:	f100 0324 	add.w	r3, r0, #36	; 0x24
      { _M_device.lock(); }
   b5166:	6a40      	ldr	r0, [r0, #36]	; 0x24
      explicit lock_guard(mutex_type& __m) : _M_device(__m)
   b5168:	9305      	str	r3, [sp, #20]
      { _M_device.lock(); }
   b516a:	f7ff fd84 	bl	b4c76 <_ZN14RecursiveMutex4lockEv.isra.0>
        // prevent re-entry
        if (that->isActive()) {
   b516e:	7b23      	ldrb	r3, [r4, #12]
   b5170:	b12b      	cbz	r3, b517e <_ZN5spark10LogManager10logMessageEPKciS2_PK13LogAttributesPv+0x3a>
    LOG_WITH_LOCK(that->mutex_) {
   b5172:	a805      	add	r0, sp, #20
   b5174:	f7ff ffde 	bl	b5134 <_ZNSt10lock_guardI14RecursiveMutexED1Ev>
        for (LogHandler *handler: that->activeHandlers_) {
            handler->message(msg, (LogLevel)level, category, *attr);
        }
        that->setActive(false);
    }
}
   b5178:	b007      	add	sp, #28
   b517a:	e8bd 8ff0 	ldmia.w	sp!, {r4, r5, r6, r7, r8, r9, sl, fp, pc}
inline bool spark::LogManager::isActive() const {
    return outputActive_;
}

inline void spark::LogManager::setActive(bool outputActive) {
    outputActive_ = outputActive;
   b517e:	2301      	movs	r3, #1
   b5180:	7323      	strb	r3, [r4, #12]
    return data_ + size_;
   b5182:	e9d4 5300 	ldrd	r5, r3, [r4]
            handler->message(msg, (LogLevel)level, category, *attr);
   b5186:	fa5f f989 	uxtb.w	r9, r9
   b518a:	eb05 0a83 	add.w	sl, r5, r3, lsl #2
        for (LogHandler *handler: that->activeHandlers_) {
   b518e:	45aa      	cmp	sl, r5
   b5190:	d012      	beq.n	b51b8 <_ZN5spark10LogManager10logMessageEPKciS2_PK13LogAttributesPv+0x74>
   b5192:	f855 7b04 	ldr.w	r7, [r5], #4
    if (level >= filter_.level(category)) {
   b5196:	4631      	mov	r1, r6
   b5198:	1d38      	adds	r0, r7, #4
   b519a:	f7ff fdf3 	bl	b4d84 <_ZNK5spark6detail9LogFilter5levelEPKc>
   b519e:	4581      	cmp	r9, r0
   b51a0:	d3f5      	bcc.n	b518e <_ZN5spark10LogManager10logMessageEPKciS2_PK13LogAttributesPv+0x4a>
        logMessage(msg, level, category, attr);
   b51a2:	683b      	ldr	r3, [r7, #0]
   b51a4:	9a03      	ldr	r2, [sp, #12]
   b51a6:	9200      	str	r2, [sp, #0]
   b51a8:	f8d3 b008 	ldr.w	fp, [r3, #8]
   b51ac:	464a      	mov	r2, r9
   b51ae:	4633      	mov	r3, r6
   b51b0:	4641      	mov	r1, r8
   b51b2:	4638      	mov	r0, r7
   b51b4:	47d8      	blx	fp
   b51b6:	e7ea      	b.n	b518e <_ZN5spark10LogManager10logMessageEPKciS2_PK13LogAttributesPv+0x4a>
    outputActive_ = outputActive;
   b51b8:	2300      	movs	r3, #0
   b51ba:	7323      	strb	r3, [r4, #12]
   b51bc:	e7d9      	b.n	b5172 <_ZN5spark10LogManager10logMessageEPKciS2_PK13LogAttributesPv+0x2e>
   b51be:	bf00      	nop
   b51c0:	e000ed00 	.word	0xe000ed00

000b51c4 <_ZN5spark10LogManager8logWriteEPKcjiS2_Pv>:
void spark::LogManager::logWrite(const char *data, size_t size, int level, const char *category, void *reserved) {
   b51c4:	e92d 4ff7 	stmdb	sp!, {r0, r1, r2, r4, r5, r6, r7, r8, r9, sl, fp, lr}
   b51c8:	469b      	mov	fp, r3
   b51ca:	4b1a      	ldr	r3, [pc, #104]	; (b5234 <_ZN5spark10LogManager8logWriteEPKcjiS2_Pv+0x70>)
   b51cc:	685b      	ldr	r3, [r3, #4]
   b51ce:	f3c3 0308 	ubfx	r3, r3, #0, #9
   b51d2:	4680      	mov	r8, r0
   b51d4:	4689      	mov	r9, r1
   b51d6:	4616      	mov	r6, r2
    if (hal_interrupt_is_isr()) {
   b51d8:	b96b      	cbnz	r3, b51f6 <_ZN5spark10LogManager8logWriteEPKcjiS2_Pv+0x32>
    LogManager *that = instance();
   b51da:	f7ff fe7f 	bl	b4edc <_ZN5spark10LogManager8instanceEv>
   b51de:	4604      	mov	r4, r0
    LOG_WITH_LOCK(that->mutex_) {
   b51e0:	f100 0324 	add.w	r3, r0, #36	; 0x24
   b51e4:	6a40      	ldr	r0, [r0, #36]	; 0x24
      explicit lock_guard(mutex_type& __m) : _M_device(__m)
   b51e6:	9301      	str	r3, [sp, #4]
      { _M_device.lock(); }
   b51e8:	f7ff fd45 	bl	b4c76 <_ZN14RecursiveMutex4lockEv.isra.0>
        if (that->isActive()) {
   b51ec:	7b23      	ldrb	r3, [r4, #12]
   b51ee:	b12b      	cbz	r3, b51fc <_ZN5spark10LogManager8logWriteEPKcjiS2_Pv+0x38>
    LOG_WITH_LOCK(that->mutex_) {
   b51f0:	a801      	add	r0, sp, #4
   b51f2:	f7ff ff9f 	bl	b5134 <_ZNSt10lock_guardI14RecursiveMutexED1Ev>
}
   b51f6:	b003      	add	sp, #12
   b51f8:	e8bd 8ff0 	ldmia.w	sp!, {r4, r5, r6, r7, r8, r9, sl, fp, pc}
    outputActive_ = outputActive;
   b51fc:	2301      	movs	r3, #1
   b51fe:	7323      	strb	r3, [r4, #12]
   b5200:	e9d4 5300 	ldrd	r5, r3, [r4]
    if (level >= filter_.level(category)) {
   b5204:	b2f6      	uxtb	r6, r6
   b5206:	eb05 0a83 	add.w	sl, r5, r3, lsl #2
        for (LogHandler *handler: that->activeHandlers_) {
   b520a:	4555      	cmp	r5, sl
   b520c:	d00e      	beq.n	b522c <_ZN5spark10LogManager8logWriteEPKcjiS2_Pv+0x68>
   b520e:	f855 7b04 	ldr.w	r7, [r5], #4
   b5212:	4659      	mov	r1, fp
   b5214:	1d38      	adds	r0, r7, #4
   b5216:	f7ff fdb5 	bl	b4d84 <_ZNK5spark6detail9LogFilter5levelEPKc>
   b521a:	4286      	cmp	r6, r0
   b521c:	d3f5      	bcc.n	b520a <_ZN5spark10LogManager8logWriteEPKcjiS2_Pv+0x46>
        write(data, size);
   b521e:	683b      	ldr	r3, [r7, #0]
   b5220:	464a      	mov	r2, r9
   b5222:	68db      	ldr	r3, [r3, #12]
   b5224:	4641      	mov	r1, r8
   b5226:	4638      	mov	r0, r7
   b5228:	4798      	blx	r3
   b522a:	e7ee      	b.n	b520a <_ZN5spark10LogManager8logWriteEPKcjiS2_Pv+0x46>
    outputActive_ = outputActive;
   b522c:	2300      	movs	r3, #0
   b522e:	7323      	strb	r3, [r4, #12]
   b5230:	e7de      	b.n	b51f0 <_ZN5spark10LogManager8logWriteEPKcjiS2_Pv+0x2c>
   b5232:	bf00      	nop
   b5234:	e000ed00 	.word	0xe000ed00

000b5238 <_ZN5spark10LogManager10logEnabledEiPKcPv>:
int spark::LogManager::logEnabled(int level, const char *category, void *reserved) {
   b5238:	e92d 41f3 	stmdb	sp!, {r0, r1, r4, r5, r6, r7, r8, lr}
   b523c:	4b16      	ldr	r3, [pc, #88]	; (b5298 <_ZN5spark10LogManager10logEnabledEiPKcPv+0x60>)
   b523e:	685b      	ldr	r3, [r3, #4]
   b5240:	f3c3 0308 	ubfx	r3, r3, #0, #9
   b5244:	4605      	mov	r5, r0
   b5246:	460f      	mov	r7, r1
    if (hal_interrupt_is_isr()) {
   b5248:	bb1b      	cbnz	r3, b5292 <_ZN5spark10LogManager10logEnabledEiPKcPv+0x5a>
    LogManager *that = instance();
   b524a:	f7ff fe47 	bl	b4edc <_ZN5spark10LogManager8instanceEv>
    LOG_WITH_LOCK(that->mutex_) {
   b524e:	f100 0324 	add.w	r3, r0, #36	; 0x24
    LogManager *that = instance();
   b5252:	4604      	mov	r4, r0
   b5254:	6a40      	ldr	r0, [r0, #36]	; 0x24
      explicit lock_guard(mutex_type& __m) : _M_device(__m)
   b5256:	9301      	str	r3, [sp, #4]
      { _M_device.lock(); }
   b5258:	f7ff fd0d 	bl	b4c76 <_ZN14RecursiveMutex4lockEv.isra.0>
   b525c:	e9d4 6300 	ldrd	r6, r3, [r4]
    int minLevel = LOG_LEVEL_NONE;
   b5260:	2446      	movs	r4, #70	; 0x46
   b5262:	eb06 0883 	add.w	r8, r6, r3, lsl #2
        for (LogHandler *handler: that->activeHandlers_) {
   b5266:	45b0      	cmp	r8, r6
   b5268:	d109      	bne.n	b527e <_ZN5spark10LogManager10logEnabledEiPKcPv+0x46>
    LOG_WITH_LOCK(that->mutex_) {
   b526a:	a801      	add	r0, sp, #4
   b526c:	f7ff ff62 	bl	b5134 <_ZNSt10lock_guardI14RecursiveMutexED1Ev>
    return (level >= minLevel);
   b5270:	42a5      	cmp	r5, r4
   b5272:	bfb4      	ite	lt
   b5274:	2000      	movlt	r0, #0
   b5276:	2001      	movge	r0, #1
}
   b5278:	b002      	add	sp, #8
   b527a:	e8bd 81f0 	ldmia.w	sp!, {r4, r5, r6, r7, r8, pc}
    return filter_.level(category);
   b527e:	f856 0b04 	ldr.w	r0, [r6], #4
   b5282:	4639      	mov	r1, r7
   b5284:	3004      	adds	r0, #4
   b5286:	f7ff fd7d 	bl	b4d84 <_ZNK5spark6detail9LogFilter5levelEPKc>
            if (level < minLevel) {
   b528a:	4284      	cmp	r4, r0
   b528c:	bfa8      	it	ge
   b528e:	4604      	movge	r4, r0
        for (LogHandler *handler: that->activeHandlers_) {
   b5290:	e7e9      	b.n	b5266 <_ZN5spark10LogManager10logEnabledEiPKcPv+0x2e>
        return 0;
   b5292:	2000      	movs	r0, #0
   b5294:	e7f0      	b.n	b5278 <_ZN5spark10LogManager10logEnabledEiPKcPv+0x40>
   b5296:	bf00      	nop
   b5298:	e000ed00 	.word	0xe000ed00

000b529c <_ZN5spark6VectorIPNS_10LogHandlerENS_16DefaultAllocatorEE6appendES2_>:
inline bool spark::Vector<T, AllocatorT>::append(T value) {
   b529c:	b5f8      	push	{r3, r4, r5, r6, r7, lr}
    if (size_ + 1 > capacity_ && !realloc(size_ + 1)) {
   b529e:	e9d0 5301 	ldrd	r5, r3, [r0, #4]
   b52a2:	429d      	cmp	r5, r3
inline bool spark::Vector<T, AllocatorT>::append(T value) {
   b52a4:	4604      	mov	r4, r0
   b52a6:	460e      	mov	r6, r1
    if (size_ + 1 > capacity_ && !realloc(size_ + 1)) {
   b52a8:	db0d      	blt.n	b52c6 <_ZN5spark6VectorIPNS_10LogHandlerENS_16DefaultAllocatorEE6appendES2_+0x2a>
   b52aa:	1c6f      	adds	r7, r5, #1
        if (n > 0) {
   b52ac:	2f00      	cmp	r7, #0
            d = (T*)AllocatorT::realloc(data_, n * sizeof(T));
   b52ae:	6800      	ldr	r0, [r0, #0]
        if (n > 0) {
   b52b0:	dd04      	ble.n	b52bc <_ZN5spark6VectorIPNS_10LogHandlerENS_16DefaultAllocatorEE6appendES2_+0x20>
    return ::realloc(ptr, size);
   b52b2:	00b9      	lsls	r1, r7, #2
   b52b4:	f7ff fa7e 	bl	b47b4 <realloc>
            if (!d) {
   b52b8:	b918      	cbnz	r0, b52c2 <_ZN5spark6VectorIPNS_10LogHandlerENS_16DefaultAllocatorEE6appendES2_+0x26>
}
   b52ba:	bdf8      	pop	{r3, r4, r5, r6, r7, pc}
    ::free(ptr);
   b52bc:	f7ff fa72 	bl	b47a4 <free>
        T* d = nullptr;
   b52c0:	2000      	movs	r0, #0
        data_ = d;
   b52c2:	6020      	str	r0, [r4, #0]
        capacity_ = n;
   b52c4:	60a7      	str	r7, [r4, #8]
    T* const p = data_ + i;
   b52c6:	6827      	ldr	r7, [r4, #0]
    move(p + 1, p, data_ + size_);
   b52c8:	6862      	ldr	r2, [r4, #4]
    T* const p = data_ + i;
   b52ca:	eb07 0185 	add.w	r1, r7, r5, lsl #2
    move(p + 1, p, data_ + size_);
   b52ce:	0092      	lsls	r2, r2, #2
        ::memmove(dest, p, (end - p) * sizeof(T));
   b52d0:	eba2 0285 	sub.w	r2, r2, r5, lsl #2
   b52d4:	1d08      	adds	r0, r1, #4
   b52d6:	f001 fa5b 	bl	b6790 <memmove>
    new(p) T(std::move(value));
   b52da:	f847 6025 	str.w	r6, [r7, r5, lsl #2]
    ++size_;
   b52de:	6863      	ldr	r3, [r4, #4]
   b52e0:	3301      	adds	r3, #1
   b52e2:	6063      	str	r3, [r4, #4]
    return true;
   b52e4:	2001      	movs	r0, #1
   b52e6:	e7e8      	b.n	b52ba <_ZN5spark6VectorIPNS_10LogHandlerENS_16DefaultAllocatorEE6appendES2_+0x1e>

000b52e8 <_ZN5spark10LogManager10addHandlerEPNS_10LogHandlerE>:
bool spark::LogManager::addHandler(LogHandler *handler) {
   b52e8:	b537      	push	{r0, r1, r2, r4, r5, lr}
    LOG_WITH_LOCK(mutex_) {
   b52ea:	f100 0324 	add.w	r3, r0, #36	; 0x24
bool spark::LogManager::addHandler(LogHandler *handler) {
   b52ee:	4604      	mov	r4, r0
   b52f0:	6a40      	ldr	r0, [r0, #36]	; 0x24
      explicit lock_guard(mutex_type& __m) : _M_device(__m)
   b52f2:	9301      	str	r3, [sp, #4]
   b52f4:	460d      	mov	r5, r1
      { _M_device.lock(); }
   b52f6:	f7ff fcbe 	bl	b4c76 <_ZN14RecursiveMutex4lockEv.isra.0>
    return find(data_, data_ + size_, value);
   b52fa:	e9d4 3200 	ldrd	r3, r2, [r4]
   b52fe:	eb03 0282 	add.w	r2, r3, r2, lsl #2
        for (; p != end; ++p) {
   b5302:	4293      	cmp	r3, r2
   b5304:	4619      	mov	r1, r3
   b5306:	d00b      	beq.n	b5320 <_ZN5spark10LogManager10addHandlerEPNS_10LogHandlerE+0x38>
            if (*p == value) {
   b5308:	6809      	ldr	r1, [r1, #0]
   b530a:	42a9      	cmp	r1, r5
   b530c:	f103 0304 	add.w	r3, r3, #4
   b5310:	d1f7      	bne.n	b5302 <_ZN5spark10LogManager10addHandlerEPNS_10LogHandlerE+0x1a>
            return false;
   b5312:	a801      	add	r0, sp, #4
   b5314:	f7ff ff0e 	bl	b5134 <_ZNSt10lock_guardI14RecursiveMutexED1Ev>
   b5318:	2500      	movs	r5, #0
}
   b531a:	4628      	mov	r0, r5
   b531c:	b003      	add	sp, #12
   b531e:	bd30      	pop	{r4, r5, pc}
        if (activeHandlers_.contains(handler) || !activeHandlers_.append(handler)) {
   b5320:	4629      	mov	r1, r5
   b5322:	4620      	mov	r0, r4
   b5324:	f7ff ffba 	bl	b529c <_ZN5spark6VectorIPNS_10LogHandlerENS_16DefaultAllocatorEE6appendES2_>
   b5328:	4605      	mov	r5, r0
   b532a:	2800      	cmp	r0, #0
   b532c:	d0f1      	beq.n	b5312 <_ZN5spark10LogManager10addHandlerEPNS_10LogHandlerE+0x2a>
        if (activeHandlers_.size() == 1) {
   b532e:	6863      	ldr	r3, [r4, #4]
   b5330:	2b01      	cmp	r3, #1
   b5332:	d101      	bne.n	b5338 <_ZN5spark10LogManager10addHandlerEPNS_10LogHandlerE+0x50>
            setSystemCallbacks();
   b5334:	f7ff fdee 	bl	b4f14 <_ZN5spark10LogManager18setSystemCallbacksEv>
    LOG_WITH_LOCK(mutex_) {
   b5338:	a801      	add	r0, sp, #4
   b533a:	f7ff fefb 	bl	b5134 <_ZNSt10lock_guardI14RecursiveMutexED1Ev>
   b533e:	e7ec      	b.n	b531a <_ZN5spark10LogManager10addHandlerEPNS_10LogHandlerE+0x32>

000b5340 <_ZN5spark6VectorIPNS_10LogHandlerENS_16DefaultAllocatorEE9removeOneERKS2_>:
inline bool spark::Vector<T, AllocatorT>::removeOne(const T &value) {
   b5340:	b570      	push	{r4, r5, r6, lr}
   b5342:	4604      	mov	r4, r0
    T* const p = find(data_, data_ + size_, value);
   b5344:	e9d0 0200 	ldrd	r0, r2, [r0]
inline bool spark::Vector<T, AllocatorT>::removeOne(const T &value) {
   b5348:	460b      	mov	r3, r1
    T* const p = find(data_, data_ + size_, value);
   b534a:	eb00 0282 	add.w	r2, r0, r2, lsl #2
        for (; p != end; ++p) {
   b534e:	4282      	cmp	r2, r0
   b5350:	d00f      	beq.n	b5372 <_ZN5spark6VectorIPNS_10LogHandlerENS_16DefaultAllocatorEE9removeOneERKS2_+0x32>
    move(p, p + 1, data_ + size_);
   b5352:	4601      	mov	r1, r0
            if (*p == value) {
   b5354:	681d      	ldr	r5, [r3, #0]
   b5356:	f851 6b04 	ldr.w	r6, [r1], #4
   b535a:	42ae      	cmp	r6, r5
   b535c:	d107      	bne.n	b536e <_ZN5spark6VectorIPNS_10LogHandlerENS_16DefaultAllocatorEE9removeOneERKS2_+0x2e>
        ::memmove(dest, p, (end - p) * sizeof(T));
   b535e:	1a52      	subs	r2, r2, r1
   b5360:	f001 fa16 	bl	b6790 <memmove>
    --size_;
   b5364:	6863      	ldr	r3, [r4, #4]
   b5366:	3b01      	subs	r3, #1
   b5368:	6063      	str	r3, [r4, #4]
    return true;
   b536a:	2001      	movs	r0, #1
}
   b536c:	bd70      	pop	{r4, r5, r6, pc}
    move(p, p + 1, data_ + size_);
   b536e:	4608      	mov	r0, r1
   b5370:	e7ed      	b.n	b534e <_ZN5spark6VectorIPNS_10LogHandlerENS_16DefaultAllocatorEE9removeOneERKS2_+0xe>
        return false;
   b5372:	2000      	movs	r0, #0
   b5374:	e7fa      	b.n	b536c <_ZN5spark6VectorIPNS_10LogHandlerENS_16DefaultAllocatorEE9removeOneERKS2_+0x2c>

000b5376 <_ZN5spark10LogManager13removeHandlerEPNS_10LogHandlerE>:
void spark::LogManager::removeHandler(LogHandler *handler) {
   b5376:	b51f      	push	{r0, r1, r2, r3, r4, lr}
    LOG_WITH_LOCK(mutex_) {
   b5378:	f100 0324 	add.w	r3, r0, #36	; 0x24
void spark::LogManager::removeHandler(LogHandler *handler) {
   b537c:	4604      	mov	r4, r0
   b537e:	6a40      	ldr	r0, [r0, #36]	; 0x24
   b5380:	9101      	str	r1, [sp, #4]
      explicit lock_guard(mutex_type& __m) : _M_device(__m)
   b5382:	9303      	str	r3, [sp, #12]
      { _M_device.lock(); }
   b5384:	f7ff fc77 	bl	b4c76 <_ZN14RecursiveMutex4lockEv.isra.0>
        if (activeHandlers_.removeOne(handler) && activeHandlers_.isEmpty()) {
   b5388:	a901      	add	r1, sp, #4
   b538a:	4620      	mov	r0, r4
   b538c:	f7ff ffd8 	bl	b5340 <_ZN5spark6VectorIPNS_10LogHandlerENS_16DefaultAllocatorEE9removeOneERKS2_>
   b5390:	b118      	cbz	r0, b539a <_ZN5spark10LogManager13removeHandlerEPNS_10LogHandlerE+0x24>
   b5392:	6863      	ldr	r3, [r4, #4]
   b5394:	b90b      	cbnz	r3, b539a <_ZN5spark10LogManager13removeHandlerEPNS_10LogHandlerE+0x24>
            resetSystemCallbacks();
   b5396:	f7ff fdc9 	bl	b4f2c <_ZN5spark10LogManager20resetSystemCallbacksEv>
    LOG_WITH_LOCK(mutex_) {
   b539a:	a803      	add	r0, sp, #12
   b539c:	f7ff feca 	bl	b5134 <_ZNSt10lock_guardI14RecursiveMutexED1Ev>
}
   b53a0:	b004      	add	sp, #16
   b53a2:	bd10      	pop	{r4, pc}

000b53a4 <_ZN5spark10LogManager22destroyFactoryHandlersEv>:
void spark::LogManager::destroyFactoryHandlers() {
   b53a4:	b570      	push	{r4, r5, r6, lr}
    return data_ + size_;
   b53a6:	e9d0 5604 	ldrd	r5, r6, [r0, #16]
   b53aa:	2318      	movs	r3, #24
   b53ac:	4604      	mov	r4, r0
   b53ae:	fb03 5606 	mla	r6, r3, r6, r5
    for (const FactoryHandler &h: factoryHandlers_) {
   b53b2:	42ae      	cmp	r6, r5
   b53b4:	d015      	beq.n	b53e2 <_ZN5spark10LogManager22destroyFactoryHandlersEv+0x3e>
        activeHandlers_.removeOne(h.handler);
   b53b6:	f105 0110 	add.w	r1, r5, #16
   b53ba:	4620      	mov	r0, r4
   b53bc:	f7ff ffc0 	bl	b5340 <_ZN5spark6VectorIPNS_10LogHandlerENS_16DefaultAllocatorEE9removeOneERKS2_>
        if (activeHandlers_.isEmpty()) {
   b53c0:	6863      	ldr	r3, [r4, #4]
   b53c2:	b90b      	cbnz	r3, b53c8 <_ZN5spark10LogManager22destroyFactoryHandlersEv+0x24>
            resetSystemCallbacks();
   b53c4:	f7ff fdb2 	bl	b4f2c <_ZN5spark10LogManager20resetSystemCallbacksEv>
        handlerFactory_->destroyHandler(h.handler);
   b53c8:	69e0      	ldr	r0, [r4, #28]
   b53ca:	6929      	ldr	r1, [r5, #16]
   b53cc:	6803      	ldr	r3, [r0, #0]
   b53ce:	68db      	ldr	r3, [r3, #12]
   b53d0:	4798      	blx	r3
        if (h.stream) {
   b53d2:	6969      	ldr	r1, [r5, #20]
   b53d4:	b119      	cbz	r1, b53de <_ZN5spark10LogManager22destroyFactoryHandlersEv+0x3a>
            streamFactory_->destroyStream(h.stream);
   b53d6:	6a20      	ldr	r0, [r4, #32]
   b53d8:	6803      	ldr	r3, [r0, #0]
   b53da:	68db      	ldr	r3, [r3, #12]
   b53dc:	4798      	blx	r3
    for (const FactoryHandler &h: factoryHandlers_) {
   b53de:	3518      	adds	r5, #24
   b53e0:	e7e7      	b.n	b53b2 <_ZN5spark10LogManager22destroyFactoryHandlersEv+0xe>
    destruct(data_, data_ + size_);
   b53e2:	e9d4 5304 	ldrd	r5, r3, [r4, #16]
   b53e6:	2618      	movs	r6, #24
   b53e8:	fb06 5603 	mla	r6, r6, r3, r5
        for (; p != end; ++p) {
   b53ec:	42ae      	cmp	r6, r5
   b53ee:	d004      	beq.n	b53fa <_ZN5spark10LogManager22destroyFactoryHandlersEv+0x56>
struct spark::LogManager::FactoryHandler {
   b53f0:	4628      	mov	r0, r5
   b53f2:	f7ff fad5 	bl	b49a0 <_ZN6StringD1Ev>
   b53f6:	3518      	adds	r5, #24
   b53f8:	e7f8      	b.n	b53ec <_ZN5spark10LogManager22destroyFactoryHandlersEv+0x48>
    size_ = 0;
   b53fa:	2300      	movs	r3, #0
   b53fc:	6163      	str	r3, [r4, #20]
}
   b53fe:	bd70      	pop	{r4, r5, r6, pc}

000b5400 <_ZN5spark10LogManagerD1Ev>:
spark::LogManager::~LogManager() {
   b5400:	b573      	push	{r0, r1, r4, r5, r6, lr}
   b5402:	4604      	mov	r4, r0
    resetSystemCallbacks();
   b5404:	f7ff fd92 	bl	b4f2c <_ZN5spark10LogManager20resetSystemCallbacksEv>
    LOG_WITH_LOCK(mutex_) {
   b5408:	f104 0324 	add.w	r3, r4, #36	; 0x24
   b540c:	6a60      	ldr	r0, [r4, #36]	; 0x24
      explicit lock_guard(mutex_type& __m) : _M_device(__m)
   b540e:	9301      	str	r3, [sp, #4]
      { _M_device.lock(); }
   b5410:	f7ff fc31 	bl	b4c76 <_ZN14RecursiveMutex4lockEv.isra.0>
         destroyFactoryHandlers();
   b5414:	4620      	mov	r0, r4
   b5416:	f7ff ffc5 	bl	b53a4 <_ZN5spark10LogManager22destroyFactoryHandlersEv>
    LOG_WITH_LOCK(mutex_) {
   b541a:	a801      	add	r0, sp, #4
   b541c:	f7ff fe8a 	bl	b5134 <_ZNSt10lock_guardI14RecursiveMutexED1Ev>
        if (handle_) {
   b5420:	6a60      	ldr	r0, [r4, #36]	; 0x24
   b5422:	b108      	cbz	r0, b5428 <_ZN5spark10LogManagerD1Ev+0x28>
            os_mutex_recursive_destroy(handle_);
   b5424:	f7ff f808 	bl	b4438 <os_mutex_recursive_destroy>
    destruct(data_, data_ + size_);
   b5428:	e9d4 5304 	ldrd	r5, r3, [r4, #16]
   b542c:	2618      	movs	r6, #24
   b542e:	fb06 5603 	mla	r6, r6, r3, r5
        for (; p != end; ++p) {
   b5432:	42ae      	cmp	r6, r5
   b5434:	d004      	beq.n	b5440 <_ZN5spark10LogManagerD1Ev+0x40>
struct spark::LogManager::FactoryHandler {
   b5436:	4628      	mov	r0, r5
   b5438:	f7ff fab2 	bl	b49a0 <_ZN6StringD1Ev>
   b543c:	3518      	adds	r5, #24
   b543e:	e7f8      	b.n	b5432 <_ZN5spark10LogManagerD1Ev+0x32>
    ::free(ptr);
   b5440:	6920      	ldr	r0, [r4, #16]
   b5442:	f7ff f9af 	bl	b47a4 <free>
   b5446:	6820      	ldr	r0, [r4, #0]
   b5448:	f7ff f9ac 	bl	b47a4 <free>
}
   b544c:	4620      	mov	r0, r4
   b544e:	b002      	add	sp, #8
   b5450:	bd70      	pop	{r4, r5, r6, pc}
	...

000b5454 <__tcf_2>:
    static LogManager mgr;
   b5454:	4801      	ldr	r0, [pc, #4]	; (b545c <__tcf_2+0x8>)
   b5456:	f7ff bfd3 	b.w	b5400 <_ZN5spark10LogManagerD1Ev>
   b545a:	bf00      	nop
   b545c:	2003df20 	.word	0x2003df20

000b5460 <_ZN5spark6VectorINS_6detail9LogFilter4NodeENS_16DefaultAllocatorEE4moveIS3_Li0EEEvPS3_S7_S7_>:
        if (dest > p && dest < end) {
   b5460:	4288      	cmp	r0, r1
    static void move(T* dest, T* p, T* end) {
   b5462:	b5f8      	push	{r3, r4, r5, r6, r7, lr}
   b5464:	4604      	mov	r4, r0
   b5466:	460d      	mov	r5, r1
   b5468:	4616      	mov	r6, r2
        if (dest > p && dest < end) {
   b546a:	d915      	bls.n	b5498 <_ZN5spark6VectorINS_6detail9LogFilter4NodeENS_16DefaultAllocatorEE4moveIS3_Li0EEEvPS3_S7_S7_+0x38>
   b546c:	4290      	cmp	r0, r2
   b546e:	d214      	bcs.n	b549a <_ZN5spark6VectorINS_6detail9LogFilter4NodeENS_16DefaultAllocatorEE4moveIS3_Li0EEEvPS3_S7_S7_+0x3a>
            --end;
   b5470:	f1a2 0614 	sub.w	r6, r2, #20
            dest += end - p - 1;
   b5474:	1a75      	subs	r5, r6, r1
   b5476:	f1a1 0714 	sub.w	r7, r1, #20
   b547a:	442c      	add	r4, r5
            for (; end != p; --end, --dest) {
   b547c:	42b7      	cmp	r7, r6
   b547e:	d01a      	beq.n	b54b6 <_ZN5spark6VectorINS_6detail9LogFilter4NodeENS_16DefaultAllocatorEE4moveIS3_Li0EEEvPS3_S7_S7_+0x56>
                new(dest) T(std::move(*end));
   b5480:	b11c      	cbz	r4, b548a <_ZN5spark6VectorINS_6detail9LogFilter4NodeENS_16DefaultAllocatorEE4moveIS3_Li0EEEvPS3_S7_S7_+0x2a>
   b5482:	4631      	mov	r1, r6
   b5484:	4620      	mov	r0, r4
   b5486:	f7ff fe33 	bl	b50f0 <_ZN5spark6detail9LogFilter4NodeC1EOS2_>
struct spark::detail::LogFilter::Node {
   b548a:	f106 0008 	add.w	r0, r6, #8
   b548e:	f7ff fde7 	bl	b5060 <_ZN5spark6VectorINS_6detail9LogFilter4NodeENS_16DefaultAllocatorEED1Ev>
            for (; end != p; --end, --dest) {
   b5492:	3e14      	subs	r6, #20
   b5494:	3c14      	subs	r4, #20
   b5496:	e7f1      	b.n	b547c <_ZN5spark6VectorINS_6detail9LogFilter4NodeENS_16DefaultAllocatorEE4moveIS3_Li0EEEvPS3_S7_S7_+0x1c>
        } else if (dest != p) {
   b5498:	d00d      	beq.n	b54b6 <_ZN5spark6VectorINS_6detail9LogFilter4NodeENS_16DefaultAllocatorEE4moveIS3_Li0EEEvPS3_S7_S7_+0x56>
            for (; p != end; ++p, ++dest) {
   b549a:	42b5      	cmp	r5, r6
   b549c:	d00b      	beq.n	b54b6 <_ZN5spark6VectorINS_6detail9LogFilter4NodeENS_16DefaultAllocatorEE4moveIS3_Li0EEEvPS3_S7_S7_+0x56>
                new(dest) T(std::move(*p));
   b549e:	b11c      	cbz	r4, b54a8 <_ZN5spark6VectorINS_6detail9LogFilter4NodeENS_16DefaultAllocatorEE4moveIS3_Li0EEEvPS3_S7_S7_+0x48>
   b54a0:	4629      	mov	r1, r5
   b54a2:	4620      	mov	r0, r4
   b54a4:	f7ff fe24 	bl	b50f0 <_ZN5spark6detail9LogFilter4NodeC1EOS2_>
   b54a8:	f105 0008 	add.w	r0, r5, #8
   b54ac:	f7ff fdd8 	bl	b5060 <_ZN5spark6VectorINS_6detail9LogFilter4NodeENS_16DefaultAllocatorEED1Ev>
            for (; p != end; ++p, ++dest) {
   b54b0:	3514      	adds	r5, #20
   b54b2:	3414      	adds	r4, #20
   b54b4:	e7f1      	b.n	b549a <_ZN5spark6VectorINS_6detail9LogFilter4NodeENS_16DefaultAllocatorEE4moveIS3_Li0EEEvPS3_S7_S7_+0x3a>
    }
   b54b6:	bdf8      	pop	{r3, r4, r5, r6, r7, pc}

000b54b8 <_ZN5spark6VectorI6StringNS_16DefaultAllocatorEE4moveIS1_Li0EEEvPS1_S5_S5_>:
        if (dest > p && dest < end) {
   b54b8:	4288      	cmp	r0, r1
    static void move(T* dest, T* p, T* end) {
   b54ba:	b5f8      	push	{r3, r4, r5, r6, r7, lr}
   b54bc:	4604      	mov	r4, r0
   b54be:	460d      	mov	r5, r1
   b54c0:	4616      	mov	r6, r2
        if (dest > p && dest < end) {
   b54c2:	d914      	bls.n	b54ee <_ZN5spark6VectorI6StringNS_16DefaultAllocatorEE4moveIS1_Li0EEEvPS1_S5_S5_+0x36>
   b54c4:	4290      	cmp	r0, r2
   b54c6:	d213      	bcs.n	b54f0 <_ZN5spark6VectorI6StringNS_16DefaultAllocatorEE4moveIS1_Li0EEEvPS1_S5_S5_+0x38>
            --end;
   b54c8:	f1a2 0610 	sub.w	r6, r2, #16
            dest += end - p - 1;
   b54cc:	1a75      	subs	r5, r6, r1
   b54ce:	f1a1 0710 	sub.w	r7, r1, #16
   b54d2:	442c      	add	r4, r5
            for (; end != p; --end, --dest) {
   b54d4:	42b7      	cmp	r7, r6
   b54d6:	d018      	beq.n	b550a <_ZN5spark6VectorI6StringNS_16DefaultAllocatorEE4moveIS1_Li0EEEvPS1_S5_S5_+0x52>
                new(dest) T(std::move(*end));
   b54d8:	b11c      	cbz	r4, b54e2 <_ZN5spark6VectorI6StringNS_16DefaultAllocatorEE4moveIS1_Li0EEEvPS1_S5_S5_+0x2a>
   b54da:	4631      	mov	r1, r6
   b54dc:	4620      	mov	r0, r4
   b54de:	f7ff fac8 	bl	b4a72 <_ZN6StringC1EOS_>
                end->~T();
   b54e2:	4630      	mov	r0, r6
   b54e4:	f7ff fa5c 	bl	b49a0 <_ZN6StringD1Ev>
            for (; end != p; --end, --dest) {
   b54e8:	3e10      	subs	r6, #16
   b54ea:	3c10      	subs	r4, #16
   b54ec:	e7f2      	b.n	b54d4 <_ZN5spark6VectorI6StringNS_16DefaultAllocatorEE4moveIS1_Li0EEEvPS1_S5_S5_+0x1c>
        } else if (dest != p) {
   b54ee:	d00c      	beq.n	b550a <_ZN5spark6VectorI6StringNS_16DefaultAllocatorEE4moveIS1_Li0EEEvPS1_S5_S5_+0x52>
            for (; p != end; ++p, ++dest) {
   b54f0:	42b5      	cmp	r5, r6
   b54f2:	d00a      	beq.n	b550a <_ZN5spark6VectorI6StringNS_16DefaultAllocatorEE4moveIS1_Li0EEEvPS1_S5_S5_+0x52>
                new(dest) T(std::move(*p));
   b54f4:	b11c      	cbz	r4, b54fe <_ZN5spark6VectorI6StringNS_16DefaultAllocatorEE4moveIS1_Li0EEEvPS1_S5_S5_+0x46>
   b54f6:	4629      	mov	r1, r5
   b54f8:	4620      	mov	r0, r4
   b54fa:	f7ff faba 	bl	b4a72 <_ZN6StringC1EOS_>
                p->~T();
   b54fe:	4628      	mov	r0, r5
   b5500:	f7ff fa4e 	bl	b49a0 <_ZN6StringD1Ev>
            for (; p != end; ++p, ++dest) {
   b5504:	3510      	adds	r5, #16
   b5506:	3410      	adds	r4, #16
   b5508:	e7f2      	b.n	b54f0 <_ZN5spark6VectorI6StringNS_16DefaultAllocatorEE4moveIS1_Li0EEEvPS1_S5_S5_+0x38>
    }
   b550a:	bdf8      	pop	{r3, r4, r5, r6, r7, pc}

000b550c <_ZN5spark6VectorI6StringNS_16DefaultAllocatorEE7reallocIS1_Li0EEEbi>:
    bool realloc(int n) {
   b550c:	b570      	push	{r4, r5, r6, lr}
        if (n > 0) {
   b550e:	1e0e      	subs	r6, r1, #0
    bool realloc(int n) {
   b5510:	4605      	mov	r5, r0
        if (n > 0) {
   b5512:	dd11      	ble.n	b5538 <_ZN5spark6VectorI6StringNS_16DefaultAllocatorEE7reallocIS1_Li0EEEbi+0x2c>
    return ::malloc(size);
   b5514:	0130      	lsls	r0, r6, #4
   b5516:	f7ff f93d 	bl	b4794 <malloc>
            if (!d) {
   b551a:	4604      	mov	r4, r0
   b551c:	b158      	cbz	r0, b5536 <_ZN5spark6VectorI6StringNS_16DefaultAllocatorEE7reallocIS1_Li0EEEbi+0x2a>
            move(d, data_, data_ + size_);
   b551e:	e9d5 1200 	ldrd	r1, r2, [r5]
   b5522:	eb01 1202 	add.w	r2, r1, r2, lsl #4
   b5526:	f7ff ffc7 	bl	b54b8 <_ZN5spark6VectorI6StringNS_16DefaultAllocatorEE4moveIS1_Li0EEEvPS1_S5_S5_>
    ::free(ptr);
   b552a:	6828      	ldr	r0, [r5, #0]
   b552c:	f7ff f93a 	bl	b47a4 <free>
        data_ = d;
   b5530:	602c      	str	r4, [r5, #0]
        capacity_ = n;
   b5532:	60ae      	str	r6, [r5, #8]
        return true;
   b5534:	2001      	movs	r0, #1
    }
   b5536:	bd70      	pop	{r4, r5, r6, pc}
        T* d = nullptr;
   b5538:	2400      	movs	r4, #0
   b553a:	e7f6      	b.n	b552a <_ZN5spark6VectorI6StringNS_16DefaultAllocatorEE7reallocIS1_Li0EEEbi+0x1e>

000b553c <_ZN5spark6detail9LogFilterC1E8LogLevelNS_6VectorINS_17LogCategoryFilterENS_16DefaultAllocatorEEE>:
spark::detail::LogFilter::LogFilter(LogLevel level, LogCategoryFilters filters) :
   b553c:	e92d 4ff0 	stmdb	sp!, {r4, r5, r6, r7, r8, r9, sl, fp, lr}
   b5540:	4690      	mov	r8, r2
   b5542:	b095      	sub	sp, #84	; 0x54
        capacity_(0) {
   b5544:	2300      	movs	r3, #0
   b5546:	9103      	str	r1, [sp, #12]
    return size_;
   b5548:	f8d8 1004 	ldr.w	r1, [r8, #4]
        capacity_(0) {
   b554c:	930a      	str	r3, [sp, #40]	; 0x28
        level_(LOG_LEVEL_NONE) { // Fallback level that will be used in case of construction errors
   b554e:	2246      	movs	r2, #70	; 0x46
    if (n > capacity_ && !realloc(n)) {
   b5550:	4299      	cmp	r1, r3
        capacity_(0) {
   b5552:	e9c0 3300 	strd	r3, r3, [r0]
   b5556:	e9c0 3302 	strd	r3, r3, [r0, #8]
   b555a:	e9c0 3304 	strd	r3, r3, [r0, #16]
   b555e:	e9cd 3308 	strd	r3, r3, [sp, #32]
spark::detail::LogFilter::LogFilter(LogLevel level, LogCategoryFilters filters) :
   b5562:	4604      	mov	r4, r0
        level_(LOG_LEVEL_NONE) { // Fallback level that will be used in case of construction errors
   b5564:	7602      	strb	r2, [r0, #24]
    if (n > capacity_ && !realloc(n)) {
   b5566:	dc23      	bgt.n	b55b0 <_ZN5spark6detail9LogFilterC1E8LogLevelNS_6VectorINS_17LogCategoryFilterENS_16DefaultAllocatorEEE+0x74>
    return data_ + size_;
   b5568:	e9d8 5700 	ldrd	r5, r7, [r8]
   b556c:	2314      	movs	r3, #20
   b556e:	fb03 5707 	mla	r7, r3, r7, r5
    for (LogCategoryFilter &filter: filters) {
   b5572:	42af      	cmp	r7, r5
   b5574:	d03b      	beq.n	b55ee <_ZN5spark6detail9LogFilterC1E8LogLevelNS_6VectorINS_17LogCategoryFilterENS_16DefaultAllocatorEEE+0xb2>
        cats.append(std::move(filter.cat_));
   b5576:	4629      	mov	r1, r5
   b5578:	a80b      	add	r0, sp, #44	; 0x2c
   b557a:	f7ff fa7a 	bl	b4a72 <_ZN6StringC1EOS_>
    return insert(size_, std::move(value));
   b557e:	a90b      	add	r1, sp, #44	; 0x2c
   b5580:	a80f      	add	r0, sp, #60	; 0x3c
   b5582:	9e09      	ldr	r6, [sp, #36]	; 0x24
   b5584:	f7ff fa75 	bl	b4a72 <_ZN6StringC1EOS_>
    if (size_ + 1 > capacity_ && !realloc(size_ + 1)) {
   b5588:	e9dd 1309 	ldrd	r1, r3, [sp, #36]	; 0x24
   b558c:	4299      	cmp	r1, r3
   b558e:	da1b      	bge.n	b55c8 <_ZN5spark6detail9LogFilterC1E8LogLevelNS_6VectorINS_17LogCategoryFilterENS_16DefaultAllocatorEEE+0x8c>
    T* const p = data_ + i;
   b5590:	9b08      	ldr	r3, [sp, #32]
    move(p + 1, p, data_ + size_);
   b5592:	9a09      	ldr	r2, [sp, #36]	; 0x24
    T* const p = data_ + i;
   b5594:	eb03 1606 	add.w	r6, r3, r6, lsl #4
    move(p + 1, p, data_ + size_);
   b5598:	eb03 1202 	add.w	r2, r3, r2, lsl #4
   b559c:	4631      	mov	r1, r6
   b559e:	f106 0010 	add.w	r0, r6, #16
   b55a2:	f7ff ff89 	bl	b54b8 <_ZN5spark6VectorI6StringNS_16DefaultAllocatorEE4moveIS1_Li0EEEvPS1_S5_S5_>
    new(p) T(std::move(value));
   b55a6:	b9ee      	cbnz	r6, b55e4 <_ZN5spark6detail9LogFilterC1E8LogLevelNS_6VectorINS_17LogCategoryFilterENS_16DefaultAllocatorEEE+0xa8>
    ++size_;
   b55a8:	9b09      	ldr	r3, [sp, #36]	; 0x24
   b55aa:	3301      	adds	r3, #1
   b55ac:	9309      	str	r3, [sp, #36]	; 0x24
    return true;
   b55ae:	e011      	b.n	b55d4 <_ZN5spark6detail9LogFilterC1E8LogLevelNS_6VectorINS_17LogCategoryFilterENS_16DefaultAllocatorEEE+0x98>
    if (n > capacity_ && !realloc(n)) {
   b55b0:	a808      	add	r0, sp, #32
   b55b2:	f7ff ffab 	bl	b550c <_ZN5spark6VectorI6StringNS_16DefaultAllocatorEE7reallocIS1_Li0EEEbi>
   b55b6:	2800      	cmp	r0, #0
   b55b8:	d1d6      	bne.n	b5568 <_ZN5spark6detail9LogFilterC1E8LogLevelNS_6VectorINS_17LogCategoryFilterENS_16DefaultAllocatorEEE+0x2c>
        return;
   b55ba:	a808      	add	r0, sp, #32
   b55bc:	f7ff fa92 	bl	b4ae4 <_ZN5spark6VectorI6StringNS_16DefaultAllocatorEED1Ev>
}
   b55c0:	4620      	mov	r0, r4
   b55c2:	b015      	add	sp, #84	; 0x54
   b55c4:	e8bd 8ff0 	ldmia.w	sp!, {r4, r5, r6, r7, r8, r9, sl, fp, pc}
    if (size_ + 1 > capacity_ && !realloc(size_ + 1)) {
   b55c8:	3101      	adds	r1, #1
   b55ca:	a808      	add	r0, sp, #32
   b55cc:	f7ff ff9e 	bl	b550c <_ZN5spark6VectorI6StringNS_16DefaultAllocatorEE7reallocIS1_Li0EEEbi>
   b55d0:	2800      	cmp	r0, #0
   b55d2:	d1dd      	bne.n	b5590 <_ZN5spark6detail9LogFilterC1E8LogLevelNS_6VectorINS_17LogCategoryFilterENS_16DefaultAllocatorEEE+0x54>
    return insert(size_, std::move(value));
   b55d4:	a80f      	add	r0, sp, #60	; 0x3c
   b55d6:	f7ff f9e3 	bl	b49a0 <_ZN6StringD1Ev>
        cats.append(std::move(filter.cat_));
   b55da:	a80b      	add	r0, sp, #44	; 0x2c
   b55dc:	f7ff f9e0 	bl	b49a0 <_ZN6StringD1Ev>
    for (LogCategoryFilter &filter: filters) {
   b55e0:	3514      	adds	r5, #20
   b55e2:	e7c6      	b.n	b5572 <_ZN5spark6detail9LogFilterC1E8LogLevelNS_6VectorINS_17LogCategoryFilterENS_16DefaultAllocatorEEE+0x36>
    new(p) T(std::move(value));
   b55e4:	a90f      	add	r1, sp, #60	; 0x3c
   b55e6:	4630      	mov	r0, r6
   b55e8:	f7ff fa43 	bl	b4a72 <_ZN6StringC1EOS_>
   b55ec:	e7dc      	b.n	b55a8 <_ZN5spark6detail9LogFilterC1E8LogLevelNS_6VectorINS_17LogCategoryFilterENS_16DefaultAllocatorEEE+0x6c>
        capacity_(0) {
   b55ee:	2600      	movs	r6, #0
   b55f0:	e9cd 660b 	strd	r6, r6, [sp, #44]	; 0x2c
   b55f4:	960d      	str	r6, [sp, #52]	; 0x34
    for (int i = 0; i < cats.size(); ++i) {
   b55f6:	f04f 0914 	mov.w	r9, #20
    return data_[i];
   b55fa:	e9dd 2308 	ldrd	r2, r3, [sp, #32]
   b55fe:	429e      	cmp	r6, r3
   b5600:	da7c      	bge.n	b56fc <_ZN5spark6detail9LogFilterC1E8LogLevelNS_6VectorINS_17LogCategoryFilterENS_16DefaultAllocatorEEE+0x1c0>
    char operator [] (unsigned int index) const;
    char& operator [] (unsigned int index);
    void getBytes(unsigned char *buf, unsigned int bufsize, unsigned int index=0) const;
    void toCharArray(char *buf, unsigned int bufsize, unsigned int index=0) const
        {getBytes((unsigned char *)buf, bufsize, index);}
    const char * c_str() const { return buffer; }
   b5602:	0133      	lsls	r3, r6, #4
   b5604:	58d3      	ldr	r3, [r2, r3]
        const char *category = cats.at(i).c_str();
   b5606:	9306      	str	r3, [sp, #24]
        if (!category) {
   b5608:	b90b      	cbnz	r3, b560e <_ZN5spark6detail9LogFilterC1E8LogLevelNS_6VectorINS_17LogCategoryFilterENS_16DefaultAllocatorEEE+0xd2>
    for (int i = 0; i < cats.size(); ++i) {
   b560a:	3601      	adds	r6, #1
   b560c:	e7f5      	b.n	b55fa <_ZN5spark6detail9LogFilterC1E8LogLevelNS_6VectorINS_17LogCategoryFilterENS_16DefaultAllocatorEEE+0xbe>
        size_t size = 0; // Name length
   b560e:	2300      	movs	r3, #0
   b5610:	9307      	str	r3, [sp, #28]
   b5612:	fb09 f306 	mul.w	r3, r9, r6
   b5616:	9302      	str	r3, [sp, #8]
        Vector<Node> *pNodes = &nodes; // Root nodes
   b5618:	ad0b      	add	r5, sp, #44	; 0x2c
        while ((name = nextSubcategoryName(category, size))) {
   b561a:	a907      	add	r1, sp, #28
   b561c:	a806      	add	r0, sp, #24
   b561e:	f7ff fb0a 	bl	b4c36 <_ZN12_GLOBAL__N_119nextSubcategoryNameERPKcRj>
   b5622:	4682      	mov	sl, r0
   b5624:	2800      	cmp	r0, #0
   b5626:	d0f0      	beq.n	b560a <_ZN5spark6detail9LogFilterC1E8LogLevelNS_6VectorINS_17LogCategoryFilterENS_16DefaultAllocatorEEE+0xce>
            bool found = false;
   b5628:	f04f 0300 	mov.w	r3, #0
   b562c:	f88d 3017 	strb.w	r3, [sp, #23]
            const int index = nodeIndex(*pNodes, name, size, found);
   b5630:	4601      	mov	r1, r0
   b5632:	9a07      	ldr	r2, [sp, #28]
   b5634:	f10d 0317 	add.w	r3, sp, #23
   b5638:	4628      	mov	r0, r5
   b563a:	f7ff fb67 	bl	b4d0c <_ZN5spark6detail9LogFilter9nodeIndexERKNS_6VectorINS1_4NodeENS_16DefaultAllocatorEEEPKcjRb>
            if (!found && !pNodes->insert(index, Node(name, size))) { // Add node
   b563e:	f89d 7017 	ldrb.w	r7, [sp, #23]
            const int index = nodeIndex(*pNodes, name, size, found);
   b5642:	9001      	str	r0, [sp, #4]
            if (!found && !pNodes->insert(index, Node(name, size))) { // Add node
   b5644:	2f00      	cmp	r7, #0
   b5646:	d14a      	bne.n	b56de <_ZN5spark6detail9LogFilterC1E8LogLevelNS_6VectorINS_17LogCategoryFilterENS_16DefaultAllocatorEEE+0x1a2>
   b5648:	f8bd 301c 	ldrh.w	r3, [sp, #28]
            level(-1) {
   b564c:	f8ad 3040 	strh.w	r3, [sp, #64]	; 0x40
        capacity_(0) {
   b5650:	e9cd 7711 	strd	r7, r7, [sp, #68]	; 0x44
   b5654:	f64f 73ff 	movw	r3, #65535	; 0xffff
   b5658:	f8cd a03c 	str.w	sl, [sp, #60]	; 0x3c
   b565c:	f8ad 3042 	strh.w	r3, [sp, #66]	; 0x42
   b5660:	9713      	str	r7, [sp, #76]	; 0x4c
    if (size_ + 1 > capacity_ && !realloc(size_ + 1)) {
   b5662:	e9d5 3201 	ldrd	r3, r2, [r5, #4]
   b5666:	4293      	cmp	r3, r2
   b5668:	db17      	blt.n	b569a <_ZN5spark6detail9LogFilterC1E8LogLevelNS_6VectorINS_17LogCategoryFilterENS_16DefaultAllocatorEEE+0x15e>
   b566a:	f103 0a01 	add.w	sl, r3, #1
        if (n > 0) {
   b566e:	f1ba 0f00 	cmp.w	sl, #0
   b5672:	dd30      	ble.n	b56d6 <_ZN5spark6detail9LogFilterC1E8LogLevelNS_6VectorINS_17LogCategoryFilterENS_16DefaultAllocatorEEE+0x19a>
    return ::malloc(size);
   b5674:	fb09 f00a 	mul.w	r0, r9, sl
   b5678:	f7ff f88c 	bl	b4794 <malloc>
            if (!d) {
   b567c:	4683      	mov	fp, r0
   b567e:	b360      	cbz	r0, b56da <_ZN5spark6detail9LogFilterC1E8LogLevelNS_6VectorINS_17LogCategoryFilterENS_16DefaultAllocatorEEE+0x19e>
            move(d, data_, data_ + size_);
   b5680:	e9d5 1200 	ldrd	r1, r2, [r5]
   b5684:	fb09 1202 	mla	r2, r9, r2, r1
   b5688:	f7ff feea 	bl	b5460 <_ZN5spark6VectorINS_6detail9LogFilter4NodeENS_16DefaultAllocatorEE4moveIS3_Li0EEEvPS3_S7_S7_>
    ::free(ptr);
   b568c:	6828      	ldr	r0, [r5, #0]
   b568e:	f7ff f889 	bl	b47a4 <free>
        data_ = d;
   b5692:	f8c5 b000 	str.w	fp, [r5]
        capacity_ = n;
   b5696:	f8c5 a008 	str.w	sl, [r5, #8]
    T* const p = data_ + i;
   b569a:	682b      	ldr	r3, [r5, #0]
   b569c:	9a01      	ldr	r2, [sp, #4]
   b569e:	fb09 3a02 	mla	sl, r9, r2, r3
    move(p + 1, p, data_ + size_);
   b56a2:	686a      	ldr	r2, [r5, #4]
   b56a4:	4651      	mov	r1, sl
   b56a6:	fb09 3202 	mla	r2, r9, r2, r3
   b56aa:	f10a 0014 	add.w	r0, sl, #20
   b56ae:	f7ff fed7 	bl	b5460 <_ZN5spark6VectorINS_6detail9LogFilter4NodeENS_16DefaultAllocatorEE4moveIS3_Li0EEEvPS3_S7_S7_>
    new(p) T(std::move(value));
   b56b2:	f1ba 0f00 	cmp.w	sl, #0
   b56b6:	d003      	beq.n	b56c0 <_ZN5spark6detail9LogFilterC1E8LogLevelNS_6VectorINS_17LogCategoryFilterENS_16DefaultAllocatorEEE+0x184>
   b56b8:	a90f      	add	r1, sp, #60	; 0x3c
   b56ba:	4650      	mov	r0, sl
   b56bc:	f7ff fd18 	bl	b50f0 <_ZN5spark6detail9LogFilter4NodeC1EOS2_>
    ++size_;
   b56c0:	686b      	ldr	r3, [r5, #4]
   b56c2:	3301      	adds	r3, #1
   b56c4:	606b      	str	r3, [r5, #4]
struct spark::detail::LogFilter::Node {
   b56c6:	a811      	add	r0, sp, #68	; 0x44
   b56c8:	f7ff fcca 	bl	b5060 <_ZN5spark6VectorINS_6detail9LogFilter4NodeENS_16DefaultAllocatorEED1Ev>
            if (!found && !pNodes->insert(index, Node(name, size))) { // Add node
   b56cc:	b13f      	cbz	r7, b56de <_ZN5spark6detail9LogFilterC1E8LogLevelNS_6VectorINS_17LogCategoryFilterENS_16DefaultAllocatorEEE+0x1a2>
    Vector<Node> nodes;
   b56ce:	a80b      	add	r0, sp, #44	; 0x2c
   b56d0:	f7ff fcc6 	bl	b5060 <_ZN5spark6VectorINS_6detail9LogFilter4NodeENS_16DefaultAllocatorEED1Ev>
   b56d4:	e771      	b.n	b55ba <_ZN5spark6detail9LogFilterC1E8LogLevelNS_6VectorINS_17LogCategoryFilterENS_16DefaultAllocatorEEE+0x7e>
        T* d = nullptr;
   b56d6:	46bb      	mov	fp, r7
   b56d8:	e7d8      	b.n	b568c <_ZN5spark6detail9LogFilterC1E8LogLevelNS_6VectorINS_17LogCategoryFilterENS_16DefaultAllocatorEEE+0x150>
            if (!found && !pNodes->insert(index, Node(name, size))) { // Add node
   b56da:	2701      	movs	r7, #1
   b56dc:	e7f3      	b.n	b56c6 <_ZN5spark6detail9LogFilterC1E8LogLevelNS_6VectorINS_17LogCategoryFilterENS_16DefaultAllocatorEEE+0x18a>
    return data_[i];
   b56de:	9b01      	ldr	r3, [sp, #4]
   b56e0:	682d      	ldr	r5, [r5, #0]
   b56e2:	fb09 5503 	mla	r5, r9, r3, r5
            if (!*category) { // Check if it's last subcategory
   b56e6:	9b06      	ldr	r3, [sp, #24]
   b56e8:	781b      	ldrb	r3, [r3, #0]
   b56ea:	b92b      	cbnz	r3, b56f8 <_ZN5spark6detail9LogFilterC1E8LogLevelNS_6VectorINS_17LogCategoryFilterENS_16DefaultAllocatorEEE+0x1bc>
                node.level = filters.at(i).level_;
   b56ec:	f8d8 3000 	ldr.w	r3, [r8]
   b56f0:	9a02      	ldr	r2, [sp, #8]
   b56f2:	4413      	add	r3, r2
   b56f4:	7c1b      	ldrb	r3, [r3, #16]
   b56f6:	80eb      	strh	r3, [r5, #6]
            pNodes = &node.nodes;
   b56f8:	3508      	adds	r5, #8
        while ((name = nextSubcategoryName(category, size))) {
   b56fa:	e78e      	b.n	b561a <_ZN5spark6detail9LogFilterC1E8LogLevelNS_6VectorINS_17LogCategoryFilterENS_16DefaultAllocatorEEE+0xde>
      _Tp __tmp = _GLIBCXX_MOVE(__a);
   b56fc:	6821      	ldr	r1, [r4, #0]
      __a = _GLIBCXX_MOVE(__b);
   b56fe:	6022      	str	r2, [r4, #0]
      _Tp __tmp = _GLIBCXX_MOVE(__a);
   b5700:	6862      	ldr	r2, [r4, #4]
      __a = _GLIBCXX_MOVE(__b);
   b5702:	6063      	str	r3, [r4, #4]
      _Tp __tmp = _GLIBCXX_MOVE(__a);
   b5704:	68a3      	ldr	r3, [r4, #8]
      __b = _GLIBCXX_MOVE(__tmp);
   b5706:	9209      	str	r2, [sp, #36]	; 0x24
      __a = _GLIBCXX_MOVE(__b);
   b5708:	9a0a      	ldr	r2, [sp, #40]	; 0x28
      __b = _GLIBCXX_MOVE(__tmp);
   b570a:	930a      	str	r3, [sp, #40]	; 0x28
      _Tp __tmp = _GLIBCXX_MOVE(__a);
   b570c:	68e3      	ldr	r3, [r4, #12]
      __a = _GLIBCXX_MOVE(__b);
   b570e:	60a2      	str	r2, [r4, #8]
   b5710:	9a0b      	ldr	r2, [sp, #44]	; 0x2c
      __b = _GLIBCXX_MOVE(__tmp);
   b5712:	930b      	str	r3, [sp, #44]	; 0x2c
      _Tp __tmp = _GLIBCXX_MOVE(__a);
   b5714:	6923      	ldr	r3, [r4, #16]
      __a = _GLIBCXX_MOVE(__b);
   b5716:	60e2      	str	r2, [r4, #12]
   b5718:	9a0c      	ldr	r2, [sp, #48]	; 0x30
      __b = _GLIBCXX_MOVE(__tmp);
   b571a:	930c      	str	r3, [sp, #48]	; 0x30
      _Tp __tmp = _GLIBCXX_MOVE(__a);
   b571c:	6963      	ldr	r3, [r4, #20]
      __a = _GLIBCXX_MOVE(__b);
   b571e:	6122      	str	r2, [r4, #16]
   b5720:	9a0d      	ldr	r2, [sp, #52]	; 0x34
      __b = _GLIBCXX_MOVE(__tmp);
   b5722:	930d      	str	r3, [sp, #52]	; 0x34
    level_ = level;
   b5724:	9b03      	ldr	r3, [sp, #12]
   b5726:	9108      	str	r1, [sp, #32]
      __a = _GLIBCXX_MOVE(__b);
   b5728:	6162      	str	r2, [r4, #20]
   b572a:	7623      	strb	r3, [r4, #24]
   b572c:	e7cf      	b.n	b56ce <_ZN5spark6detail9LogFilterC1E8LogLevelNS_6VectorINS_17LogCategoryFilterENS_16DefaultAllocatorEEE+0x192>
	...

000b5730 <_ZN5spark16StreamLogHandlerC1ER5Print8LogLevelNS_6VectorINS_17LogCategoryFilterENS_16DefaultAllocatorEEE>:
inline spark::StreamLogHandler::StreamLogHandler(Print &stream, LogLevel level, LogCategoryFilters filters) :
   b5730:	b5f0      	push	{r4, r5, r6, r7, lr}
   b5732:	4604      	mov	r4, r0
   b5734:	b087      	sub	sp, #28
   b5736:	460d      	mov	r5, r1
        filter_(level, filters) {
   b5738:	4626      	mov	r6, r4
        stream_(&stream) {
   b573a:	4619      	mov	r1, r3
   b573c:	4668      	mov	r0, sp
inline spark::StreamLogHandler::StreamLogHandler(Print &stream, LogLevel level, LogCategoryFilters filters) :
   b573e:	4617      	mov	r7, r2
        stream_(&stream) {
   b5740:	f7fe fdc1 	bl	b42c6 <_ZN5spark6VectorINS_17LogCategoryFilterENS_16DefaultAllocatorEEC1ERKS3_>
        filter_(level, filters) {
   b5744:	4b0b      	ldr	r3, [pc, #44]	; (b5774 <_ZN5spark16StreamLogHandlerC1ER5Print8LogLevelNS_6VectorINS_17LogCategoryFilterENS_16DefaultAllocatorEEE+0x44>)
   b5746:	f846 3b04 	str.w	r3, [r6], #4
   b574a:	4669      	mov	r1, sp
   b574c:	a803      	add	r0, sp, #12
   b574e:	f7fe fdba 	bl	b42c6 <_ZN5spark6VectorINS_17LogCategoryFilterENS_16DefaultAllocatorEEC1ERKS3_>
   b5752:	aa03      	add	r2, sp, #12
   b5754:	4639      	mov	r1, r7
   b5756:	4630      	mov	r0, r6
   b5758:	f7ff fef0 	bl	b553c <_ZN5spark6detail9LogFilterC1E8LogLevelNS_6VectorINS_17LogCategoryFilterENS_16DefaultAllocatorEEE>
   b575c:	a803      	add	r0, sp, #12
   b575e:	f7fe fd71 	bl	b4244 <_ZN5spark6VectorINS_17LogCategoryFilterENS_16DefaultAllocatorEED1Ev>
        stream_(&stream) {
   b5762:	4668      	mov	r0, sp
   b5764:	f7fe fd6e 	bl	b4244 <_ZN5spark6VectorINS_17LogCategoryFilterENS_16DefaultAllocatorEED1Ev>
   b5768:	4b03      	ldr	r3, [pc, #12]	; (b5778 <_ZN5spark16StreamLogHandlerC1ER5Print8LogLevelNS_6VectorINS_17LogCategoryFilterENS_16DefaultAllocatorEEE+0x48>)
   b576a:	6023      	str	r3, [r4, #0]
}
   b576c:	4620      	mov	r0, r4
        stream_(&stream) {
   b576e:	6225      	str	r5, [r4, #32]
}
   b5770:	b007      	add	sp, #28
   b5772:	bdf0      	pop	{r4, r5, r6, r7, pc}
   b5774:	000b6a78 	.word	0x000b6a78
   b5778:	000b6bc0 	.word	0x000b6bc0

000b577c <_ZN5spark24DefaultLogHandlerFactory13createHandlerEPKc8LogLevelNS_6VectorINS_17LogCategoryFilterENS_16DefaultAllocatorEEEP5PrintRKNS_9JSONValueE>:
            Print *stream, const JSONValue &params) {
   b577c:	b5f0      	push	{r4, r5, r6, r7, lr}
   b577e:	460f      	mov	r7, r1
   b5780:	b085      	sub	sp, #20
    if (strcmp(type, "JSONStreamLogHandler") == 0) {
   b5782:	491d      	ldr	r1, [pc, #116]	; (b57f8 <_ZN5spark24DefaultLogHandlerFactory13createHandlerEPKc8LogLevelNS_6VectorINS_17LogCategoryFilterENS_16DefaultAllocatorEEEP5PrintRKNS_9JSONValueE+0x7c>)
            Print *stream, const JSONValue &params) {
   b5784:	9c0a      	ldr	r4, [sp, #40]	; 0x28
    if (strcmp(type, "JSONStreamLogHandler") == 0) {
   b5786:	4638      	mov	r0, r7
            Print *stream, const JSONValue &params) {
   b5788:	4616      	mov	r6, r2
   b578a:	461d      	mov	r5, r3
    if (strcmp(type, "JSONStreamLogHandler") == 0) {
   b578c:	f7fe fc46 	bl	b401c <strcmp>
   b5790:	b9c0      	cbnz	r0, b57c4 <_ZN5spark24DefaultLogHandlerFactory13createHandlerEPKc8LogLevelNS_6VectorINS_17LogCategoryFilterENS_16DefaultAllocatorEEEP5PrintRKNS_9JSONValueE+0x48>
        if (!stream) {
   b5792:	b1a4      	cbz	r4, b57be <_ZN5spark24DefaultLogHandlerFactory13createHandlerEPKc8LogLevelNS_6VectorINS_17LogCategoryFilterENS_16DefaultAllocatorEEEP5PrintRKNS_9JSONValueE+0x42>
        return new(std::nothrow) JSONStreamLogHandler(*stream, level, std::move(filters));
   b5794:	4629      	mov	r1, r5
   b5796:	a801      	add	r0, sp, #4
   b5798:	f7ff fcbd 	bl	b5116 <_ZN5spark6VectorINS_17LogCategoryFilterENS_16DefaultAllocatorEEC1EOS3_>
   b579c:	4917      	ldr	r1, [pc, #92]	; (b57fc <_ZN5spark24DefaultLogHandlerFactory13createHandlerEPKc8LogLevelNS_6VectorINS_17LogCategoryFilterENS_16DefaultAllocatorEEEP5PrintRKNS_9JSONValueE+0x80>)
   b579e:	2024      	movs	r0, #36	; 0x24
   b57a0:	f000 ffd6 	bl	b6750 <_ZnwjRKSt9nothrow_t>
   b57a4:	4605      	mov	r5, r0
   b57a6:	b130      	cbz	r0, b57b6 <_ZN5spark24DefaultLogHandlerFactory13createHandlerEPKc8LogLevelNS_6VectorINS_17LogCategoryFilterENS_16DefaultAllocatorEEEP5PrintRKNS_9JSONValueE+0x3a>
    using StreamLogHandler::StreamLogHandler;
   b57a8:	ab01      	add	r3, sp, #4
   b57aa:	4632      	mov	r2, r6
   b57ac:	4621      	mov	r1, r4
   b57ae:	f7ff ffbf 	bl	b5730 <_ZN5spark16StreamLogHandlerC1ER5Print8LogLevelNS_6VectorINS_17LogCategoryFilterENS_16DefaultAllocatorEEE>
   b57b2:	4b13      	ldr	r3, [pc, #76]	; (b5800 <_ZN5spark24DefaultLogHandlerFactory13createHandlerEPKc8LogLevelNS_6VectorINS_17LogCategoryFilterENS_16DefaultAllocatorEEEP5PrintRKNS_9JSONValueE+0x84>)
   b57b4:	602b      	str	r3, [r5, #0]
        return new(std::nothrow) StreamLogHandler(*stream, level, std::move(filters));
   b57b6:	a801      	add	r0, sp, #4
   b57b8:	f7fe fd44 	bl	b4244 <_ZN5spark6VectorINS_17LogCategoryFilterENS_16DefaultAllocatorEED1Ev>
   b57bc:	462c      	mov	r4, r5
}
   b57be:	4620      	mov	r0, r4
   b57c0:	b005      	add	sp, #20
   b57c2:	bdf0      	pop	{r4, r5, r6, r7, pc}
    } else if (strcmp(type, "StreamLogHandler") == 0) {
   b57c4:	490f      	ldr	r1, [pc, #60]	; (b5804 <_ZN5spark24DefaultLogHandlerFactory13createHandlerEPKc8LogLevelNS_6VectorINS_17LogCategoryFilterENS_16DefaultAllocatorEEEP5PrintRKNS_9JSONValueE+0x88>)
   b57c6:	4638      	mov	r0, r7
   b57c8:	f7fe fc28 	bl	b401c <strcmp>
   b57cc:	b990      	cbnz	r0, b57f4 <_ZN5spark24DefaultLogHandlerFactory13createHandlerEPKc8LogLevelNS_6VectorINS_17LogCategoryFilterENS_16DefaultAllocatorEEEP5PrintRKNS_9JSONValueE+0x78>
        if (!stream) {
   b57ce:	2c00      	cmp	r4, #0
   b57d0:	d0f5      	beq.n	b57be <_ZN5spark24DefaultLogHandlerFactory13createHandlerEPKc8LogLevelNS_6VectorINS_17LogCategoryFilterENS_16DefaultAllocatorEEEP5PrintRKNS_9JSONValueE+0x42>
        return new(std::nothrow) StreamLogHandler(*stream, level, std::move(filters));
   b57d2:	4629      	mov	r1, r5
   b57d4:	a801      	add	r0, sp, #4
   b57d6:	f7ff fc9e 	bl	b5116 <_ZN5spark6VectorINS_17LogCategoryFilterENS_16DefaultAllocatorEEC1EOS3_>
   b57da:	4908      	ldr	r1, [pc, #32]	; (b57fc <_ZN5spark24DefaultLogHandlerFactory13createHandlerEPKc8LogLevelNS_6VectorINS_17LogCategoryFilterENS_16DefaultAllocatorEEEP5PrintRKNS_9JSONValueE+0x80>)
   b57dc:	2024      	movs	r0, #36	; 0x24
   b57de:	f000 ffb7 	bl	b6750 <_ZnwjRKSt9nothrow_t>
   b57e2:	4605      	mov	r5, r0
   b57e4:	2800      	cmp	r0, #0
   b57e6:	d0e6      	beq.n	b57b6 <_ZN5spark24DefaultLogHandlerFactory13createHandlerEPKc8LogLevelNS_6VectorINS_17LogCategoryFilterENS_16DefaultAllocatorEEEP5PrintRKNS_9JSONValueE+0x3a>
   b57e8:	ab01      	add	r3, sp, #4
   b57ea:	4632      	mov	r2, r6
   b57ec:	4621      	mov	r1, r4
   b57ee:	f7ff ff9f 	bl	b5730 <_ZN5spark16StreamLogHandlerC1ER5Print8LogLevelNS_6VectorINS_17LogCategoryFilterENS_16DefaultAllocatorEEE>
   b57f2:	e7e0      	b.n	b57b6 <_ZN5spark24DefaultLogHandlerFactory13createHandlerEPKc8LogLevelNS_6VectorINS_17LogCategoryFilterENS_16DefaultAllocatorEEEP5PrintRKNS_9JSONValueE+0x3a>
            return nullptr; // Output stream is not specified
   b57f4:	2400      	movs	r4, #0
   b57f6:	e7e2      	b.n	b57be <_ZN5spark24DefaultLogHandlerFactory13createHandlerEPKc8LogLevelNS_6VectorINS_17LogCategoryFilterENS_16DefaultAllocatorEEEP5PrintRKNS_9JSONValueE+0x42>
   b57f8:	000b6b54 	.word	0x000b6b54
   b57fc:	000b6d80 	.word	0x000b6d80
   b5800:	000b6bd8 	.word	0x000b6bd8
   b5804:	000b6b58 	.word	0x000b6b58

000b5808 <_GLOBAL__sub_I__ZN5spark3LogE>:
        name_(name) {
   b5808:	4b01      	ldr	r3, [pc, #4]	; (b5810 <_GLOBAL__sub_I__ZN5spark3LogE+0x8>)
   b580a:	4a02      	ldr	r2, [pc, #8]	; (b5814 <_GLOBAL__sub_I__ZN5spark3LogE+0xc>)
   b580c:	601a      	str	r2, [r3, #0]
#if Wiring_LogConfig

// spark::
void spark::logProcessControlRequest(ctrl_request* req) {
    JSONRequestHandler::process(req);
}
   b580e:	4770      	bx	lr
   b5810:	2003df1c 	.word	0x2003df1c
   b5814:	000b6b69 	.word	0x000b6b69

000b5818 <_ZN5spark16StreamLogHandler10logMessageEPKc8LogLevelS2_RK13LogAttributes>:
void spark::StreamLogHandler::logMessage(const char *msg, LogLevel level, const char *category, const LogAttributes &attr) {
   b5818:	e92d 47f0 	stmdb	sp!, {r4, r5, r6, r7, r8, r9, sl, lr}
   b581c:	9d08      	ldr	r5, [sp, #32]
    if (stream_ == &Serial && Network.listening()) {
   b581e:	f8d0 9020 	ldr.w	r9, [r0, #32]
void spark::StreamLogHandler::logMessage(const char *msg, LogLevel level, const char *category, const LogAttributes &attr) {
   b5822:	4604      	mov	r4, r0
   b5824:	460e      	mov	r6, r1
   b5826:	4617      	mov	r7, r2
   b5828:	4698      	mov	r8, r3
    if (stream_ == &Serial && Network.listening()) {
   b582a:	f000 fb29 	bl	b5e80 <_Z16_fetch_usbserialv>
   b582e:	4581      	cmp	r9, r0
   b5830:	d04c      	beq.n	b58cc <_ZN5spark16StreamLogHandler10logMessageEPKc8LogLevelS2_RK13LogAttributes+0xb4>
    if (attr.has_time) {
   b5832:	792b      	ldrb	r3, [r5, #4]
   b5834:	0719      	lsls	r1, r3, #28
   b5836:	d504      	bpl.n	b5842 <_ZN5spark16StreamLogHandler10logMessageEPKc8LogLevelS2_RK13LogAttributes+0x2a>
        printf("%010u ", (unsigned)attr.time);
   b5838:	696a      	ldr	r2, [r5, #20]
   b583a:	4954      	ldr	r1, [pc, #336]	; (b598c <_ZN5spark16StreamLogHandler10logMessageEPKc8LogLevelS2_RK13LogAttributes+0x174>)
   b583c:	4620      	mov	r0, r4
   b583e:	f7ff faca 	bl	b4dd6 <_ZN5spark16StreamLogHandler6printfEPKcz>
    if (category) {
   b5842:	f1b8 0f00 	cmp.w	r8, #0
   b5846:	d00d      	beq.n	b5864 <_ZN5spark16StreamLogHandler10logMessageEPKc8LogLevelS2_RK13LogAttributes+0x4c>
        write('[');
   b5848:	215b      	movs	r1, #91	; 0x5b
   b584a:	4620      	mov	r0, r4
   b584c:	f7ff fa52 	bl	b4cf4 <_ZN5spark16StreamLogHandler5writeEc>
        write(category);
   b5850:	4641      	mov	r1, r8
   b5852:	4620      	mov	r0, r4
   b5854:	f7ff fa3f 	bl	b4cd6 <_ZN5spark16StreamLogHandler5writeEPKc>
        write("] ", 2);
   b5858:	6823      	ldr	r3, [r4, #0]
   b585a:	494d      	ldr	r1, [pc, #308]	; (b5990 <_ZN5spark16StreamLogHandler10logMessageEPKc8LogLevelS2_RK13LogAttributes+0x178>)
   b585c:	68db      	ldr	r3, [r3, #12]
   b585e:	2202      	movs	r2, #2
   b5860:	4620      	mov	r0, r4
   b5862:	4798      	blx	r3
    if (attr.has_file) {
   b5864:	792b      	ldrb	r3, [r5, #4]
   b5866:	07da      	lsls	r2, r3, #31
   b5868:	d523      	bpl.n	b58b2 <_ZN5spark16StreamLogHandler10logMessageEPKc8LogLevelS2_RK13LogAttributes+0x9a>
        s = extractFileName(attr.file); // Strip directory path
   b586a:	f8d5 8008 	ldr.w	r8, [r5, #8]
    const char *s1 = strrchr(s, '/');
   b586e:	212f      	movs	r1, #47	; 0x2f
   b5870:	4640      	mov	r0, r8
   b5872:	f001 f810 	bl	b6896 <strrchr>
    if (s1) {
   b5876:	b108      	cbz	r0, b587c <_ZN5spark16StreamLogHandler10logMessageEPKc8LogLevelS2_RK13LogAttributes+0x64>
        return s1 + 1;
   b5878:	f100 0801 	add.w	r8, r0, #1
        write(s); // File name
   b587c:	4641      	mov	r1, r8
   b587e:	4620      	mov	r0, r4
   b5880:	f7ff fa29 	bl	b4cd6 <_ZN5spark16StreamLogHandler5writeEPKc>
        if (attr.has_line) {
   b5884:	792b      	ldrb	r3, [r5, #4]
   b5886:	079b      	lsls	r3, r3, #30
   b5888:	d508      	bpl.n	b589c <_ZN5spark16StreamLogHandler10logMessageEPKc8LogLevelS2_RK13LogAttributes+0x84>
            write(':');
   b588a:	213a      	movs	r1, #58	; 0x3a
   b588c:	4620      	mov	r0, r4
   b588e:	f7ff fa31 	bl	b4cf4 <_ZN5spark16StreamLogHandler5writeEc>
            printf("%d", (int)attr.line); // Line number
   b5892:	68ea      	ldr	r2, [r5, #12]
   b5894:	493f      	ldr	r1, [pc, #252]	; (b5994 <_ZN5spark16StreamLogHandler10logMessageEPKc8LogLevelS2_RK13LogAttributes+0x17c>)
   b5896:	4620      	mov	r0, r4
   b5898:	f7ff fa9d 	bl	b4dd6 <_ZN5spark16StreamLogHandler6printfEPKcz>
        if (attr.has_function) {
   b589c:	792a      	ldrb	r2, [r5, #4]
            write(", ", 2);
   b589e:	6823      	ldr	r3, [r4, #0]
        if (attr.has_function) {
   b58a0:	f012 0f04 	tst.w	r2, #4
            write(", ", 2);
   b58a4:	68db      	ldr	r3, [r3, #12]
   b58a6:	bf14      	ite	ne
   b58a8:	493b      	ldrne	r1, [pc, #236]	; (b5998 <_ZN5spark16StreamLogHandler10logMessageEPKc8LogLevelS2_RK13LogAttributes+0x180>)
            write(": ", 2);
   b58aa:	493c      	ldreq	r1, [pc, #240]	; (b599c <_ZN5spark16StreamLogHandler10logMessageEPKc8LogLevelS2_RK13LogAttributes+0x184>)
            write(", ", 2);
   b58ac:	2202      	movs	r2, #2
            write(": ", 2);
   b58ae:	4620      	mov	r0, r4
   b58b0:	4798      	blx	r3
    if (attr.has_function) {
   b58b2:	792b      	ldrb	r3, [r5, #4]
   b58b4:	0758      	lsls	r0, r3, #29
   b58b6:	d51d      	bpl.n	b58f4 <_ZN5spark16StreamLogHandler10logMessageEPKc8LogLevelS2_RK13LogAttributes+0xdc>
        s = extractFuncName(attr.function, &n); // Strip argument and return types
   b58b8:	6929      	ldr	r1, [r5, #16]
const char* extractFuncName(const char *s, size_t *size) {
   b58ba:	460b      	mov	r3, r1
   b58bc:	461a      	mov	r2, r3
    for (; *s; ++s) {
   b58be:	f813 0b01 	ldrb.w	r0, [r3], #1
   b58c2:	b160      	cbz	r0, b58de <_ZN5spark16StreamLogHandler10logMessageEPKc8LogLevelS2_RK13LogAttributes+0xc6>
        if (*s == ' ') {
   b58c4:	2820      	cmp	r0, #32
   b58c6:	d108      	bne.n	b58da <_ZN5spark16StreamLogHandler10logMessageEPKc8LogLevelS2_RK13LogAttributes+0xc2>
            s1 = s + 1; // Skip return type
   b58c8:	4619      	mov	r1, r3
   b58ca:	e7f7      	b.n	b58bc <_ZN5spark16StreamLogHandler10logMessageEPKc8LogLevelS2_RK13LogAttributes+0xa4>
    if (stream_ == &Serial && Network.listening()) {
   b58cc:	4834      	ldr	r0, [pc, #208]	; (b59a0 <_ZN5spark16StreamLogHandler10logMessageEPKc8LogLevelS2_RK13LogAttributes+0x188>)
   b58ce:	f000 fe18 	bl	b6502 <_ZN5spark12NetworkClass9listeningEv>
   b58d2:	2800      	cmp	r0, #0
   b58d4:	d0ad      	beq.n	b5832 <_ZN5spark16StreamLogHandler10logMessageEPKc8LogLevelS2_RK13LogAttributes+0x1a>
}
   b58d6:	e8bd 87f0 	ldmia.w	sp!, {r4, r5, r6, r7, r8, r9, sl, pc}
        } else if (*s == '(') {
   b58da:	2828      	cmp	r0, #40	; 0x28
   b58dc:	d1ee      	bne.n	b58bc <_ZN5spark16StreamLogHandler10logMessageEPKc8LogLevelS2_RK13LogAttributes+0xa4>
        write(s, n);
   b58de:	6823      	ldr	r3, [r4, #0]
   b58e0:	1a52      	subs	r2, r2, r1
   b58e2:	68db      	ldr	r3, [r3, #12]
   b58e4:	4620      	mov	r0, r4
   b58e6:	4798      	blx	r3
        write("(): ", 4);
   b58e8:	6823      	ldr	r3, [r4, #0]
   b58ea:	492e      	ldr	r1, [pc, #184]	; (b59a4 <_ZN5spark16StreamLogHandler10logMessageEPKc8LogLevelS2_RK13LogAttributes+0x18c>)
   b58ec:	68db      	ldr	r3, [r3, #12]
   b58ee:	2204      	movs	r2, #4
   b58f0:	4620      	mov	r0, r4
   b58f2:	4798      	blx	r3
    return log_level_name(level, nullptr);
   b58f4:	2100      	movs	r1, #0
   b58f6:	4638      	mov	r0, r7
   b58f8:	f7fe fe8e 	bl	b4618 <log_level_name>
   b58fc:	4601      	mov	r1, r0
    write(s);
   b58fe:	4620      	mov	r0, r4
   b5900:	f7ff f9e9 	bl	b4cd6 <_ZN5spark16StreamLogHandler5writeEPKc>
    write(": ", 2);
   b5904:	6823      	ldr	r3, [r4, #0]
   b5906:	4925      	ldr	r1, [pc, #148]	; (b599c <_ZN5spark16StreamLogHandler10logMessageEPKc8LogLevelS2_RK13LogAttributes+0x184>)
   b5908:	68db      	ldr	r3, [r3, #12]
   b590a:	2202      	movs	r2, #2
   b590c:	4620      	mov	r0, r4
   b590e:	4798      	blx	r3
    if (msg) {
   b5910:	b11e      	cbz	r6, b591a <_ZN5spark16StreamLogHandler10logMessageEPKc8LogLevelS2_RK13LogAttributes+0x102>
        write(msg);
   b5912:	4631      	mov	r1, r6
   b5914:	4620      	mov	r0, r4
   b5916:	f7ff f9de 	bl	b4cd6 <_ZN5spark16StreamLogHandler5writeEPKc>
    if (attr.has_code || attr.has_details) {
   b591a:	792b      	ldrb	r3, [r5, #4]
   b591c:	f013 0f30 	tst.w	r3, #48	; 0x30
   b5920:	d02c      	beq.n	b597c <_ZN5spark16StreamLogHandler10logMessageEPKc8LogLevelS2_RK13LogAttributes+0x164>
        write(" [", 2);
   b5922:	6823      	ldr	r3, [r4, #0]
   b5924:	4920      	ldr	r1, [pc, #128]	; (b59a8 <_ZN5spark16StreamLogHandler10logMessageEPKc8LogLevelS2_RK13LogAttributes+0x190>)
   b5926:	68db      	ldr	r3, [r3, #12]
   b5928:	2202      	movs	r2, #2
   b592a:	4620      	mov	r0, r4
   b592c:	4798      	blx	r3
        if (attr.has_code) {
   b592e:	792b      	ldrb	r3, [r5, #4]
   b5930:	06d9      	lsls	r1, r3, #27
   b5932:	d50a      	bpl.n	b594a <_ZN5spark16StreamLogHandler10logMessageEPKc8LogLevelS2_RK13LogAttributes+0x132>
            write("code = ", 7);
   b5934:	6823      	ldr	r3, [r4, #0]
   b5936:	491d      	ldr	r1, [pc, #116]	; (b59ac <_ZN5spark16StreamLogHandler10logMessageEPKc8LogLevelS2_RK13LogAttributes+0x194>)
   b5938:	68db      	ldr	r3, [r3, #12]
   b593a:	2207      	movs	r2, #7
   b593c:	4620      	mov	r0, r4
   b593e:	4798      	blx	r3
            printf("%" PRIiPTR, (intptr_t)attr.code);
   b5940:	69aa      	ldr	r2, [r5, #24]
   b5942:	491b      	ldr	r1, [pc, #108]	; (b59b0 <_ZN5spark16StreamLogHandler10logMessageEPKc8LogLevelS2_RK13LogAttributes+0x198>)
   b5944:	4620      	mov	r0, r4
   b5946:	f7ff fa46 	bl	b4dd6 <_ZN5spark16StreamLogHandler6printfEPKcz>
        if (attr.has_details) {
   b594a:	792b      	ldrb	r3, [r5, #4]
   b594c:	069a      	lsls	r2, r3, #26
   b594e:	d511      	bpl.n	b5974 <_ZN5spark16StreamLogHandler10logMessageEPKc8LogLevelS2_RK13LogAttributes+0x15c>
            if (attr.has_code) {
   b5950:	06db      	lsls	r3, r3, #27
   b5952:	d505      	bpl.n	b5960 <_ZN5spark16StreamLogHandler10logMessageEPKc8LogLevelS2_RK13LogAttributes+0x148>
                write(", ", 2);
   b5954:	6823      	ldr	r3, [r4, #0]
   b5956:	4910      	ldr	r1, [pc, #64]	; (b5998 <_ZN5spark16StreamLogHandler10logMessageEPKc8LogLevelS2_RK13LogAttributes+0x180>)
   b5958:	68db      	ldr	r3, [r3, #12]
   b595a:	2202      	movs	r2, #2
   b595c:	4620      	mov	r0, r4
   b595e:	4798      	blx	r3
            write("details = ", 10);
   b5960:	6823      	ldr	r3, [r4, #0]
   b5962:	4914      	ldr	r1, [pc, #80]	; (b59b4 <_ZN5spark16StreamLogHandler10logMessageEPKc8LogLevelS2_RK13LogAttributes+0x19c>)
   b5964:	68db      	ldr	r3, [r3, #12]
   b5966:	4620      	mov	r0, r4
   b5968:	220a      	movs	r2, #10
   b596a:	4798      	blx	r3
            write(attr.details);
   b596c:	69e9      	ldr	r1, [r5, #28]
   b596e:	4620      	mov	r0, r4
   b5970:	f7ff f9b1 	bl	b4cd6 <_ZN5spark16StreamLogHandler5writeEPKc>
        write(']');
   b5974:	215d      	movs	r1, #93	; 0x5d
   b5976:	4620      	mov	r0, r4
   b5978:	f7ff f9bc 	bl	b4cf4 <_ZN5spark16StreamLogHandler5writeEc>
    write("\r\n", 2);
   b597c:	6823      	ldr	r3, [r4, #0]
   b597e:	490e      	ldr	r1, [pc, #56]	; (b59b8 <_ZN5spark16StreamLogHandler10logMessageEPKc8LogLevelS2_RK13LogAttributes+0x1a0>)
   b5980:	68db      	ldr	r3, [r3, #12]
   b5982:	4620      	mov	r0, r4
   b5984:	2202      	movs	r2, #2
}
   b5986:	e8bd 47f0 	ldmia.w	sp!, {r4, r5, r6, r7, r8, r9, sl, lr}
    write("\r\n", 2);
   b598a:	4718      	bx	r3
   b598c:	000b6b6d 	.word	0x000b6b6d
   b5990:	000b6b74 	.word	0x000b6b74
   b5994:	000b6b77 	.word	0x000b6b77
   b5998:	000b6b7a 	.word	0x000b6b7a
   b599c:	000b6b7f 	.word	0x000b6b7f
   b59a0:	2003dfc0 	.word	0x2003dfc0
   b59a4:	000b6b7d 	.word	0x000b6b7d
   b59a8:	000b6b82 	.word	0x000b6b82
   b59ac:	000b6b85 	.word	0x000b6b85
   b59b0:	000b6b8d 	.word	0x000b6b8d
   b59b4:	000b6b90 	.word	0x000b6b90
   b59b8:	000b6b9b 	.word	0x000b6b9b

000b59bc <_ZN5spark16StreamLogHandler5writeEPKcj>:
void spark::StreamLogHandler::write(const char *data, size_t size) {
   b59bc:	e92d 41f0 	stmdb	sp!, {r4, r5, r6, r7, r8, lr}
   b59c0:	4604      	mov	r4, r0
    if (stream_ == &Serial && Network.listening()) {
   b59c2:	6a07      	ldr	r7, [r0, #32]
void spark::StreamLogHandler::write(const char *data, size_t size) {
   b59c4:	460d      	mov	r5, r1
   b59c6:	4616      	mov	r6, r2
    if (stream_ == &Serial && Network.listening()) {
   b59c8:	f000 fa5a 	bl	b5e80 <_Z16_fetch_usbserialv>
   b59cc:	4287      	cmp	r7, r0
   b59ce:	d007      	beq.n	b59e0 <_ZN5spark16StreamLogHandler5writeEPKcj+0x24>
    stream_->write((const uint8_t*)data, size);
   b59d0:	6a20      	ldr	r0, [r4, #32]
   b59d2:	6803      	ldr	r3, [r0, #0]
   b59d4:	4632      	mov	r2, r6
   b59d6:	4629      	mov	r1, r5
   b59d8:	68db      	ldr	r3, [r3, #12]
}
   b59da:	e8bd 41f0 	ldmia.w	sp!, {r4, r5, r6, r7, r8, lr}
    stream_->write((const uint8_t*)data, size);
   b59de:	4718      	bx	r3
    if (stream_ == &Serial && Network.listening()) {
   b59e0:	4803      	ldr	r0, [pc, #12]	; (b59f0 <_ZN5spark16StreamLogHandler5writeEPKcj+0x34>)
   b59e2:	f000 fd8e 	bl	b6502 <_ZN5spark12NetworkClass9listeningEv>
   b59e6:	2800      	cmp	r0, #0
   b59e8:	d0f2      	beq.n	b59d0 <_ZN5spark16StreamLogHandler5writeEPKcj+0x14>
}
   b59ea:	e8bd 81f0 	ldmia.w	sp!, {r4, r5, r6, r7, r8, pc}
   b59ee:	bf00      	nop
   b59f0:	2003dfc0 	.word	0x2003dfc0

000b59f4 <_ZN5spark20JSONStreamLogHandler10logMessageEPKc8LogLevelS2_RK13LogAttributes>:
void spark::JSONStreamLogHandler::logMessage(const char *msg, LogLevel level, const char *category, const LogAttributes &attr) {
   b59f4:	e92d 43f0 	stmdb	sp!, {r4, r5, r6, r7, r8, r9, lr}
   b59f8:	b085      	sub	sp, #20
    return stream_;
   b59fa:	f8d0 9020 	ldr.w	r9, [r0, #32]
   b59fe:	9c0c      	ldr	r4, [sp, #48]	; 0x30
   b5a00:	4605      	mov	r5, r0
   b5a02:	460f      	mov	r7, r1
   b5a04:	4690      	mov	r8, r2
   b5a06:	461e      	mov	r6, r3
    if (this->stream() == &Serial && Network.listening()) {
   b5a08:	f000 fa3a 	bl	b5e80 <_Z16_fetch_usbserialv>
   b5a0c:	4581      	cmp	r9, r0
   b5a0e:	d105      	bne.n	b5a1c <_ZN5spark20JSONStreamLogHandler10logMessageEPKc8LogLevelS2_RK13LogAttributes+0x28>
   b5a10:	4849      	ldr	r0, [pc, #292]	; (b5b38 <_ZN5spark20JSONStreamLogHandler10logMessageEPKc8LogLevelS2_RK13LogAttributes+0x144>)
   b5a12:	f000 fd76 	bl	b6502 <_ZN5spark12NetworkClass9listeningEv>
   b5a16:	2800      	cmp	r0, #0
   b5a18:	f040 808a 	bne.w	b5b30 <_ZN5spark20JSONStreamLogHandler10logMessageEPKc8LogLevelS2_RK13LogAttributes+0x13c>
   b5a1c:	6a2b      	ldr	r3, [r5, #32]
        bytesWritten_(0) {
   b5a1e:	4a47      	ldr	r2, [pc, #284]	; (b5b3c <_ZN5spark20JSONStreamLogHandler10logMessageEPKc8LogLevelS2_RK13LogAttributes+0x148>)
   b5a20:	9200      	str	r2, [sp, #0]
        state_(BEGIN) {
   b5a22:	f04f 0900 	mov.w	r9, #0
    json.beginObject();
   b5a26:	4668      	mov	r0, sp
        bytesWritten_(0) {
   b5a28:	e9cd 3902 	strd	r3, r9, [sp, #8]
        state_(BEGIN) {
   b5a2c:	f88d 9004 	strb.w	r9, [sp, #4]
   b5a30:	f000 fb75 	bl	b611e <_ZN5spark10JSONWriter11beginObjectEv>
    return log_level_name(level, nullptr);
   b5a34:	4649      	mov	r1, r9
   b5a36:	4640      	mov	r0, r8
   b5a38:	f7fe fdee 	bl	b4618 <log_level_name>
    json.name("l", 1).value(s);
   b5a3c:	4940      	ldr	r1, [pc, #256]	; (b5b40 <_ZN5spark20JSONStreamLogHandler10logMessageEPKc8LogLevelS2_RK13LogAttributes+0x14c>)
   b5a3e:	4680      	mov	r8, r0
   b5a40:	2201      	movs	r2, #1
   b5a42:	4668      	mov	r0, sp
   b5a44:	f000 fbfa 	bl	b623c <_ZN5spark10JSONWriter4nameEPKcj>
   b5a48:	4641      	mov	r1, r8
   b5a4a:	f7ff f936 	bl	b4cba <_ZN5spark10JSONWriter5valueEPKc>
    if (msg) {
   b5a4e:	b13f      	cbz	r7, b5a60 <_ZN5spark20JSONStreamLogHandler10logMessageEPKc8LogLevelS2_RK13LogAttributes+0x6c>
        json.name("m", 1).value(msg);
   b5a50:	493c      	ldr	r1, [pc, #240]	; (b5b44 <_ZN5spark20JSONStreamLogHandler10logMessageEPKc8LogLevelS2_RK13LogAttributes+0x150>)
   b5a52:	2201      	movs	r2, #1
   b5a54:	4668      	mov	r0, sp
   b5a56:	f000 fbf1 	bl	b623c <_ZN5spark10JSONWriter4nameEPKcj>
   b5a5a:	4639      	mov	r1, r7
   b5a5c:	f7ff f92d 	bl	b4cba <_ZN5spark10JSONWriter5valueEPKc>
    if (category) {
   b5a60:	b13e      	cbz	r6, b5a72 <_ZN5spark20JSONStreamLogHandler10logMessageEPKc8LogLevelS2_RK13LogAttributes+0x7e>
        json.name("c", 1).value(category);
   b5a62:	4939      	ldr	r1, [pc, #228]	; (b5b48 <_ZN5spark20JSONStreamLogHandler10logMessageEPKc8LogLevelS2_RK13LogAttributes+0x154>)
   b5a64:	2201      	movs	r2, #1
   b5a66:	4668      	mov	r0, sp
   b5a68:	f000 fbe8 	bl	b623c <_ZN5spark10JSONWriter4nameEPKcj>
   b5a6c:	4631      	mov	r1, r6
   b5a6e:	f7ff f924 	bl	b4cba <_ZN5spark10JSONWriter5valueEPKc>
    if (attr.has_file) {
   b5a72:	7923      	ldrb	r3, [r4, #4]
   b5a74:	07df      	lsls	r7, r3, #31
   b5a76:	d50e      	bpl.n	b5a96 <_ZN5spark20JSONStreamLogHandler10logMessageEPKc8LogLevelS2_RK13LogAttributes+0xa2>
        s = extractFileName(attr.file); // Strip directory path
   b5a78:	68a6      	ldr	r6, [r4, #8]
    const char *s1 = strrchr(s, '/');
   b5a7a:	212f      	movs	r1, #47	; 0x2f
   b5a7c:	4630      	mov	r0, r6
   b5a7e:	f000 ff0a 	bl	b6896 <strrchr>
    if (s1) {
   b5a82:	b100      	cbz	r0, b5a86 <_ZN5spark20JSONStreamLogHandler10logMessageEPKc8LogLevelS2_RK13LogAttributes+0x92>
        return s1 + 1;
   b5a84:	1c46      	adds	r6, r0, #1
        json.name("f", 1).value(s);
   b5a86:	4931      	ldr	r1, [pc, #196]	; (b5b4c <_ZN5spark20JSONStreamLogHandler10logMessageEPKc8LogLevelS2_RK13LogAttributes+0x158>)
   b5a88:	2201      	movs	r2, #1
   b5a8a:	4668      	mov	r0, sp
   b5a8c:	f000 fbd6 	bl	b623c <_ZN5spark10JSONWriter4nameEPKcj>
   b5a90:	4631      	mov	r1, r6
   b5a92:	f7ff f912 	bl	b4cba <_ZN5spark10JSONWriter5valueEPKc>
    if (attr.has_line) {
   b5a96:	7923      	ldrb	r3, [r4, #4]
   b5a98:	079e      	lsls	r6, r3, #30
   b5a9a:	d507      	bpl.n	b5aac <_ZN5spark20JSONStreamLogHandler10logMessageEPKc8LogLevelS2_RK13LogAttributes+0xb8>
        json.name("ln", 2).value(attr.line);
   b5a9c:	492c      	ldr	r1, [pc, #176]	; (b5b50 <_ZN5spark20JSONStreamLogHandler10logMessageEPKc8LogLevelS2_RK13LogAttributes+0x15c>)
   b5a9e:	2202      	movs	r2, #2
   b5aa0:	4668      	mov	r0, sp
   b5aa2:	f000 fbcb 	bl	b623c <_ZN5spark10JSONWriter4nameEPKcj>
   b5aa6:	68e1      	ldr	r1, [r4, #12]
   b5aa8:	f000 fb46 	bl	b6138 <_ZN5spark10JSONWriter5valueEi>
    if (attr.has_function) {
   b5aac:	7923      	ldrb	r3, [r4, #4]
   b5aae:	0758      	lsls	r0, r3, #29
   b5ab0:	d514      	bpl.n	b5adc <_ZN5spark20JSONStreamLogHandler10logMessageEPKc8LogLevelS2_RK13LogAttributes+0xe8>
        s = extractFuncName(attr.function, &n); // Strip argument and return types
   b5ab2:	6926      	ldr	r6, [r4, #16]
const char* extractFuncName(const char *s, size_t *size) {
   b5ab4:	4633      	mov	r3, r6
   b5ab6:	461f      	mov	r7, r3
    for (; *s; ++s) {
   b5ab8:	f813 2b01 	ldrb.w	r2, [r3], #1
   b5abc:	b12a      	cbz	r2, b5aca <_ZN5spark20JSONStreamLogHandler10logMessageEPKc8LogLevelS2_RK13LogAttributes+0xd6>
        if (*s == ' ') {
   b5abe:	2a20      	cmp	r2, #32
   b5ac0:	d101      	bne.n	b5ac6 <_ZN5spark20JSONStreamLogHandler10logMessageEPKc8LogLevelS2_RK13LogAttributes+0xd2>
            s1 = s + 1; // Skip return type
   b5ac2:	461e      	mov	r6, r3
   b5ac4:	e7f7      	b.n	b5ab6 <_ZN5spark20JSONStreamLogHandler10logMessageEPKc8LogLevelS2_RK13LogAttributes+0xc2>
        } else if (*s == '(') {
   b5ac6:	2a28      	cmp	r2, #40	; 0x28
   b5ac8:	d1f5      	bne.n	b5ab6 <_ZN5spark20JSONStreamLogHandler10logMessageEPKc8LogLevelS2_RK13LogAttributes+0xc2>
        json.name("fn", 2).value(s, n);
   b5aca:	4922      	ldr	r1, [pc, #136]	; (b5b54 <_ZN5spark20JSONStreamLogHandler10logMessageEPKc8LogLevelS2_RK13LogAttributes+0x160>)
   b5acc:	2202      	movs	r2, #2
   b5ace:	4668      	mov	r0, sp
   b5ad0:	f000 fbb4 	bl	b623c <_ZN5spark10JSONWriter4nameEPKcj>
   b5ad4:	1bba      	subs	r2, r7, r6
   b5ad6:	4631      	mov	r1, r6
   b5ad8:	f000 fbc0 	bl	b625c <_ZN5spark10JSONWriter5valueEPKcj>
    if (attr.has_time) {
   b5adc:	7923      	ldrb	r3, [r4, #4]
   b5ade:	0719      	lsls	r1, r3, #28
   b5ae0:	d507      	bpl.n	b5af2 <_ZN5spark20JSONStreamLogHandler10logMessageEPKc8LogLevelS2_RK13LogAttributes+0xfe>
        json.name("t", 1).value((unsigned)attr.time);
   b5ae2:	491d      	ldr	r1, [pc, #116]	; (b5b58 <_ZN5spark20JSONStreamLogHandler10logMessageEPKc8LogLevelS2_RK13LogAttributes+0x164>)
   b5ae4:	2201      	movs	r2, #1
   b5ae6:	4668      	mov	r0, sp
   b5ae8:	f000 fba8 	bl	b623c <_ZN5spark10JSONWriter4nameEPKcj>
   b5aec:	6961      	ldr	r1, [r4, #20]
   b5aee:	f000 fb35 	bl	b615c <_ZN5spark10JSONWriter5valueEj>
    if (attr.has_code) {
   b5af2:	7923      	ldrb	r3, [r4, #4]
   b5af4:	06da      	lsls	r2, r3, #27
   b5af6:	d507      	bpl.n	b5b08 <_ZN5spark20JSONStreamLogHandler10logMessageEPKc8LogLevelS2_RK13LogAttributes+0x114>
        json.name("code", 4).value((int)attr.code);
   b5af8:	4918      	ldr	r1, [pc, #96]	; (b5b5c <_ZN5spark20JSONStreamLogHandler10logMessageEPKc8LogLevelS2_RK13LogAttributes+0x168>)
   b5afa:	2204      	movs	r2, #4
   b5afc:	4668      	mov	r0, sp
   b5afe:	f000 fb9d 	bl	b623c <_ZN5spark10JSONWriter4nameEPKcj>
   b5b02:	69a1      	ldr	r1, [r4, #24]
   b5b04:	f000 fb18 	bl	b6138 <_ZN5spark10JSONWriter5valueEi>
    if (attr.has_details) {
   b5b08:	7923      	ldrb	r3, [r4, #4]
   b5b0a:	069b      	lsls	r3, r3, #26
   b5b0c:	d507      	bpl.n	b5b1e <_ZN5spark20JSONStreamLogHandler10logMessageEPKc8LogLevelS2_RK13LogAttributes+0x12a>
        json.name("detail", 6).value(attr.details);
   b5b0e:	4914      	ldr	r1, [pc, #80]	; (b5b60 <_ZN5spark20JSONStreamLogHandler10logMessageEPKc8LogLevelS2_RK13LogAttributes+0x16c>)
   b5b10:	2206      	movs	r2, #6
   b5b12:	4668      	mov	r0, sp
   b5b14:	f000 fb92 	bl	b623c <_ZN5spark10JSONWriter4nameEPKcj>
   b5b18:	69e1      	ldr	r1, [r4, #28]
   b5b1a:	f7ff f8ce 	bl	b4cba <_ZN5spark10JSONWriter5valueEPKc>
    json.endObject();
   b5b1e:	4668      	mov	r0, sp
   b5b20:	f000 fae7 	bl	b60f2 <_ZN5spark10JSONWriter9endObjectEv>
    return stream_;
   b5b24:	6a28      	ldr	r0, [r5, #32]
    this->stream()->write((const uint8_t*)"\r\n", 2);
   b5b26:	490f      	ldr	r1, [pc, #60]	; (b5b64 <_ZN5spark20JSONStreamLogHandler10logMessageEPKc8LogLevelS2_RK13LogAttributes+0x170>)
   b5b28:	6803      	ldr	r3, [r0, #0]
   b5b2a:	2202      	movs	r2, #2
   b5b2c:	68db      	ldr	r3, [r3, #12]
   b5b2e:	4798      	blx	r3
}
   b5b30:	b005      	add	sp, #20
   b5b32:	e8bd 83f0 	ldmia.w	sp!, {r4, r5, r6, r7, r8, r9, pc}
   b5b36:	bf00      	nop
   b5b38:	2003dfc0 	.word	0x2003dfc0
   b5b3c:	000b6b30 	.word	0x000b6b30
   b5b40:	000b6b4a 	.word	0x000b6b4a
   b5b44:	000b6b9e 	.word	0x000b6b9e
   b5b48:	000b6e13 	.word	0x000b6e13
   b5b4c:	000b6ba0 	.word	0x000b6ba0
   b5b50:	000b6ba2 	.word	0x000b6ba2
   b5b54:	000b6ba5 	.word	0x000b6ba5
   b5b58:	000b6ba8 	.word	0x000b6ba8
   b5b5c:	000b6baa 	.word	0x000b6baa
   b5b60:	000b6baf 	.word	0x000b6baf
   b5b64:	000b6b9b 	.word	0x000b6b9b

000b5b68 <_GLOBAL__sub_I_TIME_FORMAT_DEFAULT>:
            calendar_time_cache = Convert_UnixTime_To_CalendarTime(unix_time);
            unix_time_cache = unix_time;
    }
}

const char* TimeClass::format_spec = TIME_FORMAT_DEFAULT;
   b5b68:	4b02      	ldr	r3, [pc, #8]	; (b5b74 <_GLOBAL__sub_I_TIME_FORMAT_DEFAULT+0xc>)
   b5b6a:	681a      	ldr	r2, [r3, #0]
   b5b6c:	4b02      	ldr	r3, [pc, #8]	; (b5b78 <_GLOBAL__sub_I_TIME_FORMAT_DEFAULT+0x10>)
   b5b6e:	601a      	str	r2, [r3, #0]
{
  return isValid();
}


TimeClass Time;
   b5b70:	4770      	bx	lr
   b5b72:	bf00      	nop
   b5b74:	2003de48 	.word	0x2003de48
   b5b78:	2003df48 	.word	0x2003df48

000b5b7c <delay>:
    return (value - fromStart) * (toEnd - toStart) / (fromEnd - fromStart) + toStart;
}

void delay(unsigned long ms)
{
    system_delay_ms(ms, false);
   b5b7c:	2100      	movs	r1, #0
   b5b7e:	f7fe bd6d 	b.w	b465c <system_delay_ms>
	...

000b5b84 <_GLOBAL__sub_I_RGB>:
	static void
	_M_init_functor(_Any_data& __functor, _Functor&& __f, false_type)
	{ __functor._M_access<_Functor*>() = new _Functor(std::move(__f)); }
      };

    _Function_base() : _M_manager(nullptr) { }
   b5b84:	4b01      	ldr	r3, [pc, #4]	; (b5b8c <_GLOBAL__sub_I_RGB+0x8>)
   b5b86:	2200      	movs	r2, #0
   b5b88:	609a      	str	r2, [r3, #8]
{
    RGBClass* const d = static_cast<RGBClass*>(data);
    if (d->changeHandler_) {
        d->changeHandler_(r, g, b);
    }
}
   b5b8a:	4770      	bx	lr
   b5b8c:	2003df4c 	.word	0x2003df4c

000b5b90 <_ZZ21module_user_init_hookENUlP6_reentjmPvE_4_FUNES0_jmS1_>:

void module_user_init_hook()
{
#if HAL_PLATFORM_NEWLIB
    newlib_impure_ptr_callback([](struct _reent* r, size_t size, uint32_t version, void* ctx) -> void {
        _impure_ptr = r;
   b5b90:	4b01      	ldr	r3, [pc, #4]	; (b5b98 <_ZZ21module_user_init_hookENUlP6_reentjmPvE_4_FUNES0_jmS1_+0x8>)
   b5b92:	6018      	str	r0, [r3, #0]
    }, nullptr);
   b5b94:	4770      	bx	lr
   b5b96:	bf00      	nop
   b5b98:	2003de4c 	.word	0x2003de4c

000b5b9c <setup>:
}
   b5b9c:	4770      	bx	lr
	...

000b5ba0 <serialEventRun>:
{
   b5ba0:	b508      	push	{r3, lr}
    if (serialEvent && Serial.available()>0)
   b5ba2:	4b0b      	ldr	r3, [pc, #44]	; (b5bd0 <serialEventRun+0x30>)
   b5ba4:	b143      	cbz	r3, b5bb8 <serialEventRun+0x18>
   b5ba6:	f000 f96b 	bl	b5e80 <_Z16_fetch_usbserialv>
   b5baa:	6803      	ldr	r3, [r0, #0]
   b5bac:	691b      	ldr	r3, [r3, #16]
   b5bae:	4798      	blx	r3
   b5bb0:	2800      	cmp	r0, #0
   b5bb2:	dd01      	ble.n	b5bb8 <serialEventRun+0x18>
        serialEvent();
   b5bb4:	f3af 8000 	nop.w
    if (serialEvent1 && Serial1.available()>0)
   b5bb8:	4b06      	ldr	r3, [pc, #24]	; (b5bd4 <serialEventRun+0x34>)
   b5bba:	b143      	cbz	r3, b5bce <serialEventRun+0x2e>
   b5bbc:	f000 fd64 	bl	b6688 <_Z22__fetch_global_Serial1v>
   b5bc0:	6803      	ldr	r3, [r0, #0]
   b5bc2:	691b      	ldr	r3, [r3, #16]
   b5bc4:	4798      	blx	r3
   b5bc6:	2800      	cmp	r0, #0
   b5bc8:	dd01      	ble.n	b5bce <serialEventRun+0x2e>
        serialEvent1();
   b5bca:	f3af 8000 	nop.w
}
   b5bce:	bd08      	pop	{r3, pc}
	...

000b5bd8 <_post_loop>:
{
   b5bd8:	b508      	push	{r3, lr}
	serialEventRun();
   b5bda:	f7ff ffe1 	bl	b5ba0 <serialEventRun>
		return !thread || !thread->isRunning();
	}

	static inline system_tick_t current_time()
	{
		return HAL_Timer_Get_Milli_Seconds();
   b5bde:	f7fe fc1b 	bl	b4418 <HAL_Timer_Get_Milli_Seconds>
	/**
	 * Lifesign that the application is still working normally.
	 */
	static void checkin()
	{
		last_checkin = current_time();
   b5be2:	4b01      	ldr	r3, [pc, #4]	; (b5be8 <_post_loop+0x10>)
   b5be4:	6018      	str	r0, [r3, #0]
}
   b5be6:	bd08      	pop	{r3, pc}
   b5be8:	2003dfe0 	.word	0x2003dfe0

000b5bec <_Z33system_initialize_user_backup_ramv>:
    memcpy(&link_global_retained_start, &link_global_retained_initial_values, len);
   b5bec:	4805      	ldr	r0, [pc, #20]	; (b5c04 <_Z33system_initialize_user_backup_ramv+0x18>)
   b5bee:	4a06      	ldr	r2, [pc, #24]	; (b5c08 <_Z33system_initialize_user_backup_ramv+0x1c>)
   b5bf0:	4906      	ldr	r1, [pc, #24]	; (b5c0c <_Z33system_initialize_user_backup_ramv+0x20>)
{
   b5bf2:	b508      	push	{r3, lr}
    memcpy(&link_global_retained_start, &link_global_retained_initial_values, len);
   b5bf4:	1a12      	subs	r2, r2, r0
   b5bf6:	f000 fdbd 	bl	b6774 <memcpy>
    __backup_sram_signature = signature;
   b5bfa:	4b05      	ldr	r3, [pc, #20]	; (b5c10 <_Z33system_initialize_user_backup_ramv+0x24>)
   b5bfc:	4a05      	ldr	r2, [pc, #20]	; (b5c14 <_Z33system_initialize_user_backup_ramv+0x28>)
   b5bfe:	601a      	str	r2, [r3, #0]
}
   b5c00:	bd08      	pop	{r3, pc}
   b5c02:	bf00      	nop
   b5c04:	2003f400 	.word	0x2003f400
   b5c08:	2003f404 	.word	0x2003f404
   b5c0c:	000b6fdc 	.word	0x000b6fdc
   b5c10:	2003f400 	.word	0x2003f400
   b5c14:	9a271c1e 	.word	0x9a271c1e

000b5c18 <_Z27ctrl_request_custom_handlerP12ctrl_request>:
void __attribute((weak)) ctrl_request_custom_handler(ctrl_request* req) {
   b5c18:	b507      	push	{r0, r1, r2, lr}
    system_ctrl_set_result(req, SYSTEM_ERROR_NOT_SUPPORTED, nullptr, nullptr, nullptr);
   b5c1a:	2300      	movs	r3, #0
   b5c1c:	9300      	str	r3, [sp, #0]
   b5c1e:	461a      	mov	r2, r3
   b5c20:	f06f 0177 	mvn.w	r1, #119	; 0x77
   b5c24:	f7fe fd34 	bl	b4690 <system_ctrl_set_result>
}
   b5c28:	b003      	add	sp, #12
   b5c2a:	f85d fb04 	ldr.w	pc, [sp], #4
	...

000b5c30 <_ZL20ctrl_request_handlerP12ctrl_request>:
static void ctrl_request_handler(ctrl_request* req) {
   b5c30:	b507      	push	{r0, r1, r2, lr}
    switch (req->type) {
   b5c32:	8843      	ldrh	r3, [r0, #2]
   b5c34:	2b0a      	cmp	r3, #10
   b5c36:	d008      	beq.n	b5c4a <_ZL20ctrl_request_handlerP12ctrl_request+0x1a>
   b5c38:	2b50      	cmp	r3, #80	; 0x50
   b5c3a:	d10b      	bne.n	b5c54 <_ZL20ctrl_request_handlerP12ctrl_request+0x24>
        if (log_process_ctrl_request_callback) {
   b5c3c:	4b09      	ldr	r3, [pc, #36]	; (b5c64 <_ZL20ctrl_request_handlerP12ctrl_request+0x34>)
   b5c3e:	681b      	ldr	r3, [r3, #0]
   b5c40:	b14b      	cbz	r3, b5c56 <_ZL20ctrl_request_handlerP12ctrl_request+0x26>
}
   b5c42:	b003      	add	sp, #12
   b5c44:	f85d eb04 	ldr.w	lr, [sp], #4
            log_process_ctrl_request_callback(req);
   b5c48:	4718      	bx	r3
        ctrl_request_custom_handler(req);
   b5c4a:	f7ff ffe5 	bl	b5c18 <_Z27ctrl_request_custom_handlerP12ctrl_request>
}
   b5c4e:	b003      	add	sp, #12
   b5c50:	f85d fb04 	ldr.w	pc, [sp], #4
        system_ctrl_set_result(req, SYSTEM_ERROR_NOT_SUPPORTED, nullptr, nullptr, nullptr);
   b5c54:	2300      	movs	r3, #0
   b5c56:	9300      	str	r3, [sp, #0]
   b5c58:	461a      	mov	r2, r3
   b5c5a:	f06f 0177 	mvn.w	r1, #119	; 0x77
   b5c5e:	f7fe fd17 	bl	b4690 <system_ctrl_set_result>
}
   b5c62:	e7f4      	b.n	b5c4e <_ZL20ctrl_request_handlerP12ctrl_request+0x1e>
   b5c64:	2003df60 	.word	0x2003df60

000b5c68 <module_user_init_hook>:
{
   b5c68:	b510      	push	{r4, lr}
    newlib_impure_ptr_callback([](struct _reent* r, size_t size, uint32_t version, void* ctx) -> void {
   b5c6a:	4812      	ldr	r0, [pc, #72]	; (b5cb4 <module_user_init_hook+0x4c>)
   b5c6c:	2100      	movs	r1, #0
   b5c6e:	f7fe fdc9 	bl	b4804 <newlib_impure_ptr_callback>
#endif // HAL_PLATFORM_NEWLIB

#if HAL_PLATFORM_BACKUP_RAM
    backup_ram_was_valid_ = __backup_sram_signature == signature;
   b5c72:	4b11      	ldr	r3, [pc, #68]	; (b5cb8 <module_user_init_hook+0x50>)
   b5c74:	681a      	ldr	r2, [r3, #0]
   b5c76:	4b11      	ldr	r3, [pc, #68]	; (b5cbc <module_user_init_hook+0x54>)
   b5c78:	429a      	cmp	r2, r3
   b5c7a:	4b11      	ldr	r3, [pc, #68]	; (b5cc0 <module_user_init_hook+0x58>)
   b5c7c:	bf0c      	ite	eq
   b5c7e:	2201      	moveq	r2, #1
   b5c80:	2200      	movne	r2, #0
   b5c82:	701a      	strb	r2, [r3, #0]
    if (!backup_ram_was_valid_) {
   b5c84:	d001      	beq.n	b5c8a <module_user_init_hook+0x22>
        system_initialize_user_backup_ram();
   b5c86:	f7ff ffb1 	bl	b5bec <_Z33system_initialize_user_backup_ramv>
    }
#endif

#if HAL_PLATFORM_RNG
    // Initialize the default stdlib PRNG using hardware RNG as a seed
    const uint32_t seed = HAL_RNG_GetRandomNumber();
   b5c8a:	f7fe fbbd 	bl	b4408 <HAL_RNG_GetRandomNumber>
   b5c8e:	4604      	mov	r4, r0
    srand(seed);
   b5c90:	f000 fda0 	bl	b67d4 <srand>

    // If the user defines random_seed_from_cloud, call it with a seed value
    // generated by a hardware RNG as well.
    if (random_seed_from_cloud) {
   b5c94:	4b0b      	ldr	r3, [pc, #44]	; (b5cc4 <module_user_init_hook+0x5c>)
   b5c96:	b113      	cbz	r3, b5c9e <module_user_init_hook+0x36>
        random_seed_from_cloud(seed);
   b5c98:	4620      	mov	r0, r4
   b5c9a:	f3af 8000 	nop.w
    }
#endif
    // Register the random_seed_from_cloud handler
    spark_set_random_seed_from_cloud_handler(&random_seed_from_cloud, nullptr);
   b5c9e:	2100      	movs	r1, #0
   b5ca0:	4808      	ldr	r0, [pc, #32]	; (b5cc4 <module_user_init_hook+0x5c>)
   b5ca2:	f7fe fd6f 	bl	b4784 <spark_set_random_seed_from_cloud_handler>

    // Register application handler for the control requests
    system_ctrl_set_app_request_handler(ctrl_request_handler, nullptr);
}
   b5ca6:	e8bd 4010 	ldmia.w	sp!, {r4, lr}
    system_ctrl_set_app_request_handler(ctrl_request_handler, nullptr);
   b5caa:	4807      	ldr	r0, [pc, #28]	; (b5cc8 <module_user_init_hook+0x60>)
   b5cac:	2100      	movs	r1, #0
   b5cae:	f7fe bce5 	b.w	b467c <system_ctrl_set_app_request_handler>
   b5cb2:	bf00      	nop
   b5cb4:	000b5b91 	.word	0x000b5b91
   b5cb8:	2003f400 	.word	0x2003f400
   b5cbc:	9a271c1e 	.word	0x9a271c1e
   b5cc0:	2003df5c 	.word	0x2003df5c
   b5cc4:	00000000 	.word	0x00000000
   b5cc8:	000b5c31 	.word	0x000b5c31

000b5ccc <_ZN9IPAddressD1Ev>:
    IPAddress(uint32_t address);
    // 4 bytes defining the IP address in network order
    IPAddress(const uint8_t* address);
    IPAddress(const HAL_IPAddress& address);

    virtual ~IPAddress() {}
   b5ccc:	4770      	bx	lr

000b5cce <_ZN9IPAddressD0Ev>:
   b5cce:	b510      	push	{r4, lr}
   b5cd0:	2118      	movs	r1, #24
   b5cd2:	4604      	mov	r4, r0
   b5cd4:	f7fe f9f3 	bl	b40be <_ZdlPvj>
   b5cd8:	4620      	mov	r0, r4
   b5cda:	bd10      	pop	{r4, pc}

000b5cdc <_ZNK9IPAddress7printToER5Print>:
#endif // Wiring_IPv6
	return address.ipv4==that.address.ipv4;
}

size_t IPAddress::printTo(Print& p) const
{
   b5cdc:	b5f0      	push	{r4, r5, r6, r7, lr}
#if Wiring_IPv6
#if HAL_USE_INET_HAL_POSIX
	if (address.v==6) {
   b5cde:	7d03      	ldrb	r3, [r0, #20]
   b5ce0:	2b06      	cmp	r3, #6
{
   b5ce2:	b08d      	sub	sp, #52	; 0x34
   b5ce4:	460e      	mov	r6, r1
		char buf[INET6_ADDRSTRLEN+1];
		buf[0] = 0;
		inet_inet_ntop(AF_INET6, address.ipv6, buf, sizeof(buf));
   b5ce6:	f100 0704 	add.w	r7, r0, #4
   b5cea:	f04f 0400 	mov.w	r4, #0
	if (address.v==6) {
   b5cee:	d012      	beq.n	b5d16 <_ZNK9IPAddress7printToER5Print+0x3a>
   b5cf0:	f100 0508 	add.w	r5, r0, #8
            val = n;
        }
#if __GNUC__ >= 9
#pragma GCC diagnostic pop
#endif // __GNUC__ >= 9
        return printNumber(val, base) + t;
   b5cf4:	f815 1d01 	ldrb.w	r1, [r5, #-1]!
   b5cf8:	220a      	movs	r2, #10
   b5cfa:	4630      	mov	r0, r6
   b5cfc:	f7fe ff49 	bl	b4b92 <_ZN5Print11printNumberEmh>
#else
#pragma message "HAL_USE_INET_HAL_POSIX is required for IPv6 support in IPAddress::printTo()"
#endif // HAL_USE_INET_HAL_POSIX
#endif // Wiring_IPv6
    size_t n = 0;
    for (int i = 0; i < 4; i++)
   b5d00:	42af      	cmp	r7, r5
    {
        if (n)
            n += p.print('.');
        n += p.print((*this)[i], DEC);
   b5d02:	4404      	add	r4, r0
    for (int i = 0; i < 4; i++)
   b5d04:	d019      	beq.n	b5d3a <_ZNK9IPAddress7printToER5Print+0x5e>
        if (n)
   b5d06:	2c00      	cmp	r4, #0
   b5d08:	d0f4      	beq.n	b5cf4 <_ZNK9IPAddress7printToER5Print+0x18>
            n += p.print('.');
   b5d0a:	212e      	movs	r1, #46	; 0x2e
   b5d0c:	4630      	mov	r0, r6
   b5d0e:	f7fe ff3d 	bl	b4b8c <_ZN5Print5printEc>
   b5d12:	4404      	add	r4, r0
   b5d14:	e7ee      	b.n	b5cf4 <_ZNK9IPAddress7printToER5Print+0x18>
		inet_inet_ntop(AF_INET6, address.ipv6, buf, sizeof(buf));
   b5d16:	232f      	movs	r3, #47	; 0x2f
   b5d18:	466a      	mov	r2, sp
   b5d1a:	4639      	mov	r1, r7
   b5d1c:	200a      	movs	r0, #10
		buf[0] = 0;
   b5d1e:	f88d 4000 	strb.w	r4, [sp]
		inet_inet_ntop(AF_INET6, address.ipv6, buf, sizeof(buf));
   b5d22:	f7fe fba1 	bl	b4468 <inet_inet_ntop>
      return write((const uint8_t *)str, strlen(str));
   b5d26:	4668      	mov	r0, sp
   b5d28:	f7fe f982 	bl	b4030 <strlen>
   b5d2c:	6833      	ldr	r3, [r6, #0]
   b5d2e:	4602      	mov	r2, r0
   b5d30:	68db      	ldr	r3, [r3, #12]
   b5d32:	4669      	mov	r1, sp
   b5d34:	4630      	mov	r0, r6
   b5d36:	4798      	blx	r3
   b5d38:	4604      	mov	r4, r0
    }
    return n;
}
   b5d3a:	4620      	mov	r0, r4
   b5d3c:	b00d      	add	sp, #52	; 0x34
   b5d3e:	bdf0      	pop	{r4, r5, r6, r7, pc}

000b5d40 <_ZN9IPAddressC1Ev>:
IPAddress::IPAddress()
   b5d40:	b510      	push	{r4, lr}
   b5d42:	4b05      	ldr	r3, [pc, #20]	; (b5d58 <_ZN9IPAddressC1Ev+0x18>)
   b5d44:	4604      	mov	r4, r0
        return address;
    }

    virtual size_t printTo(Print& p) const;

    void clear() { memset(&address, 0, sizeof (address)); }
   b5d46:	2211      	movs	r2, #17
   b5d48:	f840 3b04 	str.w	r3, [r0], #4
   b5d4c:	2100      	movs	r1, #0
   b5d4e:	f000 fd39 	bl	b67c4 <memset>
}
   b5d52:	4620      	mov	r0, r4
   b5d54:	bd10      	pop	{r4, pc}
   b5d56:	bf00      	nop
   b5d58:	000b6c3c 	.word	0x000b6c3c

000b5d5c <_ZN9IPAddressC1ERK16_HAL_IPAddress_t>:
IPAddress::IPAddress(const HAL_IPAddress& address)
   b5d5c:	4603      	mov	r3, r0
   b5d5e:	4a07      	ldr	r2, [pc, #28]	; (b5d7c <_ZN9IPAddressC1ERK16_HAL_IPAddress_t+0x20>)
   b5d60:	b510      	push	{r4, lr}
   b5d62:	f843 2b04 	str.w	r2, [r3], #4
    memcpy(&this->address, &address, sizeof(address));
   b5d66:	f101 0210 	add.w	r2, r1, #16
   b5d6a:	f851 4b04 	ldr.w	r4, [r1], #4
   b5d6e:	f843 4b04 	str.w	r4, [r3], #4
   b5d72:	4291      	cmp	r1, r2
   b5d74:	d1f9      	bne.n	b5d6a <_ZN9IPAddressC1ERK16_HAL_IPAddress_t+0xe>
   b5d76:	780a      	ldrb	r2, [r1, #0]
   b5d78:	701a      	strb	r2, [r3, #0]
}
   b5d7a:	bd10      	pop	{r4, pc}
   b5d7c:	000b6c3c 	.word	0x000b6c3c

000b5d80 <_ZN9IPAddress8set_ipv4Ehhhh>:
{
   b5d80:	b510      	push	{r4, lr}
    address.ipv4 = b0<<24 | b1 << 16 | b2 << 8 | b3;
   b5d82:	f89d 4008 	ldrb.w	r4, [sp, #8]
   b5d86:	ea44 2303 	orr.w	r3, r4, r3, lsl #8
   b5d8a:	ea43 4202 	orr.w	r2, r3, r2, lsl #16
   b5d8e:	ea42 6101 	orr.w	r1, r2, r1, lsl #24
        address.v = version;
   b5d92:	2304      	movs	r3, #4
   b5d94:	6041      	str	r1, [r0, #4]
   b5d96:	7503      	strb	r3, [r0, #20]
}
   b5d98:	bd10      	pop	{r4, pc}
	...

000b5d9c <_ZN9IPAddressC1EPKh>:
IPAddress::IPAddress(const uint8_t* addr)
   b5d9c:	b507      	push	{r0, r1, r2, lr}
   b5d9e:	4b06      	ldr	r3, [pc, #24]	; (b5db8 <_ZN9IPAddressC1EPKh+0x1c>)
   b5da0:	6003      	str	r3, [r0, #0]
    set_ipv4(addr[0], addr[1], addr[2], addr[3]);
   b5da2:	78cb      	ldrb	r3, [r1, #3]
   b5da4:	9300      	str	r3, [sp, #0]
   b5da6:	788b      	ldrb	r3, [r1, #2]
   b5da8:	784a      	ldrb	r2, [r1, #1]
   b5daa:	7809      	ldrb	r1, [r1, #0]
   b5dac:	f7ff ffe8 	bl	b5d80 <_ZN9IPAddress8set_ipv4Ehhhh>
}
   b5db0:	b003      	add	sp, #12
   b5db2:	f85d fb04 	ldr.w	pc, [sp], #4
   b5db6:	bf00      	nop
   b5db8:	000b6c3c 	.word	0x000b6c3c

000b5dbc <_ZN9USBSerial14blockOnOverrunEb>:
  HAL_USB_USART_Flush_Data(_serial);
}

void USBSerial::blockOnOverrun(bool block)
{
  _blocking = block;
   b5dbc:	7441      	strb	r1, [r0, #17]
}
   b5dbe:	4770      	bx	lr

000b5dc0 <__tcf_0>:
}

USBSerial& _fetch_usbserial()
{
  HAL_USB_USART_Config conf = acquireSerialBuffer();
	static USBSerial _usbserial(HAL_USB_USART_SERIAL, conf);
   b5dc0:	4770      	bx	lr

000b5dc2 <_ZN9USBSerialD1Ev>:
#include "usb_hal.h"
#include "system_task.h"
#include "spark_wiring_startup.h"
#include "concurrent_hal.h"

class USBSerial : public Stream
   b5dc2:	4770      	bx	lr

000b5dc4 <_ZN9USBSerial4readEv>:
{
   b5dc4:	b508      	push	{r3, lr}
	return std::max(-1, (int)HAL_USB_USART_Receive_Data(_serial, false));
   b5dc6:	2100      	movs	r1, #0
   b5dc8:	7c00      	ldrb	r0, [r0, #16]
   b5dca:	f7fe fc05 	bl	b45d8 <HAL_USB_USART_Receive_Data>
}
   b5dce:	ea40 70e0 	orr.w	r0, r0, r0, asr #31
   b5dd2:	bd08      	pop	{r3, pc}

000b5dd4 <_ZN9USBSerial4peekEv>:
{
   b5dd4:	b508      	push	{r3, lr}
	return std::max(-1, (int)HAL_USB_USART_Receive_Data(_serial, true));
   b5dd6:	2101      	movs	r1, #1
   b5dd8:	7c00      	ldrb	r0, [r0, #16]
   b5dda:	f7fe fbfd 	bl	b45d8 <HAL_USB_USART_Receive_Data>
}
   b5dde:	ea40 70e0 	orr.w	r0, r0, r0, asr #31
   b5de2:	bd08      	pop	{r3, pc}

000b5de4 <_ZN9USBSerial17availableForWriteEv>:
{
   b5de4:	b508      	push	{r3, lr}
  return std::max(0, (int)HAL_USB_USART_Available_Data_For_Write(_serial));
   b5de6:	7c00      	ldrb	r0, [r0, #16]
   b5de8:	f7fe fbee 	bl	b45c8 <HAL_USB_USART_Available_Data_For_Write>
}
   b5dec:	ea20 70e0 	bic.w	r0, r0, r0, asr #31
   b5df0:	bd08      	pop	{r3, pc}

000b5df2 <_ZN9USBSerial9availableEv>:
{
   b5df2:	b508      	push	{r3, lr}
	return std::max(0, (int)HAL_USB_USART_Available_Data(_serial));
   b5df4:	7c00      	ldrb	r0, [r0, #16]
   b5df6:	f7fe fbdf 	bl	b45b8 <HAL_USB_USART_Available_Data>
}
   b5dfa:	ea20 70e0 	bic.w	r0, r0, r0, asr #31
   b5dfe:	bd08      	pop	{r3, pc}

000b5e00 <_ZN9USBSerial5writeEh>:
{
   b5e00:	b513      	push	{r0, r1, r4, lr}
   b5e02:	4604      	mov	r4, r0
  if (HAL_USB_USART_Available_Data_For_Write(_serial) > 0 || _blocking) {
   b5e04:	7c00      	ldrb	r0, [r0, #16]
{
   b5e06:	9101      	str	r1, [sp, #4]
  if (HAL_USB_USART_Available_Data_For_Write(_serial) > 0 || _blocking) {
   b5e08:	f7fe fbde 	bl	b45c8 <HAL_USB_USART_Available_Data_For_Write>
   b5e0c:	2800      	cmp	r0, #0
   b5e0e:	9901      	ldr	r1, [sp, #4]
   b5e10:	dc01      	bgt.n	b5e16 <_ZN9USBSerial5writeEh+0x16>
   b5e12:	7c60      	ldrb	r0, [r4, #17]
   b5e14:	b120      	cbz	r0, b5e20 <_ZN9USBSerial5writeEh+0x20>
    return std::max(0, (int)HAL_USB_USART_Send_Data(_serial, byte));
   b5e16:	7c20      	ldrb	r0, [r4, #16]
   b5e18:	f7fe fbe6 	bl	b45e8 <HAL_USB_USART_Send_Data>
   b5e1c:	ea20 70e0 	bic.w	r0, r0, r0, asr #31
}
   b5e20:	b002      	add	sp, #8
   b5e22:	bd10      	pop	{r4, pc}

000b5e24 <_ZN9USBSerial5flushEv>:
  HAL_USB_USART_Flush_Data(_serial);
   b5e24:	7c00      	ldrb	r0, [r0, #16]
   b5e26:	f7fe bbe7 	b.w	b45f8 <HAL_USB_USART_Flush_Data>

000b5e2a <_ZN9USBSerialD0Ev>:
   b5e2a:	b510      	push	{r4, lr}
   b5e2c:	2114      	movs	r1, #20
   b5e2e:	4604      	mov	r4, r0
   b5e30:	f7fe f945 	bl	b40be <_ZdlPvj>
   b5e34:	4620      	mov	r0, r4
   b5e36:	bd10      	pop	{r4, pc}

000b5e38 <_ZN9USBSerialC1E20HAL_USB_USART_SerialRK20HAL_USB_USART_Config>:
USBSerial::USBSerial(HAL_USB_USART_Serial serial, const HAL_USB_USART_Config& conf)
   b5e38:	b510      	push	{r4, lr}
    virtual int available() = 0;
    virtual int read() = 0;
    virtual int peek() = 0;
    virtual void flush() = 0;

    Stream() {_timeout=1000;}
   b5e3a:	f44f 737a 	mov.w	r3, #1000	; 0x3e8
   b5e3e:	4604      	mov	r4, r0
   b5e40:	4608      	mov	r0, r1
   b5e42:	2100      	movs	r1, #0
   b5e44:	e9c4 1301 	strd	r1, r3, [r4, #4]
   b5e48:	4b04      	ldr	r3, [pc, #16]	; (b5e5c <_ZN9USBSerialC1E20HAL_USB_USART_SerialRK20HAL_USB_USART_Config+0x24>)
   b5e4a:	6023      	str	r3, [r4, #0]
  _blocking = true;
   b5e4c:	2301      	movs	r3, #1
  _serial = serial;
   b5e4e:	7420      	strb	r0, [r4, #16]
  _blocking = true;
   b5e50:	7463      	strb	r3, [r4, #17]
  HAL_USB_USART_Init(_serial, &conf);
   b5e52:	4611      	mov	r1, r2
   b5e54:	f7fe fb98 	bl	b4588 <HAL_USB_USART_Init>
}
   b5e58:	4620      	mov	r0, r4
   b5e5a:	bd10      	pop	{r4, pc}
   b5e5c:	000b6c50 	.word	0x000b6c50

000b5e60 <_ZN9USBSerial5beginEl>:
    HAL_USB_USART_Begin(_serial, speed, NULL);
   b5e60:	7c00      	ldrb	r0, [r0, #16]
   b5e62:	2200      	movs	r2, #0
   b5e64:	f7fe bb98 	b.w	b4598 <HAL_USB_USART_Begin>

000b5e68 <_ZN9USBSerial3endEv>:
    HAL_USB_USART_End(_serial);
   b5e68:	7c00      	ldrb	r0, [r0, #16]
   b5e6a:	f7fe bb9d 	b.w	b45a8 <HAL_USB_USART_End>

000b5e6e <_Z19acquireSerialBufferv>:
{
   b5e6e:	b510      	push	{r4, lr}
  HAL_USB_USART_Config conf = {};
   b5e70:	2214      	movs	r2, #20
{
   b5e72:	4604      	mov	r4, r0
  HAL_USB_USART_Config conf = {};
   b5e74:	2100      	movs	r1, #0
   b5e76:	f000 fca5 	bl	b67c4 <memset>
}
   b5e7a:	4620      	mov	r0, r4
   b5e7c:	bd10      	pop	{r4, pc}
	...

000b5e80 <_Z16_fetch_usbserialv>:
{
   b5e80:	b510      	push	{r4, lr}
	static USBSerial _usbserial(HAL_USB_USART_SERIAL, conf);
   b5e82:	4c0f      	ldr	r4, [pc, #60]	; (b5ec0 <_Z16_fetch_usbserialv+0x40>)
{
   b5e84:	b088      	sub	sp, #32
  HAL_USB_USART_Config conf = acquireSerialBuffer();
   b5e86:	a803      	add	r0, sp, #12
   b5e88:	f7ff fff1 	bl	b5e6e <_Z19acquireSerialBufferv>
	static USBSerial _usbserial(HAL_USB_USART_SERIAL, conf);
   b5e8c:	7821      	ldrb	r1, [r4, #0]
   b5e8e:	f3bf 8f5b 	dmb	ish
   b5e92:	f011 0101 	ands.w	r1, r1, #1
   b5e96:	d10f      	bne.n	b5eb8 <_Z16_fetch_usbserialv+0x38>
   b5e98:	4620      	mov	r0, r4
   b5e9a:	9101      	str	r1, [sp, #4]
   b5e9c:	f7fe fcba 	bl	b4814 <__cxa_guard_acquire>
   b5ea0:	9901      	ldr	r1, [sp, #4]
   b5ea2:	b148      	cbz	r0, b5eb8 <_Z16_fetch_usbserialv+0x38>
   b5ea4:	aa03      	add	r2, sp, #12
   b5ea6:	4807      	ldr	r0, [pc, #28]	; (b5ec4 <_Z16_fetch_usbserialv+0x44>)
   b5ea8:	f7ff ffc6 	bl	b5e38 <_ZN9USBSerialC1E20HAL_USB_USART_SerialRK20HAL_USB_USART_Config>
   b5eac:	4620      	mov	r0, r4
   b5eae:	f7fe fcb9 	bl	b4824 <__cxa_guard_release>
   b5eb2:	4805      	ldr	r0, [pc, #20]	; (b5ec8 <_Z16_fetch_usbserialv+0x48>)
   b5eb4:	f000 fc50 	bl	b6758 <atexit>
	return _usbserial;
}
   b5eb8:	4802      	ldr	r0, [pc, #8]	; (b5ec4 <_Z16_fetch_usbserialv+0x44>)
   b5eba:	b008      	add	sp, #32
   b5ebc:	bd10      	pop	{r4, pc}
   b5ebe:	bf00      	nop
   b5ec0:	2003df64 	.word	0x2003df64
   b5ec4:	2003df68 	.word	0x2003df68
   b5ec8:	000b5dc1 	.word	0x000b5dc1

000b5ecc <_ZN12_GLOBAL__N_19skipTokenEPK9jsmntok_t>:

namespace {

// Skips token and all its children tokens if any
const jsmntok_t* skipToken(const jsmntok_t *t) {
    size_t n = 1;
   b5ecc:	f100 0310 	add.w	r3, r0, #16
   b5ed0:	2201      	movs	r2, #1
    do {
        if (t->type == JSMN_OBJECT) {
   b5ed2:	f813 1c10 	ldrb.w	r1, [r3, #-16]
   b5ed6:	2901      	cmp	r1, #1
   b5ed8:	4618      	mov	r0, r3
   b5eda:	d108      	bne.n	b5eee <_ZN12_GLOBAL__N_19skipTokenEPK9jsmntok_t+0x22>
            n += t->size * 2; // Number of name and value tokens
   b5edc:	f853 1c04 	ldr.w	r1, [r3, #-4]
   b5ee0:	eb02 0241 	add.w	r2, r2, r1, lsl #1
        } else if (t->type == JSMN_ARRAY) {
            n += t->size; // Number of value tokens
        }
        ++t;
        --n;
    } while (n);
   b5ee4:	3a01      	subs	r2, #1
   b5ee6:	f103 0310 	add.w	r3, r3, #16
   b5eea:	d1f2      	bne.n	b5ed2 <_ZN12_GLOBAL__N_19skipTokenEPK9jsmntok_t+0x6>
    return t;
}
   b5eec:	4770      	bx	lr
        } else if (t->type == JSMN_ARRAY) {
   b5eee:	2902      	cmp	r1, #2
            n += t->size; // Number of value tokens
   b5ef0:	bf04      	itt	eq
   b5ef2:	f853 1c04 	ldreq.w	r1, [r3, #-4]
   b5ef6:	1852      	addeq	r2, r2, r1
   b5ef8:	e7f4      	b.n	b5ee4 <_ZN12_GLOBAL__N_19skipTokenEPK9jsmntok_t+0x18>

000b5efa <_ZN5spark10JSONWriter6printfEPKcz>:
    write("null", 4);
    state_ = NEXT;
    return *this;
}

void spark::JSONWriter::printf(const char *fmt, ...) {
   b5efa:	b40e      	push	{r1, r2, r3}
   b5efc:	b5f0      	push	{r4, r5, r6, r7, lr}
   b5efe:	b088      	sub	sp, #32
   b5f00:	af00      	add	r7, sp, #0
   b5f02:	f107 0534 	add.w	r5, r7, #52	; 0x34
    char buf[16];
    va_list args;
    va_start(args, fmt);
    int n = vsnprintf(buf, sizeof(buf), fmt, args);
   b5f06:	2110      	movs	r1, #16
void spark::JSONWriter::printf(const char *fmt, ...) {
   b5f08:	f855 2b04 	ldr.w	r2, [r5], #4
    int n = vsnprintf(buf, sizeof(buf), fmt, args);
   b5f0c:	607a      	str	r2, [r7, #4]
void spark::JSONWriter::printf(const char *fmt, ...) {
   b5f0e:	4604      	mov	r4, r0
    int n = vsnprintf(buf, sizeof(buf), fmt, args);
   b5f10:	462b      	mov	r3, r5
   b5f12:	1878      	adds	r0, r7, r1
    va_start(args, fmt);
   b5f14:	60fd      	str	r5, [r7, #12]
    int n = vsnprintf(buf, sizeof(buf), fmt, args);
   b5f16:	f7fe fc5d 	bl	b47d4 <vsnprintf>
    va_end(args);
    if ((size_t)n >= sizeof(buf)) {
   b5f1a:	280f      	cmp	r0, #15
   b5f1c:	687a      	ldr	r2, [r7, #4]
   b5f1e:	d91a      	bls.n	b5f56 <_ZN5spark10JSONWriter6printfEPKcz+0x5c>
        char buf[n + 1]; // Use larger buffer
   b5f20:	f100 0308 	add.w	r3, r0, #8
   b5f24:	f023 0307 	bic.w	r3, r3, #7
        va_start(args, fmt);
        n = vsnprintf(buf, sizeof(buf), fmt, args);
        va_end(args);
        if (n > 0) {
            write(buf, n);
        }
   b5f28:	466e      	mov	r6, sp
        char buf[n + 1]; // Use larger buffer
   b5f2a:	ebad 0d03 	sub.w	sp, sp, r3
        n = vsnprintf(buf, sizeof(buf), fmt, args);
   b5f2e:	1c41      	adds	r1, r0, #1
   b5f30:	462b      	mov	r3, r5
   b5f32:	4668      	mov	r0, sp
        va_start(args, fmt);
   b5f34:	60fd      	str	r5, [r7, #12]
        n = vsnprintf(buf, sizeof(buf), fmt, args);
   b5f36:	f7fe fc4d 	bl	b47d4 <vsnprintf>
        if (n > 0) {
   b5f3a:	1e02      	subs	r2, r0, #0
   b5f3c:	dd04      	ble.n	b5f48 <_ZN5spark10JSONWriter6printfEPKcz+0x4e>
            write(buf, n);
   b5f3e:	6823      	ldr	r3, [r4, #0]
   b5f40:	4669      	mov	r1, sp
   b5f42:	689b      	ldr	r3, [r3, #8]
   b5f44:	4620      	mov	r0, r4
   b5f46:	4798      	blx	r3
   b5f48:	46b5      	mov	sp, r6
    } else if (n > 0) {
        write(buf, n);
    }
}
   b5f4a:	3720      	adds	r7, #32
   b5f4c:	46bd      	mov	sp, r7
   b5f4e:	e8bd 40f0 	ldmia.w	sp!, {r4, r5, r6, r7, lr}
   b5f52:	b003      	add	sp, #12
   b5f54:	4770      	bx	lr
    } else if (n > 0) {
   b5f56:	2800      	cmp	r0, #0
   b5f58:	d0f7      	beq.n	b5f4a <_ZN5spark10JSONWriter6printfEPKcz+0x50>
        write(buf, n);
   b5f5a:	6823      	ldr	r3, [r4, #0]
   b5f5c:	4602      	mov	r2, r0
   b5f5e:	689b      	ldr	r3, [r3, #8]
   b5f60:	f107 0110 	add.w	r1, r7, #16
   b5f64:	4620      	mov	r0, r4
   b5f66:	4798      	blx	r3
}
   b5f68:	e7ef      	b.n	b5f4a <_ZN5spark10JSONWriter6printfEPKcz+0x50>

000b5f6a <_ZNSt12__shared_ptrIN5spark6detail8JSONDataELN9__gnu_cxx12_Lock_policyE0EEaSERKS5_.isra.0>:
      __shared_ptr& operator=(const __shared_ptr&) noexcept = default;
   b5f6a:	b538      	push	{r3, r4, r5, lr}
   b5f6c:	680b      	ldr	r3, [r1, #0]
   b5f6e:	6003      	str	r3, [r0, #0]
   b5f70:	684d      	ldr	r5, [r1, #4]
	if (__tmp != _M_pi)
   b5f72:	6843      	ldr	r3, [r0, #4]
   b5f74:	429d      	cmp	r5, r3
      __shared_ptr& operator=(const __shared_ptr&) noexcept = default;
   b5f76:	4604      	mov	r4, r0
	if (__tmp != _M_pi)
   b5f78:	d008      	beq.n	b5f8c <_ZNSt12__shared_ptrIN5spark6detail8JSONDataELN9__gnu_cxx12_Lock_policyE0EEaSERKS5_.isra.0+0x22>
	    if (__tmp != 0)
   b5f7a:	b115      	cbz	r5, b5f82 <_ZNSt12__shared_ptrIN5spark6detail8JSONDataELN9__gnu_cxx12_Lock_policyE0EEaSERKS5_.isra.0+0x18>
    { ++_M_use_count; }
   b5f7c:	686b      	ldr	r3, [r5, #4]
   b5f7e:	3301      	adds	r3, #1
   b5f80:	606b      	str	r3, [r5, #4]
	    if (_M_pi != 0)
   b5f82:	6860      	ldr	r0, [r4, #4]
   b5f84:	b108      	cbz	r0, b5f8a <_ZNSt12__shared_ptrIN5spark6detail8JSONDataELN9__gnu_cxx12_Lock_policyE0EEaSERKS5_.isra.0+0x20>
	      _M_pi->_M_release();
   b5f86:	f7fe fd99 	bl	b4abc <_ZNSt16_Sp_counted_baseILN9__gnu_cxx12_Lock_policyE0EE10_M_releaseEv>
	    _M_pi = __tmp;
   b5f8a:	6065      	str	r5, [r4, #4]
      __shared_ptr& operator=(const __shared_ptr&) noexcept = default;
   b5f8c:	bd38      	pop	{r3, r4, r5, pc}

000b5f8e <_ZN5spark10JSONWriter5writeEc>:
inline void spark::JSONWriter::write(char c) {
   b5f8e:	b507      	push	{r0, r1, r2, lr}
    write(&c, 1);
   b5f90:	6803      	ldr	r3, [r0, #0]
inline void spark::JSONWriter::write(char c) {
   b5f92:	f88d 1007 	strb.w	r1, [sp, #7]
    write(&c, 1);
   b5f96:	689b      	ldr	r3, [r3, #8]
   b5f98:	2201      	movs	r2, #1
   b5f9a:	f10d 0107 	add.w	r1, sp, #7
   b5f9e:	4798      	blx	r3
}
   b5fa0:	b003      	add	sp, #12
   b5fa2:	f85d fb04 	ldr.w	pc, [sp], #4

000b5fa6 <_ZN5spark9JSONValueC1EPK9jsmntok_tSt10shared_ptrINS_6detail8JSONDataEE>:
spark::JSONValue::JSONValue(const jsmntok_t *t, detail::JSONDataPtr d) :
   b5fa6:	460b      	mov	r3, r1
   b5fa8:	4611      	mov	r1, r2
      : _M_ptr(0), _M_refcount()
   b5faa:	2200      	movs	r2, #0
   b5fac:	b510      	push	{r4, lr}
      constexpr __shared_count() noexcept : _M_pi(0)
   b5fae:	e9c0 2200 	strd	r2, r2, [r0]
   b5fb2:	4604      	mov	r4, r0
        t_ = t;
   b5fb4:	6083      	str	r3, [r0, #8]
    if (t) {
   b5fb6:	b90b      	cbnz	r3, b5fbc <_ZN5spark9JSONValueC1EPK9jsmntok_tSt10shared_ptrINS_6detail8JSONDataEE+0x16>
}
   b5fb8:	4620      	mov	r0, r4
   b5fba:	bd10      	pop	{r4, pc}
       *  @brief  Construct an empty %shared_ptr.
       *  @post   use_count() == 0 && get() == nullptr
       */
      constexpr shared_ptr(nullptr_t) noexcept : shared_ptr() { }

      shared_ptr& operator=(const shared_ptr&) noexcept = default;
   b5fbc:	f7ff ffd5 	bl	b5f6a <_ZNSt12__shared_ptrIN5spark6detail8JSONDataELN9__gnu_cxx12_Lock_policyE0EEaSERKS5_.isra.0>
   b5fc0:	e7fa      	b.n	b5fb8 <_ZN5spark9JSONValueC1EPK9jsmntok_tSt10shared_ptrINS_6detail8JSONDataEE+0x12>

000b5fc2 <_ZNK5spark9JSONValue4typeEv>:
    if (!t_) {
   b5fc2:	6883      	ldr	r3, [r0, #8]
   b5fc4:	b1eb      	cbz	r3, b6002 <_ZNK5spark9JSONValue4typeEv+0x40>
    switch (t_->type) {
   b5fc6:	781a      	ldrb	r2, [r3, #0]
   b5fc8:	2a03      	cmp	r2, #3
   b5fca:	d81a      	bhi.n	b6002 <_ZNK5spark9JSONValue4typeEv+0x40>
   b5fcc:	e8df f002 	tbb	[pc, r2]
   b5fd0:	1b021704 	.word	0x1b021704
   b5fd4:	2005      	movs	r0, #5
   b5fd6:	4770      	bx	lr
        const char c = d_->json[t_->start];
   b5fd8:	6802      	ldr	r2, [r0, #0]
   b5fda:	685b      	ldr	r3, [r3, #4]
   b5fdc:	6852      	ldr	r2, [r2, #4]
   b5fde:	5cd0      	ldrb	r0, [r2, r3]
        if (c == '-' || (c >= '0' && c <= '9')) {
   b5fe0:	282d      	cmp	r0, #45	; 0x2d
   b5fe2:	d012      	beq.n	b600a <_ZNK5spark9JSONValue4typeEv+0x48>
   b5fe4:	f1a0 0330 	sub.w	r3, r0, #48	; 0x30
   b5fe8:	2b09      	cmp	r3, #9
   b5fea:	d90e      	bls.n	b600a <_ZNK5spark9JSONValue4typeEv+0x48>
        } else if (c == 't' || c == 'f') { // Literal names are always in lower case
   b5fec:	2874      	cmp	r0, #116	; 0x74
   b5fee:	d00e      	beq.n	b600e <_ZNK5spark9JSONValue4typeEv+0x4c>
   b5ff0:	2866      	cmp	r0, #102	; 0x66
   b5ff2:	d00c      	beq.n	b600e <_ZNK5spark9JSONValue4typeEv+0x4c>
        return JSON_TYPE_INVALID;
   b5ff4:	f1a0 036e 	sub.w	r3, r0, #110	; 0x6e
   b5ff8:	4258      	negs	r0, r3
   b5ffa:	4158      	adcs	r0, r3
   b5ffc:	4770      	bx	lr
        return JSON_TYPE_OBJECT;
   b5ffe:	2006      	movs	r0, #6
   b6000:	4770      	bx	lr
        return JSON_TYPE_INVALID;
   b6002:	2000      	movs	r0, #0
   b6004:	4770      	bx	lr
        return JSON_TYPE_STRING;
   b6006:	2004      	movs	r0, #4
   b6008:	4770      	bx	lr
            return JSON_TYPE_NUMBER;
   b600a:	2003      	movs	r0, #3
   b600c:	4770      	bx	lr
            return JSON_TYPE_BOOL;
   b600e:	2002      	movs	r0, #2
}
   b6010:	4770      	bx	lr

000b6012 <_ZNK5spark9JSONValue5toIntEv>:
int spark::JSONValue::toInt() const {
   b6012:	b510      	push	{r4, lr}
   b6014:	4604      	mov	r4, r0
    switch (type()) {
   b6016:	f7ff ffd4 	bl	b5fc2 <_ZNK5spark9JSONValue4typeEv>
   b601a:	2802      	cmp	r0, #2
   b601c:	d00e      	beq.n	b603c <_ZNK5spark9JSONValue5toIntEv+0x2a>
   b601e:	1ec3      	subs	r3, r0, #3
   b6020:	b2db      	uxtb	r3, r3
   b6022:	2b01      	cmp	r3, #1
   b6024:	d814      	bhi.n	b6050 <_ZNK5spark9JSONValue5toIntEv+0x3e>
        const char* const s = d_->json + t_->start;
   b6026:	6822      	ldr	r2, [r4, #0]
   b6028:	68a3      	ldr	r3, [r4, #8]
   b602a:	6850      	ldr	r0, [r2, #4]
   b602c:	685b      	ldr	r3, [r3, #4]
}
   b602e:	e8bd 4010 	ldmia.w	sp!, {r4, lr}
        return strtol(s, nullptr, 10);
   b6032:	220a      	movs	r2, #10
   b6034:	2100      	movs	r1, #0
   b6036:	4418      	add	r0, r3
   b6038:	f000 bcc4 	b.w	b69c4 <strtol>
        const char* const s = d_->json + t_->start;
   b603c:	6822      	ldr	r2, [r4, #0]
   b603e:	68a3      	ldr	r3, [r4, #8]
        return *s == 't';
   b6040:	6852      	ldr	r2, [r2, #4]
   b6042:	685b      	ldr	r3, [r3, #4]
   b6044:	5cd0      	ldrb	r0, [r2, r3]
   b6046:	f1a0 0374 	sub.w	r3, r0, #116	; 0x74
   b604a:	4258      	negs	r0, r3
   b604c:	4158      	adcs	r0, r3
}
   b604e:	bd10      	pop	{r4, pc}
    switch (type()) {
   b6050:	2000      	movs	r0, #0
   b6052:	e7fc      	b.n	b604e <_ZNK5spark9JSONValue5toIntEv+0x3c>

000b6054 <_ZN5spark10JSONStringC1EPK9jsmntok_tSt10shared_ptrINS_6detail8JSONDataEE>:
spark::JSONString::JSONString(const jsmntok_t *t, detail::JSONDataPtr d) :
   b6054:	b538      	push	{r3, r4, r5, lr}
      : _M_ptr(0), _M_refcount()
   b6056:	2300      	movs	r3, #0
      constexpr __shared_count() noexcept : _M_pi(0)
   b6058:	e9c0 3300 	strd	r3, r3, [r0]
   b605c:	4604      	mov	r4, r0
        n_(0) {
   b605e:	480e      	ldr	r0, [pc, #56]	; (b6098 <_ZN5spark10JSONStringC1EPK9jsmntok_tSt10shared_ptrINS_6detail8JSONDataEE+0x44>)
   b6060:	e9c4 0302 	strd	r0, r3, [r4, #8]
    if (t && (t->type == JSMN_STRING || t->type == JSMN_PRIMITIVE)) {
   b6064:	b1a9      	cbz	r1, b6092 <_ZN5spark10JSONStringC1EPK9jsmntok_tSt10shared_ptrINS_6detail8JSONDataEE+0x3e>
   b6066:	780b      	ldrb	r3, [r1, #0]
   b6068:	2b03      	cmp	r3, #3
   b606a:	d006      	beq.n	b607a <_ZN5spark10JSONStringC1EPK9jsmntok_tSt10shared_ptrINS_6detail8JSONDataEE+0x26>
   b606c:	b98b      	cbnz	r3, b6092 <_ZN5spark10JSONStringC1EPK9jsmntok_tSt10shared_ptrINS_6detail8JSONDataEE+0x3e>
        if (t->type != JSMN_PRIMITIVE || d->json[t->start] != 'n') { // Nulls are treated as empty strings
   b606e:	6813      	ldr	r3, [r2, #0]
   b6070:	6858      	ldr	r0, [r3, #4]
   b6072:	684b      	ldr	r3, [r1, #4]
   b6074:	5cc3      	ldrb	r3, [r0, r3]
   b6076:	2b6e      	cmp	r3, #110	; 0x6e
   b6078:	d007      	beq.n	b608a <_ZN5spark10JSONStringC1EPK9jsmntok_tSt10shared_ptrINS_6detail8JSONDataEE+0x36>
            s_ = d->json + t->start;
   b607a:	6813      	ldr	r3, [r2, #0]
   b607c:	684d      	ldr	r5, [r1, #4]
   b607e:	6858      	ldr	r0, [r3, #4]
            n_ = t->end - t->start;
   b6080:	688b      	ldr	r3, [r1, #8]
            s_ = d->json + t->start;
   b6082:	4428      	add	r0, r5
            n_ = t->end - t->start;
   b6084:	1b5b      	subs	r3, r3, r5
            s_ = d->json + t->start;
   b6086:	60a0      	str	r0, [r4, #8]
            n_ = t->end - t->start;
   b6088:	60e3      	str	r3, [r4, #12]
   b608a:	4611      	mov	r1, r2
   b608c:	4620      	mov	r0, r4
   b608e:	f7ff ff6c 	bl	b5f6a <_ZNSt12__shared_ptrIN5spark6detail8JSONDataELN9__gnu_cxx12_Lock_policyE0EEaSERKS5_.isra.0>
}
   b6092:	4620      	mov	r0, r4
   b6094:	bd38      	pop	{r3, r4, r5, pc}
   b6096:	bf00      	nop
   b6098:	000b6b9d 	.word	0x000b6b9d

000b609c <_ZN5spark18JSONObjectIteratorC1EPK9jsmntok_tSt10shared_ptrINS_6detail8JSONDataEE>:
spark::JSONObjectIterator::JSONObjectIterator(const jsmntok_t *t, detail::JSONDataPtr d) :
   b609c:	b538      	push	{r3, r4, r5, lr}
      : _M_ptr(0), _M_refcount()
   b609e:	2500      	movs	r5, #0
   b60a0:	460b      	mov	r3, r1
      constexpr __shared_count() noexcept : _M_pi(0)
   b60a2:	e9c0 5500 	strd	r5, r5, [r0]
        n_(0) {
   b60a6:	e9c0 5502 	strd	r5, r5, [r0, #8]
   b60aa:	e9c0 5504 	strd	r5, r5, [r0, #16]
   b60ae:	4604      	mov	r4, r0
   b60b0:	4611      	mov	r1, r2
    if (t && t->type == JSMN_OBJECT) {
   b60b2:	b14b      	cbz	r3, b60c8 <_ZN5spark18JSONObjectIteratorC1EPK9jsmntok_tSt10shared_ptrINS_6detail8JSONDataEE+0x2c>
   b60b4:	781a      	ldrb	r2, [r3, #0]
   b60b6:	2a01      	cmp	r2, #1
   b60b8:	d106      	bne.n	b60c8 <_ZN5spark18JSONObjectIteratorC1EPK9jsmntok_tSt10shared_ptrINS_6detail8JSONDataEE+0x2c>
        t_ = t + 1; // First property's name
   b60ba:	f103 0210 	add.w	r2, r3, #16
        n_ = t->size; // Number of properties
   b60be:	68db      	ldr	r3, [r3, #12]
        t_ = t + 1; // First property's name
   b60c0:	6082      	str	r2, [r0, #8]
        n_ = t->size; // Number of properties
   b60c2:	6143      	str	r3, [r0, #20]
   b60c4:	f7ff ff51 	bl	b5f6a <_ZNSt12__shared_ptrIN5spark6detail8JSONDataELN9__gnu_cxx12_Lock_policyE0EEaSERKS5_.isra.0>
}
   b60c8:	4620      	mov	r0, r4
   b60ca:	bd38      	pop	{r3, r4, r5, pc}

000b60cc <_ZN5spark18JSONObjectIterator4nextEv>:
bool spark::JSONObjectIterator::next() {
   b60cc:	b510      	push	{r4, lr}
    if (!n_) {
   b60ce:	6943      	ldr	r3, [r0, #20]
bool spark::JSONObjectIterator::next() {
   b60d0:	4604      	mov	r4, r0
    if (!n_) {
   b60d2:	b163      	cbz	r3, b60ee <_ZN5spark18JSONObjectIterator4nextEv+0x22>
    k_ = t_; // Name
   b60d4:	6880      	ldr	r0, [r0, #8]
   b60d6:	60e0      	str	r0, [r4, #12]
    --n_;
   b60d8:	3b01      	subs	r3, #1
    ++t_;
   b60da:	3010      	adds	r0, #16
   b60dc:	60a0      	str	r0, [r4, #8]
    v_ = t_; // Value
   b60de:	6120      	str	r0, [r4, #16]
    --n_;
   b60e0:	6163      	str	r3, [r4, #20]
    if (n_) {
   b60e2:	b113      	cbz	r3, b60ea <_ZN5spark18JSONObjectIterator4nextEv+0x1e>
        t_ = skipToken(t_);
   b60e4:	f7ff fef2 	bl	b5ecc <_ZN12_GLOBAL__N_19skipTokenEPK9jsmntok_t>
   b60e8:	60a0      	str	r0, [r4, #8]
    return true;
   b60ea:	2001      	movs	r0, #1
   b60ec:	e000      	b.n	b60f0 <_ZN5spark18JSONObjectIterator4nextEv+0x24>
        return false;
   b60ee:	4618      	mov	r0, r3
}
   b60f0:	bd10      	pop	{r4, pc}

000b60f2 <_ZN5spark10JSONWriter9endObjectEv>:
spark::JSONWriter& spark::JSONWriter::endObject() {
   b60f2:	b510      	push	{r4, lr}
    write('}');
   b60f4:	217d      	movs	r1, #125	; 0x7d
spark::JSONWriter& spark::JSONWriter::endObject() {
   b60f6:	4604      	mov	r4, r0
    write('}');
   b60f8:	f7ff ff49 	bl	b5f8e <_ZN5spark10JSONWriter5writeEc>
    state_ = NEXT;
   b60fc:	2301      	movs	r3, #1
   b60fe:	7123      	strb	r3, [r4, #4]
}
   b6100:	4620      	mov	r0, r4
   b6102:	bd10      	pop	{r4, pc}

000b6104 <_ZN5spark10JSONWriter14writeSeparatorEv>:

void spark::JSONWriter::writeSeparator() {
   b6104:	b508      	push	{r3, lr}
    switch (state_) {
   b6106:	7903      	ldrb	r3, [r0, #4]
   b6108:	2b01      	cmp	r3, #1
   b610a:	d002      	beq.n	b6112 <_ZN5spark10JSONWriter14writeSeparatorEv+0xe>
   b610c:	2b02      	cmp	r3, #2
   b610e:	d004      	beq.n	b611a <_ZN5spark10JSONWriter14writeSeparatorEv+0x16>
        write(':');
        break;
    default:
        break;
    }
}
   b6110:	bd08      	pop	{r3, pc}
        write(',');
   b6112:	212c      	movs	r1, #44	; 0x2c
        write(':');
   b6114:	f7ff ff3b 	bl	b5f8e <_ZN5spark10JSONWriter5writeEc>
}
   b6118:	e7fa      	b.n	b6110 <_ZN5spark10JSONWriter14writeSeparatorEv+0xc>
        write(':');
   b611a:	213a      	movs	r1, #58	; 0x3a
   b611c:	e7fa      	b.n	b6114 <_ZN5spark10JSONWriter14writeSeparatorEv+0x10>

000b611e <_ZN5spark10JSONWriter11beginObjectEv>:
spark::JSONWriter& spark::JSONWriter::beginObject() {
   b611e:	b510      	push	{r4, lr}
   b6120:	4604      	mov	r4, r0
    writeSeparator();
   b6122:	f7ff ffef 	bl	b6104 <_ZN5spark10JSONWriter14writeSeparatorEv>
    write('{');
   b6126:	4620      	mov	r0, r4
   b6128:	217b      	movs	r1, #123	; 0x7b
   b612a:	f7ff ff30 	bl	b5f8e <_ZN5spark10JSONWriter5writeEc>
    state_ = BEGIN;
   b612e:	2300      	movs	r3, #0
   b6130:	7123      	strb	r3, [r4, #4]
}
   b6132:	4620      	mov	r0, r4
   b6134:	bd10      	pop	{r4, pc}
	...

000b6138 <_ZN5spark10JSONWriter5valueEi>:
spark::JSONWriter& spark::JSONWriter::value(int val) {
   b6138:	b513      	push	{r0, r1, r4, lr}
   b613a:	4604      	mov	r4, r0
   b613c:	9101      	str	r1, [sp, #4]
    writeSeparator();
   b613e:	f7ff ffe1 	bl	b6104 <_ZN5spark10JSONWriter14writeSeparatorEv>
    printf("%d", val);
   b6142:	6823      	ldr	r3, [r4, #0]
   b6144:	9a01      	ldr	r2, [sp, #4]
   b6146:	68db      	ldr	r3, [r3, #12]
   b6148:	4903      	ldr	r1, [pc, #12]	; (b6158 <_ZN5spark10JSONWriter5valueEi+0x20>)
   b614a:	4620      	mov	r0, r4
   b614c:	4798      	blx	r3
    state_ = NEXT;
   b614e:	2301      	movs	r3, #1
}
   b6150:	4620      	mov	r0, r4
    state_ = NEXT;
   b6152:	7123      	strb	r3, [r4, #4]
}
   b6154:	b002      	add	sp, #8
   b6156:	bd10      	pop	{r4, pc}
   b6158:	000b6b77 	.word	0x000b6b77

000b615c <_ZN5spark10JSONWriter5valueEj>:
spark::JSONWriter& spark::JSONWriter::value(unsigned val) {
   b615c:	b513      	push	{r0, r1, r4, lr}
   b615e:	4604      	mov	r4, r0
   b6160:	9101      	str	r1, [sp, #4]
    writeSeparator();
   b6162:	f7ff ffcf 	bl	b6104 <_ZN5spark10JSONWriter14writeSeparatorEv>
    printf("%u", val);
   b6166:	6823      	ldr	r3, [r4, #0]
   b6168:	9a01      	ldr	r2, [sp, #4]
   b616a:	68db      	ldr	r3, [r3, #12]
   b616c:	4903      	ldr	r1, [pc, #12]	; (b617c <_ZN5spark10JSONWriter5valueEj+0x20>)
   b616e:	4620      	mov	r0, r4
   b6170:	4798      	blx	r3
    state_ = NEXT;
   b6172:	2301      	movs	r3, #1
}
   b6174:	4620      	mov	r0, r4
    state_ = NEXT;
   b6176:	7123      	strb	r3, [r4, #4]
}
   b6178:	b002      	add	sp, #8
   b617a:	bd10      	pop	{r4, pc}
   b617c:	000b6c7c 	.word	0x000b6c7c

000b6180 <_ZN5spark10JSONWriter12writeEscapedEPKcj>:

void spark::JSONWriter::writeEscaped(const char *str, size_t size) {
   b6180:	e92d 47f0 	stmdb	sp!, {r4, r5, r6, r7, r8, r9, sl, lr}
   b6184:	460d      	mov	r5, r1
    write('"');
   b6186:	2122      	movs	r1, #34	; 0x22
void spark::JSONWriter::writeEscaped(const char *str, size_t size) {
   b6188:	4690      	mov	r8, r2
   b618a:	4604      	mov	r4, r0
    write('"');
   b618c:	f7ff feff 	bl	b5f8e <_ZN5spark10JSONWriter5writeEc>
            case 0x0d: // Carriage return
                write('r');
                break;
            default:
                // All other control characters are written in hex, e.g. "\u001f"
                printf("u%04x", (unsigned)c);
   b6190:	f8df 90a4 	ldr.w	r9, [pc, #164]	; b6238 <_ZN5spark10JSONWriter12writeEscapedEPKcj+0xb8>
    const char* const end = str + size;
   b6194:	44a8      	add	r8, r5
    const char *s = str;
   b6196:	462f      	mov	r7, r5
    while (s != end) {
   b6198:	4547      	cmp	r7, r8
   b619a:	46ba      	mov	sl, r7
   b619c:	d03d      	beq.n	b621a <_ZN5spark10JSONWriter12writeEscapedEPKcj+0x9a>
        const char c = *s;
   b619e:	f817 6b01 	ldrb.w	r6, [r7], #1
        if (c == '"' || c == '\\' || !std::isprint((unsigned char)c)) {
   b61a2:	2e22      	cmp	r6, #34	; 0x22
   b61a4:	d006      	beq.n	b61b4 <_ZN5spark10JSONWriter12writeEscapedEPKcj+0x34>
   b61a6:	2e5c      	cmp	r6, #92	; 0x5c
   b61a8:	d004      	beq.n	b61b4 <_ZN5spark10JSONWriter12writeEscapedEPKcj+0x34>
   b61aa:	4630      	mov	r0, r6
   b61ac:	f000 fada 	bl	b6764 <isprint>
   b61b0:	2800      	cmp	r0, #0
   b61b2:	d1f1      	bne.n	b6198 <_ZN5spark10JSONWriter12writeEscapedEPKcj+0x18>
            write(str, s - str); // Write preceeding characters
   b61b4:	6823      	ldr	r3, [r4, #0]
   b61b6:	ebaa 0205 	sub.w	r2, sl, r5
   b61ba:	689b      	ldr	r3, [r3, #8]
   b61bc:	4629      	mov	r1, r5
   b61be:	4620      	mov	r0, r4
   b61c0:	4798      	blx	r3
            write('\\');
   b61c2:	215c      	movs	r1, #92	; 0x5c
   b61c4:	4620      	mov	r0, r4
   b61c6:	f7ff fee2 	bl	b5f8e <_ZN5spark10JSONWriter5writeEc>
            switch (c) {
   b61ca:	2e0d      	cmp	r6, #13
   b61cc:	d80a      	bhi.n	b61e4 <_ZN5spark10JSONWriter12writeEscapedEPKcj+0x64>
   b61ce:	2e07      	cmp	r6, #7
   b61d0:	d91c      	bls.n	b620c <_ZN5spark10JSONWriter12writeEscapedEPKcj+0x8c>
   b61d2:	f1a6 0308 	sub.w	r3, r6, #8
   b61d6:	2b05      	cmp	r3, #5
   b61d8:	d818      	bhi.n	b620c <_ZN5spark10JSONWriter12writeEscapedEPKcj+0x8c>
   b61da:	e8df f003 	tbb	[pc, r3]
   b61de:	0f0d      	.short	0x0f0d
   b61e0:	15131711 	.word	0x15131711
   b61e4:	2e22      	cmp	r6, #34	; 0x22
   b61e6:	d001      	beq.n	b61ec <_ZN5spark10JSONWriter12writeEscapedEPKcj+0x6c>
   b61e8:	2e5c      	cmp	r6, #92	; 0x5c
   b61ea:	d10f      	bne.n	b620c <_ZN5spark10JSONWriter12writeEscapedEPKcj+0x8c>
                write(c);
   b61ec:	4631      	mov	r1, r6
                write('b');
   b61ee:	4620      	mov	r0, r4
   b61f0:	f7ff fecd 	bl	b5f8e <_ZN5spark10JSONWriter5writeEc>
                break;
            }
            str = s + 1;
   b61f4:	463d      	mov	r5, r7
    while (s != end) {
   b61f6:	e7cf      	b.n	b6198 <_ZN5spark10JSONWriter12writeEscapedEPKcj+0x18>
                write('b');
   b61f8:	2162      	movs	r1, #98	; 0x62
   b61fa:	e7f8      	b.n	b61ee <_ZN5spark10JSONWriter12writeEscapedEPKcj+0x6e>
                write('t');
   b61fc:	2174      	movs	r1, #116	; 0x74
   b61fe:	e7f6      	b.n	b61ee <_ZN5spark10JSONWriter12writeEscapedEPKcj+0x6e>
                write('n');
   b6200:	216e      	movs	r1, #110	; 0x6e
   b6202:	e7f4      	b.n	b61ee <_ZN5spark10JSONWriter12writeEscapedEPKcj+0x6e>
                write('f');
   b6204:	2166      	movs	r1, #102	; 0x66
   b6206:	e7f2      	b.n	b61ee <_ZN5spark10JSONWriter12writeEscapedEPKcj+0x6e>
                write('r');
   b6208:	2172      	movs	r1, #114	; 0x72
   b620a:	e7f0      	b.n	b61ee <_ZN5spark10JSONWriter12writeEscapedEPKcj+0x6e>
                printf("u%04x", (unsigned)c);
   b620c:	6823      	ldr	r3, [r4, #0]
   b620e:	4632      	mov	r2, r6
   b6210:	68db      	ldr	r3, [r3, #12]
   b6212:	4649      	mov	r1, r9
   b6214:	4620      	mov	r0, r4
   b6216:	4798      	blx	r3
                break;
   b6218:	e7ec      	b.n	b61f4 <_ZN5spark10JSONWriter12writeEscapedEPKcj+0x74>
        }
        ++s;
    }
    if (s != str) {
   b621a:	42bd      	cmp	r5, r7
   b621c:	d005      	beq.n	b622a <_ZN5spark10JSONWriter12writeEscapedEPKcj+0xaa>
        write(str, s - str); // Write remaining characters
   b621e:	6823      	ldr	r3, [r4, #0]
   b6220:	1b7a      	subs	r2, r7, r5
   b6222:	689b      	ldr	r3, [r3, #8]
   b6224:	4629      	mov	r1, r5
   b6226:	4620      	mov	r0, r4
   b6228:	4798      	blx	r3
    }
    write('"');
   b622a:	2122      	movs	r1, #34	; 0x22
   b622c:	4620      	mov	r0, r4
   b622e:	f7ff feae 	bl	b5f8e <_ZN5spark10JSONWriter5writeEc>
}
   b6232:	e8bd 87f0 	ldmia.w	sp!, {r4, r5, r6, r7, r8, r9, sl, pc}
   b6236:	bf00      	nop
   b6238:	000b6c7f 	.word	0x000b6c7f

000b623c <_ZN5spark10JSONWriter4nameEPKcj>:
spark::JSONWriter& spark::JSONWriter::name(const char *name, size_t size) {
   b623c:	b513      	push	{r0, r1, r4, lr}
   b623e:	4604      	mov	r4, r0
   b6240:	e9cd 2100 	strd	r2, r1, [sp]
    writeSeparator();
   b6244:	f7ff ff5e 	bl	b6104 <_ZN5spark10JSONWriter14writeSeparatorEv>
    writeEscaped(name, size);
   b6248:	4620      	mov	r0, r4
   b624a:	e9dd 2100 	ldrd	r2, r1, [sp]
   b624e:	f7ff ff97 	bl	b6180 <_ZN5spark10JSONWriter12writeEscapedEPKcj>
    state_ = VALUE;
   b6252:	2302      	movs	r3, #2
}
   b6254:	4620      	mov	r0, r4
    state_ = VALUE;
   b6256:	7123      	strb	r3, [r4, #4]
}
   b6258:	b002      	add	sp, #8
   b625a:	bd10      	pop	{r4, pc}

000b625c <_ZN5spark10JSONWriter5valueEPKcj>:
spark::JSONWriter& spark::JSONWriter::value(const char *val, size_t size) {
   b625c:	b513      	push	{r0, r1, r4, lr}
   b625e:	4604      	mov	r4, r0
   b6260:	e9cd 2100 	strd	r2, r1, [sp]
    writeSeparator();
   b6264:	f7ff ff4e 	bl	b6104 <_ZN5spark10JSONWriter14writeSeparatorEv>
    writeEscaped(val, size);
   b6268:	4620      	mov	r0, r4
   b626a:	e9dd 2100 	ldrd	r2, r1, [sp]
   b626e:	f7ff ff87 	bl	b6180 <_ZN5spark10JSONWriter12writeEscapedEPKcj>
    state_ = NEXT;
   b6272:	2301      	movs	r3, #1
}
   b6274:	4620      	mov	r0, r4
    state_ = NEXT;
   b6276:	7123      	strb	r3, [r4, #4]
}
   b6278:	b002      	add	sp, #8
   b627a:	bd10      	pop	{r4, pc}

000b627c <_ZN5spark13CellularClass5readyEv>:
        return network_listening(*this, 0, NULL);
    }

    bool ready()
    {
        return network_ready(*this, 0,  NULL);
   b627c:	2200      	movs	r2, #0
   b627e:	6840      	ldr	r0, [r0, #4]
   b6280:	4611      	mov	r1, r2
   b6282:	f7fe ba27 	b.w	b46d4 <network_ready>

000b6286 <_ZN5spark13CellularClass9listeningEv>:
        return network_listening(*this, 0, NULL);
   b6286:	2200      	movs	r2, #0
   b6288:	6840      	ldr	r0, [r0, #4]
   b628a:	4611      	mov	r1, r2
   b628c:	f7fe ba42 	b.w	b4714 <network_listening>

000b6290 <_ZN5spark13CellularClass16getListenTimeoutEv>:
        return network_get_listen_timeout(*this, 0, NULL);
   b6290:	2200      	movs	r2, #0
   b6292:	6840      	ldr	r0, [r0, #4]
   b6294:	4611      	mov	r1, r2
   b6296:	f7fe ba4d 	b.w	b4734 <network_get_listen_timeout>

000b629a <_ZN5spark13CellularClass16setListenTimeoutEt>:
        network_set_listen_timeout(*this, timeout, NULL);
   b629a:	6840      	ldr	r0, [r0, #4]
   b629c:	2200      	movs	r2, #0
   b629e:	f7fe ba41 	b.w	b4724 <network_set_listen_timeout>

000b62a2 <_ZN5spark13CellularClass6listenEb>:
        network_listen(*this, begin ? 0 : 1, NULL);
   b62a2:	6840      	ldr	r0, [r0, #4]
   b62a4:	2200      	movs	r2, #0
   b62a6:	f081 0101 	eor.w	r1, r1, #1
   b62aa:	f7fe ba2b 	b.w	b4704 <network_listen>

000b62ae <_ZN5spark13CellularClass3offEv>:
        network_off(*this, 0, 0, NULL);
   b62ae:	2300      	movs	r3, #0
   b62b0:	6840      	ldr	r0, [r0, #4]
   b62b2:	461a      	mov	r2, r3
   b62b4:	4619      	mov	r1, r3
   b62b6:	f7fe ba1d 	b.w	b46f4 <network_off>

000b62ba <_ZN5spark13CellularClass2onEv>:
        network_on(*this, 0, 0, NULL);
   b62ba:	2300      	movs	r3, #0
   b62bc:	6840      	ldr	r0, [r0, #4]
   b62be:	461a      	mov	r2, r3
   b62c0:	4619      	mov	r1, r3
   b62c2:	f7fe ba0f 	b.w	b46e4 <network_on>

000b62c6 <_ZN5spark13CellularClass10connectingEv>:
        return network_connecting(*this, 0, NULL);
   b62c6:	2200      	movs	r2, #0
   b62c8:	6840      	ldr	r0, [r0, #4]
   b62ca:	4611      	mov	r1, r2
   b62cc:	f7fe b9f2 	b.w	b46b4 <network_connecting>

000b62d0 <_ZN5spark13CellularClass10disconnectEv>:
        network_disconnect(*this, NETWORK_DISCONNECT_REASON_USER, NULL);
   b62d0:	6840      	ldr	r0, [r0, #4]
   b62d2:	2200      	movs	r2, #0
   b62d4:	2102      	movs	r1, #2
   b62d6:	f7fe b9f5 	b.w	b46c4 <network_disconnect>

000b62da <_ZN5spark13CellularClass7connectEj>:
        network_connect(*this, flags, 0, NULL);
   b62da:	2300      	movs	r3, #0
   b62dc:	6840      	ldr	r0, [r0, #4]
   b62de:	461a      	mov	r2, r3
   b62e0:	f7fe b9e0 	b.w	b46a4 <network_connect>

000b62e4 <_GLOBAL__sub_I__ZN5spark13CellularClass4RSSIEv>:
    int tx_total;
    int rx_total;

    CellularDataHal()
    {
        memset(this, 0, sizeof(*this));
   b62e4:	4b08      	ldr	r3, [pc, #32]	; (b6308 <_GLOBAL__sub_I__ZN5spark13CellularClass4RSSIEv+0x24>)
        return (band_get.ok = true);
    }

    CellularClass Cellular;
    // NetworkClass& Network = Cellular;
}
   b62e6:	b510      	push	{r4, lr}
   b62e8:	2428      	movs	r4, #40	; 0x28
   b62ea:	4622      	mov	r2, r4
   b62ec:	4618      	mov	r0, r3
   b62ee:	2100      	movs	r1, #0
   b62f0:	f000 fa68 	bl	b67c4 <memset>
   b62f4:	4b05      	ldr	r3, [pc, #20]	; (b630c <_GLOBAL__sub_I__ZN5spark13CellularClass4RSSIEv+0x28>)
        cid = -1;
        size = sizeof(*this);
   b62f6:	8004      	strh	r4, [r0, #0]
        cid = -1;
   b62f8:	f04f 32ff 	mov.w	r2, #4294967295
   b62fc:	6042      	str	r2, [r0, #4]
   b62fe:	2204      	movs	r2, #4
   b6300:	605a      	str	r2, [r3, #4]
            NetworkClass(NETWORK_INTERFACE_CELLULAR) {
   b6302:	4a03      	ldr	r2, [pc, #12]	; (b6310 <_GLOBAL__sub_I__ZN5spark13CellularClass4RSSIEv+0x2c>)
   b6304:	601a      	str	r2, [r3, #0]
   b6306:	bd10      	pop	{r4, pc}
   b6308:	2003df84 	.word	0x2003df84
   b630c:	2003df7c 	.word	0x2003df7c
   b6310:	000b6c90 	.word	0x000b6c90

000b6314 <_ZN11USARTSerialD1Ev>:
private:
  hal_usart_interface_t _serial;
  bool _blocking;
public:
  USARTSerial(hal_usart_interface_t serial, const hal_usart_buffer_config_t& config);
  virtual ~USARTSerial() {};
   b6314:	4770      	bx	lr

000b6316 <_ZN11USARTSerial14blockOnOverrunEb>:
    hal_usart_half_duplex(_serial, Enable);
}

void USARTSerial::blockOnOverrun(bool block)
{
  _blocking = block;
   b6316:	7441      	strb	r1, [r0, #17]
}
   b6318:	4770      	bx	lr

000b631a <_ZN11USARTSerial17availableForWriteEv>:


int USARTSerial::availableForWrite(void)
{
   b631a:	b508      	push	{r3, lr}
  return std::max(0, (int)hal_usart_available_data_for_write(_serial));
   b631c:	7c00      	ldrb	r0, [r0, #16]
   b631e:	f7fe f8db 	bl	b44d8 <hal_usart_available_data_for_write>
}
   b6322:	ea20 70e0 	bic.w	r0, r0, r0, asr #31
   b6326:	bd08      	pop	{r3, pc}

000b6328 <_ZN11USARTSerial9availableEv>:

int USARTSerial::available(void)
{
   b6328:	b508      	push	{r3, lr}
  return std::max(0, (int)hal_usart_available(_serial));
   b632a:	7c00      	ldrb	r0, [r0, #16]
   b632c:	f7fe f8b4 	bl	b4498 <hal_usart_available>
}
   b6330:	ea20 70e0 	bic.w	r0, r0, r0, asr #31
   b6334:	bd08      	pop	{r3, pc}

000b6336 <_ZN11USARTSerial4peekEv>:

int USARTSerial::peek(void)
{
   b6336:	b508      	push	{r3, lr}
  return std::max(-1, (int)hal_usart_peek(_serial));
   b6338:	7c00      	ldrb	r0, [r0, #16]
   b633a:	f7fe f8bd 	bl	b44b8 <hal_usart_peek>
}
   b633e:	ea40 70e0 	orr.w	r0, r0, r0, asr #31
   b6342:	bd08      	pop	{r3, pc}

000b6344 <_ZN11USARTSerial4readEv>:

int USARTSerial::read(void)
{
   b6344:	b508      	push	{r3, lr}
  return std::max(-1, (int)hal_usart_read(_serial));
   b6346:	7c00      	ldrb	r0, [r0, #16]
   b6348:	f7fe f8ae 	bl	b44a8 <hal_usart_read>
}
   b634c:	ea40 70e0 	orr.w	r0, r0, r0, asr #31
   b6350:	bd08      	pop	{r3, pc}

000b6352 <_ZN11USARTSerial5flushEv>:

void USARTSerial::flush()
{
  hal_usart_flush(_serial);
   b6352:	7c00      	ldrb	r0, [r0, #16]
   b6354:	f7fe b8b8 	b.w	b44c8 <hal_usart_flush>

000b6358 <_ZN11USARTSerial5writeEh>:
}

size_t USARTSerial::write(uint8_t c)
{
   b6358:	b537      	push	{r0, r1, r2, r4, r5, lr}
  // attempt a write if blocking, or for non-blocking if there is room.
  if (_blocking || hal_usart_available_data_for_write(_serial) > 0) {
   b635a:	7c45      	ldrb	r5, [r0, #17]
{
   b635c:	4604      	mov	r4, r0
  if (_blocking || hal_usart_available_data_for_write(_serial) > 0) {
   b635e:	b12d      	cbz	r5, b636c <_ZN11USARTSerial5writeEh+0x14>
    // the HAL always blocks.
	  return hal_usart_write(_serial, c);
   b6360:	7c20      	ldrb	r0, [r4, #16]
  }
  return 0;
}
   b6362:	b003      	add	sp, #12
   b6364:	e8bd 4030 	ldmia.w	sp!, {r4, r5, lr}
	  return hal_usart_write(_serial, c);
   b6368:	f7fe b88e 	b.w	b4488 <hal_usart_write>
  if (_blocking || hal_usart_available_data_for_write(_serial) > 0) {
   b636c:	7c00      	ldrb	r0, [r0, #16]
   b636e:	9101      	str	r1, [sp, #4]
   b6370:	f7fe f8b2 	bl	b44d8 <hal_usart_available_data_for_write>
   b6374:	2800      	cmp	r0, #0
   b6376:	9901      	ldr	r1, [sp, #4]
   b6378:	dcf2      	bgt.n	b6360 <_ZN11USARTSerial5writeEh+0x8>
}
   b637a:	4628      	mov	r0, r5
   b637c:	b003      	add	sp, #12
   b637e:	bd30      	pop	{r4, r5, pc}

000b6380 <_ZN11USARTSerialD0Ev>:
   b6380:	b510      	push	{r4, lr}
   b6382:	2114      	movs	r1, #20
   b6384:	4604      	mov	r4, r0
   b6386:	f7fd fe9a 	bl	b40be <_ZdlPvj>
   b638a:	4620      	mov	r0, r4
   b638c:	bd10      	pop	{r4, pc}
	...

000b6390 <_ZN11USARTSerialC1E21hal_usart_interface_tRK25hal_usart_buffer_config_t>:
USARTSerial::USARTSerial(hal_usart_interface_t serial, const hal_usart_buffer_config_t& config)
   b6390:	b510      	push	{r4, lr}
   b6392:	f44f 737a 	mov.w	r3, #1000	; 0x3e8
   b6396:	4604      	mov	r4, r0
   b6398:	4608      	mov	r0, r1
   b639a:	4611      	mov	r1, r2
   b639c:	2200      	movs	r2, #0
   b639e:	e9c4 2301 	strd	r2, r3, [r4, #4]
   b63a2:	4b04      	ldr	r3, [pc, #16]	; (b63b4 <_ZN11USARTSerialC1E21hal_usart_interface_tRK25hal_usart_buffer_config_t+0x24>)
   b63a4:	6023      	str	r3, [r4, #0]
  _blocking = true;
   b63a6:	2301      	movs	r3, #1
  _serial = serial;
   b63a8:	7420      	strb	r0, [r4, #16]
  _blocking = true;
   b63aa:	7463      	strb	r3, [r4, #17]
  hal_usart_init_ex(serial, &config, nullptr);
   b63ac:	f7fe f8a4 	bl	b44f8 <hal_usart_init_ex>
}
   b63b0:	4620      	mov	r0, r4
   b63b2:	bd10      	pop	{r4, pc}
   b63b4:	000b6cd4 	.word	0x000b6cd4

000b63b8 <_ZN11USARTSerial5beginEmm>:
  hal_usart_begin_config(_serial, baud, config, nullptr);
   b63b8:	7c00      	ldrb	r0, [r0, #16]
   b63ba:	2300      	movs	r3, #0
   b63bc:	f7fe b894 	b.w	b44e8 <hal_usart_begin_config>

000b63c0 <_ZN11USARTSerial5beginEm>:
  begin(baud, SERIAL_8N1);
   b63c0:	2200      	movs	r2, #0
   b63c2:	f7ff bff9 	b.w	b63b8 <_ZN11USARTSerial5beginEmm>

000b63c6 <_ZN11USARTSerial3endEv>:
  hal_usart_end(_serial);
   b63c6:	7c00      	ldrb	r0, [r0, #16]
   b63c8:	f7fe b856 	b.w	b4478 <hal_usart_end>

000b63cc <_ZN7TwoWireD1Ev>:
private:
  hal_i2c_interface_t _i2c;

public:
  TwoWire(hal_i2c_interface_t i2c, const hal_i2c_config_t& config);
  virtual ~TwoWire() {};
   b63cc:	4770      	bx	lr

000b63ce <_ZN7TwoWire5writeEPKhj>:

// must be called in:
// slave tx event callback
// or after beginTransmission(address)
size_t TwoWire::write(const uint8_t *data, size_t quantity)
{
   b63ce:	b5f8      	push	{r3, r4, r5, r6, r7, lr}
   b63d0:	4606      	mov	r6, r0
   b63d2:	4615      	mov	r5, r2
   b63d4:	460c      	mov	r4, r1
   b63d6:	188f      	adds	r7, r1, r2
  // in master/slave transmitter mode
  for(size_t i = 0; i < quantity; ++i)
   b63d8:	42bc      	cmp	r4, r7
   b63da:	d006      	beq.n	b63ea <_ZN7TwoWire5writeEPKhj+0x1c>
  {
    write(data[i]);
   b63dc:	6833      	ldr	r3, [r6, #0]
   b63de:	f814 1b01 	ldrb.w	r1, [r4], #1
   b63e2:	689b      	ldr	r3, [r3, #8]
   b63e4:	4630      	mov	r0, r6
   b63e6:	4798      	blx	r3
  for(size_t i = 0; i < quantity; ++i)
   b63e8:	e7f6      	b.n	b63d8 <_ZN7TwoWire5writeEPKhj+0xa>
  }

  return quantity;
}
   b63ea:	4628      	mov	r0, r5
   b63ec:	bdf8      	pop	{r3, r4, r5, r6, r7, pc}

000b63ee <_ZN7TwoWire5writeEh>:
  return hal_i2c_write(_i2c, data, NULL);
   b63ee:	7c00      	ldrb	r0, [r0, #16]
   b63f0:	2200      	movs	r2, #0
   b63f2:	f7fe b899 	b.w	b4528 <hal_i2c_write>

000b63f6 <_ZN7TwoWire9availableEv>:
// must be called in:
// slave rx event callback
// or after requestFrom(address, numBytes)
int TwoWire::available(void)
{
  return hal_i2c_available(_i2c, NULL);
   b63f6:	7c00      	ldrb	r0, [r0, #16]
   b63f8:	2100      	movs	r1, #0
   b63fa:	f7fe b89d 	b.w	b4538 <hal_i2c_available>

000b63fe <_ZN7TwoWire4readEv>:
// must be called in:
// slave rx event callback
// or after requestFrom(address, numBytes)
int TwoWire::read(void)
{
  return hal_i2c_read(_i2c, NULL);
   b63fe:	7c00      	ldrb	r0, [r0, #16]
   b6400:	2100      	movs	r1, #0
   b6402:	f7fe b8a1 	b.w	b4548 <hal_i2c_read>

000b6406 <_ZN7TwoWire4peekEv>:
// must be called in:
// slave rx event callback
// or after requestFrom(address, numBytes)
int TwoWire::peek(void)
{
  return hal_i2c_peek(_i2c, NULL);
   b6406:	7c00      	ldrb	r0, [r0, #16]
   b6408:	2100      	movs	r1, #0
   b640a:	f7fe b8a5 	b.w	b4558 <hal_i2c_peek>

000b640e <_ZN7TwoWire5flushEv>:
}

void TwoWire::flush(void)
{
  hal_i2c_flush(_i2c, NULL);
   b640e:	7c00      	ldrb	r0, [r0, #16]
   b6410:	2100      	movs	r1, #0
   b6412:	f7fe b8a9 	b.w	b4568 <hal_i2c_flush>

000b6416 <_ZN7TwoWireD0Ev>:
   b6416:	b510      	push	{r4, lr}
   b6418:	2114      	movs	r1, #20
   b641a:	4604      	mov	r4, r0
   b641c:	f7fd fe4f 	bl	b40be <_ZdlPvj>
   b6420:	4620      	mov	r0, r4
   b6422:	bd10      	pop	{r4, pc}

000b6424 <_ZN7TwoWireC1E19hal_i2c_interface_tRK16hal_i2c_config_t>:
TwoWire::TwoWire(hal_i2c_interface_t i2c, const hal_i2c_config_t& conf)
   b6424:	b538      	push	{r3, r4, r5, lr}
   b6426:	4604      	mov	r4, r0
   b6428:	4615      	mov	r5, r2
   b642a:	f44f 737a 	mov.w	r3, #1000	; 0x3e8
   b642e:	2200      	movs	r2, #0
   b6430:	e9c4 2301 	strd	r2, r3, [r4, #4]
   b6434:	4b09      	ldr	r3, [pc, #36]	; (b645c <_ZN7TwoWireC1E19hal_i2c_interface_tRK16hal_i2c_config_t+0x38>)
  _i2c = i2c;
   b6436:	7421      	strb	r1, [r4, #16]
TwoWire::TwoWire(hal_i2c_interface_t i2c, const hal_i2c_config_t& conf)
   b6438:	4608      	mov	r0, r1
   b643a:	6023      	str	r3, [r4, #0]
  int result = hal_i2c_init(_i2c, &conf);
   b643c:	4629      	mov	r1, r5
   b643e:	f7fe f89b 	bl	b4578 <hal_i2c_init>
  if (result == SYSTEM_ERROR_NOT_ENOUGH_DATA && 
   b6442:	30bf      	adds	r0, #191	; 0xbf
   b6444:	d108      	bne.n	b6458 <_ZN7TwoWireC1E19hal_i2c_interface_tRK16hal_i2c_config_t+0x34>
      (conf.flags & HAL_I2C_CONFIG_FLAG_FREEABLE)) {
   b6446:	696b      	ldr	r3, [r5, #20]
  if (result == SYSTEM_ERROR_NOT_ENOUGH_DATA && 
   b6448:	07db      	lsls	r3, r3, #31
   b644a:	d505      	bpl.n	b6458 <_ZN7TwoWireC1E19hal_i2c_interface_tRK16hal_i2c_config_t+0x34>
    free(conf.rx_buffer);
   b644c:	6868      	ldr	r0, [r5, #4]
   b644e:	f7fe f9a9 	bl	b47a4 <free>
    free(conf.tx_buffer);
   b6452:	68e8      	ldr	r0, [r5, #12]
   b6454:	f7fe f9a6 	bl	b47a4 <free>
}
   b6458:	4620      	mov	r0, r4
   b645a:	bd38      	pop	{r3, r4, r5, pc}
   b645c:	000b6d08 	.word	0x000b6d08

000b6460 <_ZN7TwoWire17beginTransmissionEh>:
	hal_i2c_begin_transmission(_i2c, address, NULL);
   b6460:	7c00      	ldrb	r0, [r0, #16]
   b6462:	2200      	movs	r2, #0
   b6464:	f7fe b850 	b.w	b4508 <hal_i2c_begin_transmission>

000b6468 <_ZN7TwoWire15endTransmissionEh>:
	return hal_i2c_end_transmission(_i2c, sendStop, NULL);
   b6468:	7c00      	ldrb	r0, [r0, #16]
   b646a:	2200      	movs	r2, #0
   b646c:	f7fe b854 	b.w	b4518 <hal_i2c_end_transmission>

000b6470 <_ZN7TwoWire15endTransmissionEv>:
  return endTransmission(true);
   b6470:	2101      	movs	r1, #1
   b6472:	f7ff bff9 	b.w	b6468 <_ZN7TwoWire15endTransmissionEh>
	...

000b6478 <_GLOBAL__sub_I__ZN7TwoWireC2E19hal_i2c_interface_tRK16hal_i2c_config_t>:
      : address_{address},
   b6478:	4b05      	ldr	r3, [pc, #20]	; (b6490 <_GLOBAL__sub_I__ZN7TwoWireC2E19hal_i2c_interface_tRK16hal_i2c_config_t+0x18>)
        buffer_(nullptr) {
   b647a:	21ff      	movs	r1, #255	; 0xff
   b647c:	2200      	movs	r2, #0
   b647e:	e9c3 1200 	strd	r1, r2, [r3]
   b6482:	2001      	movs	r0, #1
   b6484:	2164      	movs	r1, #100	; 0x64
   b6486:	e9c3 0102 	strd	r0, r1, [r3, #8]
   b648a:	611a      	str	r2, [r3, #16]

namespace particle {
namespace detail {
const WireTransmission WIRE_INVALID_TRANSMISSION(0xff);
} // detail
} // particle
   b648c:	4770      	bx	lr
   b648e:	bf00      	nop
   b6490:	2003dfac 	.word	0x2003dfac

000b6494 <_ZN5spark12NetworkClass7connectEj>:
        return Network;
    }
}

void NetworkClass::connect(unsigned flags) {
    network_connect(*this, flags, 0, nullptr);
   b6494:	2300      	movs	r3, #0
   b6496:	6840      	ldr	r0, [r0, #4]
   b6498:	461a      	mov	r2, r3
   b649a:	f7fe b903 	b.w	b46a4 <network_connect>

000b649e <_ZN5spark12NetworkClass10disconnectEv>:
}

void NetworkClass::disconnect() {
    network_disconnect(*this, NETWORK_DISCONNECT_REASON_USER, nullptr);
   b649e:	6840      	ldr	r0, [r0, #4]
   b64a0:	2200      	movs	r2, #0
   b64a2:	2102      	movs	r1, #2
   b64a4:	f7fe b90e 	b.w	b46c4 <network_disconnect>

000b64a8 <_ZN5spark12NetworkClass10connectingEv>:
}

bool NetworkClass::connecting() {
    return network_connecting(*this, 0, nullptr);
   b64a8:	2200      	movs	r2, #0
   b64aa:	6840      	ldr	r0, [r0, #4]
   b64ac:	4611      	mov	r1, r2
   b64ae:	f7fe b901 	b.w	b46b4 <network_connecting>

000b64b2 <_ZN5spark12NetworkClass5readyEv>:
}

bool NetworkClass::ready() {
    return network_ready(*this, 0, nullptr);
   b64b2:	2200      	movs	r2, #0
   b64b4:	6840      	ldr	r0, [r0, #4]
   b64b6:	4611      	mov	r1, r2
   b64b8:	f7fe b90c 	b.w	b46d4 <network_ready>

000b64bc <_ZN5spark12NetworkClass2onEv>:
}

void NetworkClass::on() {
    network_on(*this, 0, 0, nullptr);
   b64bc:	2300      	movs	r3, #0
   b64be:	6840      	ldr	r0, [r0, #4]
   b64c0:	461a      	mov	r2, r3
   b64c2:	4619      	mov	r1, r3
   b64c4:	f7fe b90e 	b.w	b46e4 <network_on>

000b64c8 <_ZN5spark12NetworkClass3offEv>:
}

void NetworkClass::off() {
    network_off(*this, 0, 0, nullptr);
   b64c8:	2300      	movs	r3, #0
   b64ca:	6840      	ldr	r0, [r0, #4]
   b64cc:	461a      	mov	r2, r3
   b64ce:	4619      	mov	r1, r3
   b64d0:	f7fe b910 	b.w	b46f4 <network_off>

000b64d4 <_ZN5spark12NetworkClass4isOnEv>:
}

bool NetworkClass::isOn() {
    return network_is_on(*this, nullptr);
   b64d4:	6840      	ldr	r0, [r0, #4]
   b64d6:	2100      	movs	r1, #0
   b64d8:	f7fe b934 	b.w	b4744 <network_is_on>

000b64dc <_ZN5spark12NetworkClass5isOffEv>:
}

bool NetworkClass::isOff() {
    return network_is_off(*this, nullptr);
   b64dc:	6840      	ldr	r0, [r0, #4]
   b64de:	2100      	movs	r1, #0
   b64e0:	f7fe b938 	b.w	b4754 <network_is_off>

000b64e4 <_ZN5spark12NetworkClass6listenEb>:
}

void NetworkClass::listen(bool begin) {
    network_listen(*this, begin ? 0 : 1, nullptr);
   b64e4:	6840      	ldr	r0, [r0, #4]
   b64e6:	2200      	movs	r2, #0
   b64e8:	f081 0101 	eor.w	r1, r1, #1
   b64ec:	f7fe b90a 	b.w	b4704 <network_listen>

000b64f0 <_ZN5spark12NetworkClass16setListenTimeoutEt>:
}

void NetworkClass::setListenTimeout(uint16_t timeout) {
    network_set_listen_timeout(*this, timeout, nullptr);
   b64f0:	6840      	ldr	r0, [r0, #4]
   b64f2:	2200      	movs	r2, #0
   b64f4:	f7fe b916 	b.w	b4724 <network_set_listen_timeout>

000b64f8 <_ZN5spark12NetworkClass16getListenTimeoutEv>:
}

uint16_t NetworkClass::getListenTimeout() {
    return network_get_listen_timeout(*this, 0, nullptr);
   b64f8:	2200      	movs	r2, #0
   b64fa:	6840      	ldr	r0, [r0, #4]
   b64fc:	4611      	mov	r1, r2
   b64fe:	f7fe b919 	b.w	b4734 <network_get_listen_timeout>

000b6502 <_ZN5spark12NetworkClass9listeningEv>:
}

bool NetworkClass::listening() {
    return network_listening(*this, 0, nullptr);
   b6502:	2200      	movs	r2, #0
   b6504:	6840      	ldr	r0, [r0, #4]
   b6506:	4611      	mov	r1, r2
   b6508:	f7fe b904 	b.w	b4714 <network_listening>

000b650c <_ZN5spark12NetworkClass11isPreferredEv>:
    network_handle_t network = network_prefer(*this, prefer, nullptr);
    return Network.from(network);
}

bool NetworkClass::isPreferred() {
    return network_is_preferred(*this, nullptr);
   b650c:	6840      	ldr	r0, [r0, #4]
   b650e:	2100      	movs	r1, #0
   b6510:	f7fe b930 	b.w	b4774 <network_is_preferred>

000b6514 <_ZN5spark12NetworkClass7resolveEPKcb>:
}

IPAddress NetworkClass::resolve(const char* name, bool flushCache) {
   b6514:	e92d 43f0 	stmdb	sp!, {r4, r5, r6, r7, r8, r9, lr}
    IPAddress addr;
#if HAL_USE_INET_HAL_POSIX
    struct addrinfo *ai = nullptr;
   b6518:	2600      	movs	r6, #0
IPAddress NetworkClass::resolve(const char* name, bool flushCache) {
   b651a:	b099      	sub	sp, #100	; 0x64
   b651c:	460d      	mov	r5, r1
   b651e:	4614      	mov	r4, r2
   b6520:	4698      	mov	r8, r3
   b6522:	4607      	mov	r7, r0
    IPAddress addr;
   b6524:	f7ff fc0c 	bl	b5d40 <_ZN9IPAddressC1Ev>
    struct addrinfo hints = {};
   b6528:	221c      	movs	r2, #28
   b652a:	4631      	mov	r1, r6
   b652c:	a811      	add	r0, sp, #68	; 0x44
    struct addrinfo *ai = nullptr;
   b652e:	9603      	str	r6, [sp, #12]
    struct addrinfo hints = {};
   b6530:	f000 f948 	bl	b67c4 <memset>
    hints.ai_flags = AI_ADDRCONFIG;
    if (flushCache) {
   b6534:	f1b8 0f00 	cmp.w	r8, #0
   b6538:	d12c      	bne.n	b6594 <_ZN5spark12NetworkClass7resolveEPKcb+0x80>
    hints.ai_flags = AI_ADDRCONFIG;
   b653a:	2340      	movs	r3, #64	; 0x40
        return iface_;
   b653c:	6868      	ldr	r0, [r5, #4]
        hints.ai_flags |= AI_FLUSHCACHE;
   b653e:	9310      	str	r3, [sp, #64]	; 0x40
    }
    hints.ai_family = AF_UNSPEC;
    if_t iface = nullptr;
   b6540:	9604      	str	r6, [sp, #16]
    if ((network_interface_t)*this != NETWORK_INTERFACE_ALL) {
   b6542:	b118      	cbz	r0, b654c <_ZN5spark12NetworkClass7resolveEPKcb+0x38>
        if_get_by_index((network_interface_t)*this, &iface);
   b6544:	a904      	add	r1, sp, #16
   b6546:	b2c0      	uxtb	r0, r0
   b6548:	f7fd ff56 	bl	b43f8 <if_get_by_index>
    }
    const int r = netdb_getaddrinfo_ex(name, nullptr, &hints, &ai, iface);
   b654c:	9b04      	ldr	r3, [sp, #16]
   b654e:	9300      	str	r3, [sp, #0]
   b6550:	4620      	mov	r0, r4
   b6552:	ab03      	add	r3, sp, #12
   b6554:	aa10      	add	r2, sp, #64	; 0x40
   b6556:	2100      	movs	r1, #0
   b6558:	f7fd ff46 	bl	b43e8 <netdb_getaddrinfo_ex>
    if (!r) {
   b655c:	4604      	mov	r4, r0
   b655e:	2800      	cmp	r0, #0
   b6560:	d14d      	bne.n	b65fe <_ZN5spark12NetworkClass7resolveEPKcb+0xea>
        bool ok = false;
        // This is not really needed if AI_ADDRCONFIG is properly supported
        bool ipv4 = network_ready(*this, NETWORK_READY_TYPE_IPV4, nullptr);
   b6562:	4602      	mov	r2, r0
   b6564:	2101      	movs	r1, #1
   b6566:	6868      	ldr	r0, [r5, #4]
   b6568:	f7fe f8b4 	bl	b46d4 <network_ready>
        bool ipv6 = network_ready(*this, NETWORK_READY_TYPE_IPV6, nullptr);
   b656c:	2102      	movs	r1, #2
        bool ipv4 = network_ready(*this, NETWORK_READY_TYPE_IPV4, nullptr);
   b656e:	4680      	mov	r8, r0
        bool ipv6 = network_ready(*this, NETWORK_READY_TYPE_IPV6, nullptr);
   b6570:	4622      	mov	r2, r4
   b6572:	6868      	ldr	r0, [r5, #4]
   b6574:	f7fe f8ae 	bl	b46d4 <network_ready>
        for (auto cur = ai; cur != nullptr && !ok; cur = cur->ai_next) {
   b6578:	9e03      	ldr	r6, [sp, #12]
        bool ipv6 = network_ready(*this, NETWORK_READY_TYPE_IPV6, nullptr);
   b657a:	4681      	mov	r9, r0
        bool ok = false;
   b657c:	4621      	mov	r1, r4
        for (auto cur = ai; cur != nullptr && !ok; cur = cur->ai_next) {
   b657e:	2e00      	cmp	r6, #0
   b6580:	d03d      	beq.n	b65fe <_ZN5spark12NetworkClass7resolveEPKcb+0xea>
   b6582:	2900      	cmp	r1, #0
   b6584:	d13b      	bne.n	b65fe <_ZN5spark12NetworkClass7resolveEPKcb+0xea>
            // NOTE: using only the first entry that matches the current state of IPv4/IPv6 connectivity
            switch (cur->ai_family) {
   b6586:	6873      	ldr	r3, [r6, #4]
   b6588:	2b02      	cmp	r3, #2
   b658a:	d005      	beq.n	b6598 <_ZN5spark12NetworkClass7resolveEPKcb+0x84>
   b658c:	2b0a      	cmp	r3, #10
   b658e:	d013      	beq.n	b65b8 <_ZN5spark12NetworkClass7resolveEPKcb+0xa4>
        for (auto cur = ai; cur != nullptr && !ok; cur = cur->ai_next) {
   b6590:	69f6      	ldr	r6, [r6, #28]
   b6592:	e7f4      	b.n	b657e <_ZN5spark12NetworkClass7resolveEPKcb+0x6a>
        hints.ai_flags |= AI_FLUSHCACHE;
   b6594:	4b1d      	ldr	r3, [pc, #116]	; (b660c <_ZN5spark12NetworkClass7resolveEPKcb+0xf8>)
   b6596:	e7d1      	b.n	b653c <_ZN5spark12NetworkClass7resolveEPKcb+0x28>
                case AF_INET: {
                    if (!ipv4) {
   b6598:	f1b8 0f00 	cmp.w	r8, #0
   b659c:	d0f8      	beq.n	b6590 <_ZN5spark12NetworkClass7resolveEPKcb+0x7c>
                        continue;
                    }
                    // NOTE: HAL_IPAddress is little-endian
                    auto in = (struct sockaddr_in*)cur->ai_addr;
                    addr = (const uint8_t*)(&in->sin_addr.s_addr);
   b659e:	6971      	ldr	r1, [r6, #20]
        return *this = IPAddress(address);
   b65a0:	a80a      	add	r0, sp, #40	; 0x28
   b65a2:	3104      	adds	r1, #4
class IPAddress : public Printable {
   b65a4:	ad0b      	add	r5, sp, #44	; 0x2c
        return *this = IPAddress(address);
   b65a6:	f7ff fbf9 	bl	b5d9c <_ZN9IPAddressC1EPKh>
class IPAddress : public Printable {
   b65aa:	cd0f      	ldmia	r5!, {r0, r1, r2, r3}
   b65ac:	1d3c      	adds	r4, r7, #4
   b65ae:	c40f      	stmia	r4!, {r0, r1, r2, r3}
   b65b0:	682b      	ldr	r3, [r5, #0]
   b65b2:	7023      	strb	r3, [r4, #0]
                    ok = true;
   b65b4:	4641      	mov	r1, r8
        return *this = IPAddress(address);
   b65b6:	e7eb      	b.n	b6590 <_ZN5spark12NetworkClass7resolveEPKcb+0x7c>
                    break;
                }
                case AF_INET6: {
                    if (!ipv6) {
   b65b8:	f1b9 0f00 	cmp.w	r9, #0
   b65bc:	d0e8      	beq.n	b6590 <_ZN5spark12NetworkClass7resolveEPKcb+0x7c>
                        continue;
                    }
                    auto in6 = (struct sockaddr_in6*)cur->ai_addr;
   b65be:	6974      	ldr	r4, [r6, #20]
                    HAL_IPAddress a = {};
   b65c0:	2210      	movs	r2, #16
   b65c2:	a805      	add	r0, sp, #20
   b65c4:	f000 f8fe 	bl	b67c4 <memset>
                    a.v = 6;
   b65c8:	2306      	movs	r3, #6
   b65ca:	f88d 3024 	strb.w	r3, [sp, #36]	; 0x24
                    memcpy(a.ipv6, in6->sin6_addr.s6_addr, sizeof(a.ipv6));
   b65ce:	ad05      	add	r5, sp, #20
   b65d0:	f104 0308 	add.w	r3, r4, #8
   b65d4:	3418      	adds	r4, #24
   b65d6:	6818      	ldr	r0, [r3, #0]
   b65d8:	6859      	ldr	r1, [r3, #4]
   b65da:	462a      	mov	r2, r5
   b65dc:	c203      	stmia	r2!, {r0, r1}
   b65de:	3308      	adds	r3, #8
   b65e0:	42a3      	cmp	r3, r4
   b65e2:	4615      	mov	r5, r2
   b65e4:	d1f7      	bne.n	b65d6 <_ZN5spark12NetworkClass7resolveEPKcb+0xc2>
                    addr = IPAddress(a);
   b65e6:	a905      	add	r1, sp, #20
   b65e8:	a80a      	add	r0, sp, #40	; 0x28
class IPAddress : public Printable {
   b65ea:	ad0b      	add	r5, sp, #44	; 0x2c
   b65ec:	f7ff fbb6 	bl	b5d5c <_ZN9IPAddressC1ERK16_HAL_IPAddress_t>
   b65f0:	cd0f      	ldmia	r5!, {r0, r1, r2, r3}
   b65f2:	1d3c      	adds	r4, r7, #4
   b65f4:	c40f      	stmia	r4!, {r0, r1, r2, r3}
   b65f6:	682b      	ldr	r3, [r5, #0]
   b65f8:	7023      	strb	r3, [r4, #0]
                    ok = true;
   b65fa:	4649      	mov	r1, r9
   b65fc:	e7c8      	b.n	b6590 <_ZN5spark12NetworkClass7resolveEPKcb+0x7c>
                    break;
                }
            }
        }
    }
    freeaddrinfo(ai);
   b65fe:	9803      	ldr	r0, [sp, #12]
   b6600:	f7fd feea 	bl	b43d8 <netdb_freeaddrinfo>
    return Cellular.resolve(name);
#endif // Wiring_Cellular

#endif // HAL_USE_INET_HAL_POSIX
    return addr;
}
   b6604:	4638      	mov	r0, r7
   b6606:	b019      	add	sp, #100	; 0x64
   b6608:	e8bd 83f0 	ldmia.w	sp!, {r4, r5, r6, r7, r8, r9, pc}
   b660c:	40000040 	.word	0x40000040

000b6610 <_ZN5spark12NetworkClass4fromEm>:
    switch (nif) {
   b6610:	3803      	subs	r0, #3
   b6612:	2803      	cmp	r0, #3
   b6614:	bf9a      	itte	ls
   b6616:	4b02      	ldrls	r3, [pc, #8]	; (b6620 <_ZN5spark12NetworkClass4fromEm+0x10>)
   b6618:	f853 0020 	ldrls.w	r0, [r3, r0, lsl #2]
NetworkClass& NetworkClass::from(network_interface_t nif) {
   b661c:	4801      	ldrhi	r0, [pc, #4]	; (b6624 <_ZN5spark12NetworkClass4fromEm+0x14>)
}
   b661e:	4770      	bx	lr
   b6620:	000b6d2c 	.word	0x000b6d2c
   b6624:	2003dfc0 	.word	0x2003dfc0

000b6628 <_ZN5spark12NetworkClass6preferEb>:
NetworkClass& NetworkClass::prefer(bool prefer) {
   b6628:	b508      	push	{r3, lr}
    network_handle_t network = network_prefer(*this, prefer, nullptr);
   b662a:	2200      	movs	r2, #0
   b662c:	6840      	ldr	r0, [r0, #4]
   b662e:	f7fe f899 	bl	b4764 <network_prefer>
}
   b6632:	e8bd 4008 	ldmia.w	sp!, {r3, lr}
    return Network.from(network);
   b6636:	f7ff bfeb 	b.w	b6610 <_ZN5spark12NetworkClass4fromEm>
	...

000b663c <_GLOBAL__sub_I__ZN5spark7NetworkE>:
            : iface_(iface) {
   b663c:	4b02      	ldr	r3, [pc, #8]	; (b6648 <_GLOBAL__sub_I__ZN5spark7NetworkE+0xc>)
   b663e:	4a03      	ldr	r2, [pc, #12]	; (b664c <_GLOBAL__sub_I__ZN5spark7NetworkE+0x10>)
   b6640:	601a      	str	r2, [r3, #0]
   b6642:	2200      	movs	r2, #0
   b6644:	605a      	str	r2, [r3, #4]
    network_free_configuration(c, count, nullptr);
    return res;
}
#endif // HAL_USE_SOCKET_HAL_POSIX

} // spark
   b6646:	4770      	bx	lr
   b6648:	2003dfc0 	.word	0x2003dfc0
   b664c:	000b6d44 	.word	0x000b6d44

000b6650 <__tcf_0>:
}
#endif

USARTSerial& __fetch_global_Serial1()
{
    static USARTSerial serial1(HAL_USART_SERIAL1, acquireSerial1Buffer());
   b6650:	4770      	bx	lr
	...

000b6654 <_Z20acquireSerial1Bufferv>:
{
   b6654:	b538      	push	{r3, r4, r5, lr}
   b6656:	4604      	mov	r4, r0
    hal_usart_buffer_config_t config = {
   b6658:	2514      	movs	r5, #20
   b665a:	462a      	mov	r2, r5
   b665c:	2100      	movs	r1, #0
   b665e:	f000 f8b1 	bl	b67c4 <memset>
   b6662:	8025      	strh	r5, [r4, #0]
   b6664:	2540      	movs	r5, #64	; 0x40
        .rx_buffer = new (std::nothrow) uint8_t[bufferSize],
   b6666:	4907      	ldr	r1, [pc, #28]	; (b6684 <_Z20acquireSerial1Bufferv+0x30>)
    hal_usart_buffer_config_t config = {
   b6668:	8125      	strh	r5, [r4, #8]
        .rx_buffer = new (std::nothrow) uint8_t[bufferSize],
   b666a:	4628      	mov	r0, r5
    hal_usart_buffer_config_t config = {
   b666c:	8225      	strh	r5, [r4, #16]
        .rx_buffer = new (std::nothrow) uint8_t[bufferSize],
   b666e:	f000 f871 	bl	b6754 <_ZnajRKSt9nothrow_t>
        .tx_buffer = new (std::nothrow) uint8_t[bufferSize],
   b6672:	4904      	ldr	r1, [pc, #16]	; (b6684 <_Z20acquireSerial1Bufferv+0x30>)
    };
   b6674:	6060      	str	r0, [r4, #4]
        .tx_buffer = new (std::nothrow) uint8_t[bufferSize],
   b6676:	4628      	mov	r0, r5
   b6678:	f000 f86c 	bl	b6754 <_ZnajRKSt9nothrow_t>
    };
   b667c:	60e0      	str	r0, [r4, #12]
}
   b667e:	4620      	mov	r0, r4
   b6680:	bd38      	pop	{r3, r4, r5, pc}
   b6682:	bf00      	nop
   b6684:	000b6d80 	.word	0x000b6d80

000b6688 <_Z22__fetch_global_Serial1v>:
{
   b6688:	b530      	push	{r4, r5, lr}
    static USARTSerial serial1(HAL_USART_SERIAL1, acquireSerial1Buffer());
   b668a:	4d0e      	ldr	r5, [pc, #56]	; (b66c4 <_Z22__fetch_global_Serial1v+0x3c>)
   b668c:	7829      	ldrb	r1, [r5, #0]
   b668e:	f3bf 8f5b 	dmb	ish
   b6692:	f011 0401 	ands.w	r4, r1, #1
{
   b6696:	b087      	sub	sp, #28
    static USARTSerial serial1(HAL_USART_SERIAL1, acquireSerial1Buffer());
   b6698:	d111      	bne.n	b66be <_Z22__fetch_global_Serial1v+0x36>
   b669a:	4628      	mov	r0, r5
   b669c:	f7fe f8ba 	bl	b4814 <__cxa_guard_acquire>
   b66a0:	b168      	cbz	r0, b66be <_Z22__fetch_global_Serial1v+0x36>
   b66a2:	a801      	add	r0, sp, #4
   b66a4:	f7ff ffd6 	bl	b6654 <_Z20acquireSerial1Bufferv>
   b66a8:	aa01      	add	r2, sp, #4
   b66aa:	4621      	mov	r1, r4
   b66ac:	4806      	ldr	r0, [pc, #24]	; (b66c8 <_Z22__fetch_global_Serial1v+0x40>)
   b66ae:	f7ff fe6f 	bl	b6390 <_ZN11USARTSerialC1E21hal_usart_interface_tRK25hal_usart_buffer_config_t>
   b66b2:	4628      	mov	r0, r5
   b66b4:	f7fe f8b6 	bl	b4824 <__cxa_guard_release>
   b66b8:	4804      	ldr	r0, [pc, #16]	; (b66cc <_Z22__fetch_global_Serial1v+0x44>)
   b66ba:	f000 f84d 	bl	b6758 <atexit>
    return serial1;
}
   b66be:	4802      	ldr	r0, [pc, #8]	; (b66c8 <_Z22__fetch_global_Serial1v+0x40>)
   b66c0:	b007      	add	sp, #28
   b66c2:	bd30      	pop	{r4, r5, pc}
   b66c4:	2003dfc8 	.word	0x2003dfc8
   b66c8:	2003dfcc 	.word	0x2003dfcc
   b66cc:	000b6651 	.word	0x000b6651

000b66d0 <__tcf_0>:
}
#endif

TwoWire& __fetch_global_Wire()
{
	static TwoWire wire(HAL_I2C_INTERFACE1, acquireWireBuffer());
   b66d0:	4770      	bx	lr
	...

000b66d4 <_Z17acquireWireBufferv>:
{
   b66d4:	b538      	push	{r3, r4, r5, lr}
	hal_i2c_config_t config = {
   b66d6:	4b0a      	ldr	r3, [pc, #40]	; (b6700 <_Z17acquireWireBufferv+0x2c>)
   b66d8:	6003      	str	r3, [r0, #0]
   b66da:	2301      	movs	r3, #1
{
   b66dc:	4604      	mov	r4, r0
	hal_i2c_config_t config = {
   b66de:	6143      	str	r3, [r0, #20]
		.rx_buffer = new (std::nothrow) uint8_t[i2c_buffer_size],
   b66e0:	4908      	ldr	r1, [pc, #32]	; (b6704 <_Z17acquireWireBufferv+0x30>)
   b66e2:	2020      	movs	r0, #32
   b66e4:	f000 f836 	bl	b6754 <_ZnajRKSt9nothrow_t>
	};
   b66e8:	2520      	movs	r5, #32
   b66ea:	6060      	str	r0, [r4, #4]
		.tx_buffer = new (std::nothrow) uint8_t[i2c_buffer_size],
   b66ec:	4905      	ldr	r1, [pc, #20]	; (b6704 <_Z17acquireWireBufferv+0x30>)
	};
   b66ee:	60a5      	str	r5, [r4, #8]
		.tx_buffer = new (std::nothrow) uint8_t[i2c_buffer_size],
   b66f0:	4628      	mov	r0, r5
   b66f2:	f000 f82f 	bl	b6754 <_ZnajRKSt9nothrow_t>
	};
   b66f6:	e9c4 0503 	strd	r0, r5, [r4, #12]
}
   b66fa:	4620      	mov	r0, r4
   b66fc:	bd38      	pop	{r3, r4, r5, pc}
   b66fe:	bf00      	nop
   b6700:	00010018 	.word	0x00010018
   b6704:	000b6d80 	.word	0x000b6d80

000b6708 <_Z19__fetch_global_Wirev>:
{
   b6708:	b530      	push	{r4, r5, lr}
	static TwoWire wire(HAL_I2C_INTERFACE1, acquireWireBuffer());
   b670a:	4d0e      	ldr	r5, [pc, #56]	; (b6744 <_Z19__fetch_global_Wirev+0x3c>)
   b670c:	7829      	ldrb	r1, [r5, #0]
   b670e:	f3bf 8f5b 	dmb	ish
   b6712:	f011 0401 	ands.w	r4, r1, #1
{
   b6716:	b087      	sub	sp, #28
	static TwoWire wire(HAL_I2C_INTERFACE1, acquireWireBuffer());
   b6718:	d111      	bne.n	b673e <_Z19__fetch_global_Wirev+0x36>
   b671a:	4628      	mov	r0, r5
   b671c:	f7fe f87a 	bl	b4814 <__cxa_guard_acquire>
   b6720:	b168      	cbz	r0, b673e <_Z19__fetch_global_Wirev+0x36>
   b6722:	4668      	mov	r0, sp
   b6724:	f7ff ffd6 	bl	b66d4 <_Z17acquireWireBufferv>
   b6728:	466a      	mov	r2, sp
   b672a:	4621      	mov	r1, r4
   b672c:	4806      	ldr	r0, [pc, #24]	; (b6748 <_Z19__fetch_global_Wirev+0x40>)
   b672e:	f7ff fe79 	bl	b6424 <_ZN7TwoWireC1E19hal_i2c_interface_tRK16hal_i2c_config_t>
   b6732:	4628      	mov	r0, r5
   b6734:	f7fe f876 	bl	b4824 <__cxa_guard_release>
   b6738:	4804      	ldr	r0, [pc, #16]	; (b674c <_Z19__fetch_global_Wirev+0x44>)
   b673a:	f000 f80d 	bl	b6758 <atexit>
	return wire;
}
   b673e:	4802      	ldr	r0, [pc, #8]	; (b6748 <_Z19__fetch_global_Wirev+0x40>)
   b6740:	b007      	add	sp, #28
   b6742:	bd30      	pop	{r4, r5, pc}
   b6744:	2003dfe4 	.word	0x2003dfe4
   b6748:	2003dfe8 	.word	0x2003dfe8
   b674c:	000b66d1 	.word	0x000b66d1

000b6750 <_ZnwjRKSt9nothrow_t>:
   b6750:	f7fd bcb1 	b.w	b40b6 <_Znwj>

000b6754 <_ZnajRKSt9nothrow_t>:
   b6754:	f7fd bcb1 	b.w	b40ba <_Znaj>

000b6758 <atexit>:
   b6758:	2300      	movs	r3, #0
   b675a:	4601      	mov	r1, r0
   b675c:	461a      	mov	r2, r3
   b675e:	4618      	mov	r0, r3
   b6760:	f7fd bcc8 	b.w	b40f4 <__register_exitproc>

000b6764 <isprint>:
   b6764:	4b02      	ldr	r3, [pc, #8]	; (b6770 <isprint+0xc>)
   b6766:	4418      	add	r0, r3
   b6768:	7840      	ldrb	r0, [r0, #1]
   b676a:	f000 0097 	and.w	r0, r0, #151	; 0x97
   b676e:	4770      	bx	lr
   b6770:	000b6e15 	.word	0x000b6e15

000b6774 <memcpy>:
   b6774:	440a      	add	r2, r1
   b6776:	4291      	cmp	r1, r2
   b6778:	f100 33ff 	add.w	r3, r0, #4294967295
   b677c:	d100      	bne.n	b6780 <memcpy+0xc>
   b677e:	4770      	bx	lr
   b6780:	b510      	push	{r4, lr}
   b6782:	f811 4b01 	ldrb.w	r4, [r1], #1
   b6786:	f803 4f01 	strb.w	r4, [r3, #1]!
   b678a:	4291      	cmp	r1, r2
   b678c:	d1f9      	bne.n	b6782 <memcpy+0xe>
   b678e:	bd10      	pop	{r4, pc}

000b6790 <memmove>:
   b6790:	4288      	cmp	r0, r1
   b6792:	b510      	push	{r4, lr}
   b6794:	eb01 0402 	add.w	r4, r1, r2
   b6798:	d902      	bls.n	b67a0 <memmove+0x10>
   b679a:	4284      	cmp	r4, r0
   b679c:	4623      	mov	r3, r4
   b679e:	d807      	bhi.n	b67b0 <memmove+0x20>
   b67a0:	1e43      	subs	r3, r0, #1
   b67a2:	42a1      	cmp	r1, r4
   b67a4:	d008      	beq.n	b67b8 <memmove+0x28>
   b67a6:	f811 2b01 	ldrb.w	r2, [r1], #1
   b67aa:	f803 2f01 	strb.w	r2, [r3, #1]!
   b67ae:	e7f8      	b.n	b67a2 <memmove+0x12>
   b67b0:	4402      	add	r2, r0
   b67b2:	4601      	mov	r1, r0
   b67b4:	428a      	cmp	r2, r1
   b67b6:	d100      	bne.n	b67ba <memmove+0x2a>
   b67b8:	bd10      	pop	{r4, pc}
   b67ba:	f813 4d01 	ldrb.w	r4, [r3, #-1]!
   b67be:	f802 4d01 	strb.w	r4, [r2, #-1]!
   b67c2:	e7f7      	b.n	b67b4 <memmove+0x24>

000b67c4 <memset>:
   b67c4:	4402      	add	r2, r0
   b67c6:	4603      	mov	r3, r0
   b67c8:	4293      	cmp	r3, r2
   b67ca:	d100      	bne.n	b67ce <memset+0xa>
   b67cc:	4770      	bx	lr
   b67ce:	f803 1b01 	strb.w	r1, [r3], #1
   b67d2:	e7f9      	b.n	b67c8 <memset+0x4>

000b67d4 <srand>:
   b67d4:	b538      	push	{r3, r4, r5, lr}
   b67d6:	4b10      	ldr	r3, [pc, #64]	; (b6818 <srand+0x44>)
   b67d8:	681d      	ldr	r5, [r3, #0]
   b67da:	6bab      	ldr	r3, [r5, #56]	; 0x38
   b67dc:	4604      	mov	r4, r0
   b67de:	b9b3      	cbnz	r3, b680e <srand+0x3a>
   b67e0:	2018      	movs	r0, #24
   b67e2:	f7fd ffd7 	bl	b4794 <malloc>
   b67e6:	4602      	mov	r2, r0
   b67e8:	63a8      	str	r0, [r5, #56]	; 0x38
   b67ea:	b920      	cbnz	r0, b67f6 <srand+0x22>
   b67ec:	4b0b      	ldr	r3, [pc, #44]	; (b681c <srand+0x48>)
   b67ee:	480c      	ldr	r0, [pc, #48]	; (b6820 <srand+0x4c>)
   b67f0:	2142      	movs	r1, #66	; 0x42
   b67f2:	f7fd ffff 	bl	b47f4 <__assert_func>
   b67f6:	490b      	ldr	r1, [pc, #44]	; (b6824 <srand+0x50>)
   b67f8:	4b0b      	ldr	r3, [pc, #44]	; (b6828 <srand+0x54>)
   b67fa:	e9c0 1300 	strd	r1, r3, [r0]
   b67fe:	4b0b      	ldr	r3, [pc, #44]	; (b682c <srand+0x58>)
   b6800:	6083      	str	r3, [r0, #8]
   b6802:	230b      	movs	r3, #11
   b6804:	8183      	strh	r3, [r0, #12]
   b6806:	2100      	movs	r1, #0
   b6808:	2001      	movs	r0, #1
   b680a:	e9c2 0104 	strd	r0, r1, [r2, #16]
   b680e:	6bab      	ldr	r3, [r5, #56]	; 0x38
   b6810:	2200      	movs	r2, #0
   b6812:	611c      	str	r4, [r3, #16]
   b6814:	615a      	str	r2, [r3, #20]
   b6816:	bd38      	pop	{r3, r4, r5, pc}
   b6818:	2003de4c 	.word	0x2003de4c
   b681c:	000b6d81 	.word	0x000b6d81
   b6820:	000b6d98 	.word	0x000b6d98
   b6824:	abcd330e 	.word	0xabcd330e
   b6828:	e66d1234 	.word	0xe66d1234
   b682c:	0005deec 	.word	0x0005deec

000b6830 <strchr>:
   b6830:	b2c9      	uxtb	r1, r1
   b6832:	4603      	mov	r3, r0
   b6834:	f810 2b01 	ldrb.w	r2, [r0], #1
   b6838:	b11a      	cbz	r2, b6842 <strchr+0x12>
   b683a:	428a      	cmp	r2, r1
   b683c:	d1f9      	bne.n	b6832 <strchr+0x2>
   b683e:	4618      	mov	r0, r3
   b6840:	4770      	bx	lr
   b6842:	2900      	cmp	r1, #0
   b6844:	bf18      	it	ne
   b6846:	2300      	movne	r3, #0
   b6848:	e7f9      	b.n	b683e <strchr+0xe>

000b684a <strchrnul>:
   b684a:	b510      	push	{r4, lr}
   b684c:	4604      	mov	r4, r0
   b684e:	f7ff ffef 	bl	b6830 <strchr>
   b6852:	b918      	cbnz	r0, b685c <strchrnul+0x12>
   b6854:	4620      	mov	r0, r4
   b6856:	f7fd fbeb 	bl	b4030 <strlen>
   b685a:	4420      	add	r0, r4
   b685c:	bd10      	pop	{r4, pc}

000b685e <strcpy>:
   b685e:	4603      	mov	r3, r0
   b6860:	f811 2b01 	ldrb.w	r2, [r1], #1
   b6864:	f803 2b01 	strb.w	r2, [r3], #1
   b6868:	2a00      	cmp	r2, #0
   b686a:	d1f9      	bne.n	b6860 <strcpy+0x2>
   b686c:	4770      	bx	lr

000b686e <strncmp>:
   b686e:	b510      	push	{r4, lr}
   b6870:	b17a      	cbz	r2, b6892 <strncmp+0x24>
   b6872:	4603      	mov	r3, r0
   b6874:	3901      	subs	r1, #1
   b6876:	1884      	adds	r4, r0, r2
   b6878:	f813 0b01 	ldrb.w	r0, [r3], #1
   b687c:	f811 2f01 	ldrb.w	r2, [r1, #1]!
   b6880:	4290      	cmp	r0, r2
   b6882:	d101      	bne.n	b6888 <strncmp+0x1a>
   b6884:	42a3      	cmp	r3, r4
   b6886:	d101      	bne.n	b688c <strncmp+0x1e>
   b6888:	1a80      	subs	r0, r0, r2
   b688a:	bd10      	pop	{r4, pc}
   b688c:	2800      	cmp	r0, #0
   b688e:	d1f3      	bne.n	b6878 <strncmp+0xa>
   b6890:	e7fa      	b.n	b6888 <strncmp+0x1a>
   b6892:	4610      	mov	r0, r2
   b6894:	e7f9      	b.n	b688a <strncmp+0x1c>

000b6896 <strrchr>:
   b6896:	b538      	push	{r3, r4, r5, lr}
   b6898:	4603      	mov	r3, r0
   b689a:	460c      	mov	r4, r1
   b689c:	b969      	cbnz	r1, b68ba <strrchr+0x24>
   b689e:	e8bd 4038 	ldmia.w	sp!, {r3, r4, r5, lr}
   b68a2:	f7ff bfc5 	b.w	b6830 <strchr>
   b68a6:	1c43      	adds	r3, r0, #1
   b68a8:	4605      	mov	r5, r0
   b68aa:	4621      	mov	r1, r4
   b68ac:	4618      	mov	r0, r3
   b68ae:	f7ff ffbf 	bl	b6830 <strchr>
   b68b2:	2800      	cmp	r0, #0
   b68b4:	d1f7      	bne.n	b68a6 <strrchr+0x10>
   b68b6:	4628      	mov	r0, r5
   b68b8:	bd38      	pop	{r3, r4, r5, pc}
   b68ba:	2500      	movs	r5, #0
   b68bc:	e7f5      	b.n	b68aa <strrchr+0x14>
	...

000b68c0 <_strtol_l.constprop.0>:
   b68c0:	2b01      	cmp	r3, #1
   b68c2:	e92d 47f0 	stmdb	sp!, {r4, r5, r6, r7, r8, r9, sl, lr}
   b68c6:	d001      	beq.n	b68cc <_strtol_l.constprop.0+0xc>
   b68c8:	2b24      	cmp	r3, #36	; 0x24
   b68ca:	d906      	bls.n	b68da <_strtol_l.constprop.0+0x1a>
   b68cc:	f7fd ff8a 	bl	b47e4 <__errno>
   b68d0:	2316      	movs	r3, #22
   b68d2:	6003      	str	r3, [r0, #0]
   b68d4:	2000      	movs	r0, #0
   b68d6:	e8bd 87f0 	ldmia.w	sp!, {r4, r5, r6, r7, r8, r9, sl, pc}
   b68da:	f8df c0e4 	ldr.w	ip, [pc, #228]	; b69c0 <_strtol_l.constprop.0+0x100>
   b68de:	460d      	mov	r5, r1
   b68e0:	462e      	mov	r6, r5
   b68e2:	f815 4b01 	ldrb.w	r4, [r5], #1
   b68e6:	f814 700c 	ldrb.w	r7, [r4, ip]
   b68ea:	f017 0708 	ands.w	r7, r7, #8
   b68ee:	d1f7      	bne.n	b68e0 <_strtol_l.constprop.0+0x20>
   b68f0:	2c2d      	cmp	r4, #45	; 0x2d
   b68f2:	d132      	bne.n	b695a <_strtol_l.constprop.0+0x9a>
   b68f4:	782c      	ldrb	r4, [r5, #0]
   b68f6:	2701      	movs	r7, #1
   b68f8:	1cb5      	adds	r5, r6, #2
   b68fa:	2b00      	cmp	r3, #0
   b68fc:	d05b      	beq.n	b69b6 <_strtol_l.constprop.0+0xf6>
   b68fe:	2b10      	cmp	r3, #16
   b6900:	d109      	bne.n	b6916 <_strtol_l.constprop.0+0x56>
   b6902:	2c30      	cmp	r4, #48	; 0x30
   b6904:	d107      	bne.n	b6916 <_strtol_l.constprop.0+0x56>
   b6906:	782c      	ldrb	r4, [r5, #0]
   b6908:	f004 04df 	and.w	r4, r4, #223	; 0xdf
   b690c:	2c58      	cmp	r4, #88	; 0x58
   b690e:	d14d      	bne.n	b69ac <_strtol_l.constprop.0+0xec>
   b6910:	786c      	ldrb	r4, [r5, #1]
   b6912:	2310      	movs	r3, #16
   b6914:	3502      	adds	r5, #2
   b6916:	f107 4800 	add.w	r8, r7, #2147483648	; 0x80000000
   b691a:	f108 38ff 	add.w	r8, r8, #4294967295
   b691e:	f04f 0c00 	mov.w	ip, #0
   b6922:	fbb8 f9f3 	udiv	r9, r8, r3
   b6926:	4666      	mov	r6, ip
   b6928:	fb03 8a19 	mls	sl, r3, r9, r8
   b692c:	f1a4 0e30 	sub.w	lr, r4, #48	; 0x30
   b6930:	f1be 0f09 	cmp.w	lr, #9
   b6934:	d816      	bhi.n	b6964 <_strtol_l.constprop.0+0xa4>
   b6936:	4674      	mov	r4, lr
   b6938:	42a3      	cmp	r3, r4
   b693a:	dd24      	ble.n	b6986 <_strtol_l.constprop.0+0xc6>
   b693c:	f1bc 0f00 	cmp.w	ip, #0
   b6940:	db1e      	blt.n	b6980 <_strtol_l.constprop.0+0xc0>
   b6942:	45b1      	cmp	r9, r6
   b6944:	d31c      	bcc.n	b6980 <_strtol_l.constprop.0+0xc0>
   b6946:	d101      	bne.n	b694c <_strtol_l.constprop.0+0x8c>
   b6948:	45a2      	cmp	sl, r4
   b694a:	db19      	blt.n	b6980 <_strtol_l.constprop.0+0xc0>
   b694c:	fb06 4603 	mla	r6, r6, r3, r4
   b6950:	f04f 0c01 	mov.w	ip, #1
   b6954:	f815 4b01 	ldrb.w	r4, [r5], #1
   b6958:	e7e8      	b.n	b692c <_strtol_l.constprop.0+0x6c>
   b695a:	2c2b      	cmp	r4, #43	; 0x2b
   b695c:	bf04      	itt	eq
   b695e:	782c      	ldrbeq	r4, [r5, #0]
   b6960:	1cb5      	addeq	r5, r6, #2
   b6962:	e7ca      	b.n	b68fa <_strtol_l.constprop.0+0x3a>
   b6964:	f1a4 0e41 	sub.w	lr, r4, #65	; 0x41
   b6968:	f1be 0f19 	cmp.w	lr, #25
   b696c:	d801      	bhi.n	b6972 <_strtol_l.constprop.0+0xb2>
   b696e:	3c37      	subs	r4, #55	; 0x37
   b6970:	e7e2      	b.n	b6938 <_strtol_l.constprop.0+0x78>
   b6972:	f1a4 0e61 	sub.w	lr, r4, #97	; 0x61
   b6976:	f1be 0f19 	cmp.w	lr, #25
   b697a:	d804      	bhi.n	b6986 <_strtol_l.constprop.0+0xc6>
   b697c:	3c57      	subs	r4, #87	; 0x57
   b697e:	e7db      	b.n	b6938 <_strtol_l.constprop.0+0x78>
   b6980:	f04f 3cff 	mov.w	ip, #4294967295
   b6984:	e7e6      	b.n	b6954 <_strtol_l.constprop.0+0x94>
   b6986:	f1bc 0f00 	cmp.w	ip, #0
   b698a:	da05      	bge.n	b6998 <_strtol_l.constprop.0+0xd8>
   b698c:	2322      	movs	r3, #34	; 0x22
   b698e:	6003      	str	r3, [r0, #0]
   b6990:	4646      	mov	r6, r8
   b6992:	b942      	cbnz	r2, b69a6 <_strtol_l.constprop.0+0xe6>
   b6994:	4630      	mov	r0, r6
   b6996:	e79e      	b.n	b68d6 <_strtol_l.constprop.0+0x16>
   b6998:	b107      	cbz	r7, b699c <_strtol_l.constprop.0+0xdc>
   b699a:	4276      	negs	r6, r6
   b699c:	2a00      	cmp	r2, #0
   b699e:	d0f9      	beq.n	b6994 <_strtol_l.constprop.0+0xd4>
   b69a0:	f1bc 0f00 	cmp.w	ip, #0
   b69a4:	d000      	beq.n	b69a8 <_strtol_l.constprop.0+0xe8>
   b69a6:	1e69      	subs	r1, r5, #1
   b69a8:	6011      	str	r1, [r2, #0]
   b69aa:	e7f3      	b.n	b6994 <_strtol_l.constprop.0+0xd4>
   b69ac:	2430      	movs	r4, #48	; 0x30
   b69ae:	2b00      	cmp	r3, #0
   b69b0:	d1b1      	bne.n	b6916 <_strtol_l.constprop.0+0x56>
   b69b2:	2308      	movs	r3, #8
   b69b4:	e7af      	b.n	b6916 <_strtol_l.constprop.0+0x56>
   b69b6:	2c30      	cmp	r4, #48	; 0x30
   b69b8:	d0a5      	beq.n	b6906 <_strtol_l.constprop.0+0x46>
   b69ba:	230a      	movs	r3, #10
   b69bc:	e7ab      	b.n	b6916 <_strtol_l.constprop.0+0x56>
   b69be:	bf00      	nop
   b69c0:	000b6e16 	.word	0x000b6e16

000b69c4 <strtol>:
   b69c4:	4613      	mov	r3, r2
   b69c6:	460a      	mov	r2, r1
   b69c8:	4601      	mov	r1, r0
   b69ca:	4802      	ldr	r0, [pc, #8]	; (b69d4 <strtol+0x10>)
   b69cc:	6800      	ldr	r0, [r0, #0]
   b69ce:	f7ff bf77 	b.w	b68c0 <_strtol_l.constprop.0>
   b69d2:	bf00      	nop
   b69d4:	2003de4c 	.word	0x2003de4c

000b69d8 <dynalib_user>:
   b69d8:	000b4041 000b407d 000b40a5 000b40a9     A@..}@...@...@..
   b69e8:	00000000 6c6c6143 206e6f20 65727570     ....Call on pure
   b69f8:	72697620 6c617574 61635300 6e696e6e      virtual.Scannin
   b6a08:	2e2e2e67 43324900 76656420 20656369     g....I2C device 
   b6a18:	6e756f66 74612064 64646120 73736572     found at address
   b6a28:	00783020 30250030 20005832 55002120      0x.0.%02X.  !.U
   b6a38:	6f6e6b6e 65206e77 726f7272 20746120     nknown error at 
   b6a48:	72646461 20737365 4e007830 3249206f     address 0x.No I2
   b6a58:	65642043 65636976 6f662073 0a646e75     C devices found.
   b6a68:	6e6f6400 00000a65                       .done...

000b6a70 <_ZTVN5spark10LogHandlerE>:
	...
   b6a80:	000b40c5 000b40f7                       .@...@..

000b6a88 <_ZTVN5spark16SerialLogHandlerE>:
	...
   b6a90:	000b40f9 000b412d 000b5819 000b59bd     .@..-A...X...Y..

000b6aa0 <_ZTVN5spark13EthernetClassE>:
	...
   b6aa8:	000b4893 000b4889 000b487f 000b4875     .H...H...H..uH..
   b6ab8:	000b4869 000b485d 000b64d5 000b64dd     iH..]H...d...d..
   b6ac8:	000b4851 000b4849 000b483f 000b4835     QH..IH..?H..5H..
   b6ad8:	000b6629 000b650d 000b6515              )f...e...e..

000b6ae4 <_ZTVN8particle11TetherClassE>:
	...
   b6aec:	000b495f 000b4955 000b494b 000b4941     _I..UI..KI..AI..
   b6afc:	000b4935 000b4929 000b64d5 000b64dd     5I..)I...d...d..
   b6b0c:	000b491d 000b4915 000b490b 000b4901     .I...I...I...I..
   b6b1c:	000b6629 000b650d 000b6515              )f...e...e..

000b6b28 <_ZTVN5spark16JSONStreamWriterE>:
	...
   b6b30:	000b4b59 000b4b5b 000b4b19 000b5efb     YK..[K...K...^..
   b6b40:	64756162 72655300 006c6169 69726553     baud.Serial.Seri
   b6b50:	00316c61 4e4f534a 65727453 6f4c6d61     al1.JSONStreamLo
   b6b60:	6e614867 72656c64 70706100 31302500     gHandler.app.%01
   b6b70:	00207530 2500205d 202c0064 3a292800     0u .] .%d., .():
   b6b80:	5b200020 646f6300 203d2065 00692500      . [.code = .%i.
   b6b90:	61746564 20736c69 0d00203d 006d000a     details = ....m.
   b6ba0:	6e6c0066 006e6600 6f630074 64006564     f.ln.fn.t.code.d
   b6bb0:	69617465 0000006c                       etail...

000b6bb8 <_ZTVN5spark16StreamLogHandlerE>:
	...
   b6bc0:	000b509d 000b50b5 000b5819 000b59bd     .P...P...X...Y..

000b6bd0 <_ZTVN5spark20JSONStreamLogHandlerE>:
	...
   b6bd8:	000b50c9 000b50dd 000b59f5 000b4c23     .P...P...Y..#L..

000b6be8 <_ZTVN5spark24DefaultLogHandlerFactoryE>:
	...
   b6bf0:	000b4c35 000b4c5b 000b577d 000b4c25     5L..[L..}W..%L..

000b6c00 <_ZTVN5spark26DefaultOutputStreamFactoryE>:
	...
   b6c08:	000b4c33 000b4c69 000b5005 000b4c8b     3L..iL...P...L..
   b6c18:	252d5925 64252d6d 3a482554 253a4d25     %Y-%m-%dT%H:%M:%
   b6c28:	007a2553 74637361 00656d69              S%z.asctime.

000b6c34 <_ZTV9IPAddress>:
	...
   b6c3c:	000b5cdd 000b5ccd 000b5ccf              .\...\...\..

000b6c48 <_ZTV9USBSerial>:
	...
   b6c50:	000b5dc3 000b5e2b 000b5e01 000b4b2d     .]..+^...^..-K..
   b6c60:	000b5df3 000b5dc5 000b5dd5 000b5e25     .]...]...]..%^..
   b6c70:	000b4bf9 000b5de5 000b5dbd 75007525     .K...]...]..%u.u
   b6c80:	78343025 00000000                       %04x....

000b6c88 <_ZTVN5spark13CellularClassE>:
	...
   b6c90:	000b62db 000b62d1 000b62c7 000b627d     .b...b...b..}b..
   b6ca0:	000b62bb 000b62af 000b64d5 000b64dd     .b...b...d...d..
   b6cb0:	000b62a3 000b629b 000b6291 000b6287     .b...b...b...b..
   b6cc0:	000b6629 000b650d 000b6515              )f...e...e..

000b6ccc <_ZTV11USARTSerial>:
	...
   b6cd4:	000b6315 000b6381 000b6359 000b4b2d     .c...c..Yc..-K..
   b6ce4:	000b6329 000b6345 000b6337 000b6353     )c..Ec..7c..Sc..
   b6cf4:	000b4bf9 000b6317 000b631b              .K...c...c..

000b6d00 <_ZTV7TwoWire>:
	...
   b6d08:	000b63cd 000b6417 000b63ef 000b63cf     .c...d...c...c..
   b6d18:	000b63f7 000b63ff 000b6407 000b640f     .c...c...d...d..
   b6d28:	000b4bf9                                .K..

000b6d2c <CSWTCH.155>:
   b6d2c:	2003dee0 2003df7c 2003dfc0 2003def4     ... |.. ... ... 

000b6d3c <_ZTVN5spark12NetworkClassE>:
	...
   b6d44:	000b6495 000b649f 000b64a9 000b64b3     .d...d...d...d..
   b6d54:	000b64bd 000b64c9 000b64d5 000b64dd     .d...d...d...d..
   b6d64:	000b64e5 000b64f1 000b64f9 000b6503     .d...d...d...e..
   b6d74:	000b6629 000b650d 000b6515              )f...e...e..

000b6d80 <_ZSt7nothrow>:
   b6d80:	45455200 6d20544e 6f6c6c61 75732063     .REENT malloc su
   b6d90:	65656363 00646564 746e6d2f 726f772f     cceeded./mnt/wor
   b6da0:	6170736b 772f6563 736b726f 65636170     kspace/workspace
   b6db0:	4343472f 2d30312d 65706970 656e696c     /GCC-10-pipeline
   b6dc0:	6e656a2f 736e696b 4343472d 2d30312d     /jenkins-GCC-10-
   b6dd0:	65706970 656e696c 5f38342d 30323032     pipeline-48_2020
   b6de0:	34323131 3036315f 30383136 2f313436     1124_1606180641/
   b6df0:	2f637273 6c77656e 6e2f6269 696c7765     src/newlib/newli
   b6e00:	696c2f62 732f6362 696c6474 61722f62     b/libc/stdlib/ra
   b6e10:	632e646e                                 nd.c.

000b6e15 <_ctype_>:
   b6e15:	20202000 20202020 28282020 20282828     .         ((((( 
   b6e25:	20202020 20202020 20202020 20202020                     
   b6e35:	10108820 10101010 10101010 10101010      ...............
   b6e45:	04040410 04040404 10040404 10101010     ................
   b6e55:	41411010 41414141 01010101 01010101     ..AAAAAA........
   b6e65:	01010101 01010101 01010101 10101010     ................
   b6e75:	42421010 42424242 02020202 02020202     ..BBBBBB........
   b6e85:	02020202 02020202 02020202 10101010     ................
   b6e95:	00000020 00000000 00000000 00000000      ...............
	...

000b6f16 <link_const_data_end>:
	...

000b6f18 <link_constructors_location>:
   b6f18:	000b432d 	.word	0x000b432d
   b6f1c:	000b489d 	.word	0x000b489d
   b6f20:	000b48f1 	.word	0x000b48f1
   b6f24:	000b4969 	.word	0x000b4969
   b6f28:	000b497d 	.word	0x000b497d
   b6f2c:	000b4b09 	.word	0x000b4b09
   b6f30:	000b5809 	.word	0x000b5809
   b6f34:	000b5b69 	.word	0x000b5b69
   b6f38:	000b5b85 	.word	0x000b5b85
   b6f3c:	000b62e5 	.word	0x000b62e5
   b6f40:	000b6479 	.word	0x000b6479
   b6f44:	000b663d 	.word	0x000b663d
