
c:/Users/ppita/Documents/Particle/Open-Water-Level-and-Rainfall-Sensor/Firmware/readRainfall_stripped/target/6.3.3/argon/readRainfall_stripped.elf:     file format elf32-littlearm

Sections:
Idx Name          Size      VMA       LMA       File off  Algn
  0 .module_info  00000018  000b4000  000b4000  00004000  2**0
                  CONTENTS, ALLOC, LOAD, READONLY, DATA
  1 .dynalib      00000004  000b4018  000b4018  00004018  2**2
                  CONTENTS, ALLOC, LOAD, READONLY, DATA
  2 .text         00002e48  000b401c  000b401c  0000401c  2**2
                  CONTENTS, ALLOC, LOAD, READONLY, CODE
  3 .note.gnu.build-id 00000024  000b6e64  000b6e64  00006e64  2**2
                  CONTENTS, ALLOC, LOAD, READONLY, DATA
  4 .data         00000070  2003de70  000b6e88  0000de70  2**2
                  CONTENTS, ALLOC, LOAD, DATA
  5 .bss          0000011c  2003dee0  2003dee0  0001dee0  2**2
                  ALLOC
  6 .backup       00000004  2003f400  000b6ef8  0000f400  2**2
                  CONTENTS, ALLOC, LOAD, DATA
  7 .module_info_product 00000006  000b6efc  000b6efc  00016efc  2**0
                  ALLOC
  8 .module_info_suffix 00000024  000b6f02  000b6f02  00016f02  2**0
                  CONTENTS, ALLOC, LOAD, READONLY, DATA
  9 .module_info_crc 00000004  000b6f26  000b6f26  00016f26  2**0
                  CONTENTS, ALLOC, LOAD, READONLY, DATA
 10 .debug_info   001c0fc3  00000000  00000000  00016f2a  2**0
                  CONTENTS, READONLY, DEBUGGING, OCTETS
 11 .debug_abbrev 00014e60  00000000  00000000  001d7eed  2**0
                  CONTENTS, READONLY, DEBUGGING, OCTETS
 12 .debug_loc    00077ceb  00000000  00000000  001ecd4d  2**0
                  CONTENTS, READONLY, DEBUGGING, OCTETS
 13 .debug_aranges 00003710  00000000  00000000  00264a38  2**0
                  CONTENTS, READONLY, DEBUGGING, OCTETS
 14 .debug_ranges 00012dd8  00000000  00000000  00268148  2**0
                  CONTENTS, READONLY, DEBUGGING, OCTETS
 15 .debug_macro  00056678  00000000  00000000  0027af20  2**0
                  CONTENTS, READONLY, DEBUGGING, OCTETS
 16 .debug_line   000520d3  00000000  00000000  002d1598  2**0
                  CONTENTS, READONLY, DEBUGGING, OCTETS
 17 .debug_str    001f15a4  00000000  00000000  0032366b  2**0
                  CONTENTS, READONLY, DEBUGGING, OCTETS
 18 .debug_frame  0000a1d4  00000000  00000000  00514c10  2**2
                  CONTENTS, READONLY, DEBUGGING, OCTETS

Disassembly of section .text:

000b401c <strcmp>:
   b401c:	f810 2b01 	ldrb.w	r2, [r0], #1
   b4020:	f811 3b01 	ldrb.w	r3, [r1], #1
   b4024:	2a01      	cmp	r2, #1
   b4026:	bf28      	it	cs
   b4028:	429a      	cmpcs	r2, r3
   b402a:	d0f7      	beq.n	b401c <strcmp>
   b402c:	1ad0      	subs	r0, r2, r3
   b402e:	4770      	bx	lr

000b4030 <strlen>:
   b4030:	4603      	mov	r3, r0
   b4032:	f813 2b01 	ldrb.w	r2, [r3], #1
   b4036:	2a00      	cmp	r2, #0
   b4038:	d1fb      	bne.n	b4032 <strlen+0x2>
   b403a:	1a18      	subs	r0, r3, r0
   b403c:	3801      	subs	r0, #1
   b403e:	4770      	bx	lr

000b4040 <module_user_pre_init>:
/**
 * Initializes this user module. Returns the start of the heap.
 */
void* module_user_pre_init() {

    if ( (&link_global_data_start!=&link_global_data_initial_values) && (link_global_data_size != 0))
   b4040:	4809      	ldr	r0, [pc, #36]	; (b4068 <module_user_pre_init+0x28>)
   b4042:	490a      	ldr	r1, [pc, #40]	; (b406c <module_user_pre_init+0x2c>)
   b4044:	4288      	cmp	r0, r1
void* module_user_pre_init() {
   b4046:	b508      	push	{r3, lr}
    if ( (&link_global_data_start!=&link_global_data_initial_values) && (link_global_data_size != 0))
   b4048:	d005      	beq.n	b4056 <module_user_pre_init+0x16>
   b404a:	4a09      	ldr	r2, [pc, #36]	; (b4070 <module_user_pre_init+0x30>)
   b404c:	4282      	cmp	r2, r0
   b404e:	d002      	beq.n	b4056 <module_user_pre_init+0x16>
    {
        memcpy(&link_global_data_start, &link_global_data_initial_values, link_global_data_size);
   b4050:	1a12      	subs	r2, r2, r0
   b4052:	f002 fb43 	bl	b66dc <memcpy>
    }

    memset(&link_bss_location, 0, link_bss_size );
   b4056:	4807      	ldr	r0, [pc, #28]	; (b4074 <module_user_pre_init+0x34>)
   b4058:	4a07      	ldr	r2, [pc, #28]	; (b4078 <module_user_pre_init+0x38>)
   b405a:	2100      	movs	r1, #0
   b405c:	1a12      	subs	r2, r2, r0
   b405e:	f002 fb65 	bl	b672c <memset>
    return &link_global_data_start;
}
   b4062:	4801      	ldr	r0, [pc, #4]	; (b4068 <module_user_pre_init+0x28>)
   b4064:	bd08      	pop	{r3, pc}
   b4066:	bf00      	nop
   b4068:	2003de70 	.word	0x2003de70
   b406c:	000b6e88 	.word	0x000b6e88
   b4070:	2003dee0 	.word	0x2003dee0
   b4074:	2003dee0 	.word	0x2003dee0
   b4078:	2003dffc 	.word	0x2003dffc

000b407c <module_user_init>:
extern constructor_ptr_t link_constructors_location[];
extern constructor_ptr_t link_constructors_end;
#define link_constructors_size   ((unsigned long)&link_constructors_end  -  (unsigned long)&link_constructors_location )

void module_user_init()
{
   b407c:	b570      	push	{r4, r5, r6, lr}
    module_user_init_hook();

    // invoke constructors
    for (size_t ctor_num=0; ctor_num < link_constructors_size/sizeof(constructor_ptr_t); ctor_num++ )
   b407e:	4e07      	ldr	r6, [pc, #28]	; (b409c <module_user_init+0x20>)
   b4080:	4c07      	ldr	r4, [pc, #28]	; (b40a0 <module_user_init+0x24>)
    module_user_init_hook();
   b4082:	f001 fdb3 	bl	b5bec <module_user_init_hook>
    for (size_t ctor_num=0; ctor_num < link_constructors_size/sizeof(constructor_ptr_t); ctor_num++ )
   b4086:	1ba4      	subs	r4, r4, r6
   b4088:	08a4      	lsrs	r4, r4, #2
   b408a:	2500      	movs	r5, #0
   b408c:	42ac      	cmp	r4, r5
   b408e:	d100      	bne.n	b4092 <module_user_init+0x16>
    {
        link_constructors_location[ctor_num]();
    }
}
   b4090:	bd70      	pop	{r4, r5, r6, pc}
        link_constructors_location[ctor_num]();
   b4092:	f856 3b04 	ldr.w	r3, [r6], #4
   b4096:	4798      	blx	r3
    for (size_t ctor_num=0; ctor_num < link_constructors_size/sizeof(constructor_ptr_t); ctor_num++ )
   b4098:	3501      	adds	r5, #1
   b409a:	e7f7      	b.n	b408c <module_user_init+0x10>
   b409c:	000b6e38 	.word	0x000b6e38
   b40a0:	000b6e64 	.word	0x000b6e64

000b40a4 <module_user_setup>:

/**
 * Export these functions with a fuller name so they don't clash with the setup/loop wrappers in the system module.
 */
void module_user_setup() {
    setup();
   b40a4:	f001 bd3c 	b.w	b5b20 <setup>

000b40a8 <module_user_loop>:
}

void module_user_loop() {
   b40a8:	b508      	push	{r3, lr}
    loop();
   b40aa:	f000 f861 	bl	b4170 <loop>
    _post_loop();
}
   b40ae:	e8bd 4008 	ldmia.w	sp!, {r3, lr}
    _post_loop();
   b40b2:	f001 bd53 	b.w	b5b5c <_post_loop>

000b40b6 <_Znwj>:
 * Implement C++ new/delete operators using the heap
 */

void *operator new(size_t size)
{
	return malloc(size);
   b40b6:	f000 bb6d 	b.w	b4794 <malloc>

000b40ba <_Znaj>:
   b40ba:	f000 bb6b 	b.w	b4794 <malloc>

000b40be <_ZdlPvj>:
	free(p);
}

void operator delete(void *p, size_t size)
{
	free(p);
   b40be:	f000 bb71 	b.w	b47a4 <free>
	...

000b40c4 <__cxa_pure_virtual>:
int __wrap_printf(const char* fmt, ...) {
    return -1;
}

/* Default implementation for call made to pure virtual function. */
void __cxa_pure_virtual() {
   b40c4:	b500      	push	{lr}
   b40c6:	b08d      	sub	sp, #52	; 0x34
  PANIC(PureVirtualCall,"Call on pure virtual");
   b40c8:	222c      	movs	r2, #44	; 0x2c
   b40ca:	2100      	movs	r1, #0
   b40cc:	a801      	add	r0, sp, #4
   b40ce:	4674      	mov	r4, lr
   b40d0:	f002 fb2c 	bl	b672c <memset>
   b40d4:	4b05      	ldr	r3, [pc, #20]	; (b40ec <__cxa_pure_virtual+0x28>)
   b40d6:	9301      	str	r3, [sp, #4]
   b40d8:	4b05      	ldr	r3, [pc, #20]	; (b40f0 <__cxa_pure_virtual+0x2c>)
   b40da:	9302      	str	r3, [sp, #8]
   b40dc:	9404      	str	r4, [sp, #16]
}

__attribute__((always_inline)) static inline uint32_t __get_PC(void) { 
    uint32_t result; 

    asm volatile ("mov %0, pc\n" : "=r" (result) ); 
   b40de:	467b      	mov	r3, pc
   b40e0:	2100      	movs	r1, #0
   b40e2:	a801      	add	r0, sp, #4
   b40e4:	9303      	str	r3, [sp, #12]
   b40e6:	f000 faa7 	bl	b4638 <panic_ext>
  while (1);
   b40ea:	e7fe      	b.n	b40ea <__cxa_pure_virtual+0x26>
   b40ec:	000c002c 	.word	0x000c002c
   b40f0:	000b6954 	.word	0x000b6954

000b40f4 <__register_exitproc>:
int __cxa_atexit(void (*f)(void *), void *p, void *d) {
    return 0;
}

void __register_exitproc(int type, void (*fn)(void), void* arg, void* d) {
}
   b40f4:	4770      	bx	lr

000b40f6 <_ZN5spark10LogHandler5writeEPKcj>:
    }
}

inline void spark::LogHandler::write(const char *data, size_t size) {
    // Default implementation does nothing
}
   b40f6:	4770      	bx	lr

000b40f8 <_ZN5spark16SerialLogHandlerD1Ev>:
            StreamLogHandler(Serial, level, filters) {
        Serial.begin(baud);
        LogManager::instance()->addHandler(this);
    }

    virtual ~SerialLogHandler() {
   b40f8:	4b0a      	ldr	r3, [pc, #40]	; (b4124 <_ZN5spark16SerialLogHandlerD1Ev+0x2c>)
   b40fa:	b510      	push	{r4, lr}
   b40fc:	4604      	mov	r4, r0
   b40fe:	6003      	str	r3, [r0, #0]
        LogManager::instance()->removeHandler(this);
   b4100:	f000 feae 	bl	b4e60 <_ZN5spark10LogManager8instanceEv>
   b4104:	4621      	mov	r1, r4
   b4106:	f001 f8f8 	bl	b52fa <_ZN5spark10LogManager13removeHandlerEPNS_10LogHandlerE>
        Serial.end();
   b410a:	f001 fe7b 	bl	b5e04 <_Z16_fetch_usbserialv>
   b410e:	f001 fe6d 	bl	b5dec <_ZN9USBSerial3endEv>
    virtual ~LogHandler() = default;
   b4112:	4620      	mov	r0, r4
   b4114:	4b04      	ldr	r3, [pc, #16]	; (b4128 <_ZN5spark16SerialLogHandlerD1Ev+0x30>)
   b4116:	f840 3b04 	str.w	r3, [r0], #4
   b411a:	f000 ff77 	bl	b500c <_ZN5spark6detail9LogFilterD1Ev>
    }
   b411e:	4620      	mov	r0, r4
   b4120:	bd10      	pop	{r4, pc}
   b4122:	bf00      	nop
   b4124:	000b69f8 	.word	0x000b69f8
   b4128:	000b69e0 	.word	0x000b69e0

000b412c <_ZN5spark16SerialLogHandlerD0Ev>:
    virtual ~SerialLogHandler() {
   b412c:	b510      	push	{r4, lr}
   b412e:	4604      	mov	r4, r0
    }
   b4130:	f7ff ffe2 	bl	b40f8 <_ZN5spark16SerialLogHandlerD1Ev>
   b4134:	4620      	mov	r0, r4
   b4136:	2124      	movs	r1, #36	; 0x24
   b4138:	f7ff ffc1 	bl	b40be <_ZdlPvj>
   b413c:	4620      	mov	r0, r4
   b413e:	bd10      	pop	{r4, pc}

000b4140 <_ZNK5spark6Logger4infoEPKcz>:
    va_start(args, fmt);
    log(LOG_LEVEL_TRACE, fmt, args);
    va_end(args);
}

inline void spark::Logger::info(const char *fmt, ...) const {
   b4140:	b40e      	push	{r1, r2, r3}
   b4142:	b500      	push	{lr}
   b4144:	b08c      	sub	sp, #48	; 0x30
   b4146:	aa0d      	add	r2, sp, #52	; 0x34
}

inline void spark::Logger::log(LogLevel level, const char *fmt, va_list args) const {
    LogAttributes attr;
    attr.size = sizeof(LogAttributes);
    attr.flags = 0;
   b4148:	f04f 0c20 	mov.w	ip, #32
inline void spark::Logger::info(const char *fmt, ...) const {
   b414c:	f852 1b04 	ldr.w	r1, [r2], #4
    va_start(args, fmt);
   b4150:	9203      	str	r2, [sp, #12]
    log_message_v(level, name_, &attr, nullptr, fmt, args);
   b4152:	e9cd 1200 	strd	r1, r2, [sp]
    attr.flags = 0;
   b4156:	2300      	movs	r3, #0
    log_message_v(level, name_, &attr, nullptr, fmt, args);
   b4158:	6801      	ldr	r1, [r0, #0]
   b415a:	aa04      	add	r2, sp, #16
   b415c:	201e      	movs	r0, #30
    attr.flags = 0;
   b415e:	e9cd c304 	strd	ip, r3, [sp, #16]
    log_message_v(level, name_, &attr, nullptr, fmt, args);
   b4162:	f000 fa51 	bl	b4608 <log_message_v>
}
   b4166:	b00c      	add	sp, #48	; 0x30
   b4168:	f85d eb04 	ldr.w	lr, [sp], #4
   b416c:	b003      	add	sp, #12
   b416e:	4770      	bx	lr

000b4170 <loop>:
//     Serial.println("\nI2C Scanner");
// }


void loop()
{
   b4170:	e92d 41f3 	stmdb	sp!, {r0, r1, r4, r5, r6, r7, r8, lr}
    byte error, address;
    int nDevices;

    Log.info("Scanning...");
   b4174:	492a      	ldr	r1, [pc, #168]	; (b4220 <loop+0xb0>)
   b4176:	482b      	ldr	r0, [pc, #172]	; (b4224 <loop+0xb4>)

            nDevices++;
        }
        else if (error==4)
        {
            Log.info("Unknown error at address 0x");
   b4178:	4d2a      	ldr	r5, [pc, #168]	; (b4224 <loop+0xb4>)
   b417a:	f8df 80c4 	ldr.w	r8, [pc, #196]	; b4240 <loop+0xd0>
            if (address<16)
                Log.info("0");
            char addrBuf[5];
            snprintf(addrBuf, sizeof(addrBuf), "%02X", address);
   b417e:	4f2a      	ldr	r7, [pc, #168]	; (b4228 <loop+0xb8>)
    Log.info("Scanning...");
   b4180:	f7ff ffde 	bl	b4140 <_ZNK5spark6Logger4infoEPKcz>
   b4184:	2401      	movs	r4, #1
    nDevices = 0;
   b4186:	2600      	movs	r6, #0
        Wire.beginTransmission(address);
   b4188:	f002 fa72 	bl	b6670 <_Z19__fetch_global_Wirev>
   b418c:	b2e1      	uxtb	r1, r4
   b418e:	f002 f8dd 	bl	b634c <_ZN7TwoWire17beginTransmissionEh>
        error = Wire.endTransmission();
   b4192:	f002 fa6d 	bl	b6670 <_Z19__fetch_global_Wirev>
   b4196:	f002 f8e1 	bl	b635c <_ZN7TwoWire15endTransmissionEv>
        if (error == 0)
   b419a:	bb38      	cbnz	r0, b41ec <loop+0x7c>
            Log.info("I2C device found at address 0x");
   b419c:	4923      	ldr	r1, [pc, #140]	; (b422c <loop+0xbc>)
   b419e:	4821      	ldr	r0, [pc, #132]	; (b4224 <loop+0xb4>)
   b41a0:	f7ff ffce 	bl	b4140 <_ZNK5spark6Logger4infoEPKcz>
            if (address<16)
   b41a4:	2c0f      	cmp	r4, #15
   b41a6:	d803      	bhi.n	b41b0 <loop+0x40>
                Log.info("0");
   b41a8:	4921      	ldr	r1, [pc, #132]	; (b4230 <loop+0xc0>)
   b41aa:	4628      	mov	r0, r5
   b41ac:	f7ff ffc8 	bl	b4140 <_ZNK5spark6Logger4infoEPKcz>
            snprintf(buf, sizeof(buf), "%02X", address);
   b41b0:	4623      	mov	r3, r4
   b41b2:	463a      	mov	r2, r7
   b41b4:	2105      	movs	r1, #5
   b41b6:	4668      	mov	r0, sp
   b41b8:	f000 fb04 	bl	b47c4 <snprintf>
            Log.info(buf);
   b41bc:	4669      	mov	r1, sp
   b41be:	4628      	mov	r0, r5
   b41c0:	f7ff ffbe 	bl	b4140 <_ZNK5spark6Logger4infoEPKcz>
            Log.info("  !");
   b41c4:	491b      	ldr	r1, [pc, #108]	; (b4234 <loop+0xc4>)
   b41c6:	4628      	mov	r0, r5
   b41c8:	f7ff ffba 	bl	b4140 <_ZNK5spark6Logger4infoEPKcz>
            nDevices++;
   b41cc:	3601      	adds	r6, #1
    for(address = 1; address < 127; address++ )
   b41ce:	3401      	adds	r4, #1
   b41d0:	2c7f      	cmp	r4, #127	; 0x7f
   b41d2:	d1d9      	bne.n	b4188 <loop+0x18>
            Log.info(addrBuf);
        }
    }
    if (nDevices == 0)
   b41d4:	bb0e      	cbnz	r6, b421a <loop+0xaa>
        Log.info("No I2C devices found\n");
   b41d6:	4918      	ldr	r1, [pc, #96]	; (b4238 <loop+0xc8>)
    else
        Log.info("done\n");
   b41d8:	4812      	ldr	r0, [pc, #72]	; (b4224 <loop+0xb4>)
   b41da:	f7ff ffb1 	bl	b4140 <_ZNK5spark6Logger4infoEPKcz>

    delay(5000);           // wait 5 seconds for next scan
   b41de:	f241 3088 	movw	r0, #5000	; 0x1388
   b41e2:	b002      	add	sp, #8
   b41e4:	e8bd 41f0 	ldmia.w	sp!, {r4, r5, r6, r7, r8, lr}
    delay(5000);           // wait 5 seconds for next scan
   b41e8:	f001 bc8a 	b.w	b5b00 <delay>
        else if (error==4)
   b41ec:	2804      	cmp	r0, #4
   b41ee:	d1ee      	bne.n	b41ce <loop+0x5e>
            Log.info("Unknown error at address 0x");
   b41f0:	480c      	ldr	r0, [pc, #48]	; (b4224 <loop+0xb4>)
   b41f2:	4641      	mov	r1, r8
   b41f4:	f7ff ffa4 	bl	b4140 <_ZNK5spark6Logger4infoEPKcz>
            if (address<16)
   b41f8:	2c0f      	cmp	r4, #15
   b41fa:	d803      	bhi.n	b4204 <loop+0x94>
                Log.info("0");
   b41fc:	490c      	ldr	r1, [pc, #48]	; (b4230 <loop+0xc0>)
   b41fe:	4628      	mov	r0, r5
   b4200:	f7ff ff9e 	bl	b4140 <_ZNK5spark6Logger4infoEPKcz>
            snprintf(addrBuf, sizeof(addrBuf), "%02X", address);
   b4204:	4623      	mov	r3, r4
   b4206:	463a      	mov	r2, r7
   b4208:	2105      	movs	r1, #5
   b420a:	4668      	mov	r0, sp
   b420c:	f000 fada 	bl	b47c4 <snprintf>
            Log.info(addrBuf);
   b4210:	4669      	mov	r1, sp
   b4212:	4628      	mov	r0, r5
   b4214:	f7ff ff94 	bl	b4140 <_ZNK5spark6Logger4infoEPKcz>
   b4218:	e7d9      	b.n	b41ce <loop+0x5e>
        Log.info("done\n");
   b421a:	4908      	ldr	r1, [pc, #32]	; (b423c <loop+0xcc>)
   b421c:	e7dc      	b.n	b41d8 <loop+0x68>
   b421e:	bf00      	nop
   b4220:	000b6969 	.word	0x000b6969
   b4224:	2003df44 	.word	0x2003df44
   b4228:	000b6996 	.word	0x000b6996
   b422c:	000b6975 	.word	0x000b6975
   b4230:	000b6994 	.word	0x000b6994
   b4234:	000b699b 	.word	0x000b699b
   b4238:	000b69bb 	.word	0x000b69bb
   b423c:	000b69d1 	.word	0x000b69d1
   b4240:	000b699f 	.word	0x000b699f

000b4244 <_ZN5spark6VectorINS_17LogCategoryFilterENS_16DefaultAllocatorEED1Ev>:
inline spark::Vector<T, AllocatorT>::Vector(Vector<T, AllocatorT>&& vector) : Vector() {
    swap(*this, vector);
}

template<typename T, typename AllocatorT>
inline spark::Vector<T, AllocatorT>::~Vector() {
   b4244:	b570      	push	{r4, r5, r6, lr}
    destruct(data_, data_ + size_);
   b4246:	e9d0 5300 	ldrd	r5, r3, [r0]
   b424a:	2614      	movs	r6, #20
inline spark::Vector<T, AllocatorT>::~Vector() {
   b424c:	4604      	mov	r4, r0
    destruct(data_, data_ + size_);
   b424e:	fb06 5603 	mla	r6, r6, r3, r5
        for (; p != end; ++p) {
   b4252:	42ae      	cmp	r6, r5
   b4254:	d004      	beq.n	b4260 <_ZN5spark6VectorINS_17LogCategoryFilterENS_16DefaultAllocatorEED1Ev+0x1c>
class LogCategoryFilter {
   b4256:	4628      	mov	r0, r5
   b4258:	f000 fb64 	bl	b4924 <_ZN6StringD1Ev>
   b425c:	3514      	adds	r5, #20
   b425e:	e7f8      	b.n	b4252 <_ZN5spark6VectorINS_17LogCategoryFilterENS_16DefaultAllocatorEED1Ev+0xe>
    ::free(ptr);
   b4260:	6820      	ldr	r0, [r4, #0]
   b4262:	f000 fa9f 	bl	b47a4 <free>
    AllocatorT::free(data_);
}
   b4266:	4620      	mov	r0, r4
   b4268:	bd70      	pop	{r4, r5, r6, pc}

000b426a <_ZN5spark6VectorINS_17LogCategoryFilterENS_16DefaultAllocatorEE4moveIS1_Li0EEEvPS1_S5_S5_>:
        if (dest > p && dest < end) {
   b426a:	4288      	cmp	r0, r1
    static void move(T* dest, T* p, T* end) {
   b426c:	b5f8      	push	{r3, r4, r5, r6, r7, lr}
   b426e:	4604      	mov	r4, r0
   b4270:	460d      	mov	r5, r1
   b4272:	4616      	mov	r6, r2
        if (dest > p && dest < end) {
   b4274:	d916      	bls.n	b42a4 <_ZN5spark6VectorINS_17LogCategoryFilterENS_16DefaultAllocatorEE4moveIS1_Li0EEEvPS1_S5_S5_+0x3a>
   b4276:	4290      	cmp	r0, r2
   b4278:	d215      	bcs.n	b42a6 <_ZN5spark6VectorINS_17LogCategoryFilterENS_16DefaultAllocatorEE4moveIS1_Li0EEEvPS1_S5_S5_+0x3c>
            --end;
   b427a:	f1a2 0614 	sub.w	r6, r2, #20
            dest += end - p - 1;
   b427e:	1a75      	subs	r5, r6, r1
   b4280:	f1a1 0714 	sub.w	r7, r1, #20
   b4284:	442c      	add	r4, r5
            for (; end != p; --end, --dest) {
   b4286:	42b7      	cmp	r7, r6
   b4288:	d01c      	beq.n	b42c4 <_ZN5spark6VectorINS_17LogCategoryFilterENS_16DefaultAllocatorEE4moveIS1_Li0EEEvPS1_S5_S5_+0x5a>
                new(dest) T(std::move(*end));
   b428a:	b12c      	cbz	r4, b4298 <_ZN5spark6VectorINS_17LogCategoryFilterENS_16DefaultAllocatorEE4moveIS1_Li0EEEvPS1_S5_S5_+0x2e>
   b428c:	4631      	mov	r1, r6
   b428e:	4620      	mov	r0, r4
   b4290:	f000 fbb1 	bl	b49f6 <_ZN6StringC1EOS_>
   b4294:	7c33      	ldrb	r3, [r6, #16]
   b4296:	7423      	strb	r3, [r4, #16]
   b4298:	4630      	mov	r0, r6
   b429a:	f000 fb43 	bl	b4924 <_ZN6StringD1Ev>
            for (; end != p; --end, --dest) {
   b429e:	3e14      	subs	r6, #20
   b42a0:	3c14      	subs	r4, #20
   b42a2:	e7f0      	b.n	b4286 <_ZN5spark6VectorINS_17LogCategoryFilterENS_16DefaultAllocatorEE4moveIS1_Li0EEEvPS1_S5_S5_+0x1c>
        } else if (dest != p) {
   b42a4:	d00e      	beq.n	b42c4 <_ZN5spark6VectorINS_17LogCategoryFilterENS_16DefaultAllocatorEE4moveIS1_Li0EEEvPS1_S5_S5_+0x5a>
            for (; p != end; ++p, ++dest) {
   b42a6:	42b5      	cmp	r5, r6
   b42a8:	d00c      	beq.n	b42c4 <_ZN5spark6VectorINS_17LogCategoryFilterENS_16DefaultAllocatorEE4moveIS1_Li0EEEvPS1_S5_S5_+0x5a>
                new(dest) T(std::move(*p));
   b42aa:	b12c      	cbz	r4, b42b8 <_ZN5spark6VectorINS_17LogCategoryFilterENS_16DefaultAllocatorEE4moveIS1_Li0EEEvPS1_S5_S5_+0x4e>
   b42ac:	4629      	mov	r1, r5
   b42ae:	4620      	mov	r0, r4
   b42b0:	f000 fba1 	bl	b49f6 <_ZN6StringC1EOS_>
   b42b4:	7c2b      	ldrb	r3, [r5, #16]
   b42b6:	7423      	strb	r3, [r4, #16]
   b42b8:	4628      	mov	r0, r5
   b42ba:	f000 fb33 	bl	b4924 <_ZN6StringD1Ev>
            for (; p != end; ++p, ++dest) {
   b42be:	3514      	adds	r5, #20
   b42c0:	3414      	adds	r4, #20
   b42c2:	e7f0      	b.n	b42a6 <_ZN5spark6VectorINS_17LogCategoryFilterENS_16DefaultAllocatorEE4moveIS1_Li0EEEvPS1_S5_S5_+0x3c>
    }
   b42c4:	bdf8      	pop	{r3, r4, r5, r6, r7, pc}

000b42c6 <_ZN5spark6VectorINS_17LogCategoryFilterENS_16DefaultAllocatorEEC1ERKS3_>:
inline spark::Vector<T, AllocatorT>::Vector(const Vector<T, AllocatorT>& vector) : Vector() {
   b42c6:	e92d 41f0 	stmdb	sp!, {r4, r5, r6, r7, r8, lr}
        capacity_(0) {
   b42ca:	2300      	movs	r3, #0
   b42cc:	e9c0 3300 	strd	r3, r3, [r0]
   b42d0:	6083      	str	r3, [r0, #8]
    if (vector.size_ > 0 && realloc(vector.size_)) {
   b42d2:	684f      	ldr	r7, [r1, #4]
   b42d4:	429f      	cmp	r7, r3
inline spark::Vector<T, AllocatorT>::Vector(const Vector<T, AllocatorT>& vector) : Vector() {
   b42d6:	4604      	mov	r4, r0
   b42d8:	460e      	mov	r6, r1
    if (vector.size_ > 0 && realloc(vector.size_)) {
   b42da:	dd23      	ble.n	b4324 <_ZN5spark6VectorINS_17LogCategoryFilterENS_16DefaultAllocatorEEC1ERKS3_+0x5e>
            d = (T*)AllocatorT::malloc(n * sizeof(T));
   b42dc:	f04f 0814 	mov.w	r8, #20
    return ::malloc(size);
   b42e0:	fb08 f007 	mul.w	r0, r8, r7
   b42e4:	f000 fa56 	bl	b4794 <malloc>
            if (!d) {
   b42e8:	4605      	mov	r5, r0
   b42ea:	b1d8      	cbz	r0, b4324 <_ZN5spark6VectorINS_17LogCategoryFilterENS_16DefaultAllocatorEEC1ERKS3_+0x5e>
            move(d, data_, data_ + size_);
   b42ec:	e9d4 1200 	ldrd	r1, r2, [r4]
   b42f0:	fb08 1202 	mla	r2, r8, r2, r1
   b42f4:	f7ff ffb9 	bl	b426a <_ZN5spark6VectorINS_17LogCategoryFilterENS_16DefaultAllocatorEE4moveIS1_Li0EEEvPS1_S5_S5_>
    ::free(ptr);
   b42f8:	6820      	ldr	r0, [r4, #0]
   b42fa:	f000 fa53 	bl	b47a4 <free>
        data_ = d;
   b42fe:	6025      	str	r5, [r4, #0]
        capacity_ = n;
   b4300:	60a7      	str	r7, [r4, #8]
        copy(data_, vector.data_, vector.data_ + vector.size_);
   b4302:	e9d6 7300 	ldrd	r7, r3, [r6]
   b4306:	fb08 7803 	mla	r8, r8, r3, r7
        for (; it != end; ++it, ++dest) {
   b430a:	45b8      	cmp	r8, r7
   b430c:	d008      	beq.n	b4320 <_ZN5spark6VectorINS_17LogCategoryFilterENS_16DefaultAllocatorEEC1ERKS3_+0x5a>
   b430e:	4639      	mov	r1, r7
   b4310:	4628      	mov	r0, r5
   b4312:	f000 fb8a 	bl	b4a2a <_ZN6StringC1ERKS_>
   b4316:	7c3b      	ldrb	r3, [r7, #16]
   b4318:	742b      	strb	r3, [r5, #16]
   b431a:	3714      	adds	r7, #20
   b431c:	3514      	adds	r5, #20
   b431e:	e7f4      	b.n	b430a <_ZN5spark6VectorINS_17LogCategoryFilterENS_16DefaultAllocatorEEC1ERKS3_+0x44>
        size_ = vector.size_;
   b4320:	6873      	ldr	r3, [r6, #4]
   b4322:	6063      	str	r3, [r4, #4]
}
   b4324:	4620      	mov	r0, r4
   b4326:	e8bd 81f0 	ldmia.w	sp!, {r4, r5, r6, r7, r8, pc}
	...

000b432c <_GLOBAL__sub_I_SystemMode>:
   b432c:	b570      	push	{r4, r5, r6, lr}

class SystemSleepResult {
public:
    SystemSleepResult()
            : wakeupSource_(nullptr),
              error_(SYSTEM_ERROR_NONE) {
   b432e:	4b24      	ldr	r3, [pc, #144]	; (b43c0 <_GLOBAL__sub_I_SystemMode+0x94>)
    SleepResult() {}
   b4330:	4a24      	ldr	r2, [pc, #144]	; (b43c4 <_GLOBAL__sub_I_SystemMode+0x98>)
   b4332:	609a      	str	r2, [r3, #8]
              error_(SYSTEM_ERROR_NONE) {
   b4334:	2400      	movs	r4, #0
   b4336:	b08c      	sub	sp, #48	; 0x30
   b4338:	e9c3 4400 	strd	r4, r4, [r3]

class SystemClass {
public:

    SystemClass(System_Mode_TypeDef mode = DEFAULT) {
        set_system_mode(mode);
   b433c:	2003      	movs	r0, #3
   b433e:	f000 f985 	bl	b464c <set_system_mode>
SYSTEM_THREAD(ENABLED);
   b4342:	4621      	mov	r1, r4
   b4344:	2001      	movs	r0, #1
   b4346:	f000 f991 	bl	b466c <system_thread_set_state>
        capacity_(0) {
   b434a:	e9cd 4400 	strd	r4, r4, [sp]
   b434e:	9402      	str	r4, [sp, #8]
            StreamLogHandler(Serial, level, filters) {
   b4350:	f001 fd58 	bl	b5e04 <_Z16_fetch_usbserialv>
        filter_(level, filters) {
   b4354:	4c1c      	ldr	r4, [pc, #112]	; (b43c8 <_GLOBAL__sub_I_SystemMode+0x9c>)
   b4356:	4605      	mov	r5, r0
   b4358:	4669      	mov	r1, sp
   b435a:	a803      	add	r0, sp, #12
   b435c:	f7ff ffb3 	bl	b42c6 <_ZN5spark6VectorINS_17LogCategoryFilterENS_16DefaultAllocatorEEC1ERKS3_>
   b4360:	4626      	mov	r6, r4
        stream_(&stream) {
   b4362:	a903      	add	r1, sp, #12
   b4364:	a806      	add	r0, sp, #24
   b4366:	f7ff ffae 	bl	b42c6 <_ZN5spark6VectorINS_17LogCategoryFilterENS_16DefaultAllocatorEEC1ERKS3_>
        filter_(level, filters) {
   b436a:	4b18      	ldr	r3, [pc, #96]	; (b43cc <_GLOBAL__sub_I_SystemMode+0xa0>)
   b436c:	f846 3b04 	str.w	r3, [r6], #4
   b4370:	a906      	add	r1, sp, #24
   b4372:	a809      	add	r0, sp, #36	; 0x24
   b4374:	f7ff ffa7 	bl	b42c6 <_ZN5spark6VectorINS_17LogCategoryFilterENS_16DefaultAllocatorEEC1ERKS3_>
   b4378:	aa09      	add	r2, sp, #36	; 0x24
   b437a:	211e      	movs	r1, #30
   b437c:	4630      	mov	r0, r6
   b437e:	f001 f89f 	bl	b54c0 <_ZN5spark6detail9LogFilterC1E8LogLevelNS_6VectorINS_17LogCategoryFilterENS_16DefaultAllocatorEEE>
   b4382:	a809      	add	r0, sp, #36	; 0x24
   b4384:	f7ff ff5e 	bl	b4244 <_ZN5spark6VectorINS_17LogCategoryFilterENS_16DefaultAllocatorEED1Ev>
        stream_(&stream) {
   b4388:	a806      	add	r0, sp, #24
   b438a:	f7ff ff5b 	bl	b4244 <_ZN5spark6VectorINS_17LogCategoryFilterENS_16DefaultAllocatorEED1Ev>
   b438e:	4b10      	ldr	r3, [pc, #64]	; (b43d0 <_GLOBAL__sub_I_SystemMode+0xa4>)
   b4390:	6023      	str	r3, [r4, #0]
   b4392:	6225      	str	r5, [r4, #32]
   b4394:	a803      	add	r0, sp, #12
   b4396:	f7ff ff55 	bl	b4244 <_ZN5spark6VectorINS_17LogCategoryFilterENS_16DefaultAllocatorEED1Ev>
   b439a:	4b0e      	ldr	r3, [pc, #56]	; (b43d4 <_GLOBAL__sub_I_SystemMode+0xa8>)
   b439c:	6023      	str	r3, [r4, #0]
        Serial.begin();
   b439e:	f001 fd31 	bl	b5e04 <_Z16_fetch_usbserialv>
   b43a2:	f44f 5116 	mov.w	r1, #9600	; 0x2580
   b43a6:	f001 fd1d 	bl	b5de4 <_ZN9USBSerial5beginEl>
        LogManager::instance()->addHandler(this);
   b43aa:	f000 fd59 	bl	b4e60 <_ZN5spark10LogManager8instanceEv>
   b43ae:	4621      	mov	r1, r4
   b43b0:	f000 ff5c 	bl	b526c <_ZN5spark10LogManager10addHandlerEPNS_10LogHandlerE>
SerialLogHandler logHandler(LOG_LEVEL_INFO);
   b43b4:	4668      	mov	r0, sp
   b43b6:	f7ff ff45 	bl	b4244 <_ZN5spark6VectorINS_17LogCategoryFilterENS_16DefaultAllocatorEED1Ev>
   b43ba:	b00c      	add	sp, #48	; 0x30
   b43bc:	bd70      	pop	{r4, r5, r6, pc}
   b43be:	bf00      	nop
   b43c0:	2003dee0 	.word	0x2003dee0
   b43c4:	ffff0000 	.word	0xffff0000
   b43c8:	2003deec 	.word	0x2003deec
   b43cc:	000b69e0 	.word	0x000b69e0
   b43d0:	000b6ae4 	.word	0x000b6ae4
   b43d4:	000b69f8 	.word	0x000b69f8

000b43d8 <netdb_freeaddrinfo>:

DYNALIB_BEGIN(hal_netdb)

DYNALIB_FN(0, hal_netdb, netdb_gethostbyname, struct hostent*(const char*))
DYNALIB_FN(1, hal_netdb, netdb_gethostbyname_r, int(const char*, struct hostent*, char*, size_t, struct hostent**, int*))
DYNALIB_FN(2, hal_netdb, netdb_freeaddrinfo, void(struct addrinfo*))
   b43d8:	b508      	push	{r3, lr}
   b43da:	4b02      	ldr	r3, [pc, #8]	; (b43e4 <netdb_freeaddrinfo+0xc>)
   b43dc:	681b      	ldr	r3, [r3, #0]
   b43de:	689b      	ldr	r3, [r3, #8]
   b43e0:	9301      	str	r3, [sp, #4]
   b43e2:	bd08      	pop	{r3, pc}
   b43e4:	00030268 	.word	0x00030268

000b43e8 <netdb_getaddrinfo_ex>:
DYNALIB_FN(3, hal_netdb, netdb_getaddrinfo, int(const char*, const char*, const struct addrinfo*, struct addrinfo**))
DYNALIB_FN(4, hal_netdb, netdb_getnameinfo, int(const struct sockaddr*, socklen_t, char*, socklen_t, char*, socklen_t, int))
DYNALIB_FN(5, hal_netdb, netdb_getaddrinfo_ex, int(const char*, const char*, const struct addrinfo*, struct addrinfo**, if_t))
   b43e8:	b508      	push	{r3, lr}
   b43ea:	4b02      	ldr	r3, [pc, #8]	; (b43f4 <netdb_getaddrinfo_ex+0xc>)
   b43ec:	681b      	ldr	r3, [r3, #0]
   b43ee:	695b      	ldr	r3, [r3, #20]
   b43f0:	9301      	str	r3, [sp, #4]
   b43f2:	bd08      	pop	{r3, pc}
   b43f4:	00030268 	.word	0x00030268

000b43f8 <if_get_by_index>:
DYNALIB_FN(1, hal_ifapi, if_free_list, int(struct if_list*))
DYNALIB_FN(2, hal_ifapi, if_get_name_index, int(struct if_nameindex**))
DYNALIB_FN(3, hal_ifapi, if_free_name_index, int(struct if_nameindex*))
DYNALIB_FN(4, hal_ifapi, if_name_to_index, int(const char*, uint8_t*))
DYNALIB_FN(5, hal_ifapi, if_index_to_name, int(uint8_t, char*))
DYNALIB_FN(6, hal_ifapi, if_get_by_index, int(uint8_t, if_t*))
   b43f8:	b508      	push	{r3, lr}
   b43fa:	4b02      	ldr	r3, [pc, #8]	; (b4404 <if_get_by_index+0xc>)
   b43fc:	681b      	ldr	r3, [r3, #0]
   b43fe:	699b      	ldr	r3, [r3, #24]
   b4400:	9301      	str	r3, [sp, #4]
   b4402:	bd08      	pop	{r3, pc}
   b4404:	0003026c 	.word	0x0003026c

000b4408 <HAL_RNG_GetRandomNumber>:

DYNALIB_BEGIN(hal)

#if PLATFORM_ID > PLATFORM_GCC
DYNALIB_FN(0, hal, HAL_RNG_Configuration, void(void))
DYNALIB_FN(1, hal, HAL_RNG_GetRandomNumber, uint32_t(void))
   b4408:	b508      	push	{r3, lr}
   b440a:	4b02      	ldr	r3, [pc, #8]	; (b4414 <HAL_RNG_GetRandomNumber+0xc>)
   b440c:	681b      	ldr	r3, [r3, #0]
   b440e:	685b      	ldr	r3, [r3, #4]
   b4410:	9301      	str	r3, [sp, #4]
   b4412:	bd08      	pop	{r3, pc}
   b4414:	00030218 	.word	0x00030218

000b4418 <HAL_Timer_Get_Milli_Seconds>:
#endif // PLATFORM_ID > PLATFORM_GCC

DYNALIB_FN(BASE_IDX + 0, hal, HAL_Delay_Milliseconds, void(uint32_t))
DYNALIB_FN(BASE_IDX + 1, hal, HAL_Delay_Microseconds, void(uint32_t))
DYNALIB_FN(BASE_IDX + 2, hal, HAL_Timer_Get_Micro_Seconds, system_tick_t(void))
DYNALIB_FN(BASE_IDX + 3, hal, HAL_Timer_Get_Milli_Seconds, system_tick_t(void))
   b4418:	b508      	push	{r3, lr}
   b441a:	4b02      	ldr	r3, [pc, #8]	; (b4424 <HAL_Timer_Get_Milli_Seconds+0xc>)
   b441c:	681b      	ldr	r3, [r3, #0]
   b441e:	695b      	ldr	r3, [r3, #20]
   b4420:	9301      	str	r3, [sp, #4]
   b4422:	bd08      	pop	{r3, pc}
   b4424:	00030218 	.word	0x00030218

000b4428 <os_mutex_recursive_create>:
DYNALIB_FN(13, hal_concurrent, os_mutex_destroy, int(os_mutex_t))
DYNALIB_FN(14, hal_concurrent, os_mutex_lock, int(os_mutex_t))
DYNALIB_FN(15, hal_concurrent, os_mutex_trylock, int(os_mutex_t))
DYNALIB_FN(16, hal_concurrent, os_mutex_unlock, int(os_mutex_t))

DYNALIB_FN(17, hal_concurrent, os_mutex_recursive_create, int(os_mutex_recursive_t*))
   b4428:	b508      	push	{r3, lr}
   b442a:	4b02      	ldr	r3, [pc, #8]	; (b4434 <os_mutex_recursive_create+0xc>)
   b442c:	681b      	ldr	r3, [r3, #0]
   b442e:	6c5b      	ldr	r3, [r3, #68]	; 0x44
   b4430:	9301      	str	r3, [sp, #4]
   b4432:	bd08      	pop	{r3, pc}
   b4434:	00030248 	.word	0x00030248

000b4438 <os_mutex_recursive_destroy>:
DYNALIB_FN(18, hal_concurrent, os_mutex_recursive_destroy, int(os_mutex_recursive_t))
   b4438:	b508      	push	{r3, lr}
   b443a:	4b02      	ldr	r3, [pc, #8]	; (b4444 <os_mutex_recursive_destroy+0xc>)
   b443c:	681b      	ldr	r3, [r3, #0]
   b443e:	6c9b      	ldr	r3, [r3, #72]	; 0x48
   b4440:	9301      	str	r3, [sp, #4]
   b4442:	bd08      	pop	{r3, pc}
   b4444:	00030248 	.word	0x00030248

000b4448 <os_mutex_recursive_lock>:
DYNALIB_FN(19, hal_concurrent, os_mutex_recursive_lock, int(os_mutex_recursive_t))
   b4448:	b508      	push	{r3, lr}
   b444a:	4b02      	ldr	r3, [pc, #8]	; (b4454 <os_mutex_recursive_lock+0xc>)
   b444c:	681b      	ldr	r3, [r3, #0]
   b444e:	6cdb      	ldr	r3, [r3, #76]	; 0x4c
   b4450:	9301      	str	r3, [sp, #4]
   b4452:	bd08      	pop	{r3, pc}
   b4454:	00030248 	.word	0x00030248

000b4458 <os_mutex_recursive_unlock>:
DYNALIB_FN(20, hal_concurrent, os_mutex_recursive_trylock, int(os_mutex_recursive_t))
DYNALIB_FN(21, hal_concurrent, os_mutex_recursive_unlock, int(os_mutex_recursive_t))
   b4458:	b508      	push	{r3, lr}
   b445a:	4b02      	ldr	r3, [pc, #8]	; (b4464 <os_mutex_recursive_unlock+0xc>)
   b445c:	681b      	ldr	r3, [r3, #0]
   b445e:	6d5b      	ldr	r3, [r3, #84]	; 0x54
   b4460:	9301      	str	r3, [sp, #4]
   b4462:	bd08      	pop	{r3, pc}
   b4464:	00030248 	.word	0x00030248

000b4468 <inet_inet_ntop>:
DYNALIB_FN(0, hal_inet, inet_inet_addr, in_addr_t(const char*))
DYNALIB_FN(1, hal_inet, inet_inet_aton, int(const char*, struct in_addr*))
DYNALIB_FN(2, hal_inet, inet_inet_network, in_addr_t(const char*))
DYNALIB_FN(3, hal_inet, inet_inet_ntoa, char*(struct in_addr))
DYNALIB_FN(4, hal_inet, inet_inet_ntoa_r, char*(struct in_addr, char*, socklen_t))
DYNALIB_FN(5, hal_inet, inet_inet_ntop, const char*(int, const void*, char*, socklen_t))
   b4468:	b508      	push	{r3, lr}
   b446a:	4b02      	ldr	r3, [pc, #8]	; (b4474 <inet_inet_ntop+0xc>)
   b446c:	681b      	ldr	r3, [r3, #0]
   b446e:	695b      	ldr	r3, [r3, #20]
   b4470:	9301      	str	r3, [sp, #4]
   b4472:	bd08      	pop	{r3, pc}
   b4474:	00030264 	.word	0x00030264

000b4478 <hal_usart_end>:
#define BASE_IDX 0
#endif

DYNALIB_FN(BASE_IDX + 0, hal_usart, hal_usart_init, void(hal_usart_interface_t, hal_usart_ring_buffer_t*, hal_usart_ring_buffer_t*))
DYNALIB_FN(BASE_IDX + 1, hal_usart, hal_usart_begin, void(hal_usart_interface_t, uint32_t))
DYNALIB_FN(BASE_IDX + 2, hal_usart, hal_usart_end, void(hal_usart_interface_t))
   b4478:	b508      	push	{r3, lr}
   b447a:	4b02      	ldr	r3, [pc, #8]	; (b4484 <hal_usart_end+0xc>)
   b447c:	681b      	ldr	r3, [r3, #0]
   b447e:	689b      	ldr	r3, [r3, #8]
   b4480:	9301      	str	r3, [sp, #4]
   b4482:	bd08      	pop	{r3, pc}
   b4484:	0003023c 	.word	0x0003023c

000b4488 <hal_usart_write>:
DYNALIB_FN(BASE_IDX + 3, hal_usart, hal_usart_write, uint32_t(hal_usart_interface_t, uint8_t))
   b4488:	b508      	push	{r3, lr}
   b448a:	4b02      	ldr	r3, [pc, #8]	; (b4494 <hal_usart_write+0xc>)
   b448c:	681b      	ldr	r3, [r3, #0]
   b448e:	68db      	ldr	r3, [r3, #12]
   b4490:	9301      	str	r3, [sp, #4]
   b4492:	bd08      	pop	{r3, pc}
   b4494:	0003023c 	.word	0x0003023c

000b4498 <hal_usart_available>:
DYNALIB_FN(BASE_IDX + 4, hal_usart, hal_usart_available, int32_t(hal_usart_interface_t))
   b4498:	b508      	push	{r3, lr}
   b449a:	4b02      	ldr	r3, [pc, #8]	; (b44a4 <hal_usart_available+0xc>)
   b449c:	681b      	ldr	r3, [r3, #0]
   b449e:	691b      	ldr	r3, [r3, #16]
   b44a0:	9301      	str	r3, [sp, #4]
   b44a2:	bd08      	pop	{r3, pc}
   b44a4:	0003023c 	.word	0x0003023c

000b44a8 <hal_usart_read>:
DYNALIB_FN(BASE_IDX + 5, hal_usart, hal_usart_read, int32_t(hal_usart_interface_t))
   b44a8:	b508      	push	{r3, lr}
   b44aa:	4b02      	ldr	r3, [pc, #8]	; (b44b4 <hal_usart_read+0xc>)
   b44ac:	681b      	ldr	r3, [r3, #0]
   b44ae:	695b      	ldr	r3, [r3, #20]
   b44b0:	9301      	str	r3, [sp, #4]
   b44b2:	bd08      	pop	{r3, pc}
   b44b4:	0003023c 	.word	0x0003023c

000b44b8 <hal_usart_peek>:
DYNALIB_FN(BASE_IDX + 6, hal_usart, hal_usart_peek, int32_t(hal_usart_interface_t))
   b44b8:	b508      	push	{r3, lr}
   b44ba:	4b02      	ldr	r3, [pc, #8]	; (b44c4 <hal_usart_peek+0xc>)
   b44bc:	681b      	ldr	r3, [r3, #0]
   b44be:	699b      	ldr	r3, [r3, #24]
   b44c0:	9301      	str	r3, [sp, #4]
   b44c2:	bd08      	pop	{r3, pc}
   b44c4:	0003023c 	.word	0x0003023c

000b44c8 <hal_usart_flush>:
DYNALIB_FN(BASE_IDX + 7, hal_usart, hal_usart_flush, void(hal_usart_interface_t))
   b44c8:	b508      	push	{r3, lr}
   b44ca:	4b02      	ldr	r3, [pc, #8]	; (b44d4 <hal_usart_flush+0xc>)
   b44cc:	681b      	ldr	r3, [r3, #0]
   b44ce:	69db      	ldr	r3, [r3, #28]
   b44d0:	9301      	str	r3, [sp, #4]
   b44d2:	bd08      	pop	{r3, pc}
   b44d4:	0003023c 	.word	0x0003023c

000b44d8 <hal_usart_available_data_for_write>:
DYNALIB_FN(BASE_IDX + 8, hal_usart, hal_usart_is_enabled, bool(hal_usart_interface_t))
DYNALIB_FN(BASE_IDX + 9, hal_usart, hal_usart_half_duplex, void(hal_usart_interface_t, bool))
DYNALIB_FN(BASE_IDX + 10, hal_usart, hal_usart_available_data_for_write, int32_t(hal_usart_interface_t))
   b44d8:	b508      	push	{r3, lr}
   b44da:	4b02      	ldr	r3, [pc, #8]	; (b44e4 <hal_usart_available_data_for_write+0xc>)
   b44dc:	681b      	ldr	r3, [r3, #0]
   b44de:	6a9b      	ldr	r3, [r3, #40]	; 0x28
   b44e0:	9301      	str	r3, [sp, #4]
   b44e2:	bd08      	pop	{r3, pc}
   b44e4:	0003023c 	.word	0x0003023c

000b44e8 <hal_usart_begin_config>:
#define BASE_IDX2 (BASE_IDX+13)
#else
#define BASE_IDX2 (BASE_IDX+11)
#endif

DYNALIB_FN(BASE_IDX2 + 0, hal_usart, hal_usart_begin_config, void(hal_usart_interface_t serial, uint32_t baud, uint32_t config, void *ptr))
   b44e8:	b508      	push	{r3, lr}
   b44ea:	4b02      	ldr	r3, [pc, #8]	; (b44f4 <hal_usart_begin_config+0xc>)
   b44ec:	681b      	ldr	r3, [r3, #0]
   b44ee:	6adb      	ldr	r3, [r3, #44]	; 0x2c
   b44f0:	9301      	str	r3, [sp, #4]
   b44f2:	bd08      	pop	{r3, pc}
   b44f4:	0003023c 	.word	0x0003023c

000b44f8 <hal_usart_init_ex>:
DYNALIB_FN(BASE_IDX2 + 1, hal_usart, hal_usart_write_nine_bits, uint32_t(hal_usart_interface_t serial, uint16_t data))
DYNALIB_FN(BASE_IDX2 + 2, hal_usart, hal_usart_send_break, void(hal_usart_interface_t, void*))
DYNALIB_FN(BASE_IDX2 + 3, hal_usart, hal_usart_break_detected, uint8_t(hal_usart_interface_t))
DYNALIB_FN(BASE_IDX2 + 4, hal_usart, hal_usart_sleep, int(hal_usart_interface_t serial, bool, void*))
DYNALIB_FN(BASE_IDX2 + 5, hal_usart, hal_usart_init_ex, int(hal_usart_interface_t, const hal_usart_buffer_config_t*, void*))
   b44f8:	b508      	push	{r3, lr}
   b44fa:	4b02      	ldr	r3, [pc, #8]	; (b4504 <hal_usart_init_ex+0xc>)
   b44fc:	681b      	ldr	r3, [r3, #0]
   b44fe:	6c1b      	ldr	r3, [r3, #64]	; 0x40
   b4500:	9301      	str	r3, [sp, #4]
   b4502:	bd08      	pop	{r3, pc}
   b4504:	0003023c 	.word	0x0003023c

000b4508 <hal_i2c_begin_transmission>:
DYNALIB_FN(1, hal_i2c, hal_i2c_enable_dma_mode, void(hal_i2c_interface_t, bool, void*))
DYNALIB_FN(2, hal_i2c, hal_i2c_stretch_clock, void(hal_i2c_interface_t, bool, void*))
DYNALIB_FN(3, hal_i2c, hal_i2c_begin, void(hal_i2c_interface_t, hal_i2c_mode_t, uint8_t, void*))
DYNALIB_FN(4, hal_i2c, hal_i2c_end, void(hal_i2c_interface_t, void*))
DYNALIB_FN(5, hal_i2c, hal_i2c_request, uint32_t(hal_i2c_interface_t, uint8_t, uint8_t, uint8_t, void*))
DYNALIB_FN(6, hal_i2c, hal_i2c_begin_transmission, void(hal_i2c_interface_t, uint8_t, const hal_i2c_transmission_config_t*))
   b4508:	b508      	push	{r3, lr}
   b450a:	4b02      	ldr	r3, [pc, #8]	; (b4514 <hal_i2c_begin_transmission+0xc>)
   b450c:	681b      	ldr	r3, [r3, #0]
   b450e:	699b      	ldr	r3, [r3, #24]
   b4510:	9301      	str	r3, [sp, #4]
   b4512:	bd08      	pop	{r3, pc}
   b4514:	00030228 	.word	0x00030228

000b4518 <hal_i2c_end_transmission>:
DYNALIB_FN(7, hal_i2c, hal_i2c_end_transmission, uint8_t(hal_i2c_interface_t, uint8_t, void*))
   b4518:	b508      	push	{r3, lr}
   b451a:	4b02      	ldr	r3, [pc, #8]	; (b4524 <hal_i2c_end_transmission+0xc>)
   b451c:	681b      	ldr	r3, [r3, #0]
   b451e:	69db      	ldr	r3, [r3, #28]
   b4520:	9301      	str	r3, [sp, #4]
   b4522:	bd08      	pop	{r3, pc}
   b4524:	00030228 	.word	0x00030228

000b4528 <hal_i2c_write>:
DYNALIB_FN(8, hal_i2c, hal_i2c_write, uint32_t(hal_i2c_interface_t, uint8_t, void*))
   b4528:	b508      	push	{r3, lr}
   b452a:	4b02      	ldr	r3, [pc, #8]	; (b4534 <hal_i2c_write+0xc>)
   b452c:	681b      	ldr	r3, [r3, #0]
   b452e:	6a1b      	ldr	r3, [r3, #32]
   b4530:	9301      	str	r3, [sp, #4]
   b4532:	bd08      	pop	{r3, pc}
   b4534:	00030228 	.word	0x00030228

000b4538 <hal_i2c_available>:
DYNALIB_FN(9, hal_i2c, hal_i2c_available, int32_t(hal_i2c_interface_t, void*))
   b4538:	b508      	push	{r3, lr}
   b453a:	4b02      	ldr	r3, [pc, #8]	; (b4544 <hal_i2c_available+0xc>)
   b453c:	681b      	ldr	r3, [r3, #0]
   b453e:	6a5b      	ldr	r3, [r3, #36]	; 0x24
   b4540:	9301      	str	r3, [sp, #4]
   b4542:	bd08      	pop	{r3, pc}
   b4544:	00030228 	.word	0x00030228

000b4548 <hal_i2c_read>:
DYNALIB_FN(10, hal_i2c, hal_i2c_read, int32_t(hal_i2c_interface_t, void*))
   b4548:	b508      	push	{r3, lr}
   b454a:	4b02      	ldr	r3, [pc, #8]	; (b4554 <hal_i2c_read+0xc>)
   b454c:	681b      	ldr	r3, [r3, #0]
   b454e:	6a9b      	ldr	r3, [r3, #40]	; 0x28
   b4550:	9301      	str	r3, [sp, #4]
   b4552:	bd08      	pop	{r3, pc}
   b4554:	00030228 	.word	0x00030228

000b4558 <hal_i2c_peek>:
DYNALIB_FN(11, hal_i2c, hal_i2c_peek, int32_t(hal_i2c_interface_t, void*))
   b4558:	b508      	push	{r3, lr}
   b455a:	4b02      	ldr	r3, [pc, #8]	; (b4564 <hal_i2c_peek+0xc>)
   b455c:	681b      	ldr	r3, [r3, #0]
   b455e:	6adb      	ldr	r3, [r3, #44]	; 0x2c
   b4560:	9301      	str	r3, [sp, #4]
   b4562:	bd08      	pop	{r3, pc}
   b4564:	00030228 	.word	0x00030228

000b4568 <hal_i2c_flush>:
DYNALIB_FN(12, hal_i2c, hal_i2c_flush, void(hal_i2c_interface_t, void*))
   b4568:	b508      	push	{r3, lr}
   b456a:	4b02      	ldr	r3, [pc, #8]	; (b4574 <hal_i2c_flush+0xc>)
   b456c:	681b      	ldr	r3, [r3, #0]
   b456e:	6b1b      	ldr	r3, [r3, #48]	; 0x30
   b4570:	9301      	str	r3, [sp, #4]
   b4572:	bd08      	pop	{r3, pc}
   b4574:	00030228 	.word	0x00030228

000b4578 <hal_i2c_init>:
DYNALIB_FN(13, hal_i2c, hal_i2c_is_enabled, bool(hal_i2c_interface_t, void*))
DYNALIB_FN(14, hal_i2c, hal_i2c_set_callback_on_received, void(hal_i2c_interface_t, void(*)(int), void*))
DYNALIB_FN(15, hal_i2c, hal_i2c_set_callback_on_requested, void(hal_i2c_interface_t, void(*)(void), void*))
DYNALIB_FN(16, hal_i2c, hal_i2c_init, int(hal_i2c_interface_t, const hal_i2c_config_t*))
   b4578:	b508      	push	{r3, lr}
   b457a:	4b02      	ldr	r3, [pc, #8]	; (b4584 <hal_i2c_init+0xc>)
   b457c:	681b      	ldr	r3, [r3, #0]
   b457e:	6c1b      	ldr	r3, [r3, #64]	; 0x40
   b4580:	9301      	str	r3, [sp, #4]
   b4582:	bd08      	pop	{r3, pc}
   b4584:	00030228 	.word	0x00030228

000b4588 <HAL_USB_USART_Init>:
// GNINRAW

DYNALIB_BEGIN(hal_usb)

#ifdef USB_CDC_ENABLE
DYNALIB_FN(0, hal_usb, HAL_USB_USART_Init, void(HAL_USB_USART_Serial, const HAL_USB_USART_Config*))
   b4588:	b508      	push	{r3, lr}
   b458a:	4b02      	ldr	r3, [pc, #8]	; (b4594 <HAL_USB_USART_Init+0xc>)
   b458c:	681b      	ldr	r3, [r3, #0]
   b458e:	681b      	ldr	r3, [r3, #0]
   b4590:	9301      	str	r3, [sp, #4]
   b4592:	bd08      	pop	{r3, pc}
   b4594:	0003024c 	.word	0x0003024c

000b4598 <HAL_USB_USART_Begin>:
DYNALIB_FN(1, hal_usb, HAL_USB_USART_Begin, void(HAL_USB_USART_Serial, uint32_t, void *))
   b4598:	b508      	push	{r3, lr}
   b459a:	4b02      	ldr	r3, [pc, #8]	; (b45a4 <HAL_USB_USART_Begin+0xc>)
   b459c:	681b      	ldr	r3, [r3, #0]
   b459e:	685b      	ldr	r3, [r3, #4]
   b45a0:	9301      	str	r3, [sp, #4]
   b45a2:	bd08      	pop	{r3, pc}
   b45a4:	0003024c 	.word	0x0003024c

000b45a8 <HAL_USB_USART_End>:
DYNALIB_FN(2, hal_usb, HAL_USB_USART_End, void(HAL_USB_USART_Serial))
   b45a8:	b508      	push	{r3, lr}
   b45aa:	4b02      	ldr	r3, [pc, #8]	; (b45b4 <HAL_USB_USART_End+0xc>)
   b45ac:	681b      	ldr	r3, [r3, #0]
   b45ae:	689b      	ldr	r3, [r3, #8]
   b45b0:	9301      	str	r3, [sp, #4]
   b45b2:	bd08      	pop	{r3, pc}
   b45b4:	0003024c 	.word	0x0003024c

000b45b8 <HAL_USB_USART_Available_Data>:
DYNALIB_FN(3, hal_usb, HAL_USB_USART_Baud_Rate, unsigned int(HAL_USB_USART_Serial))
DYNALIB_FN_WRAP(4, hal_usb, HAL_USB_USART_Available_Data, protected, int32_t(HAL_USB_USART_Serial))
   b45b8:	b508      	push	{r3, lr}
   b45ba:	4b02      	ldr	r3, [pc, #8]	; (b45c4 <HAL_USB_USART_Available_Data+0xc>)
   b45bc:	681b      	ldr	r3, [r3, #0]
   b45be:	691b      	ldr	r3, [r3, #16]
   b45c0:	9301      	str	r3, [sp, #4]
   b45c2:	bd08      	pop	{r3, pc}
   b45c4:	0003024c 	.word	0x0003024c

000b45c8 <HAL_USB_USART_Available_Data_For_Write>:
DYNALIB_FN_WRAP(5, hal_usb, HAL_USB_USART_Available_Data_For_Write, protected, int32_t(HAL_USB_USART_Serial))
   b45c8:	b508      	push	{r3, lr}
   b45ca:	4b02      	ldr	r3, [pc, #8]	; (b45d4 <HAL_USB_USART_Available_Data_For_Write+0xc>)
   b45cc:	681b      	ldr	r3, [r3, #0]
   b45ce:	695b      	ldr	r3, [r3, #20]
   b45d0:	9301      	str	r3, [sp, #4]
   b45d2:	bd08      	pop	{r3, pc}
   b45d4:	0003024c 	.word	0x0003024c

000b45d8 <HAL_USB_USART_Receive_Data>:
DYNALIB_FN_WRAP(6, hal_usb, HAL_USB_USART_Receive_Data, protected, int32_t(HAL_USB_USART_Serial, uint8_t))
   b45d8:	b508      	push	{r3, lr}
   b45da:	4b02      	ldr	r3, [pc, #8]	; (b45e4 <HAL_USB_USART_Receive_Data+0xc>)
   b45dc:	681b      	ldr	r3, [r3, #0]
   b45de:	699b      	ldr	r3, [r3, #24]
   b45e0:	9301      	str	r3, [sp, #4]
   b45e2:	bd08      	pop	{r3, pc}
   b45e4:	0003024c 	.word	0x0003024c

000b45e8 <HAL_USB_USART_Send_Data>:
DYNALIB_FN_WRAP(7, hal_usb, HAL_USB_USART_Send_Data, protected, int32_t(HAL_USB_USART_Serial, uint8_t))
   b45e8:	b508      	push	{r3, lr}
   b45ea:	4b02      	ldr	r3, [pc, #8]	; (b45f4 <HAL_USB_USART_Send_Data+0xc>)
   b45ec:	681b      	ldr	r3, [r3, #0]
   b45ee:	69db      	ldr	r3, [r3, #28]
   b45f0:	9301      	str	r3, [sp, #4]
   b45f2:	bd08      	pop	{r3, pc}
   b45f4:	0003024c 	.word	0x0003024c

000b45f8 <HAL_USB_USART_Flush_Data>:
DYNALIB_FN_WRAP(8, hal_usb, HAL_USB_USART_Flush_Data, protected, void(HAL_USB_USART_Serial))
   b45f8:	b508      	push	{r3, lr}
   b45fa:	4b02      	ldr	r3, [pc, #8]	; (b4604 <HAL_USB_USART_Flush_Data+0xc>)
   b45fc:	681b      	ldr	r3, [r3, #0]
   b45fe:	6a1b      	ldr	r3, [r3, #32]
   b4600:	9301      	str	r3, [sp, #4]
   b4602:	bd08      	pop	{r3, pc}
   b4604:	0003024c 	.word	0x0003024c

000b4608 <log_message_v>:
DYNALIB_FN(17, services, LED_RGB_SetChangeHandler, void(led_update_handler_fn, void*))
DYNALIB_FN(18, services, log_print_direct_, void(int, void*, const char*, ...)) // Deprecated
DYNALIB_FN(19, services, LED_GetColor, uint32_t(uint32_t, void*))

DYNALIB_FN(20, services, log_message, void(int, const char*, LogAttributes*, void*, const char*, ...))
DYNALIB_FN(21, services, log_message_v, void(int, const char*, LogAttributes*, void*, const char*, va_list))
   b4608:	b508      	push	{r3, lr}
   b460a:	4b02      	ldr	r3, [pc, #8]	; (b4614 <log_message_v+0xc>)
   b460c:	681b      	ldr	r3, [r3, #0]
   b460e:	6d5b      	ldr	r3, [r3, #84]	; 0x54
   b4610:	9301      	str	r3, [sp, #4]
   b4612:	bd08      	pop	{r3, pc}
   b4614:	00030260 	.word	0x00030260

000b4618 <log_level_name>:
DYNALIB_FN(22, services, log_write, void(int, const char*, const char*, size_t, void*))
DYNALIB_FN(23, services, log_printf, void(int, const char*, void*, const char*, ...))
DYNALIB_FN(24, services, log_printf_v, void(int, const char*, void*, const char*, va_list))
DYNALIB_FN(25, services, log_dump, void(int, const char*, const void*, size_t, int, void*))
DYNALIB_FN(26, services, log_enabled, int(int, const char*, void*))
DYNALIB_FN(27, services, log_level_name, const char*(int, void*))
   b4618:	b508      	push	{r3, lr}
   b461a:	4b02      	ldr	r3, [pc, #8]	; (b4624 <log_level_name+0xc>)
   b461c:	681b      	ldr	r3, [r3, #0]
   b461e:	6edb      	ldr	r3, [r3, #108]	; 0x6c
   b4620:	9301      	str	r3, [sp, #4]
   b4622:	bd08      	pop	{r3, pc}
   b4624:	00030260 	.word	0x00030260

000b4628 <log_set_callbacks>:
DYNALIB_FN(28, services, log_set_callbacks, void(log_message_callback_type, log_write_callback_type, log_enabled_callback_type, void*))
   b4628:	b508      	push	{r3, lr}
   b462a:	4b02      	ldr	r3, [pc, #8]	; (b4634 <log_set_callbacks+0xc>)
   b462c:	681b      	ldr	r3, [r3, #0]
   b462e:	6f1b      	ldr	r3, [r3, #112]	; 0x70
   b4630:	9301      	str	r3, [sp, #4]
   b4632:	bd08      	pop	{r3, pc}
   b4634:	00030260 	.word	0x00030260

000b4638 <panic_ext>:
DYNALIB_FN(48, services, devicetree_tree_lock, int(void*))
DYNALIB_FN(49, services, devicetree_tree_get, int(void*, uint32_t, void*))
DYNALIB_FN(50, services, devicetree_string_dictionary_lookup, const char*(uint32_t, void*))
DYNALIB_FN(51, services, devicetree_hash_string, uint32_t(const char*, size_t))
DYNALIB_FN(52, services, security_mode_get, int(void*))
DYNALIB_FN(53, services, panic_ext, void(const PanicData*, void*))
   b4638:	b508      	push	{r3, lr}
   b463a:	4b03      	ldr	r3, [pc, #12]	; (b4648 <panic_ext+0x10>)
   b463c:	681b      	ldr	r3, [r3, #0]
   b463e:	f8d3 30d4 	ldr.w	r3, [r3, #212]	; 0xd4
   b4642:	9301      	str	r3, [sp, #4]
   b4644:	bd08      	pop	{r3, pc}
   b4646:	0000      	.short	0x0000
   b4648:	00030260 	.word	0x00030260

000b464c <set_system_mode>:
#endif

DYNALIB_BEGIN(system)

DYNALIB_FN(0, system, system_mode, System_Mode_TypeDef(void))
DYNALIB_FN(1, system, set_system_mode, void(System_Mode_TypeDef))
   b464c:	b508      	push	{r3, lr}
   b464e:	4b02      	ldr	r3, [pc, #8]	; (b4658 <set_system_mode+0xc>)
   b4650:	681b      	ldr	r3, [r3, #0]
   b4652:	685b      	ldr	r3, [r3, #4]
   b4654:	9301      	str	r3, [sp, #4]
   b4656:	bd08      	pop	{r3, pc}
   b4658:	00030220 	.word	0x00030220

000b465c <system_delay_ms>:

DYNALIB_FN(2, system, set_ymodem_serial_flash_update_handler_deprecated, void(void*))
DYNALIB_FN(3, system, system_firmwareUpdate_deprecated, bool(Stream*, void*))
DYNALIB_FN(4, system, system_fileTransfer_deprecated, bool(system_file_transfer_t*, void*))

DYNALIB_FN(5, system, system_delay_ms, void(unsigned long, bool))
   b465c:	b508      	push	{r3, lr}
   b465e:	4b02      	ldr	r3, [pc, #8]	; (b4668 <system_delay_ms+0xc>)
   b4660:	681b      	ldr	r3, [r3, #0]
   b4662:	695b      	ldr	r3, [r3, #20]
   b4664:	9301      	str	r3, [sp, #4]
   b4666:	bd08      	pop	{r3, pc}
   b4668:	00030220 	.word	0x00030220

000b466c <system_thread_set_state>:
DYNALIB_FN(6, system, system_sleep, int(Spark_Sleep_TypeDef, long, uint32_t, void*))
DYNALIB_FN(7, system, system_sleep_pin, int(uint16_t, uint16_t, long, uint32_t, void*))
DYNALIB_FN(8, system, system_subscribe_event, int(system_event_t, system_event_handler_t*, SystemEventContext*))
DYNALIB_FN(9, system, system_unsubscribe_event, void(system_event_t, system_event_handler_t*, const SystemEventContext*))
DYNALIB_FN(10, system, system_button_pushed_duration, uint16_t(uint8_t, void*))
DYNALIB_FN(11, system, system_thread_set_state, void(spark::feature::State, void*))
   b466c:	b508      	push	{r3, lr}
   b466e:	4b02      	ldr	r3, [pc, #8]	; (b4678 <system_thread_set_state+0xc>)
   b4670:	681b      	ldr	r3, [r3, #0]
   b4672:	6adb      	ldr	r3, [r3, #44]	; 0x2c
   b4674:	9301      	str	r3, [sp, #4]
   b4676:	bd08      	pop	{r3, pc}
   b4678:	00030220 	.word	0x00030220

000b467c <system_ctrl_set_app_request_handler>:
DYNALIB_FN(BASE_IDX + 6, system, led_pattern_period, uint16_t(int, int, void*))
DYNALIB_FN(BASE_IDX + 7, system, system_set_tester_handlers, int(system_tester_handlers_t*, void*))
DYNALIB_FN(BASE_IDX + 8, system, system_format_diag_data, int(const uint16_t*, size_t, unsigned, appender_fn, void*, void*))

// Control requests
DYNALIB_FN(BASE_IDX + 9, system, system_ctrl_set_app_request_handler, int(ctrl_request_handler_fn, void*))
   b467c:	b508      	push	{r3, lr}
   b467e:	4b03      	ldr	r3, [pc, #12]	; (b468c <system_ctrl_set_app_request_handler+0x10>)
   b4680:	681b      	ldr	r3, [r3, #0]
   b4682:	f8d3 3088 	ldr.w	r3, [r3, #136]	; 0x88
   b4686:	9301      	str	r3, [sp, #4]
   b4688:	bd08      	pop	{r3, pc}
   b468a:	0000      	.short	0x0000
   b468c:	00030220 	.word	0x00030220

000b4690 <system_ctrl_set_result>:
DYNALIB_FN(BASE_IDX + 10, system, system_ctrl_alloc_reply_data, int(ctrl_request*, size_t, void*))
DYNALIB_FN(BASE_IDX + 11, system, system_ctrl_free_request_data, void(ctrl_request*, void*))
DYNALIB_FN(BASE_IDX + 12, system, system_ctrl_set_result, void(ctrl_request*, int, ctrl_completion_handler_fn, void*, void*))
   b4690:	b508      	push	{r3, lr}
   b4692:	4b03      	ldr	r3, [pc, #12]	; (b46a0 <system_ctrl_set_result+0x10>)
   b4694:	681b      	ldr	r3, [r3, #0]
   b4696:	f8d3 3094 	ldr.w	r3, [r3, #148]	; 0x94
   b469a:	9301      	str	r3, [sp, #4]
   b469c:	bd08      	pop	{r3, pc}
   b469e:	0000      	.short	0x0000
   b46a0:	00030220 	.word	0x00030220

000b46a4 <network_connect>:
#endif

DYNALIB_BEGIN(system_net)

DYNALIB_FN(0, system_net, network_config, const void*(network_handle_t, uint32_t, void*))
DYNALIB_FN(1, system_net, network_connect, void(network_handle_t, uint32_t, uint32_t, void*))
   b46a4:	b508      	push	{r3, lr}
   b46a6:	4b02      	ldr	r3, [pc, #8]	; (b46b0 <network_connect+0xc>)
   b46a8:	681b      	ldr	r3, [r3, #0]
   b46aa:	685b      	ldr	r3, [r3, #4]
   b46ac:	9301      	str	r3, [sp, #4]
   b46ae:	bd08      	pop	{r3, pc}
   b46b0:	00030240 	.word	0x00030240

000b46b4 <network_connecting>:
DYNALIB_FN(2, system_net, network_connecting, bool(network_handle_t, uint32_t, void*))
   b46b4:	b508      	push	{r3, lr}
   b46b6:	4b02      	ldr	r3, [pc, #8]	; (b46c0 <network_connecting+0xc>)
   b46b8:	681b      	ldr	r3, [r3, #0]
   b46ba:	689b      	ldr	r3, [r3, #8]
   b46bc:	9301      	str	r3, [sp, #4]
   b46be:	bd08      	pop	{r3, pc}
   b46c0:	00030240 	.word	0x00030240

000b46c4 <network_disconnect>:
DYNALIB_FN(3, system_net, network_disconnect, void(network_handle_t, uint32_t, void*))
   b46c4:	b508      	push	{r3, lr}
   b46c6:	4b02      	ldr	r3, [pc, #8]	; (b46d0 <network_disconnect+0xc>)
   b46c8:	681b      	ldr	r3, [r3, #0]
   b46ca:	68db      	ldr	r3, [r3, #12]
   b46cc:	9301      	str	r3, [sp, #4]
   b46ce:	bd08      	pop	{r3, pc}
   b46d0:	00030240 	.word	0x00030240

000b46d4 <network_ready>:
DYNALIB_FN(4, system_net, network_ready, bool(network_handle_t, uint32_t, void*))
   b46d4:	b508      	push	{r3, lr}
   b46d6:	4b02      	ldr	r3, [pc, #8]	; (b46e0 <network_ready+0xc>)
   b46d8:	681b      	ldr	r3, [r3, #0]
   b46da:	691b      	ldr	r3, [r3, #16]
   b46dc:	9301      	str	r3, [sp, #4]
   b46de:	bd08      	pop	{r3, pc}
   b46e0:	00030240 	.word	0x00030240

000b46e4 <network_on>:
DYNALIB_FN(5, system_net, network_on, void(network_handle_t, uint32_t, uint32_t, void*))
   b46e4:	b508      	push	{r3, lr}
   b46e6:	4b02      	ldr	r3, [pc, #8]	; (b46f0 <network_on+0xc>)
   b46e8:	681b      	ldr	r3, [r3, #0]
   b46ea:	695b      	ldr	r3, [r3, #20]
   b46ec:	9301      	str	r3, [sp, #4]
   b46ee:	bd08      	pop	{r3, pc}
   b46f0:	00030240 	.word	0x00030240

000b46f4 <network_off>:
DYNALIB_FN(6, system_net, network_off, void(network_handle_t, uint32_t, uint32_t, void*))
   b46f4:	b508      	push	{r3, lr}
   b46f6:	4b02      	ldr	r3, [pc, #8]	; (b4700 <network_off+0xc>)
   b46f8:	681b      	ldr	r3, [r3, #0]
   b46fa:	699b      	ldr	r3, [r3, #24]
   b46fc:	9301      	str	r3, [sp, #4]
   b46fe:	bd08      	pop	{r3, pc}
   b4700:	00030240 	.word	0x00030240

000b4704 <network_listen>:
DYNALIB_FN(7, system_net, network_listen, void(network_handle_t, uint32_t, void*))
   b4704:	b508      	push	{r3, lr}
   b4706:	4b02      	ldr	r3, [pc, #8]	; (b4710 <network_listen+0xc>)
   b4708:	681b      	ldr	r3, [r3, #0]
   b470a:	69db      	ldr	r3, [r3, #28]
   b470c:	9301      	str	r3, [sp, #4]
   b470e:	bd08      	pop	{r3, pc}
   b4710:	00030240 	.word	0x00030240

000b4714 <network_listening>:
DYNALIB_FN(8, system_net, network_listening, bool(network_handle_t, uint32_t, void*))
   b4714:	b508      	push	{r3, lr}
   b4716:	4b02      	ldr	r3, [pc, #8]	; (b4720 <network_listening+0xc>)
   b4718:	681b      	ldr	r3, [r3, #0]
   b471a:	6a1b      	ldr	r3, [r3, #32]
   b471c:	9301      	str	r3, [sp, #4]
   b471e:	bd08      	pop	{r3, pc}
   b4720:	00030240 	.word	0x00030240

000b4724 <network_set_listen_timeout>:
DYNALIB_FN(9, system_net, network_has_credentials, bool(network_handle_t, uint32_t, void*))
DYNALIB_FN(10, system_net, network_set_credentials, int(network_handle_t, uint32_t, NetworkCredentials*, void*))
DYNALIB_FN(11, system_net, network_clear_credentials, bool(network_handle_t, uint32_t, NetworkCredentials*, void*))
DYNALIB_FN(12, system_net, network_set_listen_timeout, void(network_handle_t, uint16_t, void*))
   b4724:	b508      	push	{r3, lr}
   b4726:	4b02      	ldr	r3, [pc, #8]	; (b4730 <network_set_listen_timeout+0xc>)
   b4728:	681b      	ldr	r3, [r3, #0]
   b472a:	6b1b      	ldr	r3, [r3, #48]	; 0x30
   b472c:	9301      	str	r3, [sp, #4]
   b472e:	bd08      	pop	{r3, pc}
   b4730:	00030240 	.word	0x00030240

000b4734 <network_get_listen_timeout>:
DYNALIB_FN(13, system_net, network_get_listen_timeout, uint16_t(network_handle_t, uint32_t, void*))
   b4734:	b508      	push	{r3, lr}
   b4736:	4b02      	ldr	r3, [pc, #8]	; (b4740 <network_get_listen_timeout+0xc>)
   b4738:	681b      	ldr	r3, [r3, #0]
   b473a:	6b5b      	ldr	r3, [r3, #52]	; 0x34
   b473c:	9301      	str	r3, [sp, #4]
   b473e:	bd08      	pop	{r3, pc}
   b4740:	00030240 	.word	0x00030240

000b4744 <network_is_on>:
DYNALIB_FN(14, system_net, network_set_hostname, int(network_handle_t, uint32_t, const char*, void*))
DYNALIB_FN(15, system_net, network_get_hostname, int(network_handle_t, uint32_t, char*, size_t, void*))
DYNALIB_FN(16, system_net, network_is_on, bool(network_handle_t, void*))
   b4744:	b508      	push	{r3, lr}
   b4746:	4b02      	ldr	r3, [pc, #8]	; (b4750 <network_is_on+0xc>)
   b4748:	681b      	ldr	r3, [r3, #0]
   b474a:	6c1b      	ldr	r3, [r3, #64]	; 0x40
   b474c:	9301      	str	r3, [sp, #4]
   b474e:	bd08      	pop	{r3, pc}
   b4750:	00030240 	.word	0x00030240

000b4754 <network_is_off>:
DYNALIB_FN(17, system_net, network_is_off, bool(network_handle_t, void*))
   b4754:	b508      	push	{r3, lr}
   b4756:	4b02      	ldr	r3, [pc, #8]	; (b4760 <network_is_off+0xc>)
   b4758:	681b      	ldr	r3, [r3, #0]
   b475a:	6c5b      	ldr	r3, [r3, #68]	; 0x44
   b475c:	9301      	str	r3, [sp, #4]
   b475e:	bd08      	pop	{r3, pc}
   b4760:	00030240 	.word	0x00030240

000b4764 <network_prefer>:
DYNALIB_FN(18, system_net, network_set_configuration, int(network_handle_t, const network_configuration_t*, void*))
DYNALIB_FN(19, system_net, network_get_configuration, int(network_handle_t, network_configuration_t**, size_t*, const char*, size_t, void*))
DYNALIB_FN(20, system_net, network_free_configuration, int(network_configuration_t*, size_t, void*))
DYNALIB_FN(21, system_net, network_prefer, network_handle_t(network_handle_t, bool, void*))
   b4764:	b508      	push	{r3, lr}
   b4766:	4b02      	ldr	r3, [pc, #8]	; (b4770 <network_prefer+0xc>)
   b4768:	681b      	ldr	r3, [r3, #0]
   b476a:	6d5b      	ldr	r3, [r3, #84]	; 0x54
   b476c:	9301      	str	r3, [sp, #4]
   b476e:	bd08      	pop	{r3, pc}
   b4770:	00030240 	.word	0x00030240

000b4774 <network_is_preferred>:
DYNALIB_FN(22, system_net, network_is_preferred, bool(network_handle_t, void*))
   b4774:	b508      	push	{r3, lr}
   b4776:	4b02      	ldr	r3, [pc, #8]	; (b4780 <network_is_preferred+0xc>)
   b4778:	681b      	ldr	r3, [r3, #0]
   b477a:	6d9b      	ldr	r3, [r3, #88]	; 0x58
   b477c:	9301      	str	r3, [sp, #4]
   b477e:	bd08      	pop	{r3, pc}
   b4780:	00030240 	.word	0x00030240

000b4784 <spark_set_random_seed_from_cloud_handler>:
DYNALIB_FN(10, system_cloud, spark_unsubscribe, void(void*))
DYNALIB_FN(11, system_cloud, spark_sync_time, bool(void*))
DYNALIB_FN(12, system_cloud, spark_sync_time_pending, bool(void*))
DYNALIB_FN(13, system_cloud, spark_sync_time_last, system_tick_t(time32_t*, time_t*))
DYNALIB_FN(14, system_cloud, spark_set_connection_property, int(unsigned, unsigned, const void*, void*))
DYNALIB_FN(15, system_cloud, spark_set_random_seed_from_cloud_handler, int(void (*handler)(unsigned int), void*))
   b4784:	b508      	push	{r3, lr}
   b4786:	4b02      	ldr	r3, [pc, #8]	; (b4790 <spark_set_random_seed_from_cloud_handler+0xc>)
   b4788:	681b      	ldr	r3, [r3, #0]
   b478a:	6bdb      	ldr	r3, [r3, #60]	; 0x3c
   b478c:	9301      	str	r3, [sp, #4]
   b478e:	bd08      	pop	{r3, pc}
   b4790:	00030244 	.word	0x00030244

000b4794 <malloc>:
#include "hal_platform.h"
#endif // defined(DYNALIB_EXPORT) || defined(DYNALIB_IMPORT)

DYNALIB_BEGIN(rt)

DYNALIB_FN(0, rt, malloc, void*(size_t))
   b4794:	b508      	push	{r3, lr}
   b4796:	4b02      	ldr	r3, [pc, #8]	; (b47a0 <malloc+0xc>)
   b4798:	681b      	ldr	r3, [r3, #0]
   b479a:	681b      	ldr	r3, [r3, #0]
   b479c:	9301      	str	r3, [sp, #4]
   b479e:	bd08      	pop	{r3, pc}
   b47a0:	0003021c 	.word	0x0003021c

000b47a4 <free>:
DYNALIB_FN(1, rt, free, void(void*))
   b47a4:	b508      	push	{r3, lr}
   b47a6:	4b02      	ldr	r3, [pc, #8]	; (b47b0 <free+0xc>)
   b47a8:	681b      	ldr	r3, [r3, #0]
   b47aa:	685b      	ldr	r3, [r3, #4]
   b47ac:	9301      	str	r3, [sp, #4]
   b47ae:	bd08      	pop	{r3, pc}
   b47b0:	0003021c 	.word	0x0003021c

000b47b4 <realloc>:
DYNALIB_FN(2, rt, realloc, void*(void*, size_t))
   b47b4:	b508      	push	{r3, lr}
   b47b6:	4b02      	ldr	r3, [pc, #8]	; (b47c0 <realloc+0xc>)
   b47b8:	681b      	ldr	r3, [r3, #0]
   b47ba:	689b      	ldr	r3, [r3, #8]
   b47bc:	9301      	str	r3, [sp, #4]
   b47be:	bd08      	pop	{r3, pc}
   b47c0:	0003021c 	.word	0x0003021c

000b47c4 <snprintf>:
DYNALIB_FN(3, rt, sprintf, int(char*, const char*, ...))
DYNALIB_FN(4, rt, siprintf, int(char*, const char*, ...))
DYNALIB_FN(5, rt, sscanf, int(const char*, const char*, ...))
DYNALIB_FN(6, rt, siscanf, int(const char*, const char*, ...))
DYNALIB_FN(7, rt, snprintf, int(char*, size_t, const char*, ...))
   b47c4:	b508      	push	{r3, lr}
   b47c6:	4b02      	ldr	r3, [pc, #8]	; (b47d0 <snprintf+0xc>)
   b47c8:	681b      	ldr	r3, [r3, #0]
   b47ca:	69db      	ldr	r3, [r3, #28]
   b47cc:	9301      	str	r3, [sp, #4]
   b47ce:	bd08      	pop	{r3, pc}
   b47d0:	0003021c 	.word	0x0003021c

000b47d4 <vsnprintf>:
DYNALIB_FN(8, rt, sniprintf, int(char*, size_t, const char*, ...))
DYNALIB_FN(9, rt, vsnprintf, int(char*, size_t, const char*, va_list))
   b47d4:	b508      	push	{r3, lr}
   b47d6:	4b02      	ldr	r3, [pc, #8]	; (b47e0 <vsnprintf+0xc>)
   b47d8:	681b      	ldr	r3, [r3, #0]
   b47da:	6a5b      	ldr	r3, [r3, #36]	; 0x24
   b47dc:	9301      	str	r3, [sp, #4]
   b47de:	bd08      	pop	{r3, pc}
   b47e0:	0003021c 	.word	0x0003021c

000b47e4 <__errno>:
DYNALIB_FN(10, rt, vsniprintf, int(char*, size_t, const char*, va_list))
DYNALIB_FN(11, rt, abort, void(void))
DYNALIB_FN(12, rt, _malloc_r, void*(struct _reent*, size_t))
DYNALIB_FN(13, rt, _free_r, void(struct _reent*, void*))
DYNALIB_FN(14, rt, _realloc_r, void*(struct _reent*, void*, size_t))
DYNALIB_FN(15, rt, __errno, int*())
   b47e4:	b508      	push	{r3, lr}
   b47e6:	4b02      	ldr	r3, [pc, #8]	; (b47f0 <__errno+0xc>)
   b47e8:	681b      	ldr	r3, [r3, #0]
   b47ea:	6bdb      	ldr	r3, [r3, #60]	; 0x3c
   b47ec:	9301      	str	r3, [sp, #4]
   b47ee:	bd08      	pop	{r3, pc}
   b47f0:	0003021c 	.word	0x0003021c

000b47f4 <__assert_func>:

#if defined(DYNALIB_EXPORT) || defined(DYNALIB_IMPORT)
DYNALIB_FN(16, rt, __assert_func, void(const char*, int, const char*, const char*))
   b47f4:	b508      	push	{r3, lr}
   b47f6:	4b02      	ldr	r3, [pc, #8]	; (b4800 <__assert_func+0xc>)
   b47f8:	681b      	ldr	r3, [r3, #0]
   b47fa:	6c1b      	ldr	r3, [r3, #64]	; 0x40
   b47fc:	9301      	str	r3, [sp, #4]
   b47fe:	bd08      	pop	{r3, pc}
   b4800:	0003021c 	.word	0x0003021c

000b4804 <newlib_impure_ptr_callback>:
DYNALIB_FN(17, rt, newlib_impure_ptr_callback, void(void (*)(struct _reent*, size_t, uint32_t, void*), void*))
   b4804:	b508      	push	{r3, lr}
   b4806:	4b02      	ldr	r3, [pc, #8]	; (b4810 <newlib_impure_ptr_callback+0xc>)
   b4808:	681b      	ldr	r3, [r3, #0]
   b480a:	6c5b      	ldr	r3, [r3, #68]	; 0x44
   b480c:	9301      	str	r3, [sp, #4]
   b480e:	bd08      	pop	{r3, pc}
   b4810:	0003021c 	.word	0x0003021c

000b4814 <__cxa_guard_acquire>:

DYNALIB_FN(18, rt, strftime, size_t(char* __restrict, size_t, const char* __restrict, const struct tm* __restrict))
DYNALIB_FN(19, rt, localtime_r, struct tm*(const time_t* __restrict, struct tm* __restrict))
DYNALIB_FN(20, rt, gmtime_r, struct tm*(const time_t* __restrict, struct tm* __restrict))
DYNALIB_FN(21, rt, mktime, time_t(struct tm*))
DYNALIB_FN(22, rt, __cxa_guard_acquire, int(__guard*))
   b4814:	b508      	push	{r3, lr}
   b4816:	4b02      	ldr	r3, [pc, #8]	; (b4820 <__cxa_guard_acquire+0xc>)
   b4818:	681b      	ldr	r3, [r3, #0]
   b481a:	6d9b      	ldr	r3, [r3, #88]	; 0x58
   b481c:	9301      	str	r3, [sp, #4]
   b481e:	bd08      	pop	{r3, pc}
   b4820:	0003021c 	.word	0x0003021c

000b4824 <__cxa_guard_release>:
DYNALIB_FN(23, rt, __cxa_guard_release, void(__guard*))
   b4824:	b508      	push	{r3, lr}
   b4826:	4b02      	ldr	r3, [pc, #8]	; (b4830 <__cxa_guard_release+0xc>)
   b4828:	681b      	ldr	r3, [r3, #0]
   b482a:	6ddb      	ldr	r3, [r3, #92]	; 0x5c
   b482c:	9301      	str	r3, [sp, #4]
   b482e:	bd08      	pop	{r3, pc}
   b4830:	0003021c 	.word	0x0003021c

000b4834 <_ZN5spark13EthernetClass9listeningEv>:
    uint16_t getListenTimeout(void) {
        return network_get_listen_timeout(*this, 0, NULL);
    }

    bool listening(void) {
        return network_listening(*this, 0, NULL);
   b4834:	2200      	movs	r2, #0
   b4836:	6840      	ldr	r0, [r0, #4]
   b4838:	4611      	mov	r1, r2
   b483a:	f7ff bf6b 	b.w	b4714 <network_listening>

000b483e <_ZN5spark13EthernetClass16getListenTimeoutEv>:
        return network_get_listen_timeout(*this, 0, NULL);
   b483e:	2200      	movs	r2, #0
   b4840:	6840      	ldr	r0, [r0, #4]
   b4842:	4611      	mov	r1, r2
   b4844:	f7ff bf76 	b.w	b4734 <network_get_listen_timeout>

000b4848 <_ZN5spark13EthernetClass16setListenTimeoutEt>:
        network_set_listen_timeout(*this, timeout, NULL);
   b4848:	6840      	ldr	r0, [r0, #4]
   b484a:	2200      	movs	r2, #0
   b484c:	f7ff bf6a 	b.w	b4724 <network_set_listen_timeout>

000b4850 <_ZN5spark13EthernetClass6listenEb>:
        network_listen(*this, begin ? 0 : 1, NULL);
   b4850:	6840      	ldr	r0, [r0, #4]
   b4852:	2200      	movs	r2, #0
   b4854:	f081 0101 	eor.w	r1, r1, #1
   b4858:	f7ff bf54 	b.w	b4704 <network_listen>

000b485c <_ZN5spark13EthernetClass3offEv>:
        network_off(*this, 0, 0, NULL);
   b485c:	2300      	movs	r3, #0
   b485e:	6840      	ldr	r0, [r0, #4]
   b4860:	461a      	mov	r2, r3
   b4862:	4619      	mov	r1, r3
   b4864:	f7ff bf46 	b.w	b46f4 <network_off>

000b4868 <_ZN5spark13EthernetClass2onEv>:
        network_on(*this, 0, 0, NULL);
   b4868:	2300      	movs	r3, #0
   b486a:	6840      	ldr	r0, [r0, #4]
   b486c:	461a      	mov	r2, r3
   b486e:	4619      	mov	r1, r3
   b4870:	f7ff bf38 	b.w	b46e4 <network_on>

000b4874 <_ZN5spark13EthernetClass5readyEv>:
    }

    bool ready() {
        return network_ready(*this, 0,  NULL);
   b4874:	2200      	movs	r2, #0
   b4876:	6840      	ldr	r0, [r0, #4]
   b4878:	4611      	mov	r1, r2
   b487a:	f7ff bf2b 	b.w	b46d4 <network_ready>

000b487e <_ZN5spark13EthernetClass10connectingEv>:
        return network_connecting(*this, 0, NULL);
   b487e:	2200      	movs	r2, #0
   b4880:	6840      	ldr	r0, [r0, #4]
   b4882:	4611      	mov	r1, r2
   b4884:	f7ff bf16 	b.w	b46b4 <network_connecting>

000b4888 <_ZN5spark13EthernetClass10disconnectEv>:
        network_disconnect(*this, NETWORK_DISCONNECT_REASON_USER, NULL);
   b4888:	6840      	ldr	r0, [r0, #4]
   b488a:	2200      	movs	r2, #0
   b488c:	2102      	movs	r1, #2
   b488e:	f7ff bf19 	b.w	b46c4 <network_disconnect>

000b4892 <_ZN5spark13EthernetClass7connectEj>:
        network_connect(*this, flags, 0, NULL);
   b4892:	2300      	movs	r3, #0
   b4894:	6840      	ldr	r0, [r0, #4]
   b4896:	461a      	mov	r2, r3
   b4898:	f7ff bf04 	b.w	b46a4 <network_connect>

000b489c <_GLOBAL__sub_I__ZN5spark8EthernetE>:
    static NetworkClass& from(network_interface_t nif);

    virtual IPAddress resolve(const char* name, bool flushCache = false);

    explicit NetworkClass(network_interface_t iface)
            : iface_(iface) {
   b489c:	4b02      	ldr	r3, [pc, #8]	; (b48a8 <_GLOBAL__sub_I__ZN5spark8EthernetE+0xc>)
   b489e:	2203      	movs	r2, #3
   b48a0:	605a      	str	r2, [r3, #4]
            NetworkClass(NETWORK_INTERFACE_ETHERNET) {
   b48a2:	4a02      	ldr	r2, [pc, #8]	; (b48ac <_GLOBAL__sub_I__ZN5spark8EthernetE+0x10>)
   b48a4:	601a      	str	r2, [r3, #0]

namespace spark {

EthernetClass Ethernet;

} // spark
   b48a6:	4770      	bx	lr
   b48a8:	2003df10 	.word	0x2003df10
   b48ac:	000b6a10 	.word	0x000b6a10

000b48b0 <_ZNSt12__shared_ptrIN5spark6detail8JSONDataELN9__gnu_cxx12_Lock_policyE0EEC1ERKS5_>:
	{
	  _M_refcount._M_swap(__r._M_refcount);
	  __r._M_ptr = 0;
	}

      __shared_ptr(const __shared_ptr&) noexcept = default;
   b48b0:	680b      	ldr	r3, [r1, #0]
   b48b2:	6003      	str	r3, [r0, #0]
      : _M_pi(__r._M_pi)
   b48b4:	684b      	ldr	r3, [r1, #4]
   b48b6:	6043      	str	r3, [r0, #4]
	if (_M_pi != 0)
   b48b8:	b113      	cbz	r3, b48c0 <_ZNSt12__shared_ptrIN5spark6detail8JSONDataELN9__gnu_cxx12_Lock_policyE0EEC1ERKS5_+0x10>
    { ++_M_use_count; }
   b48ba:	685a      	ldr	r2, [r3, #4]
   b48bc:	3201      	adds	r2, #1
   b48be:	605a      	str	r2, [r3, #4]
      __shared_ptr(const __shared_ptr&) noexcept = default;
   b48c0:	4770      	bx	lr

000b48c2 <_ZNSt14__shared_countILN9__gnu_cxx12_Lock_policyE0EED1Ev>:
      ~__shared_count() noexcept
   b48c2:	b538      	push	{r3, r4, r5, lr}
	if (_M_pi != nullptr)
   b48c4:	6804      	ldr	r4, [r0, #0]
      ~__shared_count() noexcept
   b48c6:	4605      	mov	r5, r0
	if (_M_pi != nullptr)
   b48c8:	b17c      	cbz	r4, b48ea <_ZNSt14__shared_countILN9__gnu_cxx12_Lock_policyE0EED1Ev+0x28>
      if (--_M_use_count == 0)
   b48ca:	6863      	ldr	r3, [r4, #4]
   b48cc:	3b01      	subs	r3, #1
   b48ce:	6063      	str	r3, [r4, #4]
   b48d0:	b95b      	cbnz	r3, b48ea <_ZNSt14__shared_countILN9__gnu_cxx12_Lock_policyE0EED1Ev+0x28>
          _M_dispose();
   b48d2:	6823      	ldr	r3, [r4, #0]
   b48d4:	4620      	mov	r0, r4
   b48d6:	689b      	ldr	r3, [r3, #8]
   b48d8:	4798      	blx	r3
          if (--_M_weak_count == 0)
   b48da:	68a3      	ldr	r3, [r4, #8]
   b48dc:	3b01      	subs	r3, #1
   b48de:	60a3      	str	r3, [r4, #8]
   b48e0:	b91b      	cbnz	r3, b48ea <_ZNSt14__shared_countILN9__gnu_cxx12_Lock_policyE0EED1Ev+0x28>
            _M_destroy();
   b48e2:	6823      	ldr	r3, [r4, #0]
   b48e4:	4620      	mov	r0, r4
   b48e6:	68db      	ldr	r3, [r3, #12]
   b48e8:	4798      	blx	r3
      }
   b48ea:	4628      	mov	r0, r5
   b48ec:	bd38      	pop	{r3, r4, r5, pc}
	...

000b48f0 <_GLOBAL__sub_I__ZN8particle10CloudEvent15s_subscriptionsE>:
// spark::Vector
template<typename T, typename AllocatorT>
inline spark::Vector<T, AllocatorT>::Vector() :
        data_(nullptr),
        size_(0),
        capacity_(0) {
   b48f0:	4b02      	ldr	r3, [pc, #8]	; (b48fc <_GLOBAL__sub_I__ZN8particle10CloudEvent15s_subscriptionsE+0xc>)
   b48f2:	2200      	movs	r2, #0
   b48f4:	e9c3 2200 	strd	r2, r2, [r3]
   b48f8:	609a      	str	r2, [r3, #8]
        // Keep the reference around until the application callback is called
        d.unwrap();
    }
}

} // namespace particle
   b48fa:	4770      	bx	lr
   b48fc:	2003df18 	.word	0x2003df18

000b4900 <_GLOBAL__sub_I_System>:
} // namespace particle

// particle::Flag<TagT, ValueT>
template<typename TagT, typename ValueT>
inline particle::Flag<TagT, ValueT>::Flag(ValueT val) :
        val_(val) {
   b4900:	4b05      	ldr	r3, [pc, #20]	; (b4918 <_GLOBAL__sub_I_System+0x18>)
   b4902:	2202      	movs	r2, #2
   b4904:	601a      	str	r2, [r3, #0]

class SystemSleepResult {
public:
    SystemSleepResult()
            : wakeupSource_(nullptr),
              error_(SYSTEM_ERROR_NONE) {
   b4906:	4b05      	ldr	r3, [pc, #20]	; (b491c <_GLOBAL__sub_I_System+0x1c>)
    SleepResult() {}
   b4908:	4a05      	ldr	r2, [pc, #20]	; (b4920 <_GLOBAL__sub_I_System+0x20>)
   b490a:	609a      	str	r2, [r3, #8]
              error_(SYSTEM_ERROR_NONE) {
   b490c:	2000      	movs	r0, #0
   b490e:	e9c3 0000 	strd	r0, r0, [r3]

class SystemClass {
public:

    SystemClass(System_Mode_TypeDef mode = DEFAULT) {
        set_system_mode(mode);
   b4912:	f7ff be9b 	b.w	b464c <set_system_mode>
   b4916:	bf00      	nop
   b4918:	2003df30 	.word	0x2003df30
   b491c:	2003df24 	.word	0x2003df24
   b4920:	ffff0000 	.word	0xffff0000

000b4924 <_ZN6StringD1Ev>:
    init();
    char buf[33] = {};
    dtoa(value, decimalPlaces, buf);
  *this = buf;
}
String::~String()
   b4924:	b510      	push	{r4, lr}
   b4926:	4604      	mov	r4, r0
{
    free(buffer);
   b4928:	6800      	ldr	r0, [r0, #0]
   b492a:	f7ff ff3b 	bl	b47a4 <free>
}
   b492e:	4620      	mov	r0, r4
   b4930:	bd10      	pop	{r4, pc}

000b4932 <_ZN6String10invalidateEv>:
    len = 0;
    flags = 0;
}

void String::invalidate(void)
{
   b4932:	b510      	push	{r4, lr}
   b4934:	4604      	mov	r4, r0
    if (buffer) {
   b4936:	6800      	ldr	r0, [r0, #0]
   b4938:	b108      	cbz	r0, b493e <_ZN6String10invalidateEv+0xc>
        free(buffer);
   b493a:	f7ff ff33 	bl	b47a4 <free>
    }
    buffer = nullptr;
   b493e:	2300      	movs	r3, #0
    capacity_ = len = 0;
   b4940:	e9c4 3301 	strd	r3, r3, [r4, #4]
    buffer = nullptr;
   b4944:	6023      	str	r3, [r4, #0]
}
   b4946:	bd10      	pop	{r4, pc}

000b4948 <_ZN6String12changeBufferEj>:
    len = size;
    return true;
}

unsigned char String::changeBuffer(unsigned int maxStrLen)
{
   b4948:	b538      	push	{r3, r4, r5, lr}
   b494a:	4604      	mov	r4, r0
   b494c:	460d      	mov	r5, r1
    char *newbuffer = (char *)realloc(buffer, maxStrLen + 1);
   b494e:	6800      	ldr	r0, [r0, #0]
   b4950:	3101      	adds	r1, #1
   b4952:	f7ff ff2f 	bl	b47b4 <realloc>
    if (newbuffer) {
   b4956:	b110      	cbz	r0, b495e <_ZN6String12changeBufferEj+0x16>
        buffer = newbuffer;
        capacity_ = maxStrLen;
   b4958:	e9c4 0500 	strd	r0, r5, [r4]
        return 1;
   b495c:	2001      	movs	r0, #1
    }
    return 0;
}
   b495e:	bd38      	pop	{r3, r4, r5, pc}

000b4960 <_ZN6String7reserveEj>:
{
   b4960:	b510      	push	{r4, lr}
    if (buffer && capacity_ >= size) {
   b4962:	6803      	ldr	r3, [r0, #0]
{
   b4964:	4604      	mov	r4, r0
    if (buffer && capacity_ >= size) {
   b4966:	b123      	cbz	r3, b4972 <_ZN6String7reserveEj+0x12>
   b4968:	6843      	ldr	r3, [r0, #4]
   b496a:	428b      	cmp	r3, r1
   b496c:	d301      	bcc.n	b4972 <_ZN6String7reserveEj+0x12>
   b496e:	2001      	movs	r0, #1
}
   b4970:	bd10      	pop	{r4, pc}
    if (changeBuffer(size)) {
   b4972:	4620      	mov	r0, r4
   b4974:	f7ff ffe8 	bl	b4948 <_ZN6String12changeBufferEj>
   b4978:	2800      	cmp	r0, #0
   b497a:	d0f9      	beq.n	b4970 <_ZN6String7reserveEj+0x10>
        if (len == 0) {
   b497c:	68a3      	ldr	r3, [r4, #8]
   b497e:	2b00      	cmp	r3, #0
   b4980:	d1f5      	bne.n	b496e <_ZN6String7reserveEj+0xe>
            buffer[0] = 0;
   b4982:	6822      	ldr	r2, [r4, #0]
   b4984:	7013      	strb	r3, [r2, #0]
   b4986:	e7f2      	b.n	b496e <_ZN6String7reserveEj+0xe>

000b4988 <_ZN6String4copyEPKcj>:
/*********************************************/
/*  Copy and Move                            */
/*********************************************/

String & String::copy(const char *cstr, unsigned int length)
{
   b4988:	b537      	push	{r0, r1, r2, r4, r5, lr}
   b498a:	460d      	mov	r5, r1
    if (!reserve(length)) {
   b498c:	4611      	mov	r1, r2
   b498e:	9201      	str	r2, [sp, #4]
{
   b4990:	4604      	mov	r4, r0
    if (!reserve(length)) {
   b4992:	f7ff ffe5 	bl	b4960 <_ZN6String7reserveEj>
   b4996:	9a01      	ldr	r2, [sp, #4]
   b4998:	b928      	cbnz	r0, b49a6 <_ZN6String4copyEPKcj+0x1e>
        invalidate();
   b499a:	4620      	mov	r0, r4
   b499c:	f7ff ffc9 	bl	b4932 <_ZN6String10invalidateEv>
    }
    len = length;
    memcpy(buffer, cstr, length);
    buffer[len] = 0;
    return *this;
}
   b49a0:	4620      	mov	r0, r4
   b49a2:	b003      	add	sp, #12
   b49a4:	bd30      	pop	{r4, r5, pc}
    len = length;
   b49a6:	60a2      	str	r2, [r4, #8]
    memcpy(buffer, cstr, length);
   b49a8:	4629      	mov	r1, r5
   b49aa:	6820      	ldr	r0, [r4, #0]
   b49ac:	f001 fe96 	bl	b66dc <memcpy>
    buffer[len] = 0;
   b49b0:	6822      	ldr	r2, [r4, #0]
   b49b2:	68a3      	ldr	r3, [r4, #8]
   b49b4:	2100      	movs	r1, #0
   b49b6:	54d1      	strb	r1, [r2, r3]
    return *this;
   b49b8:	e7f2      	b.n	b49a0 <_ZN6String4copyEPKcj+0x18>

000b49ba <_ZN6String4moveERS_>:
    return copy(reinterpret_cast<const char*>(pstr), length);
}

#ifdef __GXX_EXPERIMENTAL_CXX0X__
void String::move(String &rhs)
{
   b49ba:	b538      	push	{r3, r4, r5, lr}
   b49bc:	4605      	mov	r5, r0
    if (buffer) {
   b49be:	6800      	ldr	r0, [r0, #0]
{
   b49c0:	460c      	mov	r4, r1
    if (buffer) {
   b49c2:	b170      	cbz	r0, b49e2 <_ZN6String4moveERS_+0x28>
        if (capacity_ >= rhs.len && rhs.buffer) {
   b49c4:	686a      	ldr	r2, [r5, #4]
   b49c6:	688b      	ldr	r3, [r1, #8]
   b49c8:	429a      	cmp	r2, r3
   b49ca:	d308      	bcc.n	b49de <_ZN6String4moveERS_+0x24>
   b49cc:	6809      	ldr	r1, [r1, #0]
   b49ce:	b131      	cbz	r1, b49de <_ZN6String4moveERS_+0x24>
            strcpy(buffer, rhs.buffer);
   b49d0:	f001 fef9 	bl	b67c6 <strcpy>
            len = rhs.len;
   b49d4:	68a3      	ldr	r3, [r4, #8]
   b49d6:	60ab      	str	r3, [r5, #8]
            rhs.len = 0;
   b49d8:	2300      	movs	r3, #0
    buffer = rhs.buffer;
    capacity_ = rhs.capacity_;
    len = rhs.len;
    rhs.buffer = nullptr;
    rhs.capacity_ = 0;
    rhs.len = 0;
   b49da:	60a3      	str	r3, [r4, #8]
}
   b49dc:	bd38      	pop	{r3, r4, r5, pc}
            free(buffer);
   b49de:	f7ff fee1 	bl	b47a4 <free>
    buffer = rhs.buffer;
   b49e2:	6823      	ldr	r3, [r4, #0]
   b49e4:	602b      	str	r3, [r5, #0]
    capacity_ = rhs.capacity_;
   b49e6:	6863      	ldr	r3, [r4, #4]
   b49e8:	606b      	str	r3, [r5, #4]
    len = rhs.len;
   b49ea:	68a3      	ldr	r3, [r4, #8]
   b49ec:	60ab      	str	r3, [r5, #8]
    rhs.buffer = nullptr;
   b49ee:	2300      	movs	r3, #0
    rhs.capacity_ = 0;
   b49f0:	e9c4 3300 	strd	r3, r3, [r4]
   b49f4:	e7f1      	b.n	b49da <_ZN6String4moveERS_+0x20>

000b49f6 <_ZN6StringC1EOS_>:
String::String(String &&rval)
   b49f6:	b510      	push	{r4, lr}
    buffer = nullptr;
   b49f8:	2300      	movs	r3, #0
    capacity_ = 0;
   b49fa:	e9c0 3300 	strd	r3, r3, [r0]
String::String(String &&rval)
   b49fe:	4604      	mov	r4, r0
    len = 0;
   b4a00:	6083      	str	r3, [r0, #8]
    flags = 0;
   b4a02:	7303      	strb	r3, [r0, #12]
    move(rval);
   b4a04:	f7ff ffd9 	bl	b49ba <_ZN6String4moveERS_>
}
   b4a08:	4620      	mov	r0, r4
   b4a0a:	bd10      	pop	{r4, pc}

000b4a0c <_ZN6StringaSERKS_>:
#endif

String & String::operator = (const String &rhs)
{
    if (this == &rhs) {
   b4a0c:	4288      	cmp	r0, r1
{
   b4a0e:	b510      	push	{r4, lr}
   b4a10:	4604      	mov	r4, r0
    if (this == &rhs) {
   b4a12:	d005      	beq.n	b4a20 <_ZN6StringaSERKS_+0x14>
        return *this;
    }

    if (rhs.buffer) {
   b4a14:	680b      	ldr	r3, [r1, #0]
   b4a16:	b12b      	cbz	r3, b4a24 <_ZN6StringaSERKS_+0x18>
        copy(rhs.buffer, rhs.len);
   b4a18:	688a      	ldr	r2, [r1, #8]
   b4a1a:	4619      	mov	r1, r3
   b4a1c:	f7ff ffb4 	bl	b4988 <_ZN6String4copyEPKcj>
    else {
        invalidate();
    }

    return *this;
}
   b4a20:	4620      	mov	r0, r4
   b4a22:	bd10      	pop	{r4, pc}
        invalidate();
   b4a24:	f7ff ff85 	bl	b4932 <_ZN6String10invalidateEv>
   b4a28:	e7fa      	b.n	b4a20 <_ZN6StringaSERKS_+0x14>

000b4a2a <_ZN6StringC1ERKS_>:
String::String(const String &value)
   b4a2a:	b510      	push	{r4, lr}
    buffer = nullptr;
   b4a2c:	2300      	movs	r3, #0
String::String(const String &value)
   b4a2e:	4604      	mov	r4, r0
    capacity_ = 0;
   b4a30:	e9c0 3300 	strd	r3, r3, [r0]
    len = 0;
   b4a34:	6083      	str	r3, [r0, #8]
    flags = 0;
   b4a36:	7303      	strb	r3, [r0, #12]
    *this = value;
   b4a38:	f7ff ffe8 	bl	b4a0c <_ZN6StringaSERKS_>
}
   b4a3c:	4620      	mov	r0, r4
   b4a3e:	bd10      	pop	{r4, pc}

000b4a40 <_ZNSt16_Sp_counted_baseILN9__gnu_cxx12_Lock_policyE0EE10_M_releaseEv>:
    {
   b4a40:	b510      	push	{r4, lr}
      if (--_M_use_count == 0)
   b4a42:	6843      	ldr	r3, [r0, #4]
   b4a44:	3b01      	subs	r3, #1
    {
   b4a46:	4604      	mov	r4, r0
      if (--_M_use_count == 0)
   b4a48:	6043      	str	r3, [r0, #4]
   b4a4a:	b963      	cbnz	r3, b4a66 <_ZNSt16_Sp_counted_baseILN9__gnu_cxx12_Lock_policyE0EE10_M_releaseEv+0x26>
          _M_dispose();
   b4a4c:	6803      	ldr	r3, [r0, #0]
   b4a4e:	689b      	ldr	r3, [r3, #8]
   b4a50:	4798      	blx	r3
          if (--_M_weak_count == 0)
   b4a52:	68a3      	ldr	r3, [r4, #8]
   b4a54:	3b01      	subs	r3, #1
   b4a56:	60a3      	str	r3, [r4, #8]
   b4a58:	b92b      	cbnz	r3, b4a66 <_ZNSt16_Sp_counted_baseILN9__gnu_cxx12_Lock_policyE0EE10_M_releaseEv+0x26>
            _M_destroy();
   b4a5a:	6823      	ldr	r3, [r4, #0]
   b4a5c:	4620      	mov	r0, r4
   b4a5e:	68db      	ldr	r3, [r3, #12]
    }
   b4a60:	e8bd 4010 	ldmia.w	sp!, {r4, lr}
            _M_destroy();
   b4a64:	4718      	bx	r3
    }
   b4a66:	bd10      	pop	{r4, pc}

000b4a68 <_ZN5spark6VectorI6StringNS_16DefaultAllocatorEED1Ev>:
inline spark::Vector<T, AllocatorT>::Vector(Vector<T, AllocatorT>&& vector) : Vector() {
    swap(*this, vector);
}

template<typename T, typename AllocatorT>
inline spark::Vector<T, AllocatorT>::~Vector() {
   b4a68:	b570      	push	{r4, r5, r6, lr}
    destruct(data_, data_ + size_);
   b4a6a:	e9d0 5300 	ldrd	r5, r3, [r0]
inline spark::Vector<T, AllocatorT>::~Vector() {
   b4a6e:	4604      	mov	r4, r0
    destruct(data_, data_ + size_);
   b4a70:	eb05 1603 	add.w	r6, r5, r3, lsl #4
        for (; p != end; ++p) {
   b4a74:	42ae      	cmp	r6, r5
   b4a76:	d004      	beq.n	b4a82 <_ZN5spark6VectorI6StringNS_16DefaultAllocatorEED1Ev+0x1a>
            p->~T();
   b4a78:	4628      	mov	r0, r5
   b4a7a:	f7ff ff53 	bl	b4924 <_ZN6StringD1Ev>
        for (; p != end; ++p) {
   b4a7e:	3510      	adds	r5, #16
   b4a80:	e7f8      	b.n	b4a74 <_ZN5spark6VectorI6StringNS_16DefaultAllocatorEED1Ev+0xc>
    ::free(ptr);
   b4a82:	6820      	ldr	r0, [r4, #0]
   b4a84:	f7ff fe8e 	bl	b47a4 <free>
    AllocatorT::free(data_);
}
   b4a88:	4620      	mov	r0, r4
   b4a8a:	bd70      	pop	{r4, r5, r6, pc}

000b4a8c <_GLOBAL__sub_I__ZN8particle3ble13WiringBleLock6mutex_E>:
    /**
     * Creates a shared mutex.
     */
    RecursiveMutex(os_mutex_recursive_t handle) : handle_(handle) {}

    RecursiveMutex() : handle_(nullptr)
   b4a8c:	4802      	ldr	r0, [pc, #8]	; (b4a98 <_GLOBAL__sub_I__ZN8particle3ble13WiringBleLock6mutex_E+0xc>)
   b4a8e:	2300      	movs	r3, #0
   b4a90:	6003      	str	r3, [r0, #0]
    {
        os_mutex_recursive_create(&handle_);
   b4a92:	f7ff bcc9 	b.w	b4428 <os_mutex_recursive_create>
   b4a96:	bf00      	nop
   b4a98:	2003df34 	.word	0x2003df34

000b4a9c <_ZN5spark16JSONStreamWriter5writeEPKcj>:

inline Print* spark::JSONStreamWriter::stream() const {
    return &strm_;
}

inline void spark::JSONStreamWriter::write(const char *data, size_t size) {
   b4a9c:	b510      	push	{r4, lr}
   b4a9e:	4604      	mov	r4, r0
    bytesWritten_ += strm_.write((const uint8_t*)data, size);
   b4aa0:	6880      	ldr	r0, [r0, #8]
   b4aa2:	6803      	ldr	r3, [r0, #0]
   b4aa4:	68db      	ldr	r3, [r3, #12]
   b4aa6:	4798      	blx	r3
   b4aa8:	68e3      	ldr	r3, [r4, #12]
   b4aaa:	4418      	add	r0, r3
   b4aac:	60e0      	str	r0, [r4, #12]
}
   b4aae:	bd10      	pop	{r4, pc}

000b4ab0 <_ZN5Print5writeEPKhj>:

// Public Methods //////////////////////////////////////////////////////////////

/* default implementation: may be overridden */
size_t Print::write(const uint8_t *buffer, size_t size)
{
   b4ab0:	b5f8      	push	{r3, r4, r5, r6, r7, lr}
   b4ab2:	4606      	mov	r6, r0
   b4ab4:	460d      	mov	r5, r1
  size_t n = 0;
   b4ab6:	188f      	adds	r7, r1, r2
   b4ab8:	2400      	movs	r4, #0
  while (size--) {
   b4aba:	42bd      	cmp	r5, r7
   b4abc:	d00c      	beq.n	b4ad8 <_ZN5Print5writeEPKhj+0x28>
     int chunk = write(*buffer++);
   b4abe:	6833      	ldr	r3, [r6, #0]
   b4ac0:	f815 1b01 	ldrb.w	r1, [r5], #1
   b4ac4:	689b      	ldr	r3, [r3, #8]
   b4ac6:	4630      	mov	r0, r6
   b4ac8:	4798      	blx	r3
     if (chunk>=0)
   b4aca:	1e03      	subs	r3, r0, #0
   b4acc:	db01      	blt.n	b4ad2 <_ZN5Print5writeEPKhj+0x22>
         n += chunk;
   b4ace:	441c      	add	r4, r3
  while (size--) {
   b4ad0:	e7f3      	b.n	b4aba <_ZN5Print5writeEPKhj+0xa>
     int chunk = write(*buffer++);
   b4ad2:	2c00      	cmp	r4, #0
   b4ad4:	bf08      	it	eq
   b4ad6:	461c      	moveq	r4, r3
             n = chunk;
         break;
     }
  }
  return n;
}
   b4ad8:	4620      	mov	r0, r4
   b4ada:	bdf8      	pop	{r3, r4, r5, r6, r7, pc}

000b4adc <_ZN5spark16JSONStreamWriterD1Ev>:
class JSONStreamWriter: public JSONWriter {
   b4adc:	4770      	bx	lr

000b4ade <_ZN5spark16JSONStreamWriterD0Ev>:
   b4ade:	b510      	push	{r4, lr}
   b4ae0:	2110      	movs	r1, #16
   b4ae2:	4604      	mov	r4, r0
   b4ae4:	f7ff faeb 	bl	b40be <_ZdlPvj>
   b4ae8:	4620      	mov	r0, r4
   b4aea:	bd10      	pop	{r4, pc}

000b4aec <_ZN5Print5writeEPKc>:

    int getWriteError() const { return write_error; }
    void clearWriteError() { setWriteError(0); }

    virtual size_t write(uint8_t) = 0;
    size_t write(const char *str) {
   b4aec:	b513      	push	{r0, r1, r4, lr}
   b4aee:	4604      	mov	r4, r0
      if (str == NULL) return 0;
      return write((const uint8_t *)str, strlen(str));
    }
   b4af0:	4608      	mov	r0, r1
      if (str == NULL) return 0;
   b4af2:	b159      	cbz	r1, b4b0c <_ZN5Print5writeEPKc+0x20>
      return write((const uint8_t *)str, strlen(str));
   b4af4:	9101      	str	r1, [sp, #4]
   b4af6:	f7ff fa9b 	bl	b4030 <strlen>
   b4afa:	6823      	ldr	r3, [r4, #0]
   b4afc:	9901      	ldr	r1, [sp, #4]
   b4afe:	68db      	ldr	r3, [r3, #12]
   b4b00:	4602      	mov	r2, r0
   b4b02:	4620      	mov	r0, r4
    }
   b4b04:	b002      	add	sp, #8
   b4b06:	e8bd 4010 	ldmia.w	sp!, {r4, lr}
      return write((const uint8_t *)str, strlen(str));
   b4b0a:	4718      	bx	r3
    }
   b4b0c:	b002      	add	sp, #8
   b4b0e:	bd10      	pop	{r4, pc}

000b4b10 <_ZN5Print5printEc>:
  return write(str);
}

size_t Print::print(char c)
{
  return write(c);
   b4b10:	6803      	ldr	r3, [r0, #0]
   b4b12:	689b      	ldr	r3, [r3, #8]
   b4b14:	4718      	bx	r3

000b4b16 <_ZN5Print11printNumberEmh>:
  return println(reinterpret_cast<const char*>(str));
}

// Private Methods /////////////////////////////////////////////////////////////

size_t Print::printNumber(unsigned long n, uint8_t base) {
   b4b16:	b530      	push	{r4, r5, lr}
   b4b18:	b08b      	sub	sp, #44	; 0x2c
  char buf[8 * sizeof(n) + 1]; // Assumes 8-bit chars plus zero byte.
  char *str = &buf[sizeof(buf) - 1];

  *str = '\0';
   b4b1a:	2300      	movs	r3, #0

  // prevent crash if called with base == 1
  if (base < 2) base = 10;
   b4b1c:	2a01      	cmp	r2, #1
  *str = '\0';
   b4b1e:	f88d 3024 	strb.w	r3, [sp, #36]	; 0x24
  if (base < 2) base = 10;
   b4b22:	bf98      	it	ls
   b4b24:	220a      	movls	r2, #10
   b4b26:	ac09      	add	r4, sp, #36	; 0x24

  do {
   decltype(n) m = n;
   n /= base;
   b4b28:	460d      	mov	r5, r1
   b4b2a:	fbb1 f1f2 	udiv	r1, r1, r2
   char c = m - base * n;
   b4b2e:	fb01 5312 	mls	r3, r1, r2, r5
   b4b32:	f003 03ff 	and.w	r3, r3, #255	; 0xff
   *--str = c < 10 ? c + '0' : c + 'A' - 10;
   b4b36:	2b09      	cmp	r3, #9
   b4b38:	bf94      	ite	ls
   b4b3a:	3330      	addls	r3, #48	; 0x30
   b4b3c:	3337      	addhi	r3, #55	; 0x37
   b4b3e:	b2db      	uxtb	r3, r3
  } while(n);
   b4b40:	42aa      	cmp	r2, r5
   *--str = c < 10 ? c + '0' : c + 'A' - 10;
   b4b42:	f804 3d01 	strb.w	r3, [r4, #-1]!
  } while(n);
   b4b46:	d9ef      	bls.n	b4b28 <_ZN5Print11printNumberEmh+0x12>

  return write(str);
   b4b48:	4621      	mov	r1, r4
   b4b4a:	f7ff ffcf 	bl	b4aec <_ZN5Print5writeEPKc>
}
   b4b4e:	b00b      	add	sp, #44	; 0x2c
   b4b50:	bd30      	pop	{r4, r5, pc}

000b4b52 <_ZN6Stream9timedReadEv>:
#define PARSE_TIMEOUT 1000  // default number of milli-seconds to wait
#define NO_SKIP_CHAR  1  // a magic char not found in a valid ASCII numeric field

// private method to read stream with timeout
int Stream::timedRead()
{
   b4b52:	b510      	push	{r4, lr}
   b4b54:	4604      	mov	r4, r0

#ifdef __cplusplus
extern "C" {
#endif

inline system_tick_t millis(void) { return HAL_Timer_Get_Milli_Seconds(); }
   b4b56:	f7ff fc5f 	bl	b4418 <HAL_Timer_Get_Milli_Seconds>
  int c;
  _startMillis = millis();
   b4b5a:	60e0      	str	r0, [r4, #12]
  do {
    c = read();
   b4b5c:	6823      	ldr	r3, [r4, #0]
   b4b5e:	4620      	mov	r0, r4
   b4b60:	695b      	ldr	r3, [r3, #20]
   b4b62:	4798      	blx	r3
    if (c >= 0) return c;
   b4b64:	2800      	cmp	r0, #0
   b4b66:	da08      	bge.n	b4b7a <_ZN6Stream9timedReadEv+0x28>
   b4b68:	f7ff fc56 	bl	b4418 <HAL_Timer_Get_Milli_Seconds>
  } while(millis() - _startMillis < _timeout);
   b4b6c:	68e3      	ldr	r3, [r4, #12]
   b4b6e:	1ac0      	subs	r0, r0, r3
   b4b70:	68a3      	ldr	r3, [r4, #8]
   b4b72:	4298      	cmp	r0, r3
   b4b74:	d3f2      	bcc.n	b4b5c <_ZN6Stream9timedReadEv+0xa>
  return -1;     // -1 indicates timeout
   b4b76:	f04f 30ff 	mov.w	r0, #4294967295
}
   b4b7a:	bd10      	pop	{r4, pc}

000b4b7c <_ZN6Stream9readBytesEPcj>:
// terminates if length characters have been read, or timeout (see setTimeout)
// returns the number of characters placed in the buffer
// the buffer is NOT null terminated.
//
size_t Stream::readBytes(char *buffer, size_t length)
{
   b4b7c:	e92d 41f0 	stmdb	sp!, {r4, r5, r6, r7, r8, lr}
   b4b80:	4607      	mov	r7, r0
   b4b82:	460c      	mov	r4, r1
   b4b84:	188e      	adds	r6, r1, r2
   b4b86:	460d      	mov	r5, r1
  size_t count = 0;
  while (count < length) {
   b4b88:	42b5      	cmp	r5, r6
   b4b8a:	eba5 0804 	sub.w	r8, r5, r4
   b4b8e:	d007      	beq.n	b4ba0 <_ZN6Stream9readBytesEPcj+0x24>
    int c = timedRead();
   b4b90:	4638      	mov	r0, r7
   b4b92:	f7ff ffde 	bl	b4b52 <_ZN6Stream9timedReadEv>
    if (c < 0) break;
   b4b96:	1e03      	subs	r3, r0, #0
   b4b98:	db02      	blt.n	b4ba0 <_ZN6Stream9readBytesEPcj+0x24>
    *buffer++ = (char)c;
   b4b9a:	f805 3b01 	strb.w	r3, [r5], #1
  while (count < length) {
   b4b9e:	e7f3      	b.n	b4b88 <_ZN6Stream9readBytesEPcj+0xc>
    count++;
  }
  return count;
}
   b4ba0:	4640      	mov	r0, r8
   b4ba2:	e8bd 81f0 	ldmia.w	sp!, {r4, r5, r6, r7, r8, pc}

000b4ba6 <_ZN5spark20JSONStreamLogHandler5writeEPKcj>:
}

// spark::JSONStreamLogHandler
inline void spark::JSONStreamLogHandler::write(const char *data, size_t size) {
    // This handler doesn't support direct logging
}
   b4ba6:	4770      	bx	lr

000b4ba8 <_ZN5spark17LogHandlerFactory14destroyHandlerEPNS_10LogHandlerE>:

#if Wiring_LogConfig

// spark::LogHandlerFactory
inline void spark::LogHandlerFactory::destroyHandler(LogHandler *handler) {
    delete handler;
   b4ba8:	4608      	mov	r0, r1
   b4baa:	b111      	cbz	r1, b4bb2 <_ZN5spark17LogHandlerFactory14destroyHandlerEPNS_10LogHandlerE+0xa>
   b4bac:	680b      	ldr	r3, [r1, #0]
   b4bae:	685b      	ldr	r3, [r3, #4]
   b4bb0:	4718      	bx	r3
}
   b4bb2:	4770      	bx	lr

000b4bb4 <__tcf_0>:
    }
    return nullptr; // Unknown handler type
}

spark::DefaultLogHandlerFactory* spark::DefaultLogHandlerFactory::instance() {
    static DefaultLogHandlerFactory factory;
   b4bb4:	4770      	bx	lr

000b4bb6 <_ZN5spark26DefaultOutputStreamFactoryD1Ev>:
class DefaultOutputStreamFactory: public OutputStreamFactory {
   b4bb6:	4770      	bx	lr

000b4bb8 <_ZN5spark24DefaultLogHandlerFactoryD1Ev>:
class DefaultLogHandlerFactory: public LogHandlerFactory {
   b4bb8:	4770      	bx	lr

000b4bba <_ZN12_GLOBAL__N_119nextSubcategoryNameERPKcRj>:
const char* nextSubcategoryName(const char* &category, size_t &size) {
   b4bba:	b538      	push	{r3, r4, r5, lr}
   b4bbc:	4604      	mov	r4, r0
   b4bbe:	460d      	mov	r5, r1
    const char *s = strchrnul(category, '.');
   b4bc0:	6800      	ldr	r0, [r0, #0]
   b4bc2:	212e      	movs	r1, #46	; 0x2e
   b4bc4:	f001 fdf5 	bl	b67b2 <strchrnul>
    size = s - category;
   b4bc8:	6823      	ldr	r3, [r4, #0]
   b4bca:	1ac3      	subs	r3, r0, r3
   b4bcc:	602b      	str	r3, [r5, #0]
    if (size) {
   b4bce:	b123      	cbz	r3, b4bda <_ZN12_GLOBAL__N_119nextSubcategoryNameERPKcRj+0x20>
        if (*s) {
   b4bd0:	7803      	ldrb	r3, [r0, #0]
   b4bd2:	b103      	cbz	r3, b4bd6 <_ZN12_GLOBAL__N_119nextSubcategoryNameERPKcRj+0x1c>
            ++s;
   b4bd4:	3001      	adds	r0, #1
#if __cplusplus < 201103L
      // concept requirements
      __glibcxx_function_requires(_SGIAssignableConcept<_Tp>)
#endif
      _Tp __tmp = _GLIBCXX_MOVE(__a);
      __a = _GLIBCXX_MOVE(__b);
   b4bd6:	6823      	ldr	r3, [r4, #0]
      __b = _GLIBCXX_MOVE(__tmp);
   b4bd8:	6020      	str	r0, [r4, #0]
}
   b4bda:	4618      	mov	r0, r3
   b4bdc:	bd38      	pop	{r3, r4, r5, pc}

000b4bde <_ZN5spark24DefaultLogHandlerFactoryD0Ev>:
   b4bde:	b510      	push	{r4, lr}
   b4be0:	2104      	movs	r1, #4
   b4be2:	4604      	mov	r4, r0
   b4be4:	f7ff fa6b 	bl	b40be <_ZdlPvj>
   b4be8:	4620      	mov	r0, r4
   b4bea:	bd10      	pop	{r4, pc}

000b4bec <_ZN5spark26DefaultOutputStreamFactoryD0Ev>:
class DefaultOutputStreamFactory: public OutputStreamFactory {
   b4bec:	b510      	push	{r4, lr}
   b4bee:	2104      	movs	r1, #4
   b4bf0:	4604      	mov	r4, r0
   b4bf2:	f7ff fa64 	bl	b40be <_ZdlPvj>
   b4bf6:	4620      	mov	r0, r4
   b4bf8:	bd10      	pop	{r4, pc}

000b4bfa <_ZN14RecursiveMutex4lockEv.isra.0>:
            os_mutex_recursive_destroy(handle_);
            handle_ = nullptr;
        }
    }

    void lock() { os_mutex_recursive_lock(handle_); }
   b4bfa:	f7ff bc25 	b.w	b4448 <os_mutex_recursive_lock>

000b4bfe <_ZNK5spark10JSONStringeqEPKc.isra.0>:
inline bool spark::JSONString::operator==(const char *str) const {
   b4bfe:	b508      	push	{r3, lr}
    return strcmp(s_, str) == 0;
   b4c00:	f7ff fa0c 	bl	b401c <strcmp>
}
   b4c04:	fab0 f080 	clz	r0, r0
   b4c08:	0940      	lsrs	r0, r0, #5
   b4c0a:	bd08      	pop	{r3, pc}

000b4c0c <__tcf_1>:
   b4c0c:	4770      	bx	lr

000b4c0e <_ZN5spark26DefaultOutputStreamFactory13destroyStreamEP5Print>:
    }
#endif // PLATFORM_ID != PLATFORM_GCC
    return nullptr;
}

void spark::DefaultOutputStreamFactory::destroyStream(Print *stream) {
   b4c0e:	b510      	push	{r4, lr}
   b4c10:	460c      	mov	r4, r1
#if PLATFORM_ID != PLATFORM_GCC
    if (stream == &Serial) {
   b4c12:	f001 f8f7 	bl	b5e04 <_Z16_fetch_usbserialv>
   b4c16:	4284      	cmp	r4, r0
   b4c18:	d010      	beq.n	b4c3c <_ZN5spark26DefaultOutputStreamFactory13destroyStreamEP5Print+0x2e>
    if (stream == &USBSerial1) {
        USBSerial1.end();
        return;
    }
#endif
    if (stream == &Serial1) {
   b4c1a:	f001 fce9 	bl	b65f0 <_Z22__fetch_global_Serial1v>
   b4c1e:	4284      	cmp	r4, r0
   b4c20:	d105      	bne.n	b4c2e <_ZN5spark26DefaultOutputStreamFactory13destroyStreamEP5Print+0x20>
        Serial1.end();
   b4c22:	f001 fce5 	bl	b65f0 <_Z22__fetch_global_Serial1v>
        return;
    }
#endif // PLATFORM_ID != PLATFORM_GCC
    OutputStreamFactory::destroyStream(stream);
}
   b4c26:	e8bd 4010 	ldmia.w	sp!, {r4, lr}
        Serial1.end();
   b4c2a:	f001 bb42 	b.w	b62b2 <_ZN11USARTSerial3endEv>

// spark::OutputStreamFactory
inline void spark::OutputStreamFactory::destroyStream(Print *stream) {
    delete stream;
   b4c2e:	b12c      	cbz	r4, b4c3c <_ZN5spark26DefaultOutputStreamFactory13destroyStreamEP5Print+0x2e>
   b4c30:	6823      	ldr	r3, [r4, #0]
   b4c32:	4620      	mov	r0, r4
   b4c34:	685b      	ldr	r3, [r3, #4]
}
   b4c36:	e8bd 4010 	ldmia.w	sp!, {r4, lr}
   b4c3a:	4718      	bx	r3
   b4c3c:	bd10      	pop	{r4, pc}

000b4c3e <_ZN5spark10JSONWriter5valueEPKc>:
inline spark::JSONWriter& spark::JSONWriter::value(const char *val) {
   b4c3e:	b513      	push	{r0, r1, r4, lr}
   b4c40:	4604      	mov	r4, r0
    return value(val, strlen(val));
   b4c42:	4608      	mov	r0, r1
   b4c44:	9101      	str	r1, [sp, #4]
   b4c46:	f7ff f9f3 	bl	b4030 <strlen>
   b4c4a:	9901      	ldr	r1, [sp, #4]
   b4c4c:	4602      	mov	r2, r0
   b4c4e:	4620      	mov	r0, r4
}
   b4c50:	b002      	add	sp, #8
   b4c52:	e8bd 4010 	ldmia.w	sp!, {r4, lr}
    return value(val, strlen(val));
   b4c56:	f001 bac3 	b.w	b61e0 <_ZN5spark10JSONWriter5valueEPKcj>

000b4c5a <_ZN5spark16StreamLogHandler5writeEPKc>:
inline void spark::StreamLogHandler::write(const char *str) {
   b4c5a:	b513      	push	{r0, r1, r4, lr}
   b4c5c:	4604      	mov	r4, r0
    write(str, strlen(str));
   b4c5e:	4608      	mov	r0, r1
   b4c60:	9101      	str	r1, [sp, #4]
   b4c62:	f7ff f9e5 	bl	b4030 <strlen>
   b4c66:	6823      	ldr	r3, [r4, #0]
   b4c68:	9901      	ldr	r1, [sp, #4]
   b4c6a:	68db      	ldr	r3, [r3, #12]
   b4c6c:	4602      	mov	r2, r0
   b4c6e:	4620      	mov	r0, r4
}
   b4c70:	b002      	add	sp, #8
   b4c72:	e8bd 4010 	ldmia.w	sp!, {r4, lr}
    write(str, strlen(str));
   b4c76:	4718      	bx	r3

000b4c78 <_ZN5spark16StreamLogHandler5writeEc>:
inline void spark::StreamLogHandler::write(char c) {
   b4c78:	b507      	push	{r0, r1, r2, lr}
    write(&c, 1);
   b4c7a:	6803      	ldr	r3, [r0, #0]
inline void spark::StreamLogHandler::write(char c) {
   b4c7c:	f88d 1007 	strb.w	r1, [sp, #7]
    write(&c, 1);
   b4c80:	68db      	ldr	r3, [r3, #12]
   b4c82:	2201      	movs	r2, #1
   b4c84:	f10d 0107 	add.w	r1, sp, #7
   b4c88:	4798      	blx	r3
}
   b4c8a:	b003      	add	sp, #12
   b4c8c:	f85d fb04 	ldr.w	pc, [sp], #4

000b4c90 <_ZN5spark6detail9LogFilter9nodeIndexERKNS_6VectorINS1_4NodeENS_16DefaultAllocatorEEEPKcjRb>:
int spark::detail::LogFilter::nodeIndex(const Vector<Node> &nodes, const char *name, size_t size, bool &found) {
   b4c90:	e92d 4ff7 	stmdb	sp!, {r0, r1, r2, r4, r5, r6, r7, r8, r9, sl, fp, lr}
    return data_ + size_;
}

template<typename T, typename AllocatorT>
inline typename spark::Vector<T, AllocatorT>::ConstIterator spark::Vector<T, AllocatorT>::end() const {
    return data_ + size_;
   b4c94:	e9d0 8400 	ldrd	r8, r4, [r0]
   b4c98:	f04f 0a14 	mov.w	sl, #20
   b4c9c:	9300      	str	r3, [sp, #0]
   b4c9e:	fb0a f404 	mul.w	r4, sl, r4
               random_access_iterator_tag)
    {
      // concept requirements
      __glibcxx_function_requires(_RandomAccessIteratorConcept<
				  _RandomAccessIterator>)
      return __last - __first;
   b4ca2:	4b18      	ldr	r3, [pc, #96]	; (b4d04 <_ZN5spark6detail9LogFilter9nodeIndexERKNS_6VectorINS1_4NodeENS_16DefaultAllocatorEEEPKcjRb+0x74>)
   b4ca4:	10a4      	asrs	r4, r4, #2
   b4ca6:	4617      	mov	r7, r2
   b4ca8:	435c      	muls	r4, r3
   b4caa:	4645      	mov	r5, r8
      typedef typename iterator_traits<_ForwardIterator>::difference_type
	_DistanceType;

      _DistanceType __len = std::distance(__first, __last);

      while (__len > 0)
   b4cac:	2c00      	cmp	r4, #0
   b4cae:	dd21      	ble.n	b4cf4 <_ZN5spark6detail9LogFilter9nodeIndexERKNS_6VectorINS1_4NodeENS_16DefaultAllocatorEEEPKcjRb+0x64>
	{
	  _DistanceType __half = __len >> 1;
   b4cb0:	1066      	asrs	r6, r4, #1
      if (__builtin_constant_p(__n) && __n == 1)
	++__i;
      else if (__builtin_constant_p(__n) && __n == -1)
	--__i;
      else
	__i += __n;
   b4cb2:	fb0a f006 	mul.w	r0, sl, r6
   b4cb6:	eb05 0900 	add.w	r9, r5, r0
                const int cmp = strncmp(node.name, value.first, std::min<size_t>(node.size, value.second));
   b4cba:	463a      	mov	r2, r7
   b4cbc:	f8b9 b004 	ldrh.w	fp, [r9, #4]
   b4cc0:	5828      	ldr	r0, [r5, r0]
   b4cc2:	9101      	str	r1, [sp, #4]
   b4cc4:	455f      	cmp	r7, fp
   b4cc6:	bf28      	it	cs
   b4cc8:	465a      	movcs	r2, fp
   b4cca:	f001 fd84 	bl	b67d6 <strncmp>
                if (cmp == 0) {
   b4cce:	2800      	cmp	r0, #0
   b4cd0:	9901      	ldr	r1, [sp, #4]
   b4cd2:	f04f 0301 	mov.w	r3, #1
   b4cd6:	d10b      	bne.n	b4cf0 <_ZN5spark6detail9LogFilter9nodeIndexERKNS_6VectorINS1_4NodeENS_16DefaultAllocatorEEEPKcjRb+0x60>
                    if (node.size == value.second) { // Lengths are equal
   b4cd8:	455f      	cmp	r7, fp
   b4cda:	d103      	bne.n	b4ce4 <_ZN5spark6detail9LogFilter9nodeIndexERKNS_6VectorINS1_4NodeENS_16DefaultAllocatorEEEPKcjRb+0x54>
                        found = true; // Allows caller code to avoid extra call to strncmp()
   b4cdc:	9a00      	ldr	r2, [sp, #0]
   b4cde:	7013      	strb	r3, [r2, #0]
int spark::detail::LogFilter::nodeIndex(const Vector<Node> &nodes, const char *name, size_t size, bool &found) {
   b4ce0:	4634      	mov	r4, r6
   b4ce2:	e7e3      	b.n	b4cac <_ZN5spark6detail9LogFilter9nodeIndexERKNS_6VectorINS1_4NodeENS_16DefaultAllocatorEEEPKcjRb+0x1c>
	  _ForwardIterator __middle = __first;
	  std::advance(__middle, __half);
	  if (__comp(__middle, __val))
   b4ce4:	d9fc      	bls.n	b4ce0 <_ZN5spark6detail9LogFilter9nodeIndexERKNS_6VectorINS1_4NodeENS_16DefaultAllocatorEEEPKcjRb+0x50>
	    {
	      __first = __middle;
	      ++__first;
	      __len = __len - __half - 1;
   b4ce6:	1ba6      	subs	r6, r4, r6
	      ++__first;
   b4ce8:	f109 0514 	add.w	r5, r9, #20
	      __len = __len - __half - 1;
   b4cec:	3e01      	subs	r6, #1
   b4cee:	e7f7      	b.n	b4ce0 <_ZN5spark6detail9LogFilter9nodeIndexERKNS_6VectorINS1_4NodeENS_16DefaultAllocatorEEEPKcjRb+0x50>
	  if (__comp(__middle, __val))
   b4cf0:	dbf9      	blt.n	b4ce6 <_ZN5spark6detail9LogFilter9nodeIndexERKNS_6VectorINS1_4NodeENS_16DefaultAllocatorEEEPKcjRb+0x56>
   b4cf2:	e7f5      	b.n	b4ce0 <_ZN5spark6detail9LogFilter9nodeIndexERKNS_6VectorINS1_4NodeENS_16DefaultAllocatorEEEPKcjRb+0x50>
      return __last - __first;
   b4cf4:	eba5 0508 	sub.w	r5, r5, r8
}
   b4cf8:	4802      	ldr	r0, [pc, #8]	; (b4d04 <_ZN5spark6detail9LogFilter9nodeIndexERKNS_6VectorINS1_4NodeENS_16DefaultAllocatorEEEPKcjRb+0x74>)
   b4cfa:	10ad      	asrs	r5, r5, #2
   b4cfc:	4368      	muls	r0, r5
   b4cfe:	b003      	add	sp, #12
   b4d00:	e8bd 8ff0 	ldmia.w	sp!, {r4, r5, r6, r7, r8, r9, sl, fp, pc}
   b4d04:	cccccccd 	.word	0xcccccccd

000b4d08 <_ZNK5spark6detail9LogFilter5levelEPKc>:
LogLevel spark::detail::LogFilter::level(const char *category) const {
   b4d08:	b57f      	push	{r0, r1, r2, r3, r4, r5, r6, lr}
    if (!nodes_.isEmpty() && category) {
   b4d0a:	6903      	ldr	r3, [r0, #16]
    LogLevel level = level_; // Default level
   b4d0c:	7e05      	ldrb	r5, [r0, #24]
LogLevel spark::detail::LogFilter::level(const char *category) const {
   b4d0e:	9101      	str	r1, [sp, #4]
    if (!nodes_.isEmpty() && category) {
   b4d10:	b303      	cbz	r3, b4d54 <_ZNK5spark6detail9LogFilter5levelEPKc+0x4c>
   b4d12:	b1f9      	cbz	r1, b4d54 <_ZNK5spark6detail9LogFilter5levelEPKc+0x4c>
        size_t size = 0; // Name length
   b4d14:	2600      	movs	r6, #0
        const Vector<Node> *pNodes = &nodes_; // Root nodes
   b4d16:	f100 040c 	add.w	r4, r0, #12
        size_t size = 0; // Name length
   b4d1a:	9603      	str	r6, [sp, #12]
        while ((name = nextSubcategoryName(category, size))) {
   b4d1c:	a903      	add	r1, sp, #12
   b4d1e:	a801      	add	r0, sp, #4
   b4d20:	f7ff ff4b 	bl	b4bba <_ZN12_GLOBAL__N_119nextSubcategoryNameERPKcRj>
   b4d24:	4601      	mov	r1, r0
   b4d26:	b1a8      	cbz	r0, b4d54 <_ZNK5spark6detail9LogFilter5levelEPKc+0x4c>
            const int index = nodeIndex(*pNodes, name, size, found);
   b4d28:	f10d 030b 	add.w	r3, sp, #11
   b4d2c:	9a03      	ldr	r2, [sp, #12]
            bool found = false;
   b4d2e:	f88d 600b 	strb.w	r6, [sp, #11]
            const int index = nodeIndex(*pNodes, name, size, found);
   b4d32:	4620      	mov	r0, r4
   b4d34:	f7ff ffac 	bl	b4c90 <_ZN5spark6detail9LogFilter9nodeIndexERKNS_6VectorINS1_4NodeENS_16DefaultAllocatorEEEPKcjRb>
            if (!found) {
   b4d38:	f89d 300b 	ldrb.w	r3, [sp, #11]
   b4d3c:	b153      	cbz	r3, b4d54 <_ZNK5spark6detail9LogFilter5levelEPKc+0x4c>
    return data_[i];
   b4d3e:	6823      	ldr	r3, [r4, #0]
   b4d40:	2414      	movs	r4, #20
   b4d42:	fb04 3400 	mla	r4, r4, r0, r3
            pNodes = &node.nodes;
   b4d46:	3408      	adds	r4, #8
            if (node.level >= 0) {
   b4d48:	f934 3c02 	ldrsh.w	r3, [r4, #-2]
   b4d4c:	2b00      	cmp	r3, #0
                level = (LogLevel)node.level;
   b4d4e:	bfa8      	it	ge
   b4d50:	b2dd      	uxtbge	r5, r3
        while ((name = nextSubcategoryName(category, size))) {
   b4d52:	e7e3      	b.n	b4d1c <_ZNK5spark6detail9LogFilter5levelEPKc+0x14>
}
   b4d54:	4628      	mov	r0, r5
   b4d56:	b004      	add	sp, #16
   b4d58:	bd70      	pop	{r4, r5, r6, pc}

000b4d5a <_ZN5spark16StreamLogHandler6printfEPKcz>:
void spark::StreamLogHandler::printf(const char *fmt, ...) {
   b4d5a:	b40e      	push	{r1, r2, r3}
   b4d5c:	b5f0      	push	{r4, r5, r6, r7, lr}
   b4d5e:	b08c      	sub	sp, #48	; 0x30
   b4d60:	af00      	add	r7, sp, #0
   b4d62:	f107 0544 	add.w	r5, r7, #68	; 0x44
   b4d66:	4604      	mov	r4, r0
   b4d68:	f855 2b04 	ldr.w	r2, [r5], #4
    int n = vsnprintf(buf, sizeof(buf), fmt, args);
   b4d6c:	607a      	str	r2, [r7, #4]
   b4d6e:	462b      	mov	r3, r5
   b4d70:	2120      	movs	r1, #32
   b4d72:	f107 0010 	add.w	r0, r7, #16
    va_start(args, fmt);
   b4d76:	60fd      	str	r5, [r7, #12]
    int n = vsnprintf(buf, sizeof(buf), fmt, args);
   b4d78:	f7ff fd2c 	bl	b47d4 <vsnprintf>
    if ((size_t)n >= sizeof(buf)) {
   b4d7c:	281f      	cmp	r0, #31
   b4d7e:	687a      	ldr	r2, [r7, #4]
   b4d80:	d91a      	bls.n	b4db8 <_ZN5spark16StreamLogHandler6printfEPKcz+0x5e>
        char buf[n + 1]; // Use a larger buffer
   b4d82:	f100 0308 	add.w	r3, r0, #8
   b4d86:	f023 0307 	bic.w	r3, r3, #7
        }
   b4d8a:	466e      	mov	r6, sp
        char buf[n + 1]; // Use a larger buffer
   b4d8c:	ebad 0d03 	sub.w	sp, sp, r3
        n = vsnprintf(buf, sizeof(buf), fmt, args);
   b4d90:	1c41      	adds	r1, r0, #1
   b4d92:	462b      	mov	r3, r5
   b4d94:	4668      	mov	r0, sp
        va_start(args, fmt);
   b4d96:	60fd      	str	r5, [r7, #12]
        n = vsnprintf(buf, sizeof(buf), fmt, args);
   b4d98:	f7ff fd1c 	bl	b47d4 <vsnprintf>
        if (n > 0) {
   b4d9c:	1e02      	subs	r2, r0, #0
   b4d9e:	dd04      	ble.n	b4daa <_ZN5spark16StreamLogHandler6printfEPKcz+0x50>
            write(buf, n);
   b4da0:	6823      	ldr	r3, [r4, #0]
   b4da2:	4669      	mov	r1, sp
   b4da4:	68db      	ldr	r3, [r3, #12]
   b4da6:	4620      	mov	r0, r4
   b4da8:	4798      	blx	r3
   b4daa:	46b5      	mov	sp, r6
}
   b4dac:	3730      	adds	r7, #48	; 0x30
   b4dae:	46bd      	mov	sp, r7
   b4db0:	e8bd 40f0 	ldmia.w	sp!, {r4, r5, r6, r7, lr}
   b4db4:	b003      	add	sp, #12
   b4db6:	4770      	bx	lr
    } else if (n > 0) {
   b4db8:	2800      	cmp	r0, #0
   b4dba:	d0f7      	beq.n	b4dac <_ZN5spark16StreamLogHandler6printfEPKcz+0x52>
        write(buf, n);
   b4dbc:	6823      	ldr	r3, [r4, #0]
   b4dbe:	4602      	mov	r2, r0
   b4dc0:	68db      	ldr	r3, [r3, #12]
   b4dc2:	f107 0110 	add.w	r1, r7, #16
   b4dc6:	4620      	mov	r0, r4
   b4dc8:	4798      	blx	r3
}
   b4dca:	e7ef      	b.n	b4dac <_ZN5spark16StreamLogHandler6printfEPKcz+0x52>

000b4dcc <_ZN5spark24DefaultLogHandlerFactory8instanceEv>:
spark::DefaultLogHandlerFactory* spark::DefaultLogHandlerFactory::instance() {
   b4dcc:	b510      	push	{r4, lr}
    static DefaultLogHandlerFactory factory;
   b4dce:	4c09      	ldr	r4, [pc, #36]	; (b4df4 <_ZN5spark24DefaultLogHandlerFactory8instanceEv+0x28>)
   b4dd0:	7823      	ldrb	r3, [r4, #0]
   b4dd2:	f3bf 8f5b 	dmb	ish
   b4dd6:	07db      	lsls	r3, r3, #31
   b4dd8:	d409      	bmi.n	b4dee <_ZN5spark24DefaultLogHandlerFactory8instanceEv+0x22>
   b4dda:	4620      	mov	r0, r4
   b4ddc:	f7ff fd1a 	bl	b4814 <__cxa_guard_acquire>
   b4de0:	b128      	cbz	r0, b4dee <_ZN5spark24DefaultLogHandlerFactory8instanceEv+0x22>
   b4de2:	4620      	mov	r0, r4
   b4de4:	f7ff fd1e 	bl	b4824 <__cxa_guard_release>
   b4de8:	4803      	ldr	r0, [pc, #12]	; (b4df8 <_ZN5spark24DefaultLogHandlerFactory8instanceEv+0x2c>)
   b4dea:	f001 fc69 	bl	b66c0 <atexit>
}
   b4dee:	4803      	ldr	r0, [pc, #12]	; (b4dfc <_ZN5spark24DefaultLogHandlerFactory8instanceEv+0x30>)
   b4df0:	bd10      	pop	{r4, pc}
   b4df2:	bf00      	nop
   b4df4:	2003df3c 	.word	0x2003df3c
   b4df8:	000b4bb5 	.word	0x000b4bb5
   b4dfc:	2003de70 	.word	0x2003de70

000b4e00 <_ZN5spark26DefaultOutputStreamFactory8instanceEv>:

spark::DefaultOutputStreamFactory* spark::DefaultOutputStreamFactory::instance() {
   b4e00:	b510      	push	{r4, lr}
    static DefaultOutputStreamFactory factory;
   b4e02:	4c09      	ldr	r4, [pc, #36]	; (b4e28 <_ZN5spark26DefaultOutputStreamFactory8instanceEv+0x28>)
   b4e04:	7823      	ldrb	r3, [r4, #0]
   b4e06:	f3bf 8f5b 	dmb	ish
   b4e0a:	07db      	lsls	r3, r3, #31
   b4e0c:	d409      	bmi.n	b4e22 <_ZN5spark26DefaultOutputStreamFactory8instanceEv+0x22>
   b4e0e:	4620      	mov	r0, r4
   b4e10:	f7ff fd00 	bl	b4814 <__cxa_guard_acquire>
   b4e14:	b128      	cbz	r0, b4e22 <_ZN5spark26DefaultOutputStreamFactory8instanceEv+0x22>
   b4e16:	4620      	mov	r0, r4
   b4e18:	f7ff fd04 	bl	b4824 <__cxa_guard_release>
   b4e1c:	4803      	ldr	r0, [pc, #12]	; (b4e2c <_ZN5spark26DefaultOutputStreamFactory8instanceEv+0x2c>)
   b4e1e:	f001 fc4f 	bl	b66c0 <atexit>
    return &factory;
}
   b4e22:	4803      	ldr	r0, [pc, #12]	; (b4e30 <_ZN5spark26DefaultOutputStreamFactory8instanceEv+0x30>)
   b4e24:	bd10      	pop	{r4, pc}
   b4e26:	bf00      	nop
   b4e28:	2003df40 	.word	0x2003df40
   b4e2c:	000b4c0d 	.word	0x000b4c0d
   b4e30:	2003de74 	.word	0x2003de74

000b4e34 <_ZN5spark10LogManagerC1Ev>:
    Print *stream;
};

#endif // Wiring_LogConfig

spark::LogManager::LogManager() {
   b4e34:	b538      	push	{r3, r4, r5, lr}
        capacity_(0) {
   b4e36:	2500      	movs	r5, #0
   b4e38:	4604      	mov	r4, r0
   b4e3a:	e9c0 5500 	strd	r5, r5, [r0]
   b4e3e:	e9c0 5504 	strd	r5, r5, [r0, #16]
   b4e42:	6085      	str	r5, [r0, #8]
   b4e44:	6185      	str	r5, [r0, #24]
    RecursiveMutex() : handle_(nullptr)
   b4e46:	f840 5f24 	str.w	r5, [r0, #36]!
        os_mutex_recursive_create(&handle_);
   b4e4a:	f7ff faed 	bl	b4428 <os_mutex_recursive_create>
#if Wiring_LogConfig
    handlerFactory_ = DefaultLogHandlerFactory::instance();
   b4e4e:	f7ff ffbd 	bl	b4dcc <_ZN5spark24DefaultLogHandlerFactory8instanceEv>
   b4e52:	61e0      	str	r0, [r4, #28]
    streamFactory_ = DefaultOutputStreamFactory::instance();
   b4e54:	f7ff ffd4 	bl	b4e00 <_ZN5spark26DefaultOutputStreamFactory8instanceEv>
#endif
    outputActive_ = false;
   b4e58:	7325      	strb	r5, [r4, #12]
    streamFactory_ = DefaultOutputStreamFactory::instance();
   b4e5a:	6220      	str	r0, [r4, #32]
}
   b4e5c:	4620      	mov	r0, r4
   b4e5e:	bd38      	pop	{r3, r4, r5, pc}

000b4e60 <_ZN5spark10LogManager8instanceEv>:
            resetSystemCallbacks();
        }
    }
}

spark::LogManager* spark::LogManager::instance() {
   b4e60:	b510      	push	{r4, lr}
    static LogManager mgr;
   b4e62:	4c0a      	ldr	r4, [pc, #40]	; (b4e8c <_ZN5spark10LogManager8instanceEv+0x2c>)
   b4e64:	7823      	ldrb	r3, [r4, #0]
   b4e66:	f3bf 8f5b 	dmb	ish
   b4e6a:	07db      	lsls	r3, r3, #31
   b4e6c:	d40c      	bmi.n	b4e88 <_ZN5spark10LogManager8instanceEv+0x28>
   b4e6e:	4620      	mov	r0, r4
   b4e70:	f7ff fcd0 	bl	b4814 <__cxa_guard_acquire>
   b4e74:	b140      	cbz	r0, b4e88 <_ZN5spark10LogManager8instanceEv+0x28>
   b4e76:	4806      	ldr	r0, [pc, #24]	; (b4e90 <_ZN5spark10LogManager8instanceEv+0x30>)
   b4e78:	f7ff ffdc 	bl	b4e34 <_ZN5spark10LogManagerC1Ev>
   b4e7c:	4620      	mov	r0, r4
   b4e7e:	f7ff fcd1 	bl	b4824 <__cxa_guard_release>
   b4e82:	4804      	ldr	r0, [pc, #16]	; (b4e94 <_ZN5spark10LogManager8instanceEv+0x34>)
   b4e84:	f001 fc1c 	bl	b66c0 <atexit>
    return &mgr;
}
   b4e88:	4801      	ldr	r0, [pc, #4]	; (b4e90 <_ZN5spark10LogManager8instanceEv+0x30>)
   b4e8a:	bd10      	pop	{r4, pc}
   b4e8c:	2003df38 	.word	0x2003df38
   b4e90:	2003df48 	.word	0x2003df48
   b4e94:	000b53d9 	.word	0x000b53d9

000b4e98 <_ZN5spark10LogManager18setSystemCallbacksEv>:
}

#endif // Wiring_LogConfig

void spark::LogManager::setSystemCallbacks() {
    log_set_callbacks(logMessage, logWrite, logEnabled, nullptr);
   b4e98:	4a02      	ldr	r2, [pc, #8]	; (b4ea4 <_ZN5spark10LogManager18setSystemCallbacksEv+0xc>)
   b4e9a:	4903      	ldr	r1, [pc, #12]	; (b4ea8 <_ZN5spark10LogManager18setSystemCallbacksEv+0x10>)
   b4e9c:	4803      	ldr	r0, [pc, #12]	; (b4eac <_ZN5spark10LogManager18setSystemCallbacksEv+0x14>)
   b4e9e:	2300      	movs	r3, #0
   b4ea0:	f7ff bbc2 	b.w	b4628 <log_set_callbacks>
   b4ea4:	000b51bd 	.word	0x000b51bd
   b4ea8:	000b5149 	.word	0x000b5149
   b4eac:	000b50c9 	.word	0x000b50c9

000b4eb0 <_ZN5spark10LogManager20resetSystemCallbacksEv>:
}

void spark::LogManager::resetSystemCallbacks() {
    log_set_callbacks(nullptr, nullptr, nullptr, nullptr);
   b4eb0:	2300      	movs	r3, #0
   b4eb2:	461a      	mov	r2, r3
   b4eb4:	4619      	mov	r1, r3
   b4eb6:	4618      	mov	r0, r3
   b4eb8:	f7ff bbb6 	b.w	b4628 <log_set_callbacks>

000b4ebc <_ZN5spark18JSONObjectIteratorC1ERKNS_9JSONValueE>:
inline spark::JSONObjectIterator::JSONObjectIterator(const JSONValue &value) :
   b4ebc:	b537      	push	{r0, r1, r2, r4, r5, lr}
        JSONObjectIterator(value.t_, value.d_) {
   b4ebe:	688d      	ldr	r5, [r1, #8]
inline spark::JSONObjectIterator::JSONObjectIterator(const JSONValue &value) :
   b4ec0:	4604      	mov	r4, r0
       *  @brief  Construct an empty %shared_ptr.
       *  @post   use_count()==0 && get()==0
       */
      constexpr shared_ptr() noexcept : __shared_ptr<_Tp>() { }

      shared_ptr(const shared_ptr&) noexcept = default; ///< Copy constructor
   b4ec2:	4668      	mov	r0, sp
   b4ec4:	f7ff fcf4 	bl	b48b0 <_ZNSt12__shared_ptrIN5spark6detail8JSONDataELN9__gnu_cxx12_Lock_policyE0EEC1ERKS5_>
        JSONObjectIterator(value.t_, value.d_) {
   b4ec8:	466a      	mov	r2, sp
   b4eca:	4629      	mov	r1, r5
   b4ecc:	4620      	mov	r0, r4
   b4ece:	f001 f8a7 	bl	b6020 <_ZN5spark18JSONObjectIteratorC1EPK9jsmntok_tSt10shared_ptrINS_6detail8JSONDataEE>
      __shared_ptr& operator=(const __shared_ptr&) noexcept = default;
      ~__shared_ptr() = default;
   b4ed2:	a801      	add	r0, sp, #4
   b4ed4:	f7ff fcf5 	bl	b48c2 <_ZNSt14__shared_countILN9__gnu_cxx12_Lock_policyE0EED1Ev>
}
   b4ed8:	4620      	mov	r0, r4
   b4eda:	b003      	add	sp, #12
   b4edc:	bd30      	pop	{r4, r5, pc}

000b4ede <_ZNK5spark18JSONObjectIterator4nameEv>:
inline spark::JSONString spark::JSONObjectIterator::name() const {
   b4ede:	b537      	push	{r0, r1, r2, r4, r5, lr}
    return JSONString(k_, d_);
   b4ee0:	68cd      	ldr	r5, [r1, #12]
inline spark::JSONString spark::JSONObjectIterator::name() const {
   b4ee2:	4604      	mov	r4, r0
   b4ee4:	4668      	mov	r0, sp
   b4ee6:	f7ff fce3 	bl	b48b0 <_ZNSt12__shared_ptrIN5spark6detail8JSONDataELN9__gnu_cxx12_Lock_policyE0EEC1ERKS5_>
    return JSONString(k_, d_);
   b4eea:	466a      	mov	r2, sp
   b4eec:	4629      	mov	r1, r5
   b4eee:	4620      	mov	r0, r4
   b4ef0:	f001 f872 	bl	b5fd8 <_ZN5spark10JSONStringC1EPK9jsmntok_tSt10shared_ptrINS_6detail8JSONDataEE>
   b4ef4:	a801      	add	r0, sp, #4
   b4ef6:	f7ff fce4 	bl	b48c2 <_ZNSt14__shared_countILN9__gnu_cxx12_Lock_policyE0EED1Ev>
}
   b4efa:	4620      	mov	r0, r4
   b4efc:	b003      	add	sp, #12
   b4efe:	bd30      	pop	{r4, r5, pc}

000b4f00 <_ZNK5spark18JSONObjectIterator5valueEv>:
inline spark::JSONValue spark::JSONObjectIterator::value() const {
   b4f00:	b537      	push	{r0, r1, r2, r4, r5, lr}
    return JSONValue(v_, d_);
   b4f02:	690d      	ldr	r5, [r1, #16]
inline spark::JSONValue spark::JSONObjectIterator::value() const {
   b4f04:	4604      	mov	r4, r0
   b4f06:	4668      	mov	r0, sp
   b4f08:	f7ff fcd2 	bl	b48b0 <_ZNSt12__shared_ptrIN5spark6detail8JSONDataELN9__gnu_cxx12_Lock_policyE0EEC1ERKS5_>
    return JSONValue(v_, d_);
   b4f0c:	466a      	mov	r2, sp
   b4f0e:	4629      	mov	r1, r5
   b4f10:	4620      	mov	r0, r4
   b4f12:	f001 f80a 	bl	b5f2a <_ZN5spark9JSONValueC1EPK9jsmntok_tSt10shared_ptrINS_6detail8JSONDataEE>
   b4f16:	a801      	add	r0, sp, #4
   b4f18:	f7ff fcd3 	bl	b48c2 <_ZNSt14__shared_countILN9__gnu_cxx12_Lock_policyE0EED1Ev>
}
   b4f1c:	4620      	mov	r0, r4
   b4f1e:	b003      	add	sp, #12
   b4f20:	bd30      	pop	{r4, r5, pc}
	...

000b4f24 <_ZN5spark26DefaultOutputStreamFactory9getParamsERKNS_9JSONValueEPi>:
void spark::DefaultOutputStreamFactory::getParams(const JSONValue &params, int *baudRate) {
   b4f24:	b570      	push	{r4, r5, r6, lr}
   b4f26:	b08a      	sub	sp, #40	; 0x28
   b4f28:	460d      	mov	r5, r1
    JSONObjectIterator it(params);
   b4f2a:	4601      	mov	r1, r0
   b4f2c:	a804      	add	r0, sp, #16
   b4f2e:	f7ff ffc5 	bl	b4ebc <_ZN5spark18JSONObjectIteratorC1ERKNS_9JSONValueE>
        if (it.name() == "baud" && baudRate) {
   b4f32:	4e14      	ldr	r6, [pc, #80]	; (b4f84 <_ZN5spark26DefaultOutputStreamFactory9getParamsERKNS_9JSONValueEPi+0x60>)
    while (it.next()) {
   b4f34:	a804      	add	r0, sp, #16
   b4f36:	f001 f88b 	bl	b6050 <_ZN5spark18JSONObjectIterator4nextEv>
   b4f3a:	b1e8      	cbz	r0, b4f78 <_ZN5spark26DefaultOutputStreamFactory9getParamsERKNS_9JSONValueEPi+0x54>
        if (it.name() == "baud" && baudRate) {
   b4f3c:	a904      	add	r1, sp, #16
   b4f3e:	4668      	mov	r0, sp
   b4f40:	f7ff ffcd 	bl	b4ede <_ZNK5spark18JSONObjectIterator4nameEv>
   b4f44:	9802      	ldr	r0, [sp, #8]
   b4f46:	4631      	mov	r1, r6
   b4f48:	f7ff fe59 	bl	b4bfe <_ZNK5spark10JSONStringeqEPKc.isra.0>
   b4f4c:	4604      	mov	r4, r0
   b4f4e:	b110      	cbz	r0, b4f56 <_ZN5spark26DefaultOutputStreamFactory9getParamsERKNS_9JSONValueEPi+0x32>
   b4f50:	1e2c      	subs	r4, r5, #0
   b4f52:	bf18      	it	ne
   b4f54:	2401      	movne	r4, #1
   b4f56:	a801      	add	r0, sp, #4
   b4f58:	f7ff fcb3 	bl	b48c2 <_ZNSt14__shared_countILN9__gnu_cxx12_Lock_policyE0EED1Ev>
   b4f5c:	2c00      	cmp	r4, #0
   b4f5e:	d0e9      	beq.n	b4f34 <_ZN5spark26DefaultOutputStreamFactory9getParamsERKNS_9JSONValueEPi+0x10>
            *baudRate = it.value().toInt();
   b4f60:	a904      	add	r1, sp, #16
   b4f62:	4668      	mov	r0, sp
   b4f64:	f7ff ffcc 	bl	b4f00 <_ZNK5spark18JSONObjectIterator5valueEv>
   b4f68:	4668      	mov	r0, sp
   b4f6a:	f001 f814 	bl	b5f96 <_ZNK5spark9JSONValue5toIntEv>
   b4f6e:	6028      	str	r0, [r5, #0]
   b4f70:	a801      	add	r0, sp, #4
   b4f72:	f7ff fca6 	bl	b48c2 <_ZNSt14__shared_countILN9__gnu_cxx12_Lock_policyE0EED1Ev>
   b4f76:	e7dd      	b.n	b4f34 <_ZN5spark26DefaultOutputStreamFactory9getParamsERKNS_9JSONValueEPi+0x10>
   b4f78:	a805      	add	r0, sp, #20
   b4f7a:	f7ff fca2 	bl	b48c2 <_ZNSt14__shared_countILN9__gnu_cxx12_Lock_policyE0EED1Ev>
}
   b4f7e:	b00a      	add	sp, #40	; 0x28
   b4f80:	bd70      	pop	{r4, r5, r6, pc}
   b4f82:	bf00      	nop
   b4f84:	000b6a64 	.word	0x000b6a64

000b4f88 <_ZN5spark26DefaultOutputStreamFactory12createStreamEPKcRKNS_9JSONValueE>:
Print* spark::DefaultOutputStreamFactory::createStream(const char *type, const JSONValue &params) {
   b4f88:	b537      	push	{r0, r1, r2, r4, r5, lr}
   b4f8a:	460c      	mov	r4, r1
    if (strcmp(type, "Serial") == 0) {
   b4f8c:	4620      	mov	r0, r4
   b4f8e:	4913      	ldr	r1, [pc, #76]	; (b4fdc <_ZN5spark26DefaultOutputStreamFactory12createStreamEPKcRKNS_9JSONValueE+0x54>)
Print* spark::DefaultOutputStreamFactory::createStream(const char *type, const JSONValue &params) {
   b4f90:	4615      	mov	r5, r2
    if (strcmp(type, "Serial") == 0) {
   b4f92:	f7ff f843 	bl	b401c <strcmp>
   b4f96:	b950      	cbnz	r0, b4fae <_ZN5spark26DefaultOutputStreamFactory12createStreamEPKcRKNS_9JSONValueE+0x26>
        Serial.begin();
   b4f98:	f000 ff34 	bl	b5e04 <_Z16_fetch_usbserialv>
   b4f9c:	f44f 5116 	mov.w	r1, #9600	; 0x2580
   b4fa0:	f000 ff20 	bl	b5de4 <_ZN9USBSerial5beginEl>
}
   b4fa4:	b003      	add	sp, #12
   b4fa6:	e8bd 4030 	ldmia.w	sp!, {r4, r5, lr}
        return &Serial;
   b4faa:	f000 bf2b 	b.w	b5e04 <_Z16_fetch_usbserialv>
    if (strcmp(type, "Serial1") == 0) {
   b4fae:	490c      	ldr	r1, [pc, #48]	; (b4fe0 <_ZN5spark26DefaultOutputStreamFactory12createStreamEPKcRKNS_9JSONValueE+0x58>)
   b4fb0:	4620      	mov	r0, r4
   b4fb2:	f7ff f833 	bl	b401c <strcmp>
   b4fb6:	b978      	cbnz	r0, b4fd8 <_ZN5spark26DefaultOutputStreamFactory12createStreamEPKcRKNS_9JSONValueE+0x50>
        int baud = 9600;
   b4fb8:	f44f 5316 	mov.w	r3, #9600	; 0x2580
        getParams(params, &baud);
   b4fbc:	a901      	add	r1, sp, #4
   b4fbe:	4628      	mov	r0, r5
        int baud = 9600;
   b4fc0:	9301      	str	r3, [sp, #4]
        getParams(params, &baud);
   b4fc2:	f7ff ffaf 	bl	b4f24 <_ZN5spark26DefaultOutputStreamFactory9getParamsERKNS_9JSONValueEPi>
        Serial1.begin(baud);
   b4fc6:	f001 fb13 	bl	b65f0 <_Z22__fetch_global_Serial1v>
   b4fca:	9901      	ldr	r1, [sp, #4]
   b4fcc:	f001 f96e 	bl	b62ac <_ZN11USARTSerial5beginEm>
        return &Serial1;
   b4fd0:	f001 fb0e 	bl	b65f0 <_Z22__fetch_global_Serial1v>
}
   b4fd4:	b003      	add	sp, #12
   b4fd6:	bd30      	pop	{r4, r5, pc}
    return nullptr;
   b4fd8:	2000      	movs	r0, #0
   b4fda:	e7fb      	b.n	b4fd4 <_ZN5spark26DefaultOutputStreamFactory12createStreamEPKcRKNS_9JSONValueE+0x4c>
   b4fdc:	000b6a69 	.word	0x000b6a69
   b4fe0:	000b6a70 	.word	0x000b6a70

000b4fe4 <_ZN5spark6VectorINS_6detail9LogFilter4NodeENS_16DefaultAllocatorEED1Ev>:
inline spark::Vector<T, AllocatorT>::~Vector() {
   b4fe4:	b570      	push	{r4, r5, r6, lr}
    destruct(data_, data_ + size_);
   b4fe6:	e9d0 5300 	ldrd	r5, r3, [r0]
   b4fea:	2614      	movs	r6, #20
inline spark::Vector<T, AllocatorT>::~Vector() {
   b4fec:	4604      	mov	r4, r0
    destruct(data_, data_ + size_);
   b4fee:	fb06 5603 	mla	r6, r6, r3, r5
        for (; p != end; ++p) {
   b4ff2:	42ae      	cmp	r6, r5
   b4ff4:	d005      	beq.n	b5002 <_ZN5spark6VectorINS_6detail9LogFilter4NodeENS_16DefaultAllocatorEED1Ev+0x1e>
struct spark::detail::LogFilter::Node {
   b4ff6:	f105 0008 	add.w	r0, r5, #8
   b4ffa:	f7ff fff3 	bl	b4fe4 <_ZN5spark6VectorINS_6detail9LogFilter4NodeENS_16DefaultAllocatorEED1Ev>
   b4ffe:	3514      	adds	r5, #20
   b5000:	e7f7      	b.n	b4ff2 <_ZN5spark6VectorINS_6detail9LogFilter4NodeENS_16DefaultAllocatorEED1Ev+0xe>
    ::free(ptr);
   b5002:	6820      	ldr	r0, [r4, #0]
   b5004:	f7ff fbce 	bl	b47a4 <free>
}
   b5008:	4620      	mov	r0, r4
   b500a:	bd70      	pop	{r4, r5, r6, pc}

000b500c <_ZN5spark6detail9LogFilterD1Ev>:
spark::detail::LogFilter::~LogFilter() {
   b500c:	b510      	push	{r4, lr}
   b500e:	4604      	mov	r4, r0
   b5010:	300c      	adds	r0, #12
   b5012:	f7ff ffe7 	bl	b4fe4 <_ZN5spark6VectorINS_6detail9LogFilter4NodeENS_16DefaultAllocatorEED1Ev>
   b5016:	4620      	mov	r0, r4
   b5018:	f7ff fd26 	bl	b4a68 <_ZN5spark6VectorI6StringNS_16DefaultAllocatorEED1Ev>
}
   b501c:	4620      	mov	r0, r4
   b501e:	bd10      	pop	{r4, pc}

000b5020 <_ZN5spark16StreamLogHandlerD1Ev>:
class StreamLogHandler: public LogHandler {
   b5020:	b510      	push	{r4, lr}
    virtual ~LogHandler() = default;
   b5022:	4b04      	ldr	r3, [pc, #16]	; (b5034 <_ZN5spark16StreamLogHandlerD1Ev+0x14>)
class StreamLogHandler: public LogHandler {
   b5024:	4604      	mov	r4, r0
    virtual ~LogHandler() = default;
   b5026:	f840 3b04 	str.w	r3, [r0], #4
   b502a:	f7ff ffef 	bl	b500c <_ZN5spark6detail9LogFilterD1Ev>
class StreamLogHandler: public LogHandler {
   b502e:	4620      	mov	r0, r4
   b5030:	bd10      	pop	{r4, pc}
   b5032:	bf00      	nop
   b5034:	000b69e0 	.word	0x000b69e0

000b5038 <_ZN5spark16StreamLogHandlerD0Ev>:
   b5038:	b510      	push	{r4, lr}
   b503a:	4604      	mov	r4, r0
   b503c:	f7ff fff0 	bl	b5020 <_ZN5spark16StreamLogHandlerD1Ev>
   b5040:	4620      	mov	r0, r4
   b5042:	2124      	movs	r1, #36	; 0x24
   b5044:	f7ff f83b 	bl	b40be <_ZdlPvj>
   b5048:	4620      	mov	r0, r4
   b504a:	bd10      	pop	{r4, pc}

000b504c <_ZN5spark20JSONStreamLogHandlerD1Ev>:
class JSONStreamLogHandler: public StreamLogHandler {
   b504c:	b510      	push	{r4, lr}
   b504e:	4b03      	ldr	r3, [pc, #12]	; (b505c <_ZN5spark20JSONStreamLogHandlerD1Ev+0x10>)
   b5050:	6003      	str	r3, [r0, #0]
   b5052:	4604      	mov	r4, r0
   b5054:	f7ff ffe4 	bl	b5020 <_ZN5spark16StreamLogHandlerD1Ev>
   b5058:	4620      	mov	r0, r4
   b505a:	bd10      	pop	{r4, pc}
   b505c:	000b6afc 	.word	0x000b6afc

000b5060 <_ZN5spark20JSONStreamLogHandlerD0Ev>:
   b5060:	b510      	push	{r4, lr}
   b5062:	4604      	mov	r4, r0
   b5064:	f7ff fff2 	bl	b504c <_ZN5spark20JSONStreamLogHandlerD1Ev>
   b5068:	4620      	mov	r0, r4
   b506a:	2124      	movs	r1, #36	; 0x24
   b506c:	f7ff f827 	bl	b40be <_ZdlPvj>
   b5070:	4620      	mov	r0, r4
   b5072:	bd10      	pop	{r4, pc}

000b5074 <_ZN5spark6detail9LogFilter4NodeC1EOS2_>:
struct spark::detail::LogFilter::Node {
   b5074:	680a      	ldr	r2, [r1, #0]
   b5076:	6002      	str	r2, [r0, #0]
   b5078:	684a      	ldr	r2, [r1, #4]
   b507a:	6042      	str	r2, [r0, #4]
        capacity_(0) {
   b507c:	2200      	movs	r2, #0
   b507e:	e9c0 2202 	strd	r2, r2, [r0, #8]
   b5082:	b510      	push	{r4, lr}
   b5084:	6102      	str	r2, [r0, #16]
      __a = _GLIBCXX_MOVE(__b);
   b5086:	688c      	ldr	r4, [r1, #8]
   b5088:	6084      	str	r4, [r0, #8]
   b508a:	68cc      	ldr	r4, [r1, #12]
   b508c:	60c4      	str	r4, [r0, #12]
   b508e:	690c      	ldr	r4, [r1, #16]
      __b = _GLIBCXX_MOVE(__tmp);
   b5090:	608a      	str	r2, [r1, #8]
   b5092:	60ca      	str	r2, [r1, #12]
      __a = _GLIBCXX_MOVE(__b);
   b5094:	6104      	str	r4, [r0, #16]
      __b = _GLIBCXX_MOVE(__tmp);
   b5096:	610a      	str	r2, [r1, #16]
   b5098:	bd10      	pop	{r4, pc}

000b509a <_ZN5spark6VectorINS_17LogCategoryFilterENS_16DefaultAllocatorEEC1EOS3_>:
   b509a:	2200      	movs	r2, #0
   b509c:	e9c0 2200 	strd	r2, r2, [r0]
inline spark::Vector<T, AllocatorT>::Vector(Vector<T, AllocatorT>&& vector) : Vector() {
   b50a0:	b510      	push	{r4, lr}
        capacity_(0) {
   b50a2:	6082      	str	r2, [r0, #8]
      __a = _GLIBCXX_MOVE(__b);
   b50a4:	680c      	ldr	r4, [r1, #0]
   b50a6:	6004      	str	r4, [r0, #0]
   b50a8:	684c      	ldr	r4, [r1, #4]
   b50aa:	6044      	str	r4, [r0, #4]
   b50ac:	688c      	ldr	r4, [r1, #8]
      __b = _GLIBCXX_MOVE(__tmp);
   b50ae:	600a      	str	r2, [r1, #0]
   b50b0:	604a      	str	r2, [r1, #4]
      __a = _GLIBCXX_MOVE(__b);
   b50b2:	6084      	str	r4, [r0, #8]
      __b = _GLIBCXX_MOVE(__tmp);
   b50b4:	608a      	str	r2, [r1, #8]
}
   b50b6:	bd10      	pop	{r4, pc}

000b50b8 <_ZNSt10lock_guardI14RecursiveMutexED1Ev>:
      { _M_device.lock(); }

      lock_guard(mutex_type& __m, adopt_lock_t) noexcept : _M_device(__m)
      { } // calling thread owns mutex

      ~lock_guard()
   b50b8:	b510      	push	{r4, lr}
    bool trylock() { return os_mutex_recursive_trylock(handle_)==0; }
    bool try_lock() { return trylock(); }
    void unlock() { os_mutex_recursive_unlock(handle_); }
   b50ba:	6803      	ldr	r3, [r0, #0]
   b50bc:	4604      	mov	r4, r0
   b50be:	6818      	ldr	r0, [r3, #0]
   b50c0:	f7ff f9ca 	bl	b4458 <os_mutex_recursive_unlock>
      { _M_device.unlock(); }
   b50c4:	4620      	mov	r0, r4
   b50c6:	bd10      	pop	{r4, pc}

000b50c8 <_ZN5spark10LogManager10logMessageEPKciS2_PK13LogAttributesPv>:
}

void spark::LogManager::logMessage(const char *msg, int level, const char *category, const LogAttributes *attr, void *reserved) {
   b50c8:	e92d 4ff0 	stmdb	sp!, {r4, r5, r6, r7, r8, r9, sl, fp, lr}
   b50cc:	b087      	sub	sp, #28
   b50ce:	4680      	mov	r8, r0
   b50d0:	9303      	str	r3, [sp, #12]
    #endif /* nRF52840 */

#if defined(STM32F10X_MD) || defined(STM32F10X_HD) || defined(STM32F2XX) || defined(nRF52840)

static inline bool hal_interrupt_is_isr() {
	return (SCB->ICSR & SCB_ICSR_VECTACTIVE_Msk) != 0;
   b50d2:	4b1c      	ldr	r3, [pc, #112]	; (b5144 <_ZN5spark10LogManager10logMessageEPKciS2_PK13LogAttributesPv+0x7c>)
   b50d4:	685b      	ldr	r3, [r3, #4]
   b50d6:	f3c3 0308 	ubfx	r3, r3, #0, #9
   b50da:	4689      	mov	r9, r1
   b50dc:	4616      	mov	r6, r2
#ifndef LOG_FROM_ISR
    if (hal_interrupt_is_isr()) {
   b50de:	b96b      	cbnz	r3, b50fc <_ZN5spark10LogManager10logMessageEPKciS2_PK13LogAttributesPv+0x34>
        return;
    }
#endif
    LogManager *that = instance();
   b50e0:	f7ff febe 	bl	b4e60 <_ZN5spark10LogManager8instanceEv>
   b50e4:	4604      	mov	r4, r0
    LOG_WITH_LOCK(that->mutex_) {
   b50e6:	f100 0324 	add.w	r3, r0, #36	; 0x24
      { _M_device.lock(); }
   b50ea:	6a40      	ldr	r0, [r0, #36]	; 0x24
      explicit lock_guard(mutex_type& __m) : _M_device(__m)
   b50ec:	9305      	str	r3, [sp, #20]
      { _M_device.lock(); }
   b50ee:	f7ff fd84 	bl	b4bfa <_ZN14RecursiveMutex4lockEv.isra.0>
        // prevent re-entry
        if (that->isActive()) {
   b50f2:	7b23      	ldrb	r3, [r4, #12]
   b50f4:	b12b      	cbz	r3, b5102 <_ZN5spark10LogManager10logMessageEPKciS2_PK13LogAttributesPv+0x3a>
    LOG_WITH_LOCK(that->mutex_) {
   b50f6:	a805      	add	r0, sp, #20
   b50f8:	f7ff ffde 	bl	b50b8 <_ZNSt10lock_guardI14RecursiveMutexED1Ev>
        for (LogHandler *handler: that->activeHandlers_) {
            handler->message(msg, (LogLevel)level, category, *attr);
        }
        that->setActive(false);
    }
}
   b50fc:	b007      	add	sp, #28
   b50fe:	e8bd 8ff0 	ldmia.w	sp!, {r4, r5, r6, r7, r8, r9, sl, fp, pc}
inline bool spark::LogManager::isActive() const {
    return outputActive_;
}

inline void spark::LogManager::setActive(bool outputActive) {
    outputActive_ = outputActive;
   b5102:	2301      	movs	r3, #1
   b5104:	7323      	strb	r3, [r4, #12]
    return data_ + size_;
   b5106:	e9d4 5300 	ldrd	r5, r3, [r4]
            handler->message(msg, (LogLevel)level, category, *attr);
   b510a:	fa5f f989 	uxtb.w	r9, r9
   b510e:	eb05 0a83 	add.w	sl, r5, r3, lsl #2
        for (LogHandler *handler: that->activeHandlers_) {
   b5112:	45aa      	cmp	sl, r5
   b5114:	d012      	beq.n	b513c <_ZN5spark10LogManager10logMessageEPKciS2_PK13LogAttributesPv+0x74>
   b5116:	f855 7b04 	ldr.w	r7, [r5], #4
    if (level >= filter_.level(category)) {
   b511a:	4631      	mov	r1, r6
   b511c:	1d38      	adds	r0, r7, #4
   b511e:	f7ff fdf3 	bl	b4d08 <_ZNK5spark6detail9LogFilter5levelEPKc>
   b5122:	4581      	cmp	r9, r0
   b5124:	d3f5      	bcc.n	b5112 <_ZN5spark10LogManager10logMessageEPKciS2_PK13LogAttributesPv+0x4a>
        logMessage(msg, level, category, attr);
   b5126:	683b      	ldr	r3, [r7, #0]
   b5128:	9a03      	ldr	r2, [sp, #12]
   b512a:	9200      	str	r2, [sp, #0]
   b512c:	f8d3 b008 	ldr.w	fp, [r3, #8]
   b5130:	464a      	mov	r2, r9
   b5132:	4633      	mov	r3, r6
   b5134:	4641      	mov	r1, r8
   b5136:	4638      	mov	r0, r7
   b5138:	47d8      	blx	fp
   b513a:	e7ea      	b.n	b5112 <_ZN5spark10LogManager10logMessageEPKciS2_PK13LogAttributesPv+0x4a>
    outputActive_ = outputActive;
   b513c:	2300      	movs	r3, #0
   b513e:	7323      	strb	r3, [r4, #12]
   b5140:	e7d9      	b.n	b50f6 <_ZN5spark10LogManager10logMessageEPKciS2_PK13LogAttributesPv+0x2e>
   b5142:	bf00      	nop
   b5144:	e000ed00 	.word	0xe000ed00

000b5148 <_ZN5spark10LogManager8logWriteEPKcjiS2_Pv>:
void spark::LogManager::logWrite(const char *data, size_t size, int level, const char *category, void *reserved) {
   b5148:	e92d 4ff7 	stmdb	sp!, {r0, r1, r2, r4, r5, r6, r7, r8, r9, sl, fp, lr}
   b514c:	469b      	mov	fp, r3
   b514e:	4b1a      	ldr	r3, [pc, #104]	; (b51b8 <_ZN5spark10LogManager8logWriteEPKcjiS2_Pv+0x70>)
   b5150:	685b      	ldr	r3, [r3, #4]
   b5152:	f3c3 0308 	ubfx	r3, r3, #0, #9
   b5156:	4680      	mov	r8, r0
   b5158:	4689      	mov	r9, r1
   b515a:	4616      	mov	r6, r2
    if (hal_interrupt_is_isr()) {
   b515c:	b96b      	cbnz	r3, b517a <_ZN5spark10LogManager8logWriteEPKcjiS2_Pv+0x32>
    LogManager *that = instance();
   b515e:	f7ff fe7f 	bl	b4e60 <_ZN5spark10LogManager8instanceEv>
   b5162:	4604      	mov	r4, r0
    LOG_WITH_LOCK(that->mutex_) {
   b5164:	f100 0324 	add.w	r3, r0, #36	; 0x24
   b5168:	6a40      	ldr	r0, [r0, #36]	; 0x24
      explicit lock_guard(mutex_type& __m) : _M_device(__m)
   b516a:	9301      	str	r3, [sp, #4]
      { _M_device.lock(); }
   b516c:	f7ff fd45 	bl	b4bfa <_ZN14RecursiveMutex4lockEv.isra.0>
        if (that->isActive()) {
   b5170:	7b23      	ldrb	r3, [r4, #12]
   b5172:	b12b      	cbz	r3, b5180 <_ZN5spark10LogManager8logWriteEPKcjiS2_Pv+0x38>
    LOG_WITH_LOCK(that->mutex_) {
   b5174:	a801      	add	r0, sp, #4
   b5176:	f7ff ff9f 	bl	b50b8 <_ZNSt10lock_guardI14RecursiveMutexED1Ev>
}
   b517a:	b003      	add	sp, #12
   b517c:	e8bd 8ff0 	ldmia.w	sp!, {r4, r5, r6, r7, r8, r9, sl, fp, pc}
    outputActive_ = outputActive;
   b5180:	2301      	movs	r3, #1
   b5182:	7323      	strb	r3, [r4, #12]
   b5184:	e9d4 5300 	ldrd	r5, r3, [r4]
    if (level >= filter_.level(category)) {
   b5188:	b2f6      	uxtb	r6, r6
   b518a:	eb05 0a83 	add.w	sl, r5, r3, lsl #2
        for (LogHandler *handler: that->activeHandlers_) {
   b518e:	4555      	cmp	r5, sl
   b5190:	d00e      	beq.n	b51b0 <_ZN5spark10LogManager8logWriteEPKcjiS2_Pv+0x68>
   b5192:	f855 7b04 	ldr.w	r7, [r5], #4
   b5196:	4659      	mov	r1, fp
   b5198:	1d38      	adds	r0, r7, #4
   b519a:	f7ff fdb5 	bl	b4d08 <_ZNK5spark6detail9LogFilter5levelEPKc>
   b519e:	4286      	cmp	r6, r0
   b51a0:	d3f5      	bcc.n	b518e <_ZN5spark10LogManager8logWriteEPKcjiS2_Pv+0x46>
        write(data, size);
   b51a2:	683b      	ldr	r3, [r7, #0]
   b51a4:	464a      	mov	r2, r9
   b51a6:	68db      	ldr	r3, [r3, #12]
   b51a8:	4641      	mov	r1, r8
   b51aa:	4638      	mov	r0, r7
   b51ac:	4798      	blx	r3
   b51ae:	e7ee      	b.n	b518e <_ZN5spark10LogManager8logWriteEPKcjiS2_Pv+0x46>
    outputActive_ = outputActive;
   b51b0:	2300      	movs	r3, #0
   b51b2:	7323      	strb	r3, [r4, #12]
   b51b4:	e7de      	b.n	b5174 <_ZN5spark10LogManager8logWriteEPKcjiS2_Pv+0x2c>
   b51b6:	bf00      	nop
   b51b8:	e000ed00 	.word	0xe000ed00

000b51bc <_ZN5spark10LogManager10logEnabledEiPKcPv>:
int spark::LogManager::logEnabled(int level, const char *category, void *reserved) {
   b51bc:	e92d 41f3 	stmdb	sp!, {r0, r1, r4, r5, r6, r7, r8, lr}
   b51c0:	4b16      	ldr	r3, [pc, #88]	; (b521c <_ZN5spark10LogManager10logEnabledEiPKcPv+0x60>)
   b51c2:	685b      	ldr	r3, [r3, #4]
   b51c4:	f3c3 0308 	ubfx	r3, r3, #0, #9
   b51c8:	4605      	mov	r5, r0
   b51ca:	460f      	mov	r7, r1
    if (hal_interrupt_is_isr()) {
   b51cc:	bb1b      	cbnz	r3, b5216 <_ZN5spark10LogManager10logEnabledEiPKcPv+0x5a>
    LogManager *that = instance();
   b51ce:	f7ff fe47 	bl	b4e60 <_ZN5spark10LogManager8instanceEv>
    LOG_WITH_LOCK(that->mutex_) {
   b51d2:	f100 0324 	add.w	r3, r0, #36	; 0x24
    LogManager *that = instance();
   b51d6:	4604      	mov	r4, r0
   b51d8:	6a40      	ldr	r0, [r0, #36]	; 0x24
      explicit lock_guard(mutex_type& __m) : _M_device(__m)
   b51da:	9301      	str	r3, [sp, #4]
      { _M_device.lock(); }
   b51dc:	f7ff fd0d 	bl	b4bfa <_ZN14RecursiveMutex4lockEv.isra.0>
   b51e0:	e9d4 6300 	ldrd	r6, r3, [r4]
    int minLevel = LOG_LEVEL_NONE;
   b51e4:	2446      	movs	r4, #70	; 0x46
   b51e6:	eb06 0883 	add.w	r8, r6, r3, lsl #2
        for (LogHandler *handler: that->activeHandlers_) {
   b51ea:	45b0      	cmp	r8, r6
   b51ec:	d109      	bne.n	b5202 <_ZN5spark10LogManager10logEnabledEiPKcPv+0x46>
    LOG_WITH_LOCK(that->mutex_) {
   b51ee:	a801      	add	r0, sp, #4
   b51f0:	f7ff ff62 	bl	b50b8 <_ZNSt10lock_guardI14RecursiveMutexED1Ev>
    return (level >= minLevel);
   b51f4:	42a5      	cmp	r5, r4
   b51f6:	bfb4      	ite	lt
   b51f8:	2000      	movlt	r0, #0
   b51fa:	2001      	movge	r0, #1
}
   b51fc:	b002      	add	sp, #8
   b51fe:	e8bd 81f0 	ldmia.w	sp!, {r4, r5, r6, r7, r8, pc}
    return filter_.level(category);
   b5202:	f856 0b04 	ldr.w	r0, [r6], #4
   b5206:	4639      	mov	r1, r7
   b5208:	3004      	adds	r0, #4
   b520a:	f7ff fd7d 	bl	b4d08 <_ZNK5spark6detail9LogFilter5levelEPKc>
            if (level < minLevel) {
   b520e:	4284      	cmp	r4, r0
   b5210:	bfa8      	it	ge
   b5212:	4604      	movge	r4, r0
        for (LogHandler *handler: that->activeHandlers_) {
   b5214:	e7e9      	b.n	b51ea <_ZN5spark10LogManager10logEnabledEiPKcPv+0x2e>
        return 0;
   b5216:	2000      	movs	r0, #0
   b5218:	e7f0      	b.n	b51fc <_ZN5spark10LogManager10logEnabledEiPKcPv+0x40>
   b521a:	bf00      	nop
   b521c:	e000ed00 	.word	0xe000ed00

000b5220 <_ZN5spark6VectorIPNS_10LogHandlerENS_16DefaultAllocatorEE6appendES2_>:
inline bool spark::Vector<T, AllocatorT>::append(T value) {
   b5220:	b5f8      	push	{r3, r4, r5, r6, r7, lr}
    if (size_ + 1 > capacity_ && !realloc(size_ + 1)) {
   b5222:	e9d0 5301 	ldrd	r5, r3, [r0, #4]
   b5226:	429d      	cmp	r5, r3
inline bool spark::Vector<T, AllocatorT>::append(T value) {
   b5228:	4604      	mov	r4, r0
   b522a:	460e      	mov	r6, r1
    if (size_ + 1 > capacity_ && !realloc(size_ + 1)) {
   b522c:	db0d      	blt.n	b524a <_ZN5spark6VectorIPNS_10LogHandlerENS_16DefaultAllocatorEE6appendES2_+0x2a>
   b522e:	1c6f      	adds	r7, r5, #1
        if (n > 0) {
   b5230:	2f00      	cmp	r7, #0
            d = (T*)AllocatorT::realloc(data_, n * sizeof(T));
   b5232:	6800      	ldr	r0, [r0, #0]
        if (n > 0) {
   b5234:	dd04      	ble.n	b5240 <_ZN5spark6VectorIPNS_10LogHandlerENS_16DefaultAllocatorEE6appendES2_+0x20>
    return ::realloc(ptr, size);
   b5236:	00b9      	lsls	r1, r7, #2
   b5238:	f7ff fabc 	bl	b47b4 <realloc>
            if (!d) {
   b523c:	b918      	cbnz	r0, b5246 <_ZN5spark6VectorIPNS_10LogHandlerENS_16DefaultAllocatorEE6appendES2_+0x26>
}
   b523e:	bdf8      	pop	{r3, r4, r5, r6, r7, pc}
    ::free(ptr);
   b5240:	f7ff fab0 	bl	b47a4 <free>
        T* d = nullptr;
   b5244:	2000      	movs	r0, #0
        data_ = d;
   b5246:	6020      	str	r0, [r4, #0]
        capacity_ = n;
   b5248:	60a7      	str	r7, [r4, #8]
    T* const p = data_ + i;
   b524a:	6827      	ldr	r7, [r4, #0]
    move(p + 1, p, data_ + size_);
   b524c:	6862      	ldr	r2, [r4, #4]
    T* const p = data_ + i;
   b524e:	eb07 0185 	add.w	r1, r7, r5, lsl #2
    move(p + 1, p, data_ + size_);
   b5252:	0092      	lsls	r2, r2, #2
        ::memmove(dest, p, (end - p) * sizeof(T));
   b5254:	eba2 0285 	sub.w	r2, r2, r5, lsl #2
   b5258:	1d08      	adds	r0, r1, #4
   b525a:	f001 fa4d 	bl	b66f8 <memmove>
    new(p) T(std::move(value));
   b525e:	f847 6025 	str.w	r6, [r7, r5, lsl #2]
    ++size_;
   b5262:	6863      	ldr	r3, [r4, #4]
   b5264:	3301      	adds	r3, #1
   b5266:	6063      	str	r3, [r4, #4]
    return true;
   b5268:	2001      	movs	r0, #1
   b526a:	e7e8      	b.n	b523e <_ZN5spark6VectorIPNS_10LogHandlerENS_16DefaultAllocatorEE6appendES2_+0x1e>

000b526c <_ZN5spark10LogManager10addHandlerEPNS_10LogHandlerE>:
bool spark::LogManager::addHandler(LogHandler *handler) {
   b526c:	b537      	push	{r0, r1, r2, r4, r5, lr}
    LOG_WITH_LOCK(mutex_) {
   b526e:	f100 0324 	add.w	r3, r0, #36	; 0x24
bool spark::LogManager::addHandler(LogHandler *handler) {
   b5272:	4604      	mov	r4, r0
   b5274:	6a40      	ldr	r0, [r0, #36]	; 0x24
      explicit lock_guard(mutex_type& __m) : _M_device(__m)
   b5276:	9301      	str	r3, [sp, #4]
   b5278:	460d      	mov	r5, r1
      { _M_device.lock(); }
   b527a:	f7ff fcbe 	bl	b4bfa <_ZN14RecursiveMutex4lockEv.isra.0>
    return find(data_, data_ + size_, value);
   b527e:	e9d4 3200 	ldrd	r3, r2, [r4]
   b5282:	eb03 0282 	add.w	r2, r3, r2, lsl #2
        for (; p != end; ++p) {
   b5286:	4293      	cmp	r3, r2
   b5288:	4619      	mov	r1, r3
   b528a:	d00b      	beq.n	b52a4 <_ZN5spark10LogManager10addHandlerEPNS_10LogHandlerE+0x38>
            if (*p == value) {
   b528c:	6809      	ldr	r1, [r1, #0]
   b528e:	42a9      	cmp	r1, r5
   b5290:	f103 0304 	add.w	r3, r3, #4
   b5294:	d1f7      	bne.n	b5286 <_ZN5spark10LogManager10addHandlerEPNS_10LogHandlerE+0x1a>
            return false;
   b5296:	a801      	add	r0, sp, #4
   b5298:	f7ff ff0e 	bl	b50b8 <_ZNSt10lock_guardI14RecursiveMutexED1Ev>
   b529c:	2500      	movs	r5, #0
}
   b529e:	4628      	mov	r0, r5
   b52a0:	b003      	add	sp, #12
   b52a2:	bd30      	pop	{r4, r5, pc}
        if (activeHandlers_.contains(handler) || !activeHandlers_.append(handler)) {
   b52a4:	4629      	mov	r1, r5
   b52a6:	4620      	mov	r0, r4
   b52a8:	f7ff ffba 	bl	b5220 <_ZN5spark6VectorIPNS_10LogHandlerENS_16DefaultAllocatorEE6appendES2_>
   b52ac:	4605      	mov	r5, r0
   b52ae:	2800      	cmp	r0, #0
   b52b0:	d0f1      	beq.n	b5296 <_ZN5spark10LogManager10addHandlerEPNS_10LogHandlerE+0x2a>
        if (activeHandlers_.size() == 1) {
   b52b2:	6863      	ldr	r3, [r4, #4]
   b52b4:	2b01      	cmp	r3, #1
   b52b6:	d101      	bne.n	b52bc <_ZN5spark10LogManager10addHandlerEPNS_10LogHandlerE+0x50>
            setSystemCallbacks();
   b52b8:	f7ff fdee 	bl	b4e98 <_ZN5spark10LogManager18setSystemCallbacksEv>
    LOG_WITH_LOCK(mutex_) {
   b52bc:	a801      	add	r0, sp, #4
   b52be:	f7ff fefb 	bl	b50b8 <_ZNSt10lock_guardI14RecursiveMutexED1Ev>
   b52c2:	e7ec      	b.n	b529e <_ZN5spark10LogManager10addHandlerEPNS_10LogHandlerE+0x32>

000b52c4 <_ZN5spark6VectorIPNS_10LogHandlerENS_16DefaultAllocatorEE9removeOneERKS2_>:
inline bool spark::Vector<T, AllocatorT>::removeOne(const T &value) {
   b52c4:	b570      	push	{r4, r5, r6, lr}
   b52c6:	4604      	mov	r4, r0
    T* const p = find(data_, data_ + size_, value);
   b52c8:	e9d0 0200 	ldrd	r0, r2, [r0]
inline bool spark::Vector<T, AllocatorT>::removeOne(const T &value) {
   b52cc:	460b      	mov	r3, r1
    T* const p = find(data_, data_ + size_, value);
   b52ce:	eb00 0282 	add.w	r2, r0, r2, lsl #2
        for (; p != end; ++p) {
   b52d2:	4282      	cmp	r2, r0
   b52d4:	d00f      	beq.n	b52f6 <_ZN5spark6VectorIPNS_10LogHandlerENS_16DefaultAllocatorEE9removeOneERKS2_+0x32>
    move(p, p + 1, data_ + size_);
   b52d6:	4601      	mov	r1, r0
            if (*p == value) {
   b52d8:	681d      	ldr	r5, [r3, #0]
   b52da:	f851 6b04 	ldr.w	r6, [r1], #4
   b52de:	42ae      	cmp	r6, r5
   b52e0:	d107      	bne.n	b52f2 <_ZN5spark6VectorIPNS_10LogHandlerENS_16DefaultAllocatorEE9removeOneERKS2_+0x2e>
        ::memmove(dest, p, (end - p) * sizeof(T));
   b52e2:	1a52      	subs	r2, r2, r1
   b52e4:	f001 fa08 	bl	b66f8 <memmove>
    --size_;
   b52e8:	6863      	ldr	r3, [r4, #4]
   b52ea:	3b01      	subs	r3, #1
   b52ec:	6063      	str	r3, [r4, #4]
    return true;
   b52ee:	2001      	movs	r0, #1
}
   b52f0:	bd70      	pop	{r4, r5, r6, pc}
    move(p, p + 1, data_ + size_);
   b52f2:	4608      	mov	r0, r1
   b52f4:	e7ed      	b.n	b52d2 <_ZN5spark6VectorIPNS_10LogHandlerENS_16DefaultAllocatorEE9removeOneERKS2_+0xe>
        return false;
   b52f6:	2000      	movs	r0, #0
   b52f8:	e7fa      	b.n	b52f0 <_ZN5spark6VectorIPNS_10LogHandlerENS_16DefaultAllocatorEE9removeOneERKS2_+0x2c>

000b52fa <_ZN5spark10LogManager13removeHandlerEPNS_10LogHandlerE>:
void spark::LogManager::removeHandler(LogHandler *handler) {
   b52fa:	b51f      	push	{r0, r1, r2, r3, r4, lr}
    LOG_WITH_LOCK(mutex_) {
   b52fc:	f100 0324 	add.w	r3, r0, #36	; 0x24
void spark::LogManager::removeHandler(LogHandler *handler) {
   b5300:	4604      	mov	r4, r0
   b5302:	6a40      	ldr	r0, [r0, #36]	; 0x24
   b5304:	9101      	str	r1, [sp, #4]
      explicit lock_guard(mutex_type& __m) : _M_device(__m)
   b5306:	9303      	str	r3, [sp, #12]
      { _M_device.lock(); }
   b5308:	f7ff fc77 	bl	b4bfa <_ZN14RecursiveMutex4lockEv.isra.0>
        if (activeHandlers_.removeOne(handler) && activeHandlers_.isEmpty()) {
   b530c:	a901      	add	r1, sp, #4
   b530e:	4620      	mov	r0, r4
   b5310:	f7ff ffd8 	bl	b52c4 <_ZN5spark6VectorIPNS_10LogHandlerENS_16DefaultAllocatorEE9removeOneERKS2_>
   b5314:	b118      	cbz	r0, b531e <_ZN5spark10LogManager13removeHandlerEPNS_10LogHandlerE+0x24>
   b5316:	6863      	ldr	r3, [r4, #4]
   b5318:	b90b      	cbnz	r3, b531e <_ZN5spark10LogManager13removeHandlerEPNS_10LogHandlerE+0x24>
            resetSystemCallbacks();
   b531a:	f7ff fdc9 	bl	b4eb0 <_ZN5spark10LogManager20resetSystemCallbacksEv>
    LOG_WITH_LOCK(mutex_) {
   b531e:	a803      	add	r0, sp, #12
   b5320:	f7ff feca 	bl	b50b8 <_ZNSt10lock_guardI14RecursiveMutexED1Ev>
}
   b5324:	b004      	add	sp, #16
   b5326:	bd10      	pop	{r4, pc}

000b5328 <_ZN5spark10LogManager22destroyFactoryHandlersEv>:
void spark::LogManager::destroyFactoryHandlers() {
   b5328:	b570      	push	{r4, r5, r6, lr}
    return data_ + size_;
   b532a:	e9d0 5604 	ldrd	r5, r6, [r0, #16]
   b532e:	2318      	movs	r3, #24
   b5330:	4604      	mov	r4, r0
   b5332:	fb03 5606 	mla	r6, r3, r6, r5
    for (const FactoryHandler &h: factoryHandlers_) {
   b5336:	42ae      	cmp	r6, r5
   b5338:	d015      	beq.n	b5366 <_ZN5spark10LogManager22destroyFactoryHandlersEv+0x3e>
        activeHandlers_.removeOne(h.handler);
   b533a:	f105 0110 	add.w	r1, r5, #16
   b533e:	4620      	mov	r0, r4
   b5340:	f7ff ffc0 	bl	b52c4 <_ZN5spark6VectorIPNS_10LogHandlerENS_16DefaultAllocatorEE9removeOneERKS2_>
        if (activeHandlers_.isEmpty()) {
   b5344:	6863      	ldr	r3, [r4, #4]
   b5346:	b90b      	cbnz	r3, b534c <_ZN5spark10LogManager22destroyFactoryHandlersEv+0x24>
            resetSystemCallbacks();
   b5348:	f7ff fdb2 	bl	b4eb0 <_ZN5spark10LogManager20resetSystemCallbacksEv>
        handlerFactory_->destroyHandler(h.handler);
   b534c:	69e0      	ldr	r0, [r4, #28]
   b534e:	6929      	ldr	r1, [r5, #16]
   b5350:	6803      	ldr	r3, [r0, #0]
   b5352:	68db      	ldr	r3, [r3, #12]
   b5354:	4798      	blx	r3
        if (h.stream) {
   b5356:	6969      	ldr	r1, [r5, #20]
   b5358:	b119      	cbz	r1, b5362 <_ZN5spark10LogManager22destroyFactoryHandlersEv+0x3a>
            streamFactory_->destroyStream(h.stream);
   b535a:	6a20      	ldr	r0, [r4, #32]
   b535c:	6803      	ldr	r3, [r0, #0]
   b535e:	68db      	ldr	r3, [r3, #12]
   b5360:	4798      	blx	r3
    for (const FactoryHandler &h: factoryHandlers_) {
   b5362:	3518      	adds	r5, #24
   b5364:	e7e7      	b.n	b5336 <_ZN5spark10LogManager22destroyFactoryHandlersEv+0xe>
    destruct(data_, data_ + size_);
   b5366:	e9d4 5304 	ldrd	r5, r3, [r4, #16]
   b536a:	2618      	movs	r6, #24
   b536c:	fb06 5603 	mla	r6, r6, r3, r5
        for (; p != end; ++p) {
   b5370:	42ae      	cmp	r6, r5
   b5372:	d004      	beq.n	b537e <_ZN5spark10LogManager22destroyFactoryHandlersEv+0x56>
struct spark::LogManager::FactoryHandler {
   b5374:	4628      	mov	r0, r5
   b5376:	f7ff fad5 	bl	b4924 <_ZN6StringD1Ev>
   b537a:	3518      	adds	r5, #24
   b537c:	e7f8      	b.n	b5370 <_ZN5spark10LogManager22destroyFactoryHandlersEv+0x48>
    size_ = 0;
   b537e:	2300      	movs	r3, #0
   b5380:	6163      	str	r3, [r4, #20]
}
   b5382:	bd70      	pop	{r4, r5, r6, pc}

000b5384 <_ZN5spark10LogManagerD1Ev>:
spark::LogManager::~LogManager() {
   b5384:	b573      	push	{r0, r1, r4, r5, r6, lr}
   b5386:	4604      	mov	r4, r0
    resetSystemCallbacks();
   b5388:	f7ff fd92 	bl	b4eb0 <_ZN5spark10LogManager20resetSystemCallbacksEv>
    LOG_WITH_LOCK(mutex_) {
   b538c:	f104 0324 	add.w	r3, r4, #36	; 0x24
   b5390:	6a60      	ldr	r0, [r4, #36]	; 0x24
      explicit lock_guard(mutex_type& __m) : _M_device(__m)
   b5392:	9301      	str	r3, [sp, #4]
      { _M_device.lock(); }
   b5394:	f7ff fc31 	bl	b4bfa <_ZN14RecursiveMutex4lockEv.isra.0>
         destroyFactoryHandlers();
   b5398:	4620      	mov	r0, r4
   b539a:	f7ff ffc5 	bl	b5328 <_ZN5spark10LogManager22destroyFactoryHandlersEv>
    LOG_WITH_LOCK(mutex_) {
   b539e:	a801      	add	r0, sp, #4
   b53a0:	f7ff fe8a 	bl	b50b8 <_ZNSt10lock_guardI14RecursiveMutexED1Ev>
        if (handle_) {
   b53a4:	6a60      	ldr	r0, [r4, #36]	; 0x24
   b53a6:	b108      	cbz	r0, b53ac <_ZN5spark10LogManagerD1Ev+0x28>
            os_mutex_recursive_destroy(handle_);
   b53a8:	f7ff f846 	bl	b4438 <os_mutex_recursive_destroy>
    destruct(data_, data_ + size_);
   b53ac:	e9d4 5304 	ldrd	r5, r3, [r4, #16]
   b53b0:	2618      	movs	r6, #24
   b53b2:	fb06 5603 	mla	r6, r6, r3, r5
        for (; p != end; ++p) {
   b53b6:	42ae      	cmp	r6, r5
   b53b8:	d004      	beq.n	b53c4 <_ZN5spark10LogManagerD1Ev+0x40>
struct spark::LogManager::FactoryHandler {
   b53ba:	4628      	mov	r0, r5
   b53bc:	f7ff fab2 	bl	b4924 <_ZN6StringD1Ev>
   b53c0:	3518      	adds	r5, #24
   b53c2:	e7f8      	b.n	b53b6 <_ZN5spark10LogManagerD1Ev+0x32>
    ::free(ptr);
   b53c4:	6920      	ldr	r0, [r4, #16]
   b53c6:	f7ff f9ed 	bl	b47a4 <free>
   b53ca:	6820      	ldr	r0, [r4, #0]
   b53cc:	f7ff f9ea 	bl	b47a4 <free>
}
   b53d0:	4620      	mov	r0, r4
   b53d2:	b002      	add	sp, #8
   b53d4:	bd70      	pop	{r4, r5, r6, pc}
	...

000b53d8 <__tcf_2>:
    static LogManager mgr;
   b53d8:	4801      	ldr	r0, [pc, #4]	; (b53e0 <__tcf_2+0x8>)
   b53da:	f7ff bfd3 	b.w	b5384 <_ZN5spark10LogManagerD1Ev>
   b53de:	bf00      	nop
   b53e0:	2003df48 	.word	0x2003df48

000b53e4 <_ZN5spark6VectorINS_6detail9LogFilter4NodeENS_16DefaultAllocatorEE4moveIS3_Li0EEEvPS3_S7_S7_>:
        if (dest > p && dest < end) {
   b53e4:	4288      	cmp	r0, r1
    static void move(T* dest, T* p, T* end) {
   b53e6:	b5f8      	push	{r3, r4, r5, r6, r7, lr}
   b53e8:	4604      	mov	r4, r0
   b53ea:	460d      	mov	r5, r1
   b53ec:	4616      	mov	r6, r2
        if (dest > p && dest < end) {
   b53ee:	d915      	bls.n	b541c <_ZN5spark6VectorINS_6detail9LogFilter4NodeENS_16DefaultAllocatorEE4moveIS3_Li0EEEvPS3_S7_S7_+0x38>
   b53f0:	4290      	cmp	r0, r2
   b53f2:	d214      	bcs.n	b541e <_ZN5spark6VectorINS_6detail9LogFilter4NodeENS_16DefaultAllocatorEE4moveIS3_Li0EEEvPS3_S7_S7_+0x3a>
            --end;
   b53f4:	f1a2 0614 	sub.w	r6, r2, #20
            dest += end - p - 1;
   b53f8:	1a75      	subs	r5, r6, r1
   b53fa:	f1a1 0714 	sub.w	r7, r1, #20
   b53fe:	442c      	add	r4, r5
            for (; end != p; --end, --dest) {
   b5400:	42b7      	cmp	r7, r6
   b5402:	d01a      	beq.n	b543a <_ZN5spark6VectorINS_6detail9LogFilter4NodeENS_16DefaultAllocatorEE4moveIS3_Li0EEEvPS3_S7_S7_+0x56>
                new(dest) T(std::move(*end));
   b5404:	b11c      	cbz	r4, b540e <_ZN5spark6VectorINS_6detail9LogFilter4NodeENS_16DefaultAllocatorEE4moveIS3_Li0EEEvPS3_S7_S7_+0x2a>
   b5406:	4631      	mov	r1, r6
   b5408:	4620      	mov	r0, r4
   b540a:	f7ff fe33 	bl	b5074 <_ZN5spark6detail9LogFilter4NodeC1EOS2_>
struct spark::detail::LogFilter::Node {
   b540e:	f106 0008 	add.w	r0, r6, #8
   b5412:	f7ff fde7 	bl	b4fe4 <_ZN5spark6VectorINS_6detail9LogFilter4NodeENS_16DefaultAllocatorEED1Ev>
            for (; end != p; --end, --dest) {
   b5416:	3e14      	subs	r6, #20
   b5418:	3c14      	subs	r4, #20
   b541a:	e7f1      	b.n	b5400 <_ZN5spark6VectorINS_6detail9LogFilter4NodeENS_16DefaultAllocatorEE4moveIS3_Li0EEEvPS3_S7_S7_+0x1c>
        } else if (dest != p) {
   b541c:	d00d      	beq.n	b543a <_ZN5spark6VectorINS_6detail9LogFilter4NodeENS_16DefaultAllocatorEE4moveIS3_Li0EEEvPS3_S7_S7_+0x56>
            for (; p != end; ++p, ++dest) {
   b541e:	42b5      	cmp	r5, r6
   b5420:	d00b      	beq.n	b543a <_ZN5spark6VectorINS_6detail9LogFilter4NodeENS_16DefaultAllocatorEE4moveIS3_Li0EEEvPS3_S7_S7_+0x56>
                new(dest) T(std::move(*p));
   b5422:	b11c      	cbz	r4, b542c <_ZN5spark6VectorINS_6detail9LogFilter4NodeENS_16DefaultAllocatorEE4moveIS3_Li0EEEvPS3_S7_S7_+0x48>
   b5424:	4629      	mov	r1, r5
   b5426:	4620      	mov	r0, r4
   b5428:	f7ff fe24 	bl	b5074 <_ZN5spark6detail9LogFilter4NodeC1EOS2_>
   b542c:	f105 0008 	add.w	r0, r5, #8
   b5430:	f7ff fdd8 	bl	b4fe4 <_ZN5spark6VectorINS_6detail9LogFilter4NodeENS_16DefaultAllocatorEED1Ev>
            for (; p != end; ++p, ++dest) {
   b5434:	3514      	adds	r5, #20
   b5436:	3414      	adds	r4, #20
   b5438:	e7f1      	b.n	b541e <_ZN5spark6VectorINS_6detail9LogFilter4NodeENS_16DefaultAllocatorEE4moveIS3_Li0EEEvPS3_S7_S7_+0x3a>
    }
   b543a:	bdf8      	pop	{r3, r4, r5, r6, r7, pc}

000b543c <_ZN5spark6VectorI6StringNS_16DefaultAllocatorEE4moveIS1_Li0EEEvPS1_S5_S5_>:
        if (dest > p && dest < end) {
   b543c:	4288      	cmp	r0, r1
    static void move(T* dest, T* p, T* end) {
   b543e:	b5f8      	push	{r3, r4, r5, r6, r7, lr}
   b5440:	4604      	mov	r4, r0
   b5442:	460d      	mov	r5, r1
   b5444:	4616      	mov	r6, r2
        if (dest > p && dest < end) {
   b5446:	d914      	bls.n	b5472 <_ZN5spark6VectorI6StringNS_16DefaultAllocatorEE4moveIS1_Li0EEEvPS1_S5_S5_+0x36>
   b5448:	4290      	cmp	r0, r2
   b544a:	d213      	bcs.n	b5474 <_ZN5spark6VectorI6StringNS_16DefaultAllocatorEE4moveIS1_Li0EEEvPS1_S5_S5_+0x38>
            --end;
   b544c:	f1a2 0610 	sub.w	r6, r2, #16
            dest += end - p - 1;
   b5450:	1a75      	subs	r5, r6, r1
   b5452:	f1a1 0710 	sub.w	r7, r1, #16
   b5456:	442c      	add	r4, r5
            for (; end != p; --end, --dest) {
   b5458:	42b7      	cmp	r7, r6
   b545a:	d018      	beq.n	b548e <_ZN5spark6VectorI6StringNS_16DefaultAllocatorEE4moveIS1_Li0EEEvPS1_S5_S5_+0x52>
                new(dest) T(std::move(*end));
   b545c:	b11c      	cbz	r4, b5466 <_ZN5spark6VectorI6StringNS_16DefaultAllocatorEE4moveIS1_Li0EEEvPS1_S5_S5_+0x2a>
   b545e:	4631      	mov	r1, r6
   b5460:	4620      	mov	r0, r4
   b5462:	f7ff fac8 	bl	b49f6 <_ZN6StringC1EOS_>
                end->~T();
   b5466:	4630      	mov	r0, r6
   b5468:	f7ff fa5c 	bl	b4924 <_ZN6StringD1Ev>
            for (; end != p; --end, --dest) {
   b546c:	3e10      	subs	r6, #16
   b546e:	3c10      	subs	r4, #16
   b5470:	e7f2      	b.n	b5458 <_ZN5spark6VectorI6StringNS_16DefaultAllocatorEE4moveIS1_Li0EEEvPS1_S5_S5_+0x1c>
        } else if (dest != p) {
   b5472:	d00c      	beq.n	b548e <_ZN5spark6VectorI6StringNS_16DefaultAllocatorEE4moveIS1_Li0EEEvPS1_S5_S5_+0x52>
            for (; p != end; ++p, ++dest) {
   b5474:	42b5      	cmp	r5, r6
   b5476:	d00a      	beq.n	b548e <_ZN5spark6VectorI6StringNS_16DefaultAllocatorEE4moveIS1_Li0EEEvPS1_S5_S5_+0x52>
                new(dest) T(std::move(*p));
   b5478:	b11c      	cbz	r4, b5482 <_ZN5spark6VectorI6StringNS_16DefaultAllocatorEE4moveIS1_Li0EEEvPS1_S5_S5_+0x46>
   b547a:	4629      	mov	r1, r5
   b547c:	4620      	mov	r0, r4
   b547e:	f7ff faba 	bl	b49f6 <_ZN6StringC1EOS_>
                p->~T();
   b5482:	4628      	mov	r0, r5
   b5484:	f7ff fa4e 	bl	b4924 <_ZN6StringD1Ev>
            for (; p != end; ++p, ++dest) {
   b5488:	3510      	adds	r5, #16
   b548a:	3410      	adds	r4, #16
   b548c:	e7f2      	b.n	b5474 <_ZN5spark6VectorI6StringNS_16DefaultAllocatorEE4moveIS1_Li0EEEvPS1_S5_S5_+0x38>
    }
   b548e:	bdf8      	pop	{r3, r4, r5, r6, r7, pc}

000b5490 <_ZN5spark6VectorI6StringNS_16DefaultAllocatorEE7reallocIS1_Li0EEEbi>:
    bool realloc(int n) {
   b5490:	b570      	push	{r4, r5, r6, lr}
        if (n > 0) {
   b5492:	1e0e      	subs	r6, r1, #0
    bool realloc(int n) {
   b5494:	4605      	mov	r5, r0
        if (n > 0) {
   b5496:	dd11      	ble.n	b54bc <_ZN5spark6VectorI6StringNS_16DefaultAllocatorEE7reallocIS1_Li0EEEbi+0x2c>
    return ::malloc(size);
   b5498:	0130      	lsls	r0, r6, #4
   b549a:	f7ff f97b 	bl	b4794 <malloc>
            if (!d) {
   b549e:	4604      	mov	r4, r0
   b54a0:	b158      	cbz	r0, b54ba <_ZN5spark6VectorI6StringNS_16DefaultAllocatorEE7reallocIS1_Li0EEEbi+0x2a>
            move(d, data_, data_ + size_);
   b54a2:	e9d5 1200 	ldrd	r1, r2, [r5]
   b54a6:	eb01 1202 	add.w	r2, r1, r2, lsl #4
   b54aa:	f7ff ffc7 	bl	b543c <_ZN5spark6VectorI6StringNS_16DefaultAllocatorEE4moveIS1_Li0EEEvPS1_S5_S5_>
    ::free(ptr);
   b54ae:	6828      	ldr	r0, [r5, #0]
   b54b0:	f7ff f978 	bl	b47a4 <free>
        data_ = d;
   b54b4:	602c      	str	r4, [r5, #0]
        capacity_ = n;
   b54b6:	60ae      	str	r6, [r5, #8]
        return true;
   b54b8:	2001      	movs	r0, #1
    }
   b54ba:	bd70      	pop	{r4, r5, r6, pc}
        T* d = nullptr;
   b54bc:	2400      	movs	r4, #0
   b54be:	e7f6      	b.n	b54ae <_ZN5spark6VectorI6StringNS_16DefaultAllocatorEE7reallocIS1_Li0EEEbi+0x1e>

000b54c0 <_ZN5spark6detail9LogFilterC1E8LogLevelNS_6VectorINS_17LogCategoryFilterENS_16DefaultAllocatorEEE>:
spark::detail::LogFilter::LogFilter(LogLevel level, LogCategoryFilters filters) :
   b54c0:	e92d 4ff0 	stmdb	sp!, {r4, r5, r6, r7, r8, r9, sl, fp, lr}
   b54c4:	4690      	mov	r8, r2
   b54c6:	b095      	sub	sp, #84	; 0x54
        capacity_(0) {
   b54c8:	2300      	movs	r3, #0
   b54ca:	9103      	str	r1, [sp, #12]
    return size_;
   b54cc:	f8d8 1004 	ldr.w	r1, [r8, #4]
        capacity_(0) {
   b54d0:	930a      	str	r3, [sp, #40]	; 0x28
        level_(LOG_LEVEL_NONE) { // Fallback level that will be used in case of construction errors
   b54d2:	2246      	movs	r2, #70	; 0x46
    if (n > capacity_ && !realloc(n)) {
   b54d4:	4299      	cmp	r1, r3
        capacity_(0) {
   b54d6:	e9c0 3300 	strd	r3, r3, [r0]
   b54da:	e9c0 3302 	strd	r3, r3, [r0, #8]
   b54de:	e9c0 3304 	strd	r3, r3, [r0, #16]
   b54e2:	e9cd 3308 	strd	r3, r3, [sp, #32]
spark::detail::LogFilter::LogFilter(LogLevel level, LogCategoryFilters filters) :
   b54e6:	4604      	mov	r4, r0
        level_(LOG_LEVEL_NONE) { // Fallback level that will be used in case of construction errors
   b54e8:	7602      	strb	r2, [r0, #24]
    if (n > capacity_ && !realloc(n)) {
   b54ea:	dc23      	bgt.n	b5534 <_ZN5spark6detail9LogFilterC1E8LogLevelNS_6VectorINS_17LogCategoryFilterENS_16DefaultAllocatorEEE+0x74>
    return data_ + size_;
   b54ec:	e9d8 5700 	ldrd	r5, r7, [r8]
   b54f0:	2314      	movs	r3, #20
   b54f2:	fb03 5707 	mla	r7, r3, r7, r5
    for (LogCategoryFilter &filter: filters) {
   b54f6:	42af      	cmp	r7, r5
   b54f8:	d03b      	beq.n	b5572 <_ZN5spark6detail9LogFilterC1E8LogLevelNS_6VectorINS_17LogCategoryFilterENS_16DefaultAllocatorEEE+0xb2>
        cats.append(std::move(filter.cat_));
   b54fa:	4629      	mov	r1, r5
   b54fc:	a80b      	add	r0, sp, #44	; 0x2c
   b54fe:	f7ff fa7a 	bl	b49f6 <_ZN6StringC1EOS_>
    return insert(size_, std::move(value));
   b5502:	a90b      	add	r1, sp, #44	; 0x2c
   b5504:	a80f      	add	r0, sp, #60	; 0x3c
   b5506:	9e09      	ldr	r6, [sp, #36]	; 0x24
   b5508:	f7ff fa75 	bl	b49f6 <_ZN6StringC1EOS_>
    if (size_ + 1 > capacity_ && !realloc(size_ + 1)) {
   b550c:	e9dd 1309 	ldrd	r1, r3, [sp, #36]	; 0x24
   b5510:	4299      	cmp	r1, r3
   b5512:	da1b      	bge.n	b554c <_ZN5spark6detail9LogFilterC1E8LogLevelNS_6VectorINS_17LogCategoryFilterENS_16DefaultAllocatorEEE+0x8c>
    T* const p = data_ + i;
   b5514:	9b08      	ldr	r3, [sp, #32]
    move(p + 1, p, data_ + size_);
   b5516:	9a09      	ldr	r2, [sp, #36]	; 0x24
    T* const p = data_ + i;
   b5518:	eb03 1606 	add.w	r6, r3, r6, lsl #4
    move(p + 1, p, data_ + size_);
   b551c:	eb03 1202 	add.w	r2, r3, r2, lsl #4
   b5520:	4631      	mov	r1, r6
   b5522:	f106 0010 	add.w	r0, r6, #16
   b5526:	f7ff ff89 	bl	b543c <_ZN5spark6VectorI6StringNS_16DefaultAllocatorEE4moveIS1_Li0EEEvPS1_S5_S5_>
    new(p) T(std::move(value));
   b552a:	b9ee      	cbnz	r6, b5568 <_ZN5spark6detail9LogFilterC1E8LogLevelNS_6VectorINS_17LogCategoryFilterENS_16DefaultAllocatorEEE+0xa8>
    ++size_;
   b552c:	9b09      	ldr	r3, [sp, #36]	; 0x24
   b552e:	3301      	adds	r3, #1
   b5530:	9309      	str	r3, [sp, #36]	; 0x24
    return true;
   b5532:	e011      	b.n	b5558 <_ZN5spark6detail9LogFilterC1E8LogLevelNS_6VectorINS_17LogCategoryFilterENS_16DefaultAllocatorEEE+0x98>
    if (n > capacity_ && !realloc(n)) {
   b5534:	a808      	add	r0, sp, #32
   b5536:	f7ff ffab 	bl	b5490 <_ZN5spark6VectorI6StringNS_16DefaultAllocatorEE7reallocIS1_Li0EEEbi>
   b553a:	2800      	cmp	r0, #0
   b553c:	d1d6      	bne.n	b54ec <_ZN5spark6detail9LogFilterC1E8LogLevelNS_6VectorINS_17LogCategoryFilterENS_16DefaultAllocatorEEE+0x2c>
        return;
   b553e:	a808      	add	r0, sp, #32
   b5540:	f7ff fa92 	bl	b4a68 <_ZN5spark6VectorI6StringNS_16DefaultAllocatorEED1Ev>
}
   b5544:	4620      	mov	r0, r4
   b5546:	b015      	add	sp, #84	; 0x54
   b5548:	e8bd 8ff0 	ldmia.w	sp!, {r4, r5, r6, r7, r8, r9, sl, fp, pc}
    if (size_ + 1 > capacity_ && !realloc(size_ + 1)) {
   b554c:	3101      	adds	r1, #1
   b554e:	a808      	add	r0, sp, #32
   b5550:	f7ff ff9e 	bl	b5490 <_ZN5spark6VectorI6StringNS_16DefaultAllocatorEE7reallocIS1_Li0EEEbi>
   b5554:	2800      	cmp	r0, #0
   b5556:	d1dd      	bne.n	b5514 <_ZN5spark6detail9LogFilterC1E8LogLevelNS_6VectorINS_17LogCategoryFilterENS_16DefaultAllocatorEEE+0x54>
    return insert(size_, std::move(value));
   b5558:	a80f      	add	r0, sp, #60	; 0x3c
   b555a:	f7ff f9e3 	bl	b4924 <_ZN6StringD1Ev>
        cats.append(std::move(filter.cat_));
   b555e:	a80b      	add	r0, sp, #44	; 0x2c
   b5560:	f7ff f9e0 	bl	b4924 <_ZN6StringD1Ev>
    for (LogCategoryFilter &filter: filters) {
   b5564:	3514      	adds	r5, #20
   b5566:	e7c6      	b.n	b54f6 <_ZN5spark6detail9LogFilterC1E8LogLevelNS_6VectorINS_17LogCategoryFilterENS_16DefaultAllocatorEEE+0x36>
    new(p) T(std::move(value));
   b5568:	a90f      	add	r1, sp, #60	; 0x3c
   b556a:	4630      	mov	r0, r6
   b556c:	f7ff fa43 	bl	b49f6 <_ZN6StringC1EOS_>
   b5570:	e7dc      	b.n	b552c <_ZN5spark6detail9LogFilterC1E8LogLevelNS_6VectorINS_17LogCategoryFilterENS_16DefaultAllocatorEEE+0x6c>
        capacity_(0) {
   b5572:	2600      	movs	r6, #0
   b5574:	e9cd 660b 	strd	r6, r6, [sp, #44]	; 0x2c
   b5578:	960d      	str	r6, [sp, #52]	; 0x34
    for (int i = 0; i < cats.size(); ++i) {
   b557a:	f04f 0914 	mov.w	r9, #20
    return data_[i];
   b557e:	e9dd 2308 	ldrd	r2, r3, [sp, #32]
   b5582:	429e      	cmp	r6, r3
   b5584:	da7c      	bge.n	b5680 <_ZN5spark6detail9LogFilterC1E8LogLevelNS_6VectorINS_17LogCategoryFilterENS_16DefaultAllocatorEEE+0x1c0>
    char operator [] (unsigned int index) const;
    char& operator [] (unsigned int index);
    void getBytes(unsigned char *buf, unsigned int bufsize, unsigned int index=0) const;
    void toCharArray(char *buf, unsigned int bufsize, unsigned int index=0) const
        {getBytes((unsigned char *)buf, bufsize, index);}
    const char * c_str() const { return buffer; }
   b5586:	0133      	lsls	r3, r6, #4
   b5588:	58d3      	ldr	r3, [r2, r3]
        const char *category = cats.at(i).c_str();
   b558a:	9306      	str	r3, [sp, #24]
        if (!category) {
   b558c:	b90b      	cbnz	r3, b5592 <_ZN5spark6detail9LogFilterC1E8LogLevelNS_6VectorINS_17LogCategoryFilterENS_16DefaultAllocatorEEE+0xd2>
    for (int i = 0; i < cats.size(); ++i) {
   b558e:	3601      	adds	r6, #1
   b5590:	e7f5      	b.n	b557e <_ZN5spark6detail9LogFilterC1E8LogLevelNS_6VectorINS_17LogCategoryFilterENS_16DefaultAllocatorEEE+0xbe>
        size_t size = 0; // Name length
   b5592:	2300      	movs	r3, #0
   b5594:	9307      	str	r3, [sp, #28]
   b5596:	fb09 f306 	mul.w	r3, r9, r6
   b559a:	9302      	str	r3, [sp, #8]
        Vector<Node> *pNodes = &nodes; // Root nodes
   b559c:	ad0b      	add	r5, sp, #44	; 0x2c
        while ((name = nextSubcategoryName(category, size))) {
   b559e:	a907      	add	r1, sp, #28
   b55a0:	a806      	add	r0, sp, #24
   b55a2:	f7ff fb0a 	bl	b4bba <_ZN12_GLOBAL__N_119nextSubcategoryNameERPKcRj>
   b55a6:	4682      	mov	sl, r0
   b55a8:	2800      	cmp	r0, #0
   b55aa:	d0f0      	beq.n	b558e <_ZN5spark6detail9LogFilterC1E8LogLevelNS_6VectorINS_17LogCategoryFilterENS_16DefaultAllocatorEEE+0xce>
            bool found = false;
   b55ac:	f04f 0300 	mov.w	r3, #0
   b55b0:	f88d 3017 	strb.w	r3, [sp, #23]
            const int index = nodeIndex(*pNodes, name, size, found);
   b55b4:	4601      	mov	r1, r0
   b55b6:	9a07      	ldr	r2, [sp, #28]
   b55b8:	f10d 0317 	add.w	r3, sp, #23
   b55bc:	4628      	mov	r0, r5
   b55be:	f7ff fb67 	bl	b4c90 <_ZN5spark6detail9LogFilter9nodeIndexERKNS_6VectorINS1_4NodeENS_16DefaultAllocatorEEEPKcjRb>
            if (!found && !pNodes->insert(index, Node(name, size))) { // Add node
   b55c2:	f89d 7017 	ldrb.w	r7, [sp, #23]
            const int index = nodeIndex(*pNodes, name, size, found);
   b55c6:	9001      	str	r0, [sp, #4]
            if (!found && !pNodes->insert(index, Node(name, size))) { // Add node
   b55c8:	2f00      	cmp	r7, #0
   b55ca:	d14a      	bne.n	b5662 <_ZN5spark6detail9LogFilterC1E8LogLevelNS_6VectorINS_17LogCategoryFilterENS_16DefaultAllocatorEEE+0x1a2>
   b55cc:	f8bd 301c 	ldrh.w	r3, [sp, #28]
            level(-1) {
   b55d0:	f8ad 3040 	strh.w	r3, [sp, #64]	; 0x40
        capacity_(0) {
   b55d4:	e9cd 7711 	strd	r7, r7, [sp, #68]	; 0x44
   b55d8:	f64f 73ff 	movw	r3, #65535	; 0xffff
   b55dc:	f8cd a03c 	str.w	sl, [sp, #60]	; 0x3c
   b55e0:	f8ad 3042 	strh.w	r3, [sp, #66]	; 0x42
   b55e4:	9713      	str	r7, [sp, #76]	; 0x4c
    if (size_ + 1 > capacity_ && !realloc(size_ + 1)) {
   b55e6:	e9d5 3201 	ldrd	r3, r2, [r5, #4]
   b55ea:	4293      	cmp	r3, r2
   b55ec:	db17      	blt.n	b561e <_ZN5spark6detail9LogFilterC1E8LogLevelNS_6VectorINS_17LogCategoryFilterENS_16DefaultAllocatorEEE+0x15e>
   b55ee:	f103 0a01 	add.w	sl, r3, #1
        if (n > 0) {
   b55f2:	f1ba 0f00 	cmp.w	sl, #0
   b55f6:	dd30      	ble.n	b565a <_ZN5spark6detail9LogFilterC1E8LogLevelNS_6VectorINS_17LogCategoryFilterENS_16DefaultAllocatorEEE+0x19a>
    return ::malloc(size);
   b55f8:	fb09 f00a 	mul.w	r0, r9, sl
   b55fc:	f7ff f8ca 	bl	b4794 <malloc>
            if (!d) {
   b5600:	4683      	mov	fp, r0
   b5602:	b360      	cbz	r0, b565e <_ZN5spark6detail9LogFilterC1E8LogLevelNS_6VectorINS_17LogCategoryFilterENS_16DefaultAllocatorEEE+0x19e>
            move(d, data_, data_ + size_);
   b5604:	e9d5 1200 	ldrd	r1, r2, [r5]
   b5608:	fb09 1202 	mla	r2, r9, r2, r1
   b560c:	f7ff feea 	bl	b53e4 <_ZN5spark6VectorINS_6detail9LogFilter4NodeENS_16DefaultAllocatorEE4moveIS3_Li0EEEvPS3_S7_S7_>
    ::free(ptr);
   b5610:	6828      	ldr	r0, [r5, #0]
   b5612:	f7ff f8c7 	bl	b47a4 <free>
        data_ = d;
   b5616:	f8c5 b000 	str.w	fp, [r5]
        capacity_ = n;
   b561a:	f8c5 a008 	str.w	sl, [r5, #8]
    T* const p = data_ + i;
   b561e:	682b      	ldr	r3, [r5, #0]
   b5620:	9a01      	ldr	r2, [sp, #4]
   b5622:	fb09 3a02 	mla	sl, r9, r2, r3
    move(p + 1, p, data_ + size_);
   b5626:	686a      	ldr	r2, [r5, #4]
   b5628:	4651      	mov	r1, sl
   b562a:	fb09 3202 	mla	r2, r9, r2, r3
   b562e:	f10a 0014 	add.w	r0, sl, #20
   b5632:	f7ff fed7 	bl	b53e4 <_ZN5spark6VectorINS_6detail9LogFilter4NodeENS_16DefaultAllocatorEE4moveIS3_Li0EEEvPS3_S7_S7_>
    new(p) T(std::move(value));
   b5636:	f1ba 0f00 	cmp.w	sl, #0
   b563a:	d003      	beq.n	b5644 <_ZN5spark6detail9LogFilterC1E8LogLevelNS_6VectorINS_17LogCategoryFilterENS_16DefaultAllocatorEEE+0x184>
   b563c:	a90f      	add	r1, sp, #60	; 0x3c
   b563e:	4650      	mov	r0, sl
   b5640:	f7ff fd18 	bl	b5074 <_ZN5spark6detail9LogFilter4NodeC1EOS2_>
    ++size_;
   b5644:	686b      	ldr	r3, [r5, #4]
   b5646:	3301      	adds	r3, #1
   b5648:	606b      	str	r3, [r5, #4]
struct spark::detail::LogFilter::Node {
   b564a:	a811      	add	r0, sp, #68	; 0x44
   b564c:	f7ff fcca 	bl	b4fe4 <_ZN5spark6VectorINS_6detail9LogFilter4NodeENS_16DefaultAllocatorEED1Ev>
            if (!found && !pNodes->insert(index, Node(name, size))) { // Add node
   b5650:	b13f      	cbz	r7, b5662 <_ZN5spark6detail9LogFilterC1E8LogLevelNS_6VectorINS_17LogCategoryFilterENS_16DefaultAllocatorEEE+0x1a2>
    Vector<Node> nodes;
   b5652:	a80b      	add	r0, sp, #44	; 0x2c
   b5654:	f7ff fcc6 	bl	b4fe4 <_ZN5spark6VectorINS_6detail9LogFilter4NodeENS_16DefaultAllocatorEED1Ev>
   b5658:	e771      	b.n	b553e <_ZN5spark6detail9LogFilterC1E8LogLevelNS_6VectorINS_17LogCategoryFilterENS_16DefaultAllocatorEEE+0x7e>
        T* d = nullptr;
   b565a:	46bb      	mov	fp, r7
   b565c:	e7d8      	b.n	b5610 <_ZN5spark6detail9LogFilterC1E8LogLevelNS_6VectorINS_17LogCategoryFilterENS_16DefaultAllocatorEEE+0x150>
            if (!found && !pNodes->insert(index, Node(name, size))) { // Add node
   b565e:	2701      	movs	r7, #1
   b5660:	e7f3      	b.n	b564a <_ZN5spark6detail9LogFilterC1E8LogLevelNS_6VectorINS_17LogCategoryFilterENS_16DefaultAllocatorEEE+0x18a>
    return data_[i];
   b5662:	9b01      	ldr	r3, [sp, #4]
   b5664:	682d      	ldr	r5, [r5, #0]
   b5666:	fb09 5503 	mla	r5, r9, r3, r5
            if (!*category) { // Check if it's last subcategory
   b566a:	9b06      	ldr	r3, [sp, #24]
   b566c:	781b      	ldrb	r3, [r3, #0]
   b566e:	b92b      	cbnz	r3, b567c <_ZN5spark6detail9LogFilterC1E8LogLevelNS_6VectorINS_17LogCategoryFilterENS_16DefaultAllocatorEEE+0x1bc>
                node.level = filters.at(i).level_;
   b5670:	f8d8 3000 	ldr.w	r3, [r8]
   b5674:	9a02      	ldr	r2, [sp, #8]
   b5676:	4413      	add	r3, r2
   b5678:	7c1b      	ldrb	r3, [r3, #16]
   b567a:	80eb      	strh	r3, [r5, #6]
            pNodes = &node.nodes;
   b567c:	3508      	adds	r5, #8
        while ((name = nextSubcategoryName(category, size))) {
   b567e:	e78e      	b.n	b559e <_ZN5spark6detail9LogFilterC1E8LogLevelNS_6VectorINS_17LogCategoryFilterENS_16DefaultAllocatorEEE+0xde>
      _Tp __tmp = _GLIBCXX_MOVE(__a);
   b5680:	6821      	ldr	r1, [r4, #0]
      __a = _GLIBCXX_MOVE(__b);
   b5682:	6022      	str	r2, [r4, #0]
      _Tp __tmp = _GLIBCXX_MOVE(__a);
   b5684:	6862      	ldr	r2, [r4, #4]
      __a = _GLIBCXX_MOVE(__b);
   b5686:	6063      	str	r3, [r4, #4]
      _Tp __tmp = _GLIBCXX_MOVE(__a);
   b5688:	68a3      	ldr	r3, [r4, #8]
      __b = _GLIBCXX_MOVE(__tmp);
   b568a:	9209      	str	r2, [sp, #36]	; 0x24
      __a = _GLIBCXX_MOVE(__b);
   b568c:	9a0a      	ldr	r2, [sp, #40]	; 0x28
      __b = _GLIBCXX_MOVE(__tmp);
   b568e:	930a      	str	r3, [sp, #40]	; 0x28
      _Tp __tmp = _GLIBCXX_MOVE(__a);
   b5690:	68e3      	ldr	r3, [r4, #12]
      __a = _GLIBCXX_MOVE(__b);
   b5692:	60a2      	str	r2, [r4, #8]
   b5694:	9a0b      	ldr	r2, [sp, #44]	; 0x2c
      __b = _GLIBCXX_MOVE(__tmp);
   b5696:	930b      	str	r3, [sp, #44]	; 0x2c
      _Tp __tmp = _GLIBCXX_MOVE(__a);
   b5698:	6923      	ldr	r3, [r4, #16]
      __a = _GLIBCXX_MOVE(__b);
   b569a:	60e2      	str	r2, [r4, #12]
   b569c:	9a0c      	ldr	r2, [sp, #48]	; 0x30
      __b = _GLIBCXX_MOVE(__tmp);
   b569e:	930c      	str	r3, [sp, #48]	; 0x30
      _Tp __tmp = _GLIBCXX_MOVE(__a);
   b56a0:	6963      	ldr	r3, [r4, #20]
      __a = _GLIBCXX_MOVE(__b);
   b56a2:	6122      	str	r2, [r4, #16]
   b56a4:	9a0d      	ldr	r2, [sp, #52]	; 0x34
      __b = _GLIBCXX_MOVE(__tmp);
   b56a6:	930d      	str	r3, [sp, #52]	; 0x34
    level_ = level;
   b56a8:	9b03      	ldr	r3, [sp, #12]
   b56aa:	9108      	str	r1, [sp, #32]
      __a = _GLIBCXX_MOVE(__b);
   b56ac:	6162      	str	r2, [r4, #20]
   b56ae:	7623      	strb	r3, [r4, #24]
   b56b0:	e7cf      	b.n	b5652 <_ZN5spark6detail9LogFilterC1E8LogLevelNS_6VectorINS_17LogCategoryFilterENS_16DefaultAllocatorEEE+0x192>
	...

000b56b4 <_ZN5spark16StreamLogHandlerC1ER5Print8LogLevelNS_6VectorINS_17LogCategoryFilterENS_16DefaultAllocatorEEE>:
inline spark::StreamLogHandler::StreamLogHandler(Print &stream, LogLevel level, LogCategoryFilters filters) :
   b56b4:	b5f0      	push	{r4, r5, r6, r7, lr}
   b56b6:	4604      	mov	r4, r0
   b56b8:	b087      	sub	sp, #28
   b56ba:	460d      	mov	r5, r1
        filter_(level, filters) {
   b56bc:	4626      	mov	r6, r4
        stream_(&stream) {
   b56be:	4619      	mov	r1, r3
   b56c0:	4668      	mov	r0, sp
inline spark::StreamLogHandler::StreamLogHandler(Print &stream, LogLevel level, LogCategoryFilters filters) :
   b56c2:	4617      	mov	r7, r2
        stream_(&stream) {
   b56c4:	f7fe fdff 	bl	b42c6 <_ZN5spark6VectorINS_17LogCategoryFilterENS_16DefaultAllocatorEEC1ERKS3_>
        filter_(level, filters) {
   b56c8:	4b0b      	ldr	r3, [pc, #44]	; (b56f8 <_ZN5spark16StreamLogHandlerC1ER5Print8LogLevelNS_6VectorINS_17LogCategoryFilterENS_16DefaultAllocatorEEE+0x44>)
   b56ca:	f846 3b04 	str.w	r3, [r6], #4
   b56ce:	4669      	mov	r1, sp
   b56d0:	a803      	add	r0, sp, #12
   b56d2:	f7fe fdf8 	bl	b42c6 <_ZN5spark6VectorINS_17LogCategoryFilterENS_16DefaultAllocatorEEC1ERKS3_>
   b56d6:	aa03      	add	r2, sp, #12
   b56d8:	4639      	mov	r1, r7
   b56da:	4630      	mov	r0, r6
   b56dc:	f7ff fef0 	bl	b54c0 <_ZN5spark6detail9LogFilterC1E8LogLevelNS_6VectorINS_17LogCategoryFilterENS_16DefaultAllocatorEEE>
   b56e0:	a803      	add	r0, sp, #12
   b56e2:	f7fe fdaf 	bl	b4244 <_ZN5spark6VectorINS_17LogCategoryFilterENS_16DefaultAllocatorEED1Ev>
        stream_(&stream) {
   b56e6:	4668      	mov	r0, sp
   b56e8:	f7fe fdac 	bl	b4244 <_ZN5spark6VectorINS_17LogCategoryFilterENS_16DefaultAllocatorEED1Ev>
   b56ec:	4b03      	ldr	r3, [pc, #12]	; (b56fc <_ZN5spark16StreamLogHandlerC1ER5Print8LogLevelNS_6VectorINS_17LogCategoryFilterENS_16DefaultAllocatorEEE+0x48>)
   b56ee:	6023      	str	r3, [r4, #0]
}
   b56f0:	4620      	mov	r0, r4
        stream_(&stream) {
   b56f2:	6225      	str	r5, [r4, #32]
}
   b56f4:	b007      	add	sp, #28
   b56f6:	bdf0      	pop	{r4, r5, r6, r7, pc}
   b56f8:	000b69e0 	.word	0x000b69e0
   b56fc:	000b6ae4 	.word	0x000b6ae4

000b5700 <_ZN5spark24DefaultLogHandlerFactory13createHandlerEPKc8LogLevelNS_6VectorINS_17LogCategoryFilterENS_16DefaultAllocatorEEEP5PrintRKNS_9JSONValueE>:
            Print *stream, const JSONValue &params) {
   b5700:	b5f0      	push	{r4, r5, r6, r7, lr}
   b5702:	460f      	mov	r7, r1
   b5704:	b085      	sub	sp, #20
    if (strcmp(type, "JSONStreamLogHandler") == 0) {
   b5706:	491d      	ldr	r1, [pc, #116]	; (b577c <_ZN5spark24DefaultLogHandlerFactory13createHandlerEPKc8LogLevelNS_6VectorINS_17LogCategoryFilterENS_16DefaultAllocatorEEEP5PrintRKNS_9JSONValueE+0x7c>)
            Print *stream, const JSONValue &params) {
   b5708:	9c0a      	ldr	r4, [sp, #40]	; 0x28
    if (strcmp(type, "JSONStreamLogHandler") == 0) {
   b570a:	4638      	mov	r0, r7
            Print *stream, const JSONValue &params) {
   b570c:	4616      	mov	r6, r2
   b570e:	461d      	mov	r5, r3
    if (strcmp(type, "JSONStreamLogHandler") == 0) {
   b5710:	f7fe fc84 	bl	b401c <strcmp>
   b5714:	b9c0      	cbnz	r0, b5748 <_ZN5spark24DefaultLogHandlerFactory13createHandlerEPKc8LogLevelNS_6VectorINS_17LogCategoryFilterENS_16DefaultAllocatorEEEP5PrintRKNS_9JSONValueE+0x48>
        if (!stream) {
   b5716:	b1a4      	cbz	r4, b5742 <_ZN5spark24DefaultLogHandlerFactory13createHandlerEPKc8LogLevelNS_6VectorINS_17LogCategoryFilterENS_16DefaultAllocatorEEEP5PrintRKNS_9JSONValueE+0x42>
        return new(std::nothrow) JSONStreamLogHandler(*stream, level, std::move(filters));
   b5718:	4629      	mov	r1, r5
   b571a:	a801      	add	r0, sp, #4
   b571c:	f7ff fcbd 	bl	b509a <_ZN5spark6VectorINS_17LogCategoryFilterENS_16DefaultAllocatorEEC1EOS3_>
   b5720:	4917      	ldr	r1, [pc, #92]	; (b5780 <_ZN5spark24DefaultLogHandlerFactory13createHandlerEPKc8LogLevelNS_6VectorINS_17LogCategoryFilterENS_16DefaultAllocatorEEEP5PrintRKNS_9JSONValueE+0x80>)
   b5722:	2024      	movs	r0, #36	; 0x24
   b5724:	f000 ffc8 	bl	b66b8 <_ZnwjRKSt9nothrow_t>
   b5728:	4605      	mov	r5, r0
   b572a:	b130      	cbz	r0, b573a <_ZN5spark24DefaultLogHandlerFactory13createHandlerEPKc8LogLevelNS_6VectorINS_17LogCategoryFilterENS_16DefaultAllocatorEEEP5PrintRKNS_9JSONValueE+0x3a>
    using StreamLogHandler::StreamLogHandler;
   b572c:	ab01      	add	r3, sp, #4
   b572e:	4632      	mov	r2, r6
   b5730:	4621      	mov	r1, r4
   b5732:	f7ff ffbf 	bl	b56b4 <_ZN5spark16StreamLogHandlerC1ER5Print8LogLevelNS_6VectorINS_17LogCategoryFilterENS_16DefaultAllocatorEEE>
   b5736:	4b13      	ldr	r3, [pc, #76]	; (b5784 <_ZN5spark24DefaultLogHandlerFactory13createHandlerEPKc8LogLevelNS_6VectorINS_17LogCategoryFilterENS_16DefaultAllocatorEEEP5PrintRKNS_9JSONValueE+0x84>)
   b5738:	602b      	str	r3, [r5, #0]
        return new(std::nothrow) StreamLogHandler(*stream, level, std::move(filters));
   b573a:	a801      	add	r0, sp, #4
   b573c:	f7fe fd82 	bl	b4244 <_ZN5spark6VectorINS_17LogCategoryFilterENS_16DefaultAllocatorEED1Ev>
   b5740:	462c      	mov	r4, r5
}
   b5742:	4620      	mov	r0, r4
   b5744:	b005      	add	sp, #20
   b5746:	bdf0      	pop	{r4, r5, r6, r7, pc}
    } else if (strcmp(type, "StreamLogHandler") == 0) {
   b5748:	490f      	ldr	r1, [pc, #60]	; (b5788 <_ZN5spark24DefaultLogHandlerFactory13createHandlerEPKc8LogLevelNS_6VectorINS_17LogCategoryFilterENS_16DefaultAllocatorEEEP5PrintRKNS_9JSONValueE+0x88>)
   b574a:	4638      	mov	r0, r7
   b574c:	f7fe fc66 	bl	b401c <strcmp>
   b5750:	b990      	cbnz	r0, b5778 <_ZN5spark24DefaultLogHandlerFactory13createHandlerEPKc8LogLevelNS_6VectorINS_17LogCategoryFilterENS_16DefaultAllocatorEEEP5PrintRKNS_9JSONValueE+0x78>
        if (!stream) {
   b5752:	2c00      	cmp	r4, #0
   b5754:	d0f5      	beq.n	b5742 <_ZN5spark24DefaultLogHandlerFactory13createHandlerEPKc8LogLevelNS_6VectorINS_17LogCategoryFilterENS_16DefaultAllocatorEEEP5PrintRKNS_9JSONValueE+0x42>
        return new(std::nothrow) StreamLogHandler(*stream, level, std::move(filters));
   b5756:	4629      	mov	r1, r5
   b5758:	a801      	add	r0, sp, #4
   b575a:	f7ff fc9e 	bl	b509a <_ZN5spark6VectorINS_17LogCategoryFilterENS_16DefaultAllocatorEEC1EOS3_>
   b575e:	4908      	ldr	r1, [pc, #32]	; (b5780 <_ZN5spark24DefaultLogHandlerFactory13createHandlerEPKc8LogLevelNS_6VectorINS_17LogCategoryFilterENS_16DefaultAllocatorEEEP5PrintRKNS_9JSONValueE+0x80>)
   b5760:	2024      	movs	r0, #36	; 0x24
   b5762:	f000 ffa9 	bl	b66b8 <_ZnwjRKSt9nothrow_t>
   b5766:	4605      	mov	r5, r0
   b5768:	2800      	cmp	r0, #0
   b576a:	d0e6      	beq.n	b573a <_ZN5spark24DefaultLogHandlerFactory13createHandlerEPKc8LogLevelNS_6VectorINS_17LogCategoryFilterENS_16DefaultAllocatorEEEP5PrintRKNS_9JSONValueE+0x3a>
   b576c:	ab01      	add	r3, sp, #4
   b576e:	4632      	mov	r2, r6
   b5770:	4621      	mov	r1, r4
   b5772:	f7ff ff9f 	bl	b56b4 <_ZN5spark16StreamLogHandlerC1ER5Print8LogLevelNS_6VectorINS_17LogCategoryFilterENS_16DefaultAllocatorEEE>
   b5776:	e7e0      	b.n	b573a <_ZN5spark24DefaultLogHandlerFactory13createHandlerEPKc8LogLevelNS_6VectorINS_17LogCategoryFilterENS_16DefaultAllocatorEEEP5PrintRKNS_9JSONValueE+0x3a>
            return nullptr; // Output stream is not specified
   b5778:	2400      	movs	r4, #0
   b577a:	e7e2      	b.n	b5742 <_ZN5spark24DefaultLogHandlerFactory13createHandlerEPKc8LogLevelNS_6VectorINS_17LogCategoryFilterENS_16DefaultAllocatorEEEP5PrintRKNS_9JSONValueE+0x42>
   b577c:	000b6a78 	.word	0x000b6a78
   b5780:	000b6ca0 	.word	0x000b6ca0
   b5784:	000b6afc 	.word	0x000b6afc
   b5788:	000b6a7c 	.word	0x000b6a7c

000b578c <_GLOBAL__sub_I__ZN5spark3LogE>:
        name_(name) {
   b578c:	4b01      	ldr	r3, [pc, #4]	; (b5794 <_GLOBAL__sub_I__ZN5spark3LogE+0x8>)
   b578e:	4a02      	ldr	r2, [pc, #8]	; (b5798 <_GLOBAL__sub_I__ZN5spark3LogE+0xc>)
   b5790:	601a      	str	r2, [r3, #0]
#if Wiring_LogConfig

// spark::
void spark::logProcessControlRequest(ctrl_request* req) {
    JSONRequestHandler::process(req);
}
   b5792:	4770      	bx	lr
   b5794:	2003df44 	.word	0x2003df44
   b5798:	000b6a8d 	.word	0x000b6a8d

000b579c <_ZN5spark16StreamLogHandler10logMessageEPKc8LogLevelS2_RK13LogAttributes>:
void spark::StreamLogHandler::logMessage(const char *msg, LogLevel level, const char *category, const LogAttributes &attr) {
   b579c:	e92d 47f0 	stmdb	sp!, {r4, r5, r6, r7, r8, r9, sl, lr}
   b57a0:	9d08      	ldr	r5, [sp, #32]
    if (stream_ == &Serial && Network.listening()) {
   b57a2:	f8d0 9020 	ldr.w	r9, [r0, #32]
void spark::StreamLogHandler::logMessage(const char *msg, LogLevel level, const char *category, const LogAttributes &attr) {
   b57a6:	4604      	mov	r4, r0
   b57a8:	460e      	mov	r6, r1
   b57aa:	4617      	mov	r7, r2
   b57ac:	4698      	mov	r8, r3
    if (stream_ == &Serial && Network.listening()) {
   b57ae:	f000 fb29 	bl	b5e04 <_Z16_fetch_usbserialv>
   b57b2:	4581      	cmp	r9, r0
   b57b4:	d04c      	beq.n	b5850 <_ZN5spark16StreamLogHandler10logMessageEPKc8LogLevelS2_RK13LogAttributes+0xb4>
    if (attr.has_time) {
   b57b6:	792b      	ldrb	r3, [r5, #4]
   b57b8:	0719      	lsls	r1, r3, #28
   b57ba:	d504      	bpl.n	b57c6 <_ZN5spark16StreamLogHandler10logMessageEPKc8LogLevelS2_RK13LogAttributes+0x2a>
        printf("%010u ", (unsigned)attr.time);
   b57bc:	696a      	ldr	r2, [r5, #20]
   b57be:	4954      	ldr	r1, [pc, #336]	; (b5910 <_ZN5spark16StreamLogHandler10logMessageEPKc8LogLevelS2_RK13LogAttributes+0x174>)
   b57c0:	4620      	mov	r0, r4
   b57c2:	f7ff faca 	bl	b4d5a <_ZN5spark16StreamLogHandler6printfEPKcz>
    if (category) {
   b57c6:	f1b8 0f00 	cmp.w	r8, #0
   b57ca:	d00d      	beq.n	b57e8 <_ZN5spark16StreamLogHandler10logMessageEPKc8LogLevelS2_RK13LogAttributes+0x4c>
        write('[');
   b57cc:	215b      	movs	r1, #91	; 0x5b
   b57ce:	4620      	mov	r0, r4
   b57d0:	f7ff fa52 	bl	b4c78 <_ZN5spark16StreamLogHandler5writeEc>
        write(category);
   b57d4:	4641      	mov	r1, r8
   b57d6:	4620      	mov	r0, r4
   b57d8:	f7ff fa3f 	bl	b4c5a <_ZN5spark16StreamLogHandler5writeEPKc>
        write("] ", 2);
   b57dc:	6823      	ldr	r3, [r4, #0]
   b57de:	494d      	ldr	r1, [pc, #308]	; (b5914 <_ZN5spark16StreamLogHandler10logMessageEPKc8LogLevelS2_RK13LogAttributes+0x178>)
   b57e0:	68db      	ldr	r3, [r3, #12]
   b57e2:	2202      	movs	r2, #2
   b57e4:	4620      	mov	r0, r4
   b57e6:	4798      	blx	r3
    if (attr.has_file) {
   b57e8:	792b      	ldrb	r3, [r5, #4]
   b57ea:	07da      	lsls	r2, r3, #31
   b57ec:	d523      	bpl.n	b5836 <_ZN5spark16StreamLogHandler10logMessageEPKc8LogLevelS2_RK13LogAttributes+0x9a>
        s = extractFileName(attr.file); // Strip directory path
   b57ee:	f8d5 8008 	ldr.w	r8, [r5, #8]
    const char *s1 = strrchr(s, '/');
   b57f2:	212f      	movs	r1, #47	; 0x2f
   b57f4:	4640      	mov	r0, r8
   b57f6:	f001 f802 	bl	b67fe <strrchr>
    if (s1) {
   b57fa:	b108      	cbz	r0, b5800 <_ZN5spark16StreamLogHandler10logMessageEPKc8LogLevelS2_RK13LogAttributes+0x64>
        return s1 + 1;
   b57fc:	f100 0801 	add.w	r8, r0, #1
        write(s); // File name
   b5800:	4641      	mov	r1, r8
   b5802:	4620      	mov	r0, r4
   b5804:	f7ff fa29 	bl	b4c5a <_ZN5spark16StreamLogHandler5writeEPKc>
        if (attr.has_line) {
   b5808:	792b      	ldrb	r3, [r5, #4]
   b580a:	079b      	lsls	r3, r3, #30
   b580c:	d508      	bpl.n	b5820 <_ZN5spark16StreamLogHandler10logMessageEPKc8LogLevelS2_RK13LogAttributes+0x84>
            write(':');
   b580e:	213a      	movs	r1, #58	; 0x3a
   b5810:	4620      	mov	r0, r4
   b5812:	f7ff fa31 	bl	b4c78 <_ZN5spark16StreamLogHandler5writeEc>
            printf("%d", (int)attr.line); // Line number
   b5816:	68ea      	ldr	r2, [r5, #12]
   b5818:	493f      	ldr	r1, [pc, #252]	; (b5918 <_ZN5spark16StreamLogHandler10logMessageEPKc8LogLevelS2_RK13LogAttributes+0x17c>)
   b581a:	4620      	mov	r0, r4
   b581c:	f7ff fa9d 	bl	b4d5a <_ZN5spark16StreamLogHandler6printfEPKcz>
        if (attr.has_function) {
   b5820:	792a      	ldrb	r2, [r5, #4]
            write(", ", 2);
   b5822:	6823      	ldr	r3, [r4, #0]
        if (attr.has_function) {
   b5824:	f012 0f04 	tst.w	r2, #4
            write(", ", 2);
   b5828:	68db      	ldr	r3, [r3, #12]
   b582a:	bf14      	ite	ne
   b582c:	493b      	ldrne	r1, [pc, #236]	; (b591c <_ZN5spark16StreamLogHandler10logMessageEPKc8LogLevelS2_RK13LogAttributes+0x180>)
            write(": ", 2);
   b582e:	493c      	ldreq	r1, [pc, #240]	; (b5920 <_ZN5spark16StreamLogHandler10logMessageEPKc8LogLevelS2_RK13LogAttributes+0x184>)
            write(", ", 2);
   b5830:	2202      	movs	r2, #2
            write(": ", 2);
   b5832:	4620      	mov	r0, r4
   b5834:	4798      	blx	r3
    if (attr.has_function) {
   b5836:	792b      	ldrb	r3, [r5, #4]
   b5838:	0758      	lsls	r0, r3, #29
   b583a:	d51d      	bpl.n	b5878 <_ZN5spark16StreamLogHandler10logMessageEPKc8LogLevelS2_RK13LogAttributes+0xdc>
        s = extractFuncName(attr.function, &n); // Strip argument and return types
   b583c:	6929      	ldr	r1, [r5, #16]
const char* extractFuncName(const char *s, size_t *size) {
   b583e:	460b      	mov	r3, r1
   b5840:	461a      	mov	r2, r3
    for (; *s; ++s) {
   b5842:	f813 0b01 	ldrb.w	r0, [r3], #1
   b5846:	b160      	cbz	r0, b5862 <_ZN5spark16StreamLogHandler10logMessageEPKc8LogLevelS2_RK13LogAttributes+0xc6>
        if (*s == ' ') {
   b5848:	2820      	cmp	r0, #32
   b584a:	d108      	bne.n	b585e <_ZN5spark16StreamLogHandler10logMessageEPKc8LogLevelS2_RK13LogAttributes+0xc2>
            s1 = s + 1; // Skip return type
   b584c:	4619      	mov	r1, r3
   b584e:	e7f7      	b.n	b5840 <_ZN5spark16StreamLogHandler10logMessageEPKc8LogLevelS2_RK13LogAttributes+0xa4>
    if (stream_ == &Serial && Network.listening()) {
   b5850:	4834      	ldr	r0, [pc, #208]	; (b5924 <_ZN5spark16StreamLogHandler10logMessageEPKc8LogLevelS2_RK13LogAttributes+0x188>)
   b5852:	f000 fe0a 	bl	b646a <_ZN5spark12NetworkClass9listeningEv>
   b5856:	2800      	cmp	r0, #0
   b5858:	d0ad      	beq.n	b57b6 <_ZN5spark16StreamLogHandler10logMessageEPKc8LogLevelS2_RK13LogAttributes+0x1a>
}
   b585a:	e8bd 87f0 	ldmia.w	sp!, {r4, r5, r6, r7, r8, r9, sl, pc}
        } else if (*s == '(') {
   b585e:	2828      	cmp	r0, #40	; 0x28
   b5860:	d1ee      	bne.n	b5840 <_ZN5spark16StreamLogHandler10logMessageEPKc8LogLevelS2_RK13LogAttributes+0xa4>
        write(s, n);
   b5862:	6823      	ldr	r3, [r4, #0]
   b5864:	1a52      	subs	r2, r2, r1
   b5866:	68db      	ldr	r3, [r3, #12]
   b5868:	4620      	mov	r0, r4
   b586a:	4798      	blx	r3
        write("(): ", 4);
   b586c:	6823      	ldr	r3, [r4, #0]
   b586e:	492e      	ldr	r1, [pc, #184]	; (b5928 <_ZN5spark16StreamLogHandler10logMessageEPKc8LogLevelS2_RK13LogAttributes+0x18c>)
   b5870:	68db      	ldr	r3, [r3, #12]
   b5872:	2204      	movs	r2, #4
   b5874:	4620      	mov	r0, r4
   b5876:	4798      	blx	r3
    return log_level_name(level, nullptr);
   b5878:	2100      	movs	r1, #0
   b587a:	4638      	mov	r0, r7
   b587c:	f7fe fecc 	bl	b4618 <log_level_name>
   b5880:	4601      	mov	r1, r0
    write(s);
   b5882:	4620      	mov	r0, r4
   b5884:	f7ff f9e9 	bl	b4c5a <_ZN5spark16StreamLogHandler5writeEPKc>
    write(": ", 2);
   b5888:	6823      	ldr	r3, [r4, #0]
   b588a:	4925      	ldr	r1, [pc, #148]	; (b5920 <_ZN5spark16StreamLogHandler10logMessageEPKc8LogLevelS2_RK13LogAttributes+0x184>)
   b588c:	68db      	ldr	r3, [r3, #12]
   b588e:	2202      	movs	r2, #2
   b5890:	4620      	mov	r0, r4
   b5892:	4798      	blx	r3
    if (msg) {
   b5894:	b11e      	cbz	r6, b589e <_ZN5spark16StreamLogHandler10logMessageEPKc8LogLevelS2_RK13LogAttributes+0x102>
        write(msg);
   b5896:	4631      	mov	r1, r6
   b5898:	4620      	mov	r0, r4
   b589a:	f7ff f9de 	bl	b4c5a <_ZN5spark16StreamLogHandler5writeEPKc>
    if (attr.has_code || attr.has_details) {
   b589e:	792b      	ldrb	r3, [r5, #4]
   b58a0:	f013 0f30 	tst.w	r3, #48	; 0x30
   b58a4:	d02c      	beq.n	b5900 <_ZN5spark16StreamLogHandler10logMessageEPKc8LogLevelS2_RK13LogAttributes+0x164>
        write(" [", 2);
   b58a6:	6823      	ldr	r3, [r4, #0]
   b58a8:	4920      	ldr	r1, [pc, #128]	; (b592c <_ZN5spark16StreamLogHandler10logMessageEPKc8LogLevelS2_RK13LogAttributes+0x190>)
   b58aa:	68db      	ldr	r3, [r3, #12]
   b58ac:	2202      	movs	r2, #2
   b58ae:	4620      	mov	r0, r4
   b58b0:	4798      	blx	r3
        if (attr.has_code) {
   b58b2:	792b      	ldrb	r3, [r5, #4]
   b58b4:	06d9      	lsls	r1, r3, #27
   b58b6:	d50a      	bpl.n	b58ce <_ZN5spark16StreamLogHandler10logMessageEPKc8LogLevelS2_RK13LogAttributes+0x132>
            write("code = ", 7);
   b58b8:	6823      	ldr	r3, [r4, #0]
   b58ba:	491d      	ldr	r1, [pc, #116]	; (b5930 <_ZN5spark16StreamLogHandler10logMessageEPKc8LogLevelS2_RK13LogAttributes+0x194>)
   b58bc:	68db      	ldr	r3, [r3, #12]
   b58be:	2207      	movs	r2, #7
   b58c0:	4620      	mov	r0, r4
   b58c2:	4798      	blx	r3
            printf("%" PRIiPTR, (intptr_t)attr.code);
   b58c4:	69aa      	ldr	r2, [r5, #24]
   b58c6:	491b      	ldr	r1, [pc, #108]	; (b5934 <_ZN5spark16StreamLogHandler10logMessageEPKc8LogLevelS2_RK13LogAttributes+0x198>)
   b58c8:	4620      	mov	r0, r4
   b58ca:	f7ff fa46 	bl	b4d5a <_ZN5spark16StreamLogHandler6printfEPKcz>
        if (attr.has_details) {
   b58ce:	792b      	ldrb	r3, [r5, #4]
   b58d0:	069a      	lsls	r2, r3, #26
   b58d2:	d511      	bpl.n	b58f8 <_ZN5spark16StreamLogHandler10logMessageEPKc8LogLevelS2_RK13LogAttributes+0x15c>
            if (attr.has_code) {
   b58d4:	06db      	lsls	r3, r3, #27
   b58d6:	d505      	bpl.n	b58e4 <_ZN5spark16StreamLogHandler10logMessageEPKc8LogLevelS2_RK13LogAttributes+0x148>
                write(", ", 2);
   b58d8:	6823      	ldr	r3, [r4, #0]
   b58da:	4910      	ldr	r1, [pc, #64]	; (b591c <_ZN5spark16StreamLogHandler10logMessageEPKc8LogLevelS2_RK13LogAttributes+0x180>)
   b58dc:	68db      	ldr	r3, [r3, #12]
   b58de:	2202      	movs	r2, #2
   b58e0:	4620      	mov	r0, r4
   b58e2:	4798      	blx	r3
            write("details = ", 10);
   b58e4:	6823      	ldr	r3, [r4, #0]
   b58e6:	4914      	ldr	r1, [pc, #80]	; (b5938 <_ZN5spark16StreamLogHandler10logMessageEPKc8LogLevelS2_RK13LogAttributes+0x19c>)
   b58e8:	68db      	ldr	r3, [r3, #12]
   b58ea:	4620      	mov	r0, r4
   b58ec:	220a      	movs	r2, #10
   b58ee:	4798      	blx	r3
            write(attr.details);
   b58f0:	69e9      	ldr	r1, [r5, #28]
   b58f2:	4620      	mov	r0, r4
   b58f4:	f7ff f9b1 	bl	b4c5a <_ZN5spark16StreamLogHandler5writeEPKc>
        write(']');
   b58f8:	215d      	movs	r1, #93	; 0x5d
   b58fa:	4620      	mov	r0, r4
   b58fc:	f7ff f9bc 	bl	b4c78 <_ZN5spark16StreamLogHandler5writeEc>
    write("\r\n", 2);
   b5900:	6823      	ldr	r3, [r4, #0]
   b5902:	490e      	ldr	r1, [pc, #56]	; (b593c <_ZN5spark16StreamLogHandler10logMessageEPKc8LogLevelS2_RK13LogAttributes+0x1a0>)
   b5904:	68db      	ldr	r3, [r3, #12]
   b5906:	4620      	mov	r0, r4
   b5908:	2202      	movs	r2, #2
}
   b590a:	e8bd 47f0 	ldmia.w	sp!, {r4, r5, r6, r7, r8, r9, sl, lr}
    write("\r\n", 2);
   b590e:	4718      	bx	r3
   b5910:	000b6a91 	.word	0x000b6a91
   b5914:	000b6a98 	.word	0x000b6a98
   b5918:	000b6a9b 	.word	0x000b6a9b
   b591c:	000b6a9e 	.word	0x000b6a9e
   b5920:	000b6aa3 	.word	0x000b6aa3
   b5924:	2003dfc0 	.word	0x2003dfc0
   b5928:	000b6aa1 	.word	0x000b6aa1
   b592c:	000b6aa6 	.word	0x000b6aa6
   b5930:	000b6aa9 	.word	0x000b6aa9
   b5934:	000b6ab1 	.word	0x000b6ab1
   b5938:	000b6ab4 	.word	0x000b6ab4
   b593c:	000b6abf 	.word	0x000b6abf

000b5940 <_ZN5spark16StreamLogHandler5writeEPKcj>:
void spark::StreamLogHandler::write(const char *data, size_t size) {
   b5940:	e92d 41f0 	stmdb	sp!, {r4, r5, r6, r7, r8, lr}
   b5944:	4604      	mov	r4, r0
    if (stream_ == &Serial && Network.listening()) {
   b5946:	6a07      	ldr	r7, [r0, #32]
void spark::StreamLogHandler::write(const char *data, size_t size) {
   b5948:	460d      	mov	r5, r1
   b594a:	4616      	mov	r6, r2
    if (stream_ == &Serial && Network.listening()) {
   b594c:	f000 fa5a 	bl	b5e04 <_Z16_fetch_usbserialv>
   b5950:	4287      	cmp	r7, r0
   b5952:	d007      	beq.n	b5964 <_ZN5spark16StreamLogHandler5writeEPKcj+0x24>
    stream_->write((const uint8_t*)data, size);
   b5954:	6a20      	ldr	r0, [r4, #32]
   b5956:	6803      	ldr	r3, [r0, #0]
   b5958:	4632      	mov	r2, r6
   b595a:	4629      	mov	r1, r5
   b595c:	68db      	ldr	r3, [r3, #12]
}
   b595e:	e8bd 41f0 	ldmia.w	sp!, {r4, r5, r6, r7, r8, lr}
    stream_->write((const uint8_t*)data, size);
   b5962:	4718      	bx	r3
    if (stream_ == &Serial && Network.listening()) {
   b5964:	4803      	ldr	r0, [pc, #12]	; (b5974 <_ZN5spark16StreamLogHandler5writeEPKcj+0x34>)
   b5966:	f000 fd80 	bl	b646a <_ZN5spark12NetworkClass9listeningEv>
   b596a:	2800      	cmp	r0, #0
   b596c:	d0f2      	beq.n	b5954 <_ZN5spark16StreamLogHandler5writeEPKcj+0x14>
}
   b596e:	e8bd 81f0 	ldmia.w	sp!, {r4, r5, r6, r7, r8, pc}
   b5972:	bf00      	nop
   b5974:	2003dfc0 	.word	0x2003dfc0

000b5978 <_ZN5spark20JSONStreamLogHandler10logMessageEPKc8LogLevelS2_RK13LogAttributes>:
void spark::JSONStreamLogHandler::logMessage(const char *msg, LogLevel level, const char *category, const LogAttributes &attr) {
   b5978:	e92d 43f0 	stmdb	sp!, {r4, r5, r6, r7, r8, r9, lr}
   b597c:	b085      	sub	sp, #20
    return stream_;
   b597e:	f8d0 9020 	ldr.w	r9, [r0, #32]
   b5982:	9c0c      	ldr	r4, [sp, #48]	; 0x30
   b5984:	4605      	mov	r5, r0
   b5986:	460f      	mov	r7, r1
   b5988:	4690      	mov	r8, r2
   b598a:	461e      	mov	r6, r3
    if (this->stream() == &Serial && Network.listening()) {
   b598c:	f000 fa3a 	bl	b5e04 <_Z16_fetch_usbserialv>
   b5990:	4581      	cmp	r9, r0
   b5992:	d105      	bne.n	b59a0 <_ZN5spark20JSONStreamLogHandler10logMessageEPKc8LogLevelS2_RK13LogAttributes+0x28>
   b5994:	4849      	ldr	r0, [pc, #292]	; (b5abc <_ZN5spark20JSONStreamLogHandler10logMessageEPKc8LogLevelS2_RK13LogAttributes+0x144>)
   b5996:	f000 fd68 	bl	b646a <_ZN5spark12NetworkClass9listeningEv>
   b599a:	2800      	cmp	r0, #0
   b599c:	f040 808a 	bne.w	b5ab4 <_ZN5spark20JSONStreamLogHandler10logMessageEPKc8LogLevelS2_RK13LogAttributes+0x13c>
   b59a0:	6a2b      	ldr	r3, [r5, #32]
        bytesWritten_(0) {
   b59a2:	4a47      	ldr	r2, [pc, #284]	; (b5ac0 <_ZN5spark20JSONStreamLogHandler10logMessageEPKc8LogLevelS2_RK13LogAttributes+0x148>)
   b59a4:	9200      	str	r2, [sp, #0]
        state_(BEGIN) {
   b59a6:	f04f 0900 	mov.w	r9, #0
    json.beginObject();
   b59aa:	4668      	mov	r0, sp
        bytesWritten_(0) {
   b59ac:	e9cd 3902 	strd	r3, r9, [sp, #8]
        state_(BEGIN) {
   b59b0:	f88d 9004 	strb.w	r9, [sp, #4]
   b59b4:	f000 fb75 	bl	b60a2 <_ZN5spark10JSONWriter11beginObjectEv>
    return log_level_name(level, nullptr);
   b59b8:	4649      	mov	r1, r9
   b59ba:	4640      	mov	r0, r8
   b59bc:	f7fe fe2c 	bl	b4618 <log_level_name>
    json.name("l", 1).value(s);
   b59c0:	4940      	ldr	r1, [pc, #256]	; (b5ac4 <_ZN5spark20JSONStreamLogHandler10logMessageEPKc8LogLevelS2_RK13LogAttributes+0x14c>)
   b59c2:	4680      	mov	r8, r0
   b59c4:	2201      	movs	r2, #1
   b59c6:	4668      	mov	r0, sp
   b59c8:	f000 fbfa 	bl	b61c0 <_ZN5spark10JSONWriter4nameEPKcj>
   b59cc:	4641      	mov	r1, r8
   b59ce:	f7ff f936 	bl	b4c3e <_ZN5spark10JSONWriter5valueEPKc>
    if (msg) {
   b59d2:	b13f      	cbz	r7, b59e4 <_ZN5spark20JSONStreamLogHandler10logMessageEPKc8LogLevelS2_RK13LogAttributes+0x6c>
        json.name("m", 1).value(msg);
   b59d4:	493c      	ldr	r1, [pc, #240]	; (b5ac8 <_ZN5spark20JSONStreamLogHandler10logMessageEPKc8LogLevelS2_RK13LogAttributes+0x150>)
   b59d6:	2201      	movs	r2, #1
   b59d8:	4668      	mov	r0, sp
   b59da:	f000 fbf1 	bl	b61c0 <_ZN5spark10JSONWriter4nameEPKcj>
   b59de:	4639      	mov	r1, r7
   b59e0:	f7ff f92d 	bl	b4c3e <_ZN5spark10JSONWriter5valueEPKc>
    if (category) {
   b59e4:	b13e      	cbz	r6, b59f6 <_ZN5spark20JSONStreamLogHandler10logMessageEPKc8LogLevelS2_RK13LogAttributes+0x7e>
        json.name("c", 1).value(category);
   b59e6:	4939      	ldr	r1, [pc, #228]	; (b5acc <_ZN5spark20JSONStreamLogHandler10logMessageEPKc8LogLevelS2_RK13LogAttributes+0x154>)
   b59e8:	2201      	movs	r2, #1
   b59ea:	4668      	mov	r0, sp
   b59ec:	f000 fbe8 	bl	b61c0 <_ZN5spark10JSONWriter4nameEPKcj>
   b59f0:	4631      	mov	r1, r6
   b59f2:	f7ff f924 	bl	b4c3e <_ZN5spark10JSONWriter5valueEPKc>
    if (attr.has_file) {
   b59f6:	7923      	ldrb	r3, [r4, #4]
   b59f8:	07df      	lsls	r7, r3, #31
   b59fa:	d50e      	bpl.n	b5a1a <_ZN5spark20JSONStreamLogHandler10logMessageEPKc8LogLevelS2_RK13LogAttributes+0xa2>
        s = extractFileName(attr.file); // Strip directory path
   b59fc:	68a6      	ldr	r6, [r4, #8]
    const char *s1 = strrchr(s, '/');
   b59fe:	212f      	movs	r1, #47	; 0x2f
   b5a00:	4630      	mov	r0, r6
   b5a02:	f000 fefc 	bl	b67fe <strrchr>
    if (s1) {
   b5a06:	b100      	cbz	r0, b5a0a <_ZN5spark20JSONStreamLogHandler10logMessageEPKc8LogLevelS2_RK13LogAttributes+0x92>
        return s1 + 1;
   b5a08:	1c46      	adds	r6, r0, #1
        json.name("f", 1).value(s);
   b5a0a:	4931      	ldr	r1, [pc, #196]	; (b5ad0 <_ZN5spark20JSONStreamLogHandler10logMessageEPKc8LogLevelS2_RK13LogAttributes+0x158>)
   b5a0c:	2201      	movs	r2, #1
   b5a0e:	4668      	mov	r0, sp
   b5a10:	f000 fbd6 	bl	b61c0 <_ZN5spark10JSONWriter4nameEPKcj>
   b5a14:	4631      	mov	r1, r6
   b5a16:	f7ff f912 	bl	b4c3e <_ZN5spark10JSONWriter5valueEPKc>
    if (attr.has_line) {
   b5a1a:	7923      	ldrb	r3, [r4, #4]
   b5a1c:	079e      	lsls	r6, r3, #30
   b5a1e:	d507      	bpl.n	b5a30 <_ZN5spark20JSONStreamLogHandler10logMessageEPKc8LogLevelS2_RK13LogAttributes+0xb8>
        json.name("ln", 2).value(attr.line);
   b5a20:	492c      	ldr	r1, [pc, #176]	; (b5ad4 <_ZN5spark20JSONStreamLogHandler10logMessageEPKc8LogLevelS2_RK13LogAttributes+0x15c>)
   b5a22:	2202      	movs	r2, #2
   b5a24:	4668      	mov	r0, sp
   b5a26:	f000 fbcb 	bl	b61c0 <_ZN5spark10JSONWriter4nameEPKcj>
   b5a2a:	68e1      	ldr	r1, [r4, #12]
   b5a2c:	f000 fb46 	bl	b60bc <_ZN5spark10JSONWriter5valueEi>
    if (attr.has_function) {
   b5a30:	7923      	ldrb	r3, [r4, #4]
   b5a32:	0758      	lsls	r0, r3, #29
   b5a34:	d514      	bpl.n	b5a60 <_ZN5spark20JSONStreamLogHandler10logMessageEPKc8LogLevelS2_RK13LogAttributes+0xe8>
        s = extractFuncName(attr.function, &n); // Strip argument and return types
   b5a36:	6926      	ldr	r6, [r4, #16]
const char* extractFuncName(const char *s, size_t *size) {
   b5a38:	4633      	mov	r3, r6
   b5a3a:	461f      	mov	r7, r3
    for (; *s; ++s) {
   b5a3c:	f813 2b01 	ldrb.w	r2, [r3], #1
   b5a40:	b12a      	cbz	r2, b5a4e <_ZN5spark20JSONStreamLogHandler10logMessageEPKc8LogLevelS2_RK13LogAttributes+0xd6>
        if (*s == ' ') {
   b5a42:	2a20      	cmp	r2, #32
   b5a44:	d101      	bne.n	b5a4a <_ZN5spark20JSONStreamLogHandler10logMessageEPKc8LogLevelS2_RK13LogAttributes+0xd2>
            s1 = s + 1; // Skip return type
   b5a46:	461e      	mov	r6, r3
   b5a48:	e7f7      	b.n	b5a3a <_ZN5spark20JSONStreamLogHandler10logMessageEPKc8LogLevelS2_RK13LogAttributes+0xc2>
        } else if (*s == '(') {
   b5a4a:	2a28      	cmp	r2, #40	; 0x28
   b5a4c:	d1f5      	bne.n	b5a3a <_ZN5spark20JSONStreamLogHandler10logMessageEPKc8LogLevelS2_RK13LogAttributes+0xc2>
        json.name("fn", 2).value(s, n);
   b5a4e:	4922      	ldr	r1, [pc, #136]	; (b5ad8 <_ZN5spark20JSONStreamLogHandler10logMessageEPKc8LogLevelS2_RK13LogAttributes+0x160>)
   b5a50:	2202      	movs	r2, #2
   b5a52:	4668      	mov	r0, sp
   b5a54:	f000 fbb4 	bl	b61c0 <_ZN5spark10JSONWriter4nameEPKcj>
   b5a58:	1bba      	subs	r2, r7, r6
   b5a5a:	4631      	mov	r1, r6
   b5a5c:	f000 fbc0 	bl	b61e0 <_ZN5spark10JSONWriter5valueEPKcj>
    if (attr.has_time) {
   b5a60:	7923      	ldrb	r3, [r4, #4]
   b5a62:	0719      	lsls	r1, r3, #28
   b5a64:	d507      	bpl.n	b5a76 <_ZN5spark20JSONStreamLogHandler10logMessageEPKc8LogLevelS2_RK13LogAttributes+0xfe>
        json.name("t", 1).value((unsigned)attr.time);
   b5a66:	491d      	ldr	r1, [pc, #116]	; (b5adc <_ZN5spark20JSONStreamLogHandler10logMessageEPKc8LogLevelS2_RK13LogAttributes+0x164>)
   b5a68:	2201      	movs	r2, #1
   b5a6a:	4668      	mov	r0, sp
   b5a6c:	f000 fba8 	bl	b61c0 <_ZN5spark10JSONWriter4nameEPKcj>
   b5a70:	6961      	ldr	r1, [r4, #20]
   b5a72:	f000 fb35 	bl	b60e0 <_ZN5spark10JSONWriter5valueEj>
    if (attr.has_code) {
   b5a76:	7923      	ldrb	r3, [r4, #4]
   b5a78:	06da      	lsls	r2, r3, #27
   b5a7a:	d507      	bpl.n	b5a8c <_ZN5spark20JSONStreamLogHandler10logMessageEPKc8LogLevelS2_RK13LogAttributes+0x114>
        json.name("code", 4).value((int)attr.code);
   b5a7c:	4918      	ldr	r1, [pc, #96]	; (b5ae0 <_ZN5spark20JSONStreamLogHandler10logMessageEPKc8LogLevelS2_RK13LogAttributes+0x168>)
   b5a7e:	2204      	movs	r2, #4
   b5a80:	4668      	mov	r0, sp
   b5a82:	f000 fb9d 	bl	b61c0 <_ZN5spark10JSONWriter4nameEPKcj>
   b5a86:	69a1      	ldr	r1, [r4, #24]
   b5a88:	f000 fb18 	bl	b60bc <_ZN5spark10JSONWriter5valueEi>
    if (attr.has_details) {
   b5a8c:	7923      	ldrb	r3, [r4, #4]
   b5a8e:	069b      	lsls	r3, r3, #26
   b5a90:	d507      	bpl.n	b5aa2 <_ZN5spark20JSONStreamLogHandler10logMessageEPKc8LogLevelS2_RK13LogAttributes+0x12a>
        json.name("detail", 6).value(attr.details);
   b5a92:	4914      	ldr	r1, [pc, #80]	; (b5ae4 <_ZN5spark20JSONStreamLogHandler10logMessageEPKc8LogLevelS2_RK13LogAttributes+0x16c>)
   b5a94:	2206      	movs	r2, #6
   b5a96:	4668      	mov	r0, sp
   b5a98:	f000 fb92 	bl	b61c0 <_ZN5spark10JSONWriter4nameEPKcj>
   b5a9c:	69e1      	ldr	r1, [r4, #28]
   b5a9e:	f7ff f8ce 	bl	b4c3e <_ZN5spark10JSONWriter5valueEPKc>
    json.endObject();
   b5aa2:	4668      	mov	r0, sp
   b5aa4:	f000 fae7 	bl	b6076 <_ZN5spark10JSONWriter9endObjectEv>
    return stream_;
   b5aa8:	6a28      	ldr	r0, [r5, #32]
    this->stream()->write((const uint8_t*)"\r\n", 2);
   b5aaa:	490f      	ldr	r1, [pc, #60]	; (b5ae8 <_ZN5spark20JSONStreamLogHandler10logMessageEPKc8LogLevelS2_RK13LogAttributes+0x170>)
   b5aac:	6803      	ldr	r3, [r0, #0]
   b5aae:	2202      	movs	r2, #2
   b5ab0:	68db      	ldr	r3, [r3, #12]
   b5ab2:	4798      	blx	r3
}
   b5ab4:	b005      	add	sp, #20
   b5ab6:	e8bd 83f0 	ldmia.w	sp!, {r4, r5, r6, r7, r8, r9, pc}
   b5aba:	bf00      	nop
   b5abc:	2003dfc0 	.word	0x2003dfc0
   b5ac0:	000b6a54 	.word	0x000b6a54
   b5ac4:	000b6a6e 	.word	0x000b6a6e
   b5ac8:	000b6ac2 	.word	0x000b6ac2
   b5acc:	000b6d33 	.word	0x000b6d33
   b5ad0:	000b6ac4 	.word	0x000b6ac4
   b5ad4:	000b6ac6 	.word	0x000b6ac6
   b5ad8:	000b6ac9 	.word	0x000b6ac9
   b5adc:	000b6acc 	.word	0x000b6acc
   b5ae0:	000b6ace 	.word	0x000b6ace
   b5ae4:	000b6ad3 	.word	0x000b6ad3
   b5ae8:	000b6abf 	.word	0x000b6abf

000b5aec <_GLOBAL__sub_I_TIME_FORMAT_DEFAULT>:
            calendar_time_cache = Convert_UnixTime_To_CalendarTime(unix_time);
            unix_time_cache = unix_time;
    }
}

const char* TimeClass::format_spec = TIME_FORMAT_DEFAULT;
   b5aec:	4b02      	ldr	r3, [pc, #8]	; (b5af8 <_GLOBAL__sub_I_TIME_FORMAT_DEFAULT+0xc>)
   b5aee:	681a      	ldr	r2, [r3, #0]
   b5af0:	4b02      	ldr	r3, [pc, #8]	; (b5afc <_GLOBAL__sub_I_TIME_FORMAT_DEFAULT+0x10>)
   b5af2:	601a      	str	r2, [r3, #0]
{
  return isValid();
}


TimeClass Time;
   b5af4:	4770      	bx	lr
   b5af6:	bf00      	nop
   b5af8:	2003de78 	.word	0x2003de78
   b5afc:	2003df70 	.word	0x2003df70

000b5b00 <delay>:
    return (value - fromStart) * (toEnd - toStart) / (fromEnd - fromStart) + toStart;
}

void delay(unsigned long ms)
{
    system_delay_ms(ms, false);
   b5b00:	2100      	movs	r1, #0
   b5b02:	f7fe bdab 	b.w	b465c <system_delay_ms>
	...

000b5b08 <_GLOBAL__sub_I_RGB>:
	static void
	_M_init_functor(_Any_data& __functor, _Functor&& __f, false_type)
	{ __functor._M_access<_Functor*>() = new _Functor(std::move(__f)); }
      };

    _Function_base() : _M_manager(nullptr) { }
   b5b08:	4b01      	ldr	r3, [pc, #4]	; (b5b10 <_GLOBAL__sub_I_RGB+0x8>)
   b5b0a:	2200      	movs	r2, #0
   b5b0c:	609a      	str	r2, [r3, #8]
{
    RGBClass* const d = static_cast<RGBClass*>(data);
    if (d->changeHandler_) {
        d->changeHandler_(r, g, b);
    }
}
   b5b0e:	4770      	bx	lr
   b5b10:	2003df74 	.word	0x2003df74

000b5b14 <_ZZ21module_user_init_hookENUlP6_reentjmPvE_4_FUNES0_jmS1_>:

void module_user_init_hook()
{
#if HAL_PLATFORM_NEWLIB
    newlib_impure_ptr_callback([](struct _reent* r, size_t size, uint32_t version, void* ctx) -> void {
        _impure_ptr = r;
   b5b14:	4b01      	ldr	r3, [pc, #4]	; (b5b1c <_ZZ21module_user_init_hookENUlP6_reentjmPvE_4_FUNES0_jmS1_+0x8>)
   b5b16:	6018      	str	r0, [r3, #0]
    }, nullptr);
   b5b18:	4770      	bx	lr
   b5b1a:	bf00      	nop
   b5b1c:	2003de7c 	.word	0x2003de7c

000b5b20 <setup>:
}
   b5b20:	4770      	bx	lr
	...

000b5b24 <serialEventRun>:
{
   b5b24:	b508      	push	{r3, lr}
    if (serialEvent && Serial.available()>0)
   b5b26:	4b0b      	ldr	r3, [pc, #44]	; (b5b54 <serialEventRun+0x30>)
   b5b28:	b143      	cbz	r3, b5b3c <serialEventRun+0x18>
   b5b2a:	f000 f96b 	bl	b5e04 <_Z16_fetch_usbserialv>
   b5b2e:	6803      	ldr	r3, [r0, #0]
   b5b30:	691b      	ldr	r3, [r3, #16]
   b5b32:	4798      	blx	r3
   b5b34:	2800      	cmp	r0, #0
   b5b36:	dd01      	ble.n	b5b3c <serialEventRun+0x18>
        serialEvent();
   b5b38:	f3af 8000 	nop.w
    if (serialEvent1 && Serial1.available()>0)
   b5b3c:	4b06      	ldr	r3, [pc, #24]	; (b5b58 <serialEventRun+0x34>)
   b5b3e:	b143      	cbz	r3, b5b52 <serialEventRun+0x2e>
   b5b40:	f000 fd56 	bl	b65f0 <_Z22__fetch_global_Serial1v>
   b5b44:	6803      	ldr	r3, [r0, #0]
   b5b46:	691b      	ldr	r3, [r3, #16]
   b5b48:	4798      	blx	r3
   b5b4a:	2800      	cmp	r0, #0
   b5b4c:	dd01      	ble.n	b5b52 <serialEventRun+0x2e>
        serialEvent1();
   b5b4e:	f3af 8000 	nop.w
}
   b5b52:	bd08      	pop	{r3, pc}
	...

000b5b5c <_post_loop>:
{
   b5b5c:	b508      	push	{r3, lr}
	serialEventRun();
   b5b5e:	f7ff ffe1 	bl	b5b24 <serialEventRun>
		return !thread || !thread->isRunning();
	}

	static inline system_tick_t current_time()
	{
		return HAL_Timer_Get_Milli_Seconds();
   b5b62:	f7fe fc59 	bl	b4418 <HAL_Timer_Get_Milli_Seconds>
	/**
	 * Lifesign that the application is still working normally.
	 */
	static void checkin()
	{
		last_checkin = current_time();
   b5b66:	4b01      	ldr	r3, [pc, #4]	; (b5b6c <_post_loop+0x10>)
   b5b68:	6018      	str	r0, [r3, #0]
}
   b5b6a:	bd08      	pop	{r3, pc}
   b5b6c:	2003dfe0 	.word	0x2003dfe0

000b5b70 <_Z33system_initialize_user_backup_ramv>:
    memcpy(&link_global_retained_start, &link_global_retained_initial_values, len);
   b5b70:	4805      	ldr	r0, [pc, #20]	; (b5b88 <_Z33system_initialize_user_backup_ramv+0x18>)
   b5b72:	4a06      	ldr	r2, [pc, #24]	; (b5b8c <_Z33system_initialize_user_backup_ramv+0x1c>)
   b5b74:	4906      	ldr	r1, [pc, #24]	; (b5b90 <_Z33system_initialize_user_backup_ramv+0x20>)
{
   b5b76:	b508      	push	{r3, lr}
    memcpy(&link_global_retained_start, &link_global_retained_initial_values, len);
   b5b78:	1a12      	subs	r2, r2, r0
   b5b7a:	f000 fdaf 	bl	b66dc <memcpy>
    __backup_sram_signature = signature;
   b5b7e:	4b05      	ldr	r3, [pc, #20]	; (b5b94 <_Z33system_initialize_user_backup_ramv+0x24>)
   b5b80:	4a05      	ldr	r2, [pc, #20]	; (b5b98 <_Z33system_initialize_user_backup_ramv+0x28>)
   b5b82:	601a      	str	r2, [r3, #0]
}
   b5b84:	bd08      	pop	{r3, pc}
   b5b86:	bf00      	nop
   b5b88:	2003f400 	.word	0x2003f400
   b5b8c:	2003f404 	.word	0x2003f404
   b5b90:	000b6ef8 	.word	0x000b6ef8
   b5b94:	2003f400 	.word	0x2003f400
   b5b98:	9a271c1e 	.word	0x9a271c1e

000b5b9c <_Z27ctrl_request_custom_handlerP12ctrl_request>:
void __attribute((weak)) ctrl_request_custom_handler(ctrl_request* req) {
   b5b9c:	b507      	push	{r0, r1, r2, lr}
    system_ctrl_set_result(req, SYSTEM_ERROR_NOT_SUPPORTED, nullptr, nullptr, nullptr);
   b5b9e:	2300      	movs	r3, #0
   b5ba0:	9300      	str	r3, [sp, #0]
   b5ba2:	461a      	mov	r2, r3
   b5ba4:	f06f 0177 	mvn.w	r1, #119	; 0x77
   b5ba8:	f7fe fd72 	bl	b4690 <system_ctrl_set_result>
}
   b5bac:	b003      	add	sp, #12
   b5bae:	f85d fb04 	ldr.w	pc, [sp], #4
	...

000b5bb4 <_ZL20ctrl_request_handlerP12ctrl_request>:
static void ctrl_request_handler(ctrl_request* req) {
   b5bb4:	b507      	push	{r0, r1, r2, lr}
    switch (req->type) {
   b5bb6:	8843      	ldrh	r3, [r0, #2]
   b5bb8:	2b0a      	cmp	r3, #10
   b5bba:	d008      	beq.n	b5bce <_ZL20ctrl_request_handlerP12ctrl_request+0x1a>
   b5bbc:	2b50      	cmp	r3, #80	; 0x50
   b5bbe:	d10b      	bne.n	b5bd8 <_ZL20ctrl_request_handlerP12ctrl_request+0x24>
        if (log_process_ctrl_request_callback) {
   b5bc0:	4b09      	ldr	r3, [pc, #36]	; (b5be8 <_ZL20ctrl_request_handlerP12ctrl_request+0x34>)
   b5bc2:	681b      	ldr	r3, [r3, #0]
   b5bc4:	b14b      	cbz	r3, b5bda <_ZL20ctrl_request_handlerP12ctrl_request+0x26>
}
   b5bc6:	b003      	add	sp, #12
   b5bc8:	f85d eb04 	ldr.w	lr, [sp], #4
            log_process_ctrl_request_callback(req);
   b5bcc:	4718      	bx	r3
        ctrl_request_custom_handler(req);
   b5bce:	f7ff ffe5 	bl	b5b9c <_Z27ctrl_request_custom_handlerP12ctrl_request>
}
   b5bd2:	b003      	add	sp, #12
   b5bd4:	f85d fb04 	ldr.w	pc, [sp], #4
        system_ctrl_set_result(req, SYSTEM_ERROR_NOT_SUPPORTED, nullptr, nullptr, nullptr);
   b5bd8:	2300      	movs	r3, #0
   b5bda:	9300      	str	r3, [sp, #0]
   b5bdc:	461a      	mov	r2, r3
   b5bde:	f06f 0177 	mvn.w	r1, #119	; 0x77
   b5be2:	f7fe fd55 	bl	b4690 <system_ctrl_set_result>
}
   b5be6:	e7f4      	b.n	b5bd2 <_ZL20ctrl_request_handlerP12ctrl_request+0x1e>
   b5be8:	2003df88 	.word	0x2003df88

000b5bec <module_user_init_hook>:
{
   b5bec:	b510      	push	{r4, lr}
    newlib_impure_ptr_callback([](struct _reent* r, size_t size, uint32_t version, void* ctx) -> void {
   b5bee:	4812      	ldr	r0, [pc, #72]	; (b5c38 <module_user_init_hook+0x4c>)
   b5bf0:	2100      	movs	r1, #0
   b5bf2:	f7fe fe07 	bl	b4804 <newlib_impure_ptr_callback>
#endif // HAL_PLATFORM_NEWLIB

#if HAL_PLATFORM_BACKUP_RAM
    backup_ram_was_valid_ = __backup_sram_signature == signature;
   b5bf6:	4b11      	ldr	r3, [pc, #68]	; (b5c3c <module_user_init_hook+0x50>)
   b5bf8:	681a      	ldr	r2, [r3, #0]
   b5bfa:	4b11      	ldr	r3, [pc, #68]	; (b5c40 <module_user_init_hook+0x54>)
   b5bfc:	429a      	cmp	r2, r3
   b5bfe:	4b11      	ldr	r3, [pc, #68]	; (b5c44 <module_user_init_hook+0x58>)
   b5c00:	bf0c      	ite	eq
   b5c02:	2201      	moveq	r2, #1
   b5c04:	2200      	movne	r2, #0
   b5c06:	701a      	strb	r2, [r3, #0]
    if (!backup_ram_was_valid_) {
   b5c08:	d001      	beq.n	b5c0e <module_user_init_hook+0x22>
        system_initialize_user_backup_ram();
   b5c0a:	f7ff ffb1 	bl	b5b70 <_Z33system_initialize_user_backup_ramv>
    }
#endif

#if HAL_PLATFORM_RNG
    // Initialize the default stdlib PRNG using hardware RNG as a seed
    const uint32_t seed = HAL_RNG_GetRandomNumber();
   b5c0e:	f7fe fbfb 	bl	b4408 <HAL_RNG_GetRandomNumber>
   b5c12:	4604      	mov	r4, r0
    srand(seed);
   b5c14:	f000 fd92 	bl	b673c <srand>

    // If the user defines random_seed_from_cloud, call it with a seed value
    // generated by a hardware RNG as well.
    if (random_seed_from_cloud) {
   b5c18:	4b0b      	ldr	r3, [pc, #44]	; (b5c48 <module_user_init_hook+0x5c>)
   b5c1a:	b113      	cbz	r3, b5c22 <module_user_init_hook+0x36>
        random_seed_from_cloud(seed);
   b5c1c:	4620      	mov	r0, r4
   b5c1e:	f3af 8000 	nop.w
    }
#endif
    // Register the random_seed_from_cloud handler
    spark_set_random_seed_from_cloud_handler(&random_seed_from_cloud, nullptr);
   b5c22:	2100      	movs	r1, #0
   b5c24:	4808      	ldr	r0, [pc, #32]	; (b5c48 <module_user_init_hook+0x5c>)
   b5c26:	f7fe fdad 	bl	b4784 <spark_set_random_seed_from_cloud_handler>

    // Register application handler for the control requests
    system_ctrl_set_app_request_handler(ctrl_request_handler, nullptr);
}
   b5c2a:	e8bd 4010 	ldmia.w	sp!, {r4, lr}
    system_ctrl_set_app_request_handler(ctrl_request_handler, nullptr);
   b5c2e:	4807      	ldr	r0, [pc, #28]	; (b5c4c <module_user_init_hook+0x60>)
   b5c30:	2100      	movs	r1, #0
   b5c32:	f7fe bd23 	b.w	b467c <system_ctrl_set_app_request_handler>
   b5c36:	bf00      	nop
   b5c38:	000b5b15 	.word	0x000b5b15
   b5c3c:	2003f400 	.word	0x2003f400
   b5c40:	9a271c1e 	.word	0x9a271c1e
   b5c44:	2003df84 	.word	0x2003df84
   b5c48:	00000000 	.word	0x00000000
   b5c4c:	000b5bb5 	.word	0x000b5bb5

000b5c50 <_ZN9IPAddressD1Ev>:
    IPAddress(uint32_t address);
    // 4 bytes defining the IP address in network order
    IPAddress(const uint8_t* address);
    IPAddress(const HAL_IPAddress& address);

    virtual ~IPAddress() {}
   b5c50:	4770      	bx	lr

000b5c52 <_ZN9IPAddressD0Ev>:
   b5c52:	b510      	push	{r4, lr}
   b5c54:	2118      	movs	r1, #24
   b5c56:	4604      	mov	r4, r0
   b5c58:	f7fe fa31 	bl	b40be <_ZdlPvj>
   b5c5c:	4620      	mov	r0, r4
   b5c5e:	bd10      	pop	{r4, pc}

000b5c60 <_ZNK9IPAddress7printToER5Print>:
#endif // Wiring_IPv6
	return address.ipv4==that.address.ipv4;
}

size_t IPAddress::printTo(Print& p) const
{
   b5c60:	b5f0      	push	{r4, r5, r6, r7, lr}
#if Wiring_IPv6
#if HAL_USE_INET_HAL_POSIX
	if (address.v==6) {
   b5c62:	7d03      	ldrb	r3, [r0, #20]
   b5c64:	2b06      	cmp	r3, #6
{
   b5c66:	b08d      	sub	sp, #52	; 0x34
   b5c68:	460e      	mov	r6, r1
		char buf[INET6_ADDRSTRLEN+1];
		buf[0] = 0;
		inet_inet_ntop(AF_INET6, address.ipv6, buf, sizeof(buf));
   b5c6a:	f100 0704 	add.w	r7, r0, #4
   b5c6e:	f04f 0400 	mov.w	r4, #0
	if (address.v==6) {
   b5c72:	d012      	beq.n	b5c9a <_ZNK9IPAddress7printToER5Print+0x3a>
   b5c74:	f100 0508 	add.w	r5, r0, #8
            val = n;
        }
#if __GNUC__ >= 9
#pragma GCC diagnostic pop
#endif // __GNUC__ >= 9
        return printNumber(val, base) + t;
   b5c78:	f815 1d01 	ldrb.w	r1, [r5, #-1]!
   b5c7c:	220a      	movs	r2, #10
   b5c7e:	4630      	mov	r0, r6
   b5c80:	f7fe ff49 	bl	b4b16 <_ZN5Print11printNumberEmh>
#else
#pragma message "HAL_USE_INET_HAL_POSIX is required for IPv6 support in IPAddress::printTo()"
#endif // HAL_USE_INET_HAL_POSIX
#endif // Wiring_IPv6
    size_t n = 0;
    for (int i = 0; i < 4; i++)
   b5c84:	42af      	cmp	r7, r5
    {
        if (n)
            n += p.print('.');
        n += p.print((*this)[i], DEC);
   b5c86:	4404      	add	r4, r0
    for (int i = 0; i < 4; i++)
   b5c88:	d019      	beq.n	b5cbe <_ZNK9IPAddress7printToER5Print+0x5e>
        if (n)
   b5c8a:	2c00      	cmp	r4, #0
   b5c8c:	d0f4      	beq.n	b5c78 <_ZNK9IPAddress7printToER5Print+0x18>
            n += p.print('.');
   b5c8e:	212e      	movs	r1, #46	; 0x2e
   b5c90:	4630      	mov	r0, r6
   b5c92:	f7fe ff3d 	bl	b4b10 <_ZN5Print5printEc>
   b5c96:	4404      	add	r4, r0
   b5c98:	e7ee      	b.n	b5c78 <_ZNK9IPAddress7printToER5Print+0x18>
		inet_inet_ntop(AF_INET6, address.ipv6, buf, sizeof(buf));
   b5c9a:	232f      	movs	r3, #47	; 0x2f
   b5c9c:	466a      	mov	r2, sp
   b5c9e:	4639      	mov	r1, r7
   b5ca0:	200a      	movs	r0, #10
		buf[0] = 0;
   b5ca2:	f88d 4000 	strb.w	r4, [sp]
		inet_inet_ntop(AF_INET6, address.ipv6, buf, sizeof(buf));
   b5ca6:	f7fe fbdf 	bl	b4468 <inet_inet_ntop>
      return write((const uint8_t *)str, strlen(str));
   b5caa:	4668      	mov	r0, sp
   b5cac:	f7fe f9c0 	bl	b4030 <strlen>
   b5cb0:	6833      	ldr	r3, [r6, #0]
   b5cb2:	4602      	mov	r2, r0
   b5cb4:	68db      	ldr	r3, [r3, #12]
   b5cb6:	4669      	mov	r1, sp
   b5cb8:	4630      	mov	r0, r6
   b5cba:	4798      	blx	r3
   b5cbc:	4604      	mov	r4, r0
    }
    return n;
}
   b5cbe:	4620      	mov	r0, r4
   b5cc0:	b00d      	add	sp, #52	; 0x34
   b5cc2:	bdf0      	pop	{r4, r5, r6, r7, pc}

000b5cc4 <_ZN9IPAddressC1Ev>:
IPAddress::IPAddress()
   b5cc4:	b510      	push	{r4, lr}
   b5cc6:	4b05      	ldr	r3, [pc, #20]	; (b5cdc <_ZN9IPAddressC1Ev+0x18>)
   b5cc8:	4604      	mov	r4, r0
        return address;
    }

    virtual size_t printTo(Print& p) const;

    void clear() { memset(&address, 0, sizeof (address)); }
   b5cca:	2211      	movs	r2, #17
   b5ccc:	f840 3b04 	str.w	r3, [r0], #4
   b5cd0:	2100      	movs	r1, #0
   b5cd2:	f000 fd2b 	bl	b672c <memset>
}
   b5cd6:	4620      	mov	r0, r4
   b5cd8:	bd10      	pop	{r4, pc}
   b5cda:	bf00      	nop
   b5cdc:	000b6b60 	.word	0x000b6b60

000b5ce0 <_ZN9IPAddressC1ERK16_HAL_IPAddress_t>:
IPAddress::IPAddress(const HAL_IPAddress& address)
   b5ce0:	4603      	mov	r3, r0
   b5ce2:	4a07      	ldr	r2, [pc, #28]	; (b5d00 <_ZN9IPAddressC1ERK16_HAL_IPAddress_t+0x20>)
   b5ce4:	b510      	push	{r4, lr}
   b5ce6:	f843 2b04 	str.w	r2, [r3], #4
    memcpy(&this->address, &address, sizeof(address));
   b5cea:	f101 0210 	add.w	r2, r1, #16
   b5cee:	f851 4b04 	ldr.w	r4, [r1], #4
   b5cf2:	f843 4b04 	str.w	r4, [r3], #4
   b5cf6:	4291      	cmp	r1, r2
   b5cf8:	d1f9      	bne.n	b5cee <_ZN9IPAddressC1ERK16_HAL_IPAddress_t+0xe>
   b5cfa:	780a      	ldrb	r2, [r1, #0]
   b5cfc:	701a      	strb	r2, [r3, #0]
}
   b5cfe:	bd10      	pop	{r4, pc}
   b5d00:	000b6b60 	.word	0x000b6b60

000b5d04 <_ZN9IPAddress8set_ipv4Ehhhh>:
{
   b5d04:	b510      	push	{r4, lr}
    address.ipv4 = b0<<24 | b1 << 16 | b2 << 8 | b3;
   b5d06:	f89d 4008 	ldrb.w	r4, [sp, #8]
   b5d0a:	ea44 2303 	orr.w	r3, r4, r3, lsl #8
   b5d0e:	ea43 4202 	orr.w	r2, r3, r2, lsl #16
   b5d12:	ea42 6101 	orr.w	r1, r2, r1, lsl #24
        address.v = version;
   b5d16:	2304      	movs	r3, #4
   b5d18:	6041      	str	r1, [r0, #4]
   b5d1a:	7503      	strb	r3, [r0, #20]
}
   b5d1c:	bd10      	pop	{r4, pc}
	...

000b5d20 <_ZN9IPAddressC1EPKh>:
IPAddress::IPAddress(const uint8_t* addr)
   b5d20:	b507      	push	{r0, r1, r2, lr}
   b5d22:	4b06      	ldr	r3, [pc, #24]	; (b5d3c <_ZN9IPAddressC1EPKh+0x1c>)
   b5d24:	6003      	str	r3, [r0, #0]
    set_ipv4(addr[0], addr[1], addr[2], addr[3]);
   b5d26:	78cb      	ldrb	r3, [r1, #3]
   b5d28:	9300      	str	r3, [sp, #0]
   b5d2a:	788b      	ldrb	r3, [r1, #2]
   b5d2c:	784a      	ldrb	r2, [r1, #1]
   b5d2e:	7809      	ldrb	r1, [r1, #0]
   b5d30:	f7ff ffe8 	bl	b5d04 <_ZN9IPAddress8set_ipv4Ehhhh>
}
   b5d34:	b003      	add	sp, #12
   b5d36:	f85d fb04 	ldr.w	pc, [sp], #4
   b5d3a:	bf00      	nop
   b5d3c:	000b6b60 	.word	0x000b6b60

000b5d40 <_ZN9USBSerial14blockOnOverrunEb>:
  HAL_USB_USART_Flush_Data(_serial);
}

void USBSerial::blockOnOverrun(bool block)
{
  _blocking = block;
   b5d40:	7441      	strb	r1, [r0, #17]
}
   b5d42:	4770      	bx	lr

000b5d44 <__tcf_0>:
}

USBSerial& _fetch_usbserial()
{
  HAL_USB_USART_Config conf = acquireSerialBuffer();
	static USBSerial _usbserial(HAL_USB_USART_SERIAL, conf);
   b5d44:	4770      	bx	lr

000b5d46 <_ZN9USBSerialD1Ev>:
#include "usb_hal.h"
#include "system_task.h"
#include "spark_wiring_startup.h"
#include "concurrent_hal.h"

class USBSerial : public Stream
   b5d46:	4770      	bx	lr

000b5d48 <_ZN9USBSerial4readEv>:
{
   b5d48:	b508      	push	{r3, lr}
	return std::max(-1, (int)HAL_USB_USART_Receive_Data(_serial, false));
   b5d4a:	2100      	movs	r1, #0
   b5d4c:	7c00      	ldrb	r0, [r0, #16]
   b5d4e:	f7fe fc43 	bl	b45d8 <HAL_USB_USART_Receive_Data>
}
   b5d52:	ea40 70e0 	orr.w	r0, r0, r0, asr #31
   b5d56:	bd08      	pop	{r3, pc}

000b5d58 <_ZN9USBSerial4peekEv>:
{
   b5d58:	b508      	push	{r3, lr}
	return std::max(-1, (int)HAL_USB_USART_Receive_Data(_serial, true));
   b5d5a:	2101      	movs	r1, #1
   b5d5c:	7c00      	ldrb	r0, [r0, #16]
   b5d5e:	f7fe fc3b 	bl	b45d8 <HAL_USB_USART_Receive_Data>
}
   b5d62:	ea40 70e0 	orr.w	r0, r0, r0, asr #31
   b5d66:	bd08      	pop	{r3, pc}

000b5d68 <_ZN9USBSerial17availableForWriteEv>:
{
   b5d68:	b508      	push	{r3, lr}
  return std::max(0, (int)HAL_USB_USART_Available_Data_For_Write(_serial));
   b5d6a:	7c00      	ldrb	r0, [r0, #16]
   b5d6c:	f7fe fc2c 	bl	b45c8 <HAL_USB_USART_Available_Data_For_Write>
}
   b5d70:	ea20 70e0 	bic.w	r0, r0, r0, asr #31
   b5d74:	bd08      	pop	{r3, pc}

000b5d76 <_ZN9USBSerial9availableEv>:
{
   b5d76:	b508      	push	{r3, lr}
	return std::max(0, (int)HAL_USB_USART_Available_Data(_serial));
   b5d78:	7c00      	ldrb	r0, [r0, #16]
   b5d7a:	f7fe fc1d 	bl	b45b8 <HAL_USB_USART_Available_Data>
}
   b5d7e:	ea20 70e0 	bic.w	r0, r0, r0, asr #31
   b5d82:	bd08      	pop	{r3, pc}

000b5d84 <_ZN9USBSerial5writeEh>:
{
   b5d84:	b513      	push	{r0, r1, r4, lr}
   b5d86:	4604      	mov	r4, r0
  if (HAL_USB_USART_Available_Data_For_Write(_serial) > 0 || _blocking) {
   b5d88:	7c00      	ldrb	r0, [r0, #16]
{
   b5d8a:	9101      	str	r1, [sp, #4]
  if (HAL_USB_USART_Available_Data_For_Write(_serial) > 0 || _blocking) {
   b5d8c:	f7fe fc1c 	bl	b45c8 <HAL_USB_USART_Available_Data_For_Write>
   b5d90:	2800      	cmp	r0, #0
   b5d92:	9901      	ldr	r1, [sp, #4]
   b5d94:	dc01      	bgt.n	b5d9a <_ZN9USBSerial5writeEh+0x16>
   b5d96:	7c60      	ldrb	r0, [r4, #17]
   b5d98:	b120      	cbz	r0, b5da4 <_ZN9USBSerial5writeEh+0x20>
    return std::max(0, (int)HAL_USB_USART_Send_Data(_serial, byte));
   b5d9a:	7c20      	ldrb	r0, [r4, #16]
   b5d9c:	f7fe fc24 	bl	b45e8 <HAL_USB_USART_Send_Data>
   b5da0:	ea20 70e0 	bic.w	r0, r0, r0, asr #31
}
   b5da4:	b002      	add	sp, #8
   b5da6:	bd10      	pop	{r4, pc}

000b5da8 <_ZN9USBSerial5flushEv>:
  HAL_USB_USART_Flush_Data(_serial);
   b5da8:	7c00      	ldrb	r0, [r0, #16]
   b5daa:	f7fe bc25 	b.w	b45f8 <HAL_USB_USART_Flush_Data>

000b5dae <_ZN9USBSerialD0Ev>:
   b5dae:	b510      	push	{r4, lr}
   b5db0:	2114      	movs	r1, #20
   b5db2:	4604      	mov	r4, r0
   b5db4:	f7fe f983 	bl	b40be <_ZdlPvj>
   b5db8:	4620      	mov	r0, r4
   b5dba:	bd10      	pop	{r4, pc}

000b5dbc <_ZN9USBSerialC1E20HAL_USB_USART_SerialRK20HAL_USB_USART_Config>:
USBSerial::USBSerial(HAL_USB_USART_Serial serial, const HAL_USB_USART_Config& conf)
   b5dbc:	b510      	push	{r4, lr}
    virtual int available() = 0;
    virtual int read() = 0;
    virtual int peek() = 0;
    virtual void flush() = 0;

    Stream() {_timeout=1000;}
   b5dbe:	f44f 737a 	mov.w	r3, #1000	; 0x3e8
   b5dc2:	4604      	mov	r4, r0
   b5dc4:	4608      	mov	r0, r1
   b5dc6:	2100      	movs	r1, #0
   b5dc8:	e9c4 1301 	strd	r1, r3, [r4, #4]
   b5dcc:	4b04      	ldr	r3, [pc, #16]	; (b5de0 <_ZN9USBSerialC1E20HAL_USB_USART_SerialRK20HAL_USB_USART_Config+0x24>)
   b5dce:	6023      	str	r3, [r4, #0]
  _blocking = true;
   b5dd0:	2301      	movs	r3, #1
  _serial = serial;
   b5dd2:	7420      	strb	r0, [r4, #16]
  _blocking = true;
   b5dd4:	7463      	strb	r3, [r4, #17]
  HAL_USB_USART_Init(_serial, &conf);
   b5dd6:	4611      	mov	r1, r2
   b5dd8:	f7fe fbd6 	bl	b4588 <HAL_USB_USART_Init>
}
   b5ddc:	4620      	mov	r0, r4
   b5dde:	bd10      	pop	{r4, pc}
   b5de0:	000b6b74 	.word	0x000b6b74

000b5de4 <_ZN9USBSerial5beginEl>:
    HAL_USB_USART_Begin(_serial, speed, NULL);
   b5de4:	7c00      	ldrb	r0, [r0, #16]
   b5de6:	2200      	movs	r2, #0
   b5de8:	f7fe bbd6 	b.w	b4598 <HAL_USB_USART_Begin>

000b5dec <_ZN9USBSerial3endEv>:
    HAL_USB_USART_End(_serial);
   b5dec:	7c00      	ldrb	r0, [r0, #16]
   b5dee:	f7fe bbdb 	b.w	b45a8 <HAL_USB_USART_End>

000b5df2 <_Z19acquireSerialBufferv>:
{
   b5df2:	b510      	push	{r4, lr}
  HAL_USB_USART_Config conf = {};
   b5df4:	2214      	movs	r2, #20
{
   b5df6:	4604      	mov	r4, r0
  HAL_USB_USART_Config conf = {};
   b5df8:	2100      	movs	r1, #0
   b5dfa:	f000 fc97 	bl	b672c <memset>
}
   b5dfe:	4620      	mov	r0, r4
   b5e00:	bd10      	pop	{r4, pc}
	...

000b5e04 <_Z16_fetch_usbserialv>:
{
   b5e04:	b510      	push	{r4, lr}
	static USBSerial _usbserial(HAL_USB_USART_SERIAL, conf);
   b5e06:	4c0f      	ldr	r4, [pc, #60]	; (b5e44 <_Z16_fetch_usbserialv+0x40>)
{
   b5e08:	b088      	sub	sp, #32
  HAL_USB_USART_Config conf = acquireSerialBuffer();
   b5e0a:	a803      	add	r0, sp, #12
   b5e0c:	f7ff fff1 	bl	b5df2 <_Z19acquireSerialBufferv>
	static USBSerial _usbserial(HAL_USB_USART_SERIAL, conf);
   b5e10:	7821      	ldrb	r1, [r4, #0]
   b5e12:	f3bf 8f5b 	dmb	ish
   b5e16:	f011 0101 	ands.w	r1, r1, #1
   b5e1a:	d10f      	bne.n	b5e3c <_Z16_fetch_usbserialv+0x38>
   b5e1c:	4620      	mov	r0, r4
   b5e1e:	9101      	str	r1, [sp, #4]
   b5e20:	f7fe fcf8 	bl	b4814 <__cxa_guard_acquire>
   b5e24:	9901      	ldr	r1, [sp, #4]
   b5e26:	b148      	cbz	r0, b5e3c <_Z16_fetch_usbserialv+0x38>
   b5e28:	aa03      	add	r2, sp, #12
   b5e2a:	4807      	ldr	r0, [pc, #28]	; (b5e48 <_Z16_fetch_usbserialv+0x44>)
   b5e2c:	f7ff ffc6 	bl	b5dbc <_ZN9USBSerialC1E20HAL_USB_USART_SerialRK20HAL_USB_USART_Config>
   b5e30:	4620      	mov	r0, r4
   b5e32:	f7fe fcf7 	bl	b4824 <__cxa_guard_release>
   b5e36:	4805      	ldr	r0, [pc, #20]	; (b5e4c <_Z16_fetch_usbserialv+0x48>)
   b5e38:	f000 fc42 	bl	b66c0 <atexit>
	return _usbserial;
}
   b5e3c:	4802      	ldr	r0, [pc, #8]	; (b5e48 <_Z16_fetch_usbserialv+0x44>)
   b5e3e:	b008      	add	sp, #32
   b5e40:	bd10      	pop	{r4, pc}
   b5e42:	bf00      	nop
   b5e44:	2003df8c 	.word	0x2003df8c
   b5e48:	2003df90 	.word	0x2003df90
   b5e4c:	000b5d45 	.word	0x000b5d45

000b5e50 <_ZN12_GLOBAL__N_19skipTokenEPK9jsmntok_t>:

namespace {

// Skips token and all its children tokens if any
const jsmntok_t* skipToken(const jsmntok_t *t) {
    size_t n = 1;
   b5e50:	f100 0310 	add.w	r3, r0, #16
   b5e54:	2201      	movs	r2, #1
    do {
        if (t->type == JSMN_OBJECT) {
   b5e56:	f813 1c10 	ldrb.w	r1, [r3, #-16]
   b5e5a:	2901      	cmp	r1, #1
   b5e5c:	4618      	mov	r0, r3
   b5e5e:	d108      	bne.n	b5e72 <_ZN12_GLOBAL__N_19skipTokenEPK9jsmntok_t+0x22>
            n += t->size * 2; // Number of name and value tokens
   b5e60:	f853 1c04 	ldr.w	r1, [r3, #-4]
   b5e64:	eb02 0241 	add.w	r2, r2, r1, lsl #1
        } else if (t->type == JSMN_ARRAY) {
            n += t->size; // Number of value tokens
        }
        ++t;
        --n;
    } while (n);
   b5e68:	3a01      	subs	r2, #1
   b5e6a:	f103 0310 	add.w	r3, r3, #16
   b5e6e:	d1f2      	bne.n	b5e56 <_ZN12_GLOBAL__N_19skipTokenEPK9jsmntok_t+0x6>
    return t;
}
   b5e70:	4770      	bx	lr
        } else if (t->type == JSMN_ARRAY) {
   b5e72:	2902      	cmp	r1, #2
            n += t->size; // Number of value tokens
   b5e74:	bf04      	itt	eq
   b5e76:	f853 1c04 	ldreq.w	r1, [r3, #-4]
   b5e7a:	1852      	addeq	r2, r2, r1
   b5e7c:	e7f4      	b.n	b5e68 <_ZN12_GLOBAL__N_19skipTokenEPK9jsmntok_t+0x18>

000b5e7e <_ZN5spark10JSONWriter6printfEPKcz>:
    write("null", 4);
    state_ = NEXT;
    return *this;
}

void spark::JSONWriter::printf(const char *fmt, ...) {
   b5e7e:	b40e      	push	{r1, r2, r3}
   b5e80:	b5f0      	push	{r4, r5, r6, r7, lr}
   b5e82:	b088      	sub	sp, #32
   b5e84:	af00      	add	r7, sp, #0
   b5e86:	f107 0534 	add.w	r5, r7, #52	; 0x34
    char buf[16];
    va_list args;
    va_start(args, fmt);
    int n = vsnprintf(buf, sizeof(buf), fmt, args);
   b5e8a:	2110      	movs	r1, #16
void spark::JSONWriter::printf(const char *fmt, ...) {
   b5e8c:	f855 2b04 	ldr.w	r2, [r5], #4
    int n = vsnprintf(buf, sizeof(buf), fmt, args);
   b5e90:	607a      	str	r2, [r7, #4]
void spark::JSONWriter::printf(const char *fmt, ...) {
   b5e92:	4604      	mov	r4, r0
    int n = vsnprintf(buf, sizeof(buf), fmt, args);
   b5e94:	462b      	mov	r3, r5
   b5e96:	1878      	adds	r0, r7, r1
    va_start(args, fmt);
   b5e98:	60fd      	str	r5, [r7, #12]
    int n = vsnprintf(buf, sizeof(buf), fmt, args);
   b5e9a:	f7fe fc9b 	bl	b47d4 <vsnprintf>
    va_end(args);
    if ((size_t)n >= sizeof(buf)) {
   b5e9e:	280f      	cmp	r0, #15
   b5ea0:	687a      	ldr	r2, [r7, #4]
   b5ea2:	d91a      	bls.n	b5eda <_ZN5spark10JSONWriter6printfEPKcz+0x5c>
        char buf[n + 1]; // Use larger buffer
   b5ea4:	f100 0308 	add.w	r3, r0, #8
   b5ea8:	f023 0307 	bic.w	r3, r3, #7
        va_start(args, fmt);
        n = vsnprintf(buf, sizeof(buf), fmt, args);
        va_end(args);
        if (n > 0) {
            write(buf, n);
        }
   b5eac:	466e      	mov	r6, sp
        char buf[n + 1]; // Use larger buffer
   b5eae:	ebad 0d03 	sub.w	sp, sp, r3
        n = vsnprintf(buf, sizeof(buf), fmt, args);
   b5eb2:	1c41      	adds	r1, r0, #1
   b5eb4:	462b      	mov	r3, r5
   b5eb6:	4668      	mov	r0, sp
        va_start(args, fmt);
   b5eb8:	60fd      	str	r5, [r7, #12]
        n = vsnprintf(buf, sizeof(buf), fmt, args);
   b5eba:	f7fe fc8b 	bl	b47d4 <vsnprintf>
        if (n > 0) {
   b5ebe:	1e02      	subs	r2, r0, #0
   b5ec0:	dd04      	ble.n	b5ecc <_ZN5spark10JSONWriter6printfEPKcz+0x4e>
            write(buf, n);
   b5ec2:	6823      	ldr	r3, [r4, #0]
   b5ec4:	4669      	mov	r1, sp
   b5ec6:	689b      	ldr	r3, [r3, #8]
   b5ec8:	4620      	mov	r0, r4
   b5eca:	4798      	blx	r3
   b5ecc:	46b5      	mov	sp, r6
    } else if (n > 0) {
        write(buf, n);
    }
}
   b5ece:	3720      	adds	r7, #32
   b5ed0:	46bd      	mov	sp, r7
   b5ed2:	e8bd 40f0 	ldmia.w	sp!, {r4, r5, r6, r7, lr}
   b5ed6:	b003      	add	sp, #12
   b5ed8:	4770      	bx	lr
    } else if (n > 0) {
   b5eda:	2800      	cmp	r0, #0
   b5edc:	d0f7      	beq.n	b5ece <_ZN5spark10JSONWriter6printfEPKcz+0x50>
        write(buf, n);
   b5ede:	6823      	ldr	r3, [r4, #0]
   b5ee0:	4602      	mov	r2, r0
   b5ee2:	689b      	ldr	r3, [r3, #8]
   b5ee4:	f107 0110 	add.w	r1, r7, #16
   b5ee8:	4620      	mov	r0, r4
   b5eea:	4798      	blx	r3
}
   b5eec:	e7ef      	b.n	b5ece <_ZN5spark10JSONWriter6printfEPKcz+0x50>

000b5eee <_ZNSt12__shared_ptrIN5spark6detail8JSONDataELN9__gnu_cxx12_Lock_policyE0EEaSERKS5_.isra.0>:
      __shared_ptr& operator=(const __shared_ptr&) noexcept = default;
   b5eee:	b538      	push	{r3, r4, r5, lr}
   b5ef0:	680b      	ldr	r3, [r1, #0]
   b5ef2:	6003      	str	r3, [r0, #0]
   b5ef4:	684d      	ldr	r5, [r1, #4]
	if (__tmp != _M_pi)
   b5ef6:	6843      	ldr	r3, [r0, #4]
   b5ef8:	429d      	cmp	r5, r3
      __shared_ptr& operator=(const __shared_ptr&) noexcept = default;
   b5efa:	4604      	mov	r4, r0
	if (__tmp != _M_pi)
   b5efc:	d008      	beq.n	b5f10 <_ZNSt12__shared_ptrIN5spark6detail8JSONDataELN9__gnu_cxx12_Lock_policyE0EEaSERKS5_.isra.0+0x22>
	    if (__tmp != 0)
   b5efe:	b115      	cbz	r5, b5f06 <_ZNSt12__shared_ptrIN5spark6detail8JSONDataELN9__gnu_cxx12_Lock_policyE0EEaSERKS5_.isra.0+0x18>
    { ++_M_use_count; }
   b5f00:	686b      	ldr	r3, [r5, #4]
   b5f02:	3301      	adds	r3, #1
   b5f04:	606b      	str	r3, [r5, #4]
	    if (_M_pi != 0)
   b5f06:	6860      	ldr	r0, [r4, #4]
   b5f08:	b108      	cbz	r0, b5f0e <_ZNSt12__shared_ptrIN5spark6detail8JSONDataELN9__gnu_cxx12_Lock_policyE0EEaSERKS5_.isra.0+0x20>
	      _M_pi->_M_release();
   b5f0a:	f7fe fd99 	bl	b4a40 <_ZNSt16_Sp_counted_baseILN9__gnu_cxx12_Lock_policyE0EE10_M_releaseEv>
	    _M_pi = __tmp;
   b5f0e:	6065      	str	r5, [r4, #4]
      __shared_ptr& operator=(const __shared_ptr&) noexcept = default;
   b5f10:	bd38      	pop	{r3, r4, r5, pc}

000b5f12 <_ZN5spark10JSONWriter5writeEc>:
inline void spark::JSONWriter::write(char c) {
   b5f12:	b507      	push	{r0, r1, r2, lr}
    write(&c, 1);
   b5f14:	6803      	ldr	r3, [r0, #0]
inline void spark::JSONWriter::write(char c) {
   b5f16:	f88d 1007 	strb.w	r1, [sp, #7]
    write(&c, 1);
   b5f1a:	689b      	ldr	r3, [r3, #8]
   b5f1c:	2201      	movs	r2, #1
   b5f1e:	f10d 0107 	add.w	r1, sp, #7
   b5f22:	4798      	blx	r3
}
   b5f24:	b003      	add	sp, #12
   b5f26:	f85d fb04 	ldr.w	pc, [sp], #4

000b5f2a <_ZN5spark9JSONValueC1EPK9jsmntok_tSt10shared_ptrINS_6detail8JSONDataEE>:
spark::JSONValue::JSONValue(const jsmntok_t *t, detail::JSONDataPtr d) :
   b5f2a:	460b      	mov	r3, r1
   b5f2c:	4611      	mov	r1, r2
      : _M_ptr(0), _M_refcount()
   b5f2e:	2200      	movs	r2, #0
   b5f30:	b510      	push	{r4, lr}
      constexpr __shared_count() noexcept : _M_pi(0)
   b5f32:	e9c0 2200 	strd	r2, r2, [r0]
   b5f36:	4604      	mov	r4, r0
        t_ = t;
   b5f38:	6083      	str	r3, [r0, #8]
    if (t) {
   b5f3a:	b90b      	cbnz	r3, b5f40 <_ZN5spark9JSONValueC1EPK9jsmntok_tSt10shared_ptrINS_6detail8JSONDataEE+0x16>
}
   b5f3c:	4620      	mov	r0, r4
   b5f3e:	bd10      	pop	{r4, pc}
       *  @brief  Construct an empty %shared_ptr.
       *  @post   use_count() == 0 && get() == nullptr
       */
      constexpr shared_ptr(nullptr_t) noexcept : shared_ptr() { }

      shared_ptr& operator=(const shared_ptr&) noexcept = default;
   b5f40:	f7ff ffd5 	bl	b5eee <_ZNSt12__shared_ptrIN5spark6detail8JSONDataELN9__gnu_cxx12_Lock_policyE0EEaSERKS5_.isra.0>
   b5f44:	e7fa      	b.n	b5f3c <_ZN5spark9JSONValueC1EPK9jsmntok_tSt10shared_ptrINS_6detail8JSONDataEE+0x12>

000b5f46 <_ZNK5spark9JSONValue4typeEv>:
    if (!t_) {
   b5f46:	6883      	ldr	r3, [r0, #8]
   b5f48:	b1eb      	cbz	r3, b5f86 <_ZNK5spark9JSONValue4typeEv+0x40>
    switch (t_->type) {
   b5f4a:	781a      	ldrb	r2, [r3, #0]
   b5f4c:	2a03      	cmp	r2, #3
   b5f4e:	d81a      	bhi.n	b5f86 <_ZNK5spark9JSONValue4typeEv+0x40>
   b5f50:	e8df f002 	tbb	[pc, r2]
   b5f54:	1b021704 	.word	0x1b021704
   b5f58:	2005      	movs	r0, #5
   b5f5a:	4770      	bx	lr
        const char c = d_->json[t_->start];
   b5f5c:	6802      	ldr	r2, [r0, #0]
   b5f5e:	685b      	ldr	r3, [r3, #4]
   b5f60:	6852      	ldr	r2, [r2, #4]
   b5f62:	5cd0      	ldrb	r0, [r2, r3]
        if (c == '-' || (c >= '0' && c <= '9')) {
   b5f64:	282d      	cmp	r0, #45	; 0x2d
   b5f66:	d012      	beq.n	b5f8e <_ZNK5spark9JSONValue4typeEv+0x48>
   b5f68:	f1a0 0330 	sub.w	r3, r0, #48	; 0x30
   b5f6c:	2b09      	cmp	r3, #9
   b5f6e:	d90e      	bls.n	b5f8e <_ZNK5spark9JSONValue4typeEv+0x48>
        } else if (c == 't' || c == 'f') { // Literal names are always in lower case
   b5f70:	2874      	cmp	r0, #116	; 0x74
   b5f72:	d00e      	beq.n	b5f92 <_ZNK5spark9JSONValue4typeEv+0x4c>
   b5f74:	2866      	cmp	r0, #102	; 0x66
   b5f76:	d00c      	beq.n	b5f92 <_ZNK5spark9JSONValue4typeEv+0x4c>
        return JSON_TYPE_INVALID;
   b5f78:	f1a0 036e 	sub.w	r3, r0, #110	; 0x6e
   b5f7c:	4258      	negs	r0, r3
   b5f7e:	4158      	adcs	r0, r3
   b5f80:	4770      	bx	lr
        return JSON_TYPE_OBJECT;
   b5f82:	2006      	movs	r0, #6
   b5f84:	4770      	bx	lr
        return JSON_TYPE_INVALID;
   b5f86:	2000      	movs	r0, #0
   b5f88:	4770      	bx	lr
        return JSON_TYPE_STRING;
   b5f8a:	2004      	movs	r0, #4
   b5f8c:	4770      	bx	lr
            return JSON_TYPE_NUMBER;
   b5f8e:	2003      	movs	r0, #3
   b5f90:	4770      	bx	lr
            return JSON_TYPE_BOOL;
   b5f92:	2002      	movs	r0, #2
}
   b5f94:	4770      	bx	lr

000b5f96 <_ZNK5spark9JSONValue5toIntEv>:
int spark::JSONValue::toInt() const {
   b5f96:	b510      	push	{r4, lr}
   b5f98:	4604      	mov	r4, r0
    switch (type()) {
   b5f9a:	f7ff ffd4 	bl	b5f46 <_ZNK5spark9JSONValue4typeEv>
   b5f9e:	2802      	cmp	r0, #2
   b5fa0:	d00e      	beq.n	b5fc0 <_ZNK5spark9JSONValue5toIntEv+0x2a>
   b5fa2:	1ec3      	subs	r3, r0, #3
   b5fa4:	b2db      	uxtb	r3, r3
   b5fa6:	2b01      	cmp	r3, #1
   b5fa8:	d814      	bhi.n	b5fd4 <_ZNK5spark9JSONValue5toIntEv+0x3e>
        const char* const s = d_->json + t_->start;
   b5faa:	6822      	ldr	r2, [r4, #0]
   b5fac:	68a3      	ldr	r3, [r4, #8]
   b5fae:	6850      	ldr	r0, [r2, #4]
   b5fb0:	685b      	ldr	r3, [r3, #4]
}
   b5fb2:	e8bd 4010 	ldmia.w	sp!, {r4, lr}
        return strtol(s, nullptr, 10);
   b5fb6:	220a      	movs	r2, #10
   b5fb8:	2100      	movs	r1, #0
   b5fba:	4418      	add	r0, r3
   b5fbc:	f000 bcb6 	b.w	b692c <strtol>
        const char* const s = d_->json + t_->start;
   b5fc0:	6822      	ldr	r2, [r4, #0]
   b5fc2:	68a3      	ldr	r3, [r4, #8]
        return *s == 't';
   b5fc4:	6852      	ldr	r2, [r2, #4]
   b5fc6:	685b      	ldr	r3, [r3, #4]
   b5fc8:	5cd0      	ldrb	r0, [r2, r3]
   b5fca:	f1a0 0374 	sub.w	r3, r0, #116	; 0x74
   b5fce:	4258      	negs	r0, r3
   b5fd0:	4158      	adcs	r0, r3
}
   b5fd2:	bd10      	pop	{r4, pc}
    switch (type()) {
   b5fd4:	2000      	movs	r0, #0
   b5fd6:	e7fc      	b.n	b5fd2 <_ZNK5spark9JSONValue5toIntEv+0x3c>

000b5fd8 <_ZN5spark10JSONStringC1EPK9jsmntok_tSt10shared_ptrINS_6detail8JSONDataEE>:
spark::JSONString::JSONString(const jsmntok_t *t, detail::JSONDataPtr d) :
   b5fd8:	b538      	push	{r3, r4, r5, lr}
      : _M_ptr(0), _M_refcount()
   b5fda:	2300      	movs	r3, #0
      constexpr __shared_count() noexcept : _M_pi(0)
   b5fdc:	e9c0 3300 	strd	r3, r3, [r0]
   b5fe0:	4604      	mov	r4, r0
        n_(0) {
   b5fe2:	480e      	ldr	r0, [pc, #56]	; (b601c <_ZN5spark10JSONStringC1EPK9jsmntok_tSt10shared_ptrINS_6detail8JSONDataEE+0x44>)
   b5fe4:	e9c4 0302 	strd	r0, r3, [r4, #8]
    if (t && (t->type == JSMN_STRING || t->type == JSMN_PRIMITIVE)) {
   b5fe8:	b1a9      	cbz	r1, b6016 <_ZN5spark10JSONStringC1EPK9jsmntok_tSt10shared_ptrINS_6detail8JSONDataEE+0x3e>
   b5fea:	780b      	ldrb	r3, [r1, #0]
   b5fec:	2b03      	cmp	r3, #3
   b5fee:	d006      	beq.n	b5ffe <_ZN5spark10JSONStringC1EPK9jsmntok_tSt10shared_ptrINS_6detail8JSONDataEE+0x26>
   b5ff0:	b98b      	cbnz	r3, b6016 <_ZN5spark10JSONStringC1EPK9jsmntok_tSt10shared_ptrINS_6detail8JSONDataEE+0x3e>
        if (t->type != JSMN_PRIMITIVE || d->json[t->start] != 'n') { // Nulls are treated as empty strings
   b5ff2:	6813      	ldr	r3, [r2, #0]
   b5ff4:	6858      	ldr	r0, [r3, #4]
   b5ff6:	684b      	ldr	r3, [r1, #4]
   b5ff8:	5cc3      	ldrb	r3, [r0, r3]
   b5ffa:	2b6e      	cmp	r3, #110	; 0x6e
   b5ffc:	d007      	beq.n	b600e <_ZN5spark10JSONStringC1EPK9jsmntok_tSt10shared_ptrINS_6detail8JSONDataEE+0x36>
            s_ = d->json + t->start;
   b5ffe:	6813      	ldr	r3, [r2, #0]
   b6000:	684d      	ldr	r5, [r1, #4]
   b6002:	6858      	ldr	r0, [r3, #4]
            n_ = t->end - t->start;
   b6004:	688b      	ldr	r3, [r1, #8]
            s_ = d->json + t->start;
   b6006:	4428      	add	r0, r5
            n_ = t->end - t->start;
   b6008:	1b5b      	subs	r3, r3, r5
            s_ = d->json + t->start;
   b600a:	60a0      	str	r0, [r4, #8]
            n_ = t->end - t->start;
   b600c:	60e3      	str	r3, [r4, #12]
   b600e:	4611      	mov	r1, r2
   b6010:	4620      	mov	r0, r4
   b6012:	f7ff ff6c 	bl	b5eee <_ZNSt12__shared_ptrIN5spark6detail8JSONDataELN9__gnu_cxx12_Lock_policyE0EEaSERKS5_.isra.0>
}
   b6016:	4620      	mov	r0, r4
   b6018:	bd38      	pop	{r3, r4, r5, pc}
   b601a:	bf00      	nop
   b601c:	000b6ac1 	.word	0x000b6ac1

000b6020 <_ZN5spark18JSONObjectIteratorC1EPK9jsmntok_tSt10shared_ptrINS_6detail8JSONDataEE>:
spark::JSONObjectIterator::JSONObjectIterator(const jsmntok_t *t, detail::JSONDataPtr d) :
   b6020:	b538      	push	{r3, r4, r5, lr}
      : _M_ptr(0), _M_refcount()
   b6022:	2500      	movs	r5, #0
   b6024:	460b      	mov	r3, r1
      constexpr __shared_count() noexcept : _M_pi(0)
   b6026:	e9c0 5500 	strd	r5, r5, [r0]
        n_(0) {
   b602a:	e9c0 5502 	strd	r5, r5, [r0, #8]
   b602e:	e9c0 5504 	strd	r5, r5, [r0, #16]
   b6032:	4604      	mov	r4, r0
   b6034:	4611      	mov	r1, r2
    if (t && t->type == JSMN_OBJECT) {
   b6036:	b14b      	cbz	r3, b604c <_ZN5spark18JSONObjectIteratorC1EPK9jsmntok_tSt10shared_ptrINS_6detail8JSONDataEE+0x2c>
   b6038:	781a      	ldrb	r2, [r3, #0]
   b603a:	2a01      	cmp	r2, #1
   b603c:	d106      	bne.n	b604c <_ZN5spark18JSONObjectIteratorC1EPK9jsmntok_tSt10shared_ptrINS_6detail8JSONDataEE+0x2c>
        t_ = t + 1; // First property's name
   b603e:	f103 0210 	add.w	r2, r3, #16
        n_ = t->size; // Number of properties
   b6042:	68db      	ldr	r3, [r3, #12]
        t_ = t + 1; // First property's name
   b6044:	6082      	str	r2, [r0, #8]
        n_ = t->size; // Number of properties
   b6046:	6143      	str	r3, [r0, #20]
   b6048:	f7ff ff51 	bl	b5eee <_ZNSt12__shared_ptrIN5spark6detail8JSONDataELN9__gnu_cxx12_Lock_policyE0EEaSERKS5_.isra.0>
}
   b604c:	4620      	mov	r0, r4
   b604e:	bd38      	pop	{r3, r4, r5, pc}

000b6050 <_ZN5spark18JSONObjectIterator4nextEv>:
bool spark::JSONObjectIterator::next() {
   b6050:	b510      	push	{r4, lr}
    if (!n_) {
   b6052:	6943      	ldr	r3, [r0, #20]
bool spark::JSONObjectIterator::next() {
   b6054:	4604      	mov	r4, r0
    if (!n_) {
   b6056:	b163      	cbz	r3, b6072 <_ZN5spark18JSONObjectIterator4nextEv+0x22>
    k_ = t_; // Name
   b6058:	6880      	ldr	r0, [r0, #8]
   b605a:	60e0      	str	r0, [r4, #12]
    --n_;
   b605c:	3b01      	subs	r3, #1
    ++t_;
   b605e:	3010      	adds	r0, #16
   b6060:	60a0      	str	r0, [r4, #8]
    v_ = t_; // Value
   b6062:	6120      	str	r0, [r4, #16]
    --n_;
   b6064:	6163      	str	r3, [r4, #20]
    if (n_) {
   b6066:	b113      	cbz	r3, b606e <_ZN5spark18JSONObjectIterator4nextEv+0x1e>
        t_ = skipToken(t_);
   b6068:	f7ff fef2 	bl	b5e50 <_ZN12_GLOBAL__N_19skipTokenEPK9jsmntok_t>
   b606c:	60a0      	str	r0, [r4, #8]
    return true;
   b606e:	2001      	movs	r0, #1
   b6070:	e000      	b.n	b6074 <_ZN5spark18JSONObjectIterator4nextEv+0x24>
        return false;
   b6072:	4618      	mov	r0, r3
}
   b6074:	bd10      	pop	{r4, pc}

000b6076 <_ZN5spark10JSONWriter9endObjectEv>:
spark::JSONWriter& spark::JSONWriter::endObject() {
   b6076:	b510      	push	{r4, lr}
    write('}');
   b6078:	217d      	movs	r1, #125	; 0x7d
spark::JSONWriter& spark::JSONWriter::endObject() {
   b607a:	4604      	mov	r4, r0
    write('}');
   b607c:	f7ff ff49 	bl	b5f12 <_ZN5spark10JSONWriter5writeEc>
    state_ = NEXT;
   b6080:	2301      	movs	r3, #1
   b6082:	7123      	strb	r3, [r4, #4]
}
   b6084:	4620      	mov	r0, r4
   b6086:	bd10      	pop	{r4, pc}

000b6088 <_ZN5spark10JSONWriter14writeSeparatorEv>:

void spark::JSONWriter::writeSeparator() {
   b6088:	b508      	push	{r3, lr}
    switch (state_) {
   b608a:	7903      	ldrb	r3, [r0, #4]
   b608c:	2b01      	cmp	r3, #1
   b608e:	d002      	beq.n	b6096 <_ZN5spark10JSONWriter14writeSeparatorEv+0xe>
   b6090:	2b02      	cmp	r3, #2
   b6092:	d004      	beq.n	b609e <_ZN5spark10JSONWriter14writeSeparatorEv+0x16>
        write(':');
        break;
    default:
        break;
    }
}
   b6094:	bd08      	pop	{r3, pc}
        write(',');
   b6096:	212c      	movs	r1, #44	; 0x2c
        write(':');
   b6098:	f7ff ff3b 	bl	b5f12 <_ZN5spark10JSONWriter5writeEc>
}
   b609c:	e7fa      	b.n	b6094 <_ZN5spark10JSONWriter14writeSeparatorEv+0xc>
        write(':');
   b609e:	213a      	movs	r1, #58	; 0x3a
   b60a0:	e7fa      	b.n	b6098 <_ZN5spark10JSONWriter14writeSeparatorEv+0x10>

000b60a2 <_ZN5spark10JSONWriter11beginObjectEv>:
spark::JSONWriter& spark::JSONWriter::beginObject() {
   b60a2:	b510      	push	{r4, lr}
   b60a4:	4604      	mov	r4, r0
    writeSeparator();
   b60a6:	f7ff ffef 	bl	b6088 <_ZN5spark10JSONWriter14writeSeparatorEv>
    write('{');
   b60aa:	4620      	mov	r0, r4
   b60ac:	217b      	movs	r1, #123	; 0x7b
   b60ae:	f7ff ff30 	bl	b5f12 <_ZN5spark10JSONWriter5writeEc>
    state_ = BEGIN;
   b60b2:	2300      	movs	r3, #0
   b60b4:	7123      	strb	r3, [r4, #4]
}
   b60b6:	4620      	mov	r0, r4
   b60b8:	bd10      	pop	{r4, pc}
	...

000b60bc <_ZN5spark10JSONWriter5valueEi>:
spark::JSONWriter& spark::JSONWriter::value(int val) {
   b60bc:	b513      	push	{r0, r1, r4, lr}
   b60be:	4604      	mov	r4, r0
   b60c0:	9101      	str	r1, [sp, #4]
    writeSeparator();
   b60c2:	f7ff ffe1 	bl	b6088 <_ZN5spark10JSONWriter14writeSeparatorEv>
    printf("%d", val);
   b60c6:	6823      	ldr	r3, [r4, #0]
   b60c8:	9a01      	ldr	r2, [sp, #4]
   b60ca:	68db      	ldr	r3, [r3, #12]
   b60cc:	4903      	ldr	r1, [pc, #12]	; (b60dc <_ZN5spark10JSONWriter5valueEi+0x20>)
   b60ce:	4620      	mov	r0, r4
   b60d0:	4798      	blx	r3
    state_ = NEXT;
   b60d2:	2301      	movs	r3, #1
}
   b60d4:	4620      	mov	r0, r4
    state_ = NEXT;
   b60d6:	7123      	strb	r3, [r4, #4]
}
   b60d8:	b002      	add	sp, #8
   b60da:	bd10      	pop	{r4, pc}
   b60dc:	000b6a9b 	.word	0x000b6a9b

000b60e0 <_ZN5spark10JSONWriter5valueEj>:
spark::JSONWriter& spark::JSONWriter::value(unsigned val) {
   b60e0:	b513      	push	{r0, r1, r4, lr}
   b60e2:	4604      	mov	r4, r0
   b60e4:	9101      	str	r1, [sp, #4]
    writeSeparator();
   b60e6:	f7ff ffcf 	bl	b6088 <_ZN5spark10JSONWriter14writeSeparatorEv>
    printf("%u", val);
   b60ea:	6823      	ldr	r3, [r4, #0]
   b60ec:	9a01      	ldr	r2, [sp, #4]
   b60ee:	68db      	ldr	r3, [r3, #12]
   b60f0:	4903      	ldr	r1, [pc, #12]	; (b6100 <_ZN5spark10JSONWriter5valueEj+0x20>)
   b60f2:	4620      	mov	r0, r4
   b60f4:	4798      	blx	r3
    state_ = NEXT;
   b60f6:	2301      	movs	r3, #1
}
   b60f8:	4620      	mov	r0, r4
    state_ = NEXT;
   b60fa:	7123      	strb	r3, [r4, #4]
}
   b60fc:	b002      	add	sp, #8
   b60fe:	bd10      	pop	{r4, pc}
   b6100:	000b6ba0 	.word	0x000b6ba0

000b6104 <_ZN5spark10JSONWriter12writeEscapedEPKcj>:

void spark::JSONWriter::writeEscaped(const char *str, size_t size) {
   b6104:	e92d 47f0 	stmdb	sp!, {r4, r5, r6, r7, r8, r9, sl, lr}
   b6108:	460d      	mov	r5, r1
    write('"');
   b610a:	2122      	movs	r1, #34	; 0x22
void spark::JSONWriter::writeEscaped(const char *str, size_t size) {
   b610c:	4690      	mov	r8, r2
   b610e:	4604      	mov	r4, r0
    write('"');
   b6110:	f7ff feff 	bl	b5f12 <_ZN5spark10JSONWriter5writeEc>
            case 0x0d: // Carriage return
                write('r');
                break;
            default:
                // All other control characters are written in hex, e.g. "\u001f"
                printf("u%04x", (unsigned)c);
   b6114:	f8df 90a4 	ldr.w	r9, [pc, #164]	; b61bc <_ZN5spark10JSONWriter12writeEscapedEPKcj+0xb8>
    const char* const end = str + size;
   b6118:	44a8      	add	r8, r5
    const char *s = str;
   b611a:	462f      	mov	r7, r5
    while (s != end) {
   b611c:	4547      	cmp	r7, r8
   b611e:	46ba      	mov	sl, r7
   b6120:	d03d      	beq.n	b619e <_ZN5spark10JSONWriter12writeEscapedEPKcj+0x9a>
        const char c = *s;
   b6122:	f817 6b01 	ldrb.w	r6, [r7], #1
        if (c == '"' || c == '\\' || !std::isprint((unsigned char)c)) {
   b6126:	2e22      	cmp	r6, #34	; 0x22
   b6128:	d006      	beq.n	b6138 <_ZN5spark10JSONWriter12writeEscapedEPKcj+0x34>
   b612a:	2e5c      	cmp	r6, #92	; 0x5c
   b612c:	d004      	beq.n	b6138 <_ZN5spark10JSONWriter12writeEscapedEPKcj+0x34>
   b612e:	4630      	mov	r0, r6
   b6130:	f000 facc 	bl	b66cc <isprint>
   b6134:	2800      	cmp	r0, #0
   b6136:	d1f1      	bne.n	b611c <_ZN5spark10JSONWriter12writeEscapedEPKcj+0x18>
            write(str, s - str); // Write preceeding characters
   b6138:	6823      	ldr	r3, [r4, #0]
   b613a:	ebaa 0205 	sub.w	r2, sl, r5
   b613e:	689b      	ldr	r3, [r3, #8]
   b6140:	4629      	mov	r1, r5
   b6142:	4620      	mov	r0, r4
   b6144:	4798      	blx	r3
            write('\\');
   b6146:	215c      	movs	r1, #92	; 0x5c
   b6148:	4620      	mov	r0, r4
   b614a:	f7ff fee2 	bl	b5f12 <_ZN5spark10JSONWriter5writeEc>
            switch (c) {
   b614e:	2e0d      	cmp	r6, #13
   b6150:	d80a      	bhi.n	b6168 <_ZN5spark10JSONWriter12writeEscapedEPKcj+0x64>
   b6152:	2e07      	cmp	r6, #7
   b6154:	d91c      	bls.n	b6190 <_ZN5spark10JSONWriter12writeEscapedEPKcj+0x8c>
   b6156:	f1a6 0308 	sub.w	r3, r6, #8
   b615a:	2b05      	cmp	r3, #5
   b615c:	d818      	bhi.n	b6190 <_ZN5spark10JSONWriter12writeEscapedEPKcj+0x8c>
   b615e:	e8df f003 	tbb	[pc, r3]
   b6162:	0f0d      	.short	0x0f0d
   b6164:	15131711 	.word	0x15131711
   b6168:	2e22      	cmp	r6, #34	; 0x22
   b616a:	d001      	beq.n	b6170 <_ZN5spark10JSONWriter12writeEscapedEPKcj+0x6c>
   b616c:	2e5c      	cmp	r6, #92	; 0x5c
   b616e:	d10f      	bne.n	b6190 <_ZN5spark10JSONWriter12writeEscapedEPKcj+0x8c>
                write(c);
   b6170:	4631      	mov	r1, r6
                write('b');
   b6172:	4620      	mov	r0, r4
   b6174:	f7ff fecd 	bl	b5f12 <_ZN5spark10JSONWriter5writeEc>
                break;
            }
            str = s + 1;
   b6178:	463d      	mov	r5, r7
    while (s != end) {
   b617a:	e7cf      	b.n	b611c <_ZN5spark10JSONWriter12writeEscapedEPKcj+0x18>
                write('b');
   b617c:	2162      	movs	r1, #98	; 0x62
   b617e:	e7f8      	b.n	b6172 <_ZN5spark10JSONWriter12writeEscapedEPKcj+0x6e>
                write('t');
   b6180:	2174      	movs	r1, #116	; 0x74
   b6182:	e7f6      	b.n	b6172 <_ZN5spark10JSONWriter12writeEscapedEPKcj+0x6e>
                write('n');
   b6184:	216e      	movs	r1, #110	; 0x6e
   b6186:	e7f4      	b.n	b6172 <_ZN5spark10JSONWriter12writeEscapedEPKcj+0x6e>
                write('f');
   b6188:	2166      	movs	r1, #102	; 0x66
   b618a:	e7f2      	b.n	b6172 <_ZN5spark10JSONWriter12writeEscapedEPKcj+0x6e>
                write('r');
   b618c:	2172      	movs	r1, #114	; 0x72
   b618e:	e7f0      	b.n	b6172 <_ZN5spark10JSONWriter12writeEscapedEPKcj+0x6e>
                printf("u%04x", (unsigned)c);
   b6190:	6823      	ldr	r3, [r4, #0]
   b6192:	4632      	mov	r2, r6
   b6194:	68db      	ldr	r3, [r3, #12]
   b6196:	4649      	mov	r1, r9
   b6198:	4620      	mov	r0, r4
   b619a:	4798      	blx	r3
                break;
   b619c:	e7ec      	b.n	b6178 <_ZN5spark10JSONWriter12writeEscapedEPKcj+0x74>
        }
        ++s;
    }
    if (s != str) {
   b619e:	42bd      	cmp	r5, r7
   b61a0:	d005      	beq.n	b61ae <_ZN5spark10JSONWriter12writeEscapedEPKcj+0xaa>
        write(str, s - str); // Write remaining characters
   b61a2:	6823      	ldr	r3, [r4, #0]
   b61a4:	1b7a      	subs	r2, r7, r5
   b61a6:	689b      	ldr	r3, [r3, #8]
   b61a8:	4629      	mov	r1, r5
   b61aa:	4620      	mov	r0, r4
   b61ac:	4798      	blx	r3
    }
    write('"');
   b61ae:	2122      	movs	r1, #34	; 0x22
   b61b0:	4620      	mov	r0, r4
   b61b2:	f7ff feae 	bl	b5f12 <_ZN5spark10JSONWriter5writeEc>
}
   b61b6:	e8bd 87f0 	ldmia.w	sp!, {r4, r5, r6, r7, r8, r9, sl, pc}
   b61ba:	bf00      	nop
   b61bc:	000b6ba3 	.word	0x000b6ba3

000b61c0 <_ZN5spark10JSONWriter4nameEPKcj>:
spark::JSONWriter& spark::JSONWriter::name(const char *name, size_t size) {
   b61c0:	b513      	push	{r0, r1, r4, lr}
   b61c2:	4604      	mov	r4, r0
   b61c4:	e9cd 2100 	strd	r2, r1, [sp]
    writeSeparator();
   b61c8:	f7ff ff5e 	bl	b6088 <_ZN5spark10JSONWriter14writeSeparatorEv>
    writeEscaped(name, size);
   b61cc:	4620      	mov	r0, r4
   b61ce:	e9dd 2100 	ldrd	r2, r1, [sp]
   b61d2:	f7ff ff97 	bl	b6104 <_ZN5spark10JSONWriter12writeEscapedEPKcj>
    state_ = VALUE;
   b61d6:	2302      	movs	r3, #2
}
   b61d8:	4620      	mov	r0, r4
    state_ = VALUE;
   b61da:	7123      	strb	r3, [r4, #4]
}
   b61dc:	b002      	add	sp, #8
   b61de:	bd10      	pop	{r4, pc}

000b61e0 <_ZN5spark10JSONWriter5valueEPKcj>:
spark::JSONWriter& spark::JSONWriter::value(const char *val, size_t size) {
   b61e0:	b513      	push	{r0, r1, r4, lr}
   b61e2:	4604      	mov	r4, r0
   b61e4:	e9cd 2100 	strd	r2, r1, [sp]
    writeSeparator();
   b61e8:	f7ff ff4e 	bl	b6088 <_ZN5spark10JSONWriter14writeSeparatorEv>
    writeEscaped(val, size);
   b61ec:	4620      	mov	r0, r4
   b61ee:	e9dd 2100 	ldrd	r2, r1, [sp]
   b61f2:	f7ff ff87 	bl	b6104 <_ZN5spark10JSONWriter12writeEscapedEPKcj>
    state_ = NEXT;
   b61f6:	2301      	movs	r3, #1
}
   b61f8:	4620      	mov	r0, r4
    state_ = NEXT;
   b61fa:	7123      	strb	r3, [r4, #4]
}
   b61fc:	b002      	add	sp, #8
   b61fe:	bd10      	pop	{r4, pc}

000b6200 <_ZN11USARTSerialD1Ev>:
private:
  hal_usart_interface_t _serial;
  bool _blocking;
public:
  USARTSerial(hal_usart_interface_t serial, const hal_usart_buffer_config_t& config);
  virtual ~USARTSerial() {};
   b6200:	4770      	bx	lr

000b6202 <_ZN11USARTSerial14blockOnOverrunEb>:
    hal_usart_half_duplex(_serial, Enable);
}

void USARTSerial::blockOnOverrun(bool block)
{
  _blocking = block;
   b6202:	7441      	strb	r1, [r0, #17]
}
   b6204:	4770      	bx	lr

000b6206 <_ZN11USARTSerial17availableForWriteEv>:


int USARTSerial::availableForWrite(void)
{
   b6206:	b508      	push	{r3, lr}
  return std::max(0, (int)hal_usart_available_data_for_write(_serial));
   b6208:	7c00      	ldrb	r0, [r0, #16]
   b620a:	f7fe f965 	bl	b44d8 <hal_usart_available_data_for_write>
}
   b620e:	ea20 70e0 	bic.w	r0, r0, r0, asr #31
   b6212:	bd08      	pop	{r3, pc}

000b6214 <_ZN11USARTSerial9availableEv>:

int USARTSerial::available(void)
{
   b6214:	b508      	push	{r3, lr}
  return std::max(0, (int)hal_usart_available(_serial));
   b6216:	7c00      	ldrb	r0, [r0, #16]
   b6218:	f7fe f93e 	bl	b4498 <hal_usart_available>
}
   b621c:	ea20 70e0 	bic.w	r0, r0, r0, asr #31
   b6220:	bd08      	pop	{r3, pc}

000b6222 <_ZN11USARTSerial4peekEv>:

int USARTSerial::peek(void)
{
   b6222:	b508      	push	{r3, lr}
  return std::max(-1, (int)hal_usart_peek(_serial));
   b6224:	7c00      	ldrb	r0, [r0, #16]
   b6226:	f7fe f947 	bl	b44b8 <hal_usart_peek>
}
   b622a:	ea40 70e0 	orr.w	r0, r0, r0, asr #31
   b622e:	bd08      	pop	{r3, pc}

000b6230 <_ZN11USARTSerial4readEv>:

int USARTSerial::read(void)
{
   b6230:	b508      	push	{r3, lr}
  return std::max(-1, (int)hal_usart_read(_serial));
   b6232:	7c00      	ldrb	r0, [r0, #16]
   b6234:	f7fe f938 	bl	b44a8 <hal_usart_read>
}
   b6238:	ea40 70e0 	orr.w	r0, r0, r0, asr #31
   b623c:	bd08      	pop	{r3, pc}

000b623e <_ZN11USARTSerial5flushEv>:

void USARTSerial::flush()
{
  hal_usart_flush(_serial);
   b623e:	7c00      	ldrb	r0, [r0, #16]
   b6240:	f7fe b942 	b.w	b44c8 <hal_usart_flush>

000b6244 <_ZN11USARTSerial5writeEh>:
}

size_t USARTSerial::write(uint8_t c)
{
   b6244:	b537      	push	{r0, r1, r2, r4, r5, lr}
  // attempt a write if blocking, or for non-blocking if there is room.
  if (_blocking || hal_usart_available_data_for_write(_serial) > 0) {
   b6246:	7c45      	ldrb	r5, [r0, #17]
{
   b6248:	4604      	mov	r4, r0
  if (_blocking || hal_usart_available_data_for_write(_serial) > 0) {
   b624a:	b12d      	cbz	r5, b6258 <_ZN11USARTSerial5writeEh+0x14>
    // the HAL always blocks.
	  return hal_usart_write(_serial, c);
   b624c:	7c20      	ldrb	r0, [r4, #16]
  }
  return 0;
}
   b624e:	b003      	add	sp, #12
   b6250:	e8bd 4030 	ldmia.w	sp!, {r4, r5, lr}
	  return hal_usart_write(_serial, c);
   b6254:	f7fe b918 	b.w	b4488 <hal_usart_write>
  if (_blocking || hal_usart_available_data_for_write(_serial) > 0) {
   b6258:	7c00      	ldrb	r0, [r0, #16]
   b625a:	9101      	str	r1, [sp, #4]
   b625c:	f7fe f93c 	bl	b44d8 <hal_usart_available_data_for_write>
   b6260:	2800      	cmp	r0, #0
   b6262:	9901      	ldr	r1, [sp, #4]
   b6264:	dcf2      	bgt.n	b624c <_ZN11USARTSerial5writeEh+0x8>
}
   b6266:	4628      	mov	r0, r5
   b6268:	b003      	add	sp, #12
   b626a:	bd30      	pop	{r4, r5, pc}

000b626c <_ZN11USARTSerialD0Ev>:
   b626c:	b510      	push	{r4, lr}
   b626e:	2114      	movs	r1, #20
   b6270:	4604      	mov	r4, r0
   b6272:	f7fd ff24 	bl	b40be <_ZdlPvj>
   b6276:	4620      	mov	r0, r4
   b6278:	bd10      	pop	{r4, pc}
	...

000b627c <_ZN11USARTSerialC1E21hal_usart_interface_tRK25hal_usart_buffer_config_t>:
USARTSerial::USARTSerial(hal_usart_interface_t serial, const hal_usart_buffer_config_t& config)
   b627c:	b510      	push	{r4, lr}
   b627e:	f44f 737a 	mov.w	r3, #1000	; 0x3e8
   b6282:	4604      	mov	r4, r0
   b6284:	4608      	mov	r0, r1
   b6286:	4611      	mov	r1, r2
   b6288:	2200      	movs	r2, #0
   b628a:	e9c4 2301 	strd	r2, r3, [r4, #4]
   b628e:	4b04      	ldr	r3, [pc, #16]	; (b62a0 <_ZN11USARTSerialC1E21hal_usart_interface_tRK25hal_usart_buffer_config_t+0x24>)
   b6290:	6023      	str	r3, [r4, #0]
  _blocking = true;
   b6292:	2301      	movs	r3, #1
  _serial = serial;
   b6294:	7420      	strb	r0, [r4, #16]
  _blocking = true;
   b6296:	7463      	strb	r3, [r4, #17]
  hal_usart_init_ex(serial, &config, nullptr);
   b6298:	f7fe f92e 	bl	b44f8 <hal_usart_init_ex>
}
   b629c:	4620      	mov	r0, r4
   b629e:	bd10      	pop	{r4, pc}
   b62a0:	000b6bb4 	.word	0x000b6bb4

000b62a4 <_ZN11USARTSerial5beginEmm>:
  hal_usart_begin_config(_serial, baud, config, nullptr);
   b62a4:	7c00      	ldrb	r0, [r0, #16]
   b62a6:	2300      	movs	r3, #0
   b62a8:	f7fe b91e 	b.w	b44e8 <hal_usart_begin_config>

000b62ac <_ZN11USARTSerial5beginEm>:
  begin(baud, SERIAL_8N1);
   b62ac:	2200      	movs	r2, #0
   b62ae:	f7ff bff9 	b.w	b62a4 <_ZN11USARTSerial5beginEmm>

000b62b2 <_ZN11USARTSerial3endEv>:
  hal_usart_end(_serial);
   b62b2:	7c00      	ldrb	r0, [r0, #16]
   b62b4:	f7fe b8e0 	b.w	b4478 <hal_usart_end>

000b62b8 <_ZN7TwoWireD1Ev>:
private:
  hal_i2c_interface_t _i2c;

public:
  TwoWire(hal_i2c_interface_t i2c, const hal_i2c_config_t& config);
  virtual ~TwoWire() {};
   b62b8:	4770      	bx	lr

000b62ba <_ZN7TwoWire5writeEPKhj>:

// must be called in:
// slave tx event callback
// or after beginTransmission(address)
size_t TwoWire::write(const uint8_t *data, size_t quantity)
{
   b62ba:	b5f8      	push	{r3, r4, r5, r6, r7, lr}
   b62bc:	4606      	mov	r6, r0
   b62be:	4615      	mov	r5, r2
   b62c0:	460c      	mov	r4, r1
   b62c2:	188f      	adds	r7, r1, r2
  // in master/slave transmitter mode
  for(size_t i = 0; i < quantity; ++i)
   b62c4:	42bc      	cmp	r4, r7
   b62c6:	d006      	beq.n	b62d6 <_ZN7TwoWire5writeEPKhj+0x1c>
  {
    write(data[i]);
   b62c8:	6833      	ldr	r3, [r6, #0]
   b62ca:	f814 1b01 	ldrb.w	r1, [r4], #1
   b62ce:	689b      	ldr	r3, [r3, #8]
   b62d0:	4630      	mov	r0, r6
   b62d2:	4798      	blx	r3
  for(size_t i = 0; i < quantity; ++i)
   b62d4:	e7f6      	b.n	b62c4 <_ZN7TwoWire5writeEPKhj+0xa>
  }

  return quantity;
}
   b62d6:	4628      	mov	r0, r5
   b62d8:	bdf8      	pop	{r3, r4, r5, r6, r7, pc}

000b62da <_ZN7TwoWire5writeEh>:
  return hal_i2c_write(_i2c, data, NULL);
   b62da:	7c00      	ldrb	r0, [r0, #16]
   b62dc:	2200      	movs	r2, #0
   b62de:	f7fe b923 	b.w	b4528 <hal_i2c_write>

000b62e2 <_ZN7TwoWire9availableEv>:
// must be called in:
// slave rx event callback
// or after requestFrom(address, numBytes)
int TwoWire::available(void)
{
  return hal_i2c_available(_i2c, NULL);
   b62e2:	7c00      	ldrb	r0, [r0, #16]
   b62e4:	2100      	movs	r1, #0
   b62e6:	f7fe b927 	b.w	b4538 <hal_i2c_available>

000b62ea <_ZN7TwoWire4readEv>:
// must be called in:
// slave rx event callback
// or after requestFrom(address, numBytes)
int TwoWire::read(void)
{
  return hal_i2c_read(_i2c, NULL);
   b62ea:	7c00      	ldrb	r0, [r0, #16]
   b62ec:	2100      	movs	r1, #0
   b62ee:	f7fe b92b 	b.w	b4548 <hal_i2c_read>

000b62f2 <_ZN7TwoWire4peekEv>:
// must be called in:
// slave rx event callback
// or after requestFrom(address, numBytes)
int TwoWire::peek(void)
{
  return hal_i2c_peek(_i2c, NULL);
   b62f2:	7c00      	ldrb	r0, [r0, #16]
   b62f4:	2100      	movs	r1, #0
   b62f6:	f7fe b92f 	b.w	b4558 <hal_i2c_peek>

000b62fa <_ZN7TwoWire5flushEv>:
}

void TwoWire::flush(void)
{
  hal_i2c_flush(_i2c, NULL);
   b62fa:	7c00      	ldrb	r0, [r0, #16]
   b62fc:	2100      	movs	r1, #0
   b62fe:	f7fe b933 	b.w	b4568 <hal_i2c_flush>

000b6302 <_ZN7TwoWireD0Ev>:
   b6302:	b510      	push	{r4, lr}
   b6304:	2114      	movs	r1, #20
   b6306:	4604      	mov	r4, r0
   b6308:	f7fd fed9 	bl	b40be <_ZdlPvj>
   b630c:	4620      	mov	r0, r4
   b630e:	bd10      	pop	{r4, pc}

000b6310 <_ZN7TwoWireC1E19hal_i2c_interface_tRK16hal_i2c_config_t>:
TwoWire::TwoWire(hal_i2c_interface_t i2c, const hal_i2c_config_t& conf)
   b6310:	b538      	push	{r3, r4, r5, lr}
   b6312:	4604      	mov	r4, r0
   b6314:	4615      	mov	r5, r2
   b6316:	f44f 737a 	mov.w	r3, #1000	; 0x3e8
   b631a:	2200      	movs	r2, #0
   b631c:	e9c4 2301 	strd	r2, r3, [r4, #4]
   b6320:	4b09      	ldr	r3, [pc, #36]	; (b6348 <_ZN7TwoWireC1E19hal_i2c_interface_tRK16hal_i2c_config_t+0x38>)
  _i2c = i2c;
   b6322:	7421      	strb	r1, [r4, #16]
TwoWire::TwoWire(hal_i2c_interface_t i2c, const hal_i2c_config_t& conf)
   b6324:	4608      	mov	r0, r1
   b6326:	6023      	str	r3, [r4, #0]
  int result = hal_i2c_init(_i2c, &conf);
   b6328:	4629      	mov	r1, r5
   b632a:	f7fe f925 	bl	b4578 <hal_i2c_init>
  if (result == SYSTEM_ERROR_NOT_ENOUGH_DATA && 
   b632e:	30bf      	adds	r0, #191	; 0xbf
   b6330:	d108      	bne.n	b6344 <_ZN7TwoWireC1E19hal_i2c_interface_tRK16hal_i2c_config_t+0x34>
      (conf.flags & HAL_I2C_CONFIG_FLAG_FREEABLE)) {
   b6332:	696b      	ldr	r3, [r5, #20]
  if (result == SYSTEM_ERROR_NOT_ENOUGH_DATA && 
   b6334:	07db      	lsls	r3, r3, #31
   b6336:	d505      	bpl.n	b6344 <_ZN7TwoWireC1E19hal_i2c_interface_tRK16hal_i2c_config_t+0x34>
    free(conf.rx_buffer);
   b6338:	6868      	ldr	r0, [r5, #4]
   b633a:	f7fe fa33 	bl	b47a4 <free>
    free(conf.tx_buffer);
   b633e:	68e8      	ldr	r0, [r5, #12]
   b6340:	f7fe fa30 	bl	b47a4 <free>
}
   b6344:	4620      	mov	r0, r4
   b6346:	bd38      	pop	{r3, r4, r5, pc}
   b6348:	000b6be8 	.word	0x000b6be8

000b634c <_ZN7TwoWire17beginTransmissionEh>:
	hal_i2c_begin_transmission(_i2c, address, NULL);
   b634c:	7c00      	ldrb	r0, [r0, #16]
   b634e:	2200      	movs	r2, #0
   b6350:	f7fe b8da 	b.w	b4508 <hal_i2c_begin_transmission>

000b6354 <_ZN7TwoWire15endTransmissionEh>:
	return hal_i2c_end_transmission(_i2c, sendStop, NULL);
   b6354:	7c00      	ldrb	r0, [r0, #16]
   b6356:	2200      	movs	r2, #0
   b6358:	f7fe b8de 	b.w	b4518 <hal_i2c_end_transmission>

000b635c <_ZN7TwoWire15endTransmissionEv>:
  return endTransmission(true);
   b635c:	2101      	movs	r1, #1
   b635e:	f7ff bff9 	b.w	b6354 <_ZN7TwoWire15endTransmissionEh>
	...

000b6364 <_GLOBAL__sub_I__ZN7TwoWireC2E19hal_i2c_interface_tRK16hal_i2c_config_t>:
      : address_{address},
   b6364:	4b05      	ldr	r3, [pc, #20]	; (b637c <_GLOBAL__sub_I__ZN7TwoWireC2E19hal_i2c_interface_tRK16hal_i2c_config_t+0x18>)
        buffer_(nullptr) {
   b6366:	21ff      	movs	r1, #255	; 0xff
   b6368:	2200      	movs	r2, #0
   b636a:	e9c3 1200 	strd	r1, r2, [r3]
   b636e:	2001      	movs	r0, #1
   b6370:	2164      	movs	r1, #100	; 0x64
   b6372:	e9c3 0102 	strd	r0, r1, [r3, #8]
   b6376:	611a      	str	r2, [r3, #16]

namespace particle {
namespace detail {
const WireTransmission WIRE_INVALID_TRANSMISSION(0xff);
} // detail
} // particle
   b6378:	4770      	bx	lr
   b637a:	bf00      	nop
   b637c:	2003dfa4 	.word	0x2003dfa4

000b6380 <_ZN5spark9WiFiClass5readyEv>:
    bool connecting(void) {
        return network_connecting(*this, 0, NULL);
    }

    bool ready(void) {
        return network_ready(*this, 0, NULL);
   b6380:	2200      	movs	r2, #0
   b6382:	6840      	ldr	r0, [r0, #4]
   b6384:	4611      	mov	r1, r2
   b6386:	f7fe b9a5 	b.w	b46d4 <network_ready>

000b638a <_ZN5spark9WiFiClass9listeningEv>:
    uint16_t getListenTimeout(void) {
        return network_get_listen_timeout(*this, 0, NULL);
    }

    bool listening(void) {
        return network_listening(*this, 0, NULL);
   b638a:	2200      	movs	r2, #0
   b638c:	6840      	ldr	r0, [r0, #4]
   b638e:	4611      	mov	r1, r2
   b6390:	f7fe b9c0 	b.w	b4714 <network_listening>

000b6394 <_ZN5spark9WiFiClass16getListenTimeoutEv>:
        return network_get_listen_timeout(*this, 0, NULL);
   b6394:	2200      	movs	r2, #0
   b6396:	6840      	ldr	r0, [r0, #4]
   b6398:	4611      	mov	r1, r2
   b639a:	f7fe b9cb 	b.w	b4734 <network_get_listen_timeout>

000b639e <_ZN5spark9WiFiClass16setListenTimeoutEt>:
        network_set_listen_timeout(*this, timeout, NULL);
   b639e:	6840      	ldr	r0, [r0, #4]
   b63a0:	2200      	movs	r2, #0
   b63a2:	f7fe b9bf 	b.w	b4724 <network_set_listen_timeout>

000b63a6 <_ZN5spark9WiFiClass6listenEb>:
        network_listen(*this, begin ? 0 : 1, NULL);
   b63a6:	6840      	ldr	r0, [r0, #4]
   b63a8:	2200      	movs	r2, #0
   b63aa:	f081 0101 	eor.w	r1, r1, #1
   b63ae:	f7fe b9a9 	b.w	b4704 <network_listen>

000b63b2 <_ZN5spark9WiFiClass3offEv>:
        network_off(*this, 0, 0, NULL);
   b63b2:	2300      	movs	r3, #0
   b63b4:	6840      	ldr	r0, [r0, #4]
   b63b6:	461a      	mov	r2, r3
   b63b8:	4619      	mov	r1, r3
   b63ba:	f7fe b99b 	b.w	b46f4 <network_off>

000b63be <_ZN5spark9WiFiClass2onEv>:
        network_on(*this, 0, 0, NULL);
   b63be:	2300      	movs	r3, #0
   b63c0:	6840      	ldr	r0, [r0, #4]
   b63c2:	461a      	mov	r2, r3
   b63c4:	4619      	mov	r1, r3
   b63c6:	f7fe b98d 	b.w	b46e4 <network_on>

000b63ca <_ZN5spark9WiFiClass10connectingEv>:
        return network_connecting(*this, 0, NULL);
   b63ca:	2200      	movs	r2, #0
   b63cc:	6840      	ldr	r0, [r0, #4]
   b63ce:	4611      	mov	r1, r2
   b63d0:	f7fe b970 	b.w	b46b4 <network_connecting>

000b63d4 <_ZN5spark9WiFiClass10disconnectEv>:
        network_disconnect(*this, NETWORK_DISCONNECT_REASON_USER, NULL);
   b63d4:	6840      	ldr	r0, [r0, #4]
   b63d6:	2200      	movs	r2, #0
   b63d8:	2102      	movs	r1, #2
   b63da:	f7fe b973 	b.w	b46c4 <network_disconnect>

000b63de <_ZN5spark9WiFiClass7connectEj>:
        network_connect(*this, flags, 0, NULL);
   b63de:	2300      	movs	r3, #0
   b63e0:	6840      	ldr	r0, [r0, #4]
   b63e2:	461a      	mov	r2, r3
   b63e4:	f7fe b95e 	b.w	b46a4 <network_connect>

000b63e8 <_GLOBAL__sub_I__ZN10WiFiSignalC2ERK21wlan_connected_info_t>:
   b63e8:	4b02      	ldr	r3, [pc, #8]	; (b63f4 <_GLOBAL__sub_I__ZN10WiFiSignalC2ERK21wlan_connected_info_t+0xc>)
   b63ea:	2204      	movs	r2, #4
   b63ec:	605a      	str	r2, [r3, #4]
            NetworkClass(NETWORK_INTERFACE_WIFI_STA) {
   b63ee:	4a02      	ldr	r2, [pc, #8]	; (b63f8 <_GLOBAL__sub_I__ZN10WiFiSignalC2ERK21wlan_connected_info_t+0x10>)
   b63f0:	601a      	str	r2, [r3, #0]
the same way.
*****************************************************************************/

    WiFiClass WiFi;
    // NetworkClass& Network = WiFi;
}
   b63f2:	4770      	bx	lr
   b63f4:	2003dfb8 	.word	0x2003dfb8
   b63f8:	000b6c14 	.word	0x000b6c14

000b63fc <_ZN5spark12NetworkClass7connectEj>:
        return Network;
    }
}

void NetworkClass::connect(unsigned flags) {
    network_connect(*this, flags, 0, nullptr);
   b63fc:	2300      	movs	r3, #0
   b63fe:	6840      	ldr	r0, [r0, #4]
   b6400:	461a      	mov	r2, r3
   b6402:	f7fe b94f 	b.w	b46a4 <network_connect>

000b6406 <_ZN5spark12NetworkClass10disconnectEv>:
}

void NetworkClass::disconnect() {
    network_disconnect(*this, NETWORK_DISCONNECT_REASON_USER, nullptr);
   b6406:	6840      	ldr	r0, [r0, #4]
   b6408:	2200      	movs	r2, #0
   b640a:	2102      	movs	r1, #2
   b640c:	f7fe b95a 	b.w	b46c4 <network_disconnect>

000b6410 <_ZN5spark12NetworkClass10connectingEv>:
}

bool NetworkClass::connecting() {
    return network_connecting(*this, 0, nullptr);
   b6410:	2200      	movs	r2, #0
   b6412:	6840      	ldr	r0, [r0, #4]
   b6414:	4611      	mov	r1, r2
   b6416:	f7fe b94d 	b.w	b46b4 <network_connecting>

000b641a <_ZN5spark12NetworkClass5readyEv>:
}

bool NetworkClass::ready() {
    return network_ready(*this, 0, nullptr);
   b641a:	2200      	movs	r2, #0
   b641c:	6840      	ldr	r0, [r0, #4]
   b641e:	4611      	mov	r1, r2
   b6420:	f7fe b958 	b.w	b46d4 <network_ready>

000b6424 <_ZN5spark12NetworkClass2onEv>:
}

void NetworkClass::on() {
    network_on(*this, 0, 0, nullptr);
   b6424:	2300      	movs	r3, #0
   b6426:	6840      	ldr	r0, [r0, #4]
   b6428:	461a      	mov	r2, r3
   b642a:	4619      	mov	r1, r3
   b642c:	f7fe b95a 	b.w	b46e4 <network_on>

000b6430 <_ZN5spark12NetworkClass3offEv>:
}

void NetworkClass::off() {
    network_off(*this, 0, 0, nullptr);
   b6430:	2300      	movs	r3, #0
   b6432:	6840      	ldr	r0, [r0, #4]
   b6434:	461a      	mov	r2, r3
   b6436:	4619      	mov	r1, r3
   b6438:	f7fe b95c 	b.w	b46f4 <network_off>

000b643c <_ZN5spark12NetworkClass4isOnEv>:
}

bool NetworkClass::isOn() {
    return network_is_on(*this, nullptr);
   b643c:	6840      	ldr	r0, [r0, #4]
   b643e:	2100      	movs	r1, #0
   b6440:	f7fe b980 	b.w	b4744 <network_is_on>

000b6444 <_ZN5spark12NetworkClass5isOffEv>:
}

bool NetworkClass::isOff() {
    return network_is_off(*this, nullptr);
   b6444:	6840      	ldr	r0, [r0, #4]
   b6446:	2100      	movs	r1, #0
   b6448:	f7fe b984 	b.w	b4754 <network_is_off>

000b644c <_ZN5spark12NetworkClass6listenEb>:
}

void NetworkClass::listen(bool begin) {
    network_listen(*this, begin ? 0 : 1, nullptr);
   b644c:	6840      	ldr	r0, [r0, #4]
   b644e:	2200      	movs	r2, #0
   b6450:	f081 0101 	eor.w	r1, r1, #1
   b6454:	f7fe b956 	b.w	b4704 <network_listen>

000b6458 <_ZN5spark12NetworkClass16setListenTimeoutEt>:
}

void NetworkClass::setListenTimeout(uint16_t timeout) {
    network_set_listen_timeout(*this, timeout, nullptr);
   b6458:	6840      	ldr	r0, [r0, #4]
   b645a:	2200      	movs	r2, #0
   b645c:	f7fe b962 	b.w	b4724 <network_set_listen_timeout>

000b6460 <_ZN5spark12NetworkClass16getListenTimeoutEv>:
}

uint16_t NetworkClass::getListenTimeout() {
    return network_get_listen_timeout(*this, 0, nullptr);
   b6460:	2200      	movs	r2, #0
   b6462:	6840      	ldr	r0, [r0, #4]
   b6464:	4611      	mov	r1, r2
   b6466:	f7fe b965 	b.w	b4734 <network_get_listen_timeout>

000b646a <_ZN5spark12NetworkClass9listeningEv>:
}

bool NetworkClass::listening() {
    return network_listening(*this, 0, nullptr);
   b646a:	2200      	movs	r2, #0
   b646c:	6840      	ldr	r0, [r0, #4]
   b646e:	4611      	mov	r1, r2
   b6470:	f7fe b950 	b.w	b4714 <network_listening>

000b6474 <_ZN5spark12NetworkClass11isPreferredEv>:
    network_handle_t network = network_prefer(*this, prefer, nullptr);
    return Network.from(network);
}

bool NetworkClass::isPreferred() {
    return network_is_preferred(*this, nullptr);
   b6474:	6840      	ldr	r0, [r0, #4]
   b6476:	2100      	movs	r1, #0
   b6478:	f7fe b97c 	b.w	b4774 <network_is_preferred>

000b647c <_ZN5spark12NetworkClass7resolveEPKcb>:
}

IPAddress NetworkClass::resolve(const char* name, bool flushCache) {
   b647c:	e92d 43f0 	stmdb	sp!, {r4, r5, r6, r7, r8, r9, lr}
    IPAddress addr;
#if HAL_USE_INET_HAL_POSIX
    struct addrinfo *ai = nullptr;
   b6480:	2600      	movs	r6, #0
IPAddress NetworkClass::resolve(const char* name, bool flushCache) {
   b6482:	b099      	sub	sp, #100	; 0x64
   b6484:	460d      	mov	r5, r1
   b6486:	4614      	mov	r4, r2
   b6488:	4698      	mov	r8, r3
   b648a:	4607      	mov	r7, r0
    IPAddress addr;
   b648c:	f7ff fc1a 	bl	b5cc4 <_ZN9IPAddressC1Ev>
    struct addrinfo hints = {};
   b6490:	221c      	movs	r2, #28
   b6492:	4631      	mov	r1, r6
   b6494:	a811      	add	r0, sp, #68	; 0x44
    struct addrinfo *ai = nullptr;
   b6496:	9603      	str	r6, [sp, #12]
    struct addrinfo hints = {};
   b6498:	f000 f948 	bl	b672c <memset>
    hints.ai_flags = AI_ADDRCONFIG;
    if (flushCache) {
   b649c:	f1b8 0f00 	cmp.w	r8, #0
   b64a0:	d12c      	bne.n	b64fc <_ZN5spark12NetworkClass7resolveEPKcb+0x80>
    hints.ai_flags = AI_ADDRCONFIG;
   b64a2:	2340      	movs	r3, #64	; 0x40
        return iface_;
   b64a4:	6868      	ldr	r0, [r5, #4]
        hints.ai_flags |= AI_FLUSHCACHE;
   b64a6:	9310      	str	r3, [sp, #64]	; 0x40
    }
    hints.ai_family = AF_UNSPEC;
    if_t iface = nullptr;
   b64a8:	9604      	str	r6, [sp, #16]
    if ((network_interface_t)*this != NETWORK_INTERFACE_ALL) {
   b64aa:	b118      	cbz	r0, b64b4 <_ZN5spark12NetworkClass7resolveEPKcb+0x38>
        if_get_by_index((network_interface_t)*this, &iface);
   b64ac:	a904      	add	r1, sp, #16
   b64ae:	b2c0      	uxtb	r0, r0
   b64b0:	f7fd ffa2 	bl	b43f8 <if_get_by_index>
    }
    const int r = netdb_getaddrinfo_ex(name, nullptr, &hints, &ai, iface);
   b64b4:	9b04      	ldr	r3, [sp, #16]
   b64b6:	9300      	str	r3, [sp, #0]
   b64b8:	4620      	mov	r0, r4
   b64ba:	ab03      	add	r3, sp, #12
   b64bc:	aa10      	add	r2, sp, #64	; 0x40
   b64be:	2100      	movs	r1, #0
   b64c0:	f7fd ff92 	bl	b43e8 <netdb_getaddrinfo_ex>
    if (!r) {
   b64c4:	4604      	mov	r4, r0
   b64c6:	2800      	cmp	r0, #0
   b64c8:	d14d      	bne.n	b6566 <_ZN5spark12NetworkClass7resolveEPKcb+0xea>
        bool ok = false;
        // This is not really needed if AI_ADDRCONFIG is properly supported
        bool ipv4 = network_ready(*this, NETWORK_READY_TYPE_IPV4, nullptr);
   b64ca:	4602      	mov	r2, r0
   b64cc:	2101      	movs	r1, #1
   b64ce:	6868      	ldr	r0, [r5, #4]
   b64d0:	f7fe f900 	bl	b46d4 <network_ready>
        bool ipv6 = network_ready(*this, NETWORK_READY_TYPE_IPV6, nullptr);
   b64d4:	2102      	movs	r1, #2
        bool ipv4 = network_ready(*this, NETWORK_READY_TYPE_IPV4, nullptr);
   b64d6:	4680      	mov	r8, r0
        bool ipv6 = network_ready(*this, NETWORK_READY_TYPE_IPV6, nullptr);
   b64d8:	4622      	mov	r2, r4
   b64da:	6868      	ldr	r0, [r5, #4]
   b64dc:	f7fe f8fa 	bl	b46d4 <network_ready>
        for (auto cur = ai; cur != nullptr && !ok; cur = cur->ai_next) {
   b64e0:	9e03      	ldr	r6, [sp, #12]
        bool ipv6 = network_ready(*this, NETWORK_READY_TYPE_IPV6, nullptr);
   b64e2:	4681      	mov	r9, r0
        bool ok = false;
   b64e4:	4621      	mov	r1, r4
        for (auto cur = ai; cur != nullptr && !ok; cur = cur->ai_next) {
   b64e6:	2e00      	cmp	r6, #0
   b64e8:	d03d      	beq.n	b6566 <_ZN5spark12NetworkClass7resolveEPKcb+0xea>
   b64ea:	2900      	cmp	r1, #0
   b64ec:	d13b      	bne.n	b6566 <_ZN5spark12NetworkClass7resolveEPKcb+0xea>
            // NOTE: using only the first entry that matches the current state of IPv4/IPv6 connectivity
            switch (cur->ai_family) {
   b64ee:	6873      	ldr	r3, [r6, #4]
   b64f0:	2b02      	cmp	r3, #2
   b64f2:	d005      	beq.n	b6500 <_ZN5spark12NetworkClass7resolveEPKcb+0x84>
   b64f4:	2b0a      	cmp	r3, #10
   b64f6:	d013      	beq.n	b6520 <_ZN5spark12NetworkClass7resolveEPKcb+0xa4>
        for (auto cur = ai; cur != nullptr && !ok; cur = cur->ai_next) {
   b64f8:	69f6      	ldr	r6, [r6, #28]
   b64fa:	e7f4      	b.n	b64e6 <_ZN5spark12NetworkClass7resolveEPKcb+0x6a>
        hints.ai_flags |= AI_FLUSHCACHE;
   b64fc:	4b1d      	ldr	r3, [pc, #116]	; (b6574 <_ZN5spark12NetworkClass7resolveEPKcb+0xf8>)
   b64fe:	e7d1      	b.n	b64a4 <_ZN5spark12NetworkClass7resolveEPKcb+0x28>
                case AF_INET: {
                    if (!ipv4) {
   b6500:	f1b8 0f00 	cmp.w	r8, #0
   b6504:	d0f8      	beq.n	b64f8 <_ZN5spark12NetworkClass7resolveEPKcb+0x7c>
                        continue;
                    }
                    // NOTE: HAL_IPAddress is little-endian
                    auto in = (struct sockaddr_in*)cur->ai_addr;
                    addr = (const uint8_t*)(&in->sin_addr.s_addr);
   b6506:	6971      	ldr	r1, [r6, #20]
        return *this = IPAddress(address);
   b6508:	a80a      	add	r0, sp, #40	; 0x28
   b650a:	3104      	adds	r1, #4
class IPAddress : public Printable {
   b650c:	ad0b      	add	r5, sp, #44	; 0x2c
        return *this = IPAddress(address);
   b650e:	f7ff fc07 	bl	b5d20 <_ZN9IPAddressC1EPKh>
class IPAddress : public Printable {
   b6512:	cd0f      	ldmia	r5!, {r0, r1, r2, r3}
   b6514:	1d3c      	adds	r4, r7, #4
   b6516:	c40f      	stmia	r4!, {r0, r1, r2, r3}
   b6518:	682b      	ldr	r3, [r5, #0]
   b651a:	7023      	strb	r3, [r4, #0]
                    ok = true;
   b651c:	4641      	mov	r1, r8
        return *this = IPAddress(address);
   b651e:	e7eb      	b.n	b64f8 <_ZN5spark12NetworkClass7resolveEPKcb+0x7c>
                    break;
                }
                case AF_INET6: {
                    if (!ipv6) {
   b6520:	f1b9 0f00 	cmp.w	r9, #0
   b6524:	d0e8      	beq.n	b64f8 <_ZN5spark12NetworkClass7resolveEPKcb+0x7c>
                        continue;
                    }
                    auto in6 = (struct sockaddr_in6*)cur->ai_addr;
   b6526:	6974      	ldr	r4, [r6, #20]
                    HAL_IPAddress a = {};
   b6528:	2210      	movs	r2, #16
   b652a:	a805      	add	r0, sp, #20
   b652c:	f000 f8fe 	bl	b672c <memset>
                    a.v = 6;
   b6530:	2306      	movs	r3, #6
   b6532:	f88d 3024 	strb.w	r3, [sp, #36]	; 0x24
                    memcpy(a.ipv6, in6->sin6_addr.s6_addr, sizeof(a.ipv6));
   b6536:	ad05      	add	r5, sp, #20
   b6538:	f104 0308 	add.w	r3, r4, #8
   b653c:	3418      	adds	r4, #24
   b653e:	6818      	ldr	r0, [r3, #0]
   b6540:	6859      	ldr	r1, [r3, #4]
   b6542:	462a      	mov	r2, r5
   b6544:	c203      	stmia	r2!, {r0, r1}
   b6546:	3308      	adds	r3, #8
   b6548:	42a3      	cmp	r3, r4
   b654a:	4615      	mov	r5, r2
   b654c:	d1f7      	bne.n	b653e <_ZN5spark12NetworkClass7resolveEPKcb+0xc2>
                    addr = IPAddress(a);
   b654e:	a905      	add	r1, sp, #20
   b6550:	a80a      	add	r0, sp, #40	; 0x28
class IPAddress : public Printable {
   b6552:	ad0b      	add	r5, sp, #44	; 0x2c
   b6554:	f7ff fbc4 	bl	b5ce0 <_ZN9IPAddressC1ERK16_HAL_IPAddress_t>
   b6558:	cd0f      	ldmia	r5!, {r0, r1, r2, r3}
   b655a:	1d3c      	adds	r4, r7, #4
   b655c:	c40f      	stmia	r4!, {r0, r1, r2, r3}
   b655e:	682b      	ldr	r3, [r5, #0]
   b6560:	7023      	strb	r3, [r4, #0]
                    ok = true;
   b6562:	4649      	mov	r1, r9
   b6564:	e7c8      	b.n	b64f8 <_ZN5spark12NetworkClass7resolveEPKcb+0x7c>
                    break;
                }
            }
        }
    }
    freeaddrinfo(ai);
   b6566:	9803      	ldr	r0, [sp, #12]
   b6568:	f7fd ff36 	bl	b43d8 <netdb_freeaddrinfo>
    return Cellular.resolve(name);
#endif // Wiring_Cellular

#endif // HAL_USE_INET_HAL_POSIX
    return addr;
}
   b656c:	4638      	mov	r0, r7
   b656e:	b019      	add	sp, #100	; 0x64
   b6570:	e8bd 83f0 	ldmia.w	sp!, {r4, r5, r6, r7, r8, r9, pc}
   b6574:	40000040 	.word	0x40000040

000b6578 <_ZN5spark12NetworkClass4fromEm>:
    switch (nif) {
   b6578:	3803      	subs	r0, #3
   b657a:	2802      	cmp	r0, #2
   b657c:	bf9a      	itte	ls
   b657e:	4b02      	ldrls	r3, [pc, #8]	; (b6588 <_ZN5spark12NetworkClass4fromEm+0x10>)
   b6580:	f853 0020 	ldrls.w	r0, [r3, r0, lsl #2]
NetworkClass& NetworkClass::from(network_interface_t nif) {
   b6584:	4801      	ldrhi	r0, [pc, #4]	; (b658c <_ZN5spark12NetworkClass4fromEm+0x14>)
}
   b6586:	4770      	bx	lr
   b6588:	000b6c50 	.word	0x000b6c50
   b658c:	2003dfc0 	.word	0x2003dfc0

000b6590 <_ZN5spark12NetworkClass6preferEb>:
NetworkClass& NetworkClass::prefer(bool prefer) {
   b6590:	b508      	push	{r3, lr}
    network_handle_t network = network_prefer(*this, prefer, nullptr);
   b6592:	2200      	movs	r2, #0
   b6594:	6840      	ldr	r0, [r0, #4]
   b6596:	f7fe f8e5 	bl	b4764 <network_prefer>
}
   b659a:	e8bd 4008 	ldmia.w	sp!, {r3, lr}
    return Network.from(network);
   b659e:	f7ff bfeb 	b.w	b6578 <_ZN5spark12NetworkClass4fromEm>
	...

000b65a4 <_GLOBAL__sub_I__ZN5spark7NetworkE>:
            : iface_(iface) {
   b65a4:	4b02      	ldr	r3, [pc, #8]	; (b65b0 <_GLOBAL__sub_I__ZN5spark7NetworkE+0xc>)
   b65a6:	4a03      	ldr	r2, [pc, #12]	; (b65b4 <_GLOBAL__sub_I__ZN5spark7NetworkE+0x10>)
   b65a8:	601a      	str	r2, [r3, #0]
   b65aa:	2200      	movs	r2, #0
   b65ac:	605a      	str	r2, [r3, #4]
    network_free_configuration(c, count, nullptr);
    return res;
}
#endif // HAL_USE_SOCKET_HAL_POSIX

} // spark
   b65ae:	4770      	bx	lr
   b65b0:	2003dfc0 	.word	0x2003dfc0
   b65b4:	000b6c64 	.word	0x000b6c64

000b65b8 <__tcf_0>:
}
#endif

USARTSerial& __fetch_global_Serial1()
{
    static USARTSerial serial1(HAL_USART_SERIAL1, acquireSerial1Buffer());
   b65b8:	4770      	bx	lr
	...

000b65bc <_Z20acquireSerial1Bufferv>:
{
   b65bc:	b538      	push	{r3, r4, r5, lr}
   b65be:	4604      	mov	r4, r0
    hal_usart_buffer_config_t config = {
   b65c0:	2514      	movs	r5, #20
   b65c2:	462a      	mov	r2, r5
   b65c4:	2100      	movs	r1, #0
   b65c6:	f000 f8b1 	bl	b672c <memset>
   b65ca:	8025      	strh	r5, [r4, #0]
   b65cc:	2540      	movs	r5, #64	; 0x40
        .rx_buffer = new (std::nothrow) uint8_t[bufferSize],
   b65ce:	4907      	ldr	r1, [pc, #28]	; (b65ec <_Z20acquireSerial1Bufferv+0x30>)
    hal_usart_buffer_config_t config = {
   b65d0:	8125      	strh	r5, [r4, #8]
        .rx_buffer = new (std::nothrow) uint8_t[bufferSize],
   b65d2:	4628      	mov	r0, r5
    hal_usart_buffer_config_t config = {
   b65d4:	8225      	strh	r5, [r4, #16]
        .rx_buffer = new (std::nothrow) uint8_t[bufferSize],
   b65d6:	f000 f871 	bl	b66bc <_ZnajRKSt9nothrow_t>
        .tx_buffer = new (std::nothrow) uint8_t[bufferSize],
   b65da:	4904      	ldr	r1, [pc, #16]	; (b65ec <_Z20acquireSerial1Bufferv+0x30>)
    };
   b65dc:	6060      	str	r0, [r4, #4]
        .tx_buffer = new (std::nothrow) uint8_t[bufferSize],
   b65de:	4628      	mov	r0, r5
   b65e0:	f000 f86c 	bl	b66bc <_ZnajRKSt9nothrow_t>
    };
   b65e4:	60e0      	str	r0, [r4, #12]
}
   b65e6:	4620      	mov	r0, r4
   b65e8:	bd38      	pop	{r3, r4, r5, pc}
   b65ea:	bf00      	nop
   b65ec:	000b6ca0 	.word	0x000b6ca0

000b65f0 <_Z22__fetch_global_Serial1v>:
{
   b65f0:	b530      	push	{r4, r5, lr}
    static USARTSerial serial1(HAL_USART_SERIAL1, acquireSerial1Buffer());
   b65f2:	4d0e      	ldr	r5, [pc, #56]	; (b662c <_Z22__fetch_global_Serial1v+0x3c>)
   b65f4:	7829      	ldrb	r1, [r5, #0]
   b65f6:	f3bf 8f5b 	dmb	ish
   b65fa:	f011 0401 	ands.w	r4, r1, #1
{
   b65fe:	b087      	sub	sp, #28
    static USARTSerial serial1(HAL_USART_SERIAL1, acquireSerial1Buffer());
   b6600:	d111      	bne.n	b6626 <_Z22__fetch_global_Serial1v+0x36>
   b6602:	4628      	mov	r0, r5
   b6604:	f7fe f906 	bl	b4814 <__cxa_guard_acquire>
   b6608:	b168      	cbz	r0, b6626 <_Z22__fetch_global_Serial1v+0x36>
   b660a:	a801      	add	r0, sp, #4
   b660c:	f7ff ffd6 	bl	b65bc <_Z20acquireSerial1Bufferv>
   b6610:	aa01      	add	r2, sp, #4
   b6612:	4621      	mov	r1, r4
   b6614:	4806      	ldr	r0, [pc, #24]	; (b6630 <_Z22__fetch_global_Serial1v+0x40>)
   b6616:	f7ff fe31 	bl	b627c <_ZN11USARTSerialC1E21hal_usart_interface_tRK25hal_usart_buffer_config_t>
   b661a:	4628      	mov	r0, r5
   b661c:	f7fe f902 	bl	b4824 <__cxa_guard_release>
   b6620:	4804      	ldr	r0, [pc, #16]	; (b6634 <_Z22__fetch_global_Serial1v+0x44>)
   b6622:	f000 f84d 	bl	b66c0 <atexit>
    return serial1;
}
   b6626:	4802      	ldr	r0, [pc, #8]	; (b6630 <_Z22__fetch_global_Serial1v+0x40>)
   b6628:	b007      	add	sp, #28
   b662a:	bd30      	pop	{r4, r5, pc}
   b662c:	2003dfc8 	.word	0x2003dfc8
   b6630:	2003dfcc 	.word	0x2003dfcc
   b6634:	000b65b9 	.word	0x000b65b9

000b6638 <__tcf_0>:
}
#endif

TwoWire& __fetch_global_Wire()
{
	static TwoWire wire(HAL_I2C_INTERFACE1, acquireWireBuffer());
   b6638:	4770      	bx	lr
	...

000b663c <_Z17acquireWireBufferv>:
{
   b663c:	b538      	push	{r3, r4, r5, lr}
	hal_i2c_config_t config = {
   b663e:	4b0a      	ldr	r3, [pc, #40]	; (b6668 <_Z17acquireWireBufferv+0x2c>)
   b6640:	6003      	str	r3, [r0, #0]
   b6642:	2301      	movs	r3, #1
{
   b6644:	4604      	mov	r4, r0
	hal_i2c_config_t config = {
   b6646:	6143      	str	r3, [r0, #20]
		.rx_buffer = new (std::nothrow) uint8_t[i2c_buffer_size],
   b6648:	4908      	ldr	r1, [pc, #32]	; (b666c <_Z17acquireWireBufferv+0x30>)
   b664a:	2020      	movs	r0, #32
   b664c:	f000 f836 	bl	b66bc <_ZnajRKSt9nothrow_t>
	};
   b6650:	2520      	movs	r5, #32
   b6652:	6060      	str	r0, [r4, #4]
		.tx_buffer = new (std::nothrow) uint8_t[i2c_buffer_size],
   b6654:	4905      	ldr	r1, [pc, #20]	; (b666c <_Z17acquireWireBufferv+0x30>)
	};
   b6656:	60a5      	str	r5, [r4, #8]
		.tx_buffer = new (std::nothrow) uint8_t[i2c_buffer_size],
   b6658:	4628      	mov	r0, r5
   b665a:	f000 f82f 	bl	b66bc <_ZnajRKSt9nothrow_t>
	};
   b665e:	e9c4 0503 	strd	r0, r5, [r4, #12]
}
   b6662:	4620      	mov	r0, r4
   b6664:	bd38      	pop	{r3, r4, r5, pc}
   b6666:	bf00      	nop
   b6668:	00010018 	.word	0x00010018
   b666c:	000b6ca0 	.word	0x000b6ca0

000b6670 <_Z19__fetch_global_Wirev>:
{
   b6670:	b530      	push	{r4, r5, lr}
	static TwoWire wire(HAL_I2C_INTERFACE1, acquireWireBuffer());
   b6672:	4d0e      	ldr	r5, [pc, #56]	; (b66ac <_Z19__fetch_global_Wirev+0x3c>)
   b6674:	7829      	ldrb	r1, [r5, #0]
   b6676:	f3bf 8f5b 	dmb	ish
   b667a:	f011 0401 	ands.w	r4, r1, #1
{
   b667e:	b087      	sub	sp, #28
	static TwoWire wire(HAL_I2C_INTERFACE1, acquireWireBuffer());
   b6680:	d111      	bne.n	b66a6 <_Z19__fetch_global_Wirev+0x36>
   b6682:	4628      	mov	r0, r5
   b6684:	f7fe f8c6 	bl	b4814 <__cxa_guard_acquire>
   b6688:	b168      	cbz	r0, b66a6 <_Z19__fetch_global_Wirev+0x36>
   b668a:	4668      	mov	r0, sp
   b668c:	f7ff ffd6 	bl	b663c <_Z17acquireWireBufferv>
   b6690:	466a      	mov	r2, sp
   b6692:	4621      	mov	r1, r4
   b6694:	4806      	ldr	r0, [pc, #24]	; (b66b0 <_Z19__fetch_global_Wirev+0x40>)
   b6696:	f7ff fe3b 	bl	b6310 <_ZN7TwoWireC1E19hal_i2c_interface_tRK16hal_i2c_config_t>
   b669a:	4628      	mov	r0, r5
   b669c:	f7fe f8c2 	bl	b4824 <__cxa_guard_release>
   b66a0:	4804      	ldr	r0, [pc, #16]	; (b66b4 <_Z19__fetch_global_Wirev+0x44>)
   b66a2:	f000 f80d 	bl	b66c0 <atexit>
	return wire;
}
   b66a6:	4802      	ldr	r0, [pc, #8]	; (b66b0 <_Z19__fetch_global_Wirev+0x40>)
   b66a8:	b007      	add	sp, #28
   b66aa:	bd30      	pop	{r4, r5, pc}
   b66ac:	2003dfe4 	.word	0x2003dfe4
   b66b0:	2003dfe8 	.word	0x2003dfe8
   b66b4:	000b6639 	.word	0x000b6639

000b66b8 <_ZnwjRKSt9nothrow_t>:
   b66b8:	f7fd bcfd 	b.w	b40b6 <_Znwj>

000b66bc <_ZnajRKSt9nothrow_t>:
   b66bc:	f7fd bcfd 	b.w	b40ba <_Znaj>

000b66c0 <atexit>:
   b66c0:	2300      	movs	r3, #0
   b66c2:	4601      	mov	r1, r0
   b66c4:	461a      	mov	r2, r3
   b66c6:	4618      	mov	r0, r3
   b66c8:	f7fd bd14 	b.w	b40f4 <__register_exitproc>

000b66cc <isprint>:
   b66cc:	4b02      	ldr	r3, [pc, #8]	; (b66d8 <isprint+0xc>)
   b66ce:	4418      	add	r0, r3
   b66d0:	7840      	ldrb	r0, [r0, #1]
   b66d2:	f000 0097 	and.w	r0, r0, #151	; 0x97
   b66d6:	4770      	bx	lr
   b66d8:	000b6d35 	.word	0x000b6d35

000b66dc <memcpy>:
   b66dc:	440a      	add	r2, r1
   b66de:	4291      	cmp	r1, r2
   b66e0:	f100 33ff 	add.w	r3, r0, #4294967295
   b66e4:	d100      	bne.n	b66e8 <memcpy+0xc>
   b66e6:	4770      	bx	lr
   b66e8:	b510      	push	{r4, lr}
   b66ea:	f811 4b01 	ldrb.w	r4, [r1], #1
   b66ee:	f803 4f01 	strb.w	r4, [r3, #1]!
   b66f2:	4291      	cmp	r1, r2
   b66f4:	d1f9      	bne.n	b66ea <memcpy+0xe>
   b66f6:	bd10      	pop	{r4, pc}

000b66f8 <memmove>:
   b66f8:	4288      	cmp	r0, r1
   b66fa:	b510      	push	{r4, lr}
   b66fc:	eb01 0402 	add.w	r4, r1, r2
   b6700:	d902      	bls.n	b6708 <memmove+0x10>
   b6702:	4284      	cmp	r4, r0
   b6704:	4623      	mov	r3, r4
   b6706:	d807      	bhi.n	b6718 <memmove+0x20>
   b6708:	1e43      	subs	r3, r0, #1
   b670a:	42a1      	cmp	r1, r4
   b670c:	d008      	beq.n	b6720 <memmove+0x28>
   b670e:	f811 2b01 	ldrb.w	r2, [r1], #1
   b6712:	f803 2f01 	strb.w	r2, [r3, #1]!
   b6716:	e7f8      	b.n	b670a <memmove+0x12>
   b6718:	4402      	add	r2, r0
   b671a:	4601      	mov	r1, r0
   b671c:	428a      	cmp	r2, r1
   b671e:	d100      	bne.n	b6722 <memmove+0x2a>
   b6720:	bd10      	pop	{r4, pc}
   b6722:	f813 4d01 	ldrb.w	r4, [r3, #-1]!
   b6726:	f802 4d01 	strb.w	r4, [r2, #-1]!
   b672a:	e7f7      	b.n	b671c <memmove+0x24>

000b672c <memset>:
   b672c:	4402      	add	r2, r0
   b672e:	4603      	mov	r3, r0
   b6730:	4293      	cmp	r3, r2
   b6732:	d100      	bne.n	b6736 <memset+0xa>
   b6734:	4770      	bx	lr
   b6736:	f803 1b01 	strb.w	r1, [r3], #1
   b673a:	e7f9      	b.n	b6730 <memset+0x4>

000b673c <srand>:
   b673c:	b538      	push	{r3, r4, r5, lr}
   b673e:	4b10      	ldr	r3, [pc, #64]	; (b6780 <srand+0x44>)
   b6740:	681d      	ldr	r5, [r3, #0]
   b6742:	6bab      	ldr	r3, [r5, #56]	; 0x38
   b6744:	4604      	mov	r4, r0
   b6746:	b9b3      	cbnz	r3, b6776 <srand+0x3a>
   b6748:	2018      	movs	r0, #24
   b674a:	f7fe f823 	bl	b4794 <malloc>
   b674e:	4602      	mov	r2, r0
   b6750:	63a8      	str	r0, [r5, #56]	; 0x38
   b6752:	b920      	cbnz	r0, b675e <srand+0x22>
   b6754:	4b0b      	ldr	r3, [pc, #44]	; (b6784 <srand+0x48>)
   b6756:	480c      	ldr	r0, [pc, #48]	; (b6788 <srand+0x4c>)
   b6758:	2142      	movs	r1, #66	; 0x42
   b675a:	f7fe f84b 	bl	b47f4 <__assert_func>
   b675e:	490b      	ldr	r1, [pc, #44]	; (b678c <srand+0x50>)
   b6760:	4b0b      	ldr	r3, [pc, #44]	; (b6790 <srand+0x54>)
   b6762:	e9c0 1300 	strd	r1, r3, [r0]
   b6766:	4b0b      	ldr	r3, [pc, #44]	; (b6794 <srand+0x58>)
   b6768:	6083      	str	r3, [r0, #8]
   b676a:	230b      	movs	r3, #11
   b676c:	8183      	strh	r3, [r0, #12]
   b676e:	2100      	movs	r1, #0
   b6770:	2001      	movs	r0, #1
   b6772:	e9c2 0104 	strd	r0, r1, [r2, #16]
   b6776:	6bab      	ldr	r3, [r5, #56]	; 0x38
   b6778:	2200      	movs	r2, #0
   b677a:	611c      	str	r4, [r3, #16]
   b677c:	615a      	str	r2, [r3, #20]
   b677e:	bd38      	pop	{r3, r4, r5, pc}
   b6780:	2003de7c 	.word	0x2003de7c
   b6784:	000b6ca1 	.word	0x000b6ca1
   b6788:	000b6cb8 	.word	0x000b6cb8
   b678c:	abcd330e 	.word	0xabcd330e
   b6790:	e66d1234 	.word	0xe66d1234
   b6794:	0005deec 	.word	0x0005deec

000b6798 <strchr>:
   b6798:	b2c9      	uxtb	r1, r1
   b679a:	4603      	mov	r3, r0
   b679c:	f810 2b01 	ldrb.w	r2, [r0], #1
   b67a0:	b11a      	cbz	r2, b67aa <strchr+0x12>
   b67a2:	428a      	cmp	r2, r1
   b67a4:	d1f9      	bne.n	b679a <strchr+0x2>
   b67a6:	4618      	mov	r0, r3
   b67a8:	4770      	bx	lr
   b67aa:	2900      	cmp	r1, #0
   b67ac:	bf18      	it	ne
   b67ae:	2300      	movne	r3, #0
   b67b0:	e7f9      	b.n	b67a6 <strchr+0xe>

000b67b2 <strchrnul>:
   b67b2:	b510      	push	{r4, lr}
   b67b4:	4604      	mov	r4, r0
   b67b6:	f7ff ffef 	bl	b6798 <strchr>
   b67ba:	b918      	cbnz	r0, b67c4 <strchrnul+0x12>
   b67bc:	4620      	mov	r0, r4
   b67be:	f7fd fc37 	bl	b4030 <strlen>
   b67c2:	4420      	add	r0, r4
   b67c4:	bd10      	pop	{r4, pc}

000b67c6 <strcpy>:
   b67c6:	4603      	mov	r3, r0
   b67c8:	f811 2b01 	ldrb.w	r2, [r1], #1
   b67cc:	f803 2b01 	strb.w	r2, [r3], #1
   b67d0:	2a00      	cmp	r2, #0
   b67d2:	d1f9      	bne.n	b67c8 <strcpy+0x2>
   b67d4:	4770      	bx	lr

000b67d6 <strncmp>:
   b67d6:	b510      	push	{r4, lr}
   b67d8:	b17a      	cbz	r2, b67fa <strncmp+0x24>
   b67da:	4603      	mov	r3, r0
   b67dc:	3901      	subs	r1, #1
   b67de:	1884      	adds	r4, r0, r2
   b67e0:	f813 0b01 	ldrb.w	r0, [r3], #1
   b67e4:	f811 2f01 	ldrb.w	r2, [r1, #1]!
   b67e8:	4290      	cmp	r0, r2
   b67ea:	d101      	bne.n	b67f0 <strncmp+0x1a>
   b67ec:	42a3      	cmp	r3, r4
   b67ee:	d101      	bne.n	b67f4 <strncmp+0x1e>
   b67f0:	1a80      	subs	r0, r0, r2
   b67f2:	bd10      	pop	{r4, pc}
   b67f4:	2800      	cmp	r0, #0
   b67f6:	d1f3      	bne.n	b67e0 <strncmp+0xa>
   b67f8:	e7fa      	b.n	b67f0 <strncmp+0x1a>
   b67fa:	4610      	mov	r0, r2
   b67fc:	e7f9      	b.n	b67f2 <strncmp+0x1c>

000b67fe <strrchr>:
   b67fe:	b538      	push	{r3, r4, r5, lr}
   b6800:	4603      	mov	r3, r0
   b6802:	460c      	mov	r4, r1
   b6804:	b969      	cbnz	r1, b6822 <strrchr+0x24>
   b6806:	e8bd 4038 	ldmia.w	sp!, {r3, r4, r5, lr}
   b680a:	f7ff bfc5 	b.w	b6798 <strchr>
   b680e:	1c43      	adds	r3, r0, #1
   b6810:	4605      	mov	r5, r0
   b6812:	4621      	mov	r1, r4
   b6814:	4618      	mov	r0, r3
   b6816:	f7ff ffbf 	bl	b6798 <strchr>
   b681a:	2800      	cmp	r0, #0
   b681c:	d1f7      	bne.n	b680e <strrchr+0x10>
   b681e:	4628      	mov	r0, r5
   b6820:	bd38      	pop	{r3, r4, r5, pc}
   b6822:	2500      	movs	r5, #0
   b6824:	e7f5      	b.n	b6812 <strrchr+0x14>
	...

000b6828 <_strtol_l.constprop.0>:
   b6828:	2b01      	cmp	r3, #1
   b682a:	e92d 47f0 	stmdb	sp!, {r4, r5, r6, r7, r8, r9, sl, lr}
   b682e:	d001      	beq.n	b6834 <_strtol_l.constprop.0+0xc>
   b6830:	2b24      	cmp	r3, #36	; 0x24
   b6832:	d906      	bls.n	b6842 <_strtol_l.constprop.0+0x1a>
   b6834:	f7fd ffd6 	bl	b47e4 <__errno>
   b6838:	2316      	movs	r3, #22
   b683a:	6003      	str	r3, [r0, #0]
   b683c:	2000      	movs	r0, #0
   b683e:	e8bd 87f0 	ldmia.w	sp!, {r4, r5, r6, r7, r8, r9, sl, pc}
   b6842:	f8df c0e4 	ldr.w	ip, [pc, #228]	; b6928 <_strtol_l.constprop.0+0x100>
   b6846:	460d      	mov	r5, r1
   b6848:	462e      	mov	r6, r5
   b684a:	f815 4b01 	ldrb.w	r4, [r5], #1
   b684e:	f814 700c 	ldrb.w	r7, [r4, ip]
   b6852:	f017 0708 	ands.w	r7, r7, #8
   b6856:	d1f7      	bne.n	b6848 <_strtol_l.constprop.0+0x20>
   b6858:	2c2d      	cmp	r4, #45	; 0x2d
   b685a:	d132      	bne.n	b68c2 <_strtol_l.constprop.0+0x9a>
   b685c:	782c      	ldrb	r4, [r5, #0]
   b685e:	2701      	movs	r7, #1
   b6860:	1cb5      	adds	r5, r6, #2
   b6862:	2b00      	cmp	r3, #0
   b6864:	d05b      	beq.n	b691e <_strtol_l.constprop.0+0xf6>
   b6866:	2b10      	cmp	r3, #16
   b6868:	d109      	bne.n	b687e <_strtol_l.constprop.0+0x56>
   b686a:	2c30      	cmp	r4, #48	; 0x30
   b686c:	d107      	bne.n	b687e <_strtol_l.constprop.0+0x56>
   b686e:	782c      	ldrb	r4, [r5, #0]
   b6870:	f004 04df 	and.w	r4, r4, #223	; 0xdf
   b6874:	2c58      	cmp	r4, #88	; 0x58
   b6876:	d14d      	bne.n	b6914 <_strtol_l.constprop.0+0xec>
   b6878:	786c      	ldrb	r4, [r5, #1]
   b687a:	2310      	movs	r3, #16
   b687c:	3502      	adds	r5, #2
   b687e:	f107 4800 	add.w	r8, r7, #2147483648	; 0x80000000
   b6882:	f108 38ff 	add.w	r8, r8, #4294967295
   b6886:	f04f 0c00 	mov.w	ip, #0
   b688a:	fbb8 f9f3 	udiv	r9, r8, r3
   b688e:	4666      	mov	r6, ip
   b6890:	fb03 8a19 	mls	sl, r3, r9, r8
   b6894:	f1a4 0e30 	sub.w	lr, r4, #48	; 0x30
   b6898:	f1be 0f09 	cmp.w	lr, #9
   b689c:	d816      	bhi.n	b68cc <_strtol_l.constprop.0+0xa4>
   b689e:	4674      	mov	r4, lr
   b68a0:	42a3      	cmp	r3, r4
   b68a2:	dd24      	ble.n	b68ee <_strtol_l.constprop.0+0xc6>
   b68a4:	f1bc 0f00 	cmp.w	ip, #0
   b68a8:	db1e      	blt.n	b68e8 <_strtol_l.constprop.0+0xc0>
   b68aa:	45b1      	cmp	r9, r6
   b68ac:	d31c      	bcc.n	b68e8 <_strtol_l.constprop.0+0xc0>
   b68ae:	d101      	bne.n	b68b4 <_strtol_l.constprop.0+0x8c>
   b68b0:	45a2      	cmp	sl, r4
   b68b2:	db19      	blt.n	b68e8 <_strtol_l.constprop.0+0xc0>
   b68b4:	fb06 4603 	mla	r6, r6, r3, r4
   b68b8:	f04f 0c01 	mov.w	ip, #1
   b68bc:	f815 4b01 	ldrb.w	r4, [r5], #1
   b68c0:	e7e8      	b.n	b6894 <_strtol_l.constprop.0+0x6c>
   b68c2:	2c2b      	cmp	r4, #43	; 0x2b
   b68c4:	bf04      	itt	eq
   b68c6:	782c      	ldrbeq	r4, [r5, #0]
   b68c8:	1cb5      	addeq	r5, r6, #2
   b68ca:	e7ca      	b.n	b6862 <_strtol_l.constprop.0+0x3a>
   b68cc:	f1a4 0e41 	sub.w	lr, r4, #65	; 0x41
   b68d0:	f1be 0f19 	cmp.w	lr, #25
   b68d4:	d801      	bhi.n	b68da <_strtol_l.constprop.0+0xb2>
   b68d6:	3c37      	subs	r4, #55	; 0x37
   b68d8:	e7e2      	b.n	b68a0 <_strtol_l.constprop.0+0x78>
   b68da:	f1a4 0e61 	sub.w	lr, r4, #97	; 0x61
   b68de:	f1be 0f19 	cmp.w	lr, #25
   b68e2:	d804      	bhi.n	b68ee <_strtol_l.constprop.0+0xc6>
   b68e4:	3c57      	subs	r4, #87	; 0x57
   b68e6:	e7db      	b.n	b68a0 <_strtol_l.constprop.0+0x78>
   b68e8:	f04f 3cff 	mov.w	ip, #4294967295
   b68ec:	e7e6      	b.n	b68bc <_strtol_l.constprop.0+0x94>
   b68ee:	f1bc 0f00 	cmp.w	ip, #0
   b68f2:	da05      	bge.n	b6900 <_strtol_l.constprop.0+0xd8>
   b68f4:	2322      	movs	r3, #34	; 0x22
   b68f6:	6003      	str	r3, [r0, #0]
   b68f8:	4646      	mov	r6, r8
   b68fa:	b942      	cbnz	r2, b690e <_strtol_l.constprop.0+0xe6>
   b68fc:	4630      	mov	r0, r6
   b68fe:	e79e      	b.n	b683e <_strtol_l.constprop.0+0x16>
   b6900:	b107      	cbz	r7, b6904 <_strtol_l.constprop.0+0xdc>
   b6902:	4276      	negs	r6, r6
   b6904:	2a00      	cmp	r2, #0
   b6906:	d0f9      	beq.n	b68fc <_strtol_l.constprop.0+0xd4>
   b6908:	f1bc 0f00 	cmp.w	ip, #0
   b690c:	d000      	beq.n	b6910 <_strtol_l.constprop.0+0xe8>
   b690e:	1e69      	subs	r1, r5, #1
   b6910:	6011      	str	r1, [r2, #0]
   b6912:	e7f3      	b.n	b68fc <_strtol_l.constprop.0+0xd4>
   b6914:	2430      	movs	r4, #48	; 0x30
   b6916:	2b00      	cmp	r3, #0
   b6918:	d1b1      	bne.n	b687e <_strtol_l.constprop.0+0x56>
   b691a:	2308      	movs	r3, #8
   b691c:	e7af      	b.n	b687e <_strtol_l.constprop.0+0x56>
   b691e:	2c30      	cmp	r4, #48	; 0x30
   b6920:	d0a5      	beq.n	b686e <_strtol_l.constprop.0+0x46>
   b6922:	230a      	movs	r3, #10
   b6924:	e7ab      	b.n	b687e <_strtol_l.constprop.0+0x56>
   b6926:	bf00      	nop
   b6928:	000b6d36 	.word	0x000b6d36

000b692c <strtol>:
   b692c:	4613      	mov	r3, r2
   b692e:	460a      	mov	r2, r1
   b6930:	4601      	mov	r1, r0
   b6932:	4802      	ldr	r0, [pc, #8]	; (b693c <strtol+0x10>)
   b6934:	6800      	ldr	r0, [r0, #0]
   b6936:	f7ff bf77 	b.w	b6828 <_strtol_l.constprop.0>
   b693a:	bf00      	nop
   b693c:	2003de7c 	.word	0x2003de7c

000b6940 <dynalib_user>:
   b6940:	000b4041 000b407d 000b40a5 000b40a9     A@..}@...@...@..
   b6950:	00000000 6c6c6143 206e6f20 65727570     ....Call on pure
   b6960:	72697620 6c617574 61635300 6e696e6e      virtual.Scannin
   b6970:	2e2e2e67 43324900 76656420 20656369     g....I2C device 
   b6980:	6e756f66 74612064 64646120 73736572     found at address
   b6990:	00783020 30250030 20005832 55002120      0x.0.%02X.  !.U
   b69a0:	6f6e6b6e 65206e77 726f7272 20746120     nknown error at 
   b69b0:	72646461 20737365 4e007830 3249206f     address 0x.No I2
   b69c0:	65642043 65636976 6f662073 0a646e75     C devices found.
   b69d0:	6e6f6400 00000a65                       .done...

000b69d8 <_ZTVN5spark10LogHandlerE>:
	...
   b69e8:	000b40c5 000b40f7                       .@...@..

000b69f0 <_ZTVN5spark16SerialLogHandlerE>:
	...
   b69f8:	000b40f9 000b412d 000b579d 000b5941     .@..-A...W..AY..

000b6a08 <_ZTVN5spark13EthernetClassE>:
	...
   b6a10:	000b4893 000b4889 000b487f 000b4875     .H...H...H..uH..
   b6a20:	000b4869 000b485d 000b643d 000b6445     iH..]H..=d..Ed..
   b6a30:	000b4851 000b4849 000b483f 000b4835     QH..IH..?H..5H..
   b6a40:	000b6591 000b6475 000b647d              .e..ud..}d..

000b6a4c <_ZTVN5spark16JSONStreamWriterE>:
	...
   b6a54:	000b4add 000b4adf 000b4a9d 000b5e7f     .J...J...J...^..
   b6a64:	64756162 72655300 006c6169 69726553     baud.Serial.Seri
   b6a74:	00316c61 4e4f534a 65727453 6f4c6d61     al1.JSONStreamLo
   b6a84:	6e614867 72656c64 70706100 31302500     gHandler.app.%01
   b6a94:	00207530 2500205d 202c0064 3a292800     0u .] .%d., .():
   b6aa4:	5b200020 646f6300 203d2065 00692500      . [.code = .%i.
   b6ab4:	61746564 20736c69 0d00203d 006d000a     details = ....m.
   b6ac4:	6e6c0066 006e6600 6f630074 64006564     f.ln.fn.t.code.d
   b6ad4:	69617465 0000006c                       etail...

000b6adc <_ZTVN5spark16StreamLogHandlerE>:
	...
   b6ae4:	000b5021 000b5039 000b579d 000b5941     !P..9P...W..AY..

000b6af4 <_ZTVN5spark20JSONStreamLogHandlerE>:
	...
   b6afc:	000b504d 000b5061 000b5979 000b4ba7     MP..aP..yY...K..

000b6b0c <_ZTVN5spark24DefaultLogHandlerFactoryE>:
	...
   b6b14:	000b4bb9 000b4bdf 000b5701 000b4ba9     .K...K...W...K..

000b6b24 <_ZTVN5spark26DefaultOutputStreamFactoryE>:
	...
   b6b2c:	000b4bb7 000b4bed 000b4f89 000b4c0f     .K...K...O...L..
   b6b3c:	252d5925 64252d6d 3a482554 253a4d25     %Y-%m-%dT%H:%M:%
   b6b4c:	007a2553 74637361 00656d69              S%z.asctime.

000b6b58 <_ZTV9IPAddress>:
	...
   b6b60:	000b5c61 000b5c51 000b5c53              a\..Q\..S\..

000b6b6c <_ZTV9USBSerial>:
	...
   b6b74:	000b5d47 000b5daf 000b5d85 000b4ab1     G]...]...]...J..
   b6b84:	000b5d77 000b5d49 000b5d59 000b5da9     w]..I]..Y]...]..
   b6b94:	000b4b7d 000b5d69 000b5d41 75007525     }K..i]..A]..%u.u
   b6ba4:	78343025 00000000                       %04x....

000b6bac <_ZTV11USARTSerial>:
	...
   b6bb4:	000b6201 000b626d 000b6245 000b4ab1     .b..mb..Eb...J..
   b6bc4:	000b6215 000b6231 000b6223 000b623f     .b..1b..#b..?b..
   b6bd4:	000b4b7d 000b6203 000b6207              }K...b...b..

000b6be0 <_ZTV7TwoWire>:
	...
   b6be8:	000b62b9 000b6303 000b62db 000b62bb     .b...c...b...b..
   b6bf8:	000b62e3 000b62eb 000b62f3 000b62fb     .b...b...b...b..
   b6c08:	000b4b7d                                }K..

000b6c0c <_ZTVN5spark9WiFiClassE>:
	...
   b6c14:	000b63df 000b63d5 000b63cb 000b6381     .c...c...c...c..
   b6c24:	000b63bf 000b63b3 000b643d 000b6445     .c...c..=d..Ed..
   b6c34:	000b63a7 000b639f 000b6395 000b638b     .c...c...c...c..
   b6c44:	000b6591 000b6475 000b647d              .e..ud..}d..

000b6c50 <CSWTCH.165>:
   b6c50:	2003df10 2003dfb8 2003dfc0              ... ... ... 

000b6c5c <_ZTVN5spark12NetworkClassE>:
	...
   b6c64:	000b63fd 000b6407 000b6411 000b641b     .c...d...d...d..
   b6c74:	000b6425 000b6431 000b643d 000b6445     %d..1d..=d..Ed..
   b6c84:	000b644d 000b6459 000b6461 000b646b     Md..Yd..ad..kd..
   b6c94:	000b6591 000b6475 000b647d              .e..ud..}d..

000b6ca0 <_ZSt7nothrow>:
   b6ca0:	45455200 6d20544e 6f6c6c61 75732063     .REENT malloc su
   b6cb0:	65656363 00646564 746e6d2f 726f772f     cceeded./mnt/wor
   b6cc0:	6170736b 772f6563 736b726f 65636170     kspace/workspace
   b6cd0:	4343472f 2d30312d 65706970 656e696c     /GCC-10-pipeline
   b6ce0:	6e656a2f 736e696b 4343472d 2d30312d     /jenkins-GCC-10-
   b6cf0:	65706970 656e696c 5f38342d 30323032     pipeline-48_2020
   b6d00:	34323131 3036315f 30383136 2f313436     1124_1606180641/
   b6d10:	2f637273 6c77656e 6e2f6269 696c7765     src/newlib/newli
   b6d20:	696c2f62 732f6362 696c6474 61722f62     b/libc/stdlib/ra
   b6d30:	632e646e                                 nd.c.

000b6d35 <_ctype_>:
   b6d35:	20202000 20202020 28282020 20282828     .         ((((( 
   b6d45:	20202020 20202020 20202020 20202020                     
   b6d55:	10108820 10101010 10101010 10101010      ...............
   b6d65:	04040410 04040404 10040404 10101010     ................
   b6d75:	41411010 41414141 01010101 01010101     ..AAAAAA........
   b6d85:	01010101 01010101 01010101 10101010     ................
   b6d95:	42421010 42424242 02020202 02020202     ..BBBBBB........
   b6da5:	02020202 02020202 02020202 10101010     ................
   b6db5:	00000020 00000000 00000000 00000000      ...............
	...

000b6e36 <link_const_data_end>:
	...

000b6e38 <link_constructors_location>:
   b6e38:	000b432d 	.word	0x000b432d
   b6e3c:	000b489d 	.word	0x000b489d
   b6e40:	000b48f1 	.word	0x000b48f1
   b6e44:	000b4901 	.word	0x000b4901
   b6e48:	000b4a8d 	.word	0x000b4a8d
   b6e4c:	000b578d 	.word	0x000b578d
   b6e50:	000b5aed 	.word	0x000b5aed
   b6e54:	000b5b09 	.word	0x000b5b09
   b6e58:	000b6365 	.word	0x000b6365
   b6e5c:	000b63e9 	.word	0x000b63e9
   b6e60:	000b65a5 	.word	0x000b65a5
